{"type":"FeatureCollection","features":[{"type":"Feature","geometry":{"type":"Point","coordinates":[126.96798,37.581]},"properties":{"name":"세종마을경로당","addr":"서울특별시 종로구 옥인1길 12-2","sgg":"11110","cap":33,"type":"003","src":"safekorea","asof":"2026-05-11"}},{"type":"Feature","geometry":{"type":"Point","coordinates":[126.97065,37.57139]},"properties":{"name":"사직동주민센터","addr":"서울특별시 종로구 경희궁1길 15 (신문로2가)","sgg":"11110","cap":25,"type":"001","src":"safekorea","asof":"2026-05-22"}},{"type":"Feature","geometry":{"type":"Point","coordinates":[126.98212,37.5824]},"properties":{"name":"복정경로당","addr":"서울특별시 종로구 삼청로4길 22 (삼청동)","sgg":"11110","cap":30,"type":"003","src":"safekorea","asof":"2026-08-03"}},{"type":"Feature","geometry":{"type":"Point","coordinates":[127.00504,37.57203]},"properties":{"name":"종로56가동주민센터","addr":"서울특별시 종로구 종로35가길 19","sgg":"11110","cap":50,"type":"001","src":"safekorea","asof":"2026-05-22"}},{"type":"Feature","geometry":{"type":"Point","coordinates":[127.01469,37.57898]},"properties":{"name":"온고회경로당","addr":"서울특별시 종로구 지봉로13길 14","sgg":"11110","cap":45,"type":"003","src":"safekorea","asof":"2026-05-21"}},{"type":"Feature","geometry":{"type":"Point","coordinates":[127.01514,37.57782]},"properties":{"name":"창신3동주민센터","addr":"서울특별시 종로구 지봉로 87 (창신이수아파트 101동)","sgg":"11110","cap":50,"type":"001","src":"safekorea","asof":"2026-06-22"}},{"type":"Feature","geometry":{"type":"Point","coordinates":[127.01558,37.57785]},"properties":{"name":"숭인상록경로당","addr":"서울특별시 종로구 지봉로 86 (숭인동)","sgg":"11110","cap":32,"type":"003","src":"safekorea","asof":"2026-08-03"}},{"type":"Feature","geometry":{"type":"Point","coordinates":[127.01564,37.57784]},"properties":{"name":"숭인1동주민센터","addr":"서울특별시 종로구 지봉로 86 (숭인동)","sgg":"11110","cap":15,"type":"001","src":"safekorea","asof":"2026-05-22"}},{"type":"Feature","geometry":{"type":"Point","coordinates":[127.01999,37.57487]},"properties":{"name":"숭인2동주민센터","addr":"서울특별시 종로구 종로65길 10 (숭인동)","sgg":"11110","cap":10,"type":"001","src":"safekorea","asof":"2026-05-22"}},{"type":"Feature","geometry":{"type":"Point","coordinates":[127.01088,37.57443]},"properties":{"name":"창신2동주민센터","addr":"서울특별시 종로구 창신길 62 (창신동)","sgg":"11110","cap":20,"type":"001","src":"safekorea","asof":"2026-05-22"}},{"type":"Feature","geometry":{"type":"Point","coordinates":[126.99554,37.58869]},"properties":{"name":"어린이청소년국학도서관","addr":"서울특별시 종로구 명륜길 26 (명륜동와룡공영주차장 및 문화센터)","sgg":"11110","cap":50,"type":"001","src":"safekorea","asof":"2026-08-17"}},{"type":"Feature","geometry":{"type":"Point","coordinates":[127.01715,37.5727]},"properties":{"name":"아름꿈도서관","addr":"서울특별시 종로구 종로58가길 19 (동묘파출소, 아름꿈도서관)","sgg":"11110","cap":30,"type":"001","src":"safekorea","asof":"2026-07-22"}},{"type":"Feature","geometry":{"type":"Point","coordinates":[126.95823,37.576]},"properties":{"name":"무악동주민센터","addr":"서울특별시 종로구 통일로14길 36 (무악동)","sgg":"11110","cap":20,"type":"001","src":"safekorea","asof":"2026-05-22"}},{"type":"Feature","geometry":{"type":"Point","coordinates":[127.01437,37.5736]},"properties":{"name":"종로구민회관이동노동자쉼터","addr":"서울특별시 종로구 지봉로5길 7-5 (종로구구민회관,보건소통합청)","sgg":"11110","cap":100,"type":"001","src":"safekorea","asof":"2026-06-22"}},{"type":"Feature","geometry":{"type":"Point","coordinates":[126.984,37.58846]},"properties":{"name":"삼청공원숲속도서관","addr":"서울특별시 종로구 북촌로 134-3 (삼청공원)","sgg":"11110","cap":20,"type":"001","src":"safekorea","asof":"2026-07-22"}},{"type":"Feature","geometry":{"type":"Point","coordinates":[126.97058,37.58045]},"properties":{"name":"통인어린이작은도서관","addr":"서울특별시 종로구 자하문로13길 20 (통인어린이작은도서관)","sgg":"11110","cap":20,"type":"001","src":"safekorea","asof":"2026-05-14"}},{"type":"Feature","geometry":{"type":"Point","coordinates":[126.99115,37.57216]},"properties":{"name":"돈의동쪽방상담소남성쉼터","addr":"서울특별시 종로구 돈화문로9가길 20-2 (새뜰집)","sgg":"11110","cap":20,"type":"003","src":"safekorea","asof":"2026-01-24"}},{"type":"Feature","geometry":{"type":"Point","coordinates":[127.0222,37.57825]},"properties":{"name":"흥인경로당","addr":"서울특별시 종로구 숭인동길 78-8 (숭인동)","sgg":"11110","cap":15,"type":"003","src":"safekorea","asof":"2026-08-06"}},{"type":"Feature","geometry":{"type":"Point","coordinates":[126.97955,37.57476]},"properties":{"name":"종로구청사","addr":"서울특별시 종로구 종로1길 50 (더케이트윈타워)","sgg":"11110","cap":10,"type":"001","src":"safekorea","asof":"2026-06-02"}},{"type":"Feature","geometry":{"type":"Point","coordinates":[126.9848,37.58006]},"properties":{"name":"가회동주민센터","addr":"서울특별시 종로구 북촌로 35 (가회동)","sgg":"11110","cap":20,"type":"001","src":"safekorea","asof":"2026-05-22"}},{"type":"Feature","geometry":{"type":"Point","coordinates":[126.98984,37.57564]},"properties":{"name":"운니경로당","addr":"서울특별시 종로구 삼일대로32길 51 (운니동)","sgg":"11110","cap":20,"type":"003","src":"safekorea","asof":"2026-07-27"}},{"type":"Feature","geometry":{"type":"Point","coordinates":[126.98587,37.57891]},"properties":{"name":"북촌경로당","addr":"서울특별시 종로구 북촌로 20-27","sgg":"11110","cap":30,"type":"003","src":"safekorea","asof":"2026-05-11"}},{"type":"Feature","geometry":{"type":"Point","coordinates":[126.96301,37.57539]},"properties":{"name":"행촌경로당","addr":"서울특별시 종로구 인왕산로1길 58 (행촌동)","sgg":"11110","cap":30,"type":"003","src":"safekorea","asof":"2026-08-06"}},{"type":"Feature","geometry":{"type":"Point","coordinates":[126.96196,37.57192]},"properties":{"name":"교남동주민센터","addr":"서울특별시 종로구 송월길 154 (행촌동)","sgg":"11110","cap":30,"type":"001","src":"safekorea","asof":"2026-05-22"}},{"type":"Feature","geometry":{"type":"Point","coordinates":[126.97066,37.5841]},"properties":{"name":"청운효자동주민센터","addr":"서울특별시 종로구 자하문로 92 (궁정동)","sgg":"11110","cap":20,"type":"001","src":"safekorea","asof":"2026-05-22"}},{"type":"Feature","geometry":{"type":"Point","coordinates":[126.96559,37.57645]},"properties":{"name":"사직경로당","addr":"서울특별시 종로구 사직로9길 15-25 (사직동)","sgg":"11110","cap":50,"type":"003","src":"safekorea","asof":"2026-05-11"}},{"type":"Feature","geometry":{"type":"Point","coordinates":[126.95811,37.57565]},"properties":{"name":"무악제2경로당","addr":"서울특별시 종로구 통일로14길 24-4","sgg":"11110","cap":50,"type":"003","src":"safekorea","asof":"2026-05-11"}},{"type":"Feature","geometry":{"type":"Point","coordinates":[126.96692,37.60532]},"properties":{"name":"평창경로당","addr":"서울특별시 종로구 평창문화로 48 (평창동)","sgg":"11110","cap":15,"type":"003","src":"safekorea","asof":"2026-05-11"}},{"type":"Feature","geometry":{"type":"Point","coordinates":[126.98142,37.57023]},"properties":{"name":"휴서울이동노동자종각역쉼터","addr":"서울특별시 종로구 종로 지하 55 (종각지하철역사)","sgg":"11110","cap":20,"type":"003","src":"safekorea","asof":"2026-04-30"}},{"type":"Feature","geometry":{"type":"Point","coordinates":[127.01633,37.57077]},"properties":{"name":"창신1동주민센터","addr":"서울특별시 종로구 지봉로 8-6 (창신제1동주민센터)","sgg":"11110","cap":100,"type":"001","src":"safekorea","asof":"2026-06-08"}},{"type":"Feature","geometry":{"type":"Point","coordinates":[126.96467,37.57428]},"properties":{"name":"종로문화체육센터이동노동자쉼터","addr":"서울특별시 종로구 인왕산로1길 21 (종로문화체육센터)","sgg":"11110","cap":100,"type":"001","src":"safekorea","asof":"2026-06-22"}},{"type":"Feature","geometry":{"type":"Point","coordinates":[126.99023,37.57448]},"properties":{"name":"우리소리도서관","addr":"서울특별시 종로구 삼일대로30길 47 (종로1.2.3.4가동주민센터)","sgg":"11110","cap":40,"type":"001","src":"safekorea","asof":"2026-07-22"}},{"type":"Feature","geometry":{"type":"Point","coordinates":[127.0143,37.57112]},"properties":{"name":"창신동쪽방상담소","addr":"서울특별시 종로구 종로54길 29-3","sgg":"11110","cap":30,"type":"003","src":"safekorea","asof":"2026-01-24"}},{"type":"Feature","geometry":{"type":"Point","coordinates":[127.00435,37.57698]},"properties":{"name":"이화마을작은도서관","addr":"서울특별시 종로구 이화장길 33 (이화동주민센터)","sgg":"11110","cap":30,"type":"001","src":"safekorea","asof":"2026-05-14"}},{"type":"Feature","geometry":{"type":"Point","coordinates":[126.99026,37.57443]},"properties":{"name":"종로1234가동주민센터","addr":"서울특별시 종로구 삼일대로30길 47","sgg":"11110","cap":20,"type":"001","src":"safekorea","asof":"2026-05-22"}},{"type":"Feature","geometry":{"type":"Point","coordinates":[127.00504,37.57204]},"properties":{"name":"종로56가경로당","addr":"서울특별시 종로구 종로35가길 19","sgg":"11110","cap":12,"type":"003","src":"safekorea","asof":"2026-05-11"}},{"type":"Feature","geometry":{"type":"Point","coordinates":[127.00893,37.57869]},"properties":{"name":"창인경로당","addr":"서울특별시 종로구 낙산성곽동길 70-3 (창신동)","sgg":"11110","cap":40,"type":"003","src":"safekorea","asof":"2026-05-11"}},{"type":"Feature","geometry":{"type":"Point","coordinates":[126.98176,37.58499]},"properties":{"name":"삼청동주민센터","addr":"서울특별시 종로구 삼청로 107 (삼청동)","sgg":"11110","cap":30,"type":"001","src":"safekorea","asof":"2026-05-22"}},{"type":"Feature","geometry":{"type":"Point","coordinates":[126.96364,37.60129]},"properties":{"name":"신영경로당","addr":"서울특별시 종로구 세검정로6길 76-19 (신영동)","sgg":"11110","cap":10,"type":"003","src":"safekorea","asof":"2026-05-11"}},{"type":"Feature","geometry":{"type":"Point","coordinates":[126.96408,37.59244]},"properties":{"name":"부암동주민센터","addr":"서울특별시 종로구 창의문로 145 (부암동)","sgg":"11110","cap":20,"type":"001","src":"safekorea","asof":"2026-05-22"}},{"type":"Feature","geometry":{"type":"Point","coordinates":[126.96838,37.60639]},"properties":{"name":"평창동주민센터","addr":"서울특별시 종로구 평창문화로 65 (평창동)","sgg":"11110","cap":30,"type":"001","src":"safekorea","asof":"2026-05-22"}},{"type":"Feature","geometry":{"type":"Point","coordinates":[126.99878,37.59033]},"properties":{"name":"올림픽기념국민생활관이동노동자쉼터","addr":"서울특별시 종로구 성균관로 91 (국민생활관)","sgg":"11110","cap":30,"type":"001","src":"safekorea","asof":"2026-06-22"}},{"type":"Feature","geometry":{"type":"Point","coordinates":[127.02184,37.57692]},"properties":{"name":"도담도담한옥도서관","addr":"서울특별시 종로구 숭인동길 43 (도담도담한옥도서관)","sgg":"11110","cap":10,"type":"001","src":"safekorea","asof":"2026-05-14"}},{"type":"Feature","geometry":{"type":"Point","coordinates":[126.99693,37.58447]},"properties":{"name":"유림경로당","addr":"서울특별시 종로구 성균관로5길 25-13 (명륜3가)","sgg":"11110","cap":20,"type":"003","src":"safekorea","asof":"2026-08-03"}},{"type":"Feature","geometry":{"type":"Point","coordinates":[127.00061,37.58691]},"properties":{"name":"혜화동주민센터","addr":"서울특별시 종로구 혜화로 12 (혜화동)","sgg":"11110","cap":10,"type":"001","src":"safekorea","asof":"2026-05-22"}},{"type":"Feature","geometry":{"type":"Point","coordinates":[127.01323,37.57368]},"properties":{"name":"당고개경로당","addr":"서울특별시 종로구 종로53길 29 (창신동)","sgg":"11110","cap":50,"type":"003","src":"safekorea","asof":"2026-08-06"}},{"type":"Feature","geometry":{"type":"Point","coordinates":[127.00675,37.57774]},"properties":{"name":"이화경로당","addr":"서울특별시 종로구 이화장1나길 15 (이화동)","sgg":"11110","cap":107,"type":"003","src":"safekorea","asof":"2026-05-20"}},{"type":"Feature","geometry":{"type":"Point","coordinates":[127.00436,37.57699]},"properties":{"name":"이화동주민센터","addr":"서울특별시 종로구 이화장길 33","sgg":"11110","cap":10,"type":"001","src":"safekorea","asof":"2026-05-22"}},{"type":"Feature","geometry":{"type":"Point","coordinates":[126.97423,37.56166]},"properties":{"name":"소공동주민센터","addr":"서울특별시 중구 서소문로12길 36","sgg":"11140","cap":41,"type":"001","src":"safekorea","asof":"2026-06-02"}},{"type":"Feature","geometry":{"type":"Point","coordinates":[127.00499,37.56445]},"properties":{"name":"광희동주민센터","addr":"서울특별시 중구 퇴계로 303-9","sgg":"11140","cap":30,"type":"001","src":"safekorea","asof":"2026-06-02"}},{"type":"Feature","geometry":{"type":"Point","coordinates":[126.99097,37.56668]},"properties":{"name":"을지로동주민센터","addr":"서울특별시 중구 을지로 117","sgg":"11140","cap":10,"type":"001","src":"safekorea","asof":"2026-06-02"}},{"type":"Feature","geometry":{"type":"Point","coordinates":[126.97941,37.5573]},"properties":{"name":"회현동주민센터","addr":"서울특별시 중구 퇴계로8길 46 (회현동1가)","sgg":"11140","cap":200,"type":"001","src":"safekorea","asof":"2026-06-02"}},{"type":"Feature","geometry":{"type":"Point","coordinates":[126.96456,37.55592]},"properties":{"name":"손기정문화도서관","addr":"서울특별시 중구 손기정로 101 (만리동2가)","sgg":"11140","cap":111,"type":"001","src":"safekorea","asof":"2025-11-03"}},{"type":"Feature","geometry":{"type":"Point","coordinates":[126.96476,37.55516]},"properties":{"name":"손기정어린이도서관","addr":"서울특별시 중구 손기정로 101 (만리동2가)","sgg":"11140","cap":111,"type":"001","src":"safekorea","asof":"2025-11-03"}},{"type":"Feature","geometry":{"type":"Point","coordinates":[127.01337,37.5522]},"properties":{"name":"중구시설관리공단","addr":"서울특별시 중구 동호로8다길 22 (신당동)","sgg":"11140","cap":10,"type":"001","src":"safekorea","asof":"2026-06-22"}},{"type":"Feature","geometry":{"type":"Point","coordinates":[127.00955,37.55445]},"properties":{"name":"신당종합사회복지관","addr":"서울특별시 중구 동호로11길 22","sgg":"11140","cap":50,"type":"001","src":"safekorea","asof":"2026-04-30"}},{"type":"Feature","geometry":{"type":"Point","coordinates":[126.96607,37.55946]},"properties":{"name":"중림종합사회복지관","addr":"서울특별시 중구 서소문로6길 16","sgg":"11140","cap":30,"type":"001","src":"safekorea","asof":"2026-04-30"}},{"type":"Feature","geometry":{"type":"Point","coordinates":[127.01458,37.5621]},"properties":{"name":"신당누리도서관","addr":"서울특별시 중구 다산로33길 3 (신당동)","sgg":"11140","cap":117,"type":"001","src":"safekorea","asof":"2025-11-03"}},{"type":"Feature","geometry":{"type":"Point","coordinates":[127.00921,37.55248]},"properties":{"name":"약수노인종합복지관","addr":"서울특별시 중구 다산로6길 11 (신당동)","sgg":"11140","cap":20,"type":"003","src":"safekorea","asof":"2026-05-21"}},{"type":"Feature","geometry":{"type":"Point","coordinates":[127.01967,37.5614]},"properties":{"name":"중구교육지원센터","addr":"서울특별시 중구 다산로38길 85","sgg":"11140","cap":null,"type":"001","src":"safekorea","asof":"2025-12-24"}},{"type":"Feature","geometry":{"type":"Point","coordinates":[127.00144,37.55992]},"properties":{"name":"장충문화체육센터","addr":"서울특별시 중구 퇴계로50길 59 (장충공영주차장)","sgg":"11140","cap":null,"type":"001","src":"safekorea","asof":"2025-11-03"}},{"type":"Feature","geometry":{"type":"Point","coordinates":[126.96439,37.55475]},"properties":{"name":"중림동주민센터","addr":"서울특별시 중구 만리재로 175 (서울역센트럴자이)","sgg":"11140","cap":30,"type":"001","src":"safekorea","asof":"2026-06-02"}},{"type":"Feature","geometry":{"type":"Point","coordinates":[126.9853,37.5583]},"properties":{"name":"명동주민센터","addr":"서울특별시 중구 퇴계로20나길 16 (명동주민센터 임시청사)","sgg":"11140","cap":20,"type":"001","src":"safekorea","asof":"2026-06-02"}},{"type":"Feature","geometry":{"type":"Point","coordinates":[127.00404,37.56082]},"properties":{"name":"장충단교회","addr":"서울특별시 중구 동호로30길 20","sgg":"11140","cap":null,"type":"004","src":"safekorea","asof":"2026-05-18"}},{"type":"Feature","geometry":{"type":"Point","coordinates":[127.01258,37.55184]},"properties":{"name":"중구청소년센터","addr":"서울특별시 중구 동호로5길 19 (중구청소년센터)","sgg":"11140","cap":null,"type":"001","src":"safekorea","asof":"2025-12-30"}},{"type":"Feature","geometry":{"type":"Point","coordinates":[126.99558,37.56015]},"properties":{"name":"필동주민센터","addr":"서울특별시 중구 퇴계로36길 42","sgg":"11140","cap":30,"type":"001","src":"safekorea","asof":"2026-06-02"}},{"type":"Feature","geometry":{"type":"Point","coordinates":[127.00787,37.56191]},"properties":{"name":"장충동주민센터","addr":"서울특별시 중구 장충단로8길 22","sgg":"11140","cap":18,"type":"001","src":"safekorea","asof":"2026-06-02"}},{"type":"Feature","geometry":{"type":"Point","coordinates":[126.97874,37.56263]},"properties":{"name":"휴서울이동노동자북창쉼터","addr":"서울특별시 중구 세종대로14길 38 (국제화제)","sgg":"11140","cap":70,"type":"003","src":"safekorea","asof":"2026-06-29"}},{"type":"Feature","geometry":{"type":"Point","coordinates":[126.98163,37.55615]},"properties":{"name":"회현체육센터","addr":"서울특별시 중구 퇴계로12길 78 (회현동1가)","sgg":"11140","cap":10,"type":"001","src":"safekorea","asof":"2026-06-22"}},{"type":"Feature","geometry":{"type":"Point","coordinates":[126.99807,37.56378]},"properties":{"name":"중구청","addr":"서울특별시 중구 창경궁로 17 (예관동)","sgg":"11140","cap":15,"type":"001","src":"safekorea","asof":"2026-06-02"}},{"type":"Feature","geometry":{"type":"Point","coordinates":[127.01479,37.56584]},"properties":{"name":"충무아트센터","addr":"서울특별시 중구 퇴계로 387 (흥인동)","sgg":"11140","cap":27,"type":"001","src":"safekorea","asof":"2025-12-30"}},{"type":"Feature","geometry":{"type":"Point","coordinates":[126.99056,37.56748]},"properties":{"name":"시립서울청소년센터","addr":"서울특별시 중구 을지로11길 23 (청소년회관)","sgg":"11140","cap":null,"type":"001","src":"safekorea","asof":"2026-05-20"}},{"type":"Feature","geometry":{"type":"Point","coordinates":[127.01897,37.56171]},"properties":{"name":"어울림도서관","addr":"서울특별시 중구 다산로38길 66-35 (신당동)","sgg":"11140","cap":74,"type":"001","src":"safekorea","asof":"2026-08-02"}},{"type":"Feature","geometry":{"type":"Point","coordinates":[126.97748,37.56047]},"properties":{"name":"우리은행남대문시장지점","addr":"서울특별시 중구 남대문시장길 25-8","sgg":"11140","cap":30,"type":"004","src":"safekorea","asof":"2026-02-04"}},{"type":"Feature","geometry":{"type":"Point","coordinates":[126.98332,37.56772]},"properties":{"name":"우리은행종로금융센터","addr":"서울특별시 중구 남대문로 118 (우리은행)","sgg":"11140","cap":30,"type":"004","src":"safekorea","asof":"2026-02-04"}},{"type":"Feature","geometry":{"type":"Point","coordinates":[126.99284,37.56049]},"properties":{"name":"우리은행매경미디어지점","addr":"서울특별시 중구 퇴계로 190 (매경미디어센터)","sgg":"11140","cap":30,"type":"004","src":"safekorea","asof":"2026-02-04"}},{"type":"Feature","geometry":{"type":"Point","coordinates":[126.99776,37.56374]},"properties":{"name":"우리은행중구청지점","addr":"서울특별시 중구 창경궁로 17 (중구청)","sgg":"11140","cap":30,"type":"004","src":"safekorea","asof":"2026-02-04"}},{"type":"Feature","geometry":{"type":"Point","coordinates":[127.00327,37.56388]},"properties":{"name":"우리은행CJ금융센터","addr":"서울특별시 중구 동호로 330 (씨제이제일제당센터)","sgg":"11140","cap":30,"type":"004","src":"safekorea","asof":"2026-02-04"}},{"type":"Feature","geometry":{"type":"Point","coordinates":[127.00202,37.56577]},"properties":{"name":"우리은행을지로5가지점","addr":"서울특별시 중구 동호로 351 (우리은행)","sgg":"11140","cap":30,"type":"004","src":"safekorea","asof":"2026-02-04"}},{"type":"Feature","geometry":{"type":"Point","coordinates":[126.97877,37.56785]},"properties":{"name":"우리은행서울시청금융센터","addr":"서울특별시 중구 무교로 21 (더익스체인지서울)","sgg":"11140","cap":30,"type":"004","src":"safekorea","asof":"2026-02-04"}},{"type":"Feature","geometry":{"type":"Point","coordinates":[126.98658,37.56738]},"properties":{"name":"우리은행한화금융센터","addr":"서울특별시 중구 청계천로 86 (한화빌딩)","sgg":"11140","cap":30,"type":"004","src":"safekorea","asof":"2026-02-04"}},{"type":"Feature","geometry":{"type":"Point","coordinates":[127.01754,37.56578]},"properties":{"name":"우리은행신당역지점","addr":"서울특별시 중구 퇴계로 413 (우리은행)","sgg":"11140","cap":30,"type":"004","src":"safekorea","asof":"2026-02-04"}},{"type":"Feature","geometry":{"type":"Point","coordinates":[127.01299,37.55947]},"properties":{"name":"우리은행청구역지점","addr":"서울특별시 중구 다산로 177 (우리은행)","sgg":"11140","cap":30,"type":"004","src":"safekorea","asof":"2026-02-04"}},{"type":"Feature","geometry":{"type":"Point","coordinates":[126.98653,37.56382]},"properties":{"name":"우리은행가톨릭회관지점","addr":"서울특별시 중구 명동길 80 (가톨릭회관)","sgg":"11140","cap":30,"type":"004","src":"safekorea","asof":"2026-02-04"}},{"type":"Feature","geometry":{"type":"Point","coordinates":[127.0194,37.55996]},"properties":{"name":"동화동주민센터","addr":"서울특별시 중구 다산로36길 100","sgg":"11140","cap":50,"type":"001","src":"safekorea","asof":"2026-06-02"}},{"type":"Feature","geometry":{"type":"Point","coordinates":[127.02137,37.56744]},"properties":{"name":"황학동주민센터","addr":"서울특별시 중구 난계로11길 52","sgg":"11140","cap":30,"type":"001","src":"safekorea","asof":"2026-06-02"}},{"type":"Feature","geometry":{"type":"Point","coordinates":[127.01479,37.56584]},"properties":{"name":"충무스포츠센터","addr":"서울특별시 중구 퇴계로 387 (흥인동)","sgg":"11140","cap":27,"type":"001","src":"safekorea","asof":"2026-06-22"}},{"type":"Feature","geometry":{"type":"Point","coordinates":[127.01455,37.56211]},"properties":{"name":"신당동주민센터","addr":"서울특별시 중구 다산로33길 3 (신당동)","sgg":"11140","cap":50,"type":"001","src":"safekorea","asof":"2026-06-02"}},{"type":"Feature","geometry":{"type":"Point","coordinates":[127.00831,37.55427]},"properties":{"name":"다산동주민센터","addr":"서울특별시 중구 동호로15길 50","sgg":"11140","cap":30,"type":"001","src":"safekorea","asof":"2026-06-02"}},{"type":"Feature","geometry":{"type":"Point","coordinates":[126.96456,37.55592]},"properties":{"name":"손기정문화체육센터","addr":"서울특별시 중구 손기정로 101 (만리동2가)","sgg":"11140","cap":73,"type":"001","src":"safekorea","asof":"2026-06-22"}},{"type":"Feature","geometry":{"type":"Point","coordinates":[126.96709,37.5602]},"properties":{"name":"우리은행한경미디어지점","addr":"서울특별시 중구 청파로 463 (한국경제신문사)","sgg":"11140","cap":30,"type":"004","src":"safekorea","asof":"2026-02-04"}},{"type":"Feature","geometry":{"type":"Point","coordinates":[126.97369,37.55711]},"properties":{"name":"우리은행서울역금융센터","addr":"서울특별시 중구 통일로 10 (연세대학교세브란스빌딩)","sgg":"11140","cap":30,"type":"004","src":"safekorea","asof":"2026-02-04"}},{"type":"Feature","geometry":{"type":"Point","coordinates":[127.00573,37.5643]},"properties":{"name":"우리은행광희동금융센터","addr":"서울특별시 중구 퇴계로 307 (광희빌딩)","sgg":"11140","cap":30,"type":"004","src":"safekorea","asof":"2026-02-04"}},{"type":"Feature","geometry":{"type":"Point","coordinates":[126.99036,37.56447]},"properties":{"name":"우리은행중부금융센터","addr":"서울특별시 중구 수표로 34 (씨티센터타워)","sgg":"11140","cap":30,"type":"004","src":"safekorea","asof":"2026-02-04"}},{"type":"Feature","geometry":{"type":"Point","coordinates":[126.98126,37.56307]},"properties":{"name":"우리은행소공동지점","addr":"서울특별시 중구 남대문로 63 (한진빌딩)","sgg":"11140","cap":30,"type":"004","src":"safekorea","asof":"2026-02-04"}},{"type":"Feature","geometry":{"type":"Point","coordinates":[126.97269,37.56302]},"properties":{"name":"우리은행서소문지점","addr":"서울특별시 중구 서소문로 103 (배재빌딩)","sgg":"11140","cap":30,"type":"004","src":"safekorea","asof":"2026-02-04"}},{"type":"Feature","geometry":{"type":"Point","coordinates":[126.98473,37.56365]},"properties":{"name":"우리은행명동금융센터","addr":"서울특별시 중구 명동길 42 (우리은행명동지점)","sgg":"11140","cap":30,"type":"004","src":"safekorea","asof":"2026-02-04"}},{"type":"Feature","geometry":{"type":"Point","coordinates":[126.9815,37.55924]},"properties":{"name":"우리은행본점영업부","addr":"서울특별시 중구 소공로 51 ((주)우리은행본점)","sgg":"11140","cap":30,"type":"004","src":"safekorea","asof":"2026-02-04"}},{"type":"Feature","geometry":{"type":"Point","coordinates":[127.00987,37.55317]},"properties":{"name":"우리은행약수역지점","addr":"서울특별시 중구 다산로 104 (현대빌딩)","sgg":"11140","cap":30,"type":"004","src":"safekorea","asof":"2026-02-04"}},{"type":"Feature","geometry":{"type":"Point","coordinates":[127.02187,37.56512]},"properties":{"name":"신당5동주민센터","addr":"서울특별시 중구 다산로44길 85","sgg":"11140","cap":30,"type":"001","src":"safekorea","asof":"2026-06-02"}},{"type":"Feature","geometry":{"type":"Point","coordinates":[127.02283,37.56513]},"properties":{"name":"유락종합사회복지관","addr":"서울특별시 중구 퇴계로 460","sgg":"11140","cap":30,"type":"001","src":"safekorea","asof":"2026-04-30"}},{"type":"Feature","geometry":{"type":"Point","coordinates":[127.0119,37.5496]},"properties":{"name":"남산타운어린이도서관","addr":"서울특별시 중구 다산로 32 (신당동, 남산타운)","sgg":"11140","cap":68,"type":"001","src":"safekorea","asof":"2025-11-03"}},{"type":"Feature","geometry":{"type":"Point","coordinates":[127.02015,37.56839]},"properties":{"name":"신당지하도상가고객쉼터","addr":"서울특별시 중구 퇴계로85길 지하56 (신당지하쇼핑센터)","sgg":"11140","cap":40,"type":"004","src":"safekorea","asof":"2025-11-05"}},{"type":"Feature","geometry":{"type":"Point","coordinates":[126.96816,37.55665]},"properties":{"name":"우리은행중림동금융센터","addr":"서울특별시 중구 만리재로 215 (우리은행)","sgg":"11140","cap":30,"type":"004","src":"safekorea","asof":"2026-02-05"}},{"type":"Feature","geometry":{"type":"Point","coordinates":[127.00432,37.55173]},"properties":{"name":"다산성곽도서관","addr":"서울특별시 중구 동호로17길 173 (신당동)","sgg":"11140","cap":243,"type":"001","src":"safekorea","asof":"2025-11-03"}},{"type":"Feature","geometry":{"type":"Point","coordinates":[127.01085,37.55637]},"properties":{"name":"가온도서관","addr":"서울특별시 중구 동호로14길 18 (신당동)","sgg":"11140","cap":241,"type":"001","src":"safekorea","asof":"2025-11-03"}},{"type":"Feature","geometry":{"type":"Point","coordinates":[127.00611,37.5686]},"properties":{"name":"중구구민회관","addr":"서울특별시 중구 을지로39길 40 (을지로6가)","sgg":"11140","cap":11,"type":"001","src":"safekorea","asof":"2026-06-22"}},{"type":"Feature","geometry":{"type":"Point","coordinates":[127.00896,37.55248]},"properties":{"name":"약수동주민센터","addr":"서울특별시 중구 다산로 92","sgg":"11140","cap":200,"type":"001","src":"safekorea","asof":"2026-06-02"}},{"type":"Feature","geometry":{"type":"Point","coordinates":[127.01468,37.5571]},"properties":{"name":"청구동주민센터","addr":"서울특별시 중구 청구로3길 55","sgg":"11140","cap":20,"type":"001","src":"safekorea","asof":"2026-06-02"}},{"type":"Feature","geometry":{"type":"Point","coordinates":[126.9653,37.53878]},"properties":{"name":"용산꿈나무종합타운","addr":"서울특별시 용산구 백범로 329 (원효로1가)","sgg":"11170","cap":10,"type":"001","src":"safekorea","asof":"2026-02-19"}},{"type":"Feature","geometry":{"type":"Point","coordinates":[126.99018,37.53256]},"properties":{"name":"우리은행(용산구청점)","addr":"서울특별시 용산구 녹사평대로 150 (용산구종합행정타운)","sgg":"11170","cap":10,"type":"004","src":"safekorea","asof":"2026-06-12"}},{"type":"Feature","geometry":{"type":"Point","coordinates":[126.9735,37.54431]},"properties":{"name":"뉴월드호텔(야간무더위쉼터)","addr":"서울특별시 용산구 한강대로84길 21-13  (남영동)","sgg":"11170","cap":10,"type":"004","src":"safekorea","asof":"2026-01-07"}},{"type":"Feature","geometry":{"type":"Point","coordinates":[126.96929,37.52812]},"properties":{"name":"한강로동주민센터","addr":"서울특별시 용산구 한강대로38길 28  (용산동5가)","sgg":"11170","cap":70,"type":"001","src":"safekorea","asof":"2026-01-23"}},{"type":"Feature","geometry":{"type":"Point","coordinates":[126.95745,37.53896]},"properties":{"name":"용문동주민센터","addr":"서울특별시 용산구 새창로12길 13  (도원동)","sgg":"11170","cap":20,"type":"001","src":"safekorea","asof":"2026-01-23"}},{"type":"Feature","geometry":{"type":"Point","coordinates":[126.96181,37.54248]},"properties":{"name":"효창동주민센터","addr":"서울특별시 용산구 효창원로 161  (효창동)","sgg":"11170","cap":36,"type":"001","src":"safekorea","asof":"2026-01-23"}},{"type":"Feature","geometry":{"type":"Point","coordinates":[127.00055,37.53461]},"properties":{"name":"한남동주민센터","addr":"서울특별시 용산구 대사관로5길 1  (한남동)","sgg":"11170","cap":50,"type":"001","src":"safekorea","asof":"2026-01-29"}},{"type":"Feature","geometry":{"type":"Point","coordinates":[126.97333,37.5213]},"properties":{"name":"이촌1동주민센터","addr":"서울특별시 용산구 이촌로71길 24  (이촌동)","sgg":"11170","cap":30,"type":"001","src":"safekorea","asof":"2026-01-23"}},{"type":"Feature","geometry":{"type":"Point","coordinates":[127.00646,37.53134]},"properties":{"name":"시립용산노인종합복지관","addr":"서울특별시 용산구 독서당로11길 16","sgg":"11170","cap":22,"type":"003","src":"safekorea","asof":"2026-01-13"}},{"type":"Feature","geometry":{"type":"Point","coordinates":[126.96769,37.55197]},"properties":{"name":"구립청파노인복지관","addr":"서울특별시 용산구 청파로83길 26","sgg":"11170","cap":50,"type":"003","src":"safekorea","asof":"2026-01-13"}},{"type":"Feature","geometry":{"type":"Point","coordinates":[126.95465,37.52628]},"properties":{"name":"이촌2동주민센터","addr":"서울특별시 용산구 이촌로18길 20  (이촌동)","sgg":"11170","cap":100,"type":"001","src":"safekorea","asof":"2026-01-23"}},{"type":"Feature","geometry":{"type":"Point","coordinates":[126.96895,37.54214]},"properties":{"name":"용산구노동자종합지원센터","addr":"서울특별시 용산구 원효로97길 30","sgg":"11170","cap":20,"type":"003","src":"safekorea","asof":"2026-01-15"}},{"type":"Feature","geometry":{"type":"Point","coordinates":[126.99502,37.53251]},"properties":{"name":"이태원1동주민센터","addr":"서울특별시 용산구 보광로 104-6  (이태원동)","sgg":"11170","cap":80,"type":"001","src":"safekorea","asof":"2026-01-23"}},{"type":"Feature","geometry":{"type":"Point","coordinates":[127.00013,37.52626]},"properties":{"name":"보광동주민센터","addr":"서울특별시 용산구 장문로 95  (보광동)","sgg":"11170","cap":30,"type":"001","src":"safekorea","asof":"2026-01-23"}},{"type":"Feature","geometry":{"type":"Point","coordinates":[126.97489,37.54576]},"properties":{"name":"남영동주민센터","addr":"서울특별시 용산구 두텁바위로 25  (갈월동)","sgg":"11170","cap":66,"type":"001","src":"safekorea","asof":"2026-01-23"}},{"type":"Feature","geometry":{"type":"Point","coordinates":[126.96988,37.54548]},"properties":{"name":"청파동주민센터","addr":"서울특별시 용산구 청파로49길 6  (청파동2가)","sgg":"11170","cap":50,"type":"001","src":"safekorea","asof":"2026-01-23"}},{"type":"Feature","geometry":{"type":"Point","coordinates":[126.95155,37.5343]},"properties":{"name":"원효로제2동주민센터","addr":"서울특별시 용산구 효창원로8길 3  (산천동)","sgg":"11170","cap":20,"type":"001","src":"safekorea","asof":"2026-01-23"}},{"type":"Feature","geometry":{"type":"Point","coordinates":[126.99012,37.54191]},"properties":{"name":"이태원2동주민센터","addr":"서울특별시 용산구 회나무로13길 58  (이태원동)","sgg":"11170","cap":50,"type":"001","src":"safekorea","asof":"2026-01-23"}},{"type":"Feature","geometry":{"type":"Point","coordinates":[126.99472,37.52041]},"properties":{"name":"서빙고동주민센터","addr":"서울특별시 용산구 서빙고로 279  (서빙고동)","sgg":"11170","cap":50,"type":"001","src":"safekorea","asof":"2026-01-23"}},{"type":"Feature","geometry":{"type":"Point","coordinates":[126.99024,37.53249]},"properties":{"name":"용산구청(응급대피소겸용)","addr":"서울특별시 용산구 녹사평대로 150  (이태원동)","sgg":"11170","cap":80,"type":"001","src":"safekorea","asof":"2026-06-17"}},{"type":"Feature","geometry":{"type":"Point","coordinates":[126.98551,37.54596]},"properties":{"name":"용산2가동주민센터","addr":"서울특별시 용산구 신흥로 90  (용산동2가)","sgg":"11170","cap":100,"type":"001","src":"safekorea","asof":"2026-01-23"}},{"type":"Feature","geometry":{"type":"Point","coordinates":[126.96763,37.53724]},"properties":{"name":"원효로제1동주민센터","addr":"서울특별시 용산구 백범로 350  (문배동)","sgg":"11170","cap":80,"type":"001","src":"safekorea","asof":"2026-01-23"}},{"type":"Feature","geometry":{"type":"Point","coordinates":[126.97814,37.54869]},"properties":{"name":"후암동주민센터","addr":"서울특별시 용산구 후암로 32-6  (후암동)","sgg":"11170","cap":80,"type":"001","src":"safekorea","asof":"2026-01-23"}},{"type":"Feature","geometry":{"type":"Point","coordinates":[127.04695,37.5454]},"properties":{"name":"성수아트홀(책마루)","addr":"서울특별시 성동구 뚝섬로1길 43","sgg":"11200","cap":40,"type":"001","src":"safekorea","asof":"2026-04-29"}},{"type":"Feature","geometry":{"type":"Point","coordinates":[127.04963,37.54198]},"properties":{"name":"성수1가1동주민센터","addr":"서울특별시 성동구 뚝섬로3길 18","sgg":"11200","cap":12,"type":"001","src":"safekorea","asof":"2026-04-29"}},{"type":"Feature","geometry":{"type":"Point","coordinates":[127.04437,37.54625]},"properties":{"name":"성수1가2동주민센터","addr":"서울특별시 성동구 왕십리로5길 3","sgg":"11200","cap":11,"type":"001","src":"safekorea","asof":"2026-04-29"}},{"type":"Feature","geometry":{"type":"Point","coordinates":[127.05406,37.53951]},"properties":{"name":"성수2가1동주민센터","addr":"서울특별시 성동구 뚝섬로 385-19","sgg":"11200","cap":11,"type":"001","src":"safekorea","asof":"2026-04-29"}},{"type":"Feature","geometry":{"type":"Point","coordinates":[127.03387,37.55789]},"properties":{"name":"무학여고(행당신동아.행당푸르지오아파트)스마트쉼터","addr":null,"sgg":"11200","cap":5,"type":"001","src":"safekorea","asof":"2026-01-14"}},{"type":"Feature","geometry":{"type":"Point","coordinates":[127.06666,37.54731]},"properties":{"name":"화양사거리(성수초등학교)스마트쉼터","addr":"서울특별시 성동구 광나루로8길 31  (성수동2가)","sgg":"11200","cap":5,"type":"001","src":"safekorea","asof":"2026-01-14"}},{"type":"Feature","geometry":{"type":"Point","coordinates":[127.04319,37.55689]},"properties":{"name":"한양대정문앞(서울숲삼부아파트)스마트쉼터","addr":null,"sgg":"11200","cap":5,"type":"001","src":"safekorea","asof":"2026-01-14"}},{"type":"Feature","geometry":{"type":"Point","coordinates":[127.04529,37.56632]},"properties":{"name":"마장동주민센터","addr":"서울특별시 성동구 마장로42길 11","sgg":"11200","cap":12,"type":"001","src":"safekorea","asof":"2026-04-29"}},{"type":"Feature","geometry":{"type":"Point","coordinates":[127.02546,37.56785]},"properties":{"name":"왕십리도선동주민센터","addr":"서울특별시 성동구 마장로 141","sgg":"11200","cap":10,"type":"001","src":"safekorea","asof":"2026-04-29"}},{"type":"Feature","geometry":{"type":"Point","coordinates":[127.03662,37.56111]},"properties":{"name":"왕십리광장.왕십리역7번출구(왕십리민자역사방면)스마트쉼터","addr":null,"sgg":"11200","cap":5,"type":"001","src":"safekorea","asof":"2026-01-14"}},{"type":"Feature","geometry":{"type":"Point","coordinates":[127.03707,37.56141]},"properties":{"name":"왕십리광장.왕십리역4번출구(무학여고)스마트쉼터","addr":null,"sgg":"11200","cap":5,"type":"001","src":"safekorea","asof":"2026-01-14"}},{"type":"Feature","geometry":{"type":"Point","coordinates":[127.03098,37.56176]},"properties":{"name":"왕십리제2동주민센터","addr":"서울특별시 성동구 무학봉15길 6 (하왕십리동)","sgg":"11200","cap":25,"type":"001","src":"safekorea","asof":"2026-04-29"}},{"type":"Feature","geometry":{"type":"Point","coordinates":[127.02893,37.55694]},"properties":{"name":"행당역(행당2동주민센터)스마트쉼터","addr":null,"sgg":"11200","cap":5,"type":"001","src":"safekorea","asof":"2026-01-14"}},{"type":"Feature","geometry":{"type":"Point","coordinates":[127.03612,37.55852]},"properties":{"name":"행당1동주민센터","addr":"서울특별시 성동구  고산자로10길  18   (행당동)","sgg":"11200","cap":7,"type":"001","src":"safekorea","asof":"2026-04-29"}},{"type":"Feature","geometry":{"type":"Point","coordinates":[127.0712,37.55529]},"properties":{"name":"송정동건영아파트(송정동서울숲아이파크)스마트쉼터","addr":"서울특별시 성동구 동일로 265  (송정동)","sgg":"11200","cap":5,"type":"001","src":"safekorea","asof":"2026-01-14"}},{"type":"Feature","geometry":{"type":"Point","coordinates":[127.04456,37.54658]},"properties":{"name":"성동구민종합체육센터(서울숲)스마트쉼터","addr":"서울특별시 성동구 왕십리로5길 10  (성수동1가)","sgg":"11200","cap":5,"type":"001","src":"safekorea","asof":"2026-01-14"}},{"type":"Feature","geometry":{"type":"Point","coordinates":[127.03284,37.56302]},"properties":{"name":"코스모타워.서울신용보증재단성동지점(상왕십리역)스마트쉼터","addr":"서울특별시 성동구 왕십리로 357-1  (하왕십리동)","sgg":"11200","cap":5,"type":"001","src":"safekorea","asof":"2026-01-14"}},{"type":"Feature","geometry":{"type":"Point","coordinates":[127.03342,37.55316]},"properties":{"name":"응봉동주민센터","addr":"서울특별시 성동구  독서당로  424   (응봉동)","sgg":"11200","cap":5,"type":"001","src":"safekorea","asof":"2026-04-29"}},{"type":"Feature","geometry":{"type":"Point","coordinates":[127.05511,37.54823]},"properties":{"name":"성수2가3동주민센터","addr":"서울특별시 성동구 광나루로2길 35","sgg":"11200","cap":12,"type":"001","src":"safekorea","asof":"2026-04-29"}},{"type":"Feature","geometry":{"type":"Point","coordinates":[127.03801,37.57098]},"properties":{"name":"마장축산물시장(동대문구청.용두역3번출구)스마트쉼터","addr":"서울특별시 성동구 고산자로 344-1  (마장동)","sgg":"11200","cap":5,"type":"001","src":"safekorea","asof":"2026-01-14"}},{"type":"Feature","geometry":{"type":"Point","coordinates":[127.04466,37.54288]},"properties":{"name":"서울숲역2번출구(성동구민종합체육센터)스마트쉼터","addr":null,"sgg":"11200","cap":5,"type":"001","src":"safekorea","asof":"2026-01-14"}},{"type":"Feature","geometry":{"type":"Point","coordinates":[127.02515,37.54562]},"properties":{"name":"금호독서당(책마루)","addr":"서울특별시 성동구 금호로 30","sgg":"11200","cap":50,"type":"001","src":"safekorea","asof":"2026-04-29"}},{"type":"Feature","geometry":{"type":"Point","coordinates":[127.02872,37.56471]},"properties":{"name":"왕십리센트라스아파트(성동고등학교)스마트쉼터","addr":null,"sgg":"11200","cap":5,"type":"001","src":"safekorea","asof":"2026-01-14"}},{"type":"Feature","geometry":{"type":"Point","coordinates":[127.03334,37.55327]},"properties":{"name":"응봉동주민센터(응봉사거리방면)스마트쉼터","addr":null,"sgg":"11200","cap":5,"type":"001","src":"safekorea","asof":"2026-01-14"}},{"type":"Feature","geometry":{"type":"Point","coordinates":[127.02235,37.54715]},"properties":{"name":"금호4가동주민센터","addr":"서울특별시 성동구  독서당로46길  26","sgg":"11200","cap":11,"type":"001","src":"safekorea","asof":"2026-04-29"}},{"type":"Feature","geometry":{"type":"Point","coordinates":[127.01352,37.54363]},"properties":{"name":"옥수동주민센터","addr":"서울특별시 성동구 독서당로 203 (옥수동)","sgg":"11200","cap":8,"type":"001","src":"safekorea","asof":"2026-04-29"}},{"type":"Feature","geometry":{"type":"Point","coordinates":[127.01981,37.55564]},"properties":{"name":"신금호역(금호고등학교.금호자이1차아파트입구)스마트쉼터","addr":"서울특별시 성동구 금호로 173  (금호동2가, 신금호파크자이)","sgg":"11200","cap":5,"type":"001","src":"safekorea","asof":"2026-01-14"}},{"type":"Feature","geometry":{"type":"Point","coordinates":[127.06868,37.55219]},"properties":{"name":"송정동현대아이파크아파트(송정동자치회관)스마트쉼터","addr":null,"sgg":"11200","cap":5,"type":"001","src":"safekorea","asof":"2026-01-14"}},{"type":"Feature","geometry":{"type":"Point","coordinates":[127.02904,37.56436]},"properties":{"name":"상왕십리역(왕십리2동주민센터)스마트쉼터","addr":null,"sgg":"11200","cap":5,"type":"001","src":"safekorea","asof":"2026-01-14"}},{"type":"Feature","geometry":{"type":"Point","coordinates":[127.03106,37.55026]},"properties":{"name":"응봉현대아파트(삼성래미안아파트앞)스마트쉼터","addr":"서울특별시 성동구 독서당로 381-1  (응봉동)","sgg":"11200","cap":5,"type":"001","src":"safekorea","asof":"2026-01-14"}},{"type":"Feature","geometry":{"type":"Point","coordinates":[127.0493,37.54647]},"properties":{"name":"뚝섬역3번5번출구(성수역)스마트쉼터","addr":null,"sgg":"11200","cap":5,"type":"001","src":"safekorea","asof":"2026-01-14"}},{"type":"Feature","geometry":{"type":"Point","coordinates":[127.03751,37.57029]},"properties":{"name":"마장축산물시장(도선사거리)스마트쉼터","addr":"서울특별시 성동구 고산자로 344-1  (마장동)","sgg":"11200","cap":5,"type":"001","src":"safekorea","asof":"2026-01-14"}},{"type":"Feature","geometry":{"type":"Point","coordinates":[127.02936,37.55824]},"properties":{"name":"행당2동주민센터","addr":"서울특별시 성동구 행당로9길 9","sgg":"11200","cap":7,"type":"001","src":"safekorea","asof":"2026-05-07"}},{"type":"Feature","geometry":{"type":"Point","coordinates":[127.02872,37.56471]},"properties":{"name":"상왕십리역(왕십리센트라스아파트)스마트쉼터","addr":null,"sgg":"11200","cap":5,"type":"001","src":"safekorea","asof":"2026-01-14"}},{"type":"Feature","geometry":{"type":"Point","coordinates":[127.03642,37.56405]},"properties":{"name":"성동구청(성동교육청앞)스마트쉼터","addr":"서울특별시 성동구 고산자로 280  (행당동)","sgg":"11200","cap":5,"type":"001","src":"safekorea","asof":"2026-01-14"}},{"type":"Feature","geometry":{"type":"Point","coordinates":[127.02876,37.55715]},"properties":{"name":"행당역(대림아파트후문)스마트쉼터","addr":null,"sgg":"11200","cap":5,"type":"001","src":"safekorea","asof":"2026-01-14"}},{"type":"Feature","geometry":{"type":"Point","coordinates":[127.01528,37.54855]},"properties":{"name":"금호역(현대아파트)스마트쉼터","addr":null,"sgg":"11200","cap":5,"type":"001","src":"safekorea","asof":"2026-01-14"}},{"type":"Feature","geometry":{"type":"Point","coordinates":[127.01463,37.54384]},"properties":{"name":"옥수삼성아파트.래미안옥수리버젠(극동그린아파트앞)스마트쉼터","addr":null,"sgg":"11200","cap":5,"type":"001","src":"safekorea","asof":"2026-01-14"}},{"type":"Feature","geometry":{"type":"Point","coordinates":[127.06418,37.54827]},"properties":{"name":"성동세무서(제인병원)스마트쉼터","addr":null,"sgg":"11200","cap":5,"type":"001","src":"safekorea","asof":"2026-01-14"}},{"type":"Feature","geometry":{"type":"Point","coordinates":[127.06955,37.55459]},"properties":{"name":"송정동주민센터","addr":"서울특별시 성동구  동일로43길  13   (송정동)","sgg":"11200","cap":9,"type":"001","src":"safekorea","asof":"2026-04-29"}},{"type":"Feature","geometry":{"type":"Point","coordinates":[127.05538,37.56418]},"properties":{"name":"용답동주민센터","addr":"서울특별시 성동구  용답중앙23길  20   (용답동)","sgg":"11200","cap":12,"type":"001","src":"safekorea","asof":"2026-07-21"}},{"type":"Feature","geometry":{"type":"Point","coordinates":[127.05375,37.56572]},"properties":{"name":"용답동.로데오거리.답십리역스마트쉼터","addr":null,"sgg":"11200","cap":5,"type":"001","src":"safekorea","asof":"2026-01-14"}},{"type":"Feature","geometry":{"type":"Point","coordinates":[127.02175,37.55477]},"properties":{"name":"금호1가동주민센터","addr":"서울특별시 성동구  행당로  15","sgg":"11200","cap":10,"type":"001","src":"safekorea","asof":"2026-05-06"}},{"type":"Feature","geometry":{"type":"Point","coordinates":[127.02092,37.55319]},"properties":{"name":"금호2-3가동주민센터","addr":"서울특별시 성동구 무수막18길 1","sgg":"11200","cap":7,"type":"001","src":"safekorea","asof":"2026-04-29"}},{"type":"Feature","geometry":{"type":"Point","coordinates":[127.03447,37.55534]},"properties":{"name":"응봉사거리(무학여고앞)스마트쉼터","addr":"서울특별시 성동구 고산자로 164  (행당동, 서울숲한신더휴)","sgg":"11200","cap":5,"type":"001","src":"safekorea","asof":"2026-01-14"}},{"type":"Feature","geometry":{"type":"Point","coordinates":[127.04531,37.5615]},"properties":{"name":"사근동주민센터","addr":"서울특별시 성동구 사근동길 37","sgg":"11200","cap":12,"type":"001","src":"safekorea","asof":"2026-04-29"}},{"type":"Feature","geometry":{"type":"Point","coordinates":[127.03673,37.56332]},"properties":{"name":"성동구청(책마루)","addr":"서울특별시 성동구 고산자로 270","sgg":"11200","cap":50,"type":"001","src":"safekorea","asof":"2026-06-01"}},{"type":"Feature","geometry":{"type":"Point","coordinates":[127.04447,37.54958]},"properties":{"name":"성동교남단(한양대정문앞)스마트쉼터","addr":"서울특별시 성동구 아차산로 2-1  (성수동1가)","sgg":"11200","cap":5,"type":"001","src":"safekorea","asof":"2026-01-14"}},{"type":"Feature","geometry":{"type":"Point","coordinates":[127.07057,37.55177]},"properties":{"name":"양마제2경로당","addr":"서울특별시 광진구 군자로13길 35 (군자동)","sgg":"11215","cap":15,"type":"003","src":"safekorea","asof":"2026-07-10"}},{"type":"Feature","geometry":{"type":"Point","coordinates":[127.07029,37.55288]},"properties":{"name":"양마경로당","addr":"서울특별시 광진구 동일로42길 2","sgg":"11215","cap":25,"type":"003","src":"safekorea","asof":"2026-07-10"}},{"type":"Feature","geometry":{"type":"Point","coordinates":[127.07914,37.56456]},"properties":{"name":"중곡1동경로당","addr":"서울특별시 광진구 긴고랑로5길 10","sgg":"11215","cap":25,"type":"003","src":"safekorea","asof":"2026-07-10"}},{"type":"Feature","geometry":{"type":"Point","coordinates":[127.07797,37.56117]},"properties":{"name":"중곡1동제2경로당","addr":"서울특별시 광진구  긴고랑로8길  51   (중곡동)","sgg":"11215","cap":30,"type":"003","src":"safekorea","asof":"2026-07-10"}},{"type":"Feature","geometry":{"type":"Point","coordinates":[127.08004,37.56057]},"properties":{"name":"중곡1동주민센터","addr":"서울특별시 광진구  긴고랑로12길  49   (중곡동)","sgg":"11215","cap":40,"type":"001","src":"safekorea","asof":"2026-05-23"}},{"type":"Feature","geometry":{"type":"Point","coordinates":[127.08374,37.55922]},"properties":{"name":"한마음경로당","addr":"서울특별시 광진구 긴고랑로22길 39-4","sgg":"11215","cap":25,"type":"003","src":"safekorea","asof":"2026-07-10"}},{"type":"Feature","geometry":{"type":"Point","coordinates":[127.08482,37.55666]},"properties":{"name":"중곡종합사회복지관","addr":"서울특별시 광진구 용마산로3길 62","sgg":"11215","cap":93,"type":"001","src":"safekorea","asof":"2026-08-05"}},{"type":"Feature","geometry":{"type":"Point","coordinates":[127.08141,37.56025]},"properties":{"name":"중곡2동주민센터","addr":"서울특별시 광진구  능동로  346   (중곡동)","sgg":"11215","cap":42,"type":"001","src":"safekorea","asof":"2026-05-23"}},{"type":"Feature","geometry":{"type":"Point","coordinates":[127.0715,37.55107]},"properties":{"name":"광진노인종합복지관","addr":"서울특별시 광진구 군자로 88","sgg":"11215","cap":485,"type":"003","src":"safekorea","asof":"2026-08-05"}},{"type":"Feature","geometry":{"type":"Point","coordinates":[127.07547,37.55559]},"properties":{"name":"군자동주민센터","addr":"서울특별시 광진구 면목로 13 (군자동)","sgg":"11215","cap":50,"type":"001","src":"safekorea","asof":"2026-05-23"}},{"type":"Feature","geometry":{"type":"Point","coordinates":[127.07289,37.53383]},"properties":{"name":"자양3동주민센터","addr":"서울특별시 광진구 뚝섬로 568 (자양동)","sgg":"11215","cap":58,"type":"001","src":"safekorea","asof":"2026-05-23"}},{"type":"Feature","geometry":{"type":"Point","coordinates":[127.08515,37.54138]},"properties":{"name":"명성경로당","addr":"서울특별시 광진구  자양로26길  20-5  (구의동)","sgg":"11215","cap":40,"type":"003","src":"safekorea","asof":"2026-08-05"}},{"type":"Feature","geometry":{"type":"Point","coordinates":[127.07132,37.54654]},"properties":{"name":"화양경로당","addr":"서울특별시 광진구  능동로17길  39   (화양동)","sgg":"11215","cap":22,"type":"003","src":"safekorea","asof":"2026-07-10"}},{"type":"Feature","geometry":{"type":"Point","coordinates":[127.07806,37.54505]},"properties":{"name":"모진경로당","addr":"서울특별시 광진구 광나루로24길 53 (화양동)","sgg":"11215","cap":15,"type":"003","src":"safekorea","asof":"2026-07-10"}},{"type":"Feature","geometry":{"type":"Point","coordinates":[127.07277,37.55442]},"properties":{"name":"군자경로당","addr":"서울특별시 광진구 동일로52길 27","sgg":"11215","cap":32,"type":"003","src":"safekorea","asof":"2026-07-10"}},{"type":"Feature","geometry":{"type":"Point","coordinates":[127.09227,37.54031]},"properties":{"name":"산의마을경로당","addr":"서울특별시 광진구  아차산로63길  21   (구의동)","sgg":"11215","cap":25,"type":"003","src":"safekorea","asof":"2026-07-10"}},{"type":"Feature","geometry":{"type":"Point","coordinates":[127.07748,37.52926]},"properties":{"name":"자양한강도서관","addr":"서울특별시 광진구 뚝섬로52길 66 (자양 문화체육센터)","sgg":"11215","cap":null,"type":"001","src":"safekorea","asof":"2026-01-29"}},{"type":"Feature","geometry":{"type":"Point","coordinates":[127.09197,37.538]},"properties":{"name":"구의제3동도서관","addr":"서울특별시 광진구 강변역로 17 (구의3동복합청사)","sgg":"11215","cap":null,"type":"001","src":"safekorea","asof":"2026-01-14"}},{"type":"Feature","geometry":{"type":"Point","coordinates":[127.08493,37.56786]},"properties":{"name":"중곡문화체육센터도서관","addr":"서울특별시 광진구 능동로 433 (중곡문화체육센터)","sgg":"11215","cap":12,"type":"001","src":"safekorea","asof":"2026-07-13"}},{"type":"Feature","geometry":{"type":"Point","coordinates":[127.08248,37.53054]},"properties":{"name":"구립자양노인복지관","addr":"서울특별시 광진구 뚝섬로56길 20 (자양동)","sgg":"11215","cap":200,"type":"003","src":"safekorea","asof":"2026-08-06"}},{"type":"Feature","geometry":{"type":"Point","coordinates":[127.08089,37.57005]},"properties":{"name":"중곡3동경로당","addr":"서울특별시 광진구 동일로80길 20","sgg":"11215","cap":55,"type":"003","src":"safekorea","asof":"2026-08-05"}},{"type":"Feature","geometry":{"type":"Point","coordinates":[127.08012,37.56881]},"properties":{"name":"중곡3동주민센터","addr":"서울특별시 광진구 동일로76가길 28","sgg":"11215","cap":60,"type":"001","src":"safekorea","asof":"2026-05-23"}},{"type":"Feature","geometry":{"type":"Point","coordinates":[127.08406,37.56926]},"properties":{"name":"용마경로당","addr":"서울특별시 광진구 용마산로31길 38-8 (중곡동)","sgg":"11215","cap":23,"type":"003","src":"safekorea","asof":"2026-07-10"}},{"type":"Feature","geometry":{"type":"Point","coordinates":[127.0931,37.55939]},"properties":{"name":"중곡4동경로당","addr":"서울특별시 광진구 긴고랑로39길 57","sgg":"11215","cap":15,"type":"003","src":"safekorea","asof":"2026-07-10"}},{"type":"Feature","geometry":{"type":"Point","coordinates":[127.08791,37.56766]},"properties":{"name":"용곡경로당","addr":"서울특별시 광진구 용마산로28길 31","sgg":"11215","cap":27,"type":"003","src":"safekorea","asof":"2026-07-10"}},{"type":"Feature","geometry":{"type":"Point","coordinates":[127.09165,37.5576]},"properties":{"name":"대원경로당","addr":"서울특별시 광진구 긴고랑로36길 57-27","sgg":"11215","cap":35,"type":"003","src":"safekorea","asof":"2026-07-10"}},{"type":"Feature","geometry":{"type":"Point","coordinates":[127.08945,37.55908]},"properties":{"name":"중곡4동주민센터","addr":"서울특별시 광진구  긴고랑로  131   (중곡동)","sgg":"11215","cap":60,"type":"001","src":"safekorea","asof":"2026-05-23"}},{"type":"Feature","geometry":{"type":"Point","coordinates":[127.102,37.55195]},"properties":{"name":"아차산숲속도서관","addr":"서울특별시 광진구 영화사로 139 (아차산숲속도서관)","sgg":"11215","cap":12,"type":"001","src":"safekorea","asof":"2026-07-13"}},{"type":"Feature","geometry":{"type":"Point","coordinates":[127.08997,37.54714]},"properties":{"name":"광진어린이영어도서관","addr":"서울특별시 광진구 천호대로136길 55","sgg":"11215","cap":null,"type":"001","src":"safekorea","asof":"2026-01-14"}},{"type":"Feature","geometry":{"type":"Point","coordinates":[127.06657,37.54105]},"properties":{"name":"광진구이동노동자쉼터","addr":"서울특별시 광진구 아차산로 208 (상록빌딩)","sgg":"11215","cap":null,"type":"003","src":"safekorea","asof":"2026-08-07"}},{"type":"Feature","geometry":{"type":"Point","coordinates":[127.07549,37.55549]},"properties":{"name":"군자동도서관","addr":"서울특별시 광진구 면목로 13 (군자동 복합청사)","sgg":"11215","cap":null,"type":"001","src":"safekorea","asof":"2026-07-13"}},{"type":"Feature","geometry":{"type":"Point","coordinates":[127.11061,37.55097]},"properties":{"name":"광진정보도서관","addr":"서울특별시 광진구 아차산로78길 90","sgg":"11215","cap":null,"type":"001","src":"safekorea","asof":"2026-01-07"}},{"type":"Feature","geometry":{"type":"Point","coordinates":[127.066,37.53273]},"properties":{"name":"한강우성아파트경로당","addr":"서울특별시 광진구 능동로1길 15 한강우성아파트경로당 (자양동, 한강우성아파트)","sgg":"11215","cap":27,"type":"003","src":"safekorea","asof":"2026-01-13"}},{"type":"Feature","geometry":{"type":"Point","coordinates":[127.0814,37.52822]},"properties":{"name":"로얄동아아파트경로당","addr":"서울특별시 광진구 뚝섬로52마길 56  (자양동, 로얄동아아파트)","sgg":"11215","cap":15,"type":"003","src":"safekorea","asof":"2026-07-10"}},{"type":"Feature","geometry":{"type":"Point","coordinates":[127.08241,37.52805]},"properties":{"name":"자양2현대2차아파트경로당","addr":"서울특별시 광진구 뚝섬로56길 72  (자양동, 자양동현대아파트)","sgg":"11215","cap":23,"type":"003","src":"safekorea","asof":"2026-01-13"}},{"type":"Feature","geometry":{"type":"Point","coordinates":[127.07057,37.53482]},"properties":{"name":"신양경로당","addr":"서울특별시 광진구 뚝섬로 543","sgg":"11215","cap":65,"type":"003","src":"safekorea","asof":"2026-07-10"}},{"type":"Feature","geometry":{"type":"Point","coordinates":[127.07896,37.52894]},"properties":{"name":"자양경남아파트경로당","addr":"서울특별시 광진구 뚝섬로52길 71  (자양동, 경남아파트)","sgg":"11215","cap":30,"type":"003","src":"safekorea","asof":"2026-07-10"}},{"type":"Feature","geometry":{"type":"Point","coordinates":[127.08595,37.52843]},"properties":{"name":"현대강변아파트경로당","addr":"서울특별시 광진구 자양로3가길 43  (자양동, 현대강변아파트)","sgg":"11215","cap":17,"type":"003","src":"safekorea","asof":"2026-07-10"}},{"type":"Feature","geometry":{"type":"Point","coordinates":[127.08395,37.52952]},"properties":{"name":"경남아너스빌경로당","addr":"서울특별시 광진구 자양로3길 49  (자양동)","sgg":"11215","cap":20,"type":"003","src":"safekorea","asof":"2026-07-10"}},{"type":"Feature","geometry":{"type":"Point","coordinates":[127.08242,37.53452]},"properties":{"name":"자마장경로당","addr":"서울특별시 광진구 자양로13길 37  (자양동)","sgg":"11215","cap":32,"type":"003","src":"safekorea","asof":"2026-07-10"}},{"type":"Feature","geometry":{"type":"Point","coordinates":[127.07871,37.53392]},"properties":{"name":"중앙경로당","addr":"서울특별시 광진구 뚝섬로47길 33","sgg":"11215","cap":24,"type":"003","src":"safekorea","asof":"2026-07-10"}},{"type":"Feature","geometry":{"type":"Point","coordinates":[127.08354,37.54393]},"properties":{"name":"구의1동제2경로당","addr":"서울특별시 광진구  광나루로30가길  27   (구의동)","sgg":"11215","cap":25,"type":"003","src":"safekorea","asof":"2026-07-10"}},{"type":"Feature","geometry":{"type":"Point","coordinates":[127.07682,37.53]},"properties":{"name":"유수지경로당","addr":"서울특별시 광진구 뚝섬로48길 46 (자양동)","sgg":"11215","cap":25,"type":"003","src":"safekorea","asof":"2026-07-10"}},{"type":"Feature","geometry":{"type":"Point","coordinates":[127.08816,37.53254]},"properties":{"name":"자양구립제2경로당","addr":"서울특별시 광진구 뚝섬로62길 17","sgg":"11215","cap":30,"type":"003","src":"safekorea","asof":"2026-07-10"}},{"type":"Feature","geometry":{"type":"Point","coordinates":[127.08576,37.54252]},"properties":{"name":"구의1동주민센터","addr":"서울특별시 광진구  광나루로36길  56   (구의동)","sgg":"11215","cap":49,"type":"001","src":"safekorea","asof":"2026-05-23"}},{"type":"Feature","geometry":{"type":"Point","coordinates":[127.08905,37.54722]},"properties":{"name":"구의2동경로당","addr":"서울특별시 광진구 자양로38길 17-5","sgg":"11215","cap":30,"type":"003","src":"safekorea","asof":"2026-08-05"}},{"type":"Feature","geometry":{"type":"Point","coordinates":[127.09054,37.54648]},"properties":{"name":"래미안파크스위트경로당","addr":"서울특별시 광진구 광나루로 545 (래미안파크스위트)","sgg":"11215","cap":40,"type":"003","src":"safekorea","asof":"2026-07-10"}},{"type":"Feature","geometry":{"type":"Point","coordinates":[127.08989,37.54725]},"properties":{"name":"구의2동주민센터","addr":"서울특별시 광진구 천호대로136길 55 (구의동)","sgg":"11215","cap":50,"type":"001","src":"safekorea","asof":"2026-05-23"}},{"type":"Feature","geometry":{"type":"Point","coordinates":[127.10401,37.54588]},"properties":{"name":"광장제1경로당","addr":"서울특별시 광진구 아차산로73길 15","sgg":"11215","cap":25,"type":"003","src":"safekorea","asof":"2026-07-10"}},{"type":"Feature","geometry":{"type":"Point","coordinates":[127.10293,37.54691]},"properties":{"name":"광장동주민센터","addr":"서울특별시 광진구  광장로  52   (광장동)","sgg":"11215","cap":60,"type":"001","src":"safekorea","asof":"2026-05-23"}},{"type":"Feature","geometry":{"type":"Point","coordinates":[127.09713,37.54103]},"properties":{"name":"광장종합사회복지관","addr":"서울특별시 광진구 아차산로66길 8","sgg":"11215","cap":121,"type":"001","src":"safekorea","asof":"2026-08-05"}},{"type":"Feature","geometry":{"type":"Point","coordinates":[127.10402,37.54715]},"properties":{"name":"광진구노인회관","addr":"서울특별시 광진구 광장로 62","sgg":"11215","cap":42,"type":"003","src":"safekorea","asof":"2026-05-26"}},{"type":"Feature","geometry":{"type":"Point","coordinates":[127.09198,37.53799]},"properties":{"name":"구의3동주민센터","addr":"서울특별시 광진구  강변역로  17   (구의동)","sgg":"11215","cap":50,"type":"001","src":"safekorea","asof":"2026-05-23"}},{"type":"Feature","geometry":{"type":"Point","coordinates":[127.07547,37.53626]},"properties":{"name":"마실경로당","addr":"서울특별시 광진구 자양번영로7길 16-9","sgg":"11215","cap":24,"type":"003","src":"safekorea","asof":"2026-07-10"}},{"type":"Feature","geometry":{"type":"Point","coordinates":[127.0724,37.54886]},"properties":{"name":"복조리경로당","addr":"서울특별시 광진구 광나루로17길 28 (군자동, )","sgg":"11215","cap":35,"type":"003","src":"safekorea","asof":"2026-08-05"}},{"type":"Feature","geometry":{"type":"Point","coordinates":[127.09162,37.55214]},"properties":{"name":"아차산경로당","addr":"서울특별시 광진구 자양로47길 9-4","sgg":"11215","cap":30,"type":"003","src":"safekorea","asof":"2026-07-10"}},{"type":"Feature","geometry":{"type":"Point","coordinates":[127.06195,37.53338]},"properties":{"name":"한화꿈에그린아파트경로당","addr":"서울특별시 광진구 뚝섬로24길 74  (자양동, 광진 한화꿈에그린아파트)","sgg":"11215","cap":20,"type":"003","src":"safekorea","asof":"2026-01-13"}},{"type":"Feature","geometry":{"type":"Point","coordinates":[127.0705,37.54634]},"properties":{"name":"화양장수경로당","addr":"서울특별시 광진구 군자로 36 (화양장수경로당)","sgg":"11215","cap":20,"type":"003","src":"safekorea","asof":"2026-07-10"}},{"type":"Feature","geometry":{"type":"Point","coordinates":[127.06355,37.53962]},"properties":{"name":"자양4동제1경로당","addr":"서울특별시 광진구 동일로12길 24 (자양동)","sgg":"11215","cap":30,"type":"003","src":"safekorea","asof":"2026-07-10"}},{"type":"Feature","geometry":{"type":"Point","coordinates":[127.0743,37.5319]},"properties":{"name":"자양제3동경로당","addr":"서울특별시 광진구 자양번영로3길 16 (자양동)","sgg":"11215","cap":15,"type":"003","src":"safekorea","asof":"2026-07-10"}},{"type":"Feature","geometry":{"type":"Point","coordinates":[127.06623,37.53406]},"properties":{"name":"자양4동주민센터","addr":"서울특별시 광진구 뚝섬로26길 58","sgg":"11215","cap":17,"type":"001","src":"safekorea","asof":"2026-05-23"}},{"type":"Feature","geometry":{"type":"Point","coordinates":[127.06132,37.53512]},"properties":{"name":"자양4동제2경로당","addr":"서울특별시 광진구 동일로2길 17 (자양동)","sgg":"11215","cap":44,"type":"003","src":"safekorea","asof":"2026-01-13"}},{"type":"Feature","geometry":{"type":"Point","coordinates":[127.07784,37.53567]},"properties":{"name":"자양1동경로당","addr":"서울특별시 광진구 아차산로40길 46 (자양동)","sgg":"11215","cap":28,"type":"003","src":"safekorea","asof":"2026-07-10"}},{"type":"Feature","geometry":{"type":"Point","coordinates":[127.08446,37.52878]},"properties":{"name":"자양2동주민센터","addr":"서울특별시 광진구  자양로3가길  26   (자양동)","sgg":"11215","cap":12,"type":"001","src":"safekorea","asof":"2026-05-23"}},{"type":"Feature","geometry":{"type":"Point","coordinates":[127.0752,37.53289]},"properties":{"name":"자양종합사회복지관","addr":"서울특별시 광진구 자양번영로 35","sgg":"11215","cap":46,"type":"001","src":"safekorea","asof":"2026-08-05"}},{"type":"Feature","geometry":{"type":"Point","coordinates":[127.08245,37.53028]},"properties":{"name":"자양구립제1경로당","addr":"서울특별시 광진구 뚝섬로56길 28","sgg":"11215","cap":20,"type":"003","src":"safekorea","asof":"2026-07-10"}},{"type":"Feature","geometry":{"type":"Point","coordinates":[127.08555,37.53721]},"properties":{"name":"골드모텔(한파응급대피소)","addr":"서울특별시 광진구 아차산로 385","sgg":"11215","cap":null,"type":"004","src":"safekorea","asof":"2026-01-19"}},{"type":"Feature","geometry":{"type":"Point","coordinates":[127.06626,37.53412]},"properties":{"name":"자양제4동도서관","addr":"서울특별시 광진구 뚝섬로26길 58 (자양제4동주민센터)","sgg":"11215","cap":null,"type":"001","src":"safekorea","asof":"2026-01-14"}},{"type":"Feature","geometry":{"type":"Point","coordinates":[127.08019,37.55317]},"properties":{"name":"능동경로당","addr":"서울특별시 광진구 천호대로112길 70","sgg":"11215","cap":40,"type":"003","src":"safekorea","asof":"2026-07-10"}},{"type":"Feature","geometry":{"type":"Point","coordinates":[127.08045,37.5538]},"properties":{"name":"능동주민센터","addr":"서울특별시 광진구  천호대로112길  55   (능동)","sgg":"11215","cap":50,"type":"001","src":"safekorea","asof":"2026-05-23"}},{"type":"Feature","geometry":{"type":"Point","coordinates":[127.06527,37.53511]},"properties":{"name":"자양4동제4경로당","addr":"서울특별시 광진구 뚝섬로30가길 18","sgg":"11215","cap":45,"type":"003","src":"safekorea","asof":"2026-07-10"}},{"type":"Feature","geometry":{"type":"Point","coordinates":[127.07297,37.55183]},"properties":{"name":"일성파크아파트경로당","addr":"서울특별시 광진구 군자로12길 46 (일성파크아파트 상가동)","sgg":"11215","cap":43,"type":"003","src":"safekorea","asof":"2026-01-14"}},{"type":"Feature","geometry":{"type":"Point","coordinates":[127.06564,37.54437]},"properties":{"name":"현대아파트경로당","addr":"서울특별시 광진구 동일로24길 5  (화양동, 화양동현대아파트)","sgg":"11215","cap":21,"type":"003","src":"safekorea","asof":"2026-01-07"}},{"type":"Feature","geometry":{"type":"Point","coordinates":[127.07129,37.54648]},"properties":{"name":"화양동주민센터","addr":"서울특별시 광진구 능동로17길 39","sgg":"11215","cap":55,"type":"001","src":"safekorea","asof":"2026-05-23"}},{"type":"Feature","geometry":{"type":"Point","coordinates":[127.07652,37.55224]},"properties":{"name":"서울청년센터광진","addr":"서울특별시 광진구 능동로 245","sgg":"11215","cap":null,"type":"001","src":"safekorea","asof":"2026-01-23"}},{"type":"Feature","geometry":{"type":"Point","coordinates":[127.1106,37.55171]},"properties":{"name":"광장제2경로당","addr":"서울특별시 광진구 아차산로78길 67","sgg":"11215","cap":25,"type":"003","src":"safekorea","asof":"2026-07-10"}},{"type":"Feature","geometry":{"type":"Point","coordinates":[127.08238,37.53444]},"properties":{"name":"자양1동주민센터","addr":"서울특별시 광진구  자양로13길  37   (자양동)","sgg":"11215","cap":15,"type":"001","src":"safekorea","asof":"2026-05-23"}},{"type":"Feature","geometry":{"type":"Point","coordinates":[127.08775,37.53628]},"properties":{"name":"광진구청한파응급대피소","addr":"서울특별시 광진구 아차산로 400 (광진구청)","sgg":"11215","cap":3,"type":"001","src":"safekorea","asof":"2026-01-07"}},{"type":"Feature","geometry":{"type":"Point","coordinates":[127.08938,37.5445]},"properties":{"name":"구의1동경로당","addr":"서울특별시 광진구  광나루로40길  6   (구의동)","sgg":"11215","cap":35,"type":"003","src":"safekorea","asof":"2026-07-10"}},{"type":"Feature","geometry":{"type":"Point","coordinates":[127.07973,37.53846]},"properties":{"name":"청아경로당","addr":"서울특별시 광진구 자양로19길 70","sgg":"11215","cap":20,"type":"003","src":"safekorea","asof":"2026-07-10"}},{"type":"Feature","geometry":{"type":"Point","coordinates":[127.02602,37.57391]},"properties":{"name":"신설동주민센터","addr":"서울특별시 동대문구 천호대로 26 (신설동역자이르네)","sgg":"11230","cap":20,"type":"001","src":"safekorea","asof":"2026-06-22"}},{"type":"Feature","geometry":{"type":"Point","coordinates":[127.06616,37.56796]},"properties":{"name":"장안종합사회복지관","addr":"서울특별시 동대문구 한천로18길 48","sgg":"11230","cap":30,"type":"001","src":"safekorea","asof":"2026-06-22"}},{"type":"Feature","geometry":{"type":"Point","coordinates":[127.06651,37.56781]},"properties":{"name":"장안1동주민센터","addr":"서울특별시 동대문구 한천로18길 52 (장안1동주민센터)","sgg":"11230","cap":30,"type":"001","src":"safekorea","asof":"2026-06-22"}},{"type":"Feature","geometry":{"type":"Point","coordinates":[127.0379,37.58307]},"properties":{"name":"제기동주민센터","addr":"서울특별시 동대문구 약령시로 71","sgg":"11230","cap":30,"type":"001","src":"safekorea","asof":"2026-06-22"}},{"type":"Feature","geometry":{"type":"Point","coordinates":[127.0651,37.60336]},"properties":{"name":"이문2동주민센터","addr":"서울특별시 동대문구 신이문로 27-5","sgg":"11230","cap":null,"type":"001","src":"safekorea","asof":"2026-06-22"}},{"type":"Feature","geometry":{"type":"Point","coordinates":[127.03412,37.58406]},"properties":{"name":"동대문종합사회복지관","addr":"서울특별시 동대문구 약령시로5길 22","sgg":"11230","cap":null,"type":"001","src":"safekorea","asof":"2026-06-22"}},{"type":"Feature","geometry":{"type":"Point","coordinates":[127.05118,37.57187]},"properties":{"name":"답십리1동주민센터","addr":"서울특별시 동대문구 사가정로 30","sgg":"11230","cap":null,"type":"001","src":"safekorea","asof":"2026-06-22"}},{"type":"Feature","geometry":{"type":"Point","coordinates":[127.06573,37.59291]},"properties":{"name":"휘경1동주민센터","addr":"서울특별시 동대문구 외대역동로6길 3 (휘경동)","sgg":"11230","cap":null,"type":"001","src":"safekorea","asof":"2026-06-22"}},{"type":"Feature","geometry":{"type":"Point","coordinates":[127.06001,37.57805]},"properties":{"name":"전농2동주민센터","addr":"서울특별시 동대문구 사가정로 137 (전농동)","sgg":"11230","cap":null,"type":"001","src":"safekorea","asof":"2026-06-22"}},{"type":"Feature","geometry":{"type":"Point","coordinates":[127.05465,37.58288]},"properties":{"name":"동백꽃노인종합복지관","addr":"서울특별시 동대문구 전농로30길 3","sgg":"11230","cap":null,"type":"003","src":"safekorea","asof":"2026-08-18"}},{"type":"Feature","geometry":{"type":"Point","coordinates":[127.06858,37.59012]},"properties":{"name":"휘경2동주민센터","addr":"서울특별시 동대문구 한천로 329 (휘경동)","sgg":"11230","cap":null,"type":"001","src":"safekorea","asof":"2026-06-22"}},{"type":"Feature","geometry":{"type":"Point","coordinates":[127.06121,37.56731]},"properties":{"name":"답십리2동주민센터","addr":"서울특별시 동대문구 한천로11길 18","sgg":"11230","cap":null,"type":"001","src":"safekorea","asof":"2026-07-01"}},{"type":"Feature","geometry":{"type":"Point","coordinates":[127.03724,37.57581]},"properties":{"name":"용두동주민센터","addr":"서울특별시 동대문구 천호대로27길 35 (용신동주민센터)","sgg":"11230","cap":null,"type":"001","src":"safekorea","asof":"2026-06-22"}},{"type":"Feature","geometry":{"type":"Point","coordinates":[127.06548,37.59777]},"properties":{"name":"이문1동주민센터","addr":"서울특별시 동대문구  외대역동로  114-1  (이문동)","sgg":"11230","cap":null,"type":"001","src":"safekorea","asof":"2026-06-22"}},{"type":"Feature","geometry":{"type":"Point","coordinates":[127.03407,37.57182]},"properties":{"name":"다사랑행복센터","addr":"서울특별시 동대문구 청계천로 521 (다사랑행복센터)","sgg":"11230","cap":null,"type":"001","src":"safekorea","asof":"2026-06-01"}},{"type":"Feature","geometry":{"type":"Point","coordinates":[127.06398,37.5723]},"properties":{"name":"동대문구체육관","addr":"서울특별시 동대문구 답십리로 210-3  (답십리동)","sgg":"11230","cap":null,"type":"001","src":"safekorea","asof":"2026-06-01"}},{"type":"Feature","geometry":{"type":"Point","coordinates":[127.03971,37.57451]},"properties":{"name":"동대문구청","addr":"서울특별시 동대문구 천호대로 145 (동대문구청)","sgg":"11230","cap":5,"type":"001","src":"safekorea","asof":"2026-06-01"}},{"type":"Feature","geometry":{"type":"Point","coordinates":[127.04991,37.58718]},"properties":{"name":"시립동대문노인종합복지관","addr":"서울특별시 동대문구 제기로33길 25","sgg":"11230","cap":40,"type":"003","src":"safekorea","asof":"2026-08-18"}},{"type":"Feature","geometry":{"type":"Point","coordinates":[127.05171,37.58455]},"properties":{"name":"전일청소년독서실","addr":"서울특별시 동대문구 전농로37길 17  (전농동)","sgg":"11230","cap":null,"type":"001","src":"safekorea","asof":"2026-06-01"}},{"type":"Feature","geometry":{"type":"Point","coordinates":[127.04904,37.57097]},"properties":{"name":"답십리청소년독서실","addr":"서울특별시 동대문구 천호대로65길 17  (답십리동)","sgg":"11230","cap":null,"type":"001","src":"safekorea","asof":"2026-06-01"}},{"type":"Feature","geometry":{"type":"Point","coordinates":[127.05949,37.57211]},"properties":{"name":"답십리2청소년독서실","addr":"서울특별시 동대문구 답십리로56길 15  (답십리동)","sgg":"11230","cap":null,"type":"001","src":"safekorea","asof":"2026-06-01"}},{"type":"Feature","geometry":{"type":"Point","coordinates":[127.04709,37.58969]},"properties":{"name":"동대문구정보화도서관","addr":"서울특별시 동대문구 회기로10길 60  (청량리동)","sgg":"11230","cap":250,"type":"001","src":"safekorea","asof":"2026-06-01"}},{"type":"Feature","geometry":{"type":"Point","coordinates":[127.04839,37.58318]},"properties":{"name":"청량리동주민센터","addr":"서울특별시 동대문구 왕산로 239 (청량리동)","sgg":"11230","cap":20,"type":"001","src":"safekorea","asof":"2026-06-22"}},{"type":"Feature","geometry":{"type":"Point","coordinates":[127.05041,37.57319]},"properties":{"name":"동대문구답십리도서관","addr":"서울특별시 동대문구 서울시립대로4길 75  (답십리동)","sgg":"11230","cap":10,"type":"001","src":"safekorea","asof":"2026-06-01"}},{"type":"Feature","geometry":{"type":"Point","coordinates":[127.07091,37.57716]},"properties":{"name":"동대문청소년독서실","addr":"서울특별시 동대문구 장한로 191 (동대문구청소년독서실)","sgg":"11230","cap":null,"type":"001","src":"safekorea","asof":"2026-06-01"}},{"type":"Feature","geometry":{"type":"Point","coordinates":[127.04773,37.57795]},"properties":{"name":"전농1동주민센터","addr":"서울특별시 동대문구 서울시립대로9길 21","sgg":"11230","cap":null,"type":"001","src":"safekorea","asof":"2026-06-22"}},{"type":"Feature","geometry":{"type":"Point","coordinates":[127.05536,37.5908]},"properties":{"name":"회기동주민센터","addr":"서울특별시 동대문구 회기로25길 12-1 (회기동)","sgg":"11230","cap":null,"type":"001","src":"safekorea","asof":"2026-06-22"}},{"type":"Feature","geometry":{"type":"Point","coordinates":[127.0687,37.60222]},"properties":{"name":"이문체육문화센터","addr":"서울특별시 동대문구 한천로58길 81-49 (이문동)","sgg":"11230","cap":1070,"type":"001","src":"safekorea","asof":"2026-06-26"}},{"type":"Feature","geometry":{"type":"Point","coordinates":[127.06259,37.57851]},"properties":{"name":"배봉산숲속도서관","addr":"서울특별시 동대문구 사가정로 191-1","sgg":"11230","cap":64,"type":"001","src":"safekorea","asof":"2026-06-01"}},{"type":"Feature","geometry":{"type":"Point","coordinates":[127.06061,37.58868]},"properties":{"name":"휘경어린이도서관","addr":"서울특별시 동대문구 망우로18가길 38  (휘경동)","sgg":"11230","cap":20,"type":"001","src":"safekorea","asof":"2026-01-16"}},{"type":"Feature","geometry":{"type":"Point","coordinates":[127.05652,37.59452]},"properties":{"name":"이문청소년독서실","addr":"서울특별시 동대문구 이문로9길 52  (이문동)","sgg":"11230","cap":null,"type":"001","src":"safekorea","asof":"2026-06-01"}},{"type":"Feature","geometry":{"type":"Point","coordinates":[127.03917,37.57529]},"properties":{"name":"용두문화복지센터","addr":"서울특별시 동대문구 고산자로28길 13 (용두문화복지센터)","sgg":"11230","cap":null,"type":"001","src":"safekorea","asof":"2026-06-01"}},{"type":"Feature","geometry":{"type":"Point","coordinates":[127.07349,37.56646]},"properties":{"name":"동대문구민체육센터","addr":"서울특별시 동대문구 장안벚꽃로 67  (장안동)","sgg":"11230","cap":null,"type":"001","src":"safekorea","asof":"2026-06-01"}},{"type":"Feature","geometry":{"type":"Point","coordinates":[127.08756,37.58736]},"properties":{"name":"면목정보도서관","addr":"서울특별시 중랑구 면목로 397 (면목본동주민센터)","sgg":"11260","cap":null,"type":"001","src":"safekorea","asof":"2026-01-26"}},{"type":"Feature","geometry":{"type":"Point","coordinates":[127.09569,37.57935]},"properties":{"name":"중랑문화체육관","addr":"서울특별시 중랑구 사가정로72길 47 (면목동)","sgg":"11260","cap":null,"type":"001","src":"safekorea","asof":"2026-01-26"}},{"type":"Feature","geometry":{"type":"Point","coordinates":[127.09993,37.60126]},"properties":{"name":"신내구립경로당","addr":"서울특별시 중랑구 망우로65길 20 (중랑구신내경로복지센터)","sgg":"11260","cap":64,"type":"003","src":"safekorea","asof":"2026-05-21"}},{"type":"Feature","geometry":{"type":"Point","coordinates":[127.10235,37.6177]},"properties":{"name":"새우개경로당","addr":"서울특별시 중랑구 용마산로139나길 47 (새우개경로당)","sgg":"11260","cap":20,"type":"003","src":"safekorea","asof":"2026-05-21"}},{"type":"Feature","geometry":{"type":"Point","coordinates":[127.08065,37.60115]},"properties":{"name":"중화1동주민센터","addr":"서울특별시 중랑구 동일로134길 17 (중화1동주민센터)","sgg":"11260","cap":50,"type":"001","src":"safekorea","asof":"2026-07-12"}},{"type":"Feature","geometry":{"type":"Point","coordinates":[127.07786,37.58845]},"properties":{"name":"중랑노인종합복지관","addr":"서울특별시 중랑구 겸재로9길 45","sgg":"11260","cap":null,"type":"001","src":"safekorea","asof":"2026-06-25"}},{"type":"Feature","geometry":{"type":"Point","coordinates":[127.09011,37.61729]},"properties":{"name":"신내동새마을금고봉화산역지점","addr":"서울특별시 중랑구 신내로21길 6 (신내두산아파트 상가동)","sgg":"11260","cap":null,"type":"004","src":"safekorea","asof":"2026-01-26"}},{"type":"Feature","geometry":{"type":"Point","coordinates":[127.07841,37.60858]},"properties":{"name":"묵동화랑새마을금고본점","addr":"서울특별시 중랑구 동일로 874 (묵동)","sgg":"11260","cap":null,"type":"004","src":"safekorea","asof":"2026-01-26"}},{"type":"Feature","geometry":{"type":"Point","coordinates":[127.07747,37.60207]},"properties":{"name":"중화2동주민센터","addr":"서울특별시 중랑구 봉화산로 27 (중화2동복합청사)","sgg":"11260","cap":200,"type":"001","src":"safekorea","asof":"2026-07-12"}},{"type":"Feature","geometry":{"type":"Point","coordinates":[127.0785,37.61242]},"properties":{"name":"묵1동주민센터","addr":"서울특별시 중랑구 공릉로2가길 5 (묵1동주민센터)","sgg":"11260","cap":15,"type":"001","src":"safekorea","asof":"2026-07-12"}},{"type":"Feature","geometry":{"type":"Point","coordinates":[127.08784,37.59977]},"properties":{"name":"상봉동새마을금고본점","addr":"서울특별시 중랑구 상봉중앙로1길 78 (상봉동)","sgg":"11260","cap":null,"type":"004","src":"safekorea","asof":"2026-01-26"}},{"type":"Feature","geometry":{"type":"Point","coordinates":[127.0888,37.58257]},"properties":{"name":"면목동우체국","addr":"서울특별시 중랑구 면목로 344 (면목동)","sgg":"11260","cap":null,"type":"001","src":"safekorea","asof":"2026-01-26"}},{"type":"Feature","geometry":{"type":"Point","coordinates":[127.08672,37.57921]},"properties":{"name":"용마새마을금고본점","addr":"서울특별시 중랑구 면목로 299 (면목동)","sgg":"11260","cap":null,"type":"004","src":"safekorea","asof":"2026-01-26"}},{"type":"Feature","geometry":{"type":"Point","coordinates":[127.08977,37.59361]},"properties":{"name":"상봉신협본점","addr":"서울특별시 중랑구 봉우재로41길 6 (상봉동, 청운명가프라임)","sgg":"11260","cap":null,"type":"004","src":"safekorea","asof":"2026-01-26"}},{"type":"Feature","geometry":{"type":"Point","coordinates":[127.08063,37.59979]},"properties":{"name":"중랑우리새마을금고본점","addr":"서울특별시 중랑구 동일로130길 9 (중화동)","sgg":"11260","cap":null,"type":"004","src":"safekorea","asof":"2026-01-26"}},{"type":"Feature","geometry":{"type":"Point","coordinates":[127.08756,37.58736]},"properties":{"name":"면목본동주민센터","addr":"서울특별시 중랑구 면목로 397 (면목본동주민센터)","sgg":"11260","cap":70,"type":"001","src":"safekorea","asof":"2026-07-12"}},{"type":"Feature","geometry":{"type":"Point","coordinates":[127.07947,37.58575]},"properties":{"name":"면목5동주민센터","addr":"서울특별시 중랑구 동일로 619 (면목5동복합청사)","sgg":"11260","cap":176,"type":"001","src":"safekorea","asof":"2026-07-12"}},{"type":"Feature","geometry":{"type":"Point","coordinates":[127.09114,37.60505]},"properties":{"name":"신내종합사회복지관","addr":"서울특별시 중랑구 봉화산로 153 (신내12단지신내아파트)","sgg":"11260","cap":null,"type":"001","src":"safekorea","asof":"2026-06-25"}},{"type":"Feature","geometry":{"type":"Point","coordinates":[127.08732,37.60374]},"properties":{"name":"구립중랑경로당","addr":"서울특별시 중랑구 봉화산로43길 9 (중랑노인복지회관)","sgg":"11260","cap":null,"type":"003","src":"safekorea","asof":"2026-05-21"}},{"type":"Feature","geometry":{"type":"Point","coordinates":[127.07804,37.58463]},"properties":{"name":"면목5동제1구립경로당","addr":"서울특별시 중랑구 동일로95길 29 (면목5동제1구립경로당)","sgg":"11260","cap":26,"type":"003","src":"safekorea","asof":"2026-05-21"}},{"type":"Feature","geometry":{"type":"Point","coordinates":[127.09151,37.58884]},"properties":{"name":"은행길경로당","addr":"서울특별시 중랑구 겸재로 212-7 (구립은행길경로당)","sgg":"11260","cap":26,"type":"003","src":"safekorea","asof":"2026-05-21"}},{"type":"Feature","geometry":{"type":"Point","coordinates":[127.09123,37.58612]},"properties":{"name":"면목본동경로당","addr":"서울특별시 중랑구 면목로64길 37-4 (면목본동경로당)","sgg":"11260","cap":25,"type":"003","src":"safekorea","asof":"2026-05-21"}},{"type":"Feature","geometry":{"type":"Point","coordinates":[127.08036,37.60905]},"properties":{"name":"화랑마을경로당","addr":"서울특별시 중랑구 동일로154길 38","sgg":"11260","cap":16,"type":"003","src":"safekorea","asof":"2026-05-21"}},{"type":"Feature","geometry":{"type":"Point","coordinates":[127.07601,37.60351]},"properties":{"name":"봉화경로당","addr":"서울특별시 중랑구 봉화산로3길 40-5 (봉화경로당)","sgg":"11260","cap":35,"type":"003","src":"safekorea","asof":"2026-05-21"}},{"type":"Feature","geometry":{"type":"Point","coordinates":[127.08171,37.6133]},"properties":{"name":"묵1동구립경로당","addr":"서울특별시 중랑구 공릉로2라길 26 (묵동경로당)","sgg":"11260","cap":12,"type":"003","src":"safekorea","asof":"2026-05-21"}},{"type":"Feature","geometry":{"type":"Point","coordinates":[127.07539,37.61215]},"properties":{"name":"한양경로당","addr":"서울특별시 중랑구 중랑역로 209-3","sgg":"11260","cap":68,"type":"003","src":"safekorea","asof":"2026-05-21"}},{"type":"Feature","geometry":{"type":"Point","coordinates":[127.07353,37.60722]},"properties":{"name":"구립학수경로당","addr":"서울특별시 중랑구 중랑천로 252-1 (구립학수경로당)","sgg":"11260","cap":66,"type":"003","src":"safekorea","asof":"2026-05-21"}},{"type":"Feature","geometry":{"type":"Point","coordinates":[127.10282,37.59936]},"properties":{"name":"망우경로당","addr":"서울특별시 중랑구 망우로72길 15-3 (망우경로당)","sgg":"11260","cap":29,"type":"003","src":"safekorea","asof":"2026-05-21"}},{"type":"Feature","geometry":{"type":"Point","coordinates":[127.088,37.61482]},"properties":{"name":"신내노인종합복지관","addr":"서울특별시 중랑구 신내로15길 175 (신내노인종합복지관)","sgg":"11260","cap":null,"type":"003","src":"safekorea","asof":"2026-01-26"}},{"type":"Feature","geometry":{"type":"Point","coordinates":[127.09816,37.59236]},"properties":{"name":"망우마중마을활력소1층주민쉼터","addr":"서울특별시 중랑구 용마산로 461","sgg":"11260","cap":null,"type":"001","src":"safekorea","asof":"2026-01-26"}},{"type":"Feature","geometry":{"type":"Point","coordinates":[127.09419,37.60934]},"properties":{"name":"시립대종합사회복지관","addr":"서울특별시 중랑구 신내로 115 (신내10단지신내아파트)","sgg":"11260","cap":null,"type":"001","src":"safekorea","asof":"2026-06-25"}},{"type":"Feature","geometry":{"type":"Point","coordinates":[127.08534,37.59906]},"properties":{"name":"청운경로당","addr":"서울특별시 중랑구 봉화산로30길 69-3 (청운경로당)","sgg":"11260","cap":40,"type":"003","src":"safekorea","asof":"2026-05-21"}},{"type":"Feature","geometry":{"type":"Point","coordinates":[127.08754,37.60222]},"properties":{"name":"상봉1동구립경로당","addr":"서울특별시 중랑구 봉화산로42길 20 (상봉1동경로당)","sgg":"11260","cap":18,"type":"003","src":"safekorea","asof":"2026-05-21"}},{"type":"Feature","geometry":{"type":"Point","coordinates":[127.09211,37.60215]},"properties":{"name":"서촌경로당","addr":"서울특별시 중랑구 신내로7가길 71 (서촌경로당)","sgg":"11260","cap":89,"type":"003","src":"safekorea","asof":"2026-05-21"}},{"type":"Feature","geometry":{"type":"Point","coordinates":[127.08237,37.59318]},"properties":{"name":"상봉2동구립경로당","addr":"서울특별시 중랑구 동일로112길 27 (상봉2동경로당)","sgg":"11260","cap":31,"type":"003","src":"safekorea","asof":"2026-05-21"}},{"type":"Feature","geometry":{"type":"Point","coordinates":[127.10365,37.6016]},"properties":{"name":"망우본동경로당","addr":"서울특별시 중랑구 망우로73길 24-8 (망우본동경로당)","sgg":"11260","cap":70,"type":"003","src":"safekorea","asof":"2026-05-21"}},{"type":"Feature","geometry":{"type":"Point","coordinates":[127.07639,37.60755]},"properties":{"name":"중랑청년청","addr":"서울특별시 중랑구 중랑역로 159","sgg":"11260","cap":null,"type":"003","src":"safekorea","asof":"2026-04-24"}},{"type":"Feature","geometry":{"type":"Point","coordinates":[127.11133,37.6046]},"properties":{"name":"양원숲속","addr":"서울특별시 중랑구 송림길 172 (양원숲속도서관)","sgg":"11260","cap":null,"type":"001","src":"safekorea","asof":"2026-01-26"}},{"type":"Feature","geometry":{"type":"Point","coordinates":[127.10388,37.60266]},"properties":{"name":"중랑숲어린이도서관","addr":"서울특별시 중랑구 망우로73길 46-1 (중랑숲어린이도서관)","sgg":"11260","cap":null,"type":"001","src":"safekorea","asof":"2026-01-26"}},{"type":"Feature","geometry":{"type":"Point","coordinates":[127.07747,37.60207]},"properties":{"name":"중화문학도서관","addr":"서울특별시 중랑구 봉화산로 27 (중화2동복합청사)","sgg":"11260","cap":null,"type":"001","src":"safekorea","asof":"2026-01-26"}},{"type":"Feature","geometry":{"type":"Point","coordinates":[127.08083,37.59289]},"properties":{"name":"상봉도서관","addr":"서울특별시 중랑구 동일로114길 10 (상봉2동복합청사)","sgg":"11260","cap":null,"type":"001","src":"safekorea","asof":"2026-01-26"}},{"type":"Feature","geometry":{"type":"Point","coordinates":[127.10223,37.59301]},"properties":{"name":"샛별경로당","addr":"서울특별시 중랑구 용마공원로5가길 36 (샛별경로당)","sgg":"11260","cap":33,"type":"003","src":"safekorea","asof":"2026-05-21"}},{"type":"Feature","geometry":{"type":"Point","coordinates":[127.09968,37.60618]},"properties":{"name":"피울경로당","addr":"서울특별시 중랑구 용마산로129나길 25 (구립피울경로당)","sgg":"11260","cap":40,"type":"003","src":"safekorea","asof":"2026-05-21"}},{"type":"Feature","geometry":{"type":"Point","coordinates":[127.09664,37.59766]},"properties":{"name":"우림경로당","addr":"서울특별시 중랑구 용마산로115나길 8 (우림경로당)","sgg":"11260","cap":90,"type":"003","src":"safekorea","asof":"2026-05-21"}},{"type":"Feature","geometry":{"type":"Point","coordinates":[127.09526,37.59365]},"properties":{"name":"햇님경로당","addr":"서울특별시 중랑구 봉우재로58길 16-5 (햇님경노당)","sgg":"11260","cap":26,"type":"003","src":"safekorea","asof":"2026-05-21"}},{"type":"Feature","geometry":{"type":"Point","coordinates":[127.08295,37.58824]},"properties":{"name":"면목2동구립동부경로당","addr":"서울특별시 중랑구 겸재로27가길 18-4 (동부경로당)","sgg":"11260","cap":18,"type":"003","src":"safekorea","asof":"2026-05-21"}},{"type":"Feature","geometry":{"type":"Point","coordinates":[127.08228,37.57263]},"properties":{"name":"샘터경로당","addr":"서울특별시 중랑구 면목로21길 28 (면목4동샘터경로당)","sgg":"11260","cap":57,"type":"003","src":"safekorea","asof":"2026-05-21"}},{"type":"Feature","geometry":{"type":"Point","coordinates":[127.08191,37.5761]},"properties":{"name":"대성경로당","addr":"서울특별시 중랑구 면목로31길 60 (면목4동대성경로당)","sgg":"11260","cap":20,"type":"003","src":"safekorea","asof":"2026-05-21"}},{"type":"Feature","geometry":{"type":"Point","coordinates":[127.09602,37.6042]},"properties":{"name":"유린원광종합사회복지관","addr":"서울특별시 중랑구 신내로 56 ((복)유린보은동산)","sgg":"11260","cap":null,"type":"001","src":"safekorea","asof":"2026-06-25"}},{"type":"Feature","geometry":{"type":"Point","coordinates":[127.09993,37.60126]},"properties":{"name":"신내경로복지관","addr":"서울특별시 중랑구 망우로65길 20 (중랑구신내경로복지센터)","sgg":"11260","cap":null,"type":"003","src":"safekorea","asof":"2026-01-26"}},{"type":"Feature","geometry":{"type":"Point","coordinates":[127.08841,37.57356]},"properties":{"name":"면목종합사회복지관","addr":"서울특별시 중랑구 용마산로 228 (면목임대아파트)","sgg":"11260","cap":null,"type":"001","src":"safekorea","asof":"2026-06-25"}},{"type":"Feature","geometry":{"type":"Point","coordinates":[127.09094,37.57338]},"properties":{"name":"용마폭포공원경로당","addr":"서울특별시 중랑구 용마산로 250-12 (용마배수지,용마산돌산공원)","sgg":"11260","cap":20,"type":"003","src":"safekorea","asof":"2026-05-21"}},{"type":"Feature","geometry":{"type":"Point","coordinates":[127.08606,37.57774]},"properties":{"name":"면목7동주민센터","addr":"서울특별시 중랑구 면목로36길 4","sgg":"11260","cap":94,"type":"001","src":"safekorea","asof":"2026-07-12"}},{"type":"Feature","geometry":{"type":"Point","coordinates":[127.08625,37.58636]},"properties":{"name":"안수경로당","addr":"서울특별시 중랑구 면목로63길 36 (안수경로당)","sgg":"11260","cap":40,"type":"003","src":"safekorea","asof":"2026-05-21"}},{"type":"Feature","geometry":{"type":"Point","coordinates":[127.09034,37.59009]},"properties":{"name":"섬들경로당","addr":"서울특별시 중랑구 면목로76길 42 (섬들경로당)","sgg":"11260","cap":43,"type":"003","src":"safekorea","asof":"2026-05-21"}},{"type":"Feature","geometry":{"type":"Point","coordinates":[127.07902,37.58973]},"properties":{"name":"면목2동주민센터","addr":"서울특별시 중랑구 동일로101길 20-15 (면목2동주민센터)","sgg":"11260","cap":56,"type":"001","src":"safekorea","asof":"2026-07-12"}},{"type":"Feature","geometry":{"type":"Point","coordinates":[127.0872,37.59986]},"properties":{"name":"상봉1동주민센터","addr":"서울특별시 중랑구 상봉중앙로1길 6 (상봉1동주민센터)","sgg":"11260","cap":11,"type":"001","src":"safekorea","asof":"2026-07-12"}},{"type":"Feature","geometry":{"type":"Point","coordinates":[127.07682,37.58809]},"properties":{"name":"면목2동구립서부경로당","addr":"서울특별시 중랑구 겸재로3길 50 (서부경로당)","sgg":"11260","cap":50,"type":"003","src":"safekorea","asof":"2026-05-21"}},{"type":"Feature","geometry":{"type":"Point","coordinates":[127.08694,37.61522]},"properties":{"name":"구립정보도서관","addr":"서울특별시 중랑구 신내로15길 197 (중랑구립정보도서관)","sgg":"11260","cap":null,"type":"001","src":"safekorea","asof":"2026-01-26"}},{"type":"Feature","geometry":{"type":"Point","coordinates":[127.08747,37.61517]},"properties":{"name":"중랑구민체육센터","addr":"서울특별시 중랑구 신내로15길 189 (중랑구민체육센터)","sgg":"11260","cap":null,"type":"001","src":"safekorea","asof":"2026-01-26"}},{"type":"Feature","geometry":{"type":"Point","coordinates":[127.08856,37.58586]},"properties":{"name":"서울으뜸신협본점","addr":"서울특별시 중랑구 면목로 380 (면목동)","sgg":"11260","cap":null,"type":"004","src":"safekorea","asof":"2026-01-26"}},{"type":"Feature","geometry":{"type":"Point","coordinates":[127.07194,37.5957]},"properties":{"name":"중랑으뜸새마을금고본점","addr":"서울특별시 중랑구 중랑천로 117 (중화동)","sgg":"11260","cap":null,"type":"004","src":"safekorea","asof":"2026-01-26"}},{"type":"Feature","geometry":{"type":"Point","coordinates":[127.09493,37.59188]},"properties":{"name":"망우3동주민센터","addr":"서울특별시 중랑구 겸재로61길 40 (망우3동주민센터)","sgg":"11260","cap":50,"type":"001","src":"safekorea","asof":"2026-07-12"}},{"type":"Feature","geometry":{"type":"Point","coordinates":[127.09816,37.59575]},"properties":{"name":"안산경로당","addr":"서울특별시 중랑구 봉우재로65가길 18 (안산경로당)","sgg":"11260","cap":26,"type":"003","src":"safekorea","asof":"2026-05-21"}},{"type":"Feature","geometry":{"type":"Point","coordinates":[127.07596,37.60957]},"properties":{"name":"묵2동주민센터","addr":"서울특별시 중랑구 중랑역로 181","sgg":"11260","cap":10,"type":"001","src":"safekorea","asof":"2026-07-12"}},{"type":"Feature","geometry":{"type":"Point","coordinates":[127.10151,37.60059]},"properties":{"name":"망우본동주민센터","addr":"서울특별시 중랑구 망우로67길 10 (망우본동복합청사)","sgg":"11260","cap":90,"type":"001","src":"safekorea","asof":"2026-07-12"}},{"type":"Feature","geometry":{"type":"Point","coordinates":[127.09946,37.60589]},"properties":{"name":"신내1동주민센터","addr":"서울특별시 중랑구 용마산로129나길 35 (신내1동주민센터)","sgg":"11260","cap":10,"type":"001","src":"safekorea","asof":"2026-07-12"}},{"type":"Feature","geometry":{"type":"Point","coordinates":[127.08705,37.58361]},"properties":{"name":"까치공원경로당","addr":"서울특별시 중랑구 사가정로49길 56","sgg":"11260","cap":23,"type":"003","src":"safekorea","asof":"2026-05-21"}},{"type":"Feature","geometry":{"type":"Point","coordinates":[127.1018,37.58738]},"properties":{"name":"용마통합경로당","addr":"서울특별시 중랑구 용마산로94길 98 (용마경로복지센터)","sgg":"11260","cap":23,"type":"003","src":"safekorea","asof":"2026-05-21"}},{"type":"Feature","geometry":{"type":"Point","coordinates":[127.0931,37.58116]},"properties":{"name":"용마산경로당","addr":"서울특별시 중랑구 용마산로 327 (용마산경로당)","sgg":"11260","cap":16,"type":"003","src":"safekorea","asof":"2026-05-21"}},{"type":"Feature","geometry":{"type":"Point","coordinates":[127.08114,37.60331]},"properties":{"name":"구립중화경로복지관","addr":"서울특별시 중랑구 동일로138길 28 (중화동)","sgg":"11260","cap":null,"type":"001","src":"safekorea","asof":"2026-06-25"}},{"type":"Feature","geometry":{"type":"Point","coordinates":[127.10177,37.58734]},"properties":{"name":"구립용마경로복지관","addr":"서울특별시 중랑구 용마산로94길 98 (면목동)","sgg":"11260","cap":null,"type":"001","src":"safekorea","asof":"2026-06-25"}},{"type":"Feature","geometry":{"type":"Point","coordinates":[127.08496,37.57523]},"properties":{"name":"용마새마을금고제1지점","addr":"서울특별시 중랑구 면목로27길 6 (면목동)","sgg":"11260","cap":null,"type":"004","src":"safekorea","asof":"2026-01-26"}},{"type":"Feature","geometry":{"type":"Point","coordinates":[127.08471,37.59584]},"properties":{"name":"동서울농협상봉지점","addr":"서울특별시 중랑구 망우로 290 (상봉동)","sgg":"11260","cap":null,"type":"004","src":"safekorea","asof":"2026-01-26"}},{"type":"Feature","geometry":{"type":"Point","coordinates":[127.09568,37.59858]},"properties":{"name":"우리은행상봉동지점","addr":"서울특별시 중랑구 망우로 390 (망우동)","sgg":"11260","cap":null,"type":"004","src":"safekorea","asof":"2026-01-26"}},{"type":"Feature","geometry":{"type":"Point","coordinates":[127.08824,37.59525]},"properties":{"name":"봉황경로당","addr":"서울특별시 중랑구 봉우재로33길 55-10 (봉황경로당)","sgg":"11260","cap":50,"type":"003","src":"safekorea","asof":"2026-05-21"}},{"type":"Feature","geometry":{"type":"Point","coordinates":[127.08112,37.60329]},"properties":{"name":"중화1동통합경로당","addr":"서울특별시 중랑구 동일로138길 28 (중화1동통합경로당)","sgg":"11260","cap":59,"type":"003","src":"safekorea","asof":"2026-05-21"}},{"type":"Feature","geometry":{"type":"Point","coordinates":[127.07298,37.59565]},"properties":{"name":"백학경로당","addr":"서울특별시 중랑구 중랑천로20길 6-14 (구립백학경로당)","sgg":"11260","cap":51,"type":"003","src":"safekorea","asof":"2026-05-21"}},{"type":"Feature","geometry":{"type":"Point","coordinates":[127.07615,37.59832]},"properties":{"name":"학구경로당","addr":"서울특별시 중랑구 동일로123길 69-5 (학구경로당)","sgg":"11260","cap":56,"type":"003","src":"safekorea","asof":"2026-05-21"}},{"type":"Feature","geometry":{"type":"Point","coordinates":[127.08844,37.57884]},"properties":{"name":"용마경로당","addr":"서울특별시 중랑구 면목로40길 23 (면목7동구립용마경로당)","sgg":"11260","cap":56,"type":"003","src":"safekorea","asof":"2026-05-21"}},{"type":"Feature","geometry":{"type":"Point","coordinates":[127.08805,37.58302]},"properties":{"name":"면목3,8동주민센터","addr":"서울특별시 중랑구 사가정로51길 48 (면목3,8동주민센터)","sgg":"11260","cap":15,"type":"001","src":"safekorea","asof":"2026-07-12"}},{"type":"Feature","geometry":{"type":"Point","coordinates":[127.09266,37.60668]},"properties":{"name":"중랑구청","addr":"서울특별시 중랑구 봉화산로 179  (신내동)","sgg":"11260","cap":1371,"type":"001","src":"safekorea","asof":"2026-07-20"}},{"type":"Feature","geometry":{"type":"Point","coordinates":[127.08083,37.59289]},"properties":{"name":"상봉2동주민센터","addr":"서울특별시 중랑구 동일로114길 10 (상봉2동복합청사)","sgg":"11260","cap":31,"type":"001","src":"safekorea","asof":"2026-06-25"}},{"type":"Feature","geometry":{"type":"Point","coordinates":[127.0855,37.57473]},"properties":{"name":"면목4동주민센터","addr":"서울특별시 중랑구 면목로 246 (면목4동주민센터)","sgg":"11260","cap":68,"type":"001","src":"safekorea","asof":"2026-07-12"}},{"type":"Feature","geometry":{"type":"Point","coordinates":[127.09417,37.60623]},"properties":{"name":"신내2동주민센터","addr":"서울특별시 중랑구 봉화산로 190 (중랑구청제2청사)","sgg":"11260","cap":9,"type":"001","src":"safekorea","asof":"2026-07-12"}},{"type":"Feature","geometry":{"type":"Point","coordinates":[127.08434,37.57687]},"properties":{"name":"면목7동구립경로당","addr":"서울특별시 중랑구 사가정로50길 91 (구립면목7동경로당)","sgg":"11260","cap":36,"type":"003","src":"safekorea","asof":"2026-05-21"}},{"type":"Feature","geometry":{"type":"Point","coordinates":[127.08088,37.58386]},"properties":{"name":"면목5동제2구립경로당","addr":"서울특별시 중랑구 동일로92길 17-7 (면목5동제2구립노인정)","sgg":"11260","cap":31,"type":"003","src":"safekorea","asof":"2026-05-21"}},{"type":"Feature","geometry":{"type":"Point","coordinates":[127.05567,37.61043]},"properties":{"name":"장위종합사회복지관","addr":"서울특별시 성북구 화랑로 237 (태라)","sgg":"11290","cap":290,"type":"001","src":"safekorea","asof":"2026-05-03"}},{"type":"Feature","geometry":{"type":"Point","coordinates":[127.03955,37.60269]},"properties":{"name":"성북구보건소","addr":"서울특별시 성북구 화랑로 63  (하월곡동)","sgg":"11290","cap":15,"type":"001","src":"safekorea","asof":"2026-06-24"}},{"type":"Feature","geometry":{"type":"Point","coordinates":[127.00392,37.60804]},"properties":{"name":"정릉3동주민센터(임시청사)","addr":"서울특별시 성북구 정릉로 169","sgg":"11290","cap":50,"type":"001","src":"safekorea","asof":"2026-01-19"}},{"type":"Feature","geometry":{"type":"Point","coordinates":[127.03748,37.60893]},"properties":{"name":"월곡종합사회복지관","addr":"서울특별시 성북구 오패산로16길 23","sgg":"11290","cap":700,"type":"001","src":"safekorea","asof":"2026-05-03"}},{"type":"Feature","geometry":{"type":"Point","coordinates":[127.01938,37.6105]},"properties":{"name":"길음1동주민센터","addr":"서울특별시 성북구 길음로 92","sgg":"11290","cap":30,"type":"001","src":"safekorea","asof":"2026-04-29"}},{"type":"Feature","geometry":{"type":"Point","coordinates":[127.01077,37.61175]},"properties":{"name":"성북청수도서관","addr":"서울특별시 성북구 보국문로16가길 20 (정릉동)","sgg":"11290","cap":124,"type":"001","src":"safekorea","asof":"2026-05-03"}},{"type":"Feature","geometry":{"type":"Point","coordinates":[127.01051,37.59805]},"properties":{"name":"돈암2동주민센터","addr":"서울특별시 성북구 흥천사길 7 (돈암동)","sgg":"11290","cap":20,"type":"001","src":"safekorea","asof":"2026-08-05"}},{"type":"Feature","geometry":{"type":"Point","coordinates":[127.04785,37.60576]},"properties":{"name":"월곡2동주민센터","addr":"서울특별시 성북구 화랑로 152 (월곡2동 주민센터)","sgg":"11290","cap":25,"type":"001","src":"safekorea","asof":"2026-04-29"}},{"type":"Feature","geometry":{"type":"Point","coordinates":[127.0352,37.59903]},"properties":{"name":"종암동주민센터","addr":"서울특별시 성북구 종암로 98-8 (종암동)","sgg":"11290","cap":200,"type":"001","src":"safekorea","asof":"2026-05-03"}},{"type":"Feature","geometry":{"type":"Point","coordinates":[127.03579,37.61062]},"properties":{"name":"월곡1동주민센터","addr":"서울특별시 성북구 오패산로 96","sgg":"11290","cap":50,"type":"001","src":"safekorea","asof":"2026-04-29"}},{"type":"Feature","geometry":{"type":"Point","coordinates":[127.05876,37.60628]},"properties":{"name":"돌곶이생활예술문화센터","addr":"서울특별시 성북구 화랑로32길 100-1 (석관동)","sgg":"11290","cap":10,"type":"001","src":"safekorea","asof":"2026-06-25"}},{"type":"Feature","geometry":{"type":"Point","coordinates":[127.01665,37.60144]},"properties":{"name":"정릉1동주민센터","addr":"서울특별시 성북구 정릉로38마길 33","sgg":"11290","cap":50,"type":"001","src":"safekorea","asof":"2026-05-03"}},{"type":"Feature","geometry":{"type":"Point","coordinates":[127.05057,37.60494]},"properties":{"name":"성북정보도서관","addr":"서울특별시 성북구 화랑로18자길 13","sgg":"11290","cap":250,"type":"001","src":"safekorea","asof":"2026-05-03"}},{"type":"Feature","geometry":{"type":"Point","coordinates":[127.0145,37.5909]},"properties":{"name":"삼선동주민센터","addr":"서울특별시 성북구 보문로 190","sgg":"11290","cap":50,"type":"001","src":"safekorea","asof":"2026-07-09"}},{"type":"Feature","geometry":{"type":"Point","coordinates":[127.04822,37.60584]},"properties":{"name":"상월곡실버복지센터","addr":"서울특별시 성북구 화랑로18길 6","sgg":"11290","cap":80,"type":"003","src":"safekorea","asof":"2026-05-21"}},{"type":"Feature","geometry":{"type":"Point","coordinates":[127.02135,37.5858]},"properties":{"name":"안암동주민센터","addr":"서울특별시 성북구 고려대로 16","sgg":"11290","cap":30,"type":"001","src":"safekorea","asof":"2026-04-29"}},{"type":"Feature","geometry":{"type":"Point","coordinates":[127.02678,37.60667]},"properties":{"name":"길음종합사회복지관","addr":"서울특별시 성북구 삼양로2길 55 (길음동)","sgg":"11290","cap":967,"type":"001","src":"safekorea","asof":"2026-05-03"}},{"type":"Feature","geometry":{"type":"Point","coordinates":[127.04368,37.61407]},"properties":{"name":"장위1동주민센터","addr":"서울특별시 성북구 장위로 61 (장위1동 주민센터)","sgg":"11290","cap":36,"type":"001","src":"safekorea","asof":"2026-05-04"}},{"type":"Feature","geometry":{"type":"Point","coordinates":[127.00323,37.59103]},"properties":{"name":"성북동주민센터","addr":"서울특별시 성북구 성북로 37","sgg":"11290","cap":20,"type":"001","src":"safekorea","asof":"2026-07-09"}},{"type":"Feature","geometry":{"type":"Point","coordinates":[127.0465,37.61835]},"properties":{"name":"북서울새마을금고본점","addr":"서울특별시 성북구 돌곶이로 209 (지성빌딩)","sgg":"11290","cap":20,"type":"004","src":"safekorea","asof":"2026-02-03"}},{"type":"Feature","geometry":{"type":"Point","coordinates":[127.05826,37.60669]},"properties":{"name":"석관실버복지센터","addr":"서울특별시 성북구 화랑로32길 88","sgg":"11290","cap":200,"type":"003","src":"safekorea","asof":"2026-05-21"}},{"type":"Feature","geometry":{"type":"Point","coordinates":[127.06137,37.61297]},"properties":{"name":"석관동주민센터","addr":"서울특별시 성북구 화랑로 296","sgg":"11290","cap":50,"type":"001","src":"safekorea","asof":"2026-05-03"}},{"type":"Feature","geometry":{"type":"Point","coordinates":[127.05548,37.61525]},"properties":{"name":"장위3동주민센터","addr":null,"sgg":"11290","cap":100,"type":"001","src":"safekorea","asof":"2026-05-04"}},{"type":"Feature","geometry":{"type":"Point","coordinates":[127.05353,37.62012]},"properties":{"name":"장위실버복지센터","addr":"서울특별시 성북구 한천로 708 (장위동)","sgg":"11290","cap":30,"type":"003","src":"safekorea","asof":"2026-05-21"}},{"type":"Feature","geometry":{"type":"Point","coordinates":[127.00114,37.61125]},"properties":{"name":"정릉종합사회복지관","addr":"서울특별시 성북구 솔샘로5길 92","sgg":"11290","cap":402,"type":"001","src":"safekorea","asof":"2026-05-03"}},{"type":"Feature","geometry":{"type":"Point","coordinates":[127.007,37.61335]},"properties":{"name":"정릉4동주민센터","addr":"서울특별시 성북구 정릉동 보국문로  106-1  (정릉동)","sgg":"11290","cap":150,"type":"001","src":"safekorea","asof":"2026-01-19"}},{"type":"Feature","geometry":{"type":"Point","coordinates":[127.03439,37.59779]},"properties":{"name":"성북노인종합복지관","addr":"서울특별시 성북구 종암로15길 10","sgg":"11290","cap":648,"type":"003","src":"safekorea","asof":"2026-05-21"}},{"type":"Feature","geometry":{"type":"Point","coordinates":[127.01398,37.59985]},"properties":{"name":"아리랑도서관","addr":"서울특별시 성북구 아리랑로 82  (돈암동)","sgg":"11290","cap":20,"type":"001","src":"safekorea","asof":"2026-01-19"}},{"type":"Feature","geometry":{"type":"Point","coordinates":[127.01385,37.59993]},"properties":{"name":"아리랑시네센터","addr":"서울특별시 성북구 아리랑로 82  (돈암동)","sgg":"11290","cap":800,"type":"001","src":"safekorea","asof":"2026-01-19"}},{"type":"Feature","geometry":{"type":"Point","coordinates":[127.01405,37.58915]},"properties":{"name":"삼선실버복지센터","addr":"서울특별시 성북구 삼선교로18길 41","sgg":"11290","cap":542,"type":"003","src":"safekorea","asof":"2026-05-21"}},{"type":"Feature","geometry":{"type":"Point","coordinates":[127.02039,37.59394]},"properties":{"name":"동선동주민센터","addr":"서울특별시 성북구 동소문로26길 27","sgg":"11290","cap":80,"type":"001","src":"safekorea","asof":"2026-05-04"}},{"type":"Feature","geometry":{"type":"Point","coordinates":[127.02632,37.60346]},"properties":{"name":"돈암1동주민센터","addr":"서울특별시 성북구 정릉로 392","sgg":"11290","cap":50,"type":"001","src":"safekorea","asof":"2026-04-27"}},{"type":"Feature","geometry":{"type":"Point","coordinates":[127.05152,37.60976]},"properties":{"name":"장위2동주민센터(임시청사)","addr":"서울특별시 성북구 화랑로25길 29 (신한은행(장위지점))","sgg":"11290","cap":10,"type":"001","src":"safekorea","asof":"2026-04-29"}},{"type":"Feature","geometry":{"type":"Point","coordinates":[127.01687,37.58944]},"properties":{"name":"성북구청","addr":"서울특별시 성북구 보문로 168  (삼선동5가)","sgg":"11290","cap":10,"type":"001","src":"safekorea","asof":"2026-01-20"}},{"type":"Feature","geometry":{"type":"Point","coordinates":[127.02727,37.60676]},"properties":{"name":"길음2동주민센터","addr":"서울특별시 성북구 삼양로2길 70","sgg":"11290","cap":10,"type":"001","src":"safekorea","asof":"2026-01-19"}},{"type":"Feature","geometry":{"type":"Point","coordinates":[127.03706,37.60412]},"properties":{"name":"생명의전화종합사회복지관","addr":"서울특별시 성북구 오패산로 21 (생명의전화(종합복지관))","sgg":"11290","cap":500,"type":"001","src":"safekorea","asof":"2026-05-03"}},{"type":"Feature","geometry":{"type":"Point","coordinates":[127.02283,37.58042]},"properties":{"name":"보문동주민센터","addr":"서울특별시 성북구 안암로3길 35","sgg":"11290","cap":30,"type":"001","src":"safekorea","asof":"2026-04-29"}},{"type":"Feature","geometry":{"type":"Point","coordinates":[127.00454,37.60821]},"properties":{"name":"정릉실버복지센터","addr":"서울특별시 성북구 솔샘로 8","sgg":"11290","cap":203,"type":"003","src":"safekorea","asof":"2026-05-21"}},{"type":"Feature","geometry":{"type":"Point","coordinates":[127.00868,37.61017]},"properties":{"name":"정릉2동주민센터(임시청사)","addr":"서울특별시 성북구 정릉로 242 (성북아동청소년센터)","sgg":"11290","cap":10,"type":"001","src":"safekorea","asof":"2026-04-28"}},{"type":"Feature","geometry":{"type":"Point","coordinates":[127.0208,37.61427]},"properties":{"name":"래미안트리베라1차(아)경로당","addr":"서울특별시 강북구 삼양로19길 25 (삼성래미안트리베라1차아파트 119동)","sgg":"11305","cap":40,"type":"003","src":"safekorea","asof":"2026-01-14"}},{"type":"Feature","geometry":{"type":"Point","coordinates":[127.02031,37.61727]},"properties":{"name":"래미안트리베라2차(아)경로당","addr":"서울특별시 강북구 삼양로27길 19  (미아동, 삼성래미안트리베라아파트)","sgg":"11305","cap":25,"type":"003","src":"safekorea","asof":"2026-01-14"}},{"type":"Feature","geometry":{"type":"Point","coordinates":[127.01678,37.62151]},"properties":{"name":"삼일경로당","addr":"서울특별시 강북구 삼양로41길 61 (미아동)","sgg":"11305","cap":15,"type":"003","src":"safekorea","asof":"2025-11-03"}},{"type":"Feature","geometry":{"type":"Point","coordinates":[127.04636,37.62628]},"properties":{"name":"북서울종합사회복지관","addr":"서울특별시 강북구 한천로105길 24 (번동2단지주공아파트 202동)","sgg":"11305","cap":20,"type":"001","src":"safekorea","asof":"2026-01-21"}},{"type":"Feature","geometry":{"type":"Point","coordinates":[127.01237,37.62668]},"properties":{"name":"수유경로당","addr":"서울특별시 강북구 인수봉로20길 32","sgg":"11305","cap":20,"type":"003","src":"safekorea","asof":"2025-11-03"}},{"type":"Feature","geometry":{"type":"Point","coordinates":[127.01563,37.63578]},"properties":{"name":"제일경로당","addr":"서울특별시 강북구 삼양로87길 33-8 (청소년 청년 공간)","sgg":"11305","cap":20,"type":"003","src":"safekorea","asof":"2025-11-06"}},{"type":"Feature","geometry":{"type":"Point","coordinates":[127.03119,37.62704]},"properties":{"name":"율곡경로당","addr":"서울특별시 강북구 오패산로52아길 11 (미아동)","sgg":"11305","cap":40,"type":"003","src":"safekorea","asof":"2025-11-03"}},{"type":"Feature","geometry":{"type":"Point","coordinates":[127.03262,37.63578]},"properties":{"name":"두산위브아파트경로당","addr":"서울특별시 강북구 덕릉로41길 12 (수유역 두산위브 아파트 1)","sgg":"11305","cap":25,"type":"003","src":"safekorea","asof":"2026-01-14"}},{"type":"Feature","geometry":{"type":"Point","coordinates":[127.02373,37.6269]},"properties":{"name":"한빛경로당","addr":"서울특별시 강북구 솔매로43길 25 (미아동)","sgg":"11305","cap":40,"type":"003","src":"safekorea","asof":"2025-11-03"}},{"type":"Feature","geometry":{"type":"Point","coordinates":[127.02854,37.62745]},"properties":{"name":"미아경로당","addr":"서울특별시 강북구 솔매로 147-11 (미아동)","sgg":"11305","cap":30,"type":"003","src":"safekorea","asof":"2025-11-03"}},{"type":"Feature","geometry":{"type":"Point","coordinates":[127.01987,37.64462]},"properties":{"name":"수유2동주민센터","addr":"서울특별시 강북구 한천로 1117","sgg":"11305","cap":30,"type":"001","src":"safekorea","asof":"2026-05-29"}},{"type":"Feature","geometry":{"type":"Point","coordinates":[127.01671,37.64609]},"properties":{"name":"장미원경로당","addr":"서울특별시 강북구 삼양로124길 29-8 (수유동)","sgg":"11305","cap":25,"type":"003","src":"safekorea","asof":"2025-11-03"}},{"type":"Feature","geometry":{"type":"Point","coordinates":[127.03876,37.63207]},"properties":{"name":"번2동주민센터","addr":"서울특별시 강북구 한천로 897","sgg":"11305","cap":30,"type":"001","src":"safekorea","asof":"2026-05-29"}},{"type":"Feature","geometry":{"type":"Point","coordinates":[127.02703,37.64223]},"properties":{"name":"은모루경로당","addr":"서울특별시 강북구 도봉로95길 38-1 (수유동)","sgg":"11305","cap":53,"type":"003","src":"safekorea","asof":"2025-11-03"}},{"type":"Feature","geometry":{"type":"Point","coordinates":[127.00966,37.66147]},"properties":{"name":"소귓골경로당","addr":"서울특별시 강북구 삼양로173가길 55","sgg":"11305","cap":20,"type":"003","src":"safekorea","asof":"2025-11-03"}},{"type":"Feature","geometry":{"type":"Point","coordinates":[127.01332,37.64882]},"properties":{"name":"삼각산경로당","addr":"서울특별시 강북구 삼양로 515-21","sgg":"11305","cap":24,"type":"003","src":"safekorea","asof":"2025-11-03"}},{"type":"Feature","geometry":{"type":"Point","coordinates":[127.02818,37.63383]},"properties":{"name":"장수촌경로당","addr":"서울특별시 강북구 덕릉로36길 22-4","sgg":"11305","cap":25,"type":"003","src":"safekorea","asof":"2026-01-20"}},{"type":"Feature","geometry":{"type":"Point","coordinates":[127.03682,37.61719]},"properties":{"name":"꿈의숲롯데캐슬(아)경로당","addr":"서울특별시 강북구 오현로 56 (꿈의숲 롯데캐슬 105동)","sgg":"11305","cap":10,"type":"003","src":"safekorea","asof":"2026-01-14"}},{"type":"Feature","geometry":{"type":"Point","coordinates":[127.03383,37.61575]},"properties":{"name":"원송경로당","addr":"서울특별시 강북구 오패산로 156-3 (미아동)","sgg":"11305","cap":30,"type":"003","src":"safekorea","asof":"2025-11-03"}},{"type":"Feature","geometry":{"type":"Point","coordinates":[127.01874,37.63566]},"properties":{"name":"시립강북노인종합복지관","addr":"서울특별시 강북구 삼양로92길 40","sgg":"11305","cap":40,"type":"003","src":"safekorea","asof":"2026-05-23"}},{"type":"Feature","geometry":{"type":"Point","coordinates":[127.04113,37.62985]},"properties":{"name":"꿈의숲종합사회복지관","addr":"서울특별시 강북구 오현로 208 (번동주공아파트 302동)","sgg":"11305","cap":20,"type":"001","src":"safekorea","asof":"2026-01-15"}},{"type":"Feature","geometry":{"type":"Point","coordinates":[127.0466,37.62582]},"properties":{"name":"번3동주민센터","addr":"서울특별시 강북구 한천로105길 21","sgg":"11305","cap":30,"type":"001","src":"safekorea","asof":"2026-05-29"}},{"type":"Feature","geometry":{"type":"Point","coordinates":[127.02884,37.63786]},"properties":{"name":"번1동주민센터","addr":"서울특별시 강북구 덕릉로41길 74","sgg":"11305","cap":30,"type":"001","src":"safekorea","asof":"2026-05-29"}},{"type":"Feature","geometry":{"type":"Point","coordinates":[127.03643,37.63295]},"properties":{"name":"번오마을종합사회복지관","addr":"서울특별시 강북구 한천로115길 20 (번동, 번동주공5단지아파트)","sgg":"11305","cap":50,"type":"001","src":"safekorea","asof":"2026-01-09"}},{"type":"Feature","geometry":{"type":"Point","coordinates":[127.01939,37.62069]},"properties":{"name":"미양할머니경로당","addr":"서울특별시 강북구 삼양로35가길 7-4 (미아동)","sgg":"11305","cap":35,"type":"003","src":"safekorea","asof":"2026-04-30"}},{"type":"Feature","geometry":{"type":"Point","coordinates":[127.0137,37.61898]},"properties":{"name":"SK북한산시티(아)제2경로당","addr":"서울특별시 강북구 솔샘로 174 (SK북한산시티아파트 관리동,노인정)","sgg":"11305","cap":25,"type":"003","src":"safekorea","asof":"2026-01-14"}},{"type":"Feature","geometry":{"type":"Point","coordinates":[127.03316,37.61242]},"properties":{"name":"방천경로당","addr":"서울특별시 강북구 월계로7길 39-9 (미아동)","sgg":"11305","cap":27,"type":"003","src":"safekorea","asof":"2025-11-03"}},{"type":"Feature","geometry":{"type":"Point","coordinates":[127.03545,37.62709]},"properties":{"name":"교육촌경로당","addr":"서울특별시 강북구 오현로25다길 36","sgg":"11305","cap":35,"type":"003","src":"safekorea","asof":"2025-11-03"}},{"type":"Feature","geometry":{"type":"Point","coordinates":[127.02694,37.62704]},"properties":{"name":"미아동주민센터","addr":"서울특별시 강북구 솔매로49길 14","sgg":"11305","cap":30,"type":"001","src":"safekorea","asof":"2026-05-29"}},{"type":"Feature","geometry":{"type":"Point","coordinates":[127.01807,37.61734]},"properties":{"name":"삼각산암산(아)경로당","addr":"서울특별시 강북구 삼양로19길 113 (삼각산아이원아파트 관리동,노인정)","sgg":"11305","cap":20,"type":"003","src":"safekorea","asof":"2026-01-14"}},{"type":"Feature","geometry":{"type":"Point","coordinates":[127.02297,37.62471]},"properties":{"name":"요한경로당","addr":"서울특별시 강북구 도봉로49길 62","sgg":"11305","cap":30,"type":"003","src":"safekorea","asof":"2026-08-05"}},{"type":"Feature","geometry":{"type":"Point","coordinates":[127.02504,37.63191]},"properties":{"name":"운산경로당","addr":"서울특별시 강북구 도봉로72길 14-4 (미아동)","sgg":"11305","cap":40,"type":"003","src":"safekorea","asof":"2025-11-03"}},{"type":"Feature","geometry":{"type":"Point","coordinates":[127.02135,37.62326]},"properties":{"name":"큰마을효심경로당","addr":"서울특별시 강북구 삼양로54길 60 (미아동)","sgg":"11305","cap":25,"type":"003","src":"safekorea","asof":"2025-11-03"}},{"type":"Feature","geometry":{"type":"Point","coordinates":[127.02133,37.62068]},"properties":{"name":"건양경로당","addr":"서울특별시 강북구 삼양로38길 8-9","sgg":"11305","cap":33,"type":"003","src":"safekorea","asof":"2025-11-04"}},{"type":"Feature","geometry":{"type":"Point","coordinates":[127.04293,37.62922]},"properties":{"name":"100세건강플러스","addr":"서울특별시 강북구 오현로 208 (번동주공아파트)","sgg":"11305","cap":35,"type":"003","src":"safekorea","asof":"2026-01-06"}},{"type":"Feature","geometry":{"type":"Point","coordinates":[127.03419,37.63264]},"properties":{"name":"샘마을경로당","addr":"서울특별시 강북구 오현로31길 125-14 (번동)","sgg":"11305","cap":44,"type":"003","src":"safekorea","asof":"2025-11-03"}},{"type":"Feature","geometry":{"type":"Point","coordinates":[127.04488,37.6267]},"properties":{"name":"번동주공2단지(아)경로당","addr":"서울특별시 강북구 한천로105길 24 (번동2단지주공아파트)","sgg":"11305","cap":null,"type":"003","src":"safekorea","asof":"2026-05-06"}},{"type":"Feature","geometry":{"type":"Point","coordinates":[127.03239,37.63904]},"properties":{"name":"샛강경로당","addr":"서울특별시 강북구 도봉로96나길 9-1 (번동)","sgg":"11305","cap":30,"type":"003","src":"safekorea","asof":"2025-11-03"}},{"type":"Feature","geometry":{"type":"Point","coordinates":[127.03156,37.64196]},"properties":{"name":"번동삼성아파트경로당","addr":"서울특별시 강북구 도봉로98길 33 (삼성아파트)","sgg":"11305","cap":30,"type":"003","src":"safekorea","asof":"2026-01-14"}},{"type":"Feature","geometry":{"type":"Point","coordinates":[127.02804,37.63822]},"properties":{"name":"번1동경로당","addr":"서울특별시 강북구 덕릉로41길 92","sgg":"11305","cap":25,"type":"003","src":"safekorea","asof":"2025-11-03"}},{"type":"Feature","geometry":{"type":"Point","coordinates":[127.04133,37.62688]},"properties":{"name":"골말경로당","addr":"서울특별시 강북구 한천로109길 57-12","sgg":"11305","cap":20,"type":"003","src":"safekorea","asof":"2025-11-03"}},{"type":"Feature","geometry":{"type":"Point","coordinates":[127.03233,37.63798]},"properties":{"name":"쌍용아파트경로당","addr":"서울특별시 강북구 한천로124나길 10 (쌍용아파트)","sgg":"11305","cap":25,"type":"003","src":"safekorea","asof":"2026-01-14"}},{"type":"Feature","geometry":{"type":"Point","coordinates":[127.03326,37.62241]},"properties":{"name":"오패산경로당","addr":"서울특별시 강북구 오패산로52다길 55 (미아동, 범신주택)","sgg":"11305","cap":5,"type":"003","src":"safekorea","asof":"2026-01-14"}},{"type":"Feature","geometry":{"type":"Point","coordinates":[127.02574,37.63616]},"properties":{"name":"번남경로당","addr":"서울특별시 강북구 오패산로77길 29-7 (번동)","sgg":"11305","cap":25,"type":"003","src":"safekorea","asof":"2025-11-03"}},{"type":"Feature","geometry":{"type":"Point","coordinates":[127.01753,37.63]},"properties":{"name":"수유1동주민센터","addr":"서울특별시 강북구 삼양로 299","sgg":"11305","cap":30,"type":"001","src":"safekorea","asof":"2026-05-29"}},{"type":"Feature","geometry":{"type":"Point","coordinates":[127.01883,37.6468]},"properties":{"name":"수유2동경로당","addr":"서울특별시 강북구 노해로23길 94","sgg":"11305","cap":30,"type":"003","src":"safekorea","asof":"2025-11-03"}},{"type":"Feature","geometry":{"type":"Point","coordinates":[127.02314,37.63869]},"properties":{"name":"수유3동주민센터","addr":"서울특별시 강북구 노해로 36","sgg":"11305","cap":30,"type":"001","src":"safekorea","asof":"2026-05-29"}},{"type":"Feature","geometry":{"type":"Point","coordinates":[127.02392,37.63831]},"properties":{"name":"상산경로당","addr":"서울특별시 강북구 노해로8길 23 (수유동)","sgg":"11305","cap":30,"type":"003","src":"safekorea","asof":"2025-11-03"}},{"type":"Feature","geometry":{"type":"Point","coordinates":[127.01842,37.63867]},"properties":{"name":"수삼경로당","addr":"서울특별시 강북구 삼양로98길 22 (수유동)","sgg":"11305","cap":30,"type":"003","src":"safekorea","asof":"2025-11-03"}},{"type":"Feature","geometry":{"type":"Point","coordinates":[127.01257,37.64162]},"properties":{"name":"극동(아)경로당","addr":"서울특별시 강북구 인수봉로72길 4 (극동아파트)","sgg":"11305","cap":30,"type":"003","src":"safekorea","asof":"2026-01-14"}},{"type":"Feature","geometry":{"type":"Point","coordinates":[127.02264,37.63257]},"properties":{"name":"큰무네미경로당","addr":"서울특별시 강북구 도봉로71가길 30-9","sgg":"11305","cap":29,"type":"003","src":"safekorea","asof":"2025-11-03"}},{"type":"Feature","geometry":{"type":"Point","coordinates":[127.01991,37.62498]},"properties":{"name":"삼양동주민센터","addr":"서울특별시 강북구 솔매로 69 (미아동)","sgg":"11305","cap":30,"type":"001","src":"safekorea","asof":"2026-05-29"}},{"type":"Feature","geometry":{"type":"Point","coordinates":[127.01327,37.62323]},"properties":{"name":"팔팔경로당","addr":"서울특별시 강북구 인수봉로 36","sgg":"11305","cap":35,"type":"003","src":"safekorea","asof":"2025-11-03"}},{"type":"Feature","geometry":{"type":"Point","coordinates":[127.017,37.62474]},"properties":{"name":"청암경로당","addr":"서울특별시 강북구 솔매로22길 11","sgg":"11305","cap":20,"type":"003","src":"safekorea","asof":"2026-04-30"}},{"type":"Feature","geometry":{"type":"Point","coordinates":[127.01337,37.62572]},"properties":{"name":"구세군강북종합사회복지관","addr":"서울특별시 강북구 인수봉로20가길 24","sgg":"11305","cap":20,"type":"001","src":"safekorea","asof":"2026-05-23"}},{"type":"Feature","geometry":{"type":"Point","coordinates":[127.01693,37.62267]},"properties":{"name":"실개울경로당","addr":"서울특별시 강북구 삼양로47길 37 (미아동)","sgg":"11305","cap":25,"type":"003","src":"safekorea","asof":"2025-11-03"}},{"type":"Feature","geometry":{"type":"Point","coordinates":[127.02697,37.62706]},"properties":{"name":"미아문화정보도서관","addr":"서울특별시 강북구 솔매로49길 14 (미아동복합청사, 미아문화정보도서관)","sgg":"11305","cap":10,"type":"001","src":"safekorea","asof":"2026-05-29"}},{"type":"Feature","geometry":{"type":"Point","coordinates":[127.0363,37.62522]},"properties":{"name":"강북문화정보도서관","addr":"서울특별시 강북구 오현로 145 (강북문화정보도서관)","sgg":"11305","cap":25,"type":"001","src":"safekorea","asof":"2026-05-29"}},{"type":"Feature","geometry":{"type":"Point","coordinates":[127.01184,37.64787]},"properties":{"name":"우이동주민센터","addr":"서울특별시 강북구 삼양로139길 49","sgg":"11305","cap":30,"type":"001","src":"safekorea","asof":"2026-05-29"}},{"type":"Feature","geometry":{"type":"Point","coordinates":[127.01318,37.64079]},"properties":{"name":"강북문화예술회관","addr":"서울특별시 강북구 삼각산로 85 (강북문화예술회관)","sgg":"11305","cap":20,"type":"001","src":"safekorea","asof":"2026-05-29"}},{"type":"Feature","geometry":{"type":"Point","coordinates":[127.04276,37.62871]},"properties":{"name":"번동주공3단지(아)경로당","addr":"서울특별시 강북구 오현로 208 (번동주공아파트)","sgg":"11305","cap":null,"type":"003","src":"safekorea","asof":"2026-05-06"}},{"type":"Feature","geometry":{"type":"Point","coordinates":[127.02383,37.61827]},"properties":{"name":"송천동주민센터","addr":"서울특별시 강북구 솔샘로 284","sgg":"11305","cap":30,"type":"001","src":"safekorea","asof":"2026-05-29"}},{"type":"Feature","geometry":{"type":"Point","coordinates":[127.01743,37.64815]},"properties":{"name":"물댐길경로당","addr":"서울특별시 강북구 한천로170가길 4","sgg":"11305","cap":40,"type":"003","src":"safekorea","asof":"2025-11-03"}},{"type":"Feature","geometry":{"type":"Point","coordinates":[127.03293,37.62091]},"properties":{"name":"구봉경로당","addr":"서울특별시 강북구 오현로9길 97 (미아동, 월드아트빌)","sgg":"11305","cap":20,"type":"003","src":"safekorea","asof":"2026-01-14"}},{"type":"Feature","geometry":{"type":"Point","coordinates":[127.03525,37.61523]},"properties":{"name":"경남아너스빌(아)경로당","addr":"서울특별시 강북구 오패산로30길 30 (경남아너스빌)","sgg":"11305","cap":10,"type":"003","src":"safekorea","asof":"2026-01-14"}},{"type":"Feature","geometry":{"type":"Point","coordinates":[127.03708,37.61557]},"properties":{"name":"한일유앤아이(아)경로당","addr":"서울특별시 강북구 월계로21가길 41 (미아한일유앤아이)","sgg":"11305","cap":8,"type":"003","src":"safekorea","asof":"2026-01-14"}},{"type":"Feature","geometry":{"type":"Point","coordinates":[127.03375,37.6161]},"properties":{"name":"송중동주민센터","addr":"서울특별시 강북구 오패산로 162","sgg":"11305","cap":30,"type":"001","src":"safekorea","asof":"2026-05-29"}},{"type":"Feature","geometry":{"type":"Point","coordinates":[127.02495,37.63057]},"properties":{"name":"한전강북성북지사","addr":"서울특별시 강북구 도봉로 242 (한국전력강북성북지사)","sgg":"11305","cap":15,"type":"001","src":"safekorea","asof":"2026-01-23"}},{"type":"Feature","geometry":{"type":"Point","coordinates":[127.01848,37.62297]},"properties":{"name":"삼양동종합복지센터","addr":"서울특별시 강북구 삼양로47길 9 (삼양동 종합복지센터)","sgg":"11305","cap":16,"type":"001","src":"safekorea","asof":"2026-08-05"}},{"type":"Feature","geometry":{"type":"Point","coordinates":[127.02949,37.62238]},"properties":{"name":"송중경로당","addr":"서울특별시 강북구 도봉로34길 25-3 (미아동)","sgg":"11305","cap":50,"type":"003","src":"safekorea","asof":"2025-11-03"}},{"type":"Feature","geometry":{"type":"Point","coordinates":[127.03812,37.6156]},"properties":{"name":"벽오산경로당","addr":"서울특별시 강북구 월계로21나길 30 (미아동)","sgg":"11305","cap":40,"type":"003","src":"safekorea","asof":"2025-11-03"}},{"type":"Feature","geometry":{"type":"Point","coordinates":[127.02248,37.61633]},"properties":{"name":"송암경로당","addr":"서울특별시 강북구 삼양로24길 4-6 (미아동)","sgg":"11305","cap":10,"type":"003","src":"safekorea","asof":"2025-11-03"}},{"type":"Feature","geometry":{"type":"Point","coordinates":[127.02433,37.61804]},"properties":{"name":"송천경로당","addr":"서울특별시 강북구 솔샘로60길 18-12 (미아동)","sgg":"11305","cap":45,"type":"003","src":"safekorea","asof":"2025-11-03"}},{"type":"Feature","geometry":{"type":"Point","coordinates":[127.02061,37.63332]},"properties":{"name":"수유장수경로당","addr":"서울특별시 강북구 삼양로80나길 56","sgg":"11305","cap":30,"type":"003","src":"safekorea","asof":"2025-11-03"}},{"type":"Feature","geometry":{"type":"Point","coordinates":[127.01566,37.63144]},"properties":{"name":"화계경로당","addr":"서울특별시 강북구 인수봉로38가길 28","sgg":"11305","cap":40,"type":"003","src":"safekorea","asof":"2025-11-03"}},{"type":"Feature","geometry":{"type":"Point","coordinates":[127.01386,37.66186]},"properties":{"name":"우이경로당","addr":"서울특별시 강북구 삼양로170길 23","sgg":"11305","cap":63,"type":"003","src":"safekorea","asof":"2025-11-03"}},{"type":"Feature","geometry":{"type":"Point","coordinates":[127.03242,37.63504]},"properties":{"name":"샘골경로당","addr":"서울특별시 강북구 덕릉로44길 6-4","sgg":"11305","cap":18,"type":"003","src":"safekorea","asof":"2025-11-03"}},{"type":"Feature","geometry":{"type":"Point","coordinates":[127.03905,37.62873]},"properties":{"name":"강북장애인종합사회복지관","addr":"서울특별시 강북구 오현로 189","sgg":"11305","cap":15,"type":"001","src":"safekorea","asof":"2025-11-03"}},{"type":"Feature","geometry":{"type":"Point","coordinates":[127.03328,37.62563]},"properties":{"name":"오동경로당","addr":"서울특별시 강북구 오현로25나길 92 (번동)","sgg":"11305","cap":101,"type":"003","src":"safekorea","asof":"2025-11-03"}},{"type":"Feature","geometry":{"type":"Point","coordinates":[127.01295,37.65742]},"properties":{"name":"백운경로당","addr":"서울특별시 강북구 삼양로159길 9  (우이동)","sgg":"11305","cap":14,"type":"003","src":"safekorea","asof":"2025-11-03"}},{"type":"Feature","geometry":{"type":"Point","coordinates":[127.01154,37.65485]},"properties":{"name":"대우아파트경로당","addr":"서울특별시 강북구 삼양로149길 45 (대우아파트)","sgg":"11305","cap":16,"type":"003","src":"safekorea","asof":"2026-01-14"}},{"type":"Feature","geometry":{"type":"Point","coordinates":[127.01396,37.63431]},"properties":{"name":"한신경로당","addr":"서울특별시 강북구 인수봉로48길 5-6","sgg":"11305","cap":20,"type":"003","src":"safekorea","asof":"2025-11-03"}},{"type":"Feature","geometry":{"type":"Point","coordinates":[127.0121,37.64275]},"properties":{"name":"인수경로당","addr":"서울특별시 강북구 인수봉로72길 15-12","sgg":"11305","cap":25,"type":"003","src":"safekorea","asof":"2025-11-03"}},{"type":"Feature","geometry":{"type":"Point","coordinates":[127.00829,37.64328]},"properties":{"name":"삼산경로당","addr":"서울특별시 강북구 인수봉로79길 62-4","sgg":"11305","cap":25,"type":"003","src":"safekorea","asof":"2025-11-03"}},{"type":"Feature","geometry":{"type":"Point","coordinates":[127.00995,37.63582]},"properties":{"name":"무너미경로당","addr":"서울특별시 강북구 인수봉로55가길 21 (수유동)","sgg":"11305","cap":20,"type":"003","src":"safekorea","asof":"2025-11-03"}},{"type":"Feature","geometry":{"type":"Point","coordinates":[127.01058,37.64146]},"properties":{"name":"인수동주민센터","addr":"서울특별시 강북구 인수봉로 255","sgg":"11305","cap":30,"type":"001","src":"safekorea","asof":"2026-05-29"}},{"type":"Feature","geometry":{"type":"Point","coordinates":[127.03387,37.61872]},"properties":{"name":"꿈의숲해링턴플레이스(아)경로당","addr":"서울특별시 강북구 오현로 45 (꿈의숲 해링턴 플레이스)","sgg":"11305","cap":15,"type":"003","src":"safekorea","asof":"2026-01-14"}},{"type":"Feature","geometry":{"type":"Point","coordinates":[127.02924,37.63476]},"properties":{"name":"강북구청","addr":"서울특별시 강북구 덕릉로 138 (창강빌딩)","sgg":"11305","cap":20,"type":"001","src":"safekorea","asof":"2026-05-29"}},{"type":"Feature","geometry":{"type":"Point","coordinates":[127.02074,37.61515]},"properties":{"name":"삼각산동주민센터","addr":"서울특별시 강북구 삼양로19길 34","sgg":"11305","cap":30,"type":"001","src":"safekorea","asof":"2026-05-29"}},{"type":"Feature","geometry":{"type":"Point","coordinates":[127.04339,37.67052]},"properties":{"name":"도봉럭스(야간한파쉼터)","addr":"서울특별시 도봉구 도봉로 739  (도봉동)","sgg":"11320","cap":10,"type":"003","src":"safekorea","asof":"2026-01-12"}},{"type":"Feature","geometry":{"type":"Point","coordinates":[127.0376,37.66338]},"properties":{"name":"방학1동경로당","addr":"서울특별시 도봉구 방학로 130-9  (방학동)","sgg":"11320","cap":40,"type":"003","src":"safekorea","asof":"2026-06-30"}},{"type":"Feature","geometry":{"type":"Point","coordinates":[127.0449,37.66777]},"properties":{"name":"윗들경로당","addr":"서울특별시 도봉구 도봉로150마길 37  (방학동)","sgg":"11320","cap":40,"type":"003","src":"safekorea","asof":"2026-06-24"}},{"type":"Feature","geometry":{"type":"Point","coordinates":[127.04112,37.66706]},"properties":{"name":"방학1동주민센터","addr":"서울특별시 도봉구 도당로 134 (도봉새마을금고)","sgg":"11320","cap":20,"type":"001","src":"safekorea","asof":"2026-06-24"}},{"type":"Feature","geometry":{"type":"Point","coordinates":[127.02797,37.64899]},"properties":{"name":"쌍문3동주민센터","addr":"서울특별시 도봉구 노해로44길 9  (쌍문동)","sgg":"11320","cap":150,"type":"001","src":"safekorea","asof":"2026-07-09"}},{"type":"Feature","geometry":{"type":"Point","coordinates":[127.04342,37.6787]},"properties":{"name":"도봉1동주민센터","addr":"서울특별시 도봉구 도봉로169나길 22  (도봉동)","sgg":"11320","cap":150,"type":"001","src":"safekorea","asof":"2026-06-24"}},{"type":"Feature","geometry":{"type":"Point","coordinates":[127.04565,37.67456]},"properties":{"name":"도봉경로당","addr":"서울특별시 도봉구 도봉로162길 12-9  (도봉동)","sgg":"11320","cap":70,"type":"003","src":"safekorea","asof":"2026-06-24"}},{"type":"Feature","geometry":{"type":"Point","coordinates":[127.02603,37.64799]},"properties":{"name":"쌍문1동주민센터","addr":"서울특별시 도봉구 노해로 147  (쌍문동)","sgg":"11320","cap":150,"type":"001","src":"safekorea","asof":"2026-06-24"}},{"type":"Feature","geometry":{"type":"Point","coordinates":[127.01495,37.6545]},"properties":{"name":"쌍우경로당","addr":"서울특별시 도봉구 우이천로45길 22-4  (쌍문동)","sgg":"11320","cap":40,"type":"003","src":"safekorea","asof":"2026-06-24"}},{"type":"Feature","geometry":{"type":"Point","coordinates":[127.04187,37.67337]},"properties":{"name":"오봉경로당","addr":"서울특별시 도봉구 도봉로157길 35-4","sgg":"11320","cap":60,"type":"003","src":"safekorea","asof":"2026-06-24"}},{"type":"Feature","geometry":{"type":"Point","coordinates":[127.04279,37.68891]},"properties":{"name":"도봉산경로당","addr":"서울특별시 도봉구 도봉산4길 28-3  (도봉동)","sgg":"11320","cap":40,"type":"003","src":"safekorea","asof":"2026-06-24"}},{"type":"Feature","geometry":{"type":"Point","coordinates":[127.04361,37.68213]},"properties":{"name":"도봉동어르신복지관","addr":"서울특별시 도봉구 도봉로169가길 52","sgg":"11320","cap":100,"type":"003","src":"safekorea","asof":"2026-06-24"}},{"type":"Feature","geometry":{"type":"Point","coordinates":[127.04419,37.68464]},"properties":{"name":"서원경로당","addr":"서울특별시 도봉구 도봉로181길 34-7","sgg":"11320","cap":50,"type":"003","src":"safekorea","asof":"2026-06-24"}},{"type":"Feature","geometry":{"type":"Point","coordinates":[127.04746,37.68525]},"properties":{"name":"도봉한신아파트경로당","addr":"서울특별시 도봉구 마들로 859-19 (도봉한신아파트 경로회관)","sgg":"11320","cap":93,"type":"003","src":"safekorea","asof":"2026-06-24"}},{"type":"Feature","geometry":{"type":"Point","coordinates":[127.04382,37.64839]},"properties":{"name":"창1동주민센터","addr":"서울특별시 도봉구 해등로 46 (창동)","sgg":"11320","cap":48,"type":"001","src":"safekorea","asof":"2026-06-24"}},{"type":"Feature","geometry":{"type":"Point","coordinates":[127.03568,37.64141]},"properties":{"name":"창2동주민센터","addr":"서울특별시 도봉구 덕릉로59길 73-3  (창동)","sgg":"11320","cap":247,"type":"001","src":"safekorea","asof":"2026-06-24"}},{"type":"Feature","geometry":{"type":"Point","coordinates":[127.03977,37.65996]},"properties":{"name":"쌍문2동주민센터","addr":"서울특별시 도봉구 도봉로137길 21 (쌍문동)","sgg":"11320","cap":14,"type":"001","src":"safekorea","asof":"2026-06-24"}},{"type":"Feature","geometry":{"type":"Point","coordinates":[127.0382,37.65852]},"properties":{"name":"쌍문2동경로당","addr":"서울특별시 도봉구 방학로3가길 7-3","sgg":"11320","cap":60,"type":"003","src":"safekorea","asof":"2026-06-24"}},{"type":"Feature","geometry":{"type":"Point","coordinates":[127.03573,37.64127]},"properties":{"name":"초안경로당","addr":"서울특별시 도봉구 덕릉로59차길 14  (창동)","sgg":"11320","cap":30,"type":"003","src":"safekorea","asof":"2026-06-24"}},{"type":"Feature","geometry":{"type":"Point","coordinates":[127.03748,37.64402]},"properties":{"name":"장수경로당","addr":"서울특별시 도봉구 도봉로104길 101  (창동)","sgg":"11320","cap":59,"type":"003","src":"safekorea","asof":"2026-06-24"}},{"type":"Feature","geometry":{"type":"Point","coordinates":[127.04554,37.64483]},"properties":{"name":"창동종합사회복지관","addr":"서울특별시 도봉구 덕릉로 329","sgg":"11320","cap":80,"type":"001","src":"safekorea","asof":"2026-06-24"}},{"type":"Feature","geometry":{"type":"Point","coordinates":[127.02991,37.64867]},"properties":{"name":"효문경로당","addr":"서울특별시 도봉구 노해로42길 60-3  (쌍문동)","sgg":"11320","cap":40,"type":"003","src":"safekorea","asof":"2026-06-29"}},{"type":"Feature","geometry":{"type":"Point","coordinates":[127.02277,37.64997]},"properties":{"name":"쌍문1동경로당","addr":"서울특별시 도봉구 우이천로34길 9-14","sgg":"11320","cap":36,"type":"003","src":"safekorea","asof":"2026-06-24"}},{"type":"Feature","geometry":{"type":"Point","coordinates":[127.04343,37.67749]},"properties":{"name":"성황당경로당","addr":"서울특별시 도봉구 도봉로165길 28-8  (도봉동)","sgg":"11320","cap":50,"type":"003","src":"safekorea","asof":"2026-06-24"}},{"type":"Feature","geometry":{"type":"Point","coordinates":[127.03132,37.66939]},"properties":{"name":"방학2동경로당","addr":"서울특별시 도봉구 시루봉로17길 66","sgg":"11320","cap":30,"type":"003","src":"safekorea","asof":"2026-06-24"}},{"type":"Feature","geometry":{"type":"Point","coordinates":[127.03505,37.66822]},"properties":{"name":"방학2동주민센터","addr":"서울특별시 도봉구 시루봉로 226  (방학동)","sgg":"11320","cap":150,"type":"001","src":"safekorea","asof":"2026-06-24"}},{"type":"Feature","geometry":{"type":"Point","coordinates":[127.04535,37.65412]},"properties":{"name":"창5동경로당","addr":"서울특별시 도봉구 노해로63가길 34  (창동)","sgg":"11320","cap":40,"type":"003","src":"safekorea","asof":"2026-06-24"}},{"type":"Feature","geometry":{"type":"Point","coordinates":[127.04364,37.65633]},"properties":{"name":"창5동주민센터","addr":"서울특별시 도봉구 도봉로136나길 20  (창동)","sgg":"11320","cap":200,"type":"001","src":"safekorea","asof":"2026-08-11"}},{"type":"Feature","geometry":{"type":"Point","coordinates":[127.03812,37.65242]},"properties":{"name":"유만경로당","addr":"서울특별시 도봉구 노해로61길 22  (창동)","sgg":"11320","cap":30,"type":"003","src":"safekorea","asof":"2026-06-24"}},{"type":"Feature","geometry":{"type":"Point","coordinates":[127.0238,37.64825]},"properties":{"name":"쌍문동어르신복지관","addr":"서울특별시 도봉구 우이천로 363  (쌍문동)","sgg":"11320","cap":100,"type":"003","src":"safekorea","asof":"2026-06-24"}},{"type":"Feature","geometry":{"type":"Point","coordinates":[127.02224,37.66025]},"properties":{"name":"원당경로당","addr":"서울특별시 도봉구 해등로32가길 16","sgg":"11320","cap":50,"type":"003","src":"safekorea","asof":"2026-06-24"}},{"type":"Feature","geometry":{"type":"Point","coordinates":[127.02465,37.65654]},"properties":{"name":"세심천경로당","addr":null,"sgg":"11320","cap":14,"type":"003","src":"safekorea","asof":"2026-06-29"}},{"type":"Feature","geometry":{"type":"Point","coordinates":[127.03454,37.6577]},"properties":{"name":"삼익아파트경로당","addr":"서울특별시 도봉구 해등로 195 (삼익세라믹아파트)","sgg":"11320","cap":50,"type":"003","src":"safekorea","asof":"2026-06-24"}},{"type":"Feature","geometry":{"type":"Point","coordinates":[127.03221,37.65056]},"properties":{"name":"쌍문3동경로당","addr":"서울특별시 도봉구 노해로48길 71 (쌍문3동경로당)","sgg":"11320","cap":43,"type":"003","src":"safekorea","asof":"2026-06-29"}},{"type":"Feature","geometry":{"type":"Point","coordinates":[127.02794,37.65918]},"properties":{"name":"방학3동주민센터","addr":"서울특별시 도봉구 시루봉로 94  (방학동)","sgg":"11320","cap":150,"type":"001","src":"safekorea","asof":"2026-06-24"}},{"type":"Feature","geometry":{"type":"Point","coordinates":[127.04713,37.66873]},"properties":{"name":"도봉구청","addr":"서울특별시 도봉구 마들로 656 (방학동)","sgg":"11320","cap":100,"type":"001","src":"safekorea","asof":"2026-06-24"}},{"type":"Feature","geometry":{"type":"Point","coordinates":[127.03513,37.66686]},"properties":{"name":"송학경로당","addr":"서울특별시 도봉구 도당로13라길 14-3  (방학동)","sgg":"11320","cap":30,"type":"003","src":"safekorea","asof":"2026-06-24"}},{"type":"Feature","geometry":{"type":"Point","coordinates":[127.04152,37.63931]},"properties":{"name":"초헌약수경로당","addr":"서울특별시 도봉구 덕릉로60바길 31  (창동)","sgg":"11320","cap":40,"type":"003","src":"safekorea","asof":"2026-06-24"}},{"type":"Feature","geometry":{"type":"Point","coordinates":[127.04292,37.63809]},"properties":{"name":"창3동주민센터","addr":"서울특별시 도봉구 덕릉로62길 89  (창동)","sgg":"11320","cap":150,"type":"001","src":"safekorea","asof":"2026-06-24"}},{"type":"Feature","geometry":{"type":"Point","coordinates":[127.04023,37.63482]},"properties":{"name":"창3동경로당","addr":"서울특별시 도봉구 우이천로4나길 24  (창동)","sgg":"11320","cap":30,"type":"003","src":"safekorea","asof":"2026-06-24"}},{"type":"Feature","geometry":{"type":"Point","coordinates":[127.0346,37.6538]},"properties":{"name":"백운경로당","addr":"서울특별시 도봉구 노해로57길 62  (쌍문동)","sgg":"11320","cap":40,"type":"003","src":"safekorea","asof":"2026-06-24"}},{"type":"Feature","geometry":{"type":"Point","coordinates":[127.03209,37.64622]},"properties":{"name":"인터넷모텔(야간한파쉼터)","addr":"서울특별시 도봉구 우이천로24길 65  (쌍문동)","sgg":"11320","cap":10,"type":"003","src":"safekorea","asof":"2026-01-12"}},{"type":"Feature","geometry":{"type":"Point","coordinates":[127.04653,37.66974]},"properties":{"name":"도봉2동주민센터","addr":"서울특별시 도봉구 마들로 668 (도봉2동주민센터(도봉서원종합복지관))","sgg":"11320","cap":139,"type":"001","src":"safekorea","asof":"2026-07-09"}},{"type":"Feature","geometry":{"type":"Point","coordinates":[127.04706,37.66851]},"properties":{"name":"도봉구청응급대피소","addr":"서울특별시 도봉구 마들로 656  (방학동)","sgg":"11320","cap":3,"type":"001","src":"safekorea","asof":"2026-07-23"}},{"type":"Feature","geometry":{"type":"Point","coordinates":[127.03689,37.66375]},"properties":{"name":"모텔세화(야간한파쉼터)","addr":"서울특별시 도봉구 방학로6길 17  (방학동)","sgg":"11320","cap":10,"type":"003","src":"safekorea","asof":"2026-01-12"}},{"type":"Feature","geometry":{"type":"Point","coordinates":[127.04152,37.6367]},"properties":{"name":"창동어르신복지관","addr":"서울특별시 도봉구 덕릉로60차길 8 (창동어르신복지관)","sgg":"11320","cap":100,"type":"003","src":"safekorea","asof":"2026-06-24"}},{"type":"Feature","geometry":{"type":"Point","coordinates":[127.05154,37.65225]},"properties":{"name":"창4동주민센터","addr":"서울특별시 도봉구 노해로 390","sgg":"11320","cap":82,"type":"001","src":"safekorea","asof":"2026-06-24"}},{"type":"Feature","geometry":{"type":"Point","coordinates":[127.03898,37.66912]},"properties":{"name":"청학경로당","addr":"서울특별시 도봉구 도당로13라길 104-4  (방학동)","sgg":"11320","cap":60,"type":"003","src":"safekorea","asof":"2026-06-24"}},{"type":"Feature","geometry":{"type":"Point","coordinates":[127.02847,37.6565]},"properties":{"name":"쌍문4동주민센터","addr":"서울특별시 도봉구 시루봉로 62-7  (쌍문동)","sgg":"11320","cap":55,"type":"001","src":"safekorea","asof":"2026-06-24"}},{"type":"Feature","geometry":{"type":"Point","coordinates":[127.03269,37.66528]},"properties":{"name":"신우경로당","addr":"서울특별시 도봉구 도당로13다길 39  (방학동)","sgg":"11320","cap":30,"type":"003","src":"safekorea","asof":"2026-06-24"}},{"type":"Feature","geometry":{"type":"Point","coordinates":[127.03221,37.67059]},"properties":{"name":"방학동어르신복지관","addr":"서울특별시 도봉구 시루봉로15라길 59-9  (방학동)","sgg":"11320","cap":100,"type":"003","src":"safekorea","asof":"2026-06-24"}},{"type":"Feature","geometry":{"type":"Point","coordinates":[127.07902,37.62399]},"properties":{"name":"대아아파트경로당","addr":"서울특별시 노원구 공릉로 157 (대아아파트)","sgg":"11350","cap":30,"type":"003","src":"safekorea","asof":"2026-02-03"}},{"type":"Feature","geometry":{"type":"Point","coordinates":[127.06912,37.64649]},"properties":{"name":"평화사회복지관경로당","addr":"서울특별시 노원구 노원로 331 (중계동, 시영3단지목련아파트)","sgg":"11350","cap":100,"type":"003","src":"safekorea","asof":"2026-05-31"}},{"type":"Feature","geometry":{"type":"Point","coordinates":[127.07674,37.66059]},"properties":{"name":"한우리경로당","addr":"서울특별시 노원구 덕릉로92길 13-11 (중계동)","sgg":"11350","cap":18,"type":"003","src":"safekorea","asof":"2026-05-31"}},{"type":"Feature","geometry":{"type":"Point","coordinates":[127.06989,37.63072]},"properties":{"name":"공릉1단지아파트경로당","addr":"서울특별시 노원구 동일로 1127 (공릉동, 공릉1단지아파트)","sgg":"11350","cap":137,"type":"003","src":"safekorea","asof":"2026-05-28"}},{"type":"Feature","geometry":{"type":"Point","coordinates":[127.06698,37.65489]},"properties":{"name":"상계6.7동주민센터","addr":"서울특별시 노원구 노원로 429 (상계동)","sgg":"11350","cap":20,"type":"001","src":"safekorea","asof":"2026-07-09"}},{"type":"Feature","geometry":{"type":"Point","coordinates":[127.06782,37.6575]},"properties":{"name":"상계2동주민센터","addr":"서울특별시 노원구 상계로 118 (상계동)","sgg":"11350","cap":20,"type":"001","src":"safekorea","asof":"2026-07-21"}},{"type":"Feature","geometry":{"type":"Point","coordinates":[127.08319,37.67288]},"properties":{"name":"상계3.4동주민센터","addr":"서울특별시 노원구 덕릉로 859 (상계동)","sgg":"11350","cap":20,"type":"001","src":"safekorea","asof":"2026-07-09"}},{"type":"Feature","geometry":{"type":"Point","coordinates":[127.07308,37.66563]},"properties":{"name":"숲속경로당","addr":"서울특별시 노원구 수락산로 32","sgg":"11350","cap":20,"type":"003","src":"safekorea","asof":"2026-05-29"}},{"type":"Feature","geometry":{"type":"Point","coordinates":[127.06745,37.65628]},"properties":{"name":"원터경로당","addr":"서울특별시 노원구 상계로10길 24-7 (상계동)","sgg":"11350","cap":36,"type":"003","src":"safekorea","asof":"2026-05-29"}},{"type":"Feature","geometry":{"type":"Point","coordinates":[127.07822,37.66604]},"properties":{"name":"동아불암106동경로당","addr":"서울특별시 노원구 덕릉로112길 13 (동아불암아파트)","sgg":"11350","cap":34,"type":"003","src":"safekorea","asof":"2026-06-22"}},{"type":"Feature","geometry":{"type":"Point","coordinates":[127.05157,37.66675]},"properties":{"name":"상계8동주민센터","addr":"서울특별시 노원구 동일로227길 97 (상계동)","sgg":"11350","cap":20,"type":"001","src":"safekorea","asof":"2026-07-09"}},{"type":"Feature","geometry":{"type":"Point","coordinates":[127.06015,37.62053]},"properties":{"name":"세양청마루아파트경로당","addr":"서울특별시 노원구 석계로13길 35 (세양청마루아파트 경로당)","sgg":"11350","cap":null,"type":"003","src":"safekorea","asof":"2026-05-29"}},{"type":"Feature","geometry":{"type":"Point","coordinates":[127.08221,37.65026]},"properties":{"name":"천보경로당","addr":"서울특별시 노원구 중계로14길 39-4 (중계동)","sgg":"11350","cap":33,"type":"003","src":"safekorea","asof":"2026-05-31"}},{"type":"Feature","geometry":{"type":"Point","coordinates":[127.0572,37.62136]},"properties":{"name":"연촌경로당","addr":"서울특별시 노원구 광운로15길 35-2 (월계동, 동광빌라)","sgg":"11350","cap":27,"type":"003","src":"safekorea","asof":"2026-05-29"}},{"type":"Feature","geometry":{"type":"Point","coordinates":[127.06232,37.6207]},"properties":{"name":"장은하이빌아파트경로당","addr":"서울특별시 노원구 석계로13길 6-9 (장은아파트)","sgg":"11350","cap":null,"type":"003","src":"safekorea","asof":"2026-06-22"}},{"type":"Feature","geometry":{"type":"Point","coordinates":[127.07797,37.66395]},"properties":{"name":"상계불암대림아파트207동경로당","addr":"서울특별시 노원구 덕릉로94가길 41 (상계동, 상계불암대림아파트)","sgg":"11350","cap":22,"type":"003","src":"safekorea","asof":"2026-05-29"}},{"type":"Feature","geometry":{"type":"Point","coordinates":[127.08234,37.65095]},"properties":{"name":"편백경로당","addr":"서울특별시 노원구 중계로16길 36-1 (중계동)","sgg":"11350","cap":15,"type":"003","src":"safekorea","asof":"2026-05-31"}},{"type":"Feature","geometry":{"type":"Point","coordinates":[127.06605,37.65965]},"properties":{"name":"불암경로당","addr":"서울특별시 노원구 한글비석로47길 99-3 (상계동)","sgg":"11350","cap":22,"type":"003","src":"safekorea","asof":"2026-05-29"}},{"type":"Feature","geometry":{"type":"Point","coordinates":[127.05106,37.67275]},"properties":{"name":"상계1동현대4차아파트경로당","addr":"서울특별시 노원구 동일로231다길 23 (현대4차아파트)","sgg":"11350","cap":null,"type":"003","src":"safekorea","asof":"2026-06-22"}},{"type":"Feature","geometry":{"type":"Point","coordinates":[127.05668,37.68281]},"properties":{"name":"은빛3단지어르신방경로당","addr":"서울특별시 노원구 동일로250길 17 (상계동, 은빛3단지아파트)","sgg":"11350","cap":67,"type":"003","src":"safekorea","asof":"2026-05-29"}},{"type":"Feature","geometry":{"type":"Point","coordinates":[127.05673,37.65411]},"properties":{"name":"노원구청1층로비","addr":"서울특별시 노원구 노해로 437 (상계동)","sgg":"11350","cap":50,"type":"001","src":"safekorea","asof":"2026-02-03"}},{"type":"Feature","geometry":{"type":"Point","coordinates":[127.06896,37.66146]},"properties":{"name":"상계5동경로당","addr":"서울특별시 노원구 한글비석로37길 22 (상계동)","sgg":"11350","cap":22,"type":"003","src":"safekorea","asof":"2026-05-29"}},{"type":"Feature","geometry":{"type":"Point","coordinates":[127.08052,37.66857]},"properties":{"name":"불암현대아파트106동경로당","addr":null,"sgg":"11350","cap":24,"type":"003","src":"safekorea","asof":"2026-06-22"}},{"type":"Feature","geometry":{"type":"Point","coordinates":[127.0832,37.6708]},"properties":{"name":"도암경로당","addr":"서울특별시 노원구 덕릉로126나길 14 (도암경노당)","sgg":"11350","cap":31,"type":"003","src":"safekorea","asof":"2026-05-29"}},{"type":"Feature","geometry":{"type":"Point","coordinates":[127.08238,37.67224]},"properties":{"name":"덕산경로당","addr":"서울특별시 노원구 덕릉로129길 7","sgg":"11350","cap":36,"type":"003","src":"safekorea","asof":"2026-05-29"}},{"type":"Feature","geometry":{"type":"Point","coordinates":[127.08035,37.64777]},"properties":{"name":"중계본동주민센터","addr":"서울특별시 노원구 중계로 143 (중계동)","sgg":"11350","cap":20,"type":"001","src":"safekorea","asof":"2026-07-09"}},{"type":"Feature","geometry":{"type":"Point","coordinates":[127.07796,37.65881]},"properties":{"name":"중계4동주민센터","addr":"서울특별시 노원구 덕릉로82길 50 (중계동)","sgg":"11350","cap":20,"type":"001","src":"safekorea","asof":"2026-07-09"}},{"type":"Feature","geometry":{"type":"Point","coordinates":[127.07626,37.66172]},"properties":{"name":"건영아파트경로당","addr":"서울특별시 노원구 덕릉로 718 (중계동건영아파트 관리노인정)","sgg":"11350","cap":null,"type":"003","src":"safekorea","asof":"2026-06-22"}},{"type":"Feature","geometry":{"type":"Point","coordinates":[127.07633,37.65678]},"properties":{"name":"중계사회복지관경로당","addr":"서울특별시 노원구 덕릉로 662 (중계동, 주공3단지아파트)","sgg":"11350","cap":91,"type":"003","src":"safekorea","asof":"2026-05-31"}},{"type":"Feature","geometry":{"type":"Point","coordinates":[127.0583,37.61762]},"properties":{"name":"선곡경로당","addr":"서울특별시 노원구 광운로2길 15-6 (월계동)","sgg":"11350","cap":27,"type":"003","src":"safekorea","asof":"2026-05-29"}},{"type":"Feature","geometry":{"type":"Point","coordinates":[127.05144,37.63578]},"properties":{"name":"청백1단지경로당","addr":"서울특별시 노원구 초안산로 89 (월계청백1단지아파트 104동)","sgg":"11350","cap":56,"type":"003","src":"safekorea","asof":"2026-06-22"}},{"type":"Feature","geometry":{"type":"Point","coordinates":[127.05047,37.67443]},"properties":{"name":"북현경로당","addr":"서울특별시 노원구 동일로237바길 17  (상계동, 북부현대아파트)","sgg":"11350","cap":null,"type":"003","src":"safekorea","asof":"2026-05-29"}},{"type":"Feature","geometry":{"type":"Point","coordinates":[127.07306,37.63826]},"properties":{"name":"에너지제로주택경로당","addr":"서울특별시 노원구 한글비석로 97  (하계동)","sgg":"11350","cap":null,"type":"003","src":"safekorea","asof":"2026-06-01"}},{"type":"Feature","geometry":{"type":"Point","coordinates":[127.07659,37.63679]},"properties":{"name":"하계경로당","addr":"서울특별시 노원구 공릉로58마길 7 (하계동)","sgg":"11350","cap":53,"type":"003","src":"safekorea","asof":"2026-05-31"}},{"type":"Feature","geometry":{"type":"Point","coordinates":[127.05636,37.67686]},"properties":{"name":"봉산경로당","addr":"서울특별시 노원구 동일로242가길 26-23 (상계동)","sgg":"11350","cap":30,"type":"003","src":"safekorea","asof":"2026-05-29"}},{"type":"Feature","geometry":{"type":"Point","coordinates":[127.0549,37.67988]},"properties":{"name":"상계1동주민센터","addr":"서울특별시 노원구 동일로 1697 (상계동)","sgg":"11350","cap":20,"type":"001","src":"safekorea","asof":"2026-07-23"}},{"type":"Feature","geometry":{"type":"Point","coordinates":[127.05765,37.67593]},"properties":{"name":"상계수락경로당","addr":"서울특별시 노원구 동일로242라길 20 (상계동, 삼성프라임)","sgg":"11350","cap":31,"type":"003","src":"safekorea","asof":"2026-05-29"}},{"type":"Feature","geometry":{"type":"Point","coordinates":[127.05708,37.67459]},"properties":{"name":"우림루미아트경로당","addr":"서울특별시 노원구 동일로238길 33  (상계동, 우림루미아트)","sgg":"11350","cap":null,"type":"003","src":"safekorea","asof":"2026-05-29"}},{"type":"Feature","geometry":{"type":"Point","coordinates":[127.05453,37.67433]},"properties":{"name":"상일경로당","addr":"서울특별시 노원구 동일로237가길 10 (상계동)","sgg":"11350","cap":37,"type":"003","src":"safekorea","asof":"2026-05-29"}},{"type":"Feature","geometry":{"type":"Point","coordinates":[127.08507,37.64804]},"properties":{"name":"현대2차아파트경로당","addr":"서울특별시 노원구 중계로8길 103 (현대그룹중계동주택조합2차(아))","sgg":"11350","cap":null,"type":"003","src":"safekorea","asof":"2026-05-31"}},{"type":"Feature","geometry":{"type":"Point","coordinates":[127.07072,37.65613]},"properties":{"name":"청솔경로당","addr":"서울특별시 노원구 노원로30길 73 (상계동)","sgg":"11350","cap":26,"type":"003","src":"safekorea","asof":"2026-05-29"}},{"type":"Feature","geometry":{"type":"Point","coordinates":[127.06498,37.65819]},"properties":{"name":"노원우성아파트경로당","addr":"서울특별시 노원구 상계로7길 18 (우성아파트)","sgg":"11350","cap":null,"type":"003","src":"safekorea","asof":"2026-06-22"}},{"type":"Feature","geometry":{"type":"Point","coordinates":[127.07915,37.62525]},"properties":{"name":"공릉경로당","addr":"서울특별시 노원구 공릉로 169-9 (공릉동, 진주빌라)","sgg":"11350","cap":22,"type":"003","src":"safekorea","asof":"2026-05-28"}},{"type":"Feature","geometry":{"type":"Point","coordinates":[127.07305,37.65449]},"properties":{"name":"양지대림2차209동경로당","addr":"서울특별시 노원구 덕릉로77길 27 (양지대림아파트 관리사무소)","sgg":"11350","cap":20,"type":"003","src":"safekorea","asof":"2026-05-31"}},{"type":"Feature","geometry":{"type":"Point","coordinates":[127.07752,37.65259]},"properties":{"name":"중계1동주민센터","addr":"서울특별시 노원구 한글비석로 279 (중계동)","sgg":"11350","cap":20,"type":"001","src":"safekorea","asof":"2026-07-22"}},{"type":"Feature","geometry":{"type":"Point","coordinates":[127.07206,37.65212]},"properties":{"name":"양지대림1차106,107동경로당","addr":"서울특별시 노원구 덕릉로73길 31 (양지대림아파트)","sgg":"11350","cap":28,"type":"003","src":"safekorea","asof":"2026-05-31"}},{"type":"Feature","geometry":{"type":"Point","coordinates":[127.07053,37.66257]},"properties":{"name":"복지경로당","addr":"서울특별시 노원구 한글비석로 426-12 (상계동)","sgg":"11350","cap":46,"type":"003","src":"safekorea","asof":"2026-05-29"}},{"type":"Feature","geometry":{"type":"Point","coordinates":[127.07194,37.66454]},"properties":{"name":"송암경로당","addr":"서울특별시 노원구 한글비석로44길 64-20 (상계동)","sgg":"11350","cap":60,"type":"003","src":"safekorea","asof":"2026-05-29"}},{"type":"Feature","geometry":{"type":"Point","coordinates":[127.08318,37.67457]},"properties":{"name":"양지마을경로당","addr":"서울특별시 노원구 덕릉로137길 35 (양지마을경로당)","sgg":"11350","cap":34,"type":"003","src":"safekorea","asof":"2026-05-29"}},{"type":"Feature","geometry":{"type":"Point","coordinates":[127.06322,37.65973]},"properties":{"name":"상계10동주민센터","addr":"서울특별시 노원구 노원로 495 (해링턴플레이스 노원 센트럴)","sgg":"11350","cap":20,"type":"001","src":"safekorea","asof":"2026-07-09"}},{"type":"Feature","geometry":{"type":"Point","coordinates":[127.05913,37.62528]},"properties":{"name":"광운경로당","addr":"서울특별시 노원구 광운로19가길 53 (월계동)","sgg":"11350","cap":23,"type":"003","src":"safekorea","asof":"2026-05-29"}},{"type":"Feature","geometry":{"type":"Point","coordinates":[127.08363,37.64825]},"properties":{"name":"은행경로당","addr":"서울특별시 노원구 중계로8길 124","sgg":"11350","cap":44,"type":"003","src":"safekorea","asof":"2026-05-31"}},{"type":"Feature","geometry":{"type":"Point","coordinates":[127.06389,37.6645]},"properties":{"name":"상계9동주민센터","addr":"서울특별시 노원구 한글비석로 487 (상계동)","sgg":"11350","cap":20,"type":"001","src":"safekorea","asof":"2026-07-09"}},{"type":"Feature","geometry":{"type":"Point","coordinates":[127.06297,37.61989]},"properties":{"name":"월계1동주민센터","addr":"서울특별시 노원구 석계로 59 (월계동)","sgg":"11350","cap":20,"type":"001","src":"safekorea","asof":"2026-07-09"}},{"type":"Feature","geometry":{"type":"Point","coordinates":[127.05874,37.6213]},"properties":{"name":"월성경로당","addr":"서울특별시 노원구 광운로13길 9 (월계동)","sgg":"11350","cap":44,"type":"003","src":"safekorea","asof":"2026-05-29"}},{"type":"Feature","geometry":{"type":"Point","coordinates":[127.05252,37.62258]},"properties":{"name":"벼루마을경로당","addr":"서울특별시 노원구 월계로44길 62 (월계동)","sgg":"11350","cap":25,"type":"003","src":"safekorea","asof":"2026-05-29"}},{"type":"Feature","geometry":{"type":"Point","coordinates":[127.06875,37.64208]},"properties":{"name":"중계2.3동주민센터","addr":"서울특별시 노원구 노원로17길 56 (중계동)","sgg":"11350","cap":20,"type":"001","src":"safekorea","asof":"2026-07-09"}},{"type":"Feature","geometry":{"type":"Point","coordinates":[127.06966,37.64345]},"properties":{"name":"중계4단지목화아파트경로당","addr":"서울특별시 노원구 노원로19길 31 (목화아파트403동)","sgg":"11350","cap":83,"type":"003","src":"safekorea","asof":"2026-05-31"}},{"type":"Feature","geometry":{"type":"Point","coordinates":[127.05282,37.62729]},"properties":{"name":"월계종합복지관경로당","addr":"서울특별시 노원구 초안산로1길 51 (월계종합사회복지관)","sgg":"11350","cap":49,"type":"003","src":"safekorea","asof":"2026-07-24"}},{"type":"Feature","geometry":{"type":"Point","coordinates":[127.08571,37.67202]},"properties":{"name":"희망경로당","addr":"서울특별시 노원구 덕릉로130길 48 (상계동)","sgg":"11350","cap":34,"type":"003","src":"safekorea","asof":"2026-05-29"}},{"type":"Feature","geometry":{"type":"Point","coordinates":[127.07558,37.62784]},"properties":{"name":"공릉행복경로당","addr":"서울특별시 노원구 동일로192나길 16-15 (공릉동, 임성타운4차)","sgg":"11350","cap":41,"type":"003","src":"safekorea","asof":"2026-05-28"}},{"type":"Feature","geometry":{"type":"Point","coordinates":[127.07189,37.62585]},"properties":{"name":"신도2차브래뉴아파트경로당","addr":"서울특별시 노원구 동일로193길 7  (공릉동, 공릉2차 신도 브래뉴 아파트)","sgg":"11350","cap":null,"type":"003","src":"safekorea","asof":"2026-05-28"}},{"type":"Feature","geometry":{"type":"Point","coordinates":[127.05076,37.63247]},"properties":{"name":"월계2동주민센터","addr":"서울특별시 노원구 초안산로5길 28 (월계동)","sgg":"11350","cap":20,"type":"001","src":"safekorea","asof":"2026-07-09"}},{"type":"Feature","geometry":{"type":"Point","coordinates":[127.05805,37.63241]},"properties":{"name":"인덕마을경로당","addr":"서울특별시 노원구 초안산로2길 94-14 (월계동, 전철연립)","sgg":"11350","cap":27,"type":"003","src":"safekorea","asof":"2026-05-29"}},{"type":"Feature","geometry":{"type":"Point","coordinates":[127.07384,37.62479]},"properties":{"name":"공릉1동주민센터","addr":"서울특별시 노원구 동일로186길 3-24 (공릉동)","sgg":"11350","cap":20,"type":"001","src":"safekorea","asof":"2026-07-09"}},{"type":"Feature","geometry":{"type":"Point","coordinates":[127.07593,37.62163]},"properties":{"name":"한마음경로당","addr":"서울특별시 노원구 동일로178길 25-5 (공릉동)","sgg":"11350","cap":23,"type":"003","src":"safekorea","asof":"2026-08-19"}},{"type":"Feature","geometry":{"type":"Point","coordinates":[127.07722,37.62115]},"properties":{"name":"공릉1동현대아파트경로당","addr":"서울특별시 노원구 동일로176길 39-12  (공릉동, 현대아파트)","sgg":"11350","cap":null,"type":"003","src":"safekorea","asof":"2026-05-28"}},{"type":"Feature","geometry":{"type":"Point","coordinates":[127.07539,37.62435]},"properties":{"name":"공덕경로당","addr":"서울특별시 노원구 동일로184길 33 (공릉동)","sgg":"11350","cap":36,"type":"003","src":"safekorea","asof":"2026-08-19"}},{"type":"Feature","geometry":{"type":"Point","coordinates":[127.08765,37.62465]},"properties":{"name":"공릉아파트경로당","addr":"서울특별시 노원구 화랑로51길 81 (공릉아파트 경비실)","sgg":"11350","cap":38,"type":"003","src":"safekorea","asof":"2026-06-22"}},{"type":"Feature","geometry":{"type":"Point","coordinates":[127.07286,37.62199]},"properties":{"name":"공릉1동경로당","addr":"서울특별시 노원구 동일로179길 22 (공릉동)","sgg":"11350","cap":28,"type":"003","src":"safekorea","asof":"2026-05-28"}},{"type":"Feature","geometry":{"type":"Point","coordinates":[127.07296,37.65978]},"properties":{"name":"대호프라자경로당","addr":"서울특별시 노원구 한글비석로 384  (중계동)","sgg":"11350","cap":null,"type":"003","src":"safekorea","asof":"2026-05-31"}},{"type":"Feature","geometry":{"type":"Point","coordinates":[127.05102,37.676]},"properties":{"name":"계산경로당","addr":"서울특별시 노원구 동일로239다길 19 (계산노인정)","sgg":"11350","cap":43,"type":"003","src":"safekorea","asof":"2026-05-29"}},{"type":"Feature","geometry":{"type":"Point","coordinates":[127.08339,37.62129]},"properties":{"name":"공릉2동주민센터","addr":"서울특별시 노원구 노원로1길 68 (공릉동)","sgg":"11350","cap":20,"type":"001","src":"safekorea","asof":"2026-07-09"}},{"type":"Feature","geometry":{"type":"Point","coordinates":[127.07853,37.6676]},"properties":{"name":"수암경로당","addr":"서울특별시 노원구 덕릉로115가길 21 (상계동)","sgg":"11350","cap":35,"type":"003","src":"safekorea","asof":"2026-05-29"}},{"type":"Feature","geometry":{"type":"Point","coordinates":[127.06051,37.63005]},"properties":{"name":"사슴1단지경로당","addr":"서울특별시 노원구 월계로 372 (월계사슴1단지아파트)","sgg":"11350","cap":78,"type":"003","src":"safekorea","asof":"2026-05-29"}},{"type":"Feature","geometry":{"type":"Point","coordinates":[127.06683,37.61731]},"properties":{"name":"건양노블레스아파트경로당","addr":"서울특별시 노원구 화랑로45길 42-18 (건양노블레스아파트)","sgg":"11350","cap":null,"type":"003","src":"safekorea","asof":"2026-06-01"}},{"type":"Feature","geometry":{"type":"Point","coordinates":[127.06712,37.61591]},"properties":{"name":"월계우남아파트경로당","addr":"서울특별시 노원구 화랑로 355 (우남아파트)","sgg":"11350","cap":null,"type":"003","src":"safekorea","asof":"2026-06-01"}},{"type":"Feature","geometry":{"type":"Point","coordinates":[127.06034,37.63249]},"properties":{"name":"사슴2단지경로당","addr":"서울특별시 노원구 월계로55길 16 (월계사슴2단지아파트)","sgg":"11350","cap":60,"type":"003","src":"safekorea","asof":"2026-06-01"}},{"type":"Feature","geometry":{"type":"Point","coordinates":[127.06927,37.62096]},"properties":{"name":"월계3동주민센터","addr":"서울특별시 노원구 마들로 57 (월계3동주민센터)","sgg":"11350","cap":20,"type":"001","src":"safekorea","asof":"2026-07-09"}},{"type":"Feature","geometry":{"type":"Point","coordinates":[127.07366,37.64248]},"properties":{"name":"중계9단지아파트경로당","addr":"서울특별시 노원구 노원로16길 15 (하계동, 중계주공9단지아파트)","sgg":"11350","cap":69,"type":"003","src":"safekorea","asof":"2026-05-31"}},{"type":"Feature","geometry":{"type":"Point","coordinates":[127.0651,37.64713]},"properties":{"name":"마들사회복지관경로당","addr":"서울특별시 노원구 동일로210길 22 (중계동, 중계주공1단지아파트)","sgg":"11350","cap":33,"type":"003","src":"safekorea","asof":"2026-05-31"}},{"type":"Feature","geometry":{"type":"Point","coordinates":[127.07898,37.62175]},"properties":{"name":"공릉2동경로당","addr":"서울특별시 노원구 공릉로 129 (공릉동)","sgg":"11350","cap":34,"type":"003","src":"safekorea","asof":"2026-05-28"}},{"type":"Feature","geometry":{"type":"Point","coordinates":[127.08122,37.62211]},"properties":{"name":"공노회경로당","addr":"서울특별시 노원구 공릉로32길 35-2 (공릉동)","sgg":"11350","cap":22,"type":"003","src":"safekorea","asof":"2026-05-28"}},{"type":"Feature","geometry":{"type":"Point","coordinates":[127.07259,37.64057]},"properties":{"name":"하계1동주민센터","addr":"서울특별시 노원구 노원로 261 (하계동)","sgg":"11350","cap":20,"type":"001","src":"safekorea","asof":"2026-07-09"}},{"type":"Feature","geometry":{"type":"Point","coordinates":[127.06938,37.66296]},"properties":{"name":"상계5동주민센터","addr":"서울특별시 노원구 한글비석로 434 (상계동)","sgg":"11350","cap":20,"type":"001","src":"safekorea","asof":"2026-07-09"}},{"type":"Feature","geometry":{"type":"Point","coordinates":[127.06475,37.63235]},"properties":{"name":"학여울청구B단지아파트경로당","addr":"서울특별시 노원구 한글비석로 6 (학여울청구아파트 118동)","sgg":"11350","cap":24,"type":"003","src":"safekorea","asof":"2026-07-16"}},{"type":"Feature","geometry":{"type":"Point","coordinates":[127.06794,37.63199]},"properties":{"name":"하계2동주민센터","addr":"서울특별시 노원구 공릉로55길 88 (하계동)","sgg":"11350","cap":20,"type":"001","src":"safekorea","asof":"2026-07-09"}},{"type":"Feature","geometry":{"type":"Point","coordinates":[127.06313,37.63387]},"properties":{"name":"학여울청구117동경로당","addr":"서울특별시 노원구 동일로207길 186 (학여울청구아파트 117동)","sgg":"11350","cap":20,"type":"003","src":"safekorea","asof":"2026-06-01"}},{"type":"Feature","geometry":{"type":"Point","coordinates":[126.92939,37.60258]},"properties":{"name":"은평구청","addr":"서울특별시 은평구 은평로 195 (은평구청)","sgg":"11380","cap":null,"type":"001","src":"safekorea","asof":"2026-05-28"}},{"type":"Feature","geometry":{"type":"Point","coordinates":[126.91562,37.59227]},"properties":{"name":"응암3동주민센터","addr":"서울특별시 은평구 불광천길 410-17","sgg":"11380","cap":120,"type":"001","src":"safekorea","asof":"2026-05-28"}},{"type":"Feature","geometry":{"type":"Point","coordinates":[126.89367,37.58354]},"properties":{"name":"수색동주민센터","addr":"서울특별시 은평구 수색로 280 (수색동)","sgg":"11380","cap":20,"type":"001","src":"safekorea","asof":"2026-05-28"}},{"type":"Feature","geometry":{"type":"Point","coordinates":[126.9301,37.63205]},"properties":{"name":"은평노인종합복지관","addr":"서울특별시 은평구 연서로 415","sgg":"11380","cap":10,"type":"003","src":"safekorea","asof":"2026-04-22"}},{"type":"Feature","geometry":{"type":"Point","coordinates":[126.92085,37.61417]},"properties":{"name":"대조동주민센터","addr":"서울특별시 은평구 연서로20길 24-3","sgg":"11380","cap":83,"type":"001","src":"safekorea","asof":"2026-08-03"}},{"type":"Feature","geometry":{"type":"Point","coordinates":[126.92683,37.60078]},"properties":{"name":"응암1동주민센터","addr":"서울특별시 은평구 백련산로 179","sgg":"11380","cap":30,"type":"001","src":"safekorea","asof":"2026-05-28"}},{"type":"Feature","geometry":{"type":"Point","coordinates":[126.91673,37.62372]},"properties":{"name":"갈현1동주민센터","addr":"서울특별시 은평구 갈현로 301","sgg":"11380","cap":86,"type":"001","src":"safekorea","asof":"2026-05-28"}},{"type":"Feature","geometry":{"type":"Point","coordinates":[126.92991,37.60221]},"properties":{"name":"녹번동주민센터","addr":"서울특별시 은평구 은평로 195 (녹번동)","sgg":"11380","cap":84,"type":"001","src":"safekorea","asof":"2026-05-28"}},{"type":"Feature","geometry":{"type":"Point","coordinates":[126.9158,37.6186]},"properties":{"name":"갈현2동주민센터","addr":"서울특별시 은평구 연서로27길 31-6","sgg":"11380","cap":50,"type":"001","src":"safekorea","asof":"2026-05-28"}},{"type":"Feature","geometry":{"type":"Point","coordinates":[126.91133,37.60331]},"properties":{"name":"역촌노인복지관","addr":"서울특별시 은평구 연서로3나길 11-30","sgg":"11380","cap":15,"type":"003","src":"safekorea","asof":"2026-04-22"}},{"type":"Feature","geometry":{"type":"Point","coordinates":[126.9082,37.5903]},"properties":{"name":"신사노인복지관","addr":"서울특별시 은평구 증산로15길 47","sgg":"11380","cap":25,"type":"003","src":"safekorea","asof":"2026-04-22"}},{"type":"Feature","geometry":{"type":"Point","coordinates":[126.92485,37.61952]},"properties":{"name":"불광노인복지관","addr":"서울특별시 은평구 연서로32길 17-11 (불광동)","sgg":"11380","cap":10,"type":"003","src":"safekorea","asof":"2026-05-19"}},{"type":"Feature","geometry":{"type":"Point","coordinates":[126.91042,37.61175]},"properties":{"name":"구산동주민센터","addr":"서울특별시 은평구 갈현로17길 10","sgg":"11380","cap":20,"type":"001","src":"safekorea","asof":"2026-05-28"}},{"type":"Feature","geometry":{"type":"Point","coordinates":[126.9145,37.5934]},"properties":{"name":"불광천어르신쉼터(은평춘당)","addr":"서울특별시 은평구 증산로 414 (응암동)","sgg":"11380","cap":70,"type":"003","src":"safekorea","asof":"2026-04-22"}},{"type":"Feature","geometry":{"type":"Point","coordinates":[126.93199,37.61033]},"properties":{"name":"불광1동주민센터","addr":"서울특별시 은평구 진흥로15길 10","sgg":"11380","cap":20,"type":"001","src":"safekorea","asof":"2026-05-28"}},{"type":"Feature","geometry":{"type":"Point","coordinates":[126.9209,37.635]},"properties":{"name":"진관동주민센터","addr":"서울특별시 은평구 진관2로 31","sgg":"11380","cap":57,"type":"001","src":"safekorea","asof":"2026-05-28"}},{"type":"Feature","geometry":{"type":"Point","coordinates":[126.91678,37.59459]},"properties":{"name":"응암노인복지관","addr":"서울특별시 은평구 응암로21가길 5-1  (응암동)","sgg":"11380","cap":null,"type":"003","src":"safekorea","asof":"2026-04-22"}},{"type":"Feature","geometry":{"type":"Point","coordinates":[126.90706,37.58436]},"properties":{"name":"증산동주민센터","addr":"서울특별시 은평구 증산서길 89","sgg":"11380","cap":43,"type":"001","src":"safekorea","asof":"2026-05-28"}},{"type":"Feature","geometry":{"type":"Point","coordinates":[126.91869,37.62491]},"properties":{"name":"갈현노인복지관","addr":"서울특별시 은평구 통일로89길 12-6","sgg":"11380","cap":10,"type":"003","src":"safekorea","asof":"2026-05-19"}},{"type":"Feature","geometry":{"type":"Point","coordinates":[126.90803,37.59027]},"properties":{"name":"신사2동주민센터","addr":"서울특별시 은평구 증산로15길 47 (신사동)","sgg":"11380","cap":50,"type":"001","src":"safekorea","asof":"2026-05-28"}},{"type":"Feature","geometry":{"type":"Point","coordinates":[126.91524,37.6044]},"properties":{"name":"역촌동주민센터","addr":"서울특별시 은평구 연서로 59","sgg":"11380","cap":20,"type":"001","src":"safekorea","asof":"2026-05-28"}},{"type":"Feature","geometry":{"type":"Point","coordinates":[126.92314,37.59441]},"properties":{"name":"응암2동주민센터","addr":"서울특별시 은평구 백련산로 100","sgg":"11380","cap":20,"type":"001","src":"safekorea","asof":"2026-05-28"}},{"type":"Feature","geometry":{"type":"Point","coordinates":[126.91175,37.5978]},"properties":{"name":"신사1동주민센터","addr":"서울특별시 은평구 은평로2길 2","sgg":"11380","cap":20,"type":"001","src":"safekorea","asof":"2026-05-28"}},{"type":"Feature","geometry":{"type":"Point","coordinates":[126.9273,37.62635]},"properties":{"name":"불광2동주민센터","addr":"서울특별시 은평구 연서로41길 18 (불광동)","sgg":"11380","cap":20,"type":"001","src":"safekorea","asof":"2026-05-28"}},{"type":"Feature","geometry":{"type":"Point","coordinates":[126.92192,37.61345]},"properties":{"name":"대조노인복지관","addr":"서울특별시 은평구 역말로9길 27","sgg":"11380","cap":10,"type":"003","src":"safekorea","asof":"2026-05-19"}},{"type":"Feature","geometry":{"type":"Point","coordinates":[126.94644,37.5954]},"properties":{"name":"홍은1동분회경로당","addr":"서울특별시 서대문구  세검정로1길  116 , 홍은동종합사회복지관 (홍은동)","sgg":"11410","cap":23,"type":"003","src":"safekorea","asof":"2026-08-06"}},{"type":"Feature","geometry":{"type":"Point","coordinates":[126.93353,37.59184]},"properties":{"name":"논골문화원","addr":"서울특별시 서대문구 연희로41나길 1 (홍은동)","sgg":"11410","cap":23,"type":"003","src":"safekorea","asof":"2026-08-06"}},{"type":"Feature","geometry":{"type":"Point","coordinates":[126.9374,37.5969]},"properties":{"name":"상지경로당","addr":"서울특별시 서대문구 통일로 555-1 (홍은동)","sgg":"11410","cap":42,"type":"003","src":"safekorea","asof":"2026-06-23"}},{"type":"Feature","geometry":{"type":"Point","coordinates":[126.94973,37.59376]},"properties":{"name":"홍제3동분회경로당","addr":"서울특별시 서대문구  세검정로4길  32 , 홍제제3동주민센터 (홍제동)","sgg":"11410","cap":40,"type":"003","src":"safekorea","asof":"2026-06-23"}},{"type":"Feature","geometry":{"type":"Point","coordinates":[126.93192,37.5867]},"properties":{"name":"정원단지경로당","addr":"서울특별시 서대문구  연희로39나길  8 , 정원단지경로당 (홍은동)","sgg":"11410","cap":28,"type":"003","src":"safekorea","asof":"2026-06-23"}},{"type":"Feature","geometry":{"type":"Point","coordinates":[126.95912,37.56799]},"properties":{"name":"서대문노인종합복지관","addr":"서울특별시 서대문구  독립문로8길  57 , 시립서대문노인종합복지관 (천연동)","sgg":"11410","cap":15,"type":"003","src":"safekorea","asof":"2026-08-05"}},{"type":"Feature","geometry":{"type":"Point","coordinates":[126.9102,37.5743]},"properties":{"name":"북가좌1동주민센터","addr":"서울특별시 서대문구 수색로 100-55 (북가좌동)","sgg":"11410","cap":null,"type":"001","src":"safekorea","asof":"2026-07-12"}},{"type":"Feature","geometry":{"type":"Point","coordinates":[126.93324,37.55844]},"properties":{"name":"창천경로당","addr":"서울특별시 서대문구 신촌로11길 35-4 (창천동)","sgg":"11410","cap":40,"type":"003","src":"safekorea","asof":"2026-06-23"}},{"type":"Feature","geometry":{"type":"Point","coordinates":[126.91787,37.58118]},"properties":{"name":"북가좌노인복지관","addr":"서울특별시 서대문구 증가로20길 43  (북가좌동)","sgg":"11410","cap":10,"type":"003","src":"safekorea","asof":"2026-01-28"}},{"type":"Feature","geometry":{"type":"Point","coordinates":[126.9197,37.57327]},"properties":{"name":"남가좌1동주민센터","addr":"서울특별시 서대문구 모래내로15길 37 (남가좌동)","sgg":"11410","cap":null,"type":"001","src":"safekorea","asof":"2026-07-12"}},{"type":"Feature","geometry":{"type":"Point","coordinates":[126.94842,37.5832]},"properties":{"name":"홍제1동자치회관","addr":"서울특별시 서대문구  통일로27길  19 , 홍제1동자치회관 (홍제동)","sgg":"11410","cap":null,"type":"001","src":"safekorea","asof":"2026-07-12"}},{"type":"Feature","geometry":{"type":"Point","coordinates":[126.92355,37.57222]},"properties":{"name":"연희노인복지관","addr":"서울특별시 서대문구 홍제천로2길 111 (연희동)","sgg":"11410","cap":null,"type":"003","src":"safekorea","asof":"2026-01-28"}},{"type":"Feature","geometry":{"type":"Point","coordinates":[126.95902,37.57114]},"properties":{"name":"천연동주민센터","addr":"서울특별시 서대문구  성산로  694 , 천연동주민센터 (영천동)","sgg":"11410","cap":null,"type":"001","src":"safekorea","asof":"2026-07-12"}},{"type":"Feature","geometry":{"type":"Point","coordinates":[126.92387,37.57843]},"properties":{"name":"남가좌2동주민센터","addr":"서울특별시 서대문구 증가로10길 28","sgg":"11410","cap":null,"type":"001","src":"safekorea","asof":"2026-07-12"}},{"type":"Feature","geometry":{"type":"Point","coordinates":[126.94731,37.58783]},"properties":{"name":"느티나무경로당","addr":"서울특별시 서대문구 통일로36다길 2","sgg":"11410","cap":50,"type":"003","src":"safekorea","asof":"2026-08-06"}},{"type":"Feature","geometry":{"type":"Point","coordinates":[126.9372,37.58683]},"properties":{"name":"초원경로당","addr":"서울특별시 서대문구  홍제내2길  56 , 초원경로당 (홍제동)","sgg":"11410","cap":42,"type":"003","src":"safekorea","asof":"2026-08-06"}},{"type":"Feature","geometry":{"type":"Point","coordinates":[126.94714,37.59885]},"properties":{"name":"홍은1동주민센터","addr":"서울특별시 서대문구 홍은중앙로 85","sgg":"11410","cap":null,"type":"001","src":"safekorea","asof":"2026-07-12"}},{"type":"Feature","geometry":{"type":"Point","coordinates":[126.92176,37.58212]},"properties":{"name":"삼오경로당","addr":"서울특별시 서대문구 명지대3길 36-4 (남가좌동)","sgg":"11410","cap":25,"type":"003","src":"safekorea","asof":"2026-06-23"}},{"type":"Feature","geometry":{"type":"Point","coordinates":[126.92252,37.57632]},"properties":{"name":"남가좌2동분회경로당","addr":"서울특별시 서대문구 가재울로8길 27-14 (남가좌동)","sgg":"11410","cap":20,"type":"003","src":"safekorea","asof":"2026-08-06"}},{"type":"Feature","geometry":{"type":"Point","coordinates":[126.95698,37.55945]},"properties":{"name":"북아현동주민센터","addr":"서울특별시 서대문구 북아현로 24 (북아현동)","sgg":"11410","cap":null,"type":"001","src":"safekorea","asof":"2026-07-12"}},{"type":"Feature","geometry":{"type":"Point","coordinates":[126.94493,37.58772]},"properties":{"name":"홍제1동주민센터","addr":"서울특별시 서대문구 통일로 435-1 (홍제동)","sgg":"11410","cap":null,"type":"001","src":"safekorea","asof":"2026-06-30"}},{"type":"Feature","geometry":{"type":"Point","coordinates":[126.9625,37.5679]},"properties":{"name":"천연동분회경로당","addr":"서울특별시 서대문구 독립문로 50","sgg":"11410","cap":23,"type":"003","src":"safekorea","asof":"2026-06-23"}},{"type":"Feature","geometry":{"type":"Point","coordinates":[126.96628,37.56266]},"properties":{"name":"미근경로당(구충정로동분회)","addr":"서울특별시 서대문구 충정로6길 27 (미근동)","sgg":"11410","cap":25,"type":"003","src":"safekorea","asof":"2026-06-23"}},{"type":"Feature","geometry":{"type":"Point","coordinates":[126.95708,37.55948]},"properties":{"name":"북아현동경로당","addr":"서울특별시 서대문구 북아현로 24 (북아현동)","sgg":"11410","cap":19,"type":"003","src":"safekorea","asof":"2026-01-21"}},{"type":"Feature","geometry":{"type":"Point","coordinates":[126.95242,37.56623]},"properties":{"name":"복주경로당","addr":"서울특별시 서대문구 북아현로24길 26","sgg":"11410","cap":20,"type":"003","src":"safekorea","asof":"2026-01-21"}},{"type":"Feature","geometry":{"type":"Point","coordinates":[126.94988,37.60478]},"properties":{"name":"우정경로당","addr":"서울특별시 서대문구 홍은중앙로 164  (홍은동)","sgg":"11410","cap":40,"type":"003","src":"safekorea","asof":"2026-08-06"}},{"type":"Feature","geometry":{"type":"Point","coordinates":[126.93415,37.58011]},"properties":{"name":"구립홍은2동경로당","addr":"서울특별시 서대문구 모래내로 334","sgg":"11410","cap":22,"type":"003","src":"safekorea","asof":"2026-06-23"}},{"type":"Feature","geometry":{"type":"Point","coordinates":[126.91792,37.58123]},"properties":{"name":"은가경로당","addr":"서울특별시 서대문구 증가로20길 43 (북가좌동)","sgg":"11410","cap":26,"type":"003","src":"safekorea","asof":"2026-08-06"}},{"type":"Feature","geometry":{"type":"Point","coordinates":[126.92748,37.57733]},"properties":{"name":"홍남경로당","addr":"서울특별시 서대문구 증가로4길 38-9","sgg":"11410","cap":25,"type":"003","src":"safekorea","asof":"2026-06-23"}},{"type":"Feature","geometry":{"type":"Point","coordinates":[126.90836,37.58025]},"properties":{"name":"신가경로당","addr":"서울특별시 서대문구 거북골로22길 29-51 (북가좌동)","sgg":"11410","cap":16,"type":"003","src":"safekorea","asof":"2026-08-06"}},{"type":"Feature","geometry":{"type":"Point","coordinates":[126.91371,37.58471]},"properties":{"name":"북가좌휴먼센터경로당","addr":"서울특별시 서대문구  증가로30길  45-9, 공공건축물(주민커뮤니티센터) (북가좌동)","sgg":"11410","cap":17,"type":"003","src":"safekorea","asof":"2026-08-06"}},{"type":"Feature","geometry":{"type":"Point","coordinates":[126.94969,37.59377]},"properties":{"name":"홍제3동주민센터","addr":"서울특별시 서대문구 세검정로4길 32","sgg":"11410","cap":null,"type":"001","src":"safekorea","asof":"2026-07-12"}},{"type":"Feature","geometry":{"type":"Point","coordinates":[126.94937,37.58611]},"properties":{"name":"홍제2동주민센터","addr":"서울특별시 서대문구 통일로34길 27","sgg":"11410","cap":null,"type":"001","src":"safekorea","asof":"2026-07-12"}},{"type":"Feature","geometry":{"type":"Point","coordinates":[126.91402,37.58436]},"properties":{"name":"북가좌2동주민센터","addr":"서울특별시 서대문구 응암로 131","sgg":"11410","cap":null,"type":"001","src":"safekorea","asof":"2026-07-12"}},{"type":"Feature","geometry":{"type":"Point","coordinates":[126.93685,37.5792]},"properties":{"name":"서대문구청","addr":"서울특별시 서대문구 연희로 248  (연희동)","sgg":"11410","cap":null,"type":"001","src":"safekorea","asof":"2026-06-02"}},{"type":"Feature","geometry":{"type":"Point","coordinates":[126.93933,37.55771]},"properties":{"name":"신촌동주민센터","addr":"서울특별시 서대문구 연세로2나길 47 (창천동)","sgg":"11410","cap":null,"type":"001","src":"safekorea","asof":"2026-07-12"}},{"type":"Feature","geometry":{"type":"Point","coordinates":[126.9507,37.5828]},"properties":{"name":"인왕경로당","addr":"서울특별시 서대문구  통일로26길  12-5, 인왕경로당 (홍제동)","sgg":"11410","cap":12,"type":"003","src":"safekorea","asof":"2026-06-23"}},{"type":"Feature","geometry":{"type":"Point","coordinates":[126.95392,37.59063]},"properties":{"name":"개미마을경로당","addr":"서울특별시 서대문구 세검정로4길 129-16 (홍제동)","sgg":"11410","cap":20,"type":"003","src":"safekorea","asof":"2026-06-23"}},{"type":"Feature","geometry":{"type":"Point","coordinates":[126.94563,37.59161]},"properties":{"name":"은빛홍삼경로당","addr":"서울특별시 서대문구 세무서7길 21-4 (홍제동)","sgg":"11410","cap":40,"type":"003","src":"safekorea","asof":"2026-08-06"}},{"type":"Feature","geometry":{"type":"Point","coordinates":[126.9424,37.5946]},"properties":{"name":"아름다운홍일경로당","addr":"서울특별시 서대문구 통일로48가길 37 (홍은동, 홍은풍림1차아파트)","sgg":"11410","cap":10,"type":"003","src":"safekorea","asof":"2026-06-23"}},{"type":"Feature","geometry":{"type":"Point","coordinates":[126.94839,37.6012]},"properties":{"name":"포방터경로당","addr":"서울특별시 서대문구 홍은중앙로9길 43 (홍은동)","sgg":"11410","cap":27,"type":"003","src":"safekorea","asof":"2026-06-23"}},{"type":"Feature","geometry":{"type":"Point","coordinates":[126.95656,37.56378]},"properties":{"name":"능안경로당","addr":"서울특별시 서대문구 북아현로18길 47 (북아현동)","sgg":"11410","cap":38,"type":"003","src":"safekorea","asof":"2026-08-06"}},{"type":"Feature","geometry":{"type":"Point","coordinates":[126.94807,37.56768]},"properties":{"name":"신촌경로당","addr":"서울특별시 서대문구  성산로24길  1-20, 신촌경로당 (신촌동)","sgg":"11410","cap":36,"type":"003","src":"safekorea","asof":"2026-08-06"}},{"type":"Feature","geometry":{"type":"Point","coordinates":[126.92356,37.57222]},"properties":{"name":"연서경로당","addr":"서울특별시 서대문구 홍제천로2길 111 (연희동)","sgg":"11410","cap":20,"type":"003","src":"safekorea","asof":"2026-08-06"}},{"type":"Feature","geometry":{"type":"Point","coordinates":[126.93561,37.5674]},"properties":{"name":"연산경로당","addr":"서울특별시 서대문구 연희로18안길 34-3 (연희동)","sgg":"11410","cap":24,"type":"003","src":"safekorea","asof":"2026-06-23"}},{"type":"Feature","geometry":{"type":"Point","coordinates":[126.93053,37.5763]},"properties":{"name":"홍연경로당","addr":"서울특별시 서대문구 홍연길 70 (연희동)","sgg":"11410","cap":30,"type":"003","src":"safekorea","asof":"2026-06-23"}},{"type":"Feature","geometry":{"type":"Point","coordinates":[126.94544,37.58584]},"properties":{"name":"홍제1동분회경로당","addr":"서울특별시 서대문구  모래내로  459-6, 고은어린이집 (홍제동)","sgg":"11410","cap":26,"type":"003","src":"safekorea","asof":"2026-08-06"}},{"type":"Feature","geometry":{"type":"Point","coordinates":[126.94164,37.58714]},"properties":{"name":"홍제고은경로당","addr":"서울특별시 서대문구 통일로39길 60 (홍제동)","sgg":"11410","cap":null,"type":"003","src":"safekorea","asof":"2026-08-06"}},{"type":"Feature","geometry":{"type":"Point","coordinates":[126.95472,37.56481]},"properties":{"name":"충현동주민센터","addr":"서울특별시 서대문구  북아현로22길  38 , 충현동주민센터 (북아현동)","sgg":"11410","cap":null,"type":"001","src":"safekorea","asof":"2026-07-12"}},{"type":"Feature","geometry":{"type":"Point","coordinates":[126.93523,37.5739]},"properties":{"name":"연희동주민센터","addr":"서울특별시 서대문구 연희로 189 (연희동)","sgg":"11410","cap":null,"type":"001","src":"safekorea","asof":"2026-07-12"}},{"type":"Feature","geometry":{"type":"Point","coordinates":[126.93408,37.58009]},"properties":{"name":"홍은2동주민센터","addr":"서울특별시 서대문구 모래내로 334 (홍은2동주민센터 서대문구청 제4별관)","sgg":"11410","cap":null,"type":"001","src":"safekorea","asof":"2026-07-12"}},{"type":"Feature","geometry":{"type":"Point","coordinates":[126.9488,37.5574]},"properties":{"name":"동심경로당","addr":"서울특별시 서대문구 신촌로27길 47 (북아현동)","sgg":"11410","cap":13,"type":"003","src":"safekorea","asof":"2026-06-23"}},{"type":"Feature","geometry":{"type":"Point","coordinates":[126.95068,37.58276]},"properties":{"name":"인왕노인복지관","addr":"서울특별시 서대문구 통일로26길 12-5 (홍제동)","sgg":"11410","cap":20,"type":"003","src":"safekorea","asof":"2026-01-23"}},{"type":"Feature","geometry":{"type":"Point","coordinates":[126.92415,37.58238]},"properties":{"name":"백련경로당","addr":"서울특별시 서대문구 명지대길 50 (홍은동)","sgg":"11410","cap":18,"type":"003","src":"safekorea","asof":"2026-06-23"}},{"type":"Feature","geometry":{"type":"Point","coordinates":[126.96016,37.5567]},"properties":{"name":"강북노동자복지관","addr":"서울특별시 마포구 환일길 13 (강북노동자복지관)","sgg":"11440","cap":null,"type":"001","src":"safekorea","asof":"2026-04-30"}},{"type":"Feature","geometry":{"type":"Point","coordinates":[126.8905,37.57607]},"properties":{"name":"휴서울이동노동자상암쉼터","addr":"서울특별시 마포구 매봉산로 37 (DMC산학협력연구센터)","sgg":"11440","cap":30,"type":"003","src":"safekorea","asof":"2026-04-30"}},{"type":"Feature","geometry":{"type":"Point","coordinates":[126.91601,37.55138]},"properties":{"name":"휴서울이동노동자합정쉼터","addr":"서울특별시 마포구 양화로 73 (체리스빌딩)","sgg":"11440","cap":80,"type":"003","src":"safekorea","asof":"2026-04-30"}},{"type":"Feature","geometry":{"type":"Point","coordinates":[126.94875,37.55464]},"properties":{"name":"염리종합사회복지관","addr":"서울특별시 마포구 대흥로24길 50","sgg":"11440","cap":15,"type":"001","src":"safekorea","asof":"2026-02-20"}},{"type":"Feature","geometry":{"type":"Point","coordinates":[126.94219,37.55585]},"properties":{"name":"우리마포복지관","addr":"서울특별시 마포구 신촌로26길 10 (우리마포복지관)","sgg":"11440","cap":15,"type":"003","src":"safekorea","asof":"2026-05-27"}},{"type":"Feature","geometry":{"type":"Point","coordinates":[126.95219,37.54719]},"properties":{"name":"아현동주민센터","addr":"서울특별시 마포구 마포대로7길 18 (공덕동)","sgg":"11440","cap":25,"type":"001","src":"safekorea","asof":"2026-06-04"}},{"type":"Feature","geometry":{"type":"Point","coordinates":[126.90898,37.56858]},"properties":{"name":"성산2동주민센터","addr":"서울특별시 마포구 월드컵북로30길 22","sgg":"11440","cap":20,"type":"001","src":"safekorea","asof":"2026-06-04"}},{"type":"Feature","geometry":{"type":"Point","coordinates":[126.94623,37.54953]},"properties":{"name":"마포소금나루도서관","addr":"서울특별시 마포구 숭문길 72 (소금나루도서관)","sgg":"11440","cap":730,"type":"001","src":"safekorea","asof":"2026-02-20"}},{"type":"Feature","geometry":{"type":"Point","coordinates":[126.92175,37.54436]},"properties":{"name":"마포365구민센터","addr":"서울특별시 마포구 토정로 98","sgg":"11440","cap":50,"type":"001","src":"safekorea","asof":"2026-02-23"}},{"type":"Feature","geometry":{"type":"Point","coordinates":[126.91177,37.55161]},"properties":{"name":"합정동주민센터","addr":"서울특별시 마포구 월드컵로3길 14 (합정동, 마포 한강 2차 푸르지오)","sgg":"11440","cap":18,"type":"001","src":"safekorea","asof":"2026-06-04"}},{"type":"Feature","geometry":{"type":"Point","coordinates":[126.93516,37.54712]},"properties":{"name":"신수동주민센터","addr":"서울특별시 마포구 독막로 192","sgg":"11440","cap":15,"type":"001","src":"safekorea","asof":"2026-06-04"}},{"type":"Feature","geometry":{"type":"Point","coordinates":[126.94988,37.54153]},"properties":{"name":"도화동주민센터","addr":"서울특별시 마포구 도화길 37 (도화동)","sgg":"11440","cap":22,"type":"001","src":"safekorea","asof":"2026-06-04"}},{"type":"Feature","geometry":{"type":"Point","coordinates":[126.92619,37.55992]},"properties":{"name":"한국특허기술진흥원","addr":"서울특별시 마포구 연희로 11 (한국특허기술진흥원빌딩)","sgg":"11440","cap":5,"type":"001","src":"safekorea","asof":"2026-05-07"}},{"type":"Feature","geometry":{"type":"Point","coordinates":[126.90786,37.56338]},"properties":{"name":"성산1동주민센터","addr":"서울특별시 마포구 성산로4길 15 (성산동)","sgg":"11440","cap":22,"type":"001","src":"safekorea","asof":"2026-06-04"}},{"type":"Feature","geometry":{"type":"Point","coordinates":[126.9056,37.55559]},"properties":{"name":"망원1동주민센터","addr":"서울특별시 마포구 포은로6길 10","sgg":"11440","cap":25,"type":"001","src":"safekorea","asof":"2026-06-04"}},{"type":"Feature","geometry":{"type":"Point","coordinates":[126.9603,37.55744]},"properties":{"name":"아현실버복지관","addr":"서울특별시 마포구 환일길 3 (아현경로문화센타)","sgg":"11440","cap":20,"type":"003","src":"safekorea","asof":"2026-05-27"}},{"type":"Feature","geometry":{"type":"Point","coordinates":[126.94288,37.54236]},"properties":{"name":"용강노인복지관","addr":"서울특별시 마포구 토정로31길 31 (용강동주민센터)","sgg":"11440","cap":20,"type":"003","src":"safekorea","asof":"2026-02-23"}},{"type":"Feature","geometry":{"type":"Point","coordinates":[126.90228,37.56029]},"properties":{"name":"망원2동주민센터","addr":"서울특별시 마포구 방울내로7길 11","sgg":"11440","cap":19,"type":"001","src":"safekorea","asof":"2026-06-04"}},{"type":"Feature","geometry":{"type":"Point","coordinates":[126.91456,37.55514]},"properties":{"name":"서교동주민센터","addr":"서울특별시 마포구 동교로15길 7","sgg":"11440","cap":24,"type":"001","src":"safekorea","asof":"2026-06-04"}},{"type":"Feature","geometry":{"type":"Point","coordinates":[126.94563,37.54704]},"properties":{"name":"염리동주민센터","addr":"서울특별시 마포구 숭문길 14","sgg":"11440","cap":19,"type":"001","src":"safekorea","asof":"2026-06-04"}},{"type":"Feature","geometry":{"type":"Point","coordinates":[126.96002,37.55015]},"properties":{"name":"공덕동주민센터","addr":"서울특별시 마포구 만리재옛길 84","sgg":"11440","cap":25,"type":"001","src":"safekorea","asof":"2026-06-04"}},{"type":"Feature","geometry":{"type":"Point","coordinates":[126.89465,37.57825]},"properties":{"name":"상암동주민센터","addr":"서울특별시 마포구 매봉산로2길 16","sgg":"11440","cap":23,"type":"001","src":"safekorea","asof":"2026-06-04"}},{"type":"Feature","geometry":{"type":"Point","coordinates":[126.94285,37.54235]},"properties":{"name":"용강동주민센터","addr":"서울특별시 마포구 토정로31길 31","sgg":"11440","cap":15,"type":"001","src":"safekorea","asof":"2026-06-04"}},{"type":"Feature","geometry":{"type":"Point","coordinates":[126.92201,37.56447]},"properties":{"name":"연남동주민센터","addr":"서울특별시 마포구 성미산로29길 17-9","sgg":"11440","cap":22,"type":"001","src":"safekorea","asof":"2026-06-04"}},{"type":"Feature","geometry":{"type":"Point","coordinates":[126.94605,37.5503]},"properties":{"name":"마포아트센터","addr":"서울특별시 마포구 대흥로20길 28 (마포아트센터)","sgg":"11440","cap":20,"type":"001","src":"safekorea","asof":"2026-02-20"}},{"type":"Feature","geometry":{"type":"Point","coordinates":[126.93203,37.54769]},"properties":{"name":"서강동주민센터","addr":"서울특별시 마포구 독막로 165","sgg":"11440","cap":16,"type":"001","src":"safekorea","asof":"2026-06-04"}},{"type":"Feature","geometry":{"type":"Point","coordinates":[126.89723,37.55779]},"properties":{"name":"마포구민체육센터","addr":"서울특별시 마포구 월드컵로25길 190 (마포구민체육센터)","sgg":"11440","cap":100,"type":"001","src":"safekorea","asof":"2026-02-23"}},{"type":"Feature","geometry":{"type":"Point","coordinates":[126.94237,37.55585]},"properties":{"name":"대흥동주민센터","addr":"서울특별시 마포구 신촌로26길 10 (노고산동)","sgg":"11440","cap":15,"type":"001","src":"safekorea","asof":"2026-06-04"}},{"type":"Feature","geometry":{"type":"Point","coordinates":[126.90816,37.56384]},"properties":{"name":"마포중앙도서관","addr":"서울특별시 마포구 성산로 128 (마포중앙도서관)","sgg":"11440","cap":20,"type":"001","src":"safekorea","asof":"2026-07-31"}},{"type":"Feature","geometry":{"type":"Point","coordinates":[126.90133,37.5665]},"properties":{"name":"마포구청지하1층다목적체육실","addr":"서울특별시 마포구 월드컵로 212 (마포구청)","sgg":"11440","cap":61,"type":"001","src":"safekorea","asof":"2026-02-20"}},{"type":"Feature","geometry":{"type":"Point","coordinates":[126.8291,37.5336]},"properties":{"name":"신월3동주민센터","addr":"서울특별시 양천구 신월동 남부순환로54길  5 ,  신월3동주민센터 (신월동)","sgg":"11470","cap":20,"type":"001","src":"safekorea","asof":"2026-06-24"}},{"type":"Feature","geometry":{"type":"Point","coordinates":[126.8349,37.5199]},"properties":{"name":"신월문화체육센터","addr":"서울특별시 양천구 지양로 47 (신월동)","sgg":"11470","cap":70,"type":"001","src":"safekorea","asof":"2026-04-27"}},{"type":"Feature","geometry":{"type":"Point","coordinates":[126.84011,37.52467]},"properties":{"name":"신월음악도서관","addr":"서울특별시 양천구 오목로5길 34  (신월동)","sgg":"11470","cap":69,"type":"001","src":"safekorea","asof":"2025-11-11"}},{"type":"Feature","geometry":{"type":"Point","coordinates":[126.86546,37.53898]},"properties":{"name":"미감도서관","addr":"서울특별시 양천구 목동중앙남로 57-10","sgg":"11470","cap":18,"type":"001","src":"safekorea","asof":"2026-08-07"}},{"type":"Feature","geometry":{"type":"Point","coordinates":[126.85433,37.51858]},"properties":{"name":"신정1동주민센터","addr":"서울특별시 양천구 중앙로32길 1 (신정1동주민센터)","sgg":"11470","cap":200,"type":"001","src":"safekorea","asof":"2026-06-24"}},{"type":"Feature","geometry":{"type":"Point","coordinates":[126.83291,37.52424]},"properties":{"name":"신월7동주민센터","addr":"서울특별시 양천구 지양로14길 17 (신월7동주민센터)","sgg":"11470","cap":60,"type":"001","src":"safekorea","asof":"2026-07-01"}},{"type":"Feature","geometry":{"type":"Point","coordinates":[126.87521,37.5221]},"properties":{"name":"신정2동주민센터","addr":"서울특별시 양천구 신목로14길 5  (신정동)","sgg":"11470","cap":15,"type":"001","src":"safekorea","asof":"2026-06-24"}},{"type":"Feature","geometry":{"type":"Point","coordinates":[126.83562,37.51909]},"properties":{"name":"해맞이역사도서관","addr":"서울특별시 양천구 지양로 37 (해맞이도서관)","sgg":"11470","cap":54,"type":"001","src":"safekorea","asof":"2026-04-27"}},{"type":"Feature","geometry":{"type":"Point","coordinates":[126.86739,37.5089]},"properties":{"name":"갈산도서관","addr":"서울특별시 양천구 목동남로4길 48-6","sgg":"11470","cap":28,"type":"001","src":"safekorea","asof":"2026-04-27"}},{"type":"Feature","geometry":{"type":"Point","coordinates":[126.85664,37.52599]},"properties":{"name":"개울건강도서관","addr":"서울특별시 양천구 중앙로52길 56","sgg":"11470","cap":70,"type":"001","src":"safekorea","asof":"2026-05-08"}},{"type":"Feature","geometry":{"type":"Point","coordinates":[126.83291,37.52424]},"properties":{"name":"밝은내어르신복지센터","addr":"서울특별시 양천구 지양로14길 17 (신월7동주민센터)","sgg":"11470","cap":50,"type":"003","src":"safekorea","asof":"2026-05-16"}},{"type":"Feature","geometry":{"type":"Point","coordinates":[126.86648,37.51705]},"properties":{"name":"양천구청사한파쉼터","addr":"서울특별시 양천구 목동동로 105 (양천구청)","sgg":"11470","cap":30,"type":"001","src":"safekorea","asof":"2026-01-13"}},{"type":"Feature","geometry":{"type":"Point","coordinates":[126.86421,37.51643]},"properties":{"name":"양천구민체육센터","addr":"서울특별시 양천구 목동동로 87  (신정동)","sgg":"11470","cap":100,"type":"001","src":"safekorea","asof":"2026-01-13"}},{"type":"Feature","geometry":{"type":"Point","coordinates":[126.86437,37.51705]},"properties":{"name":"신정6동주민센터","addr":"서울특별시 양천구 목동서로 353  (신정동)","sgg":"11470","cap":50,"type":"001","src":"safekorea","asof":"2025-11-11"}},{"type":"Feature","geometry":{"type":"Point","coordinates":[126.83361,37.51368]},"properties":{"name":"양천중앙도서관","addr":"서울특별시 양천구 신정로7길 81 (신정동)","sgg":"11470","cap":116,"type":"001","src":"safekorea","asof":"2026-04-27"}},{"type":"Feature","geometry":{"type":"Point","coordinates":[126.86377,37.51599]},"properties":{"name":"영어특성화도서관","addr":"서울특별시 양천구 목동동로 81","sgg":"11470","cap":30,"type":"001","src":"safekorea","asof":"2026-05-31"}},{"type":"Feature","geometry":{"type":"Point","coordinates":[126.8645,37.5447]},"properties":{"name":"목3동주민센터","addr":"서울특별시 양천구 목동중앙남로16나길 55 (목동)","sgg":"11470","cap":20,"type":"001","src":"safekorea","asof":"2026-06-24"}},{"type":"Feature","geometry":{"type":"Point","coordinates":[126.86926,37.5365]},"properties":{"name":"목동어르신복지관","addr":"서울특별시 양천구 목동중앙로3길 21","sgg":"11470","cap":20,"type":"003","src":"safekorea","asof":"2026-05-16"}},{"type":"Feature","geometry":{"type":"Point","coordinates":[126.82718,37.53859]},"properties":{"name":"신월5동주민센터","addr":"서울특별시 양천구 화곡로4길 10  (신월동)","sgg":"11470","cap":50,"type":"001","src":"safekorea","asof":"2025-11-11"}},{"type":"Feature","geometry":{"type":"Point","coordinates":[126.8558,37.5245]},"properties":{"name":"신정4동주민센터","addr":"서울특별시 양천구 오목로34길 5","sgg":"11470","cap":40,"type":"001","src":"safekorea","asof":"2026-06-24"}},{"type":"Feature","geometry":{"type":"Point","coordinates":[126.82717,37.53858]},"properties":{"name":"방아다리문학도서관","addr":"서울특별시 양천구 화곡로4길 10  (신월동)","sgg":"11470","cap":25,"type":"001","src":"safekorea","asof":"2025-11-11"}},{"type":"Feature","geometry":{"type":"Point","coordinates":[126.84004,37.52471]},"properties":{"name":"신월4동주민센터","addr":"서울특별시 양천구 오목로5길 34  (신월동)","sgg":"11470","cap":100,"type":"001","src":"safekorea","asof":"2025-11-11"}},{"type":"Feature","geometry":{"type":"Point","coordinates":[126.8817,37.5372]},"properties":{"name":"목마교육도서관","addr":"서울특별시 양천구 목동서로 41","sgg":"11470","cap":21,"type":"001","src":"safekorea","asof":"2026-04-24"}},{"type":"Feature","geometry":{"type":"Point","coordinates":[126.8315,37.5328]},"properties":{"name":"신월1동주민센터","addr":"서울특별시 양천구 곰달래로1길 38","sgg":"11470","cap":60,"type":"001","src":"safekorea","asof":"2026-06-24"}},{"type":"Feature","geometry":{"type":"Point","coordinates":[126.8684,37.5324]},"properties":{"name":"목4동주민센터","addr":"서울특별시 양천구 목동 목동중앙로  25 ,  목4동주민센터 (목동)","sgg":"11470","cap":63,"type":"001","src":"safekorea","asof":"2026-06-24"}},{"type":"Feature","geometry":{"type":"Point","coordinates":[126.8548,37.5151]},"properties":{"name":"신정3동주민센터","addr":"서울특별시 양천구 신정동 중앙로  209 ,  신정3동주민센터 (신정동)","sgg":"11470","cap":300,"type":"001","src":"safekorea","asof":"2026-06-24"}},{"type":"Feature","geometry":{"type":"Point","coordinates":[126.86912,37.54283]},"properties":{"name":"목동문화체육센터","addr":"서울특별시 양천구 목동중앙본로 73 (목동문화체육센터)","sgg":"11470","cap":80,"type":"001","src":"safekorea","asof":"2026-04-24"}},{"type":"Feature","geometry":{"type":"Point","coordinates":[126.8597,37.5144]},"properties":{"name":"신정7동주민센터","addr":"서울특별시 양천구 신정동 목동동로  37 ,  신정7동주민센터 (신정동)","sgg":"11470","cap":30,"type":"001","src":"safekorea","asof":"2026-06-24"}},{"type":"Feature","geometry":{"type":"Point","coordinates":[126.8586,37.5104]},"properties":{"name":"양천어르신종합복지관","addr":"서울특별시 양천구 목동로3길 106","sgg":"11470","cap":18,"type":"003","src":"safekorea","asof":"2026-05-16"}},{"type":"Feature","geometry":{"type":"Point","coordinates":[126.82661,37.53435]},"properties":{"name":"서서울어르신복지관","addr":"서울특별시 양천구 가로공원로60가길 16 (서서울 어르신복지관)","sgg":"11470","cap":30,"type":"003","src":"safekorea","asof":"2026-05-16"}},{"type":"Feature","geometry":{"type":"Point","coordinates":[126.87136,37.53034]},"properties":{"name":"목1동주민센터","addr":"서울특별시 양천구 목동서로 190","sgg":"11470","cap":50,"type":"001","src":"safekorea","asof":"2026-06-24"}},{"type":"Feature","geometry":{"type":"Point","coordinates":[126.84513,37.518]},"properties":{"name":"신월6동주민센터","addr":"서울특별시 양천구 남부순환로83길 53 (신월6동행정복합타운)","sgg":"11470","cap":50,"type":"001","src":"safekorea","asof":"2026-06-24"}},{"type":"Feature","geometry":{"type":"Point","coordinates":[126.8446,37.525]},"properties":{"name":"신월2동주민센터","addr":"서울특별시 양천구 신월동 중앙로53길  47 , 경로당 (신월동)","sgg":"11470","cap":100,"type":"001","src":"safekorea","asof":"2026-06-24"}},{"type":"Feature","geometry":{"type":"Point","coordinates":[126.8817,37.5372]},"properties":{"name":"목5동주민센터","addr":"서울특별시 양천구 목동서로 41","sgg":"11470","cap":50,"type":"001","src":"safekorea","asof":"2026-06-24"}},{"type":"Feature","geometry":{"type":"Point","coordinates":[126.8717,37.5461]},"properties":{"name":"목2동주민센터","addr":"서울특별시 양천구 목동 목동중앙본로  120 ,  목2동주민센터 (목동)","sgg":"11470","cap":100,"type":"001","src":"safekorea","asof":"2026-06-24"}},{"type":"Feature","geometry":{"type":"Point","coordinates":[126.81283,37.55957]},"properties":{"name":"공항동부어르신사랑방","addr":"서울특별시 강서구  공항대로8길  33-9  (공항동)","sgg":"11500","cap":29,"type":"003","src":"safekorea","asof":"2026-06-29"}},{"type":"Feature","geometry":{"type":"Point","coordinates":[126.8475,37.538]},"properties":{"name":"약수어르신사랑방","addr":"서울특별시 강서구  초록마을로32길  32   (화곡동)","sgg":"11500","cap":19,"type":"003","src":"safekorea","asof":"2026-06-29"}},{"type":"Feature","geometry":{"type":"Point","coordinates":[126.86088,37.53405]},"properties":{"name":"무지개어르신사랑방","addr":"서울특별시 강서구  곰달래로57가길  19   (화곡동)","sgg":"11500","cap":39,"type":"003","src":"safekorea","asof":"2026-06-29"}},{"type":"Feature","geometry":{"type":"Point","coordinates":[126.85091,37.54505]},"properties":{"name":"봉제어르신사랑방","addr":"서울특별시 강서구 까치산로18길 62 (무궁화공원,봉제경로당)","sgg":"11500","cap":18,"type":"003","src":"safekorea","asof":"2026-08-05"}},{"type":"Feature","geometry":{"type":"Point","coordinates":[126.80158,37.57747]},"properties":{"name":"내촌어르신사랑방","addr":"서울특별시 강서구  개화동로13길  12-8  (개화동)","sgg":"11500","cap":25,"type":"003","src":"safekorea","asof":"2026-08-03"}},{"type":"Feature","geometry":{"type":"Point","coordinates":[126.81526,37.57983]},"properties":{"name":"치현어르신사랑방","addr":"서울특별시 강서구  금낭화로24가길  40   (방화동)","sgg":"11500","cap":64,"type":"003","src":"safekorea","asof":"2026-05-21"}},{"type":"Feature","geometry":{"type":"Point","coordinates":[126.81141,37.57547]},"properties":{"name":"능말어르신사랑방","addr":"서울특별시 강서구  금낭화로19길  7-3  (방화동)","sgg":"11500","cap":30,"type":"003","src":"safekorea","asof":"2026-06-29"}},{"type":"Feature","geometry":{"type":"Point","coordinates":[126.85075,37.53603]},"properties":{"name":"안골어르신사랑방","addr":"서울특별시 강서구  강서로18아길  15-9  (화곡동)","sgg":"11500","cap":24,"type":"003","src":"safekorea","asof":"2026-06-29"}},{"type":"Feature","geometry":{"type":"Point","coordinates":[126.8139,37.5698]},"properties":{"name":"방화구립어르신사랑방","addr":"서울특별시 강서구  방화대로37길  47-5  (방화동)","sgg":"11500","cap":23,"type":"003","src":"safekorea","asof":"2026-06-29"}},{"type":"Feature","geometry":{"type":"Point","coordinates":[126.816,37.56687]},"properties":{"name":"방화일심어르신사랑방","addr":"서울특별시 강서구  방화대로  297-9  (방화동)","sgg":"11500","cap":40,"type":"003","src":"safekorea","asof":"2026-06-29"}},{"type":"Feature","geometry":{"type":"Point","coordinates":[126.85448,37.53669]},"properties":{"name":"신곡어르신사랑방","addr":"서울특별시 강서구  곰달래로49길  130   (화곡동)","sgg":"11500","cap":103,"type":"003","src":"safekorea","asof":"2026-06-29"}},{"type":"Feature","geometry":{"type":"Point","coordinates":[126.86251,37.54266]},"properties":{"name":"등촌2동주민센터","addr":"서울특별시 강서구  등촌로  143   (등촌동)","sgg":"11500","cap":50,"type":"001","src":"safekorea","asof":"2026-06-02"}},{"type":"Feature","geometry":{"type":"Point","coordinates":[126.83313,37.55311]},"properties":{"name":"발산1동주민센터","addr":"서울특별시 강서구 강서로47길 54","sgg":"11500","cap":85,"type":"001","src":"safekorea","asof":"2026-06-02"}},{"type":"Feature","geometry":{"type":"Point","coordinates":[126.84846,37.54112]},"properties":{"name":"초록동어르신사랑방","addr":"서울특별시 강서구  초록마을로14길  36   (화곡동)","sgg":"11500","cap":86,"type":"003","src":"safekorea","asof":"2026-01-22"}},{"type":"Feature","geometry":{"type":"Point","coordinates":[126.8445,37.5407]},"properties":{"name":"화촌어르신사랑방","addr":"서울특별시 강서구  까치산로4길  30-21  (화곡동)","sgg":"11500","cap":39,"type":"003","src":"safekorea","asof":"2026-08-03"}},{"type":"Feature","geometry":{"type":"Point","coordinates":[126.84644,37.55202]},"properties":{"name":"우장산어르신사랑방","addr":"서울특별시 강서구  화곡로53길  56-10  (화곡동)","sgg":"11500","cap":18,"type":"003","src":"safekorea","asof":"2026-08-03"}},{"type":"Feature","geometry":{"type":"Point","coordinates":[126.84896,37.54978]},"properties":{"name":"중앙어르신사랑방","addr":"서울특별시 강서구  화곡로44가길  52-4  (화곡동)","sgg":"11500","cap":18,"type":"003","src":"safekorea","asof":"2026-06-29"}},{"type":"Feature","geometry":{"type":"Point","coordinates":[126.80904,37.56038]},"properties":{"name":"공항어르신사랑방","addr":"서울특별시 강서구 공항대로2가길 5-3","sgg":"11500","cap":20,"type":"003","src":"safekorea","asof":"2026-06-29"}},{"type":"Feature","geometry":{"type":"Point","coordinates":[126.84763,37.54403]},"properties":{"name":"화곡본동주민센터","addr":"서울특별시 강서구  초록마을로5길  29   (화곡동)","sgg":"11500","cap":74,"type":"001","src":"safekorea","asof":"2026-07-23"}},{"type":"Feature","geometry":{"type":"Point","coordinates":[126.84465,37.56952]},"properties":{"name":"가양1동주민센터","addr":"서울특별시 강서구 허준로 30","sgg":"11500","cap":478,"type":"001","src":"safekorea","asof":"2026-06-02"}},{"type":"Feature","geometry":{"type":"Point","coordinates":[126.85891,37.55583]},"properties":{"name":"등촌1동주민센터","addr":"서울특별시 강서구  공항대로53가길  55   (등촌동)","sgg":"11500","cap":10,"type":"001","src":"safekorea","asof":"2026-07-20"}},{"type":"Feature","geometry":{"type":"Point","coordinates":[126.83844,37.54256]},"properties":{"name":"화곡3동주민센터","addr":"서울특별시 강서구  강서로33가길  17   (화곡동)","sgg":"11500","cap":63,"type":"001","src":"safekorea","asof":"2026-06-02"}},{"type":"Feature","geometry":{"type":"Point","coordinates":[126.80708,37.56667]},"properties":{"name":"방화어르신사랑방","addr":"서울특별시 강서구  개화동로23길  26 , 방화2동경로당 (방화동)","sgg":"11500","cap":36,"type":"003","src":"safekorea","asof":"2026-06-29"}},{"type":"Feature","geometry":{"type":"Point","coordinates":[126.86054,37.56106]},"properties":{"name":"가양3동주민센터","addr":"서울특별시 강서구 허준로 202","sgg":"11500","cap":20,"type":"001","src":"safekorea","asof":"2026-07-16"}},{"type":"Feature","geometry":{"type":"Point","coordinates":[126.83852,37.53802]},"properties":{"name":"공원어르신사랑방","addr":"서울특별시 강서구  가로공원로77길  30   (화곡동)","sgg":"11500","cap":49,"type":"003","src":"safekorea","asof":"2026-06-29"}},{"type":"Feature","geometry":{"type":"Point","coordinates":[126.84072,37.52963]},"properties":{"name":"곰달래어르신사랑방","addr":"서울특별시 강서구  월정로20길  38   (화곡동)","sgg":"11500","cap":18,"type":"003","src":"safekorea","asof":"2026-06-29"}},{"type":"Feature","geometry":{"type":"Point","coordinates":[126.84216,37.5304]},"properties":{"name":"구립예촌어르신사랑방","addr":"서울특별시 강서구  곰달래로  83-1  (화곡동)","sgg":"11500","cap":75,"type":"003","src":"safekorea","asof":"2026-06-29"}},{"type":"Feature","geometry":{"type":"Point","coordinates":[126.87091,37.55375]},"properties":{"name":"염창동주민센터","addr":"서울특별시 강서구  양천로67가길  63   (염창동)","sgg":"11500","cap":300,"type":"001","src":"safekorea","asof":"2026-06-02"}},{"type":"Feature","geometry":{"type":"Point","coordinates":[126.85097,37.55155]},"properties":{"name":"화곡6동주민센터","addr":"서울특별시 강서구 공항대로46길 105 (화곡제6동 주민센터)","sgg":"11500","cap":42,"type":"001","src":"safekorea","asof":"2026-06-02"}},{"type":"Feature","geometry":{"type":"Point","coordinates":[126.86241,37.55377]},"properties":{"name":"등촌어르신사랑방","addr":"서울특별시 강서구  화곡로66길  186-12  (등촌동)","sgg":"11500","cap":28,"type":"003","src":"safekorea","asof":"2026-05-21"}},{"type":"Feature","geometry":{"type":"Point","coordinates":[126.86073,37.53461]},"properties":{"name":"화곡4동주민센터","addr":"서울특별시 강서구  곰달래로57가길  26   (화곡동)","sgg":"11500","cap":265,"type":"001","src":"safekorea","asof":"2026-06-02"}},{"type":"Feature","geometry":{"type":"Point","coordinates":[126.81702,37.57035]},"properties":{"name":"방화1동주민센터","addr":"서울특별시 강서구 방화대로 330","sgg":"11500","cap":124,"type":"001","src":"safekorea","asof":"2026-07-13"}},{"type":"Feature","geometry":{"type":"Point","coordinates":[126.81004,37.55884]},"properties":{"name":"공항동주민센터","addr":"서울특별시 강서구 송정로 45","sgg":"11500","cap":209,"type":"001","src":"safekorea","asof":"2026-07-21"}},{"type":"Feature","geometry":{"type":"Point","coordinates":[126.84792,37.55887]},"properties":{"name":"등촌3동주민센터","addr":"서울특별시 강서구  화곡로63길  96   (등촌동)","sgg":"11500","cap":32,"type":"001","src":"safekorea","asof":"2026-07-21"}},{"type":"Feature","geometry":{"type":"Point","coordinates":[126.8226,37.5723]},"properties":{"name":"마곡어르신사랑방","addr":"서울특별시 강서구 양천로30길 20","sgg":"11500","cap":38,"type":"003","src":"safekorea","asof":"2026-06-29"}},{"type":"Feature","geometry":{"type":"Point","coordinates":[126.84775,37.53211]},"properties":{"name":"화곡어르신사랑방","addr":"서울특별시 강서구  강서로12길  15-10  (화곡동)","sgg":"11500","cap":45,"type":"003","src":"safekorea","asof":"2026-06-29"}},{"type":"Feature","geometry":{"type":"Point","coordinates":[126.83705,37.5749]},"properties":{"name":"후포어르신사랑방","addr":"서울특별시 강서구 양천로47길 104","sgg":"11500","cap":57,"type":"003","src":"safekorea","asof":"2026-06-29"}},{"type":"Feature","geometry":{"type":"Point","coordinates":[126.85126,37.56738]},"properties":{"name":"가양2동주민센터","addr":"서울특별시 강서구 허준로 93","sgg":"11500","cap":391,"type":"001","src":"safekorea","asof":"2026-07-20"}},{"type":"Feature","geometry":{"type":"Point","coordinates":[126.8138,37.55686]},"properties":{"name":"장미어르신사랑방","addr":"서울특별시 강서구  방화대로7다길  35-18  (공항동)","sgg":"11500","cap":22,"type":"003","src":"safekorea","asof":"2026-08-03"}},{"type":"Feature","geometry":{"type":"Point","coordinates":[126.8759,37.55152]},"properties":{"name":"염창강변어르신사랑방","addr":"서울특별시 강서구 양천로77길 58-25 (염창동)","sgg":"11500","cap":23,"type":"003","src":"safekorea","asof":"2026-06-29"}},{"type":"Feature","geometry":{"type":"Point","coordinates":[126.85143,37.53023]},"properties":{"name":"화곡일심어르신사랑방","addr":"서울특별시 강서구 곰달래로30길 14","sgg":"11500","cap":28,"type":"003","src":"safekorea","asof":"2026-08-03"}},{"type":"Feature","geometry":{"type":"Point","coordinates":[126.85605,37.53331]},"properties":{"name":"골안말어르신사랑방","addr":"서울특별시 강서구  곰달래로45길  17   (화곡동)","sgg":"11500","cap":28,"type":"003","src":"safekorea","asof":"2026-08-03"}},{"type":"Feature","geometry":{"type":"Point","coordinates":[126.8496,37.55089]},"properties":{"name":"강서구청","addr":"서울특별시 강서구 화곡로 302  (화곡동)","sgg":"11500","cap":13,"type":"001","src":"safekorea","asof":"2026-08-04"}},{"type":"Feature","geometry":{"type":"Point","coordinates":[126.83475,37.54466]},"properties":{"name":"푸른어르신사랑방","addr":"서울특별시 강서구  강서로45다길  74   (화곡동)","sgg":"11500","cap":18,"type":"003","src":"safekorea","asof":"2026-08-03"}},{"type":"Feature","geometry":{"type":"Point","coordinates":[126.85941,37.5311]},"properties":{"name":"화친어르신사랑방","addr":"서울특별시 강서구  강서로8길  203   (화곡동)","sgg":"11500","cap":19,"type":"003","src":"safekorea","asof":"2026-08-03"}},{"type":"Feature","geometry":{"type":"Point","coordinates":[126.8526,37.55243]},"properties":{"name":"연지어르신사랑방","addr":"서울특별시 강서구  화곡로58길  30-7  (화곡동)","sgg":"11500","cap":39,"type":"003","src":"safekorea","asof":"2026-06-29"}},{"type":"Feature","geometry":{"type":"Point","coordinates":[126.84831,37.53272]},"properties":{"name":"화곡8동주민센터","addr":"서울특별시 강서구 곰달래로25길 45","sgg":"11500","cap":62,"type":"001","src":"safekorea","asof":"2026-06-02"}},{"type":"Feature","geometry":{"type":"Point","coordinates":[126.85455,37.53185]},"properties":{"name":"화곡2동주민센터","addr":"서울특별시 강서구  곰달래로37길  13   (화곡동)","sgg":"11500","cap":267,"type":"001","src":"safekorea","asof":"2026-07-20"}},{"type":"Feature","geometry":{"type":"Point","coordinates":[126.8199,37.57252]},"properties":{"name":"방화동부어르신사랑방","addr":"서울특별시 강서구 양천로28길 12-9 (마곡동)","sgg":"11500","cap":20,"type":"003","src":"safekorea","asof":"2026-08-03"}},{"type":"Feature","geometry":{"type":"Point","coordinates":[126.8054,37.5715]},"properties":{"name":"방화2동주민센터","addr":"서울특별시 강서구 개화동로21길 52","sgg":"11500","cap":36,"type":"001","src":"safekorea","asof":"2026-06-02"}},{"type":"Feature","geometry":{"type":"Point","coordinates":[126.84137,37.5432]},"properties":{"name":"봉바위어르신사랑방","addr":"서울특별시 강서구 강서로34길 34","sgg":"11500","cap":18,"type":"003","src":"safekorea","asof":"2026-06-29"}},{"type":"Feature","geometry":{"type":"Point","coordinates":[126.84157,37.53043]},"properties":{"name":"화곡1동주민센터","addr":"서울특별시 강서구  곰달래로  79   (화곡동)","sgg":"11500","cap":50,"type":"001","src":"safekorea","asof":"2026-06-02"}},{"type":"Feature","geometry":{"type":"Point","coordinates":[126.8401,37.55421]},"properties":{"name":"내발산경로당","addr":"서울특별시 강서구 우장산로 24-5 (내발산 복합복지센터)","sgg":"11500","cap":75,"type":"003","src":"safekorea","asof":"2026-06-29"}},{"type":"Feature","geometry":{"type":"Point","coordinates":[126.81352,37.57875]},"properties":{"name":"방화3동주민센터","addr":"서울특별시 강서구 금낭화로24길 5","sgg":"11500","cap":261,"type":"001","src":"safekorea","asof":"2026-06-02"}},{"type":"Feature","geometry":{"type":"Point","coordinates":[126.84179,37.54823]},"properties":{"name":"우장산동주민센터","addr":"서울특별시 강서구 우현로 34","sgg":"11500","cap":140,"type":"001","src":"safekorea","asof":"2026-07-21"}},{"type":"Feature","geometry":{"type":"Point","coordinates":[126.83318,37.55205]},"properties":{"name":"발음어르신경로당","addr":"서울특별시 강서구  강서로47길  61-21  (내발산동)","sgg":"11500","cap":18,"type":"003","src":"safekorea","asof":"2026-06-29"}},{"type":"Feature","geometry":{"type":"Point","coordinates":[126.8229,37.54687]},"properties":{"name":"신광명어르신사랑방","addr":"서울특별시 강서구 남부순환로19길 105","sgg":"11500","cap":52,"type":"003","src":"safekorea","asof":"2026-06-29"}},{"type":"Feature","geometry":{"type":"Point","coordinates":[126.8806,37.50778]},"properties":{"name":"신도림동주민센터","addr":"서울특별시 구로구 신도림로 40 (신도림동)","sgg":"11530","cap":600,"type":"001","src":"safekorea","asof":"2026-07-16"}},{"type":"Feature","geometry":{"type":"Point","coordinates":[126.88553,37.5016]},"properties":{"name":"푸른솔경로당","addr":"서울특별시 구로구 구로중앙로32나길 12","sgg":"11530","cap":60,"type":"003","src":"safekorea","asof":"2026-08-05"}},{"type":"Feature","geometry":{"type":"Point","coordinates":[126.89437,37.49282]},"properties":{"name":"휴서울이동노동자구로쉼터","addr":"서울특별시 구로구 구로동 120-5","sgg":"11530","cap":10,"type":"003","src":"safekorea","asof":"2026-04-30"}},{"type":"Feature","geometry":{"type":"Point","coordinates":[126.83028,37.48957]},"properties":{"name":"오정경로당","addr":"서울특별시 구로구 오리로13가길 30 (동보아파트상가)","sgg":"11530","cap":27,"type":"003","src":"safekorea","asof":"2026-08-05"}},{"type":"Feature","geometry":{"type":"Point","coordinates":[126.82435,37.48629]},"properties":{"name":"구립수목원경로당","addr":"서울특별시 구로구 연동로 296-12 (늘푸른빌)","sgg":"11530","cap":40,"type":"003","src":"safekorea","asof":"2026-08-05"}},{"type":"Feature","geometry":{"type":"Point","coordinates":[126.84703,37.49364]},"properties":{"name":"응골경로당","addr":"서울특별시 구로구 오류로8길 126-3","sgg":"11530","cap":20,"type":"003","src":"safekorea","asof":"2026-08-11"}},{"type":"Feature","geometry":{"type":"Point","coordinates":[126.88896,37.49656]},"properties":{"name":"구로아트벨리","addr":"서울특별시 구로구 가마산로25길 9-24 (구로구의회)","sgg":"11530","cap":20,"type":"001","src":"safekorea","asof":"2026-03-13"}},{"type":"Feature","geometry":{"type":"Point","coordinates":[126.84004,37.48954]},"properties":{"name":"오리골경로당","addr":"서울특별시 구로구 오류로 54 (성민빌딩)","sgg":"11530","cap":60,"type":"003","src":"safekorea","asof":"2026-08-11"}},{"type":"Feature","geometry":{"type":"Point","coordinates":[126.85401,37.49911]},"properties":{"name":"개봉1동경로당","addr":"서울특별시 구로구 경인로35길 40-1 (경로당)","sgg":"11530","cap":60,"type":"003","src":"safekorea","asof":"2026-08-05"}},{"type":"Feature","geometry":{"type":"Point","coordinates":[126.88913,37.49156]},"properties":{"name":"구로4동주민센터","addr":"서울특별시 구로구 구로동로28길 94","sgg":"11530","cap":259,"type":"001","src":"safekorea","asof":"2026-06-09"}},{"type":"Feature","geometry":{"type":"Point","coordinates":[126.88929,37.50004]},"properties":{"name":"구로5동주민센터","addr":"서울특별시 구로구 구로중앙로28길 66","sgg":"11530","cap":165,"type":"001","src":"safekorea","asof":"2026-06-09"}},{"type":"Feature","geometry":{"type":"Point","coordinates":[126.85658,37.49083]},"properties":{"name":"개봉2동주민센터","addr":"서울특별시 구로구 개봉로16가길 17 (개봉동)","sgg":"11530","cap":622,"type":"001","src":"safekorea","asof":"2026-06-26"}},{"type":"Feature","geometry":{"type":"Point","coordinates":[126.84528,37.49725]},"properties":{"name":"오류1동주민센터","addr":"서울특별시 구로구 경인로27길 10","sgg":"11530","cap":390,"type":"001","src":"safekorea","asof":"2026-06-09"}},{"type":"Feature","geometry":{"type":"Point","coordinates":[126.83947,37.48876]},"properties":{"name":"오류2동주민센터","addr":"서울특별시 구로구 오류로 45","sgg":"11530","cap":138,"type":"001","src":"safekorea","asof":"2026-06-09"}},{"type":"Feature","geometry":{"type":"Point","coordinates":[126.89031,37.48744]},"properties":{"name":"구로3동주민센터","addr":"서울특별시 구로구 디지털로31길 109 (구로동)","sgg":"11530","cap":142,"type":"001","src":"safekorea","asof":"2026-06-26"}},{"type":"Feature","geometry":{"type":"Point","coordinates":[126.88956,37.49695]},"properties":{"name":"구로구민회관","addr":"서울특별시 구로구 가마산로25길 21 (구로구민회관)","sgg":"11530","cap":30,"type":"001","src":"safekorea","asof":"2026-03-13"}},{"type":"Feature","geometry":{"type":"Point","coordinates":[126.86277,37.50037]},"properties":{"name":"고척1동주민센터","addr":"서울특별시 구로구 중앙로3길 18-8","sgg":"11530","cap":36,"type":"001","src":"safekorea","asof":"2026-06-24"}},{"type":"Feature","geometry":{"type":"Point","coordinates":[126.83145,37.49386]},"properties":{"name":"수궁동주민센터","addr":"서울특별시 구로구 오리로15길 32","sgg":"11530","cap":233,"type":"001","src":"safekorea","asof":"2026-06-26"}},{"type":"Feature","geometry":{"type":"Point","coordinates":[126.88977,37.48245]},"properties":{"name":"가리봉동주민센터","addr":"서울특별시 구로구 우마2길 35","sgg":"11530","cap":154,"type":"001","src":"safekorea","asof":"2026-06-09"}},{"type":"Feature","geometry":{"type":"Point","coordinates":[126.85859,37.50667]},"properties":{"name":"고척2동주민센터","addr":"서울특별시 구로구 중앙로15길 22","sgg":"11530","cap":584,"type":"001","src":"safekorea","asof":"2026-06-22"}},{"type":"Feature","geometry":{"type":"Point","coordinates":[126.85112,37.50021]},"properties":{"name":"개봉1동주민센터","addr":"서울특별시 구로구 경인로33길 51","sgg":"11530","cap":191,"type":"001","src":"safekorea","asof":"2026-06-09"}},{"type":"Feature","geometry":{"type":"Point","coordinates":[126.82241,37.47926]},"properties":{"name":"항동주민센터","addr":"서울특별시 구로구 연동로 191-19 (항동)","sgg":"11530","cap":116,"type":"001","src":"safekorea","asof":"2026-06-26"}},{"type":"Feature","geometry":{"type":"Point","coordinates":[126.88769,37.49535]},"properties":{"name":"구로구청한파쉼터","addr":"서울특별시 구로구 가마산로 245  (구로동)","sgg":"11530","cap":8,"type":"001","src":"safekorea","asof":"2026-03-13"}},{"type":"Feature","geometry":{"type":"Point","coordinates":[126.87575,37.49301]},"properties":{"name":"구로1동주민센터","addr":"서울특별시 구로구 구일로4길 57","sgg":"11530","cap":215,"type":"001","src":"safekorea","asof":"2026-06-26"}},{"type":"Feature","geometry":{"type":"Point","coordinates":[126.88357,37.49132]},"properties":{"name":"구로2동주민센터","addr":"서울특별시 구로구 구로동로 141 (구로동)","sgg":"11530","cap":745,"type":"001","src":"safekorea","asof":"2026-06-09"}},{"type":"Feature","geometry":{"type":"Point","coordinates":[126.85385,37.48586]},"properties":{"name":"개봉3동주민센터","addr":"서울특별시 구로구 개봉로1가길 28","sgg":"11530","cap":50,"type":"001","src":"safekorea","asof":"2026-07-15"}},{"type":"Feature","geometry":{"type":"Point","coordinates":[126.88719,37.45695]},"properties":{"name":"참새경로당","addr":"서울특별시 금천구 한내로 55","sgg":"11545","cap":20,"type":"003","src":"safekorea","asof":"2026-05-12"}},{"type":"Feature","geometry":{"type":"Point","coordinates":[126.90615,37.45894]},"properties":{"name":"시흥4동주민센터","addr":"서울특별시 금천구 독산로36길 14 (시흥4동주민센터)","sgg":"11545","cap":50,"type":"001","src":"safekorea","asof":"2026-08-03"}},{"type":"Feature","geometry":{"type":"Point","coordinates":[126.89385,37.46894]},"properties":{"name":"금천뮤지컬센터","addr":"서울특별시 금천구 시흥대로115길 48 (독산동)","sgg":"11545","cap":20,"type":"001","src":"safekorea","asof":"2026-05-26"}},{"type":"Feature","geometry":{"type":"Point","coordinates":[126.9139,37.45082]},"properties":{"name":"산장경로당","addr":"서울특별시 금천구 탑골로2길 59-9","sgg":"11545","cap":30,"type":"003","src":"safekorea","asof":"2026-05-12"}},{"type":"Feature","geometry":{"type":"Point","coordinates":[126.90788,37.46966]},"properties":{"name":"책달샘숲속작은도서관","addr":null,"sgg":"11545","cap":15,"type":"001","src":"safekorea","asof":"2026-01-28"}},{"type":"Feature","geometry":{"type":"Point","coordinates":[126.89813,37.46431]},"properties":{"name":"독산2동마을활력소(정감)","addr":"서울특별시 금천구 시흥대로 342 (독산동)","sgg":"11545","cap":30,"type":"001","src":"safekorea","asof":"2026-01-28"}},{"type":"Feature","geometry":{"type":"Point","coordinates":[126.88687,37.45794]},"properties":{"name":"금천한내어르신복지센터","addr":"서울특별시 금천구 한내로 69-15 (주공13단지아파트 1315동)","sgg":"11545","cap":30,"type":"003","src":"safekorea","asof":"2026-05-12"}},{"type":"Feature","geometry":{"type":"Point","coordinates":[126.9065,37.47754]},"properties":{"name":"목화경로당","addr":"서울특별시 금천구 문성로7가길 14 (독산동)","sgg":"11545","cap":20,"type":"003","src":"safekorea","asof":"2026-01-28"}},{"type":"Feature","geometry":{"type":"Point","coordinates":[126.89212,37.47349]},"properties":{"name":"금천구립가산도서관","addr":"서울특별시 금천구 가산로5길 43 (가산동)","sgg":"11545","cap":20,"type":"001","src":"safekorea","asof":"2026-05-12"}},{"type":"Feature","geometry":{"type":"Point","coordinates":[126.90436,37.44648]},"properties":{"name":"금천문화회관(1층로비)","addr":"서울특별시 금천구 시흥대로38길 61 (금천문화회관)","sgg":"11545","cap":10,"type":"001","src":"safekorea","asof":"2026-01-28"}},{"type":"Feature","geometry":{"type":"Point","coordinates":[126.87495,37.48264]},"properties":{"name":"대한적십자사금천봉사나눔터","addr":"서울특별시 금천구 가산디지털2로 169-44 (가산동)","sgg":"11545","cap":20,"type":"001","src":"safekorea","asof":"2026-05-28"}},{"type":"Feature","geometry":{"type":"Point","coordinates":[126.89846,37.45813]},"properties":{"name":"금천구시각장애인쉼터","addr":"서울특별시 금천구 시흥대로77길 23 (시흥동, 시흥베르빌아파트)","sgg":"11545","cap":30,"type":"003","src":"safekorea","asof":"2026-05-12"}},{"type":"Feature","geometry":{"type":"Point","coordinates":[126.9,37.4534]},"properties":{"name":"금천구지체장애인쉼터","addr":"서울특별시 금천구 시흥대로59길 13 (시흥동, 백운플러스타워)","sgg":"11545","cap":50,"type":"003","src":"safekorea","asof":"2026-01-28"}},{"type":"Feature","geometry":{"type":"Point","coordinates":[126.89176,37.47685]},"properties":{"name":"금천누리종합사회복지관","addr":"서울특별시 금천구 가산로 129","sgg":"11545","cap":20,"type":"003","src":"safekorea","asof":"2026-04-22"}},{"type":"Feature","geometry":{"type":"Point","coordinates":[126.91163,37.45182]},"properties":{"name":"금천마을활력소어울샘(2층어울샘홀)","addr":"서울특별시 금천구 탑골로 22 (시흥동)","sgg":"11545","cap":30,"type":"001","src":"safekorea","asof":"2026-05-26"}},{"type":"Feature","geometry":{"type":"Point","coordinates":[126.89652,37.47297]},"properties":{"name":"복숭아마을수다방","addr":"서울특별시 금천구 시흥대로139길 28 (독산동)","sgg":"11545","cap":15,"type":"001","src":"safekorea","asof":"2026-01-28"}},{"type":"Feature","geometry":{"type":"Point","coordinates":[126.91482,37.44955]},"properties":{"name":"시흥2동주민센터","addr":"서울특별시 금천구 금하로 764 (시흥동)","sgg":"11545","cap":50,"type":"001","src":"safekorea","asof":"2026-05-26"}},{"type":"Feature","geometry":{"type":"Point","coordinates":[126.89977,37.4661]},"properties":{"name":"금천평생학습관독산","addr":"서울특별시 금천구 범안로 1240-7 (독산동)","sgg":"11545","cap":25,"type":"001","src":"safekorea","asof":"2026-01-28"}},{"type":"Feature","geometry":{"type":"Point","coordinates":[126.90324,37.45357]},"properties":{"name":"시흥1동주민센터","addr":"서울특별시 금천구 시흥동 시흥대로58길  36   (시흥동)","sgg":"11545","cap":300,"type":"001","src":"safekorea","asof":"2026-01-28"}},{"type":"Feature","geometry":{"type":"Point","coordinates":[126.8857,37.47718]},"properties":{"name":"휴서울이동노동자가산쉼터","addr":"서울특별시 금천구 가산동 60-35","sgg":"11545","cap":10,"type":"003","src":"safekorea","asof":"2026-04-30"}},{"type":"Feature","geometry":{"type":"Point","coordinates":[126.91419,37.4497]},"properties":{"name":"시흥2동마을활력소(늘솔나루)","addr":"서울특별시 금천구 금하로 764 (시흥동)","sgg":"11545","cap":15,"type":"001","src":"safekorea","asof":"2026-05-12"}},{"type":"Feature","geometry":{"type":"Point","coordinates":[126.9148,37.4509]},"properties":{"name":"공동체경제통합지원센터2관(2층)","addr":"서울특별시 금천구 탑골로8길 23 (시흥동)","sgg":"11545","cap":20,"type":"001","src":"safekorea","asof":"2026-01-28"}},{"type":"Feature","geometry":{"type":"Point","coordinates":[126.90645,37.46954]},"properties":{"name":"금천호암노인종합복지관","addr":"서울특별시 금천구 독산로72길 86-5","sgg":"11545","cap":30,"type":"003","src":"safekorea","asof":"2026-01-28"}},{"type":"Feature","geometry":{"type":"Point","coordinates":[126.89549,37.45691]},"properties":{"name":"금천구청1층(로비),응급대피소지하1층","addr":"서울특별시 금천구 시흥대로73길 70 (금천구청종합청사)","sgg":"11545","cap":100,"type":"001","src":"safekorea","asof":"2026-01-28"}},{"type":"Feature","geometry":{"type":"Point","coordinates":[126.90808,37.4675]},"properties":{"name":"금천구립독산도서관(1층로비)","addr":"서울특별시 금천구 독산로54길 114 (금천구립독산도서관)","sgg":"11545","cap":10,"type":"001","src":"safekorea","asof":"2026-06-04"}},{"type":"Feature","geometry":{"type":"Point","coordinates":[126.91018,37.46232]},"properties":{"name":"새재미마을활력소","addr":"서울특별시 금천구 독산로50길 105","sgg":"11545","cap":40,"type":"001","src":"safekorea","asof":"2026-07-03"}},{"type":"Feature","geometry":{"type":"Point","coordinates":[126.89641,37.45889]},"properties":{"name":"금나래문화체육센터(1층북카페)","addr":"서울특별시 금천구 시흥대로79길 32 (독산동)","sgg":"11545","cap":76,"type":"001","src":"safekorea","asof":"2026-07-01"}},{"type":"Feature","geometry":{"type":"Point","coordinates":[126.89778,37.45015]},"properties":{"name":"금천노인종합복지관","addr":"서울특별시 금천구 시흥대로51길 93-32","sgg":"11545","cap":40,"type":"003","src":"safekorea","asof":"2026-01-28"}},{"type":"Feature","geometry":{"type":"Point","coordinates":[126.90349,37.46315]},"properties":{"name":"독산2동주민센터","addr":"서울특별시 금천구 독산로 179","sgg":"11545","cap":30,"type":"001","src":"safekorea","asof":"2026-05-26"}},{"type":"Feature","geometry":{"type":"Point","coordinates":[126.90166,37.46938]},"properties":{"name":"정심경로당","addr":"서울특별시 금천구 독산로75길 12-7 (정심경로당 소망공원)","sgg":"11545","cap":20,"type":"003","src":"safekorea","asof":"2026-04-22"}},{"type":"Feature","geometry":{"type":"Point","coordinates":[126.90215,37.46756]},"properties":{"name":"독산4동주민센터","addr":"서울특별시 금천구 독산로 232 (독산4동주민센터)","sgg":"11545","cap":30,"type":"001","src":"safekorea","asof":"2026-01-28"}},{"type":"Feature","geometry":{"type":"Point","coordinates":[126.90426,37.45885]},"properties":{"name":"새재미경로당","addr":"서울특별시 금천구 독산로39길 16","sgg":"11545","cap":50,"type":"003","src":"safekorea","asof":"2026-01-28"}},{"type":"Feature","geometry":{"type":"Point","coordinates":[126.89705,37.47022]},"properties":{"name":"독산1동주민센터","addr":"서울특별시 금천구 독산동 시흥대로123길  11   (독산동)","sgg":"11545","cap":100,"type":"001","src":"safekorea","asof":"2026-05-12"}},{"type":"Feature","geometry":{"type":"Point","coordinates":[126.89142,37.45299]},"properties":{"name":"금하마을주민공동이용시설(1층공유부엌)","addr":"서울특별시 금천구 금하로1다길 16 (독산동)","sgg":"11545","cap":16,"type":"001","src":"safekorea","asof":"2026-01-28"}},{"type":"Feature","geometry":{"type":"Point","coordinates":[126.90317,37.47516]},"properties":{"name":"독산3동주민센터","addr":"서울특별시 금천구 독산로 317","sgg":"11545","cap":100,"type":"001","src":"safekorea","asof":"2026-01-28"}},{"type":"Feature","geometry":{"type":"Point","coordinates":[126.90225,37.47367]},"properties":{"name":"독산보건지소","addr":"서울특별시 금천구 독산로87길 27 (독산동)","sgg":"11545","cap":10,"type":"001","src":"safekorea","asof":"2026-05-26"}},{"type":"Feature","geometry":{"type":"Point","coordinates":[126.90765,37.45142]},"properties":{"name":"시흥5동임시어르신쉼터","addr":"서울특별시 금천구 금하로 700 (시흥동)","sgg":"11545","cap":15,"type":"003","src":"safekorea","asof":"2026-01-28"}},{"type":"Feature","geometry":{"type":"Point","coordinates":[126.90747,37.45103]},"properties":{"name":"공동체경제통합지원센터(1관)","addr":"서울특별시 금천구 은행나무로 45 (시흥동)","sgg":"11545","cap":29,"type":"001","src":"safekorea","asof":"2026-05-12"}},{"type":"Feature","geometry":{"type":"Point","coordinates":[126.88766,37.46672]},"properties":{"name":"책이든거리작은도서관","addr":null,"sgg":"11545","cap":10,"type":"001","src":"safekorea","asof":"2026-07-13"}},{"type":"Feature","geometry":{"type":"Point","coordinates":[126.90749,37.44058]},"properties":{"name":"박미사랑마을회관","addr":"서울특별시 금천구 시흥대로12길 82 (시흥동)","sgg":"11545","cap":10,"type":"001","src":"safekorea","asof":"2026-05-12"}},{"type":"Feature","geometry":{"type":"Point","coordinates":[126.90754,37.46284]},"properties":{"name":"장수경로당","addr":"서울특별시 금천구 시흥동 독산로50길  57-1  (시흥동)","sgg":"11545","cap":40,"type":"003","src":"safekorea","asof":"2026-05-12"}},{"type":"Feature","geometry":{"type":"Point","coordinates":[126.90953,37.45152]},"properties":{"name":"탑동경로당","addr":"서울특별시 금천구 금하로23가길 14-1 (시흥동)","sgg":"11545","cap":20,"type":"003","src":"safekorea","asof":"2026-05-04"}},{"type":"Feature","geometry":{"type":"Point","coordinates":[126.90632,37.45042]},"properties":{"name":"읍내경로당","addr":"서울특별시 금천구 은행나무로10길 12-1","sgg":"11545","cap":30,"type":"003","src":"safekorea","asof":"2026-05-04"}},{"type":"Feature","geometry":{"type":"Point","coordinates":[126.90583,37.44026]},"properties":{"name":"시흥3동주민센터","addr":"서울특별시 금천구 시흥대로18길 40 (시흥3동주민센터)","sgg":"11545","cap":120,"type":"001","src":"safekorea","asof":"2026-01-28"}},{"type":"Feature","geometry":{"type":"Point","coordinates":[126.88871,37.47269]},"properties":{"name":"우정경로당","addr":"서울특별시 금천구 두산로3길 49","sgg":"11545","cap":30,"type":"003","src":"safekorea","asof":"2026-01-28"}},{"type":"Feature","geometry":{"type":"Point","coordinates":[126.9084,37.4508]},"properties":{"name":"시흥5동주민센터","addr":"서울특별시 금천구 금하로24길 6 (시흥동)","sgg":"11545","cap":30,"type":"001","src":"safekorea","asof":"2026-05-29"}},{"type":"Feature","geometry":{"type":"Point","coordinates":[126.89529,37.46458]},"properties":{"name":"복지경로당","addr":"서울특별시 금천구 벚꽃로10길 94","sgg":"11545","cap":40,"type":"003","src":"safekorea","asof":"2026-05-12"}},{"type":"Feature","geometry":{"type":"Point","coordinates":[126.90097,37.46282]},"properties":{"name":"만수경로당","addr":"서울특별시 금천구 시흥대로90길 60-3","sgg":"11545","cap":20,"type":"003","src":"safekorea","asof":"2026-05-28"}},{"type":"Feature","geometry":{"type":"Point","coordinates":[126.89179,37.47691]},"properties":{"name":"가산동주민센터","addr":"서울특별시 금천구 가산동 가산로  129   (가산동)","sgg":"11545","cap":30,"type":"001","src":"safekorea","asof":"2026-05-26"}},{"type":"Feature","geometry":{"type":"Point","coordinates":[126.9033,37.52479]},"properties":{"name":"서울시노동자복지관","addr":"서울특별시 영등포구 국회대로44길 10 (서울노총복지회관)","sgg":"11560","cap":null,"type":"001","src":"safekorea","asof":"2026-05-26"}},{"type":"Feature","geometry":{"type":"Point","coordinates":[126.90593,37.49548]},"properties":{"name":"대림1동주민센터","addr":"서울특별시 영등포구 디지털로 441","sgg":"11560","cap":30,"type":"001","src":"safekorea","asof":"2025-11-06"}},{"type":"Feature","geometry":{"type":"Point","coordinates":[126.89593,37.52633]},"properties":{"name":"영등포구청본관한파쉼터","addr":"서울특별시 영등포구 당산로 123  (당산동3가)","sgg":"11560","cap":30,"type":"001","src":"safekorea","asof":"2026-01-14"}},{"type":"Feature","geometry":{"type":"Point","coordinates":[126.9052,37.50161]},"properties":{"name":"신길5동주민센터","addr":"서울특별시 영등포구 도림로 264","sgg":"11560","cap":30,"type":"001","src":"safekorea","asof":"2026-02-20"}},{"type":"Feature","geometry":{"type":"Point","coordinates":[126.90983,37.49938]},"properties":{"name":"신길6동주민센터","addr":"서울특별시 영등포구 대방천로 167 (신길동)","sgg":"11560","cap":21,"type":"001","src":"safekorea","asof":"2026-04-30"}},{"type":"Feature","geometry":{"type":"Point","coordinates":[126.92142,37.50632]},"properties":{"name":"신길7동주민센터","addr":"서울특별시 영등포구 여의대방로43길 10","sgg":"11560","cap":30,"type":"001","src":"safekorea","asof":"2026-02-20"}},{"type":"Feature","geometry":{"type":"Point","coordinates":[126.90762,37.49732]},"properties":{"name":"영등포종합사회복지관","addr":"서울특별시 영등포구 신길로13길 4 (영등포종합사회복지관)","sgg":"11560","cap":30,"type":"001","src":"safekorea","asof":"2026-03-05"}},{"type":"Feature","geometry":{"type":"Point","coordinates":[126.89746,37.50968]},"properties":{"name":"구립모랫말복지센터","addr":"서울특별시 영등포구 도영로 41","sgg":"11560","cap":40,"type":"003","src":"safekorea","asof":"2026-03-05"}},{"type":"Feature","geometry":{"type":"Point","coordinates":[126.90587,37.49545]},"properties":{"name":"시니어행복발전센터","addr":"서울특별시 영등포구 디지털로 441  (대림동)","sgg":"11560","cap":10,"type":"003","src":"safekorea","asof":"2026-03-05"}},{"type":"Feature","geometry":{"type":"Point","coordinates":[126.90328,37.51018]},"properties":{"name":"영등포어르신복지센터","addr":"서울특별시 영등포구 도영로22길 36 (영등포동)","sgg":"11560","cap":10,"type":"003","src":"safekorea","asof":"2026-05-04"}},{"type":"Feature","geometry":{"type":"Point","coordinates":[126.92146,37.51115]},"properties":{"name":"신길종합사회복지관","addr":"서울특별시 영등포구 영등포로84길 24-5 (신길종합사회복지관)","sgg":"11560","cap":15,"type":"001","src":"safekorea","asof":"2026-03-05"}},{"type":"Feature","geometry":{"type":"Point","coordinates":[126.8901,37.5169]},"properties":{"name":"영등포노인종합복지관","addr":"서울특별시 영등포구 도림로 482","sgg":"11560","cap":21,"type":"003","src":"safekorea","asof":"2026-03-05"}},{"type":"Feature","geometry":{"type":"Point","coordinates":[126.909,37.52226]},"properties":{"name":"영중종합사회복지관","addr":"서울특별시 영등포구 양산로 232 (영등포공공복합시설)","sgg":"11560","cap":15,"type":"001","src":"safekorea","asof":"2026-03-05"}},{"type":"Feature","geometry":{"type":"Point","coordinates":[126.89949,37.51709]},"properties":{"name":"문래동주민센터","addr":"서울특별시 영등포구 문래로28길 15","sgg":"11560","cap":10,"type":"001","src":"safekorea","asof":"2026-02-20"}},{"type":"Feature","geometry":{"type":"Point","coordinates":[126.88826,37.52361]},"properties":{"name":"양평1동주민센터","addr":"서울특별시 영등포구 영등포로11길 12","sgg":"11560","cap":30,"type":"001","src":"safekorea","asof":"2026-04-30"}},{"type":"Feature","geometry":{"type":"Point","coordinates":[126.894,37.53644]},"properties":{"name":"양평2동주민센터","addr":"서울특별시 영등포구 선유로47길 30 (양평동4가)","sgg":"11560","cap":30,"type":"001","src":"safekorea","asof":"2026-05-11"}},{"type":"Feature","geometry":{"type":"Point","coordinates":[126.91009,37.50661]},"properties":{"name":"신길3동주민센터","addr":"서울특별시 영등포구 가마산로 483 (신길AK 푸르지오)","sgg":"11560","cap":30,"type":"001","src":"safekorea","asof":"2026-04-30"}},{"type":"Feature","geometry":{"type":"Point","coordinates":[126.91127,37.50842]},"properties":{"name":"신길4동주민센터","addr":"서울특별시 영등포구 신길로42길 1","sgg":"11560","cap":20,"type":"001","src":"safekorea","asof":"2026-04-30"}},{"type":"Feature","geometry":{"type":"Point","coordinates":[126.90932,37.51464]},"properties":{"name":"영등포본동주민센터","addr":"서울특별시 영등포구 신길로61길 17","sgg":"11560","cap":30,"type":"001","src":"safekorea","asof":"2026-04-30"}},{"type":"Feature","geometry":{"type":"Point","coordinates":[126.93457,37.51763]},"properties":{"name":"여의동주민센터","addr":"서울특별시 영등포구 국제금융로 124","sgg":"11560","cap":10,"type":"001","src":"safekorea","asof":"2026-04-30"}},{"type":"Feature","geometry":{"type":"Point","coordinates":[126.8973,37.52513]},"properties":{"name":"당산1동주민센터","addr":"서울특별시 영등포구 양산로23길 11 (당산동3가)","sgg":"11560","cap":23,"type":"001","src":"safekorea","asof":"2026-08-11"}},{"type":"Feature","geometry":{"type":"Point","coordinates":[126.89734,37.53101]},"properties":{"name":"당산2동주민센터","addr":"서울특별시 영등포구 당산로41가길 7","sgg":"11560","cap":24,"type":"001","src":"safekorea","asof":"2026-04-30"}},{"type":"Feature","geometry":{"type":"Point","coordinates":[126.89597,37.50946]},"properties":{"name":"도림동주민센터","addr":"서울특별시 영등포구 도영로7길 10","sgg":"11560","cap":30,"type":"001","src":"safekorea","asof":"2026-06-17"}},{"type":"Feature","geometry":{"type":"Point","coordinates":[126.89823,37.49271]},"properties":{"name":"대림2동주민센터","addr":"서울특별시 영등포구 대림로23길 25","sgg":"11560","cap":24,"type":"001","src":"safekorea","asof":"2026-04-30"}},{"type":"Feature","geometry":{"type":"Point","coordinates":[126.89901,37.50091]},"properties":{"name":"대림3동주민센터","addr":"서울특별시 영등포구 가마산로 364 (성락빌딩)","sgg":"11560","cap":20,"type":"001","src":"safekorea","asof":"2025-11-06"}},{"type":"Feature","geometry":{"type":"Point","coordinates":[126.90903,37.52229]},"properties":{"name":"영등포동주민센터","addr":"서울특별시 영등포구 양산로 232 (영등포동2가)","sgg":"11560","cap":20,"type":"001","src":"safekorea","asof":"2026-05-11"}},{"type":"Feature","geometry":{"type":"Point","coordinates":[126.92634,37.50817]},"properties":{"name":"대방동주민센터","addr":"서울특별시 동작구  여의대방로44길  20   (대방동)","sgg":"11590","cap":50,"type":"001","src":"safekorea","asof":"2026-08-09"}},{"type":"Feature","geometry":{"type":"Point","coordinates":[126.96188,37.50845]},"properties":{"name":"흑석경로당","addr":"서울특별시 동작구  서달로13길  17   (흑석동)","sgg":"11590","cap":80,"type":"003","src":"safekorea","asof":"2026-08-09"}},{"type":"Feature","geometry":{"type":"Point","coordinates":[126.97202,37.48135]},"properties":{"name":"신남성경로당","addr":"서울특별시 동작구  사당로16길  56   (사당동)","sgg":"11590","cap":70,"type":"003","src":"safekorea","asof":"2026-08-10"}},{"type":"Feature","geometry":{"type":"Point","coordinates":[126.94655,37.51323]},"properties":{"name":"노량진1동주민센터","addr":"서울특별시 동작구 노량진로 190  (노량진동, 고려교육타워-어바니엘한강)","sgg":"11590","cap":50,"type":"001","src":"safekorea","asof":"2026-08-09"}},{"type":"Feature","geometry":{"type":"Point","coordinates":[126.94233,37.50549]},"properties":{"name":"상도2동주민센터","addr":"서울특별시 동작구  상도로  211   (상도동)","sgg":"11590","cap":50,"type":"001","src":"safekorea","asof":"2026-08-09"}},{"type":"Feature","geometry":{"type":"Point","coordinates":[126.93134,37.49921]},"properties":{"name":"상도3동주민센터","addr":"서울특별시 동작구  성대로2길  11   (상도동)","sgg":"11590","cap":50,"type":"001","src":"safekorea","asof":"2026-08-09"}},{"type":"Feature","geometry":{"type":"Point","coordinates":[126.96659,37.50578]},"properties":{"name":"흑석동주민센터","addr":"서울특별시 동작구  흑석한강로  11   (흑석동)","sgg":"11590","cap":50,"type":"001","src":"safekorea","asof":"2026-08-09"}},{"type":"Feature","geometry":{"type":"Point","coordinates":[126.94114,37.50442]},"properties":{"name":"동작구청청사","addr":"서울특별시 동작구 장승배기로 70 (동작구청)","sgg":"11590","cap":null,"type":"001","src":"safekorea","asof":"2026-01-27"}},{"type":"Feature","geometry":{"type":"Point","coordinates":[126.92126,37.49821]},"properties":{"name":"신대방2동경로당","addr":"서울특별시 동작구  여의대방로24가길  2   (대방동)","sgg":"11590","cap":72,"type":"003","src":"safekorea","asof":"2026-08-10"}},{"type":"Feature","geometry":{"type":"Point","coordinates":[126.93633,37.49345]},"properties":{"name":"상도3동경로당","addr":"서울특별시 동작구 국사봉1길 221-7","sgg":"11590","cap":40,"type":"003","src":"safekorea","asof":"2026-08-09"}},{"type":"Feature","geometry":{"type":"Point","coordinates":[126.94134,37.49951]},"properties":{"name":"상도4동주민센터","addr":"서울특별시 동작구 양녕로27길 44 (상도동)","sgg":"11590","cap":50,"type":"001","src":"safekorea","asof":"2026-08-09"}},{"type":"Feature","geometry":{"type":"Point","coordinates":[126.97323,37.47889]},"properties":{"name":"사당1동경로당","addr":"서울특별시 동작구 사당로20길 132","sgg":"11590","cap":30,"type":"003","src":"safekorea","asof":"2026-08-09"}},{"type":"Feature","geometry":{"type":"Point","coordinates":[126.94485,37.50396]},"properties":{"name":"낙원경로당","addr":"서울특별시 동작구  상도로30길  73   (상도동)","sgg":"11590","cap":60,"type":"003","src":"safekorea","asof":"2026-08-09"}},{"type":"Feature","geometry":{"type":"Point","coordinates":[126.97206,37.48666]},"properties":{"name":"사당3동주민센터","addr":"서울특별시 동작구 사당로17길 86  (사당동)","sgg":"11590","cap":30,"type":"001","src":"safekorea","asof":"2026-08-09"}},{"type":"Feature","geometry":{"type":"Point","coordinates":[126.97539,37.48148]},"properties":{"name":"사당4동주민센터","addr":"서울특별시 동작구 사당로20나길 3 (마일스톤316)","sgg":"11590","cap":50,"type":"001","src":"safekorea","asof":"2026-08-09"}},{"type":"Feature","geometry":{"type":"Point","coordinates":[126.91004,37.48895]},"properties":{"name":"신대방1동주민센터","addr":"서울특별시 동작구  신대방길  72   (신대방동)","sgg":"11590","cap":60,"type":"001","src":"safekorea","asof":"2026-08-09"}},{"type":"Feature","geometry":{"type":"Point","coordinates":[126.93735,37.50852]},"properties":{"name":"노량진2동주민센터","addr":"서울특별시 동작구  장승배기로19길  48   (노량진동)","sgg":"11590","cap":50,"type":"001","src":"safekorea","asof":"2026-08-09"}},{"type":"Feature","geometry":{"type":"Point","coordinates":[126.97869,37.48315]},"properties":{"name":"사당1동주민센터","addr":"서울특별시 동작구  동작대로17길  28 , 사당1동 주민센터 (사당동)","sgg":"11590","cap":50,"type":"001","src":"safekorea","asof":"2026-08-09"}},{"type":"Feature","geometry":{"type":"Point","coordinates":[126.92454,37.49841]},"properties":{"name":"신대방2동주민센터","addr":"서울특별시 동작구 여의대방로24길 76 (신대방동)","sgg":"11590","cap":50,"type":"001","src":"safekorea","asof":"2026-08-09"}},{"type":"Feature","geometry":{"type":"Point","coordinates":[126.95307,37.49812]},"properties":{"name":"상도1동주민센터","addr":"서울특별시 동작구  상도로53길  9   (상도동)","sgg":"11590","cap":50,"type":"001","src":"safekorea","asof":"2026-08-09"}},{"type":"Feature","geometry":{"type":"Point","coordinates":[126.95101,37.49721]},"properties":{"name":"청송경로당","addr":"서울특별시 동작구  상도로52길  23   (상도동)","sgg":"11590","cap":48,"type":"003","src":"safekorea","asof":"2026-08-09"}},{"type":"Feature","geometry":{"type":"Point","coordinates":[126.93498,37.49731]},"properties":{"name":"성대골경로당","addr":"서울특별시 동작구  성대로10나길  1-4  (상도동)","sgg":"11590","cap":30,"type":"003","src":"safekorea","asof":"2026-08-09"}},{"type":"Feature","geometry":{"type":"Point","coordinates":[126.9799,37.48531]},"properties":{"name":"남성경로당","addr":"서울특별시 동작구  동작대로25길  48 , 남성경로당 (사당동)","sgg":"11590","cap":80,"type":"003","src":"safekorea","asof":"2026-08-09"}},{"type":"Feature","geometry":{"type":"Point","coordinates":[126.94619,37.50222]},"properties":{"name":"상도2동경로당","addr":"서울특별시 동작구  양녕로36길  13   (상도동)","sgg":"11590","cap":80,"type":"003","src":"safekorea","asof":"2026-08-09"}},{"type":"Feature","geometry":{"type":"Point","coordinates":[126.97925,37.48875]},"properties":{"name":"사당2동주민센터","addr":"서울특별시 동작구  동작대로29길  52 , 사당2동 주민센터 (사당동)","sgg":"11590","cap":50,"type":"001","src":"safekorea","asof":"2026-08-09"}},{"type":"Feature","geometry":{"type":"Point","coordinates":[126.97232,37.49018]},"properties":{"name":"삼익경로당","addr":"서울특별시 동작구  사당로27길  190   (사당동, 롯데캐슬)","sgg":"11590","cap":60,"type":"003","src":"safekorea","asof":"2026-08-09"}},{"type":"Feature","geometry":{"type":"Point","coordinates":[126.92262,37.49812]},"properties":{"name":"대방중앙경로당","addr":"서울특별시 동작구  여의대방로24라길  4   (대방동)","sgg":"11590","cap":80,"type":"003","src":"safekorea","asof":"2026-08-10"}},{"type":"Feature","geometry":{"type":"Point","coordinates":[126.94462,37.51039]},"properties":{"name":"노량진1동경로당","addr":"서울특별시 동작구  만양로  77   (노량진동)","sgg":"11590","cap":50,"type":"003","src":"safekorea","asof":"2026-08-09"}},{"type":"Feature","geometry":{"type":"Point","coordinates":[126.96701,37.48563]},"properties":{"name":"사당5동주민센터","addr":"서울특별시 동작구  사당로2가길  219   (사당동)","sgg":"11590","cap":50,"type":"001","src":"safekorea","asof":"2026-08-09"}},{"type":"Feature","geometry":{"type":"Point","coordinates":[126.96758,37.48638]},"properties":{"name":"사당5동구립경로당","addr":"서울특별시 동작구  사당로6길  3-8  (사당동)","sgg":"11590","cap":80,"type":"003","src":"safekorea","asof":"2026-08-10"}},{"type":"Feature","geometry":{"type":"Point","coordinates":[126.93539,37.50371]},"properties":{"name":"장수경로당","addr":"서울특별시 동작구 상도로15길 76 (상도동)","sgg":"11590","cap":80,"type":"003","src":"safekorea","asof":"2026-08-09"}},{"type":"Feature","geometry":{"type":"Point","coordinates":[126.92791,37.46594]},"properties":{"name":"주공1단지(아)경로당","addr":"서울특별시 관악구 광신길 160","sgg":"11620","cap":13,"type":"003","src":"safekorea","asof":"2026-01-14"}},{"type":"Feature","geometry":{"type":"Point","coordinates":[126.94818,37.48951]},"properties":{"name":"성현동주민센터","addr":"서울특별시 관악구 구암길 38 (봉천동)","sgg":"11620","cap":32,"type":"001","src":"safekorea","asof":"2026-06-23"}},{"type":"Feature","geometry":{"type":"Point","coordinates":[126.94241,37.48531]},"properties":{"name":"은천동주민센터","addr":"서울특별시 관악구 봉천로33나길 30 (봉천동)","sgg":"11620","cap":35,"type":"001","src":"safekorea","asof":"2026-06-23"}},{"type":"Feature","geometry":{"type":"Point","coordinates":[126.9181,37.4855]},"properties":{"name":"신사동주민센터","addr":"서울특별시 관악구 조원로 142 (신림동)","sgg":"11620","cap":38,"type":"001","src":"safekorea","asof":"2026-06-23"}},{"type":"Feature","geometry":{"type":"Point","coordinates":[126.91983,37.46242]},"properties":{"name":"신림SH빌(아)경로당","addr":"서울특별시 관악구 난곡로 80","sgg":"11620","cap":8,"type":"003","src":"safekorea","asof":"2026-01-14"}},{"type":"Feature","geometry":{"type":"Point","coordinates":[126.9047,37.48234]},"properties":{"name":"구립강남경로당","addr":"서울특별시 관악구 조원로4길 24 (신림동)","sgg":"11620","cap":24,"type":"003","src":"safekorea","asof":"2026-01-14"}},{"type":"Feature","geometry":{"type":"Point","coordinates":[126.92744,37.48162]},"properties":{"name":"신원동주민센터","addr":"서울특별시 관악구 신원로3길 13 (신림동)","sgg":"11620","cap":23,"type":"001","src":"safekorea","asof":"2026-06-23"}},{"type":"Feature","geometry":{"type":"Point","coordinates":[126.95829,37.48667]},"properties":{"name":"구립청림경로당","addr":"서울특별시 관악구 청림2길 37 (봉천동)","sgg":"11620","cap":39,"type":"003","src":"safekorea","asof":"2026-01-14"}},{"type":"Feature","geometry":{"type":"Point","coordinates":[126.92438,37.48269]},"properties":{"name":"신원경로당","addr":"서울특별시 관악구 남부순환로170길 6","sgg":"11620","cap":32,"type":"003","src":"safekorea","asof":"2026-08-06"}},{"type":"Feature","geometry":{"type":"Point","coordinates":[126.9287,37.4785]},"properties":{"name":"신일경로당","addr":"서울특별시 관악구 문성로32길 18 (신림동)","sgg":"11620","cap":46,"type":"003","src":"safekorea","asof":"2026-08-04"}},{"type":"Feature","geometry":{"type":"Point","coordinates":[126.94162,37.47913]},"properties":{"name":"청룡동주민센터","addr":"서울특별시 관악구 쑥고개로 44 (봉천동)","sgg":"11620","cap":41,"type":"001","src":"safekorea","asof":"2026-06-23"}},{"type":"Feature","geometry":{"type":"Point","coordinates":[126.96533,37.47512]},"properties":{"name":"인헌동주민센터","addr":"서울특별시 관악구 남부순환로246가길 20 (봉천동)","sgg":"11620","cap":28,"type":"001","src":"safekorea","asof":"2026-06-23"}},{"type":"Feature","geometry":{"type":"Point","coordinates":[126.9328,37.48817]},"properties":{"name":"보라매동주민센터","addr":"서울특별시 관악구 봉천로 279-8 (봉천동)","sgg":"11620","cap":26,"type":"001","src":"safekorea","asof":"2026-07-29"}},{"type":"Feature","geometry":{"type":"Point","coordinates":[126.96411,37.47864]},"properties":{"name":"원당경로당","addr":"서울특별시 관악구 남부순환로247다길 60","sgg":"11620","cap":28,"type":"003","src":"safekorea","asof":"2026-08-04"}},{"type":"Feature","geometry":{"type":"Point","coordinates":[126.95181,37.47641]},"properties":{"name":"삼성(아)경로당","addr":"서울특별시 관악구 관악로 125 (서울대입구삼성아파트 103동)","sgg":"11620","cap":7,"type":"003","src":"safekorea","asof":"2026-01-14"}},{"type":"Feature","geometry":{"type":"Point","coordinates":[126.94317,37.47633]},"properties":{"name":"e편한세상서울대입구(아)경로당","addr":"서울특별시 관악구 청룡16길 43 (e편한세상 서울대입구 2단지)","sgg":"11620","cap":43,"type":"003","src":"safekorea","asof":"2026-01-14"}},{"type":"Feature","geometry":{"type":"Point","coordinates":[126.95871,37.4929]},"properties":{"name":"관악현대(아)경로당","addr":"서울특별시 관악구 관악로 304 (현대아파트 104동)","sgg":"11620","cap":75,"type":"003","src":"safekorea","asof":"2026-08-04"}},{"type":"Feature","geometry":{"type":"Point","coordinates":[126.93843,37.47025]},"properties":{"name":"신림동쓰리룸","addr":"서울특별시 관악구 신림로 99 (센터스퀘어서울대점)","sgg":"11620","cap":30,"type":"003","src":"safekorea","asof":"2026-01-16"}},{"type":"Feature","geometry":{"type":"Point","coordinates":[126.94579,37.48515]},"properties":{"name":"두산(아)임대3단지경로당","addr":"서울특별시 관악구 양녕로 31 (봉천동, 두산아파트)","sgg":"11620","cap":13,"type":"003","src":"safekorea","asof":"2026-08-05"}},{"type":"Feature","geometry":{"type":"Point","coordinates":[126.91055,37.47914]},"properties":{"name":"신림푸르지오(아)경로당","addr":"서울특별시 관악구 남부순환로 1430 (신림푸르지오아파트 103동)","sgg":"11620","cap":34,"type":"003","src":"safekorea","asof":"2026-08-12"}},{"type":"Feature","geometry":{"type":"Point","coordinates":[126.92804,37.46082]},"properties":{"name":"국제산장(아)경로당","addr":"서울특별시 관악구 호암로 417 (국제산장아파트 103동)","sgg":"11620","cap":14,"type":"003","src":"safekorea","asof":"2026-01-16"}},{"type":"Feature","geometry":{"type":"Point","coordinates":[126.9437,37.4875]},"properties":{"name":"국사봉경로당","addr":"서울특별시 관악구 은천로15길 13-2","sgg":"11620","cap":26,"type":"003","src":"safekorea","asof":"2026-08-05"}},{"type":"Feature","geometry":{"type":"Point","coordinates":[126.91622,37.47823]},"properties":{"name":"미성동주민센터","addr":"서울특별시 관악구 문성로 115","sgg":"11620","cap":11,"type":"001","src":"safekorea","asof":"2026-01-15"}},{"type":"Feature","geometry":{"type":"Point","coordinates":[126.90781,37.48259]},"properties":{"name":"조원동주민센터","addr":"서울특별시 관악구 조원로12길 25 (신림동)","sgg":"11620","cap":20,"type":"001","src":"safekorea","asof":"2026-06-25"}},{"type":"Feature","geometry":{"type":"Point","coordinates":[126.93649,37.4826]},"properties":{"name":"신본경로당","addr":"서울특별시 관악구 남부순환로200다길 7 (신림동)","sgg":"11620","cap":44,"type":"003","src":"safekorea","asof":"2026-01-16"}},{"type":"Feature","geometry":{"type":"Point","coordinates":[126.93345,37.4794]},"properties":{"name":"신관경로당","addr":"서울특별시 관악구 신림로48길 25","sgg":"11620","cap":50,"type":"003","src":"safekorea","asof":"2026-08-05"}},{"type":"Feature","geometry":{"type":"Point","coordinates":[126.96591,37.47483]},"properties":{"name":"덕양경로당","addr":"서울특별시 관악구 인헌4길 20","sgg":"11620","cap":50,"type":"003","src":"safekorea","asof":"2026-05-22"}},{"type":"Feature","geometry":{"type":"Point","coordinates":[126.96736,37.4739]},"properties":{"name":"밤골경로당","addr":"서울특별시 관악구 인헌3가길 8","sgg":"11620","cap":13,"type":"003","src":"safekorea","asof":"2026-05-22"}},{"type":"Feature","geometry":{"type":"Point","coordinates":[126.97689,37.47454]},"properties":{"name":"구립예촌경로당","addr":"서울특별시 관악구 남현길 41 (남현동)","sgg":"11620","cap":25,"type":"003","src":"safekorea","asof":"2026-08-05"}},{"type":"Feature","geometry":{"type":"Point","coordinates":[126.98054,37.47288]},"properties":{"name":"관수경로당","addr":"서울특별시 관악구 승방3나길 14","sgg":"11620","cap":8,"type":"003","src":"safekorea","asof":"2026-01-14"}},{"type":"Feature","geometry":{"type":"Point","coordinates":[126.92074,37.45972]},"properties":{"name":"휴먼시아(아)2경로당","addr":"서울특별시 관악구 난곡로 55 (관악산휴먼시아아파트 212동)","sgg":"11620","cap":18,"type":"003","src":"safekorea","asof":"2026-06-22"}},{"type":"Feature","geometry":{"type":"Point","coordinates":[126.91413,37.47344]},"properties":{"name":"신림초원(아)경로당","addr":"서울특별시 관악구 미성5길 40 (초원아파트)","sgg":"11620","cap":30,"type":"003","src":"safekorea","asof":"2026-05-22"}},{"type":"Feature","geometry":{"type":"Point","coordinates":[126.92192,37.48912]},"properties":{"name":"보라매파크뷰경로당","addr":"서울특별시 관악구 관천로24길 3 (보라매파크뷰 101동)","sgg":"11620","cap":7,"type":"003","src":"safekorea","asof":"2026-08-04"}},{"type":"Feature","geometry":{"type":"Point","coordinates":[126.96255,37.46806]},"properties":{"name":"인헌(아)경로당","addr":"서울특별시 관악구 낙성대로15길 66","sgg":"11620","cap":4,"type":"003","src":"safekorea","asof":"2026-07-29"}},{"type":"Feature","geometry":{"type":"Point","coordinates":[126.9054,37.4841]},"properties":{"name":"힐스테이트뉴포레(아)경로당","addr":"서울특별시 관악구 조원로 25","sgg":"11620","cap":48,"type":"003","src":"safekorea","asof":"2026-01-14"}},{"type":"Feature","geometry":{"type":"Point","coordinates":[126.94175,37.47611]},"properties":{"name":"서광경로당","addr":"서울특별시 관악구 참숯5길 38","sgg":"11620","cap":25,"type":"003","src":"safekorea","asof":"2026-05-22"}},{"type":"Feature","geometry":{"type":"Point","coordinates":[126.92806,37.49429]},"properties":{"name":"보라매삼성(아)경로당","addr":"서울특별시 관악구 보라매로 62","sgg":"11620","cap":10,"type":"003","src":"safekorea","asof":"2026-07-30"}},{"type":"Feature","geometry":{"type":"Point","coordinates":[126.91653,37.47979]},"properties":{"name":"신림체육센터","addr":"서울특별시 관악구 난곡로58길 13","sgg":"11620","cap":30,"type":"001","src":"safekorea","asof":"2026-06-23"}},{"type":"Feature","geometry":{"type":"Point","coordinates":[126.93101,37.46606]},"properties":{"name":"태흥(아)경로당","addr":"서울특별시 관악구 호암로 541 (신림태흥아파트)","sgg":"11620","cap":6,"type":"003","src":"safekorea","asof":"2026-01-14"}},{"type":"Feature","geometry":{"type":"Point","coordinates":[126.94237,37.47794]},"properties":{"name":"e편한세상서울대입구2차(아)경로당","addr":"서울특별시 관악구 참숯1길 19","sgg":"11620","cap":33,"type":"003","src":"safekorea","asof":"2026-01-14"}},{"type":"Feature","geometry":{"type":"Point","coordinates":[126.95016,37.48974]},"properties":{"name":"관악드림타운(아)경로당","addr":"서울특별시 관악구 성현로 80","sgg":"11620","cap":41,"type":"003","src":"safekorea","asof":"2026-08-05"}},{"type":"Feature","geometry":{"type":"Point","coordinates":[126.9448,37.48938]},"properties":{"name":"벽산블루밍(아)2단지경로당","addr":"서울특별시 관악구 은천로 93","sgg":"11620","cap":17,"type":"003","src":"safekorea","asof":"2026-01-14"}},{"type":"Feature","geometry":{"type":"Point","coordinates":[126.93127,37.47978]},"properties":{"name":"서원동주민센터","addr":"서울특별시 관악구 신림로 282 (신림동)","sgg":"11620","cap":15,"type":"001","src":"safekorea","asof":"2026-06-29"}},{"type":"Feature","geometry":{"type":"Point","coordinates":[126.95212,37.47511]},"properties":{"name":"갑을(아)경로당","addr":"서울특별시 관악구 관악로5길 42 (갑을아파트101동)","sgg":"11620","cap":9,"type":"003","src":"safekorea","asof":"2026-08-04"}},{"type":"Feature","geometry":{"type":"Point","coordinates":[126.95967,37.48626]},"properties":{"name":"글빛정보도서관","addr":"서울특별시 관악구 관악로30길 23 (글빛정보도서관)","sgg":"11620","cap":208,"type":"001","src":"safekorea","asof":"2026-06-23"}},{"type":"Feature","geometry":{"type":"Point","coordinates":[126.93208,37.46373]},"properties":{"name":"신림서초(아)경로당","addr":"서울특별시 관악구 호암로16길 5 (신림서초아파트)","sgg":"11620","cap":8,"type":"003","src":"safekorea","asof":"2026-07-27"}},{"type":"Feature","geometry":{"type":"Point","coordinates":[126.90786,37.4843]},"properties":{"name":"조원(아)경로당","addr":"서울특별시 관악구 조원로11길 24 (우민조원아파트 101동)","sgg":"11620","cap":22,"type":"003","src":"safekorea","asof":"2026-08-04"}},{"type":"Feature","geometry":{"type":"Point","coordinates":[126.93297,37.4701]},"properties":{"name":"삼성동주민센터","addr":"서울특별시 관악구 호암로 589 (신림동)","sgg":"11620","cap":29,"type":"001","src":"safekorea","asof":"2026-06-23"}},{"type":"Feature","geometry":{"type":"Point","coordinates":[126.95437,37.48947]},"properties":{"name":"성현동아(아)1단지경로당","addr":"서울특별시 관악구 관악로 285","sgg":"11620","cap":29,"type":"003","src":"safekorea","asof":"2026-08-05"}},{"type":"Feature","geometry":{"type":"Point","coordinates":[126.91919,37.46968]},"properties":{"name":"임광관악파크(아)경로당","addr":"서울특별시 관악구 난곡로 167 (임광관악파크아파트 101동)","sgg":"11620","cap":8,"type":"003","src":"safekorea","asof":"2026-05-21"}},{"type":"Feature","geometry":{"type":"Point","coordinates":[126.95171,37.4773]},"properties":{"name":"건영6차(아)경로당","addr":"서울특별시 관악구 관악로 133 (건영아파트(6차) 101동)","sgg":"11620","cap":19,"type":"003","src":"safekorea","asof":"2026-01-14"}},{"type":"Feature","geometry":{"type":"Point","coordinates":[126.95041,37.48593]},"properties":{"name":"중앙경로당","addr":"서울특별시 관악구  은천로26길  14   (봉천동)","sgg":"11620","cap":25,"type":"003","src":"safekorea","asof":"2026-07-27"}},{"type":"Feature","geometry":{"type":"Point","coordinates":[126.94937,37.48446]},"properties":{"name":"장수경로당","addr":"서울특별시 관악구 양녕로6다길 11-4","sgg":"11620","cap":12,"type":"003","src":"safekorea","asof":"2026-08-05"}},{"type":"Feature","geometry":{"type":"Point","coordinates":[126.92452,37.47001]},"properties":{"name":"무궁화경로당","addr":"서울특별시 관악구 난곡로26다길 17","sgg":"11620","cap":31,"type":"003","src":"safekorea","asof":"2026-05-21"}},{"type":"Feature","geometry":{"type":"Point","coordinates":[126.92289,37.4758]},"properties":{"name":"법원경로당","addr":"서울특별시 관악구 법원단지25길 15","sgg":"11620","cap":24,"type":"003","src":"safekorea","asof":"2026-05-21"}},{"type":"Feature","geometry":{"type":"Point","coordinates":[126.92177,37.46994]},"properties":{"name":"우림경로당","addr":"서울특별시 관악구 난곡로24가길 19-4","sgg":"11620","cap":34,"type":"003","src":"safekorea","asof":"2026-08-04"}},{"type":"Feature","geometry":{"type":"Point","coordinates":[126.95859,37.47995]},"properties":{"name":"신창경로당","addr":"서울특별시 관악구  행운1길  12   (봉천동)","sgg":"11620","cap":32,"type":"003","src":"safekorea","asof":"2026-08-04"}},{"type":"Feature","geometry":{"type":"Point","coordinates":[126.96017,37.48667]},"properties":{"name":"푸르지오(아)경로당","addr":"서울특별시 관악구 관악로30길 27","sgg":"11620","cap":28,"type":"003","src":"safekorea","asof":"2026-01-14"}},{"type":"Feature","geometry":{"type":"Point","coordinates":[126.94808,37.48769]},"properties":{"name":"구암경로당","addr":"서울특별시 관악구 은천로23길 19 (봉천동)","sgg":"11620","cap":16,"type":"003","src":"safekorea","asof":"2026-08-05"}},{"type":"Feature","geometry":{"type":"Point","coordinates":[126.91497,37.4603]},"properties":{"name":"국회단지경로당","addr":"서울특별시 관악구 난향9길 59-1","sgg":"11620","cap":26,"type":"003","src":"safekorea","asof":"2026-01-14"}},{"type":"Feature","geometry":{"type":"Point","coordinates":[126.91549,37.48359]},"properties":{"name":"구립어울림경로당","addr":"서울특별시 관악구 남부순환로149길 34-2","sgg":"11620","cap":28,"type":"003","src":"safekorea","asof":"2026-01-14"}},{"type":"Feature","geometry":{"type":"Point","coordinates":[126.91451,37.47885]},"properties":{"name":"삼성경로당","addr":"서울특별시 관악구 난곡로63가길 47","sgg":"11620","cap":20,"type":"003","src":"safekorea","asof":"2026-08-06"}},{"type":"Feature","geometry":{"type":"Point","coordinates":[126.9586,37.49184]},"properties":{"name":"청림동주민센터","addr":"서울특별시 관악구 관악로40길 39 (봉천동)","sgg":"11620","cap":22,"type":"001","src":"safekorea","asof":"2026-06-23"}},{"type":"Feature","geometry":{"type":"Point","coordinates":[126.93696,37.4706]},"properties":{"name":"대학동주민센터","addr":"서울특별시 관악구 신림로 111 (신림동)","sgg":"11620","cap":35,"type":"001","src":"safekorea","asof":"2026-06-25"}},{"type":"Feature","geometry":{"type":"Point","coordinates":[126.95703,37.48067]},"properties":{"name":"행운동주민센터","addr":"서울특별시 관악구 행운1길 43 (봉천동)","sgg":"11620","cap":26,"type":"001","src":"safekorea","asof":"2026-06-23"}},{"type":"Feature","geometry":{"type":"Point","coordinates":[126.9262,37.48946]},"properties":{"name":"신림동주민센터","addr":"서울특별시 관악구 봉천로 224","sgg":"11620","cap":32,"type":"001","src":"safekorea","asof":"2026-06-23"}},{"type":"Feature","geometry":{"type":"Point","coordinates":[126.92164,37.47101]},"properties":{"name":"난곡동주민센터","addr":"서울특별시 관악구 난곡로30길 40 (신림동)","sgg":"11620","cap":30,"type":"001","src":"safekorea","asof":"2026-06-24"}},{"type":"Feature","geometry":{"type":"Point","coordinates":[126.94062,37.47232]},"properties":{"name":"서림경로당","addr":"서울특별시 관악구  서림3길  47   (신림동)","sgg":"11620","cap":7,"type":"003","src":"safekorea","asof":"2026-05-28"}},{"type":"Feature","geometry":{"type":"Point","coordinates":[126.94269,37.49205]},"properties":{"name":"벽산블루밍(아)3단지경로당","addr":"서울특별시 관악구 양녕로 117 (봉천동, 벽산블루밍아파트)","sgg":"11620","cap":17,"type":"003","src":"safekorea","asof":"2026-01-14"}},{"type":"Feature","geometry":{"type":"Point","coordinates":[126.92799,37.47045]},"properties":{"name":"원신경로당","addr":"서울특별시 관악구 양지10길 15-1","sgg":"11620","cap":27,"type":"003","src":"safekorea","asof":"2026-08-05"}},{"type":"Feature","geometry":{"type":"Point","coordinates":[126.90775,37.48349]},"properties":{"name":"조원경로당","addr":"서울특별시 관악구 조원로 48","sgg":"11620","cap":12,"type":"003","src":"safekorea","asof":"2026-01-14"}},{"type":"Feature","geometry":{"type":"Point","coordinates":[126.93699,37.46664]},"properties":{"name":"구립대학경로당","addr":"서울특별시 관악구 대학12길 16 (신림동)","sgg":"11620","cap":30,"type":"003","src":"safekorea","asof":"2026-08-07"}},{"type":"Feature","geometry":{"type":"Point","coordinates":[126.93323,37.47683]},"properties":{"name":"서원경로당","addr":"서울특별시 관악구 서원3길 10","sgg":"11620","cap":30,"type":"003","src":"safekorea","asof":"2026-01-16"}},{"type":"Feature","geometry":{"type":"Point","coordinates":[126.92603,37.46247]},"properties":{"name":"삼성산주공(아)경로당","addr":"서울특별시 관악구 호암로 399 (삼성산주공아파트 301동)","sgg":"11620","cap":23,"type":"003","src":"safekorea","asof":"2026-01-14"}},{"type":"Feature","geometry":{"type":"Point","coordinates":[126.96477,37.47037]},"properties":{"name":"은천2단지(아)경로당","addr":"서울특별시 관악구 인헌12길 46-1 (은천아파트 204동)","sgg":"11620","cap":13,"type":"003","src":"safekorea","asof":"2026-05-22"}},{"type":"Feature","geometry":{"type":"Point","coordinates":[126.9496,37.48492]},"properties":{"name":"신봉(아)경로당","addr":"서울특별시 관악구 양녕로6나길 18 (신봉아파트 상가동)","sgg":"11620","cap":7,"type":"003","src":"safekorea","asof":"2026-08-05"}},{"type":"Feature","geometry":{"type":"Point","coordinates":[126.91911,37.48591]},"properties":{"name":"신사경로당","addr":"서울특별시 관악구 조원로 151-1 (신림동)","sgg":"11620","cap":87,"type":"003","src":"safekorea","asof":"2026-01-14"}},{"type":"Feature","geometry":{"type":"Point","coordinates":[126.92508,37.48842]},"properties":{"name":"새들경로당","addr":"서울특별시 관악구  관천로20길  43   (신림동)","sgg":"11620","cap":10,"type":"003","src":"safekorea","asof":"2026-01-15"}},{"type":"Feature","geometry":{"type":"Point","coordinates":[126.93258,37.48659]},"properties":{"name":"색동경로당","addr":"서울특별시 관악구 신림로70길 74 (색동경로당)","sgg":"11620","cap":11,"type":"003","src":"safekorea","asof":"2026-01-15"}},{"type":"Feature","geometry":{"type":"Point","coordinates":[126.92584,37.48443]},"properties":{"name":"관악더포레스트(ForRest)(이동노동자쉼터)","addr":"서울특별시 관악구 신림동 1471-5","sgg":"11620","cap":8,"type":"003","src":"safekorea","asof":"2026-06-23"}},{"type":"Feature","geometry":{"type":"Point","coordinates":[126.94567,37.4823]},"properties":{"name":"관악청년청","addr":"서울특별시 관악구 남부순환로 1759","sgg":"11620","cap":100,"type":"003","src":"safekorea","asof":"2026-01-14"}},{"type":"Feature","geometry":{"type":"Point","coordinates":[126.96009,37.47292]},"properties":{"name":"관악구민종합체육센터","addr":"서울특별시 관악구 낙성대로3길 37 (관악구민종합체육센터)","sgg":"11620","cap":120,"type":"001","src":"safekorea","asof":"2026-06-23"}},{"type":"Feature","geometry":{"type":"Point","coordinates":[126.92919,37.48055]},"properties":{"name":"동부(아)경로당","addr":"서울특별시 관악구 신원로 26 (신림동부아파트 주차요금소)","sgg":"11620","cap":11,"type":"003","src":"safekorea","asof":"2026-01-14"}},{"type":"Feature","geometry":{"type":"Point","coordinates":[126.93523,37.47023]},"properties":{"name":"관악청소년센터","addr":"서울특별시 관악구 신림로23길 17 (관악청소년센터)","sgg":"11620","cap":750,"type":"001","src":"safekorea","asof":"2026-06-23"}},{"type":"Feature","geometry":{"type":"Point","coordinates":[126.91223,37.47184]},"properties":{"name":"약수경로당","addr":"서울특별시 관악구 미성길 123","sgg":"11620","cap":20,"type":"003","src":"safekorea","asof":"2026-05-22"}},{"type":"Feature","geometry":{"type":"Point","coordinates":[126.91993,37.47679]},"properties":{"name":"하난곡경로당","addr":"서울특별시 관악구 난우10가길 20-7","sgg":"11620","cap":20,"type":"003","src":"safekorea","asof":"2026-05-22"}},{"type":"Feature","geometry":{"type":"Point","coordinates":[126.91685,37.47072]},"properties":{"name":"건영2차(아)경로당","addr":"서울특별시 관악구 난곡로35길 28-7 (건영아파트 라동)","sgg":"11620","cap":16,"type":"003","src":"safekorea","asof":"2026-05-21"}},{"type":"Feature","geometry":{"type":"Point","coordinates":[126.91991,37.46134]},"properties":{"name":"대우신림2차푸르지오(아)경로당","addr":"서울특별시 관악구 난곡로 66 (대우신림2차푸르지오아파트103동)","sgg":"11620","cap":29,"type":"003","src":"safekorea","asof":"2026-01-14"}},{"type":"Feature","geometry":{"type":"Point","coordinates":[126.91634,37.47314]},"properties":{"name":"신림동부센트레빌(아)경로당","addr":"서울특별시 관악구 미성3길 16 (신림 동부센트레빌 103동)","sgg":"11620","cap":20,"type":"003","src":"safekorea","asof":"2026-08-07"}},{"type":"Feature","geometry":{"type":"Point","coordinates":[126.93793,37.47562]},"properties":{"name":"행복경로당","addr":"서울특별시 관악구 신림로36길 12-10","sgg":"11620","cap":26,"type":"003","src":"safekorea","asof":"2026-08-04"}},{"type":"Feature","geometry":{"type":"Point","coordinates":[126.95079,37.48739]},"properties":{"name":"관악동부센트레빌(아)경로당","addr":"서울특별시 관악구 은천로33길 5","sgg":"11620","cap":11,"type":"003","src":"safekorea","asof":"2026-08-05"}},{"type":"Feature","geometry":{"type":"Point","coordinates":[126.9428,37.48455]},"properties":{"name":"두산(아)1단지경로당","addr":"서울특별시 관악구 봉천로 387","sgg":"11620","cap":23,"type":"003","src":"safekorea","asof":"2026-01-16"}},{"type":"Feature","geometry":{"type":"Point","coordinates":[126.96563,37.46869]},"properties":{"name":"반석푸른숲경로당","addr":"서울특별시 관악구 인헌16다길 14 (반석푸른숲아파트 102동)","sgg":"11620","cap":5,"type":"003","src":"safekorea","asof":"2026-05-22"}},{"type":"Feature","geometry":{"type":"Point","coordinates":[126.94541,37.4782]},"properties":{"name":"서울대입구아이원(아)경로당","addr":"서울특별시 관악구 청룡길 78 (서울대입구아이원아파트 102동)","sgg":"11620","cap":18,"type":"003","src":"safekorea","asof":"2026-01-14"}},{"type":"Feature","geometry":{"type":"Point","coordinates":[126.94444,37.48841]},"properties":{"name":"벽산블루밍3차(아)경로당","addr":"서울특별시 관악구 은천로15길 24","sgg":"11620","cap":7,"type":"003","src":"safekorea","asof":"2026-08-14"}},{"type":"Feature","geometry":{"type":"Point","coordinates":[126.93138,37.46386]},"properties":{"name":"신림동벽산블루밍(아)경로당","addr":"서울특별시 관악구 호암로 519 (벽산블루밍아파트 101동)","sgg":"11620","cap":9,"type":"003","src":"safekorea","asof":"2026-08-10"}},{"type":"Feature","geometry":{"type":"Point","coordinates":[126.94481,37.46751]},"properties":{"name":"관악중앙도서관","addr":"서울특별시 관악구 신림로3길 35 (관악문화재단)","sgg":"11620","cap":4801,"type":"001","src":"safekorea","asof":"2026-06-23"}},{"type":"Feature","geometry":{"type":"Point","coordinates":[126.94953,37.47782]},"properties":{"name":"일선경로당","addr":"서울특별시 관악구  쑥고개로26길  24   (봉천동)","sgg":"11620","cap":17,"type":"003","src":"safekorea","asof":"2026-08-05"}},{"type":"Feature","geometry":{"type":"Point","coordinates":[126.9514,37.47827]},"properties":{"name":"관악구청","addr":"서울특별시 관악구 관악로 145  (봉천동)","sgg":"11620","cap":20,"type":"001","src":"safekorea","asof":"2026-06-15"}},{"type":"Feature","geometry":{"type":"Point","coordinates":[126.91835,37.47044]},"properties":{"name":"난곡경로당","addr":"서울특별시 관악구  난곡로31길  38   (신림동)","sgg":"11620","cap":38,"type":"003","src":"safekorea","asof":"2026-08-04"}},{"type":"Feature","geometry":{"type":"Point","coordinates":[126.94247,37.48189]},"properties":{"name":"송현경로당","addr":"서울특별시 관악구 장군봉1길 45-6","sgg":"11620","cap":25,"type":"003","src":"safekorea","asof":"2026-01-14"}},{"type":"Feature","geometry":{"type":"Point","coordinates":[126.96018,37.49006]},"properties":{"name":"관악푸르지오삼오경로당","addr":"서울특별시 관악구 청림5길 28 (관악푸르지오2단지아파트 관리사무소)","sgg":"11620","cap":27,"type":"003","src":"safekorea","asof":"2026-01-14"}},{"type":"Feature","geometry":{"type":"Point","coordinates":[126.93729,37.48367]},"properties":{"name":"성우(아)경로당","addr":"서울특별시 관악구 남부순환로198길 7 (성우아파트 101동)","sgg":"11620","cap":10,"type":"003","src":"safekorea","asof":"2026-01-16"}},{"type":"Feature","geometry":{"type":"Point","coordinates":[126.94289,37.48453]},"properties":{"name":"두산(아)2단지경로당","addr":"서울특별시 관악구 은천로 86 (두산아파트201동)","sgg":"11620","cap":24,"type":"003","src":"safekorea","asof":"2026-07-24"}},{"type":"Feature","geometry":{"type":"Point","coordinates":[126.96582,37.47237]},"properties":{"name":"낙성대현대(아)경로당","addr":"서울특별시 관악구 남부순환로248길 56 (낙성대현대아파트)","sgg":"11620","cap":18,"type":"003","src":"safekorea","asof":"2026-05-22"}},{"type":"Feature","geometry":{"type":"Point","coordinates":[126.94255,37.46702]},"properties":{"name":"건영3차(아)경로당","addr":"서울특별시 관악구 신림로3길 40 (건영아파트 상가동)","sgg":"11620","cap":28,"type":"003","src":"safekorea","asof":"2026-01-16"}},{"type":"Feature","geometry":{"type":"Point","coordinates":[126.91866,37.45824]},"properties":{"name":"휴먼시아(아)5경로당","addr":"서울특별시 관악구 난곡로 55 (관악산휴먼시아아파트 227동)","sgg":"11620","cap":18,"type":"003","src":"safekorea","asof":"2026-06-22"}},{"type":"Feature","geometry":{"type":"Point","coordinates":[126.95618,37.4879]},"properties":{"name":"성현동작은도서관","addr":"서울특별시 관악구 관악로37길 56","sgg":"11620","cap":99,"type":"001","src":"safekorea","asof":"2026-06-23"}},{"type":"Feature","geometry":{"type":"Point","coordinates":[126.91866,37.48847]},"properties":{"name":"신림우방(아)경로당","addr":"서울특별시 관악구 관천로27길 2 (우방아파트 상가동)","sgg":"11620","cap":14,"type":"003","src":"safekorea","asof":"2026-08-05"}},{"type":"Feature","geometry":{"type":"Point","coordinates":[126.94084,37.48576]},"properties":{"name":"은천경로당","addr":"서울특별시 관악구  봉천로27길  45   (봉천동)","sgg":"11620","cap":14,"type":"003","src":"safekorea","asof":"2026-08-06"}},{"type":"Feature","geometry":{"type":"Point","coordinates":[126.91813,37.46404]},"properties":{"name":"난향경로당","addr":"서울특별시 관악구 난곡로9길 29-2","sgg":"11620","cap":12,"type":"003","src":"safekorea","asof":"2026-08-05"}},{"type":"Feature","geometry":{"type":"Point","coordinates":[126.9267,37.46392]},"properties":{"name":"주공2단지(아)경로당","addr":"서울특별시 관악구 광신길 86","sgg":"11620","cap":18,"type":"003","src":"safekorea","asof":"2026-01-14"}},{"type":"Feature","geometry":{"type":"Point","coordinates":[126.93287,37.46529]},"properties":{"name":"돌샘경로당","addr":"서울특별시 관악구 호암로18나길 5","sgg":"11620","cap":18,"type":"003","src":"safekorea","asof":"2026-08-05"}},{"type":"Feature","geometry":{"type":"Point","coordinates":[126.91574,37.48006]},"properties":{"name":"미성경로당","addr":"서울특별시 관악구  난곡로58길  11   (신림동)","sgg":"11620","cap":15,"type":"003","src":"safekorea","asof":"2026-08-07"}},{"type":"Feature","geometry":{"type":"Point","coordinates":[126.94975,37.48419]},"properties":{"name":"중앙동주민센터","addr":"서울특별시 관악구 양녕로6다길 7 (봉천동)","sgg":"11620","cap":14,"type":"001","src":"safekorea","asof":"2026-06-23"}},{"type":"Feature","geometry":{"type":"Point","coordinates":[126.91883,37.46152]},"properties":{"name":"난향동주민센터","addr":"서울특별시 관악구 난곡로 67 (신림동)","sgg":"11620","cap":56,"type":"001","src":"safekorea","asof":"2026-01-15"}},{"type":"Feature","geometry":{"type":"Point","coordinates":[126.93499,37.47499]},"properties":{"name":"서림동주민센터","addr":"서울특별시 관악구 신림로29길 6 (신림동)","sgg":"11620","cap":23,"type":"001","src":"safekorea","asof":"2026-06-23"}},{"type":"Feature","geometry":{"type":"Point","coordinates":[126.9542,37.48802]},"properties":{"name":"성현경로당","addr":"서울특별시 관악구 은천로35길 40-3","sgg":"11620","cap":60,"type":"003","src":"safekorea","asof":"2026-01-14"}},{"type":"Feature","geometry":{"type":"Point","coordinates":[126.95624,37.48796]},"properties":{"name":"성현동아(아)2단지경로당","addr":"서울특별시 관악구 관악로37길 20 (봉천동, 봉천동아아파트)","sgg":"11620","cap":10,"type":"003","src":"safekorea","asof":"2026-08-05"}},{"type":"Feature","geometry":{"type":"Point","coordinates":[126.95964,37.48338]},"properties":{"name":"행운경로당","addr":"서울특별시 관악구 행운9길 34","sgg":"11620","cap":20,"type":"003","src":"safekorea","asof":"2026-08-05"}},{"type":"Feature","geometry":{"type":"Point","coordinates":[126.9535,37.47625]},"properties":{"name":"백설경로당","addr":"서울특별시 관악구  관악로6길  50   (봉천동)","sgg":"11620","cap":8,"type":"003","src":"safekorea","asof":"2026-07-29"}},{"type":"Feature","geometry":{"type":"Point","coordinates":[126.95682,37.4777]},"properties":{"name":"덕진경로당","addr":"서울특별시 관악구  남부순환로234길  37   (봉천동)","sgg":"11620","cap":19,"type":"003","src":"safekorea","asof":"2026-08-05"}},{"type":"Feature","geometry":{"type":"Point","coordinates":[126.94151,37.49026]},"properties":{"name":"국지경로당","addr":"서울특별시 관악구  국회단지21길  14   (봉천동)","sgg":"11620","cap":43,"type":"003","src":"safekorea","asof":"2026-07-30"}},{"type":"Feature","geometry":{"type":"Point","coordinates":[126.97788,37.47469]},"properties":{"name":"남현동주민센터","addr":"서울특별시 관악구 남현1가길 29 (남현동)","sgg":"11620","cap":20,"type":"001","src":"safekorea","asof":"2026-01-15"}},{"type":"Feature","geometry":{"type":"Point","coordinates":[126.95841,37.4763]},"properties":{"name":"낙성대동주민센터","addr":"서울특별시 관악구 낙성대로4가길 5 (봉천동)","sgg":"11620","cap":50,"type":"001","src":"safekorea","asof":"2026-06-23"}},{"type":"Feature","geometry":{"type":"Point","coordinates":[126.92943,37.49222]},"properties":{"name":"당곡경로당","addr":"서울특별시 관악구 당곡6길 37 (봉천동)","sgg":"11620","cap":14,"type":"003","src":"safekorea","asof":"2026-07-29"}},{"type":"Feature","geometry":{"type":"Point","coordinates":[126.93407,37.48847]},"properties":{"name":"보라매경로당","addr":"서울특별시 관악구 봉천로21길 35 (봉천동)","sgg":"11620","cap":46,"type":"003","src":"safekorea","asof":"2026-08-04"}},{"type":"Feature","geometry":{"type":"Point","coordinates":[126.96182,37.47585]},"properties":{"name":"인헌경로당","addr":"서울특별시 관악구  낙성대역3길  6-6  (봉천동)","sgg":"11620","cap":25,"type":"003","src":"safekorea","asof":"2026-08-04"}},{"type":"Feature","geometry":{"type":"Point","coordinates":[127.04053,37.48386]},"properties":{"name":"양재느티나무쉼터","addr":"서울특별시 서초구 바우뫼로41길 72-9","sgg":"11650","cap":5,"type":"001","src":"safekorea","asof":"2026-05-28"}},{"type":"Feature","geometry":{"type":"Point","coordinates":[127.02201,37.50343]},"properties":{"name":"휴서울이동노동자서초쉼터","addr":"서울특별시 서초구 사평대로 354 (호진빌딩)","sgg":"11650","cap":35,"type":"003","src":"safekorea","asof":"2026-04-30"}},{"type":"Feature","geometry":{"type":"Point","coordinates":[127.03551,37.46625]},"properties":{"name":"잔디마을경로당","addr":"서울특별시 서초구 매헌로6길 58 (양재동)","sgg":"11650","cap":30,"type":"003","src":"safekorea","asof":"2026-04-30"}},{"type":"Feature","geometry":{"type":"Point","coordinates":[127.00578,37.48858]},"properties":{"name":"서초구립하명달경로당","addr":"서울특별시 서초구 반포대로23길 51-6 (서초동)","sgg":"11650","cap":15,"type":"003","src":"safekorea","asof":"2026-04-30"}},{"type":"Feature","geometry":{"type":"Point","coordinates":[127.01661,37.51116]},"properties":{"name":"서초구립주흥경로당","addr":"서울특별시 서초구 신반포로41길 30 (잠원동)","sgg":"11650","cap":15,"type":"003","src":"safekorea","asof":"2026-04-27"}},{"type":"Feature","geometry":{"type":"Point","coordinates":[127.05051,37.46177]},"properties":{"name":"서초구립염곡경로당","addr":"서울특별시 서초구 염곡말길 9 (염곡동)","sgg":"11650","cap":20,"type":"003","src":"safekorea","asof":"2026-04-30"}},{"type":"Feature","geometry":{"type":"Point","coordinates":[127.07148,37.45822]},"properties":{"name":"서초구립샘마을경로당","addr":"서울특별시 서초구 샘마을길 8 (내곡동)","sgg":"11650","cap":10,"type":"003","src":"safekorea","asof":"2026-04-30"}},{"type":"Feature","geometry":{"type":"Point","coordinates":[127.0134,37.5051]},"properties":{"name":"반포1동주민센터","addr":"서울특별시 서초구 사평대로 273 (반포동)","sgg":"11650","cap":50,"type":"001","src":"safekorea","asof":"2026-04-30"}},{"type":"Feature","geometry":{"type":"Point","coordinates":[126.99825,37.50439]},"properties":{"name":"반포2동주민센터","addr":"서울특별시 서초구 신반포로 127  (반포동)","sgg":"11650","cap":10,"type":"001","src":"safekorea","asof":"2026-04-30"}},{"type":"Feature","geometry":{"type":"Point","coordinates":[127.00357,37.50934]},"properties":{"name":"반포3동경로당시니어라운지","addr":"서울특별시 서초구 신반포로23길 48  (잠원동)","sgg":"11650","cap":19,"type":"001","src":"safekorea","asof":"2026-07-15"}},{"type":"Feature","geometry":{"type":"Point","coordinates":[127.06628,37.45458]},"properties":{"name":"능안마을경로당","addr":"서울특별시 서초구 능안말2길 13 (내곡동)","sgg":"11650","cap":10,"type":"003","src":"safekorea","asof":"2026-04-30"}},{"type":"Feature","geometry":{"type":"Point","coordinates":[126.99999,37.47845]},"properties":{"name":"방배3동주민센터","addr":"서울특별시 서초구 방배로 40 (방배동)","sgg":"11650","cap":20,"type":"001","src":"safekorea","asof":"2026-04-30"}},{"type":"Feature","geometry":{"type":"Point","coordinates":[126.9828,37.48074]},"properties":{"name":"방배노인종합복지관","addr":"서울특별시 서초구 방배천로 48 (방배동)","sgg":"11650","cap":35,"type":"003","src":"safekorea","asof":"2026-04-30"}},{"type":"Feature","geometry":{"type":"Point","coordinates":[126.9874,37.47654]},"properties":{"name":"방배3동제2경로당","addr":"서울특별시 서초구 남부순환로287길 17  (방배동, 방배3동 경로당)","sgg":"11650","cap":20,"type":"003","src":"safekorea","asof":"2026-04-30"}},{"type":"Feature","geometry":{"type":"Point","coordinates":[127.03263,37.48365]},"properties":{"name":"서초구청사","addr":"서울특별시 서초구 남부순환로 2584 (서초구청,서초구의회)","sgg":"11650","cap":20,"type":"001","src":"safekorea","asof":"2026-01-09"}},{"type":"Feature","geometry":{"type":"Point","coordinates":[126.98728,37.47653]},"properties":{"name":"방배느티나무쉼터","addr":"서울특별시 서초구 남부순환로287길 17-6","sgg":"11650","cap":8,"type":"001","src":"safekorea","asof":"2026-05-28"}},{"type":"Feature","geometry":{"type":"Point","coordinates":[127.02427,37.47026]},"properties":{"name":"우면주공아파트경로당","addr":"서울특별시 서초구 바우뫼로7길 11  (우면동, 우면주공아파트)","sgg":"11650","cap":10,"type":"003","src":"safekorea","asof":"2026-01-23"}},{"type":"Feature","geometry":{"type":"Point","coordinates":[127.01087,37.48281]},"properties":{"name":"서초3동경로당(서초느티나무쉼터)","addr":"서울특별시 서초구 반포대로1길 53-3 (서초동)","sgg":"11650","cap":15,"type":"003","src":"safekorea","asof":"2026-04-30"}},{"type":"Feature","geometry":{"type":"Point","coordinates":[127.01204,37.48366]},"properties":{"name":"서초3동주민센터","addr":"서울특별시 서초구 반포대로 34 (서초동)","sgg":"11650","cap":30,"type":"001","src":"safekorea","asof":"2026-04-30"}},{"type":"Feature","geometry":{"type":"Point","coordinates":[126.99825,37.50437]},"properties":{"name":"반포느티나무쉼터","addr":"서울특별시 서초구 신반포로 127  (반포동)","sgg":"11650","cap":15,"type":"001","src":"safekorea","asof":"2026-05-28"}},{"type":"Feature","geometry":{"type":"Point","coordinates":[127.00031,37.49745]},"properties":{"name":"반포4동주민센터","addr":"서울특별시 서초구 사평대로28길 70 (반포동)","sgg":"11650","cap":15,"type":"001","src":"safekorea","asof":"2026-04-30"}},{"type":"Feature","geometry":{"type":"Point","coordinates":[127.00555,37.51208]},"properties":{"name":"반포3동주민센터","addr":"서울특별시 서초구 신반포로23길 78 (잠원동)","sgg":"11650","cap":30,"type":"001","src":"safekorea","asof":"2026-04-30"}},{"type":"Feature","geometry":{"type":"Point","coordinates":[127.00329,37.50935]},"properties":{"name":"반포3동경로당","addr":"서울특별시 서초구 신반포로23길 48  (잠원동)","sgg":"11650","cap":15,"type":"003","src":"safekorea","asof":"2026-04-30"}},{"type":"Feature","geometry":{"type":"Point","coordinates":[127.04507,37.47135]},"properties":{"name":"동산마을경로당","addr":"서울특별시 서초구 동산로12길 8 (양재동)","sgg":"11650","cap":30,"type":"003","src":"safekorea","asof":"2026-04-30"}},{"type":"Feature","geometry":{"type":"Point","coordinates":[126.98691,37.48996]},"properties":{"name":"방배4동경로당","addr":"서울특별시 서초구 방배중앙로19길 4 (방배동)","sgg":"11650","cap":30,"type":"003","src":"safekorea","asof":"2026-04-30"}},{"type":"Feature","geometry":{"type":"Point","coordinates":[127.02669,37.47164]},"properties":{"name":"양재1동주민센터","addr":"서울특별시 서초구 바우뫼로 41 (우면동)","sgg":"11650","cap":21,"type":"001","src":"safekorea","asof":"2026-04-30"}},{"type":"Feature","geometry":{"type":"Point","coordinates":[127.02448,37.47356]},"properties":{"name":"서초구립암산경로당","addr":"서울특별시 서초구 바우뫼로7길 84 (우면동)","sgg":"11650","cap":20,"type":"003","src":"safekorea","asof":"2026-04-30"}},{"type":"Feature","geometry":{"type":"Point","coordinates":[127.04049,37.48383]},"properties":{"name":"말죽거리경로당","addr":"서울특별시 서초구 바우뫼로41길 72-9 (양재동)","sgg":"11650","cap":20,"type":"003","src":"safekorea","asof":"2026-04-30"}},{"type":"Feature","geometry":{"type":"Point","coordinates":[127.02128,37.5079]},"properties":{"name":"반포1동경로당","addr":"서울특별시 서초구 사평대로55길 90 (반포동)","sgg":"11650","cap":20,"type":"003","src":"safekorea","asof":"2026-04-30"}},{"type":"Feature","geometry":{"type":"Point","coordinates":[127.02126,37.50787]},"properties":{"name":"반포복지관경로당","addr":"서울특별시 서초구 사평대로55길 90 (반포동)","sgg":"11650","cap":30,"type":"003","src":"safekorea","asof":"2026-04-30"}},{"type":"Feature","geometry":{"type":"Point","coordinates":[127.01713,37.46017]},"properties":{"name":"서초구립송동마을경로당","addr":"서울특별시 서초구 송동길 27 (우면동)","sgg":"11650","cap":20,"type":"003","src":"safekorea","asof":"2026-04-30"}},{"type":"Feature","geometry":{"type":"Point","coordinates":[127.04079,37.48303]},"properties":{"name":"양재노인종합복지관","addr":"서울특별시 서초구 강남대로30길 73-7 (양재동)","sgg":"11650","cap":22,"type":"003","src":"safekorea","asof":"2026-04-30"}},{"type":"Feature","geometry":{"type":"Point","coordinates":[126.99947,37.49963]},"properties":{"name":"반포4동경로당","addr":"서울특별시 서초구 사평대로26길 9-14 (반포동)","sgg":"11650","cap":10,"type":"003","src":"safekorea","asof":"2026-04-30"}},{"type":"Feature","geometry":{"type":"Point","coordinates":[126.99483,37.50508]},"properties":{"name":"반포2동경로당","addr":"서울특별시 서초구 신반포로15길 28 (반포동)","sgg":"11650","cap":30,"type":"003","src":"safekorea","asof":"2026-04-30"}},{"type":"Feature","geometry":{"type":"Point","coordinates":[127.04121,37.47066]},"properties":{"name":"양재2동주민센터","addr":"서울특별시 서초구 강남대로12길 44 (양재동)","sgg":"11650","cap":31,"type":"001","src":"safekorea","asof":"2026-04-30"}},{"type":"Feature","geometry":{"type":"Point","coordinates":[127.05069,37.46173]},"properties":{"name":"내곡느티나무쉼터","addr":"서울특별시 서초구 염곡말길 9","sgg":"11650","cap":20,"type":"001","src":"safekorea","asof":"2026-05-28"}},{"type":"Feature","geometry":{"type":"Point","coordinates":[127.01731,37.51788]},"properties":{"name":"잠원동경로당","addr":"서울특별시 서초구 강남대로107길 24 (잠원동)","sgg":"11650","cap":20,"type":"003","src":"safekorea","asof":"2026-04-27"}},{"type":"Feature","geometry":{"type":"Point","coordinates":[127.01396,37.51496]},"properties":{"name":"잠원동주민센터","addr":"서울특별시 서초구 나루터로 38 (잠원동)","sgg":"11650","cap":20,"type":"001","src":"safekorea","asof":"2026-04-27"}},{"type":"Feature","geometry":{"type":"Point","coordinates":[127.01338,37.50509]},"properties":{"name":"반포1동IT센터시니어라운지","addr":"서울특별시 서초구 사평대로 273  (반포동)","sgg":"11650","cap":15,"type":"003","src":"safekorea","asof":"2026-01-23"}},{"type":"Feature","geometry":{"type":"Point","coordinates":[127.05074,37.46178]},"properties":{"name":"서초50플러스센터","addr":"서울특별시 서초구 염곡말길 9 (내곡동종합시설)","sgg":"11650","cap":20,"type":"003","src":"safekorea","asof":"2026-01-09"}},{"type":"Feature","geometry":{"type":"Point","coordinates":[127.02127,37.50789]},"properties":{"name":"반포1동경로당시니어라운지","addr":"서울특별시 서초구 사평대로55길 90  (반포동)","sgg":"11650","cap":31,"type":"001","src":"safekorea","asof":"2026-05-28"}},{"type":"Feature","geometry":{"type":"Point","coordinates":[127.01534,37.49592]},"properties":{"name":"장안경로당","addr":"서울특별시 서초구 서초대로55길 13 (서초동)","sgg":"11650","cap":43,"type":"003","src":"safekorea","asof":"2026-04-30"}},{"type":"Feature","geometry":{"type":"Point","coordinates":[126.99224,37.48899]},"properties":{"name":"방배4동주민센터","addr":"서울특별시 서초구 방배로 173 (방배동)","sgg":"11650","cap":20,"type":"001","src":"safekorea","asof":"2026-04-30"}},{"type":"Feature","geometry":{"type":"Point","coordinates":[127.01944,37.49014]},"properties":{"name":"서초1동주민센터","addr":"서울특별시 서초구 사임당로 89","sgg":"11650","cap":20,"type":"001","src":"safekorea","asof":"2026-04-30"}},{"type":"Feature","geometry":{"type":"Point","coordinates":[127.0168,37.49229]},"properties":{"name":"중앙노인종합복지관","addr":"서울특별시 서초구 서초대로54길 45","sgg":"11650","cap":10,"type":"003","src":"safekorea","asof":"2026-04-30"}},{"type":"Feature","geometry":{"type":"Point","coordinates":[127.02249,37.48543]},"properties":{"name":"서초1동경로당","addr":"서울특별시 서초구 효령로68길 49-3","sgg":"11650","cap":25,"type":"003","src":"safekorea","asof":"2026-04-30"}},{"type":"Feature","geometry":{"type":"Point","coordinates":[127.02493,37.49205]},"properties":{"name":"서초2동주민센터","addr":"서울특별시 서초구 서초대로70길 51 (서초동)","sgg":"11650","cap":50,"type":"001","src":"safekorea","asof":"2026-04-30"}},{"type":"Feature","geometry":{"type":"Point","coordinates":[127.03089,37.48796]},"properties":{"name":"서초2동경로당","addr":"서울특별시 서초구 강남대로45길 17-2 (서초동)","sgg":"11650","cap":30,"type":"003","src":"safekorea","asof":"2026-04-30"}},{"type":"Feature","geometry":{"type":"Point","coordinates":[127.01088,37.48282]},"properties":{"name":"서초느티나무쉼터","addr":"서울특별시 서초구 반포대로1길 53-3","sgg":"11650","cap":10,"type":"001","src":"safekorea","asof":"2026-05-28"}},{"type":"Feature","geometry":{"type":"Point","coordinates":[127.01448,37.48326]},"properties":{"name":"예술의마을경로당","addr":"서울특별시 서초구 남부순환로323길 44-15 (서초동)","sgg":"11650","cap":15,"type":"003","src":"safekorea","asof":"2026-04-30"}},{"type":"Feature","geometry":{"type":"Point","coordinates":[126.98593,37.49333]},"properties":{"name":"서초구립기녕당경로당","addr":"서울특별시 서초구 방배중앙로 159-6","sgg":"11650","cap":15,"type":"003","src":"safekorea","asof":"2026-04-30"}},{"type":"Feature","geometry":{"type":"Point","coordinates":[126.98883,37.49412]},"properties":{"name":"방배본동주민센터","addr":"서울특별시 서초구 동광로19길 38 (방배동)","sgg":"11650","cap":10,"type":"001","src":"safekorea","asof":"2026-04-30"}},{"type":"Feature","geometry":{"type":"Point","coordinates":[126.99489,37.5051]},"properties":{"name":"반포2동경로당시니어라운지","addr":"서울특별시 서초구 신반포로15길 28  (반포동)","sgg":"11650","cap":22,"type":"001","src":"safekorea","asof":"2026-05-28"}},{"type":"Feature","geometry":{"type":"Point","coordinates":[126.98308,37.48224]},"properties":{"name":"방배2동제2경로당","addr":"서울특별시 서초구 방배천로16길 5 (방배동)","sgg":"11650","cap":25,"type":"003","src":"safekorea","asof":"2026-04-30"}},{"type":"Feature","geometry":{"type":"Point","coordinates":[126.98555,37.47976]},"properties":{"name":"방배2동주민센터","addr":"서울특별시 서초구 청두곶길 36 (방배동)","sgg":"11650","cap":30,"type":"001","src":"safekorea","asof":"2026-04-30"}},{"type":"Feature","geometry":{"type":"Point","coordinates":[127.02218,37.50269]},"properties":{"name":"서초4동주민센터","addr":"서울특별시 서초구 서운로26길 3 (서초동)","sgg":"11650","cap":26,"type":"001","src":"safekorea","asof":"2026-04-30"}},{"type":"Feature","geometry":{"type":"Point","coordinates":[127.02098,37.49853]},"properties":{"name":"명달경로당","addr":"서울특별시 서초구 서운로23길 17 (서초동)","sgg":"11650","cap":33,"type":"003","src":"safekorea","asof":"2026-04-30"}},{"type":"Feature","geometry":{"type":"Point","coordinates":[127.02548,37.46942]},"properties":{"name":"서초구립우면동경로당","addr":"서울특별시 서초구 바우뫼로4길 6 (우면동)","sgg":"11650","cap":20,"type":"003","src":"safekorea","asof":"2026-04-30"}},{"type":"Feature","geometry":{"type":"Point","coordinates":[126.99471,37.48756]},"properties":{"name":"방배1동제1경로당","addr":"서울특별시 서초구 서초대로 114-8 (방배동)","sgg":"11650","cap":10,"type":"003","src":"safekorea","asof":"2026-04-30"}},{"type":"Feature","geometry":{"type":"Point","coordinates":[126.9945,37.48337]},"properties":{"name":"방배1동주민센터","addr":"서울특별시 서초구 효령로29길 43 (방배동)","sgg":"11650","cap":10,"type":"001","src":"safekorea","asof":"2026-04-30"}},{"type":"Feature","geometry":{"type":"Point","coordinates":[127.05345,37.45445]},"properties":{"name":"본마을경로당","addr":"서울특별시 서초구 본마을2길 2 (신원동)","sgg":"11650","cap":30,"type":"003","src":"safekorea","asof":"2026-04-30"}},{"type":"Feature","geometry":{"type":"Point","coordinates":[127.05831,37.4493]},"properties":{"name":"내곡동주민센터","addr":"서울특별시 서초구 청계산로15길 77 (신원동)","sgg":"11650","cap":30,"type":"001","src":"safekorea","asof":"2026-04-30"}},{"type":"Feature","geometry":{"type":"Point","coordinates":[127.058,37.44742]},"properties":{"name":"청룡마을경로당","addr":"서울특별시 서초구 청룡마을4길 15","sgg":"11650","cap":10,"type":"003","src":"safekorea","asof":"2026-04-30"}},{"type":"Feature","geometry":{"type":"Point","coordinates":[127.03888,37.48831]},"properties":{"name":"도곡1동주민센터(2층로비)","addr":"서울특별시 강남구  도곡로18길  57   (도곡동)","sgg":"11680","cap":50,"type":"001","src":"safekorea","asof":"2026-08-01"}},{"type":"Feature","geometry":{"type":"Point","coordinates":[127.04642,37.4837]},"properties":{"name":"도곡2동주민센터(1층복도)","addr":"서울특별시 강남구  남부순환로378길  34-9  (도곡동)","sgg":"11680","cap":40,"type":"001","src":"safekorea","asof":"2026-08-01"}},{"type":"Feature","geometry":{"type":"Point","coordinates":[127.08648,37.48338]},"properties":{"name":"일원본동주민센터(2층본카페)","addr":"서울특별시 강남구  광평로  126   (일원동)","sgg":"11680","cap":20,"type":"001","src":"safekorea","asof":"2026-08-01"}},{"type":"Feature","geometry":{"type":"Point","coordinates":[127.0756,37.4927]},"properties":{"name":"개포3동주민센터(5층민원실)","addr":"서울특별시 강남구 개포로 615 (개포동)","sgg":"11680","cap":10,"type":"001","src":"safekorea","asof":"2026-08-01"}},{"type":"Feature","geometry":{"type":"Point","coordinates":[127.05785,37.49973]},"properties":{"name":"대치4동주민센터(2층)","addr":"서울특별시 강남구  도곡로77길  23   (대치동)","sgg":"11680","cap":30,"type":"001","src":"safekorea","asof":"2026-08-01"}},{"type":"Feature","geometry":{"type":"Point","coordinates":[127.03328,37.49537]},"properties":{"name":"역삼1동주민센터(1층민원실)","addr":"서울특별시 강남구  역삼로7길  16   (역삼동)","sgg":"11680","cap":40,"type":"001","src":"safekorea","asof":"2026-08-01"}},{"type":"Feature","geometry":{"type":"Point","coordinates":[127.03666,37.49491]},"properties":{"name":"이동노동자쉼터(강남취창업허브센터후면)","addr":"서울특별시 강남구 역삼로 160 (강남취창업허브센터)","sgg":"11680","cap":1,"type":"003","src":"safekorea","asof":"2026-07-23"}},{"type":"Feature","geometry":{"type":"Point","coordinates":[127.09635,37.47173]},"properties":{"name":"못골도서관","addr":"서울특별시 강남구 자곡로 116 (자곡동)","sgg":"11680","cap":196,"type":"001","src":"safekorea","asof":"2026-04-30"}},{"type":"Feature","geometry":{"type":"Point","coordinates":[127.0228,37.52397]},"properties":{"name":"신사동주민센터(2층공유마루)","addr":"서울특별시 강남구  압구정로  128   (신사동)","sgg":"11680","cap":40,"type":"001","src":"safekorea","asof":"2026-08-01"}},{"type":"Feature","geometry":{"type":"Point","coordinates":[127.02851,37.51145]},"properties":{"name":"논현1동주민센터(3층마을사랑방)","addr":"서울특별시 강남구  학동로20길  25   (논현동)","sgg":"11680","cap":20,"type":"001","src":"safekorea","asof":"2026-08-01"}},{"type":"Feature","geometry":{"type":"Point","coordinates":[127.10495,37.48718]},"properties":{"name":"수서종합사회복지관","addr":"서울특별시 강남구 광평로56길 11","sgg":"11680","cap":28,"type":"003","src":"safekorea","asof":"2026-08-05"}},{"type":"Feature","geometry":{"type":"Point","coordinates":[127.04214,37.51628]},"properties":{"name":"강남구보건소(1층민원실)","addr":"서울특별시 강남구 선릉로 668  (삼성동)","sgg":"11680","cap":30,"type":"001","src":"safekorea","asof":"2026-08-06"}},{"type":"Feature","geometry":{"type":"Point","coordinates":[127.04322,37.50976]},"properties":{"name":"강남시니어플라자(노인복지관)","addr":"서울특별시 강남구 봉은사로 332 (역삼동)","sgg":"11680","cap":10,"type":"003","src":"safekorea","asof":"2026-08-05"}},{"type":"Feature","geometry":{"type":"Point","coordinates":[127.0691,37.4899]},"properties":{"name":"개포2동주민센터(1층복도)","addr":"서울특별시 강남구 개포로 511 (개포동)","sgg":"11680","cap":36,"type":"001","src":"safekorea","asof":"2026-08-01"}},{"type":"Feature","geometry":{"type":"Point","coordinates":[127.08036,37.49073]},"properties":{"name":"개포하늘꿈도서관","addr":"서울특별시 강남구 개포로110길 54 (일원동)","sgg":"11680","cap":240,"type":"001","src":"safekorea","asof":"2026-04-30"}},{"type":"Feature","geometry":{"type":"Point","coordinates":[127.10691,37.46905]},"properties":{"name":"세곡동주민센터(1층로비)","addr":"서울특별시 강남구  밤고개로  286   (율현동)","sgg":"11680","cap":48,"type":"001","src":"safekorea","asof":"2026-08-01"}},{"type":"Feature","geometry":{"type":"Point","coordinates":[127.10519,37.48921]},"properties":{"name":"강남구보건소분소(1층)","addr":"서울특별시 강남구 밤고개로1길 52  (수서동)","sgg":"11680","cap":20,"type":"001","src":"safekorea","asof":"2026-08-01"}},{"type":"Feature","geometry":{"type":"Point","coordinates":[127.04616,37.48501]},"properties":{"name":"매봉시니어센터(노인복지관)","addr":"서울특별시 강남구 남부순환로378길 20 (더 피크 빌딩)","sgg":"11680","cap":8,"type":"003","src":"safekorea","asof":"2026-08-09"}},{"type":"Feature","geometry":{"type":"Point","coordinates":[127.04427,37.50825]},"properties":{"name":"선정시니어센터(노인복지관)","addr":"서울특별시 강남구 선릉로105길 5","sgg":"11680","cap":12,"type":"003","src":"safekorea","asof":"2026-08-09"}},{"type":"Feature","geometry":{"type":"Point","coordinates":[127.03679,37.5036]},"properties":{"name":"충현복지관(장애인복지관)","addr":"서울특별시 강남구 논현로98길 16 (충현복지관)","sgg":"11680","cap":21,"type":"003","src":"safekorea","asof":"2026-08-05"}},{"type":"Feature","geometry":{"type":"Point","coordinates":[127.04682,37.49597]},"properties":{"name":"역삼2동주민센터(1층민원실)","addr":"서울특별시 강남구  도곡로43길  25   (역삼동)","sgg":"11680","cap":37,"type":"001","src":"safekorea","asof":"2026-08-01"}},{"type":"Feature","geometry":{"type":"Point","coordinates":[127.03833,37.5186]},"properties":{"name":"학리시니어센터(노인복지관)","addr":"서울특별시 강남구 학동로47길 30","sgg":"11680","cap":21,"type":"003","src":"safekorea","asof":"2026-08-09"}},{"type":"Feature","geometry":{"type":"Point","coordinates":[127.05887,37.48314]},"properties":{"name":"개포1동주민센터(1층민원실)","addr":"서울특별시 강남구 선릉로 35 (공공청사(주민센터/지구대))","sgg":"11680","cap":15,"type":"001","src":"safekorea","asof":"2026-08-01"}},{"type":"Feature","geometry":{"type":"Point","coordinates":[127.03719,37.51728]},"properties":{"name":"논현2동주민센터(1층민원실)","addr":"서울특별시 강남구  학동로43길  17   (논현동)","sgg":"11680","cap":50,"type":"001","src":"safekorea","asof":"2026-08-01"}},{"type":"Feature","geometry":{"type":"Point","coordinates":[127.06539,37.51651]},"properties":{"name":"삼성시니어센터(노인복지관)","addr":"서울특별시 강남구 봉은사로111길 18-3","sgg":"11680","cap":19,"type":"003","src":"safekorea","asof":"2026-08-09"}},{"type":"Feature","geometry":{"type":"Point","coordinates":[127.0948,37.47155]},"properties":{"name":"세곡보건지소(2층)","addr":"서울특별시 강남구 자곡로 100  (자곡동)","sgg":"11680","cap":20,"type":"001","src":"safekorea","asof":"2026-08-01"}},{"type":"Feature","geometry":{"type":"Point","coordinates":[127.04184,37.49456]},"properties":{"name":"역삼노인복지관","addr":"서울특별시 강남구 도곡로27길 27 (역삼2노인복지센터)","sgg":"11680","cap":10,"type":"003","src":"safekorea","asof":"2026-08-05"}},{"type":"Feature","geometry":{"type":"Point","coordinates":[127.03819,37.52352]},"properties":{"name":"압구정노인복지관","addr":"서울특별시 강남구 도산대로53길 5 (신사동)","sgg":"11680","cap":21,"type":"003","src":"safekorea","asof":"2026-08-05"}},{"type":"Feature","geometry":{"type":"Point","coordinates":[127.0934,37.48483]},"properties":{"name":"태화기독교사회복지관(종합복지관)","addr":"서울특별시 강남구  광평로  185   (수서동)","sgg":"11680","cap":55,"type":"003","src":"safekorea","asof":"2026-08-09"}},{"type":"Feature","geometry":{"type":"Point","coordinates":[127.05259,37.47168]},"properties":{"name":"능인종합사회복지관","addr":"서울특별시 강남구  양재대로  340   (개포동)","sgg":"11680","cap":40,"type":"003","src":"safekorea","asof":"2026-08-09"}},{"type":"Feature","geometry":{"type":"Point","coordinates":[127.04932,37.52508]},"properties":{"name":"청담동주민센터(1층민원실)","addr":"서울특별시 강남구  압구정로79길  26   (청담동)","sgg":"11680","cap":15,"type":"001","src":"safekorea","asof":"2026-08-01"}},{"type":"Feature","geometry":{"type":"Point","coordinates":[127.06252,37.51432]},"properties":{"name":"삼성1동주민센터(2층민원실)","addr":"서울특별시 강남구  봉은사로  616   (삼성동)","sgg":"11680","cap":10,"type":"001","src":"safekorea","asof":"2026-08-01"}},{"type":"Feature","geometry":{"type":"Point","coordinates":[127.04599,37.51117]},"properties":{"name":"삼성2동주민센터(3층)","addr":"서울특별시 강남구  봉은사로  419   (삼성동)","sgg":"11680","cap":40,"type":"001","src":"safekorea","asof":"2026-08-01"}},{"type":"Feature","geometry":{"type":"Point","coordinates":[127.04236,37.50941]},"properties":{"name":"청음복지관(장애인복지관)","addr":"서울특별시 강남구 봉은사로50길 6 (청음회관)","sgg":"11680","cap":14,"type":"003","src":"safekorea","asof":"2026-08-05"}},{"type":"Feature","geometry":{"type":"Point","coordinates":[127.03562,37.48638]},"properties":{"name":"도곡1노인복지관","addr":"서울특별시 강남구 강남대로44길 25","sgg":"11680","cap":11,"type":"003","src":"safekorea","asof":"2026-08-05"}},{"type":"Feature","geometry":{"type":"Point","coordinates":[127.03083,37.52966]},"properties":{"name":"압구정동주민센터(1층민원실)","addr":"서울특별시 강남구 압구정로33길 48 (압구정동주민센터)","sgg":"11680","cap":20,"type":"001","src":"safekorea","asof":"2026-08-01"}},{"type":"Feature","geometry":{"type":"Point","coordinates":[127.07346,37.492]},"properties":{"name":"강남장애인복지관","addr":"서울특별시 강남구 개포로 605 (강남장애인 문화복지관)","sgg":"11680","cap":18,"type":"003","src":"safekorea","asof":"2026-08-05"}},{"type":"Feature","geometry":{"type":"Point","coordinates":[127.1069,37.48706]},"properties":{"name":"강남세움복지관(장애인복지관)","addr":"서울특별시 강남구 광평로60길 22 (강남세움센터)","sgg":"11680","cap":20,"type":"003","src":"safekorea","asof":"2026-08-09"}},{"type":"Feature","geometry":{"type":"Point","coordinates":[127.03134,37.51896]},"properties":{"name":"이동노동자쉼터(논현점)","addr":"서울특별시 강남구 도산대로34길 21","sgg":"11680","cap":11,"type":"003","src":"safekorea","asof":"2026-07-23"}},{"type":"Feature","geometry":{"type":"Point","coordinates":[127.03646,37.49979]},"properties":{"name":"이동노동자쉼터(파이낸스센터후면)","addr":"서울특별시 강남구 테헤란로 152 (강남파이낸스센터)","sgg":"11680","cap":3,"type":"003","src":"safekorea","asof":"2026-07-23"}},{"type":"Feature","geometry":{"type":"Point","coordinates":[127.05882,37.51252]},"properties":{"name":"이동노동자쉼터(무역센터남문이륜차주차장)","addr":"서울특별시 강남구 테헤란로87길 36 (도심공항타워)","sgg":"11680","cap":5,"type":"003","src":"safekorea","asof":"2026-07-23"}},{"type":"Feature","geometry":{"type":"Point","coordinates":[127.02606,37.51204]},"properties":{"name":"논현노인종합복지관","addr":"서울특별시 강남구  강남대로128길  59   (논현동)","sgg":"11680","cap":20,"type":"003","src":"safekorea","asof":"2026-08-05"}},{"type":"Feature","geometry":{"type":"Point","coordinates":[127.11948,37.47004]},"properties":{"name":"성모자애복지관(장애인복지관)","addr":"서울특별시 강남구 헌릉로757길 35 (성모자애장애인 복지관)","sgg":"11680","cap":20,"type":"003","src":"safekorea","asof":"2026-08-05"}},{"type":"Feature","geometry":{"type":"Point","coordinates":[127.1027,37.46106]},"properties":{"name":"세곡커뮤니티센터","addr":"서울특별시 강남구 헌릉로590길 68","sgg":"11680","cap":56,"type":"003","src":"safekorea","asof":"2026-08-05"}},{"type":"Feature","geometry":{"type":"Point","coordinates":[127.05214,37.51593]},"properties":{"name":"강남노인종합복지관","addr":"서울특별시 강남구 삼성로 628","sgg":"11680","cap":14,"type":"003","src":"safekorea","asof":"2026-08-05"}},{"type":"Feature","geometry":{"type":"Point","coordinates":[127.03723,37.51729]},"properties":{"name":"강남시니어클럽(노인복지관)","addr":"서울특별시 강남구 학동로43길 17 (논현2동주민센터)","sgg":"11680","cap":13,"type":"003","src":"safekorea","asof":"2026-08-05"}},{"type":"Feature","geometry":{"type":"Point","coordinates":[127.05677,37.49325]},"properties":{"name":"대치1동주민센터(평시:1층민원실,특보발령시:2층)","addr":"서울특별시 강남구  남부순환로391길  19   (대치동)","sgg":"11680","cap":118,"type":"001","src":"safekorea","asof":"2026-08-15"}},{"type":"Feature","geometry":{"type":"Point","coordinates":[127.06419,37.50231]},"properties":{"name":"대치2동주민센터(1층로비)","addr":"서울특별시 강남구  영동대로65길  24   (대치동)","sgg":"11680","cap":22,"type":"001","src":"safekorea","asof":"2026-08-01"}},{"type":"Feature","geometry":{"type":"Point","coordinates":[127.1052,37.4875]},"properties":{"name":"수서동주민센터(1층)","addr":"서울특별시 강남구 광평로56길 11 (수서동, 수서6단지아파트)","sgg":"11680","cap":4,"type":"001","src":"safekorea","asof":"2026-08-01"}},{"type":"Feature","geometry":{"type":"Point","coordinates":[127.04762,37.51776]},"properties":{"name":"한파응급대피소","addr":"서울특별시 강남구 학동로 426  (삼성동)","sgg":"11680","cap":20,"type":"001","src":"safekorea","asof":"2026-01-08"}},{"type":"Feature","geometry":{"type":"Point","coordinates":[127.0499,37.4772]},"properties":{"name":"개포4동주민센터(1층민원실)","addr":"서울특별시 강남구 개포로24길 33 (개포동)","sgg":"11680","cap":26,"type":"001","src":"safekorea","asof":"2026-08-01"}},{"type":"Feature","geometry":{"type":"Point","coordinates":[127.07522,37.49419]},"properties":{"name":"강남종합사회복지관","addr":"서울특별시 강남구 개포로109길 5 (대치아파트)","sgg":"11680","cap":21,"type":"003","src":"safekorea","asof":"2026-08-05"}},{"type":"Feature","geometry":{"type":"Point","coordinates":[127.04644,37.51911]},"properties":{"name":"정다운도서관(3층)","addr":"서울특별시 강남구 학동로67길 11 (청담2문화센터)","sgg":"11680","cap":70,"type":"001","src":"safekorea","asof":"2026-08-01"}},{"type":"Feature","geometry":{"type":"Point","coordinates":[127.08441,37.48391]},"properties":{"name":"열린도서관(B동203호)","addr":"서울특별시 강남구 일원로 115 (일원동)","sgg":"11680","cap":83,"type":"001","src":"safekorea","asof":"2026-08-01"}},{"type":"Feature","geometry":{"type":"Point","coordinates":[127.05412,37.50302]},"properties":{"name":"대치노인복지관","addr":"서울특별시 강남구 역삼로69길 22","sgg":"11680","cap":7,"type":"003","src":"safekorea","asof":"2026-08-05"}},{"type":"Feature","geometry":{"type":"Point","coordinates":[127.09974,37.46785]},"properties":{"name":"은곡시니어센터(노인복지관)","addr":"서울특별시 강남구 헌릉로571길 48","sgg":"11680","cap":10,"type":"003","src":"safekorea","asof":"2026-08-09"}},{"type":"Feature","geometry":{"type":"Point","coordinates":[127.07504,37.4925]},"properties":{"name":"하상장애인복지관","addr":"서울특별시 강남구 개포로 613 (하상장애인복지관)","sgg":"11680","cap":15,"type":"003","src":"safekorea","asof":"2026-08-05"}},{"type":"Feature","geometry":{"type":"Point","coordinates":[127.10186,37.48781]},"properties":{"name":"이동노동자쉼터(수서역2번출구앞)","addr":"서울특별시 강남구 밤고개로1길 10 (수서현대벤쳐빌)","sgg":"11680","cap":17,"type":"003","src":"safekorea","asof":"2026-07-23"}},{"type":"Feature","geometry":{"type":"Point","coordinates":[127.09142,37.49324]},"properties":{"name":"대청종합사회복지관","addr":"서울특별시 강남구 양재대로55길 10 (수서1단지 에스에이치빌 사회복지관)","sgg":"11680","cap":67,"type":"003","src":"safekorea","asof":"2026-08-05"}},{"type":"Feature","geometry":{"type":"Point","coordinates":[127.12208,37.53808]},"properties":{"name":"풍납1동주민센터","addr":"서울특별시 송파구 천호대로152길 7 (풍납1동주민센터)","sgg":"11710","cap":20,"type":"001","src":"safekorea","asof":"2026-06-25"}},{"type":"Feature","geometry":{"type":"Point","coordinates":[127.10367,37.50359]},"properties":{"name":"석촌동주민센터","addr":"서울특별시 송파구 백제고분로37길 16 (석촌동주민센터)","sgg":"11710","cap":20,"type":"001","src":"safekorea","asof":"2026-05-28"}},{"type":"Feature","geometry":{"type":"Point","coordinates":[127.11672,37.50233]},"properties":{"name":"송파2동주민센터","addr":"서울특별시 송파구 송이로 32 (송파2동주민센터)","sgg":"11710","cap":20,"type":"001","src":"safekorea","asof":"2026-08-05"}},{"type":"Feature","geometry":{"type":"Point","coordinates":[127.12176,37.49558]},"properties":{"name":"가락본동주민센터","addr":"서울특별시 송파구 송파대로28길 39 (가락동)","sgg":"11710","cap":100,"type":"001","src":"safekorea","asof":"2026-08-05"}},{"type":"Feature","geometry":{"type":"Point","coordinates":[127.10987,37.49651]},"properties":{"name":"가락1동주민센터","addr":"서울특별시 송파구 양재대로 925 (가락동)","sgg":"11710","cap":20,"type":"001","src":"safekorea","asof":"2026-05-28"}},{"type":"Feature","geometry":{"type":"Point","coordinates":[127.0949,37.49872]},"properties":{"name":"송파노인종합복지관","addr":"서울특별시 송파구 백제고분로32길 41  (삼전동)","sgg":"11710","cap":30,"type":"003","src":"safekorea","asof":"2026-06-09"}},{"type":"Feature","geometry":{"type":"Point","coordinates":[127.08852,37.51194]},"properties":{"name":"잠실2동주민센터","addr":"서울특별시 송파구 올림픽로 159 (잠실2동주민센터)","sgg":"11710","cap":20,"type":"001","src":"safekorea","asof":"2026-05-28"}},{"type":"Feature","geometry":{"type":"Point","coordinates":[127.09424,37.51328]},"properties":{"name":"잠실3동주민센터","addr":"서울특별시 송파구 잠실로 51-31 (잠실3동주민센터)","sgg":"11710","cap":20,"type":"001","src":"safekorea","asof":"2026-06-16"}},{"type":"Feature","geometry":{"type":"Point","coordinates":[127.11223,37.52011]},"properties":{"name":"잠실4동주민센터","addr":"서울특별시 송파구 올림픽로35길 16 (잠실4동주민센터)","sgg":"11710","cap":20,"type":"001","src":"safekorea","asof":"2026-05-28"}},{"type":"Feature","geometry":{"type":"Point","coordinates":[127.14392,37.48115]},"properties":{"name":"위례동주민센터","addr":"서울특별시 송파구 위례광장로 210","sgg":"11710","cap":30,"type":"001","src":"safekorea","asof":"2026-06-29"}},{"type":"Feature","geometry":{"type":"Point","coordinates":[127.10609,37.51461]},"properties":{"name":"송파구청","addr":"서울특별시 송파구 올림픽로 326 (송파구청)","sgg":"11710","cap":30,"type":"001","src":"safekorea","asof":"2026-04-28"}},{"type":"Feature","geometry":{"type":"Point","coordinates":[127.10063,37.5181]},"properties":{"name":"잠실6동주민센터","addr":"서울특별시 송파구 올림픽로35길 120","sgg":"11710","cap":20,"type":"001","src":"safekorea","asof":"2026-08-03"}},{"type":"Feature","geometry":{"type":"Point","coordinates":[127.07728,37.50874]},"properties":{"name":"잠실7동주민센터","addr":"서울특별시 송파구 올림픽로4길 17","sgg":"11710","cap":20,"type":"001","src":"safekorea","asof":"2026-06-18"}},{"type":"Feature","geometry":{"type":"Point","coordinates":[127.14858,37.49692]},"properties":{"name":"마천2동주민센터","addr":"서울특별시 송파구 마천로 287 (마천2동주민센터)","sgg":"11710","cap":20,"type":"001","src":"safekorea","asof":"2026-07-31"}},{"type":"Feature","geometry":{"type":"Point","coordinates":[127.12389,37.51101]},"properties":{"name":"방이1동주민센터","addr":"서울특별시 송파구 위례성대로16길 22 (방이동)","sgg":"11710","cap":100,"type":"001","src":"safekorea","asof":"2026-05-28"}},{"type":"Feature","geometry":{"type":"Point","coordinates":[127.13452,37.48762]},"properties":{"name":"문정노인종합복지관","addr":"서울특별시 송파구 송이로37길 11","sgg":"11710","cap":20,"type":"003","src":"safekorea","asof":"2026-01-12"}},{"type":"Feature","geometry":{"type":"Point","coordinates":[127.13426,37.51545]},"properties":{"name":"오륜동주민센터","addr":"서울특별시 송파구 양재대로 1232 (방이동)","sgg":"11710","cap":20,"type":"001","src":"safekorea","asof":"2026-05-28"}},{"type":"Feature","geometry":{"type":"Point","coordinates":[127.1266,37.49872]},"properties":{"name":"가락2동주민센터","addr":"서울특별시 송파구 중대로20길 6 (가락2동주민센터)","sgg":"11710","cap":30,"type":"001","src":"safekorea","asof":"2026-05-28"}},{"type":"Feature","geometry":{"type":"Point","coordinates":[127.1281,37.50294]},"properties":{"name":"오금동주민센터","addr":"서울특별시 송파구 중대로25길 5 (오금동주민센터)","sgg":"11710","cap":20,"type":"001","src":"safekorea","asof":"2026-08-05"}},{"type":"Feature","geometry":{"type":"Point","coordinates":[127.09255,37.50277]},"properties":{"name":"삼전동주민센터","addr":"서울특별시 송파구 백제고분로 236 (삼전동주민센터)","sgg":"11710","cap":20,"type":"001","src":"safekorea","asof":"2026-08-05"}},{"type":"Feature","geometry":{"type":"Point","coordinates":[127.10935,37.50631]},"properties":{"name":"송파1동주민센터","addr":"서울특별시 송파구 백제고분로 392 (송파동)","sgg":"11710","cap":20,"type":"001","src":"safekorea","asof":"2026-08-03"}},{"type":"Feature","geometry":{"type":"Point","coordinates":[127.11142,37.5164]},"properties":{"name":"방이2동주민센터","addr":"서울특별시 송파구 올림픽로34길 5-13","sgg":"11710","cap":20,"type":"001","src":"safekorea","asof":"2026-05-28"}},{"type":"Feature","geometry":{"type":"Point","coordinates":[127.11565,37.5293]},"properties":{"name":"풍납2동주민센터","addr":"서울특별시 송파구 토성로 52 (풍납동)","sgg":"11710","cap":20,"type":"001","src":"safekorea","asof":"2026-07-30"}},{"type":"Feature","geometry":{"type":"Point","coordinates":[127.14335,37.49697]},"properties":{"name":"거여1동주민센터","addr":"서울특별시 송파구 오금로53길 32 (거여동)","sgg":"11710","cap":20,"type":"001","src":"safekorea","asof":"2026-05-28"}},{"type":"Feature","geometry":{"type":"Point","coordinates":[127.12415,37.49009]},"properties":{"name":"문정1동주민센터","addr":"서울특별시 송파구 동남로 116 (문정1동주민센터)","sgg":"11710","cap":20,"type":"001","src":"safekorea","asof":"2026-05-28"}},{"type":"Feature","geometry":{"type":"Point","coordinates":[127.1108,37.48988]},"properties":{"name":"문정2동주민센터","addr":"서울특별시 송파구 중대로 16 (문정2동주민센터)","sgg":"11710","cap":20,"type":"001","src":"safekorea","asof":"2026-08-05"}},{"type":"Feature","geometry":{"type":"Point","coordinates":[127.13268,37.4885]},"properties":{"name":"장지동주민센터","addr":"서울특별시 송파구 송이로31길 10 (장지동복합청사)","sgg":"11710","cap":40,"type":"001","src":"safekorea","asof":"2026-06-17"}},{"type":"Feature","geometry":{"type":"Point","coordinates":[127.0831,37.5061]},"properties":{"name":"잠실본동주민센터","addr":"서울특별시 송파구 백제고분로 145 (잠실동)","sgg":"11710","cap":20,"type":"001","src":"safekorea","asof":"2026-05-28"}},{"type":"Feature","geometry":{"type":"Point","coordinates":[127.14682,37.49356]},"properties":{"name":"거여2동주민센터","addr":"서울특별시 송파구 거마로2길 19 (거여동)","sgg":"11710","cap":20,"type":"001","src":"safekorea","asof":"2026-08-04"}},{"type":"Feature","geometry":{"type":"Point","coordinates":[127.14989,37.49596]},"properties":{"name":"마천1동주민센터","addr":"서울특별시 송파구 마천로 303 (마천1동주민센터)","sgg":"11710","cap":20,"type":"001","src":"safekorea","asof":"2026-05-28"}},{"type":"Feature","geometry":{"type":"Point","coordinates":[127.13264,37.55148]},"properties":{"name":"암사1동주민센터","addr":"서울특별시 강동구  올림픽로98가길  57 , 암사제1동주민센터 (암사동)","sgg":"11740","cap":91,"type":"001","src":"safekorea","asof":"2026-03-17"}},{"type":"Feature","geometry":{"type":"Point","coordinates":[127.12727,37.55171]},"properties":{"name":"암사2동주민센터","addr":"서울특별시 강동구 상암로3길 28","sgg":"11740","cap":9,"type":"001","src":"safekorea","asof":"2026-03-17"}},{"type":"Feature","geometry":{"type":"Point","coordinates":[127.12319,37.53596]},"properties":{"name":"강동구청년해냄센터","addr":"서울특별시 강동구 올림픽로 610 (천호역효성해링턴타워)","sgg":"11740","cap":null,"type":"001","src":"safekorea","asof":"2026-06-24"}},{"type":"Feature","geometry":{"type":"Point","coordinates":[127.12713,37.54821]},"properties":{"name":"강동50플러스센터","addr":"서울특별시 강동구 올림픽로 752 (강동50플러스센터)","sgg":"11740","cap":null,"type":"001","src":"safekorea","asof":"2026-06-24"}},{"type":"Feature","geometry":{"type":"Point","coordinates":[127.15699,37.55701]},"properties":{"name":"강동구청고덕별관","addr":"서울특별시 강동구 동남로 930 (강동구청 고덕별관)","sgg":"11740","cap":null,"type":"001","src":"safekorea","asof":"2026-03-17"}},{"type":"Feature","geometry":{"type":"Point","coordinates":[127.1367,37.52342]},"properties":{"name":"둔촌1동주민센터","addr":"서울특별시 강동구 양재대로84길 31 (둔촌제1동주민센터 둔촌제1동주민센터)","sgg":"11740","cap":183,"type":"001","src":"safekorea","asof":"2026-03-17"}},{"type":"Feature","geometry":{"type":"Point","coordinates":[127.12834,37.54245]},"properties":{"name":"천호2동주민센터","addr":"서울특별시 강동구 올림픽로80길 60","sgg":"11740","cap":176,"type":"001","src":"safekorea","asof":"2026-03-17"}},{"type":"Feature","geometry":{"type":"Point","coordinates":[127.12978,37.53993]},"properties":{"name":"천호3동주민센터","addr":"서울특별시 강동구 진황도로23길 7 (천호3동주민센터)","sgg":"11740","cap":92,"type":"001","src":"safekorea","asof":"2026-05-07"}},{"type":"Feature","geometry":{"type":"Point","coordinates":[127.14261,37.53466]},"properties":{"name":"길동주민센터","addr":"서울특별시 강동구 천호대로 1183 (길동)","sgg":"11740","cap":60,"type":"001","src":"safekorea","asof":"2026-03-17"}},{"type":"Feature","geometry":{"type":"Point","coordinates":[127.16826,37.5506]},"properties":{"name":"상일1동주민센터","addr":"서울특별시 강동구 구천면로 633 (상일동)","sgg":"11740","cap":60,"type":"001","src":"safekorea","asof":"2026-03-17"}},{"type":"Feature","geometry":{"type":"Point","coordinates":[127.1442,37.5514]},"properties":{"name":"명일1동주민센터","addr":"서울특별시 강동구 양재대로 1634 (명일동)","sgg":"11740","cap":40,"type":"001","src":"safekorea","asof":"2026-08-06"}},{"type":"Feature","geometry":{"type":"Point","coordinates":[127.14078,37.55499]},"properties":{"name":"암사3동주민센터","addr":"서울특별시 강동구  고덕로  137 , 암사3동 주민센터 (암사동)","sgg":"11740","cap":97,"type":"001","src":"safekorea","asof":"2026-06-25"}},{"type":"Feature","geometry":{"type":"Point","coordinates":[127.1368,37.54502]},"properties":{"name":"천호1동주민센터","addr":"서울특별시 강동구  구천면로42길  59 , 천호1파출소, 천호1동주민센터 (천호동)","sgg":"11740","cap":83,"type":"001","src":"safekorea","asof":"2026-03-17"}},{"type":"Feature","geometry":{"type":"Point","coordinates":[127.12246,37.53048]},"properties":{"name":"성내1동주민센터","addr":"서울특별시 강동구  성내로  13   (성내동)","sgg":"11740","cap":102,"type":"001","src":"safekorea","asof":"2026-03-17"}},{"type":"Feature","geometry":{"type":"Point","coordinates":[127.12832,37.53671]},"properties":{"name":"성내2동주민센터","addr":"서울특별시 강동구 천호대로 1050 (그란츠리버파크)","sgg":"11740","cap":67,"type":"001","src":"safekorea","asof":"2026-03-17"}},{"type":"Feature","geometry":{"type":"Point","coordinates":[127.13344,37.53308]},"properties":{"name":"강동구사회적경제지원센터","addr":"서울특별시 강동구 성안로 108 (사회적경제지원센터)","sgg":"11740","cap":null,"type":"001","src":"safekorea","asof":"2026-06-24"}},{"type":"Feature","geometry":{"type":"Point","coordinates":[127.15135,37.54636]},"properties":{"name":"명일2동주민센터","addr":"서울특별시 강동구  상암로  260 , 명일제2동주민센터 (명일동)","sgg":"11740","cap":77,"type":"001","src":"safekorea","asof":"2026-07-21"}},{"type":"Feature","geometry":{"type":"Point","coordinates":[127.14195,37.53334]},"properties":{"name":"둔촌2동주민센터","addr":"서울특별시 강동구  천호대로186길  7 , 둔촌제2동주민센터 (둔촌동)","sgg":"11740","cap":72,"type":"001","src":"safekorea","asof":"2026-03-17"}},{"type":"Feature","geometry":{"type":"Point","coordinates":[127.12381,37.53017]},"properties":{"name":"강동구청","addr":"서울특별시 강동구 성내로 25 (강동구청)","sgg":"11740","cap":61,"type":"001","src":"safekorea","asof":"2026-06-02"}},{"type":"Feature","geometry":{"type":"Point","coordinates":[127.13289,37.52604]},"properties":{"name":"성내3동주민센터","addr":"서울특별시 강동구  강동대로53길  76 , 성내3동주민센터 (성내동)","sgg":"11740","cap":85,"type":"001","src":"safekorea","asof":"2026-03-17"}},{"type":"Feature","geometry":{"type":"Point","coordinates":[127.17397,37.56501]},"properties":{"name":"강일동주민센터","addr":"서울특별시 강동구  아리수로93길  9-14, 강일동복합청사 (강일동)","sgg":"11740","cap":168,"type":"001","src":"safekorea","asof":"2026-03-17"}},{"type":"Feature","geometry":{"type":"Point","coordinates":[127.17974,37.55514]},"properties":{"name":"상일2동주민센터","addr":"서울특별시 강동구 상일동 산 77-27","sgg":"11740","cap":138,"type":"001","src":"safekorea","asof":"2026-03-17"}},{"type":"Feature","geometry":{"type":"Point","coordinates":[127.15151,37.55728]},"properties":{"name":"고덕1동주민센터","addr":"서울특별시 강동구 양재대로156길 123","sgg":"11740","cap":68,"type":"001","src":"safekorea","asof":"2026-08-04"}},{"type":"Feature","geometry":{"type":"Point","coordinates":[127.16436,37.56051]},"properties":{"name":"고덕2동주민센터","addr":"서울특별시 강동구  아리수로78길  43-12, 고덕2동 주민센터 (고덕동)","sgg":"11740","cap":79,"type":"001","src":"safekorea","asof":"2026-03-17"}}]}