{"type":"FeatureCollection","features":[{"type":"Feature","geometry":{"type":"Point","coordinates":[127.92392,36.98026]},"properties":{"name":"교현2동 성원아파트 지하주차장 지하1층","addr":"충청북도 충주시 삼원로 163 (교현동, 성원임대아파트)","sgg":"43130","cap":1188,"type":"공공용시설 / 지하","src":"localdata","asof":"2026-04-29"}},{"type":"Feature","geometry":{"type":"Point","coordinates":[127.92574,36.98251]},"properties":{"name":"교현2동 청주지방검찰청충주지청 지하1층","addr":"충청북도 충주시 계명대로 101 (교현동, 청주지방검찰청충주지청)","sgg":"43130","cap":281,"type":"공공용시설 / 지하","src":"localdata","asof":"2026-04-29"}},{"type":"Feature","geometry":{"type":"Point","coordinates":[127.93982,36.95567]},"properties":{"name":"호암직동 진도아파트 지하주차장 1층","addr":"충청북도 충주시 호암중앙2로 27 (호암동, 진도아파트)","sgg":"43130","cap":538,"type":"공공용시설 / 지하","src":"localdata","asof":"2026-04-29"}},{"type":"Feature","geometry":{"type":"Point","coordinates":[127.91591,37.00876]},"properties":{"name":"목행용탄동 영무예다음2차아파트 지하주차장 1층","addr":"충청북도 충주시 행정1길 8 (목행동, 영무 예다음 2차)","sgg":"43130","cap":4483,"type":"공공용시설 / 지하","src":"localdata","asof":"2026-04-29"}},{"type":"Feature","geometry":{"type":"Point","coordinates":[127.93561,36.99222]},"properties":{"name":"연수동 아이파크아파트 지하주차장 1~2층","addr":"충청북도 충주시 연수로1길 10 (연수동, 연수아이파크아파트상가)","sgg":"43130","cap":16643,"type":"공공용시설 / 지하","src":"localdata","asof":"2026-04-29"}},{"type":"Feature","geometry":{"type":"Point","coordinates":[127.94217,36.98597]},"properties":{"name":"연수동 세영리첼2단지아파트 지하주차장","addr":"충청북도 충주시 연수동산로 38 (연수동, 연수세영리첼 2단지)","sgg":"43130","cap":7343,"type":"공공용시설 / 지하","src":"localdata","asof":"2026-04-29"}},{"type":"Feature","geometry":{"type":"Point","coordinates":[127.92767,36.95547]},"properties":{"name":"호암직동 충주호암1단지 지하주차장 1층","addr":"충청북도 충주시 호암수청2로 56(호암동, 충주호암1단지)","sgg":"43130","cap":12193,"type":"공공용시설 / 지하","src":"localdata","asof":"2026-04-29"}},{"type":"Feature","geometry":{"type":"Point","coordinates":[127.94103,36.96769]},"properties":{"name":"교현안림동 중흥S클래스아파트 지하주차장 1~2층","addr":"충청북도 충주시 금봉8길 23 (교현동)","sgg":"43130","cap":16221,"type":"공공용시설 / 지하","src":"localdata","asof":"2026-04-29"}},{"type":"Feature","geometry":{"type":"Point","coordinates":[127.91792,36.98494]},"properties":{"name":"칠금금릉동 삼일아파트 지하주차장 1층","addr":"충청북도 충주시 금릉로 17 (칠금동)","sgg":"43130","cap":1429,"type":"공공용시설 / 지하","src":"localdata","asof":"2026-04-29"}},{"type":"Feature","geometry":{"type":"Point","coordinates":[127.92493,36.98794]},"properties":{"name":"칠금금릉동 삼성1차아파트 지하주차장 1층","addr":"충청북도 충주시 금제1길 5(금릉동, 삼성1차아파트)","sgg":"43130","cap":1551,"type":"공공용시설 / 지하","src":"localdata","asof":"2026-04-29"}},{"type":"Feature","geometry":{"type":"Point","coordinates":[127.91728,36.98462]},"properties":{"name":"칠금금릉동 코오롱동신아파트 지하주차장 1층","addr":"충청북도 충주시 금릉로 14 (칠금동)","sgg":"43130","cap":3036,"type":"공공용시설 / 지하","src":"localdata","asof":"2026-04-29"}},{"type":"Feature","geometry":{"type":"Point","coordinates":[127.92085,36.98488]},"properties":{"name":"칠금금릉동 현대아파트 지하주차장 1층","addr":"충청북도 충주시 금릉로 45 (칠금동)","sgg":"43130","cap":1716,"type":"공공용시설 / 지하","src":"localdata","asof":"2026-06-30"}},{"type":"Feature","geometry":{"type":"Point","coordinates":[127.91623,37.0099]},"properties":{"name":"목행용탄동 영무예다음1차아파트 지하주차장 1층","addr":"충청북도 충주시 행정2길 6 (목행동, 영무예다음 1차)","sgg":"43130","cap":10342,"type":"공공용시설 / 지하","src":"localdata","asof":"2026-04-29"}},{"type":"Feature","geometry":{"type":"Point","coordinates":[127.8995,36.93948]},"properties":{"name":"달천동 신한강변아파트 지하주차장 1층","addr":"충청북도 충주시 풍동동막길 50-0 (풍동, 신한강변아파트)","sgg":"43130","cap":455,"type":"공공용시설 / 지하","src":"localdata","asof":"2026-04-29"}},{"type":"Feature","geometry":{"type":"Point","coordinates":[127.92524,36.96735]},"properties":{"name":"문화동 호수마을아파트 지하주차장 1층","addr":"충청북도 충주시 사직로 114 (문화동, 호수마을아파트)","sgg":"43130","cap":1287,"type":"공공용시설 / 지하","src":"localdata","asof":"2026-04-29"}},{"type":"Feature","geometry":{"type":"Point","coordinates":[127.82937,36.98663]},"properties":{"name":"대소원면 충주코아루퍼스트아파트 지하주차장 1층","addr":"충청북도 충주시 대소원면 첨단산업4로 24 (충주코아루퍼스트아파트)","sgg":"43130","cap":12651,"type":"공공용시설 / 지하","src":"localdata","asof":"2026-04-29"}},{"type":"Feature","geometry":{"type":"Point","coordinates":[127.94461,36.97746]},"properties":{"name":"교현안림동 안림LH천년나무1단지아파트지하주차장 1층","addr":"충청북도 충주시 봉현로 365 (안림동, 충주안림LH천년나무1단지아파트)","sgg":"43130","cap":8733,"type":"공공용시설 / 지하","src":"localdata","asof":"2026-04-29"}},{"type":"Feature","geometry":{"type":"Point","coordinates":[127.94398,36.98045]},"properties":{"name":"교현안림동 엘리시아아파트지하주차장 1층","addr":"충청북도 충주시 국원초1길 48 (안림동, 충주엘리시아아파트)","sgg":"43130","cap":6055,"type":"공공용시설 / 지하","src":"localdata","asof":"2026-04-29"}},{"type":"Feature","geometry":{"type":"Point","coordinates":[127.94025,36.9557]},"properties":{"name":"호암직동 부강아파트 지하주차장 1층","addr":"충청북도 충주시 호암중앙2로 31 (호암동, 부강아파트)","sgg":"43130","cap":1030,"type":"공공용시설 / 지하","src":"localdata","asof":"2026-04-29"}},{"type":"Feature","geometry":{"type":"Point","coordinates":[127.9305,36.9913]},"properties":{"name":"연수동 두진3차아파트 지하주차장 1층","addr":"충청북도 충주시 연수로 20 (연수동, 두진3차아파트)","sgg":"43130","cap":983,"type":"공공용시설 / 지하","src":"localdata","asof":"2026-04-29"}},{"type":"Feature","geometry":{"type":"Point","coordinates":[127.9181,37.00434]},"properties":{"name":"목행용탄동 새한아파트 지하주차장 1층","addr":"충청북도 충주시 목행산단3로 13-9 (목행동, 새한아파트)","sgg":"43130","cap":2193,"type":"공공용시설 / 지하","src":"localdata","asof":"2026-04-29"}},{"type":"Feature","geometry":{"type":"Point","coordinates":[127.94418,36.95975]},"properties":{"name":"용산동 남산동일하이빌아파트 지하주차장 1층","addr":"충청북도 충주시 염밭로 22 (용산동, 남산동일하이빌)","sgg":"43130","cap":2208,"type":"공공용시설 / 지하","src":"localdata","asof":"2026-04-29"}},{"type":"Feature","geometry":{"type":"Point","coordinates":[127.94492,36.96173]},"properties":{"name":"용산동 용산주공3단지아파트 지하주차장 1층","addr":"충청북도 충주시 남산로 114 (용산동, 충주용산3주공아파트)","sgg":"43130","cap":6849,"type":"공공용시설 / 지하","src":"localdata","asof":"2026-04-29"}},{"type":"Feature","geometry":{"type":"Point","coordinates":[127.91802,36.98178]},"properties":{"name":"칠금금릉동 부영2차아파트 지하주차장 1층","addr":"충청북도 충주시 칠금중앙로 30 (칠금동)","sgg":"43130","cap":4092,"type":"공공용시설 / 지하","src":"localdata","asof":"2026-04-29"}},{"type":"Feature","geometry":{"type":"Point","coordinates":[127.92094,36.98462]},"properties":{"name":"칠금금릉동 부영1차아파트 지하주차장 1층","addr":"충청북도 충주시 금릉로 46 (칠금동, 부영아파트)","sgg":"43130","cap":2376,"type":"공공용시설 / 지하","src":"localdata","asof":"2026-04-29"}},{"type":"Feature","geometry":{"type":"Point","coordinates":[127.80132,36.97514]},"properties":{"name":"주덕 백남진달래아파트 지하주차장 1층","addr":"충청북도 충주시 주덕읍 장터뒷길 48 (백남진달래아파트)","sgg":"43130","cap":254,"type":"공공용시설 / 지하","src":"localdata","asof":"2026-04-29"}},{"type":"Feature","geometry":{"type":"Point","coordinates":[127.82664,37.01657]},"properties":{"name":"중앙탑면 충주e편한세상아파트 지하주차장 1층","addr":"충청북도 충주시 중앙탑면 원앙9길 15 (e편한세상충주)","sgg":"43130","cap":36975,"type":"공공용시설 / 지하","src":"localdata","asof":"2026-04-29"}},{"type":"Feature","geometry":{"type":"Point","coordinates":[127.83071,37.01685]},"properties":{"name":"중앙탑면 충주시티자이아파트 지하주차장 1층","addr":"충청북도 충주시 중앙탑면 원앙4길 51 (충주시티자이아파트)","sgg":"43130","cap":49129,"type":"공공용시설 / 지하","src":"localdata","asof":"2026-04-29"}},{"type":"Feature","geometry":{"type":"Point","coordinates":[127.92926,36.99153]},"properties":{"name":"연수동 두진1,2차아파트 지하주차장 1층","addr":"충청북도 충주시 연수로 7 (연수동, 두진아파트)","sgg":"43130","cap":1058,"type":"공공용시설 / 지하","src":"localdata","asof":"2026-04-29"}},{"type":"Feature","geometry":{"type":"Point","coordinates":[127.94623,36.96202]},"properties":{"name":"용산동 용산주공2단지아파트 지하주차장 1층","addr":"충청북도 충주시 남산로 125 (용산동, 용산주공(2)단지아파트)","sgg":"43130","cap":2574,"type":"공공용시설 / 지하","src":"localdata","asof":"2026-04-29"}},{"type":"Feature","geometry":{"type":"Point","coordinates":[127.91113,36.97501]},"properties":{"name":"봉방동 현대자동차 지하주차장 1층","addr":"충청북도 충주시 애향로 10 (봉방동, 현대빌딩)","sgg":"43130","cap":826,"type":"공공용시설 / 지하","src":"localdata","asof":"2026-04-29"}},{"type":"Feature","geometry":{"type":"Point","coordinates":[127.94636,36.9704]},"properties":{"name":"교현안림동 안림LG아파트 지하주차장 1~2층","addr":"충청북도 충주시 금봉대로 397 (안림동)","sgg":"43130","cap":1802,"type":"공공용시설 / 지하","src":"localdata","asof":"2026-04-29"}},{"type":"Feature","geometry":{"type":"Point","coordinates":[127.93756,36.96644]},"properties":{"name":"용산동 영진아파트 지하주차장 1층","addr":"충청북도 충주시 용산로 33 (용산동, 영진보람아파트)","sgg":"43130","cap":2079,"type":"공공용시설 / 지하","src":"localdata","asof":"2026-04-29"}},{"type":"Feature","geometry":{"type":"Point","coordinates":[127.9418,36.98602]},"properties":{"name":"연수동 세영리첼1단지아파트 지하주차장","addr":"충청북도 충주시 연수동산로 37 (연수동, 연수세영리첼 1단지)","sgg":"43130","cap":14214,"type":"공공용시설 / 지하","src":"localdata","asof":"2026-04-29"}},{"type":"Feature","geometry":{"type":"Point","coordinates":[127.91814,37.00502]},"properties":{"name":"목행용탄동 한라비발디아파트 지하주차장 2층","addr":"충청북도 충주시 목행산단4로 13 (목행동, 한라비발디아파트)","sgg":"43130","cap":12732,"type":"공공용시설 / 지하","src":"localdata","asof":"2026-04-29"}},{"type":"Feature","geometry":{"type":"Point","coordinates":[127.92592,36.99039]},"properties":{"name":"칠금금릉동 충주시청 지하주차장 1층","addr":"충청북도 충주시 으뜸로 21 (금릉동)","sgg":"43130","cap":568,"type":"공공용시설 / 지하","src":"localdata","asof":"2026-04-29"}},{"type":"Feature","geometry":{"type":"Point","coordinates":[127.92002,37.0143]},"properties":{"name":"목행용탄동 삼진동산아파트 지하주차장 1층","addr":"충청북도 충주시 행정10길 36 (목행동, 충주삼진동산아파트)","sgg":"43130","cap":1082,"type":"공공용시설 / 지하","src":"localdata","asof":"2026-04-29"}},{"type":"Feature","geometry":{"type":"Point","coordinates":[127.91242,36.97798]},"properties":{"name":"봉방동 1차푸르지오아파트 지하주차장 1층","addr":"충청북도 충주시 봉계1길 5 (봉방동, 충주푸르지오관리사무소)","sgg":"43130","cap":23295,"type":"공공용시설 / 지하","src":"localdata","asof":"2026-04-29"}},{"type":"Feature","geometry":{"type":"Point","coordinates":[128.21198,37.12561]},"properties":{"name":"서희스타힐스아파트 지하주차장 지하2층","addr":"충청북도 제천시 원화산로 43(화산동, 서희스타힐스)","sgg":"43150","cap":9286,"type":"공공용시설 / 지하","src":"localdata","asof":"2025-12-15"}},{"type":"Feature","geometry":{"type":"Point","coordinates":[128.21836,37.15759]},"properties":{"name":"보미파란채아파트 지하주차장 지하1층","addr":"충청북도 제천시 용두천로46길 12(고암동, 보미 파란채)","sgg":"43150","cap":5376,"type":"공공용시설 / 지하","src":"localdata","asof":"2025-12-15"}},{"type":"Feature","geometry":{"type":"Point","coordinates":[128.19641,37.13968]},"properties":{"name":"청구아파트 지하주차장 지하1층","addr":"충청북도 제천시 용두대로15길 47(하소동, 청구아파트)","sgg":"43150","cap":7524,"type":"공공용시설 / 지하","src":"localdata","asof":"2025-12-15"}},{"type":"Feature","geometry":{"type":"Point","coordinates":[128.21633,37.15177]},"properties":{"name":"제천시 청소년꿈뜨락 지하도","addr":"충청북도 제천시 청전대로 172(청전동)","sgg":"43150","cap":578,"type":"공공용시설 / 지하","src":"localdata","asof":"2025-12-15"}},{"type":"Feature","geometry":{"type":"Point","coordinates":[128.22599,37.12908]},"properties":{"name":"극동아파트 지하주차장 지하1층","addr":"충청북도 제천시 관전로1길 35(신백동, 극동아파트)","sgg":"43150","cap":4148,"type":"공공용시설 / 지하","src":"localdata","asof":"2025-12-15"}},{"type":"Feature","geometry":{"type":"Point","coordinates":[128.22656,37.13474]},"properties":{"name":"신백덕일한마음2차아파트 지하주차장 지하1층","addr":"충청북도 제천시 의병대로35길 28 (신백동, 신백2차덕일한마음아파트)","sgg":"43150","cap":3544,"type":"공공용시설 / 지하","src":"localdata","asof":"2025-12-15"}},{"type":"Feature","geometry":{"type":"Point","coordinates":[128.20661,37.13899]},"properties":{"name":"한국전력공사제천지사 지하주차장 지하1층","addr":"충청북도 제천시 풍양로 57(의림동)","sgg":"43150","cap":1448,"type":"공공용시설 / 지하","src":"localdata","asof":"2025-12-15"}},{"type":"Feature","geometry":{"type":"Point","coordinates":[128.2137,37.14849]},"properties":{"name":"이형아파트 지하주차장 지하1층","addr":"충청북도 제천시 청전대로14길 30(청전동, 이형아파트)","sgg":"43150","cap":1000,"type":"공공용시설 / 지하","src":"localdata","asof":"2025-12-15"}},{"type":"Feature","geometry":{"type":"Point","coordinates":[128.19581,37.13585]},"properties":{"name":"하소힐스테이트아파트 지하주차장 지하1층","addr":"충청북도 제천시 용두대로7길 36(하소동, 하소힐스테이트)","sgg":"43150","cap":8169,"type":"공공용시설 / 지하","src":"localdata","asof":"2025-12-15"}},{"type":"Feature","geometry":{"type":"Point","coordinates":[128.21676,37.15921]},"properties":{"name":"고암두진백로아파트 지하주차장 지하1층","addr":"충청북도 제천시 용두천로 384(고암동)","sgg":"43150","cap":7945,"type":"공공용시설 / 지하","src":"localdata","asof":"2025-12-15"}},{"type":"Feature","geometry":{"type":"Point","coordinates":[128.20745,37.12127]},"properties":{"name":"휴먼시아2단지아파트 지하주차장 지하1층","addr":"충청북도 제천시 청풍호로7길 110 (강제동, 제천강저2휴먼시아)","sgg":"43150","cap":2947,"type":"공공용시설 / 지하","src":"localdata","asof":"2025-12-15"}},{"type":"Feature","geometry":{"type":"Point","coordinates":[128.22436,37.1532]},"properties":{"name":"신안실크밸리스카이시티아파트 지하주차장 지하1층","addr":"충청북도 제천시 내토로59길 31(장락동, 신안실크밸리 스카이시티)","sgg":"43150","cap":7953,"type":"공공용시설 / 지하","src":"localdata","asof":"2025-12-15"}},{"type":"Feature","geometry":{"type":"Point","coordinates":[128.2108,37.13106]},"properties":{"name":"제천여성문화센터 지하1층","addr":"충청북도 제천시 숭의로 48, 제천시여성회관 (화산동)","sgg":"43150","cap":554,"type":"공공용시설 / 지하","src":"localdata","asof":"2025-12-15"}},{"type":"Feature","geometry":{"type":"Point","coordinates":[128.20458,37.12483]},"properties":{"name":"휴먼시아1단지아파트 지하주차장 지하1층","addr":"충청북도 제천시 청풍호로7길 20(영천동, 제천강저휴먼시아1단지)","sgg":"43150","cap":5400,"type":"공공용시설 / 지하","src":"localdata","asof":"2025-12-15"}},{"type":"Feature","geometry":{"type":"Point","coordinates":[128.22294,37.14769]},"properties":{"name":"장락e- 편한세상아파트 지하주차장 지하1층","addr":"충청북도 제천시 장락로 62(장락동, 장락 e-편한세상)","sgg":"43150","cap":6557,"type":"공공용시설 / 지하","src":"localdata","asof":"2026-02-03"}},{"type":"Feature","geometry":{"type":"Point","coordinates":[128.20672,37.12857]},"properties":{"name":"삼익상가 지하주차장 지하1층","addr":"충청북도 제천시 의림대로2길 9(화산동, 삼익상가아파트)","sgg":"43150","cap":1138,"type":"공공용시설 / 지하","src":"localdata","asof":"2025-12-15"}},{"type":"Feature","geometry":{"type":"Point","coordinates":[128.19947,37.18016]},"properties":{"name":"세명대학교 본관 지하1층","addr":"충청북도 제천시 세명로 65, 세명대학교 (신월동)","sgg":"43150","cap":992,"type":"공공용시설 / 지하","src":"localdata","asof":"2025-12-15"}},{"type":"Feature","geometry":{"type":"Point","coordinates":[128.20363,37.12007]},"properties":{"name":"센트럴코아루아파트 지하주차장 지하1층","addr":"충청북도 제천시 강저로11나길 13(강제동, 센트럴코아루)","sgg":"43150","cap":5646,"type":"공공용시설 / 지하","src":"localdata","asof":"2025-12-15"}},{"type":"Feature","geometry":{"type":"Point","coordinates":[128.19107,37.13151]},"properties":{"name":"제천시청 본청 지하1층 구내식당","addr":"충청북도 제천시 내토로 295, 제천시청 (천남동)","sgg":"43150","cap":490,"type":"공공용시설 / 지하","src":"localdata","asof":"2025-12-15"}},{"type":"Feature","geometry":{"type":"Point","coordinates":[128.26273,37.18842]},"properties":{"name":"송학교회","addr":"충청북도 제천시 송학면 옥천길 22-1, 송학교회","sgg":"43150","cap":223,"type":"공공용시설 / 지하","src":"localdata","asof":"2025-12-15"}},{"type":"Feature","geometry":{"type":"Point","coordinates":[128.21156,37.13702]},"properties":{"name":"중앙시장 지하주차장 지하1층","addr":"충청북도 제천시 풍양로 108, 중앙시장상가 (중앙로1가)","sgg":"43150","cap":3526,"type":"공공용시설 / 지하","src":"localdata","asof":"2025-12-15"}},{"type":"Feature","geometry":{"type":"Point","coordinates":[128.19137,37.17458]},"properties":{"name":"대원대학교 강의동,민송학사동,기숙사동,학생복지동지하1층","addr":"충청북도 제천시 대학로 316, 대원대학교 (신월동)","sgg":"43150","cap":3681,"type":"공공용시설 / 지하","src":"localdata","asof":"2025-12-15"}},{"type":"Feature","geometry":{"type":"Point","coordinates":[128.22784,37.12989]},"properties":{"name":"장미아파트 지하주차장 지하1층","addr":"충청북도 제천시 의병대로36길 28(신백동, 장미아파트)","sgg":"43150","cap":1545,"type":"공공용시설 / 지하","src":"localdata","asof":"2025-12-15"}},{"type":"Feature","geometry":{"type":"Point","coordinates":[128.16963,37.15514]},"properties":{"name":"왕암코아루드림아파트 지하주차장 지하1층","addr":"충청북도 제천시 바이오밸리로 171(왕암동)","sgg":"43150","cap":4783,"type":"공공용시설 / 지하","src":"localdata","asof":"2025-12-15"}},{"type":"Feature","geometry":{"type":"Point","coordinates":[128.20757,37.1472]},"properties":{"name":"청전덕일한마음아파트 지하주차장 지하1층","addr":"충청북도 제천시 칠성로 5(청전동, 청전덕일한마음아파트)","sgg":"43150","cap":3334,"type":"공공용시설 / 지하","src":"localdata","asof":"2025-12-15"}},{"type":"Feature","geometry":{"type":"Point","coordinates":[128.22194,37.15945]},"properties":{"name":"장락롯데캐슬아파트 지하주차장 지하1층","addr":"충청북도 제천시 신죽하로 83-24(장락동, 장락롯데캐슬)","sgg":"43150","cap":7345,"type":"공공용시설 / 지하","src":"localdata","asof":"2025-12-15"}},{"type":"Feature","geometry":{"type":"Point","coordinates":[128.2127,37.14245]},"properties":{"name":"유안타증권 금융센터 제천본부점 지하주차장 지하1층","addr":"충청북도 제천시 의림대로 167(의림동)","sgg":"43150","cap":1104,"type":"공공용시설 / 지하","src":"localdata","asof":"2025-12-15"}},{"type":"Feature","geometry":{"type":"Point","coordinates":[128.22309,37.14553]},"properties":{"name":"장락 엘크루힐즈 아파트 지하주차장 지하 1층","addr":"충청북도 제천시 내제로 339 (장락동, 장락 엘크루힐즈)","sgg":"43150","cap":7564,"type":"공공용시설 / 지하","src":"localdata","asof":"2026-02-03"}},{"type":"Feature","geometry":{"type":"Point","coordinates":[128.21811,37.13713]},"properties":{"name":"동현현대아파트 지하주차장 지하1층","addr":"충청북도 제천시 독순로 140(동현동, 동현현대아파트)","sgg":"43150","cap":908,"type":"공공용시설 / 지하","src":"localdata","asof":"2025-12-15"}},{"type":"Feature","geometry":{"type":"Point","coordinates":[128.21983,37.1489]},"properties":{"name":"성우한솔아파트 지하주차장 지하1층","addr":"충청북도 제천시 용두천로 257(청전동, 성우한솔아파트)","sgg":"43150","cap":1885,"type":"공공용시설 / 지하","src":"localdata","asof":"2025-12-15"}},{"type":"Feature","geometry":{"type":"Point","coordinates":[128.22665,37.15711]},"properties":{"name":"장락로즈웰아파트 지하주차장 지하1층","addr":"충청북도 제천시 장락로 169(장락동, 장락로즈웰아파트)","sgg":"43150","cap":1517,"type":"공공용시설 / 지하","src":"localdata","asof":"2025-12-15"}},{"type":"Feature","geometry":{"type":"Point","coordinates":[128.20978,37.1485]},"properties":{"name":"청전두진백로2차아파트 지하주차장 지하1층","addr":"충청북도 제천시 청전대로 100(청전동, 청전두진백로아파트2차)","sgg":"43150","cap":2227,"type":"공공용시설 / 지하","src":"localdata","asof":"2025-12-15"}},{"type":"Feature","geometry":{"type":"Point","coordinates":[128.20833,37.14636]},"properties":{"name":"청전두진백로1차아파트 지하주차장 지하1층","addr":"충청북도 제천시 칠성로 19(청전동, 청전두진백로아파트1차)","sgg":"43150","cap":2970,"type":"공공용시설 / 지하","src":"localdata","asof":"2025-12-15"}},{"type":"Feature","geometry":{"type":"Point","coordinates":[128.2108,37.13919]},"properties":{"name":"제천시민회관 지하1층","addr":"충청북도 제천시 의림대로 125, 제천시민회관 (중앙로2가)","sgg":"43150","cap":511,"type":"공공용시설 / 지하","src":"localdata","asof":"2025-12-15"}},{"type":"Feature","geometry":{"type":"Point","coordinates":[128.19475,37.13247]},"properties":{"name":"신원아침도시더퍼스트아파트 지하주차장 지하1층","addr":"충청북도 제천시 원뜰로 25(천남동, 제천 신원아침도시 더퍼스트)","sgg":"43150","cap":13504,"type":"공공용시설 / 지하","src":"localdata","asof":"2025-12-15"}},{"type":"Feature","geometry":{"type":"Point","coordinates":[127.71026,36.4805]},"properties":{"name":"보은국토관리사무소(지하 1층 회의실)","addr":"충청북도 보은군 보은읍 장신로 54, 보은국토관리사무소","sgg":"43720","cap":76,"type":"공공용시설 / 지하","src":"localdata","asof":"2026-02-11"}},{"type":"Feature","geometry":{"type":"Point","coordinates":[127.72591,36.48813]},"properties":{"name":"로얄팔레스(지하 1층 지하실)","addr":"충청북도 보은군 보은읍 뱃들로 29","sgg":"43720","cap":869,"type":"공공용시설 / 지하","src":"localdata","asof":"2026-02-11"}},{"type":"Feature","geometry":{"type":"Point","coordinates":[127.72946,36.48941]},"properties":{"name":"보은군청 서관(지하 1층 사무실)","addr":"충청북도 보은군 보은읍 군청길 38, 보은군청","sgg":"43720","cap":227,"type":"공공용시설 / 지하","src":"localdata","asof":"2026-02-11"}},{"type":"Feature","geometry":{"type":"Point","coordinates":[127.71349,36.4811]},"properties":{"name":"보은교육지원청(지하1층 회의실)","addr":"충청북도 보은군 보은읍 장신로 26, 보은교육지원청","sgg":"43720","cap":306,"type":"공공용시설 / 지하","src":"localdata","asof":"2026-02-11"}},{"type":"Feature","geometry":{"type":"Point","coordinates":[127.72946,36.48941]},"properties":{"name":"보은군청 본관(지하1층 복도)","addr":"충청북도 보은군 보은읍 군청길 38","sgg":"43720","cap":225,"type":"공공용시설 / 지하","src":"localdata","asof":"2026-02-09"}},{"type":"Feature","geometry":{"type":"Point","coordinates":[127.71836,36.48611]},"properties":{"name":"보은교회(지하1층 예배실)","addr":"충청북도 보은군 보은읍 보은로 134","sgg":"43720","cap":158,"type":"공공용시설 / 지하","src":"localdata","asof":"2026-02-11"}},{"type":"Feature","geometry":{"type":"Point","coordinates":[127.7129,36.48856]},"properties":{"name":"에스엠아파트(지하1층 지하실)","addr":"충청북도 보은군 보은읍 향교1길 8","sgg":"43720","cap":208,"type":"공공용시설 / 지하","src":"localdata","asof":"2026-02-11"}},{"type":"Feature","geometry":{"type":"Point","coordinates":[127.71703,36.49527]},"properties":{"name":"동진아파트(지하 1층 주차장)","addr":"충청북도 보은군 보은읍 보은로 235","sgg":"43720","cap":590,"type":"공공용시설 / 지하","src":"localdata","asof":"2026-02-09"}},{"type":"Feature","geometry":{"type":"Point","coordinates":[127.72122,36.48567]},"properties":{"name":"거성아파트(지하1층 주차장)","addr":"충청북도 보은군 보은읍 남부로 4515 (거성아파트)","sgg":"43720","cap":612,"type":"공공용시설 / 지하","src":"localdata","asof":"2026-02-09"}},{"type":"Feature","geometry":{"type":"Point","coordinates":[127.71086,36.48518]},"properties":{"name":"신한헤센아파트(지하주차장 1층)","addr":"충청북도 보은군 보은읍 보청대로 1966 (신한헤센아파트)","sgg":"43720","cap":9774,"type":"공공용시설 / 지하","src":"localdata","asof":"2026-02-11"}},{"type":"Feature","geometry":{"type":"Point","coordinates":[127.71661,36.48521]},"properties":{"name":"한국농어촌공사 보은지사(지하 사무실 1층)","addr":"충청북도 보은군 보은읍 교사삼산길 45, 한국농어촌공사보은지사","sgg":"43720","cap":315,"type":"공공용시설 / 지하","src":"localdata","asof":"2026-02-11"}},{"type":"Feature","geometry":{"type":"Point","coordinates":[127.7242,36.48393]},"properties":{"name":"대신센텀캐슬 지하1층 주차장","addr":"충청북도 보은군 보은읍 월송로 21-6 (대신센텀캐슬 아파트)","sgg":"43720","cap":1881,"type":"공공용시설 / 지하","src":"localdata","asof":"2026-02-09"}},{"type":"Feature","geometry":{"type":"Point","coordinates":[127.72619,36.48496]},"properties":{"name":"보은군공공실버주택(지하주차장 1층)","addr":"충청북도 보은군 보은읍 군청길 110-17 (보은군 공공실버주택(공동주택))","sgg":"43720","cap":742,"type":"공공용시설 / 지하","src":"localdata","asof":"2026-02-11"}},{"type":"Feature","geometry":{"type":"Point","coordinates":[127.71682,36.48835]},"properties":{"name":"보은중앙교회(지하1층 예배실)","addr":"충청북도 보은군 보은읍 보청대로 1899, 교회","sgg":"43720","cap":187,"type":"공공용시설 / 지하","src":"localdata","asof":"2026-02-11"}},{"type":"Feature","geometry":{"type":"Point","coordinates":[127.57073,36.29201]},"properties":{"name":"양우내안애 지하주차장 1층","addr":"충청북도 옥천군 옥천읍 마장로 20 (옥천양우내안애)","sgg":"43730","cap":6576,"type":"공공용시설 / 지하","src":"localdata","asof":"2026-05-10"}},{"type":"Feature","geometry":{"type":"Point","coordinates":[127.57983,36.29451]},"properties":{"name":"이안아파트 지하주차장 1층","addr":"충청북도 옥천군 옥천읍 장야4길 51","sgg":"43730","cap":8702,"type":"공공용시설 / 지하","src":"localdata","asof":"2026-05-10"}},{"type":"Feature","geometry":{"type":"Point","coordinates":[127.57832,36.31711]},"properties":{"name":"주은옥향아파트 지하주차장 1층","addr":"충청북도 옥천군 옥천읍 성왕로 1274 (옥향아파트)","sgg":"43730","cap":1719,"type":"공공용시설 / 지하","src":"localdata","asof":"2026-05-10"}},{"type":"Feature","geometry":{"type":"Point","coordinates":[127.58551,36.31362]},"properties":{"name":"퍼스트원이편한세상아파트 지하주차장","addr":"충청북도 옥천군 옥천읍 매동로 150 (e편한세상 옥천퍼스트원)","sgg":"43730","cap":17964,"type":"공공용시설 / 지하","src":"localdata","asof":"2026-05-10"}},{"type":"Feature","geometry":{"type":"Point","coordinates":[127.57464,36.30641]},"properties":{"name":"옥천읍 행정복지센터 구내식당 지하1층","addr":"충청북도 옥천군 옥천읍 동부로 15","sgg":"43730","cap":627,"type":"공공용시설 / 지하","src":"localdata","asof":"2026-05-10"}},{"type":"Feature","geometry":{"type":"Point","coordinates":[127.57709,36.30248]},"properties":{"name":"문정주공아파트 2단지 지하주차장 1층","addr":"충청북도 옥천군 옥천읍 문장로2길 9 (문정주공아파트)","sgg":"43730","cap":1462,"type":"공공용시설 / 지하","src":"localdata","asof":"2026-05-10"}},{"type":"Feature","geometry":{"type":"Point","coordinates":[127.57758,36.29583]},"properties":{"name":"장야주공아파트 1단지 지하공간","addr":"충청북도 옥천군 옥천읍 장야3길 9 (옥천장야주공(1)단지아파트)","sgg":"43730","cap":6198,"type":"공공용시설 / 지하","src":"localdata","asof":"2026-05-10"}},{"type":"Feature","geometry":{"type":"Point","coordinates":[127.57251,36.30346]},"properties":{"name":"대성진달래아파트 지하주차장 1층","addr":"충청북도 옥천군 옥천읍 관성로1길 18 (대성진달래아파트)","sgg":"43730","cap":2452,"type":"공공용시설 / 지하","src":"localdata","asof":"2026-05-10"}},{"type":"Feature","geometry":{"type":"Point","coordinates":[127.57712,36.30228]},"properties":{"name":"문정주공아파트 3단지 지하주차장 1층","addr":"충청북도 옥천군 옥천읍 문장로2길 10 (옥천문정주공(3)단지아파트)","sgg":"43730","cap":2247,"type":"공공용시설 / 지하","src":"localdata","asof":"2026-05-10"}},{"type":"Feature","geometry":{"type":"Point","coordinates":[127.56267,36.3001]},"properties":{"name":"지엘리베라움아파트 지하주차장 1층","addr":"충청북도 옥천군 옥천읍 양수로 25-7(옥천지엘리베라움아파트)","sgg":"43730","cap":11931,"type":"공공용시설 / 지하","src":"localdata","asof":"2026-05-10"}},{"type":"Feature","geometry":{"type":"Point","coordinates":[127.57026,36.2964]},"properties":{"name":"마암현대아파트 지하공간","addr":"충청북도 옥천군 옥천읍 성암1길 30 (현대아파트)","sgg":"43730","cap":1828,"type":"공공용시설 / 지하","src":"localdata","asof":"2026-05-10"}},{"type":"Feature","geometry":{"type":"Point","coordinates":[127.56201,36.30402]},"properties":{"name":"다산금빛아파트 지하주차장 1층","addr":"충청북도 옥천군 옥천읍 가화3길 10-1","sgg":"43730","cap":1538,"type":"공공용시설 / 지하","src":"localdata","asof":"2026-05-10"}},{"type":"Feature","geometry":{"type":"Point","coordinates":[127.56114,36.30377]},"properties":{"name":"가화현대아파트 지하공간","addr":"충청북도 옥천군 옥천읍 가화3길 18 (옥천가화현대아파트)","sgg":"43730","cap":2491,"type":"공공용시설 / 지하","src":"localdata","asof":"2026-05-10"}},{"type":"Feature","geometry":{"type":"Point","coordinates":[127.57427,36.30616]},"properties":{"name":"하늘빛아파트 지하주차장 1층","addr":"충청북도 옥천군 옥천읍 동부로 16 (하늘빛아파트)","sgg":"43730","cap":6500,"type":"공공용시설 / 지하","src":"localdata","asof":"2026-05-10"}},{"type":"Feature","geometry":{"type":"Point","coordinates":[127.57159,36.3061]},"properties":{"name":"옥천군청 충무시설 지하1층","addr":"충청북도 옥천군 옥천읍 중앙로 99","sgg":"43730","cap":321,"type":"공공용시설 / 지하","src":"localdata","asof":"2026-05-10"}},{"type":"Feature","geometry":{"type":"Point","coordinates":[127.78158,36.17497]},"properties":{"name":"서한감고을아파트 지하1층 주차장","addr":"충청북도 영동군 영동읍 구교로 8, 서한감고을아파트","sgg":"43740","cap":1680,"type":"공공용시설 / 지하","src":"localdata","asof":"2026-07-24"}},{"type":"Feature","geometry":{"type":"Point","coordinates":[127.77145,36.1795]},"properties":{"name":"더웰아파트(1차) 지하1층 주차장","addr":"충청북도 영동군 영동읍 상부용로 7-50 (영동 더웰 아파트)","sgg":"43740","cap":1662,"type":"공공용시설 / 지하","src":"localdata","asof":"2026-07-24"}},{"type":"Feature","geometry":{"type":"Point","coordinates":[127.70204,36.21158]},"properties":{"name":"영동국악체험촌 우리소리관","addr":"충청북도 영동군 심천면 국악로1길 33, 우리소리관","sgg":"43740","cap":667,"type":"공공용시설 / 지상","src":"localdata","asof":"2026-07-24"}},{"type":"Feature","geometry":{"type":"Point","coordinates":[127.77512,36.17906]},"properties":{"name":"영산타워 지하1층 주차장","addr":"충청북도 영동군 영동읍 영산로 48 (영산타워맨션)","sgg":"43740","cap":412,"type":"공공용시설 / 지하","src":"localdata","asof":"2026-07-24"}},{"type":"Feature","geometry":{"type":"Point","coordinates":[127.77182,36.17907]},"properties":{"name":"더웰아파트(2차) 지하1층 주차장","addr":"충청북도 영동군 영동읍 상부용로 20 (지평더웰∥아파트)","sgg":"43740","cap":2133,"type":"공공용시설 / 지하","src":"localdata","asof":"2026-07-24"}},{"type":"Feature","geometry":{"type":"Point","coordinates":[127.78688,36.17366]},"properties":{"name":"이든팰리스아파트 지하1층 주차장","addr":"충청북도 영동군 영동읍 동정로 56-12 (이든팰리스아파트)","sgg":"43740","cap":1885,"type":"공공용시설 / 지하","src":"localdata","asof":"2026-07-24"}},{"type":"Feature","geometry":{"type":"Point","coordinates":[127.78371,36.17446]},"properties":{"name":"영동군청 지하1층","addr":"충청북도 영동군 영동읍 동정로 1 (영동군청)","sgg":"43740","cap":252,"type":"공공용시설 / 지하","src":"localdata","asof":"2026-07-24"}},{"type":"Feature","geometry":{"type":"Point","coordinates":[127.78534,36.17567]},"properties":{"name":"현대아파트 지하1층 주차장","addr":"충청북도 영동군 영동읍 동정로 39-25","sgg":"43740","cap":450,"type":"공공용시설 / 지하","src":"localdata","asof":"2026-07-24"}},{"type":"Feature","geometry":{"type":"Point","coordinates":[127.78651,36.15635]},"properties":{"name":"영동복합문화예술회관 지하1층","addr":"충청북도 영동군 영동읍 영동힐링로 117, 영동복합문화예술회관","sgg":"43740","cap":975,"type":"공공용시설 / 지하","src":"localdata","asof":"2026-07-24"}},{"type":"Feature","geometry":{"type":"Point","coordinates":[127.78428,36.16127]},"properties":{"name":"영동와인터널","addr":"충청북도 영동군 영동읍 영동힐링로 30, 와인터널","sgg":"43740","cap":1385,"type":"공공용시설 / 지상","src":"localdata","asof":"2026-07-24"}},{"type":"Feature","geometry":{"type":"Point","coordinates":[127.77585,36.17774]},"properties":{"name":"영동경찰서(본관) 지하1층 주차장","addr":"충청북도 영동군 영동읍 영산로 32, 영동경찰서","sgg":"43740","cap":165,"type":"공공용시설 / 지하","src":"localdata","asof":"2026-07-24"}},{"type":"Feature","geometry":{"type":"Point","coordinates":[127.44028,36.87023]},"properties":{"name":"남해오네뜨아파트 지하주차장 1층","addr":"충청북도 진천군 진천읍 장관2길 159(남해 오네뜨)","sgg":"43750","cap":5490,"type":"공공용시설 / 지하","src":"localdata","asof":"2026-02-07"}},{"type":"Feature","geometry":{"type":"Point","coordinates":[127.53906,36.90651]},"properties":{"name":"영무2차아파트 지하주차장 1층","addr":"충청북도 진천군 덕산읍 대하로 195(충북혁신도시 영무예다음 2차아파트)","sgg":"43750","cap":2059,"type":"공공용시설 / 지하","src":"localdata","asof":"2026-02-06"}},{"type":"Feature","geometry":{"type":"Point","coordinates":[127.45542,36.86611]},"properties":{"name":"우주동백3차아파트 지하주차장 1층","addr":"충청북도 진천군 진천읍 덕금로 55(동백3차아파트)","sgg":"43750","cap":2060,"type":"공공용시설 / 지하","src":"localdata","asof":"2026-02-07"}},{"type":"Feature","geometry":{"type":"Point","coordinates":[127.54224,36.90388]},"properties":{"name":"모아엘가더테라스아파트 지하주차장 1층","addr":"충청북도 진천군 덕산읍 대월로 127 (모아엘가 더 테라스아파트)","sgg":"43750","cap":2273,"type":"공공용시설 / 지하","src":"localdata","asof":"2026-02-06"}},{"type":"Feature","geometry":{"type":"Point","coordinates":[127.53599,36.90359]},"properties":{"name":"우미린스테이아파트 지하주차장 1층","addr":"충청북도 진천군 덕산읍 대하로 150(뉴스테이 우미린 아파트)","sgg":"43750","cap":5326,"type":"공공용시설 / 지하","src":"localdata","asof":"2026-02-06"}},{"type":"Feature","geometry":{"type":"Point","coordinates":[127.51267,36.91216]},"properties":{"name":"진천우방아이유쉘아파트 지하주차장 1층","addr":"충청북도 진천군 덕산읍 덕금로 842(진천 우방아이유쉘아파트)","sgg":"43750","cap":1972,"type":"공공용시설 / 지하","src":"localdata","asof":"2026-02-07"}},{"type":"Feature","geometry":{"type":"Point","coordinates":[127.53496,36.89755]},"properties":{"name":"한국교육과정평가원 지하주차장 1층","addr":"충청북도 진천군 덕산읍 교학로 8, 한국교육과정평가원","sgg":"43750","cap":1863,"type":"공공용시설 / 지하","src":"localdata","asof":"2026-02-06"}},{"type":"Feature","geometry":{"type":"Point","coordinates":[127.4356,36.85481]},"properties":{"name":"진천군청 본관 지하 1층","addr":"충청북도 진천군 진천읍 상산로 13, 진천군청","sgg":"43750","cap":862,"type":"공공용시설 / 지하","src":"localdata","asof":"2026-02-07"}},{"type":"Feature","geometry":{"type":"Point","coordinates":[127.44444,36.85796]},"properties":{"name":"진도쇼핑 지하주차장 1층","addr":"충청북도 진천군 진천읍 중앙동로 91","sgg":"43750","cap":714,"type":"공공용시설 / 지하","src":"localdata","asof":"2026-03-20"}},{"type":"Feature","geometry":{"type":"Point","coordinates":[127.52658,36.90165]},"properties":{"name":"센텀클래스아파트 지하주차장 1층","addr":"충청북도 진천군 덕산읍 연미로 63(충북혁신도시센텀클래스)","sgg":"43750","cap":5250,"type":"공공용시설 / 지하","src":"localdata","asof":"2026-02-06"}},{"type":"Feature","geometry":{"type":"Point","coordinates":[127.44122,36.85176]},"properties":{"name":"교성주공아파트 지하주차장 1층","addr":"충청북도 진천군 진천읍 중앙서로 89(진천교성 주공아파트)","sgg":"43750","cap":7934,"type":"공공용시설 / 지하","src":"localdata","asof":"2026-06-09"}},{"type":"Feature","geometry":{"type":"Point","coordinates":[127.43913,36.85957]},"properties":{"name":"진천종합버스터미널 지하주차장 1층","addr":"충청북도 진천군 진천읍 중앙북1길 3, 진천터미널","sgg":"43750","cap":1322,"type":"공공용시설 / 지하","src":"localdata","asof":"2026-03-20"}},{"type":"Feature","geometry":{"type":"Point","coordinates":[127.44664,36.862]},"properties":{"name":"진천우림필유아파트 지하주차장 1층","addr":"충청북도 진천군 진천읍 대촌1길 16(진천우림필유 아파트)","sgg":"43750","cap":3517,"type":"공공용시설 / 지하","src":"localdata","asof":"2026-02-07"}},{"type":"Feature","geometry":{"type":"Point","coordinates":[127.50943,36.91325]},"properties":{"name":"덕산읍사무소 지하 1층","addr":"충청북도 진천군 덕산읍 덕금로 829, 덕산읍 행정복지센터","sgg":"43750","cap":120,"type":"공공용시설 / 지하","src":"localdata","asof":"2026-03-19"}},{"type":"Feature","geometry":{"type":"Point","coordinates":[127.37687,36.88377]},"properties":{"name":"백곡면사무소 지하 1층","addr":"충청북도 진천군 백곡면 장터길 15-10, 백곡면행정복지센터","sgg":"43750","cap":61,"type":"공공용시설 / 지하","src":"localdata","asof":"2026-02-07"}},{"type":"Feature","geometry":{"type":"Point","coordinates":[127.4458,36.85254]},"properties":{"name":"대명루첸아파트 지하주차장 1층","addr":"충청북도 진천군 진천읍 문화2길 36(진천 1차 대명루첸 아파트)","sgg":"43750","cap":1976,"type":"공공용시설 / 지하","src":"localdata","asof":"2026-02-07"}},{"type":"Feature","geometry":{"type":"Point","coordinates":[127.52821,36.90392]},"properties":{"name":"천년나무4단지 지하주차장 1층","addr":"충청북도 진천군 덕산읍 연미로 87(천년나무 4단지)","sgg":"43750","cap":3659,"type":"공공용시설 / 지하","src":"localdata","asof":"2026-02-06"}},{"type":"Feature","geometry":{"type":"Point","coordinates":[127.4361,36.9929]},"properties":{"name":"광혜원면사무소 지하 1층","addr":"충청북도 진천군 광혜원면 화랑길 86, 광혜원면사무소","sgg":"43750","cap":275,"type":"공공용시설 / 지하","src":"localdata","asof":"2026-02-07"}},{"type":"Feature","geometry":{"type":"Point","coordinates":[127.43793,36.87048]},"properties":{"name":"사랑으로 부영1차아파트 지하주차장 1층","addr":"충청북도 진천군 진천읍 장관2길 139(사랑으로부영1차아파트)","sgg":"43750","cap":2257,"type":"공공용시설 / 지하","src":"localdata","asof":"2026-02-10"}},{"type":"Feature","geometry":{"type":"Point","coordinates":[127.5332,36.90114]},"properties":{"name":"아모리움내안애아파트 지하주차장 1층","addr":"충청북도 진천군 덕산읍 대하로 114 (아모리움 내안애)","sgg":"43750","cap":3334,"type":"공공용시설 / 지하","src":"localdata","asof":"2026-02-06"}},{"type":"Feature","geometry":{"type":"Point","coordinates":[127.43959,36.87041]},"properties":{"name":"우주동백2차아파트 지하주차장 1층","addr":"충청북도 진천군 진천읍 장관2길 153(우주동백2차아파트)","sgg":"43750","cap":1322,"type":"공공용시설 / 지하","src":"localdata","asof":"2026-02-07"}},{"type":"Feature","geometry":{"type":"Point","coordinates":[127.53073,36.90694]},"properties":{"name":"천년나무7단지 지하주차장 1층","addr":"충청북도 진천군 덕산읍 연미로 131(천년나무7단지)","sgg":"43750","cap":2966,"type":"공공용시설 / 지하","src":"localdata","asof":"2026-02-06"}},{"type":"Feature","geometry":{"type":"Point","coordinates":[127.43701,36.86177]},"properties":{"name":"벽암휴먼시아아파트 지하주차장 1층","addr":"충청북도 진천군 진천읍 문화로 237-19(진천벽암휴먼시아)","sgg":"43750","cap":3289,"type":"공공용시설 / 지하","src":"localdata","asof":"2026-02-07"}},{"type":"Feature","geometry":{"type":"Point","coordinates":[127.4476,36.85685]},"properties":{"name":"진천복합커뮤니티센터 지하주차장 1층","addr":"충청북도 진천군 진천읍 남산10길 29, 진천복합커뮤니티센터","sgg":"43750","cap":2574,"type":"공공용시설 / 지하","src":"localdata","asof":"2026-06-10"}},{"type":"Feature","geometry":{"type":"Point","coordinates":[127.54432,36.90271]},"properties":{"name":"정보통신산업진흥원 지하주차장 1층","addr":"충청북도 진천군 덕산읍 정통로 10, 정보통신산업진흥원","sgg":"43750","cap":2692,"type":"공공용시설 / 지하","src":"localdata","asof":"2026-06-19"}},{"type":"Feature","geometry":{"type":"Point","coordinates":[127.53975,36.90576]},"properties":{"name":"동일하이빌파크테라스 지하주차장 2층","addr":"충청북도 진천군 덕산읍 대하로 194 (충북혁신도시동일하이빌 파크테라스아파트)","sgg":"43750","cap":26071,"type":"공공용시설 / 지하","src":"localdata","asof":"2026-06-19"}},{"type":"Feature","geometry":{"type":"Point","coordinates":[127.538,36.9084]},"properties":{"name":"진천복합혁신센터 지하주차장 1층","addr":"충청북도 진천군 덕산읍 대하로 203, 충북혁신도시 복합혁신센터","sgg":"43750","cap":1523,"type":"공공용시설 / 지하","src":"localdata","asof":"2026-06-19"}},{"type":"Feature","geometry":{"type":"Point","coordinates":[127.43575,36.99084]},"properties":{"name":"광혜원코아루아파트 지하주차장 1층","addr":"충청북도 진천군 광혜원면 구암길 11(광혜원 코아루 아파트)","sgg":"43750","cap":1754,"type":"공공용시설 / 지하","src":"localdata","asof":"2026-02-07"}},{"type":"Feature","geometry":{"type":"Point","coordinates":[127.42716,36.92983]},"properties":{"name":"진천금호어울림센트럴파크아파트","addr":"충청북도 진천군 이월면 송림1길 19 (금호어울림센트럴파크)","sgg":"43750","cap":12198,"type":"공공용시설 / 지하","src":"localdata","asof":"2026-06-12"}},{"type":"Feature","geometry":{"type":"Point","coordinates":[127.44135,36.85473]},"properties":{"name":"진천읍사무소 지하주차장 1층","addr":"충청북도 진천군 진천읍 상산로 65, 진천읍행정복지센터","sgg":"43750","cap":165,"type":"공공용시설 / 지하","src":"localdata","asof":"2026-02-07"}},{"type":"Feature","geometry":{"type":"Point","coordinates":[127.43989,36.87296]},"properties":{"name":"사랑으로 부영2차아파트 지하주차장 1층","addr":"충청북도 진천군 진천읍 진광로 97-13(진천장관사랑으로부영2차)","sgg":"43750","cap":2748,"type":"공공용시설 / 지하","src":"localdata","asof":"2026-02-10"}},{"type":"Feature","geometry":{"type":"Point","coordinates":[127.45693,36.847]},"properties":{"name":"영화블렌하임아파트 지하주차장 1층","addr":"충청북도 진천군 진천읍 농다리로 1422(진천 영화 블렌하임 아파트)","sgg":"43750","cap":2560,"type":"공공용시설 / 지하","src":"localdata","asof":"2026-02-07"}},{"type":"Feature","geometry":{"type":"Point","coordinates":[127.53,36.90118]},"properties":{"name":"영무1차아파트 지하주차장 1층","addr":"충청북도 진천군 덕산읍 대하로 87(영무예다음)","sgg":"43750","cap":2736,"type":"공공용시설 / 지하","src":"localdata","asof":"2026-02-06"}},{"type":"Feature","geometry":{"type":"Point","coordinates":[127.42892,36.92539]},"properties":{"name":"이월면사무소 지하 1층","addr":"충청북도 진천군 이월면 진광로 729, 이월면행정복지센터","sgg":"43750","cap":89,"type":"공공용시설 / 지하","src":"localdata","asof":"2026-05-19"}},{"type":"Feature","geometry":{"type":"Point","coordinates":[127.45059,36.86082]},"properties":{"name":"생거진천전통시장 지하주차장  1층","addr":"충청북도 진천군 진천읍 원덕로 390, 생거진천전통시장","sgg":"43750","cap":3671,"type":"공공용시설 / 지하","src":"localdata","asof":"2026-02-07"}},{"type":"Feature","geometry":{"type":"Point","coordinates":[127.79026,36.80054]},"properties":{"name":"문무아파트 2단지 지하1층주차장","addr":"충청북도 괴산군 괴산읍 읍내로 194","sgg":"43760","cap":4410,"type":"공공용시설 / 지하","src":"localdata","asof":"2025-12-15"}},{"type":"Feature","geometry":{"type":"Point","coordinates":[127.78667,36.81499]},"properties":{"name":"괴산군청 지하1층","addr":"충청북도 괴산군 괴산읍 임꺽정로 90, 괴산군청","sgg":"43760","cap":694,"type":"공공용시설 / 지하","src":"localdata","asof":"2025-12-15"}},{"type":"Feature","geometry":{"type":"Point","coordinates":[127.7941,36.80536]},"properties":{"name":"괴산 동부주공아파트(모든 동의 지하1층)","addr":"충청북도 괴산군 괴산읍 남산1길 25(동부주공아파트)","sgg":"43760","cap":2000,"type":"공공용시설 / 지하","src":"localdata","asof":"2025-12-15"}},{"type":"Feature","geometry":{"type":"Point","coordinates":[127.79026,36.80054]},"properties":{"name":"문무아파트 1단지 지하1층주차장","addr":"충청북도 괴산군 괴산읍 읍내로 194","sgg":"43760","cap":3273,"type":"공공용시설 / 지하","src":"localdata","asof":"2025-12-15"}},{"type":"Feature","geometry":{"type":"Point","coordinates":[127.79142,36.81151]},"properties":{"name":"괴산읍 행정문화센터","addr":"충청북도 괴산군 괴산읍 읍내로13길 50","sgg":"43760","cap":2153,"type":"공공용시설 / 지하","src":"localdata","asof":"2025-12-15"}},{"type":"Feature","geometry":{"type":"Point","coordinates":[127.80177,36.81522]},"properties":{"name":"중원대학교 산학연구동 지하1,2층주차장","addr":"충청북도 괴산군 괴산읍 문무로 85, 중원대학교(산학연구동)","sgg":"43760","cap":5711,"type":"공공용시설 / 지하","src":"localdata","asof":"2025-12-15"}},{"type":"Feature","geometry":{"type":"Point","coordinates":[127.78215,36.79823]},"properties":{"name":"두진백로 아파트 지하1층주차장","addr":"충청북도 괴산군 괴산읍 읍내로 111-1, 두진백로아파트","sgg":"43760","cap":1907,"type":"공공용시설 / 지하","src":"localdata","asof":"2025-12-15"}},{"type":"Feature","geometry":{"type":"Point","coordinates":[127.78806,36.80858]},"properties":{"name":"태광아파트 지하1층주차장","addr":"충청북도 괴산군 괴산읍 읍내로4길 51 (태광아파트)","sgg":"43760","cap":2390,"type":"공공용시설 / 지하","src":"localdata","asof":"2025-12-15"}},{"type":"Feature","geometry":{"type":"Point","coordinates":[127.79659,36.80798]},"properties":{"name":"괴산군 보건소 지하1층","addr":"충청북도 괴산군 괴산읍 동진천길 43, 괴산군보건소","sgg":"43760","cap":706,"type":"공공용시설 / 지하","src":"localdata","asof":"2025-12-15"}},{"type":"Feature","geometry":{"type":"Point","coordinates":[127.7973,36.80985]},"properties":{"name":"괴산농협본점 지하1층","addr":"충청북도 괴산군 괴산읍 읍내로16길 19, 농협","sgg":"43760","cap":1772,"type":"공공용시설 / 지하","src":"localdata","asof":"2025-12-15"}},{"type":"Feature","geometry":{"type":"Point","coordinates":[127.64503,37.11152]},"properties":{"name":"덕일한마음아파트 지하주차장 1층","addr":"충청북도 음성군 감곡면 음성로 2650-22 (감곡덕일한마음아파트)","sgg":"43770","cap":2313,"type":"공공용시설 / 지하","src":"localdata","asof":"2026-04-29"}},{"type":"Feature","geometry":{"type":"Point","coordinates":[127.68869,36.92091]},"properties":{"name":"금광포란재아파트 지하주차장 1층","addr":"충청북도 음성군 음성읍 반기문로 45-15","sgg":"43770","cap":9985,"type":"공공용시설 / 지하","src":"localdata","asof":"2026-04-29"}},{"type":"Feature","geometry":{"type":"Point","coordinates":[127.58876,36.99249]},"properties":{"name":"유수장미아파트 지하주차장 1층","addr":"충청북도 음성군 금왕읍 무극로 243-8(유수장미아파트)","sgg":"43770","cap":5777,"type":"공공용시설 / 지하","src":"localdata","asof":"2026-04-29"}},{"type":"Feature","geometry":{"type":"Point","coordinates":[127.69423,36.93177]},"properties":{"name":"음성삼보아파트 지하주차장 1층","addr":"충청북도 음성군 음성읍 시장로 45(삼보아파트)","sgg":"43770","cap":3688,"type":"공공용시설 / 지하","src":"localdata","asof":"2026-04-29"}},{"type":"Feature","geometry":{"type":"Point","coordinates":[127.53951,36.909]},"properties":{"name":"충북혁신영무예다음3차아파트 지하주차장 1층","addr":"충청북도 음성군 맹동면 장성1길 9 (충북혁신도시영무예다음3차)","sgg":"43770","cap":27907,"type":"공공용시설 / 지하","src":"localdata","asof":"2026-04-29"}},{"type":"Feature","geometry":{"type":"Point","coordinates":[127.49956,36.96531]},"properties":{"name":"음성대소두진하트리움아파트 지하주차장 1층","addr":"충청북도 음성군 대소읍 대금로 552-12 (대소두진하트리움)","sgg":"43770","cap":17058,"type":"공공용시설 / 지하","src":"localdata","asof":"2026-04-29"}},{"type":"Feature","geometry":{"type":"Point","coordinates":[127.60442,36.99217]},"properties":{"name":"음성금왕시티프라디움아파트 지하주차장 1층","addr":"충청북도 음성군 금왕읍 대금로 1557-14 (음성금왕시티프라디움)","sgg":"43770","cap":23794,"type":"공공용시설 / 지하","src":"localdata","asof":"2026-04-29"}},{"type":"Feature","geometry":{"type":"Point","coordinates":[127.59801,36.99282]},"properties":{"name":"금왕주공3차아파트 지하주차장 1층","addr":"충청북도 음성군 금왕읍 무극로324번길 15(금왕3단지주공아파트)","sgg":"43770","cap":2459,"type":"공공용시설 / 지하","src":"localdata","asof":"2026-04-29"}},{"type":"Feature","geometry":{"type":"Point","coordinates":[127.51221,36.96974]},"properties":{"name":"이안음성대소아파트 지하주차장 1층","addr":"충청북도 음성군 대소읍 대금로 686-1 (이안음성대소아파트)","sgg":"43770","cap":20182,"type":"공공용시설 / 지하","src":"localdata","asof":"2026-04-29"}},{"type":"Feature","geometry":{"type":"Point","coordinates":[127.64587,37.10944]},"properties":{"name":"음성감곡휴먼시아아파트 지하주차장 1층","addr":"충청북도 음성군 감곡면 오향로 31(음성감곡휴먼시아)","sgg":"43770","cap":1888,"type":"공공용시설 / 지하","src":"localdata","asof":"2026-04-29"}},{"type":"Feature","geometry":{"type":"Point","coordinates":[127.49516,37.0193]},"properties":{"name":"음성삼성휴먼시아아파트 101동 지하주차장 1층","addr":"충청북도 음성군 삼성면 덕정로 29-7(음성삼성휴먼시아)","sgg":"43770","cap":2073,"type":"공공용시설 / 지하","src":"localdata","asof":"2026-04-29"}},{"type":"Feature","geometry":{"type":"Point","coordinates":[127.69084,36.93949]},"properties":{"name":"음성군청 지하1층","addr":"충청북도 음성군 음성읍 중앙로 173, 음성군청","sgg":"43770","cap":221,"type":"공공용시설 / 지하","src":"localdata","asof":"2026-04-29"}},{"type":"Feature","geometry":{"type":"Point","coordinates":[127.69967,36.92944]},"properties":{"name":"음성코아루아파트 지하주차장 1층","addr":"충청북도 음성군 음성읍 한불로 15 (음성코아루아파트)","sgg":"43770","cap":9155,"type":"공공용시설 / 지하","src":"localdata","asof":"2026-04-29"}},{"type":"Feature","geometry":{"type":"Point","coordinates":[127.60395,36.99208]},"properties":{"name":"음성금석LH아파트 지하주차장 1층","addr":"충청북도 음성군 금왕읍 대금로 1557-13(음성금석엘에이치아파트)","sgg":"43770","cap":10233,"type":"공공용시설 / 지하","src":"localdata","asof":"2026-04-29"}},{"type":"Feature","geometry":{"type":"Point","coordinates":[127.6897,36.93298]},"properties":{"name":"음성지평더웰2차아파트 지하주차장 1층","addr":"충청북도 음성군 음성읍 설성공원길 33-9(음성지평더웰2차아파트)","sgg":"43770","cap":3718,"type":"공공용시설 / 지하","src":"localdata","asof":"2026-04-29"}},{"type":"Feature","geometry":{"type":"Point","coordinates":[127.49638,36.96391]},"properties":{"name":"대소웰메이드타운아파트 지하주차장 1층","addr":"충청북도 음성군 대소읍 대화1길 44-8 (대소 웰메이드타운)","sgg":"43770","cap":10884,"type":"공공용시설 / 지하","src":"localdata","asof":"2026-04-29"}},{"type":"Feature","geometry":{"type":"Point","coordinates":[127.53952,36.91162]},"properties":{"name":"LH쌍용예가2단지 지하주차장 1층","addr":"충청북도 음성군 맹동면 사예로 20(엘에이치쌍용예가)","sgg":"43770","cap":23808,"type":"공공용시설 / 지하","src":"localdata","asof":"2026-04-29"}},{"type":"Feature","geometry":{"type":"Point","coordinates":[127.59442,36.98763]},"properties":{"name":"금왕두진하트리움3차아파트 지하주차장 1층","addr":"충청북도 음성군 금왕읍 대금로 1458-5 (음성금왕두진하트리움)","sgg":"43770","cap":7728,"type":"공공용시설 / 지하","src":"localdata","asof":"2026-04-29"}},{"type":"Feature","geometry":{"type":"Point","coordinates":[127.69002,36.93215]},"properties":{"name":"음성지평더웰1차아파트 지하주차장 1층","addr":"충청북도 음성군 음성읍 설성공원길 23-7 (음성지평더웰아파트)","sgg":"43770","cap":7247,"type":"공공용시설 / 지하","src":"localdata","asof":"2026-04-29"}},{"type":"Feature","geometry":{"type":"Point","coordinates":[127.44972,36.99022]},"properties":{"name":"대소부영아파트 지하주차장 1층","addr":"충청북도 음성군 대소읍 대청로 17 (부영사랑으로)","sgg":"43770","cap":4385,"type":"공공용시설 / 지하","src":"localdata","asof":"2026-04-29"}},{"type":"Feature","geometry":{"type":"Point","coordinates":[127.69094,36.92755]},"properties":{"name":"음성신천휴먼시아아파트 지하주차장 1층","addr":"충청북도 음성군 음성읍 중앙로40번길 16 (음성신천휴먼시아)","sgg":"43770","cap":2943,"type":"공공용시설 / 지하","src":"localdata","asof":"2026-04-29"}},{"type":"Feature","geometry":{"type":"Point","coordinates":[127.54321,36.91381]},"properties":{"name":"충북혁신도시센트레빌아파트 지하주차장 1층","addr":"충청북도 음성군 맹동면 학예로 55(엘에이치이노밸리)","sgg":"43770","cap":25705,"type":"공공용시설 / 지하","src":"localdata","asof":"2026-04-29"}},{"type":"Feature","geometry":{"type":"Point","coordinates":[127.54444,36.9149]},"properties":{"name":"충북혁신천년나무1단지아파트 지하주차장 1층","addr":"충청북도 음성군 맹동면 이수로 31 (천년나무1단지)","sgg":"43770","cap":10577,"type":"공공용시설 / 지하","src":"localdata","asof":"2026-04-29"}},{"type":"Feature","geometry":{"type":"Point","coordinates":[128.37012,36.98577]},"properties":{"name":"성원아파트 지하주차장 1~2층","addr":"충청북도 단양군 단양읍 별곡7길 12, 지하1층 (성원아파트)","sgg":"43800","cap":2673,"type":"공공용시설 / 지하","src":"localdata","asof":"2026-04-29"}},{"type":"Feature","geometry":{"type":"Point","coordinates":[128.36636,36.98568]},"properties":{"name":"단양교육지원청 지하시설 1층","addr":"충청북도 단양군 단양읍 중앙1로 15, 민방위대피시설 지하1층","sgg":"43800","cap":86,"type":"공공용시설 / 지하","src":"localdata","asof":"2026-04-29"}},{"type":"Feature","geometry":{"type":"Point","coordinates":[128.35799,36.97813]},"properties":{"name":"두진아파트 지하시설 1층","addr":"충청북도 단양군 단양읍 상진2로 17, 101동 지하1층 (두진아파트)","sgg":"43800","cap":165,"type":"공공용시설 / 지하","src":"localdata","asof":"2026-04-29"}},{"type":"Feature","geometry":{"type":"Point","coordinates":[128.36321,36.98863]},"properties":{"name":"신성미소지움 아파트 지하주차장 1층","addr":"충청북도 단양군 단양읍 별곡3로 39-16, 103동 지하1층 (신성단양미소지움)","sgg":"43800","cap":3652,"type":"공공용시설 / 지하","src":"localdata","asof":"2026-04-29"}},{"type":"Feature","geometry":{"type":"Point","coordinates":[128.30903,37.02605]},"properties":{"name":"(주)한일시멘트 사택 지하시설 1층","addr":"충청북도 단양군 매포읍 평동로 7, 민방위대피시설 한일시멘트공업(주)단양공장, 지하1층","sgg":"43800","cap":495,"type":"공공용시설 / 지하","src":"localdata","asof":"2026-04-29"}},{"type":"Feature","geometry":{"type":"Point","coordinates":[128.36325,36.97736]},"properties":{"name":"소노문 단양 지하주차장 1~2층","addr":"충청북도 단양군 단양읍 삼봉로 187-17, 민방위대피시설 지하1층","sgg":"43800","cap":8719,"type":"공공용시설 / 지하","src":"localdata","asof":"2026-04-29"}},{"type":"Feature","geometry":{"type":"Point","coordinates":[128.32178,36.93667]},"properties":{"name":"단성어울림공간 지하시설 1층","addr":"충청북도 단양군 단성면 상방4길 8, 단성어울림공간","sgg":"43800","cap":253,"type":"공공용시설 / 지하","src":"localdata","asof":"2026-04-29"}},{"type":"Feature","geometry":{"type":"Point","coordinates":[128.33292,37.01804]},"properties":{"name":"주식회사 성신양회 지하시설 1층","addr":"충청북도 단양군 매포읍 매포길 18, 민방위대피시설(성신양회제1공장) 지하1층","sgg":"43800","cap":353,"type":"공공용시설 / 지하","src":"localdata","asof":"2026-04-29"}},{"type":"Feature","geometry":{"type":"Point","coordinates":[128.35207,36.92204]},"properties":{"name":"대강면사무소 지하시설 1층","addr":"충청북도 단양군 대강면 대강로 74, ,지하1층 민방위대피시설","sgg":"43800","cap":176,"type":"공공용시설 / 지하","src":"localdata","asof":"2026-04-29"}},{"type":"Feature","geometry":{"type":"Point","coordinates":[128.36999,36.9851]},"properties":{"name":"부강아파트 지하주차장 1층","addr":"충청북도 단양군 단양읍 별곡7길 4, 지하1층 (부강아파트)","sgg":"43800","cap":661,"type":"공공용시설 / 지하","src":"localdata","asof":"2026-04-29"}},{"type":"Feature","geometry":{"type":"Point","coordinates":[128.29592,37.03065]},"properties":{"name":"태양드림빌 아파트 지하주차장 1층","addr":"충청북도 단양군 매포읍 평동38길 19, 101동 지하1층 (단양태양드림빌아파트)","sgg":"43800","cap":3575,"type":"공공용시설 / 지하","src":"localdata","asof":"2026-04-29"}},{"type":"Feature","geometry":{"type":"Point","coordinates":[128.31397,37.02641]},"properties":{"name":"주식회사 한일시멘트 지하주차장 1층","addr":"충청북도 단양군 매포읍 매포길 245, 민방위대피시설(한일시멘트단양공장) 지하1층","sgg":"43800","cap":300,"type":"공공용시설 / 지하","src":"localdata","asof":"2026-04-29"}},{"type":"Feature","geometry":{"type":"Point","coordinates":[128.29753,37.03369]},"properties":{"name":"한라아파트 지하주차장 1층","addr":"충청북도 단양군 매포읍 평동4로 126, 지하1층 (평동한라아파트)","sgg":"43800","cap":1388,"type":"공공용시설 / 지하","src":"localdata","asof":"2026-04-29"}},{"type":"Feature","geometry":{"type":"Point","coordinates":[128.37092,36.98546]},"properties":{"name":"다누리센터 지하주차장","addr":"충청북도 단양군 단양읍 수변로 111, 민방위대피시설 지하2층","sgg":"43800","cap":4942,"type":"공공용시설 / 지하","src":"localdata","asof":"2026-04-29"}},{"type":"Feature","geometry":{"type":"Point","coordinates":[128.35941,36.9781]},"properties":{"name":"코아루해피트리아파트 지하주차장 1층","addr":"충청북도 단양군 단양읍 상진2로 31, 104동 지하1층 (코아루아파트)","sgg":"43800","cap":5318,"type":"공공용시설 / 지하","src":"localdata","asof":"2026-04-29"}},{"type":"Feature","geometry":{"type":"Point","coordinates":[128.3659,36.98527]},"properties":{"name":"단양군청 지하상황실 1층","addr":"충청북도 단양군 단양읍 중앙1로 10, 민방위대피시설 지하1층","sgg":"43800","cap":476,"type":"공공용시설 / 지상","src":"localdata","asof":"2026-04-29"}},{"type":"Feature","geometry":{"type":"Point","coordinates":[128.36642,36.98135]},"properties":{"name":"단양 e편한세상 리버비스타 지하","addr":"충청북도 단양군 단양읍 군청로 21 (e편한세상 단양 리버비스타)","sgg":"43800","cap":10983,"type":"공공용시설 / 지하","src":"localdata","asof":"2026-04-29"}},{"type":"Feature","geometry":{"type":"Point","coordinates":[127.57489,36.78888]},"properties":{"name":"증평송산지구 칸타빌아파트 지하주차장 1층","addr":"충청북도 증평군 증평읍 송산로 36","sgg":"43745","cap":5220,"type":"공공용시설 / 지하","src":"localdata","asof":"2026-02-10"}},{"type":"Feature","geometry":{"type":"Point","coordinates":[127.57939,36.78493]},"properties":{"name":"파라디아1차아파트 지하주차장 1층","addr":"충청북도 증평군 증평읍 충청대로 1746(파라디아아파트)","sgg":"43745","cap":4763,"type":"공공용시설 / 지하","src":"localdata","asof":"2026-02-10"}},{"type":"Feature","geometry":{"type":"Point","coordinates":[127.58133,36.79239]},"properties":{"name":"대광로제비앙아파트 지하주차장 1층","addr":"충청북도 증평군 증평읍 송산로 105(송산 대광로제비앙)","sgg":"43745","cap":8879,"type":"공공용시설 / 지하","src":"localdata","asof":"2026-02-10"}},{"type":"Feature","geometry":{"type":"Point","coordinates":[127.57645,36.79001]},"properties":{"name":"송산휴먼시아2단지아파트 지하주차장 1층","addr":"충청북도 증평군 증평읍 송산로 53(송산휴먼시아 2단지)","sgg":"43745","cap":1987,"type":"공공용시설 / 지하","src":"localdata","asof":"2026-02-10"}},{"type":"Feature","geometry":{"type":"Point","coordinates":[127.59284,36.7837]},"properties":{"name":"삼일무지개아파트 지하주차장 1층","addr":"충청북도 증평군 증평읍 진지내6길 20(삼일무지개아파트)","sgg":"43745","cap":240,"type":"공공용시설 / 지하","src":"localdata","asof":"2026-02-10"}},{"type":"Feature","geometry":{"type":"Point","coordinates":[127.59,36.79068]},"properties":{"name":"대성베르힐리오파크아파트 지하주차장 1층","addr":"충청북도 증평군 증평읍 북부두름길 80(대성베르힐리오파크아파트)","sgg":"43745","cap":11349,"type":"공공용시설 / 지하","src":"localdata","asof":"2026-02-10"}},{"type":"Feature","geometry":{"type":"Point","coordinates":[127.59027,36.79379]},"properties":{"name":"증평코아루휴티스 아파트 지하주차장 1층","addr":"충청북도 증평군 증평읍 미암로 59 (코아루휴티스아파트)","sgg":"43745","cap":6822,"type":"공공용시설 / 지하","src":"localdata","asof":"2026-02-10"}},{"type":"Feature","geometry":{"type":"Point","coordinates":[127.57468,36.78917]},"properties":{"name":"송산휴먼시아1단지아파트 지하주차장 1층","addr":"충청북도 증평군 증평읍 송산로 35(증평송산1휴먼시아)","sgg":"43745","cap":1720,"type":"공공용시설 / 지하","src":"localdata","asof":"2026-02-10"}},{"type":"Feature","geometry":{"type":"Point","coordinates":[127.56809,36.77607]},"properties":{"name":"한라비발디아파트 지하주차장 1층","addr":"충청북도 증평군 증평읍 초중6길 8(한라비발디아파트)","sgg":"43745","cap":6164,"type":"공공용시설 / 지하","src":"localdata","asof":"2026-02-10"}},{"type":"Feature","geometry":{"type":"Point","coordinates":[127.58368,36.78054]},"properties":{"name":"동진아파트 지하주차장 1층","addr":"충청북도 증평군 증평읍 삼일로5길 4(동진아파트)","sgg":"43745","cap":300,"type":"공공용시설 / 지하","src":"localdata","asof":"2026-02-10"}},{"type":"Feature","geometry":{"type":"Point","coordinates":[127.57302,36.78911]},"properties":{"name":"지평더웰아파트 지하주차장 1층","addr":"충청북도 증평군 증평읍 송산로 11(지평더웰아파트)","sgg":"43745","cap":2566,"type":"공공용시설 / 지하","src":"localdata","asof":"2026-02-10"}},{"type":"Feature","geometry":{"type":"Point","coordinates":[127.58338,36.79205]},"properties":{"name":"송산LH천년나무3단지아파트 지하주차장 1층","addr":"충청북도 증평군 증평읍 송산로4길 14(송산 LH천년나무3단지)","sgg":"43745","cap":1065,"type":"공공용시설 / 지하","src":"localdata","asof":"2026-02-10"}},{"type":"Feature","geometry":{"type":"Point","coordinates":[127.57424,36.78858]},"properties":{"name":"증평송산LH5단지아파트 지하주차장 1층","addr":"충청북도 증평군 증평읍 송산로 30, 증평송산LH5단지 지하층","sgg":"43745","cap":3894,"type":"공공용시설 / 지하","src":"localdata","asof":"2026-02-10"}},{"type":"Feature","geometry":{"type":"Point","coordinates":[127.58202,36.78548]},"properties":{"name":"증평군청 별관 지하 1층","addr":"충청북도 증평군 증평읍 광장로 88, 증평군청","sgg":"43745","cap":210,"type":"공공용시설 / 지하","src":"localdata","asof":"2026-02-10"}},{"type":"Feature","geometry":{"type":"Point","coordinates":[127.58232,36.84504]},"properties":{"name":"블랙스톤벨포레리조트 클럽하우스 지하주차장 1층","addr":"충청북도 증평군 도안면 벨포레길 346, 클럽하우스","sgg":"43745","cap":589,"type":"공공용시설 / 지하","src":"localdata","asof":"2026-02-10"}},{"type":"Feature","geometry":{"type":"Point","coordinates":[127.57451,36.78337]},"properties":{"name":"파라디아2차아파트 지하주차장 1층","addr":"충청북도 증평군 증평읍 창신로 8-1(파라디아2차아파트)","sgg":"43745","cap":1978,"type":"공공용시설 / 지하","src":"localdata","asof":"2026-02-10"}},{"type":"Feature","geometry":{"type":"Point","coordinates":[127.58698,36.78677]},"properties":{"name":"삼일아파트 지하주차장 1층","addr":"충청북도 증평군 증평읍 장뜰로 110(삼일아파트)","sgg":"43745","cap":3466,"type":"공공용시설 / 지하","src":"localdata","asof":"2026-02-10"}},{"type":"Feature","geometry":{"type":"Point","coordinates":[127.46004,36.64349]},"properties":{"name":"봉명베리굿2차 지하주차장 1~3층","addr":"충청북도 청주시 흥덕구 직지대로 605 (봉명동)","sgg":"43113","cap":3442,"type":"공공용시설 / 지하","src":"localdata","asof":"2026-04-29"}},{"type":"Feature","geometry":{"type":"Point","coordinates":[127.50809,36.62294]},"properties":{"name":"수정아파트 101동 옆 지하주차장 1층","addr":"충청북도 청주시 상당구 꽃산동로 40 (금천동, 수정아파트)","sgg":"43111","cap":2815,"type":"공공용시설 / 지하","src":"localdata","asof":"2026-04-29"}},{"type":"Feature","geometry":{"type":"Point","coordinates":[127.38114,36.67094]},"properties":{"name":"흥덕코오롱하늘채아파트 전체 동의 지하주차장 1층","addr":"충청북도 청주시 흥덕구 옥산면 가락길 60 (코오롱하늘채)","sgg":"43113","cap":29883,"type":"공공용시설 / 지하","src":"localdata","asof":"2026-04-29"}},{"type":"Feature","geometry":{"type":"Point","coordinates":[127.45126,36.63303]},"properties":{"name":"삼보맨션(지하주차장)","addr":"충청북도 청주시 흥덕구 내수동로33번길 6 (복대동, 삼보맨숀)","sgg":"43113","cap":294,"type":"공공용시설 / 지하","src":"localdata","asof":"2026-04-29"}},{"type":"Feature","geometry":{"type":"Point","coordinates":[127.46205,36.64204]},"properties":{"name":"아이제이포커스 전체 동의 지하주차장 1~2층","addr":"충청북도 청주시 흥덕구 1순환로 571 (봉명동, IJFOCUS)","sgg":"43113","cap":2296,"type":"공공용시설 / 지하","src":"localdata","asof":"2026-04-29"}},{"type":"Feature","geometry":{"type":"Point","coordinates":[127.36068,36.62198]},"properties":{"name":"신성미소지움아파트 전체 동의 지하주차장 1~2층","addr":"충청북도 청주시 흥덕구 강내면 탑연1길 8 (신성미소지움아파트)","sgg":"43113","cap":10652,"type":"공공용시설 / 지하","src":"localdata","asof":"2026-04-29"}},{"type":"Feature","geometry":{"type":"Point","coordinates":[127.47395,36.61546]},"properties":{"name":"두진하트리움아파트 A~C 지하주차장 1층","addr":"충청북도 청주시 서원구 수곡로 36 (수곡동, 두진하트리움아파트)","sgg":"43112","cap":9605,"type":"공공용시설 / 지하","src":"localdata","asof":"2026-04-29"}},{"type":"Feature","geometry":{"type":"Point","coordinates":[127.46866,36.62375]},"properties":{"name":"두산한솔2차아파트 201동 지하주차장 1층","addr":"충청북도 청주시 서원구 모충로26번길 60 (개신동, 두산한솔2차아파트)","sgg":"43112","cap":2570,"type":"공공용시설 / 지하","src":"localdata","asof":"2026-04-29"}},{"type":"Feature","geometry":{"type":"Point","coordinates":[127.5106,36.60977]},"properties":{"name":"덕성그린타운아파트 전체 동의 지하주차장 1층","addr":"충청북도 청주시 상당구 용암로 3 (용암동, 덕성그린타운)","sgg":"43111","cap":5250,"type":"공공용시설 / 지하","src":"localdata","asof":"2026-04-29"}},{"type":"Feature","geometry":{"type":"Point","coordinates":[127.48837,36.63448]},"properties":{"name":"청주시청 임시청사 지하 1층","addr":"충청북도 청주시 상당구 상당로69번길 38, 청주시청 임시청사 (북문로1가)","sgg":"43111","cap":771,"type":"공공용시설 / 지하","src":"localdata","asof":"2026-04-29"}},{"type":"Feature","geometry":{"type":"Point","coordinates":[127.47822,36.65625]},"properties":{"name":"삼일아파트 전체 동의 지하주차장 1층","addr":"충청북도 청주시 청원구 1순환로341번길 50 (내덕동, 삼일아파트)","sgg":"43114","cap":1987,"type":"공공용시설 / 지하","src":"localdata","asof":"2026-04-29"}},{"type":"Feature","geometry":{"type":"Point","coordinates":[127.43907,36.63743]},"properties":{"name":"대원아파트 전체 동의 지하주차장 1층","addr":"충청북도 청주시 흥덕구 죽천로146번길 7 (복대동, 대원칸타빌아파트)","sgg":"43113","cap":13840,"type":"공공용시설 / 지하","src":"localdata","asof":"2026-04-29"}},{"type":"Feature","geometry":{"type":"Point","coordinates":[127.42568,36.70836]},"properties":{"name":"중앙하이츠빌아파트(전체 동의 지하주차장 1층)","addr":"충청북도 청주시 청원구 오창읍 오창중앙로 32 (중앙하이츠빌아파트)","sgg":"43114","cap":4415,"type":"공공용시설 / 지하","src":"localdata","asof":"2026-04-29"}},{"type":"Feature","geometry":{"type":"Point","coordinates":[127.42582,36.63662]},"properties":{"name":"영조아름다운나날아파트 제2, 제3 지하주차장의 1층","addr":"충청북도 청주시 흥덕구 증안로 21 (복대동, 영조아름다운나날1차아파트)","sgg":"43113","cap":13396,"type":"공공용시설 / 지하","src":"localdata","asof":"2026-04-29"}},{"type":"Feature","geometry":{"type":"Point","coordinates":[127.54834,36.55297]},"properties":{"name":"청남농협 가덕지점","addr":"충청북도 청주시 상당구 가덕면 보청대로 4647","sgg":"43111","cap":398,"type":"공공용시설 / 지하","src":"localdata","asof":"2026-04-29"}},{"type":"Feature","geometry":{"type":"Point","coordinates":[127.47744,36.64684]},"properties":{"name":"오성빌딩 지하주차장 1층","addr":"충청북도 청주시 흥덕구 사운로 204 (운천동, 오성빌딩)","sgg":"43113","cap":506,"type":"공공용시설 / 지하","src":"localdata","asof":"2026-06-25"}},{"type":"Feature","geometry":{"type":"Point","coordinates":[127.50102,36.60155]},"properties":{"name":"중흥S클래스아파트 전체 동의 지하주차장 1~2층","addr":"충청북도 청주시 상당구 단재로 312 (방서동, 방서중흥에스클래스)","sgg":"43111","cap":76335,"type":"공공용시설 / 지하","src":"localdata","asof":"2026-04-29"}},{"type":"Feature","geometry":{"type":"Point","coordinates":[127.47329,36.61156]},"properties":{"name":"청주현진에버빌아파트 전체 동의 지하주차장 1층","addr":"충청북도 청주시 서원구 탑골로 6 (산남동, 청주현진에버빌아파트)","sgg":"43112","cap":12536,"type":"공공용시설 / 지하","src":"localdata","asof":"2026-04-29"}},{"type":"Feature","geometry":{"type":"Point","coordinates":[127.49137,36.6736]},"properties":{"name":"청주율량2LH2단지아파트 전체 동의 지하1층","addr":"충청북도 청주시 청원구 율량로 47 (주중동)","sgg":"43114","cap":21409,"type":"공공용시설 / 지하","src":"localdata","asof":"2026-04-29"}},{"type":"Feature","geometry":{"type":"Point","coordinates":[127.42925,36.71428]},"properties":{"name":"양청지하보도 지하 1층(온천 로하스파 인근)","addr":"충청북도 청주시 청원구 오창읍 중심상업로 39 (오창온천)","sgg":"43114","cap":191,"type":"공공용시설 / 지하","src":"localdata","asof":"2026-04-29"}},{"type":"Feature","geometry":{"type":"Point","coordinates":[127.44353,36.62617]},"properties":{"name":"세원아파트(복대2동)(지하주차장)","addr":"충청북도 청주시 흥덕구 장구봉로101번길 45 (복대동, 세원아파트)","sgg":"43113","cap":1321,"type":"공공용시설 / 지하","src":"localdata","asof":"2026-04-29"}},{"type":"Feature","geometry":{"type":"Point","coordinates":[127.4719,36.61881]},"properties":{"name":"한마음1차아파트 101동,102동 사이 지하주차장 1층","addr":"충청북도 청주시 서원구 수곡로 78 (수곡동, 한마음1차아파트)","sgg":"43112","cap":2950,"type":"공공용시설 / 지하","src":"localdata","asof":"2026-04-29"}},{"type":"Feature","geometry":{"type":"Point","coordinates":[127.50925,36.63579]},"properties":{"name":"가좌마을용담 e편한세상아파트(지하주차장)","addr":"충청북도 청주시 상당구 호미로 330 (용담동, 가좌마을용담이-편한세상)","sgg":"43111","cap":2927,"type":"공공용시설 / 지하","src":"localdata","asof":"2026-04-29"}},{"type":"Feature","geometry":{"type":"Point","coordinates":[127.46855,36.63966]},"properties":{"name":"한국국토정보공사 충북지역본부 건물 지하주차장 1층","addr":"충청북도 청주시 서원구 예체로 149, 한국국토정보공사 충북지역본부 (사창동)","sgg":"43112","cap":163,"type":"공공용시설 / 지하","src":"localdata","asof":"2026-04-29"}},{"type":"Feature","geometry":{"type":"Point","coordinates":[127.4492,36.63281]},"properties":{"name":"덕성그린아파트(지하주차장(1,2층))","addr":"충청북도 청주시 흥덕구 신율로180번길 34 (복대동, 덕성그린아파트)","sgg":"43113","cap":2359,"type":"공공용시설 / 지하","src":"localdata","asof":"2026-04-29"}},{"type":"Feature","geometry":{"type":"Point","coordinates":[127.45423,36.64386]},"properties":{"name":"리치먼드시티 지하주차장 1~2층","addr":"충청북도 청주시 흥덕구 직지대로 551 (봉명동)","sgg":"43113","cap":5558,"type":"공공용시설 / 지하","src":"localdata","asof":"2026-06-19"}},{"type":"Feature","geometry":{"type":"Point","coordinates":[127.46903,36.59757]},"properties":{"name":"청주가마힐데스하임아파트 전체 동의 지하주차장 1~2층","addr":"충청북도 청주시 서원구 남이면 2순환로 1717 (청주가마힐데스하임)","sgg":"43112","cap":48638,"type":"공공용시설 / 지하","src":"localdata","asof":"2026-04-29"}},{"type":"Feature","geometry":{"type":"Point","coordinates":[127.48921,36.63883]},"properties":{"name":"중앙상가아파트 남동 지하주차장 1층","addr":"충청북도 청주시 상당구 중앙로 18 (북문로2가, 중앙상가 아파트)","sgg":"43111","cap":2021,"type":"공공용시설 / 지하","src":"localdata","asof":"2026-04-29"}},{"type":"Feature","geometry":{"type":"Point","coordinates":[127.43717,36.63352]},"properties":{"name":"현대1차아파트 전체 동의 지하주차장 1층","addr":"충청북도 청주시 흥덕구 대신로10번길 16-3 (복대동, 현대1차아파트)","sgg":"43113","cap":7397,"type":"공공용시설 / 지하","src":"localdata","asof":"2026-04-29"}},{"type":"Feature","geometry":{"type":"Point","coordinates":[127.48605,36.62852]},"properties":{"name":"신일아파트 지하주차장 2~3층","addr":"충청북도 청주시 상당구 상당로5번길 89 (남주동, 신일아파트)","sgg":"43111","cap":3093,"type":"공공용시설 / 지하","src":"localdata","asof":"2026-04-29"}},{"type":"Feature","geometry":{"type":"Point","coordinates":[127.45391,36.64138]},"properties":{"name":"SK뷰자이아파트 전체 동의 지하주차장 2층","addr":"충청북도 청주시 흥덕구 월명로 76 (봉명동, 청주 SK VIEW 자이)","sgg":"43113","cap":37625,"type":"공공용시설 / 지하","src":"localdata","asof":"2026-04-29"}},{"type":"Feature","geometry":{"type":"Point","coordinates":[127.42247,36.63193]},"properties":{"name":"계룡리슈빌2차아파트 전체 동의 지하주차장 1층","addr":"충청북도 청주시 흥덕구 비하로57번길 37 (비하동, 비하계룡리슈빌2차아파트)","sgg":"43113","cap":1526,"type":"공공용시설 / 지하","src":"localdata","asof":"2026-04-29"}},{"type":"Feature","geometry":{"type":"Point","coordinates":[127.51204,36.61032]},"properties":{"name":"세원한아름아파트 전체 동의 지하주차장 1층","addr":"충청북도 청주시 상당구 무농정로 90 (용암동, 용암 세원 한아름 아파트)","sgg":"43111","cap":16110,"type":"공공용시설 / 지하","src":"localdata","asof":"2026-04-29"}},{"type":"Feature","geometry":{"type":"Point","coordinates":[127.48556,36.66806]},"properties":{"name":"율량농협 옆 지하도 지하1층","addr":"충청북도 청주시 청원구 공항로 122, 인근 (율량동)","sgg":"43114","cap":280,"type":"공공용시설 / 지하","src":"localdata","asof":"2026-04-29"}},{"type":"Feature","geometry":{"type":"Point","coordinates":[127.45168,36.64335]},"properties":{"name":"테크노S타워 지하주차장 1층","addr":"충청북도 청주시 흥덕구 직지대로 530 (송정동, 청주테크노S타워)","sgg":"43113","cap":3166,"type":"공공용시설 / 지하","src":"localdata","asof":"2026-05-07"}},{"type":"Feature","geometry":{"type":"Point","coordinates":[127.42346,36.71352]},"properties":{"name":"오창한신더휴센트럴파크(전체 동의 지하주차장1~4층)","addr":"충청북도 청주시 청원구 오창읍 오창공원로 96 (한신 더 휴 센트럴파크)","sgg":"43114","cap":55191,"type":"공공용시설 / 지하","src":"localdata","asof":"2026-06-13"}},{"type":"Feature","geometry":{"type":"Point","coordinates":[127.4012,36.5214]},"properties":{"name":"꽃동네대학교 C동 도서관 지하1층","addr":"충청북도 청주시 서원구 현도면 상삼길 133 (꽃동네대학교)","sgg":"43112","cap":707,"type":"공공용시설 / 지하","src":"localdata","asof":"2026-04-29"}},{"type":"Feature","geometry":{"type":"Point","coordinates":[127.32947,36.62883]},"properties":{"name":"경남아너스빌아파트 전체 동의 지하주차장 1층","addr":"충청북도 청주시 흥덕구 오송읍 오송생명5로 201 (오송 경남아너스빌)","sgg":"43113","cap":14545,"type":"공공용시설 / 지하","src":"localdata","asof":"2026-04-29"}},{"type":"Feature","geometry":{"type":"Point","coordinates":[127.45041,36.7377]},"properties":{"name":"오창부영7단지아파트(전체 동의 지하주차장 1층)","addr":"충청북도 청주시 청원구 오창읍 2산단4로 60 (충북오창사랑으로부영7단지)","sgg":"43114","cap":2943,"type":"공공용시설 / 지하","src":"localdata","asof":"2026-04-29"}},{"type":"Feature","geometry":{"type":"Point","coordinates":[127.47042,36.65597]},"properties":{"name":"두진백로아파트 전체 동의 지하주차장 1층","addr":"충청북도 청주시 흥덕구 사운로324번길 14 (신봉동, 두진백로아파트)","sgg":"43113","cap":3399,"type":"공공용시설 / 지하","src":"localdata","asof":"2026-06-25"}},{"type":"Feature","geometry":{"type":"Point","coordinates":[127.51123,36.6602]},"properties":{"name":"율량LH9단지아파트 전체동의 지하주차장 지하1층","addr":"충청북도 청주시 청원구 율중로7번길 77 (율량동, 청주율량2엘에이치9단지아파트)","sgg":"43114","cap":19350,"type":"공공용시설 / 지하","src":"localdata","asof":"2026-04-29"}},{"type":"Feature","geometry":{"type":"Point","coordinates":[127.43514,36.63502]},"properties":{"name":"삼일아파트 전체 동의 지하주차장 1층","addr":"충청북도 청주시 흥덕구 증안로 108 (복대동, 하복대삼일아파트)","sgg":"43113","cap":5197,"type":"공공용시설 / 지하","src":"localdata","asof":"2026-04-29"}},{"type":"Feature","geometry":{"type":"Point","coordinates":[127.36836,36.65919]},"properties":{"name":"옥산금정아파트 전체 동의 지하주차장 1층","addr":"충청북도 청주시 흥덕구 옥산면 오송가락로 752 (옥산금정아파트)","sgg":"43113","cap":1551,"type":"공공용시설 / 지하","src":"localdata","asof":"2026-04-29"}},{"type":"Feature","geometry":{"type":"Point","coordinates":[127.38965,36.67569]},"properties":{"name":"청주리버파크자이 전체 동의 지하주차장 1층","addr":"충청북도 청주시 흥덕구 옥산면 오송가락로 1056(청주리버파크자이)","sgg":"43113","cap":80556,"type":"공공용시설 / 지하","src":"localdata","asof":"2026-04-29"}},{"type":"Feature","geometry":{"type":"Point","coordinates":[127.49306,36.60992]},"properties":{"name":"주은프레지던트아파트 전체 동의 지하주차장 1층","addr":"충청북도 청주시 서원구 1순환로1137번길 79 (분평동, 주은프레지던트아파트)","sgg":"43112","cap":11328,"type":"공공용시설 / 지하","src":"localdata","asof":"2026-04-29"}},{"type":"Feature","geometry":{"type":"Point","coordinates":[127.43199,36.63622]},"properties":{"name":"현대2차아파트 전체 동의 지하주차장 1~2층","addr":"충청북도 청주시 흥덕구 증안로 77 (복대동, 현대2차아파트)","sgg":"43113","cap":21765,"type":"공공용시설 / 지하","src":"localdata","asof":"2026-04-29"}},{"type":"Feature","geometry":{"type":"Point","coordinates":[127.50639,36.6306]},"properties":{"name":"장자마을e그린2차아파트 전체 동의 지하주차장 1층","addr":"충청북도 청주시 상당구 수영로 294 (금천동, 장자마을부영e그린타운2차아파트)","sgg":"43111","cap":3807,"type":"공공용시설 / 지하","src":"localdata","asof":"2026-04-29"}},{"type":"Feature","geometry":{"type":"Point","coordinates":[127.44145,36.62129]},"properties":{"name":"동부아파트 전체 동의 지하주차장 1층","addr":"충청북도 청주시 흥덕구 가경로 64 (가경동)","sgg":"43113","cap":1955,"type":"공공용시설 / 지하","src":"localdata","asof":"2026-04-29"}},{"type":"Feature","geometry":{"type":"Point","coordinates":[127.49819,36.6622]},"properties":{"name":"청주힐즈파크푸르지오(지하주차장(1~2층))","addr":"충청북도 청주시 청원구 1순환로 123(내덕동, 청주힐즈파크푸르지오)","sgg":"43114","cap":32981,"type":"공공용시설 / 지하","src":"localdata","asof":"2026-04-29"}},{"type":"Feature","geometry":{"type":"Point","coordinates":[127.42517,36.61889]},"properties":{"name":"대림e-편한세상 아파트 전체 동의 지하주차장 1~2층","addr":"충청북도 청주시 흥덕구 서현북로 15 (가경동, 대림e편한세상아파트)","sgg":"43113","cap":28143,"type":"공공용시설 / 지하","src":"localdata","asof":"2026-04-29"}},{"type":"Feature","geometry":{"type":"Point","coordinates":[127.44693,36.62571]},"properties":{"name":"신라빌라(지하주차장(1,2층))","addr":"충청북도 청주시 흥덕구 신율로 87 (복대동, 신라빌라)","sgg":"43113","cap":1652,"type":"공공용시설 / 지하","src":"localdata","asof":"2026-04-29"}},{"type":"Feature","geometry":{"type":"Point","coordinates":[127.47167,36.6075]},"properties":{"name":"부영사랑으로아파트 전체 동의 지하주차장 1층","addr":"충청북도 청주시 서원구 원흥로 14 (산남동, 부영사랑으로)","sgg":"43112","cap":21860,"type":"공공용시설 / 지하","src":"localdata","asof":"2026-04-29"}},{"type":"Feature","geometry":{"type":"Point","coordinates":[127.43967,36.61584]},"properties":{"name":"주공6단지아파트 전체 동의 지하주차장 1층","addr":"충청북도 청주시 흥덕구 2순환로1375번길 23 (가경동)","sgg":"43113","cap":3309,"type":"공공용시설 / 지하","src":"localdata","asof":"2026-04-29"}},{"type":"Feature","geometry":{"type":"Point","coordinates":[127.49021,36.63944]},"properties":{"name":"덕일빌딩 지하주차장 1층","addr":"충청북도 청주시 상당구 상당로 126 (북문로2가, 수협은행)","sgg":"43111","cap":714,"type":"공공용시설 / 지하","src":"localdata","asof":"2026-04-29"}},{"type":"Feature","geometry":{"type":"Point","coordinates":[127.50939,36.625]},"properties":{"name":"덕성아파트 전체 동의 지하주차장 1층","addr":"충청북도 청주시 상당구 꽃산동로 15-1 (금천동, 덕성아파트)","sgg":"43111","cap":1736,"type":"공공용시설 / 지하","src":"localdata","asof":"2026-04-29"}},{"type":"Feature","geometry":{"type":"Point","coordinates":[127.43223,36.62619]},"properties":{"name":"대우메가폴리스 지하주차장 1~3층","addr":"충청북도 청주시 흥덕구 풍산로 15, 대우 메가폴리스 (가경동)","sgg":"43113","cap":30366,"type":"공공용시설 / 지하","src":"localdata","asof":"2026-04-29"}},{"type":"Feature","geometry":{"type":"Point","coordinates":[127.48656,36.65077]},"properties":{"name":"청원구청 지하1층 민방위교육장","addr":"충청북도 청주시 청원구 직지대로 871 (우암동, 청원구청)","sgg":"43114","cap":470,"type":"공공용시설 / 지하","src":"localdata","asof":"2026-04-29"}},{"type":"Feature","geometry":{"type":"Point","coordinates":[127.32588,36.63008]},"properties":{"name":"모아미래도아파트 전체 동의 지하주차장 1층","addr":"충청북도 청주시 흥덕구 오송읍 오송생명3로 87 (모아미래도아파트)","sgg":"43113","cap":20507,"type":"공공용시설 / 지하","src":"localdata","asof":"2026-04-29"}},{"type":"Feature","geometry":{"type":"Point","coordinates":[127.47903,36.63553]},"properties":{"name":"교보생명 지하1층","addr":"충청북도 청주시 서원구 사직대로 284 (사직동, 교보생명)","sgg":"43112","cap":1159,"type":"공공용시설 / 지하","src":"localdata","asof":"2026-04-29"}},{"type":"Feature","geometry":{"type":"Point","coordinates":[127.50059,36.62946]},"properties":{"name":"탑클래스아파트 105동 지하주차장 1층","addr":"충청북도 청주시 상당구 산성로 55 (탑동, 탑클래스아파트)","sgg":"43111","cap":4356,"type":"공공용시설 / 지하","src":"localdata","asof":"2026-04-29"}},{"type":"Feature","geometry":{"type":"Point","coordinates":[127.48567,36.63636]},"properties":{"name":"홈플러스 지하매장 1~2층","addr":"충청북도 청주시 상당구 사직대로 346, 홈플러스 (서문동)","sgg":"43111","cap":9445,"type":"공공용시설 / 지하","src":"localdata","asof":"2026-04-29"}},{"type":"Feature","geometry":{"type":"Point","coordinates":[127.42571,36.6387]},"properties":{"name":"두진하트리움아파트 전체 동의 지하주차장 1~2층","addr":"충청북도 청주시 흥덕구 죽천로 27 (복대동, 복대두진하트리움)","sgg":"43113","cap":15164,"type":"공공용시설 / 지하","src":"localdata","asof":"2026-04-29"}},{"type":"Feature","geometry":{"type":"Point","coordinates":[127.50891,36.63564]},"properties":{"name":"가좌마을 부영2단지아파트(지하주차장)","addr":"충청북도 청주시 상당구 호미로 329 (용담동, 가좌마을2단지부영아파트)","sgg":"43111","cap":2640,"type":"공공용시설 / 지하","src":"localdata","asof":"2026-04-29"}},{"type":"Feature","geometry":{"type":"Point","coordinates":[127.45757,36.66721]},"properties":{"name":"테크노폴리스우미린아파트 전체 동의 지하1층","addr":"충청북도 청주시 흥덕구 송화로214번길 29 (송절동, 테크노폴리스우미린)","sgg":"43113","cap":43004,"type":"공공용시설 / 지하","src":"localdata","asof":"2026-04-29"}},{"type":"Feature","geometry":{"type":"Point","coordinates":[127.42626,36.70832]},"properties":{"name":"코아루아파트(전체 동의 지하주차장 1층)","addr":"충청북도 청주시 청원구 오창읍 오창중앙로 27 (코아루아파트)","sgg":"43114","cap":3129,"type":"공공용시설 / 지하","src":"localdata","asof":"2026-04-29"}},{"type":"Feature","geometry":{"type":"Point","coordinates":[127.50094,36.61709]},"properties":{"name":"삼일아파트 102,103동 지하주차장 1층","addr":"충청북도 청주시 상당구 수영로 136 (영운동)","sgg":"43111","cap":1740,"type":"공공용시설 / 지하","src":"localdata","asof":"2026-04-29"}},{"type":"Feature","geometry":{"type":"Point","coordinates":[127.42053,36.63575]},"properties":{"name":"서청주파크자이 전체 동의 지하주차장 2층","addr":"충청북도 청주시 흥덕구 2순환로 1106 (비하동, 서청주파크자이)","sgg":"43113","cap":31127,"type":"공공용시설 / 지하","src":"localdata","asof":"2026-04-29"}},{"type":"Feature","geometry":{"type":"Point","coordinates":[127.50842,36.62326]},"properties":{"name":"뉴타운아파트 104동,105동사이 지하주차장 1층","addr":"충청북도 청주시 상당구 꽃산동로 41 (금천동, 금천 뉴타운 아파트)","sgg":"43111","cap":3284,"type":"공공용시설 / 지하","src":"localdata","asof":"2026-04-29"}},{"type":"Feature","geometry":{"type":"Point","coordinates":[127.42587,36.62047]},"properties":{"name":"대원칸타빌아파트 전체 동의 지하주차장 1~2층","addr":"충청북도 청주시 흥덕구 서현서로 39 (가경동)","sgg":"43113","cap":20825,"type":"공공용시설 / 지하","src":"localdata","asof":"2026-04-29"}},{"type":"Feature","geometry":{"type":"Point","coordinates":[127.44702,36.62497]},"properties":{"name":"보성하이츠빌라(지하주차장)","addr":"충청북도 청주시 흥덕구 신율로 77 (복대동, 보성아파트)","sgg":"43113","cap":660,"type":"공공용시설 / 지하","src":"localdata","asof":"2026-04-29"}},{"type":"Feature","geometry":{"type":"Point","coordinates":[127.47852,36.61283]},"properties":{"name":"계룡리슈빌2단지아파트 전체 동의 지하주차장 1층","addr":"충청북도 청주시 서원구 매봉로 28 (분평동, 계룡리슈빌2단지아파트)","sgg":"43112","cap":6648,"type":"공공용시설 / 지하","src":"localdata","asof":"2026-04-29"}},{"type":"Feature","geometry":{"type":"Point","coordinates":[127.50514,36.5896]},"properties":{"name":"상당구청 지하주차장 1층","addr":"충청북도 청주시 상당구 남일면 단재로 466, (상당구청)","sgg":"43111","cap":5705,"type":"공공용시설 / 지하","src":"localdata","asof":"2026-04-29"}},{"type":"Feature","geometry":{"type":"Point","coordinates":[127.43157,36.62549]},"properties":{"name":"청주시외버스터미널 지하주차장 1층","addr":"충청북도 청주시 흥덕구 풍산로 6 (가경동)","sgg":"43113","cap":661,"type":"공공용시설 / 지하","src":"localdata","asof":"2026-04-29"}},{"type":"Feature","geometry":{"type":"Point","coordinates":[127.42609,36.62082]},"properties":{"name":"한라비발디아파트 전체 동의 지하주차장 1~2층","addr":"충청북도 청주시 흥덕구 서현서로 40 (가경동)","sgg":"43113","cap":27499,"type":"공공용시설 / 지하","src":"localdata","asof":"2026-04-29"}},{"type":"Feature","geometry":{"type":"Point","coordinates":[127.48143,36.67006]},"properties":{"name":"율량 성원아파트 전체동의 지하주차장 지하1~2층","addr":"충청북도 청주시 청원구 주성로132번길 10 (율량동, 성원상떼빌)","sgg":"43114","cap":4065,"type":"공공용시설 / 지하","src":"localdata","asof":"2026-04-29"}},{"type":"Feature","geometry":{"type":"Point","coordinates":[127.49086,36.60859]},"properties":{"name":"분평9단지대원아파트 전체 동의 지하주차장 1층","addr":"충청북도 청주시 서원구 분평로 49(분평동, 대원아파트)","sgg":"43112","cap":12981,"type":"공공용시설 / 지하","src":"localdata","asof":"2026-04-29"}},{"type":"Feature","geometry":{"type":"Point","coordinates":[127.42824,36.64034]},"properties":{"name":"신영지웰홈스아파트 전체 동의 지하주차장 1~2층","addr":"충청북도 청주시 흥덕구 진재로103번길 37 (복대동, 신영지웰홈스아파트)","sgg":"43113","cap":23056,"type":"공공용시설 / 지하","src":"localdata","asof":"2026-04-29"}},{"type":"Feature","geometry":{"type":"Point","coordinates":[127.47825,36.66583]},"properties":{"name":"사천 신동아아파트 전체동의 지하주차장 지하1층","addr":"충청북도 청주시 청원구 율봉로 77 (사천동, 신동아아파트)","sgg":"43114","cap":5412,"type":"공공용시설 / 지하","src":"localdata","asof":"2026-04-29"}},{"type":"Feature","geometry":{"type":"Point","coordinates":[127.43062,36.61561]},"properties":{"name":"가경아이파크2단지아파트 전체 동의 지하주차장 1~2층","addr":"충청북도 청주시 흥덕구 서현로 68(가경동, 청주가경아이파크 2단지)","sgg":"43113","cap":23600,"type":"공공용시설 / 지하","src":"localdata","asof":"2026-04-29"}},{"type":"Feature","geometry":{"type":"Point","coordinates":[127.46821,36.62516]},"properties":{"name":"두진백로1차아파트 101동 지하주차장 1층","addr":"충청북도 청주시 서원구 모충로 38 (개신동, 두진백로아파트)","sgg":"43112","cap":2069,"type":"공공용시설 / 지하","src":"localdata","asof":"2026-04-29"}},{"type":"Feature","geometry":{"type":"Point","coordinates":[127.42164,36.63023]},"properties":{"name":"계룡리슈빌1차아파트 전체 동의 지하주차장 1층","addr":"충청북도 청주시 흥덕구 가로수로1131번길 101 (비하동, 계룡리슈빌아파트)","sgg":"43113","cap":2409,"type":"공공용시설 / 지하","src":"localdata","asof":"2026-04-29"}},{"type":"Feature","geometry":{"type":"Point","coordinates":[127.53288,36.72137]},"properties":{"name":"청주시온숲속의아침뷰아파트","addr":"충청북도 청주시 청원구 내수읍 청암로 16 (청주 시온 숲속의 아침)","sgg":"43114","cap":22253,"type":"공공용시설 / 지하","src":"localdata","asof":"2026-04-29"}},{"type":"Feature","geometry":{"type":"Point","coordinates":[127.47106,36.63669]},"properties":{"name":"서원구청 지하2층 민방위교육장","addr":"충청북도 청주시 서원구 사직대로 227 (사직동)","sgg":"43112","cap":374,"type":"공공용시설 / 지하","src":"localdata","asof":"2026-04-29"}},{"type":"Feature","geometry":{"type":"Point","coordinates":[127.44106,36.62199]},"properties":{"name":"태암수정아파트 전체 동의 지하주차장 1층","addr":"충청북도 청주시 흥덕구 가경로 72 (가경동)","sgg":"43113","cap":836,"type":"공공용시설 / 지하","src":"localdata","asof":"2026-04-29"}},{"type":"Feature","geometry":{"type":"Point","coordinates":[127.46283,36.63491]},"properties":{"name":"현대코아 빌딩 지하주차장 2층~5층","addr":"충청북도 청주시 서원구 사직대로 140, 현대코아 (사창동)","sgg":"43112","cap":5281,"type":"공공용시설 / 지하","src":"localdata","asof":"2026-04-29"}},{"type":"Feature","geometry":{"type":"Point","coordinates":[127.42948,36.71245]},"properties":{"name":"회암지하보도 지하 1층(오창프라자2 인근)","addr":"충청북도 청주시 청원구 오창읍 중심상업로 17, 인근","sgg":"43114","cap":191,"type":"공공용시설 / 지하","src":"localdata","asof":"2026-04-29"}},{"type":"Feature","geometry":{"type":"Point","coordinates":[127.50916,36.62893]},"properties":{"name":"장자마을부영7단지 전체 동의 지하주차장 1층","addr":"충청북도 청주시 상당구 중고개로 288 (금천동, 장자마을7단지부영아파트)","sgg":"43111","cap":7996,"type":"공공용시설 / 지하","src":"localdata","asof":"2026-04-29"}},{"type":"Feature","geometry":{"type":"Point","coordinates":[127.44212,36.62723]},"properties":{"name":"삼일아파트(복대2동)(지하주차장)","addr":"충청북도 청주시 흥덕구 복대로118번길 16 (복대동, 삼일아파트)","sgg":"43113","cap":347,"type":"공공용시설 / 지하","src":"localdata","asof":"2026-04-29"}},{"type":"Feature","geometry":{"type":"Point","coordinates":[127.42986,36.61636]},"properties":{"name":"가경아이파크3단지아파트 전체 동의 지하주차장 1~3층","addr":"충청북도 청주시 흥덕구 서현로 62 (가경동, 청주가경아이파크 3단지)","sgg":"43113","cap":49352,"type":"공공용시설 / 지하","src":"localdata","asof":"2026-04-29"}},{"type":"Feature","geometry":{"type":"Point","coordinates":[127.45043,36.615]},"properties":{"name":"한국전력공사 충북지역본부 지하주차장 1층","addr":"충청북도 청주시 서원구 구룡산로 51, 한국전력공사 충북지역본부 지하1층 (성화동)","sgg":"43112","cap":2515,"type":"공공용시설 / 지하","src":"localdata","asof":"2026-04-29"}},{"type":"Feature","geometry":{"type":"Point","coordinates":[127.49356,36.66782]},"properties":{"name":"신흥고 앞 지하도 지하1층","addr":"충청북도 청주시 청원구 율봉로 224, 인근 (율량동)","sgg":"43114","cap":203,"type":"공공용시설 / 지하","src":"localdata","asof":"2026-04-29"}},{"type":"Feature","geometry":{"type":"Point","coordinates":[127.48632,36.65575]},"properties":{"name":"삼풍오피스텔 지하주차장 1층","addr":"충청북도 청주시 청원구 새터로 27 (내덕동, 삼풍오피스텔)","sgg":"43114","cap":277,"type":"공공용시설 / 지하","src":"localdata","asof":"2026-04-29"}},{"type":"Feature","geometry":{"type":"Point","coordinates":[127.5093,36.62623]},"properties":{"name":"경희아파트 101동 앞 지하주차장 1층","addr":"충청북도 청주시 상당구 꽃산동로 4-2 (금천동, 경희아파트)","sgg":"43111","cap":2968,"type":"공공용시설 / 지하","src":"localdata","asof":"2026-04-29"}},{"type":"Feature","geometry":{"type":"Point","coordinates":[127.44989,36.73327]},"properties":{"name":"오창부영6단지아파트(전체 동의 지하주차장 1층)","addr":"충청북도 청주시 청원구 오창읍 2산단로 125 (충북오창사랑으로부영6단지)","sgg":"43114","cap":3352,"type":"공공용시설 / 지하","src":"localdata","asof":"2026-04-29"}},{"type":"Feature","geometry":{"type":"Point","coordinates":[127.50928,36.6288]},"properties":{"name":"장자마을부영9단지아파트 전체 동의 지하주차장 1층","addr":"충청북도 청주시 상당구 중고개로 286 (금천동, 장자마을9단지부영아파트)","sgg":"43111","cap":632,"type":"공공용시설 / 지하","src":"localdata","asof":"2026-04-29"}},{"type":"Feature","geometry":{"type":"Point","coordinates":[127.48225,36.63588]},"properties":{"name":"국민건강보험 동부지사 지하주차장 1층","addr":"충청북도 청주시 서원구 사직대로 308-12 (사직동, 국민건강보험공단청주동부지사)","sgg":"43112","cap":195,"type":"공공용시설 / 지하","src":"localdata","asof":"2026-04-29"}},{"type":"Feature","geometry":{"type":"Point","coordinates":[127.50079,36.67471]},"properties":{"name":"충청북도경찰청 별관 지하주차장 1층","addr":"충청북도 청주시 청원구 2순환로 168 (주성동)","sgg":"43114","cap":3422,"type":"공공용시설 / 지하","src":"localdata","asof":"2026-04-29"}},{"type":"Feature","geometry":{"type":"Point","coordinates":[127.47811,36.62982]},"properties":{"name":"덕희아파트 전체 동의 지하주차장 1층","addr":"충청북도 청주시 서원구 남사로 14 (사직동, 덕희아파트)","sgg":"43112","cap":1461,"type":"공공용시설 / 지하","src":"localdata","asof":"2026-04-29"}},{"type":"Feature","geometry":{"type":"Point","coordinates":[127.43107,36.64292]},"properties":{"name":"지웰에스테이트 전체 동의 지하주차장 1~3층","addr":"충청북도 청주시 흥덕구 진재로 131 (복대동, 지웰에스테이트)","sgg":"43113","cap":8992,"type":"공공용시설 / 지하","src":"localdata","asof":"2026-04-29"}},{"type":"Feature","geometry":{"type":"Point","coordinates":[127.49064,36.63271]},"properties":{"name":"남궁타워 지하주차장 1~2층","addr":"충청북도 청주시 상당구 상당로 47, 남궁타워 (남문로2가)","sgg":"43111","cap":2282,"type":"공공용시설 / 지하","src":"localdata","asof":"2026-04-29"}},{"type":"Feature","geometry":{"type":"Point","coordinates":[127.42074,36.64094]},"properties":{"name":"효성2차아파트 전체 동의 지하주차장 1층","addr":"충청북도 청주시 흥덕구 2순환로1050번길 24 (비하동, 효성2차아파트)","sgg":"43113","cap":2402,"type":"공공용시설 / 지하","src":"localdata","asof":"2026-04-29"}},{"type":"Feature","geometry":{"type":"Point","coordinates":[127.51752,36.63001]},"properties":{"name":"한라비발디2단지아파트 전체 동의 지하주차장 1층","addr":"충청북도 청주시 상당구 용정로 35 (용정동, 용정 한라비발디 2단지)","sgg":"43111","cap":17490,"type":"공공용시설 / 지하","src":"localdata","asof":"2026-04-29"}},{"type":"Feature","geometry":{"type":"Point","coordinates":[127.464,36.62803]},"properties":{"name":"삼익2차아파트 203동 지하주차장 1~2층","addr":"충청북도 청주시 서원구 창직로12번길 65 (개신동, 삼익2차아파트)","sgg":"43112","cap":4769,"type":"공공용시설 / 지하","src":"localdata","asof":"2026-04-29"}},{"type":"Feature","geometry":{"type":"Point","coordinates":[127.50439,36.61167]},"properties":{"name":"현대3차아파트 전체 동의 지하주차장 1층","addr":"충청북도 청주시 상당구 중흥로 70 (용암동, 용암현대3차아파트)","sgg":"43111","cap":3060,"type":"공공용시설 / 지하","src":"localdata","asof":"2026-04-29"}},{"type":"Feature","geometry":{"type":"Point","coordinates":[127.49927,36.62445]},"properties":{"name":"금천동 행정복지센터 지하주차장","addr":"충청북도 청주시 상당구 쇠내로 50 (금천동)","sgg":"43111","cap":584,"type":"공공용시설 / 지하","src":"localdata","asof":"2026-04-29"}},{"type":"Feature","geometry":{"type":"Point","coordinates":[127.45239,36.73478]},"properties":{"name":"대성베르힐아파트(전체 동의 지하주차장 1층)","addr":"충청북도 청주시 청원구 오창읍 2산단로 160 (오창대성베르힐아파트)","sgg":"43114","cap":1937,"type":"공공용시설 / 지하","src":"localdata","asof":"2026-04-29"}},{"type":"Feature","geometry":{"type":"Point","coordinates":[127.50939,36.63462]},"properties":{"name":"가좌마을 부영e그린타운아파트(지하주차장)","addr":"충청북도 청주시 상당구 호미로 317 (용담동, 가좌마을부영그린타운1차)","sgg":"43111","cap":3586,"type":"공공용시설 / 지하","src":"localdata","asof":"2026-04-29"}},{"type":"Feature","geometry":{"type":"Point","coordinates":[127.51645,36.62045]},"properties":{"name":"롯데마트 상당점 상가 지하 1층","addr":"충청북도 청주시 상당구 용암북로160번길 60 (용암동, 롯데마트)","sgg":"43111","cap":3503,"type":"공공용시설 / 지하","src":"localdata","asof":"2026-04-29"}},{"type":"Feature","geometry":{"type":"Point","coordinates":[127.44431,36.61399]},"properties":{"name":"가경주공3단지아파트 301,305동 지하주차장 1층","addr":"충청북도 청주시 서원구 대림로 493 (죽림동, 청주가경3주공아파트)","sgg":"43112","cap":4327,"type":"공공용시설 / 지하","src":"localdata","asof":"2026-04-29"}},{"type":"Feature","geometry":{"type":"Point","coordinates":[127.32132,36.63296]},"properties":{"name":"힐데스하임아파트 전체 동의 지하주차장 1층","addr":"충청북도 청주시 흥덕구 오송읍 오송생명1로 152 (오송힐데스하임)","sgg":"43113","cap":18497,"type":"공공용시설 / 지하","src":"localdata","asof":"2026-04-29"}},{"type":"Feature","geometry":{"type":"Point","coordinates":[127.42229,36.62746]},"properties":{"name":"대광로제비앙1차아파트 전체 동의 지하주차장 1층","addr":"충청북도 청주시 흥덕구 가로수로1131번길 11 (비하동, 청주비하1차대광로제비앙)","sgg":"43113","cap":1379,"type":"공공용시설 / 지하","src":"localdata","asof":"2026-04-29"}},{"type":"Feature","geometry":{"type":"Point","coordinates":[127.49861,36.62125]},"properties":{"name":"두산하이츠타운아파트 지하주차장 1층","addr":"충청북도 청주시 상당구 단재로95번길 40 (영운동, 두산하이츠타운)","sgg":"43111","cap":585,"type":"공공용시설 / 지하","src":"localdata","asof":"2026-04-29"}},{"type":"Feature","geometry":{"type":"Point","coordinates":[127.45349,36.66727]},"properties":{"name":"우방아이유쉘1단지아파트 전체 동의 지하1층","addr":"충청북도 청주시 흥덕구 송화로184번길 7 (송절동, 청주우방아이유쉘1단지)","sgg":"43113","cap":17402,"type":"공공용시설 / 지하","src":"localdata","asof":"2026-04-29"}},{"type":"Feature","geometry":{"type":"Point","coordinates":[127.43686,36.62891]},"properties":{"name":"형석1차아파트 전체 동의 지하주차장 1층","addr":"충청북도 청주시 흥덕구 가경로 158 (가경동)","sgg":"43113","cap":3246,"type":"공공용시설 / 지하","src":"localdata","asof":"2026-04-29"}},{"type":"Feature","geometry":{"type":"Point","coordinates":[127.50149,36.60892]},"properties":{"name":"용암1동 주민센터 지하주차장 1층","addr":"충청북도 청주시 상당구 중흥로 29, 용암1동주민센터 (용암동)","sgg":"43111","cap":752,"type":"공공용시설 / 지하","src":"localdata","asof":"2026-04-29"}},{"type":"Feature","geometry":{"type":"Point","coordinates":[127.51056,36.62706]},"properties":{"name":"장자마을부영10단지 전체 동의 지하주차장 1층","addr":"충청북도 청주시 상당구 호미로233번길 74 (금천동, 장자마을부영아파트)","sgg":"43111","cap":653,"type":"공공용시설 / 지하","src":"localdata","asof":"2026-04-29"}},{"type":"Feature","geometry":{"type":"Point","coordinates":[127.47852,36.61259]},"properties":{"name":"분평계룡리슈빌아파트 전체 동의 지하주차장 1층","addr":"충청북도 청주시 서원구 매봉로 26-1 (분평동, 분평계룡리슈빌아파트)","sgg":"43112","cap":9668,"type":"공공용시설 / 지하","src":"localdata","asof":"2026-04-29"}},{"type":"Feature","geometry":{"type":"Point","coordinates":[127.49058,36.63651]},"properties":{"name":"상당지하도2 지하1층","addr":"충청북도 청주시 상당구 상당로 94, 인근 (문화동)","sgg":"43111","cap":264,"type":"공공용시설 / 지하","src":"localdata","asof":"2026-04-29"}},{"type":"Feature","geometry":{"type":"Point","coordinates":[127.46313,36.64732]},"properties":{"name":"삼정아파트 지하주차장 1층","addr":"충청북도 청주시 흥덕구 1순환로512번길 32 (봉명동, 삼정아파트)","sgg":"43113","cap":792,"type":"공공용시설 / 지하","src":"localdata","asof":"2026-05-01"}},{"type":"Feature","geometry":{"type":"Point","coordinates":[127.44323,36.61818]},"properties":{"name":"주공2단지아파트 전체 동의 지하주차장 1층","addr":"충청북도 청주시 흥덕구 가경로 26 (가경동)","sgg":"43113","cap":1904,"type":"공공용시설 / 지하","src":"localdata","asof":"2026-04-29"}},{"type":"Feature","geometry":{"type":"Point","coordinates":[127.47577,36.62792]},"properties":{"name":"삼호아파트 전체 동의 지하주차장 1층","addr":"충청북도 청주시 서원구 모충로104번길 25 (모충동, 삼호아파트)","sgg":"43112","cap":994,"type":"공공용시설 / 지하","src":"localdata","asof":"2026-04-29"}},{"type":"Feature","geometry":{"type":"Point","coordinates":[127.51137,36.61232]},"properties":{"name":"소라아파트 전체 동의 지하주차장 1층","addr":"충청북도 청주시 상당구 원봉로 21 (용암동, 용암소라아파트)","sgg":"43111","cap":9127,"type":"공공용시설 / 지하","src":"localdata","asof":"2026-04-29"}},{"type":"Feature","geometry":{"type":"Point","coordinates":[127.44813,36.61529]},"properties":{"name":"청주성화호반베르디움아파트 P1~P3 지하주차장 1~2층","addr":"충청북도 청주시 서원구 구룡산로 24 (성화동, 성화호반베르디움)","sgg":"43112","cap":38535,"type":"공공용시설 / 지하","src":"localdata","asof":"2026-04-29"}},{"type":"Feature","geometry":{"type":"Point","coordinates":[127.47152,36.61961]},"properties":{"name":"세원홍실아파트 전체 동의 지하주차장 1층","addr":"충청북도 청주시 서원구 수곡로 88(수곡동, 세원홍실아파트)","sgg":"43112","cap":2832,"type":"공공용시설 / 지하","src":"localdata","asof":"2026-04-29"}},{"type":"Feature","geometry":{"type":"Point","coordinates":[127.47235,36.62627]},"properties":{"name":"금호타운아파트 전체 동의 지하주차장 1층","addr":"충청북도 청주시 서원구 쌍샘로107번길 12 (모충동, 금호타운)","sgg":"43112","cap":3721,"type":"공공용시설 / 지하","src":"localdata","asof":"2026-04-29"}},{"type":"Feature","geometry":{"type":"Point","coordinates":[127.47517,36.61848]},"properties":{"name":"산남주공4단지아파트 401동 지하 1층","addr":"충청북도 청주시 서원구 구룡산로 275-13, 401동 (수곡동, 산남주공2.4단지아파트)","sgg":"43112","cap":482,"type":"공공용시설 / 지하","src":"localdata","asof":"2026-04-29"}},{"type":"Feature","geometry":{"type":"Point","coordinates":[127.49054,36.63746]},"properties":{"name":"상당지하도1 지하 1층","addr":"충청북도 청주시 상당구 상당로 102, 인근 (북문로2가)","sgg":"43111","cap":264,"type":"공공용시설 / 지하","src":"localdata","asof":"2026-04-29"}},{"type":"Feature","geometry":{"type":"Point","coordinates":[127.37055,36.62197]},"properties":{"name":"강내두진하트리움아파트 전체 동의 지하주차장 1층","addr":"충청북도 청주시 흥덕구 강내면 월곡길 23-13 (강내두진하트리움)","sgg":"43113","cap":7330,"type":"공공용시설 / 지하","src":"localdata","asof":"2026-04-29"}},{"type":"Feature","geometry":{"type":"Point","coordinates":[127.4296,36.63728]},"properties":{"name":"세원느티마을아파트 전체 동의 지하주차장 1층","addr":"충청북도 청주시 흥덕구 진재로 67 (복대동, 세원느티마을아파트)","sgg":"43113","cap":5073,"type":"공공용시설 / 지하","src":"localdata","asof":"2026-04-29"}},{"type":"Feature","geometry":{"type":"Point","coordinates":[127.48552,36.65254]},"properties":{"name":"덕일한마음아파트 전체 동의 지하주차장 1층","addr":"충청북도 청주시 청원구 향군로74번길 26 (우암동, 덕일한마음아파트)","sgg":"43114","cap":4740,"type":"공공용시설 / 지하","src":"localdata","asof":"2026-04-29"}},{"type":"Feature","geometry":{"type":"Point","coordinates":[127.3323,36.62784]},"properties":{"name":"휴먼시아1단지아파트 전체 동의 지하주차장 1층","addr":"충청북도 청주시 흥덕구 오송읍 오송가락로 235 (청원오송휴먼시아1단지)","sgg":"43113","cap":12443,"type":"공공용시설 / 지하","src":"localdata","asof":"2026-04-29"}},{"type":"Feature","geometry":{"type":"Point","coordinates":[127.50875,36.62417]},"properties":{"name":"우미린아파트 전체 동의 지하주차장 1~2층","addr":"충청북도 청주시 상당구 꽃산동로 25 (금천동, 금천우미린)","sgg":"43111","cap":12015,"type":"공공용시설 / 지하","src":"localdata","asof":"2026-04-29"}},{"type":"Feature","geometry":{"type":"Point","coordinates":[127.50703,36.6314]},"properties":{"name":"장자마을부영5단지아파트 전체 동의 지하주차장 1층","addr":"충청북도 청주시 상당구 수영로 306 (금천동, 장자마을5단지부영아파트)","sgg":"43111","cap":5204,"type":"공공용시설 / 지하","src":"localdata","asof":"2026-04-29"}},{"type":"Feature","geometry":{"type":"Point","coordinates":[127.43797,36.6308]},"properties":{"name":"신라아파트 전체 동의 지하주차장 1층","addr":"충청북도 청주시 흥덕구 가로수로1308번길 42 (가경동)","sgg":"43113","cap":992,"type":"공공용시설 / 지하","src":"localdata","asof":"2026-04-29"}},{"type":"Feature","geometry":{"type":"Point","coordinates":[127.46313,36.64323]},"properties":{"name":"한국건강관리협회 충북,세종지부 지하주차장 1~2층","addr":"충청북도 청주시 흥덕구 직지대로 631 (봉명동)","sgg":"43113","cap":2582,"type":"공공용시설 / 지하","src":"localdata","asof":"2026-04-29"}},{"type":"Feature","geometry":{"type":"Point","coordinates":[127.50531,36.62468]},"properties":{"name":"장미아파트 나동 옆 지하주차장 1층","addr":"충청북도 청주시 상당구 꽃산서로8번길 15 (금천동, 장미아파트)","sgg":"43111","cap":839,"type":"공공용시설 / 지하","src":"localdata","asof":"2026-04-29"}},{"type":"Feature","geometry":{"type":"Point","coordinates":[127.50633,36.62048]},"properties":{"name":"삼진화랑아파트 101,102동 지하주차장 1층","addr":"충청북도 청주시 상당구 영운천로83번길 25 (영운동, 삼진화랑아파트)","sgg":"43111","cap":2097,"type":"공공용시설 / 지하","src":"localdata","asof":"2026-04-29"}},{"type":"Feature","geometry":{"type":"Point","coordinates":[127.50431,36.612]},"properties":{"name":"건영아파트 전체 동의 지하주차장 1층","addr":"충청북도 청주시 상당구 중흥로 71 (용암동, 건영아파트)","sgg":"43111","cap":18237,"type":"공공용시설 / 지하","src":"localdata","asof":"2026-06-26"}},{"type":"Feature","geometry":{"type":"Point","coordinates":[127.42552,36.63584]},"properties":{"name":"벽산아파트 전체 동의 지하주차장 1~2층","addr":"충청북도 청주시 흥덕구 짐대로 6 (복대동, 벽산아파트)","sgg":"43113","cap":11051,"type":"공공용시설 / 지하","src":"localdata","asof":"2026-04-29"}},{"type":"Feature","geometry":{"type":"Point","coordinates":[127.50812,36.60812]},"properties":{"name":"용암효성아파트 전체 동의 지하주차장 1층","addr":"충청북도 청주시 상당구 월평로 221 (용암동, 효성아파트)","sgg":"43111","cap":7761,"type":"공공용시설 / 지하","src":"localdata","asof":"2026-04-29"}},{"type":"Feature","geometry":{"type":"Point","coordinates":[127.47103,36.62073]},"properties":{"name":"한마음2차아파트 전체 동의 지하주차장 1층","addr":"충청북도 청주시 서원구 수곡로 100 (수곡동, 한마음2차아파트)","sgg":"43112","cap":4908,"type":"공공용시설 / 지하","src":"localdata","asof":"2026-04-29"}},{"type":"Feature","geometry":{"type":"Point","coordinates":[127.31864,36.61877]},"properties":{"name":"오송역대광로제비앙아파트 전체 동의 지하주차장 1층","addr":"충청북도 청주시 흥덕구 오송읍 오송생명8로 178","sgg":"43113","cap":45857,"type":"공공용시설 / 지하","src":"localdata","asof":"2026-04-29"}},{"type":"Feature","geometry":{"type":"Point","coordinates":[127.48928,36.64587]},"properties":{"name":"한화생명보험(주) 지하주차장 1~3층","addr":"충청북도 청주시 상당구 상당로 195 (북문로3가, 한화생명빌딩)","sgg":"43111","cap":4569,"type":"공공용시설 / 지하","src":"localdata","asof":"2026-04-29"}},{"type":"Feature","geometry":{"type":"Point","coordinates":[127.35299,36.60783]},"properties":{"name":"강내태암수정아파트 전체 동의 지하주차장 1층","addr":"충청북도 청주시 흥덕구 강내면 태성탑연로 264 (강내태암수정아파트)","sgg":"43113","cap":4494,"type":"공공용시설 / 지하","src":"localdata","asof":"2026-04-29"}},{"type":"Feature","geometry":{"type":"Point","coordinates":[127.49759,36.67248]},"properties":{"name":"대원칸타빌1차아파트 전체 동의 지하주차장 1~2층","addr":"충청북도 청주시 청원구 율량로 103 (주성동)","sgg":"43114","cap":47784,"type":"공공용시설 / 지하","src":"localdata","asof":"2026-04-29"}},{"type":"Feature","geometry":{"type":"Point","coordinates":[127.42433,36.62358]},"properties":{"name":"청도아파트 전체 동의 지하주차장 1층","addr":"충청북도 청주시 흥덕구 가로수로1144번길 72-2 (강서동, 청도아파트)","sgg":"43113","cap":1768,"type":"공공용시설 / 지하","src":"localdata","asof":"2026-04-29"}},{"type":"Feature","geometry":{"type":"Point","coordinates":[127.47307,36.64418]},"properties":{"name":"근현대인쇄전시관 지하주차장 1층","addr":"충청북도 청주시 흥덕구 흥덕로 104 (운천동, 청주시근현대인쇄전시관)","sgg":"43113","cap":342,"type":"공공용시설 / 지하","src":"localdata","asof":"2026-06-25"}},{"type":"Feature","geometry":{"type":"Point","coordinates":[127.47327,36.61616]},"properties":{"name":"세원청실아파트 전체 동의 지하주차장 1층","addr":"충청북도 청주시 서원구 수곡로 46 (수곡동, 산남세원청실아파트)","sgg":"43112","cap":2911,"type":"공공용시설 / 지하","src":"localdata","asof":"2026-04-29"}},{"type":"Feature","geometry":{"type":"Point","coordinates":[127.51437,36.61978]},"properties":{"name":"중흥마을 부영2차아파트 전체 동의 지하주차장 1층","addr":"충청북도 청주시 상당구 중흥로 196 (용암동, 중흥마을2단지부영아파트)","sgg":"43111","cap":7541,"type":"공공용시설 / 지하","src":"localdata","asof":"2026-04-29"}},{"type":"Feature","geometry":{"type":"Point","coordinates":[127.4285,36.64211]},"properties":{"name":"두산위브지웰시티2차아파트 전체 동의 지하주차장 1~3층","addr":"충청북도 청주시 흥덕구 대농로 55 (복대동, 두산위브지웰시티2차)","sgg":"43113","cap":100111,"type":"공공용시설 / 지하","src":"localdata","asof":"2026-04-29"}},{"type":"Feature","geometry":{"type":"Point","coordinates":[127.46458,36.60932]},"properties":{"name":"청주산남푸르지오아파트 전체 동의 지하주차장 1층","addr":"충청북도 청주시 서원구 두꺼비로 53 (산남동, 청주산남푸르지오)","sgg":"43112","cap":29868,"type":"공공용시설 / 지하","src":"localdata","asof":"2026-04-29"}},{"type":"Feature","geometry":{"type":"Point","coordinates":[127.51049,36.62917]},"properties":{"name":"장자마을부영8단지 전체 동의 지하주차장 1층","addr":"충청북도 청주시 상당구 호미로 261 (금천동, 장자마을부영아파트)","sgg":"43111","cap":7327,"type":"공공용시설 / 지하","src":"localdata","asof":"2026-04-29"}},{"type":"Feature","geometry":{"type":"Point","coordinates":[127.50965,36.61351]},"properties":{"name":"현대2차아파트 전체 동의 지하주차장 1층","addr":"충청북도 청주시 상당구 원봉로 41 (용암동, 용암현대2차아파트)","sgg":"43111","cap":2358,"type":"공공용시설 / 지하","src":"localdata","asof":"2026-04-29"}},{"type":"Feature","geometry":{"type":"Point","coordinates":[127.47215,36.66207]},"properties":{"name":"사천 남광하우스토리 B단지 지하주차장 지하2층(1층제외","addr":"충청북도 청주시 청원구 율봉로 8 (사천동, 남광 하우스토리 B단지)","sgg":"43114","cap":7291,"type":"공공용시설 / 지하","src":"localdata","asof":"2026-04-29"}},{"type":"Feature","geometry":{"type":"Point","coordinates":[127.48118,36.66315]},"properties":{"name":"율량금호어울림센트로파크 지하주차장 지하1층","addr":"충청북도 청주시 청원구 율천북로 91 (율량동, 율량금호어울림센트로)","sgg":"43114","cap":18041,"type":"공공용시설 / 지하","src":"localdata","asof":"2026-04-29"}},{"type":"Feature","geometry":{"type":"Point","coordinates":[127.46356,36.64284]},"properties":{"name":"하이젠시티 전체 동의 지하주차장 1~2층","addr":"충청북도 청주시 흥덕구 직지대로 636 (봉명동, 하이젠시티)","sgg":"43113","cap":3262,"type":"공공용시설 / 지하","src":"localdata","asof":"2026-04-29"}},{"type":"Feature","geometry":{"type":"Point","coordinates":[127.43857,36.62972]},"properties":{"name":"세원2차아파트 전체 동의 지하주차장 1층","addr":"충청북도 청주시 흥덕구 풍산로89번길 31 (가경동)","sgg":"43113","cap":3961,"type":"공공용시설 / 지하","src":"localdata","asof":"2026-04-29"}},{"type":"Feature","geometry":{"type":"Point","coordinates":[127.42868,36.71593]},"properties":{"name":"시재지하보도 지하 1층(오창썬타워 인근)","addr":"충청북도 청주시 청원구 오창읍 중심상업1로 8-46, 인근","sgg":"43114","cap":191,"type":"공공용시설 / 지하","src":"localdata","asof":"2026-04-29"}},{"type":"Feature","geometry":{"type":"Point","coordinates":[127.51032,36.62071]},"properties":{"name":"한진신세대아파트 전체 동의 지하주차장 1층","addr":"충청북도 청주시 상당구 영운천로119번길 7 (영운동, 한진아파트)","sgg":"43111","cap":2205,"type":"공공용시설 / 지하","src":"localdata","asof":"2026-04-29"}},{"type":"Feature","geometry":{"type":"Point","coordinates":[127.43103,36.62181]},"properties":{"name":"휴먼시아아파트 전체 동의 지하주차장 1층","addr":"충청북도 청주시 흥덕구 서현중로32번길 23 (가경동)","sgg":"43113","cap":13156,"type":"공공용시설 / 지하","src":"localdata","asof":"2026-04-29"}},{"type":"Feature","geometry":{"type":"Point","coordinates":[127.47666,36.62621]},"properties":{"name":"두산한솔아파트 전체 동의 지하1주차장 1층","addr":"충청북도 청주시 서원구 모충로124번길 53 (모충동, 두산한솔아파트)","sgg":"43112","cap":2672,"type":"공공용시설 / 지하","src":"localdata","asof":"2026-04-29"}},{"type":"Feature","geometry":{"type":"Point","coordinates":[127.42531,36.62593]},"properties":{"name":"우정아파트 전체 동의 지하주차장 1층","addr":"충청북도 청주시 흥덕구 가로수로1154번길 21-5 (강서동, 우정아파트)","sgg":"43113","cap":1619,"type":"공공용시설 / 지하","src":"localdata","asof":"2026-04-29"}},{"type":"Feature","geometry":{"type":"Point","coordinates":[127.32513,36.628]},"properties":{"name":"호반베르디움아파트 전체 동의 지하주차장 1층","addr":"충청북도 청주시 흥덕구 오송읍 오송생명3로 111 (오송호반베르디움아파트)","sgg":"43113","cap":19635,"type":"공공용시설 / 지하","src":"localdata","asof":"2026-04-29"}},{"type":"Feature","geometry":{"type":"Point","coordinates":[127.43969,36.61551]},"properties":{"name":"푸르지오아파트 전체 동의 지하주차장 1~2층","addr":"충청북도 청주시 흥덕구 2순환로1375번길 20 (가경동, 가경푸르지오)","sgg":"43113","cap":14201,"type":"공공용시설 / 지하","src":"localdata","asof":"2026-04-29"}},{"type":"Feature","geometry":{"type":"Point","coordinates":[127.44391,36.62539]},"properties":{"name":"형석타운아파트(지하주차장)","addr":"충청북도 청주시 흥덕구 장구봉로101번길 27-0 (복대동, 형석아파트)","sgg":"43113","cap":2924,"type":"공공용시설 / 지하","src":"localdata","asof":"2026-04-29"}},{"type":"Feature","geometry":{"type":"Point","coordinates":[127.50374,36.61824]},"properties":{"name":"태암수정아파트 102동 지하주차장 1층","addr":"충청북도 청주시 상당구 영운천로51번길 26 (영운동, 태암수정아파트)","sgg":"43111","cap":5816,"type":"공공용시설 / 지하","src":"localdata","asof":"2026-04-29"}},{"type":"Feature","geometry":{"type":"Point","coordinates":[127.48662,36.65699]},"properties":{"name":"뿌리병원 지하주차장 1~2층","addr":"충청북도 청주시 청원구 내덕로 56 (내덕동)","sgg":"43114","cap":2685,"type":"공공용시설 / 지하","src":"localdata","asof":"2026-04-29"}},{"type":"Feature","geometry":{"type":"Point","coordinates":[127.42672,36.61446]},"properties":{"name":"청주가경자이 전체 동의 지하주차장 1~2층","addr":"충청북도 청주시 흥덕구 서현로 30(가경동, 가경자이)","sgg":"43113","cap":41594,"type":"공공용시설 / 지하","src":"localdata","asof":"2026-04-29"}},{"type":"Feature","geometry":{"type":"Point","coordinates":[127.47202,36.64157]},"properties":{"name":"예술의전당 지하주차장 1~2층","addr":"충청북도 청주시 서원구 흥덕로 69, 예술의 전당 (사직동)","sgg":"43112","cap":4063,"type":"공공용시설 / 지하","src":"localdata","asof":"2026-04-29"}},{"type":"Feature","geometry":{"type":"Point","coordinates":[127.43832,36.62577]},"properties":{"name":"대원아파트 전체 동의 지하주차장 1층","addr":"충청북도 청주시 흥덕구 가경로 120 (가경동)","sgg":"43113","cap":3072,"type":"공공용시설 / 지하","src":"localdata","asof":"2026-04-29"}},{"type":"Feature","geometry":{"type":"Point","coordinates":[127.4673,36.6307]},"properties":{"name":"청주푸르지오캐슬4단지아파트 전체 동의 지하주차장 1층","addr":"충청북도 청주시 서원구 창직로 50 (사직동, 청주푸르지오캐슬4단지)","sgg":"43112","cap":51168,"type":"공공용시설 / 지하","src":"localdata","asof":"2026-04-29"}},{"type":"Feature","geometry":{"type":"Point","coordinates":[127.50779,36.61163]},"properties":{"name":"임광아파트 전체 동의 지하주차장 1층","addr":"충청북도 청주시 상당구 용암로 35 (용암동, 용암임광아파트)","sgg":"43111","cap":1936,"type":"공공용시설 / 지하","src":"localdata","asof":"2026-06-26"}},{"type":"Feature","geometry":{"type":"Point","coordinates":[127.48139,36.62671]},"properties":{"name":"모충LH트릴로채아파트 106동 지하주차장","addr":"충청북도 청주시 서원구 쌍샘로 22 (모충동, LH트릴로채)","sgg":"43112","cap":3140,"type":"공공용시설 / 지하","src":"localdata","asof":"2026-04-29"}},{"type":"Feature","geometry":{"type":"Point","coordinates":[127.46702,36.62389]},"properties":{"name":"두산한솔1차아파트 전체 동의 지하주차장 1층","addr":"충청북도 청주시 서원구 모충로26번길 22 (개신동, 두산한솔아파트)","sgg":"43112","cap":1824,"type":"공공용시설 / 지하","src":"localdata","asof":"2026-04-29"}},{"type":"Feature","geometry":{"type":"Point","coordinates":[127.454,36.61759]},"properties":{"name":"남양휴튼아파트 101,102,104동 지하주차장 1층","addr":"충청북도 청주시 서원구 장전로 51 (성화동, 남양휴튼아파트)","sgg":"43112","cap":27094,"type":"공공용시설 / 지하","src":"localdata","asof":"2026-04-29"}},{"type":"Feature","geometry":{"type":"Point","coordinates":[127.50596,36.63273]},"properties":{"name":"가좌마을 부영5단지아파트(지하주차장)","addr":"충청북도 청주시 상당구 산성로116번길 23 (용담동, 가좌마을5단지부영아파트)","sgg":"43111","cap":3060,"type":"공공용시설 / 지하","src":"localdata","asof":"2026-04-29"}},{"type":"Feature","geometry":{"type":"Point","coordinates":[127.50892,36.61088]},"properties":{"name":"용암현대아파트 전체 동의 지하주차장 1층","addr":"충청북도 청주시 상당구 용암로 23 (용암동, 용암현대아파트)","sgg":"43111","cap":5137,"type":"공공용시설 / 지하","src":"localdata","asof":"2026-04-29"}},{"type":"Feature","geometry":{"type":"Point","coordinates":[127.42987,36.61729]},"properties":{"name":"가경아이파크1단지아파트 전체 동의 지하주차장 1~2층","addr":"충청북도 청주시 흥덕구 서현로 66 (가경동, 청주가경아이파크)","sgg":"43113","cap":36433,"type":"공공용시설 / 지하","src":"localdata","asof":"2026-04-29"}},{"type":"Feature","geometry":{"type":"Point","coordinates":[127.47139,36.61137]},"properties":{"name":"계룡리슈빌아파트 전체 동의 지하주차장 1층","addr":"충청북도 청주시 서원구 산남로 23 (산남동, 계룡리슈빌아파트)","sgg":"43112","cap":30682,"type":"공공용시설 / 지하","src":"localdata","asof":"2026-04-29"}},{"type":"Feature","geometry":{"type":"Point","coordinates":[127.46033,36.65053]},"properties":{"name":"아이파크아파트 제9주차장 지하2층","addr":"충청북도 청주시 흥덕구 덕암로108번길 44 (봉명동, 현대아이파크)","sgg":"43113","cap":1563,"type":"공공용시설 / 지하","src":"localdata","asof":"2026-04-29"}},{"type":"Feature","geometry":{"type":"Point","coordinates":[127.32619,36.62624]},"properties":{"name":"대원칸타빌아파트 전체 동의 지하주차장 1~2층","addr":"충청북도 청주시 흥덕구 오송읍 연제만수길 17 (오송대원칸타빌)","sgg":"43113","cap":15157,"type":"공공용시설 / 지하","src":"localdata","asof":"2026-04-29"}},{"type":"Feature","geometry":{"type":"Point","coordinates":[127.43541,36.71068]},"properties":{"name":"오창 롯데캐슬아파트(전체 동의 지하주차장1~2층)","addr":"충청북도 청주시 청원구 오창읍 중부로 760 (오창 롯데캐슬 더 하이스트)","sgg":"43114","cap":58057,"type":"공공용시설 / 지하","src":"localdata","asof":"2026-04-29"}},{"type":"Feature","geometry":{"type":"Point","coordinates":[127.50545,36.60987]},"properties":{"name":"현대1차아파트 전체 동의 지하주차장 1층","addr":"충청북도 청주시 상당구 월평로 189 (용암동, 용암현대1차아파트)","sgg":"43111","cap":2481,"type":"공공용시설 / 지하","src":"localdata","asof":"2026-04-29"}},{"type":"Feature","geometry":{"type":"Point","coordinates":[127.46545,36.62463]},"properties":{"name":"송학삼익아파트 102동 지하주차장 1층","addr":"충청북도 청주시 서원구 모충로12번길 4 (개신동, 송학아파트)","sgg":"43112","cap":2400,"type":"공공용시설 / 지하","src":"localdata","asof":"2026-04-29"}},{"type":"Feature","geometry":{"type":"Point","coordinates":[127.49644,36.62253]},"properties":{"name":"신라송림아파트 전체 동의 지하주차장 1,2층","addr":"충청북도 청주시 상당구 단재로77번길 21-22 (영운동, 신라송림아파트)","sgg":"43111","cap":6378,"type":"공공용시설 / 지하","src":"localdata","asof":"2026-04-29"}},{"type":"Feature","geometry":{"type":"Point","coordinates":[127.44697,36.62185]},"properties":{"name":"개신주공3단지아파트 301,303동 지하주차장 1층","addr":"충청북도 청주시 서원구 신율로 43 (개신동, 청주개신3주공아파트)","sgg":"43112","cap":3350,"type":"공공용시설 / 지하","src":"localdata","asof":"2026-04-29"}},{"type":"Feature","geometry":{"type":"Point","coordinates":[127.50176,36.6319]},"properties":{"name":"현대아파트 전체 동의 지하주차장 1층","addr":"충청북도 청주시 상당구 탑동로 78 (탑동, 현대아파트)","sgg":"43111","cap":1498,"type":"공공용시설 / 지하","src":"localdata","asof":"2026-04-29"}},{"type":"Feature","geometry":{"type":"Point","coordinates":[127.46877,36.62887]},"properties":{"name":"청주푸르지오캐슬5단지아파트 전체 동의 지하주차장 1층","addr":"충청북도 청주시 서원구 예체로 30 (사직동, 푸르지오캐슬5단지)","sgg":"43112","cap":28571,"type":"공공용시설 / 지하","src":"localdata","asof":"2026-04-29"}},{"type":"Feature","geometry":{"type":"Point","coordinates":[127.46407,36.61278]},"properties":{"name":"산남퀸덤아파트 전체 동의 지하주차장 1층","addr":"충청북도 청주시 서원구 두꺼비로 93 (산남동, 산남퀸덤아파트)","sgg":"43112","cap":24519,"type":"공공용시설 / 지하","src":"localdata","asof":"2026-04-29"}},{"type":"Feature","geometry":{"type":"Point","coordinates":[127.43418,36.63504]},"properties":{"name":"영조아름다운나날2차아파트 제1지하주차장의 1~2층","addr":"충청북도 청주시 흥덕구 증안로 100 (복대동, 영조아파트2차)","sgg":"43113","cap":5886,"type":"공공용시설 / 지하","src":"localdata","asof":"2026-04-29"}},{"type":"Feature","geometry":{"type":"Point","coordinates":[127.44947,36.6217]},"properties":{"name":"청주개신뜨란채2단지아파트 P1~P3 지하주차장 1층","addr":"충청북도 청주시 서원구 경신로 68 (개신동, 청주개신2단지뜨란채아파트)","sgg":"43112","cap":16662,"type":"공공용시설 / 지하","src":"localdata","asof":"2026-04-29"}},{"type":"Feature","geometry":{"type":"Point","coordinates":[127.49354,36.66952]},"properties":{"name":"율량 두진백로그린타운 전체동의 지하주차장 지하1층","addr":"충청북도 청주시 청원구 충청대로139번길 18 (율량동, 두진백로그린타운)","sgg":"43114","cap":8832,"type":"공공용시설 / 지하","src":"localdata","asof":"2026-04-29"}},{"type":"Feature","geometry":{"type":"Point","coordinates":[127.4955,36.61788]},"properties":{"name":"미림아파트 101,103동 지하주차장 1층","addr":"충청북도 청주시 상당구 수영로101번길 49 (영운동, 미림아파트)","sgg":"43111","cap":1914,"type":"공공용시설 / 지하","src":"localdata","asof":"2026-04-29"}},{"type":"Feature","geometry":{"type":"Point","coordinates":[127.45498,36.66673]},"properties":{"name":"우방아이유쉘2단지아파트 전체 동의 지하1층","addr":"충청북도 청주시 흥덕구 송화로108번길 111 (송절동, 청주우방아이유쉘2단지)","sgg":"43113","cap":16969,"type":"공공용시설 / 지하","src":"localdata","asof":"2026-04-29"}},{"type":"Feature","geometry":{"type":"Point","coordinates":[127.47264,36.64359]},"properties":{"name":"금속활자주조전수관 지하주차장 1층","addr":"충청북도 청주시 흥덕구 흥덕로 96 (운천동, 청주시금속활자주조전수관)","sgg":"43113","cap":362,"type":"공공용시설 / 지하","src":"localdata","asof":"2026-06-25"}},{"type":"Feature","geometry":{"type":"Point","coordinates":[127.52375,36.60932]},"properties":{"name":"동남파밀리에아파트 전체 동의 지하주차장 1~2층","addr":"충청북도 청주시 상당구 동남로 187 (용암동, 청주동남파밀리에NHF4단지)","sgg":"43111","cap":33361,"type":"공공용시설 / 지하","src":"localdata","asof":"2026-04-29"}},{"type":"Feature","geometry":{"type":"Point","coordinates":[127.48773,36.61084]},"properties":{"name":"현대대우아파트 전체 동의 지하주차장 1층","addr":"충청북도 청주시 서원구 월평로 24 (분평동, 현대대우아파트)","sgg":"43112","cap":3307,"type":"공공용시설 / 지하","src":"localdata","asof":"2026-04-29"}},{"type":"Feature","geometry":{"type":"Point","coordinates":[127.53592,36.72384]},"properties":{"name":"내수읍사무소 지하주차장 1층","addr":"충청북도 청주시 청원구 내수읍 마산3길 49 (내수읍사무소)","sgg":"43114","cap":687,"type":"공공용시설 / 지하","src":"localdata","asof":"2026-04-29"}},{"type":"Feature","geometry":{"type":"Point","coordinates":[127.49944,36.63285]},"properties":{"name":"우성아파트 7번 지하주차장 1층","addr":"충청북도 청주시 상당구 용담로63번길 33 (대성동, 우성아파트)","sgg":"43111","cap":825,"type":"공공용시설 / 지하","src":"localdata","asof":"2026-04-29"}},{"type":"Feature","geometry":{"type":"Point","coordinates":[127.45332,36.61342]},"properties":{"name":"청주성화휴먼시아5단지아파트 P1~3 지하주차장 1~2층","addr":"충청북도 청주시 서원구 성봉로 93 (성화동, 성화 휴먼시아5단지)","sgg":"43112","cap":10968,"type":"공공용시설 / 지하","src":"localdata","asof":"2026-04-29"}},{"type":"Feature","geometry":{"type":"Point","coordinates":[127.49944,36.63285]},"properties":{"name":"우성아파트 2번 지하주차장 1층","addr":"충청북도 청주시 상당구 용담로63번길 33 (대성동, 우성아파트)","sgg":"43111","cap":825,"type":"공공용시설 / 지하","src":"localdata","asof":"2026-04-29"}},{"type":"Feature","geometry":{"type":"Point","coordinates":[127.45619,36.66885]},"properties":{"name":"테크노폴리스푸르지오아파트 전체 동의 지하1~2층","addr":"충청북도 청주시 흥덕구 송화로214번길 7 (송절동, 청주테크노폴리스푸르지오)","sgg":"43113","cap":46791,"type":"공공용시설 / 지하","src":"localdata","asof":"2026-04-29"}},{"type":"Feature","geometry":{"type":"Point","coordinates":[127.48756,36.63582]},"properties":{"name":"국민연금공단 청주지사 지하주차장 1~2층","addr":"충청북도 청주시 상당구 사직대로362번길 20 (서문동, 국민연금공단청주지사)","sgg":"43111","cap":2258,"type":"공공용시설 / 지하","src":"localdata","asof":"2026-04-29"}},{"type":"Feature","geometry":{"type":"Point","coordinates":[127.49293,36.60724]},"properties":{"name":"분평주공6단지아파트(지하주차장)","addr":"충청북도 청주시 서원구 1순환로1137번길 19 (분평동, 분평주공6단지아파트)","sgg":"43112","cap":20789,"type":"공공용시설 / 지하","src":"localdata","asof":"2026-04-29"}},{"type":"Feature","geometry":{"type":"Point","coordinates":[127.48301,36.66837]},"properties":{"name":"율량현대2차아파트 14-16동 지하주차장 지하1층","addr":"충청북도 청주시 청원구 주성로132번길 54 (율량동, 현대아파트)","sgg":"43114","cap":2152,"type":"공공용시설 / 지하","src":"localdata","asof":"2026-04-29"}},{"type":"Feature","geometry":{"type":"Point","coordinates":[127.50885,36.63262]},"properties":{"name":"장자마을현대아파트 전체 동의 지하주차장 1층","addr":"충청북도 청주시 상당구 수영로 328 (금천동, 장자마을현대아파트)","sgg":"43111","cap":17687,"type":"공공용시설 / 지하","src":"localdata","asof":"2026-04-29"}},{"type":"Feature","geometry":{"type":"Point","coordinates":[127.50558,36.60913]},"properties":{"name":"용암지하도 지하1층","addr":"충청북도 청주시 상당구 1순환로 1265, 인근 (용암동)","sgg":"43111","cap":336,"type":"공공용시설 / 지하","src":"localdata","asof":"2026-06-26"}},{"type":"Feature","geometry":{"type":"Point","coordinates":[127.50348,36.62294]},"properties":{"name":"효성1차아파트 101동 옆 지하주차장 1층","addr":"충청북도 청주시 상당구 수영로 204 (금천동, 효성1차아파트)","sgg":"43111","cap":7730,"type":"공공용시설 / 지하","src":"localdata","asof":"2026-04-29"}},{"type":"Feature","geometry":{"type":"Point","coordinates":[127.50331,36.60692]},"properties":{"name":"용암동 롯데시네마 지하주차장 1층","addr":"충청북도 청주시 상당구 1순환로 1233, 용암동 롯데시네마 (용암동)","sgg":"43111","cap":2889,"type":"공공용시설 / 지하","src":"localdata","asof":"2026-04-29"}},{"type":"Feature","geometry":{"type":"Point","coordinates":[127.49068,36.63562]},"properties":{"name":"충북도청 동관 지하 1층","addr":"충청북도 청주시 상당구 상당로 82 (문화동, 충청북도청)","sgg":"43111","cap":307,"type":"공공용시설 / 지하","src":"localdata","asof":"2026-04-29"}},{"type":"Feature","geometry":{"type":"Point","coordinates":[127.4689,36.63225]},"properties":{"name":"청주푸르지오캐슬1단지아파트 전체 동의 지하주차장 1층","addr":"충청북도 청주시 서원구 예체로 68 (사직동, 청주푸르지오캐슬아파트)","sgg":"43112","cap":62186,"type":"공공용시설 / 지하","src":"localdata","asof":"2026-04-29"}},{"type":"Feature","geometry":{"type":"Point","coordinates":[127.32894,36.62904]},"properties":{"name":"상록롯데캐슬아파트 전체 동의 지하주차장 1층","addr":"충청북도 청주시 흥덕구 오송읍 오송생명5로 202 (오송상록롯데캐슬아파트)","sgg":"43113","cap":22880,"type":"공공용시설 / 지하","src":"localdata","asof":"2026-04-29"}},{"type":"Feature","geometry":{"type":"Point","coordinates":[127.47365,36.66326]},"properties":{"name":"사천 동아 1차아파트 전체동의 지하주차장 지하1층","addr":"충청북도 청주시 청원구 율봉로 31 (사천동, 사천동아아파트)","sgg":"43114","cap":3285,"type":"공공용시설 / 지하","src":"localdata","asof":"2026-04-29"}},{"type":"Feature","geometry":{"type":"Point","coordinates":[127.51172,36.61244]},"properties":{"name":"태산그린아파트 전체 동의 지하주차장 1층","addr":"충청북도 청주시 상당구 원봉로 20 (용암동, 태산그린아파트)","sgg":"43111","cap":7243,"type":"공공용시설 / 지하","src":"localdata","asof":"2026-04-29"}},{"type":"Feature","geometry":{"type":"Point","coordinates":[127.4377,36.62682]},"properties":{"name":"세원가경골아파트 전체 동의 지하주차장 1층","addr":"충청북도 청주시 흥덕구 가경로 134 (가경동)","sgg":"43113","cap":3046,"type":"공공용시설 / 지하","src":"localdata","asof":"2026-04-29"}},{"type":"Feature","geometry":{"type":"Point","coordinates":[127.44051,36.62443]},"properties":{"name":"삼일원앙아파트 전체 동의 지하주차장 1층","addr":"충청북도 청주시 흥덕구 가경로 100-20 (가경동)","sgg":"43113","cap":1723,"type":"공공용시설 / 지하","src":"localdata","asof":"2026-04-29"}},{"type":"Feature","geometry":{"type":"Point","coordinates":[127.51003,36.60684]},"properties":{"name":"부영1차아파트 전체 동의 지하주차장 1층","addr":"충청북도 청주시 상당구 월평로 243 (용암동, 부영1차아파트)","sgg":"43111","cap":12181,"type":"공공용시설 / 지하","src":"localdata","asof":"2026-04-29"}},{"type":"Feature","geometry":{"type":"Point","coordinates":[127.45003,36.6626]},"properties":{"name":"청주테크노폴리스 지웰아파트 전체 동의 지하1층","addr":"충청북도 청주시 흥덕구 송화로108번길 42 (송절동, 청주테크노폴리스지웰아파트)","sgg":"43113","cap":13428,"type":"공공용시설 / 지하","src":"localdata","asof":"2026-04-29"}},{"type":"Feature","geometry":{"type":"Point","coordinates":[127.42916,36.62594]},"properties":{"name":"우양센트럴 전체 동의 지하주차장 1층","addr":"충청북도 청주시 흥덕구 가로수로1164번길 41-44, 우양센트럴 (강서동)","sgg":"43113","cap":107,"type":"공공용시설 / 지하","src":"localdata","asof":"2026-04-29"}},{"type":"Feature","geometry":{"type":"Point","coordinates":[127.48776,36.61114]},"properties":{"name":"청주분평1단지뜨란채아파트 전체 동의 지하주차장 1층","addr":"충청북도 청주시 서원구 월평로 25 (분평동, 청주분평1단지 뜨란채아파트)","sgg":"43112","cap":12668,"type":"공공용시설 / 지하","src":"localdata","asof":"2026-04-29"}},{"type":"Feature","geometry":{"type":"Point","coordinates":[127.52102,36.61535]},"properties":{"name":"동남칸타빌더테라스2단지아파트 지하주차장","addr":"충청북도 청주시 상당구 중고개로 104 (용암동, 칸타빌 더 테라스 2단지)","sgg":"43111","cap":31698,"type":"공공용시설 / 지하","src":"localdata","asof":"2026-04-29"}},{"type":"Feature","geometry":{"type":"Point","coordinates":[127.50061,36.62947]},"properties":{"name":"탑클래스아파트 104동 지하주차장 1층","addr":"충청북도 청주시 상당구 산성로 55 (탑동, 탑클래스아파트)","sgg":"43111","cap":2730,"type":"공공용시설 / 지하","src":"localdata","asof":"2026-04-29"}},{"type":"Feature","geometry":{"type":"Point","coordinates":[127.47912,36.61511]},"properties":{"name":"선광한빛아파트 전체 동의 지하주차장 2층","addr":"충청북도 청주시 서원구 매봉로60번길 18 (수곡동, 선광한빛아파트)","sgg":"43112","cap":2954,"type":"공공용시설 / 지하","src":"localdata","asof":"2026-04-29"}},{"type":"Feature","geometry":{"type":"Point","coordinates":[127.47154,36.62147]},"properties":{"name":"청주우편집중국 지하주차장 1층","addr":"충청북도 청주시 서원구 수곡로 106, 청주우편집중국 (수곡동)","sgg":"43112","cap":4121,"type":"공공용시설 / 지하","src":"localdata","asof":"2026-04-29"}},{"type":"Feature","geometry":{"type":"Point","coordinates":[127.48835,36.66518]},"properties":{"name":"이랜드해가든아파트(지하주차장)","addr":"충청북도 청주시 청원구 공항로84번길 30 (내덕동, 이랜드해가든아파트)","sgg":"43114","cap":6889,"type":"공공용시설 / 지하","src":"localdata","asof":"2026-04-29"}},{"type":"Feature","geometry":{"type":"Point","coordinates":[127.44294,36.61139]},"properties":{"name":"가경주공4단지아파트 406동 지하주차장 1층","addr":"충청북도 청주시 서원구 대림로 459 (죽림동, 청주가경4주공아파트)","sgg":"43112","cap":3152,"type":"공공용시설 / 지하","src":"localdata","asof":"2026-04-29"}},{"type":"Feature","geometry":{"type":"Point","coordinates":[127.42872,36.62503]},"properties":{"name":"베리굿2차아파트 전체 동의 지하주차장 1층","addr":"충청북도 청주시 흥덕구 강서로 111 (강서동, 강서베리굿2차)","sgg":"43113","cap":941,"type":"공공용시설 / 지하","src":"localdata","asof":"2026-04-29"}},{"type":"Feature","geometry":{"type":"Point","coordinates":[127.4808,36.65593]},"properties":{"name":"대성빌딩 지하주차장 1층","addr":"충청북도 청주시 청원구 향군로 128 (내덕동)","sgg":"43114","cap":462,"type":"공공용시설 / 지하","src":"localdata","asof":"2026-04-29"}},{"type":"Feature","geometry":{"type":"Point","coordinates":[127.5005,36.63642]},"properties":{"name":"모드니아파트(지하주차장)","addr":"충청북도 청주시 상당구 용담로105번길 70 (용담동, 용담모드니아파트)","sgg":"43111","cap":2773,"type":"공공용시설 / 지하","src":"localdata","asof":"2026-04-29"}},{"type":"Feature","geometry":{"type":"Point","coordinates":[127.42456,36.64263]},"properties":{"name":"지웰시티1차아파트 전체 동의 지하주차장 1~3층","addr":"충청북도 청주시 흥덕구 대농로 17 (복대동, 지웰시티1차아파트)","sgg":"43113","cap":160919,"type":"공공용시설 / 지하","src":"localdata","asof":"2026-04-29"}},{"type":"Feature","geometry":{"type":"Point","coordinates":[127.42125,36.64038]},"properties":{"name":"효성1차아파트 전체 동의 지하주차장 1층","addr":"충청북도 청주시 흥덕구 2순환로1050번길 13-14 (비하동, 효성아파트)","sgg":"43113","cap":2950,"type":"공공용시설 / 지하","src":"localdata","asof":"2026-04-29"}},{"type":"Feature","geometry":{"type":"Point","coordinates":[127.46372,36.63234]},"properties":{"name":"사창대원칸타빌아파트 전체 동의 지하주차장 1~2층","addr":"충청북도 청주시 서원구 예체로67번길 87 (사창동, 사창대원칸타빌아파트)","sgg":"43112","cap":27454,"type":"공공용시설 / 지하","src":"localdata","asof":"2026-04-29"}},{"type":"Feature","geometry":{"type":"Point","coordinates":[127.48901,36.64472]},"properties":{"name":"우민타워 지하주차장 1층","addr":"충청북도 청주시 상당구 사북로 164 (북문로3가, 대우타워아파트.우민타워)","sgg":"43111","cap":2580,"type":"공공용시설 / 지하","src":"localdata","asof":"2026-04-29"}},{"type":"Feature","geometry":{"type":"Point","coordinates":[127.4808,36.65543]},"properties":{"name":"삼일브리제하임아파트 전체 동의 지하주차장 1층","addr":"충청북도 청주시 청원구 향군로 123 (우암동, 삼일브리제하임)","sgg":"43114","cap":5499,"type":"공공용시설 / 지하","src":"localdata","asof":"2026-06-25"}},{"type":"Feature","geometry":{"type":"Point","coordinates":[127.50864,36.63296]},"properties":{"name":"세영첼시빌아파트(지하주차장)","addr":"충청북도 청주시 상당구 수영로 327 (용담동, 가좌마을용담세영첼시빌)","sgg":"43111","cap":1874,"type":"공공용시설 / 지하","src":"localdata","asof":"2026-04-29"}},{"type":"Feature","geometry":{"type":"Point","coordinates":[127.42744,36.62523]},"properties":{"name":"미소랑1차아파트 전체 동의 지하주차장 1층","addr":"충청북도 청주시 흥덕구 가로수로1164번길 41-8 (강서동, 미소랑1차아파트)","sgg":"43113","cap":1834,"type":"공공용시설 / 지하","src":"localdata","asof":"2026-04-29"}},{"type":"Feature","geometry":{"type":"Point","coordinates":[127.43324,36.63157]},"properties":{"name":"벽산아파트 전체 동의 지하주차장 1층","addr":"충청북도 청주시 흥덕구 가경로189번길 52 (가경동)","sgg":"43113","cap":3410,"type":"공공용시설 / 지하","src":"localdata","asof":"2026-04-29"}},{"type":"Feature","geometry":{"type":"Point","coordinates":[127.49514,36.60823]},"properties":{"name":"분평주공5단지아파트(지하주차장)","addr":"충청북도 청주시 서원구 분평로 88-1 (분평동, 분평주공5단지아파트)","sgg":"43112","cap":11962,"type":"공공용시설 / 지하","src":"localdata","asof":"2026-04-29"}},{"type":"Feature","geometry":{"type":"Point","coordinates":[127.46386,36.61431]},"properties":{"name":"유승한내들아파트 전체 동의 지하주차장 1층","addr":"충청북도 청주시 서원구 두꺼비로 109 (산남동, 유승한내들아파트)","sgg":"43112","cap":8462,"type":"공공용시설 / 지하","src":"localdata","asof":"2026-04-29"}}]}