{"type":"FeatureCollection","features":[{"type":"Feature","geometry":{"type":"Point","coordinates":[129.3149,36.0058]},"properties":{"name":"대림한숲1차 5P 지하주차장 1층","addr":"경상북도 포항시 남구 연일읍 유강길9번길 62 (대림한숲타운1차아파트)","sgg":"47111","cap":1174,"type":"공공용시설 / 지하","src":"localdata","asof":"2026-05-02"}},{"type":"Feature","geometry":{"type":"Point","coordinates":[129.33092,36.07981]},"properties":{"name":"삼도뷰엔빌 지하주차장 1층","addr":"경상북도 포항시 북구 흥해읍 도음로877번길 15, 111동 (삼도뷰엔빌)","sgg":"47113","cap":9102,"type":"공공용시설 / 지하","src":"localdata","asof":"2026-05-02"}},{"type":"Feature","geometry":{"type":"Point","coordinates":[129.35089,36.0278]},"properties":{"name":"대림힐타운(105동) 지하주차장 1층","addr":"경상북도 포항시 북구 양학로34번길 14 (학잠동, 대림힐타운)","sgg":"47113","cap":220,"type":"공공용시설 / 지하","src":"localdata","asof":"2026-05-02"}},{"type":"Feature","geometry":{"type":"Point","coordinates":[129.4072,35.98303]},"properties":{"name":"우방신세계2차 지하주차장 1층","addr":"경상북도 포항시 남구 오천읍 해병로 127 (우방신세계타운2차)","sgg":"47111","cap":3012,"type":"공공용시설 / 지하","src":"localdata","asof":"2026-05-02"}},{"type":"Feature","geometry":{"type":"Point","coordinates":[129.33704,36.11269]},"properties":{"name":"대흥온천맨션 지하주차장 1층","addr":"경상북도 포항시 북구 흥해읍 신흥로861번길 8 (대흥온천맨션)","sgg":"47113","cap":926,"type":"공공용시설 / 지하","src":"localdata","asof":"2026-05-02"}},{"type":"Feature","geometry":{"type":"Point","coordinates":[129.40059,35.96856]},"properties":{"name":"부영1차 지하주차장 1층","addr":"경상북도 포항시 남구 오천읍 남원로 83 (1차부영아파트)","sgg":"47111","cap":11065,"type":"공공용시설 / 지하","src":"localdata","asof":"2026-05-02"}},{"type":"Feature","geometry":{"type":"Point","coordinates":[129.34787,36.02822]},"properties":{"name":"삼성푸른아파트 지하주차장 1층","addr":"경상북도 포항시 북구 양학로 59 (득량동, 삼성푸른아파트)","sgg":"47113","cap":3041,"type":"공공용시설 / 지하","src":"localdata","asof":"2026-05-02"}},{"type":"Feature","geometry":{"type":"Point","coordinates":[129.315,36.00534]},"properties":{"name":"대림한숲타운2차 지하주차장 1층","addr":"경상북도 포항시 남구 연일읍 유강길9번길 57 (대림한숲타운2차아파트)","sgg":"47111","cap":799,"type":"공공용시설 / 지하","src":"localdata","asof":"2026-05-02"}},{"type":"Feature","geometry":{"type":"Point","coordinates":[129.3302,36.07973]},"properties":{"name":"삼도미래 1차 지하주차장 1층","addr":"경상북도 포항시 북구 흥해읍 도음로877번길 9-0","sgg":"47113","cap":2837,"type":"공공용시설 / 지하","src":"localdata","asof":"2026-05-02"}},{"type":"Feature","geometry":{"type":"Point","coordinates":[129.40523,35.99035]},"properties":{"name":"진달래아파트 나동 지하","addr":"경상북도 포항시 남구 정몽주로861번길 19 (청림동, 진달래1차아파트)","sgg":"47111","cap":669,"type":"공공용시설 / 지하","src":"localdata","asof":"2026-05-02"}},{"type":"Feature","geometry":{"type":"Point","coordinates":[129.36214,36.04126]},"properties":{"name":"서산터널 지하","addr":"경상북도 포항시 북구 서동로 40 (신흥동)","sgg":"47113","cap":185,"type":"공공용시설 / 지하","src":"localdata","asof":"2026-05-02"}},{"type":"Feature","geometry":{"type":"Point","coordinates":[129.37827,36.07086]},"properties":{"name":"장성청구하이츠아파트 지하주차장 1층","addr":"경상북도 포항시 북구 삼흥로 100-22 (장성동, 장성청구하이츠)","sgg":"47113","cap":1456,"type":"공공용시설 / 지하","src":"localdata","asof":"2026-05-02"}},{"type":"Feature","geometry":{"type":"Point","coordinates":[129.37102,36.06933]},"properties":{"name":"창포청구아파트(제4주차장) 지하주차장 1층","addr":"경상북도 포항시 북구 새천년대로1123번길 12 (장성동, 창포청구타운)","sgg":"47113","cap":2085,"type":"공공용시설 / 지하","src":"localdata","asof":"2026-05-02"}},{"type":"Feature","geometry":{"type":"Point","coordinates":[129.34167,36.03431]},"properties":{"name":"학잠동아아파트(106동) 지하주차장 1층","addr":"경상북도 포항시 북구 양학로 158 (학잠동, 동아아파트)","sgg":"47113","cap":4405,"type":"공공용시설 / 지하","src":"localdata","asof":"2026-05-02"}},{"type":"Feature","geometry":{"type":"Point","coordinates":[129.38091,36.0703]},"properties":{"name":"산호그린7차아파트 지하주차장 1층","addr":"경상북도 포항시 북구 삼흥로88번길 11(장성동, 산호그린7차아파트)","sgg":"47113","cap":3950,"type":"공공용시설 / 지하","src":"localdata","asof":"2026-05-02"}},{"type":"Feature","geometry":{"type":"Point","coordinates":[129.3802,36.06684]},"properties":{"name":"럭키장성아파트(2단지) 지하주차장 1층","addr":"경상북도 포항시 북구 삼흥로 50-13 (장성동, 럭키장성아파트)","sgg":"47113","cap":2700,"type":"공공용시설 / 지하","src":"localdata","asof":"2026-05-02"}},{"type":"Feature","geometry":{"type":"Point","coordinates":[129.34522,35.9947]},"properties":{"name":"대협타워 지하주차장 1층","addr":"경상북도 포항시 남구 연일읍 연일로199번길 24, 대협타워","sgg":"47111","cap":216,"type":"공공용시설 / 지하","src":"localdata","asof":"2026-05-02"}},{"type":"Feature","geometry":{"type":"Point","coordinates":[129.35144,36.04723]},"properties":{"name":"제일프리미엄 아파트 지하주차장 1층","addr":"경상북도 포항시 북구 용흥로292번길 11 (용흥동, 제일프리미엄타운아파트)","sgg":"47113","cap":816,"type":"공공용시설 / 지하","src":"localdata","asof":"2026-05-02"}},{"type":"Feature","geometry":{"type":"Point","coordinates":[129.39627,36.0754]},"properties":{"name":"청소년수련관 지하","addr":"경상북도 포항시 북구 삼호로 533 (환호동, 포항시청소년수련관)","sgg":"47113","cap":165,"type":"공공용시설 / 지하","src":"localdata","asof":"2026-05-02"}},{"type":"Feature","geometry":{"type":"Point","coordinates":[129.35138,36.029]},"properties":{"name":"대림힐타운(109동) 지하주차장 1층","addr":"경상북도 포항시 북구 양학로34번길 27 (학잠동, 대림힐타운)","sgg":"47113","cap":984,"type":"공공용시설 / 지하","src":"localdata","asof":"2026-05-02"}},{"type":"Feature","geometry":{"type":"Point","coordinates":[129.38866,36.07625]},"properties":{"name":"장성롯데낙천대(제3주차장) 지하주차장 1층","addr":"경상북도 포항시 북구 법원로40번길 38(장성동, 롯데낙천대아파트)","sgg":"47113","cap":6600,"type":"공공용시설 / 지하","src":"localdata","asof":"2026-05-02"}},{"type":"Feature","geometry":{"type":"Point","coordinates":[129.37073,36.06932]},"properties":{"name":"창포청구아파트(제2주차장) 지하주차장 1층","addr":"경상북도 포항시 북구 새천년대로1123번길 14 (장성동, 창포청구타운)","sgg":"47113","cap":2085,"type":"공공용시설 / 지하","src":"localdata","asof":"2026-05-02"}},{"type":"Feature","geometry":{"type":"Point","coordinates":[129.37787,36.08107]},"properties":{"name":"장성대림골든빌(제4주차장) 지하주차장 1층","addr":"경상북도 포항시 북구 침촌로 20(장성동, 대림골든빌아파트)","sgg":"47113","cap":4378,"type":"공공용시설 / 지하","src":"localdata","asof":"2026-05-02"}},{"type":"Feature","geometry":{"type":"Point","coordinates":[129.3149,36.0058]},"properties":{"name":"대림한숲1차 7P 지하주차장 1층","addr":"경상북도 포항시 남구 연일읍 유강길9번길 62 (대림한숲타운1차아파트)","sgg":"47111","cap":2324,"type":"공공용시설 / 지하","src":"localdata","asof":"2026-05-02"}},{"type":"Feature","geometry":{"type":"Point","coordinates":[129.35089,36.0278]},"properties":{"name":"대림힐타운(101동) 지하주차장 1층","addr":"경상북도 포항시 북구 양학로34번길 14 (학잠동, 대림힐타운)","sgg":"47113","cap":1946,"type":"공공용시설 / 지하","src":"localdata","asof":"2026-05-02"}},{"type":"Feature","geometry":{"type":"Point","coordinates":[129.39796,36.08589]},"properties":{"name":"양덕2차e-편한세상(201-203) 지하주차장 1층","addr":"경상북도 포항시 북구 천마로90번길 11(양덕동, 2차이편한세상아파트)","sgg":"47113","cap":26948,"type":"공공용시설 / 지하","src":"localdata","asof":"2026-05-02"}},{"type":"Feature","geometry":{"type":"Point","coordinates":[129.32841,36.00893]},"properties":{"name":"승리아파트1동 지하주차장 1층","addr":"경상북도 포항시 남구 지곡로 20 (효자동, 승리아파트)","sgg":"47111","cap":823,"type":"공공용시설 / 지하","src":"localdata","asof":"2026-05-02"}},{"type":"Feature","geometry":{"type":"Point","coordinates":[129.32508,36.01579]},"properties":{"name":"낙원아파트 9동 지하주차장 1층","addr":"경상북도 포항시 남구 지곡로 102 (지곡동, 포스빌)","sgg":"47111","cap":406,"type":"공공용시설 / 지하","src":"localdata","asof":"2026-05-02"}},{"type":"Feature","geometry":{"type":"Point","coordinates":[129.37469,36.06786]},"properties":{"name":"현진에버빌 2단지 지하주차장 1층","addr":"경상북도 포항시 북구 성실로 50(장성동, 현진에버빌2단지아파트)","sgg":"47113","cap":21560,"type":"공공용시설 / 지하","src":"localdata","asof":"2026-05-02"}},{"type":"Feature","geometry":{"type":"Point","coordinates":[129.40523,35.99035]},"properties":{"name":"진달래아파트 다동 지하","addr":"경상북도 포항시 남구 정몽주로861번길 19 (청림동, 진달래1차아파트)","sgg":"47111","cap":669,"type":"공공용시설 / 지하","src":"localdata","asof":"2026-05-02"}},{"type":"Feature","geometry":{"type":"Point","coordinates":[129.38364,36.09117]},"properties":{"name":"장량휴먼시아(103-104,109) 지하주차장 1층","addr":"경상북도 포항시 북구 장량중앙로 17(양덕동, 장량휴먼시아)","sgg":"47113","cap":3040,"type":"공공용시설 / 지하","src":"localdata","asof":"2026-05-02"}},{"type":"Feature","geometry":{"type":"Point","coordinates":[129.40211,36.08467]},"properties":{"name":"양덕풍림아이원 지하주차장 1층","addr":"경상북도 포항시 북구 양덕로 60(양덕동, 풍림아이원아파트)","sgg":"47113","cap":32143,"type":"공공용시설 / 지하","src":"localdata","asof":"2026-05-02"}},{"type":"Feature","geometry":{"type":"Point","coordinates":[129.34373,35.99954]},"properties":{"name":"형산강변타운 지하주차장 1층","addr":"경상북도 포항시 남구 연일읍 연일로 130 (형산강변타운)","sgg":"47111","cap":1735,"type":"공공용시설 / 지하","src":"localdata","asof":"2026-05-02"}},{"type":"Feature","geometry":{"type":"Point","coordinates":[129.32841,36.00893]},"properties":{"name":"승리아파트3동 지하주차장 1층","addr":"경상북도 포항시 남구 지곡로 20 (효자동, 승리아파트)","sgg":"47111","cap":372,"type":"공공용시설 / 지하","src":"localdata","asof":"2026-05-02"}},{"type":"Feature","geometry":{"type":"Point","coordinates":[129.34361,36.03195]},"properties":{"name":"신흥아델리움 지하주차장 1층","addr":"경상북도 포항시 북구 양학로 119 (득량동, 신흥아델리움아파트)","sgg":"47113","cap":731,"type":"공공용시설 / 지하","src":"localdata","asof":"2026-05-02"}},{"type":"Feature","geometry":{"type":"Point","coordinates":[129.33852,36.02134]},"properties":{"name":"대잠센트럴하이츠 지하주차장 1층","addr":"경상북도 포항시 남구 희망대로 520 (대잠동, 대잠센트럴하이츠아파트)","sgg":"47111","cap":11358,"type":"공공용시설 / 지하","src":"localdata","asof":"2026-05-02"}},{"type":"Feature","geometry":{"type":"Point","coordinates":[129.33465,36.0066]},"properties":{"name":"SK뷰1차아파트 지하주차장 1층","addr":"경상북도 포항시 남구 새천년대로 306 (효자동, 웰빙타운에스케이뷰아파트)","sgg":"47111","cap":38076,"type":"공공용시설 / 지하","src":"localdata","asof":"2026-05-02"}},{"type":"Feature","geometry":{"type":"Point","coordinates":[129.31801,36.03067]},"properties":{"name":"그린빌라 332동 지하주차장 1층","addr":"경상북도 포항시 남구 지곡로 303 (지곡동, 그린빌라)","sgg":"47111","cap":639,"type":"공공용시설 / 지하","src":"localdata","asof":"2026-05-02"}},{"type":"Feature","geometry":{"type":"Point","coordinates":[129.361,36.01731]},"properties":{"name":"KT전화국 지하주차장 1층","addr":"경상북도 포항시 남구 포스코대로 346 (대도동, KT포항지사)","sgg":"47111","cap":2293,"type":"공공용시설 / 지하","src":"localdata","asof":"2026-05-02"}},{"type":"Feature","geometry":{"type":"Point","coordinates":[129.33542,36.06972]},"properties":{"name":"대유타운 지하주차장 1층","addr":"경상북도 포항시 북구 흥해읍 달전로 291 (대유타운아파트)","sgg":"47113","cap":8572,"type":"공공용시설 / 지하","src":"localdata","asof":"2026-05-02"}},{"type":"Feature","geometry":{"type":"Point","coordinates":[129.3759,36.05427]},"properties":{"name":"우방비치타운 제1지하주차장 1층","addr":"경상북도 포항시 북구 삼호로 175 (항구동, 우방비치아파트)","sgg":"47113","cap":3058,"type":"공공용시설 / 지하","src":"localdata","asof":"2026-05-02"}},{"type":"Feature","geometry":{"type":"Point","coordinates":[129.31958,36.00687]},"properties":{"name":"유강우방타운 102동 지하주차장 1층","addr":"경상북도 포항시 남구 연일읍 유강길 32 (유강우방타운)","sgg":"47111","cap":1093,"type":"공공용시설 / 지하","src":"localdata","asof":"2026-05-02"}},{"type":"Feature","geometry":{"type":"Point","coordinates":[129.34092,36.03156]},"properties":{"name":"이동삼성아파트(109동) 지하주차장 1층","addr":"경상북도 포항시 북구 이동로 48-11 (득량동, 이동삼성아파트)","sgg":"47113","cap":3430,"type":"공공용시설 / 지하","src":"localdata","asof":"2026-05-02"}},{"type":"Feature","geometry":{"type":"Point","coordinates":[129.42072,35.99303]},"properties":{"name":"한빛타운 A동 지하","addr":"경상북도 포항시 남구 동해안로5876번길 6 (일월동, 한빛타운)","sgg":"47111","cap":358,"type":"공공용시설 / 지하","src":"localdata","asof":"2026-05-02"}},{"type":"Feature","geometry":{"type":"Point","coordinates":[129.36942,36.04977]},"properties":{"name":"롯데백화점 지하주차장 1층","addr":"경상북도 포항시 북구 학산로 62 (학산동, 롯데백화점)","sgg":"47113","cap":5404,"type":"공공용시설 / 지하","src":"localdata","asof":"2026-05-02"}},{"type":"Feature","geometry":{"type":"Point","coordinates":[129.3149,36.0058]},"properties":{"name":"대림한숲1차 1P 지하주차장 1층","addr":"경상북도 포항시 남구 연일읍 유강길9번길 62 (대림한숲타운1차아파트)","sgg":"47111","cap":1653,"type":"공공용시설 / 지하","src":"localdata","asof":"2026-05-02"}},{"type":"Feature","geometry":{"type":"Point","coordinates":[129.38364,36.09117]},"properties":{"name":"장량휴먼시아(105,106,107,108)지하주차장1층","addr":"경상북도 포항시 북구 장량중앙로 17(양덕동, 장량휴먼시아)","sgg":"47113","cap":2104,"type":"공공용시설 / 지하","src":"localdata","asof":"2026-05-02"}},{"type":"Feature","geometry":{"type":"Point","coordinates":[129.37787,36.08107]},"properties":{"name":"장성대림골든빌(제2주차장) 지하주차장 1층","addr":"경상북도 포항시 북구 침촌로 20(장성동, 대림골든빌아파트)","sgg":"47113","cap":1990,"type":"공공용시설 / 지하","src":"localdata","asof":"2026-05-02"}},{"type":"Feature","geometry":{"type":"Point","coordinates":[129.3149,36.0058]},"properties":{"name":"대림한숲1차 9P 지하주차장 1층","addr":"경상북도 포항시 남구 연일읍 유강길9번길 62 (대림한숲타운1차아파트)","sgg":"47111","cap":2324,"type":"공공용시설 / 지하","src":"localdata","asof":"2026-05-02"}},{"type":"Feature","geometry":{"type":"Point","coordinates":[129.37421,36.05608]},"properties":{"name":"우방청운 지하주차장 1층","addr":"경상북도 포항시 북구 학전로 37, 우방청운아파트(상가동) (학산동)","sgg":"47113","cap":5901,"type":"공공용시설 / 지하","src":"localdata","asof":"2026-05-02"}},{"type":"Feature","geometry":{"type":"Point","coordinates":[129.41209,35.96991]},"properties":{"name":"주은리버타운 지하주차장 1층","addr":"경상북도 포항시 남구 오천읍 해병로 283 (주은리버타운)","sgg":"47111","cap":4231,"type":"공공용시설 / 지하","src":"localdata","asof":"2026-05-02"}},{"type":"Feature","geometry":{"type":"Point","coordinates":[129.3177,36.03087]},"properties":{"name":"그린빌라 316동 지하주차장 1층","addr":"경상북도 포항시 남구 지곡로 319 (지곡동, 그린빌라)","sgg":"47111","cap":533,"type":"공공용시설 / 지하","src":"localdata","asof":"2026-05-02"}},{"type":"Feature","geometry":{"type":"Point","coordinates":[129.5553,35.99042]},"properties":{"name":"여의주타워 지하주차장 1층","addr":"경상북도 포항시 남구 구룡포읍 호미로 225 (구룡포여의주타워)","sgg":"47111","cap":2258,"type":"공공용시설 / 지하","src":"localdata","asof":"2026-05-02"}},{"type":"Feature","geometry":{"type":"Point","coordinates":[129.32497,36.02066]},"properties":{"name":"교수아파트 지하","addr":"경상북도 포항시 남구 지곡로 155 (지곡동, 교수아파트)","sgg":"47111","cap":3318,"type":"공공용시설 / 지하","src":"localdata","asof":"2026-05-02"}},{"type":"Feature","geometry":{"type":"Point","coordinates":[129.37352,36.06357]},"properties":{"name":"창포아이파크1차 지하주차장 1층","addr":"경상북도 포항시 북구 대곡로 5 (두호동, 창포아이파크1차아파트)","sgg":"47113","cap":2017,"type":"공공용시설 / 지하","src":"localdata","asof":"2026-05-02"}},{"type":"Feature","geometry":{"type":"Point","coordinates":[129.40695,35.98326]},"properties":{"name":"우방신세계타운1차 지하주차장 1층","addr":"경상북도 포항시 남구 해병로 125 (인덕동, 우방신세계1차아파트)","sgg":"47111","cap":3140,"type":"공공용시설 / 지하","src":"localdata","asof":"2026-05-02"}},{"type":"Feature","geometry":{"type":"Point","coordinates":[129.37558,36.06183]},"properties":{"name":"우방하이츠 지하주차장 1층","addr":"경상북도 포항시 북구 학전로 103 (두호동, 우방하이츠)","sgg":"47113","cap":2918,"type":"공공용시설 / 지하","src":"localdata","asof":"2026-05-02"}},{"type":"Feature","geometry":{"type":"Point","coordinates":[129.36893,36.02225]},"properties":{"name":"등정형외과의원 지하주차장 1층","addr":"경상북도 포항시 남구 중앙로 102 (해도동)","sgg":"47111","cap":350,"type":"공공용시설 / 지하","src":"localdata","asof":"2026-05-02"}},{"type":"Feature","geometry":{"type":"Point","coordinates":[129.33948,36.07672]},"properties":{"name":"삼도드림파크 지하주차장 1층","addr":"경상북도 포항시 북구 흥해읍 달전로 365, 114동 16층 (삼도드림파크)","sgg":"47113","cap":3672,"type":"공공용시설 / 지하","src":"localdata","asof":"2026-05-02"}},{"type":"Feature","geometry":{"type":"Point","coordinates":[129.35709,36.02221]},"properties":{"name":"삼성생명 지하주차장 1층","addr":"경상북도 포항시 북구 중흥로 205 (죽도동, 삼성빌딩)","sgg":"47113","cap":2273,"type":"공공용시설 / 지하","src":"localdata","asof":"2026-05-02"}},{"type":"Feature","geometry":{"type":"Point","coordinates":[129.34264,36.01879]},"properties":{"name":"포항시청 지하주차장 1층","addr":"경상북도 포항시 남구 시청로 1 (대잠동, 포항시청)","sgg":"47111","cap":3520,"type":"공공용시설 / 지하","src":"localdata","asof":"2026-05-02"}},{"type":"Feature","geometry":{"type":"Point","coordinates":[129.31801,36.03067]},"properties":{"name":"그린빌라 320동 지하주차장 1층","addr":"경상북도 포항시 남구 지곡로 303 (지곡동, 그린빌라)","sgg":"47111","cap":456,"type":"공공용시설 / 지하","src":"localdata","asof":"2026-05-02"}},{"type":"Feature","geometry":{"type":"Point","coordinates":[129.36503,36.06199]},"properties":{"name":"금호어울림아파트 지하주차장 1층","addr":"경상북도 포항시 북구 우창동로 157 (창포동, 금호어울림아파트)","sgg":"47113","cap":21380,"type":"공공용시설 / 지하","src":"localdata","asof":"2026-05-02"}},{"type":"Feature","geometry":{"type":"Point","coordinates":[129.38112,36.07022]},"properties":{"name":"동아금강맨션 지하주차장 1층","addr":"경상북도 포항시 북구 용두산길 74 (두호동, 동아금강아파트)","sgg":"47113","cap":2997,"type":"공공용시설 / 지하","src":"localdata","asof":"2026-05-02"}},{"type":"Feature","geometry":{"type":"Point","coordinates":[129.3692,36.06952]},"properties":{"name":"창포보성아파트 지하주차장 1층","addr":"경상북도 포항시 북구 새천년대로1123번길 28 (장성동, 창포보성아파트)","sgg":"47113","cap":2400,"type":"공공용시설 / 지하","src":"localdata","asof":"2026-05-02"}},{"type":"Feature","geometry":{"type":"Point","coordinates":[129.37509,36.06639]},"properties":{"name":"현진에버빌 1단지(105동~106동) 지하주차장 1층","addr":"경상북도 포항시 북구 성실로 55, 105동 (장성동, 현진에버빌1단지아파트)","sgg":"47113","cap":6559,"type":"공공용시설 / 지하","src":"localdata","asof":"2026-05-02"}},{"type":"Feature","geometry":{"type":"Point","coordinates":[129.39282,36.08448]},"properties":{"name":"장성현대아파트 지하주차장 1층","addr":"경상북도 포항시 북구 장량로113번길 30(장성동, 장성현대아파트)","sgg":"47113","cap":4300,"type":"공공용시설 / 지하","src":"localdata","asof":"2026-05-02"}},{"type":"Feature","geometry":{"type":"Point","coordinates":[129.35089,36.0278]},"properties":{"name":"대림힐타운(103동) 지하주차장 1층","addr":"경상북도 포항시 북구 양학로34번길 14 (학잠동, 대림힐타운)","sgg":"47113","cap":117,"type":"공공용시설 / 지하","src":"localdata","asof":"2026-05-02"}},{"type":"Feature","geometry":{"type":"Point","coordinates":[129.34132,36.0338]},"properties":{"name":"경성양학마을 지하주차장 1층","addr":"경상북도 포항시 북구 양학로 149 (득량동, 경성양학마을아파트)","sgg":"47113","cap":971,"type":"공공용시설 / 지하","src":"localdata","asof":"2026-05-02"}},{"type":"Feature","geometry":{"type":"Point","coordinates":[129.31525,36.00542]},"properties":{"name":"유강늘푸른마을 지하주차장 1층","addr":"경상북도 포항시 남구 연일읍 유강길9번길 58 (늘푸른마을아파트)","sgg":"47111","cap":921,"type":"공공용시설 / 지하","src":"localdata","asof":"2026-05-02"}},{"type":"Feature","geometry":{"type":"Point","coordinates":[129.38211,36.07086]},"properties":{"name":"천호타운 지하주차장 1층","addr":"경상북도 포항시 북구 삼흥로100번길 24 (두호동, 천호타운)","sgg":"47113","cap":1174,"type":"공공용시설 / 지하","src":"localdata","asof":"2026-05-02"}},{"type":"Feature","geometry":{"type":"Point","coordinates":[129.40033,35.96857]},"properties":{"name":"부영2차 지하주차장 1층","addr":"경상북도 포항시 남구 오천읍 남원로 85 (2차부영아파트)","sgg":"47111","cap":20914,"type":"공공용시설 / 지하","src":"localdata","asof":"2026-05-02"}},{"type":"Feature","geometry":{"type":"Point","coordinates":[129.32508,36.01579]},"properties":{"name":"낙원아파트 7동 지하주차장 1층","addr":"경상북도 포항시 남구 지곡로 102 (지곡동, 포스빌)","sgg":"47111","cap":415,"type":"공공용시설 / 지하","src":"localdata","asof":"2026-05-02"}},{"type":"Feature","geometry":{"type":"Point","coordinates":[129.3367,36.11183]},"properties":{"name":"한동맨션 지하주차장 1층","addr":"경상북도 포항시 북구 흥해읍 신흥로 870 (한동맨션)","sgg":"47113","cap":1158,"type":"공공용시설 / 지하","src":"localdata","asof":"2026-05-02"}},{"type":"Feature","geometry":{"type":"Point","coordinates":[129.36605,36.01011]},"properties":{"name":"문화예술회관 지하","addr":"경상북도 포항시 남구 희망대로 850 (대도동, 문화예술회관)","sgg":"47111","cap":2484,"type":"공공용시설 / 지하","src":"localdata","asof":"2026-05-02"}},{"type":"Feature","geometry":{"type":"Point","coordinates":[129.3759,36.05427]},"properties":{"name":"우방비치타운 제3지하주차장 1층","addr":"경상북도 포항시 북구 삼호로 175 (항구동, 우방비치아파트)","sgg":"47113","cap":7036,"type":"공공용시설 / 지하","src":"localdata","asof":"2026-05-02"}},{"type":"Feature","geometry":{"type":"Point","coordinates":[129.39983,35.97451]},"properties":{"name":"부영5차 지하주차장 1층","addr":"경상북도 포항시 남구 오천읍 중원로 71-30","sgg":"47111","cap":28239,"type":"공공용시설 / 지하","src":"localdata","asof":"2026-05-02"}},{"type":"Feature","geometry":{"type":"Point","coordinates":[129.38364,36.09117]},"properties":{"name":"장량휴먼시아(101-102) 지하주차장 1층","addr":"경상북도 포항시 북구 장량중앙로 17(양덕동, 장량휴먼시아)","sgg":"47113","cap":1636,"type":"공공용시설 / 지하","src":"localdata","asof":"2026-05-02"}},{"type":"Feature","geometry":{"type":"Point","coordinates":[129.36005,36.05442]},"properties":{"name":"신동아베르디3차 지하주차장 1층","addr":"경상북도 포항시 북구 우창동로 10 (우현동, 신동아파밀리에아파트)","sgg":"47113","cap":11271,"type":"공공용시설 / 지하","src":"localdata","asof":"2026-05-02"}},{"type":"Feature","geometry":{"type":"Point","coordinates":[129.36778,36.02679]},"properties":{"name":"학산타워빌딩 지하주차장 1층","addr":"경상북도 포항시 남구 중앙로 154 (해도동, 학산타워빌딩)","sgg":"47111","cap":4588,"type":"공공용시설 / 지하","src":"localdata","asof":"2026-05-02"}},{"type":"Feature","geometry":{"type":"Point","coordinates":[129.35985,36.05549]},"properties":{"name":"신동아베르디1차 지하주차장 1층","addr":"경상북도 포항시 북구 우창로 20 (우현동, 신동아베르디1차)","sgg":"47113","cap":16908,"type":"공공용시설 / 지하","src":"localdata","asof":"2026-05-02"}},{"type":"Feature","geometry":{"type":"Point","coordinates":[129.35137,36.01479]},"properties":{"name":"교보생명 지하주차장 1층","addr":"경상북도 포항시 북구 중흥로 109 (죽도동, 교보생명빌딩)","sgg":"47113","cap":1822,"type":"공공용시설 / 지하","src":"localdata","asof":"2026-05-02"}},{"type":"Feature","geometry":{"type":"Point","coordinates":[129.34092,36.03156]},"properties":{"name":"이동삼성아파트(102동) 지하주차장 1층","addr":"경상북도 포항시 북구 이동로 48-11 (득량동, 이동삼성아파트)","sgg":"47113","cap":4786,"type":"공공용시설 / 지하","src":"localdata","asof":"2026-05-02"}},{"type":"Feature","geometry":{"type":"Point","coordinates":[129.38352,36.06952]},"properties":{"name":"산호녹원맨션 지하주차장 1층","addr":"경상북도 포항시 북구 삼흥로100번길 43 (두호동, 산호녹원맨션)","sgg":"47113","cap":2454,"type":"공공용시설 / 지하","src":"localdata","asof":"2026-05-02"}},{"type":"Feature","geometry":{"type":"Point","coordinates":[129.35993,36.05006]},"properties":{"name":"대동우방타운 지하주차장 1층","addr":"경상북도 포항시 북구 중앙로419번길 21 (우현동, 대동우방타운)","sgg":"47113","cap":4155,"type":"공공용시설 / 지하","src":"localdata","asof":"2026-05-02"}},{"type":"Feature","geometry":{"type":"Point","coordinates":[129.34369,35.99854]},"properties":{"name":"삼도한솔1차 지하주차장 1층","addr":"경상북도 포항시 남구 연일읍 연일로 142 (삼도한솔1차아파트)","sgg":"47111","cap":976,"type":"공공용시설 / 지하","src":"localdata","asof":"2026-05-02"}},{"type":"Feature","geometry":{"type":"Point","coordinates":[129.37553,36.03983]},"properties":{"name":"태왕아너스 오션 아파트 지하주차장 1층","addr":"경상북도 포항시 남구 서동로 162 (송도동, 태왕아너스오션)","sgg":"47111","cap":18265,"type":"공공용시설 / 지하","src":"localdata","asof":"2026-05-02"}},{"type":"Feature","geometry":{"type":"Point","coordinates":[129.34844,36.10563]},"properties":{"name":"금성타워맨션 지하주차장 1층","addr":"경상북도 포항시 북구 흥해읍 남미질로 47 (금성타워)","sgg":"47113","cap":1323,"type":"공공용시설 / 지하","src":"localdata","asof":"2026-05-02"}},{"type":"Feature","geometry":{"type":"Point","coordinates":[129.36583,36.03398]},"properties":{"name":"KEB 하나은행 지하주차장 1층","addr":"경상북도 포항시 북구 중앙로 236 (죽도동, 외환은행)","sgg":"47113","cap":1110,"type":"공공용시설 / 지하","src":"localdata","asof":"2026-05-02"}},{"type":"Feature","geometry":{"type":"Point","coordinates":[129.39292,36.07039]},"properties":{"name":"환호해맞이그린빌2단지 지하주차장 1층","addr":"경상북도 포항시 북구 환호로 24 (환호동, 해맞이그린빌2단지아파트)","sgg":"47113","cap":5569,"type":"공공용시설 / 지하","src":"localdata","asof":"2026-05-02"}},{"type":"Feature","geometry":{"type":"Point","coordinates":[129.33266,36.0782]},"properties":{"name":"삼도미래 2차 지하주차장 1층","addr":"경상북도 포항시 북구 흥해읍 도음로 902 (학천삼도미래타운2차)","sgg":"47113","cap":1786,"type":"공공용시설 / 지하","src":"localdata","asof":"2026-05-02"}},{"type":"Feature","geometry":{"type":"Point","coordinates":[129.40232,35.99221]},"properties":{"name":"민방위대피시설(진달래2차나동)","addr":"경상북도 포항시 남구 정몽주로879번길 28 (청림동, 진달래아파트)","sgg":"47111","cap":803,"type":"공공용시설 / 지하","src":"localdata","asof":"2026-05-02"}},{"type":"Feature","geometry":{"type":"Point","coordinates":[129.31958,36.00687]},"properties":{"name":"유강우방타운 101동 지하주차장 1층","addr":"경상북도 포항시 남구 연일읍 유강길 32 (유강우방타운)","sgg":"47111","cap":2301,"type":"공공용시설 / 지하","src":"localdata","asof":"2026-05-02"}},{"type":"Feature","geometry":{"type":"Point","coordinates":[129.3177,36.03087]},"properties":{"name":"그린빌라 307동 지하주차장 1층","addr":"경상북도 포항시 남구 지곡로 319 (지곡동, 그린빌라)","sgg":"47111","cap":456,"type":"공공용시설 / 지하","src":"localdata","asof":"2026-05-02"}},{"type":"Feature","geometry":{"type":"Point","coordinates":[129.35394,36.04717]},"properties":{"name":"성봉우미타운 지하주차장 1층","addr":"경상북도 포항시 북구 용흥로 322 (용흥동, 성봉우미타운)","sgg":"47113","cap":5023,"type":"공공용시설 / 지하","src":"localdata","asof":"2026-05-02"}},{"type":"Feature","geometry":{"type":"Point","coordinates":[129.35717,36.03856]},"properties":{"name":"용흥현대타워2차아파트 지하주차장 1층","addr":"경상북도 포항시 북구 새마을로 26 (용흥동, 현대2차타워아파트)","sgg":"47113","cap":7390,"type":"공공용시설 / 지하","src":"localdata","asof":"2026-05-02"}},{"type":"Feature","geometry":{"type":"Point","coordinates":[129.37329,36.05886]},"properties":{"name":"우방신천지타운 지하주차장 1층","addr":"경상북도 포항시 북구 새천년대로1020번길 30 (두호동, 우방신천지아파트)","sgg":"47113","cap":31846,"type":"공공용시설 / 지하","src":"localdata","asof":"2026-05-02"}},{"type":"Feature","geometry":{"type":"Point","coordinates":[129.34358,35.99759]},"properties":{"name":"삼도한솔2차 지하주차장 1층","addr":"경상북도 포항시 남구 연일읍 연일로 154, 삼도한솔타운2차","sgg":"47111","cap":465,"type":"공공용시설 / 지하","src":"localdata","asof":"2026-05-02"}},{"type":"Feature","geometry":{"type":"Point","coordinates":[129.34806,36.03052]},"properties":{"name":"학잠보성아파트(105동) 지하주차장 1층","addr":"경상북도 포항시 북구 양학로 70-30 (학잠동, 학잠보성아파트)","sgg":"47113","cap":5018,"type":"공공용시설 / 지하","src":"localdata","asof":"2026-05-02"}},{"type":"Feature","geometry":{"type":"Point","coordinates":[129.39904,35.94054]},"properties":{"name":"삼주용산타운 지하주차장 1층","addr":"경상북도 포항시 남구 오천읍 정몽주로 164 (삼주용산타운)","sgg":"47111","cap":1326,"type":"공공용시설 / 지하","src":"localdata","asof":"2026-05-02"}},{"type":"Feature","geometry":{"type":"Point","coordinates":[129.3177,36.03087]},"properties":{"name":"그린빌라 318동 지하주차장 1층","addr":"경상북도 포항시 남구 지곡로 319 (지곡동, 그린빌라)","sgg":"47111","cap":684,"type":"공공용시설 / 지하","src":"localdata","asof":"2026-05-02"}},{"type":"Feature","geometry":{"type":"Point","coordinates":[129.39064,36.06851]},"properties":{"name":"환호해맞이그린빌1단지지하주차장 1층","addr":"경상북도 포항시 북구 삼호로 391 (환호동, 환호해맞이그린빌)","sgg":"47113","cap":16422,"type":"공공용시설 / 지하","src":"localdata","asof":"2026-05-02"}},{"type":"Feature","geometry":{"type":"Point","coordinates":[129.38866,36.07625]},"properties":{"name":"장성롯데낙천대(제1주차장) 지하주차장 1층","addr":"경상북도 포항시 북구 법원로40번길 38(장성동, 롯데낙천대아파트)","sgg":"47113","cap":5000,"type":"공공용시설 / 지하","src":"localdata","asof":"2026-05-02"}},{"type":"Feature","geometry":{"type":"Point","coordinates":[129.54958,35.98141]},"properties":{"name":"해뜨는마을 지하주차장 지하주차장 1층","addr":"경상북도 포항시 남구 구룡포읍 병포길 124-6 (해뜨는마을)","sgg":"47111","cap":6029,"type":"공공용시설 / 지하","src":"localdata","asof":"2026-05-02"}},{"type":"Feature","geometry":{"type":"Point","coordinates":[129.35065,35.99092]},"properties":{"name":"삼도한솔3차 지하주차장 1층","addr":"경상북도 포항시 남구 연일읍 철강로 71 (삼도한솔타운3차)","sgg":"47111","cap":1709,"type":"공공용시설 / 지하","src":"localdata","asof":"2026-05-02"}},{"type":"Feature","geometry":{"type":"Point","coordinates":[129.32141,36.00604]},"properties":{"name":"대림한숲 3차 지하주차장 1층","addr":"경상북도 포항시 남구 연일읍 유강길10번길 33-4, 대림한숲타운3단지아파트","sgg":"47111","cap":1738,"type":"공공용시설 / 지하","src":"localdata","asof":"2026-05-02"}},{"type":"Feature","geometry":{"type":"Point","coordinates":[129.35089,36.0278]},"properties":{"name":"대림힐타운(107동) 지하주차장 1층","addr":"경상북도 포항시 북구 양학로34번길 14 (학잠동, 대림힐타운)","sgg":"47113","cap":682,"type":"공공용시설 / 지하","src":"localdata","asof":"2026-05-02"}},{"type":"Feature","geometry":{"type":"Point","coordinates":[129.34885,36.01277]},"properties":{"name":"밸류플러스 지하주차장","addr":"경상북도 포항시 남구 중흥로 77 (상도동, 밸류플러스)","sgg":"47111","cap":29402,"type":"공공용시설 / 지하","src":"localdata","asof":"2026-05-02"}},{"type":"Feature","geometry":{"type":"Point","coordinates":[129.40873,35.95035]},"properties":{"name":"천마타운1차 지하주차장 1층","addr":"경상북도 포항시 남구 오천읍 정몽주로 333 (천마타운1차)","sgg":"47111","cap":4790,"type":"공공용시설 / 지하","src":"localdata","asof":"2026-05-02"}},{"type":"Feature","geometry":{"type":"Point","coordinates":[129.34064,36.02741]},"properties":{"name":"이동그린빌명품 지하주차장 1층","addr":"경상북도 포항시 남구 대이로 138 (이동, 그린빌명품아파트)","sgg":"47111","cap":5616,"type":"공공용시설 / 지하","src":"localdata","asof":"2026-05-02"}},{"type":"Feature","geometry":{"type":"Point","coordinates":[129.32508,36.01579]},"properties":{"name":"낙원아파트 8동 지하주차장 1층","addr":"경상북도 포항시 남구 지곡로 102 (지곡동, 포스빌)","sgg":"47111","cap":406,"type":"공공용시설 / 지하","src":"localdata","asof":"2026-05-02"}},{"type":"Feature","geometry":{"type":"Point","coordinates":[129.37509,36.06639]},"properties":{"name":"현진에버빌 1단지(101동~104동) 지하주차장 1층","addr":"경상북도 포항시 북구 성실로 55, 101동 (장성동, 현진에버빌1단지아파트)","sgg":"47113","cap":11848,"type":"공공용시설 / 지하","src":"localdata","asof":"2026-05-02"}},{"type":"Feature","geometry":{"type":"Point","coordinates":[129.3149,36.0058]},"properties":{"name":"대림한숲1차 3P 지하주차장 1층","addr":"경상북도 포항시 남구 연일읍 유강길9번길 62 (대림한숲타운1차아파트)","sgg":"47111","cap":1766,"type":"공공용시설 / 지하","src":"localdata","asof":"2026-05-02"}},{"type":"Feature","geometry":{"type":"Point","coordinates":[129.35716,36.04579]},"properties":{"name":"쌍용아파트 지하주차장 1층","addr":"경상북도 포항시 북구 용흥로 354 (용흥동, 용흥쌍용아파트)","sgg":"47113","cap":5153,"type":"공공용시설 / 지하","src":"localdata","asof":"2026-05-02"}},{"type":"Feature","geometry":{"type":"Point","coordinates":[129.40009,35.97134]},"properties":{"name":"부영3차 지하주차장 1층","addr":"경상북도 포항시 남구 오천읍 남원로 86-19 (3차부영아파트)","sgg":"47111","cap":26879,"type":"공공용시설 / 지하","src":"localdata","asof":"2026-05-02"}},{"type":"Feature","geometry":{"type":"Point","coordinates":[129.40584,36.08329]},"properties":{"name":"양덕삼성쉐르빌(101-108) 지하주차장 1층","addr":"경상북도 포항시 북구 양덕로50번길 33(양덕동, 삼성쉐르빌아파트)","sgg":"47113","cap":32143,"type":"공공용시설 / 지하","src":"localdata","asof":"2026-05-02"}},{"type":"Feature","geometry":{"type":"Point","coordinates":[129.20678,35.84399]},"properties":{"name":"중앙시장지하 1층 주차장","addr":"경상북도 경주시 금성로 295 (성건동)","sgg":"47130","cap":3235,"type":"공공용시설 / 지하","src":"localdata","asof":"2025-12-15"}},{"type":"Feature","geometry":{"type":"Point","coordinates":[129.1903,35.84019]},"properties":{"name":"신원아침도시 지하 1층 주차장","addr":"경상북도 경주시 충효1길 8 (충효동, 충효신원아침도시아파트)","sgg":"47130","cap":4724,"type":"공공용시설 / 지하","src":"localdata","asof":"2025-12-15"}},{"type":"Feature","geometry":{"type":"Point","coordinates":[129.19719,36.00404]},"properties":{"name":"안강우방타운 지하 1층 주차장","addr":"경상북도 경주시 안강읍 구부랑길 73","sgg":"47130","cap":4628,"type":"공공용시설 / 지하","src":"localdata","asof":"2026-02-01"}},{"type":"Feature","geometry":{"type":"Point","coordinates":[129.2064,35.87185]},"properties":{"name":"새한센시빌아파트 지하 1층 주차장","addr":"경상북도 경주시 현곡면 안현로 68-7 (새한센시빌아파트)","sgg":"47130","cap":7000,"type":"공공용시설 / 지하","src":"localdata","asof":"2025-12-15"}},{"type":"Feature","geometry":{"type":"Point","coordinates":[129.22588,35.85859]},"properties":{"name":"동천우방타운 지하 1층 주차장","addr":"경상북도 경주시 백률로57번길 22 (동천동)","sgg":"47130","cap":12202,"type":"공공용시설 / 지하","src":"localdata","asof":"2025-12-15"}},{"type":"Feature","geometry":{"type":"Point","coordinates":[129.214,35.86852]},"properties":{"name":"황성동신흥1차로얄맨션지하주차장 (101동)","addr":"경상북도 경주시 용담로92번길 53-8 (황성동)","sgg":"47130","cap":3641,"type":"공공용시설 / 지하","src":"localdata","asof":"2025-12-15"}},{"type":"Feature","geometry":{"type":"Point","coordinates":[129.21457,35.84468]},"properties":{"name":"KT 경주지점 지하 2층","addr":"경상북도 경주시 화랑로 125 (성동동)","sgg":"47130","cap":2783,"type":"공공용시설 / 지하","src":"localdata","asof":"2026-02-11"}},{"type":"Feature","geometry":{"type":"Point","coordinates":[129.33096,35.71464]},"properties":{"name":"경주외동엘에이치아파트","addr":"경상북도 경주시 외동읍 본동길 14","sgg":"47130","cap":4770,"type":"공공용시설 / 지하","src":"localdata","asof":"2026-02-01"}},{"type":"Feature","geometry":{"type":"Point","coordinates":[129.20255,35.87131]},"properties":{"name":"세정스위츠리버 지하 1층 주차장","addr":"경상북도 경주시 현곡면 안현로 43-9 (세정스위츠리버)","sgg":"47130","cap":4017,"type":"공공용시설 / 지하","src":"localdata","asof":"2025-12-15"}},{"type":"Feature","geometry":{"type":"Point","coordinates":[129.21635,35.86918]},"properties":{"name":"황성동청우타운401동지하주차장","addr":"경상북도 경주시 황성로69번길 18 (황성동)","sgg":"47130","cap":1143,"type":"공공용시설 / 지하","src":"localdata","asof":"2025-12-15"}},{"type":"Feature","geometry":{"type":"Point","coordinates":[129.17599,35.84576]},"properties":{"name":"대우1차아파트 지하 1층 주차장","addr":"경상북도 경주시 충효녹지길 142-9 (충효동)","sgg":"47130","cap":4086,"type":"공공용시설 / 지하","src":"localdata","asof":"2025-12-15"}},{"type":"Feature","geometry":{"type":"Point","coordinates":[129.22833,35.84431]},"properties":{"name":"경주소방서 지하 1층","addr":"경상북도 경주시 알천남로 276 (황오동)","sgg":"47130","cap":532,"type":"공공용시설 / 지하","src":"localdata","asof":"2026-02-11"}},{"type":"Feature","geometry":{"type":"Point","coordinates":[129.19117,35.84152]},"properties":{"name":"삼정아파트 지하 1층 주차장","addr":"경상북도 경주시 충효1길 22-5 (충효동)","sgg":"47130","cap":1190,"type":"공공용시설 / 지하","src":"localdata","asof":"2025-12-15"}},{"type":"Feature","geometry":{"type":"Point","coordinates":[129.21058,35.87]},"properties":{"name":"e편한세상아파트 지하 1층 주차장","addr":"경상북도 경주시 강변로 540 (황성동)","sgg":"47130","cap":31950,"type":"공공용시설 / 지하","src":"localdata","asof":"2025-12-15"}},{"type":"Feature","geometry":{"type":"Point","coordinates":[129.20425,35.87014]},"properties":{"name":"신한APT 지하 1층 주차장","addr":"경상북도 경주시 현곡면 금장5길 34","sgg":"47130","cap":4479,"type":"공공용시설 / 지하","src":"localdata","asof":"2025-12-15"}},{"type":"Feature","geometry":{"type":"Point","coordinates":[129.21829,35.8635]},"properties":{"name":"삼보타운107동 (지하주차장 1층)","addr":"경상북도 경주시 용담로54번길 30-15 (황성동)","sgg":"47130","cap":1389,"type":"공공용시설 / 지하","src":"localdata","asof":"2025-12-15"}},{"type":"Feature","geometry":{"type":"Point","coordinates":[129.21307,35.86914]},"properties":{"name":"황성동신흥2차로얄맨션지하주차장 (102동)","addr":"경상북도 경주시 용담로116번길 59 (황성동)","sgg":"47130","cap":677,"type":"공공용시설 / 지하","src":"localdata","asof":"2025-12-15"}},{"type":"Feature","geometry":{"type":"Point","coordinates":[129.22348,35.86299]},"properties":{"name":"대신3차아파트 지하 1층 주차장","addr":"경상북도 경주시 토용길6번길 10 (용강동)","sgg":"47130","cap":1752,"type":"공공용시설 / 지하","src":"localdata","asof":"2025-12-15"}},{"type":"Feature","geometry":{"type":"Point","coordinates":[129.13951,35.80608]},"properties":{"name":"신경주 유보라 아이비파크 2.0 지하주차장","addr":"경상북도 경주시 건천읍 경주역세권1로 89 (신경주 유보라 아이비파크 2단지)","sgg":"47130","cap":23070,"type":"공공용시설 / 지하","src":"localdata","asof":"2026-02-11"}},{"type":"Feature","geometry":{"type":"Point","coordinates":[129.23032,35.88656]},"properties":{"name":"경주용황스위첸 지하 1층 주차장","addr":"경상북도 경주시 용황로10길 42 (용강동)","sgg":"47130","cap":7584,"type":"공공용시설 / 지하","src":"localdata","asof":"2025-12-15"}},{"type":"Feature","geometry":{"type":"Point","coordinates":[129.18677,35.84379]},"properties":{"name":"츙효현대아파트 지하 1층 주차장","addr":"경상북도 경주시 충효3길 28-4 (충효동)","sgg":"47130","cap":661,"type":"공공용시설 / 지하","src":"localdata","asof":"2025-12-15"}},{"type":"Feature","geometry":{"type":"Point","coordinates":[129.49695,35.80524]},"properties":{"name":"남호비치타워맨션( 전체 동의 지하주차장 1층)","addr":"경상북도 경주시 감포읍 동해안로 2233 (남호비치타워맨션)","sgg":"47130","cap":991,"type":"공공용시설 / 지하","src":"localdata","asof":"2026-03-25"}},{"type":"Feature","geometry":{"type":"Point","coordinates":[129.21652,35.86896]},"properties":{"name":"황성동청우타운303동지하주차장","addr":"경상북도 경주시 황성로69번길 15 (황성동)","sgg":"47130","cap":496,"type":"공공용시설 / 지하","src":"localdata","asof":"2025-12-15"}},{"type":"Feature","geometry":{"type":"Point","coordinates":[129.32775,35.70145]},"properties":{"name":"벽산천마타운 지하 1층 주차장","addr":"경상북도 경주시 외동읍 송계길 4-3","sgg":"47130","cap":2015,"type":"공공용시설 / 지하","src":"localdata","asof":"2026-02-01"}},{"type":"Feature","geometry":{"type":"Point","coordinates":[129.20235,35.86633]},"properties":{"name":"현곡면 행정복지센터 지하 1층","addr":"경상북도 경주시 현곡면 금장2길 12, 현곡면 행정복지센터","sgg":"47130","cap":381,"type":"공공용시설 / 지하","src":"localdata","asof":"2025-12-15"}},{"type":"Feature","geometry":{"type":"Point","coordinates":[129.22926,35.87742]},"properties":{"name":"청구아파트 지하 1층 주차장","addr":"경상북도 경주시 승삼1길 9 (용강동)","sgg":"47130","cap":396,"type":"공공용시설 / 지하","src":"localdata","asof":"2025-12-15"}},{"type":"Feature","geometry":{"type":"Point","coordinates":[129.29093,35.837]},"properties":{"name":"더케이경주호텔 (지하주차장 1층)","addr":"경상북도 경주시 엑스포로 45 (신평동)","sgg":"47130","cap":4796,"type":"공공용시설 / 지하","src":"localdata","asof":"2025-12-15"}},{"type":"Feature","geometry":{"type":"Point","coordinates":[129.19424,36.00262]},"properties":{"name":"안강삼도타운 지하 1층 주차장","addr":"경상북도 경주시 안강읍 구부랑4길 24-1","sgg":"47130","cap":959,"type":"공공용시설 / 지하","src":"localdata","asof":"2026-02-01"}},{"type":"Feature","geometry":{"type":"Point","coordinates":[129.21457,35.87038]},"properties":{"name":"한신아파트 지하 1층 주차장","addr":"경상북도 경주시 황성로69번길 40 (황성동)","sgg":"47130","cap":958,"type":"공공용시설 / 지하","src":"localdata","asof":"2025-12-15"}},{"type":"Feature","geometry":{"type":"Point","coordinates":[129.13986,35.80596]},"properties":{"name":"신경주 유보라 아이비파크 1.0 지하주차장","addr":"경상북도 경주시 건천읍 경주역세권1로 90 (신경주 유보라아이비파크 1단지)","sgg":"47130","cap":63040,"type":"공공용시설 / 지하","src":"localdata","asof":"2026-01-29"}},{"type":"Feature","geometry":{"type":"Point","coordinates":[129.09936,35.85491]},"properties":{"name":"건천전원타운 지하 1층 주차장","addr":"경상북도 경주시 건천읍 작원3길 81-7 (전원타운)","sgg":"47130","cap":852,"type":"공공용시설 / 지하","src":"localdata","asof":"2026-02-01"}},{"type":"Feature","geometry":{"type":"Point","coordinates":[129.10924,35.84694]},"properties":{"name":"건천휴먼시아 지하 1층 주차장","addr":"경상북도 경주시 건천읍 대곡용명길 27","sgg":"47130","cap":2147,"type":"공공용시설 / 지하","src":"localdata","asof":"2026-02-01"}},{"type":"Feature","geometry":{"type":"Point","coordinates":[129.22015,35.85681]},"properties":{"name":"동천푸르지오아파트 지하 1층 주차장","addr":"경상북도 경주시 백률로 7 (동천동)","sgg":"47130","cap":25600,"type":"공공용시설 / 지하","src":"localdata","asof":"2025-12-15"}},{"type":"Feature","geometry":{"type":"Point","coordinates":[129.50125,35.8073]},"properties":{"name":"감포읍 행정복지센터 (대피시설 지하실 1층)","addr":"경상북도 경주시 감포읍 감포로8길 14-8, 감포읍 행정복지센터","sgg":"47130","cap":476,"type":"공공용시설 / 지하","src":"localdata","asof":"2025-12-15"}},{"type":"Feature","geometry":{"type":"Point","coordinates":[129.17653,35.84544]},"properties":{"name":"충효대신그린타운 지하 1층 주차장","addr":"경상북도 경주시 충효녹지길 138-8 (충효동)","sgg":"47130","cap":2354,"type":"공공용시설 / 지하","src":"localdata","asof":"2025-12-15"}},{"type":"Feature","geometry":{"type":"Point","coordinates":[129.2226,35.86207]},"properties":{"name":"대신2차아파트 지하 1층 주차장","addr":"경상북도 경주시 소금강로29번길 28 (용강동)","sgg":"47130","cap":2174,"type":"공공용시설 / 지하","src":"localdata","asof":"2025-12-15"}},{"type":"Feature","geometry":{"type":"Point","coordinates":[129.26617,35.80357]},"properties":{"name":"경주코아루그랑블아파트","addr":"경상북도 경주시 능원길 22 (도지동)","sgg":"47130","cap":24852,"type":"공공용시설 / 지하","src":"localdata","asof":"2025-12-15"}},{"type":"Feature","geometry":{"type":"Point","coordinates":[129.33638,35.67186]},"properties":{"name":"부성아파트 지하 1층 주차장","addr":"경상북도 경주시 외동읍 산업로 1762 (부성아파트)","sgg":"47130","cap":583,"type":"공공용시설 / 지하","src":"localdata","asof":"2026-02-01"}},{"type":"Feature","geometry":{"type":"Point","coordinates":[129.2225,35.86203]},"properties":{"name":"대신1차아파트 지하 1층 주차장","addr":"경상북도 경주시 소금강로29번길 29-0 (용강동)","sgg":"47130","cap":1715,"type":"공공용시설 / 지하","src":"localdata","asof":"2025-12-15"}},{"type":"Feature","geometry":{"type":"Point","coordinates":[129.21709,35.86869]},"properties":{"name":"황성동청우타운301동지하주차장","addr":"경상북도 경주시 황성로69번길 10 (황성동)","sgg":"47130","cap":1304,"type":"공공용시설 / 지하","src":"localdata","asof":"2025-12-15"}},{"type":"Feature","geometry":{"type":"Point","coordinates":[129.21768,35.86422]},"properties":{"name":"삼보타운106동지하주차장","addr":"경상북도 경주시 용담로54번길 30-3 (황성동)","sgg":"47130","cap":2006,"type":"공공용시설 / 지하","src":"localdata","asof":"2025-12-15"}},{"type":"Feature","geometry":{"type":"Point","coordinates":[129.22438,35.85593]},"properties":{"name":"경주시청 지하실 1층","addr":"경상북도 경주시 양정로 260 (동천동)","sgg":"47130","cap":433,"type":"공공용시설 / 지하","src":"localdata","asof":"2025-12-15"}},{"type":"Feature","geometry":{"type":"Point","coordinates":[129.23257,35.87566]},"properties":{"name":"용강삼환나우빌 지하 1층 주차장","addr":"경상북도 경주시 다불로 49 (용강동)","sgg":"47130","cap":20385,"type":"공공용시설 / 지하","src":"localdata","asof":"2025-12-15"}},{"type":"Feature","geometry":{"type":"Point","coordinates":[129.17921,35.84592]},"properties":{"name":"충효에덴타운 지하 1층 주차장","addr":"경상북도 경주시 충효5길 30 (충효동)","sgg":"47130","cap":661,"type":"공공용시설 / 지하","src":"localdata","asof":"2025-12-15"}},{"type":"Feature","geometry":{"type":"Point","coordinates":[129.17925,35.84492]},"properties":{"name":"대우2차아파트 지하 1층 주차장","addr":"경상북도 경주시 충효5길 13 (충효동)","sgg":"47130","cap":3924,"type":"공공용시설 / 지하","src":"localdata","asof":"2025-12-15"}},{"type":"Feature","geometry":{"type":"Point","coordinates":[129.21738,35.86748]},"properties":{"name":"황성현대5차아파트 지하 1층 주차장","addr":"경상북도 경주시 황성로 60 (황성동, 현대5차아파트)","sgg":"47130","cap":9174,"type":"공공용시설 / 지하","src":"localdata","asof":"2025-12-15"}},{"type":"Feature","geometry":{"type":"Point","coordinates":[129.33776,35.67242]},"properties":{"name":"성도대자연타운 지하 1층 주차장","addr":"경상북도 경주시 외동읍 산업로 1768-16 (성도대자연타운)","sgg":"47130","cap":2485,"type":"공공용시설 / 지하","src":"localdata","asof":"2026-02-01"}},{"type":"Feature","geometry":{"type":"Point","coordinates":[129.20434,35.86862]},"properties":{"name":"삼성강변APT 지하 1층 주차장","addr":"경상북도 경주시 현곡면 금장5길 20-19","sgg":"47130","cap":2859,"type":"공공용시설 / 지하","src":"localdata","asof":"2025-12-15"}},{"type":"Feature","geometry":{"type":"Point","coordinates":[129.22178,35.8533]},"properties":{"name":"우주로얄맨션 지하 1층 주차장","addr":"경상북도 경주시 대안길35번길 12-1 (동천동)","sgg":"47130","cap":3718,"type":"공공용시설 / 지하","src":"localdata","asof":"2025-12-15"}},{"type":"Feature","geometry":{"type":"Point","coordinates":[129.21642,35.84208]},"properties":{"name":"141미니호텔 지하 1층","addr":"경상북도 경주시 원효로 141 (황오동)","sgg":"47130","cap":363,"type":"공공용시설 / 지하","src":"localdata","asof":"2026-02-11"}},{"type":"Feature","geometry":{"type":"Point","coordinates":[129.20418,35.85018]},"properties":{"name":"성건동주민자치센터 지하 1층","addr":"경상북도 경주시 북문로 15 (성건동)","sgg":"47130","cap":550,"type":"공공용시설 / 지하","src":"localdata","asof":"2025-12-15"}},{"type":"Feature","geometry":{"type":"Point","coordinates":[129.28978,35.83811]},"properties":{"name":"KT경주수련관 (지하1층 주차장)","addr":"경상북도 경주시 엑스포로 30 (신평동)","sgg":"47130","cap":426,"type":"공공용시설 / 지하","src":"localdata","asof":"2025-12-15"}},{"type":"Feature","geometry":{"type":"Point","coordinates":[129.22374,35.88526]},"properties":{"name":"용강 현진에버빌2차 지하주차장","addr":"경상북도 경주시 광중길 73-6 (용강동)","sgg":"47130","cap":11380,"type":"공공용시설 / 지하","src":"localdata","asof":"2025-12-15"}},{"type":"Feature","geometry":{"type":"Point","coordinates":[129.21605,35.84703]},"properties":{"name":"황오동 (舊)행정복지센터 지하 1층","addr":"경상북도 경주시 북성로 130, 황오동 주민자치센터 (성동동)","sgg":"47130","cap":195,"type":"공공용시설 / 지하","src":"localdata","asof":"2026-02-11"}},{"type":"Feature","geometry":{"type":"Point","coordinates":[129.30056,35.77515]},"properties":{"name":"불국동 행정복지센터 지하 1층","addr":"경상북도 경주시 산업로 3008, 불국동 행정복지센터 (시래동)","sgg":"47130","cap":203,"type":"공공용시설 / 지하","src":"localdata","asof":"2025-12-15"}},{"type":"Feature","geometry":{"type":"Point","coordinates":[128.09711,36.1256]},"properties":{"name":"부곡화성타운 지하주차장 1층","addr":"경상북도 김천시 부곡길 162 (부곡동, 부곡화성타운)","sgg":"47150","cap":13801,"type":"공공용시설 / 지하","src":"localdata","asof":"2026-02-11"}},{"type":"Feature","geometry":{"type":"Point","coordinates":[128.17983,36.12088]},"properties":{"name":"KCC스위첸아파트 지하주차장 지하1층","addr":"경상북도 김천시 혁신5로 11 (율곡동, 경북혁신케이씨씨스위첸)","sgg":"47150","cap":23396,"type":"공공용시설 / 지하","src":"localdata","asof":"2026-02-11"}},{"type":"Feature","geometry":{"type":"Point","coordinates":[128.15712,36.11211]},"properties":{"name":"남혁신 코아루푸르나임 지하주차장 1층","addr":"경상북도 김천시 무실7길 45(덕곡동, 코아루푸르나임)","sgg":"47150","cap":4465,"type":"공공용시설 / 지하","src":"localdata","asof":"2025-12-15"}},{"type":"Feature","geometry":{"type":"Point","coordinates":[128.11781,36.12336]},"properties":{"name":"하나로마트 지하주차장 2층","addr":"경상북도 김천시 자산로 147 (평화동)","sgg":"47150","cap":1123,"type":"공공용시설 / 지하","src":"localdata","asof":"2026-02-11"}},{"type":"Feature","geometry":{"type":"Point","coordinates":[128.11478,36.14247]},"properties":{"name":"삼보타운 지하주차장 1층","addr":"경상북도 김천시 시청6길 42 (신음동, 삼보타운)","sgg":"47150","cap":1289,"type":"공공용시설 / 지하","src":"localdata","asof":"2026-02-11"}},{"type":"Feature","geometry":{"type":"Point","coordinates":[128.11835,36.13534]},"properties":{"name":"제일병원 지하1층","addr":"경상북도 김천시 신음1길 12, 김천제일병원 (신음동)","sgg":"47150","cap":330,"type":"공공용시설 / 지하","src":"localdata","asof":"2026-02-11"}},{"type":"Feature","geometry":{"type":"Point","coordinates":[128.09939,36.14451]},"properties":{"name":"코아루2차아파트 지하주차장 1층","addr":"경상북도 김천시 삼락택지길 137 (삼락동, 코아루2차아파트)","sgg":"47150","cap":6681,"type":"공공용시설 / 지하","src":"localdata","asof":"2026-02-11"}},{"type":"Feature","geometry":{"type":"Point","coordinates":[128.08343,36.1226]},"properties":{"name":"한일부곡타운 지하주차장 1층","addr":"경상북도 김천시 고래실3길 45-14(부곡동, 한일부곡타운)","sgg":"47150","cap":3629,"type":"공공용시설 / 지하","src":"localdata","asof":"2026-02-11"}},{"type":"Feature","geometry":{"type":"Point","coordinates":[128.11814,36.13247]},"properties":{"name":"현대1차아파트 지하주차장 1층","addr":"경상북도 김천시 시청로 46 (신음동)","sgg":"47150","cap":7226,"type":"공공용시설 / 지하","src":"localdata","asof":"2026-02-11"}},{"type":"Feature","geometry":{"type":"Point","coordinates":[128.09595,36.14414]},"properties":{"name":"법원김천지원 지하1층","addr":"경상북도 김천시 물망골길 39, 대구지방법원김천지원 (삼락동)","sgg":"47150","cap":178,"type":"공공용시설 / 지하","src":"localdata","asof":"2026-02-11"}},{"type":"Feature","geometry":{"type":"Point","coordinates":[128.15703,36.11252]},"properties":{"name":"덕곡주공아파트 지하주차장 1층","addr":"경상북도 김천시 무실7길 38 (덕곡동, 덕곡주공아파트)","sgg":"47150","cap":1894,"type":"공공용시설 / 지하","src":"localdata","asof":"2025-12-15"}},{"type":"Feature","geometry":{"type":"Point","coordinates":[128.11897,36.11939]},"properties":{"name":"중앙보건지소 지하1층","addr":"경상북도 김천시 중앙공원길 21 (남산동, 중앙보건지소)","sgg":"47150","cap":100,"type":"공공용시설 / 지하","src":"localdata","asof":"2025-12-15"}},{"type":"Feature","geometry":{"type":"Point","coordinates":[128.11461,36.14245]},"properties":{"name":"우방1차아파트 지하주차장 1층","addr":"경상북도 김천시 시청6길 43 (신음동, 김천우방타운)","sgg":"47150","cap":842,"type":"공공용시설 / 지하","src":"localdata","asof":"2026-02-11"}},{"type":"Feature","geometry":{"type":"Point","coordinates":[128.09911,36.14405]},"properties":{"name":"코아루1차아파트 지하주차장 1층","addr":"경상북도 김천시 삼락택지길 132(교동, 코아루1차아파트)","sgg":"47150","cap":1515,"type":"공공용시설 / 지하","src":"localdata","asof":"2026-02-11"}},{"type":"Feature","geometry":{"type":"Point","coordinates":[128.08056,36.12538]},"properties":{"name":"한보아파트 지하주차장 1층","addr":"경상북도 김천시 백옥길 5 (백옥동, 한보아파트)","sgg":"47150","cap":3064,"type":"공공용시설 / 지하","src":"localdata","asof":"2026-02-11"}},{"type":"Feature","geometry":{"type":"Point","coordinates":[128.12326,36.12483]},"properties":{"name":"한일아파트 지하주차장 1층","addr":"경상북도 김천시 모암길 117 (모암동)","sgg":"47150","cap":1381,"type":"공공용시설 / 지하","src":"localdata","asof":"2026-02-11"}},{"type":"Feature","geometry":{"type":"Point","coordinates":[128.10939,36.1225]},"properties":{"name":"김천시립도서관 지하1층","addr":"경상북도 김천시 평화순환길 111 (평화동, 김천시립도서관)","sgg":"47150","cap":600,"type":"공공용시설 / 지하","src":"localdata","asof":"2025-12-15"}},{"type":"Feature","geometry":{"type":"Point","coordinates":[128.11468,36.12765]},"properties":{"name":"한일장미아파트 지하1층","addr":"경상북도 김천시 평화장미3길 25 (평화동, 한일장미타운)","sgg":"47150","cap":1629,"type":"공공용시설 / 지하","src":"localdata","asof":"2026-02-11"}},{"type":"Feature","geometry":{"type":"Point","coordinates":[128.11827,36.13682]},"properties":{"name":"우방2차아파트 지하주차장 1층","addr":"경상북도 김천시 신음2길 18 (신음동)","sgg":"47150","cap":3157,"type":"공공용시설 / 지하","src":"localdata","asof":"2026-02-04"}},{"type":"Feature","geometry":{"type":"Point","coordinates":[128.12691,36.12187]},"properties":{"name":"김천의료원 지하1층","addr":"경상북도 김천시 모암길 24 (모암동, 김천의료원)","sgg":"47150","cap":743,"type":"공공용시설 / 지하","src":"localdata","asof":"2026-02-11"}},{"type":"Feature","geometry":{"type":"Point","coordinates":[128.18831,36.12744]},"properties":{"name":"영무예다음1차아파트 지하주차장 지하1층","addr":"경상북도 김천시 혁신8로 66 (율곡동, 김천혁신도시영무예다음1차아파트)","sgg":"47150","cap":21197,"type":"공공용시설 / 지하","src":"localdata","asof":"2026-02-11"}},{"type":"Feature","geometry":{"type":"Point","coordinates":[128.26266,36.15809]},"properties":{"name":"아포덕일한마음아파트 지하주차장 1층","addr":"경상북도 김천시 아포읍 한지2길 64-9(아포덕일한마음아파트)","sgg":"47150","cap":12272,"type":"공공용시설 / 지하","src":"localdata","asof":"2026-02-11"}},{"type":"Feature","geometry":{"type":"Point","coordinates":[128.12048,36.14521]},"properties":{"name":"탑웨딩 지하1층","addr":"경상북도 김천시 시청로 194 (신음동)","sgg":"47150","cap":661,"type":"공공용시설 / 지하","src":"localdata","asof":"2026-02-11"}},{"type":"Feature","geometry":{"type":"Point","coordinates":[128.11309,36.13753]},"properties":{"name":"신음금류아파트 지하주차장 1층","addr":"경상북도 김천시 시청2길 30(신음동, 신음동 금류아파트)","sgg":"47150","cap":5371,"type":"공공용시설 / 지하","src":"localdata","asof":"2026-02-11"}},{"type":"Feature","geometry":{"type":"Point","coordinates":[128.11785,36.12108]},"properties":{"name":"농협중앙회지부 지하1층","addr":"경상북도 김천시 김천로 154 (남산동)","sgg":"47150","cap":317,"type":"공공용시설 / 지하","src":"localdata","asof":"2026-02-11"}},{"type":"Feature","geometry":{"type":"Point","coordinates":[128.12314,36.11151]},"properties":{"name":"동보수정아파트 지하주차장 1층","addr":"경상북도 김천시 양금로 196 (황금동, 동보수정맨션)","sgg":"47150","cap":3143,"type":"공공용시설 / 지하","src":"localdata","asof":"2026-02-11"}},{"type":"Feature","geometry":{"type":"Point","coordinates":[128.1522,36.11648]},"properties":{"name":"덕곡한마음타운 지하주차장 1층","addr":"경상북도 김천시 한마음길 8(덕곡동, 덕곡 한마음타운)","sgg":"47150","cap":5289,"type":"공공용시설 / 지하","src":"localdata","asof":"2026-02-11"}},{"type":"Feature","geometry":{"type":"Point","coordinates":[128.08988,36.12219]},"properties":{"name":"아주아트빌 지하주차장 1층","addr":"경상북도 김천시 문지왈3길 14(부곡동, 아주아트빌)","sgg":"47150","cap":4086,"type":"공공용시설 / 지하","src":"localdata","asof":"2026-02-04"}},{"type":"Feature","geometry":{"type":"Point","coordinates":[128.08821,36.12097]},"properties":{"name":"부곡3주공아파트 지하1층","addr":"경상북도 김천시 문지왈길 68 (부곡동)","sgg":"47150","cap":2443,"type":"공공용시설 / 지하","src":"localdata","asof":"2025-12-15"}},{"type":"Feature","geometry":{"type":"Point","coordinates":[128.11438,36.14191]},"properties":{"name":"덕일아파트 지하주차장 1층","addr":"경상북도 김천시 시청6길 27 (신음동, 덕일아파트)","sgg":"47150","cap":3153,"type":"공공용시설 / 지하","src":"localdata","asof":"2026-02-11"}},{"type":"Feature","geometry":{"type":"Point","coordinates":[128.1161,36.13646]},"properties":{"name":"대신휴먼시아 지하주차장 1층","addr":"경상북도 김천시 시청로 93(신음동, 대신휴먼시아)","sgg":"47150","cap":4485,"type":"공공용시설 / 지하","src":"localdata","asof":"2026-02-11"}},{"type":"Feature","geometry":{"type":"Point","coordinates":[128.09979,36.12199]},"properties":{"name":"부곡금류아파트 지하주차장 1층","addr":"경상북도 김천시 가메실2길 51 (부곡동, 금류아파트)","sgg":"47150","cap":476,"type":"공공용시설 / 지하","src":"localdata","asof":"2026-02-04"}},{"type":"Feature","geometry":{"type":"Point","coordinates":[128.12573,36.11859]},"properties":{"name":"김천우체국 지하1층","addr":"경상북도 김천시 중앙시장3길 22 (모암동)","sgg":"47150","cap":480,"type":"공공용시설 / 지하","src":"localdata","asof":"2026-02-10"}},{"type":"Feature","geometry":{"type":"Point","coordinates":[128.11816,36.13233]},"properties":{"name":"현대2차아파트 지하주차장 1층","addr":"경상북도 김천시 시청로 42(신음동, 현대아파트)","sgg":"47150","cap":2644,"type":"공공용시설 / 지하","src":"localdata","asof":"2026-02-11"}},{"type":"Feature","geometry":{"type":"Point","coordinates":[128.09948,36.12558]},"properties":{"name":"부곡우방타운 지하주차장 1층","addr":"경상북도 김천시 부곡길 206(부곡동, 부곡우방타운)","sgg":"47150","cap":12112,"type":"공공용시설 / 지하","src":"localdata","asof":"2026-02-11"}},{"type":"Feature","geometry":{"type":"Point","coordinates":[128.09146,36.13732]},"properties":{"name":"건화호반맨션 지하주차장 1층","addr":"경상북도 김천시 연화지2길 25 (교동, 호반맨션)","sgg":"47150","cap":1758,"type":"공공용시설 / 지하","src":"localdata","asof":"2026-02-11"}},{"type":"Feature","geometry":{"type":"Point","coordinates":[128.12173,36.11668]},"properties":{"name":"김천황금성당 지하1층","addr":"경상북도 김천시 학사대길 64 (황금동, 황금천주교회)","sgg":"47150","cap":793,"type":"공공용시설 / 지하","src":"localdata","asof":"2026-02-11"}},{"type":"Feature","geometry":{"type":"Point","coordinates":[128.11976,36.1242]},"properties":{"name":"항도빌라 지하주차장 1층","addr":"경상북도 김천시 충효길 88 (성내동, 항도빌라)","sgg":"47150","cap":2909,"type":"공공용시설 / 지하","src":"localdata","asof":"2026-02-11"}},{"type":"Feature","geometry":{"type":"Point","coordinates":[128.12789,36.12492]},"properties":{"name":"한일상가아파트 지하주차장 1층","addr":"경상북도 김천시 모암사랑1길 29 (모암동, 한일상가아파트)","sgg":"47150","cap":944,"type":"공공용시설 / 지하","src":"localdata","asof":"2026-02-11"}},{"type":"Feature","geometry":{"type":"Point","coordinates":[128.10706,36.12716]},"properties":{"name":"서부성결교회 지하1층","addr":"경상북도 김천시 문화3길 8 (평화동)","sgg":"47150","cap":185,"type":"공공용시설 / 지하","src":"localdata","asof":"2026-02-11"}},{"type":"Feature","geometry":{"type":"Point","coordinates":[128.10833,36.12532]},"properties":{"name":"신천지타운 지하주차장 1층","addr":"경상북도 김천시 평화5길 7 (평화동, 신천지타운)","sgg":"47150","cap":1115,"type":"공공용시설 / 지하","src":"localdata","asof":"2026-02-11"}},{"type":"Feature","geometry":{"type":"Point","coordinates":[128.11176,36.12475]},"properties":{"name":"평화프라자 지하주차장 1층","addr":"경상북도 김천시 김천로 86 (평화동)","sgg":"47150","cap":330,"type":"공공용시설 / 지하","src":"localdata","asof":"2026-02-11"}},{"type":"Feature","geometry":{"type":"Point","coordinates":[128.71589,36.57468]},"properties":{"name":"안기 경동아파트(전체동의 지하1층)","addr":"경상북도 안동시 안기1길 40-62 (안기동, 경동아파트)","sgg":"47170","cap":1322,"type":"공공용시설 / 지하","src":"localdata","asof":"2026-02-04"}},{"type":"Feature","geometry":{"type":"Point","coordinates":[128.70714,36.56726]},"properties":{"name":"태화동 태성아파트 지하주차장 1층","addr":"경상북도 안동시 말구리길 87 (태화동, 태성드림하이츠)","sgg":"47170","cap":1160,"type":"공공용시설 / 지하","src":"localdata","asof":"2026-02-06"}},{"type":"Feature","geometry":{"type":"Point","coordinates":[128.80536,36.53806]},"properties":{"name":"안동시농업기술센터 본관1층","addr":"경상북도 안동시 경동로 1484-10 (송천동)","sgg":"47170","cap":178,"type":"공공용시설 / 지하","src":"localdata","asof":"2026-07-22"}},{"type":"Feature","geometry":{"type":"Point","coordinates":[128.71816,36.56339]},"properties":{"name":"안동교육지원청 지하1층 식당","addr":"경상북도 안동시 경동로 554, 안동교육지원청 (당북동)","sgg":"47170","cap":429,"type":"공공용시설 / 지하","src":"localdata","asof":"2026-02-07"}},{"type":"Feature","geometry":{"type":"Point","coordinates":[128.69929,36.56784]},"properties":{"name":"옥동 효성해링턴플레이스(전동 지하1층)","addr":"경상북도 안동시 경북대로 438 (옥동, 옥동효성해링턴플레이스)","sgg":"47170","cap":8912,"type":"공공용시설 / 지하","src":"localdata","asof":"2026-03-24"}},{"type":"Feature","geometry":{"type":"Point","coordinates":[128.68706,36.57525]},"properties":{"name":"송현 이안아파트 지하주차장 1,2층","addr":"경상북도 안동시 송현길 23, 전동 (송현동, 안동송현이안)","sgg":"47170","cap":18680,"type":"공공용시설 / 지하","src":"localdata","asof":"2025-12-15"}},{"type":"Feature","geometry":{"type":"Point","coordinates":[128.70418,36.56276]},"properties":{"name":"옥동 삼성1차 아파트(1주차장 지하1층)","addr":"경상북도 안동시 옥광1길 17 (옥동, 옥동삼성1차아파트)","sgg":"47170","cap":2102,"type":"공공용시설 / 지하","src":"localdata","asof":"2026-03-24"}},{"type":"Feature","geometry":{"type":"Point","coordinates":[128.71423,36.5844]},"properties":{"name":"안기 세영아파트 지하주차장 1층","addr":"경상북도 안동시 제비원로 373(안기동, 안기세영아파트)","sgg":"47170","cap":1526,"type":"공공용시설 / 지하","src":"localdata","asof":"2026-02-04"}},{"type":"Feature","geometry":{"type":"Point","coordinates":[128.73338,36.57991]},"properties":{"name":"화성아파트1동 지하주차장 1층","addr":"경상북도 안동시 퇴계로 259-0 (안막동)","sgg":"47170","cap":680,"type":"공공용시설 / 지하","src":"localdata","asof":"2025-12-15"}},{"type":"Feature","geometry":{"type":"Point","coordinates":[128.74421,36.56006]},"properties":{"name":"용상안동병원 지하1층 주차장","addr":"경상북도 안동시 전거리길 57 (용상동, 안동병원아파트)","sgg":"47170","cap":5130,"type":"공공용시설 / 지하","src":"localdata","asof":"2026-07-22"}},{"type":"Feature","geometry":{"type":"Point","coordinates":[128.79434,36.53964]},"properties":{"name":"국립경국대 본관 지하1층","addr":"경상북도 안동시 경동로 1375-0 (송천동)","sgg":"47170","cap":195,"type":"공공용시설 / 지하","src":"localdata","asof":"2026-07-22"}},{"type":"Feature","geometry":{"type":"Point","coordinates":[128.68908,36.52271]},"properties":{"name":"경북도립노인전문요양병원(신관 지하1층)","addr":"경상북도 안동시 남후면 남일로 1463","sgg":"47170","cap":707,"type":"공공용시설 / 지하","src":"localdata","asof":"2026-02-04"}},{"type":"Feature","geometry":{"type":"Point","coordinates":[128.70768,36.56458]},"properties":{"name":"태화현대아파트 지하1층","addr":"경상북도 안동시 광명로 227 (태화동, 현대아파트)","sgg":"47170","cap":1705,"type":"공공용시설 / 지하","src":"localdata","asof":"2026-02-06"}},{"type":"Feature","geometry":{"type":"Point","coordinates":[128.79435,36.53965]},"properties":{"name":"국립경국대 공과대학 1호관 지하1층","addr":"경상북도 안동시 경동로 1375-0 (송천동)","sgg":"47170","cap":1151,"type":"공공용시설 / 지하","src":"localdata","asof":"2026-07-22"}},{"type":"Feature","geometry":{"type":"Point","coordinates":[128.72962,36.56256]},"properties":{"name":"중구(홈플러스 안동점 지하1층 주차장)","addr":"경상북도 안동시 경동로 656, 홈플러스 (운흥동)","sgg":"47170","cap":6120,"type":"공공용시설 / 지하","src":"localdata","asof":"2026-03-25"}},{"type":"Feature","geometry":{"type":"Point","coordinates":[128.73024,36.56688]},"properties":{"name":"중구(보건소 지하1층 주차장)","addr":"경상북도 안동시 서동문로 165 (북문동, 안동시보건소)","sgg":"47170","cap":958,"type":"공공용시설 / 지하","src":"localdata","asof":"2026-02-06"}},{"type":"Feature","geometry":{"type":"Point","coordinates":[128.73021,36.56789]},"properties":{"name":"안동시청본관","addr":"경상북도 안동시 퇴계로 115 (명륜동, 안동시청)","sgg":"47170","cap":717,"type":"공공용시설 / 지하","src":"localdata","asof":"2025-12-15"}},{"type":"Feature","geometry":{"type":"Point","coordinates":[128.76132,36.55343]},"properties":{"name":"용상주공5단지아파트 503동 지하1층 주차장","addr":"경상북도 안동시 경동로 977-6 (용상동, 5주공아파트)","sgg":"47170","cap":8200,"type":"공공용시설 / 지하","src":"localdata","asof":"2026-07-22"}},{"type":"Feature","geometry":{"type":"Point","coordinates":[128.70393,36.56039]},"properties":{"name":"태화동 안동롯데캐슬아파트 지하주차장 1층","addr":"경상북도 안동시 경북대로 340 (태화동, 안동롯데캐슬아파트)","sgg":"47170","cap":7800,"type":"공공용시설 / 지하","src":"localdata","asof":"2026-02-06"}},{"type":"Feature","geometry":{"type":"Point","coordinates":[128.761,36.55357]},"properties":{"name":"용상주공6단지아파트 605동 지하1층 주차장","addr":"경상북도 안동시 경동로 977-5 (용상동, 주공본가타운)","sgg":"47170","cap":2910,"type":"공공용시설 / 지하","src":"localdata","asof":"2026-07-22"}},{"type":"Feature","geometry":{"type":"Point","coordinates":[128.73407,36.57693]},"properties":{"name":"안막동현대아파트 지하주차장 1층","addr":"경상북도 안동시 퇴계로 220-16 (안막동)","sgg":"47170","cap":2122,"type":"공공용시설 / 지하","src":"localdata","asof":"2025-12-15"}},{"type":"Feature","geometry":{"type":"Point","coordinates":[128.70441,36.56684]},"properties":{"name":"브라운스톤 태화2단지 지하주차장 1층","addr":"경상북도 안동시 말구리2길 55 (태화동, 브라운스톤태화2단지)","sgg":"47170","cap":1918,"type":"공공용시설 / 지하","src":"localdata","asof":"2026-02-06"}},{"type":"Feature","geometry":{"type":"Point","coordinates":[128.72026,36.56768]},"properties":{"name":"경안타운 101동 방면 지하주차장 지하1층","addr":"경상북도 안동시 제비원로 172 (금곡동, 경안타운)","sgg":"47170","cap":2370,"type":"공공용시설 / 지하","src":"localdata","asof":"2026-02-07"}},{"type":"Feature","geometry":{"type":"Point","coordinates":[128.718,36.55134]},"properties":{"name":"경상북도교육청연구원 지하1층","addr":"경상북도 안동시 강남로 152 (정하동, 경상북도교육연구원)","sgg":"47170","cap":235,"type":"공공용시설 / 지하","src":"localdata","asof":"2026-04-24"}},{"type":"Feature","geometry":{"type":"Point","coordinates":[128.73322,36.54886]},"properties":{"name":"화성드림파크 지하주차장 1층","addr":"경상북도 안동시 강남1길 108 (정하동, 화성드림파크)","sgg":"47170","cap":6083,"type":"공공용시설 / 지하","src":"localdata","asof":"2025-12-15"}},{"type":"Feature","geometry":{"type":"Point","coordinates":[128.73728,36.56104]},"properties":{"name":"중구(안동소방서 지하1층)","addr":"경상북도 안동시 육사로 301, 안동소방서 (법흥동)","sgg":"47170","cap":409,"type":"공공용시설 / 지하","src":"localdata","asof":"2026-03-25"}},{"type":"Feature","geometry":{"type":"Point","coordinates":[128.72455,36.5595]},"properties":{"name":"안동문화예술의전당 체육시설 지하2층 배드민턴장","addr":"경상북도 안동시 축제장길 66, 안동문화예술의전당 (안흥동)","sgg":"47170","cap":2570,"type":"공공용시설 / 지하","src":"localdata","asof":"2026-02-07"}},{"type":"Feature","geometry":{"type":"Point","coordinates":[128.70544,36.55883]},"properties":{"name":"태화동 우성아파트 지하1층(101동, 105동 등)","addr":"경상북도 안동시 어가골윗길 10-3 (태화동, 우성아파트)","sgg":"47170","cap":2330,"type":"공공용시설 / 지하","src":"localdata","asof":"2026-02-06"}},{"type":"Feature","geometry":{"type":"Point","coordinates":[128.49663,36.57793]},"properties":{"name":"안동상록아파트 지하주차장 1,2층","addr":"경상북도 안동시 풍천면 검무로 41 (안동상록아파트)","sgg":"47170","cap":15405,"type":"공공용시설 / 지하","src":"localdata","asof":"2026-02-11"}},{"type":"Feature","geometry":{"type":"Point","coordinates":[128.69643,36.56126]},"properties":{"name":"옥동 7주공(703-705동 지하1층)","addr":"경상북도 안동시 옥서1길 25 (옥동, 옥동7주공아파트)","sgg":"47170","cap":2556,"type":"공공용시설 / 지하","src":"localdata","asof":"2026-02-06"}},{"type":"Feature","geometry":{"type":"Point","coordinates":[128.69878,36.56041]},"properties":{"name":"옥동 세영첼시빌 지하1층","addr":"경상북도 안동시 광명로 133 (옥동, 세영첼시빌아파트)","sgg":"47170","cap":2382,"type":"공공용시설 / 지하","src":"localdata","asof":"2026-02-06"}},{"type":"Feature","geometry":{"type":"Point","coordinates":[128.69253,36.56178]},"properties":{"name":"옥동 휴먼시아8단지(전동 지하1층)","addr":"경상북도 안동시 옥서1길 90 (옥동, 옥동휴먼시아8단지)","sgg":"47170","cap":6400,"type":"공공용시설 / 지하","src":"localdata","asof":"2026-03-24"}},{"type":"Feature","geometry":{"type":"Point","coordinates":[128.69811,36.57096]},"properties":{"name":"송현 영남아파트 지하주차장 1층","addr":"경상북도 안동시 합전3길 33-22, 전동 (송현동, 영남아파트)","sgg":"47170","cap":481,"type":"공공용시설 / 지하","src":"localdata","asof":"2025-12-15"}},{"type":"Feature","geometry":{"type":"Point","coordinates":[128.69256,36.57369]},"properties":{"name":"송현 삼성명가아파트 지하주차장 1층","addr":"경상북도 안동시 송현길 154-19, 전동 (송현동, 삼성명가타운1차아파트)","sgg":"47170","cap":1440,"type":"공공용시설 / 지하","src":"localdata","asof":"2025-12-15"}},{"type":"Feature","geometry":{"type":"Point","coordinates":[128.71754,36.56495]},"properties":{"name":"(주)KT 안동지사 지하주차장 지하1층","addr":"경상북도 안동시 안기천로 86, KT안동지사 (당북동)","sgg":"47170","cap":815,"type":"공공용시설 / 지하","src":"localdata","asof":"2026-02-07"}},{"type":"Feature","geometry":{"type":"Point","coordinates":[128.71344,36.56424]},"properties":{"name":"태화동 동안교회 지하 1층","addr":"경상북도 안동시 태화1길 13-10, 동안교회 (태화동)","sgg":"47170","cap":165,"type":"공공용시설 / 지하","src":"localdata","asof":"2026-02-06"}},{"type":"Feature","geometry":{"type":"Point","coordinates":[128.73221,36.57856]},"properties":{"name":"계림플러스아파트 지하주차장 1층","addr":"경상북도 안동시 퇴계로 233-22 (안막동, 계림플러스)","sgg":"47170","cap":700,"type":"공공용시설 / 지하","src":"localdata","asof":"2025-12-15"}},{"type":"Feature","geometry":{"type":"Point","coordinates":[128.71814,36.56104]},"properties":{"name":"안동센트럴자이 전체 동의 지하주차장 지하1층","addr":"경상북도 안동시 배움길 77 (당북동, 안동센트럴자이)","sgg":"47170","cap":16042,"type":"공공용시설 / 지하","src":"localdata","asof":"2026-02-07"}},{"type":"Feature","geometry":{"type":"Point","coordinates":[128.72057,36.54904]},"properties":{"name":"강남동(안동병원 전문요양센터)본관 지하1층","addr":"경상북도 안동시 예일길 69, 안동병원전문요양센터 (정하동)","sgg":"47170","cap":165,"type":"공공용시설 / 지하","src":"localdata","asof":"2026-04-11"}},{"type":"Feature","geometry":{"type":"Point","coordinates":[128.73587,36.5657]},"properties":{"name":"중구(백암재단 지하1층 주차장)","addr":"경상북도 안동시 서동문로 217 (동문동)","sgg":"47170","cap":330,"type":"공공용시설 / 지하","src":"localdata","asof":"2026-03-25"}},{"type":"Feature","geometry":{"type":"Point","coordinates":[128.73055,36.5504]},"properties":{"name":"강남동(현진에버빌1차아파트)지하주차장 1층","addr":"경상북도 안동시 강남5길 102 (정하동, 현진에버빌1차아파트)","sgg":"47170","cap":5996,"type":"공공용시설 / 지하","src":"localdata","asof":"2025-12-15"}},{"type":"Feature","geometry":{"type":"Point","coordinates":[128.73383,36.56039]},"properties":{"name":"중구(두리원웨딩 지하1층 주차장)","addr":"경상북도 안동시 육사로 267 (운흥동, 두리원예식장)","sgg":"47170","cap":1800,"type":"공공용시설 / 지하","src":"localdata","asof":"2026-02-06"}},{"type":"Feature","geometry":{"type":"Point","coordinates":[128.71463,36.5653]},"properties":{"name":"태화동 수산궁빌딩 지하주차장 1층","addr":"경상북도 안동시 대안로 18 (태화동, 현성빌딩)","sgg":"47170","cap":198,"type":"공공용시설 / 지하","src":"localdata","asof":"2026-04-11"}},{"type":"Feature","geometry":{"type":"Point","coordinates":[128.72104,36.57258]},"properties":{"name":"안기우성아파트(전체동의 지하1층)","addr":"경상북도 안동시 영남길 32 (안기동, 우성아파트)","sgg":"47170","cap":1110,"type":"공공용시설 / 지하","src":"localdata","asof":"2026-02-04"}},{"type":"Feature","geometry":{"type":"Point","coordinates":[128.69604,36.56765]},"properties":{"name":"옥동 3주공아파트(1주차장 지하1층)","addr":"경상북도 안동시 은행나무로 106-6 (옥동, 옥동3주공아파트)","sgg":"47170","cap":1361,"type":"공공용시설 / 지하","src":"localdata","asof":"2026-03-24"}},{"type":"Feature","geometry":{"type":"Point","coordinates":[128.72814,36.55278]},"properties":{"name":"성희여자고등학교 본관 지하1층","addr":"경상북도 안동시 강남로 246 (정하동, 성희여자고등학교)","sgg":"47170","cap":172,"type":"공공용시설 / 지하","src":"localdata","asof":"2025-12-15"}},{"type":"Feature","geometry":{"type":"Point","coordinates":[128.71128,36.56978]},"properties":{"name":"KBS 지하1층","addr":"경상북도 안동시 감나무3길 27, KBS안동방송국 (태화동)","sgg":"47170","cap":661,"type":"공공용시설 / 지하","src":"localdata","asof":"2026-02-06"}},{"type":"Feature","geometry":{"type":"Point","coordinates":[128.69056,36.57468]},"properties":{"name":"송현 청구하이츠 2차 지하주차장 1층","addr":"경상북도 안동시 송현길 84-8 (송현동, 송현2차청구하이츠)","sgg":"47170","cap":495,"type":"공공용시설 / 지하","src":"localdata","asof":"2025-12-15"}},{"type":"Feature","geometry":{"type":"Point","coordinates":[128.71689,36.56156]},"properties":{"name":"경북도립 안동도서관 지하1층 시청각실","addr":"경상북도 안동시 안기천로 48, 경북도립안동도서관 (당북동)","sgg":"47170","cap":700,"type":"공공용시설 / 지하","src":"localdata","asof":"2026-02-07"}},{"type":"Feature","geometry":{"type":"Point","coordinates":[128.69386,36.5612]},"properties":{"name":"옥동 호반베르디움(전동 지하1층)","addr":"경상북도 안동시 옥서1길 70-0 (옥동, 안동옥동호반베르디움)","sgg":"47170","cap":10352,"type":"공공용시설 / 지하","src":"localdata","asof":"2026-03-24"}},{"type":"Feature","geometry":{"type":"Point","coordinates":[128.71194,36.567]},"properties":{"name":"평화동 평화현대아파트(전동 지하 1층)","addr":"경상북도 안동시 감나무5길 15 (평화동, 평화현대아파트)","sgg":"47170","cap":2214,"type":"공공용시설 / 지하","src":"localdata","asof":"2026-02-04"}},{"type":"Feature","geometry":{"type":"Point","coordinates":[128.71159,36.57187]},"properties":{"name":"평화동 대성맨션(전동 지하 1층)","addr":"경상북도 안동시 단원로 71-1 (운안동, 교육청직장조합아파트)","sgg":"47170","cap":482,"type":"공공용시설 / 지하","src":"localdata","asof":"2026-02-04"}},{"type":"Feature","geometry":{"type":"Point","coordinates":[128.71256,36.57221]},"properties":{"name":"운안동 명성한마음타운(전동 지하 1층)","addr":"경상북도 안동시 단원로 81-8 (운안동, 명성한마음아파트)","sgg":"47170","cap":2526,"type":"공공용시설 / 지하","src":"localdata","asof":"2026-04-09"}},{"type":"Feature","geometry":{"type":"Point","coordinates":[128.6989,36.56088]},"properties":{"name":"옥동 세영아파트(지하주차장 1층)","addr":"경상북도 안동시 복주1길 15 (옥동, 세영아파트)","sgg":"47170","cap":2102,"type":"공공용시설 / 지하","src":"localdata","asof":"2026-02-06"}},{"type":"Feature","geometry":{"type":"Point","coordinates":[128.50704,36.57297]},"properties":{"name":"코아루프라임시티1차","addr":"경상북도 안동시 풍천면 천년숲동로 46, 경북도청이전신도시 코아루프라임시티","sgg":"47170","cap":5877,"type":"공공용시설 / 지하","src":"localdata","asof":"2026-02-11"}},{"type":"Feature","geometry":{"type":"Point","coordinates":[128.73533,36.56627]},"properties":{"name":"중구(안동시립도서관 지하1층)","addr":"경상북도 안동시 태사길 78, 안동시립웅부도서관 (동문동)","sgg":"47170","cap":234,"type":"공공용시설 / 지하","src":"localdata","asof":"2026-03-25"}},{"type":"Feature","geometry":{"type":"Point","coordinates":[128.70418,36.56276]},"properties":{"name":"옥동 삼성1차 아파트(2주차장 지하1층)","addr":"경상북도 안동시 옥광1길 17 (옥동, 옥동삼성1차아파트)","sgg":"47170","cap":3788,"type":"공공용시설 / 지하","src":"localdata","asof":"2026-02-06"}},{"type":"Feature","geometry":{"type":"Point","coordinates":[128.72045,36.56484]},"properties":{"name":"안동농업협동조합 지하1층 식당","addr":"경상북도 안동시 제비원로 141, 안동농업협동조합 (당북동)","sgg":"47170","cap":320,"type":"공공용시설 / 지하","src":"localdata","asof":"2026-02-07"}},{"type":"Feature","geometry":{"type":"Point","coordinates":[128.71941,36.5762]},"properties":{"name":"안기 동아아파트 지하주차장 1층","addr":"경상북도 안동시 제비원로 268-7(안기동, 동아아파트)","sgg":"47170","cap":1808,"type":"공공용시설 / 지하","src":"localdata","asof":"2026-02-04"}},{"type":"Feature","geometry":{"type":"Point","coordinates":[128.74753,36.56121]},"properties":{"name":"안동병원재활센터 지하1층 주차장","addr":"경상북도 안동시 경동로 830 (용상동, 안동여성병원)","sgg":"47170","cap":1604,"type":"공공용시설 / 지하","src":"localdata","asof":"2026-02-04"}},{"type":"Feature","geometry":{"type":"Point","coordinates":[128.73206,36.56764]},"properties":{"name":"중구(안동의료원 지하1층 장례식장)","addr":"경상북도 안동시 태사2길 55 (북문동, 안동의료원)","sgg":"47170","cap":758,"type":"공공용시설 / 지하","src":"localdata","asof":"2026-02-06"}},{"type":"Feature","geometry":{"type":"Point","coordinates":[128.69604,36.56765]},"properties":{"name":"옥동 3주공아파트(2주차장 지하1층)","addr":"경상북도 안동시 은행나무로 106-6 (옥동, 옥동3주공아파트)","sgg":"47170","cap":1361,"type":"공공용시설 / 지하","src":"localdata","asof":"2026-03-24"}},{"type":"Feature","geometry":{"type":"Point","coordinates":[128.49606,36.57908]},"properties":{"name":"코오롱하늘채 아파트 지하주차장 1,2층","addr":"경상북도 안동시 풍천면 검무로 35-14 (경북도청신도시 코오롱하늘채)","sgg":"47170","cap":31203,"type":"공공용시설 / 지하","src":"localdata","asof":"2026-02-11"}},{"type":"Feature","geometry":{"type":"Point","coordinates":[128.70606,36.56617]},"properties":{"name":"브라운스톤 태화1단지 지하주차장 1층","addr":"경상북도 안동시 말구리길 50 (태화동, 브라운스톤태화1단지)","sgg":"47170","cap":1975,"type":"공공용시설 / 지하","src":"localdata","asof":"2026-02-06"}},{"type":"Feature","geometry":{"type":"Point","coordinates":[128.71722,36.57384]},"properties":{"name":"안기대원아파트 지하주차장 1층","addr":"경상북도 안동시 안기1길 39 (안기동, 대원타운)","sgg":"47170","cap":2975,"type":"공공용시설 / 지하","src":"localdata","asof":"2026-02-04"}},{"type":"Feature","geometry":{"type":"Point","coordinates":[128.57197,36.58001]},"properties":{"name":"풍산읍행정복지센터(지하 1층)","addr":"경상북도 안동시 풍산읍 풍산중앙길 99 (풍산읍사무소)","sgg":"47170","cap":190,"type":"공공용시설 / 지하","src":"localdata","asof":"2026-02-04"}},{"type":"Feature","geometry":{"type":"Point","coordinates":[128.74901,36.56059]},"properties":{"name":"우정프라자 지하1층 주차장","addr":"경상북도 안동시 경동로 844 (용상동)","sgg":"47170","cap":820,"type":"공공용시설 / 지하","src":"localdata","asof":"2026-07-22"}},{"type":"Feature","geometry":{"type":"Point","coordinates":[128.69914,36.56205]},"properties":{"name":"옥동 세영두레마을(지하주차장 1층)","addr":"경상북도 안동시 복주2길 25 (옥동, 두레마을아파트)","sgg":"47170","cap":1223,"type":"공공용시설 / 지하","src":"localdata","asof":"2026-03-24"}},{"type":"Feature","geometry":{"type":"Point","coordinates":[128.71374,36.5723]},"properties":{"name":"운안동 상일아파트(101동 지하 1층)","addr":"경상북도 안동시 새골2길 19-4, 101동 (운안동, 상일대자연맨션)","sgg":"47170","cap":661,"type":"공공용시설 / 지하","src":"localdata","asof":"2026-02-04"}},{"type":"Feature","geometry":{"type":"Point","coordinates":[128.72406,36.56866]},"properties":{"name":"상일파크맨션 102동 3.5.6라인 지하1층 창고","addr":"경상북도 안동시 법상길 41-9 (법상동, 상일파크맨션)","sgg":"47170","cap":1077,"type":"공공용시설 / 지하","src":"localdata","asof":"2026-02-07"}},{"type":"Feature","geometry":{"type":"Point","coordinates":[128.71588,36.57289]},"properties":{"name":"운안동 대원한숲타운(전동 지하 1층)","addr":"경상북도 안동시 한화길 37 (운안동, 대원한숲타운)","sgg":"47170","cap":1344,"type":"공공용시설 / 지하","src":"localdata","asof":"2026-02-04"}},{"type":"Feature","geometry":{"type":"Point","coordinates":[128.71892,36.56337]},"properties":{"name":"안동우체국 지하1층 식당","addr":"경상북도 안동시 경동로 560, 안동우체국 (당북동)","sgg":"47170","cap":489,"type":"공공용시설 / 지하","src":"localdata","asof":"2026-02-07"}},{"type":"Feature","geometry":{"type":"Point","coordinates":[128.75253,36.55519]},"properties":{"name":"용상세영아파트103동 지하1층 주차장","addr":"경상북도 안동시 중평길 39 (용상동, 안동세영리첼아파트)","sgg":"47170","cap":1910,"type":"공공용시설 / 지하","src":"localdata","asof":"2026-02-04"}},{"type":"Feature","geometry":{"type":"Point","coordinates":[128.72411,36.5667]},"properties":{"name":"농협중앙회광석동지점 지하주차장 지하1층","addr":"경상북도 안동시 서동문로 112, 농협중앙회 광석동지점 (광석동)","sgg":"47170","cap":383,"type":"공공용시설 / 지하","src":"localdata","asof":"2026-02-07"}},{"type":"Feature","geometry":{"type":"Point","coordinates":[128.69058,36.5738]},"properties":{"name":"송현 청구하이츠 1차 지하주차장 1층","addr":"경상북도 안동시 송현길 84-28, 전동 (송현동, 청구송현하이츠1차)","sgg":"47170","cap":3125,"type":"공공용시설 / 지하","src":"localdata","asof":"2025-12-15"}},{"type":"Feature","geometry":{"type":"Point","coordinates":[128.76242,36.55481]},"properties":{"name":"현대용상2차아파트 지하1층 주차장","addr":"경상북도 안동시 길주길 101-12 (용상동, 현대아파트)","sgg":"47170","cap":8979,"type":"공공용시설 / 지하","src":"localdata","asof":"2026-07-22"}},{"type":"Feature","geometry":{"type":"Point","coordinates":[128.32237,36.12935]},"properties":{"name":"금오청구타운 지하주차장 1~2층","addr":"경상북도 구미시 원남로 12-13 (남통동, 금오청구타운)","sgg":"47190","cap":10697,"type":"공공용시설 / 지하","src":"localdata","asof":"2026-03-26"}},{"type":"Feature","geometry":{"type":"Point","coordinates":[128.3842,36.10504]},"properties":{"name":"근로자종합복지회관 지하1층","addr":"경상북도 구미시 산호대로 239 (공단동)","sgg":"47190","cap":571,"type":"공공용시설 / 지하","src":"localdata","asof":"2026-03-26"}},{"type":"Feature","geometry":{"type":"Point","coordinates":[128.33152,36.1242]},"properties":{"name":"경상북도교육청 구미도서관 지하1층","addr":"경상북도 구미시 산책길 41-0 (원평동)","sgg":"47190","cap":661,"type":"공공용시설 / 지하","src":"localdata","asof":"2026-03-26"}},{"type":"Feature","geometry":{"type":"Point","coordinates":[128.36607,36.10462]},"properties":{"name":"광평동 행정복지센터(지하 1층)","addr":"경상북도 구미시 광평길 55 (광평동)","sgg":"47190","cap":480,"type":"공공용시설 / 지하","src":"localdata","asof":"2026-03-26"}},{"type":"Feature","geometry":{"type":"Point","coordinates":[128.3329,36.10633]},"properties":{"name":"무지개2차 지하 1층","addr":"경상북도 구미시 형곡서로1길 17 (형곡동, 무지개2차APT)","sgg":"47190","cap":163,"type":"공공용시설 / 지하","src":"localdata","asof":"2026-03-26"}},{"type":"Feature","geometry":{"type":"Point","coordinates":[128.3388,36.11037]},"properties":{"name":"형곡삼우타운 지하주차장 1층","addr":"경상북도 구미시 형곡로33길 46 (형곡동, 형곡삼우타운)","sgg":"47190","cap":3869,"type":"공공용시설 / 지하","src":"localdata","asof":"2026-03-26"}},{"type":"Feature","geometry":{"type":"Point","coordinates":[128.33096,36.15233]},"properties":{"name":"구미원호대우아파트 지하주차장 1층","addr":"경상북도 구미시 고아읍 문장로26길 11 (구미원호대우아파트)","sgg":"47190","cap":13942,"type":"공공용시설 / 지하","src":"localdata","asof":"2026-04-11"}},{"type":"Feature","geometry":{"type":"Point","coordinates":[128.42118,36.09724]},"properties":{"name":"인의주공 206동옆 지하1층주차장","addr":"경상북도 구미시 인동16길 48-1 (진평동, 구미인의주공아파트)","sgg":"47190","cap":2621,"type":"공공용시설 / 지하","src":"localdata","asof":"2026-03-26"}},{"type":"Feature","geometry":{"type":"Point","coordinates":[128.3428,36.12608]},"properties":{"name":"삼우궁전맨션 지하주차장 1층","addr":"경상북도 구미시 구미중앙로27길 24 (원평동, 삼우궁전맨션)","sgg":"47190","cap":1885,"type":"공공용시설 / 지하","src":"localdata","asof":"2026-03-26"}},{"type":"Feature","geometry":{"type":"Point","coordinates":[128.34293,36.1183]},"properties":{"name":"구미우체국 지하 1층","addr":"경상북도 구미시 송원서로 6 (송정동)","sgg":"47190","cap":198,"type":"공공용시설 / 지하","src":"localdata","asof":"2026-03-26"}},{"type":"Feature","geometry":{"type":"Point","coordinates":[128.3638,36.08564]},"properties":{"name":"구미임은삼도뷰엔빌아파트 지하주차장 1층~2층","addr":"경상북도 구미시 왕산로 28-12 (임은동, 구미 임은 삼도뷰엔빌W)","sgg":"47190","cap":36215,"type":"공공용시설 / 지하","src":"localdata","asof":"2026-03-26"}},{"type":"Feature","geometry":{"type":"Point","coordinates":[128.38519,36.11372]},"properties":{"name":"오성전자(지하1층 식당)","addr":"경상북도 구미시 산호대로 335-4 (공단동, (주)오성전자)","sgg":"47190","cap":826,"type":"공공용시설 / 지하","src":"localdata","asof":"2026-03-26"}},{"type":"Feature","geometry":{"type":"Point","coordinates":[128.33364,36.11571]},"properties":{"name":"동부늘푸른아파트 지하주차장 1층","addr":"경상북도 구미시 형곡로 53 (형곡동)","sgg":"47190","cap":529,"type":"공공용시설 / 지하","src":"localdata","asof":"2026-03-26"}},{"type":"Feature","geometry":{"type":"Point","coordinates":[128.35086,36.08844]},"properties":{"name":"상모두산맨션아파트지하주차장1~2층","addr":"경상북도 구미시 상모로 6 (상모동, 상모두산맨션)","sgg":"47190","cap":744,"type":"공공용시설 / 지하","src":"localdata","asof":"2026-03-26"}},{"type":"Feature","geometry":{"type":"Point","coordinates":[128.33607,36.14243]},"properties":{"name":"도산휴먼시아 지하주차장 1층","addr":"경상북도 구미시 문장로12길 45 (도량동, 도산휴먼시아)","sgg":"47190","cap":1485,"type":"공공용시설 / 지하","src":"localdata","asof":"2026-03-26"}},{"type":"Feature","geometry":{"type":"Point","coordinates":[128.36498,36.10334]},"properties":{"name":"광평푸르지오 1차아파트 지하주차장(지하 1 ~ 2층)","addr":"경상북도 구미시 구미대로 186-20(광평동, 구미광평 푸르지오1차)","sgg":"47190","cap":19078,"type":"공공용시설 / 지하","src":"localdata","asof":"2026-03-26"}},{"type":"Feature","geometry":{"type":"Point","coordinates":[128.31447,36.15547]},"properties":{"name":"봉곡e편한세상아파트 지하주차장 1~2층","addr":"경상북도 구미시 봉곡로24길 33-11 (봉곡동, 봉곡e편한세상)","sgg":"47190","cap":57636,"type":"공공용시설 / 지하","src":"localdata","asof":"2026-03-26"}},{"type":"Feature","geometry":{"type":"Point","coordinates":[128.34668,36.12186]},"properties":{"name":"혜성아파트 지하주차장 1층","addr":"경상북도 구미시 박정희로 525 (송정동, 혜성골드타운)","sgg":"47190","cap":430,"type":"공공용시설 / 지하","src":"localdata","asof":"2026-03-26"}},{"type":"Feature","geometry":{"type":"Point","coordinates":[128.43157,36.11891]},"properties":{"name":"화진금봉4차아파트 지하주차장 1층","addr":"경상북도 구미시 검성로 103-40 (황상동, 금봉타운)","sgg":"47190","cap":496,"type":"공공용시설 / 지하","src":"localdata","asof":"2026-03-26"}},{"type":"Feature","geometry":{"type":"Point","coordinates":[128.3377,36.10555]},"properties":{"name":"정우공원맨션 14차 지하주차장 1층","addr":"경상북도 구미시 형곡로32길 17 (형곡동)","sgg":"47190","cap":286,"type":"공공용시설 / 지하","src":"localdata","asof":"2026-03-26"}},{"type":"Feature","geometry":{"type":"Point","coordinates":[128.41245,36.13763]},"properties":{"name":"신나리1차아파트 지하주차장 1층","addr":"경상북도 구미시 산호대로21길 6 (거의동, 옥계신나리아파트)","sgg":"47190","cap":3708,"type":"공공용시설 / 지하","src":"localdata","asof":"2026-03-26"}},{"type":"Feature","geometry":{"type":"Point","coordinates":[128.36211,36.09169]},"properties":{"name":"삼성SDI 구미사업장 (24동 물류동 지하1층)","addr":"경상북도 구미시 구미대로 58 (공단동, 삼성SDI구미사업장)","sgg":"47190","cap":764,"type":"공공용시설 / 지하","src":"localdata","asof":"2026-03-26"}},{"type":"Feature","geometry":{"type":"Point","coordinates":[128.41644,36.14067]},"properties":{"name":"부영2차아파트 지하주차장 1층","addr":"경상북도 구미시 산호대로25길 39 (옥계동, 부영아파트)","sgg":"47190","cap":3378,"type":"공공용시설 / 지하","src":"localdata","asof":"2026-03-26"}},{"type":"Feature","geometry":{"type":"Point","coordinates":[128.33228,36.1517]},"properties":{"name":"원호한누리타운3단지 지하주차장 1층","addr":"경상북도 구미시 고아읍 문장로22길 33 (원호한누리타운3단지)","sgg":"47190","cap":5381,"type":"공공용시설 / 지하","src":"localdata","asof":"2026-04-11"}},{"type":"Feature","geometry":{"type":"Point","coordinates":[128.34006,36.11461]},"properties":{"name":"구미차병원(장례식장) 지하 1층","addr":"경상북도 구미시 신시로10길 12-0 (형곡동)","sgg":"47190","cap":4879,"type":"공공용시설 / 지하","src":"localdata","asof":"2026-03-26"}},{"type":"Feature","geometry":{"type":"Point","coordinates":[128.36418,36.08553]},"properties":{"name":"임은코오롱하늘채 지하주차장 1층~2층","addr":"경상북도 구미시 왕산로 28-13 (임은동, 임은 코오롱하늘채)","sgg":"47190","cap":30741,"type":"공공용시설 / 지하","src":"localdata","asof":"2026-03-26"}},{"type":"Feature","geometry":{"type":"Point","coordinates":[128.31067,36.2254]},"properties":{"name":"고아에덴타운 지하주차장 1층","addr":"경상북도 구미시 고아읍 선산대로 1220 (고아에덴타운)","sgg":"47190","cap":5289,"type":"공공용시설 / 지하","src":"localdata","asof":"2026-04-11"}},{"type":"Feature","geometry":{"type":"Point","coordinates":[128.343,36.11901]},"properties":{"name":"KT구미지사 지하주차장 1층","addr":"경상북도 구미시 송원서로 14 (송정동)","sgg":"47190","cap":251,"type":"공공용시설 / 지하","src":"localdata","asof":"2026-03-26"}},{"type":"Feature","geometry":{"type":"Point","coordinates":[128.42528,36.13835]},"properties":{"name":"구미옥계현진에버빌엠파이어 지하주차장 1층~2층","addr":"경상북도 구미시 옥계북로 69 (옥계동, 현진에버빌엠파이어아파트)","sgg":"47190","cap":40923,"type":"공공용시설 / 지하","src":"localdata","asof":"2026-03-26"}},{"type":"Feature","geometry":{"type":"Point","coordinates":[128.33657,36.10382]},"properties":{"name":"진주맨션2차 지하주차장 2층","addr":"경상북도 구미시 형곡동로2길 5-7 (형곡동, 도시주택진주맨션2차)","sgg":"47190","cap":3046,"type":"공공용시설 / 지하","src":"localdata","asof":"2026-03-26"}},{"type":"Feature","geometry":{"type":"Point","coordinates":[128.32929,36.12368]},"properties":{"name":"올림픽기념국민생활관 지하1층","addr":"경상북도 구미시 산책길 63, 올림픽기념국민생활관 (원평동)","sgg":"47190","cap":2539,"type":"공공용시설 / 지하","src":"localdata","asof":"2026-03-26"}},{"type":"Feature","geometry":{"type":"Point","coordinates":[128.36863,36.08606]},"properties":{"name":"임은태왕아너스파크 지하주차장 1층","addr":"경상북도 구미시 왕산로 70-9, 임은태왕아너스파크 지하1층 (임은동)","sgg":"47190","cap":2383,"type":"공공용시설 / 지하","src":"localdata","asof":"2026-03-26"}},{"type":"Feature","geometry":{"type":"Point","coordinates":[128.37221,36.11938]},"properties":{"name":"비산동 행정복지센터 (지하1층대피소)","addr":"경상북도 구미시 비산로 4, 비산동행정복지센터 (공단동)","sgg":"47190","cap":122,"type":"공공용시설 / 지하","src":"localdata","asof":"2026-07-25"}},{"type":"Feature","geometry":{"type":"Point","coordinates":[128.34245,36.12055]},"properties":{"name":"송정지하도 지하 1층","addr":"경상북도 구미시 백산로 지하 84 (송정동, 송정지하도)","sgg":"47190","cap":321,"type":"공공용시설 / 지하","src":"localdata","asof":"2026-03-26"}},{"type":"Feature","geometry":{"type":"Point","coordinates":[128.41074,36.1021]},"properties":{"name":"케이브이머티리얼즈(주) 기숙사 지하 1층","addr":"경상북도 구미시 3공단3로 242, 케이브이머티리얼즈 (진평동)","sgg":"47190","cap":4628,"type":"공공용시설 / 지하","src":"localdata","asof":"2026-03-26"}},{"type":"Feature","geometry":{"type":"Point","coordinates":[128.34816,36.12144]},"properties":{"name":"우방2차아파트 지하주차장 1층","addr":"경상북도 구미시 박정희로 511 (송정동, 우방타운)","sgg":"47190","cap":1101,"type":"공공용시설 / 지하","src":"localdata","asof":"2026-03-26"}},{"type":"Feature","geometry":{"type":"Point","coordinates":[128.33844,36.12608]},"properties":{"name":"S타워 지하주차장 1층","addr":"경상북도 구미시 구미중앙로 149, S타워 (원평동)","sgg":"47190","cap":1256,"type":"공공용시설 / 지하","src":"localdata","asof":"2026-03-26"}},{"type":"Feature","geometry":{"type":"Point","coordinates":[128.41355,36.1478]},"properties":{"name":"에덴타운 지하주차장 1층~2층","addr":"경상북도 구미시 흥안로 46 (옥계동, 에덴타운)","sgg":"47190","cap":1190,"type":"공공용시설 / 지하","src":"localdata","asof":"2026-03-26"}},{"type":"Feature","geometry":{"type":"Point","coordinates":[128.42391,36.09202]},"properties":{"name":"진평주공 106동앞 지하1층주차장","addr":"경상북도 구미시 인동26길 65 (진평동, 구미진평주공미래타운)","sgg":"47190","cap":4305,"type":"공공용시설 / 지하","src":"localdata","asof":"2026-03-26"}},{"type":"Feature","geometry":{"type":"Point","coordinates":[128.32674,36.12886]},"properties":{"name":"청산빌라 지하주차장 1층","addr":"경상북도 구미시 원남로 51 (원평동)","sgg":"47190","cap":468,"type":"공공용시설 / 지하","src":"localdata","asof":"2026-03-26"}},{"type":"Feature","geometry":{"type":"Point","coordinates":[128.42391,36.09202]},"properties":{"name":"진평주공 108동앞 지하1층주차장","addr":"경상북도 구미시 인동26길 65 (진평동, 구미진평주공미래타운)","sgg":"47190","cap":3283,"type":"공공용시설 / 지하","src":"localdata","asof":"2026-03-26"}},{"type":"Feature","geometry":{"type":"Point","coordinates":[128.27882,36.29577]},"properties":{"name":"옥성면행정복지센터 지하1층","addr":"경상북도 구미시 옥성면 주아령로 415 (옥성면사무소)","sgg":"47190","cap":149,"type":"공공용시설 / 지하","src":"localdata","asof":"2026-03-26"}},{"type":"Feature","geometry":{"type":"Point","coordinates":[128.29353,36.23892]},"properties":{"name":"세원아파트 지하 1층 주차장","addr":"경상북도 구미시 선산읍 선상서로10길 15 (세원아파트)","sgg":"47190","cap":512,"type":"공공용시설 / 지하","src":"localdata","asof":"2026-03-26"}},{"type":"Feature","geometry":{"type":"Point","coordinates":[128.35881,36.12199]},"properties":{"name":"광신프로그레스 구미 1단지 지하 1~2층","addr":"경상북도 구미시 칠성로2길 12 (원평동, 광신 프로그레스 구미)","sgg":"47190","cap":8383,"type":"공공용시설 / 지하","src":"localdata","asof":"2026-03-31"}},{"type":"Feature","geometry":{"type":"Point","coordinates":[128.32338,36.14627]},"properties":{"name":"파크맨션(P-3 지하주차장) 1층","addr":"경상북도 구미시 송동로 154 (도량동, 파크맨션)","sgg":"47190","cap":1880,"type":"공공용시설 / 지하","src":"localdata","asof":"2026-03-26"}},{"type":"Feature","geometry":{"type":"Point","coordinates":[128.33754,36.11454]},"properties":{"name":"반석드림파크 9차 지하주차장 1층","addr":"경상북도 구미시 경은로 100 (형곡동)","sgg":"47190","cap":962,"type":"공공용시설 / 지하","src":"localdata","asof":"2026-03-26"}},{"type":"Feature","geometry":{"type":"Point","coordinates":[128.34015,36.11032]},"properties":{"name":"협진골든맨션 지하주차장 1층","addr":"경상북도 구미시 신시로4길 9 (형곡동, 골든맨션)","sgg":"47190","cap":443,"type":"공공용시설 / 지하","src":"localdata","asof":"2026-03-26"}},{"type":"Feature","geometry":{"type":"Point","coordinates":[128.3548,36.1171]},"properties":{"name":"대웅솔랜드103동 지하주차장 1층","addr":"경상북도 구미시 화신로 166-8, 103동 (송정동, 대웅솔랜드)","sgg":"47190","cap":910,"type":"공공용시설 / 지하","src":"localdata","asof":"2026-03-26"}},{"type":"Feature","geometry":{"type":"Point","coordinates":[128.33305,36.10939]},"properties":{"name":"다원빌라(A,B,C동) 지하 1층","addr":"경상북도 구미시 형곡로19길 8-15 (형곡동)","sgg":"47190","cap":400,"type":"공공용시설 / 지하","src":"localdata","asof":"2026-03-26"}},{"type":"Feature","geometry":{"type":"Point","coordinates":[128.33795,36.11549]},"properties":{"name":"삼우형구타운 지하주차장 1층","addr":"경상북도 구미시 경은로 8-5 (형곡동)","sgg":"47190","cap":1223,"type":"공공용시설 / 지하","src":"localdata","asof":"2026-03-26"}},{"type":"Feature","geometry":{"type":"Point","coordinates":[128.42394,36.10349]},"properties":{"name":"서한이다음1차아파트 지하주차장 1층","addr":"경상북도 구미시 여헌로 15 (인의동, 인동서한이다음)","sgg":"47190","cap":6060,"type":"공공용시설 / 지하","src":"localdata","asof":"2026-03-26"}},{"type":"Feature","geometry":{"type":"Point","coordinates":[128.31367,36.14011]},"properties":{"name":"현진에버빌 지하 3주차장 지하1층","addr":"경상북도 구미시 도봉로 10 (봉곡동, 현진에버빌)","sgg":"47190","cap":5422,"type":"공공용시설 / 지하","src":"localdata","asof":"2026-03-26"}},{"type":"Feature","geometry":{"type":"Point","coordinates":[128.33443,36.11391]},"properties":{"name":"형곡1동행정복지센터 지하 1층","addr":"경상북도 구미시 경은로 52 (형곡동)","sgg":"47190","cap":139,"type":"공공용시설 / 지하","src":"localdata","asof":"2026-03-26"}},{"type":"Feature","geometry":{"type":"Point","coordinates":[128.37038,36.09345]},"properties":{"name":"블루큐브케미칼코리아유한회사(사무동) 지하1층","addr":"경상북도 구미시 1공단로4길 96 (공단동, 블루큐브케미칼코리아(유)구미공장)","sgg":"47190","cap":299,"type":"공공용시설 / 지하","src":"localdata","asof":"2026-03-26"}},{"type":"Feature","geometry":{"type":"Point","coordinates":[128.38542,36.12169]},"properties":{"name":"강변보성타운 301,302,303동 지하주차장 1층","addr":"경상북도 구미시 산호대로 423 (비산동, 강변보성타운)","sgg":"47190","cap":3643,"type":"공공용시설 / 지하","src":"localdata","asof":"2026-03-26"}},{"type":"Feature","geometry":{"type":"Point","coordinates":[128.41023,36.14776]},"properties":{"name":"옥계 대동 한마음타운 지하주차장 1층","addr":"경상북도 구미시 흥안로 75 (옥계동, 대동한마음타운)","sgg":"47190","cap":1983,"type":"공공용시설 / 지하","src":"localdata","asof":"2026-03-26"}},{"type":"Feature","geometry":{"type":"Point","coordinates":[128.33916,36.12435]},"properties":{"name":"푸르지오캐슬A단지 104동 지하주차장 1~2층","addr":"경상북도 구미시 박정희로 599-0 (송정동, 푸르지오캐슬A단지)","sgg":"47190","cap":10939,"type":"공공용시설 / 지하","src":"localdata","asof":"2026-03-26"}},{"type":"Feature","geometry":{"type":"Point","coordinates":[128.35048,36.07079]},"properties":{"name":"대동타운3차 지하주차장 1층","addr":"경상북도 구미시 금오대로14길 12, 지하1층 (오태동, 오태3차 대동타운)","sgg":"47190","cap":1752,"type":"공공용시설 / 지하","src":"localdata","asof":"2026-03-26"}},{"type":"Feature","geometry":{"type":"Point","coordinates":[128.41158,36.14748]},"properties":{"name":"대백타운 지하주차장 1층","addr":"경상북도 구미시 흥안로 63 (옥계동, 대백타운)","sgg":"47190","cap":2185,"type":"공공용시설 / 지하","src":"localdata","asof":"2026-03-26"}},{"type":"Feature","geometry":{"type":"Point","coordinates":[128.35161,36.11715]},"properties":{"name":"구미상공회의소 지하 1층","addr":"경상북도 구미시 송정대로 120 (송정동, 구미상공회의소)","sgg":"47190","cap":859,"type":"공공용시설 / 지하","src":"localdata","asof":"2026-03-26"}},{"type":"Feature","geometry":{"type":"Point","coordinates":[128.31021,36.15578]},"properties":{"name":"영남네오빌시티2단지 지하주차장 1층","addr":"경상북도 구미시 봉곡로23길 6-20 (봉곡동, 영남네오빌시티2단지)","sgg":"47190","cap":6430,"type":"공공용시설 / 지하","src":"localdata","asof":"2026-03-26"}},{"type":"Feature","geometry":{"type":"Point","coordinates":[128.33658,36.10454]},"properties":{"name":"두산맨션 지하주차장 1층","addr":"경상북도 구미시 형곡동로4길 5-3 (형곡동)","sgg":"47190","cap":664,"type":"공공용시설 / 지하","src":"localdata","asof":"2026-03-26"}},{"type":"Feature","geometry":{"type":"Point","coordinates":[128.35493,36.07028]},"properties":{"name":"대원가든타운1차 지하주차장 1층","addr":"경상북도 구미시 금오대로22길 29-26, 대원가든타운1차 지하1층 (오태동)","sgg":"47190","cap":264,"type":"공공용시설 / 지하","src":"localdata","asof":"2026-03-26"}},{"type":"Feature","geometry":{"type":"Point","coordinates":[128.4934,36.12722]},"properties":{"name":"한울아파트 지하주차장 1층","addr":"경상북도 구미시 장천면 강동로 207-9, 한울아파트","sgg":"47190","cap":661,"type":"공공용시설 / 지하","src":"localdata","asof":"2026-03-26"}},{"type":"Feature","geometry":{"type":"Point","coordinates":[128.42901,36.10147]},"properties":{"name":"인의대동다숲아파트 지하주차장 1~5층","addr":"경상북도 구미시 인동17길 36 (인의동, 인의대동다숲아파트)","sgg":"47190","cap":4787,"type":"공공용시설 / 지하","src":"localdata","asof":"2026-03-26"}},{"type":"Feature","geometry":{"type":"Point","coordinates":[128.34472,36.12028]},"properties":{"name":"구미시청 민방위대피소 지하 1층","addr":"경상북도 구미시 송정대로 55, 구미시청 (송정동)","sgg":"47190","cap":985,"type":"공공용시설 / 지하","src":"localdata","asof":"2026-03-26"}},{"type":"Feature","geometry":{"type":"Point","coordinates":[128.3365,36.11361]},"properties":{"name":"시립중앙도서관 지하 1층","addr":"경상북도 구미시 경은로 85-0 (형곡동)","sgg":"47190","cap":1577,"type":"공공용시설 / 지하","src":"localdata","asof":"2026-03-26"}},{"type":"Feature","geometry":{"type":"Point","coordinates":[128.43703,36.09256]},"properties":{"name":"구평부영5단지아파트 지하주차장 1층","addr":"경상북도 구미시 인동가산로 250-9 (구평동, 5단지부영아파트)","sgg":"47190","cap":5693,"type":"공공용시설 / 지하","src":"localdata","asof":"2026-03-26"}},{"type":"Feature","geometry":{"type":"Point","coordinates":[128.3524,36.06765]},"properties":{"name":"대동2차행복타운 지하주차장 1층","addr":"경상북도 구미시 금오대로10길 47, 지하1층 (오태동, 행복타운)","sgg":"47190","cap":364,"type":"공공용시설 / 지하","src":"localdata","asof":"2026-03-26"}},{"type":"Feature","geometry":{"type":"Point","coordinates":[128.31588,36.12971]},"properties":{"name":"남통e편한세상 지하주차장(후문) 1~2층","addr":"경상북도 구미시 선기로 77 (남통동, 남통e편한세상)","sgg":"47190","cap":34848,"type":"공공용시설 / 지하","src":"localdata","asof":"2026-03-26"}},{"type":"Feature","geometry":{"type":"Point","coordinates":[128.42391,36.09202]},"properties":{"name":"진평주공 101동앞 지하1층주차장","addr":"경상북도 구미시 인동26길 65 (진평동, 구미진평주공미래타운)","sgg":"47190","cap":6913,"type":"공공용시설 / 지하","src":"localdata","asof":"2026-03-26"}},{"type":"Feature","geometry":{"type":"Point","coordinates":[128.37992,36.12129]},"properties":{"name":"벽산아파트 전동 지하주차장 1층","addr":"경상북도 구미시 비산로5길 19 (비산동, 벽산아파트)","sgg":"47190","cap":2718,"type":"공공용시설 / 지하","src":"localdata","asof":"2026-03-26"}},{"type":"Feature","geometry":{"type":"Point","coordinates":[128.34976,36.1187]},"properties":{"name":"동양한신아파트 지하주차장 1층","addr":"경상북도 구미시 백산로 153 (송정동, 동양한신아파트)","sgg":"47190","cap":3636,"type":"공공용시설 / 지하","src":"localdata","asof":"2026-03-26"}},{"type":"Feature","geometry":{"type":"Point","coordinates":[128.34459,36.12242]},"properties":{"name":"한솔아파트 지하주차장 1층","addr":"경상북도 구미시 박정희로 545 (송정동, 한솔아파트)","sgg":"47190","cap":2975,"type":"공공용시설 / 지하","src":"localdata","asof":"2026-03-26"}},{"type":"Feature","geometry":{"type":"Point","coordinates":[128.43182,36.12007]},"properties":{"name":"화진금봉5차아파트 지하주차장 1층","addr":"경상북도 구미시 검성로 103-53 (황상동, 화진금봉타운)","sgg":"47190","cap":706,"type":"공공용시설 / 지하","src":"localdata","asof":"2026-03-26"}},{"type":"Feature","geometry":{"type":"Point","coordinates":[128.34411,36.12143]},"properties":{"name":"힐스테이트송정아파트 1단지 지하주차장 1~2층","addr":"경상북도 구미시 백산로5길 9(송정동, 힐스테이트 송정 1단지)","sgg":"47190","cap":16411,"type":"공공용시설 / 지하","src":"localdata","asof":"2026-03-26"}},{"type":"Feature","geometry":{"type":"Point","coordinates":[128.32987,36.14403]},"properties":{"name":"두산맨션(지하주차장 1층)","addr":"경상북도 구미시 문장로 121-14 (도량동, 도량두산맨션)","sgg":"47190","cap":742,"type":"공공용시설 / 지하","src":"localdata","asof":"2026-03-26"}},{"type":"Feature","geometry":{"type":"Point","coordinates":[128.35329,36.06837]},"properties":{"name":"신한그린타운 지하주차장 1층","addr":"경상북도 구미시 금오대로12길 43, 지하1층 (오태동, 오태신한그린타운2차 102동)","sgg":"47190","cap":1487,"type":"공공용시설 / 지하","src":"localdata","asof":"2026-03-26"}},{"type":"Feature","geometry":{"type":"Point","coordinates":[128.41771,36.14111]},"properties":{"name":"부영1차아파트 지하주차장 1층","addr":"경상북도 구미시 산호대로25길 53 (옥계동, 부영아파트1차)","sgg":"47190","cap":3256,"type":"공공용시설 / 지하","src":"localdata","asof":"2026-03-26"}},{"type":"Feature","geometry":{"type":"Point","coordinates":[128.36868,36.08896]},"properties":{"name":"임은대동타운 지하주차장 1층","addr":"경상북도 구미시 임은길 55-2, 지하1층 (임은동, 대동타운)","sgg":"47190","cap":628,"type":"공공용시설 / 지하","src":"localdata","asof":"2026-03-26"}},{"type":"Feature","geometry":{"type":"Point","coordinates":[128.33913,36.11129]},"properties":{"name":"형곡4주공아파트 지하 1층","addr":"경상북도 구미시 신시로 37 (형곡동)","sgg":"47190","cap":235,"type":"공공용시설 / 지하","src":"localdata","asof":"2026-03-26"}},{"type":"Feature","geometry":{"type":"Point","coordinates":[128.35425,36.11697]},"properties":{"name":"대웅솔랜드101동 지하주차장 1층","addr":"경상북도 구미시 화신로 166-6 (송정동, 대웅솔랜드)","sgg":"47190","cap":1282,"type":"공공용시설 / 지하","src":"localdata","asof":"2026-03-26"}},{"type":"Feature","geometry":{"type":"Point","coordinates":[128.36608,36.12307]},"properties":{"name":"e편한세상구미파크밸리 전 동 지하주차장 1~2층","addr":"경상북도 구미시 신비로7길 10(공단동, e편한세상구미파크밸리)","sgg":"47190","cap":19481,"type":"공공용시설 / 지하","src":"localdata","asof":"2026-03-26"}},{"type":"Feature","geometry":{"type":"Point","coordinates":[128.4284,36.16059]},"properties":{"name":"쌍용예가더파크 지하주차장 1층~2층","addr":"경상북도 구미시 산동읍 신당4로 56(쌍용예가 더파크)","sgg":"47190","cap":27824,"type":"공공용시설 / 지하","src":"localdata","asof":"2026-03-26"}},{"type":"Feature","geometry":{"type":"Point","coordinates":[128.3353,36.12463]},"properties":{"name":"푸르지오캐슬B단지 지하주차장1층","addr":"경상북도 구미시 산책길 7 (송정동, 푸르지오캐슬B단지아파트)","sgg":"47190","cap":19015,"type":"공공용시설 / 지하","src":"localdata","asof":"2026-03-26"}},{"type":"Feature","geometry":{"type":"Point","coordinates":[128.41721,36.12873]},"properties":{"name":"성원아파트 지하주차장 1층~3층","addr":"경상북도 구미시 옥계2공단로 264-11 (구포동, 성원아파트)","sgg":"47190","cap":5474,"type":"공공용시설 / 지하","src":"localdata","asof":"2026-03-26"}},{"type":"Feature","geometry":{"type":"Point","coordinates":[128.34889,36.11802]},"properties":{"name":"문화예술회관 지하 1층","addr":"경상북도 구미시 송정대로 89 (송정동)","sgg":"47190","cap":2508,"type":"공공용시설 / 지하","src":"localdata","asof":"2026-03-26"}},{"type":"Feature","geometry":{"type":"Point","coordinates":[128.43398,36.09756]},"properties":{"name":"인의푸르지오아파트 지하주차장 1층","addr":"경상북도 구미시 인동35길 33 (인의동, 구미인의푸르지오)","sgg":"47190","cap":2288,"type":"공공용시설 / 지하","src":"localdata","asof":"2026-03-26"}},{"type":"Feature","geometry":{"type":"Point","coordinates":[128.38412,36.1111]},"properties":{"name":"구미세무서(지하1층)","addr":"경상북도 구미시 수출대로 179 (공단동, 구미세무서)","sgg":"47190","cap":393,"type":"공공용시설 / 지하","src":"localdata","asof":"2026-07-23"}},{"type":"Feature","geometry":{"type":"Point","coordinates":[128.36038,36.10113]},"properties":{"name":"보성황실2차아파트 지하주차장1~4층","addr":"경상북도 구미시 상사동로28길 11 (사곡동, 보성2차황실타운)","sgg":"47190","cap":6088,"type":"공공용시설 / 지하","src":"localdata","asof":"2026-03-26"}},{"type":"Feature","geometry":{"type":"Point","coordinates":[128.33595,36.11163]},"properties":{"name":"전원리빙필 지하주차장 1층","addr":"경상북도 구미시 형곡동로 103-0 (형곡동)","sgg":"47190","cap":1362,"type":"공공용시설 / 지하","src":"localdata","asof":"2026-03-26"}},{"type":"Feature","geometry":{"type":"Point","coordinates":[128.31941,36.12882]},"properties":{"name":"두산그린맨션 지하주차장 1층","addr":"경상북도 구미시 선기로1길 21 (남통동, 그린두산맨션)","sgg":"47190","cap":1531,"type":"공공용시설 / 지하","src":"localdata","asof":"2026-03-26"}},{"type":"Feature","geometry":{"type":"Point","coordinates":[128.3481,36.14795]},"properties":{"name":"금오골든타워 지하주차장 1층","addr":"경상북도 구미시 고아읍 지산25길 8 (금오골든타워)","sgg":"47190","cap":1904,"type":"공공용시설 / 지하","src":"localdata","asof":"2026-04-11"}},{"type":"Feature","geometry":{"type":"Point","coordinates":[128.34668,36.12186]},"properties":{"name":"혜성아파트 3동 지하 1층","addr":"경상북도 구미시 박정희로 525, 3동 (송정동, 혜성골드타운)","sgg":"47190","cap":496,"type":"공공용시설 / 지하","src":"localdata","asof":"2026-03-26"}},{"type":"Feature","geometry":{"type":"Point","coordinates":[128.37296,36.12059]},"properties":{"name":"강변뉴타운 효성해링턴플레이스 전동 지하주차장 1층","addr":"경상북도 구미시 신비로 100(공단동, 강변효성해링턴)","sgg":"47190","cap":22763,"type":"공공용시설 / 지하","src":"localdata","asof":"2026-03-26"}},{"type":"Feature","geometry":{"type":"Point","coordinates":[128.43173,36.09172]},"properties":{"name":"구평푸르지오아파트 지하주차장 1층","addr":"경상북도 구미시 인동36길 31 (구평동, 구미구평푸르지오)","sgg":"47190","cap":8905,"type":"공공용시설 / 지하","src":"localdata","asof":"2026-03-26"}},{"type":"Feature","geometry":{"type":"Point","coordinates":[128.42748,36.14357]},"properties":{"name":"구미호반베르디움 엘리트시티 지하주차장 1층~2층","addr":"경상북도 구미시 산동읍 해마루공원로 115(구미호반베르디움엘리트시티)","sgg":"47190","cap":62243,"type":"공공용시설 / 지하","src":"localdata","asof":"2026-03-26"}},{"type":"Feature","geometry":{"type":"Point","coordinates":[128.39125,36.19825]},"properties":{"name":"삼우궁전맨션 지하 1층","addr":"경상북도 구미시 해평면 강동로 1655-1 (삼우궁전맨션)","sgg":"47190","cap":916,"type":"공공용시설 / 지하","src":"localdata","asof":"2026-03-26"}},{"type":"Feature","geometry":{"type":"Point","coordinates":[128.46773,36.16659]},"properties":{"name":"경운대학교 2호관 학생식당 지하 2층","addr":"경상북도 구미시 산동읍 강동로 730, 경운대학교","sgg":"47190","cap":482,"type":"공공용시설 / 지하","src":"localdata","asof":"2026-03-26"}},{"type":"Feature","geometry":{"type":"Point","coordinates":[128.34526,36.12116]},"properties":{"name":"힐스테이트송정아파트 2단지 지하주차장 1~2층","addr":"경상북도 구미시 백산로5길 20(송정동, 힐스테이트 송정 2단지)","sgg":"47190","cap":4494,"type":"공공용시설 / 지하","src":"localdata","asof":"2026-03-26"}},{"type":"Feature","geometry":{"type":"Point","coordinates":[128.33362,36.1091]},"properties":{"name":"태성맨션 102동 지하 1층","addr":"경상북도 구미시 형곡로27길 18 (형곡동, 태성맨션)","sgg":"47190","cap":163,"type":"공공용시설 / 지하","src":"localdata","asof":"2026-03-26"}},{"type":"Feature","geometry":{"type":"Point","coordinates":[128.35879,36.12221]},"properties":{"name":"광신프로그레스 구미 2단지 지하 1~2층","addr":"경상북도 구미시 칠성로2길 11 (원평동, 광신 프로그레스 구미)","sgg":"47190","cap":12117,"type":"공공용시설 / 지하","src":"localdata","asof":"2026-03-31"}},{"type":"Feature","geometry":{"type":"Point","coordinates":[128.35568,36.094]},"properties":{"name":"보성황실1차아파트 지하주차장 1~4층","addr":"경상북도 구미시 상사서로 128 (사곡동, 보성1차황실타운)","sgg":"47190","cap":5440,"type":"공공용시설 / 지하","src":"localdata","asof":"2026-03-26"}},{"type":"Feature","geometry":{"type":"Point","coordinates":[128.30123,36.2472]},"properties":{"name":"동우아파트 지하 1층 주차장","addr":"경상북도 구미시 선산읍 동교3길 20-1","sgg":"47190","cap":479,"type":"공공용시설 / 지하","src":"localdata","asof":"2026-03-26"}},{"type":"Feature","geometry":{"type":"Point","coordinates":[128.43714,36.14072]},"properties":{"name":"구미옥계 e편한세상 지하주차장 1층","addr":"경상북도 구미시 산호대로39길 25 (옥계동, 구미옥계 e-편한세상)","sgg":"47190","cap":13200,"type":"공공용시설 / 지하","src":"localdata","asof":"2026-03-26"}},{"type":"Feature","geometry":{"type":"Point","coordinates":[128.32755,36.11709]},"properties":{"name":"무궁화아파트 지하주차장 1층","addr":"경상북도 구미시 형곡로10길 39-16 (형곡동)","sgg":"47190","cap":562,"type":"공공용시설 / 지하","src":"localdata","asof":"2026-03-26"}},{"type":"Feature","geometry":{"type":"Point","coordinates":[128.42754,36.143]},"properties":{"name":"구미옥계우미린 지하주차장 1층","addr":"경상북도 구미시 해마루공원로 111 (옥계동, 구미옥계우미린)","sgg":"47190","cap":37757,"type":"공공용시설 / 지하","src":"localdata","asof":"2026-03-26"}},{"type":"Feature","geometry":{"type":"Point","coordinates":[128.33774,36.10483]},"properties":{"name":"동산그린빌라 지하주차장 1층","addr":"경상북도 구미시 형곡동로6길 16-9 (형곡동, 동산그린빌라)","sgg":"47190","cap":184,"type":"공공용시설 / 지하","src":"localdata","asof":"2026-03-26"}},{"type":"Feature","geometry":{"type":"Point","coordinates":[128.33137,36.14333]},"properties":{"name":"도량롯데캐슬골드파크 지하주차장 2층","addr":"경상북도 구미시 문장로 111 (도량동, 도량 롯데캐슬 골드파크)","sgg":"47190","cap":26037,"type":"공공용시설 / 지하","src":"localdata","asof":"2026-03-26"}},{"type":"Feature","geometry":{"type":"Point","coordinates":[128.35423,36.11168]},"properties":{"name":"시민운동장 지하주차장(지하 1층)","addr":"경상북도 구미시 박정희로 375-20, 시민운동장 (광평동)","sgg":"47190","cap":13797,"type":"공공용시설 / 지하","src":"localdata","asof":"2026-03-26"}},{"type":"Feature","geometry":{"type":"Point","coordinates":[128.35403,36.12144]},"properties":{"name":"두산맨션 지하주차장 1층","addr":"경상북도 구미시 산업로 320-12 (원평동, 두산맨션)","sgg":"47190","cap":1046,"type":"공공용시설 / 지하","src":"localdata","asof":"2026-03-26"}},{"type":"Feature","geometry":{"type":"Point","coordinates":[128.36587,36.1231]},"properties":{"name":"신평2동행정복지센터 지하1층","addr":"경상북도 구미시 신비로7길 9, 신평2동 행정복지센터 (신평동)","sgg":"47190","cap":245,"type":"공공용시설 / 지하","src":"localdata","asof":"2026-03-26"}},{"type":"Feature","geometry":{"type":"Point","coordinates":[128.31571,36.14919]},"properties":{"name":"봉곡아이파크2차 지하주차장 1층","addr":"경상북도 구미시 봉곡남로20길 15 (봉곡동, 봉곡2차아이파크)","sgg":"47190","cap":9244,"type":"공공용시설 / 지하","src":"localdata","asof":"2026-03-26"}},{"type":"Feature","geometry":{"type":"Point","coordinates":[128.43064,36.0997]},"properties":{"name":"청구하이츠아파트 지하주차장 1~2층","addr":"경상북도 구미시 인동19길 36-11 (인의동, 구미청구하이츠)","sgg":"47190","cap":7801,"type":"공공용시설 / 지하","src":"localdata","asof":"2026-03-26"}},{"type":"Feature","geometry":{"type":"Point","coordinates":[128.34004,36.11384]},"properties":{"name":"대동빌라트 지하주차장 1~2층","addr":"경상북도 구미시 신시로8길 7-6 (형곡동)","sgg":"47190","cap":1980,"type":"공공용시설 / 지하","src":"localdata","asof":"2026-03-26"}},{"type":"Feature","geometry":{"type":"Point","coordinates":[128.35703,36.08657]},"properties":{"name":"화성파크프레지던트1단지아파트 지하주차장1~4층","addr":"경상북도 구미시 상모로10길 40 (상모동, 화성파크프레지던트1단지)","sgg":"47190","cap":4535,"type":"공공용시설 / 지하","src":"localdata","asof":"2026-03-26"}},{"type":"Feature","geometry":{"type":"Point","coordinates":[128.38274,36.1023]},"properties":{"name":"순천향대학교 구미병원 본관 지하1층","addr":"경상북도 구미시 1공단로 179 (공단동, 구미순천향병원)","sgg":"47190","cap":1734,"type":"공공용시설 / 지하","src":"localdata","asof":"2026-03-26"}},{"type":"Feature","geometry":{"type":"Point","coordinates":[128.33726,36.11157]},"properties":{"name":"신세계아파트 지하주차장 1층","addr":"경상북도 구미시 형곡중앙로 51-0 (형곡동)","sgg":"47190","cap":1137,"type":"공공용시설 / 지하","src":"localdata","asof":"2026-03-26"}},{"type":"Feature","geometry":{"type":"Point","coordinates":[128.35377,36.07021]},"properties":{"name":"대동타운1차 지하주차장 1층","addr":"경상북도 구미시 금오대로20길 33, 지하1층 (오태동, 대동타운1차)","sgg":"47190","cap":264,"type":"공공용시설 / 지하","src":"localdata","asof":"2026-03-26"}},{"type":"Feature","geometry":{"type":"Point","coordinates":[128.38456,36.10141]},"properties":{"name":"공단동행정복지센터 지하1층","addr":"경상북도 구미시 1공단로 198-8, 공단동 행정복지센터 (공단동)","sgg":"47190","cap":350,"type":"공공용시설 / 지하","src":"localdata","asof":"2026-03-26"}},{"type":"Feature","geometry":{"type":"Point","coordinates":[128.3521,36.07004]},"properties":{"name":"대원가든타운2차 지하주차장 1층","addr":"경상북도 구미시 금오대로14길 29, 대원가든타운2차 지하1층 (오태동)","sgg":"47190","cap":661,"type":"공공용시설 / 지하","src":"localdata","asof":"2026-03-26"}},{"type":"Feature","geometry":{"type":"Point","coordinates":[128.33315,36.1105]},"properties":{"name":"대성맨션 지하 1층","addr":"경상북도 구미시 형곡로19길 10 (형곡동, 대성맨션)","sgg":"47190","cap":168,"type":"공공용시설 / 지하","src":"localdata","asof":"2026-03-26"}},{"type":"Feature","geometry":{"type":"Point","coordinates":[128.38975,36.1019]},"properties":{"name":"한화시스템 본관동 지하1층","addr":"경상북도 구미시 1공단로 244 (공단동)","sgg":"47190","cap":1381,"type":"공공용시설 / 지하","src":"localdata","asof":"2026-03-26"}},{"type":"Feature","geometry":{"type":"Point","coordinates":[128.43024,36.15766]},"properties":{"name":"구미확장단지 골드클래스 지하주차장 1층~2층","addr":"경상북도 구미시 산동읍 신당3로 43(구미확장단지골드클래스)","sgg":"47190","cap":34323,"type":"공공용시설 / 지하","src":"localdata","asof":"2026-03-26"}},{"type":"Feature","geometry":{"type":"Point","coordinates":[128.33593,36.10937]},"properties":{"name":"이구로얄2차맨션 지하주차장 1층","addr":"경상북도 구미시 형곡동로 81 (형곡동, 이구로얄2차아파트)","sgg":"47190","cap":1783,"type":"공공용시설 / 지하","src":"localdata","asof":"2026-03-26"}},{"type":"Feature","geometry":{"type":"Point","coordinates":[128.34399,36.12096]},"properties":{"name":"한가람빌리지 가동 지하 1층","addr":"경상북도 구미시 백산로5길 6, 가동 (송정동, 한가람빌리지)","sgg":"47190","cap":350,"type":"공공용시설 / 지하","src":"localdata","asof":"2026-03-26"}},{"type":"Feature","geometry":{"type":"Point","coordinates":[128.37409,36.11982]},"properties":{"name":"전원리빙필(비산) 전동 지하주차장 1층","addr":"경상북도 구미시 비산로1길 4 (비산동, 비산전원리빙필)","sgg":"47190","cap":719,"type":"공공용시설 / 지하","src":"localdata","asof":"2026-07-25"}},{"type":"Feature","geometry":{"type":"Point","coordinates":[128.31767,36.14057]},"properties":{"name":"구미도량휴먼시아아파트(403동 지하주차장 1층)","addr":"경상북도 구미시 도봉로 62, 403동 (도량동)","sgg":"47190","cap":1420,"type":"공공용시설 / 지하","src":"localdata","asof":"2026-03-26"}},{"type":"Feature","geometry":{"type":"Point","coordinates":[128.3521,36.08638]},"properties":{"name":"상모한신휴플러스 지하주차장 1~4층","addr":"경상북도 구미시 박정희로 76 (상모동, 상모한신휴플러스)","sgg":"47190","cap":4050,"type":"공공용시설 / 지하","src":"localdata","asof":"2026-03-26"}},{"type":"Feature","geometry":{"type":"Point","coordinates":[128.35026,36.18338]},"properties":{"name":"삼우힐타운 지하주차장 1층","addr":"경상북도 구미시 고아읍 선산대로 610 (삼우힐타운)","sgg":"47190","cap":3177,"type":"공공용시설 / 지하","src":"localdata","asof":"2026-04-11"}},{"type":"Feature","geometry":{"type":"Point","coordinates":[128.34905,36.07224]},"properties":{"name":"오태늘푸른아파트 지하주차장 1층","addr":"경상북도 구미시 금오대로5길 8-7, 지하1층 (오태동, 오태늘푸른아파트)","sgg":"47190","cap":926,"type":"공공용시설 / 지하","src":"localdata","asof":"2026-03-26"}},{"type":"Feature","geometry":{"type":"Point","coordinates":[128.41321,36.12715]},"properties":{"name":"엘지이노텍(주)구미2공장 본관동(A동) 지하1층","addr":"경상북도 구미시 옥계2공단로 221 (구포동, 엘지이노텍(주)구미2공장)","sgg":"47190","cap":1876,"type":"공공용시설 / 지하","src":"localdata","asof":"2026-03-26"}},{"type":"Feature","geometry":{"type":"Point","coordinates":[128.37503,36.11108]},"properties":{"name":"엘지유니참(주) (4동 지하1층)","addr":"경상북도 구미시 수출대로 97 (공단동)","sgg":"47190","cap":595,"type":"공공용시설 / 지하","src":"localdata","asof":"2026-03-26"}},{"type":"Feature","geometry":{"type":"Point","coordinates":[128.33995,36.12556]},"properties":{"name":"대원빌딩 지하주차장 1층","addr":"경상북도 구미시 금오시장로1길 4 (원평동, 대원빌딩)","sgg":"47190","cap":446,"type":"공공용시설 / 지하","src":"localdata","asof":"2026-03-26"}},{"type":"Feature","geometry":{"type":"Point","coordinates":[128.33107,36.13064]},"properties":{"name":"리마트구미점 지하주차장 1층","addr":"경상북도 구미시 구미중앙로11길 18 (원평동)","sgg":"47190","cap":1580,"type":"공공용시설 / 지하","src":"localdata","asof":"2026-03-26"}},{"type":"Feature","geometry":{"type":"Point","coordinates":[128.3212,36.13046]},"properties":{"name":"동방주택6차 지하주차장 1층","addr":"경상북도 구미시 원남로2길 9 (남통동)","sgg":"47190","cap":172,"type":"공공용시설 / 지하","src":"localdata","asof":"2026-03-26"}},{"type":"Feature","geometry":{"type":"Point","coordinates":[128.43325,36.1576]},"properties":{"name":"구미확장단지 골드디움 지하주차장 1층~2층","addr":"경상북도 구미시 산동읍 신당3로 15(구미확장단지골드디움)","sgg":"47190","cap":25593,"type":"공공용시설 / 지하","src":"localdata","asof":"2026-03-26"}},{"type":"Feature","geometry":{"type":"Point","coordinates":[128.33424,36.10644]},"properties":{"name":"미성빌라 A,B동 지하 1층","addr":"경상북도 구미시 형곡로28길 5-17 (형곡동)","sgg":"47190","cap":114,"type":"공공용시설 / 지하","src":"localdata","asof":"2026-03-26"}},{"type":"Feature","geometry":{"type":"Point","coordinates":[128.34739,36.16527]},"properties":{"name":"청솔타운 지하주차장 1층","addr":"경상북도 구미시 고아읍 들성로11길 46-7 (청솔타운)","sgg":"47190","cap":2182,"type":"공공용시설 / 지하","src":"localdata","asof":"2026-04-11"}},{"type":"Feature","geometry":{"type":"Point","coordinates":[128.34,36.10866]},"properties":{"name":"대원로얄타운 지하주차장 1층","addr":"경상북도 구미시 형곡로39길 4 (형곡동, 대원로얄타운)","sgg":"47190","cap":938,"type":"공공용시설 / 지하","src":"localdata","asof":"2026-03-26"}},{"type":"Feature","geometry":{"type":"Point","coordinates":[128.29897,36.2429]},"properties":{"name":"선산읍 행정복지센터 지하1층","addr":"경상북도 구미시 선산읍 선산중앙로 71-1 (선산읍사무소)","sgg":"47190","cap":110,"type":"공공용시설 / 지하","src":"localdata","asof":"2026-03-26"}},{"type":"Feature","geometry":{"type":"Point","coordinates":[128.37188,36.12257]},"properties":{"name":"우림필유아파트(지하1층주차장)","addr":"경상북도 구미시 수출대로3길 130 (공단동)","sgg":"47190","cap":27666,"type":"공공용시설 / 지하","src":"localdata","asof":"2026-03-26"}},{"type":"Feature","geometry":{"type":"Point","coordinates":[128.42118,36.09724]},"properties":{"name":"인의주공 202동옆 지하1층주차장","addr":"경상북도 구미시 인동16길 48-1 (진평동, 구미인의주공아파트)","sgg":"47190","cap":2787,"type":"공공용시설 / 지하","src":"localdata","asof":"2026-03-26"}},{"type":"Feature","geometry":{"type":"Point","coordinates":[128.43627,36.1614]},"properties":{"name":"우미린풀하우스 지하주차장 1층","addr":"경상북도 구미시 산동읍 신당인덕3로 1(우미린풀하우스)","sgg":"47190","cap":49335,"type":"공공용시설 / 지하","src":"localdata","asof":"2026-03-26"}},{"type":"Feature","geometry":{"type":"Point","coordinates":[128.3278,36.12773]},"properties":{"name":"원평대동타운 지하주차장 1층","addr":"경상북도 구미시 원남로4길 5-0 (원평동, 대동타운)","sgg":"47190","cap":2562,"type":"공공용시설 / 지하","src":"localdata","asof":"2026-03-26"}},{"type":"Feature","geometry":{"type":"Point","coordinates":[128.35195,36.12267]},"properties":{"name":"구미종합터미널 지하 1층","addr":"경상북도 구미시 송원동로 72 (원평동, 종합버스터미널)","sgg":"47190","cap":815,"type":"공공용시설 / 지하","src":"localdata","asof":"2026-03-26"}},{"type":"Feature","geometry":{"type":"Point","coordinates":[128.35542,36.09925]},"properties":{"name":"상모사곡화성파크드림 지하주차장 1층","addr":"경상북도 구미시 박정희로 236-8 (사곡동, 상모사곡화성파크드림)","sgg":"47190","cap":6523,"type":"공공용시설 / 지하","src":"localdata","asof":"2026-03-26"}},{"type":"Feature","geometry":{"type":"Point","coordinates":[128.36738,36.16928]},"properties":{"name":"괴평무지개아파트 지하주차장 1층","addr":"경상북도 구미시 고아읍 송평구길 62 (괴평무지개아파트)","sgg":"47190","cap":2182,"type":"공공용시설 / 지하","src":"localdata","asof":"2026-04-11"}},{"type":"Feature","geometry":{"type":"Point","coordinates":[128.35641,36.08418]},"properties":{"name":"우방신세계아파트2단지 지하주차장1~4층","addr":"경상북도 구미시 상사서로 17 (상모동, 우방신세계타운2단지)","sgg":"47190","cap":4684,"type":"공공용시설 / 지하","src":"localdata","asof":"2026-03-26"}},{"type":"Feature","geometry":{"type":"Point","coordinates":[128.30023,36.24332]},"properties":{"name":"선산출장소 지하1층","addr":"경상북도 구미시 선산읍 선산중앙로 83-2","sgg":"47190","cap":302,"type":"공공용시설 / 지하","src":"localdata","asof":"2026-03-26"}},{"type":"Feature","geometry":{"type":"Point","coordinates":[128.44118,36.16241]},"properties":{"name":"구미중흥S클래스에코시티 지하주차장 1층~2층","addr":"경상북도 구미시 산동읍 신당인덕1로 135(중흥에스-클래스에코시티)","sgg":"47190","cap":67085,"type":"공공용시설 / 지하","src":"localdata","asof":"2026-03-26"}},{"type":"Feature","geometry":{"type":"Point","coordinates":[128.42135,36.13845]},"properties":{"name":"삼구트리니엔 지하주차장 1층~2층","addr":"경상북도 구미시 옥계북로 33 (옥계동, 삼구트리니엔)","sgg":"47190","cap":3064,"type":"공공용시설 / 지하","src":"localdata","asof":"2026-03-26"}},{"type":"Feature","geometry":{"type":"Point","coordinates":[128.30458,36.25112]},"properties":{"name":"이편한세상 구미교리 지하 1층 주차장","addr":"경상북도 구미시 선산읍 선산향교길 16 (e편한세상구미교리)","sgg":"47190","cap":7178,"type":"공공용시설 / 지하","src":"localdata","asof":"2026-03-26"}},{"type":"Feature","geometry":{"type":"Point","coordinates":[128.31606,36.14255]},"properties":{"name":"봉곡뜨란채104동앞 지하주차장 1층","addr":"경상북도 구미시 도봉로5길 13 (봉곡동, 구미봉곡뜨란채)","sgg":"47190","cap":1547,"type":"공공용시설 / 지하","src":"localdata","asof":"2026-03-26"}},{"type":"Feature","geometry":{"type":"Point","coordinates":[128.34607,36.13989]},"properties":{"name":"구미보건소(지하 1층)","addr":"경상북도 구미시 선산대로 111 (지산동, 구미시의료센터)","sgg":"47190","cap":1193,"type":"공공용시설 / 지하","src":"localdata","asof":"2026-03-26"}},{"type":"Feature","geometry":{"type":"Point","coordinates":[128.38445,36.10185]},"properties":{"name":"공단지하도 지하1층","addr":"경상북도 구미시 1공단로 196 (공단동)","sgg":"47190","cap":215,"type":"공공용시설 / 지하","src":"localdata","asof":"2026-03-26"}},{"type":"Feature","geometry":{"type":"Point","coordinates":[128.34087,36.11019]},"properties":{"name":"삼우맨션(902동) 지하 1층","addr":"경상북도 구미시 형곡로41길 16-1 (형곡동)","sgg":"47190","cap":259,"type":"공공용시설 / 지하","src":"localdata","asof":"2026-03-26"}},{"type":"Feature","geometry":{"type":"Point","coordinates":[128.36955,36.11071]},"properties":{"name":"코오롱인더스트리 1식당 지하1층","addr":"경상북도 구미시 수출대로 48 (공단동, 코오롱)","sgg":"47190","cap":1005,"type":"공공용시설 / 지하","src":"localdata","asof":"2026-03-26"}},{"type":"Feature","geometry":{"type":"Point","coordinates":[128.31787,36.1515]},"properties":{"name":"봉곡현대아파트 106동 앞 지하주차장 1층","addr":"경상북도 구미시 봉곡남로 148-0 (봉곡동)","sgg":"47190","cap":683,"type":"공공용시설 / 지하","src":"localdata","asof":"2026-03-26"}},{"type":"Feature","geometry":{"type":"Point","coordinates":[128.30605,36.15703]},"properties":{"name":"구미봉곡코아루아파트 지하주차장 1~2층","addr":"경상북도 구미시 봉곡북로7길 25 (봉곡동, 구미 봉곡 코아루)","sgg":"47190","cap":13292,"type":"공공용시설 / 지하","src":"localdata","asof":"2026-03-26"}},{"type":"Feature","geometry":{"type":"Point","coordinates":[128.42416,36.14237]},"properties":{"name":"구미옥계휴먼시아 2단지 지하주차장 1층~3층","addr":"경상북도 구미시 옥계북로 43-52 (옥계동, 구미옥계휴먼시아 2단지)","sgg":"47190","cap":20760,"type":"공공용시설 / 지하","src":"localdata","asof":"2026-03-26"}},{"type":"Feature","geometry":{"type":"Point","coordinates":[128.38511,36.09045]},"properties":{"name":"엘지이노텍 구미4공장 지하1,2층 주차장","addr":"경상북도 구미시 산호대로 77, 엘지이노텍 구미4공장 (공단동)","sgg":"47190","cap":4765,"type":"공공용시설 / 지하","src":"localdata","asof":"2026-03-26"}},{"type":"Feature","geometry":{"type":"Point","coordinates":[128.31821,36.14013]},"properties":{"name":"도량뜨란채(504동 지하주차장 1층)","addr":"경상북도 구미시 도봉로 67, 504동 (도량동, 구미도량뜨란채5단지)","sgg":"47190","cap":1420,"type":"공공용시설 / 지하","src":"localdata","asof":"2026-03-26"}},{"type":"Feature","geometry":{"type":"Point","coordinates":[128.43187,36.11963]},"properties":{"name":"화진금봉3차아파트 지하주차장 1층","addr":"경상북도 구미시 검성로 103-48 (황상동, 화진금봉타운)","sgg":"47190","cap":992,"type":"공공용시설 / 지하","src":"localdata","asof":"2026-03-26"}},{"type":"Feature","geometry":{"type":"Point","coordinates":[128.43331,36.15794]},"properties":{"name":"우미린센트럴파크 지하주차장 1층~2층","addr":"경상북도 구미시 산동읍 신당3로 16 (우미린센트럴파크)","sgg":"47190","cap":58860,"type":"공공용시설 / 지하","src":"localdata","asof":"2026-03-26"}},{"type":"Feature","geometry":{"type":"Point","coordinates":[128.29018,36.23331]},"properties":{"name":"농업기술센터 지하1층","addr":"경상북도 구미시 선산읍 김선로 963 (구미시농업기술센터)","sgg":"47190","cap":358,"type":"공공용시설 / 지하","src":"localdata","asof":"2026-03-26"}},{"type":"Feature","geometry":{"type":"Point","coordinates":[128.42414,36.14191]},"properties":{"name":"옥계 더힐 아파트 지하주차장 1층~2층","addr":"경상북도 구미시 옥계북로 43-48 (옥계동, 옥계 더힐 아파트)","sgg":"47190","cap":13918,"type":"공공용시설 / 지하","src":"localdata","asof":"2026-03-26"}},{"type":"Feature","geometry":{"type":"Point","coordinates":[128.35167,36.08722]},"properties":{"name":"세양청마루아파트 지하주차장 1~4층","addr":"경상북도 구미시 박정희로 90-14 (상모동, 세양청마루아파트)","sgg":"47190","cap":5171,"type":"공공용시설 / 지하","src":"localdata","asof":"2026-03-26"}},{"type":"Feature","geometry":{"type":"Point","coordinates":[128.34744,36.14464]},"properties":{"name":"지산새마을금고 본점(지하 1층)","addr":"경상북도 구미시 선산대로 163-1 (지산동)","sgg":"47190","cap":153,"type":"공공용시설 / 지하","src":"localdata","asof":"2026-03-26"}},{"type":"Feature","geometry":{"type":"Point","coordinates":[128.53422,36.86892]},"properties":{"name":"풍기읍 주민자치센터 지하1층","addr":"경상북도 영주시 풍기읍 동성로 18, 풍기문화의집","sgg":"47210","cap":100,"type":"공공용시설 / 지하","src":"localdata","asof":"2026-03-11"}},{"type":"Feature","geometry":{"type":"Point","coordinates":[128.63309,36.82501]},"properties":{"name":"코오롱2차아파트 지상1층 주차장","addr":"경상북도 영주시 영주로 303, 코오롱2차아파트 (하망동)","sgg":"47210","cap":410,"type":"공공용시설 / 지상","src":"localdata","asof":"2026-03-11"}},{"type":"Feature","geometry":{"type":"Point","coordinates":[128.62158,36.82715]},"properties":{"name":"남서울예식장 지하식당 1층","addr":"경상북도 영주시 광복로32번길 16, 남서울예식장 (영주동)","sgg":"47210","cap":298,"type":"공공용시설 / 지하","src":"localdata","asof":"2026-03-11"}},{"type":"Feature","geometry":{"type":"Point","coordinates":[128.62826,36.82806]},"properties":{"name":"상망동 행정복지센터 지하주차장 1층","addr":"경상북도 영주시 광복로 87, 상망동 행정복지센터 (하망동)","sgg":"47210","cap":779,"type":"공공용시설 / 지하","src":"localdata","asof":"2026-03-11"}},{"type":"Feature","geometry":{"type":"Point","coordinates":[128.60124,36.81871]},"properties":{"name":"영주가흥코아루노블아파트 지하주차장 1층","addr":"경상북도 영주시 대학로261번길 27 (가흥동, 영주가흥코아루노블아파트)","sgg":"47210","cap":4442,"type":"공공용시설 / 지하","src":"localdata","asof":"2026-03-11"}},{"type":"Feature","geometry":{"type":"Point","coordinates":[128.60566,36.82082]},"properties":{"name":"로컬푸드직매장 지하주차장 1층","addr":"경상북도 영주시 대학로284번길 5 (가흥동)","sgg":"47210","cap":830,"type":"공공용시설 / 지하","src":"localdata","asof":"2026-03-11"}},{"type":"Feature","geometry":{"type":"Point","coordinates":[128.53384,36.88171]},"properties":{"name":"동양대학교 현암관 지하1층","addr":"경상북도 영주시 풍기읍 동양대로 145","sgg":"47210","cap":130,"type":"공공용시설 / 지하","src":"localdata","asof":"2026-03-11"}},{"type":"Feature","geometry":{"type":"Point","coordinates":[128.61724,36.82399]},"properties":{"name":"동진타워아파트 지하주차장 1~2층","addr":"경상북도 영주시 선비로 223 (영주동, 동진타워아파트)","sgg":"47210","cap":2605,"type":"공공용시설 / 지하","src":"localdata","asof":"2026-07-14"}},{"type":"Feature","geometry":{"type":"Point","coordinates":[128.63309,36.82501]},"properties":{"name":"코오롱2차아파트 보일러실 1층","addr":"경상북도 영주시 영주로 303, 코오롱2차아파트 (하망동)","sgg":"47210","cap":965,"type":"공공용시설 / 지하","src":"localdata","asof":"2026-03-11"}},{"type":"Feature","geometry":{"type":"Point","coordinates":[128.62168,36.80525]},"properties":{"name":"현대2차 아파트 203동 지하주차장 1층","addr":"경상북도 영주시 지천로50번길 38 (휴천동, 휴천2차현대아파트)","sgg":"47210","cap":1179,"type":"공공용시설 / 지하","src":"localdata","asof":"2026-03-11"}},{"type":"Feature","geometry":{"type":"Point","coordinates":[128.63869,36.82712]},"properties":{"name":"경일미래타운아파트 지하주차장 1층","addr":"경상북도 영주시 웃무리로13번길 15 (상망동, 경일미래타운)","sgg":"47210","cap":2457,"type":"공공용시설 / 지하","src":"localdata","asof":"2026-03-11"}},{"type":"Feature","geometry":{"type":"Point","coordinates":[128.63641,36.8325]},"properties":{"name":"코아루아파트 지하주차장 1층","addr":"경상북도 영주시 원당로225번길 67 (상망동, 코아루아파트)","sgg":"47210","cap":15012,"type":"공공용시설 / 지하","src":"localdata","asof":"2026-03-11"}},{"type":"Feature","geometry":{"type":"Point","coordinates":[128.60309,36.81534]},"properties":{"name":"영주가흥사랑으로부영아파트 지하주차장 1~2층","addr":"경상북도 영주시 대동로 7 (가흥동, 영주가흥사랑으로부영아파트)","sgg":"47210","cap":57305,"type":"공공용시설 / 지하","src":"localdata","asof":"2026-03-11"}},{"type":"Feature","geometry":{"type":"Point","coordinates":[128.62718,36.82332]},"properties":{"name":"스카이타운 아파트 지하주차장 1층","addr":"경상북도 영주시 번영로 128 (하망동, 스카이타운)","sgg":"47210","cap":2249,"type":"공공용시설 / 지하","src":"localdata","asof":"2026-03-11"}},{"type":"Feature","geometry":{"type":"Point","coordinates":[128.62256,36.82794]},"properties":{"name":"영주제일교회 봉사관 지하1층","addr":"경상북도 영주시 광복로 37 (영주동)","sgg":"47210","cap":188,"type":"공공용시설 / 지하","src":"localdata","asof":"2026-03-11"}},{"type":"Feature","geometry":{"type":"Point","coordinates":[128.61138,36.80909]},"properties":{"name":"영주시종합사회복지관(가흥주공아파트 내) 지하 1층","addr":"경상북도 영주시 대학로 130 (가흥동, 가흥주공임대아파트)","sgg":"47210","cap":3292,"type":"공공용시설 / 지하","src":"localdata","asof":"2026-03-11"}},{"type":"Feature","geometry":{"type":"Point","coordinates":[128.52575,36.87067]},"properties":{"name":"농협은행 풍기지점 지하1층","addr":"경상북도 영주시 풍기읍 풍기로 65, 농협풍기지점","sgg":"47210","cap":100,"type":"공공용시설 / 지하","src":"localdata","asof":"2026-03-11"}},{"type":"Feature","geometry":{"type":"Point","coordinates":[128.62758,36.81731]},"properties":{"name":"KT영주지사 지하주차장 1층","addr":"경상북도 영주시 구성로 269, 한국통신 (휴천동)","sgg":"47210","cap":119,"type":"공공용시설 / 지하","src":"localdata","asof":"2026-03-11"}},{"type":"Feature","geometry":{"type":"Point","coordinates":[128.61935,36.81778]},"properties":{"name":"신영주교회 지하교육관1층","addr":"경상북도 영주시 원당로 30 (가흥동)","sgg":"47210","cap":250,"type":"공공용시설 / 지하","src":"localdata","asof":"2026-07-14"}},{"type":"Feature","geometry":{"type":"Point","coordinates":[128.63583,36.81884]},"properties":{"name":"세영첼시빌 아파트 지하주차장 1층","addr":"경상북도 영주시 남간로71번길 10 (휴천동, 세영첼시빌)","sgg":"47210","cap":1220,"type":"공공용시설 / 지하","src":"localdata","asof":"2026-03-11"}},{"type":"Feature","geometry":{"type":"Point","coordinates":[128.6019,36.80201]},"properties":{"name":"한국폴리텍VI대학 영주캠퍼스 대학본부 지하1층","addr":"경상북도 영주시 가흥로 2, 한국폴리텍대학 영주캠퍼스 (문정동)","sgg":"47210","cap":327,"type":"공공용시설 / 지하","src":"localdata","asof":"2026-03-11"}},{"type":"Feature","geometry":{"type":"Point","coordinates":[128.52487,36.86976]},"properties":{"name":"풍기호텔 지하1층","addr":"경상북도 영주시 풍기읍 풍기로 53, 풍기호텔","sgg":"47210","cap":826,"type":"공공용시설 / 지하","src":"localdata","asof":"2026-03-11"}},{"type":"Feature","geometry":{"type":"Point","coordinates":[128.63203,36.81831]},"properties":{"name":"현대동산아파트 지하주차장 1층","addr":"경상북도 영주시 남간로 38-10 (휴천동, 현대동산아파트)","sgg":"47210","cap":3461,"type":"공공용시설 / 지하","src":"localdata","asof":"2026-03-11"}},{"type":"Feature","geometry":{"type":"Point","coordinates":[128.61354,36.81457]},"properties":{"name":"현대2차강변아파트 101동 지하주차장 1층","addr":"경상북도 영주시 대동로 98 (가흥동, 현대2차강변아파트)","sgg":"47210","cap":2611,"type":"공공용시설 / 지하","src":"localdata","asof":"2026-03-11"}},{"type":"Feature","geometry":{"type":"Point","coordinates":[128.62554,36.82404]},"properties":{"name":"농협중앙회 지하주차장 1층","addr":"경상북도 영주시 중앙로 100, 농협중앙회영주시지부 (하망동)","sgg":"47210","cap":443,"type":"공공용시설 / 지하","src":"localdata","asof":"2026-03-11"}},{"type":"Feature","geometry":{"type":"Point","coordinates":[128.53384,36.88171]},"properties":{"name":"동양대학교 신재1관 지하1층","addr":"경상북도 영주시 풍기읍 동양대로 145","sgg":"47210","cap":165,"type":"공공용시설 / 지하","src":"localdata","asof":"2026-03-11"}},{"type":"Feature","geometry":{"type":"Point","coordinates":[128.63544,36.82038]},"properties":{"name":"화성라온빌아파트 지하주차장 1층","addr":"경상북도 영주시 남간로71번길 46 (휴천동, 화성라온빌)","sgg":"47210","cap":557,"type":"공공용시설 / 지하","src":"localdata","asof":"2026-03-11"}},{"type":"Feature","geometry":{"type":"Point","coordinates":[128.621,36.82508]},"properties":{"name":"영주기독병원 지하1층","addr":"경상북도 영주시 구성로 380, 영주기독병원 (영주동)","sgg":"47210","cap":132,"type":"공공용시설 / 지하","src":"localdata","asof":"2026-03-11"}},{"type":"Feature","geometry":{"type":"Point","coordinates":[128.62523,36.82452]},"properties":{"name":"대구은행 지하주차장 1층","addr":"경상북도 영주시 번영로 149, 대구은행 (하망동)","sgg":"47210","cap":298,"type":"공공용시설 / 지하","src":"localdata","asof":"2026-03-11"}},{"type":"Feature","geometry":{"type":"Point","coordinates":[128.61625,36.80766]},"properties":{"name":"경북전문대 학생군사교육단 지하1층","addr":"경상북도 영주시 대학로 77, 경북전문대학교 (휴천동)","sgg":"47210","cap":529,"type":"공공용시설 / 지하","src":"localdata","asof":"2026-03-11"}},{"type":"Feature","geometry":{"type":"Point","coordinates":[128.62413,36.80631]},"properties":{"name":"영주시청 구내식당 지하1층","addr":"경상북도 영주시 시청로 1, 영주시청 (휴천동)","sgg":"47210","cap":256,"type":"공공용시설 / 지하","src":"localdata","asof":"2026-03-11"}},{"type":"Feature","geometry":{"type":"Point","coordinates":[128.6335,36.83171]},"properties":{"name":"영남동산아파트 1동 지하추자장 1층","addr":"경상북도 영주시 원당로223번길 57, 1동 (하망동, 영남동산아파트)","sgg":"47210","cap":1150,"type":"공공용시설 / 지하","src":"localdata","asof":"2026-03-11"}},{"type":"Feature","geometry":{"type":"Point","coordinates":[128.62179,36.82101]},"properties":{"name":"영주우체국 지하주차장 1~2층","addr":"경상북도 영주시 중앙로 49, 영주우체국 (영주동)","sgg":"47210","cap":1193,"type":"공공용시설 / 지하","src":"localdata","asof":"2026-07-14"}},{"type":"Feature","geometry":{"type":"Point","coordinates":[128.62296,36.81421]},"properties":{"name":"벨리나웨딩홀 지하 1층","addr":"경상북도 영주시 선비로 104, 벨리나웨딩홀 (휴천동)","sgg":"47210","cap":787,"type":"공공용시설 / 지하","src":"localdata","asof":"2026-03-11"}},{"type":"Feature","geometry":{"type":"Point","coordinates":[128.61133,36.83412]},"properties":{"name":"가흥동 현대아파트 지하대피소 1층","addr":"경상북도 영주시 신재로12번길 67 (가흥동, 현대아파트)","sgg":"47210","cap":2099,"type":"공공용시설 / 지하","src":"localdata","asof":"2026-03-11"}},{"type":"Feature","geometry":{"type":"Point","coordinates":[128.63165,36.79603]},"properties":{"name":"농협파머스마켓 지하주차장 1층","addr":"경상북도 영주시 구성로 25, 파머스마켓 (조암동)","sgg":"47210","cap":4438,"type":"공공용시설 / 지하","src":"localdata","asof":"2026-03-11"}},{"type":"Feature","geometry":{"type":"Point","coordinates":[128.61119,36.8277]},"properties":{"name":"가흥동 3주공아파트 주민복지관 지하1층","addr":"경상북도 영주시 가흥로 343 (가흥동, 영주가흥3단지)","sgg":"47210","cap":438,"type":"공공용시설 / 지하","src":"localdata","asof":"2026-03-11"}},{"type":"Feature","geometry":{"type":"Point","coordinates":[128.61322,36.81234]},"properties":{"name":"경상북도영주교육지원청 지하공공업무시설 1층","addr":"경상북도 영주시 가흥로 165 (가흥동)","sgg":"47210","cap":391,"type":"공공용시설 / 지하","src":"localdata","asof":"2026-03-11"}},{"type":"Feature","geometry":{"type":"Point","coordinates":[128.63008,36.80585]},"properties":{"name":"남산현대아파트 지하주차장 1~2층","addr":"경상북도 영주시 구성로142번길 20 (휴천동, 남산현대아파트)","sgg":"47210","cap":5769,"type":"공공용시설 / 지하","src":"localdata","asof":"2026-03-11"}},{"type":"Feature","geometry":{"type":"Point","coordinates":[128.47829,36.88721]},"properties":{"name":"풍기우정교육센터 지하1층 체력단련실","addr":"경상북도 영주시 풍기읍 죽령로 1396, 풍기온천수련원우체국","sgg":"47210","cap":137,"type":"공공용시설 / 지하","src":"localdata","asof":"2026-03-11"}},{"type":"Feature","geometry":{"type":"Point","coordinates":[128.6026,36.81503]},"properties":{"name":"세영리첼아파트 지하주차장 1~2층","addr":"경상북도 영주시 대동로 2 (가흥동, 세영리첼아파트)","sgg":"47210","cap":22843,"type":"공공용시설 / 지하","src":"localdata","asof":"2026-03-11"}},{"type":"Feature","geometry":{"type":"Point","coordinates":[128.60632,36.82425]},"properties":{"name":"영주가흥더리브스위트엠아파트 지하주차장 2층","addr":"경상북도 영주시 대학로 324 (가흥동, 영주가흥더리브스위트엠)","sgg":"47210","cap":9240,"type":"공공용시설 / 지하","src":"localdata","asof":"2026-03-11"}},{"type":"Feature","geometry":{"type":"Point","coordinates":[128.62413,36.80631]},"properties":{"name":"영주시청 별관 주차장 지하1층","addr":"경상북도 영주시 시청로 1, 영주시청 (휴천동)","sgg":"47210","cap":661,"type":"공공용시설 / 지하","src":"localdata","asof":"2026-03-11"}},{"type":"Feature","geometry":{"type":"Point","coordinates":[128.6178,36.82318]},"properties":{"name":"시민회관 지하1층","addr":"경상북도 영주시 선비로 213 (영주동)","sgg":"47210","cap":278,"type":"공공용시설 / 지하","src":"localdata","asof":"2026-07-14"}},{"type":"Feature","geometry":{"type":"Point","coordinates":[128.87144,35.93086]},"properties":{"name":"태성맨션 지하1층","addr":"경상북도 영천시 금호읍 금호로 88 (태성맨션)","sgg":"47230","cap":1120,"type":"공공용시설 / 지하","src":"localdata","asof":"2025-12-15"}},{"type":"Feature","geometry":{"type":"Point","coordinates":[128.93672,35.96518]},"properties":{"name":"완산청구하이츠 아파트 지하주차장 1층","addr":"경상북도 영천시 강남길 31 (완산동, 완산청구하이츠)","sgg":"47230","cap":4195,"type":"공공용시설 / 지하","src":"localdata","asof":"2025-12-15"}},{"type":"Feature","geometry":{"type":"Point","coordinates":[128.93978,35.97613]},"properties":{"name":"청구2차아파트 지하1층","addr":"경상북도 영천시 모란1길 18 (야사동)","sgg":"47230","cap":1758,"type":"공공용시설 / 지하","src":"localdata","asof":"2025-12-15"}},{"type":"Feature","geometry":{"type":"Point","coordinates":[128.94276,35.96686]},"properties":{"name":"완산 미소지움 1차 지하1~2층","addr":"경상북도 영천시 완산5길 25 (완산동, 완산미소지움)","sgg":"47230","cap":16846,"type":"공공용시설 / 지하","src":"localdata","asof":"2026-02-20"}},{"type":"Feature","geometry":{"type":"Point","coordinates":[128.86922,35.93231]},"properties":{"name":"금호우방타운 지하주차장 1층","addr":"경상북도 영천시 금호읍 덕성길 20 (금호우방타운)","sgg":"47230","cap":2640,"type":"공공용시설 / 지하","src":"localdata","asof":"2025-12-15"}},{"type":"Feature","geometry":{"type":"Point","coordinates":[128.94855,35.97372]},"properties":{"name":"망정주공1단지 지하1층","addr":"경상북도 영천시 동부로 40 (망정동)","sgg":"47230","cap":855,"type":"공공용시설 / 지하","src":"localdata","asof":"2025-12-15"}},{"type":"Feature","geometry":{"type":"Point","coordinates":[128.9249,35.99065]},"properties":{"name":"농업기술센터 지하시설","addr":"경상북도 영천시 천문로 622-13 (오미동)","sgg":"47230","cap":320,"type":"공공용시설 / 지하","src":"localdata","asof":"2025-12-15"}},{"type":"Feature","geometry":{"type":"Point","coordinates":[128.94183,35.96339]},"properties":{"name":"고은스퀘어 지하주차장","addr":"경상북도 영천시 시장로 106 (완산동)","sgg":"47230","cap":871,"type":"공공용시설 / 지하","src":"localdata","asof":"2025-12-15"}},{"type":"Feature","geometry":{"type":"Point","coordinates":[128.9412,35.97222]},"properties":{"name":"효성볼링장 지하1층","addr":"경상북도 영천시 호국로 27 (야사동)","sgg":"47230","cap":2018,"type":"공공용시설 / 지하","src":"localdata","asof":"2025-12-15"}},{"type":"Feature","geometry":{"type":"Point","coordinates":[128.93402,35.96085]},"properties":{"name":"스타컨벤션웨딩 지하1층","addr":"경상북도 영천시 금완로 51 (완산동)","sgg":"47230","cap":793,"type":"공공용시설 / 지하","src":"localdata","asof":"2026-06-25"}},{"type":"Feature","geometry":{"type":"Point","coordinates":[128.92234,35.97042]},"properties":{"name":"청소년수련관 지하1층","addr":"경상북도 영천시 운동장로 92 (교촌동)","sgg":"47230","cap":330,"type":"공공용시설 / 지하","src":"localdata","asof":"2025-12-15"}},{"type":"Feature","geometry":{"type":"Point","coordinates":[128.91296,35.9574]},"properties":{"name":"영남대학 영천병원 지하1층","addr":"경상북도 영천시 오수1길 10 (오수동, 영천영대병원)","sgg":"47230","cap":2661,"type":"공공용시설 / 지하","src":"localdata","asof":"2025-12-15"}},{"type":"Feature","geometry":{"type":"Point","coordinates":[128.93918,35.96435]},"properties":{"name":"농협중앙회영천시지회 지하1층","addr":"경상북도 영천시 완산로 48 (완산동, 농협은행영천시지부)","sgg":"47230","cap":512,"type":"공공용시설 / 지하","src":"localdata","asof":"2025-12-15"}},{"type":"Feature","geometry":{"type":"Point","coordinates":[128.89943,35.94283]},"properties":{"name":"윤성모닝타운 지하주차장 1~2층","addr":"경상북도 영천시 금호읍 원제2길 16-8","sgg":"47230","cap":4950,"type":"공공용시설 / 지하","src":"localdata","asof":"2025-12-15"}},{"type":"Feature","geometry":{"type":"Point","coordinates":[128.94747,35.96684]},"properties":{"name":"완산 미소지움 2차 지하1~2층","addr":"경상북도 영천시 완산5길 111 (완산동, 영천완산미소지움2차)","sgg":"47230","cap":25714,"type":"공공용시설 / 지하","src":"localdata","asof":"2026-02-20"}},{"type":"Feature","geometry":{"type":"Point","coordinates":[128.9542,35.98926]},"properties":{"name":"아이존빌스타아파트 지하1~2층","addr":"경상북도 영천시 창신1길 35 (망정동, 아이존빌스타아파트)","sgg":"47230","cap":24383,"type":"공공용시설 / 지하","src":"localdata","asof":"2025-12-15"}},{"type":"Feature","geometry":{"type":"Point","coordinates":[128.95135,35.98162]},"properties":{"name":"한신더휴퍼스트아파트 지하1층","addr":"경상북도 영천시 망정1길 171(야사동, 한신THE휴영천퍼스트)","sgg":"47230","cap":39704,"type":"공공용시설 / 지하","src":"localdata","asof":"2025-12-15"}},{"type":"Feature","geometry":{"type":"Point","coordinates":[128.94912,35.97161]},"properties":{"name":"영천우방타운 지하1~3층","addr":"경상북도 영천시 동부로 15 (야사동)","sgg":"47230","cap":3014,"type":"공공용시설 / 지하","src":"localdata","asof":"2025-12-15"}},{"type":"Feature","geometry":{"type":"Point","coordinates":[128.94686,35.96415]},"properties":{"name":"완산동행정복지센터 지하 1층","addr":"경상북도 영천시 시장로 151, 완산동행정복지센터 (완산동)","sgg":"47230","cap":698,"type":"공공용시설 / 지하","src":"localdata","asof":"2025-12-15"}},{"type":"Feature","geometry":{"type":"Point","coordinates":[128.95161,35.9795]},"properties":{"name":"보성스타팰리스 지하1층","addr":"경상북도 영천시 망정1길 138-0 (망정동, 보성스타팰리스)","sgg":"47230","cap":4109,"type":"공공용시설 / 지하","src":"localdata","asof":"2025-12-15"}},{"type":"Feature","geometry":{"type":"Point","coordinates":[128.93965,35.97448]},"properties":{"name":"무궁화타운 109동 지하기계실","addr":"경상북도 영천시 충효로 97 (문외동)","sgg":"47230","cap":989,"type":"공공용시설 / 지하","src":"localdata","asof":"2025-12-15"}},{"type":"Feature","geometry":{"type":"Point","coordinates":[128.95247,35.98331]},"properties":{"name":"망정휴먼시아5단지 지하1층","addr":"경상북도 영천시 망정로 80 (망정동, 영천망정휴먼시아5단지)","sgg":"47230","cap":6570,"type":"공공용시설 / 지하","src":"localdata","asof":"2025-12-15"}},{"type":"Feature","geometry":{"type":"Point","coordinates":[128.94429,35.96264]},"properties":{"name":"e편한세상 센텀스타시티 2블럭 지하1층","addr":"경상북도 영천시 완산9길 16 (완산동, e편한세상 센텀스타시티 영천 2블럭)","sgg":"47230","cap":23481,"type":"공공용시설 / 지하","src":"localdata","asof":"2026-02-20"}},{"type":"Feature","geometry":{"type":"Point","coordinates":[128.942,35.97222]},"properties":{"name":"영동새마을금고 지하 1층","addr":"경상북도 영천시 호국로 36 (야사동)","sgg":"47230","cap":320,"type":"공공용시설 / 지하","src":"localdata","asof":"2026-02-20"}},{"type":"Feature","geometry":{"type":"Point","coordinates":[128.93978,35.97613]},"properties":{"name":"청구1차아파트 지하1층","addr":"경상북도 영천시 모란1길 18 (야사동)","sgg":"47230","cap":8083,"type":"공공용시설 / 지하","src":"localdata","asof":"2025-12-15"}},{"type":"Feature","geometry":{"type":"Point","coordinates":[128.94263,35.93352]},"properties":{"name":"가와인아파트 지하주차장 1층","addr":"경상북도 영천시 봉동1길 51 (봉동, 봉동선원가와인아파트)","sgg":"47230","cap":9224,"type":"공공용시설 / 지하","src":"localdata","asof":"2025-12-15"}},{"type":"Feature","geometry":{"type":"Point","coordinates":[128.95467,35.98795]},"properties":{"name":"청솔 아파트 지하1층","addr":"경상북도 영천시 창신1길 22 (망정동, 청솔아파트)","sgg":"47230","cap":3568,"type":"공공용시설 / 지하","src":"localdata","asof":"2025-12-15"}},{"type":"Feature","geometry":{"type":"Point","coordinates":[128.94944,35.97162]},"properties":{"name":"망정주공4단지 지하1~2층","addr":"경상북도 영천시 동부로 14 (망정동)","sgg":"47230","cap":4314,"type":"공공용시설 / 지하","src":"localdata","asof":"2025-12-15"}},{"type":"Feature","geometry":{"type":"Point","coordinates":[128.93129,35.95644]},"properties":{"name":"한국전력공사영천지점 지하1층","addr":"경상북도 영천시 천문로 199 (금노동)","sgg":"47230","cap":105,"type":"공공용시설 / 지하","src":"localdata","asof":"2025-12-15"}},{"type":"Feature","geometry":{"type":"Point","coordinates":[128.94855,35.97372]},"properties":{"name":"망정주공2단지 지하1층","addr":"경상북도 영천시 동부로 40 (망정동)","sgg":"47230","cap":2010,"type":"공공용시설 / 지하","src":"localdata","asof":"2025-12-15"}},{"type":"Feature","geometry":{"type":"Point","coordinates":[128.9391,35.96627]},"properties":{"name":"수덕빌딩 지하1층","addr":"경상북도 영천시 완산로 68 (완산동)","sgg":"47230","cap":627,"type":"공공용시설 / 지하","src":"localdata","asof":"2025-12-15"}},{"type":"Feature","geometry":{"type":"Point","coordinates":[128.92195,35.964]},"properties":{"name":"영천교육청 지하1층","addr":"경상북도 영천시 장수로 18-2 (화룡동, 영천교육지원청)","sgg":"47230","cap":147,"type":"공공용시설 / 지하","src":"localdata","asof":"2025-12-15"}},{"type":"Feature","geometry":{"type":"Point","coordinates":[128.93257,35.96813]},"properties":{"name":"영천시보건소 지하시설","addr":"경상북도 영천시 옛군청1길 31 (문내동)","sgg":"47230","cap":250,"type":"공공용시설 / 지하","src":"localdata","asof":"2025-12-15"}},{"type":"Feature","geometry":{"type":"Point","coordinates":[128.9351,35.9635]},"properties":{"name":"대구은행영천지점 지하주차장 1층","addr":"경상북도 영천시 시장로 45 (완산동)","sgg":"47230","cap":1376,"type":"공공용시설 / 지하","src":"localdata","asof":"2025-12-15"}},{"type":"Feature","geometry":{"type":"Point","coordinates":[128.94396,35.96262]},"properties":{"name":"e편한세상 센텀스타시티 1블럭 지하1층","addr":"경상북도 영천시 완산9길 15 (완산동, e편한세상 센텀스타시티 영천 1블럭)","sgg":"47230","cap":21837,"type":"공공용시설 / 지하","src":"localdata","asof":"2026-02-20"}},{"type":"Feature","geometry":{"type":"Point","coordinates":[128.95451,35.9876]},"properties":{"name":"창신아파트 지하1층","addr":"경상북도 영천시 창신1길 21 (망정동, 창신타운)","sgg":"47230","cap":7126,"type":"공공용시설 / 지하","src":"localdata","asof":"2025-12-15"}},{"type":"Feature","geometry":{"type":"Point","coordinates":[128.9244,35.96312]},"properties":{"name":"교동새마을금고 지하1층","addr":"경상북도 영천시 최무선로 214 (성내동, 새마을금고)","sgg":"47230","cap":258,"type":"공공용시설 / 지하","src":"localdata","asof":"2025-12-15"}},{"type":"Feature","geometry":{"type":"Point","coordinates":[128.94375,35.96347]},"properties":{"name":"완산골드타워 지하주차장","addr":"경상북도 영천시 시장로 120 (완산동)","sgg":"47230","cap":1053,"type":"공공용시설 / 지하","src":"localdata","asof":"2025-12-15"}},{"type":"Feature","geometry":{"type":"Point","coordinates":[128.93841,35.97209]},"properties":{"name":"영천시청 지하1층","addr":"경상북도 영천시 시청로 16 (문외동)","sgg":"47230","cap":1007,"type":"공공용시설 / 지하","src":"localdata","asof":"2025-12-15"}},{"type":"Feature","geometry":{"type":"Point","coordinates":[128.93581,35.97387]},"properties":{"name":"삼산무지개타운 지하주차장 1층(101동, 102동)","addr":"경상북도 영천시 청산길 29 (문외동, 무지개타운)","sgg":"47230","cap":2281,"type":"공공용시설 / 지하","src":"localdata","asof":"2025-12-15"}},{"type":"Feature","geometry":{"type":"Point","coordinates":[128.95441,35.98976]},"properties":{"name":"영천인터불고코아루 지하1층","addr":"경상북도 영천시 창신1길 42 (망정동, 인터불고코아루아파트)","sgg":"47230","cap":12569,"type":"공공용시설 / 지하","src":"localdata","asof":"2025-12-15"}},{"type":"Feature","geometry":{"type":"Point","coordinates":[128.93165,35.97563]},"properties":{"name":"대동다숲 아파트 지하주차장 1층(101동, 104동)","addr":"경상북도 영천시 중앙동1길 102-10 (문내동, 대동다숲아파트)","sgg":"47230","cap":3120,"type":"공공용시설 / 지하","src":"localdata","asof":"2026-03-25"}},{"type":"Feature","geometry":{"type":"Point","coordinates":[128.15309,36.4232]},"properties":{"name":"상주무양엘에이치천년나무아파트 지하주차장  1층","addr":"경상북도 상주시 동수4길 33 (무양동, 상주무양엘에이치천년나무)","sgg":"47250","cap":13518,"type":"공공용시설 / 지하","src":"localdata","asof":"2025-12-15"}},{"type":"Feature","geometry":{"type":"Point","coordinates":[128.16032,36.40399]},"properties":{"name":"동아아파트 상가 지하 1층","addr":"경상북도 상주시 상산로 145 (신봉동, 동아아파트)","sgg":"47250","cap":582,"type":"공공용시설 / 지하","src":"localdata","asof":"2026-08-06"}},{"type":"Feature","geometry":{"type":"Point","coordinates":[128.15473,36.42316]},"properties":{"name":"상주무양엘에이치7단지아파트 지하주차장 1층","addr":"경상북도 상주시 동수4길 55 (무양동, 상주무양엘에이치7단지)","sgg":"47250","cap":12411,"type":"공공용시설 / 지하","src":"localdata","asof":"2026-08-12"}},{"type":"Feature","geometry":{"type":"Point","coordinates":[128.16872,36.4144]},"properties":{"name":"경희삼백1차아파트 지하주차장 1층","addr":"경상북도 상주시 성동1길 74 (성동동, 경희삼백아파트)","sgg":"47250","cap":2198,"type":"공공용시설 / 지하","src":"localdata","asof":"2025-12-15"}},{"type":"Feature","geometry":{"type":"Point","coordinates":[128.08904,36.35733]},"properties":{"name":"외남면 행정복지센터 지하 1층","addr":"경상북도 상주시 외남면 석단로 932, 외남면사무소","sgg":"47250","cap":85,"type":"공공용시설 / 지하","src":"localdata","asof":"2026-08-06"}},{"type":"Feature","geometry":{"type":"Point","coordinates":[128.17271,36.41694]},"properties":{"name":"우방아파트 지하주차장 1층","addr":"경상북도 상주시 복룡3길 7 (복룡동, 상주1차우방타운)","sgg":"47250","cap":4070,"type":"공공용시설 / 지하","src":"localdata","asof":"2025-12-15"}},{"type":"Feature","geometry":{"type":"Point","coordinates":[128.14726,36.37759]},"properties":{"name":"경북대학교 상주캠퍼스 2호관 지하 1층","addr":"경상북도 상주시 경상대로 2559 (가장동, 경북대학교상주캠퍼스)","sgg":"47250","cap":129,"type":"공공용시설 / 지하","src":"localdata","asof":"2025-12-15"}},{"type":"Feature","geometry":{"type":"Point","coordinates":[128.14726,36.37759]},"properties":{"name":"경북대학교 상주캠퍼스 생활관 지하 1층","addr":"경상북도 상주시 경상대로 2559 (가장동, 경북대학교상주캠퍼스)","sgg":"47250","cap":130,"type":"공공용시설 / 지하","src":"localdata","asof":"2025-12-15"}},{"type":"Feature","geometry":{"type":"Point","coordinates":[128.17942,36.56838]},"properties":{"name":"함창장로교회 지하 1층","addr":"경상북도 상주시 함창읍 함창중앙로 136-7, 함창장로교회","sgg":"47250","cap":60,"type":"공공용시설 / 지하","src":"localdata","asof":"2026-06-17"}},{"type":"Feature","geometry":{"type":"Point","coordinates":[128.15039,36.416]},"properties":{"name":"상주시 의회청사 지하 1층","addr":"경상북도 상주시 중앙로 111 (무양동, 상주시 의회청사)","sgg":"47250","cap":294,"type":"공공용시설 / 지하","src":"localdata","asof":"2025-12-15"}},{"type":"Feature","geometry":{"type":"Point","coordinates":[128.15632,36.42542]},"properties":{"name":"지엘리베라움아파트 지하주차장 1층","addr":"경상북도 상주시 봉양1길 126 (무양동, 지엘리베라움아파트)","sgg":"47250","cap":9396,"type":"공공용시설 / 지하","src":"localdata","asof":"2025-12-15"}},{"type":"Feature","geometry":{"type":"Point","coordinates":[128.16066,36.40642]},"properties":{"name":"현대아파트 지하주차장 1층","addr":"경상북도 상주시 상산로 174 (신봉동, 현대아파트)","sgg":"47250","cap":3061,"type":"공공용시설 / 지하","src":"localdata","asof":"2025-12-15"}},{"type":"Feature","geometry":{"type":"Point","coordinates":[128.14726,36.37759]},"properties":{"name":"경북대학교 상주캠퍼스 5호관 지하 1층","addr":"경상북도 상주시 경상대로 2559 (가장동, 경북대학교상주캠퍼스)","sgg":"47250","cap":283,"type":"공공용시설 / 지하","src":"localdata","asof":"2025-12-15"}},{"type":"Feature","geometry":{"type":"Point","coordinates":[128.1534,36.42246]},"properties":{"name":"상주무양태왕아너스 아파트 지하주차장 1층","addr":"경상북도 상주시 동수4길 42-7 (무양동)","sgg":"47250","cap":6988,"type":"공공용시설 / 지하","src":"localdata","asof":"2025-12-15"}},{"type":"Feature","geometry":{"type":"Point","coordinates":[128.14968,36.39804]},"properties":{"name":"청구타운아파트 지하주차장 1층","addr":"경상북도 상주시 경상대로 2811 (신봉동, 상주청구타운)","sgg":"47250","cap":2123,"type":"공공용시설 / 지하","src":"localdata","asof":"2025-12-15"}},{"type":"Feature","geometry":{"type":"Point","coordinates":[128.16039,36.42675]},"properties":{"name":"지엘리더스파크골드 1단지아파트 지하주차장 1층","addr":"경상북도 상주시 영남제일로 1651 (냉림동, 지엘리더스파크골드)","sgg":"47250","cap":787,"type":"공공용시설 / 지하","src":"localdata","asof":"2025-12-15"}},{"type":"Feature","geometry":{"type":"Point","coordinates":[128.14726,36.37759]},"properties":{"name":"경북대학교 상주캠퍼스 도서관 지하 1층","addr":"경상북도 상주시 경상대로 2559 (가장동, 경북대학교상주캠퍼스)","sgg":"47250","cap":750,"type":"공공용시설 / 지하","src":"localdata","asof":"2025-12-15"}},{"type":"Feature","geometry":{"type":"Point","coordinates":[128.14726,36.37759]},"properties":{"name":"경북대학교 상주캠퍼스 4호관 지하 1층","addr":"경상북도 상주시 경상대로 2559 (가장동, 경북대학교상주캠퍼스)","sgg":"47250","cap":443,"type":"공공용시설 / 지하","src":"localdata","asof":"2025-12-15"}},{"type":"Feature","geometry":{"type":"Point","coordinates":[128.15918,36.41489]},"properties":{"name":"국민은행 상주지점 지하주차장 1층","addr":"경상북도 상주시 상산로 269 (남성동)","sgg":"47250","cap":370,"type":"공공용시설 / 지하","src":"localdata","asof":"2025-12-15"}},{"type":"Feature","geometry":{"type":"Point","coordinates":[128.15965,36.40151]},"properties":{"name":"상주고등학교 지하1층","addr":"경상북도 상주시 상산로 117 (신봉동, 상주고등학교)","sgg":"47250","cap":173,"type":"공공용시설 / 지하","src":"localdata","asof":"2025-12-15"}},{"type":"Feature","geometry":{"type":"Point","coordinates":[128.14726,36.37759]},"properties":{"name":"경북대학교 상주캠퍼스 3호관 지하 1층","addr":"경상북도 상주시 경상대로 2559 (가장동, 경북대학교상주캠퍼스)","sgg":"47250","cap":128,"type":"공공용시설 / 지하","src":"localdata","asof":"2025-12-15"}},{"type":"Feature","geometry":{"type":"Point","coordinates":[128.15958,36.41988]},"properties":{"name":"성모병원 지하 1층","addr":"경상북도 상주시 냉림서성길 7-0 (냉림동)","sgg":"47250","cap":1502,"type":"공공용시설 / 지하","src":"localdata","asof":"2025-12-15"}},{"type":"Feature","geometry":{"type":"Point","coordinates":[128.1607,36.42666]},"properties":{"name":"지엘리더스파크골드 2단지아파트 지하주차장 1층","addr":"경상북도 상주시 영남제일로 1649 (냉림동, 지엘리더스파크골드)","sgg":"47250","cap":720,"type":"공공용시설 / 지하","src":"localdata","asof":"2025-12-15"}},{"type":"Feature","geometry":{"type":"Point","coordinates":[128.20883,36.46619]},"properties":{"name":"사벌국면행정복지센터 지하 1층","addr":"경상북도 상주시 사벌면 덕담1길 39","sgg":"47250","cap":76,"type":"공공용시설 / 지하","src":"localdata","asof":"2025-12-15"}},{"type":"Feature","geometry":{"type":"Point","coordinates":[128.14726,36.37759]},"properties":{"name":"경북대학교 상주캠퍼스 학생회관 지하 1층","addr":"경상북도 상주시 경상대로 2559 (가장동, 경북대학교상주캠퍼스)","sgg":"47250","cap":127,"type":"공공용시설 / 지하","src":"localdata","asof":"2025-12-15"}},{"type":"Feature","geometry":{"type":"Point","coordinates":[128.16376,36.4158]},"properties":{"name":"상주경찰서 지하 1층","addr":"경상북도 상주시 중앙로 230 (성하동, 상주경찰서)","sgg":"47250","cap":408,"type":"공공용시설 / 지하","src":"localdata","asof":"2025-12-15"}},{"type":"Feature","geometry":{"type":"Point","coordinates":[128.1516,36.40825]},"properties":{"name":"명지2차아파트 지하주차장 1층","addr":"경상북도 상주시 경상대로 2930-9 (낙양동, 낙양동 명지아파트2차)","sgg":"47250","cap":998,"type":"공공용시설 / 지하","src":"localdata","asof":"2025-12-15"}},{"type":"Feature","geometry":{"type":"Point","coordinates":[128.18293,36.5714]},"properties":{"name":"함창LH천년나무 1단지 아파트 지하주차장 1층","addr":"경상북도 상주시 함창읍 구향4길 15 (상주함창LH2단지)","sgg":"47250","cap":4866,"type":"공공용시설 / 지하","src":"localdata","asof":"2025-12-15"}},{"type":"Feature","geometry":{"type":"Point","coordinates":[128.15026,36.41031]},"properties":{"name":"경희삼백2차아파트 지하주차장 1층","addr":"경상북도 상주시 낙양3길 29 (낙양동, 경희삼백아파트)","sgg":"47250","cap":1897,"type":"공공용시설 / 지하","src":"localdata","asof":"2025-12-15"}},{"type":"Feature","geometry":{"type":"Point","coordinates":[128.15166,36.40807]},"properties":{"name":"명지1차아파트 지하주차장 1층","addr":"경상북도 상주시 경상대로 2930-10(낙양동, 낙양동명지아파트)","sgg":"47250","cap":3451,"type":"공공용시설 / 지하","src":"localdata","asof":"2025-12-15"}},{"type":"Feature","geometry":{"type":"Point","coordinates":[128.14726,36.37759]},"properties":{"name":"경북대학교 상주캠퍼스 8호관 지하 1층","addr":"경상북도 상주시 경상대로 2559 (가장동, 경북대학교상주캠퍼스)","sgg":"47250","cap":1126,"type":"공공용시설 / 지하","src":"localdata","asof":"2025-12-15"}},{"type":"Feature","geometry":{"type":"Point","coordinates":[128.15623,36.41028]},"properties":{"name":"대림아크로빌아파트 지하주차장 1층","addr":"경상북도 상주시 상서문로 5 (낙양동, 대림아크로빌)","sgg":"47250","cap":1593,"type":"공공용시설 / 지하","src":"localdata","asof":"2025-12-15"}},{"type":"Feature","geometry":{"type":"Point","coordinates":[128.16657,36.42252]},"properties":{"name":"북천 코아루 하트리움 아파트 지하주차장 1층","addr":"경상북도 상주시 냉림1길 88-19 (냉림동, 북천코아루하트리움)","sgg":"47250","cap":3668,"type":"공공용시설 / 지하","src":"localdata","asof":"2026-02-27"}},{"type":"Feature","geometry":{"type":"Point","coordinates":[128.16304,36.4237]},"properties":{"name":"상주 미소지움 더퍼스트 아파트 지하주차장 1,2층","addr":"경상북도 상주시 냉림3길 67-14 (냉림동, 미소지움더퍼스트)","sgg":"47250","cap":11271,"type":"공공용시설 / 지하","src":"localdata","asof":"2026-02-27"}},{"type":"Feature","geometry":{"type":"Point","coordinates":[128.15893,36.42567]},"properties":{"name":"KT 상주지사 지하 1층","addr":"경상북도 상주시 상산로 389 (냉림동, KT)","sgg":"47250","cap":432,"type":"공공용시설 / 지하","src":"localdata","asof":"2025-12-15"}},{"type":"Feature","geometry":{"type":"Point","coordinates":[128.16482,36.42018]},"properties":{"name":"부민강변타운 지하주차장 1층","addr":"경상북도 상주시 복룡냉림길 37 (냉림동, 부민강변타운)","sgg":"47250","cap":1390,"type":"공공용시설 / 지하","src":"localdata","asof":"2025-12-15"}},{"type":"Feature","geometry":{"type":"Point","coordinates":[128.14559,36.57912]},"properties":{"name":"이안면 행정복지센터 지하 1층","addr":"경상북도 상주시 이안면 양범안룡길 46, 이안면사무소","sgg":"47250","cap":88,"type":"공공용시설 / 지하","src":"localdata","asof":"2025-12-15"}},{"type":"Feature","geometry":{"type":"Point","coordinates":[128.16194,36.42417]},"properties":{"name":"진주맨션2차 지하주차장 1층","addr":"경상북도 상주시 냉림안길 52 (냉림동, 2차 진주맨션)","sgg":"47250","cap":1834,"type":"공공용시설 / 지하","src":"localdata","asof":"2025-12-15"}},{"type":"Feature","geometry":{"type":"Point","coordinates":[128.15957,36.4108]},"properties":{"name":"상주시청(시 청사) 지하 1층","addr":"경상북도 상주시 상산로 223 (남성동, 상주시청)","sgg":"47250","cap":327,"type":"공공용시설 / 지하","src":"localdata","asof":"2025-12-15"}},{"type":"Feature","geometry":{"type":"Point","coordinates":[128.15175,36.39299]},"properties":{"name":"명지3차아파트 지하주차장 1층","addr":"경상북도 상주시 경상대로 2749-10 (신봉동, 명지3차아파트)","sgg":"47250","cap":3270,"type":"공공용시설 / 지하","src":"localdata","asof":"2025-12-15"}},{"type":"Feature","geometry":{"type":"Point","coordinates":[128.15805,36.41241]},"properties":{"name":"무지개타운 지하주차장 1층","addr":"경상북도 상주시 상서문2길 114-11 (남성동, 무지개타운)","sgg":"47250","cap":1570,"type":"공공용시설 / 지하","src":"localdata","asof":"2025-12-15"}},{"type":"Feature","geometry":{"type":"Point","coordinates":[128.15595,36.41461]},"properties":{"name":"상주적십자병원 지하 1층","addr":"경상북도 상주시 상서문로 53(남성동)","sgg":"47250","cap":1256,"type":"공공용시설 / 지하","src":"localdata","asof":"2026-08-06"}},{"type":"Feature","geometry":{"type":"Point","coordinates":[128.14726,36.37759]},"properties":{"name":"경북대학교 상주캠퍼스 1호관 지하 1층","addr":"경상북도 상주시 경상대로 2559 (가장동, 경북대학교상주캠퍼스)","sgg":"47250","cap":116,"type":"공공용시설 / 지하","src":"localdata","asof":"2025-12-15"}},{"type":"Feature","geometry":{"type":"Point","coordinates":[128.15983,36.41361]},"properties":{"name":"상주시공영유료주차장 지하1층","addr":"경상북도 상주시 상산로 256-5 (남성동)","sgg":"47250","cap":1424,"type":"공공용시설 / 지하","src":"localdata","asof":"2025-12-15"}},{"type":"Feature","geometry":{"type":"Point","coordinates":[128.11141,36.73133]},"properties":{"name":"시립문경요양병원 지하1층","addr":"경상북도 문경시 문경읍 여우목로 31 (기능성온천장)","sgg":"47280","cap":235,"type":"공공용시설 / 지하","src":"localdata","asof":"2026-03-26"}},{"type":"Feature","geometry":{"type":"Point","coordinates":[128.19013,36.58967]},"properties":{"name":"남도맨션 지하주차장 1층","addr":"경상북도 문경시 모전로 94 (모전동, 남도맨션)","sgg":"47280","cap":3262,"type":"공공용시설 / 지하","src":"localdata","asof":"2026-03-26"}},{"type":"Feature","geometry":{"type":"Point","coordinates":[128.18886,36.58801]},"properties":{"name":"현대아파트 지하주차장 1층","addr":"경상북도 문경시 시청3길 10 (모전동, 현대아파트)","sgg":"47280","cap":1147,"type":"공공용시설 / 지하","src":"localdata","asof":"2026-03-26"}},{"type":"Feature","geometry":{"type":"Point","coordinates":[128.18777,36.59982]},"properties":{"name":"문점점촌코아루아파트 지하주차장 1층","addr":"경상북도 문경시 상신로 115 (모전동, 문경점촌 코아루 아파트)","sgg":"47280","cap":2865,"type":"공공용시설 / 지하","src":"localdata","asof":"2026-03-26"}},{"type":"Feature","geometry":{"type":"Point","coordinates":[128.18373,36.58707]},"properties":{"name":"대동아파트 지하주차장 1층","addr":"경상북도 문경시 매봉4길 15 (모전동, 대동타운)","sgg":"47280","cap":5920,"type":"공공용시설 / 지하","src":"localdata","asof":"2026-03-26"}},{"type":"Feature","geometry":{"type":"Point","coordinates":[128.20399,36.60933]},"properties":{"name":"상무아파트 지하주차장 1층","addr":"경상북도 문경시 호서로 177 (흥덕동)","sgg":"47280","cap":4303,"type":"공공용시설 / 지하","src":"localdata","asof":"2026-03-26"}},{"type":"Feature","geometry":{"type":"Point","coordinates":[128.19262,36.5989]},"properties":{"name":"에이스아파트 지하주차장 1층","addr":"경상북도 문경시 돈달산길 13 (점촌동)","sgg":"47280","cap":1533,"type":"공공용시설 / 지하","src":"localdata","asof":"2026-03-26"}},{"type":"Feature","geometry":{"type":"Point","coordinates":[128.18448,36.60433]},"properties":{"name":"신평마을아파트 지하 1층","addr":"경상북도 문경시 공평로 58-9 (공평동, 신평마을아파트)","sgg":"47280","cap":113,"type":"공공용시설 / 지하","src":"localdata","asof":"2026-03-26"}},{"type":"Feature","geometry":{"type":"Point","coordinates":[128.19832,36.5974]},"properties":{"name":"문경시 노인복지관 지하주차장 1층","addr":"경상북도 문경시 점촌5길 20 (점촌동)","sgg":"47280","cap":2513,"type":"공공용시설 / 지하","src":"localdata","asof":"2026-03-26"}},{"type":"Feature","geometry":{"type":"Point","coordinates":[128.06163,36.65295]},"properties":{"name":"석탄박물관 갱도체험장 지하 1층","addr":"경상북도 문경시 가은읍 왕능길 112 (문경석탄박물관)","sgg":"47280","cap":1805,"type":"공공용시설 / 지하","src":"localdata","asof":"2026-03-26"}},{"type":"Feature","geometry":{"type":"Point","coordinates":[128.18322,36.58223]},"properties":{"name":"문경코아루아파트 지하주차장 1층","addr":"경상북도 문경시 당교6길 25 (모전동, 문경코아루아파트)","sgg":"47280","cap":15317,"type":"공공용시설 / 지하","src":"localdata","asof":"2026-03-26"}},{"type":"Feature","geometry":{"type":"Point","coordinates":[128.20406,36.60639]},"properties":{"name":"푸른숲아파트 지하주차장 1층","addr":"경상북도 문경시 돈달로 199 (흥덕동)","sgg":"47280","cap":6063,"type":"공공용시설 / 지하","src":"localdata","asof":"2026-03-26"}},{"type":"Feature","geometry":{"type":"Point","coordinates":[128.19752,36.59331]},"properties":{"name":"중앙시장상가 지하주차장 1층","addr":"경상북도 문경시 중앙로 87 (점촌동)","sgg":"47280","cap":1253,"type":"공공용시설 / 지하","src":"localdata","asof":"2026-03-26"}},{"type":"Feature","geometry":{"type":"Point","coordinates":[128.18825,36.58596]},"properties":{"name":"브리티시골드 지하주차장 1층","addr":"경상북도 문경시 당교로 231 (모전동, 브리티시골드)","sgg":"47280","cap":1156,"type":"공공용시설 / 지하","src":"localdata","asof":"2026-03-26"}},{"type":"Feature","geometry":{"type":"Point","coordinates":[128.18767,36.58595]},"properties":{"name":"시청 1청사 지하1층","addr":"경상북도 문경시 당교로 225 (모전동)","sgg":"47280","cap":661,"type":"공공용시설 / 지하","src":"localdata","asof":"2026-03-26"}},{"type":"Feature","geometry":{"type":"Point","coordinates":[128.18892,36.59778]},"properties":{"name":"신원아침도시아파트 지하주차장 1층","addr":"경상북도 문경시 여중1길 30 (모전동)","sgg":"47280","cap":7586,"type":"공공용시설 / 지하","src":"localdata","asof":"2026-03-26"}},{"type":"Feature","geometry":{"type":"Point","coordinates":[128.82081,35.90941]},"properties":{"name":"2차롯데낙천대아파트(지하주차장 1층,2층)","addr":"경상북도 경산시 하양읍 대학로295길 26, 지하 1~2층 (경산 하양2차 롯데낙천대)","sgg":"47290","cap":10248,"type":"공공용시설 / 지하","src":"localdata","asof":"2026-02-07"}},{"type":"Feature","geometry":{"type":"Point","coordinates":[128.82395,35.88428]},"properties":{"name":"우림필유(지하주차장 1층)","addr":"경상북도 경산시 진량읍 봉황길 53, 지하1층 (우림필유)","sgg":"47290","cap":3157,"type":"공공용시설 / 지하","src":"localdata","asof":"2026-02-07"}},{"type":"Feature","geometry":{"type":"Point","coordinates":[128.76143,35.84068]},"properties":{"name":"한라빌라트(101동 지하1층 주차장)","addr":"경상북도 경산시 압량읍 화랑로63길 3, 101동 지하1층 (한라빌라트)","sgg":"47290","cap":376,"type":"공공용시설 / 지하","src":"localdata","asof":"2026-02-07"}},{"type":"Feature","geometry":{"type":"Point","coordinates":[128.73481,35.81209]},"properties":{"name":"부영우리마을(205,207동 지하주차장 1층)","addr":"경상북도 경산시 경산로 26 (옥곡동)","sgg":"47290","cap":2003,"type":"공공용시설 / 지하","src":"localdata","asof":"2026-02-07"}},{"type":"Feature","geometry":{"type":"Point","coordinates":[128.81363,35.90982]},"properties":{"name":"우방3차아파트(지하주차장 1층)","addr":"경상북도 경산시 하양읍 문화로 3, 지하1층 (하양3차우방타운)","sgg":"47290","cap":3478,"type":"공공용시설 / 지하","src":"localdata","asof":"2026-02-07"}},{"type":"Feature","geometry":{"type":"Point","coordinates":[128.78882,35.86536]},"properties":{"name":"윤성3차아파트(101동,102동 지하1층 주차장)","addr":"경상북도 경산시 압량읍 연지길 152(경산 윤성3차아파트)","sgg":"47290","cap":1421,"type":"공공용시설 / 지하","src":"localdata","asof":"2026-02-07"}},{"type":"Feature","geometry":{"type":"Point","coordinates":[128.74229,35.8248]},"properties":{"name":"경산시청(본관 지하1층)","addr":"경상북도 경산시 남매로 159, 경산시청, 경산시의회 지하1층 (중방동)","sgg":"47290","cap":281,"type":"공공용시설 / 지하","src":"localdata","asof":"2026-02-07"}},{"type":"Feature","geometry":{"type":"Point","coordinates":[128.73773,35.83101]},"properties":{"name":"e편한세상2단지(지하주차장 1층)","addr":"경상북도 경산시 대학로28길 31, 지하1층 (중방동, 중방 e-편한세상 2단지)","sgg":"47290","cap":19071,"type":"공공용시설 / 지하","src":"localdata","asof":"2026-02-07"}},{"type":"Feature","geometry":{"type":"Point","coordinates":[128.75487,35.81018]},"properties":{"name":"부영6차사랑으로 아파트 (지하주차장 1층)","addr":"경상북도 경산시 백자로10길 11, 지하1층 (사동, 경산사동사랑으로부영6차)","sgg":"47290","cap":57316,"type":"공공용시설 / 지하","src":"localdata","asof":"2026-02-07"}},{"type":"Feature","geometry":{"type":"Point","coordinates":[128.81792,35.87363]},"properties":{"name":"보국웰리치(지하주차장 1층,2층)","addr":"경상북도 경산시 진량읍 해든길 11, 지하1층 (보국웰리치경산)","sgg":"47290","cap":10035,"type":"공공용시설 / 지하","src":"localdata","asof":"2026-02-07"}},{"type":"Feature","geometry":{"type":"Point","coordinates":[128.74184,35.81327]},"properties":{"name":"상방주공아파트(105,107동 지하1층 주차장)","addr":"경상북도 경산시 남매로6길 7, 지하1층 (상방동, 주공아파트)","sgg":"47290","cap":3016,"type":"공공용시설 / 지하","src":"localdata","asof":"2026-02-07"}},{"type":"Feature","geometry":{"type":"Point","coordinates":[128.76089,35.84572]},"properties":{"name":"부적주공아파트(106동,107동 지하1층 주차장)","addr":"경상북도 경산시 압량읍 조산로 26(부적주공아파트)","sgg":"47290","cap":1521,"type":"공공용시설 / 지하","src":"localdata","asof":"2026-02-07"}},{"type":"Feature","geometry":{"type":"Point","coordinates":[128.74138,35.83404]},"properties":{"name":"임당역(지하 1층, 2층, 3층)","addr":"경상북도 경산시 대학로 지하170, 임당역 지하1층 (중방동)","sgg":"47290","cap":8900,"type":"공공용시설 / 지하","src":"localdata","asof":"2026-02-07"}},{"type":"Feature","geometry":{"type":"Point","coordinates":[128.75296,35.83598]},"properties":{"name":"영남대학교중앙도서관(지하1층)","addr":"경상북도 경산시 대학로 280, 영남대학교 지하1층 (대동)","sgg":"47290","cap":1717,"type":"공공용시설 / 지하","src":"localdata","asof":"2026-02-07"}},{"type":"Feature","geometry":{"type":"Point","coordinates":[128.76757,35.84073]},"properties":{"name":"신대팰리스(104,5,6,7,8동 지하1층 주차장)","addr":"경상북도 경산시 압량읍 압독2로 45(신대 팰리스)","sgg":"47290","cap":8648,"type":"공공용시설 / 지하","src":"localdata","asof":"2026-02-07"}},{"type":"Feature","geometry":{"type":"Point","coordinates":[128.75392,35.82227]},"properties":{"name":"태왕드림하이츠 아파트 (지하주차장 1층, 2층)","addr":"경상북도 경산시 삼풍로 13-7 (삼풍동, 태왕드림하이츠)","sgg":"47290","cap":20949,"type":"공공용시설 / 지하","src":"localdata","asof":"2026-02-07"}},{"type":"Feature","geometry":{"type":"Point","coordinates":[128.73054,35.83345]},"properties":{"name":"우방맨션1차(101동 102동 사이 지하주차장 1층)","addr":"경상북도 경산시 대학로16길 6, 지하1층 (정평동, 경산1차우방맨션)","sgg":"47290","cap":1729,"type":"공공용시설 / 지하","src":"localdata","asof":"2026-02-07"}},{"type":"Feature","geometry":{"type":"Point","coordinates":[128.82786,35.91684]},"properties":{"name":"청구2차아파트(지하주차장 1층)","addr":"경상북도 경산시 하양읍 하양로 202-8, 지하1층 (하양2차청구타운)","sgg":"47290","cap":3398,"type":"공공용시설 / 지하","src":"localdata","asof":"2026-02-07"}},{"type":"Feature","geometry":{"type":"Point","coordinates":[128.72762,35.83513]},"properties":{"name":"현대타운(109동, 110동 사이 지하1층주차장)","addr":"경상북도 경산시 대학로9길 8, 지하1층 (정평동, 정평현대타운)","sgg":"47290","cap":8509,"type":"공공용시설 / 지하","src":"localdata","asof":"2026-02-07"}},{"type":"Feature","geometry":{"type":"Point","coordinates":[128.72036,35.82865]},"properties":{"name":"펜타힐즈더샵1차(지하주차장 1층)","addr":"경상북도 경산시 펜타힐즈2로 60, 지하1층 (중산동, 펜타힐즈 더샵 1차)","sgg":"47290","cap":39130,"type":"공공용시설 / 지하","src":"localdata","asof":"2026-02-07"}},{"type":"Feature","geometry":{"type":"Point","coordinates":[128.8332,35.93859]},"properties":{"name":"예다인아파트(지하주차장 1층)","addr":"경상북도 경산시 와촌면 금송로 325, 지하1층 (예다인아파트)","sgg":"47290","cap":2006,"type":"공공용시설 / 지하","src":"localdata","asof":"2026-07-16"}},{"type":"Feature","geometry":{"type":"Point","coordinates":[128.73733,35.80805]},"properties":{"name":"부영초록마을(106동 지하1층 주차장)","addr":"경상북도 경산시 백천동로 5, 지하1층 (백천동, 부영 초록마을)","sgg":"47290","cap":10080,"type":"공공용시설 / 지하","src":"localdata","asof":"2026-02-07"}},{"type":"Feature","geometry":{"type":"Point","coordinates":[128.72294,35.82077]},"properties":{"name":"옥산청구타운(103,105동 지하주차장 1층)","addr":"경상북도 경산시 성암로8길 24 (옥산동)","sgg":"47290","cap":5721,"type":"공공용시설 / 지하","src":"localdata","asof":"2026-02-07"}},{"type":"Feature","geometry":{"type":"Point","coordinates":[128.73237,35.81809]},"properties":{"name":"경산우방유쉘(지하주차장 1층)","addr":"경상북도 경산시 강변서로 111 (옥곡동)","sgg":"47290","cap":9629,"type":"공공용시설 / 지하","src":"localdata","asof":"2026-02-07"}},{"type":"Feature","geometry":{"type":"Point","coordinates":[128.82417,35.91775]},"properties":{"name":"청구아파트(지하주차장 1층)","addr":"경상북도 경산시 하양읍 하양로33길 6, 지하1층 (하양1차청구타운)","sgg":"47290","cap":4486,"type":"공공용시설 / 지하","src":"localdata","asof":"2026-02-07"}},{"type":"Feature","geometry":{"type":"Point","coordinates":[128.82042,35.88473]},"properties":{"name":"삼주봉황3차아파트(지하주차장 1층)","addr":"경상북도 경산시 진량읍 봉황길 21, 지하1층 (경산3차삼주봉황타운)","sgg":"47290","cap":3148,"type":"공공용시설 / 지하","src":"localdata","asof":"2026-02-07"}},{"type":"Feature","geometry":{"type":"Point","coordinates":[128.72566,35.83066]},"properties":{"name":"경남신성아파트(110동 1-2호라인앞지하주차장 1층)","addr":"경상북도 경산시 성암로21길 69, 지하1층 (중산동, 경남,신성아파트)","sgg":"47290","cap":14344,"type":"공공용시설 / 지하","src":"localdata","asof":"2026-02-07"}},{"type":"Feature","geometry":{"type":"Point","coordinates":[128.83721,35.79299]},"properties":{"name":"남산면 행정복지센터(지하1층)","addr":"경상북도 경산시 남산면 하남로 323, 남산면 행정복지센터, 남산보건지소","sgg":"47290","cap":91,"type":"공공용시설 / 지하","src":"localdata","asof":"2026-02-07"}},{"type":"Feature","geometry":{"type":"Point","coordinates":[128.82583,35.91137]},"properties":{"name":"하양롯데아파트(지하주차장 1층,2층)","addr":"경상북도 경산시 하양읍 대학로298길 20-9, 지하1~2층 (경산하양롯데아파트)","sgg":"47290","cap":4747,"type":"공공용시설 / 지하","src":"localdata","asof":"2026-02-07"}},{"type":"Feature","geometry":{"type":"Point","coordinates":[128.7417,35.81839]},"properties":{"name":"삼북주공아파트(106동,107동 지하1층 주차장)","addr":"경상북도 경산시 장산로 152, 지하1층 (삼북동, 경산삼북주공아파트)","sgg":"47290","cap":529,"type":"공공용시설 / 지하","src":"localdata","asof":"2026-02-07"}},{"type":"Feature","geometry":{"type":"Point","coordinates":[128.75214,35.83585]},"properties":{"name":"영남대역(지하1층)","addr":"경상북도 경산시 대학로 지하270, 영남대역 지하1층 (대동)","sgg":"47290","cap":8900,"type":"공공용시설 / 지하","src":"localdata","asof":"2026-02-07"}},{"type":"Feature","geometry":{"type":"Point","coordinates":[128.72631,35.82943]},"properties":{"name":"옥산2지구공영주차장(지하주차장 1층)","addr":"경상북도 경산시 강변서로51길 49 (옥산동)","sgg":"47290","cap":9167,"type":"공공용시설 / 지하","src":"localdata","asof":"2026-02-07"}},{"type":"Feature","geometry":{"type":"Point","coordinates":[128.81747,35.87902]},"properties":{"name":"우방힐타운(지하주차장 1층,2층)","addr":"경상북도 경산시 진량읍 공단로 527, 지하1층 (경산 우방힐타운)","sgg":"47290","cap":8288,"type":"공공용시설 / 지하","src":"localdata","asof":"2026-02-07"}},{"type":"Feature","geometry":{"type":"Point","coordinates":[128.81623,35.91144]},"properties":{"name":"크레용시티(지하주차장 1층,2층,3층,4층)","addr":"경상북도 경산시 하양읍 하양로 69, 크레용빌딩 지하1~4층","sgg":"47290","cap":4408,"type":"공공용시설 / 지하","src":"localdata","asof":"2026-02-07"}},{"type":"Feature","geometry":{"type":"Point","coordinates":[128.8006,35.87455]},"properties":{"name":"선화청구타운(지하주차장 1층)","addr":"경상북도 경산시 진량읍 영청길 22, 지하1층 (경산선화청구타운)","sgg":"47290","cap":2876,"type":"공공용시설 / 지하","src":"localdata","asof":"2026-02-07"}},{"type":"Feature","geometry":{"type":"Point","coordinates":[128.73323,35.83444]},"properties":{"name":"조아아울렛(지하1층)","addr":"경상북도 경산시 강변동로 278, 지하1층 (대평동)","sgg":"47290","cap":4632,"type":"공공용시설 / 지하","src":"localdata","asof":"2026-02-07"}},{"type":"Feature","geometry":{"type":"Point","coordinates":[128.82572,35.88349]},"properties":{"name":"삼주봉황4차아파트(501,6동 지하1층주차장)","addr":"경상북도 경산시 진량읍 봉황길 72, 지하1층 (경산4차삼주봉황타운)","sgg":"47290","cap":7759,"type":"공공용시설 / 지하","src":"localdata","asof":"2026-02-07"}},{"type":"Feature","geometry":{"type":"Point","coordinates":[128.74024,35.80376]},"properties":{"name":"신나리아파트(101,102동 지하1층 주차장)","addr":"경상북도 경산시 경청로222길 8, 지하1층 (백천동, 경산 백천신나리아파트)","sgg":"47290","cap":11009,"type":"공공용시설 / 지하","src":"localdata","asof":"2026-02-07"}},{"type":"Feature","geometry":{"type":"Point","coordinates":[128.81521,35.91676]},"properties":{"name":"동신타운(지하주차장 1층)","addr":"경상북도 경산시 하양읍 무학로 6, 지하1층 (하양동신아파트)","sgg":"47290","cap":3022,"type":"공공용시설 / 지하","src":"localdata","asof":"2026-02-07"}},{"type":"Feature","geometry":{"type":"Point","coordinates":[128.82173,35.90611]},"properties":{"name":"진량휴먼시아(지하주차장 1층)","addr":"경상북도 경산시 진량읍 금호강변로 830-3, 지하1층 (진량 휴먼시아)","sgg":"47290","cap":3857,"type":"공공용시설 / 지하","src":"localdata","asof":"2026-02-07"}},{"type":"Feature","geometry":{"type":"Point","coordinates":[128.72922,35.83177]},"properties":{"name":"귀빈타운(104, 105동 앞 지하주차장 1층)","addr":"경상북도 경산시 대학로12길 24, 지하1층 (정평동, 귀빈타운)","sgg":"47290","cap":5395,"type":"공공용시설 / 지하","src":"localdata","asof":"2026-02-07"}},{"type":"Feature","geometry":{"type":"Point","coordinates":[128.82156,35.88456]},"properties":{"name":"삼주1차봉황타운(101,2,3동 지하1층 주차장)","addr":"경상북도 경산시 진량읍 봉황길 31, 지하1층 (경산1차 삼주봉황타운)","sgg":"47290","cap":4621,"type":"공공용시설 / 지하","src":"localdata","asof":"2026-02-07"}},{"type":"Feature","geometry":{"type":"Point","coordinates":[128.72501,35.81592]},"properties":{"name":"웰리치성암(지하주차장 1층)","addr":"경상북도 경산시 삼성현로 203 (옥곡동, 웰리치성암)","sgg":"47290","cap":6732,"type":"공공용시설 / 지하","src":"localdata","asof":"2026-02-07"}},{"type":"Feature","geometry":{"type":"Point","coordinates":[128.72942,35.83627]},"properties":{"name":"한서신혼하이츠(아파트정문 앞 지하주차장 1층)","addr":"경상북도 경산시 대학로13길 26, 지하1층 (정평동, 경산 한서 고층아파트)","sgg":"47290","cap":7914,"type":"공공용시설 / 지하","src":"localdata","asof":"2026-02-07"}},{"type":"Feature","geometry":{"type":"Point","coordinates":[128.81814,35.85768]},"properties":{"name":"창신황제타운(102,4,6,7동 지하1층주차장)","addr":"경상북도 경산시 진량읍 황제1길 86-31, 지하1층 (창신황제타운)","sgg":"47290","cap":2836,"type":"공공용시설 / 지하","src":"localdata","asof":"2026-02-07"}},{"type":"Feature","geometry":{"type":"Point","coordinates":[128.7277,35.81432]},"properties":{"name":"성암산신동아파밀리에(110동대 지하주차장 1층)","addr":"경상북도 경산시 장산로4길 10 (옥곡동)","sgg":"47290","cap":45849,"type":"공공용시설 / 지하","src":"localdata","asof":"2026-02-07"}},{"type":"Feature","geometry":{"type":"Point","coordinates":[128.44321,36.38168]},"properties":{"name":"대경아파트(전동지하) 지하 1층","addr":"경상북도 의성군 안계면 안계길 80 (대경아파트)","sgg":"47730","cap":1071,"type":"공공용시설 / 지하","src":"localdata","asof":"2026-03-26"}},{"type":"Feature","geometry":{"type":"Point","coordinates":[128.68089,36.25734]},"properties":{"name":"청춘어람 지하 1층 강당","addr":"경상북도 의성군 금성면 탑리길 69","sgg":"47730","cap":260,"type":"공공용시설 / 지하","src":"localdata","asof":"2026-03-26"}},{"type":"Feature","geometry":{"type":"Point","coordinates":[128.71011,36.35046]},"properties":{"name":"우성아파트(전동지하) 지하 1층","addr":"경상북도 의성군 의성읍 의성사곡로 10 (우성아파트)","sgg":"47730","cap":661,"type":"공공용시설 / 지하","src":"localdata","asof":"2026-03-26"}},{"type":"Feature","geometry":{"type":"Point","coordinates":[128.70692,36.35002]},"properties":{"name":"상리휴먼시아(전동지하) 지하 1층","addr":"경상북도 의성군 의성읍 동서1길 114","sgg":"47730","cap":2779,"type":"공공용시설 / 지하","src":"localdata","asof":"2026-03-26"}},{"type":"Feature","geometry":{"type":"Point","coordinates":[128.69977,36.35763]},"properties":{"name":"미진이지비아(전동지하) 지하 1층","addr":"경상북도 의성군 의성읍 홍술로 192","sgg":"47730","cap":4092,"type":"공공용시설 / 지하","src":"localdata","asof":"2026-03-26"}},{"type":"Feature","geometry":{"type":"Point","coordinates":[129.0573,36.43536]},"properties":{"name":"청송군청(지하1층)","addr":"경상북도 청송군 청송읍 군청로 51 (청송군청)","sgg":"47750","cap":210,"type":"공공용시설 / 지하","src":"localdata","asof":"2026-05-11"}},{"type":"Feature","geometry":{"type":"Point","coordinates":[129.05909,36.43046]},"properties":{"name":"청송군종합문화복지타운 헬스장(지하1층)","addr":"경상북도 청송군 청송읍 복지타운길 77, 청송군종합문화복지타운","sgg":"47750","cap":374,"type":"공공용시설 / 지하","src":"localdata","asof":"2026-05-11"}},{"type":"Feature","geometry":{"type":"Point","coordinates":[129.05313,36.43061]},"properties":{"name":"청송군보건의료원(지하1층)","addr":"경상북도 청송군 청송읍 의료원길 19","sgg":"47750","cap":661,"type":"공공용시설 / 지하","src":"localdata","asof":"2026-05-11"}},{"type":"Feature","geometry":{"type":"Point","coordinates":[129.05191,36.52981]},"properties":{"name":"진보문화체육센터(지하1층)","addr":"경상북도 청송군 진보면 진보로 187 (진보문화체육센터)","sgg":"47750","cap":216,"type":"공공용시설 / 지하","src":"localdata","asof":"2026-05-11"}},{"type":"Feature","geometry":{"type":"Point","coordinates":[129.05669,36.43419]},"properties":{"name":"청송읍 행정문화센터(지하1층)","addr":"경상북도 청송군 청송읍 중앙로 253, 청송읍행정문화센터","sgg":"47750","cap":200,"type":"공공용시설 / 지하","src":"localdata","asof":"2026-05-11"}},{"type":"Feature","geometry":{"type":"Point","coordinates":[129.05909,36.43046]},"properties":{"name":"청송군종합문화복지타운 수영장(지하1층)","addr":"경상북도 청송군 청송읍 복지타운길 77, 청송군종합문화복지타운 1층","sgg":"47750","cap":1391,"type":"공공용시설 / 지하","src":"localdata","asof":"2026-05-11"}},{"type":"Feature","geometry":{"type":"Point","coordinates":[129.06263,36.43613]},"properties":{"name":"주왕산온천관광호텔(지하1층)","addr":"경상북도 청송군 청송읍 중앙로 315 (주왕산관광호텔)","sgg":"47750","cap":850,"type":"공공용시설 / 지하","src":"localdata","asof":"2026-05-11"}},{"type":"Feature","geometry":{"type":"Point","coordinates":[129.11751,36.66364]},"properties":{"name":"영양문화원 지하1층","addr":"경상북도 영양군 영양읍 군민회관길 7, 영양문화원","sgg":"47760","cap":35,"type":"공공용시설 / 지하","src":"localdata","asof":"2026-03-26"}},{"type":"Feature","geometry":{"type":"Point","coordinates":[129.12263,36.66248]},"properties":{"name":"영양교육지원청 지하1층","addr":"경상북도 영양군 영양읍 영양창수로 83, 영양군교육청","sgg":"47760","cap":278,"type":"공공용시설 / 지하","src":"localdata","asof":"2026-03-26"}},{"type":"Feature","geometry":{"type":"Point","coordinates":[129.1155,36.66415]},"properties":{"name":"영양객주 지하1층","addr":"경상북도 영양군 영양읍 시장3길 11, 외씨버선길 영양객주","sgg":"47760","cap":111,"type":"공공용시설 / 지하","src":"localdata","asof":"2026-03-26"}},{"type":"Feature","geometry":{"type":"Point","coordinates":[129.12383,36.56105]},"properties":{"name":"두들마을역사체험관 지하1층","addr":"경상북도 영양군 석보면 두들마을길 28","sgg":"47760","cap":406,"type":"공공용시설 / 지하","src":"localdata","asof":"2026-03-26"}},{"type":"Feature","geometry":{"type":"Point","coordinates":[129.11285,36.66609]},"properties":{"name":"영양군청 지하1층","addr":"경상북도 영양군 영양읍 군청길 37, 영양군청","sgg":"47760","cap":2016,"type":"공공용시설 / 지하","src":"localdata","asof":"2026-03-26"}},{"type":"Feature","geometry":{"type":"Point","coordinates":[129.119,36.66152]},"properties":{"name":"청소년수련관 지하1층","addr":"경상북도 영양군 영양읍 동서대로 92, 청소년수련관","sgg":"47760","cap":245,"type":"공공용시설 / 지하","src":"localdata","asof":"2026-03-26"}},{"type":"Feature","geometry":{"type":"Point","coordinates":[129.11436,36.66695]},"properties":{"name":"영양읍행정복지센터 지하1층","addr":"경상북도 영양군 영양읍 군청길 53, 영양읍행정복지센터","sgg":"47760","cap":78,"type":"공공용시설 / 지하","src":"localdata","asof":"2026-03-26"}},{"type":"Feature","geometry":{"type":"Point","coordinates":[129.11741,36.66011]},"properties":{"name":"문화체육센타 지하1층","addr":"경상북도 영양군 영양읍 군민회관길 50, 영양군문화체육센타","sgg":"47760","cap":149,"type":"공공용시설 / 지하","src":"localdata","asof":"2026-03-26"}},{"type":"Feature","geometry":{"type":"Point","coordinates":[129.40524,36.52984]},"properties":{"name":"예주문화예술회관 지하1층","addr":"경상북도 영덕군 영해면 318만세길 36 (예주문화예술회관)","sgg":"47770","cap":1784,"type":"공공용시설 / 지하","src":"localdata","asof":"2026-02-06"}},{"type":"Feature","geometry":{"type":"Point","coordinates":[129.37487,36.40933]},"properties":{"name":"마이다스빌(지하주차장 1층)","addr":"경상북도 영덕군 영덕읍 영덕로 163 (마이다스빌)","sgg":"47770","cap":1507,"type":"공공용시설 / 지하","src":"localdata","asof":"2025-12-15"}},{"type":"Feature","geometry":{"type":"Point","coordinates":[129.36626,36.41462]},"properties":{"name":"영덕군청(본청 지하 1층)","addr":"경상북도 영덕군 영덕읍 군청길 116 (영덕군청)","sgg":"47770","cap":514,"type":"공공용시설 / 지하","src":"localdata","asof":"2025-12-15"}},{"type":"Feature","geometry":{"type":"Point","coordinates":[129.37057,36.40049]},"properties":{"name":"영덕경찰서(본청 지하 1층)","addr":"경상북도 영덕군 영덕읍 남산1길 14 (영덕경찰서)","sgg":"47770","cap":716,"type":"공공용시설 / 지하","src":"localdata","asof":"2025-12-15"}},{"type":"Feature","geometry":{"type":"Point","coordinates":[129.36566,36.42062]},"properties":{"name":"대구지방검찰청영덕지청(본청 지하 1층)","addr":"경상북도 영덕군 영덕읍 경동로 8335 (대구지방검찰청영덕지청)","sgg":"47770","cap":988,"type":"공공용시설 / 지하","src":"localdata","asof":"2025-12-15"}},{"type":"Feature","geometry":{"type":"Point","coordinates":[129.36983,36.39873]},"properties":{"name":"영덕세무서(지하 1충)","addr":"경상북도 영덕군 영덕읍 영덕로 35-11 (영덕세무서)","sgg":"47770","cap":152,"type":"공공용시설 / 지하","src":"localdata","asof":"2025-12-15"}},{"type":"Feature","geometry":{"type":"Point","coordinates":[129.37119,36.40884]},"properties":{"name":"맘애듬아파트(지하주차장 1층)","addr":"경상북도 영덕군 영덕읍 덕곡천길 34 (한동맘애듬아파트)","sgg":"47770","cap":678,"type":"공공용시설 / 지하","src":"localdata","asof":"2025-12-15"}},{"type":"Feature","geometry":{"type":"Point","coordinates":[129.37658,36.41172]},"properties":{"name":"혜광신세계타운(지하주차장 1층)","addr":"경상북도 영덕군 영덕읍 중앙길 20 (혜광신세계타운)","sgg":"47770","cap":2014,"type":"공공용시설 / 지하","src":"localdata","asof":"2025-12-15"}},{"type":"Feature","geometry":{"type":"Point","coordinates":[129.37597,36.40403]},"properties":{"name":"태양맨숀(지하주차장 1층)","addr":"경상북도 영덕군 영덕읍 강영로 504 (태양맨숀)","sgg":"47770","cap":407,"type":"공공용시설 / 지하","src":"localdata","asof":"2025-12-15"}},{"type":"Feature","geometry":{"type":"Point","coordinates":[129.37394,36.4089]},"properties":{"name":"영덕교육지원청(본청 지하 1층)","addr":"경상북도 영덕군 영덕읍 읍사무소1길 32-15 (영덕교육지원청)","sgg":"47770","cap":215,"type":"공공용시설 / 지하","src":"localdata","asof":"2025-12-15"}},{"type":"Feature","geometry":{"type":"Point","coordinates":[129.37426,36.40933]},"properties":{"name":"우진센트럴하임아파트(지하주차장 1층)","addr":"경상북도 영덕군 영덕읍 읍사무소1길 42-21 (영덕우진센트럴하임)","sgg":"47770","cap":3712,"type":"공공용시설 / 지하","src":"localdata","asof":"2025-12-15"}},{"type":"Feature","geometry":{"type":"Point","coordinates":[129.37994,36.35355]},"properties":{"name":"강구중학교 지하 1층","addr":"경상북도 영덕군 강구면 신강구1길 45-5 (강구중학교)","sgg":"47770","cap":82,"type":"공공용시설 / 지하","src":"localdata","asof":"2026-02-06"}},{"type":"Feature","geometry":{"type":"Point","coordinates":[129.36605,36.42013]},"properties":{"name":"대구지방법원영덕지원(본청 지하1층 )","addr":"경상북도 영덕군 영덕읍 경동로 8337 (대구지방법원영덕지원)","sgg":"47770","cap":601,"type":"공공용시설 / 지하","src":"localdata","asof":"2025-12-15"}},{"type":"Feature","geometry":{"type":"Point","coordinates":[129.36909,36.41213]},"properties":{"name":"영덕야성초등학교 지하 1층","addr":"경상북도 영덕군 영덕읍 덕곡길 96-0","sgg":"47770","cap":463,"type":"공공용시설 / 지하","src":"localdata","asof":"2025-12-15"}},{"type":"Feature","geometry":{"type":"Point","coordinates":[128.7417,35.64115]},"properties":{"name":"성조아파트 102동 지하주차장 1층","addr":"경상북도 청도군 청도읍 고수산복길 86 (성조타운)","sgg":"47820","cap":1369,"type":"공공용시설 / 지하","src":"localdata","asof":"2026-01-30"}},{"type":"Feature","geometry":{"type":"Point","coordinates":[128.73777,35.64866]},"properties":{"name":"청도군 보건소 \"수영장\" 지하 1층","addr":"경상북도 청도군 화양읍 청화로 79-15 (사회복지법인에덴원)","sgg":"47820","cap":1416,"type":"공공용시설 / 지하","src":"localdata","asof":"2026-02-03"}},{"type":"Feature","geometry":{"type":"Point","coordinates":[128.73795,35.64763]},"properties":{"name":"일송빌딩 지하주차장 1층","addr":"경상북도 청도군 청도읍 냉정길 1","sgg":"47820","cap":164,"type":"공공용시설 / 지하","src":"localdata","asof":"2026-01-30"}},{"type":"Feature","geometry":{"type":"Point","coordinates":[128.735,35.64786]},"properties":{"name":"청도군청 지하 1층","addr":"경상북도 청도군 화양읍 청화로 70 (청도군청)","sgg":"47820","cap":2180,"type":"공공용시설 / 지하","src":"localdata","asof":"2026-02-03"}},{"type":"Feature","geometry":{"type":"Point","coordinates":[128.70633,35.64927]},"properties":{"name":"화양읍사무소 지하 1층 창고","addr":"경상북도 청도군 화양읍 도주관로 159 (화양읍사무소)","sgg":"47820","cap":100,"type":"공공용시설 / 지하","src":"localdata","asof":"2026-02-03"}},{"type":"Feature","geometry":{"type":"Point","coordinates":[128.7296,35.64822]},"properties":{"name":"청도코아루블루핀아파트 지하주차장 1층","addr":"경상북도 청도군 화양읍 청화로 26-1 (청도 코아루 블루핀)","sgg":"47820","cap":4019,"type":"공공용시설 / 지하","src":"localdata","asof":"2026-02-03"}},{"type":"Feature","geometry":{"type":"Point","coordinates":[128.73496,35.6482]},"properties":{"name":"모계중고 다목적 강당(공감홀) 지하 1층","addr":"경상북도 청도군 화양읍 청화로 67 (모계고등학교,모계중학교)","sgg":"47820","cap":575,"type":"공공용시설 / 지하","src":"localdata","asof":"2026-02-03"}},{"type":"Feature","geometry":{"type":"Point","coordinates":[128.74278,35.65126]},"properties":{"name":"청도군 온누리복지관 지하 1층","addr":"경상북도 청도군 청도읍 한내길 68 (청도군노인복지회관)","sgg":"47820","cap":478,"type":"공공용시설 / 지하","src":"localdata","asof":"2026-01-30"}},{"type":"Feature","geometry":{"type":"Point","coordinates":[128.74258,35.64092]},"properties":{"name":"성조아파트 101동 지하주차장 1층","addr":"경상북도 청도군 청도읍 고수뒷길 74-16 (성조타운)","sgg":"47820","cap":1430,"type":"공공용시설 / 지하","src":"localdata","asof":"2026-01-30"}},{"type":"Feature","geometry":{"type":"Point","coordinates":[128.74814,35.64214]},"properties":{"name":"재향군인회관 지하 1층 체력단련실","addr":"경상북도 청도군 청도읍 고수동5길 21 (청도향군회관)","sgg":"47820","cap":213,"type":"공공용시설 / 지하","src":"localdata","asof":"2026-01-30"}},{"type":"Feature","geometry":{"type":"Point","coordinates":[128.73686,35.64849]},"properties":{"name":"청도대남병원 장례식장 지하 1층","addr":"경상북도 청도군 화양읍 청화로 79-7","sgg":"47820","cap":927,"type":"공공용시설 / 지하","src":"localdata","asof":"2026-02-03"}},{"type":"Feature","geometry":{"type":"Point","coordinates":[128.74553,35.64936]},"properties":{"name":"하나병원 지하시설 1층","addr":"경상북도 청도군 청도읍 청도신기길 78-10","sgg":"47820","cap":963,"type":"공공용시설 / 지하","src":"localdata","asof":"2026-01-30"}},{"type":"Feature","geometry":{"type":"Point","coordinates":[128.70569,35.64884]},"properties":{"name":"화양우체국 지하 1층","addr":"경상북도 청도군 화양읍 도주관로 151 (화양우체국)","sgg":"47820","cap":133,"type":"공공용시설 / 지하","src":"localdata","asof":"2026-02-03"}},{"type":"Feature","geometry":{"type":"Point","coordinates":[128.27093,35.74143]},"properties":{"name":"고령교육지원청 지하1층","addr":"경상북도 고령군 대가야읍 가야금길 34 (경상북도고령교육지원청)","sgg":"47830","cap":109,"type":"공공용시설 / 지하","src":"localdata","asof":"2026-05-06"}},{"type":"Feature","geometry":{"type":"Point","coordinates":[128.26345,35.72576]},"properties":{"name":"고령군청 지하1층","addr":"경상북도 고령군 대가야읍 왕릉로 55, 고령군청","sgg":"47830","cap":1150,"type":"공공용시설 / 지하","src":"localdata","asof":"2026-05-06"}},{"type":"Feature","geometry":{"type":"Point","coordinates":[128.2624,35.72365]},"properties":{"name":"문화누리관 지하1층","addr":"경상북도 고령군 대가야읍 왕릉로 30, 대가야문화누리","sgg":"47830","cap":5900,"type":"공공용시설 / 지하","src":"localdata","asof":"2026-05-06"}},{"type":"Feature","geometry":{"type":"Point","coordinates":[128.30116,35.91815]},"properties":{"name":"성주문화예술회관 대강당 지하 1층","addr":"경상북도 성주군 성주읍 성산9길 45 (성주문화예술회관)","sgg":"47840","cap":405,"type":"공공용시설 / 지하","src":"localdata","asof":"2026-02-04"}},{"type":"Feature","geometry":{"type":"Point","coordinates":[128.28492,35.91858]},"properties":{"name":"성주우체국 지하주차장 1층","addr":"경상북도 성주군 성주읍 성주로 3210 (성주우체국)","sgg":"47840","cap":825,"type":"공공용시설 / 지하","src":"localdata","asof":"2026-02-04"}},{"type":"Feature","geometry":{"type":"Point","coordinates":[128.28183,35.91474]},"properties":{"name":"청구신호타운 지하주차장 1층","addr":"경상북도 성주군 성주읍 경산2길 19-8 (청구신호아파트)","sgg":"47840","cap":761,"type":"공공용시설 / 지하","src":"localdata","asof":"2026-02-04"}},{"type":"Feature","geometry":{"type":"Point","coordinates":[128.2814,35.91483]},"properties":{"name":"신성강변타운 지하주차장 1층","addr":"경상북도 성주군 성주읍 성밖숲길 43 (신성강변타운)","sgg":"47840","cap":1324,"type":"공공용시설 / 지하","src":"localdata","asof":"2026-02-04"}},{"type":"Feature","geometry":{"type":"Point","coordinates":[128.27794,35.91894]},"properties":{"name":"성주우방타운 지하주차장 1층","addr":"경상북도 성주군 성주읍 성주순환로 14 (성주우방타운)","sgg":"47840","cap":1222,"type":"공공용시설 / 지하","src":"localdata","asof":"2026-02-04"}},{"type":"Feature","geometry":{"type":"Point","coordinates":[128.28522,35.91695]},"properties":{"name":"성주창의문화센터 지하주차장 1층","addr":"경상북도 성주군 성주읍 경산길 17","sgg":"47840","cap":3790,"type":"공공용시설 / 지하","src":"localdata","asof":"2026-06-17"}},{"type":"Feature","geometry":{"type":"Point","coordinates":[128.2946,35.92772]},"properties":{"name":"성주교육청 지하 1층","addr":"경상북도 성주군 성주읍 주산로 71-4 (경상북도성주교육청)","sgg":"47840","cap":407,"type":"공공용시설 / 지하","src":"localdata","asof":"2026-02-04"}},{"type":"Feature","geometry":{"type":"Point","coordinates":[128.29019,35.9194]},"properties":{"name":"청일가야아파트 지하주차장 1층","addr":"경상북도 성주군 성주읍 성주읍1길 20 (청일가야아파트)","sgg":"47840","cap":1657,"type":"공공용시설 / 지하","src":"localdata","asof":"2026-02-04"}},{"type":"Feature","geometry":{"type":"Point","coordinates":[128.28313,35.91925]},"properties":{"name":"성주군청 지하 1층","addr":"경상북도 성주군 성주읍 성주로 3200 (성주군청)","sgg":"47840","cap":152,"type":"공공용시설 / 지하","src":"localdata","asof":"2026-02-04"}},{"type":"Feature","geometry":{"type":"Point","coordinates":[128.41289,36.08022]},"properties":{"name":"3공단부영아파트 지하주차장","addr":"경상북도 칠곡군 석적읍 북중리3길 70 (3공단부영아파트)","sgg":"47850","cap":9592,"type":"공공용시설 / 지하","src":"localdata","asof":"2026-05-07"}},{"type":"Feature","geometry":{"type":"Point","coordinates":[128.3399,36.06772]},"properties":{"name":"숭오대동타운 지하주차장","addr":"경상북도 칠곡군 북삼읍 인강5길 59 (대동아파트)","sgg":"47850","cap":1033,"type":"공공용시설 / 지하","src":"localdata","asof":"2026-05-07"}},{"type":"Feature","geometry":{"type":"Point","coordinates":[128.41678,35.99028]},"properties":{"name":"왜관휴먼시아4단지 지하주차장","addr":"경상북도 칠곡군 왜관읍 관문로1길 24 (왜관휴먼시아4단지)","sgg":"47850","cap":4028,"type":"공공용시설 / 지하","src":"localdata","asof":"2026-05-07"}},{"type":"Feature","geometry":{"type":"Point","coordinates":[128.39546,35.98274]},"properties":{"name":"왜관삼성아파트 지하주차장","addr":"경상북도 칠곡군 왜관읍 구상길 180 (삼성아파트)","sgg":"47850","cap":4421,"type":"공공용시설 / 지하","src":"localdata","asof":"2026-05-07"}},{"type":"Feature","geometry":{"type":"Point","coordinates":[128.39173,36.07493]},"properties":{"name":"우방신천지아파트 지하주차장","addr":"경상북도 칠곡군 석적읍 석적로 955-19 (우방신천지아파트)","sgg":"47850","cap":8250,"type":"공공용시설 / 지하","src":"localdata","asof":"2026-05-07"}},{"type":"Feature","geometry":{"type":"Point","coordinates":[128.40585,36.00037]},"properties":{"name":"왜관한빛타운 지하주차장","addr":"경상북도 칠곡군 왜관읍 석전로 77 (왜관한빛타운)","sgg":"47850","cap":3430,"type":"공공용시설 / 지하","src":"localdata","asof":"2026-05-07"}},{"type":"Feature","geometry":{"type":"Point","coordinates":[128.33426,36.06397]},"properties":{"name":"숭오화진금봉타운1차 지하주차장","addr":"경상북도 칠곡군 북삼읍 안산2길 6-4 (숭오화진금봉타운(1차))","sgg":"47850","cap":2110,"type":"공공용시설 / 지하","src":"localdata","asof":"2026-05-07"}},{"type":"Feature","geometry":{"type":"Point","coordinates":[128.33358,36.06505]},"properties":{"name":"숭오화성파크 지하주차장","addr":"경상북도 칠곡군 북삼읍 북삼로 193-5 (숭오화성파크)","sgg":"47850","cap":5477,"type":"공공용시설 / 지하","src":"localdata","asof":"2026-05-07"}},{"type":"Feature","geometry":{"type":"Point","coordinates":[128.39728,35.997]},"properties":{"name":"이원리버빌 지하주차장","addr":"경상북도 칠곡군 왜관읍 2번도로길 105 (이원리버빌아파트)","sgg":"47850","cap":1384,"type":"공공용시설 / 지하","src":"localdata","asof":"2026-05-07"}},{"type":"Feature","geometry":{"type":"Point","coordinates":[128.40604,35.98432]},"properties":{"name":"대동다숲아파트 지하주차장","addr":"경상북도 칠곡군 왜관읍 평장3길 50 (대동다숲아파트)","sgg":"47850","cap":6600,"type":"공공용시설 / 지하","src":"localdata","asof":"2026-05-07"}},{"type":"Feature","geometry":{"type":"Point","coordinates":[128.4025,36.06811]},"properties":{"name":"칠곡남율효성해링턴플레이스 1단지 지하주차장","addr":"경상북도 칠곡군 석적읍 남율로9길 33 (칠곡남율효성해링턴플레이스1단지)","sgg":"47850","cap":8250,"type":"공공용시설 / 지하","src":"localdata","asof":"2026-05-07"}},{"type":"Feature","geometry":{"type":"Point","coordinates":[128.3482,36.06885]},"properties":{"name":"인평창신아파트 지하주차장","addr":"경상북도 칠곡군 북삼읍 금오대로6길 9-6 (인평창신아파트)","sgg":"47850","cap":2994,"type":"공공용시설 / 지하","src":"localdata","asof":"2026-05-07"}},{"type":"Feature","geometry":{"type":"Point","coordinates":[128.33573,36.06688]},"properties":{"name":"금오현대아파트 지하주차장","addr":"경상북도 칠곡군 북삼읍 안산2길 37-9 (금오현대아파트)","sgg":"47850","cap":7842,"type":"공공용시설 / 지하","src":"localdata","asof":"2026-05-07"}},{"type":"Feature","geometry":{"type":"Point","coordinates":[128.33287,36.06398]},"properties":{"name":"북삼휴먼시아 지하주차장","addr":"경상북도 칠곡군 북삼읍 북삼로 200 (북삼 휴먼시아)","sgg":"47850","cap":1800,"type":"공공용시설 / 지하","src":"localdata","asof":"2026-05-07"}},{"type":"Feature","geometry":{"type":"Point","coordinates":[128.35931,36.03798]},"properties":{"name":"약목오성타워맨션 지하주차장","addr":"경상북도 칠곡군 약목면 복성13길 24 (약목오성타워맨션)","sgg":"47850","cap":1667,"type":"공공용시설 / 지하","src":"localdata","asof":"2026-05-07"}},{"type":"Feature","geometry":{"type":"Point","coordinates":[128.33602,36.07191]},"properties":{"name":"동부늘푸른타운 지하주차장","addr":"경상북도 칠곡군 북삼읍 북삼로8길 19 (동부늘푸른타운)","sgg":"47850","cap":2242,"type":"공공용시설 / 지하","src":"localdata","asof":"2026-05-07"}},{"type":"Feature","geometry":{"type":"Point","coordinates":[128.33778,36.0675]},"properties":{"name":"칠곡북삼서희스타힐스 지하주차장","addr":"경상북도 칠곡군 북삼읍 인강1길 74 (칠곡북삼서희스타힐스)","sgg":"47850","cap":32954,"type":"공공용시설 / 지하","src":"localdata","asof":"2026-07-09"}},{"type":"Feature","geometry":{"type":"Point","coordinates":[128.40552,36.07542]},"properties":{"name":"중리금호어울림 지하주차장","addr":"경상북도 칠곡군 석적읍 서중리5길 66-6 (중리금호어울림)","sgg":"47850","cap":8250,"type":"공공용시설 / 지하","src":"localdata","asof":"2026-05-07"}},{"type":"Feature","geometry":{"type":"Point","coordinates":[128.34414,36.05107]},"properties":{"name":"전원대동타운 지하주차장","addr":"경상북도 칠곡군 북삼읍 외율1길 9 (전원대동타운)","sgg":"47850","cap":2144,"type":"공공용시설 / 지하","src":"localdata","asof":"2026-05-07"}},{"type":"Feature","geometry":{"type":"Point","coordinates":[128.45301,36.65691]},"properties":{"name":"예천읍행정복지센터 지하공간(지하1층)","addr":"경상북도 예천군 예천읍 군청앞길 2, 예천읍 행정복지센터","sgg":"47900","cap":224,"type":"공공용시설 / 지하","src":"localdata","asof":"2026-05-10"}},{"type":"Feature","geometry":{"type":"Point","coordinates":[128.44141,36.65249]},"properties":{"name":"대심주공아파트 101동 지하주차장(지하1층)","addr":"경상북도 예천군 예천읍 봉덕로 52(주공아파트)","sgg":"47900","cap":877,"type":"공공용시설 / 지하","src":"localdata","asof":"2026-05-10"}},{"type":"Feature","geometry":{"type":"Point","coordinates":[128.49411,36.57739]},"properties":{"name":"우방아이유쉘1차 지하주차장(101~108동/지하1층)","addr":"경상북도 예천군 호명읍 검무로 17 (우방아이유쉘1차)","sgg":"47900","cap":15195,"type":"공공용시설 / 지하","src":"localdata","asof":"2026-05-10"}},{"type":"Feature","geometry":{"type":"Point","coordinates":[128.47616,36.5762]},"properties":{"name":"에비뉴시티 오피스텔 지하주차장(지하1층)","addr":"경상북도 예천군 호명읍 양지9길 18, 에비뉴시티","sgg":"47900","cap":2129,"type":"공공용시설 / 지하","src":"localdata","asof":"2026-05-10"}},{"type":"Feature","geometry":{"type":"Point","coordinates":[128.44809,36.65432]},"properties":{"name":"두영서부빌라트 지하주차장(지하1층)","addr":"경상북도 예천군 예천읍 효자로 31(두영서부빌라트)","sgg":"47900","cap":617,"type":"공공용시설 / 지하","src":"localdata","asof":"2026-05-10"}},{"type":"Feature","geometry":{"type":"Point","coordinates":[128.44144,36.64904]},"properties":{"name":"장미마을아파트 101동 지하주차장(지하1층)","addr":"경상북도 예천군 예천읍 대심1길 19(장미마을아파트)","sgg":"47900","cap":513,"type":"공공용시설 / 지하","src":"localdata","asof":"2026-05-10"}},{"type":"Feature","geometry":{"type":"Point","coordinates":[128.44872,36.65472]},"properties":{"name":"세종타운 지하주차장(지하1층)","addr":"경상북도 예천군 예천읍 효자로 40(세종타운)","sgg":"47900","cap":487,"type":"공공용시설 / 지하","src":"localdata","asof":"2026-05-10"}},{"type":"Feature","geometry":{"type":"Point","coordinates":[128.48836,36.5775]},"properties":{"name":"우방아이유쉘2차 지하주차장(201~206동/지하1층)","addr":"경상북도 예천군 호명읍 행복로 230 (우방아이유쉘2차)","sgg":"47900","cap":13332,"type":"공공용시설 / 지하","src":"localdata","asof":"2026-05-10"}},{"type":"Feature","geometry":{"type":"Point","coordinates":[128.43766,36.64615]},"properties":{"name":"예천군청 지하주차장(지하1층)","addr":"경상북도 예천군 예천읍 충효로 111, 예천군청","sgg":"47900","cap":6436,"type":"공공용시설 / 지하","src":"localdata","asof":"2026-05-10"}},{"type":"Feature","geometry":{"type":"Point","coordinates":[128.48771,36.57604]},"properties":{"name":"경북도청아이파크 2지하주차장(101~105동/지하1층)","addr":"경상북도 예천군 호명읍 새움3로 7 (경북도청아이파크)","sgg":"47900","cap":6555,"type":"공공용시설 / 지하","src":"localdata","asof":"2026-05-10"}},{"type":"Feature","geometry":{"type":"Point","coordinates":[128.45419,36.65773]},"properties":{"name":"무궁화아파트 지하주차장(지하1층)","addr":"경상북도 예천군 예천읍 군청길 44(무궁화아파트)","sgg":"47900","cap":92,"type":"공공용시설 / 지하","src":"localdata","asof":"2026-05-10"}},{"type":"Feature","geometry":{"type":"Point","coordinates":[128.48859,36.57775]},"properties":{"name":"우방아이유쉘센트럴 지하주차장(501~510동/지하1층)","addr":"경상북도 예천군 호명읍 행복로 229 (경북도청신도시우방아이유쉘센트럴)","sgg":"47900","cap":26522,"type":"공공용시설 / 지하","src":"localdata","asof":"2026-05-10"}},{"type":"Feature","geometry":{"type":"Point","coordinates":[128.44231,36.65148]},"properties":{"name":"삼우목련아파트 지하주차장(지하1층)","addr":"경상북도 예천군 예천읍 대심3길 35-19(삼우목련아파트)","sgg":"47900","cap":1035,"type":"공공용시설 / 지하","src":"localdata","asof":"2026-05-10"}},{"type":"Feature","geometry":{"type":"Point","coordinates":[128.48086,36.57655]},"properties":{"name":"호반 2차 지하주차장(201~222동/지하1층)","addr":"경상북도 예천군 호명읍 양지로 14 (경북도청신도시 호반베르디움2차)","sgg":"47900","cap":39579,"type":"공공용시설 / 지하","src":"localdata","asof":"2026-05-10"}},{"type":"Feature","geometry":{"type":"Point","coordinates":[128.45247,36.65703]},"properties":{"name":"예천우체국 지하공간(지하1층)","addr":"경상북도 예천군 예천읍 군청길 27, 예천우체국","sgg":"47900","cap":69,"type":"공공용시설 / 지하","src":"localdata","asof":"2026-05-10"}},{"type":"Feature","geometry":{"type":"Point","coordinates":[128.46327,36.64559]},"properties":{"name":"세아아파트102동 지하주차장(지하1층)","addr":"경상북도 예천군 예천읍 양궁로 83(예천세아아파트)","sgg":"47900","cap":483,"type":"공공용시설 / 지하","src":"localdata","asof":"2026-05-10"}},{"type":"Feature","geometry":{"type":"Point","coordinates":[128.48771,36.57604]},"properties":{"name":"경북도청아이파크 1지하주차장(106~109동/지하1층)","addr":"경상북도 예천군 호명읍 새움3로 7 (경북도청아이파크)","sgg":"47900","cap":5991,"type":"공공용시설 / 지하","src":"localdata","asof":"2026-05-10"}},{"type":"Feature","geometry":{"type":"Point","coordinates":[128.47141,36.57635]},"properties":{"name":"트레젠웰가 오피스텔 지하주차장(지하1층)","addr":"경상북도 예천군 호명읍 행복4길 25, 트레젠웰가","sgg":"47900","cap":3082,"type":"공공용시설 / 지하","src":"localdata","asof":"2026-05-10"}},{"type":"Feature","geometry":{"type":"Point","coordinates":[128.46327,36.64559]},"properties":{"name":"세아아파트101동 지하주차장(지하1층)","addr":"경상북도 예천군 예천읍 양궁로 83(예천세아아파트)","sgg":"47900","cap":501,"type":"공공용시설 / 지하","src":"localdata","asof":"2026-05-10"}},{"type":"Feature","geometry":{"type":"Point","coordinates":[128.44144,36.64904]},"properties":{"name":"장미마을아파트 103동 지하주차장(지하1층)","addr":"경상북도 예천군 예천읍 대심1길 19(장미마을아파트)","sgg":"47900","cap":775,"type":"공공용시설 / 지하","src":"localdata","asof":"2026-05-10"}},{"type":"Feature","geometry":{"type":"Point","coordinates":[128.45833,36.6558]},"properties":{"name":"조일리버빌 지하주차장(지하1층)","addr":"경상북도 예천군 예천읍 한천길 21(조일리버빌)","sgg":"47900","cap":900,"type":"공공용시설 / 지하","src":"localdata","asof":"2026-05-10"}},{"type":"Feature","geometry":{"type":"Point","coordinates":[128.49492,36.57797]},"properties":{"name":"우방아이유쉘센텀 지하주차장(301~311동/지하1층)","addr":"경상북도 예천군 호명읍 검무로 27 (경북도청신도시우방아이유쉘센텀)","sgg":"47900","cap":38830,"type":"공공용시설 / 지하","src":"localdata","asof":"2026-05-10"}},{"type":"Feature","geometry":{"type":"Point","coordinates":[128.48349,36.57844]},"properties":{"name":"동일스위트더파크 지하주차장(지하1·2층)","addr":"경상북도 예천군 호명읍 행복로 177 (동일스위트 더 파크)","sgg":"47900","cap":65627,"type":"공공용시설 / 지하","src":"localdata","asof":"2026-05-10"}},{"type":"Feature","geometry":{"type":"Point","coordinates":[128.46018,36.64714]},"properties":{"name":"이테크코아루 지하주차장(101~104동/지하1층)","addr":"경상북도 예천군 예천읍 양궁로 60-20 (예천이테크코아루)","sgg":"47900","cap":5362,"type":"공공용시설 / 지하","src":"localdata","asof":"2026-05-10"}},{"type":"Feature","geometry":{"type":"Point","coordinates":[128.73141,36.89263]},"properties":{"name":"봉화군청 지하주차장 1층","addr":"경상북도 봉화군 봉화읍 봉화로 1111, 봉화군청","sgg":"47920","cap":699,"type":"공공용시설 / 지하","src":"localdata","asof":"2026-02-12"}},{"type":"Feature","geometry":{"type":"Point","coordinates":[128.73536,36.89073]},"properties":{"name":"봉화새마을금고 지하주차장 1층","addr":"경상북도 봉화군 봉화읍 봉화로 1146","sgg":"47920","cap":474,"type":"공공용시설 / 지하","src":"localdata","asof":"2026-02-12"}},{"type":"Feature","geometry":{"type":"Point","coordinates":[128.7427,36.88827]},"properties":{"name":"군민회관 지하 1층","addr":"경상북도 봉화군 봉화읍 내성로4길 6-44, 봉화군민회관","sgg":"47920","cap":323,"type":"공공용시설 / 지하","src":"localdata","asof":"2026-02-12"}},{"type":"Feature","geometry":{"type":"Point","coordinates":[128.73346,36.88512]},"properties":{"name":"톱텍시티파크 지하주차장 1층","addr":"경상북도 봉화군 봉화읍 교촌1길 2(톱텍시티파크)","sgg":"47920","cap":1067,"type":"공공용시설 / 지하","src":"localdata","asof":"2026-02-12"}},{"type":"Feature","geometry":{"type":"Point","coordinates":[129.37354,37.11423]},"properties":{"name":"석호마을아파트 지하주차장 1층","addr":"경상북도 울진군 북면 울진북로 2234 (석호마을아파트)","sgg":"47930","cap":941,"type":"공공용시설 / 지하","src":"localdata","asof":"2026-03-26"}},{"type":"Feature","geometry":{"type":"Point","coordinates":[129.39399,36.98336]},"properties":{"name":"울진역센트럴두산위브 지하주차장","addr":"경상북도 울진군 울진읍 토일2길 133 (울진역센트럴두산위브)","sgg":"47930","cap":13979,"type":"공공용시설 / 지하","src":"localdata","asof":"2026-08-14"}},{"type":"Feature","geometry":{"type":"Point","coordinates":[129.37169,37.1073]},"properties":{"name":"한울원자력본부직원사택 4상록관 지하주차장 1층","addr":"경상북도 울진군 북면 울진북로 2149 (울진원자력본부 직원사택)","sgg":"47930","cap":7082,"type":"공공용시설 / 지하","src":"localdata","asof":"2026-08-14"}},{"type":"Feature","geometry":{"type":"Point","coordinates":[129.39827,36.98364]},"properties":{"name":"현대아파트 지하주차장 1층","addr":"경상북도 울진군 울진읍 월변9길 26(현대아파트)","sgg":"47930","cap":2671,"type":"공공용시설 / 지하","src":"localdata","asof":"2026-03-26"}},{"type":"Feature","geometry":{"type":"Point","coordinates":[129.37169,37.10743]},"properties":{"name":"한울원자력본부직원사택 4단지 지하주차장 1층","addr":"경상북도 울진군 북면 울진북로 2149(울진원자력본부 직원사택)","sgg":"47930","cap":19151,"type":"공공용시설 / 지하","src":"localdata","asof":"2026-03-26"}},{"type":"Feature","geometry":{"type":"Point","coordinates":[129.39887,36.9861]},"properties":{"name":"울진교육지원청 지하1층","addr":"경상북도 울진군 울진읍 월변7길 17, 경상북도울진교육지원청","sgg":"47930","cap":300,"type":"공공용시설 / 지하","src":"localdata","asof":"2026-03-26"}},{"type":"Feature","geometry":{"type":"Point","coordinates":[129.40282,36.99482]},"properties":{"name":"KT울진지사 지하주차장 1층","addr":"경상북도 울진군 울진읍 읍내8길 25, KT울진지점","sgg":"47930","cap":787,"type":"공공용시설 / 지하","src":"localdata","asof":"2026-03-26"}},{"type":"Feature","geometry":{"type":"Point","coordinates":[129.37169,37.10743]},"properties":{"name":"한울원자력본부직원사택 2단지 지하주차장 1층","addr":"경상북도 울진군 북면 울진북로 2149(울진원자력본부 직원사택)","sgg":"47930","cap":6034,"type":"공공용시설 / 지하","src":"localdata","asof":"2026-03-26"}},{"type":"Feature","geometry":{"type":"Point","coordinates":[129.41578,37.0643]},"properties":{"name":"윤준비치아트빌 지하주차장 1층","addr":"경상북도 울진군 죽변면 죽변북로 87 (윤준비치아트빌)","sgg":"47930","cap":88,"type":"공공용시설 / 지하","src":"localdata","asof":"2026-03-26"}},{"type":"Feature","geometry":{"type":"Point","coordinates":[129.37169,37.10743]},"properties":{"name":"한울원자력본부직원사택 3상록관 지하주차장 1층","addr":"경상북도 울진군 북면 울진북로 2149(울진원자력본부 직원사택)","sgg":"47930","cap":3487,"type":"공공용시설 / 지하","src":"localdata","asof":"2026-03-26"}},{"type":"Feature","geometry":{"type":"Point","coordinates":[129.40457,36.9935]},"properties":{"name":"명지렉스빌 지하주차장 1층","addr":"경상북도 울진군 울진읍 읍내로 70 (국민은행울진지점)","sgg":"47930","cap":337,"type":"공공용시설 / 지하","src":"localdata","asof":"2026-03-26"}},{"type":"Feature","geometry":{"type":"Point","coordinates":[129.40139,36.99446]},"properties":{"name":"삼성생명빌딩 지하주차장 1층","addr":"경상북도 울진군 울진읍 울진중앙로 144, 삼성생명","sgg":"47930","cap":200,"type":"공공용시설 / 지하","src":"localdata","asof":"2026-03-26"}},{"type":"Feature","geometry":{"type":"Point","coordinates":[129.39965,37.00037]},"properties":{"name":"금광베네스타아파트 지하주차장 1층","addr":"경상북도 울진군 울진읍 울진북로 602 (금광베네스타)","sgg":"47930","cap":1732,"type":"공공용시설 / 지하","src":"localdata","asof":"2026-03-26"}},{"type":"Feature","geometry":{"type":"Point","coordinates":[130.90756,37.48324]},"properties":{"name":"도동공영주차장(지하1층)","addr":"경상북도 울릉군 울릉읍 도동2길 23 (울릉군주차빌딩)","sgg":"47940","cap":468,"type":"공공용시설 / 지하","src":"localdata","asof":"2026-01-31"}},{"type":"Feature","geometry":{"type":"Point","coordinates":[130.87384,37.46003]},"properties":{"name":"농업기술센터(지하1층)","addr":"경상북도 울릉군 울릉읍 간령길 83-18 (울릉군농업기술센타)","sgg":"47940","cap":75,"type":"공공용시설 / 지하","src":"localdata","asof":"2026-01-31"}},{"type":"Feature","geometry":{"type":"Point","coordinates":[130.9056,37.48429]},"properties":{"name":"울릉군청(지하1층)","addr":"경상북도 울릉군 울릉읍 도동2길 66, 울릉군청","sgg":"47940","cap":227,"type":"공공용시설 / 지하","src":"localdata","asof":"2026-02-10"}},{"type":"Feature","geometry":{"type":"Point","coordinates":[130.90474,37.49035]},"properties":{"name":"한마음회관(지하1층)","addr":"경상북도 울릉군 울릉읍 울릉순환로 286 (한마음회관)","sgg":"47940","cap":83,"type":"공공용시설 / 지하","src":"localdata","asof":"2026-02-10"}},{"type":"Feature","geometry":{"type":"Point","coordinates":[130.90384,37.48418]},"properties":{"name":"울릉군의회(지하1층)","addr":"경상북도 울릉군 울릉읍 도동길 143 (울릉군의회)","sgg":"47940","cap":314,"type":"공공용시설 / 지하","src":"localdata","asof":"2026-01-31"}},{"type":"Feature","geometry":{"type":"Point","coordinates":[130.90142,37.4969]},"properties":{"name":"울릉군 휴먼시아 아파트(지하1층)","addr":"경상북도 울릉군 울릉읍 봉래길 176 (저동휴먼시아)","sgg":"47940","cap":40,"type":"공공용시설 / 지하","src":"localdata","asof":"2026-01-31"}},{"type":"Feature","geometry":{"type":"Point","coordinates":[130.89967,37.48587]},"properties":{"name":"울릉군보건의료원(지하1층)","addr":"경상북도 울릉군 울릉읍 울릉순환로 396-18 (보건의료원)","sgg":"47940","cap":1012,"type":"공공용시설 / 지하","src":"localdata","asof":"2026-01-31"}},{"type":"Feature","geometry":{"type":"Point","coordinates":[130.90177,37.4852]},"properties":{"name":"KT울릉지점(지하1층)","addr":"경상북도 울릉군 울릉읍 도동길 193 (KT울릉지점)","sgg":"47940","cap":400,"type":"공공용시설 / 지하","src":"localdata","asof":"2026-01-31"}}]}