{"type":"FeatureCollection","name":"grid_11140_h3r9","meta":{"sgg_code":"11140","h3_res":9,"n_cells":178,"dem":"Copernicus GLO-30 (N37E126+E127)","crs":"EPSG:4326","jumin_basis":"2026-07","flood_years_covered":[2010,2011,2012,2013,2014,2016,2017,2018,2019,2020,2022,2023,2024,2025]},"features":[{"type":"Feature","properties":{"h3":"8930e1c14dbffff","emd_code":"1114067000","emd_name":"황학동","area_km2":0.0726,"edge":true,"slope_mean":7.85,"elev_mean":18.2,"flood_hist_n":0,"flood_depth_max_m":null,"flood_risk_100y":null,"semi_basement_r":null,"elderly_alone_r":0.1073,"bldg_age30_r":null,"shelter_min_walk":3,"pop":13174,"hh":7866,"elderly65_r":0.1834,"single_hh_r":0.5929,"source_level":"emd","flood_years":[]},"geometry":{"type":"Polygon","coordinates":[[[127.0256,37.57055],[127.02485,37.57207],[127.02312,37.57228],[127.02214,37.57098],[127.02288,37.56946],[127.02461,37.56924],[127.0256,37.57055]]]}},{"type":"Feature","properties":{"h3":"8930e1c1693ffff","emd_code":"1114065000","emd_name":"신당5동","area_km2":0.0726,"edge":true,"slope_mean":11.39,"elev_mean":56.2,"flood_hist_n":0,"flood_depth_max_m":null,"flood_risk_100y":null,"semi_basement_r":null,"elderly_alone_r":0.1399,"bldg_age30_r":null,"shelter_min_walk":1,"pop":9974,"hh":5419,"elderly65_r":0.2195,"single_hh_r":0.5268,"source_level":"emd","flood_years":[]},"geometry":{"type":"Polygon","coordinates":[[[127.02737,37.56034],[127.02662,37.56186],[127.02489,37.56207],[127.02391,37.56077],[127.02466,37.55925],[127.02639,37.55903],[127.02737,37.56034]]]}},{"type":"Feature","properties":{"h3":"8930e1d810fffff","emd_code":"1114068000","emd_name":"중림동","area_km2":0.0724,"edge":true,"slope_mean":9.11,"elev_mean":51.8,"flood_hist_n":0,"flood_depth_max_m":null,"flood_risk_100y":null,"semi_basement_r":null,"elderly_alone_r":0.1185,"bldg_age30_r":null,"shelter_min_walk":1,"pop":11925,"hh":5875,"elderly65_r":0.1984,"single_hh_r":0.4526,"source_level":"emd","flood_years":[]},"geometry":{"type":"Polygon","coordinates":[[[126.96442,37.55962],[126.96367,37.56114],[126.96194,37.56135],[126.96096,37.56005],[126.96171,37.55853],[126.96344,37.55831],[126.96442,37.55962]]]}},{"type":"Feature","properties":{"h3":"8930e1d8123ffff","emd_code":"1114068000","emd_name":"중림동","area_km2":0.0725,"edge":true,"slope_mean":5.27,"elev_mean":36.1,"flood_hist_n":2,"flood_depth_max_m":0.1,"flood_risk_100y":null,"semi_basement_r":null,"elderly_alone_r":0.1185,"bldg_age30_r":null,"shelter_min_walk":2,"pop":11925,"hh":5875,"elderly65_r":0.1984,"single_hh_r":0.4526,"source_level":"emd","flood_years":[2010,2011]},"geometry":{"type":"Polygon","coordinates":[[[126.96983,37.5618],[126.96909,37.56331],[126.96736,37.56353],[126.96638,37.56223],[126.96713,37.56071],[126.96885,37.56049],[126.96983,37.5618]]]}},{"type":"Feature","properties":{"h3":"8930e1d8127ffff","emd_code":"1114052000","emd_name":"소공동","area_km2":0.0725,"edge":false,"slope_mean":7.33,"elev_mean":40.0,"flood_hist_n":0,"flood_depth_max_m":null,"flood_risk_100y":null,"semi_basement_r":null,"elderly_alone_r":0.074,"bldg_age30_r":null,"shelter_min_walk":4,"pop":2202,"hh":1244,"elderly65_r":0.1317,"single_hh_r":0.5957,"source_level":"emd","flood_years":[]},"geometry":{"type":"Polygon","coordinates":[[[126.97254,37.56289],[126.97179,37.5644],[126.97007,37.56462],[126.96909,37.56331],[126.96983,37.5618],[126.97156,37.56158],[126.97254,37.56289]]]}},{"type":"Feature","properties":{"h3":"8930e1d812bffff","emd_code":"1114068000","emd_name":"중림동","area_km2":0.0725,"edge":false,"slope_mean":7.69,"elev_mean":42.1,"flood_hist_n":0,"flood_depth_max_m":null,"flood_risk_100y":null,"semi_basement_r":null,"elderly_alone_r":0.1185,"bldg_age30_r":null,"shelter_min_walk":3,"pop":11925,"hh":5875,"elderly65_r":0.1984,"single_hh_r":0.4526,"source_level":"emd","flood_years":[]},"geometry":{"type":"Polygon","coordinates":[[[126.9696,37.55897],[126.96885,37.56049],[126.96713,37.56071],[126.96615,37.5594],[126.96689,37.55788],[126.96862,37.55767],[126.9696,37.55897]]]}},{"type":"Feature","properties":{"h3":"8930e1d812fffff","emd_code":"1114068000","emd_name":"중림동","area_km2":0.0725,"edge":false,"slope_mean":5.87,"elev_mean":36.1,"flood_hist_n":0,"flood_depth_max_m":null,"flood_risk_100y":null,"semi_basement_r":null,"elderly_alone_r":0.1185,"bldg_age30_r":null,"shelter_min_walk":3,"pop":11925,"hh":5875,"elderly65_r":0.1984,"single_hh_r":0.4526,"source_level":"emd","flood_years":[]},"geometry":{"type":"Polygon","coordinates":[[[126.97231,37.56006],[126.97156,37.56158],[126.96983,37.5618],[126.96885,37.56049],[126.9696,37.55897],[126.97133,37.55876],[126.97231,37.56006]]]}},{"type":"Feature","properties":{"h3":"8930e1d8137ffff","emd_code":"1114052000","emd_name":"소공동","area_km2":0.0725,"edge":false,"slope_mean":6.3,"elev_mean":39.4,"flood_hist_n":0,"flood_depth_max_m":null,"flood_risk_100y":null,"semi_basement_r":null,"elderly_alone_r":0.074,"bldg_age30_r":null,"shelter_min_walk":3,"pop":2202,"hh":1244,"elderly65_r":0.1317,"single_hh_r":0.5957,"source_level":"emd","flood_years":[]},"geometry":{"type":"Polygon","coordinates":[[[126.97007,37.56462],[126.96932,37.56614],[126.96759,37.56635],[126.96661,37.56505],[126.96736,37.56353],[126.96909,37.56331],[126.97007,37.56462]]]}},{"type":"Feature","properties":{"h3":"8930e1d813bffff","emd_code":"1114068000","emd_name":"중림동","area_km2":0.0725,"edge":true,"slope_mean":8.56,"elev_mean":45.8,"flood_hist_n":1,"flood_depth_max_m":0.3,"flood_risk_100y":null,"semi_basement_r":null,"elderly_alone_r":0.1185,"bldg_age30_r":null,"shelter_min_walk":3,"pop":11925,"hh":5875,"elderly65_r":0.1984,"single_hh_r":0.4526,"source_level":"emd","flood_years":[2010]},"geometry":{"type":"Polygon","coordinates":[[[126.96713,37.56071],[126.96638,37.56223],[126.96465,37.56244],[126.96367,37.56114],[126.96442,37.55962],[126.96615,37.5594],[126.96713,37.56071]]]}},{"type":"Feature","properties":{"h3":"8930e1d8163ffff","emd_code":"1114068000","emd_name":"중림동","area_km2":0.0725,"edge":false,"slope_mean":9.57,"elev_mean":60.8,"flood_hist_n":0,"flood_depth_max_m":null,"flood_risk_100y":null,"semi_basement_r":null,"elderly_alone_r":0.1185,"bldg_age30_r":null,"shelter_min_walk":1,"pop":11925,"hh":5875,"elderly65_r":0.1984,"single_hh_r":0.4526,"source_level":"emd","flood_years":[]},"geometry":{"type":"Polygon","coordinates":[[[126.96666,37.55506],[126.96591,37.55658],[126.96418,37.55679],[126.96321,37.55549],[126.96395,37.55397],[126.96568,37.55376],[126.96666,37.55506]]]}},{"type":"Feature","properties":{"h3":"8930e1d8167ffff","emd_code":"1114068000","emd_name":"중림동","area_km2":0.0725,"edge":false,"slope_mean":8.08,"elev_mean":39.6,"flood_hist_n":1,"flood_depth_max_m":0.3,"flood_risk_100y":null,"semi_basement_r":null,"elderly_alone_r":0.1185,"bldg_age30_r":null,"shelter_min_walk":2,"pop":11925,"hh":5875,"elderly65_r":0.1984,"single_hh_r":0.4526,"source_level":"emd","flood_years":[2010]},"geometry":{"type":"Polygon","coordinates":[[[126.96937,37.55615],[126.96862,37.55767],[126.96689,37.55788],[126.96591,37.55658],[126.96666,37.55506],[126.96839,37.55485],[126.96937,37.55615]]]}},{"type":"Feature","properties":{"h3":"8930e1d816bffff","emd_code":"1114068000","emd_name":"중림동","area_km2":0.0725,"edge":true,"slope_mean":10.28,"elev_mean":52.8,"flood_hist_n":3,"flood_depth_max_m":0.3,"flood_risk_100y":null,"semi_basement_r":null,"elderly_alone_r":0.1185,"bldg_age30_r":null,"shelter_min_walk":5,"pop":11925,"hh":5875,"elderly65_r":0.1984,"single_hh_r":0.4526,"source_level":"emd","flood_years":[2010,2011,2022]},"geometry":{"type":"Polygon","coordinates":[[[126.96643,37.55224],[126.96568,37.55376],[126.96395,37.55397],[126.96297,37.55267],[126.96372,37.55115],[126.96545,37.55093],[126.96643,37.55224]]]}},{"type":"Feature","properties":{"h3":"8930e1d816fffff","emd_code":"1114068000","emd_name":"중림동","area_km2":0.0725,"edge":true,"slope_mean":5.5,"elev_mean":32.9,"flood_hist_n":1,"flood_depth_max_m":0.3,"flood_risk_100y":null,"semi_basement_r":null,"elderly_alone_r":0.1185,"bldg_age30_r":null,"shelter_min_walk":2,"pop":11925,"hh":5875,"elderly65_r":0.1984,"single_hh_r":0.4526,"source_level":"emd","flood_years":[2011]},"geometry":{"type":"Polygon","coordinates":[[[126.96914,37.55333],[126.96839,37.55485],[126.96666,37.55506],[126.96568,37.55376],[126.96643,37.55224],[126.96816,37.55202],[126.96914,37.55333]]]}},{"type":"Feature","properties":{"h3":"8930e1d8173ffff","emd_code":"1114068000","emd_name":"중림동","area_km2":0.0724,"edge":true,"slope_mean":11.45,"elev_mean":74.7,"flood_hist_n":1,"flood_depth_max_m":0.5,"flood_risk_100y":null,"semi_basement_r":null,"elderly_alone_r":0.1185,"bldg_age30_r":null,"shelter_min_walk":4,"pop":11925,"hh":5875,"elderly65_r":0.1984,"single_hh_r":0.4526,"source_level":"emd","flood_years":[2010]},"geometry":{"type":"Polygon","coordinates":[[[126.96418,37.55679],[126.96344,37.55831],[126.96171,37.55853],[126.96073,37.55722],[126.96148,37.5557],[126.96321,37.55549],[126.96418,37.55679]]]}},{"type":"Feature","properties":{"h3":"8930e1d8177ffff","emd_code":"1114068000","emd_name":"중림동","area_km2":0.0725,"edge":false,"slope_mean":10.47,"elev_mean":56.1,"flood_hist_n":0,"flood_depth_max_m":null,"flood_risk_100y":null,"semi_basement_r":null,"elderly_alone_r":0.1185,"bldg_age30_r":null,"shelter_min_walk":4,"pop":11925,"hh":5875,"elderly65_r":0.1984,"single_hh_r":0.4526,"source_level":"emd","flood_years":[]},"geometry":{"type":"Polygon","coordinates":[[[126.96689,37.55788],[126.96615,37.5594],[126.96442,37.55962],[126.96344,37.55831],[126.96418,37.55679],[126.96591,37.55658],[126.96689,37.55788]]]}},{"type":"Feature","properties":{"h3":"8930e1d817bffff","emd_code":"1114068000","emd_name":"중림동","area_km2":0.0724,"edge":false,"slope_mean":13.92,"elev_mean":82.2,"flood_hist_n":1,"flood_depth_max_m":0.5,"flood_risk_100y":null,"semi_basement_r":null,"elderly_alone_r":0.1185,"bldg_age30_r":null,"shelter_min_walk":4,"pop":11925,"hh":5875,"elderly65_r":0.1984,"single_hh_r":0.4526,"source_level":"emd","flood_years":[2010]},"geometry":{"type":"Polygon","coordinates":[[[126.96395,37.55397],[126.96321,37.55549],[126.96148,37.5557],[126.9605,37.5544],[126.96125,37.55288],[126.96297,37.55267],[126.96395,37.55397]]]}},{"type":"Feature","properties":{"h3":"8930e1d81afffff","emd_code":"1114052000","emd_name":"소공동","area_km2":0.0725,"edge":true,"slope_mean":5.73,"elev_mean":41.4,"flood_hist_n":1,"flood_depth_max_m":0.3,"flood_risk_100y":null,"semi_basement_r":null,"elderly_alone_r":0.074,"bldg_age30_r":null,"shelter_min_walk":1,"pop":2202,"hh":1244,"elderly65_r":0.1317,"single_hh_r":0.5957,"source_level":"emd","flood_years":[2011]},"geometry":{"type":"Polygon","coordinates":[[[126.96759,37.56635],[126.96684,37.56787],[126.96511,37.56809],[126.96413,37.56678],[126.96488,37.56526],[126.96661,37.56505],[126.96759,37.56635]]]}},{"type":"Feature","properties":{"h3":"8930e1d83b7ffff","emd_code":"1114068000","emd_name":"중림동","area_km2":0.0724,"edge":true,"slope_mean":10.12,"elev_mean":63.4,"flood_hist_n":2,"flood_depth_max_m":0.3,"flood_risk_100y":null,"semi_basement_r":null,"elderly_alone_r":0.1185,"bldg_age30_r":null,"shelter_min_walk":7,"pop":11925,"hh":5875,"elderly65_r":0.1984,"single_hh_r":0.4526,"source_level":"emd","flood_years":[2011,2012]},"geometry":{"type":"Polygon","coordinates":[[[126.96372,37.55115],[126.96297,37.55267],[126.96125,37.55288],[126.96027,37.55158],[126.96101,37.55006],[126.96274,37.54984],[126.96372,37.55115]]]}},{"type":"Feature","properties":{"h3":"8930e1d8803ffff","emd_code":"1114057000","emd_name":"필동","area_km2":0.0725,"edge":false,"slope_mean":11.6,"elev_mean":61.2,"flood_hist_n":1,"flood_depth_max_m":0.3,"flood_risk_100y":null,"semi_basement_r":null,"elderly_alone_r":0.1359,"bldg_age30_r":null,"shelter_min_walk":7,"pop":4307,"hh":2825,"elderly65_r":0.2257,"single_hh_r":0.6952,"source_level":"emd","flood_years":[2010]},"geometry":{"type":"Polygon","coordinates":[[[126.99825,37.55683],[126.9975,37.55835],[126.99577,37.55857],[126.99479,37.55727],[126.99554,37.55575],[126.99726,37.55553],[126.99825,37.55683]]]}},{"type":"Feature","properties":{"h3":"8930e1d8807ffff","emd_code":"1114057000","emd_name":"필동","area_km2":0.0725,"edge":false,"slope_mean":8.74,"elev_mean":81.5,"flood_hist_n":1,"flood_depth_max_m":0.3,"flood_risk_100y":null,"semi_basement_r":null,"elderly_alone_r":0.1359,"bldg_age30_r":null,"shelter_min_walk":6,"pop":4307,"hh":2825,"elderly65_r":0.2257,"single_hh_r":0.6952,"source_level":"emd","flood_years":[2010]},"geometry":{"type":"Polygon","coordinates":[[[127.00096,37.55792],[127.00021,37.55944],[126.99848,37.55966],[126.9975,37.55835],[126.99825,37.55683],[126.99997,37.55662],[127.00096,37.55792]]]}},{"type":"Feature","properties":{"h3":"8930e1d880bffff","emd_code":"1114057000","emd_name":"필동","area_km2":0.0725,"edge":false,"slope_mean":15.34,"elev_mean":83.8,"flood_hist_n":1,"flood_depth_max_m":0.3,"flood_risk_100y":null,"semi_basement_r":null,"elderly_alone_r":0.1359,"bldg_age30_r":null,"shelter_min_walk":8,"pop":4307,"hh":2825,"elderly65_r":0.2257,"single_hh_r":0.6952,"source_level":"emd","flood_years":[2010]},"geometry":{"type":"Polygon","coordinates":[[[126.99801,37.55401],[126.99726,37.55553],[126.99554,37.55575],[126.99455,37.55444],[126.9953,37.55292],[126.99703,37.55271],[126.99801,37.55401]]]}},{"type":"Feature","properties":{"h3":"8930e1d880fffff","emd_code":"1114057000","emd_name":"필동","area_km2":0.0725,"edge":false,"slope_mean":14.53,"elev_mean":109.0,"flood_hist_n":1,"flood_depth_max_m":0.3,"flood_risk_100y":null,"semi_basement_r":null,"elderly_alone_r":0.1359,"bldg_age30_r":null,"shelter_min_walk":7,"pop":4307,"hh":2825,"elderly65_r":0.2257,"single_hh_r":0.6952,"source_level":"emd","flood_years":[2010]},"geometry":{"type":"Polygon","coordinates":[[[127.00072,37.5551],[126.99997,37.55662],[126.99825,37.55683],[126.99726,37.55553],[126.99801,37.55401],[126.99974,37.5538],[127.00072,37.5551]]]}},{"type":"Feature","properties":{"h3":"8930e1d8813ffff","emd_code":"1114057000","emd_name":"필동","area_km2":0.0725,"edge":false,"slope_mean":6.64,"elev_mean":50.4,"flood_hist_n":0,"flood_depth_max_m":null,"flood_risk_100y":null,"semi_basement_r":null,"elderly_alone_r":0.1359,"bldg_age30_r":null,"shelter_min_walk":4,"pop":4307,"hh":2825,"elderly65_r":0.2257,"single_hh_r":0.6952,"source_level":"emd","flood_years":[]},"geometry":{"type":"Polygon","coordinates":[[[126.99577,37.55857],[126.99502,37.56009],[126.99329,37.5603],[126.99231,37.559],[126.99306,37.55748],[126.99479,37.55727],[126.99577,37.55857]]]}},{"type":"Feature","properties":{"h3":"8930e1d8817ffff","emd_code":"1114057000","emd_name":"필동","area_km2":0.0725,"edge":false,"slope_mean":6.37,"elev_mean":44.0,"flood_hist_n":1,"flood_depth_max_m":0.2,"flood_risk_100y":null,"semi_basement_r":null,"elderly_alone_r":0.1359,"bldg_age30_r":null,"shelter_min_walk":3,"pop":4307,"hh":2825,"elderly65_r":0.2257,"single_hh_r":0.6952,"source_level":"emd","flood_years":[2022]},"geometry":{"type":"Polygon","coordinates":[[[126.99848,37.55966],[126.99773,37.56118],[126.996,37.56139],[126.99502,37.56009],[126.99577,37.55857],[126.9975,37.55835],[126.99848,37.55966]]]}},{"type":"Feature","properties":{"h3":"8930e1d881bffff","emd_code":"1114057000","emd_name":"필동","area_km2":0.0725,"edge":false,"slope_mean":10.93,"elev_mean":73.9,"flood_hist_n":1,"flood_depth_max_m":0.3,"flood_risk_100y":null,"semi_basement_r":null,"elderly_alone_r":0.1359,"bldg_age30_r":null,"shelter_min_walk":9,"pop":4307,"hh":2825,"elderly65_r":0.2257,"single_hh_r":0.6952,"source_level":"emd","flood_years":[2010]},"geometry":{"type":"Polygon","coordinates":[[[126.99554,37.55575],[126.99479,37.55727],[126.99306,37.55748],[126.99208,37.55618],[126.99282,37.55466],[126.99455,37.55444],[126.99554,37.55575]]]}},{"type":"Feature","properties":{"h3":"8930e1d8823ffff","emd_code":"1114058000","emd_name":"장충동","area_km2":0.0725,"edge":false,"slope_mean":10.19,"elev_mean":45.8,"flood_hist_n":0,"flood_depth_max_m":null,"flood_risk_100y":null,"semi_basement_r":null,"elderly_alone_r":0.1078,"bldg_age30_r":null,"shelter_min_walk":3,"pop":4570,"hh":2950,"elderly65_r":0.2127,"single_hh_r":0.698,"source_level":"emd","flood_years":[]},"geometry":{"type":"Polygon","coordinates":[[[127.00614,37.55728],[127.0054,37.5588],[127.00367,37.55901],[127.00269,37.55771],[127.00343,37.55619],[127.00516,37.55597],[127.00614,37.55728]]]}},{"type":"Feature","properties":{"h3":"8930e1d8827ffff","emd_code":"1114058000","emd_name":"장충동","area_km2":0.0725,"edge":false,"slope_mean":8.18,"elev_mean":48.7,"flood_hist_n":0,"flood_depth_max_m":null,"flood_risk_100y":null,"semi_basement_r":null,"elderly_alone_r":0.1078,"bldg_age30_r":null,"shelter_min_walk":2,"pop":4570,"hh":2950,"elderly65_r":0.2127,"single_hh_r":0.698,"source_level":"emd","flood_years":[]},"geometry":{"type":"Polygon","coordinates":[[[127.00886,37.55837],[127.00811,37.55989],[127.00638,37.5601],[127.0054,37.5588],[127.00614,37.55728],[127.00787,37.55706],[127.00886,37.55837]]]}},{"type":"Feature","properties":{"h3":"8930e1d882bffff","emd_code":"1114058000","emd_name":"장충동","area_km2":0.0725,"edge":false,"slope_mean":11.61,"elev_mean":74.4,"flood_hist_n":1,"flood_depth_max_m":0.3,"flood_risk_100y":null,"semi_basement_r":null,"elderly_alone_r":0.1078,"bldg_age30_r":null,"shelter_min_walk":7,"pop":4570,"hh":2950,"elderly65_r":0.2127,"single_hh_r":0.698,"source_level":"emd","flood_years":[2012]},"geometry":{"type":"Polygon","coordinates":[[[127.00591,37.55445],[127.00516,37.55597],[127.00343,37.55619],[127.00245,37.55488],[127.0032,37.55336],[127.00493,37.55315],[127.00591,37.55445]]]}},{"type":"Feature","properties":{"h3":"8930e1d882fffff","emd_code":"1114062500","emd_name":"다산동","area_km2":0.0725,"edge":false,"slope_mean":10.34,"elev_mean":63.2,"flood_hist_n":1,"flood_depth_max_m":0.3,"flood_risk_100y":null,"semi_basement_r":null,"elderly_alone_r":0.1375,"bldg_age30_r":null,"shelter_min_walk":5,"pop":12833,"hh":6707,"elderly65_r":0.2545,"single_hh_r":0.4975,"source_level":"emd","flood_years":[2012]},"geometry":{"type":"Polygon","coordinates":[[[127.00862,37.55554],[127.00787,37.55706],[127.00614,37.55728],[127.00516,37.55597],[127.00591,37.55445],[127.00764,37.55424],[127.00862,37.55554]]]}},{"type":"Feature","properties":{"h3":"8930e1d8833ffff","emd_code":"1114058000","emd_name":"장충동","area_km2":0.0725,"edge":false,"slope_mean":9.93,"elev_mean":61.0,"flood_hist_n":1,"flood_depth_max_m":0.2,"flood_risk_100y":null,"semi_basement_r":null,"elderly_alone_r":0.1078,"bldg_age30_r":null,"shelter_min_walk":2,"pop":4570,"hh":2950,"elderly65_r":0.2127,"single_hh_r":0.698,"source_level":"emd","flood_years":[2022]},"geometry":{"type":"Polygon","coordinates":[[[127.00367,37.55901],[127.00292,37.56053],[127.00119,37.56075],[127.00021,37.55944],[127.00096,37.55792],[127.00269,37.55771],[127.00367,37.55901]]]}},{"type":"Feature","properties":{"h3":"8930e1d8837ffff","emd_code":"1114058000","emd_name":"장충동","area_km2":0.0725,"edge":false,"slope_mean":6.7,"elev_mean":38.6,"flood_hist_n":0,"flood_depth_max_m":null,"flood_risk_100y":null,"semi_basement_r":null,"elderly_alone_r":0.1078,"bldg_age30_r":null,"shelter_min_walk":2,"pop":4570,"hh":2950,"elderly65_r":0.2127,"single_hh_r":0.698,"source_level":"emd","flood_years":[]},"geometry":{"type":"Polygon","coordinates":[[[127.00638,37.5601],[127.00563,37.56162],[127.0039,37.56184],[127.00292,37.56053],[127.00367,37.55901],[127.0054,37.5588],[127.00638,37.5601]]]}},{"type":"Feature","properties":{"h3":"8930e1d883bffff","emd_code":"1114057000","emd_name":"필동","area_km2":0.0725,"edge":false,"slope_mean":12.17,"elev_mean":73.1,"flood_hist_n":0,"flood_depth_max_m":null,"flood_risk_100y":null,"semi_basement_r":null,"elderly_alone_r":0.1359,"bldg_age30_r":null,"shelter_min_walk":6,"pop":4307,"hh":2825,"elderly65_r":0.2257,"single_hh_r":0.6952,"source_level":"emd","flood_years":[]},"geometry":{"type":"Polygon","coordinates":[[[127.00343,37.55619],[127.00269,37.55771],[127.00096,37.55792],[126.99997,37.55662],[127.00072,37.5551],[127.00245,37.55488],[127.00343,37.55619]]]}},{"type":"Feature","properties":{"h3":"8930e1d8843ffff","emd_code":"1114058000","emd_name":"장충동","area_km2":0.0725,"edge":false,"slope_mean":17.82,"elev_mean":199.1,"flood_hist_n":0,"flood_depth_max_m":null,"flood_risk_100y":null,"semi_basement_r":null,"elderly_alone_r":0.1078,"bldg_age30_r":null,"shelter_min_walk":7,"pop":4570,"hh":2950,"elderly65_r":0.2127,"single_hh_r":0.698,"source_level":"emd","flood_years":[]},"geometry":{"type":"Polygon","coordinates":[[[126.99507,37.5501],[126.99432,37.55162],[126.99259,37.55183],[126.99161,37.55053],[126.99236,37.54901],[126.99409,37.54879],[126.99507,37.5501]]]}},{"type":"Feature","properties":{"h3":"8930e1d8847ffff","emd_code":"1114058000","emd_name":"장충동","area_km2":0.0725,"edge":false,"slope_mean":15.8,"elev_mean":134.0,"flood_hist_n":0,"flood_depth_max_m":null,"flood_risk_100y":null,"semi_basement_r":null,"elderly_alone_r":0.1078,"bldg_age30_r":null,"shelter_min_walk":6,"pop":4570,"hh":2950,"elderly65_r":0.2127,"single_hh_r":0.698,"source_level":"emd","flood_years":[]},"geometry":{"type":"Polygon","coordinates":[[[126.99778,37.55119],[126.99703,37.55271],[126.9953,37.55292],[126.99432,37.55162],[126.99507,37.5501],[126.9968,37.54988],[126.99778,37.55119]]]}},{"type":"Feature","properties":{"h3":"8930e1d884bffff","emd_code":"1114058000","emd_name":"장충동","area_km2":0.0725,"edge":true,"slope_mean":18.14,"elev_mean":215.6,"flood_hist_n":0,"flood_depth_max_m":null,"flood_risk_100y":null,"semi_basement_r":null,"elderly_alone_r":0.1078,"bldg_age30_r":null,"shelter_min_walk":9,"pop":4570,"hh":2950,"elderly65_r":0.2127,"single_hh_r":0.698,"source_level":"emd","flood_years":[]},"geometry":{"type":"Polygon","coordinates":[[[126.99484,37.54727],[126.99409,37.54879],[126.99236,37.54901],[126.99138,37.54771],[126.99213,37.54619],[126.99386,37.54597],[126.99484,37.54727]]]}},{"type":"Feature","properties":{"h3":"8930e1d884fffff","emd_code":"1114058000","emd_name":"장충동","area_km2":0.0725,"edge":false,"slope_mean":18.6,"elev_mean":219.5,"flood_hist_n":0,"flood_depth_max_m":null,"flood_risk_100y":null,"semi_basement_r":null,"elderly_alone_r":0.1078,"bldg_age30_r":null,"shelter_min_walk":8,"pop":4570,"hh":2950,"elderly65_r":0.2127,"single_hh_r":0.698,"source_level":"emd","flood_years":[]},"geometry":{"type":"Polygon","coordinates":[[[126.99755,37.54836],[126.9968,37.54988],[126.99507,37.5501],[126.99409,37.54879],[126.99484,37.54727],[126.99656,37.54706],[126.99755,37.54836]]]}},{"type":"Feature","properties":{"h3":"8930e1d8853ffff","emd_code":"1114057000","emd_name":"필동","area_km2":0.0725,"edge":false,"slope_mean":21.05,"elev_mean":201.4,"flood_hist_n":0,"flood_depth_max_m":null,"flood_risk_100y":null,"semi_basement_r":null,"elderly_alone_r":0.1359,"bldg_age30_r":null,"shelter_min_walk":4,"pop":4307,"hh":2825,"elderly65_r":0.2257,"single_hh_r":0.6952,"source_level":"emd","flood_years":[]},"geometry":{"type":"Polygon","coordinates":[[[126.99259,37.55183],[126.99184,37.55335],[126.99011,37.55357],[126.98913,37.55226],[126.98988,37.55074],[126.99161,37.55053],[126.99259,37.55183]]]}},{"type":"Feature","properties":{"h3":"8930e1d8857ffff","emd_code":"1114057000","emd_name":"필동","area_km2":0.0725,"edge":false,"slope_mean":15.99,"elev_mean":122.7,"flood_hist_n":0,"flood_depth_max_m":null,"flood_risk_100y":null,"semi_basement_r":null,"elderly_alone_r":0.1359,"bldg_age30_r":null,"shelter_min_walk":8,"pop":4307,"hh":2825,"elderly65_r":0.2257,"single_hh_r":0.6952,"source_level":"emd","flood_years":[]},"geometry":{"type":"Polygon","coordinates":[[[126.9953,37.55292],[126.99455,37.55444],[126.99282,37.55466],[126.99184,37.55335],[126.99259,37.55183],[126.99432,37.55162],[126.9953,37.55292]]]}},{"type":"Feature","properties":{"h3":"8930e1d885bffff","emd_code":"1114057000","emd_name":"필동","area_km2":0.0725,"edge":true,"slope_mean":13.66,"elev_mean":201.4,"flood_hist_n":0,"flood_depth_max_m":null,"flood_risk_100y":null,"semi_basement_r":null,"elderly_alone_r":0.1359,"bldg_age30_r":null,"shelter_min_walk":5,"pop":4307,"hh":2825,"elderly65_r":0.2257,"single_hh_r":0.6952,"source_level":"emd","flood_years":[]},"geometry":{"type":"Polygon","coordinates":[[[126.99236,37.54901],[126.99161,37.55053],[126.98988,37.55074],[126.9889,37.54944],[126.98965,37.54792],[126.99138,37.54771],[126.99236,37.54901]]]}},{"type":"Feature","properties":{"h3":"8930e1d8863ffff","emd_code":"1114058000","emd_name":"장충동","area_km2":0.0725,"edge":false,"slope_mean":8.95,"elev_mean":101.7,"flood_hist_n":0,"flood_depth_max_m":null,"flood_risk_100y":null,"semi_basement_r":null,"elderly_alone_r":0.1078,"bldg_age30_r":null,"shelter_min_walk":1,"pop":4570,"hh":2950,"elderly65_r":0.2127,"single_hh_r":0.698,"source_level":"emd","flood_years":[]},"geometry":{"type":"Polygon","coordinates":[[[127.00297,37.55054],[127.00222,37.55206],[127.00049,37.55228],[126.99951,37.55097],[127.00026,37.54945],[127.00199,37.54924],[127.00297,37.55054]]]}},{"type":"Feature","properties":{"h3":"8930e1d8867ffff","emd_code":"1114058000","emd_name":"장충동","area_km2":0.0725,"edge":false,"slope_mean":10.17,"elev_mean":88.8,"flood_hist_n":0,"flood_depth_max_m":null,"flood_risk_100y":null,"semi_basement_r":null,"elderly_alone_r":0.1078,"bldg_age30_r":null,"shelter_min_walk":4,"pop":4570,"hh":2950,"elderly65_r":0.2127,"single_hh_r":0.698,"source_level":"emd","flood_years":[]},"geometry":{"type":"Polygon","coordinates":[[[127.00568,37.55163],[127.00493,37.55315],[127.0032,37.55336],[127.00222,37.55206],[127.00297,37.55054],[127.0047,37.55032],[127.00568,37.55163]]]}},{"type":"Feature","properties":{"h3":"8930e1d886fffff","emd_code":"1114062500","emd_name":"다산동","area_km2":0.0725,"edge":true,"slope_mean":11.68,"elev_mean":98.1,"flood_hist_n":0,"flood_depth_max_m":null,"flood_risk_100y":null,"semi_basement_r":null,"elderly_alone_r":0.1375,"bldg_age30_r":null,"shelter_min_walk":5,"pop":12833,"hh":6707,"elderly65_r":0.2545,"single_hh_r":0.4975,"source_level":"emd","flood_years":[]},"geometry":{"type":"Polygon","coordinates":[[[127.00544,37.5488],[127.0047,37.55032],[127.00297,37.55054],[127.00199,37.54924],[127.00273,37.54772],[127.00446,37.5475],[127.00544,37.5488]]]}},{"type":"Feature","properties":{"h3":"8930e1d8873ffff","emd_code":"1114058000","emd_name":"장충동","area_km2":0.0725,"edge":false,"slope_mean":11.96,"elev_mean":108.9,"flood_hist_n":0,"flood_depth_max_m":null,"flood_risk_100y":null,"semi_basement_r":null,"elderly_alone_r":0.1078,"bldg_age30_r":null,"shelter_min_walk":4,"pop":4570,"hh":2950,"elderly65_r":0.2127,"single_hh_r":0.698,"source_level":"emd","flood_years":[]},"geometry":{"type":"Polygon","coordinates":[[[127.00049,37.55228],[126.99974,37.5538],[126.99801,37.55401],[126.99703,37.55271],[126.99778,37.55119],[126.99951,37.55097],[127.00049,37.55228]]]}},{"type":"Feature","properties":{"h3":"8930e1d8877ffff","emd_code":"1114058000","emd_name":"장충동","area_km2":0.0725,"edge":false,"slope_mean":10.09,"elev_mean":82.6,"flood_hist_n":0,"flood_depth_max_m":null,"flood_risk_100y":null,"semi_basement_r":null,"elderly_alone_r":0.1078,"bldg_age30_r":null,"shelter_min_walk":4,"pop":4570,"hh":2950,"elderly65_r":0.2127,"single_hh_r":0.698,"source_level":"emd","flood_years":[]},"geometry":{"type":"Polygon","coordinates":[[[127.0032,37.55336],[127.00245,37.55488],[127.00072,37.5551],[126.99974,37.5538],[127.00049,37.55228],[127.00222,37.55206],[127.0032,37.55336]]]}},{"type":"Feature","properties":{"h3":"8930e1d887bffff","emd_code":"1114058000","emd_name":"장충동","area_km2":0.0725,"edge":true,"slope_mean":17.18,"elev_mean":135.3,"flood_hist_n":0,"flood_depth_max_m":null,"flood_risk_100y":null,"semi_basement_r":null,"elderly_alone_r":0.1078,"bldg_age30_r":null,"shelter_min_walk":4,"pop":4570,"hh":2950,"elderly65_r":0.2127,"single_hh_r":0.698,"source_level":"emd","flood_years":[]},"geometry":{"type":"Polygon","coordinates":[[[127.00026,37.54945],[126.99951,37.55097],[126.99778,37.55119],[126.9968,37.54988],[126.99755,37.54836],[126.99928,37.54815],[127.00026,37.54945]]]}},{"type":"Feature","properties":{"h3":"8930e1d8883ffff","emd_code":"1114060500","emd_name":"을지로동","area_km2":0.0725,"edge":false,"slope_mean":5.31,"elev_mean":36.1,"flood_hist_n":0,"flood_depth_max_m":null,"flood_risk_100y":null,"semi_basement_r":null,"elderly_alone_r":0.1484,"bldg_age30_r":null,"shelter_min_walk":2,"pop":3033,"hh":2062,"elderly65_r":0.1711,"single_hh_r":0.6979,"source_level":"emd","flood_years":[]},"geometry":{"type":"Polygon","coordinates":[[[126.99352,37.56313],[126.99278,37.56465],[126.99105,37.56486],[126.99007,37.56356],[126.99081,37.56204],[126.99254,37.56182],[126.99352,37.56313]]]}},{"type":"Feature","properties":{"h3":"8930e1d8887ffff","emd_code":"1114060500","emd_name":"을지로동","area_km2":0.0725,"edge":false,"slope_mean":3.96,"elev_mean":32.6,"flood_hist_n":0,"flood_depth_max_m":null,"flood_risk_100y":null,"semi_basement_r":null,"elderly_alone_r":0.1484,"bldg_age30_r":null,"shelter_min_walk":4,"pop":3033,"hh":2062,"elderly65_r":0.1711,"single_hh_r":0.6979,"source_level":"emd","flood_years":[]},"geometry":{"type":"Polygon","coordinates":[[[126.99623,37.56422],[126.99549,37.56574],[126.99376,37.56595],[126.99278,37.56465],[126.99352,37.56313],[126.99525,37.56291],[126.99623,37.56422]]]}},{"type":"Feature","properties":{"h3":"8930e1d888bffff","emd_code":"1114057000","emd_name":"필동","area_km2":0.0725,"edge":false,"slope_mean":8.24,"elev_mean":46.1,"flood_hist_n":1,"flood_depth_max_m":0.3,"flood_risk_100y":null,"semi_basement_r":null,"elderly_alone_r":0.1359,"bldg_age30_r":null,"shelter_min_walk":3,"pop":4307,"hh":2825,"elderly65_r":0.2257,"single_hh_r":0.6952,"source_level":"emd","flood_years":[2010]},"geometry":{"type":"Polygon","coordinates":[[[126.99329,37.5603],[126.99254,37.56182],[126.99081,37.56204],[126.98983,37.56073],[126.99058,37.55922],[126.99231,37.559],[126.99329,37.5603]]]}},{"type":"Feature","properties":{"h3":"8930e1d888fffff","emd_code":"1114057000","emd_name":"필동","area_km2":0.0725,"edge":false,"slope_mean":5.1,"elev_mean":38.4,"flood_hist_n":0,"flood_depth_max_m":null,"flood_risk_100y":null,"semi_basement_r":null,"elderly_alone_r":0.1359,"bldg_age30_r":null,"shelter_min_walk":1,"pop":4307,"hh":2825,"elderly65_r":0.2257,"single_hh_r":0.6952,"source_level":"emd","flood_years":[]},"geometry":{"type":"Polygon","coordinates":[[[126.996,37.56139],[126.99525,37.56291],[126.99352,37.56313],[126.99254,37.56182],[126.99329,37.5603],[126.99502,37.56009],[126.996,37.56139]]]}},{"type":"Feature","properties":{"h3":"8930e1d8893ffff","emd_code":"1114060500","emd_name":"을지로동","area_km2":0.0725,"edge":false,"slope_mean":7.2,"elev_mean":33.2,"flood_hist_n":0,"flood_depth_max_m":null,"flood_risk_100y":null,"semi_basement_r":null,"elderly_alone_r":0.1484,"bldg_age30_r":null,"shelter_min_walk":2,"pop":3033,"hh":2062,"elderly65_r":0.1711,"single_hh_r":0.6979,"source_level":"emd","flood_years":[]},"geometry":{"type":"Polygon","coordinates":[[[126.99105,37.56486],[126.9903,37.56638],[126.98857,37.5666],[126.98759,37.56529],[126.98834,37.56377],[126.99007,37.56356],[126.99105,37.56486]]]}},{"type":"Feature","properties":{"h3":"8930e1d8897ffff","emd_code":"1114060500","emd_name":"을지로동","area_km2":0.0725,"edge":false,"slope_mean":4.07,"elev_mean":31.4,"flood_hist_n":0,"flood_depth_max_m":null,"flood_risk_100y":null,"semi_basement_r":null,"elderly_alone_r":0.1484,"bldg_age30_r":null,"shelter_min_walk":1,"pop":3033,"hh":2062,"elderly65_r":0.1711,"single_hh_r":0.6979,"source_level":"emd","flood_years":[]},"geometry":{"type":"Polygon","coordinates":[[[126.99376,37.56595],[126.99301,37.56747],[126.99128,37.56769],[126.9903,37.56638],[126.99105,37.56486],[126.99278,37.56465],[126.99376,37.56595]]]}},{"type":"Feature","properties":{"h3":"8930e1d889bffff","emd_code":"1114055000","emd_name":"명동","area_km2":0.0725,"edge":false,"slope_mean":7.51,"elev_mean":45.7,"flood_hist_n":0,"flood_depth_max_m":null,"flood_risk_100y":null,"semi_basement_r":null,"elderly_alone_r":0.1536,"bldg_age30_r":null,"shelter_min_walk":1,"pop":2484,"hh":1315,"elderly65_r":0.3019,"single_hh_r":0.6882,"source_level":"emd","flood_years":[]},"geometry":{"type":"Polygon","coordinates":[[[126.99081,37.56204],[126.99007,37.56356],[126.98834,37.56377],[126.98736,37.56247],[126.9881,37.56095],[126.98983,37.56073],[126.99081,37.56204]]]}},{"type":"Feature","properties":{"h3":"8930e1d88a3ffff","emd_code":"1114059000","emd_name":"광희동","area_km2":0.0725,"edge":false,"slope_mean":3.84,"elev_mean":33.1,"flood_hist_n":0,"flood_depth_max_m":null,"flood_risk_100y":null,"semi_basement_r":null,"elderly_alone_r":0.1351,"bldg_age30_r":null,"shelter_min_walk":1,"pop":5718,"hh":3976,"elderly65_r":0.2235,"single_hh_r":0.7394,"source_level":"emd","flood_years":[]},"geometry":{"type":"Polygon","coordinates":[[[127.00142,37.56357],[127.00067,37.56509],[126.99895,37.56531],[126.99796,37.564],[126.99871,37.56248],[127.00044,37.56227],[127.00142,37.56357]]]}},{"type":"Feature","properties":{"h3":"8930e1d88a7ffff","emd_code":"1114059000","emd_name":"광희동","area_km2":0.0725,"edge":false,"slope_mean":6.61,"elev_mean":30.2,"flood_hist_n":0,"flood_depth_max_m":null,"flood_risk_100y":null,"semi_basement_r":null,"elderly_alone_r":0.1351,"bldg_age30_r":null,"shelter_min_walk":3,"pop":5718,"hh":3976,"elderly65_r":0.2235,"single_hh_r":0.7394,"source_level":"emd","flood_years":[]},"geometry":{"type":"Polygon","coordinates":[[[127.00413,37.56466],[127.00339,37.56618],[127.00166,37.5664],[127.00067,37.56509],[127.00142,37.56357],[127.00315,37.56336],[127.00413,37.56466]]]}},{"type":"Feature","properties":{"h3":"8930e1d88abffff","emd_code":"1114057000","emd_name":"필동","area_km2":0.0725,"edge":false,"slope_mean":9.4,"elev_mean":49.8,"flood_hist_n":0,"flood_depth_max_m":null,"flood_risk_100y":null,"semi_basement_r":null,"elderly_alone_r":0.1359,"bldg_age30_r":null,"shelter_min_walk":4,"pop":4307,"hh":2825,"elderly65_r":0.2257,"single_hh_r":0.6952,"source_level":"emd","flood_years":[]},"geometry":{"type":"Polygon","coordinates":[[[127.00119,37.56075],[127.00044,37.56227],[126.99871,37.56248],[126.99773,37.56118],[126.99848,37.55966],[127.00021,37.55944],[127.00119,37.56075]]]}},{"type":"Feature","properties":{"h3":"8930e1d88afffff","emd_code":"1114058000","emd_name":"장충동","area_km2":0.0725,"edge":false,"slope_mean":6.11,"elev_mean":38.1,"flood_hist_n":0,"flood_depth_max_m":null,"flood_risk_100y":null,"semi_basement_r":null,"elderly_alone_r":0.1078,"bldg_age30_r":null,"shelter_min_walk":3,"pop":4570,"hh":2950,"elderly65_r":0.2127,"single_hh_r":0.698,"source_level":"emd","flood_years":[]},"geometry":{"type":"Polygon","coordinates":[[[127.0039,37.56184],[127.00315,37.56336],[127.00142,37.56357],[127.00044,37.56227],[127.00119,37.56075],[127.00292,37.56053],[127.0039,37.56184]]]}},{"type":"Feature","properties":{"h3":"8930e1d88b3ffff","emd_code":"1114060500","emd_name":"을지로동","area_km2":0.0725,"edge":false,"slope_mean":3.73,"elev_mean":30.4,"flood_hist_n":0,"flood_depth_max_m":null,"flood_risk_100y":null,"semi_basement_r":null,"elderly_alone_r":0.1484,"bldg_age30_r":null,"shelter_min_walk":2,"pop":3033,"hh":2062,"elderly65_r":0.1711,"single_hh_r":0.6979,"source_level":"emd","flood_years":[]},"geometry":{"type":"Polygon","coordinates":[[[126.99895,37.56531],[126.9982,37.56683],[126.99647,37.56704],[126.99549,37.56574],[126.99623,37.56422],[126.99796,37.564],[126.99895,37.56531]]]}},{"type":"Feature","properties":{"h3":"8930e1d88b7ffff","emd_code":"1114060500","emd_name":"을지로동","area_km2":0.0725,"edge":false,"slope_mean":3.44,"elev_mean":28.9,"flood_hist_n":0,"flood_depth_max_m":null,"flood_risk_100y":null,"semi_basement_r":null,"elderly_alone_r":0.1484,"bldg_age30_r":null,"shelter_min_walk":3,"pop":3033,"hh":2062,"elderly65_r":0.1711,"single_hh_r":0.6979,"source_level":"emd","flood_years":[]},"geometry":{"type":"Polygon","coordinates":[[[127.00166,37.5664],[127.00091,37.56792],[126.99918,37.56813],[126.9982,37.56683],[126.99895,37.56531],[127.00067,37.56509],[127.00166,37.5664]]]}},{"type":"Feature","properties":{"h3":"8930e1d88bbffff","emd_code":"1114059000","emd_name":"광희동","area_km2":0.0725,"edge":false,"slope_mean":5.51,"elev_mean":35.7,"flood_hist_n":1,"flood_depth_max_m":0.2,"flood_risk_100y":null,"semi_basement_r":null,"elderly_alone_r":0.1351,"bldg_age30_r":null,"shelter_min_walk":3,"pop":5718,"hh":3976,"elderly65_r":0.2235,"single_hh_r":0.7394,"source_level":"emd","flood_years":[2024]},"geometry":{"type":"Polygon","coordinates":[[[126.99871,37.56248],[126.99796,37.564],[126.99623,37.56422],[126.99525,37.56291],[126.996,37.56139],[126.99773,37.56118],[126.99871,37.56248]]]}},{"type":"Feature","properties":{"h3":"8930e1d88c3ffff","emd_code":"1114057000","emd_name":"필동","area_km2":0.0725,"edge":false,"slope_mean":15.36,"elev_mean":108.6,"flood_hist_n":0,"flood_depth_max_m":null,"flood_risk_100y":null,"semi_basement_r":null,"elderly_alone_r":0.1359,"bldg_age30_r":null,"shelter_min_walk":8,"pop":4307,"hh":2825,"elderly65_r":0.2257,"single_hh_r":0.6952,"source_level":"emd","flood_years":[]},"geometry":{"type":"Polygon","coordinates":[[[126.99035,37.55639],[126.9896,37.55791],[126.98787,37.55813],[126.98689,37.55682],[126.98764,37.5553],[126.98937,37.55509],[126.99035,37.55639]]]}},{"type":"Feature","properties":{"h3":"8930e1d88c7ffff","emd_code":"1114057000","emd_name":"필동","area_km2":0.0725,"edge":false,"slope_mean":14.0,"elev_mean":86.8,"flood_hist_n":0,"flood_depth_max_m":null,"flood_risk_100y":null,"semi_basement_r":null,"elderly_alone_r":0.1359,"bldg_age30_r":null,"shelter_min_walk":7,"pop":4307,"hh":2825,"elderly65_r":0.2257,"single_hh_r":0.6952,"source_level":"emd","flood_years":[]},"geometry":{"type":"Polygon","coordinates":[[[126.99306,37.55748],[126.99231,37.559],[126.99058,37.55922],[126.9896,37.55791],[126.99035,37.55639],[126.99208,37.55618],[126.99306,37.55748]]]}},{"type":"Feature","properties":{"h3":"8930e1d88cbffff","emd_code":"1114057000","emd_name":"필동","area_km2":0.0725,"edge":false,"slope_mean":22.79,"elev_mean":182.0,"flood_hist_n":0,"flood_depth_max_m":null,"flood_risk_100y":null,"semi_basement_r":null,"elderly_alone_r":0.1359,"bldg_age30_r":null,"shelter_min_walk":5,"pop":4307,"hh":2825,"elderly65_r":0.2257,"single_hh_r":0.6952,"source_level":"emd","flood_years":[]},"geometry":{"type":"Polygon","coordinates":[[[126.99011,37.55357],[126.98937,37.55509],[126.98764,37.5553],[126.98666,37.554],[126.98741,37.55248],[126.98913,37.55226],[126.99011,37.55357]]]}},{"type":"Feature","properties":{"h3":"8930e1d88cfffff","emd_code":"1114057000","emd_name":"필동","area_km2":0.0725,"edge":false,"slope_mean":15.71,"elev_mean":126.8,"flood_hist_n":0,"flood_depth_max_m":null,"flood_risk_100y":null,"semi_basement_r":null,"elderly_alone_r":0.1359,"bldg_age30_r":null,"shelter_min_walk":8,"pop":4307,"hh":2825,"elderly65_r":0.2257,"single_hh_r":0.6952,"source_level":"emd","flood_years":[]},"geometry":{"type":"Polygon","coordinates":[[[126.99282,37.55466],[126.99208,37.55618],[126.99035,37.55639],[126.98937,37.55509],[126.99011,37.55357],[126.99184,37.55335],[126.99282,37.55466]]]}},{"type":"Feature","properties":{"h3":"8930e1d88d3ffff","emd_code":"1114055000","emd_name":"명동","area_km2":0.0725,"edge":false,"slope_mean":9.31,"elev_mean":64.3,"flood_hist_n":0,"flood_depth_max_m":null,"flood_risk_100y":null,"semi_basement_r":null,"elderly_alone_r":0.1536,"bldg_age30_r":null,"shelter_min_walk":4,"pop":2484,"hh":1315,"elderly65_r":0.3019,"single_hh_r":0.6882,"source_level":"emd","flood_years":[]},"geometry":{"type":"Polygon","coordinates":[[[126.98787,37.55813],[126.98712,37.55965],[126.98539,37.55986],[126.98441,37.55856],[126.98516,37.55704],[126.98689,37.55682],[126.98787,37.55813]]]}},{"type":"Feature","properties":{"h3":"8930e1d88d7ffff","emd_code":"1114057000","emd_name":"필동","area_km2":0.0725,"edge":false,"slope_mean":9.15,"elev_mean":60.1,"flood_hist_n":0,"flood_depth_max_m":null,"flood_risk_100y":null,"semi_basement_r":null,"elderly_alone_r":0.1359,"bldg_age30_r":null,"shelter_min_walk":5,"pop":4307,"hh":2825,"elderly65_r":0.2257,"single_hh_r":0.6952,"source_level":"emd","flood_years":[]},"geometry":{"type":"Polygon","coordinates":[[[126.99058,37.55922],[126.98983,37.56073],[126.9881,37.56095],[126.98712,37.55965],[126.98787,37.55813],[126.9896,37.55791],[126.99058,37.55922]]]}},{"type":"Feature","properties":{"h3":"8930e1d88dbffff","emd_code":"1114057000","emd_name":"필동","area_km2":0.0725,"edge":false,"slope_mean":19.9,"elev_mean":122.3,"flood_hist_n":0,"flood_depth_max_m":null,"flood_risk_100y":null,"semi_basement_r":null,"elderly_alone_r":0.1359,"bldg_age30_r":null,"shelter_min_walk":6,"pop":4307,"hh":2825,"elderly65_r":0.2257,"single_hh_r":0.6952,"source_level":"emd","flood_years":[]},"geometry":{"type":"Polygon","coordinates":[[[126.98764,37.5553],[126.98689,37.55682],[126.98516,37.55704],[126.98418,37.55573],[126.98493,37.55421],[126.98666,37.554],[126.98764,37.5553]]]}},{"type":"Feature","properties":{"h3":"8930e1d8903ffff","emd_code":"1114061500","emd_name":"신당동","area_km2":0.0726,"edge":false,"slope_mean":5.35,"elev_mean":27.2,"flood_hist_n":0,"flood_depth_max_m":null,"flood_risk_100y":null,"semi_basement_r":null,"elderly_alone_r":0.1554,"bldg_age30_r":null,"shelter_min_walk":3,"pop":7258,"hh":4671,"elderly65_r":0.2399,"single_hh_r":0.6692,"source_level":"emd","flood_years":[]},"geometry":{"type":"Polygon","coordinates":[[[127.01722,37.56446],[127.01648,37.56598],[127.01475,37.56619],[127.01376,37.56489],[127.01451,37.56337],[127.01624,37.56315],[127.01722,37.56446]]]}},{"type":"Feature","properties":{"h3":"8930e1d8907ffff","emd_code":"1114067000","emd_name":"황학동","area_km2":0.0726,"edge":false,"slope_mean":3.35,"elev_mean":26.4,"flood_hist_n":0,"flood_depth_max_m":null,"flood_risk_100y":null,"semi_basement_r":null,"elderly_alone_r":0.1073,"bldg_age30_r":null,"shelter_min_walk":2,"pop":13174,"hh":7866,"elderly65_r":0.1834,"single_hh_r":0.5929,"source_level":"emd","flood_years":[]},"geometry":{"type":"Polygon","coordinates":[[[127.01994,37.56555],[127.01919,37.56707],[127.01746,37.56728],[127.01648,37.56598],[127.01722,37.56446],[127.01896,37.56424],[127.01994,37.56555]]]}},{"type":"Feature","properties":{"h3":"8930e1d890bffff","emd_code":"1114066500","emd_name":"동화동","area_km2":0.0726,"edge":false,"slope_mean":4.64,"elev_mean":29.6,"flood_hist_n":3,"flood_depth_max_m":0.5,"flood_risk_100y":null,"semi_basement_r":null,"elderly_alone_r":0.1042,"bldg_age30_r":null,"shelter_min_walk":3,"pop":9737,"hh":3954,"elderly65_r":0.2482,"single_hh_r":0.2785,"source_level":"emd","flood_years":[2010,2011,2012]},"geometry":{"type":"Polygon","coordinates":[[[127.01699,37.56163],[127.01624,37.56315],[127.01451,37.56337],[127.01353,37.56206],[127.01428,37.56054],[127.01601,37.56033],[127.01699,37.56163]]]}},{"type":"Feature","properties":{"h3":"8930e1d890fffff","emd_code":"1114066500","emd_name":"동화동","area_km2":0.0726,"edge":false,"slope_mean":3.98,"elev_mean":30.1,"flood_hist_n":1,"flood_depth_max_m":0.2,"flood_risk_100y":null,"semi_basement_r":null,"elderly_alone_r":0.1042,"bldg_age30_r":null,"shelter_min_walk":1,"pop":9737,"hh":3954,"elderly65_r":0.2482,"single_hh_r":0.2785,"source_level":"emd","flood_years":[2022]},"geometry":{"type":"Polygon","coordinates":[[[127.0197,37.56272],[127.01896,37.56424],[127.01722,37.56446],[127.01624,37.56315],[127.01699,37.56163],[127.01872,37.56142],[127.0197,37.56272]]]}},{"type":"Feature","properties":{"h3":"8930e1d8913ffff","emd_code":"1114061500","emd_name":"신당동","area_km2":0.0726,"edge":false,"slope_mean":9.42,"elev_mean":31.5,"flood_hist_n":0,"flood_depth_max_m":null,"flood_risk_100y":null,"semi_basement_r":null,"elderly_alone_r":0.1554,"bldg_age30_r":null,"shelter_min_walk":3,"pop":7258,"hh":4671,"elderly65_r":0.2399,"single_hh_r":0.6692,"source_level":"emd","flood_years":[]},"geometry":{"type":"Polygon","coordinates":[[[127.01475,37.56619],[127.014,37.56771],[127.01227,37.56793],[127.01129,37.56662],[127.01204,37.5651],[127.01376,37.56489],[127.01475,37.56619]]]}},{"type":"Feature","properties":{"h3":"8930e1d8917ffff","emd_code":"1114061500","emd_name":"신당동","area_km2":0.0726,"edge":false,"slope_mean":6.01,"elev_mean":24.2,"flood_hist_n":1,"flood_depth_max_m":0.2,"flood_risk_100y":null,"semi_basement_r":null,"elderly_alone_r":0.1554,"bldg_age30_r":null,"shelter_min_walk":2,"pop":7258,"hh":4671,"elderly65_r":0.2399,"single_hh_r":0.6692,"source_level":"emd","flood_years":[2022]},"geometry":{"type":"Polygon","coordinates":[[[127.01746,37.56728],[127.01671,37.5688],[127.01498,37.56902],[127.014,37.56771],[127.01475,37.56619],[127.01648,37.56598],[127.01746,37.56728]]]}},{"type":"Feature","properties":{"h3":"8930e1d891bffff","emd_code":"1114061500","emd_name":"신당동","area_km2":0.0726,"edge":false,"slope_mean":4.52,"elev_mean":31.9,"flood_hist_n":2,"flood_depth_max_m":0.5,"flood_risk_100y":null,"semi_basement_r":null,"elderly_alone_r":0.1554,"bldg_age30_r":null,"shelter_min_walk":6,"pop":7258,"hh":4671,"elderly65_r":0.2399,"single_hh_r":0.6692,"source_level":"emd","flood_years":[2010,2012]},"geometry":{"type":"Polygon","coordinates":[[[127.01451,37.56337],[127.01376,37.56489],[127.01204,37.5651],[127.01105,37.5638],[127.0118,37.56228],[127.01353,37.56206],[127.01451,37.56337]]]}},{"type":"Feature","properties":{"h3":"8930e1d8923ffff","emd_code":"1114065000","emd_name":"신당5동","area_km2":0.0726,"edge":false,"slope_mean":5.87,"elev_mean":31.5,"flood_hist_n":0,"flood_depth_max_m":null,"flood_risk_100y":null,"semi_basement_r":null,"elderly_alone_r":0.1399,"bldg_age30_r":null,"shelter_min_walk":1,"pop":9974,"hh":5419,"elderly65_r":0.2195,"single_hh_r":0.5268,"source_level":"emd","flood_years":[]},"geometry":{"type":"Polygon","coordinates":[[[127.02513,37.5649],[127.02438,37.56642],[127.02265,37.56663],[127.02167,37.56533],[127.02242,37.56381],[127.02415,37.56359],[127.02513,37.5649]]]}},{"type":"Feature","properties":{"h3":"8930e1d8927ffff","emd_code":"1114065000","emd_name":"신당5동","area_km2":0.0726,"edge":true,"slope_mean":4.35,"elev_mean":25.8,"flood_hist_n":0,"flood_depth_max_m":null,"flood_risk_100y":null,"semi_basement_r":null,"elderly_alone_r":0.1399,"bldg_age30_r":null,"shelter_min_walk":2,"pop":9974,"hh":5419,"elderly65_r":0.2195,"single_hh_r":0.5268,"source_level":"emd","flood_years":[]},"geometry":{"type":"Polygon","coordinates":[[[127.02784,37.56599],[127.02709,37.56751],[127.02536,37.56772],[127.02438,37.56642],[127.02513,37.5649],[127.02686,37.56468],[127.02784,37.56599]]]}},{"type":"Feature","properties":{"h3":"8930e1d892bffff","emd_code":"1114065000","emd_name":"신당5동","area_km2":0.0726,"edge":false,"slope_mean":8.56,"elev_mean":55.9,"flood_hist_n":0,"flood_depth_max_m":null,"flood_risk_100y":null,"semi_basement_r":null,"elderly_alone_r":0.1399,"bldg_age30_r":null,"shelter_min_walk":3,"pop":9974,"hh":5419,"elderly65_r":0.2195,"single_hh_r":0.5268,"source_level":"emd","flood_years":[]},"geometry":{"type":"Polygon","coordinates":[[[127.02489,37.56207],[127.02415,37.56359],[127.02242,37.56381],[127.02143,37.5625],[127.02218,37.56098],[127.02391,37.56077],[127.02489,37.56207]]]}},{"type":"Feature","properties":{"h3":"8930e1d892fffff","emd_code":"1114065000","emd_name":"신당5동","area_km2":0.0726,"edge":false,"slope_mean":11.41,"elev_mean":57.6,"flood_hist_n":0,"flood_depth_max_m":null,"flood_risk_100y":null,"semi_basement_r":null,"elderly_alone_r":0.1399,"bldg_age30_r":null,"shelter_min_walk":3,"pop":9974,"hh":5419,"elderly65_r":0.2195,"single_hh_r":0.5268,"source_level":"emd","flood_years":[]},"geometry":{"type":"Polygon","coordinates":[[[127.02761,37.56316],[127.02686,37.56468],[127.02513,37.5649],[127.02415,37.56359],[127.02489,37.56207],[127.02662,37.56186],[127.02761,37.56316]]]}},{"type":"Feature","properties":{"h3":"8930e1d8933ffff","emd_code":"1114067000","emd_name":"황학동","area_km2":0.0726,"edge":false,"slope_mean":4.97,"elev_mean":31.6,"flood_hist_n":0,"flood_depth_max_m":null,"flood_risk_100y":null,"semi_basement_r":null,"elderly_alone_r":0.1073,"bldg_age30_r":null,"shelter_min_walk":3,"pop":13174,"hh":7866,"elderly65_r":0.1834,"single_hh_r":0.5929,"source_level":"emd","flood_years":[]},"geometry":{"type":"Polygon","coordinates":[[[127.02265,37.56663],[127.0219,37.56815],[127.02017,37.56837],[127.01919,37.56707],[127.01994,37.56555],[127.02167,37.56533],[127.02265,37.56663]]]}},{"type":"Feature","properties":{"h3":"8930e1d8937ffff","emd_code":"1114067000","emd_name":"황학동","area_km2":0.0726,"edge":true,"slope_mean":4.49,"elev_mean":23.1,"flood_hist_n":0,"flood_depth_max_m":null,"flood_risk_100y":null,"semi_basement_r":null,"elderly_alone_r":0.1073,"bldg_age30_r":null,"shelter_min_walk":2,"pop":13174,"hh":7866,"elderly65_r":0.1834,"single_hh_r":0.5929,"source_level":"emd","flood_years":[]},"geometry":{"type":"Polygon","coordinates":[[[127.02536,37.56772],[127.02461,37.56924],[127.02288,37.56946],[127.0219,37.56815],[127.02265,37.56663],[127.02438,37.56642],[127.02536,37.56772]]]}},{"type":"Feature","properties":{"h3":"8930e1d893bffff","emd_code":"1114065000","emd_name":"신당5동","area_km2":0.0726,"edge":false,"slope_mean":3.76,"elev_mean":32.6,"flood_hist_n":0,"flood_depth_max_m":null,"flood_risk_100y":null,"semi_basement_r":null,"elderly_alone_r":0.1399,"bldg_age30_r":null,"shelter_min_walk":3,"pop":9974,"hh":5419,"elderly65_r":0.2195,"single_hh_r":0.5268,"source_level":"emd","flood_years":[]},"geometry":{"type":"Polygon","coordinates":[[[127.02242,37.56381],[127.02167,37.56533],[127.01994,37.56555],[127.01896,37.56424],[127.0197,37.56272],[127.02143,37.5625],[127.02242,37.56381]]]}},{"type":"Feature","properties":{"h3":"8930e1d8943ffff","emd_code":"1114064500","emd_name":"청구동","area_km2":0.0725,"edge":false,"slope_mean":5.76,"elev_mean":33.5,"flood_hist_n":0,"flood_depth_max_m":null,"flood_risk_100y":null,"semi_basement_r":null,"elderly_alone_r":0.1555,"bldg_age30_r":null,"shelter_min_walk":4,"pop":10620,"hh":5030,"elderly65_r":0.2619,"single_hh_r":0.3978,"source_level":"emd","flood_years":[]},"geometry":{"type":"Polygon","coordinates":[[[127.01405,37.55772],[127.0133,37.55924],[127.01157,37.55945],[127.01059,37.55815],[127.01133,37.55663],[127.01306,37.55641],[127.01405,37.55772]]]}},{"type":"Feature","properties":{"h3":"8930e1d8947ffff","emd_code":"1114064500","emd_name":"청구동","area_km2":0.0726,"edge":false,"slope_mean":5.49,"elev_mean":36.2,"flood_hist_n":0,"flood_depth_max_m":null,"flood_risk_100y":null,"semi_basement_r":null,"elderly_alone_r":0.1555,"bldg_age30_r":null,"shelter_min_walk":2,"pop":10620,"hh":5030,"elderly65_r":0.2619,"single_hh_r":0.3978,"source_level":"emd","flood_years":[]},"geometry":{"type":"Polygon","coordinates":[[[127.01676,37.55881],[127.01601,37.56033],[127.01428,37.56054],[127.0133,37.55924],[127.01405,37.55772],[127.01577,37.5575],[127.01676,37.55881]]]}},{"type":"Feature","properties":{"h3":"8930e1d894bffff","emd_code":"1114064500","emd_name":"청구동","area_km2":0.0725,"edge":false,"slope_mean":5.24,"elev_mean":39.6,"flood_hist_n":1,"flood_depth_max_m":0.3,"flood_risk_100y":null,"semi_basement_r":null,"elderly_alone_r":0.1555,"bldg_age30_r":null,"shelter_min_walk":1,"pop":10620,"hh":5030,"elderly65_r":0.2619,"single_hh_r":0.3978,"source_level":"emd","flood_years":[2010]},"geometry":{"type":"Polygon","coordinates":[[[127.01381,37.55489],[127.01306,37.55641],[127.01133,37.55663],[127.01035,37.55533],[127.0111,37.55381],[127.01283,37.55359],[127.01381,37.55489]]]}},{"type":"Feature","properties":{"h3":"8930e1d894fffff","emd_code":"1114064500","emd_name":"청구동","area_km2":0.0726,"edge":false,"slope_mean":8.82,"elev_mean":49.3,"flood_hist_n":0,"flood_depth_max_m":null,"flood_risk_100y":null,"semi_basement_r":null,"elderly_alone_r":0.1555,"bldg_age30_r":null,"shelter_min_walk":4,"pop":10620,"hh":5030,"elderly65_r":0.2619,"single_hh_r":0.3978,"source_level":"emd","flood_years":[]},"geometry":{"type":"Polygon","coordinates":[[[127.01652,37.55598],[127.01577,37.5575],[127.01405,37.55772],[127.01306,37.55641],[127.01381,37.55489],[127.01554,37.55468],[127.01652,37.55598]]]}},{"type":"Feature","properties":{"h3":"8930e1d8953ffff","emd_code":"1114062500","emd_name":"다산동","area_km2":0.0725,"edge":false,"slope_mean":6.84,"elev_mean":47.8,"flood_hist_n":1,"flood_depth_max_m":0.3,"flood_risk_100y":null,"semi_basement_r":null,"elderly_alone_r":0.1375,"bldg_age30_r":null,"shelter_min_walk":5,"pop":12833,"hh":6707,"elderly65_r":0.2545,"single_hh_r":0.4975,"source_level":"emd","flood_years":[2010]},"geometry":{"type":"Polygon","coordinates":[[[127.01157,37.55945],[127.01082,37.56097],[127.00909,37.56119],[127.00811,37.55989],[127.00886,37.55837],[127.01059,37.55815],[127.01157,37.55945]]]}},{"type":"Feature","properties":{"h3":"8930e1d8957ffff","emd_code":"1114061500","emd_name":"신당동","area_km2":0.0725,"edge":false,"slope_mean":3.95,"elev_mean":32.7,"flood_hist_n":1,"flood_depth_max_m":0.3,"flood_risk_100y":null,"semi_basement_r":null,"elderly_alone_r":0.1554,"bldg_age30_r":null,"shelter_min_walk":2,"pop":7258,"hh":4671,"elderly65_r":0.2399,"single_hh_r":0.6692,"source_level":"emd","flood_years":[2012]},"geometry":{"type":"Polygon","coordinates":[[[127.01428,37.56054],[127.01353,37.56206],[127.0118,37.56228],[127.01082,37.56097],[127.01157,37.55945],[127.0133,37.55924],[127.01428,37.56054]]]}},{"type":"Feature","properties":{"h3":"8930e1d895bffff","emd_code":"1114062500","emd_name":"다산동","area_km2":0.0725,"edge":false,"slope_mean":7.93,"elev_mean":45.7,"flood_hist_n":1,"flood_depth_max_m":0.3,"flood_risk_100y":null,"semi_basement_r":null,"elderly_alone_r":0.1375,"bldg_age30_r":null,"shelter_min_walk":4,"pop":12833,"hh":6707,"elderly65_r":0.2545,"single_hh_r":0.4975,"source_level":"emd","flood_years":[2010]},"geometry":{"type":"Polygon","coordinates":[[[127.01133,37.55663],[127.01059,37.55815],[127.00886,37.55837],[127.00787,37.55706],[127.00862,37.55554],[127.01035,37.55533],[127.01133,37.55663]]]}},{"type":"Feature","properties":{"h3":"8930e1d8963ffff","emd_code":"1114066500","emd_name":"동화동","area_km2":0.0726,"edge":false,"slope_mean":11.49,"elev_mean":69.5,"flood_hist_n":1,"flood_depth_max_m":0.3,"flood_risk_100y":null,"semi_basement_r":null,"elderly_alone_r":0.1042,"bldg_age30_r":null,"shelter_min_walk":2,"pop":9737,"hh":3954,"elderly65_r":0.2482,"single_hh_r":0.2785,"source_level":"emd","flood_years":[2011]},"geometry":{"type":"Polygon","coordinates":[[[127.02195,37.55816],[127.0212,37.55968],[127.01947,37.5599],[127.01849,37.55859],[127.01923,37.55707],[127.02096,37.55686],[127.02195,37.55816]]]}},{"type":"Feature","properties":{"h3":"8930e1d8967ffff","emd_code":"1114066500","emd_name":"동화동","area_km2":0.0726,"edge":false,"slope_mean":8.93,"elev_mean":70.2,"flood_hist_n":0,"flood_depth_max_m":null,"flood_risk_100y":null,"semi_basement_r":null,"elderly_alone_r":0.1042,"bldg_age30_r":null,"shelter_min_walk":1,"pop":9737,"hh":3954,"elderly65_r":0.2482,"single_hh_r":0.2785,"source_level":"emd","flood_years":[]},"geometry":{"type":"Polygon","coordinates":[[[127.02466,37.55925],[127.02391,37.56077],[127.02218,37.56098],[127.0212,37.55968],[127.02195,37.55816],[127.02368,37.55794],[127.02466,37.55925]]]}},{"type":"Feature","properties":{"h3":"8930e1d896fffff","emd_code":"1114066500","emd_name":"동화동","area_km2":0.0726,"edge":true,"slope_mean":7.22,"elev_mean":76.6,"flood_hist_n":0,"flood_depth_max_m":null,"flood_risk_100y":null,"semi_basement_r":null,"elderly_alone_r":0.1042,"bldg_age30_r":null,"shelter_min_walk":4,"pop":9737,"hh":3954,"elderly65_r":0.2482,"single_hh_r":0.2785,"source_level":"emd","flood_years":[]},"geometry":{"type":"Polygon","coordinates":[[[127.02442,37.55642],[127.02368,37.55794],[127.02195,37.55816],[127.02096,37.55686],[127.02171,37.55534],[127.02344,37.55512],[127.02442,37.55642]]]}},{"type":"Feature","properties":{"h3":"8930e1d8973ffff","emd_code":"1114066500","emd_name":"동화동","area_km2":0.0726,"edge":false,"slope_mean":7.34,"elev_mean":43.2,"flood_hist_n":1,"flood_depth_max_m":0.2,"flood_risk_100y":null,"semi_basement_r":null,"elderly_alone_r":0.1042,"bldg_age30_r":null,"shelter_min_walk":3,"pop":9737,"hh":3954,"elderly65_r":0.2482,"single_hh_r":0.2785,"source_level":"emd","flood_years":[2022]},"geometry":{"type":"Polygon","coordinates":[[[127.01947,37.5599],[127.01872,37.56142],[127.01699,37.56163],[127.01601,37.56033],[127.01676,37.55881],[127.01849,37.55859],[127.01947,37.5599]]]}},{"type":"Feature","properties":{"h3":"8930e1d8977ffff","emd_code":"1114066500","emd_name":"동화동","area_km2":0.0726,"edge":false,"slope_mean":6.71,"elev_mean":42.8,"flood_hist_n":1,"flood_depth_max_m":0.3,"flood_risk_100y":null,"semi_basement_r":null,"elderly_alone_r":0.1042,"bldg_age30_r":null,"shelter_min_walk":2,"pop":9737,"hh":3954,"elderly65_r":0.2482,"single_hh_r":0.2785,"source_level":"emd","flood_years":[2010]},"geometry":{"type":"Polygon","coordinates":[[[127.02218,37.56098],[127.02143,37.5625],[127.0197,37.56272],[127.01872,37.56142],[127.01947,37.5599],[127.0212,37.55968],[127.02218,37.56098]]]}},{"type":"Feature","properties":{"h3":"8930e1d897bffff","emd_code":"1114064500","emd_name":"청구동","area_km2":0.0726,"edge":false,"slope_mean":12.62,"elev_mean":76.3,"flood_hist_n":0,"flood_depth_max_m":null,"flood_risk_100y":null,"semi_basement_r":null,"elderly_alone_r":0.1555,"bldg_age30_r":null,"shelter_min_walk":2,"pop":10620,"hh":5030,"elderly65_r":0.2619,"single_hh_r":0.3978,"source_level":"emd","flood_years":[]},"geometry":{"type":"Polygon","coordinates":[[[127.01923,37.55707],[127.01849,37.55859],[127.01676,37.55881],[127.01577,37.5575],[127.01652,37.55598],[127.01825,37.55577],[127.01923,37.55707]]]}},{"type":"Feature","properties":{"h3":"8930e1d8983ffff","emd_code":"1114061500","emd_name":"신당동","area_km2":0.0725,"edge":true,"slope_mean":5.35,"elev_mean":24.6,"flood_hist_n":2,"flood_depth_max_m":0.3,"flood_risk_100y":null,"semi_basement_r":null,"elderly_alone_r":0.1554,"bldg_age30_r":null,"shelter_min_walk":1,"pop":7258,"hh":4671,"elderly65_r":0.2399,"single_hh_r":0.6692,"source_level":"emd","flood_years":[2010,2011]},"geometry":{"type":"Polygon","coordinates":[[[127.0125,37.57075],[127.01175,37.57227],[127.01002,37.57249],[127.00904,37.57118],[127.00979,37.56966],[127.01152,37.56945],[127.0125,37.57075]]]}},{"type":"Feature","properties":{"h3":"8930e1d898bffff","emd_code":"1114059000","emd_name":"광희동","area_km2":0.0725,"edge":false,"slope_mean":8.05,"elev_mean":25.6,"flood_hist_n":0,"flood_depth_max_m":null,"flood_risk_100y":null,"semi_basement_r":null,"elderly_alone_r":0.1351,"bldg_age30_r":null,"shelter_min_walk":4,"pop":5718,"hh":3976,"elderly65_r":0.2235,"single_hh_r":0.7394,"source_level":"emd","flood_years":[]},"geometry":{"type":"Polygon","coordinates":[[[127.01227,37.56793],[127.01152,37.56945],[127.00979,37.56966],[127.00881,37.56836],[127.00956,37.56684],[127.01129,37.56662],[127.01227,37.56793]]]}},{"type":"Feature","properties":{"h3":"8930e1d898fffff","emd_code":"1114061500","emd_name":"신당동","area_km2":0.0726,"edge":false,"slope_mean":6.11,"elev_mean":26.1,"flood_hist_n":0,"flood_depth_max_m":null,"flood_risk_100y":null,"semi_basement_r":null,"elderly_alone_r":0.1554,"bldg_age30_r":null,"shelter_min_walk":3,"pop":7258,"hh":4671,"elderly65_r":0.2399,"single_hh_r":0.6692,"source_level":"emd","flood_years":[]},"geometry":{"type":"Polygon","coordinates":[[[127.01498,37.56902],[127.01423,37.57054],[127.0125,37.57075],[127.01152,37.56945],[127.01227,37.56793],[127.014,37.56771],[127.01498,37.56902]]]}},{"type":"Feature","properties":{"h3":"8930e1d899bffff","emd_code":"1114059000","emd_name":"광희동","area_km2":0.0725,"edge":true,"slope_mean":8.12,"elev_mean":26.4,"flood_hist_n":0,"flood_depth_max_m":null,"flood_risk_100y":null,"semi_basement_r":null,"elderly_alone_r":0.1351,"bldg_age30_r":null,"shelter_min_walk":2,"pop":5718,"hh":3976,"elderly65_r":0.2235,"single_hh_r":0.7394,"source_level":"emd","flood_years":[]},"geometry":{"type":"Polygon","coordinates":[[[127.00979,37.56966],[127.00904,37.57118],[127.00731,37.5714],[127.00633,37.57009],[127.00708,37.56857],[127.00881,37.56836],[127.00979,37.56966]]]}},{"type":"Feature","properties":{"h3":"8930e1d89a3ffff","emd_code":"1114067000","emd_name":"황학동","area_km2":0.0726,"edge":true,"slope_mean":4.37,"elev_mean":21.9,"flood_hist_n":0,"flood_depth_max_m":null,"flood_risk_100y":null,"semi_basement_r":null,"elderly_alone_r":0.1073,"bldg_age30_r":null,"shelter_min_walk":3,"pop":13174,"hh":7866,"elderly65_r":0.1834,"single_hh_r":0.5929,"source_level":"emd","flood_years":[]},"geometry":{"type":"Polygon","coordinates":[[[127.02041,37.57119],[127.01966,37.57271],[127.01793,37.57293],[127.01695,37.57163],[127.01769,37.57011],[127.01942,37.56989],[127.02041,37.57119]]]}},{"type":"Feature","properties":{"h3":"8930e1d89a7ffff","emd_code":"1114067000","emd_name":"황학동","area_km2":0.0726,"edge":true,"slope_mean":4.65,"elev_mean":21.4,"flood_hist_n":1,"flood_depth_max_m":0.3,"flood_risk_100y":null,"semi_basement_r":null,"elderly_alone_r":0.1073,"bldg_age30_r":null,"shelter_min_walk":1,"pop":13174,"hh":7866,"elderly65_r":0.1834,"single_hh_r":0.5929,"source_level":"emd","flood_years":[2011]},"geometry":{"type":"Polygon","coordinates":[[[127.02312,37.57228],[127.02237,37.5738],[127.02064,37.57402],[127.01966,37.57271],[127.02041,37.57119],[127.02214,37.57098],[127.02312,37.57228]]]}},{"type":"Feature","properties":{"h3":"8930e1d89abffff","emd_code":"1114067000","emd_name":"황학동","area_km2":0.0726,"edge":false,"slope_mean":3.94,"elev_mean":25.3,"flood_hist_n":0,"flood_depth_max_m":null,"flood_risk_100y":null,"semi_basement_r":null,"elderly_alone_r":0.1073,"bldg_age30_r":null,"shelter_min_walk":2,"pop":13174,"hh":7866,"elderly65_r":0.1834,"single_hh_r":0.5929,"source_level":"emd","flood_years":[]},"geometry":{"type":"Polygon","coordinates":[[[127.02017,37.56837],[127.01942,37.56989],[127.01769,37.57011],[127.01671,37.5688],[127.01746,37.56728],[127.01919,37.56707],[127.02017,37.56837]]]}},{"type":"Feature","properties":{"h3":"8930e1d89afffff","emd_code":"1114067000","emd_name":"황학동","area_km2":0.0726,"edge":false,"slope_mean":6.72,"elev_mean":28.3,"flood_hist_n":1,"flood_depth_max_m":0.2,"flood_risk_100y":null,"semi_basement_r":null,"elderly_alone_r":0.1073,"bldg_age30_r":null,"shelter_min_walk":3,"pop":13174,"hh":7866,"elderly65_r":0.1834,"single_hh_r":0.5929,"source_level":"emd","flood_years":[2022]},"geometry":{"type":"Polygon","coordinates":[[[127.02288,37.56946],[127.02214,37.57098],[127.02041,37.57119],[127.01942,37.56989],[127.02017,37.56837],[127.0219,37.56815],[127.02288,37.56946]]]}},{"type":"Feature","properties":{"h3":"8930e1d89bbffff","emd_code":"1114061500","emd_name":"신당동","area_km2":0.0726,"edge":true,"slope_mean":4.35,"elev_mean":22.6,"flood_hist_n":1,"flood_depth_max_m":0.3,"flood_risk_100y":null,"semi_basement_r":null,"elderly_alone_r":0.1554,"bldg_age30_r":null,"shelter_min_walk":2,"pop":7258,"hh":4671,"elderly65_r":0.2399,"single_hh_r":0.6692,"source_level":"emd","flood_years":[2011]},"geometry":{"type":"Polygon","coordinates":[[[127.01769,37.57011],[127.01695,37.57163],[127.01521,37.57184],[127.01423,37.57054],[127.01498,37.56902],[127.01671,37.5688],[127.01769,37.57011]]]}},{"type":"Feature","properties":{"h3":"8930e1d89c3ffff","emd_code":"1114059000","emd_name":"광희동","area_km2":0.0725,"edge":false,"slope_mean":7.81,"elev_mean":28.8,"flood_hist_n":0,"flood_depth_max_m":null,"flood_risk_100y":null,"semi_basement_r":null,"elderly_alone_r":0.1351,"bldg_age30_r":null,"shelter_min_walk":3,"pop":5718,"hh":3976,"elderly65_r":0.2235,"single_hh_r":0.7394,"source_level":"emd","flood_years":[]},"geometry":{"type":"Polygon","coordinates":[[[127.00932,37.56401],[127.00858,37.56553],[127.00685,37.56575],[127.00586,37.56444],[127.00661,37.56293],[127.00834,37.56271],[127.00932,37.56401]]]}},{"type":"Feature","properties":{"h3":"8930e1d89c7ffff","emd_code":"1114059000","emd_name":"광희동","area_km2":0.0725,"edge":false,"slope_mean":6.26,"elev_mean":30.3,"flood_hist_n":0,"flood_depth_max_m":null,"flood_risk_100y":null,"semi_basement_r":null,"elderly_alone_r":0.1351,"bldg_age30_r":null,"shelter_min_walk":2,"pop":5718,"hh":3976,"elderly65_r":0.2235,"single_hh_r":0.7394,"source_level":"emd","flood_years":[]},"geometry":{"type":"Polygon","coordinates":[[[127.01204,37.5651],[127.01129,37.56662],[127.00956,37.56684],[127.00858,37.56553],[127.00932,37.56401],[127.01105,37.5638],[127.01204,37.5651]]]}},{"type":"Feature","properties":{"h3":"8930e1d89cbffff","emd_code":"1114058000","emd_name":"장충동","area_km2":0.0725,"edge":false,"slope_mean":7.28,"elev_mean":39.9,"flood_hist_n":0,"flood_depth_max_m":null,"flood_risk_100y":null,"semi_basement_r":null,"elderly_alone_r":0.1078,"bldg_age30_r":null,"shelter_min_walk":5,"pop":4570,"hh":2950,"elderly65_r":0.2127,"single_hh_r":0.698,"source_level":"emd","flood_years":[]},"geometry":{"type":"Polygon","coordinates":[[[127.00909,37.56119],[127.00834,37.56271],[127.00661,37.56293],[127.00563,37.56162],[127.00638,37.5601],[127.00811,37.55989],[127.00909,37.56119]]]}},{"type":"Feature","properties":{"h3":"8930e1d89cfffff","emd_code":"1114061500","emd_name":"신당동","area_km2":0.0725,"edge":false,"slope_mean":6.41,"elev_mean":41.6,"flood_hist_n":1,"flood_depth_max_m":0.3,"flood_risk_100y":null,"semi_basement_r":null,"elderly_alone_r":0.1554,"bldg_age30_r":null,"shelter_min_walk":5,"pop":7258,"hh":4671,"elderly65_r":0.2399,"single_hh_r":0.6692,"source_level":"emd","flood_years":[2012]},"geometry":{"type":"Polygon","coordinates":[[[127.0118,37.56228],[127.01105,37.5638],[127.00932,37.56401],[127.00834,37.56271],[127.00909,37.56119],[127.01082,37.56097],[127.0118,37.56228]]]}},{"type":"Feature","properties":{"h3":"8930e1d89d3ffff","emd_code":"1114059000","emd_name":"광희동","area_km2":0.0725,"edge":false,"slope_mean":5.12,"elev_mean":25.7,"flood_hist_n":0,"flood_depth_max_m":null,"flood_risk_100y":null,"semi_basement_r":null,"elderly_alone_r":0.1351,"bldg_age30_r":null,"shelter_min_walk":4,"pop":5718,"hh":3976,"elderly65_r":0.2235,"single_hh_r":0.7394,"source_level":"emd","flood_years":[]},"geometry":{"type":"Polygon","coordinates":[[[127.00685,37.56575],[127.0061,37.56727],[127.00437,37.56748],[127.00339,37.56618],[127.00413,37.56466],[127.00586,37.56444],[127.00685,37.56575]]]}},{"type":"Feature","properties":{"h3":"8930e1d89d7ffff","emd_code":"1114059000","emd_name":"광희동","area_km2":0.0725,"edge":false,"slope_mean":7.69,"elev_mean":25.4,"flood_hist_n":0,"flood_depth_max_m":null,"flood_risk_100y":null,"semi_basement_r":null,"elderly_alone_r":0.1351,"bldg_age30_r":null,"shelter_min_walk":3,"pop":5718,"hh":3976,"elderly65_r":0.2235,"single_hh_r":0.7394,"source_level":"emd","flood_years":[]},"geometry":{"type":"Polygon","coordinates":[[[127.00956,37.56684],[127.00881,37.56836],[127.00708,37.56857],[127.0061,37.56727],[127.00685,37.56575],[127.00858,37.56553],[127.00956,37.56684]]]}},{"type":"Feature","properties":{"h3":"8930e1d89dbffff","emd_code":"1114059000","emd_name":"광희동","area_km2":0.0725,"edge":false,"slope_mean":5.02,"elev_mean":29.9,"flood_hist_n":0,"flood_depth_max_m":null,"flood_risk_100y":null,"semi_basement_r":null,"elderly_alone_r":0.1351,"bldg_age30_r":null,"shelter_min_walk":2,"pop":5718,"hh":3976,"elderly65_r":0.2235,"single_hh_r":0.7394,"source_level":"emd","flood_years":[]},"geometry":{"type":"Polygon","coordinates":[[[127.00661,37.56293],[127.00586,37.56444],[127.00413,37.56466],[127.00315,37.56336],[127.0039,37.56184],[127.00563,37.56162],[127.00661,37.56293]]]}},{"type":"Feature","properties":{"h3":"8930e1d8b13ffff","emd_code":"1114063500","emd_name":"약수동","area_km2":0.0725,"edge":true,"slope_mean":12.93,"elev_mean":95.3,"flood_hist_n":0,"flood_depth_max_m":null,"flood_risk_100y":null,"semi_basement_r":null,"elderly_alone_r":0.1763,"bldg_age30_r":null,"shelter_min_walk":6,"pop":15623,"hh":7690,"elderly65_r":0.2877,"single_hh_r":0.4203,"source_level":"emd","flood_years":[]},"geometry":{"type":"Polygon","coordinates":[[[127.01311,37.54642],[127.01236,37.54794],[127.01063,37.54816],[127.00965,37.54685],[127.0104,37.54533],[127.01213,37.54512],[127.01311,37.54642]]]}},{"type":"Feature","properties":{"h3":"8930e1d8b83ffff","emd_code":"1114063500","emd_name":"약수동","area_km2":0.0725,"edge":false,"slope_mean":11.94,"elev_mean":70.4,"flood_hist_n":0,"flood_depth_max_m":null,"flood_risk_100y":null,"semi_basement_r":null,"elderly_alone_r":0.1763,"bldg_age30_r":null,"shelter_min_walk":4,"pop":15623,"hh":7690,"elderly65_r":0.2877,"single_hh_r":0.4203,"source_level":"emd","flood_years":[]},"geometry":{"type":"Polygon","coordinates":[[[127.01087,37.55098],[127.01012,37.5525],[127.00839,37.55272],[127.00741,37.55141],[127.00815,37.54989],[127.00988,37.54968],[127.01087,37.55098]]]}},{"type":"Feature","properties":{"h3":"8930e1d8b87ffff","emd_code":"1114063500","emd_name":"약수동","area_km2":0.0725,"edge":false,"slope_mean":8.91,"elev_mean":53.8,"flood_hist_n":2,"flood_depth_max_m":0.2,"flood_risk_100y":null,"semi_basement_r":null,"elderly_alone_r":0.1763,"bldg_age30_r":null,"shelter_min_walk":1,"pop":15623,"hh":7690,"elderly65_r":0.2877,"single_hh_r":0.4203,"source_level":"emd","flood_years":[2022,2023]},"geometry":{"type":"Polygon","coordinates":[[[127.01358,37.55207],[127.01283,37.55359],[127.0111,37.55381],[127.01012,37.5525],[127.01087,37.55098],[127.0126,37.55077],[127.01358,37.55207]]]}},{"type":"Feature","properties":{"h3":"8930e1d8b8bffff","emd_code":"1114063500","emd_name":"약수동","area_km2":0.0725,"edge":false,"slope_mean":14.83,"elev_mean":105.5,"flood_hist_n":0,"flood_depth_max_m":null,"flood_risk_100y":null,"semi_basement_r":null,"elderly_alone_r":0.1763,"bldg_age30_r":null,"shelter_min_walk":3,"pop":15623,"hh":7690,"elderly65_r":0.2877,"single_hh_r":0.4203,"source_level":"emd","flood_years":[]},"geometry":{"type":"Polygon","coordinates":[[[127.01063,37.54816],[127.00988,37.54968],[127.00815,37.54989],[127.00717,37.54859],[127.00792,37.54707],[127.00965,37.54685],[127.01063,37.54816]]]}},{"type":"Feature","properties":{"h3":"8930e1d8b8fffff","emd_code":"1114063500","emd_name":"약수동","area_km2":0.0725,"edge":false,"slope_mean":11.3,"elev_mean":92.9,"flood_hist_n":0,"flood_depth_max_m":null,"flood_risk_100y":null,"semi_basement_r":null,"elderly_alone_r":0.1763,"bldg_age30_r":null,"shelter_min_walk":4,"pop":15623,"hh":7690,"elderly65_r":0.2877,"single_hh_r":0.4203,"source_level":"emd","flood_years":[]},"geometry":{"type":"Polygon","coordinates":[[[127.01334,37.54925],[127.0126,37.55077],[127.01087,37.55098],[127.00988,37.54968],[127.01063,37.54816],[127.01236,37.54794],[127.01334,37.54925]]]}},{"type":"Feature","properties":{"h3":"8930e1d8b93ffff","emd_code":"1114062500","emd_name":"다산동","area_km2":0.0725,"edge":false,"slope_mean":9.74,"elev_mean":58.5,"flood_hist_n":0,"flood_depth_max_m":null,"flood_risk_100y":null,"semi_basement_r":null,"elderly_alone_r":0.1375,"bldg_age30_r":null,"shelter_min_walk":5,"pop":12833,"hh":6707,"elderly65_r":0.2545,"single_hh_r":0.4975,"source_level":"emd","flood_years":[]},"geometry":{"type":"Polygon","coordinates":[[[127.00839,37.55272],[127.00764,37.55424],[127.00591,37.55445],[127.00493,37.55315],[127.00568,37.55163],[127.00741,37.55141],[127.00839,37.55272]]]}},{"type":"Feature","properties":{"h3":"8930e1d8b97ffff","emd_code":"1114062500","emd_name":"다산동","area_km2":0.0725,"edge":false,"slope_mean":5.35,"elev_mean":42.5,"flood_hist_n":0,"flood_depth_max_m":null,"flood_risk_100y":null,"semi_basement_r":null,"elderly_alone_r":0.1375,"bldg_age30_r":null,"shelter_min_walk":1,"pop":12833,"hh":6707,"elderly65_r":0.2545,"single_hh_r":0.4975,"source_level":"emd","flood_years":[]},"geometry":{"type":"Polygon","coordinates":[[[127.0111,37.55381],[127.01035,37.55533],[127.00862,37.55554],[127.00764,37.55424],[127.00839,37.55272],[127.01012,37.5525],[127.0111,37.55381]]]}},{"type":"Feature","properties":{"h3":"8930e1d8b9bffff","emd_code":"1114062500","emd_name":"다산동","area_km2":0.0725,"edge":false,"slope_mean":13.66,"elev_mean":77.1,"flood_hist_n":2,"flood_depth_max_m":0.3,"flood_risk_100y":null,"semi_basement_r":null,"elderly_alone_r":0.1375,"bldg_age30_r":null,"shelter_min_walk":4,"pop":12833,"hh":6707,"elderly65_r":0.2545,"single_hh_r":0.4975,"source_level":"emd","flood_years":[2010,2016]},"geometry":{"type":"Polygon","coordinates":[[[127.00815,37.54989],[127.00741,37.55141],[127.00568,37.55163],[127.0047,37.55032],[127.00544,37.5488],[127.00717,37.54859],[127.00815,37.54989]]]}},{"type":"Feature","properties":{"h3":"8930e1d8ba3ffff","emd_code":"1114063500","emd_name":"약수동","area_km2":0.0726,"edge":true,"slope_mean":15.3,"elev_mean":104.6,"flood_hist_n":0,"flood_depth_max_m":null,"flood_risk_100y":null,"semi_basement_r":null,"elderly_alone_r":0.1763,"bldg_age30_r":null,"shelter_min_walk":3,"pop":15623,"hh":7690,"elderly65_r":0.2877,"single_hh_r":0.4203,"source_level":"emd","flood_years":[]},"geometry":{"type":"Polygon","coordinates":[[[127.01877,37.55142],[127.01802,37.55294],[127.01629,37.55316],[127.01531,37.55185],[127.01605,37.55033],[127.01778,37.55012],[127.01877,37.55142]]]}},{"type":"Feature","properties":{"h3":"8930e1d8bb3ffff","emd_code":"1114063500","emd_name":"약수동","area_km2":0.0726,"edge":false,"slope_mean":15.53,"elev_mean":78.2,"flood_hist_n":1,"flood_depth_max_m":0.3,"flood_risk_100y":null,"semi_basement_r":null,"elderly_alone_r":0.1763,"bldg_age30_r":null,"shelter_min_walk":4,"pop":15623,"hh":7690,"elderly65_r":0.2877,"single_hh_r":0.4203,"source_level":"emd","flood_years":[2010]},"geometry":{"type":"Polygon","coordinates":[[[127.01629,37.55316],[127.01554,37.55468],[127.01381,37.55489],[127.01283,37.55359],[127.01358,37.55207],[127.01531,37.55185],[127.01629,37.55316]]]}},{"type":"Feature","properties":{"h3":"8930e1d8bb7ffff","emd_code":"1114064500","emd_name":"청구동","area_km2":0.0726,"edge":true,"slope_mean":14.17,"elev_mean":93.1,"flood_hist_n":0,"flood_depth_max_m":null,"flood_risk_100y":null,"semi_basement_r":null,"elderly_alone_r":0.1555,"bldg_age30_r":null,"shelter_min_walk":4,"pop":10620,"hh":5030,"elderly65_r":0.2619,"single_hh_r":0.3978,"source_level":"emd","flood_years":[]},"geometry":{"type":"Polygon","coordinates":[[[127.019,37.55425],[127.01825,37.55577],[127.01652,37.55598],[127.01554,37.55468],[127.01629,37.55316],[127.01802,37.55294],[127.019,37.55425]]]}},{"type":"Feature","properties":{"h3":"8930e1d8bbbffff","emd_code":"1114063500","emd_name":"약수동","area_km2":0.0725,"edge":true,"slope_mean":15.96,"elev_mean":88.1,"flood_hist_n":0,"flood_depth_max_m":null,"flood_risk_100y":null,"semi_basement_r":null,"elderly_alone_r":0.1763,"bldg_age30_r":null,"shelter_min_walk":3,"pop":15623,"hh":7690,"elderly65_r":0.2877,"single_hh_r":0.4203,"source_level":"emd","flood_years":[]},"geometry":{"type":"Polygon","coordinates":[[[127.01605,37.55033],[127.01531,37.55185],[127.01358,37.55207],[127.0126,37.55077],[127.01334,37.54925],[127.01507,37.54903],[127.01605,37.55033]]]}},{"type":"Feature","properties":{"h3":"8930e1d8bc3ffff","emd_code":"1114063500","emd_name":"약수동","area_km2":0.0725,"edge":true,"slope_mean":18.33,"elev_mean":122.7,"flood_hist_n":0,"flood_depth_max_m":null,"flood_risk_100y":null,"semi_basement_r":null,"elderly_alone_r":0.1763,"bldg_age30_r":null,"shelter_min_walk":5,"pop":15623,"hh":7690,"elderly65_r":0.2877,"single_hh_r":0.4203,"source_level":"emd","flood_years":[]},"geometry":{"type":"Polygon","coordinates":[[[127.00769,37.54425],[127.00694,37.54577],[127.00521,37.54598],[127.00423,37.54468],[127.00498,37.54316],[127.00671,37.54294],[127.00769,37.54425]]]}},{"type":"Feature","properties":{"h3":"8930e1d8bc7ffff","emd_code":"1114063500","emd_name":"약수동","area_km2":0.0725,"edge":false,"slope_mean":18.27,"elev_mean":137.8,"flood_hist_n":0,"flood_depth_max_m":null,"flood_risk_100y":null,"semi_basement_r":null,"elderly_alone_r":0.1763,"bldg_age30_r":null,"shelter_min_walk":4,"pop":15623,"hh":7690,"elderly65_r":0.2877,"single_hh_r":0.4203,"source_level":"emd","flood_years":[]},"geometry":{"type":"Polygon","coordinates":[[[127.0104,37.54533],[127.00965,37.54685],[127.00792,37.54707],[127.00694,37.54577],[127.00769,37.54425],[127.00942,37.54403],[127.0104,37.54533]]]}},{"type":"Feature","properties":{"h3":"8930e1d8bcfffff","emd_code":"1114063500","emd_name":"약수동","area_km2":0.0725,"edge":true,"slope_mean":17.94,"elev_mean":110.1,"flood_hist_n":0,"flood_depth_max_m":null,"flood_risk_100y":null,"semi_basement_r":null,"elderly_alone_r":0.1763,"bldg_age30_r":null,"shelter_min_walk":4,"pop":15623,"hh":7690,"elderly65_r":0.2877,"single_hh_r":0.4203,"source_level":"emd","flood_years":[]},"geometry":{"type":"Polygon","coordinates":[[[127.01016,37.54251],[127.00942,37.54403],[127.00769,37.54425],[127.00671,37.54294],[127.00745,37.54142],[127.00918,37.54121],[127.01016,37.54251]]]}},{"type":"Feature","properties":{"h3":"8930e1d8bd3ffff","emd_code":"1114063500","emd_name":"약수동","area_km2":0.0725,"edge":true,"slope_mean":11.52,"elev_mean":72.8,"flood_hist_n":0,"flood_depth_max_m":null,"flood_risk_100y":null,"semi_basement_r":null,"elderly_alone_r":0.1763,"bldg_age30_r":null,"shelter_min_walk":5,"pop":15623,"hh":7690,"elderly65_r":0.2877,"single_hh_r":0.4203,"source_level":"emd","flood_years":[]},"geometry":{"type":"Polygon","coordinates":[[[127.00521,37.54598],[127.00446,37.5475],[127.00273,37.54772],[127.00175,37.54641],[127.0025,37.54489],[127.00423,37.54468],[127.00521,37.54598]]]}},{"type":"Feature","properties":{"h3":"8930e1d8bd7ffff","emd_code":"1114063500","emd_name":"약수동","area_km2":0.0725,"edge":false,"slope_mean":12.88,"elev_mean":89.9,"flood_hist_n":2,"flood_depth_max_m":0.3,"flood_risk_100y":null,"semi_basement_r":null,"elderly_alone_r":0.1763,"bldg_age30_r":null,"shelter_min_walk":1,"pop":15623,"hh":7690,"elderly65_r":0.2877,"single_hh_r":0.4203,"source_level":"emd","flood_years":[2010,2022]},"geometry":{"type":"Polygon","coordinates":[[[127.00792,37.54707],[127.00717,37.54859],[127.00544,37.5488],[127.00446,37.5475],[127.00521,37.54598],[127.00694,37.54577],[127.00792,37.54707]]]}},{"type":"Feature","properties":{"h3":"8930e1d8c03ffff","emd_code":"1114055000","emd_name":"명동","area_km2":0.0725,"edge":true,"slope_mean":7.18,"elev_mean":30.3,"flood_hist_n":0,"flood_depth_max_m":null,"flood_risk_100y":null,"semi_basement_r":null,"elderly_alone_r":0.1536,"bldg_age30_r":null,"shelter_min_walk":1,"pop":2484,"hh":1315,"elderly65_r":0.3019,"single_hh_r":0.6882,"source_level":"emd","flood_years":[]},"geometry":{"type":"Polygon","coordinates":[[[126.9809,37.56898],[126.98016,37.5705],[126.97843,37.57071],[126.97745,37.56941],[126.97819,37.56789],[126.97992,37.56767],[126.9809,37.56898]]]}},{"type":"Feature","properties":{"h3":"8930e1d8c0bffff","emd_code":"1114055000","emd_name":"명동","area_km2":0.0725,"edge":false,"slope_mean":9.08,"elev_mean":34.3,"flood_hist_n":1,"flood_depth_max_m":0.2,"flood_risk_100y":null,"semi_basement_r":null,"elderly_alone_r":0.1536,"bldg_age30_r":null,"shelter_min_walk":1,"pop":2484,"hh":1315,"elderly65_r":0.3019,"single_hh_r":0.6882,"source_level":"emd","flood_years":[2022]},"geometry":{"type":"Polygon","coordinates":[[[126.98067,37.56615],[126.97992,37.56767],[126.97819,37.56789],[126.97721,37.56658],[126.97796,37.56506],[126.97969,37.56485],[126.98067,37.56615]]]}},{"type":"Feature","properties":{"h3":"8930e1d8c0fffff","emd_code":"1114055000","emd_name":"명동","area_km2":0.0725,"edge":false,"slope_mean":8.31,"elev_mean":33.5,"flood_hist_n":0,"flood_depth_max_m":null,"flood_risk_100y":null,"semi_basement_r":null,"elderly_alone_r":0.1536,"bldg_age30_r":null,"shelter_min_walk":3,"pop":2484,"hh":1315,"elderly65_r":0.3019,"single_hh_r":0.6882,"source_level":"emd","flood_years":[]},"geometry":{"type":"Polygon","coordinates":[[[126.98338,37.56724],[126.98263,37.56876],[126.9809,37.56898],[126.97992,37.56767],[126.98067,37.56615],[126.9824,37.56594],[126.98338,37.56724]]]}},{"type":"Feature","properties":{"h3":"8930e1d8c1bffff","emd_code":"1114055000","emd_name":"명동","area_km2":0.0725,"edge":false,"slope_mean":7.7,"elev_mean":39.4,"flood_hist_n":0,"flood_depth_max_m":null,"flood_risk_100y":null,"semi_basement_r":null,"elderly_alone_r":0.1536,"bldg_age30_r":null,"shelter_min_walk":2,"pop":2484,"hh":1315,"elderly65_r":0.3019,"single_hh_r":0.6882,"source_level":"emd","flood_years":[]},"geometry":{"type":"Polygon","coordinates":[[[126.97819,37.56789],[126.97745,37.56941],[126.97572,37.56962],[126.97474,37.56832],[126.97548,37.5668],[126.97721,37.56658],[126.97819,37.56789]]]}},{"type":"Feature","properties":{"h3":"8930e1d8c23ffff","emd_code":"1114055000","emd_name":"명동","area_km2":0.0725,"edge":true,"slope_mean":5.25,"elev_mean":31.4,"flood_hist_n":1,"flood_depth_max_m":0.3,"flood_risk_100y":null,"semi_basement_r":null,"elderly_alone_r":0.1536,"bldg_age30_r":null,"shelter_min_walk":2,"pop":2484,"hh":1315,"elderly65_r":0.3019,"single_hh_r":0.6882,"source_level":"emd","flood_years":[2011]},"geometry":{"type":"Polygon","coordinates":[[[126.9888,37.56942],[126.98805,37.57094],[126.98632,37.57116],[126.98534,37.56985],[126.98609,37.56833],[126.98782,37.56812],[126.9888,37.56942]]]}},{"type":"Feature","properties":{"h3":"8930e1d8c2bffff","emd_code":"1114055000","emd_name":"명동","area_km2":0.0725,"edge":false,"slope_mean":6.55,"elev_mean":29.7,"flood_hist_n":0,"flood_depth_max_m":null,"flood_risk_100y":null,"semi_basement_r":null,"elderly_alone_r":0.1536,"bldg_age30_r":null,"shelter_min_walk":1,"pop":2484,"hh":1315,"elderly65_r":0.3019,"single_hh_r":0.6882,"source_level":"emd","flood_years":[]},"geometry":{"type":"Polygon","coordinates":[[[126.98857,37.5666],[126.98782,37.56812],[126.98609,37.56833],[126.98511,37.56703],[126.98586,37.56551],[126.98759,37.56529],[126.98857,37.5666]]]}},{"type":"Feature","properties":{"h3":"8930e1d8c2fffff","emd_code":"1114055000","emd_name":"명동","area_km2":0.0725,"edge":false,"slope_mean":4.89,"elev_mean":28.5,"flood_hist_n":0,"flood_depth_max_m":null,"flood_risk_100y":null,"semi_basement_r":null,"elderly_alone_r":0.1536,"bldg_age30_r":null,"shelter_min_walk":3,"pop":2484,"hh":1315,"elderly65_r":0.3019,"single_hh_r":0.6882,"source_level":"emd","flood_years":[]},"geometry":{"type":"Polygon","coordinates":[[[126.99128,37.56769],[126.99053,37.56921],[126.9888,37.56942],[126.98782,37.56812],[126.98857,37.5666],[126.9903,37.56638],[126.99128,37.56769]]]}},{"type":"Feature","properties":{"h3":"8930e1d8c3bffff","emd_code":"1114055000","emd_name":"명동","area_km2":0.0725,"edge":true,"slope_mean":7.03,"elev_mean":32.1,"flood_hist_n":0,"flood_depth_max_m":null,"flood_risk_100y":null,"semi_basement_r":null,"elderly_alone_r":0.1536,"bldg_age30_r":null,"shelter_min_walk":3,"pop":2484,"hh":1315,"elderly65_r":0.3019,"single_hh_r":0.6882,"source_level":"emd","flood_years":[]},"geometry":{"type":"Polygon","coordinates":[[[126.98609,37.56833],[126.98534,37.56985],[126.98361,37.57007],[126.98263,37.56876],[126.98338,37.56724],[126.98511,37.56703],[126.98609,37.56833]]]}},{"type":"Feature","properties":{"h3":"8930e1d8c43ffff","emd_code":"1114052000","emd_name":"소공동","area_km2":0.0725,"edge":false,"slope_mean":7.4,"elev_mean":37.4,"flood_hist_n":0,"flood_depth_max_m":null,"flood_risk_100y":null,"semi_basement_r":null,"elderly_alone_r":0.074,"bldg_age30_r":null,"shelter_min_walk":1,"pop":2202,"hh":1244,"elderly65_r":0.1317,"single_hh_r":0.5957,"source_level":"emd","flood_years":[]},"geometry":{"type":"Polygon","coordinates":[[[126.97773,37.56224],[126.97698,37.56376],[126.97525,37.56397],[126.97427,37.56267],[126.97502,37.56115],[126.97675,37.56094],[126.97773,37.56224]]]}},{"type":"Feature","properties":{"h3":"8930e1d8c47ffff","emd_code":"1114052000","emd_name":"소공동","area_km2":0.0725,"edge":false,"slope_mean":7.51,"elev_mean":39.8,"flood_hist_n":0,"flood_depth_max_m":null,"flood_risk_100y":null,"semi_basement_r":null,"elderly_alone_r":0.074,"bldg_age30_r":null,"shelter_min_walk":1,"pop":2202,"hh":1244,"elderly65_r":0.1317,"single_hh_r":0.5957,"source_level":"emd","flood_years":[]},"geometry":{"type":"Polygon","coordinates":[[[126.98044,37.56333],[126.97969,37.56485],[126.97796,37.56506],[126.97698,37.56376],[126.97773,37.56224],[126.97946,37.56203],[126.98044,37.56333]]]}},{"type":"Feature","properties":{"h3":"8930e1d8c4bffff","emd_code":"1114054000","emd_name":"회현동","area_km2":0.0725,"edge":false,"slope_mean":5.49,"elev_mean":41.1,"flood_hist_n":0,"flood_depth_max_m":null,"flood_risk_100y":null,"semi_basement_r":null,"elderly_alone_r":0.2396,"bldg_age30_r":null,"shelter_min_walk":1,"pop":4035,"hh":2270,"elderly65_r":0.3306,"single_hh_r":0.5789,"source_level":"emd","flood_years":[]},"geometry":{"type":"Polygon","coordinates":[[[126.9775,37.55942],[126.97675,37.56094],[126.97502,37.56115],[126.97404,37.55985],[126.97479,37.55833],[126.97652,37.55811],[126.9775,37.55942]]]}},{"type":"Feature","properties":{"h3":"8930e1d8c4fffff","emd_code":"1114054000","emd_name":"회현동","area_km2":0.0725,"edge":false,"slope_mean":5.67,"elev_mean":43.0,"flood_hist_n":0,"flood_depth_max_m":null,"flood_risk_100y":null,"semi_basement_r":null,"elderly_alone_r":0.2396,"bldg_age30_r":null,"shelter_min_walk":1,"pop":4035,"hh":2270,"elderly65_r":0.3306,"single_hh_r":0.5789,"source_level":"emd","flood_years":[]},"geometry":{"type":"Polygon","coordinates":[[[126.98021,37.56051],[126.97946,37.56203],[126.97773,37.56224],[126.97675,37.56094],[126.9775,37.55942],[126.97923,37.5592],[126.98021,37.56051]]]}},{"type":"Feature","properties":{"h3":"8930e1d8c53ffff","emd_code":"1114052000","emd_name":"소공동","area_km2":0.0725,"edge":false,"slope_mean":7.25,"elev_mean":41.7,"flood_hist_n":0,"flood_depth_max_m":null,"flood_risk_100y":null,"semi_basement_r":null,"elderly_alone_r":0.074,"bldg_age30_r":null,"shelter_min_walk":2,"pop":2202,"hh":1244,"elderly65_r":0.1317,"single_hh_r":0.5957,"source_level":"emd","flood_years":[]},"geometry":{"type":"Polygon","coordinates":[[[126.97525,37.56397],[126.9745,37.56549],[126.97277,37.56571],[126.97179,37.5644],[126.97254,37.56289],[126.97427,37.56267],[126.97525,37.56397]]]}},{"type":"Feature","properties":{"h3":"8930e1d8c57ffff","emd_code":"1114052000","emd_name":"소공동","area_km2":0.0725,"edge":false,"slope_mean":6.39,"elev_mean":34.0,"flood_hist_n":0,"flood_depth_max_m":null,"flood_risk_100y":null,"semi_basement_r":null,"elderly_alone_r":0.074,"bldg_age30_r":null,"shelter_min_walk":1,"pop":2202,"hh":1244,"elderly65_r":0.1317,"single_hh_r":0.5957,"source_level":"emd","flood_years":[]},"geometry":{"type":"Polygon","coordinates":[[[126.97796,37.56506],[126.97721,37.56658],[126.97548,37.5668],[126.9745,37.56549],[126.97525,37.56397],[126.97698,37.56376],[126.97796,37.56506]]]}},{"type":"Feature","properties":{"h3":"8930e1d8c5bffff","emd_code":"1114052000","emd_name":"소공동","area_km2":0.0725,"edge":false,"slope_mean":8.44,"elev_mean":45.3,"flood_hist_n":0,"flood_depth_max_m":null,"flood_risk_100y":null,"semi_basement_r":null,"elderly_alone_r":0.074,"bldg_age30_r":null,"shelter_min_walk":1,"pop":2202,"hh":1244,"elderly65_r":0.1317,"single_hh_r":0.5957,"source_level":"emd","flood_years":[]},"geometry":{"type":"Polygon","coordinates":[[[126.97502,37.56115],[126.97427,37.56267],[126.97254,37.56289],[126.97156,37.56158],[126.97231,37.56006],[126.97404,37.55985],[126.97502,37.56115]]]}},{"type":"Feature","properties":{"h3":"8930e1d8c63ffff","emd_code":"1114055000","emd_name":"명동","area_km2":0.0725,"edge":false,"slope_mean":8.41,"elev_mean":43.8,"flood_hist_n":0,"flood_depth_max_m":null,"flood_risk_100y":null,"semi_basement_r":null,"elderly_alone_r":0.1536,"bldg_age30_r":null,"shelter_min_walk":3,"pop":2484,"hh":1315,"elderly65_r":0.3019,"single_hh_r":0.6882,"source_level":"emd","flood_years":[]},"geometry":{"type":"Polygon","coordinates":[[[126.98563,37.56268],[126.98488,37.5642],[126.98315,37.56442],[126.98217,37.56311],[126.98292,37.5616],[126.98465,37.56138],[126.98563,37.56268]]]}},{"type":"Feature","properties":{"h3":"8930e1d8c67ffff","emd_code":"1114055000","emd_name":"명동","area_km2":0.0725,"edge":false,"slope_mean":7.07,"elev_mean":41.8,"flood_hist_n":0,"flood_depth_max_m":null,"flood_risk_100y":null,"semi_basement_r":null,"elderly_alone_r":0.1536,"bldg_age30_r":null,"shelter_min_walk":4,"pop":2484,"hh":1315,"elderly65_r":0.3019,"single_hh_r":0.6882,"source_level":"emd","flood_years":[]},"geometry":{"type":"Polygon","coordinates":[[[126.98834,37.56377],[126.98759,37.56529],[126.98586,37.56551],[126.98488,37.5642],[126.98563,37.56268],[126.98736,37.56247],[126.98834,37.56377]]]}},{"type":"Feature","properties":{"h3":"8930e1d8c6bffff","emd_code":"1114055000","emd_name":"명동","area_km2":0.0725,"edge":false,"slope_mean":8.38,"elev_mean":46.9,"flood_hist_n":0,"flood_depth_max_m":null,"flood_risk_100y":null,"semi_basement_r":null,"elderly_alone_r":0.1536,"bldg_age30_r":null,"shelter_min_walk":2,"pop":2484,"hh":1315,"elderly65_r":0.3019,"single_hh_r":0.6882,"source_level":"emd","flood_years":[]},"geometry":{"type":"Polygon","coordinates":[[[126.98539,37.55986],[126.98465,37.56138],[126.98292,37.5616],[126.98194,37.56029],[126.98268,37.55877],[126.98441,37.55856],[126.98539,37.55986]]]}},{"type":"Feature","properties":{"h3":"8930e1d8c6fffff","emd_code":"1114055000","emd_name":"명동","area_km2":0.0725,"edge":false,"slope_mean":6.64,"elev_mean":46.3,"flood_hist_n":0,"flood_depth_max_m":null,"flood_risk_100y":null,"semi_basement_r":null,"elderly_alone_r":0.1536,"bldg_age30_r":null,"shelter_min_walk":1,"pop":2484,"hh":1315,"elderly65_r":0.3019,"single_hh_r":0.6882,"source_level":"emd","flood_years":[]},"geometry":{"type":"Polygon","coordinates":[[[126.9881,37.56095],[126.98736,37.56247],[126.98563,37.56268],[126.98465,37.56138],[126.98539,37.55986],[126.98712,37.55965],[126.9881,37.56095]]]}},{"type":"Feature","properties":{"h3":"8930e1d8c73ffff","emd_code":"1114052000","emd_name":"소공동","area_km2":0.0725,"edge":false,"slope_mean":8.12,"elev_mean":34.9,"flood_hist_n":0,"flood_depth_max_m":null,"flood_risk_100y":null,"semi_basement_r":null,"elderly_alone_r":0.074,"bldg_age30_r":null,"shelter_min_walk":1,"pop":2202,"hh":1244,"elderly65_r":0.1317,"single_hh_r":0.5957,"source_level":"emd","flood_years":[]},"geometry":{"type":"Polygon","coordinates":[[[126.98315,37.56442],[126.9824,37.56594],[126.98067,37.56615],[126.97969,37.56485],[126.98044,37.56333],[126.98217,37.56311],[126.98315,37.56442]]]}},{"type":"Feature","properties":{"h3":"8930e1d8c77ffff","emd_code":"1114055000","emd_name":"명동","area_km2":0.0725,"edge":false,"slope_mean":7.36,"elev_mean":34.9,"flood_hist_n":0,"flood_depth_max_m":null,"flood_risk_100y":null,"semi_basement_r":null,"elderly_alone_r":0.1536,"bldg_age30_r":null,"shelter_min_walk":1,"pop":2484,"hh":1315,"elderly65_r":0.3019,"single_hh_r":0.6882,"source_level":"emd","flood_years":[]},"geometry":{"type":"Polygon","coordinates":[[[126.98586,37.56551],[126.98511,37.56703],[126.98338,37.56724],[126.9824,37.56594],[126.98315,37.56442],[126.98488,37.5642],[126.98586,37.56551]]]}},{"type":"Feature","properties":{"h3":"8930e1d8c7bffff","emd_code":"1114055000","emd_name":"명동","area_km2":0.0725,"edge":false,"slope_mean":8.31,"elev_mean":38.9,"flood_hist_n":0,"flood_depth_max_m":null,"flood_risk_100y":null,"semi_basement_r":null,"elderly_alone_r":0.1536,"bldg_age30_r":null,"shelter_min_walk":1,"pop":2484,"hh":1315,"elderly65_r":0.3019,"single_hh_r":0.6882,"source_level":"emd","flood_years":[]},"geometry":{"type":"Polygon","coordinates":[[[126.98292,37.5616],[126.98217,37.56311],[126.98044,37.56333],[126.97946,37.56203],[126.98021,37.56051],[126.98194,37.56029],[126.98292,37.5616]]]}},{"type":"Feature","properties":{"h3":"8930e1d8cc3ffff","emd_code":"1114052000","emd_name":"소공동","area_km2":0.0725,"edge":true,"slope_mean":8.98,"elev_mean":47.4,"flood_hist_n":0,"flood_depth_max_m":null,"flood_risk_100y":null,"semi_basement_r":null,"elderly_alone_r":0.074,"bldg_age30_r":null,"shelter_min_walk":1,"pop":2202,"hh":1244,"elderly65_r":0.1317,"single_hh_r":0.5957,"source_level":"emd","flood_years":[]},"geometry":{"type":"Polygon","coordinates":[[[126.97301,37.56853],[126.97226,37.57005],[126.97053,37.57027],[126.96955,37.56896],[126.9703,37.56744],[126.97203,37.56723],[126.97301,37.56853]]]}},{"type":"Feature","properties":{"h3":"8930e1d8cc7ffff","emd_code":"1114052000","emd_name":"소공동","area_km2":0.0725,"edge":true,"slope_mean":6.74,"elev_mean":36.3,"flood_hist_n":1,"flood_depth_max_m":0.3,"flood_risk_100y":null,"semi_basement_r":null,"elderly_alone_r":0.074,"bldg_age30_r":null,"shelter_min_walk":3,"pop":2202,"hh":1244,"elderly65_r":0.1317,"single_hh_r":0.5957,"source_level":"emd","flood_years":[2011]},"geometry":{"type":"Polygon","coordinates":[[[126.97572,37.56962],[126.97497,37.57114],[126.97324,37.57136],[126.97226,37.57005],[126.97301,37.56853],[126.97474,37.56832],[126.97572,37.56962]]]}},{"type":"Feature","properties":{"h3":"8930e1d8ccbffff","emd_code":"1114052000","emd_name":"소공동","area_km2":0.0725,"edge":false,"slope_mean":7.22,"elev_mean":45.6,"flood_hist_n":0,"flood_depth_max_m":null,"flood_risk_100y":null,"semi_basement_r":null,"elderly_alone_r":0.074,"bldg_age30_r":null,"shelter_min_walk":4,"pop":2202,"hh":1244,"elderly65_r":0.1317,"single_hh_r":0.5957,"source_level":"emd","flood_years":[]},"geometry":{"type":"Polygon","coordinates":[[[126.97277,37.56571],[126.97203,37.56723],[126.9703,37.56744],[126.96932,37.56614],[126.97007,37.56462],[126.97179,37.5644],[126.97277,37.56571]]]}},{"type":"Feature","properties":{"h3":"8930e1d8ccfffff","emd_code":"1114052000","emd_name":"소공동","area_km2":0.0725,"edge":false,"slope_mean":5.44,"elev_mean":43.6,"flood_hist_n":0,"flood_depth_max_m":null,"flood_risk_100y":null,"semi_basement_r":null,"elderly_alone_r":0.074,"bldg_age30_r":null,"shelter_min_walk":5,"pop":2202,"hh":1244,"elderly65_r":0.1317,"single_hh_r":0.5957,"source_level":"emd","flood_years":[]},"geometry":{"type":"Polygon","coordinates":[[[126.97548,37.5668],[126.97474,37.56832],[126.97301,37.56853],[126.97203,37.56723],[126.97277,37.56571],[126.9745,37.56549],[126.97548,37.5668]]]}},{"type":"Feature","properties":{"h3":"8930e1d8cdbffff","emd_code":"1114052000","emd_name":"소공동","area_km2":0.0725,"edge":false,"slope_mean":6.67,"elev_mean":49.6,"flood_hist_n":0,"flood_depth_max_m":null,"flood_risk_100y":null,"semi_basement_r":null,"elderly_alone_r":0.074,"bldg_age30_r":null,"shelter_min_walk":1,"pop":2202,"hh":1244,"elderly65_r":0.1317,"single_hh_r":0.5957,"source_level":"emd","flood_years":[]},"geometry":{"type":"Polygon","coordinates":[[[126.9703,37.56744],[126.96955,37.56896],[126.96782,37.56918],[126.96684,37.56787],[126.96759,37.56635],[126.96932,37.56614],[126.9703,37.56744]]]}},{"type":"Feature","properties":{"h3":"8930e1d8d43ffff","emd_code":"1114060500","emd_name":"을지로동","area_km2":0.0725,"edge":true,"slope_mean":3.52,"elev_mean":26.6,"flood_hist_n":0,"flood_depth_max_m":null,"flood_risk_100y":null,"semi_basement_r":null,"elderly_alone_r":0.1484,"bldg_age30_r":null,"shelter_min_walk":2,"pop":3033,"hh":2062,"elderly65_r":0.1711,"single_hh_r":0.6979,"source_level":"emd","flood_years":[]},"geometry":{"type":"Polygon","coordinates":[[[126.9967,37.56987],[126.99595,37.57138],[126.99422,37.5716],[126.99324,37.5703],[126.99399,37.56878],[126.99572,37.56856],[126.9967,37.56987]]]}},{"type":"Feature","properties":{"h3":"8930e1d8d4bffff","emd_code":"1114060500","emd_name":"을지로동","area_km2":0.0725,"edge":false,"slope_mean":4.18,"elev_mean":27.5,"flood_hist_n":0,"flood_depth_max_m":null,"flood_risk_100y":null,"semi_basement_r":null,"elderly_alone_r":0.1484,"bldg_age30_r":null,"shelter_min_walk":3,"pop":3033,"hh":2062,"elderly65_r":0.1711,"single_hh_r":0.6979,"source_level":"emd","flood_years":[]},"geometry":{"type":"Polygon","coordinates":[[[126.99647,37.56704],[126.99572,37.56856],[126.99399,37.56878],[126.99301,37.56747],[126.99376,37.56595],[126.99549,37.56574],[126.99647,37.56704]]]}},{"type":"Feature","properties":{"h3":"8930e1d8d4fffff","emd_code":"1114060500","emd_name":"을지로동","area_km2":0.0725,"edge":false,"slope_mean":4.11,"elev_mean":26.6,"flood_hist_n":0,"flood_depth_max_m":null,"flood_risk_100y":null,"semi_basement_r":null,"elderly_alone_r":0.1484,"bldg_age30_r":null,"shelter_min_walk":3,"pop":3033,"hh":2062,"elderly65_r":0.1711,"single_hh_r":0.6979,"source_level":"emd","flood_years":[]},"geometry":{"type":"Polygon","coordinates":[[[126.99918,37.56813],[126.99843,37.56965],[126.9967,37.56987],[126.99572,37.56856],[126.99647,37.56704],[126.9982,37.56683],[126.99918,37.56813]]]}},{"type":"Feature","properties":{"h3":"8930e1d8d5bffff","emd_code":"1114060500","emd_name":"을지로동","area_km2":0.0725,"edge":true,"slope_mean":4.31,"elev_mean":27.4,"flood_hist_n":2,"flood_depth_max_m":0.3,"flood_risk_100y":null,"semi_basement_r":null,"elderly_alone_r":0.1484,"bldg_age30_r":null,"shelter_min_walk":3,"pop":3033,"hh":2062,"elderly65_r":0.1711,"single_hh_r":0.6979,"source_level":"emd","flood_years":[2010,2011]},"geometry":{"type":"Polygon","coordinates":[[[126.99399,37.56878],[126.99324,37.5703],[126.99151,37.57051],[126.99053,37.56921],[126.99128,37.56769],[126.99301,37.56747],[126.99399,37.56878]]]}},{"type":"Feature","properties":{"h3":"8930e1d8d63ffff","emd_code":"1114060500","emd_name":"을지로동","area_km2":0.0725,"edge":true,"slope_mean":3.91,"elev_mean":25.5,"flood_hist_n":1,"flood_depth_max_m":0.3,"flood_risk_100y":null,"semi_basement_r":null,"elderly_alone_r":0.1484,"bldg_age30_r":null,"shelter_min_walk":2,"pop":3033,"hh":2062,"elderly65_r":0.1711,"single_hh_r":0.6979,"source_level":"emd","flood_years":[2011]},"geometry":{"type":"Polygon","coordinates":[[[127.0046,37.57031],[127.00385,37.57183],[127.00212,37.57204],[127.00114,37.57074],[127.00189,37.56922],[127.00362,37.569],[127.0046,37.57031]]]}},{"type":"Feature","properties":{"h3":"8930e1d8d6bffff","emd_code":"1114060500","emd_name":"을지로동","area_km2":0.0725,"edge":false,"slope_mean":4.07,"elev_mean":24.5,"flood_hist_n":0,"flood_depth_max_m":null,"flood_risk_100y":null,"semi_basement_r":null,"elderly_alone_r":0.1484,"bldg_age30_r":null,"shelter_min_walk":1,"pop":3033,"hh":2062,"elderly65_r":0.1711,"single_hh_r":0.6979,"source_level":"emd","flood_years":[]},"geometry":{"type":"Polygon","coordinates":[[[127.00437,37.56748],[127.00362,37.569],[127.00189,37.56922],[127.00091,37.56792],[127.00166,37.5664],[127.00339,37.56618],[127.00437,37.56748]]]}},{"type":"Feature","properties":{"h3":"8930e1d8d6fffff","emd_code":"1114059000","emd_name":"광희동","area_km2":0.0725,"edge":false,"slope_mean":5.04,"elev_mean":26.2,"flood_hist_n":0,"flood_depth_max_m":null,"flood_risk_100y":null,"semi_basement_r":null,"elderly_alone_r":0.1351,"bldg_age30_r":null,"shelter_min_walk":1,"pop":5718,"hh":3976,"elderly65_r":0.2235,"single_hh_r":0.7394,"source_level":"emd","flood_years":[]},"geometry":{"type":"Polygon","coordinates":[[[127.00708,37.56857],[127.00633,37.57009],[127.0046,37.57031],[127.00362,37.569],[127.00437,37.56748],[127.0061,37.56727],[127.00708,37.56857]]]}},{"type":"Feature","properties":{"h3":"8930e1d8d7bffff","emd_code":"1114060500","emd_name":"을지로동","area_km2":0.0725,"edge":true,"slope_mean":5.58,"elev_mean":27.8,"flood_hist_n":0,"flood_depth_max_m":null,"flood_risk_100y":null,"semi_basement_r":null,"elderly_alone_r":0.1484,"bldg_age30_r":null,"shelter_min_walk":2,"pop":3033,"hh":2062,"elderly65_r":0.1711,"single_hh_r":0.6979,"source_level":"emd","flood_years":[]},"geometry":{"type":"Polygon","coordinates":[[[127.00189,37.56922],[127.00114,37.57074],[126.99941,37.57095],[126.99843,37.56965],[126.99918,37.56813],[127.00091,37.56792],[127.00189,37.56922]]]}},{"type":"Feature","properties":{"h3":"8930e1d8e17ffff","emd_code":"1114054000","emd_name":"회현동","area_km2":0.0725,"edge":true,"slope_mean":11.58,"elev_mean":66.4,"flood_hist_n":1,"flood_depth_max_m":0.3,"flood_risk_100y":null,"semi_basement_r":null,"elderly_alone_r":0.2396,"bldg_age30_r":null,"shelter_min_walk":2,"pop":4035,"hh":2270,"elderly65_r":0.3306,"single_hh_r":0.5789,"source_level":"emd","flood_years":[2011]},"geometry":{"type":"Polygon","coordinates":[[[126.97951,37.55204],[126.97876,37.55356],[126.97703,37.55377],[126.97605,37.55247],[126.9768,37.55095],[126.97853,37.55073],[126.97951,37.55204]]]}},{"type":"Feature","properties":{"h3":"8930e1d8e27ffff","emd_code":"1114057000","emd_name":"필동","area_km2":0.0725,"edge":true,"slope_mean":19.6,"elev_mean":241.1,"flood_hist_n":0,"flood_depth_max_m":null,"flood_risk_100y":null,"semi_basement_r":null,"elderly_alone_r":0.1359,"bldg_age30_r":null,"shelter_min_walk":1,"pop":4307,"hh":2825,"elderly65_r":0.2257,"single_hh_r":0.6952,"source_level":"emd","flood_years":[]},"geometry":{"type":"Polygon","coordinates":[[[126.98988,37.55074],[126.98913,37.55226],[126.98741,37.55248],[126.98642,37.55117],[126.98717,37.54966],[126.9889,37.54944],[126.98988,37.55074]]]}},{"type":"Feature","properties":{"h3":"8930e1d8e37ffff","emd_code":"1114057000","emd_name":"필동","area_km2":0.0725,"edge":true,"slope_mean":24.55,"elev_mean":204.2,"flood_hist_n":0,"flood_depth_max_m":null,"flood_risk_100y":null,"semi_basement_r":null,"elderly_alone_r":0.1359,"bldg_age30_r":null,"shelter_min_walk":4,"pop":4307,"hh":2825,"elderly65_r":0.2257,"single_hh_r":0.6952,"source_level":"emd","flood_years":[]},"geometry":{"type":"Polygon","coordinates":[[[126.98741,37.55248],[126.98666,37.554],[126.98493,37.55421],[126.98395,37.55291],[126.9847,37.55139],[126.98642,37.55117],[126.98741,37.55248]]]}},{"type":"Feature","properties":{"h3":"8930e1d8e83ffff","emd_code":"1114054000","emd_name":"회현동","area_km2":0.0725,"edge":false,"slope_mean":10.02,"elev_mean":36.8,"flood_hist_n":1,"flood_depth_max_m":0.3,"flood_risk_100y":null,"semi_basement_r":null,"elderly_alone_r":0.2396,"bldg_age30_r":null,"shelter_min_walk":2,"pop":4035,"hh":2270,"elderly65_r":0.3306,"single_hh_r":0.5789,"source_level":"emd","flood_years":[2010]},"geometry":{"type":"Polygon","coordinates":[[[126.97456,37.5555],[126.97381,37.55702],[126.97208,37.55724],[126.9711,37.55593],[126.97185,37.55442],[126.97358,37.5542],[126.97456,37.5555]]]}},{"type":"Feature","properties":{"h3":"8930e1d8e87ffff","emd_code":"1114054000","emd_name":"회현동","area_km2":0.0725,"edge":false,"slope_mean":9.41,"elev_mean":51.9,"flood_hist_n":0,"flood_depth_max_m":null,"flood_risk_100y":null,"semi_basement_r":null,"elderly_alone_r":0.2396,"bldg_age30_r":null,"shelter_min_walk":3,"pop":4035,"hh":2270,"elderly65_r":0.3306,"single_hh_r":0.5789,"source_level":"emd","flood_years":[]},"geometry":{"type":"Polygon","coordinates":[[[126.97726,37.55659],[126.97652,37.55811],[126.97479,37.55833],[126.97381,37.55702],[126.97456,37.5555],[126.97628,37.55529],[126.97726,37.55659]]]}},{"type":"Feature","properties":{"h3":"8930e1d8e8bffff","emd_code":"1114054000","emd_name":"회현동","area_km2":0.0725,"edge":true,"slope_mean":7.16,"elev_mean":31.6,"flood_hist_n":1,"flood_depth_max_m":0.3,"flood_risk_100y":null,"semi_basement_r":null,"elderly_alone_r":0.2396,"bldg_age30_r":null,"shelter_min_walk":1,"pop":4035,"hh":2270,"elderly65_r":0.3306,"single_hh_r":0.5789,"source_level":"emd","flood_years":[2010]},"geometry":{"type":"Polygon","coordinates":[[[126.97432,37.55268],[126.97358,37.5542],[126.97185,37.55442],[126.97087,37.55311],[126.97162,37.55159],[126.97334,37.55138],[126.97432,37.55268]]]}},{"type":"Feature","properties":{"h3":"8930e1d8e8fffff","emd_code":"1114054000","emd_name":"회현동","area_km2":0.0725,"edge":false,"slope_mean":9.5,"elev_mean":53.8,"flood_hist_n":2,"flood_depth_max_m":0.3,"flood_risk_100y":null,"semi_basement_r":null,"elderly_alone_r":0.2396,"bldg_age30_r":null,"shelter_min_walk":3,"pop":4035,"hh":2270,"elderly65_r":0.3306,"single_hh_r":0.5789,"source_level":"emd","flood_years":[2010,2012]},"geometry":{"type":"Polygon","coordinates":[[[126.97703,37.55377],[126.97628,37.55529],[126.97456,37.5555],[126.97358,37.5542],[126.97432,37.55268],[126.97605,37.55247],[126.97703,37.55377]]]}},{"type":"Feature","properties":{"h3":"8930e1d8e93ffff","emd_code":"1114054000","emd_name":"회현동","area_km2":0.0725,"edge":false,"slope_mean":5.12,"elev_mean":29.5,"flood_hist_n":0,"flood_depth_max_m":null,"flood_risk_100y":null,"semi_basement_r":null,"elderly_alone_r":0.2396,"bldg_age30_r":null,"shelter_min_walk":1,"pop":4035,"hh":2270,"elderly65_r":0.3306,"single_hh_r":0.5789,"source_level":"emd","flood_years":[]},"geometry":{"type":"Polygon","coordinates":[[[126.97208,37.55724],[126.97133,37.55876],[126.9696,37.55897],[126.96862,37.55767],[126.96937,37.55615],[126.9711,37.55593],[126.97208,37.55724]]]}},{"type":"Feature","properties":{"h3":"8930e1d8e97ffff","emd_code":"1114054000","emd_name":"회현동","area_km2":0.0725,"edge":false,"slope_mean":7.57,"elev_mean":38.1,"flood_hist_n":0,"flood_depth_max_m":null,"flood_risk_100y":null,"semi_basement_r":null,"elderly_alone_r":0.2396,"bldg_age30_r":null,"shelter_min_walk":2,"pop":4035,"hh":2270,"elderly65_r":0.3306,"single_hh_r":0.5789,"source_level":"emd","flood_years":[]},"geometry":{"type":"Polygon","coordinates":[[[126.97479,37.55833],[126.97404,37.55985],[126.97231,37.56006],[126.97133,37.55876],[126.97208,37.55724],[126.97381,37.55702],[126.97479,37.55833]]]}},{"type":"Feature","properties":{"h3":"8930e1d8e9bffff","emd_code":"1114054000","emd_name":"회현동","area_km2":0.0725,"edge":false,"slope_mean":10.58,"elev_mean":38.4,"flood_hist_n":0,"flood_depth_max_m":null,"flood_risk_100y":null,"semi_basement_r":null,"elderly_alone_r":0.2396,"bldg_age30_r":null,"shelter_min_walk":4,"pop":4035,"hh":2270,"elderly65_r":0.3306,"single_hh_r":0.5789,"source_level":"emd","flood_years":[]},"geometry":{"type":"Polygon","coordinates":[[[126.97185,37.55442],[126.9711,37.55593],[126.96937,37.55615],[126.96839,37.55485],[126.96914,37.55333],[126.97087,37.55311],[126.97185,37.55442]]]}},{"type":"Feature","properties":{"h3":"8930e1d8ea3ffff","emd_code":"1114054000","emd_name":"회현동","area_km2":0.0725,"edge":false,"slope_mean":12.04,"elev_mean":77.7,"flood_hist_n":0,"flood_depth_max_m":null,"flood_risk_100y":null,"semi_basement_r":null,"elderly_alone_r":0.2396,"bldg_age30_r":null,"shelter_min_walk":1,"pop":4035,"hh":2270,"elderly65_r":0.3306,"single_hh_r":0.5789,"source_level":"emd","flood_years":[]},"geometry":{"type":"Polygon","coordinates":[[[126.98245,37.55595],[126.9817,37.55747],[126.97997,37.55768],[126.97899,37.55638],[126.97974,37.55486],[126.98147,37.55464],[126.98245,37.55595]]]}},{"type":"Feature","properties":{"h3":"8930e1d8ea7ffff","emd_code":"1114055000","emd_name":"명동","area_km2":0.0725,"edge":false,"slope_mean":10.11,"elev_mean":64.9,"flood_hist_n":0,"flood_depth_max_m":null,"flood_risk_100y":null,"semi_basement_r":null,"elderly_alone_r":0.1536,"bldg_age30_r":null,"shelter_min_walk":3,"pop":2484,"hh":1315,"elderly65_r":0.3019,"single_hh_r":0.6882,"source_level":"emd","flood_years":[]},"geometry":{"type":"Polygon","coordinates":[[[126.98516,37.55704],[126.98441,37.55856],[126.98268,37.55877],[126.9817,37.55747],[126.98245,37.55595],[126.98418,37.55573],[126.98516,37.55704]]]}},{"type":"Feature","properties":{"h3":"8930e1d8eabffff","emd_code":"1114054000","emd_name":"회현동","area_km2":0.0725,"edge":true,"slope_mean":11.4,"elev_mean":114.2,"flood_hist_n":0,"flood_depth_max_m":null,"flood_risk_100y":null,"semi_basement_r":null,"elderly_alone_r":0.2396,"bldg_age30_r":null,"shelter_min_walk":2,"pop":4035,"hh":2270,"elderly65_r":0.3306,"single_hh_r":0.5789,"source_level":"emd","flood_years":[]},"geometry":{"type":"Polygon","coordinates":[[[126.98222,37.55312],[126.98147,37.55464],[126.97974,37.55486],[126.97876,37.55356],[126.97951,37.55204],[126.98124,37.55182],[126.98222,37.55312]]]}},{"type":"Feature","properties":{"h3":"8930e1d8eafffff","emd_code":"1114054000","emd_name":"회현동","area_km2":0.0725,"edge":false,"slope_mean":18.4,"elev_mean":117.0,"flood_hist_n":0,"flood_depth_max_m":null,"flood_risk_100y":null,"semi_basement_r":null,"elderly_alone_r":0.2396,"bldg_age30_r":null,"shelter_min_walk":4,"pop":4035,"hh":2270,"elderly65_r":0.3306,"single_hh_r":0.5789,"source_level":"emd","flood_years":[]},"geometry":{"type":"Polygon","coordinates":[[[126.98493,37.55421],[126.98418,37.55573],[126.98245,37.55595],[126.98147,37.55464],[126.98222,37.55312],[126.98395,37.55291],[126.98493,37.55421]]]}},{"type":"Feature","properties":{"h3":"8930e1d8eb3ffff","emd_code":"1114054000","emd_name":"회현동","area_km2":0.0725,"edge":false,"slope_mean":7.53,"elev_mean":52.2,"flood_hist_n":0,"flood_depth_max_m":null,"flood_risk_100y":null,"semi_basement_r":null,"elderly_alone_r":0.2396,"bldg_age30_r":null,"shelter_min_walk":1,"pop":4035,"hh":2270,"elderly65_r":0.3306,"single_hh_r":0.5789,"source_level":"emd","flood_years":[]},"geometry":{"type":"Polygon","coordinates":[[[126.97997,37.55768],[126.97923,37.5592],[126.9775,37.55942],[126.97652,37.55811],[126.97726,37.55659],[126.97899,37.55638],[126.97997,37.55768]]]}},{"type":"Feature","properties":{"h3":"8930e1d8eb7ffff","emd_code":"1114054000","emd_name":"회현동","area_km2":0.0725,"edge":false,"slope_mean":6.65,"elev_mean":43.4,"flood_hist_n":1,"flood_depth_max_m":0.2,"flood_risk_100y":null,"semi_basement_r":null,"elderly_alone_r":0.2396,"bldg_age30_r":null,"shelter_min_walk":3,"pop":4035,"hh":2270,"elderly65_r":0.3306,"single_hh_r":0.5789,"source_level":"emd","flood_years":[2022]},"geometry":{"type":"Polygon","coordinates":[[[126.98268,37.55877],[126.98194,37.56029],[126.98021,37.56051],[126.97923,37.5592],[126.97997,37.55768],[126.9817,37.55747],[126.98268,37.55877]]]}},{"type":"Feature","properties":{"h3":"8930e1d8ebbffff","emd_code":"1114054000","emd_name":"회현동","area_km2":0.0725,"edge":false,"slope_mean":12.37,"elev_mean":84.8,"flood_hist_n":1,"flood_depth_max_m":0.3,"flood_risk_100y":null,"semi_basement_r":null,"elderly_alone_r":0.2396,"bldg_age30_r":null,"shelter_min_walk":3,"pop":4035,"hh":2270,"elderly65_r":0.3306,"single_hh_r":0.5789,"source_level":"emd","flood_years":[2012]},"geometry":{"type":"Polygon","coordinates":[[[126.97974,37.55486],[126.97899,37.55638],[126.97726,37.55659],[126.97628,37.55529],[126.97703,37.55377],[126.97876,37.55356],[126.97974,37.55486]]]}}]}