{"type":"FeatureCollection","name":"grid_11320_h3r9","meta":{"sgg_code":"11320","h3_res":9,"n_cells":335,"dem":"Copernicus GLO-30 (N37E126+E127)","crs":"EPSG:4326","jumin_basis":"2026-07","flood_years_covered":[2010,2011,2012,2013,2014,2016,2017,2018,2019,2020,2022,2023,2024,2025]},"features":[{"type":"Feature","properties":{"h3":"8930e1c2003ffff","emd_code":"1132051100","emd_name":"창1동","area_km2":0.0726,"edge":false,"slope_mean":5.92,"elev_mean":33.0,"flood_hist_n":1,"flood_depth_max_m":0.3,"flood_risk_100y":null,"semi_basement_r":null,"elderly_alone_r":0.1309,"bldg_age30_r":null,"shelter_min_walk":3,"pop":22592,"hh":10562,"elderly65_r":0.2467,"single_hh_r":0.3896,"source_level":"emd","flood_years":[2018]},"geometry":{"type":"Polygon","coordinates":[[[127.0428,37.65119],[127.04206,37.65271],[127.04032,37.65293],[127.03934,37.65162],[127.04009,37.6501],[127.04182,37.64989],[127.0428,37.65119]]]}},{"type":"Feature","properties":{"h3":"8930e1c2007ffff","emd_code":"1132051500","emd_name":"창5동","area_km2":0.0726,"edge":false,"slope_mean":4.56,"elev_mean":28.3,"flood_hist_n":1,"flood_depth_max_m":0.3,"flood_risk_100y":null,"semi_basement_r":null,"elderly_alone_r":0.1176,"bldg_age30_r":null,"shelter_min_walk":2,"pop":23225,"hh":10327,"elderly65_r":0.2428,"single_hh_r":0.3502,"source_level":"emd","flood_years":[2022]},"geometry":{"type":"Polygon","coordinates":[[[127.04552,37.65228],[127.04477,37.6538],[127.04304,37.65402],[127.04206,37.65271],[127.0428,37.65119],[127.04454,37.65098],[127.04552,37.65228]]]}},{"type":"Feature","properties":{"h3":"8930e1c200bffff","emd_code":"1132051100","emd_name":"창1동","area_km2":0.0726,"edge":false,"slope_mean":4.83,"elev_mean":38.8,"flood_hist_n":0,"flood_depth_max_m":null,"flood_risk_100y":null,"semi_basement_r":null,"elderly_alone_r":0.1309,"bldg_age30_r":null,"shelter_min_walk":6,"pop":22592,"hh":10562,"elderly65_r":0.2467,"single_hh_r":0.3896,"source_level":"emd","flood_years":[]},"geometry":{"type":"Polygon","coordinates":[[[127.04257,37.64837],[127.04182,37.64989],[127.04009,37.6501],[127.0391,37.6488],[127.03985,37.64728],[127.04158,37.64706],[127.04257,37.64837]]]}},{"type":"Feature","properties":{"h3":"8930e1c200fffff","emd_code":"1132051100","emd_name":"창1동","area_km2":0.0726,"edge":false,"slope_mean":4.89,"elev_mean":32.0,"flood_hist_n":0,"flood_depth_max_m":null,"flood_risk_100y":null,"semi_basement_r":null,"elderly_alone_r":0.1309,"bldg_age30_r":null,"shelter_min_walk":3,"pop":22592,"hh":10562,"elderly65_r":0.2467,"single_hh_r":0.3896,"source_level":"emd","flood_years":[]},"geometry":{"type":"Polygon","coordinates":[[[127.04529,37.64946],[127.04454,37.65098],[127.0428,37.65119],[127.04182,37.64989],[127.04257,37.64837],[127.0443,37.64815],[127.04529,37.64946]]]}},{"type":"Feature","properties":{"h3":"8930e1c2013ffff","emd_code":"1132051500","emd_name":"창5동","area_km2":0.0726,"edge":false,"slope_mean":3.47,"elev_mean":35.1,"flood_hist_n":1,"flood_depth_max_m":0.3,"flood_risk_100y":null,"semi_basement_r":null,"elderly_alone_r":0.1176,"bldg_age30_r":null,"shelter_min_walk":6,"pop":23225,"hh":10327,"elderly65_r":0.2428,"single_hh_r":0.3502,"source_level":"emd","flood_years":[2025]},"geometry":{"type":"Polygon","coordinates":[[[127.04032,37.65293],[127.03957,37.65445],[127.03784,37.65466],[127.03686,37.65336],[127.03761,37.65184],[127.03934,37.65162],[127.04032,37.65293]]]}},{"type":"Feature","properties":{"h3":"8930e1c2017ffff","emd_code":"1132051500","emd_name":"창5동","area_km2":0.0726,"edge":false,"slope_mean":4.8,"elev_mean":30.9,"flood_hist_n":1,"flood_depth_max_m":0.3,"flood_risk_100y":null,"semi_basement_r":null,"elderly_alone_r":0.1176,"bldg_age30_r":null,"shelter_min_walk":3,"pop":23225,"hh":10327,"elderly65_r":0.2428,"single_hh_r":0.3502,"source_level":"emd","flood_years":[2022]},"geometry":{"type":"Polygon","coordinates":[[[127.04304,37.65402],[127.04229,37.65554],[127.04056,37.65575],[127.03957,37.65445],[127.04032,37.65293],[127.04206,37.65271],[127.04304,37.65402]]]}},{"type":"Feature","properties":{"h3":"8930e1c201bffff","emd_code":"1132051100","emd_name":"창1동","area_km2":0.0726,"edge":false,"slope_mean":5.63,"elev_mean":36.6,"flood_hist_n":1,"flood_depth_max_m":0.3,"flood_risk_100y":null,"semi_basement_r":null,"elderly_alone_r":0.1309,"bldg_age30_r":null,"shelter_min_walk":5,"pop":22592,"hh":10562,"elderly65_r":0.2467,"single_hh_r":0.3896,"source_level":"emd","flood_years":[2022]},"geometry":{"type":"Polygon","coordinates":[[[127.04009,37.6501],[127.03934,37.65162],[127.03761,37.65184],[127.03662,37.65053],[127.03737,37.64901],[127.0391,37.6488],[127.04009,37.6501]]]}},{"type":"Feature","properties":{"h3":"8930e1c2023ffff","emd_code":"1132051400","emd_name":"창4동","area_km2":0.0727,"edge":false,"slope_mean":7.34,"elev_mean":29.7,"flood_hist_n":0,"flood_depth_max_m":null,"flood_risk_100y":null,"semi_basement_r":null,"elderly_alone_r":0.1023,"bldg_age30_r":null,"shelter_min_walk":4,"pop":25836,"hh":11310,"elderly65_r":0.2144,"single_hh_r":0.3492,"source_level":"emd","flood_years":[]},"geometry":{"type":"Polygon","coordinates":[[[127.05072,37.65164],[127.04997,37.65316],[127.04824,37.65337],[127.04726,37.65207],[127.048,37.65055],[127.04974,37.65033],[127.05072,37.65164]]]}},{"type":"Feature","properties":{"h3":"8930e1c2027ffff","emd_code":"1132051400","emd_name":"창4동","area_km2":0.0727,"edge":false,"slope_mean":5.95,"elev_mean":27.5,"flood_hist_n":0,"flood_depth_max_m":null,"flood_risk_100y":null,"semi_basement_r":null,"elderly_alone_r":0.1023,"bldg_age30_r":null,"shelter_min_walk":3,"pop":25836,"hh":11310,"elderly65_r":0.2144,"single_hh_r":0.3492,"source_level":"emd","flood_years":[]},"geometry":{"type":"Polygon","coordinates":[[[127.05344,37.65273],[127.05269,37.65425],[127.05096,37.65447],[127.04997,37.65316],[127.05072,37.65164],[127.05246,37.65142],[127.05344,37.65273]]]}},{"type":"Feature","properties":{"h3":"8930e1c202bffff","emd_code":"1132051100","emd_name":"창1동","area_km2":0.0727,"edge":false,"slope_mean":4.63,"elev_mean":25.8,"flood_hist_n":0,"flood_depth_max_m":null,"flood_risk_100y":null,"semi_basement_r":null,"elderly_alone_r":0.1309,"bldg_age30_r":null,"shelter_min_walk":3,"pop":22592,"hh":10562,"elderly65_r":0.2467,"single_hh_r":0.3896,"source_level":"emd","flood_years":[]},"geometry":{"type":"Polygon","coordinates":[[[127.05049,37.64881],[127.04974,37.65033],[127.048,37.65055],[127.04702,37.64924],[127.04777,37.64772],[127.0495,37.64751],[127.05049,37.64881]]]}},{"type":"Feature","properties":{"h3":"8930e1c202fffff","emd_code":"1132051400","emd_name":"창4동","area_km2":0.0727,"edge":false,"slope_mean":5.24,"elev_mean":27.8,"flood_hist_n":0,"flood_depth_max_m":null,"flood_risk_100y":null,"semi_basement_r":null,"elderly_alone_r":0.1023,"bldg_age30_r":null,"shelter_min_walk":6,"pop":25836,"hh":11310,"elderly65_r":0.2144,"single_hh_r":0.3492,"source_level":"emd","flood_years":[]},"geometry":{"type":"Polygon","coordinates":[[[127.0532,37.6499],[127.05246,37.65142],[127.05072,37.65164],[127.04974,37.65033],[127.05049,37.64881],[127.05222,37.6486],[127.0532,37.6499]]]}},{"type":"Feature","properties":{"h3":"8930e1c2033ffff","emd_code":"1132051500","emd_name":"창5동","area_km2":0.0727,"edge":false,"slope_mean":5.55,"elev_mean":27.3,"flood_hist_n":1,"flood_depth_max_m":0.3,"flood_risk_100y":null,"semi_basement_r":null,"elderly_alone_r":0.1176,"bldg_age30_r":null,"shelter_min_walk":1,"pop":23225,"hh":10327,"elderly65_r":0.2428,"single_hh_r":0.3502,"source_level":"emd","flood_years":[2022]},"geometry":{"type":"Polygon","coordinates":[[[127.04824,37.65337],[127.04749,37.6549],[127.04576,37.65511],[127.04477,37.6538],[127.04552,37.65228],[127.04726,37.65207],[127.04824,37.65337]]]}},{"type":"Feature","properties":{"h3":"8930e1c2037ffff","emd_code":"1132051400","emd_name":"창4동","area_km2":0.0727,"edge":false,"slope_mean":2.55,"elev_mean":26.7,"flood_hist_n":0,"flood_depth_max_m":null,"flood_risk_100y":null,"semi_basement_r":null,"elderly_alone_r":0.1023,"bldg_age30_r":null,"shelter_min_walk":1,"pop":25836,"hh":11310,"elderly65_r":0.2144,"single_hh_r":0.3492,"source_level":"emd","flood_years":[]},"geometry":{"type":"Polygon","coordinates":[[[127.05096,37.65447],[127.05021,37.65599],[127.04848,37.6562],[127.04749,37.6549],[127.04824,37.65337],[127.04997,37.65316],[127.05096,37.65447]]]}},{"type":"Feature","properties":{"h3":"8930e1c203bffff","emd_code":"1132051100","emd_name":"창1동","area_km2":0.0727,"edge":false,"slope_mean":6.06,"elev_mean":29.5,"flood_hist_n":0,"flood_depth_max_m":null,"flood_risk_100y":null,"semi_basement_r":null,"elderly_alone_r":0.1309,"bldg_age30_r":null,"shelter_min_walk":2,"pop":22592,"hh":10562,"elderly65_r":0.2467,"single_hh_r":0.3896,"source_level":"emd","flood_years":[]},"geometry":{"type":"Polygon","coordinates":[[[127.048,37.65055],[127.04726,37.65207],[127.04552,37.65228],[127.04454,37.65098],[127.04529,37.64946],[127.04702,37.64924],[127.048,37.65055]]]}},{"type":"Feature","properties":{"h3":"8930e1c2043ffff","emd_code":"1132051200","emd_name":"창2동","area_km2":0.0726,"edge":false,"slope_mean":4.06,"elev_mean":45.6,"flood_hist_n":0,"flood_depth_max_m":null,"flood_risk_100y":null,"semi_basement_r":null,"elderly_alone_r":0.1269,"bldg_age30_r":null,"shelter_min_walk":3,"pop":27436,"hh":12765,"elderly65_r":0.2487,"single_hh_r":0.3792,"source_level":"emd","flood_years":[]},"geometry":{"type":"Polygon","coordinates":[[[127.03962,37.64445],[127.03887,37.64597],[127.03714,37.64618],[127.03615,37.64488],[127.0369,37.64336],[127.03863,37.64314],[127.03962,37.64445]]]}},{"type":"Feature","properties":{"h3":"8930e1c2047ffff","emd_code":"1132051200","emd_name":"창2동","area_km2":0.0726,"edge":false,"slope_mean":5.57,"elev_mean":50.0,"flood_hist_n":1,"flood_depth_max_m":0.3,"flood_risk_100y":null,"semi_basement_r":null,"elderly_alone_r":0.1269,"bldg_age30_r":null,"shelter_min_walk":6,"pop":27436,"hh":12765,"elderly65_r":0.2487,"single_hh_r":0.3792,"source_level":"emd","flood_years":[2022]},"geometry":{"type":"Polygon","coordinates":[[[127.04233,37.64554],[127.04158,37.64706],[127.03985,37.64728],[127.03887,37.64597],[127.03962,37.64445],[127.04135,37.64424],[127.04233,37.64554]]]}},{"type":"Feature","properties":{"h3":"8930e1c204bffff","emd_code":"1132051200","emd_name":"창2동","area_km2":0.0726,"edge":false,"slope_mean":4.27,"elev_mean":40.1,"flood_hist_n":0,"flood_depth_max_m":null,"flood_risk_100y":null,"semi_basement_r":null,"elderly_alone_r":0.1269,"bldg_age30_r":null,"shelter_min_walk":2,"pop":27436,"hh":12765,"elderly65_r":0.2487,"single_hh_r":0.3792,"source_level":"emd","flood_years":[]},"geometry":{"type":"Polygon","coordinates":[[[127.03938,37.64162],[127.03863,37.64314],[127.0369,37.64336],[127.03592,37.64205],[127.03666,37.64053],[127.0384,37.64032],[127.03938,37.64162]]]}},{"type":"Feature","properties":{"h3":"8930e1c204fffff","emd_code":"1132051200","emd_name":"창2동","area_km2":0.0726,"edge":false,"slope_mean":5.26,"elev_mean":44.0,"flood_hist_n":2,"flood_depth_max_m":0.3,"flood_risk_100y":null,"semi_basement_r":null,"elderly_alone_r":0.1269,"bldg_age30_r":null,"shelter_min_walk":3,"pop":27436,"hh":12765,"elderly65_r":0.2487,"single_hh_r":0.3792,"source_level":"emd","flood_years":[2013,2022]},"geometry":{"type":"Polygon","coordinates":[[[127.0421,37.64271],[127.04135,37.64424],[127.03962,37.64445],[127.03863,37.64314],[127.03938,37.64162],[127.04111,37.64141],[127.0421,37.64271]]]}},{"type":"Feature","properties":{"h3":"8930e1c2053ffff","emd_code":"1132051200","emd_name":"창2동","area_km2":0.0726,"edge":false,"slope_mean":4.35,"elev_mean":47.2,"flood_hist_n":1,"flood_depth_max_m":0.3,"flood_risk_100y":null,"semi_basement_r":null,"elderly_alone_r":0.1269,"bldg_age30_r":null,"shelter_min_walk":2,"pop":27436,"hh":12765,"elderly65_r":0.2487,"single_hh_r":0.3792,"source_level":"emd","flood_years":[2022]},"geometry":{"type":"Polygon","coordinates":[[[127.03714,37.64618],[127.03639,37.64771],[127.03465,37.64792],[127.03367,37.64661],[127.03442,37.64509],[127.03615,37.64488],[127.03714,37.64618]]]}},{"type":"Feature","properties":{"h3":"8930e1c2057ffff","emd_code":"1132051100","emd_name":"창1동","area_km2":0.0726,"edge":false,"slope_mean":3.54,"elev_mean":45.6,"flood_hist_n":2,"flood_depth_max_m":0.3,"flood_risk_100y":null,"semi_basement_r":null,"elderly_alone_r":0.1309,"bldg_age30_r":null,"shelter_min_walk":5,"pop":22592,"hh":10562,"elderly65_r":0.2467,"single_hh_r":0.3896,"source_level":"emd","flood_years":[2022,2025]},"geometry":{"type":"Polygon","coordinates":[[[127.03985,37.64728],[127.0391,37.6488],[127.03737,37.64901],[127.03639,37.64771],[127.03714,37.64618],[127.03887,37.64597],[127.03985,37.64728]]]}},{"type":"Feature","properties":{"h3":"8930e1c205bffff","emd_code":"1132051200","emd_name":"창2동","area_km2":0.0726,"edge":false,"slope_mean":4.87,"elev_mean":37.8,"flood_hist_n":3,"flood_depth_max_m":0.3,"flood_risk_100y":null,"semi_basement_r":null,"elderly_alone_r":0.1269,"bldg_age30_r":null,"shelter_min_walk":3,"pop":27436,"hh":12765,"elderly65_r":0.2487,"single_hh_r":0.3792,"source_level":"emd","flood_years":[2022,2023,2025]},"geometry":{"type":"Polygon","coordinates":[[[127.0369,37.64336],[127.03615,37.64488],[127.03442,37.64509],[127.03343,37.64379],[127.03418,37.64227],[127.03592,37.64205],[127.0369,37.64336]]]}},{"type":"Feature","properties":{"h3":"8930e1c2063ffff","emd_code":"1132051100","emd_name":"창1동","area_km2":0.0726,"edge":false,"slope_mean":8.44,"elev_mean":41.7,"flood_hist_n":0,"flood_depth_max_m":null,"flood_risk_100y":null,"semi_basement_r":null,"elderly_alone_r":0.1309,"bldg_age30_r":null,"shelter_min_walk":9,"pop":22592,"hh":10562,"elderly65_r":0.2467,"single_hh_r":0.3896,"source_level":"emd","flood_years":[]},"geometry":{"type":"Polygon","coordinates":[[[127.04753,37.6449],[127.04678,37.64642],[127.04505,37.64663],[127.04407,37.64533],[127.04482,37.64381],[127.04655,37.64359],[127.04753,37.6449]]]}},{"type":"Feature","properties":{"h3":"8930e1c2067ffff","emd_code":"1132051100","emd_name":"창1동","area_km2":0.0727,"edge":false,"slope_mean":5.96,"elev_mean":28.3,"flood_hist_n":0,"flood_depth_max_m":null,"flood_risk_100y":null,"semi_basement_r":null,"elderly_alone_r":0.1309,"bldg_age30_r":null,"shelter_min_walk":7,"pop":22592,"hh":10562,"elderly65_r":0.2467,"single_hh_r":0.3896,"source_level":"emd","flood_years":[]},"geometry":{"type":"Polygon","coordinates":[[[127.05025,37.64599],[127.0495,37.64751],[127.04777,37.64772],[127.04678,37.64642],[127.04753,37.6449],[127.04927,37.64468],[127.05025,37.64599]]]}},{"type":"Feature","properties":{"h3":"8930e1c206bffff","emd_code":"1132051100","emd_name":"창1동","area_km2":0.0726,"edge":false,"slope_mean":11.84,"elev_mean":74.2,"flood_hist_n":0,"flood_depth_max_m":null,"flood_risk_100y":null,"semi_basement_r":null,"elderly_alone_r":0.1309,"bldg_age30_r":null,"shelter_min_walk":7,"pop":22592,"hh":10562,"elderly65_r":0.2467,"single_hh_r":0.3896,"source_level":"emd","flood_years":[]},"geometry":{"type":"Polygon","coordinates":[[[127.0473,37.64207],[127.04655,37.64359],[127.04482,37.64381],[127.04383,37.6425],[127.04458,37.64098],[127.04631,37.64076],[127.0473,37.64207]]]}},{"type":"Feature","properties":{"h3":"8930e1c206fffff","emd_code":"1132051100","emd_name":"창1동","area_km2":0.0727,"edge":false,"slope_mean":10.25,"elev_mean":41.6,"flood_hist_n":0,"flood_depth_max_m":null,"flood_risk_100y":null,"semi_basement_r":null,"elderly_alone_r":0.1309,"bldg_age30_r":null,"shelter_min_walk":11,"pop":22592,"hh":10562,"elderly65_r":0.2467,"single_hh_r":0.3896,"source_level":"emd","flood_years":[]},"geometry":{"type":"Polygon","coordinates":[[[127.05001,37.64316],[127.04927,37.64468],[127.04753,37.6449],[127.04655,37.64359],[127.0473,37.64207],[127.04903,37.64186],[127.05001,37.64316]]]}},{"type":"Feature","properties":{"h3":"8930e1c2073ffff","emd_code":"1132051100","emd_name":"창1동","area_km2":0.0726,"edge":false,"slope_mean":6.05,"elev_mean":36.7,"flood_hist_n":0,"flood_depth_max_m":null,"flood_risk_100y":null,"semi_basement_r":null,"elderly_alone_r":0.1309,"bldg_age30_r":null,"shelter_min_walk":8,"pop":22592,"hh":10562,"elderly65_r":0.2467,"single_hh_r":0.3896,"source_level":"emd","flood_years":[]},"geometry":{"type":"Polygon","coordinates":[[[127.04505,37.64663],[127.0443,37.64815],[127.04257,37.64837],[127.04158,37.64706],[127.04233,37.64554],[127.04407,37.64533],[127.04505,37.64663]]]}},{"type":"Feature","properties":{"h3":"8930e1c2077ffff","emd_code":"1132051100","emd_name":"창1동","area_km2":0.0726,"edge":false,"slope_mean":6.31,"elev_mean":32.4,"flood_hist_n":0,"flood_depth_max_m":null,"flood_risk_100y":null,"semi_basement_r":null,"elderly_alone_r":0.1309,"bldg_age30_r":null,"shelter_min_walk":4,"pop":22592,"hh":10562,"elderly65_r":0.2467,"single_hh_r":0.3896,"source_level":"emd","flood_years":[]},"geometry":{"type":"Polygon","coordinates":[[[127.04777,37.64772],[127.04702,37.64924],[127.04529,37.64946],[127.0443,37.64815],[127.04505,37.64663],[127.04678,37.64642],[127.04777,37.64772]]]}},{"type":"Feature","properties":{"h3":"8930e1c207bffff","emd_code":"1132051200","emd_name":"창2동","area_km2":0.0726,"edge":false,"slope_mean":9.22,"elev_mean":56.8,"flood_hist_n":0,"flood_depth_max_m":null,"flood_risk_100y":null,"semi_basement_r":null,"elderly_alone_r":0.1269,"bldg_age30_r":null,"shelter_min_walk":6,"pop":27436,"hh":12765,"elderly65_r":0.2487,"single_hh_r":0.3792,"source_level":"emd","flood_years":[]},"geometry":{"type":"Polygon","coordinates":[[[127.04482,37.64381],[127.04407,37.64533],[127.04233,37.64554],[127.04135,37.64424],[127.0421,37.64271],[127.04383,37.6425],[127.04482,37.64381]]]}},{"type":"Feature","properties":{"h3":"8930e1c2083ffff","emd_code":"1132067000","emd_name":"쌍문2동","area_km2":0.0726,"edge":false,"slope_mean":4.16,"elev_mean":40.0,"flood_hist_n":3,"flood_depth_max_m":0.3,"flood_risk_100y":null,"semi_basement_r":null,"elderly_alone_r":0.1713,"bldg_age30_r":null,"shelter_min_walk":1,"pop":17228,"hh":8429,"elderly65_r":0.2813,"single_hh_r":0.42,"source_level":"emd","flood_years":[2022,2023,2025]},"geometry":{"type":"Polygon","coordinates":[[[127.03808,37.65749],[127.03733,37.65901],[127.03559,37.65922],[127.03461,37.65792],[127.03536,37.6564],[127.03709,37.65618],[127.03808,37.65749]]]}},{"type":"Feature","properties":{"h3":"8930e1c2087ffff","emd_code":"1132067000","emd_name":"쌍문2동","area_km2":0.0726,"edge":false,"slope_mean":4.77,"elev_mean":37.5,"flood_hist_n":2,"flood_depth_max_m":0.3,"flood_risk_100y":null,"semi_basement_r":null,"elderly_alone_r":0.1713,"bldg_age30_r":null,"shelter_min_walk":3,"pop":17228,"hh":8429,"elderly65_r":0.2813,"single_hh_r":0.42,"source_level":"emd","flood_years":[2018,2022]},"geometry":{"type":"Polygon","coordinates":[[[127.04079,37.65858],[127.04005,37.6601],[127.03831,37.66031],[127.03733,37.65901],[127.03808,37.65749],[127.03981,37.65727],[127.04079,37.65858]]]}},{"type":"Feature","properties":{"h3":"8930e1c208bffff","emd_code":"1132067000","emd_name":"쌍문2동","area_km2":0.0726,"edge":false,"slope_mean":5.1,"elev_mean":40.1,"flood_hist_n":2,"flood_depth_max_m":0.3,"flood_risk_100y":null,"semi_basement_r":null,"elderly_alone_r":0.1713,"bldg_age30_r":null,"shelter_min_walk":4,"pop":17228,"hh":8429,"elderly65_r":0.2813,"single_hh_r":0.42,"source_level":"emd","flood_years":[2011,2022]},"geometry":{"type":"Polygon","coordinates":[[[127.03784,37.65466],[127.03709,37.65618],[127.03536,37.6564],[127.03438,37.65509],[127.03512,37.65357],[127.03686,37.65336],[127.03784,37.65466]]]}},{"type":"Feature","properties":{"h3":"8930e1c208fffff","emd_code":"1132067000","emd_name":"쌍문2동","area_km2":0.0726,"edge":false,"slope_mean":5.97,"elev_mean":34.2,"flood_hist_n":3,"flood_depth_max_m":0.3,"flood_risk_100y":null,"semi_basement_r":null,"elderly_alone_r":0.1713,"bldg_age30_r":null,"shelter_min_walk":3,"pop":17228,"hh":8429,"elderly65_r":0.2813,"single_hh_r":0.42,"source_level":"emd","flood_years":[2011,2022,2025]},"geometry":{"type":"Polygon","coordinates":[[[127.04056,37.65575],[127.03981,37.65727],[127.03808,37.65749],[127.03709,37.65618],[127.03784,37.65466],[127.03957,37.65445],[127.04056,37.65575]]]}},{"type":"Feature","properties":{"h3":"8930e1c2093ffff","emd_code":"1132068100","emd_name":"쌍문4동","area_km2":0.0726,"edge":false,"slope_mean":4.52,"elev_mean":38.1,"flood_hist_n":4,"flood_depth_max_m":0.3,"flood_risk_100y":null,"semi_basement_r":null,"elderly_alone_r":0.1119,"bldg_age30_r":null,"shelter_min_walk":2,"pop":17557,"hh":7097,"elderly65_r":0.242,"single_hh_r":0.2576,"source_level":"emd","flood_years":[2018,2020,2022,2025]},"geometry":{"type":"Polygon","coordinates":[[[127.03559,37.65922],[127.03485,37.66074],[127.03311,37.66096],[127.03213,37.65965],[127.03288,37.65813],[127.03461,37.65792],[127.03559,37.65922]]]}},{"type":"Feature","properties":{"h3":"8930e1c2097ffff","emd_code":"1132067000","emd_name":"쌍문2동","area_km2":0.0726,"edge":false,"slope_mean":4.15,"elev_mean":35.7,"flood_hist_n":4,"flood_depth_max_m":0.3,"flood_risk_100y":null,"semi_basement_r":null,"elderly_alone_r":0.1713,"bldg_age30_r":null,"shelter_min_walk":2,"pop":17228,"hh":8429,"elderly65_r":0.2813,"single_hh_r":0.42,"source_level":"emd","flood_years":[2018,2022,2023,2025]},"geometry":{"type":"Polygon","coordinates":[[[127.03831,37.66031],[127.03756,37.66184],[127.03583,37.66205],[127.03485,37.66074],[127.03559,37.65922],[127.03733,37.65901],[127.03831,37.66031]]]}},{"type":"Feature","properties":{"h3":"8930e1c209bffff","emd_code":"1132068100","emd_name":"쌍문4동","area_km2":0.0726,"edge":false,"slope_mean":5.34,"elev_mean":40.1,"flood_hist_n":0,"flood_depth_max_m":null,"flood_risk_100y":null,"semi_basement_r":null,"elderly_alone_r":0.1119,"bldg_age30_r":null,"shelter_min_walk":1,"pop":17557,"hh":7097,"elderly65_r":0.242,"single_hh_r":0.2576,"source_level":"emd","flood_years":[]},"geometry":{"type":"Polygon","coordinates":[[[127.03536,37.6564],[127.03461,37.65792],[127.03288,37.65813],[127.03189,37.65683],[127.03264,37.65531],[127.03438,37.65509],[127.03536,37.6564]]]}},{"type":"Feature","properties":{"h3":"8930e1c20a3ffff","emd_code":"1132051500","emd_name":"창5동","area_km2":0.0726,"edge":false,"slope_mean":4.06,"elev_mean":27.5,"flood_hist_n":0,"flood_depth_max_m":null,"flood_risk_100y":null,"semi_basement_r":null,"elderly_alone_r":0.1176,"bldg_age30_r":null,"shelter_min_walk":2,"pop":23225,"hh":10327,"elderly65_r":0.2428,"single_hh_r":0.3502,"source_level":"emd","flood_years":[]},"geometry":{"type":"Polygon","coordinates":[[[127.04599,37.65794],[127.04524,37.65946],[127.04351,37.65967],[127.04253,37.65837],[127.04328,37.65685],[127.04501,37.65663],[127.04599,37.65794]]]}},{"type":"Feature","properties":{"h3":"8930e1c20a7ffff","emd_code":"1132051400","emd_name":"창4동","area_km2":0.0727,"edge":false,"slope_mean":4.71,"elev_mean":28.5,"flood_hist_n":0,"flood_depth_max_m":null,"flood_risk_100y":null,"semi_basement_r":null,"elderly_alone_r":0.1023,"bldg_age30_r":null,"shelter_min_walk":1,"pop":25836,"hh":11310,"elderly65_r":0.2144,"single_hh_r":0.3492,"source_level":"emd","flood_years":[]},"geometry":{"type":"Polygon","coordinates":[[[127.04871,37.65903],[127.04796,37.66055],[127.04623,37.66076],[127.04524,37.65946],[127.04599,37.65794],[127.04773,37.65772],[127.04871,37.65903]]]}},{"type":"Feature","properties":{"h3":"8930e1c20abffff","emd_code":"1132051500","emd_name":"창5동","area_km2":0.0726,"edge":false,"slope_mean":5.03,"elev_mean":29.0,"flood_hist_n":1,"flood_depth_max_m":0.3,"flood_risk_100y":null,"semi_basement_r":null,"elderly_alone_r":0.1176,"bldg_age30_r":null,"shelter_min_walk":2,"pop":23225,"hh":10327,"elderly65_r":0.2428,"single_hh_r":0.3502,"source_level":"emd","flood_years":[2022]},"geometry":{"type":"Polygon","coordinates":[[[127.04576,37.65511],[127.04501,37.65663],[127.04328,37.65685],[127.04229,37.65554],[127.04304,37.65402],[127.04477,37.6538],[127.04576,37.65511]]]}},{"type":"Feature","properties":{"h3":"8930e1c20afffff","emd_code":"1132051400","emd_name":"창4동","area_km2":0.0727,"edge":false,"slope_mean":4.34,"elev_mean":28.2,"flood_hist_n":0,"flood_depth_max_m":null,"flood_risk_100y":null,"semi_basement_r":null,"elderly_alone_r":0.1023,"bldg_age30_r":null,"shelter_min_walk":3,"pop":25836,"hh":11310,"elderly65_r":0.2144,"single_hh_r":0.3492,"source_level":"emd","flood_years":[]},"geometry":{"type":"Polygon","coordinates":[[[127.04848,37.6562],[127.04773,37.65772],[127.04599,37.65794],[127.04501,37.65663],[127.04576,37.65511],[127.04749,37.6549],[127.04848,37.6562]]]}},{"type":"Feature","properties":{"h3":"8930e1c20b3ffff","emd_code":"1132051500","emd_name":"창5동","area_km2":0.0726,"edge":false,"slope_mean":5.03,"elev_mean":29.5,"flood_hist_n":1,"flood_depth_max_m":0.3,"flood_risk_100y":null,"semi_basement_r":null,"elderly_alone_r":0.1176,"bldg_age30_r":null,"shelter_min_walk":2,"pop":23225,"hh":10327,"elderly65_r":0.2428,"single_hh_r":0.3502,"source_level":"emd","flood_years":[2022]},"geometry":{"type":"Polygon","coordinates":[[[127.04351,37.65967],[127.04276,37.66119],[127.04103,37.66141],[127.04005,37.6601],[127.04079,37.65858],[127.04253,37.65837],[127.04351,37.65967]]]}},{"type":"Feature","properties":{"h3":"8930e1c20b7ffff","emd_code":"1132051500","emd_name":"창5동","area_km2":0.0727,"edge":false,"slope_mean":4.06,"elev_mean":27.7,"flood_hist_n":0,"flood_depth_max_m":null,"flood_risk_100y":null,"semi_basement_r":null,"elderly_alone_r":0.1176,"bldg_age30_r":null,"shelter_min_walk":2,"pop":23225,"hh":10327,"elderly65_r":0.2428,"single_hh_r":0.3502,"source_level":"emd","flood_years":[]},"geometry":{"type":"Polygon","coordinates":[[[127.04623,37.66076],[127.04548,37.66228],[127.04375,37.6625],[127.04276,37.66119],[127.04351,37.65967],[127.04524,37.65946],[127.04623,37.66076]]]}},{"type":"Feature","properties":{"h3":"8930e1c20bbffff","emd_code":"1132051500","emd_name":"창5동","area_km2":0.0726,"edge":false,"slope_mean":6.02,"elev_mean":29.8,"flood_hist_n":0,"flood_depth_max_m":null,"flood_risk_100y":null,"semi_basement_r":null,"elderly_alone_r":0.1176,"bldg_age30_r":null,"shelter_min_walk":2,"pop":23225,"hh":10327,"elderly65_r":0.2428,"single_hh_r":0.3502,"source_level":"emd","flood_years":[]},"geometry":{"type":"Polygon","coordinates":[[[127.04328,37.65685],[127.04253,37.65837],[127.04079,37.65858],[127.03981,37.65727],[127.04056,37.65575],[127.04229,37.65554],[127.04328,37.65685]]]}},{"type":"Feature","properties":{"h3":"8930e1c20c3ffff","emd_code":"1132068000","emd_name":"쌍문3동","area_km2":0.0726,"edge":false,"slope_mean":4.74,"elev_mean":50.3,"flood_hist_n":2,"flood_depth_max_m":0.3,"flood_risk_100y":null,"semi_basement_r":null,"elderly_alone_r":0.1451,"bldg_age30_r":null,"shelter_min_walk":4,"pop":15870,"hh":8207,"elderly65_r":0.2658,"single_hh_r":0.4814,"source_level":"emd","flood_years":[2022,2025]},"geometry":{"type":"Polygon","coordinates":[[[127.03489,37.65075],[127.03414,37.65227],[127.03241,37.65248],[127.03142,37.65117],[127.03217,37.64965],[127.0339,37.64944],[127.03489,37.65075]]]}},{"type":"Feature","properties":{"h3":"8930e1c20c7ffff","emd_code":"1132067000","emd_name":"쌍문2동","area_km2":0.0726,"edge":false,"slope_mean":4.64,"elev_mean":39.2,"flood_hist_n":2,"flood_depth_max_m":0.3,"flood_risk_100y":null,"semi_basement_r":null,"elderly_alone_r":0.1713,"bldg_age30_r":null,"shelter_min_walk":5,"pop":17228,"hh":8429,"elderly65_r":0.2813,"single_hh_r":0.42,"source_level":"emd","flood_years":[2022,2025]},"geometry":{"type":"Polygon","coordinates":[[[127.03761,37.65184],[127.03686,37.65336],[127.03512,37.65357],[127.03414,37.65227],[127.03489,37.65075],[127.03662,37.65053],[127.03761,37.65184]]]}},{"type":"Feature","properties":{"h3":"8930e1c20cbffff","emd_code":"1132068000","emd_name":"쌍문3동","area_km2":0.0726,"edge":false,"slope_mean":3.28,"elev_mean":46.2,"flood_hist_n":2,"flood_depth_max_m":0.3,"flood_risk_100y":null,"semi_basement_r":null,"elderly_alone_r":0.1451,"bldg_age30_r":null,"shelter_min_walk":3,"pop":15870,"hh":8207,"elderly65_r":0.2658,"single_hh_r":0.4814,"source_level":"emd","flood_years":[2022,2025]},"geometry":{"type":"Polygon","coordinates":[[[127.03465,37.64792],[127.0339,37.64944],[127.03217,37.64965],[127.03119,37.64835],[127.03194,37.64683],[127.03367,37.64661],[127.03465,37.64792]]]}},{"type":"Feature","properties":{"h3":"8930e1c20cfffff","emd_code":"1132051100","emd_name":"창1동","area_km2":0.0726,"edge":false,"slope_mean":4.05,"elev_mean":41.1,"flood_hist_n":1,"flood_depth_max_m":0.3,"flood_risk_100y":null,"semi_basement_r":null,"elderly_alone_r":0.1309,"bldg_age30_r":null,"shelter_min_walk":1,"pop":22592,"hh":10562,"elderly65_r":0.2467,"single_hh_r":0.3896,"source_level":"emd","flood_years":[2022]},"geometry":{"type":"Polygon","coordinates":[[[127.03737,37.64901],[127.03662,37.65053],[127.03489,37.65075],[127.0339,37.64944],[127.03465,37.64792],[127.03639,37.64771],[127.03737,37.64901]]]}},{"type":"Feature","properties":{"h3":"8930e1c20d3ffff","emd_code":"1132068100","emd_name":"쌍문4동","area_km2":0.0726,"edge":false,"slope_mean":6.63,"elev_mean":68.9,"flood_hist_n":0,"flood_depth_max_m":null,"flood_risk_100y":null,"semi_basement_r":null,"elderly_alone_r":0.1119,"bldg_age30_r":null,"shelter_min_walk":3,"pop":17557,"hh":7097,"elderly65_r":0.242,"single_hh_r":0.2576,"source_level":"emd","flood_years":[]},"geometry":{"type":"Polygon","coordinates":[[[127.03241,37.65248],[127.03166,37.654],[127.02993,37.65422],[127.02894,37.65291],[127.02969,37.65139],[127.03142,37.65117],[127.03241,37.65248]]]}},{"type":"Feature","properties":{"h3":"8930e1c20d7ffff","emd_code":"1132067000","emd_name":"쌍문2동","area_km2":0.0726,"edge":false,"slope_mean":9.23,"elev_mean":56.9,"flood_hist_n":3,"flood_depth_max_m":0.3,"flood_risk_100y":null,"semi_basement_r":null,"elderly_alone_r":0.1713,"bldg_age30_r":null,"shelter_min_walk":3,"pop":17228,"hh":8429,"elderly65_r":0.2813,"single_hh_r":0.42,"source_level":"emd","flood_years":[2018,2022,2025]},"geometry":{"type":"Polygon","coordinates":[[[127.03512,37.65357],[127.03438,37.65509],[127.03264,37.65531],[127.03166,37.654],[127.03241,37.65248],[127.03414,37.65227],[127.03512,37.65357]]]}},{"type":"Feature","properties":{"h3":"8930e1c20dbffff","emd_code":"1132068000","emd_name":"쌍문3동","area_km2":0.0726,"edge":false,"slope_mean":4.45,"elev_mean":53.6,"flood_hist_n":0,"flood_depth_max_m":null,"flood_risk_100y":null,"semi_basement_r":null,"elderly_alone_r":0.1451,"bldg_age30_r":null,"shelter_min_walk":2,"pop":15870,"hh":8207,"elderly65_r":0.2658,"single_hh_r":0.4814,"source_level":"emd","flood_years":[]},"geometry":{"type":"Polygon","coordinates":[[[127.03217,37.64965],[127.03142,37.65117],[127.02969,37.65139],[127.02871,37.65008],[127.02946,37.64856],[127.03119,37.64835],[127.03217,37.64965]]]}},{"type":"Feature","properties":{"h3":"8930e1c2153ffff","emd_code":"1132051400","emd_name":"창4동","area_km2":0.0727,"edge":true,"slope_mean":6.6,"elev_mean":23.3,"flood_hist_n":0,"flood_depth_max_m":null,"flood_risk_100y":null,"semi_basement_r":null,"elderly_alone_r":0.1023,"bldg_age30_r":null,"shelter_min_walk":2,"pop":25836,"hh":11310,"elderly65_r":0.2144,"single_hh_r":0.3492,"source_level":"emd","flood_years":[]},"geometry":{"type":"Polygon","coordinates":[[[127.05616,37.65382],[127.05541,37.65534],[127.05368,37.65556],[127.05269,37.65425],[127.05344,37.65273],[127.05517,37.65252],[127.05616,37.65382]]]}},{"type":"Feature","properties":{"h3":"8930e1c215bffff","emd_code":"1132051400","emd_name":"창4동","area_km2":0.0727,"edge":false,"slope_mean":5.78,"elev_mean":21.2,"flood_hist_n":0,"flood_depth_max_m":null,"flood_risk_100y":null,"semi_basement_r":null,"elderly_alone_r":0.1023,"bldg_age30_r":null,"shelter_min_walk":4,"pop":25836,"hh":11310,"elderly65_r":0.2144,"single_hh_r":0.3492,"source_level":"emd","flood_years":[]},"geometry":{"type":"Polygon","coordinates":[[[127.05592,37.65099],[127.05517,37.65252],[127.05344,37.65273],[127.05246,37.65142],[127.0532,37.6499],[127.05494,37.64969],[127.05592,37.65099]]]}},{"type":"Feature","properties":{"h3":"8930e1c219bffff","emd_code":"1132069000","emd_name":"방학1동","area_km2":0.0727,"edge":true,"slope_mean":5.2,"elev_mean":27.3,"flood_hist_n":0,"flood_depth_max_m":null,"flood_risk_100y":null,"semi_basement_r":null,"elderly_alone_r":0.1576,"bldg_age30_r":null,"shelter_min_walk":4,"pop":27718,"hh":13242,"elderly65_r":0.269,"single_hh_r":0.4314,"source_level":"emd","flood_years":[]},"geometry":{"type":"Polygon","coordinates":[[[127.05438,37.66404],[127.05364,37.66556],[127.0519,37.66577],[127.05092,37.66447],[127.05167,37.66294],[127.0534,37.66273],[127.05438,37.66404]]]}},{"type":"Feature","properties":{"h3":"8930e1c21c3ffff","emd_code":"1132051400","emd_name":"창4동","area_km2":0.0727,"edge":false,"slope_mean":7.07,"elev_mean":23.8,"flood_hist_n":0,"flood_depth_max_m":null,"flood_risk_100y":null,"semi_basement_r":null,"elderly_alone_r":0.1023,"bldg_age30_r":null,"shelter_min_walk":4,"pop":25836,"hh":11310,"elderly65_r":0.2144,"single_hh_r":0.3492,"source_level":"emd","flood_years":[]},"geometry":{"type":"Polygon","coordinates":[[[127.05391,37.65838],[127.05316,37.6599],[127.05143,37.66012],[127.05045,37.65881],[127.05119,37.65729],[127.05293,37.65708],[127.05391,37.65838]]]}},{"type":"Feature","properties":{"h3":"8930e1c21cbffff","emd_code":"1132051400","emd_name":"창4동","area_km2":0.0727,"edge":false,"slope_mean":5.61,"elev_mean":28.0,"flood_hist_n":0,"flood_depth_max_m":null,"flood_risk_100y":null,"semi_basement_r":null,"elderly_alone_r":0.1023,"bldg_age30_r":null,"shelter_min_walk":4,"pop":25836,"hh":11310,"elderly65_r":0.2144,"single_hh_r":0.3492,"source_level":"emd","flood_years":[]},"geometry":{"type":"Polygon","coordinates":[[[127.05368,37.65556],[127.05293,37.65708],[127.05119,37.65729],[127.05021,37.65599],[127.05096,37.65447],[127.05269,37.65425],[127.05368,37.65556]]]}},{"type":"Feature","properties":{"h3":"8930e1c21cfffff","emd_code":"1132051400","emd_name":"창4동","area_km2":0.0727,"edge":true,"slope_mean":3.18,"elev_mean":25.0,"flood_hist_n":0,"flood_depth_max_m":null,"flood_risk_100y":null,"semi_basement_r":null,"elderly_alone_r":0.1023,"bldg_age30_r":null,"shelter_min_walk":2,"pop":25836,"hh":11310,"elderly65_r":0.2144,"single_hh_r":0.3492,"source_level":"emd","flood_years":[]},"geometry":{"type":"Polygon","coordinates":[[[127.05639,37.65665],[127.05565,37.65817],[127.05391,37.65838],[127.05293,37.65708],[127.05368,37.65556],[127.05541,37.65534],[127.05639,37.65665]]]}},{"type":"Feature","properties":{"h3":"8930e1c21d3ffff","emd_code":"1132051400","emd_name":"창4동","area_km2":0.0727,"edge":false,"slope_mean":5.68,"elev_mean":27.5,"flood_hist_n":0,"flood_depth_max_m":null,"flood_risk_100y":null,"semi_basement_r":null,"elderly_alone_r":0.1023,"bldg_age30_r":null,"shelter_min_walk":1,"pop":25836,"hh":11310,"elderly65_r":0.2144,"single_hh_r":0.3492,"source_level":"emd","flood_years":[]},"geometry":{"type":"Polygon","coordinates":[[[127.05143,37.66012],[127.05068,37.66164],[127.04895,37.66185],[127.04796,37.66055],[127.04871,37.65903],[127.05045,37.65881],[127.05143,37.66012]]]}},{"type":"Feature","properties":{"h3":"8930e1c21d7ffff","emd_code":"1132069000","emd_name":"방학1동","area_km2":0.0727,"edge":true,"slope_mean":4.79,"elev_mean":25.3,"flood_hist_n":0,"flood_depth_max_m":null,"flood_risk_100y":null,"semi_basement_r":null,"elderly_alone_r":0.1576,"bldg_age30_r":null,"shelter_min_walk":3,"pop":27718,"hh":13242,"elderly65_r":0.269,"single_hh_r":0.4314,"source_level":"emd","flood_years":[]},"geometry":{"type":"Polygon","coordinates":[[[127.05415,37.66121],[127.0534,37.66273],[127.05167,37.66294],[127.05068,37.66164],[127.05143,37.66012],[127.05316,37.6599],[127.05415,37.66121]]]}},{"type":"Feature","properties":{"h3":"8930e1c21dbffff","emd_code":"1132051400","emd_name":"창4동","area_km2":0.0727,"edge":false,"slope_mean":4.46,"elev_mean":29.3,"flood_hist_n":0,"flood_depth_max_m":null,"flood_risk_100y":null,"semi_basement_r":null,"elderly_alone_r":0.1023,"bldg_age30_r":null,"shelter_min_walk":1,"pop":25836,"hh":11310,"elderly65_r":0.2144,"single_hh_r":0.3492,"source_level":"emd","flood_years":[]},"geometry":{"type":"Polygon","coordinates":[[[127.05119,37.65729],[127.05045,37.65881],[127.04871,37.65903],[127.04773,37.65772],[127.04848,37.6562],[127.05021,37.65599],[127.05119,37.65729]]]}},{"type":"Feature","properties":{"h3":"8930e1c2203ffff","emd_code":"1132051300","emd_name":"창3동","area_km2":0.0726,"edge":true,"slope_mean":4.76,"elev_mean":29.2,"flood_hist_n":0,"flood_depth_max_m":null,"flood_risk_100y":null,"semi_basement_r":null,"elderly_alone_r":0.1714,"bldg_age30_r":null,"shelter_min_walk":3,"pop":12535,"hh":6337,"elderly65_r":0.2842,"single_hh_r":0.4448,"source_level":"emd","flood_years":[]},"geometry":{"type":"Polygon","coordinates":[[[127.04116,37.63141],[127.04041,37.63293],[127.03867,37.63315],[127.03769,37.63184],[127.03844,37.63032],[127.04017,37.63011],[127.04116,37.63141]]]}},{"type":"Feature","properties":{"h3":"8930e1c2207ffff","emd_code":"1132051300","emd_name":"창3동","area_km2":0.0726,"edge":false,"slope_mean":4.05,"elev_mean":28.4,"flood_hist_n":1,"flood_depth_max_m":0.3,"flood_risk_100y":null,"semi_basement_r":null,"elderly_alone_r":0.1714,"bldg_age30_r":null,"shelter_min_walk":1,"pop":12535,"hh":6337,"elderly65_r":0.2842,"single_hh_r":0.4448,"source_level":"emd","flood_years":[2022]},"geometry":{"type":"Polygon","coordinates":[[[127.04387,37.6325],[127.04312,37.63402],[127.04139,37.63424],[127.04041,37.63293],[127.04116,37.63141],[127.04289,37.6312],[127.04387,37.6325]]]}},{"type":"Feature","properties":{"h3":"8930e1c220fffff","emd_code":"1132051300","emd_name":"창3동","area_km2":0.0726,"edge":true,"slope_mean":5.2,"elev_mean":27.7,"flood_hist_n":0,"flood_depth_max_m":null,"flood_risk_100y":null,"semi_basement_r":null,"elderly_alone_r":0.1714,"bldg_age30_r":null,"shelter_min_walk":4,"pop":12535,"hh":6337,"elderly65_r":0.2842,"single_hh_r":0.4448,"source_level":"emd","flood_years":[]},"geometry":{"type":"Polygon","coordinates":[[[127.04364,37.62968],[127.04289,37.6312],[127.04116,37.63141],[127.04017,37.63011],[127.04092,37.62859],[127.04265,37.62837],[127.04364,37.62968]]]}},{"type":"Feature","properties":{"h3":"8930e1c2217ffff","emd_code":"1132051300","emd_name":"창3동","area_km2":0.0726,"edge":false,"slope_mean":2.49,"elev_mean":28.7,"flood_hist_n":1,"flood_depth_max_m":0.3,"flood_risk_100y":null,"semi_basement_r":null,"elderly_alone_r":0.1714,"bldg_age30_r":null,"shelter_min_walk":3,"pop":12535,"hh":6337,"elderly65_r":0.2842,"single_hh_r":0.4448,"source_level":"emd","flood_years":[2022]},"geometry":{"type":"Polygon","coordinates":[[[127.04139,37.63424],[127.04064,37.63576],[127.03891,37.63597],[127.03793,37.63467],[127.03867,37.63315],[127.04041,37.63293],[127.04139,37.63424]]]}},{"type":"Feature","properties":{"h3":"8930e1c2233ffff","emd_code":"1132051300","emd_name":"창3동","area_km2":0.0726,"edge":true,"slope_mean":14.75,"elev_mean":51.5,"flood_hist_n":0,"flood_depth_max_m":null,"flood_risk_100y":null,"semi_basement_r":null,"elderly_alone_r":0.1714,"bldg_age30_r":null,"shelter_min_walk":3,"pop":12535,"hh":6337,"elderly65_r":0.2842,"single_hh_r":0.4448,"source_level":"emd","flood_years":[]},"geometry":{"type":"Polygon","coordinates":[[[127.04659,37.63359],[127.04584,37.63511],[127.04411,37.63533],[127.04312,37.63402],[127.04387,37.6325],[127.04561,37.63229],[127.04659,37.63359]]]}},{"type":"Feature","properties":{"h3":"8930e1c2283ffff","emd_code":"1132051200","emd_name":"창2동","area_km2":0.0726,"edge":false,"slope_mean":4.5,"elev_mean":31.3,"flood_hist_n":0,"flood_depth_max_m":null,"flood_risk_100y":null,"semi_basement_r":null,"elderly_alone_r":0.1269,"bldg_age30_r":null,"shelter_min_walk":2,"pop":27436,"hh":12765,"elderly65_r":0.2487,"single_hh_r":0.3792,"source_level":"emd","flood_years":[]},"geometry":{"type":"Polygon","coordinates":[[[127.03643,37.63771],[127.03568,37.63923],[127.03395,37.63944],[127.03296,37.63814],[127.03371,37.63662],[127.03545,37.6364],[127.03643,37.63771]]]}},{"type":"Feature","properties":{"h3":"8930e1c2287ffff","emd_code":"1132051200","emd_name":"창2동","area_km2":0.0726,"edge":false,"slope_mean":2.97,"elev_mean":33.7,"flood_hist_n":2,"flood_depth_max_m":0.3,"flood_risk_100y":null,"semi_basement_r":null,"elderly_alone_r":0.1269,"bldg_age30_r":null,"shelter_min_walk":3,"pop":27436,"hh":12765,"elderly65_r":0.2487,"single_hh_r":0.3792,"source_level":"emd","flood_years":[2022,2025]},"geometry":{"type":"Polygon","coordinates":[[[127.03915,37.6388],[127.0384,37.64032],[127.03666,37.64053],[127.03568,37.63923],[127.03643,37.63771],[127.03816,37.63749],[127.03915,37.6388]]]}},{"type":"Feature","properties":{"h3":"8930e1c228fffff","emd_code":"1132051300","emd_name":"창3동","area_km2":0.0726,"edge":false,"slope_mean":3.33,"elev_mean":30.0,"flood_hist_n":3,"flood_depth_max_m":0.5,"flood_risk_100y":null,"semi_basement_r":null,"elderly_alone_r":0.1714,"bldg_age30_r":null,"shelter_min_walk":3,"pop":12535,"hh":6337,"elderly65_r":0.2842,"single_hh_r":0.4448,"source_level":"emd","flood_years":[2011,2018,2022]},"geometry":{"type":"Polygon","coordinates":[[[127.03891,37.63597],[127.03816,37.63749],[127.03643,37.63771],[127.03545,37.6364],[127.03619,37.63488],[127.03793,37.63467],[127.03891,37.63597]]]}},{"type":"Feature","properties":{"h3":"8930e1c2293ffff","emd_code":"1132051200","emd_name":"창2동","area_km2":0.0726,"edge":true,"slope_mean":2.46,"elev_mean":33.2,"flood_hist_n":3,"flood_depth_max_m":0.5,"flood_risk_100y":null,"semi_basement_r":null,"elderly_alone_r":0.1269,"bldg_age30_r":null,"shelter_min_walk":3,"pop":27436,"hh":12765,"elderly65_r":0.2487,"single_hh_r":0.3792,"source_level":"emd","flood_years":[2010,2011,2022]},"geometry":{"type":"Polygon","coordinates":[[[127.03395,37.63944],[127.0332,37.64096],[127.03147,37.64118],[127.03048,37.63987],[127.03123,37.63835],[127.03296,37.63814],[127.03395,37.63944]]]}},{"type":"Feature","properties":{"h3":"8930e1c2297ffff","emd_code":"1132051200","emd_name":"창2동","area_km2":0.0726,"edge":false,"slope_mean":4.39,"elev_mean":35.7,"flood_hist_n":1,"flood_depth_max_m":0.3,"flood_risk_100y":null,"semi_basement_r":null,"elderly_alone_r":0.1269,"bldg_age30_r":null,"shelter_min_walk":1,"pop":27436,"hh":12765,"elderly65_r":0.2487,"single_hh_r":0.3792,"source_level":"emd","flood_years":[2022]},"geometry":{"type":"Polygon","coordinates":[[[127.03666,37.64053],[127.03592,37.64205],[127.03418,37.64227],[127.0332,37.64096],[127.03395,37.63944],[127.03568,37.63923],[127.03666,37.64053]]]}},{"type":"Feature","properties":{"h3":"8930e1c22a3ffff","emd_code":"1132051300","emd_name":"창3동","area_km2":0.0726,"edge":false,"slope_mean":10.28,"elev_mean":49.2,"flood_hist_n":1,"flood_depth_max_m":0.3,"flood_risk_100y":null,"semi_basement_r":null,"elderly_alone_r":0.1714,"bldg_age30_r":null,"shelter_min_walk":4,"pop":12535,"hh":6337,"elderly65_r":0.2842,"single_hh_r":0.4448,"source_level":"emd","flood_years":[2022]},"geometry":{"type":"Polygon","coordinates":[[[127.04434,37.63815],[127.0436,37.63967],[127.04186,37.63989],[127.04088,37.63858],[127.04163,37.63706],[127.04336,37.63685],[127.04434,37.63815]]]}},{"type":"Feature","properties":{"h3":"8930e1c22a7ffff","emd_code":"1132051300","emd_name":"창3동","area_km2":0.0726,"edge":false,"slope_mean":10.59,"elev_mean":102.0,"flood_hist_n":0,"flood_depth_max_m":null,"flood_risk_100y":null,"semi_basement_r":null,"elderly_alone_r":0.1714,"bldg_age30_r":null,"shelter_min_walk":6,"pop":12535,"hh":6337,"elderly65_r":0.2842,"single_hh_r":0.4448,"source_level":"emd","flood_years":[]},"geometry":{"type":"Polygon","coordinates":[[[127.04706,37.63924],[127.04631,37.64076],[127.04458,37.64098],[127.0436,37.63967],[127.04434,37.63815],[127.04608,37.63794],[127.04706,37.63924]]]}},{"type":"Feature","properties":{"h3":"8930e1c22abffff","emd_code":"1132051300","emd_name":"창3동","area_km2":0.0726,"edge":false,"slope_mean":8.03,"elev_mean":38.6,"flood_hist_n":2,"flood_depth_max_m":0.3,"flood_risk_100y":null,"semi_basement_r":null,"elderly_alone_r":0.1714,"bldg_age30_r":null,"shelter_min_walk":3,"pop":12535,"hh":6337,"elderly65_r":0.2842,"single_hh_r":0.4448,"source_level":"emd","flood_years":[2018,2022]},"geometry":{"type":"Polygon","coordinates":[[[127.04411,37.63533],[127.04336,37.63685],[127.04163,37.63706],[127.04064,37.63576],[127.04139,37.63424],[127.04312,37.63402],[127.04411,37.63533]]]}},{"type":"Feature","properties":{"h3":"8930e1c22afffff","emd_code":"1132051300","emd_name":"창3동","area_km2":0.0726,"edge":false,"slope_mean":13.58,"elev_mean":84.6,"flood_hist_n":0,"flood_depth_max_m":null,"flood_risk_100y":null,"semi_basement_r":null,"elderly_alone_r":0.1714,"bldg_age30_r":null,"shelter_min_walk":6,"pop":12535,"hh":6337,"elderly65_r":0.2842,"single_hh_r":0.4448,"source_level":"emd","flood_years":[]},"geometry":{"type":"Polygon","coordinates":[[[127.04682,37.63642],[127.04608,37.63794],[127.04434,37.63815],[127.04336,37.63685],[127.04411,37.63533],[127.04584,37.63511],[127.04682,37.63642]]]}},{"type":"Feature","properties":{"h3":"8930e1c22b3ffff","emd_code":"1132051300","emd_name":"창3동","area_km2":0.0726,"edge":false,"slope_mean":4.15,"elev_mean":37.2,"flood_hist_n":2,"flood_depth_max_m":0.3,"flood_risk_100y":null,"semi_basement_r":null,"elderly_alone_r":0.1714,"bldg_age30_r":null,"shelter_min_walk":1,"pop":12535,"hh":6337,"elderly65_r":0.2842,"single_hh_r":0.4448,"source_level":"emd","flood_years":[2018,2022]},"geometry":{"type":"Polygon","coordinates":[[[127.04186,37.63989],[127.04111,37.64141],[127.03938,37.64162],[127.0384,37.64032],[127.03915,37.6388],[127.04088,37.63858],[127.04186,37.63989]]]}},{"type":"Feature","properties":{"h3":"8930e1c22b7ffff","emd_code":"1132051300","emd_name":"창3동","area_km2":0.0726,"edge":false,"slope_mean":13.24,"elev_mean":65.5,"flood_hist_n":0,"flood_depth_max_m":null,"flood_risk_100y":null,"semi_basement_r":null,"elderly_alone_r":0.1714,"bldg_age30_r":null,"shelter_min_walk":3,"pop":12535,"hh":6337,"elderly65_r":0.2842,"single_hh_r":0.4448,"source_level":"emd","flood_years":[]},"geometry":{"type":"Polygon","coordinates":[[[127.04458,37.64098],[127.04383,37.6425],[127.0421,37.64271],[127.04111,37.64141],[127.04186,37.63989],[127.0436,37.63967],[127.04458,37.64098]]]}},{"type":"Feature","properties":{"h3":"8930e1c22bbffff","emd_code":"1132051300","emd_name":"창3동","area_km2":0.0726,"edge":false,"slope_mean":2.15,"elev_mean":32.9,"flood_hist_n":2,"flood_depth_max_m":0.3,"flood_risk_100y":null,"semi_basement_r":null,"elderly_alone_r":0.1714,"bldg_age30_r":null,"shelter_min_walk":5,"pop":12535,"hh":6337,"elderly65_r":0.2842,"single_hh_r":0.4448,"source_level":"emd","flood_years":[2018,2022]},"geometry":{"type":"Polygon","coordinates":[[[127.04163,37.63706],[127.04088,37.63858],[127.03915,37.6388],[127.03816,37.63749],[127.03891,37.63597],[127.04064,37.63576],[127.04163,37.63706]]]}},{"type":"Feature","properties":{"h3":"8930e1c2313ffff","emd_code":"1132051400","emd_name":"창4동","area_km2":0.0727,"edge":true,"slope_mean":6.22,"elev_mean":20.2,"flood_hist_n":0,"flood_depth_max_m":null,"flood_risk_100y":null,"semi_basement_r":null,"elderly_alone_r":0.1023,"bldg_age30_r":null,"shelter_min_walk":2,"pop":25836,"hh":11310,"elderly65_r":0.2144,"single_hh_r":0.3492,"source_level":"emd","flood_years":[]},"geometry":{"type":"Polygon","coordinates":[[[127.05769,37.64078],[127.05695,37.6423],[127.05521,37.64252],[127.05423,37.64121],[127.05498,37.63969],[127.05671,37.63947],[127.05769,37.64078]]]}},{"type":"Feature","properties":{"h3":"8930e1c2383ffff","emd_code":"1132051400","emd_name":"창4동","area_km2":0.0727,"edge":false,"slope_mean":5.08,"elev_mean":23.9,"flood_hist_n":0,"flood_depth_max_m":null,"flood_risk_100y":null,"semi_basement_r":null,"elderly_alone_r":0.1023,"bldg_age30_r":null,"shelter_min_walk":7,"pop":25836,"hh":11310,"elderly65_r":0.2144,"single_hh_r":0.3492,"source_level":"emd","flood_years":[]},"geometry":{"type":"Polygon","coordinates":[[[127.05545,37.64534],[127.0547,37.64686],[127.05297,37.64708],[127.05198,37.64577],[127.05273,37.64425],[127.05446,37.64404],[127.05545,37.64534]]]}},{"type":"Feature","properties":{"h3":"8930e1c2387ffff","emd_code":"1132051400","emd_name":"창4동","area_km2":0.0727,"edge":true,"slope_mean":5.58,"elev_mean":21.5,"flood_hist_n":0,"flood_depth_max_m":null,"flood_risk_100y":null,"semi_basement_r":null,"elderly_alone_r":0.1023,"bldg_age30_r":null,"shelter_min_walk":6,"pop":25836,"hh":11310,"elderly65_r":0.2144,"single_hh_r":0.3492,"source_level":"emd","flood_years":[]},"geometry":{"type":"Polygon","coordinates":[[[127.05817,37.64643],[127.05742,37.64795],[127.05569,37.64817],[127.0547,37.64686],[127.05545,37.64534],[127.05718,37.64513],[127.05817,37.64643]]]}},{"type":"Feature","properties":{"h3":"8930e1c238bffff","emd_code":"1132051400","emd_name":"창4동","area_km2":0.0727,"edge":false,"slope_mean":4.65,"elev_mean":21.5,"flood_hist_n":0,"flood_depth_max_m":null,"flood_risk_100y":null,"semi_basement_r":null,"elderly_alone_r":0.1023,"bldg_age30_r":null,"shelter_min_walk":4,"pop":25836,"hh":11310,"elderly65_r":0.2144,"single_hh_r":0.3492,"source_level":"emd","flood_years":[]},"geometry":{"type":"Polygon","coordinates":[[[127.05521,37.64252],[127.05446,37.64404],[127.05273,37.64425],[127.05175,37.64295],[127.0525,37.64143],[127.05423,37.64121],[127.05521,37.64252]]]}},{"type":"Feature","properties":{"h3":"8930e1c238fffff","emd_code":"1132051400","emd_name":"창4동","area_km2":0.0727,"edge":true,"slope_mean":4.74,"elev_mean":20.8,"flood_hist_n":0,"flood_depth_max_m":null,"flood_risk_100y":null,"semi_basement_r":null,"elderly_alone_r":0.1023,"bldg_age30_r":null,"shelter_min_walk":3,"pop":25836,"hh":11310,"elderly65_r":0.2144,"single_hh_r":0.3492,"source_level":"emd","flood_years":[]},"geometry":{"type":"Polygon","coordinates":[[[127.05793,37.64361],[127.05718,37.64513],[127.05545,37.64534],[127.05446,37.64404],[127.05521,37.64252],[127.05695,37.6423],[127.05793,37.64361]]]}},{"type":"Feature","properties":{"h3":"8930e1c2393ffff","emd_code":"1132051400","emd_name":"창4동","area_km2":0.0727,"edge":false,"slope_mean":3.99,"elev_mean":26.3,"flood_hist_n":0,"flood_depth_max_m":null,"flood_risk_100y":null,"semi_basement_r":null,"elderly_alone_r":0.1023,"bldg_age30_r":null,"shelter_min_walk":7,"pop":25836,"hh":11310,"elderly65_r":0.2144,"single_hh_r":0.3492,"source_level":"emd","flood_years":[]},"geometry":{"type":"Polygon","coordinates":[[[127.05297,37.64708],[127.05222,37.6486],[127.05049,37.64881],[127.0495,37.64751],[127.05025,37.64599],[127.05198,37.64577],[127.05297,37.64708]]]}},{"type":"Feature","properties":{"h3":"8930e1c2397ffff","emd_code":"1132051400","emd_name":"창4동","area_km2":0.0727,"edge":false,"slope_mean":5.28,"elev_mean":23.0,"flood_hist_n":0,"flood_depth_max_m":null,"flood_risk_100y":null,"semi_basement_r":null,"elderly_alone_r":0.1023,"bldg_age30_r":null,"shelter_min_walk":9,"pop":25836,"hh":11310,"elderly65_r":0.2144,"single_hh_r":0.3492,"source_level":"emd","flood_years":[]},"geometry":{"type":"Polygon","coordinates":[[[127.05569,37.64817],[127.05494,37.64969],[127.0532,37.6499],[127.05222,37.6486],[127.05297,37.64708],[127.0547,37.64686],[127.05569,37.64817]]]}},{"type":"Feature","properties":{"h3":"8930e1c239bffff","emd_code":"1132051400","emd_name":"창4동","area_km2":0.0727,"edge":true,"slope_mean":9.0,"elev_mean":32.6,"flood_hist_n":0,"flood_depth_max_m":null,"flood_risk_100y":null,"semi_basement_r":null,"elderly_alone_r":0.1023,"bldg_age30_r":null,"shelter_min_walk":8,"pop":25836,"hh":11310,"elderly65_r":0.2144,"single_hh_r":0.3492,"source_level":"emd","flood_years":[]},"geometry":{"type":"Polygon","coordinates":[[[127.05273,37.64425],[127.05198,37.64577],[127.05025,37.64599],[127.04927,37.64468],[127.05001,37.64316],[127.05175,37.64295],[127.05273,37.64425]]]}},{"type":"Feature","properties":{"h3":"8930e1c23d3ffff","emd_code":"1132051100","emd_name":"창1동","area_km2":0.0727,"edge":true,"slope_mean":12.88,"elev_mean":81.8,"flood_hist_n":0,"flood_depth_max_m":null,"flood_risk_100y":null,"semi_basement_r":null,"elderly_alone_r":0.1309,"bldg_age30_r":null,"shelter_min_walk":9,"pop":22592,"hh":10562,"elderly65_r":0.2467,"single_hh_r":0.3896,"source_level":"emd","flood_years":[]},"geometry":{"type":"Polygon","coordinates":[[[127.04978,37.64033],[127.04903,37.64186],[127.0473,37.64207],[127.04631,37.64076],[127.04706,37.63924],[127.04879,37.63903],[127.04978,37.64033]]]}},{"type":"Feature","properties":{"h3":"8930e1c2403ffff","emd_code":"1132071000","emd_name":"방학3동","area_km2":0.0726,"edge":false,"slope_mean":13.09,"elev_mean":67.8,"flood_hist_n":0,"flood_depth_max_m":null,"flood_risk_100y":null,"semi_basement_r":null,"elderly_alone_r":0.121,"bldg_age30_r":null,"shelter_min_walk":5,"pop":25217,"hh":9922,"elderly65_r":0.2668,"single_hh_r":0.2273,"source_level":"emd","flood_years":[]},"geometry":{"type":"Polygon","coordinates":[[[127.02543,37.66334],[127.02468,37.66486],[127.02295,37.66507],[127.02197,37.66376],[127.02272,37.66224],[127.02445,37.66203],[127.02543,37.66334]]]}},{"type":"Feature","properties":{"h3":"8930e1c2407ffff","emd_code":"1132071000","emd_name":"방학3동","area_km2":0.0726,"edge":false,"slope_mean":13.28,"elev_mean":61.1,"flood_hist_n":1,"flood_depth_max_m":0.3,"flood_risk_100y":null,"semi_basement_r":null,"elderly_alone_r":0.121,"bldg_age30_r":null,"shelter_min_walk":1,"pop":25217,"hh":9922,"elderly65_r":0.2668,"single_hh_r":0.2273,"source_level":"emd","flood_years":[2018]},"geometry":{"type":"Polygon","coordinates":[[[127.02815,37.66443],[127.0274,37.66595],[127.02567,37.66616],[127.02468,37.66486],[127.02543,37.66334],[127.02716,37.66312],[127.02815,37.66443]]]}},{"type":"Feature","properties":{"h3":"8930e1c240bffff","emd_code":"1132071000","emd_name":"방학3동","area_km2":0.0726,"edge":false,"slope_mean":5.26,"elev_mean":44.3,"flood_hist_n":1,"flood_depth_max_m":0.3,"flood_risk_100y":null,"semi_basement_r":null,"elderly_alone_r":0.121,"bldg_age30_r":null,"shelter_min_walk":2,"pop":25217,"hh":9922,"elderly65_r":0.2668,"single_hh_r":0.2273,"source_level":"emd","flood_years":[2025]},"geometry":{"type":"Polygon","coordinates":[[[127.0252,37.66051],[127.02445,37.66203],[127.02272,37.66224],[127.02173,37.66094],[127.02248,37.65942],[127.02421,37.6592],[127.0252,37.66051]]]}},{"type":"Feature","properties":{"h3":"8930e1c240fffff","emd_code":"1132071000","emd_name":"방학3동","area_km2":0.0726,"edge":false,"slope_mean":8.52,"elev_mean":51.7,"flood_hist_n":0,"flood_depth_max_m":null,"flood_risk_100y":null,"semi_basement_r":null,"elderly_alone_r":0.121,"bldg_age30_r":null,"shelter_min_walk":3,"pop":25217,"hh":9922,"elderly65_r":0.2668,"single_hh_r":0.2273,"source_level":"emd","flood_years":[]},"geometry":{"type":"Polygon","coordinates":[[[127.02791,37.6616],[127.02716,37.66312],[127.02543,37.66334],[127.02445,37.66203],[127.0252,37.66051],[127.02693,37.6603],[127.02791,37.6616]]]}},{"type":"Feature","properties":{"h3":"8930e1c2413ffff","emd_code":"1132071000","emd_name":"방학3동","area_km2":0.0726,"edge":false,"slope_mean":10.83,"elev_mean":78.6,"flood_hist_n":0,"flood_depth_max_m":null,"flood_risk_100y":null,"semi_basement_r":null,"elderly_alone_r":0.121,"bldg_age30_r":null,"shelter_min_walk":8,"pop":25217,"hh":9922,"elderly65_r":0.2668,"single_hh_r":0.2273,"source_level":"emd","flood_years":[]},"geometry":{"type":"Polygon","coordinates":[[[127.02295,37.66507],[127.0222,37.66659],[127.02047,37.6668],[127.01948,37.6655],[127.02023,37.66398],[127.02197,37.66376],[127.02295,37.66507]]]}},{"type":"Feature","properties":{"h3":"8930e1c2417ffff","emd_code":"1132071000","emd_name":"방학3동","area_km2":0.0726,"edge":false,"slope_mean":14.86,"elev_mean":102.7,"flood_hist_n":0,"flood_depth_max_m":null,"flood_risk_100y":null,"semi_basement_r":null,"elderly_alone_r":0.121,"bldg_age30_r":null,"shelter_min_walk":5,"pop":25217,"hh":9922,"elderly65_r":0.2668,"single_hh_r":0.2273,"source_level":"emd","flood_years":[]},"geometry":{"type":"Polygon","coordinates":[[[127.02567,37.66616],[127.02492,37.66768],[127.02318,37.6679],[127.0222,37.66659],[127.02295,37.66507],[127.02468,37.66486],[127.02567,37.66616]]]}},{"type":"Feature","properties":{"h3":"8930e1c241bffff","emd_code":"1132071000","emd_name":"방학3동","area_km2":0.0726,"edge":false,"slope_mean":10.98,"elev_mean":55.3,"flood_hist_n":0,"flood_depth_max_m":null,"flood_risk_100y":null,"semi_basement_r":null,"elderly_alone_r":0.121,"bldg_age30_r":null,"shelter_min_walk":6,"pop":25217,"hh":9922,"elderly65_r":0.2668,"single_hh_r":0.2273,"source_level":"emd","flood_years":[]},"geometry":{"type":"Polygon","coordinates":[[[127.02272,37.66224],[127.02197,37.66376],[127.02023,37.66398],[127.01925,37.66267],[127.02,37.66115],[127.02173,37.66094],[127.02272,37.66224]]]}},{"type":"Feature","properties":{"h3":"8930e1c2423ffff","emd_code":"1132070000","emd_name":"방학2동","area_km2":0.0726,"edge":false,"slope_mean":3.7,"elev_mean":38.0,"flood_hist_n":2,"flood_depth_max_m":0.3,"flood_risk_100y":null,"semi_basement_r":null,"elderly_alone_r":0.2097,"bldg_age30_r":null,"shelter_min_walk":3,"pop":17398,"hh":9031,"elderly65_r":0.3106,"single_hh_r":0.4695,"source_level":"emd","flood_years":[2022,2025]},"geometry":{"type":"Polygon","coordinates":[[[127.03335,37.66378],[127.0326,37.6653],[127.03087,37.66552],[127.02988,37.66421],[127.03063,37.66269],[127.03236,37.66248],[127.03335,37.66378]]]}},{"type":"Feature","properties":{"h3":"8930e1c2427ffff","emd_code":"1132070000","emd_name":"방학2동","area_km2":0.0726,"edge":false,"slope_mean":2.31,"elev_mean":35.2,"flood_hist_n":3,"flood_depth_max_m":0.3,"flood_risk_100y":null,"semi_basement_r":null,"elderly_alone_r":0.2097,"bldg_age30_r":null,"shelter_min_walk":1,"pop":17398,"hh":9031,"elderly65_r":0.3106,"single_hh_r":0.4695,"source_level":"emd","flood_years":[2018,2022,2025]},"geometry":{"type":"Polygon","coordinates":[[[127.03607,37.66488],[127.03532,37.6664],[127.03358,37.66661],[127.0326,37.6653],[127.03335,37.66378],[127.03508,37.66357],[127.03607,37.66488]]]}},{"type":"Feature","properties":{"h3":"8930e1c242bffff","emd_code":"1132071000","emd_name":"방학3동","area_km2":0.0726,"edge":false,"slope_mean":4.9,"elev_mean":35.6,"flood_hist_n":0,"flood_depth_max_m":null,"flood_risk_100y":null,"semi_basement_r":null,"elderly_alone_r":0.121,"bldg_age30_r":null,"shelter_min_walk":1,"pop":25217,"hh":9922,"elderly65_r":0.2668,"single_hh_r":0.2273,"source_level":"emd","flood_years":[]},"geometry":{"type":"Polygon","coordinates":[[[127.03311,37.66096],[127.03236,37.66248],[127.03063,37.66269],[127.02965,37.66139],[127.0304,37.65987],[127.03213,37.65965],[127.03311,37.66096]]]}},{"type":"Feature","properties":{"h3":"8930e1c242fffff","emd_code":"1132071000","emd_name":"방학3동","area_km2":0.0726,"edge":false,"slope_mean":4.09,"elev_mean":33.3,"flood_hist_n":3,"flood_depth_max_m":0.3,"flood_risk_100y":null,"semi_basement_r":null,"elderly_alone_r":0.121,"bldg_age30_r":null,"shelter_min_walk":2,"pop":25217,"hh":9922,"elderly65_r":0.2668,"single_hh_r":0.2273,"source_level":"emd","flood_years":[2018,2022,2025]},"geometry":{"type":"Polygon","coordinates":[[[127.03583,37.66205],[127.03508,37.66357],[127.03335,37.66378],[127.03236,37.66248],[127.03311,37.66096],[127.03485,37.66074],[127.03583,37.66205]]]}},{"type":"Feature","properties":{"h3":"8930e1c2433ffff","emd_code":"1132071000","emd_name":"방학3동","area_km2":0.0726,"edge":false,"slope_mean":9.6,"elev_mean":51.6,"flood_hist_n":0,"flood_depth_max_m":null,"flood_risk_100y":null,"semi_basement_r":null,"elderly_alone_r":0.121,"bldg_age30_r":null,"shelter_min_walk":2,"pop":25217,"hh":9922,"elderly65_r":0.2668,"single_hh_r":0.2273,"source_level":"emd","flood_years":[]},"geometry":{"type":"Polygon","coordinates":[[[127.03087,37.66552],[127.03012,37.66704],[127.02838,37.66725],[127.0274,37.66595],[127.02815,37.66443],[127.02988,37.66421],[127.03087,37.66552]]]}},{"type":"Feature","properties":{"h3":"8930e1c2437ffff","emd_code":"1132070000","emd_name":"방학2동","area_km2":0.0726,"edge":false,"slope_mean":5.13,"elev_mean":40.6,"flood_hist_n":3,"flood_depth_max_m":0.3,"flood_risk_100y":null,"semi_basement_r":null,"elderly_alone_r":0.2097,"bldg_age30_r":null,"shelter_min_walk":4,"pop":17398,"hh":9031,"elderly65_r":0.3106,"single_hh_r":0.4695,"source_level":"emd","flood_years":[2018,2020,2022]},"geometry":{"type":"Polygon","coordinates":[[[127.03358,37.66661],[127.03283,37.66813],[127.0311,37.66834],[127.03012,37.66704],[127.03087,37.66552],[127.0326,37.6653],[127.03358,37.66661]]]}},{"type":"Feature","properties":{"h3":"8930e1c243bffff","emd_code":"1132071000","emd_name":"방학3동","area_km2":0.0726,"edge":false,"slope_mean":5.17,"elev_mean":39.1,"flood_hist_n":0,"flood_depth_max_m":null,"flood_risk_100y":null,"semi_basement_r":null,"elderly_alone_r":0.121,"bldg_age30_r":null,"shelter_min_walk":1,"pop":25217,"hh":9922,"elderly65_r":0.2668,"single_hh_r":0.2273,"source_level":"emd","flood_years":[]},"geometry":{"type":"Polygon","coordinates":[[[127.03063,37.66269],[127.02988,37.66421],[127.02815,37.66443],[127.02716,37.66312],[127.02791,37.6616],[127.02965,37.66139],[127.03063,37.66269]]]}},{"type":"Feature","properties":{"h3":"8930e1c2443ffff","emd_code":"1132071000","emd_name":"방학3동","area_km2":0.0726,"edge":false,"slope_mean":11.11,"elev_mean":72.7,"flood_hist_n":0,"flood_depth_max_m":null,"flood_risk_100y":null,"semi_basement_r":null,"elderly_alone_r":0.121,"bldg_age30_r":null,"shelter_min_walk":3,"pop":25217,"hh":9922,"elderly65_r":0.2668,"single_hh_r":0.2273,"source_level":"emd","flood_years":[]},"geometry":{"type":"Polygon","coordinates":[[[127.02225,37.65659],[127.0215,37.65811],[127.01976,37.65833],[127.01878,37.65702],[127.01953,37.6555],[127.02126,37.65529],[127.02225,37.65659]]]}},{"type":"Feature","properties":{"h3":"8930e1c2447ffff","emd_code":"1132071000","emd_name":"방학3동","area_km2":0.0726,"edge":false,"slope_mean":5.67,"elev_mean":49.9,"flood_hist_n":0,"flood_depth_max_m":null,"flood_risk_100y":null,"semi_basement_r":null,"elderly_alone_r":0.121,"bldg_age30_r":null,"shelter_min_walk":2,"pop":25217,"hh":9922,"elderly65_r":0.2668,"single_hh_r":0.2273,"source_level":"emd","flood_years":[]},"geometry":{"type":"Polygon","coordinates":[[[127.02496,37.65768],[127.02421,37.6592],[127.02248,37.65942],[127.0215,37.65811],[127.02225,37.65659],[127.02398,37.65638],[127.02496,37.65768]]]}},{"type":"Feature","properties":{"h3":"8930e1c244bffff","emd_code":"1132066000","emd_name":"쌍문1동","area_km2":0.0726,"edge":false,"slope_mean":10.52,"elev_mean":85.4,"flood_hist_n":2,"flood_depth_max_m":0.3,"flood_risk_100y":null,"semi_basement_r":null,"elderly_alone_r":0.151,"bldg_age30_r":null,"shelter_min_walk":5,"pop":20485,"hh":9787,"elderly65_r":0.2792,"single_hh_r":0.4125,"source_level":"emd","flood_years":[2011,2025]},"geometry":{"type":"Polygon","coordinates":[[[127.02201,37.65377],[127.02126,37.65529],[127.01953,37.6555],[127.01855,37.6542],[127.0193,37.65268],[127.02103,37.65246],[127.02201,37.65377]]]}},{"type":"Feature","properties":{"h3":"8930e1c244fffff","emd_code":"1132071000","emd_name":"방학3동","area_km2":0.0726,"edge":false,"slope_mean":10.31,"elev_mean":83.6,"flood_hist_n":1,"flood_depth_max_m":0.3,"flood_risk_100y":null,"semi_basement_r":null,"elderly_alone_r":0.121,"bldg_age30_r":null,"shelter_min_walk":4,"pop":25217,"hh":9922,"elderly65_r":0.2668,"single_hh_r":0.2273,"source_level":"emd","flood_years":[2018]},"geometry":{"type":"Polygon","coordinates":[[[127.02473,37.65486],[127.02398,37.65638],[127.02225,37.65659],[127.02126,37.65529],[127.02201,37.65377],[127.02374,37.65355],[127.02473,37.65486]]]}},{"type":"Feature","properties":{"h3":"8930e1c2453ffff","emd_code":"1132066000","emd_name":"쌍문1동","area_km2":0.0726,"edge":false,"slope_mean":11.67,"elev_mean":82.6,"flood_hist_n":0,"flood_depth_max_m":null,"flood_risk_100y":null,"semi_basement_r":null,"elderly_alone_r":0.151,"bldg_age30_r":null,"shelter_min_walk":6,"pop":20485,"hh":9787,"elderly65_r":0.2792,"single_hh_r":0.4125,"source_level":"emd","flood_years":[]},"geometry":{"type":"Polygon","coordinates":[[[127.01976,37.65833],[127.01902,37.65985],[127.01728,37.66006],[127.0163,37.65876],[127.01705,37.65724],[127.01878,37.65702],[127.01976,37.65833]]]}},{"type":"Feature","properties":{"h3":"8930e1c2457ffff","emd_code":"1132071000","emd_name":"방학3동","area_km2":0.0726,"edge":false,"slope_mean":11.81,"elev_mean":59.0,"flood_hist_n":2,"flood_depth_max_m":0.3,"flood_risk_100y":null,"semi_basement_r":null,"elderly_alone_r":0.121,"bldg_age30_r":null,"shelter_min_walk":4,"pop":25217,"hh":9922,"elderly65_r":0.2668,"single_hh_r":0.2273,"source_level":"emd","flood_years":[2018,2023]},"geometry":{"type":"Polygon","coordinates":[[[127.02248,37.65942],[127.02173,37.66094],[127.02,37.66115],[127.01902,37.65985],[127.01976,37.65833],[127.0215,37.65811],[127.02248,37.65942]]]}},{"type":"Feature","properties":{"h3":"8930e1c245bffff","emd_code":"1132066000","emd_name":"쌍문1동","area_km2":0.0726,"edge":false,"slope_mean":7.88,"elev_mean":64.6,"flood_hist_n":2,"flood_depth_max_m":0.3,"flood_risk_100y":null,"semi_basement_r":null,"elderly_alone_r":0.151,"bldg_age30_r":null,"shelter_min_walk":6,"pop":20485,"hh":9787,"elderly65_r":0.2792,"single_hh_r":0.4125,"source_level":"emd","flood_years":[2011,2025]},"geometry":{"type":"Polygon","coordinates":[[[127.01953,37.6555],[127.01878,37.65702],[127.01705,37.65724],[127.01606,37.65593],[127.01681,37.65441],[127.01855,37.6542],[127.01953,37.6555]]]}},{"type":"Feature","properties":{"h3":"8930e1c2463ffff","emd_code":"1132068100","emd_name":"쌍문4동","area_km2":0.0726,"edge":false,"slope_mean":5.21,"elev_mean":47.7,"flood_hist_n":0,"flood_depth_max_m":null,"flood_risk_100y":null,"semi_basement_r":null,"elderly_alone_r":0.1119,"bldg_age30_r":null,"shelter_min_walk":1,"pop":17557,"hh":7097,"elderly65_r":0.242,"single_hh_r":0.2576,"source_level":"emd","flood_years":[]},"geometry":{"type":"Polygon","coordinates":[[[127.03016,37.65704],[127.02941,37.65856],[127.02768,37.65878],[127.02669,37.65747],[127.02744,37.65595],[127.02918,37.65574],[127.03016,37.65704]]]}},{"type":"Feature","properties":{"h3":"8930e1c2467ffff","emd_code":"1132068100","emd_name":"쌍문4동","area_km2":0.0726,"edge":false,"slope_mean":4.24,"elev_mean":40.9,"flood_hist_n":3,"flood_depth_max_m":0.3,"flood_risk_100y":null,"semi_basement_r":null,"elderly_alone_r":0.1119,"bldg_age30_r":null,"shelter_min_walk":2,"pop":17557,"hh":7097,"elderly65_r":0.242,"single_hh_r":0.2576,"source_level":"emd","flood_years":[2018,2022,2025]},"geometry":{"type":"Polygon","coordinates":[[[127.03288,37.65813],[127.03213,37.65965],[127.0304,37.65987],[127.02941,37.65856],[127.03016,37.65704],[127.03189,37.65683],[127.03288,37.65813]]]}},{"type":"Feature","properties":{"h3":"8930e1c246bffff","emd_code":"1132068100","emd_name":"쌍문4동","area_km2":0.0726,"edge":false,"slope_mean":8.67,"elev_mean":70.6,"flood_hist_n":0,"flood_depth_max_m":null,"flood_risk_100y":null,"semi_basement_r":null,"elderly_alone_r":0.1119,"bldg_age30_r":null,"shelter_min_walk":3,"pop":17557,"hh":7097,"elderly65_r":0.242,"single_hh_r":0.2576,"source_level":"emd","flood_years":[]},"geometry":{"type":"Polygon","coordinates":[[[127.02993,37.65422],[127.02918,37.65574],[127.02744,37.65595],[127.02646,37.65464],[127.02721,37.65312],[127.02894,37.65291],[127.02993,37.65422]]]}},{"type":"Feature","properties":{"h3":"8930e1c246fffff","emd_code":"1132068100","emd_name":"쌍문4동","area_km2":0.0726,"edge":false,"slope_mean":8.74,"elev_mean":50.4,"flood_hist_n":0,"flood_depth_max_m":null,"flood_risk_100y":null,"semi_basement_r":null,"elderly_alone_r":0.1119,"bldg_age30_r":null,"shelter_min_walk":1,"pop":17557,"hh":7097,"elderly65_r":0.242,"single_hh_r":0.2576,"source_level":"emd","flood_years":[]},"geometry":{"type":"Polygon","coordinates":[[[127.03264,37.65531],[127.03189,37.65683],[127.03016,37.65704],[127.02918,37.65574],[127.02993,37.65422],[127.03166,37.654],[127.03264,37.65531]]]}},{"type":"Feature","properties":{"h3":"8930e1c2473ffff","emd_code":"1132071000","emd_name":"방학3동","area_km2":0.0726,"edge":false,"slope_mean":5.26,"elev_mean":42.6,"flood_hist_n":0,"flood_depth_max_m":null,"flood_risk_100y":null,"semi_basement_r":null,"elderly_alone_r":0.121,"bldg_age30_r":null,"shelter_min_walk":1,"pop":25217,"hh":9922,"elderly65_r":0.2668,"single_hh_r":0.2273,"source_level":"emd","flood_years":[]},"geometry":{"type":"Polygon","coordinates":[[[127.02768,37.65878],[127.02693,37.6603],[127.0252,37.66051],[127.02421,37.6592],[127.02496,37.65768],[127.02669,37.65747],[127.02768,37.65878]]]}},{"type":"Feature","properties":{"h3":"8930e1c2477ffff","emd_code":"1132071000","emd_name":"방학3동","area_km2":0.0726,"edge":false,"slope_mean":4.74,"elev_mean":36.8,"flood_hist_n":0,"flood_depth_max_m":null,"flood_risk_100y":null,"semi_basement_r":null,"elderly_alone_r":0.121,"bldg_age30_r":null,"shelter_min_walk":2,"pop":25217,"hh":9922,"elderly65_r":0.2668,"single_hh_r":0.2273,"source_level":"emd","flood_years":[]},"geometry":{"type":"Polygon","coordinates":[[[127.0304,37.65987],[127.02965,37.66139],[127.02791,37.6616],[127.02693,37.6603],[127.02768,37.65878],[127.02941,37.65856],[127.0304,37.65987]]]}},{"type":"Feature","properties":{"h3":"8930e1c247bffff","emd_code":"1132071000","emd_name":"방학3동","area_km2":0.0726,"edge":false,"slope_mean":10.68,"elev_mean":69.1,"flood_hist_n":0,"flood_depth_max_m":null,"flood_risk_100y":null,"semi_basement_r":null,"elderly_alone_r":0.121,"bldg_age30_r":null,"shelter_min_walk":3,"pop":25217,"hh":9922,"elderly65_r":0.2668,"single_hh_r":0.2273,"source_level":"emd","flood_years":[]},"geometry":{"type":"Polygon","coordinates":[[[127.02744,37.65595],[127.02669,37.65747],[127.02496,37.65768],[127.02398,37.65638],[127.02473,37.65486],[127.02646,37.65464],[127.02744,37.65595]]]}},{"type":"Feature","properties":{"h3":"8930e1c2483ffff","emd_code":"1132071000","emd_name":"방학3동","area_km2":0.0726,"edge":false,"slope_mean":16.72,"elev_mean":195.9,"flood_hist_n":0,"flood_depth_max_m":null,"flood_risk_100y":null,"semi_basement_r":null,"elderly_alone_r":0.121,"bldg_age30_r":null,"shelter_min_walk":14,"pop":25217,"hh":9922,"elderly65_r":0.2668,"single_hh_r":0.2273,"source_level":"emd","flood_years":[]},"geometry":{"type":"Polygon","coordinates":[[[127.0207,37.66963],[127.01995,37.67115],[127.01822,37.67136],[127.01724,37.67006],[127.01799,37.66854],[127.01972,37.66832],[127.0207,37.66963]]]}},{"type":"Feature","properties":{"h3":"8930e1c2487ffff","emd_code":"1132071000","emd_name":"방학3동","area_km2":0.0726,"edge":false,"slope_mean":13.8,"elev_mean":181.7,"flood_hist_n":0,"flood_depth_max_m":null,"flood_risk_100y":null,"semi_basement_r":null,"elderly_alone_r":0.121,"bldg_age30_r":null,"shelter_min_walk":13,"pop":25217,"hh":9922,"elderly65_r":0.2668,"single_hh_r":0.2273,"source_level":"emd","flood_years":[]},"geometry":{"type":"Polygon","coordinates":[[[127.02342,37.67072],[127.02267,37.67224],[127.02094,37.67246],[127.01995,37.67115],[127.0207,37.66963],[127.02244,37.66942],[127.02342,37.67072]]]}},{"type":"Feature","properties":{"h3":"8930e1c248bffff","emd_code":"1132071000","emd_name":"방학3동","area_km2":0.0726,"edge":false,"slope_mean":16.34,"elev_mean":117.6,"flood_hist_n":0,"flood_depth_max_m":null,"flood_risk_100y":null,"semi_basement_r":null,"elderly_alone_r":0.121,"bldg_age30_r":null,"shelter_min_walk":12,"pop":25217,"hh":9922,"elderly65_r":0.2668,"single_hh_r":0.2273,"source_level":"emd","flood_years":[]},"geometry":{"type":"Polygon","coordinates":[[[127.02047,37.6668],[127.01972,37.66832],[127.01799,37.66854],[127.017,37.66723],[127.01775,37.66571],[127.01948,37.6655],[127.02047,37.6668]]]}},{"type":"Feature","properties":{"h3":"8930e1c248fffff","emd_code":"1132071000","emd_name":"방학3동","area_km2":0.0726,"edge":false,"slope_mean":13.53,"elev_mean":130.0,"flood_hist_n":0,"flood_depth_max_m":null,"flood_risk_100y":null,"semi_basement_r":null,"elderly_alone_r":0.121,"bldg_age30_r":null,"shelter_min_walk":10,"pop":25217,"hh":9922,"elderly65_r":0.2668,"single_hh_r":0.2273,"source_level":"emd","flood_years":[]},"geometry":{"type":"Polygon","coordinates":[[[127.02318,37.6679],[127.02244,37.66942],[127.0207,37.66963],[127.01972,37.66832],[127.02047,37.6668],[127.0222,37.66659],[127.02318,37.6679]]]}},{"type":"Feature","properties":{"h3":"8930e1c2493ffff","emd_code":"1132052100","emd_name":"도봉1동","area_km2":0.0726,"edge":true,"slope_mean":16.12,"elev_mean":203.8,"flood_hist_n":0,"flood_depth_max_m":null,"flood_risk_100y":null,"semi_basement_r":null,"elderly_alone_r":0.2288,"bldg_age30_r":null,"shelter_min_walk":18,"pop":19343,"hh":10266,"elderly65_r":0.3566,"single_hh_r":0.4816,"source_level":"emd","flood_years":[]},"geometry":{"type":"Polygon","coordinates":[[[127.01822,37.67136],[127.01747,37.67288],[127.01574,37.6731],[127.01476,37.67179],[127.0155,37.67027],[127.01724,37.67006],[127.01822,37.67136]]]}},{"type":"Feature","properties":{"h3":"8930e1c2497ffff","emd_code":"1132052100","emd_name":"도봉1동","area_km2":0.0726,"edge":false,"slope_mean":15.48,"elev_mean":189.4,"flood_hist_n":0,"flood_depth_max_m":null,"flood_risk_100y":null,"semi_basement_r":null,"elderly_alone_r":0.2288,"bldg_age30_r":null,"shelter_min_walk":17,"pop":19343,"hh":10266,"elderly65_r":0.3566,"single_hh_r":0.4816,"source_level":"emd","flood_years":[]},"geometry":{"type":"Polygon","coordinates":[[[127.02094,37.67246],[127.02019,37.67398],[127.01846,37.67419],[127.01747,37.67288],[127.01822,37.67136],[127.01995,37.67115],[127.02094,37.67246]]]}},{"type":"Feature","properties":{"h3":"8930e1c249bffff","emd_code":"1132071000","emd_name":"방학3동","area_km2":0.0726,"edge":true,"slope_mean":15.96,"elev_mean":154.8,"flood_hist_n":0,"flood_depth_max_m":null,"flood_risk_100y":null,"semi_basement_r":null,"elderly_alone_r":0.121,"bldg_age30_r":null,"shelter_min_walk":16,"pop":25217,"hh":9922,"elderly65_r":0.2668,"single_hh_r":0.2273,"source_level":"emd","flood_years":[]},"geometry":{"type":"Polygon","coordinates":[[[127.01799,37.66854],[127.01724,37.67006],[127.0155,37.67027],[127.01452,37.66897],[127.01527,37.66745],[127.017,37.66723],[127.01799,37.66854]]]}},{"type":"Feature","properties":{"h3":"8930e1c24a3ffff","emd_code":"1132070000","emd_name":"방학2동","area_km2":0.0726,"edge":false,"slope_mean":14.89,"elev_mean":89.2,"flood_hist_n":0,"flood_depth_max_m":null,"flood_risk_100y":null,"semi_basement_r":null,"elderly_alone_r":0.2097,"bldg_age30_r":null,"shelter_min_walk":8,"pop":17398,"hh":9031,"elderly65_r":0.3106,"single_hh_r":0.4695,"source_level":"emd","flood_years":[]},"geometry":{"type":"Polygon","coordinates":[[[127.02862,37.67008],[127.02787,37.6716],[127.02614,37.67181],[127.02515,37.67051],[127.0259,37.66899],[127.02763,37.66877],[127.02862,37.67008]]]}},{"type":"Feature","properties":{"h3":"8930e1c24a7ffff","emd_code":"1132070000","emd_name":"방학2동","area_km2":0.0726,"edge":false,"slope_mean":11.74,"elev_mean":71.8,"flood_hist_n":0,"flood_depth_max_m":null,"flood_risk_100y":null,"semi_basement_r":null,"elderly_alone_r":0.2097,"bldg_age30_r":null,"shelter_min_walk":5,"pop":17398,"hh":9031,"elderly65_r":0.3106,"single_hh_r":0.4695,"source_level":"emd","flood_years":[]},"geometry":{"type":"Polygon","coordinates":[[[127.03134,37.67117],[127.03059,37.67269],[127.02885,37.6729],[127.02787,37.6716],[127.02862,37.67008],[127.03035,37.66986],[127.03134,37.67117]]]}},{"type":"Feature","properties":{"h3":"8930e1c24abffff","emd_code":"1132071000","emd_name":"방학3동","area_km2":0.0726,"edge":false,"slope_mean":10.63,"elev_mean":82.5,"flood_hist_n":0,"flood_depth_max_m":null,"flood_risk_100y":null,"semi_basement_r":null,"elderly_alone_r":0.121,"bldg_age30_r":null,"shelter_min_walk":5,"pop":25217,"hh":9922,"elderly65_r":0.2668,"single_hh_r":0.2273,"source_level":"emd","flood_years":[]},"geometry":{"type":"Polygon","coordinates":[[[127.02838,37.66725],[127.02763,37.66877],[127.0259,37.66899],[127.02492,37.66768],[127.02567,37.66616],[127.0274,37.66595],[127.02838,37.66725]]]}},{"type":"Feature","properties":{"h3":"8930e1c24afffff","emd_code":"1132070000","emd_name":"방학2동","area_km2":0.0726,"edge":false,"slope_mean":8.41,"elev_mean":51.8,"flood_hist_n":3,"flood_depth_max_m":0.3,"flood_risk_100y":null,"semi_basement_r":null,"elderly_alone_r":0.2097,"bldg_age30_r":null,"shelter_min_walk":4,"pop":17398,"hh":9031,"elderly65_r":0.3106,"single_hh_r":0.4695,"source_level":"emd","flood_years":[2018,2020,2022]},"geometry":{"type":"Polygon","coordinates":[[[127.0311,37.66834],[127.03035,37.66986],[127.02862,37.67008],[127.02763,37.66877],[127.02838,37.66725],[127.03012,37.66704],[127.0311,37.66834]]]}},{"type":"Feature","properties":{"h3":"8930e1c24b3ffff","emd_code":"1132070000","emd_name":"방학2동","area_km2":0.0726,"edge":false,"slope_mean":12.85,"elev_mean":154.4,"flood_hist_n":0,"flood_depth_max_m":null,"flood_risk_100y":null,"semi_basement_r":null,"elderly_alone_r":0.2097,"bldg_age30_r":null,"shelter_min_walk":12,"pop":17398,"hh":9031,"elderly65_r":0.3106,"single_hh_r":0.4695,"source_level":"emd","flood_years":[]},"geometry":{"type":"Polygon","coordinates":[[[127.02614,37.67181],[127.02539,37.67333],[127.02365,37.67355],[127.02267,37.67224],[127.02342,37.67072],[127.02515,37.67051],[127.02614,37.67181]]]}},{"type":"Feature","properties":{"h3":"8930e1c24b7ffff","emd_code":"1132070000","emd_name":"방학2동","area_km2":0.0726,"edge":false,"slope_mean":14.12,"elev_mean":120.8,"flood_hist_n":0,"flood_depth_max_m":null,"flood_risk_100y":null,"semi_basement_r":null,"elderly_alone_r":0.2097,"bldg_age30_r":null,"shelter_min_walk":10,"pop":17398,"hh":9031,"elderly65_r":0.3106,"single_hh_r":0.4695,"source_level":"emd","flood_years":[]},"geometry":{"type":"Polygon","coordinates":[[[127.02885,37.6729],[127.0281,37.67442],[127.02637,37.67464],[127.02539,37.67333],[127.02614,37.67181],[127.02787,37.6716],[127.02885,37.6729]]]}},{"type":"Feature","properties":{"h3":"8930e1c24bbffff","emd_code":"1132071000","emd_name":"방학3동","area_km2":0.0726,"edge":false,"slope_mean":11.8,"elev_mean":123.4,"flood_hist_n":0,"flood_depth_max_m":null,"flood_risk_100y":null,"semi_basement_r":null,"elderly_alone_r":0.121,"bldg_age30_r":null,"shelter_min_walk":9,"pop":25217,"hh":9922,"elderly65_r":0.2668,"single_hh_r":0.2273,"source_level":"emd","flood_years":[]},"geometry":{"type":"Polygon","coordinates":[[[127.0259,37.66899],[127.02515,37.67051],[127.02342,37.67072],[127.02244,37.66942],[127.02318,37.6679],[127.02492,37.66768],[127.0259,37.66899]]]}},{"type":"Feature","properties":{"h3":"8930e1c24c3ffff","emd_code":"1132071000","emd_name":"방학3동","area_km2":0.0726,"edge":false,"slope_mean":15.95,"elev_mean":105.4,"flood_hist_n":0,"flood_depth_max_m":null,"flood_risk_100y":null,"semi_basement_r":null,"elderly_alone_r":0.121,"bldg_age30_r":null,"shelter_min_walk":11,"pop":25217,"hh":9922,"elderly65_r":0.2668,"single_hh_r":0.2273,"source_level":"emd","flood_years":[]},"geometry":{"type":"Polygon","coordinates":[[[127.01752,37.66289],[127.01677,37.66441],[127.01504,37.66462],[127.01405,37.66331],[127.0148,37.66179],[127.01653,37.66158],[127.01752,37.66289]]]}},{"type":"Feature","properties":{"h3":"8930e1c24c7ffff","emd_code":"1132071000","emd_name":"방학3동","area_km2":0.0726,"edge":false,"slope_mean":11.84,"elev_mean":83.2,"flood_hist_n":0,"flood_depth_max_m":null,"flood_risk_100y":null,"semi_basement_r":null,"elderly_alone_r":0.121,"bldg_age30_r":null,"shelter_min_walk":11,"pop":25217,"hh":9922,"elderly65_r":0.2668,"single_hh_r":0.2273,"source_level":"emd","flood_years":[]},"geometry":{"type":"Polygon","coordinates":[[[127.02023,37.66398],[127.01948,37.6655],[127.01775,37.66571],[127.01677,37.66441],[127.01752,37.66289],[127.01925,37.66267],[127.02023,37.66398]]]}},{"type":"Feature","properties":{"h3":"8930e1c24cbffff","emd_code":"1132066000","emd_name":"쌍문1동","area_km2":0.0726,"edge":false,"slope_mean":10.33,"elev_mean":67.8,"flood_hist_n":3,"flood_depth_max_m":0.3,"flood_risk_100y":null,"semi_basement_r":null,"elderly_alone_r":0.151,"bldg_age30_r":null,"shelter_min_walk":7,"pop":20485,"hh":9787,"elderly65_r":0.2792,"single_hh_r":0.4125,"source_level":"emd","flood_years":[2018,2022,2025]},"geometry":{"type":"Polygon","coordinates":[[[127.01728,37.66006],[127.01653,37.66158],[127.0148,37.66179],[127.01382,37.66049],[127.01457,37.65897],[127.0163,37.65876],[127.01728,37.66006]]]}},{"type":"Feature","properties":{"h3":"8930e1c24cfffff","emd_code":"1132071000","emd_name":"방학3동","area_km2":0.0726,"edge":false,"slope_mean":12.8,"elev_mean":85.0,"flood_hist_n":0,"flood_depth_max_m":null,"flood_risk_100y":null,"semi_basement_r":null,"elderly_alone_r":0.121,"bldg_age30_r":null,"shelter_min_walk":8,"pop":25217,"hh":9922,"elderly65_r":0.2668,"single_hh_r":0.2273,"source_level":"emd","flood_years":[]},"geometry":{"type":"Polygon","coordinates":[[[127.02,37.66115],[127.01925,37.66267],[127.01752,37.66289],[127.01653,37.66158],[127.01728,37.66006],[127.01902,37.65985],[127.02,37.66115]]]}},{"type":"Feature","properties":{"h3":"8930e1c24d7ffff","emd_code":"1132071000","emd_name":"방학3동","area_km2":0.0726,"edge":false,"slope_mean":15.37,"elev_mean":130.4,"flood_hist_n":0,"flood_depth_max_m":null,"flood_risk_100y":null,"semi_basement_r":null,"elderly_alone_r":0.121,"bldg_age30_r":null,"shelter_min_walk":15,"pop":25217,"hh":9922,"elderly65_r":0.2668,"single_hh_r":0.2273,"source_level":"emd","flood_years":[]},"geometry":{"type":"Polygon","coordinates":[[[127.01775,37.66571],[127.017,37.66723],[127.01527,37.66745],[127.01429,37.66614],[127.01504,37.66462],[127.01677,37.66441],[127.01775,37.66571]]]}},{"type":"Feature","properties":{"h3":"8930e1c2503ffff","emd_code":"1132052100","emd_name":"도봉1동","area_km2":0.0727,"edge":false,"slope_mean":1.91,"elev_mean":29.0,"flood_hist_n":4,"flood_depth_max_m":0.3,"flood_risk_100y":null,"semi_basement_r":null,"elderly_alone_r":0.2288,"bldg_age30_r":null,"shelter_min_walk":6,"pop":19343,"hh":10266,"elderly65_r":0.3566,"single_hh_r":0.4816,"source_level":"emd","flood_years":[2018,2020,2022,2025]},"geometry":{"type":"Polygon","coordinates":[[[127.04445,37.67098],[127.04371,37.6725],[127.04197,37.67271],[127.04099,37.67141],[127.04174,37.66988],[127.04347,37.66967],[127.04445,37.67098]]]}},{"type":"Feature","properties":{"h3":"8930e1c2507ffff","emd_code":"1132052200","emd_name":"도봉2동","area_km2":0.0727,"edge":false,"slope_mean":2.15,"elev_mean":29.7,"flood_hist_n":3,"flood_depth_max_m":0.3,"flood_risk_100y":null,"semi_basement_r":null,"elderly_alone_r":0.1656,"bldg_age30_r":null,"shelter_min_walk":5,"pop":25627,"hh":11876,"elderly65_r":0.311,"single_hh_r":0.3701,"source_level":"emd","flood_years":[2018,2022,2025]},"geometry":{"type":"Polygon","coordinates":[[[127.04717,37.67207],[127.04642,37.67359],[127.04469,37.6738],[127.04371,37.6725],[127.04445,37.67098],[127.04619,37.67076],[127.04717,37.67207]]]}},{"type":"Feature","properties":{"h3":"8930e1c250bffff","emd_code":"1132069000","emd_name":"방학1동","area_km2":0.0727,"edge":false,"slope_mean":3.2,"elev_mean":29.5,"flood_hist_n":3,"flood_depth_max_m":0.3,"flood_risk_100y":null,"semi_basement_r":null,"elderly_alone_r":0.1576,"bldg_age30_r":null,"shelter_min_walk":5,"pop":27718,"hh":13242,"elderly65_r":0.269,"single_hh_r":0.4314,"source_level":"emd","flood_years":[2018,2022,2025]},"geometry":{"type":"Polygon","coordinates":[[[127.04422,37.66815],[127.04347,37.66967],[127.04174,37.66988],[127.04075,37.66858],[127.0415,37.66706],[127.04323,37.66684],[127.04422,37.66815]]]}},{"type":"Feature","properties":{"h3":"8930e1c250fffff","emd_code":"1132069000","emd_name":"방학1동","area_km2":0.0727,"edge":false,"slope_mean":5.15,"elev_mean":30.0,"flood_hist_n":3,"flood_depth_max_m":0.3,"flood_risk_100y":null,"semi_basement_r":null,"elderly_alone_r":0.1576,"bldg_age30_r":null,"shelter_min_walk":1,"pop":27718,"hh":13242,"elderly65_r":0.269,"single_hh_r":0.4314,"source_level":"emd","flood_years":[2018,2022,2025]},"geometry":{"type":"Polygon","coordinates":[[[127.04694,37.66924],[127.04619,37.67076],[127.04445,37.67098],[127.04347,37.66967],[127.04422,37.66815],[127.04595,37.66794],[127.04694,37.66924]]]}},{"type":"Feature","properties":{"h3":"8930e1c2513ffff","emd_code":"1132052100","emd_name":"도봉1동","area_km2":0.0726,"edge":false,"slope_mean":5.6,"elev_mean":35.1,"flood_hist_n":2,"flood_depth_max_m":0.3,"flood_risk_100y":null,"semi_basement_r":null,"elderly_alone_r":0.2288,"bldg_age30_r":null,"shelter_min_walk":10,"pop":19343,"hh":10266,"elderly65_r":0.3566,"single_hh_r":0.4816,"source_level":"emd","flood_years":[2018,2022]},"geometry":{"type":"Polygon","coordinates":[[[127.04197,37.67271],[127.04122,37.67423],[127.03949,37.67445],[127.0385,37.67314],[127.03925,37.67162],[127.04099,37.67141],[127.04197,37.67271]]]}},{"type":"Feature","properties":{"h3":"8930e1c2517ffff","emd_code":"1132052100","emd_name":"도봉1동","area_km2":0.0727,"edge":false,"slope_mean":2.41,"elev_mean":31.7,"flood_hist_n":3,"flood_depth_max_m":0.3,"flood_risk_100y":null,"semi_basement_r":null,"elderly_alone_r":0.2288,"bldg_age30_r":null,"shelter_min_walk":6,"pop":19343,"hh":10266,"elderly65_r":0.3566,"single_hh_r":0.4816,"source_level":"emd","flood_years":[2018,2019,2025]},"geometry":{"type":"Polygon","coordinates":[[[127.04469,37.6738],[127.04394,37.67532],[127.04221,37.67554],[127.04122,37.67423],[127.04197,37.67271],[127.04371,37.6725],[127.04469,37.6738]]]}},{"type":"Feature","properties":{"h3":"8930e1c251bffff","emd_code":"1132052100","emd_name":"도봉1동","area_km2":0.0726,"edge":false,"slope_mean":3.48,"elev_mean":31.6,"flood_hist_n":4,"flood_depth_max_m":0.3,"flood_risk_100y":null,"semi_basement_r":null,"elderly_alone_r":0.2288,"bldg_age30_r":null,"shelter_min_walk":5,"pop":19343,"hh":10266,"elderly65_r":0.3566,"single_hh_r":0.4816,"source_level":"emd","flood_years":[2018,2020,2022,2024]},"geometry":{"type":"Polygon","coordinates":[[[127.04174,37.66988],[127.04099,37.67141],[127.03925,37.67162],[127.03827,37.67031],[127.03902,37.66879],[127.04075,37.66858],[127.04174,37.66988]]]}},{"type":"Feature","properties":{"h3":"8930e1c2523ffff","emd_code":"1132052200","emd_name":"도봉2동","area_km2":0.0727,"edge":true,"slope_mean":4.07,"elev_mean":28.7,"flood_hist_n":3,"flood_depth_max_m":0.5,"flood_risk_100y":null,"semi_basement_r":null,"elderly_alone_r":0.1656,"bldg_age30_r":null,"shelter_min_walk":4,"pop":25627,"hh":11876,"elderly65_r":0.311,"single_hh_r":0.3701,"source_level":"emd","flood_years":[2018,2022,2025]},"geometry":{"type":"Polygon","coordinates":[[[127.05237,37.67142],[127.05163,37.67294],[127.04989,37.67316],[127.04891,37.67185],[127.04966,37.67033],[127.05139,37.67012],[127.05237,37.67142]]]}},{"type":"Feature","properties":{"h3":"8930e1c252bffff","emd_code":"1132069000","emd_name":"방학1동","area_km2":0.0727,"edge":true,"slope_mean":4.53,"elev_mean":27.1,"flood_hist_n":0,"flood_depth_max_m":null,"flood_risk_100y":null,"semi_basement_r":null,"elderly_alone_r":0.1576,"bldg_age30_r":null,"shelter_min_walk":4,"pop":27718,"hh":13242,"elderly65_r":0.269,"single_hh_r":0.4314,"source_level":"emd","flood_years":[]},"geometry":{"type":"Polygon","coordinates":[[[127.05214,37.6686],[127.05139,37.67012],[127.04966,37.67033],[127.04867,37.66903],[127.04942,37.66751],[127.05115,37.66729],[127.05214,37.6686]]]}},{"type":"Feature","properties":{"h3":"8930e1c2533ffff","emd_code":"1132052200","emd_name":"도봉2동","area_km2":0.0727,"edge":false,"slope_mean":6.5,"elev_mean":26.2,"flood_hist_n":0,"flood_depth_max_m":null,"flood_risk_100y":null,"semi_basement_r":null,"elderly_alone_r":0.1656,"bldg_age30_r":null,"shelter_min_walk":2,"pop":25627,"hh":11876,"elderly65_r":0.311,"single_hh_r":0.3701,"source_level":"emd","flood_years":[]},"geometry":{"type":"Polygon","coordinates":[[[127.04989,37.67316],[127.04914,37.67468],[127.04741,37.67489],[127.04642,37.67359],[127.04717,37.67207],[127.04891,37.67185],[127.04989,37.67316]]]}},{"type":"Feature","properties":{"h3":"8930e1c2537ffff","emd_code":"1132052200","emd_name":"도봉2동","area_km2":0.0727,"edge":true,"slope_mean":4.63,"elev_mean":28.9,"flood_hist_n":4,"flood_depth_max_m":0.5,"flood_risk_100y":null,"semi_basement_r":null,"elderly_alone_r":0.1656,"bldg_age30_r":null,"shelter_min_walk":3,"pop":25627,"hh":11876,"elderly65_r":0.311,"single_hh_r":0.3701,"source_level":"emd","flood_years":[2018,2022,2023,2025]},"geometry":{"type":"Polygon","coordinates":[[[127.05261,37.67425],[127.05186,37.67577],[127.05013,37.67599],[127.04914,37.67468],[127.04989,37.67316],[127.05163,37.67294],[127.05261,37.67425]]]}},{"type":"Feature","properties":{"h3":"8930e1c253bffff","emd_code":"1132052200","emd_name":"도봉2동","area_km2":0.0727,"edge":false,"slope_mean":7.06,"elev_mean":26.9,"flood_hist_n":0,"flood_depth_max_m":null,"flood_risk_100y":null,"semi_basement_r":null,"elderly_alone_r":0.1656,"bldg_age30_r":null,"shelter_min_walk":3,"pop":25627,"hh":11876,"elderly65_r":0.311,"single_hh_r":0.3701,"source_level":"emd","flood_years":[]},"geometry":{"type":"Polygon","coordinates":[[[127.04966,37.67033],[127.04891,37.67185],[127.04717,37.67207],[127.04619,37.67076],[127.04694,37.66924],[127.04867,37.66903],[127.04966,37.67033]]]}},{"type":"Feature","properties":{"h3":"8930e1c2543ffff","emd_code":"1132069000","emd_name":"방학1동","area_km2":0.0726,"edge":false,"slope_mean":2.01,"elev_mean":29.7,"flood_hist_n":3,"flood_depth_max_m":0.3,"flood_risk_100y":null,"semi_basement_r":null,"elderly_alone_r":0.1576,"bldg_age30_r":null,"shelter_min_walk":2,"pop":27718,"hh":13242,"elderly65_r":0.269,"single_hh_r":0.4314,"source_level":"emd","flood_years":[2018,2022,2025]},"geometry":{"type":"Polygon","coordinates":[[[127.04127,37.66423],[127.04052,37.66575],[127.03878,37.66597],[127.0378,37.66466],[127.03855,37.66314],[127.04028,37.66293],[127.04127,37.66423]]]}},{"type":"Feature","properties":{"h3":"8930e1c2547ffff","emd_code":"1132069000","emd_name":"방학1동","area_km2":0.0726,"edge":false,"slope_mean":4.29,"elev_mean":28.8,"flood_hist_n":3,"flood_depth_max_m":0.3,"flood_risk_100y":null,"semi_basement_r":null,"elderly_alone_r":0.1576,"bldg_age30_r":null,"shelter_min_walk":4,"pop":27718,"hh":13242,"elderly65_r":0.269,"single_hh_r":0.4314,"source_level":"emd","flood_years":[2018,2022,2025]},"geometry":{"type":"Polygon","coordinates":[[[127.04398,37.66532],[127.04323,37.66684],[127.0415,37.66706],[127.04052,37.66575],[127.04127,37.66423],[127.043,37.66402],[127.04398,37.66532]]]}},{"type":"Feature","properties":{"h3":"8930e1c254bffff","emd_code":"1132067000","emd_name":"쌍문2동","area_km2":0.0726,"edge":false,"slope_mean":2.98,"elev_mean":31.3,"flood_hist_n":1,"flood_depth_max_m":0.3,"flood_risk_100y":null,"semi_basement_r":null,"elderly_alone_r":0.1713,"bldg_age30_r":null,"shelter_min_walk":2,"pop":17228,"hh":8429,"elderly65_r":0.2813,"single_hh_r":0.42,"source_level":"emd","flood_years":[2018]},"geometry":{"type":"Polygon","coordinates":[[[127.04103,37.66141],[127.04028,37.66293],[127.03855,37.66314],[127.03756,37.66184],[127.03831,37.66031],[127.04005,37.6601],[127.04103,37.66141]]]}},{"type":"Feature","properties":{"h3":"8930e1c254fffff","emd_code":"1132069000","emd_name":"방학1동","area_km2":0.0726,"edge":false,"slope_mean":3.73,"elev_mean":28.3,"flood_hist_n":2,"flood_depth_max_m":0.3,"flood_risk_100y":null,"semi_basement_r":null,"elderly_alone_r":0.1576,"bldg_age30_r":null,"shelter_min_walk":3,"pop":27718,"hh":13242,"elderly65_r":0.269,"single_hh_r":0.4314,"source_level":"emd","flood_years":[2022,2025]},"geometry":{"type":"Polygon","coordinates":[[[127.04375,37.6625],[127.043,37.66402],[127.04127,37.66423],[127.04028,37.66293],[127.04103,37.66141],[127.04276,37.66119],[127.04375,37.6625]]]}},{"type":"Feature","properties":{"h3":"8930e1c2553ffff","emd_code":"1132070000","emd_name":"방학2동","area_km2":0.0726,"edge":false,"slope_mean":2.3,"elev_mean":32.7,"flood_hist_n":3,"flood_depth_max_m":0.3,"flood_risk_100y":null,"semi_basement_r":null,"elderly_alone_r":0.2097,"bldg_age30_r":null,"shelter_min_walk":2,"pop":17398,"hh":9031,"elderly65_r":0.3106,"single_hh_r":0.4695,"source_level":"emd","flood_years":[2018,2023,2025]},"geometry":{"type":"Polygon","coordinates":[[[127.03878,37.66597],[127.03803,37.66749],[127.0363,37.6677],[127.03532,37.6664],[127.03607,37.66488],[127.0378,37.66466],[127.03878,37.66597]]]}},{"type":"Feature","properties":{"h3":"8930e1c2557ffff","emd_code":"1132069000","emd_name":"방학1동","area_km2":0.0726,"edge":false,"slope_mean":3.14,"elev_mean":30.8,"flood_hist_n":3,"flood_depth_max_m":0.3,"flood_risk_100y":null,"semi_basement_r":null,"elderly_alone_r":0.1576,"bldg_age30_r":null,"shelter_min_walk":1,"pop":27718,"hh":13242,"elderly65_r":0.269,"single_hh_r":0.4314,"source_level":"emd","flood_years":[2018,2022,2025]},"geometry":{"type":"Polygon","coordinates":[[[127.0415,37.66706],[127.04075,37.66858],[127.03902,37.66879],[127.03803,37.66749],[127.03878,37.66597],[127.04052,37.66575],[127.0415,37.66706]]]}},{"type":"Feature","properties":{"h3":"8930e1c255bffff","emd_code":"1132069000","emd_name":"방학1동","area_km2":0.0726,"edge":false,"slope_mean":2.98,"elev_mean":31.3,"flood_hist_n":2,"flood_depth_max_m":0.3,"flood_risk_100y":null,"semi_basement_r":null,"elderly_alone_r":0.1576,"bldg_age30_r":null,"shelter_min_walk":2,"pop":27718,"hh":13242,"elderly65_r":0.269,"single_hh_r":0.4314,"source_level":"emd","flood_years":[2018,2022]},"geometry":{"type":"Polygon","coordinates":[[[127.03855,37.66314],[127.0378,37.66466],[127.03607,37.66488],[127.03508,37.66357],[127.03583,37.66205],[127.03756,37.66184],[127.03855,37.66314]]]}},{"type":"Feature","properties":{"h3":"8930e1c2563ffff","emd_code":"1132069000","emd_name":"방학1동","area_km2":0.0727,"edge":false,"slope_mean":4.78,"elev_mean":29.5,"flood_hist_n":0,"flood_depth_max_m":null,"flood_risk_100y":null,"semi_basement_r":null,"elderly_alone_r":0.1576,"bldg_age30_r":null,"shelter_min_walk":1,"pop":27718,"hh":13242,"elderly65_r":0.269,"single_hh_r":0.4314,"source_level":"emd","flood_years":[]},"geometry":{"type":"Polygon","coordinates":[[[127.04918,37.66468],[127.04843,37.6662],[127.0467,37.66641],[127.04572,37.66511],[127.04647,37.66359],[127.0482,37.66337],[127.04918,37.66468]]]}},{"type":"Feature","properties":{"h3":"8930e1c2567ffff","emd_code":"1132069000","emd_name":"방학1동","area_km2":0.0727,"edge":false,"slope_mean":5.25,"elev_mean":23.6,"flood_hist_n":0,"flood_depth_max_m":null,"flood_risk_100y":null,"semi_basement_r":null,"elderly_alone_r":0.1576,"bldg_age30_r":null,"shelter_min_walk":2,"pop":27718,"hh":13242,"elderly65_r":0.269,"single_hh_r":0.4314,"source_level":"emd","flood_years":[]},"geometry":{"type":"Polygon","coordinates":[[[127.0519,37.66577],[127.05115,37.66729],[127.04942,37.66751],[127.04843,37.6662],[127.04918,37.66468],[127.05092,37.66447],[127.0519,37.66577]]]}},{"type":"Feature","properties":{"h3":"8930e1c256bffff","emd_code":"1132069000","emd_name":"방학1동","area_km2":0.0727,"edge":false,"slope_mean":4.55,"elev_mean":27.8,"flood_hist_n":0,"flood_depth_max_m":null,"flood_risk_100y":null,"semi_basement_r":null,"elderly_alone_r":0.1576,"bldg_age30_r":null,"shelter_min_walk":2,"pop":27718,"hh":13242,"elderly65_r":0.269,"single_hh_r":0.4314,"source_level":"emd","flood_years":[]},"geometry":{"type":"Polygon","coordinates":[[[127.04895,37.66185],[127.0482,37.66337],[127.04647,37.66359],[127.04548,37.66228],[127.04623,37.66076],[127.04796,37.66055],[127.04895,37.66185]]]}},{"type":"Feature","properties":{"h3":"8930e1c256fffff","emd_code":"1132069000","emd_name":"방학1동","area_km2":0.0727,"edge":false,"slope_mean":4.75,"elev_mean":26.0,"flood_hist_n":0,"flood_depth_max_m":null,"flood_risk_100y":null,"semi_basement_r":null,"elderly_alone_r":0.1576,"bldg_age30_r":null,"shelter_min_walk":4,"pop":27718,"hh":13242,"elderly65_r":0.269,"single_hh_r":0.4314,"source_level":"emd","flood_years":[]},"geometry":{"type":"Polygon","coordinates":[[[127.05167,37.66294],[127.05092,37.66447],[127.04918,37.66468],[127.0482,37.66337],[127.04895,37.66185],[127.05068,37.66164],[127.05167,37.66294]]]}},{"type":"Feature","properties":{"h3":"8930e1c2573ffff","emd_code":"1132069000","emd_name":"방학1동","area_km2":0.0727,"edge":false,"slope_mean":5.1,"elev_mean":29.6,"flood_hist_n":1,"flood_depth_max_m":0.3,"flood_risk_100y":null,"semi_basement_r":null,"elderly_alone_r":0.1576,"bldg_age30_r":null,"shelter_min_walk":1,"pop":27718,"hh":13242,"elderly65_r":0.269,"single_hh_r":0.4314,"source_level":"emd","flood_years":[2018]},"geometry":{"type":"Polygon","coordinates":[[[127.0467,37.66641],[127.04595,37.66794],[127.04422,37.66815],[127.04323,37.66684],[127.04398,37.66532],[127.04572,37.66511],[127.0467,37.66641]]]}},{"type":"Feature","properties":{"h3":"8930e1c2577ffff","emd_code":"1132069000","emd_name":"방학1동","area_km2":0.0727,"edge":false,"slope_mean":6.28,"elev_mean":28.8,"flood_hist_n":0,"flood_depth_max_m":null,"flood_risk_100y":null,"semi_basement_r":null,"elderly_alone_r":0.1576,"bldg_age30_r":null,"shelter_min_walk":2,"pop":27718,"hh":13242,"elderly65_r":0.269,"single_hh_r":0.4314,"source_level":"emd","flood_years":[]},"geometry":{"type":"Polygon","coordinates":[[[127.04942,37.66751],[127.04867,37.66903],[127.04694,37.66924],[127.04595,37.66794],[127.0467,37.66641],[127.04843,37.6662],[127.04942,37.66751]]]}},{"type":"Feature","properties":{"h3":"8930e1c257bffff","emd_code":"1132069000","emd_name":"방학1동","area_km2":0.0727,"edge":false,"slope_mean":4.87,"elev_mean":28.8,"flood_hist_n":3,"flood_depth_max_m":0.3,"flood_risk_100y":null,"semi_basement_r":null,"elderly_alone_r":0.1576,"bldg_age30_r":null,"shelter_min_walk":1,"pop":27718,"hh":13242,"elderly65_r":0.269,"single_hh_r":0.4314,"source_level":"emd","flood_years":[2018,2022,2025]},"geometry":{"type":"Polygon","coordinates":[[[127.04647,37.66359],[127.04572,37.66511],[127.04398,37.66532],[127.043,37.66402],[127.04375,37.6625],[127.04548,37.66228],[127.04647,37.66359]]]}},{"type":"Feature","properties":{"h3":"8930e1c2583ffff","emd_code":"1132052100","emd_name":"도봉1동","area_km2":0.0726,"edge":false,"slope_mean":9.74,"elev_mean":54.0,"flood_hist_n":0,"flood_depth_max_m":null,"flood_risk_100y":null,"semi_basement_r":null,"elderly_alone_r":0.2288,"bldg_age30_r":null,"shelter_min_walk":9,"pop":19343,"hh":10266,"elderly65_r":0.3566,"single_hh_r":0.4816,"source_level":"emd","flood_years":[]},"geometry":{"type":"Polygon","coordinates":[[[127.03973,37.67727],[127.03898,37.67879],[127.03724,37.67901],[127.03626,37.6777],[127.03701,37.67618],[127.03874,37.67597],[127.03973,37.67727]]]}},{"type":"Feature","properties":{"h3":"8930e1c2587ffff","emd_code":"1132052100","emd_name":"도봉1동","area_km2":0.0727,"edge":false,"slope_mean":7.78,"elev_mean":43.3,"flood_hist_n":2,"flood_depth_max_m":0.3,"flood_risk_100y":null,"semi_basement_r":null,"elderly_alone_r":0.2288,"bldg_age30_r":null,"shelter_min_walk":5,"pop":19343,"hh":10266,"elderly65_r":0.3566,"single_hh_r":0.4816,"source_level":"emd","flood_years":[2011,2018]},"geometry":{"type":"Polygon","coordinates":[[[127.04244,37.67836],[127.04169,37.67988],[127.03996,37.6801],[127.03898,37.67879],[127.03973,37.67727],[127.04146,37.67706],[127.04244,37.67836]]]}},{"type":"Feature","properties":{"h3":"8930e1c258bffff","emd_code":"1132052100","emd_name":"도봉1동","area_km2":0.0726,"edge":false,"slope_mean":9.62,"elev_mean":63.6,"flood_hist_n":0,"flood_depth_max_m":null,"flood_risk_100y":null,"semi_basement_r":null,"elderly_alone_r":0.2288,"bldg_age30_r":null,"shelter_min_walk":11,"pop":19343,"hh":10266,"elderly65_r":0.3566,"single_hh_r":0.4816,"source_level":"emd","flood_years":[]},"geometry":{"type":"Polygon","coordinates":[[[127.03949,37.67445],[127.03874,37.67597],[127.03701,37.67618],[127.03602,37.67487],[127.03677,37.67335],[127.0385,37.67314],[127.03949,37.67445]]]}},{"type":"Feature","properties":{"h3":"8930e1c258fffff","emd_code":"1132052100","emd_name":"도봉1동","area_km2":0.0726,"edge":false,"slope_mean":9.44,"elev_mean":53.8,"flood_hist_n":0,"flood_depth_max_m":null,"flood_risk_100y":null,"semi_basement_r":null,"elderly_alone_r":0.2288,"bldg_age30_r":null,"shelter_min_walk":8,"pop":19343,"hh":10266,"elderly65_r":0.3566,"single_hh_r":0.4816,"source_level":"emd","flood_years":[]},"geometry":{"type":"Polygon","coordinates":[[[127.04221,37.67554],[127.04146,37.67706],[127.03973,37.67727],[127.03874,37.67597],[127.03949,37.67445],[127.04122,37.67423],[127.04221,37.67554]]]}},{"type":"Feature","properties":{"h3":"8930e1c2593ffff","emd_code":"1132052100","emd_name":"도봉1동","area_km2":0.0726,"edge":false,"slope_mean":9.03,"elev_mean":49.8,"flood_hist_n":1,"flood_depth_max_m":0.3,"flood_risk_100y":null,"semi_basement_r":null,"elderly_alone_r":0.2288,"bldg_age30_r":null,"shelter_min_walk":11,"pop":19343,"hh":10266,"elderly65_r":0.3566,"single_hh_r":0.4816,"source_level":"emd","flood_years":[2018]},"geometry":{"type":"Polygon","coordinates":[[[127.03724,37.67901],[127.03649,37.68053],[127.03476,37.68074],[127.03378,37.67943],[127.03452,37.67791],[127.03626,37.6777],[127.03724,37.67901]]]}},{"type":"Feature","properties":{"h3":"8930e1c2597ffff","emd_code":"1132052100","emd_name":"도봉1동","area_km2":0.0726,"edge":false,"slope_mean":11.42,"elev_mean":57.9,"flood_hist_n":1,"flood_depth_max_m":0.3,"flood_risk_100y":null,"semi_basement_r":null,"elderly_alone_r":0.2288,"bldg_age30_r":null,"shelter_min_walk":8,"pop":19343,"hh":10266,"elderly65_r":0.3566,"single_hh_r":0.4816,"source_level":"emd","flood_years":[2018]},"geometry":{"type":"Polygon","coordinates":[[[127.03996,37.6801],[127.03921,37.68162],[127.03748,37.68183],[127.03649,37.68053],[127.03724,37.67901],[127.03898,37.67879],[127.03996,37.6801]]]}},{"type":"Feature","properties":{"h3":"8930e1c259bffff","emd_code":"1132052100","emd_name":"도봉1동","area_km2":0.0726,"edge":false,"slope_mean":11.77,"elev_mean":68.8,"flood_hist_n":1,"flood_depth_max_m":0.3,"flood_risk_100y":null,"semi_basement_r":null,"elderly_alone_r":0.2288,"bldg_age30_r":null,"shelter_min_walk":12,"pop":19343,"hh":10266,"elderly65_r":0.3566,"single_hh_r":0.4816,"source_level":"emd","flood_years":[2018]},"geometry":{"type":"Polygon","coordinates":[[[127.03701,37.67618],[127.03626,37.6777],[127.03452,37.67791],[127.03354,37.67661],[127.03429,37.67509],[127.03602,37.67487],[127.03701,37.67618]]]}},{"type":"Feature","properties":{"h3":"8930e1c25a3ffff","emd_code":"1132052200","emd_name":"도봉2동","area_km2":0.0727,"edge":false,"slope_mean":5.16,"elev_mean":32.9,"flood_hist_n":0,"flood_depth_max_m":null,"flood_risk_100y":null,"semi_basement_r":null,"elderly_alone_r":0.1656,"bldg_age30_r":null,"shelter_min_walk":2,"pop":25627,"hh":11876,"elderly65_r":0.311,"single_hh_r":0.3701,"source_level":"emd","flood_years":[]},"geometry":{"type":"Polygon","coordinates":[[[127.04764,37.67772],[127.0469,37.67924],[127.04516,37.67946],[127.04418,37.67815],[127.04493,37.67663],[127.04666,37.67641],[127.04764,37.67772]]]}},{"type":"Feature","properties":{"h3":"8930e1c25a7ffff","emd_code":"1132052200","emd_name":"도봉2동","area_km2":0.0727,"edge":false,"slope_mean":4.0,"elev_mean":30.1,"flood_hist_n":0,"flood_depth_max_m":null,"flood_risk_100y":null,"semi_basement_r":null,"elderly_alone_r":0.1656,"bldg_age30_r":null,"shelter_min_walk":2,"pop":25627,"hh":11876,"elderly65_r":0.311,"single_hh_r":0.3701,"source_level":"emd","flood_years":[]},"geometry":{"type":"Polygon","coordinates":[[[127.05036,37.67881],[127.04961,37.68033],[127.04788,37.68055],[127.0469,37.67924],[127.04764,37.67772],[127.04938,37.67751],[127.05036,37.67881]]]}},{"type":"Feature","properties":{"h3":"8930e1c25abffff","emd_code":"1132052200","emd_name":"도봉2동","area_km2":0.0727,"edge":false,"slope_mean":3.7,"elev_mean":31.3,"flood_hist_n":2,"flood_depth_max_m":0.3,"flood_risk_100y":null,"semi_basement_r":null,"elderly_alone_r":0.1656,"bldg_age30_r":null,"shelter_min_walk":3,"pop":25627,"hh":11876,"elderly65_r":0.311,"single_hh_r":0.3701,"source_level":"emd","flood_years":[2022,2025]},"geometry":{"type":"Polygon","coordinates":[[[127.04741,37.67489],[127.04666,37.67641],[127.04493,37.67663],[127.04394,37.67532],[127.04469,37.6738],[127.04642,37.67359],[127.04741,37.67489]]]}},{"type":"Feature","properties":{"h3":"8930e1c25afffff","emd_code":"1132052200","emd_name":"도봉2동","area_km2":0.0727,"edge":false,"slope_mean":4.92,"elev_mean":28.2,"flood_hist_n":0,"flood_depth_max_m":null,"flood_risk_100y":null,"semi_basement_r":null,"elderly_alone_r":0.1656,"bldg_age30_r":null,"shelter_min_walk":1,"pop":25627,"hh":11876,"elderly65_r":0.311,"single_hh_r":0.3701,"source_level":"emd","flood_years":[]},"geometry":{"type":"Polygon","coordinates":[[[127.05013,37.67599],[127.04938,37.67751],[127.04764,37.67772],[127.04666,37.67641],[127.04741,37.67489],[127.04914,37.67468],[127.05013,37.67599]]]}},{"type":"Feature","properties":{"h3":"8930e1c25b3ffff","emd_code":"1132052100","emd_name":"도봉1동","area_km2":0.0727,"edge":false,"slope_mean":3.42,"elev_mean":35.6,"flood_hist_n":2,"flood_depth_max_m":0.3,"flood_risk_100y":null,"semi_basement_r":null,"elderly_alone_r":0.2288,"bldg_age30_r":null,"shelter_min_walk":1,"pop":19343,"hh":10266,"elderly65_r":0.3566,"single_hh_r":0.4816,"source_level":"emd","flood_years":[2018,2022]},"geometry":{"type":"Polygon","coordinates":[[[127.04516,37.67946],[127.04441,37.68098],[127.04268,37.68119],[127.04169,37.67988],[127.04244,37.67836],[127.04418,37.67815],[127.04516,37.67946]]]}},{"type":"Feature","properties":{"h3":"8930e1c25b7ffff","emd_code":"1132052200","emd_name":"도봉2동","area_km2":0.0727,"edge":false,"slope_mean":5.79,"elev_mean":35.9,"flood_hist_n":0,"flood_depth_max_m":null,"flood_risk_100y":null,"semi_basement_r":null,"elderly_alone_r":0.1656,"bldg_age30_r":null,"shelter_min_walk":2,"pop":25627,"hh":11876,"elderly65_r":0.311,"single_hh_r":0.3701,"source_level":"emd","flood_years":[]},"geometry":{"type":"Polygon","coordinates":[[[127.04788,37.68055],[127.04713,37.68207],[127.0454,37.68228],[127.04441,37.68098],[127.04516,37.67946],[127.0469,37.67924],[127.04788,37.68055]]]}},{"type":"Feature","properties":{"h3":"8930e1c25bbffff","emd_code":"1132052100","emd_name":"도봉1동","area_km2":0.0727,"edge":false,"slope_mean":4.95,"elev_mean":36.3,"flood_hist_n":2,"flood_depth_max_m":0.3,"flood_risk_100y":null,"semi_basement_r":null,"elderly_alone_r":0.2288,"bldg_age30_r":null,"shelter_min_walk":5,"pop":19343,"hh":10266,"elderly65_r":0.3566,"single_hh_r":0.4816,"source_level":"emd","flood_years":[2018,2022]},"geometry":{"type":"Polygon","coordinates":[[[127.04493,37.67663],[127.04418,37.67815],[127.04244,37.67836],[127.04146,37.67706],[127.04221,37.67554],[127.04394,37.67532],[127.04493,37.67663]]]}},{"type":"Feature","properties":{"h3":"8930e1c25c3ffff","emd_code":"1132070000","emd_name":"방학2동","area_km2":0.0726,"edge":false,"slope_mean":10.17,"elev_mean":55.5,"flood_hist_n":1,"flood_depth_max_m":0.3,"flood_risk_100y":null,"semi_basement_r":null,"elderly_alone_r":0.2097,"bldg_age30_r":null,"shelter_min_walk":4,"pop":17398,"hh":9031,"elderly65_r":0.3106,"single_hh_r":0.4695,"source_level":"emd","flood_years":[2018]},"geometry":{"type":"Polygon","coordinates":[[[127.03654,37.67053],[127.03579,37.67205],[127.03405,37.67226],[127.03307,37.67096],[127.03382,37.66944],[127.03555,37.66922],[127.03654,37.67053]]]}},{"type":"Feature","properties":{"h3":"8930e1c25c7ffff","emd_code":"1132052100","emd_name":"도봉1동","area_km2":0.0726,"edge":false,"slope_mean":12.51,"elev_mean":58.9,"flood_hist_n":0,"flood_depth_max_m":null,"flood_risk_100y":null,"semi_basement_r":null,"elderly_alone_r":0.2288,"bldg_age30_r":null,"shelter_min_walk":8,"pop":19343,"hh":10266,"elderly65_r":0.3566,"single_hh_r":0.4816,"source_level":"emd","flood_years":[]},"geometry":{"type":"Polygon","coordinates":[[[127.03925,37.67162],[127.0385,37.67314],[127.03677,37.67335],[127.03579,37.67205],[127.03654,37.67053],[127.03827,37.67031],[127.03925,37.67162]]]}},{"type":"Feature","properties":{"h3":"8930e1c25cbffff","emd_code":"1132070000","emd_name":"방학2동","area_km2":0.0726,"edge":false,"slope_mean":3.75,"elev_mean":37.8,"flood_hist_n":2,"flood_depth_max_m":0.3,"flood_risk_100y":null,"semi_basement_r":null,"elderly_alone_r":0.2097,"bldg_age30_r":null,"shelter_min_walk":2,"pop":17398,"hh":9031,"elderly65_r":0.3106,"single_hh_r":0.4695,"source_level":"emd","flood_years":[2018,2022]},"geometry":{"type":"Polygon","coordinates":[[[127.0363,37.6677],[127.03555,37.66922],[127.03382,37.66944],[127.03283,37.66813],[127.03358,37.66661],[127.03532,37.6664],[127.0363,37.6677]]]}},{"type":"Feature","properties":{"h3":"8930e1c25cfffff","emd_code":"1132070000","emd_name":"방학2동","area_km2":0.0726,"edge":false,"slope_mean":3.75,"elev_mean":37.7,"flood_hist_n":2,"flood_depth_max_m":0.3,"flood_risk_100y":null,"semi_basement_r":null,"elderly_alone_r":0.2097,"bldg_age30_r":null,"shelter_min_walk":4,"pop":17398,"hh":9031,"elderly65_r":0.3106,"single_hh_r":0.4695,"source_level":"emd","flood_years":[2018,2022]},"geometry":{"type":"Polygon","coordinates":[[[127.03902,37.66879],[127.03827,37.67031],[127.03654,37.67053],[127.03555,37.66922],[127.0363,37.6677],[127.03803,37.66749],[127.03902,37.66879]]]}},{"type":"Feature","properties":{"h3":"8930e1c25d3ffff","emd_code":"1132070000","emd_name":"방학2동","area_km2":0.0726,"edge":false,"slope_mean":7.48,"elev_mean":70.2,"flood_hist_n":0,"flood_depth_max_m":null,"flood_risk_100y":null,"semi_basement_r":null,"elderly_alone_r":0.2097,"bldg_age30_r":null,"shelter_min_walk":5,"pop":17398,"hh":9031,"elderly65_r":0.3106,"single_hh_r":0.4695,"source_level":"emd","flood_years":[]},"geometry":{"type":"Polygon","coordinates":[[[127.03405,37.67226],[127.0333,37.67378],[127.03157,37.674],[127.03059,37.67269],[127.03134,37.67117],[127.03307,37.67096],[127.03405,37.67226]]]}},{"type":"Feature","properties":{"h3":"8930e1c25d7ffff","emd_code":"1132052100","emd_name":"도봉1동","area_km2":0.0726,"edge":false,"slope_mean":7.65,"elev_mean":83.5,"flood_hist_n":0,"flood_depth_max_m":null,"flood_risk_100y":null,"semi_basement_r":null,"elderly_alone_r":0.2288,"bldg_age30_r":null,"shelter_min_walk":8,"pop":19343,"hh":10266,"elderly65_r":0.3566,"single_hh_r":0.4816,"source_level":"emd","flood_years":[]},"geometry":{"type":"Polygon","coordinates":[[[127.03677,37.67335],[127.03602,37.67487],[127.03429,37.67509],[127.0333,37.67378],[127.03405,37.67226],[127.03579,37.67205],[127.03677,37.67335]]]}},{"type":"Feature","properties":{"h3":"8930e1c25dbffff","emd_code":"1132070000","emd_name":"방학2동","area_km2":0.0726,"edge":false,"slope_mean":3.81,"elev_mean":42.5,"flood_hist_n":2,"flood_depth_max_m":0.3,"flood_risk_100y":null,"semi_basement_r":null,"elderly_alone_r":0.2097,"bldg_age30_r":null,"shelter_min_walk":1,"pop":17398,"hh":9031,"elderly65_r":0.3106,"single_hh_r":0.4695,"source_level":"emd","flood_years":[2018,2025]},"geometry":{"type":"Polygon","coordinates":[[[127.03382,37.66944],[127.03307,37.67096],[127.03134,37.67117],[127.03035,37.66986],[127.0311,37.66834],[127.03283,37.66813],[127.03382,37.66944]]]}},{"type":"Feature","properties":{"h3":"8930e1c2617ffff","emd_code":"1132066000","emd_name":"쌍문1동","area_km2":0.0726,"edge":true,"slope_mean":2.27,"elev_mean":38.1,"flood_hist_n":5,"flood_depth_max_m":0.5,"flood_risk_100y":null,"semi_basement_r":null,"elderly_alone_r":0.151,"bldg_age30_r":null,"shelter_min_walk":4,"pop":20485,"hh":9787,"elderly65_r":0.2792,"single_hh_r":0.4125,"source_level":"emd","flood_years":[2010,2011,2018,2022,2025]},"geometry":{"type":"Polygon","coordinates":[[[127.02402,37.64638],[127.02327,37.6479],[127.02154,37.64812],[127.02056,37.64681],[127.02131,37.64529],[127.02304,37.64508],[127.02402,37.64638]]]}},{"type":"Feature","properties":{"h3":"8930e1c2623ffff","emd_code":"1132068000","emd_name":"쌍문3동","area_km2":0.0726,"edge":false,"slope_mean":5.39,"elev_mean":35.2,"flood_hist_n":0,"flood_depth_max_m":null,"flood_risk_100y":null,"semi_basement_r":null,"elderly_alone_r":0.1451,"bldg_age30_r":null,"shelter_min_walk":4,"pop":15870,"hh":8207,"elderly65_r":0.2658,"single_hh_r":0.4814,"source_level":"emd","flood_years":[]},"geometry":{"type":"Polygon","coordinates":[[[127.0317,37.644],[127.03095,37.64552],[127.02922,37.64574],[127.02824,37.64443],[127.02899,37.64291],[127.03072,37.6427],[127.0317,37.644]]]}},{"type":"Feature","properties":{"h3":"8930e1c2627ffff","emd_code":"1132051200","emd_name":"창2동","area_km2":0.0726,"edge":false,"slope_mean":3.93,"elev_mean":40.0,"flood_hist_n":0,"flood_depth_max_m":null,"flood_risk_100y":null,"semi_basement_r":null,"elderly_alone_r":0.1269,"bldg_age30_r":null,"shelter_min_walk":2,"pop":27436,"hh":12765,"elderly65_r":0.2487,"single_hh_r":0.3792,"source_level":"emd","flood_years":[]},"geometry":{"type":"Polygon","coordinates":[[[127.03442,37.64509],[127.03367,37.64661],[127.03194,37.64683],[127.03095,37.64552],[127.0317,37.644],[127.03343,37.64379],[127.03442,37.64509]]]}},{"type":"Feature","properties":{"h3":"8930e1c262fffff","emd_code":"1132051200","emd_name":"창2동","area_km2":0.0726,"edge":false,"slope_mean":5.94,"elev_mean":34.2,"flood_hist_n":1,"flood_depth_max_m":0.3,"flood_risk_100y":null,"semi_basement_r":null,"elderly_alone_r":0.1269,"bldg_age30_r":null,"shelter_min_walk":2,"pop":27436,"hh":12765,"elderly65_r":0.2487,"single_hh_r":0.3792,"source_level":"emd","flood_years":[2025]},"geometry":{"type":"Polygon","coordinates":[[[127.03418,37.64227],[127.03343,37.64379],[127.0317,37.644],[127.03072,37.6427],[127.03147,37.64118],[127.0332,37.64096],[127.03418,37.64227]]]}},{"type":"Feature","properties":{"h3":"8930e1c2633ffff","emd_code":"1132068000","emd_name":"쌍문3동","area_km2":0.0726,"edge":false,"slope_mean":6.92,"elev_mean":39.9,"flood_hist_n":1,"flood_depth_max_m":0.3,"flood_risk_100y":null,"semi_basement_r":null,"elderly_alone_r":0.1451,"bldg_age30_r":null,"shelter_min_walk":1,"pop":15870,"hh":8207,"elderly65_r":0.2658,"single_hh_r":0.4814,"source_level":"emd","flood_years":[2025]},"geometry":{"type":"Polygon","coordinates":[[[127.02922,37.64574],[127.02847,37.64726],[127.02674,37.64747],[127.02576,37.64617],[127.0265,37.64465],[127.02824,37.64443],[127.02922,37.64574]]]}},{"type":"Feature","properties":{"h3":"8930e1c2637ffff","emd_code":"1132068000","emd_name":"쌍문3동","area_km2":0.0726,"edge":false,"slope_mean":5.39,"elev_mean":42.0,"flood_hist_n":1,"flood_depth_max_m":0.3,"flood_risk_100y":null,"semi_basement_r":null,"elderly_alone_r":0.1451,"bldg_age30_r":null,"shelter_min_walk":1,"pop":15870,"hh":8207,"elderly65_r":0.2658,"single_hh_r":0.4814,"source_level":"emd","flood_years":[2022]},"geometry":{"type":"Polygon","coordinates":[[[127.03194,37.64683],[127.03119,37.64835],[127.02946,37.64856],[127.02847,37.64726],[127.02922,37.64574],[127.03095,37.64552],[127.03194,37.64683]]]}},{"type":"Feature","properties":{"h3":"8930e1c2683ffff","emd_code":"1132066000","emd_name":"쌍문1동","area_km2":0.0726,"edge":false,"slope_mean":3.47,"elev_mean":40.5,"flood_hist_n":0,"flood_depth_max_m":null,"flood_risk_100y":null,"semi_basement_r":null,"elderly_alone_r":0.151,"bldg_age30_r":null,"shelter_min_walk":6,"pop":20485,"hh":9787,"elderly65_r":0.2792,"single_hh_r":0.4125,"source_level":"emd","flood_years":[]},"geometry":{"type":"Polygon","coordinates":[[[127.01906,37.64985],[127.01831,37.65137],[127.01658,37.65158],[127.0156,37.65028],[127.01635,37.64876],[127.01808,37.64854],[127.01906,37.64985]]]}},{"type":"Feature","properties":{"h3":"8930e1c2687ffff","emd_code":"1132066000","emd_name":"쌍문1동","area_km2":0.0726,"edge":false,"slope_mean":9.47,"elev_mean":54.7,"flood_hist_n":0,"flood_depth_max_m":null,"flood_risk_100y":null,"semi_basement_r":null,"elderly_alone_r":0.151,"bldg_age30_r":null,"shelter_min_walk":2,"pop":20485,"hh":9787,"elderly65_r":0.2792,"single_hh_r":0.4125,"source_level":"emd","flood_years":[]},"geometry":{"type":"Polygon","coordinates":[[[127.02178,37.65094],[127.02103,37.65246],[127.0193,37.65268],[127.01831,37.65137],[127.01906,37.64985],[127.02079,37.64964],[127.02178,37.65094]]]}},{"type":"Feature","properties":{"h3":"8930e1c268fffff","emd_code":"1132066000","emd_name":"쌍문1동","area_km2":0.0726,"edge":true,"slope_mean":2.81,"elev_mean":38.9,"flood_hist_n":4,"flood_depth_max_m":0.5,"flood_risk_100y":null,"semi_basement_r":null,"elderly_alone_r":0.151,"bldg_age30_r":null,"shelter_min_walk":5,"pop":20485,"hh":9787,"elderly65_r":0.2792,"single_hh_r":0.4125,"source_level":"emd","flood_years":[2010,2018,2022,2025]},"geometry":{"type":"Polygon","coordinates":[[[127.02154,37.64812],[127.02079,37.64964],[127.01906,37.64985],[127.01808,37.64854],[127.01883,37.64702],[127.02056,37.64681],[127.02154,37.64812]]]}},{"type":"Feature","properties":{"h3":"8930e1c2693ffff","emd_code":"1132066000","emd_name":"쌍문1동","area_km2":0.0726,"edge":false,"slope_mean":4.75,"elev_mean":44.2,"flood_hist_n":2,"flood_depth_max_m":0.3,"flood_risk_100y":null,"semi_basement_r":null,"elderly_alone_r":0.151,"bldg_age30_r":null,"shelter_min_walk":4,"pop":20485,"hh":9787,"elderly65_r":0.2792,"single_hh_r":0.4125,"source_level":"emd","flood_years":[2018,2025]},"geometry":{"type":"Polygon","coordinates":[[[127.01658,37.65158],[127.01583,37.6531],[127.0141,37.65332],[127.01311,37.65201],[127.01386,37.65049],[127.0156,37.65028],[127.01658,37.65158]]]}},{"type":"Feature","properties":{"h3":"8930e1c2697ffff","emd_code":"1132066000","emd_name":"쌍문1동","area_km2":0.0726,"edge":false,"slope_mean":8.03,"elev_mean":51.8,"flood_hist_n":1,"flood_depth_max_m":0.3,"flood_risk_100y":null,"semi_basement_r":null,"elderly_alone_r":0.151,"bldg_age30_r":null,"shelter_min_walk":6,"pop":20485,"hh":9787,"elderly65_r":0.2792,"single_hh_r":0.4125,"source_level":"emd","flood_years":[2025]},"geometry":{"type":"Polygon","coordinates":[[[127.0193,37.65268],[127.01855,37.6542],[127.01681,37.65441],[127.01583,37.6531],[127.01658,37.65158],[127.01831,37.65137],[127.0193,37.65268]]]}},{"type":"Feature","properties":{"h3":"8930e1c269bffff","emd_code":"1132066000","emd_name":"쌍문1동","area_km2":0.0726,"edge":true,"slope_mean":3.62,"elev_mean":42.2,"flood_hist_n":2,"flood_depth_max_m":0.3,"flood_risk_100y":null,"semi_basement_r":null,"elderly_alone_r":0.151,"bldg_age30_r":null,"shelter_min_walk":8,"pop":20485,"hh":9787,"elderly65_r":0.2792,"single_hh_r":0.4125,"source_level":"emd","flood_years":[2022,2025]},"geometry":{"type":"Polygon","coordinates":[[[127.01635,37.64876],[127.0156,37.65028],[127.01386,37.65049],[127.01288,37.64919],[127.01363,37.64767],[127.01536,37.64745],[127.01635,37.64876]]]}},{"type":"Feature","properties":{"h3":"8930e1c26a3ffff","emd_code":"1132066000","emd_name":"쌍문1동","area_km2":0.0726,"edge":false,"slope_mean":4.4,"elev_mean":44.7,"flood_hist_n":2,"flood_depth_max_m":0.3,"flood_risk_100y":null,"semi_basement_r":null,"elderly_alone_r":0.151,"bldg_age30_r":null,"shelter_min_walk":2,"pop":20485,"hh":9787,"elderly65_r":0.2792,"single_hh_r":0.4125,"source_level":"emd","flood_years":[2011,2022]},"geometry":{"type":"Polygon","coordinates":[[[127.02697,37.6503],[127.02623,37.65182],[127.02449,37.65203],[127.02351,37.65073],[127.02426,37.64921],[127.02599,37.64899],[127.02697,37.6503]]]}},{"type":"Feature","properties":{"h3":"8930e1c26a7ffff","emd_code":"1132066000","emd_name":"쌍문1동","area_km2":0.0726,"edge":false,"slope_mean":7.72,"elev_mean":60.8,"flood_hist_n":1,"flood_depth_max_m":0.3,"flood_risk_100y":null,"semi_basement_r":null,"elderly_alone_r":0.151,"bldg_age30_r":null,"shelter_min_walk":1,"pop":20485,"hh":9787,"elderly65_r":0.2792,"single_hh_r":0.4125,"source_level":"emd","flood_years":[2018]},"geometry":{"type":"Polygon","coordinates":[[[127.02969,37.65139],[127.02894,37.65291],[127.02721,37.65312],[127.02623,37.65182],[127.02697,37.6503],[127.02871,37.65008],[127.02969,37.65139]]]}},{"type":"Feature","properties":{"h3":"8930e1c26abffff","emd_code":"1132066000","emd_name":"쌍문1동","area_km2":0.0726,"edge":false,"slope_mean":5.34,"elev_mean":37.6,"flood_hist_n":3,"flood_depth_max_m":0.45,"flood_risk_100y":null,"semi_basement_r":null,"elderly_alone_r":0.151,"bldg_age30_r":null,"shelter_min_walk":2,"pop":20485,"hh":9787,"elderly65_r":0.2792,"single_hh_r":0.4125,"source_level":"emd","flood_years":[2018,2022,2025]},"geometry":{"type":"Polygon","coordinates":[[[127.02674,37.64747],[127.02599,37.64899],[127.02426,37.64921],[127.02327,37.6479],[127.02402,37.64638],[127.02576,37.64617],[127.02674,37.64747]]]}},{"type":"Feature","properties":{"h3":"8930e1c26afffff","emd_code":"1132068000","emd_name":"쌍문3동","area_km2":0.0726,"edge":false,"slope_mean":5.94,"elev_mean":48.9,"flood_hist_n":2,"flood_depth_max_m":0.3,"flood_risk_100y":null,"semi_basement_r":null,"elderly_alone_r":0.1451,"bldg_age30_r":null,"shelter_min_walk":1,"pop":15870,"hh":8207,"elderly65_r":0.2658,"single_hh_r":0.4814,"source_level":"emd","flood_years":[2022,2024]},"geometry":{"type":"Polygon","coordinates":[[[127.02946,37.64856],[127.02871,37.65008],[127.02697,37.6503],[127.02599,37.64899],[127.02674,37.64747],[127.02847,37.64726],[127.02946,37.64856]]]}},{"type":"Feature","properties":{"h3":"8930e1c26b3ffff","emd_code":"1132066000","emd_name":"쌍문1동","area_km2":0.0726,"edge":false,"slope_mean":8.04,"elev_mean":63.6,"flood_hist_n":2,"flood_depth_max_m":0.3,"flood_risk_100y":null,"semi_basement_r":null,"elderly_alone_r":0.151,"bldg_age30_r":null,"shelter_min_walk":2,"pop":20485,"hh":9787,"elderly65_r":0.2792,"single_hh_r":0.4125,"source_level":"emd","flood_years":[2022,2025]},"geometry":{"type":"Polygon","coordinates":[[[127.02449,37.65203],[127.02374,37.65355],[127.02201,37.65377],[127.02103,37.65246],[127.02178,37.65094],[127.02351,37.65073],[127.02449,37.65203]]]}},{"type":"Feature","properties":{"h3":"8930e1c26b7ffff","emd_code":"1132066000","emd_name":"쌍문1동","area_km2":0.0726,"edge":false,"slope_mean":12.32,"elev_mean":81.0,"flood_hist_n":0,"flood_depth_max_m":null,"flood_risk_100y":null,"semi_basement_r":null,"elderly_alone_r":0.151,"bldg_age30_r":null,"shelter_min_walk":5,"pop":20485,"hh":9787,"elderly65_r":0.2792,"single_hh_r":0.4125,"source_level":"emd","flood_years":[]},"geometry":{"type":"Polygon","coordinates":[[[127.02721,37.65312],[127.02646,37.65464],[127.02473,37.65486],[127.02374,37.65355],[127.02449,37.65203],[127.02623,37.65182],[127.02721,37.65312]]]}},{"type":"Feature","properties":{"h3":"8930e1c26bbffff","emd_code":"1132066000","emd_name":"쌍문1동","area_km2":0.0726,"edge":false,"slope_mean":5.64,"elev_mean":41.3,"flood_hist_n":2,"flood_depth_max_m":0.45,"flood_risk_100y":null,"semi_basement_r":null,"elderly_alone_r":0.151,"bldg_age30_r":null,"shelter_min_walk":2,"pop":20485,"hh":9787,"elderly65_r":0.2792,"single_hh_r":0.4125,"source_level":"emd","flood_years":[2018,2022]},"geometry":{"type":"Polygon","coordinates":[[[127.02426,37.64921],[127.02351,37.65073],[127.02178,37.65094],[127.02079,37.64964],[127.02154,37.64812],[127.02327,37.6479],[127.02426,37.64921]]]}},{"type":"Feature","properties":{"h3":"8930e1d0803ffff","emd_code":"1132052100","emd_name":"도봉1동","area_km2":0.0726,"edge":true,"slope_mean":25.11,"elev_mean":607.8,"flood_hist_n":0,"flood_depth_max_m":null,"flood_risk_100y":null,"semi_basement_r":null,"elderly_alone_r":0.2288,"bldg_age30_r":null,"shelter_min_walk":49,"pop":19343,"hh":10266,"elderly65_r":0.3566,"single_hh_r":0.4816,"source_level":"emd","flood_years":[]},"geometry":{"type":"Polygon","coordinates":[[[127.0097,37.69525],[127.00895,37.69677],[127.00721,37.69698],[127.00623,37.69568],[127.00698,37.69416],[127.00871,37.69395],[127.0097,37.69525]]]}},{"type":"Feature","properties":{"h3":"8930e1d0807ffff","emd_code":"1132052100","emd_name":"도봉1동","area_km2":0.0726,"edge":false,"slope_mean":29.74,"elev_mean":640.2,"flood_hist_n":0,"flood_depth_max_m":null,"flood_risk_100y":null,"semi_basement_r":null,"elderly_alone_r":0.2288,"bldg_age30_r":null,"shelter_min_walk":46,"pop":19343,"hh":10266,"elderly65_r":0.3566,"single_hh_r":0.4816,"source_level":"emd","flood_years":[]},"geometry":{"type":"Polygon","coordinates":[[[127.01241,37.69634],[127.01167,37.69786],[127.00993,37.69808],[127.00895,37.69677],[127.0097,37.69525],[127.01143,37.69504],[127.01241,37.69634]]]}},{"type":"Feature","properties":{"h3":"8930e1d080bffff","emd_code":"1132052100","emd_name":"도봉1동","area_km2":0.0726,"edge":true,"slope_mean":29.39,"elev_mean":547.1,"flood_hist_n":0,"flood_depth_max_m":null,"flood_risk_100y":null,"semi_basement_r":null,"elderly_alone_r":0.2288,"bldg_age30_r":null,"shelter_min_walk":48,"pop":19343,"hh":10266,"elderly65_r":0.3566,"single_hh_r":0.4816,"source_level":"emd","flood_years":[]},"geometry":{"type":"Polygon","coordinates":[[[127.00946,37.69243],[127.00871,37.69395],[127.00698,37.69416],[127.006,37.69285],[127.00675,37.69133],[127.00848,37.69112],[127.00946,37.69243]]]}},{"type":"Feature","properties":{"h3":"8930e1d080fffff","emd_code":"1132052100","emd_name":"도봉1동","area_km2":0.0726,"edge":false,"slope_mean":30.03,"elev_mean":546.2,"flood_hist_n":0,"flood_depth_max_m":null,"flood_risk_100y":null,"semi_basement_r":null,"elderly_alone_r":0.2288,"bldg_age30_r":null,"shelter_min_walk":45,"pop":19343,"hh":10266,"elderly65_r":0.3566,"single_hh_r":0.4816,"source_level":"emd","flood_years":[]},"geometry":{"type":"Polygon","coordinates":[[[127.01218,37.69352],[127.01143,37.69504],[127.0097,37.69525],[127.00871,37.69395],[127.00946,37.69243],[127.0112,37.69221],[127.01218,37.69352]]]}},{"type":"Feature","properties":{"h3":"8930e1d0823ffff","emd_code":"1132052100","emd_name":"도봉1동","area_km2":0.0726,"edge":false,"slope_mean":29.04,"elev_mean":517.2,"flood_hist_n":0,"flood_depth_max_m":null,"flood_risk_100y":null,"semi_basement_r":null,"elderly_alone_r":0.2288,"bldg_age30_r":null,"shelter_min_walk":39,"pop":19343,"hh":10266,"elderly65_r":0.3566,"single_hh_r":0.4816,"source_level":"emd","flood_years":[]},"geometry":{"type":"Polygon","coordinates":[[[127.01761,37.6957],[127.01687,37.69722],[127.01513,37.69744],[127.01415,37.69613],[127.0149,37.69461],[127.01663,37.6944],[127.01761,37.6957]]]}},{"type":"Feature","properties":{"h3":"8930e1d0827ffff","emd_code":"1132052100","emd_name":"도봉1동","area_km2":0.0726,"edge":false,"slope_mean":31.08,"elev_mean":455.1,"flood_hist_n":0,"flood_depth_max_m":null,"flood_risk_100y":null,"semi_basement_r":null,"elderly_alone_r":0.2288,"bldg_age30_r":null,"shelter_min_walk":37,"pop":19343,"hh":10266,"elderly65_r":0.3566,"single_hh_r":0.4816,"source_level":"emd","flood_years":[]},"geometry":{"type":"Polygon","coordinates":[[[127.02033,37.6968],[127.01958,37.69832],[127.01785,37.69853],[127.01687,37.69722],[127.01761,37.6957],[127.01935,37.69549],[127.02033,37.6968]]]}},{"type":"Feature","properties":{"h3":"8930e1d082bffff","emd_code":"1132052100","emd_name":"도봉1동","area_km2":0.0726,"edge":false,"slope_mean":22.19,"elev_mean":410.4,"flood_hist_n":0,"flood_depth_max_m":null,"flood_risk_100y":null,"semi_basement_r":null,"elderly_alone_r":0.2288,"bldg_age30_r":null,"shelter_min_walk":38,"pop":19343,"hh":10266,"elderly65_r":0.3566,"single_hh_r":0.4816,"source_level":"emd","flood_years":[]},"geometry":{"type":"Polygon","coordinates":[[[127.01738,37.69288],[127.01663,37.6944],[127.0149,37.69461],[127.01391,37.69331],[127.01466,37.69179],[127.0164,37.69157],[127.01738,37.69288]]]}},{"type":"Feature","properties":{"h3":"8930e1d082fffff","emd_code":"1132052100","emd_name":"도봉1동","area_km2":0.0726,"edge":false,"slope_mean":25.03,"elev_mean":409.1,"flood_hist_n":0,"flood_depth_max_m":null,"flood_risk_100y":null,"semi_basement_r":null,"elderly_alone_r":0.2288,"bldg_age30_r":null,"shelter_min_walk":35,"pop":19343,"hh":10266,"elderly65_r":0.3566,"single_hh_r":0.4816,"source_level":"emd","flood_years":[]},"geometry":{"type":"Polygon","coordinates":[[[127.0201,37.69397],[127.01935,37.69549],[127.01761,37.6957],[127.01663,37.6944],[127.01738,37.69288],[127.01911,37.69266],[127.0201,37.69397]]]}},{"type":"Feature","properties":{"h3":"8930e1d0833ffff","emd_code":"1132052100","emd_name":"도봉1동","area_km2":0.0726,"edge":false,"slope_mean":29.77,"elev_mean":621.0,"flood_hist_n":0,"flood_depth_max_m":null,"flood_risk_100y":null,"semi_basement_r":null,"elderly_alone_r":0.2288,"bldg_age30_r":null,"shelter_min_walk":43,"pop":19343,"hh":10266,"elderly65_r":0.3566,"single_hh_r":0.4816,"source_level":"emd","flood_years":[]},"geometry":{"type":"Polygon","coordinates":[[[127.01513,37.69744],[127.01438,37.69896],[127.01265,37.69917],[127.01167,37.69786],[127.01241,37.69634],[127.01415,37.69613],[127.01513,37.69744]]]}},{"type":"Feature","properties":{"h3":"8930e1d0837ffff","emd_code":"1132052100","emd_name":"도봉1동","area_km2":0.0726,"edge":false,"slope_mean":33.59,"elev_mean":638.1,"flood_hist_n":0,"flood_depth_max_m":null,"flood_risk_100y":null,"semi_basement_r":null,"elderly_alone_r":0.2288,"bldg_age30_r":null,"shelter_min_walk":41,"pop":19343,"hh":10266,"elderly65_r":0.3566,"single_hh_r":0.4816,"source_level":"emd","flood_years":[]},"geometry":{"type":"Polygon","coordinates":[[[127.01785,37.69853],[127.0171,37.70005],[127.01537,37.70026],[127.01438,37.69896],[127.01513,37.69744],[127.01687,37.69722],[127.01785,37.69853]]]}},{"type":"Feature","properties":{"h3":"8930e1d083bffff","emd_code":"1132052100","emd_name":"도봉1동","area_km2":0.0726,"edge":false,"slope_mean":25.89,"elev_mean":508.2,"flood_hist_n":0,"flood_depth_max_m":null,"flood_risk_100y":null,"semi_basement_r":null,"elderly_alone_r":0.2288,"bldg_age30_r":null,"shelter_min_walk":42,"pop":19343,"hh":10266,"elderly65_r":0.3566,"single_hh_r":0.4816,"source_level":"emd","flood_years":[]},"geometry":{"type":"Polygon","coordinates":[[[127.0149,37.69461],[127.01415,37.69613],[127.01241,37.69634],[127.01143,37.69504],[127.01218,37.69352],[127.01391,37.69331],[127.0149,37.69461]]]}},{"type":"Feature","properties":{"h3":"8930e1d0847ffff","emd_code":"1132052100","emd_name":"도봉1동","area_km2":0.0726,"edge":true,"slope_mean":21.83,"elev_mean":496.7,"flood_hist_n":0,"flood_depth_max_m":null,"flood_risk_100y":null,"semi_basement_r":null,"elderly_alone_r":0.2288,"bldg_age30_r":null,"shelter_min_walk":47,"pop":19343,"hh":10266,"elderly65_r":0.3566,"single_hh_r":0.4816,"source_level":"emd","flood_years":[]},"geometry":{"type":"Polygon","coordinates":[[[127.00923,37.6896],[127.00848,37.69112],[127.00675,37.69133],[127.00576,37.69003],[127.00651,37.68851],[127.00825,37.68829],[127.00923,37.6896]]]}},{"type":"Feature","properties":{"h3":"8930e1d084fffff","emd_code":"1132052100","emd_name":"도봉1동","area_km2":0.0726,"edge":true,"slope_mean":22.93,"elev_mean":465.9,"flood_hist_n":0,"flood_depth_max_m":null,"flood_risk_100y":null,"semi_basement_r":null,"elderly_alone_r":0.2288,"bldg_age30_r":null,"shelter_min_walk":44,"pop":19343,"hh":10266,"elderly65_r":0.3566,"single_hh_r":0.4816,"source_level":"emd","flood_years":[]},"geometry":{"type":"Polygon","coordinates":[[[127.00899,37.68677],[127.00825,37.68829],[127.00651,37.68851],[127.00553,37.6872],[127.00628,37.68568],[127.00801,37.68547],[127.00899,37.68677]]]}},{"type":"Feature","properties":{"h3":"8930e1d0863ffff","emd_code":"1132052100","emd_name":"도봉1동","area_km2":0.0726,"edge":false,"slope_mean":19.92,"elev_mean":381.2,"flood_hist_n":0,"flood_depth_max_m":null,"flood_risk_100y":null,"semi_basement_r":null,"elderly_alone_r":0.2288,"bldg_age30_r":null,"shelter_min_walk":40,"pop":19343,"hh":10266,"elderly65_r":0.3566,"single_hh_r":0.4816,"source_level":"emd","flood_years":[]},"geometry":{"type":"Polygon","coordinates":[[[127.01443,37.68896],[127.01368,37.69048],[127.01195,37.69069],[127.01096,37.68939],[127.01171,37.68787],[127.01344,37.68765],[127.01443,37.68896]]]}},{"type":"Feature","properties":{"h3":"8930e1d0867ffff","emd_code":"1132052100","emd_name":"도봉1동","area_km2":0.0726,"edge":false,"slope_mean":21.28,"elev_mean":347.0,"flood_hist_n":0,"flood_depth_max_m":null,"flood_risk_100y":null,"semi_basement_r":null,"elderly_alone_r":0.2288,"bldg_age30_r":null,"shelter_min_walk":37,"pop":19343,"hh":10266,"elderly65_r":0.3566,"single_hh_r":0.4816,"source_level":"emd","flood_years":[]},"geometry":{"type":"Polygon","coordinates":[[[127.01715,37.69005],[127.0164,37.69157],[127.01466,37.69179],[127.01368,37.69048],[127.01443,37.68896],[127.01616,37.68875],[127.01715,37.69005]]]}},{"type":"Feature","properties":{"h3":"8930e1d086bffff","emd_code":"1132052100","emd_name":"도봉1동","area_km2":0.0726,"edge":false,"slope_mean":21.81,"elev_mean":425.9,"flood_hist_n":0,"flood_depth_max_m":null,"flood_risk_100y":null,"semi_basement_r":null,"elderly_alone_r":0.2288,"bldg_age30_r":null,"shelter_min_walk":39,"pop":19343,"hh":10266,"elderly65_r":0.3566,"single_hh_r":0.4816,"source_level":"emd","flood_years":[]},"geometry":{"type":"Polygon","coordinates":[[[127.01419,37.68613],[127.01344,37.68765],[127.01171,37.68787],[127.01073,37.68656],[127.01148,37.68504],[127.01321,37.68483],[127.01419,37.68613]]]}},{"type":"Feature","properties":{"h3":"8930e1d086fffff","emd_code":"1132052100","emd_name":"도봉1동","area_km2":0.0726,"edge":false,"slope_mean":19.55,"elev_mean":369.2,"flood_hist_n":0,"flood_depth_max_m":null,"flood_risk_100y":null,"semi_basement_r":null,"elderly_alone_r":0.2288,"bldg_age30_r":null,"shelter_min_walk":36,"pop":19343,"hh":10266,"elderly65_r":0.3566,"single_hh_r":0.4816,"source_level":"emd","flood_years":[]},"geometry":{"type":"Polygon","coordinates":[[[127.01691,37.68723],[127.01616,37.68875],[127.01443,37.68896],[127.01344,37.68765],[127.01419,37.68613],[127.01593,37.68592],[127.01691,37.68723]]]}},{"type":"Feature","properties":{"h3":"8930e1d0873ffff","emd_code":"1132052100","emd_name":"도봉1동","area_km2":0.0726,"edge":false,"slope_mean":26.05,"elev_mean":456.9,"flood_hist_n":0,"flood_depth_max_m":null,"flood_risk_100y":null,"semi_basement_r":null,"elderly_alone_r":0.2288,"bldg_age30_r":null,"shelter_min_walk":44,"pop":19343,"hh":10266,"elderly65_r":0.3566,"single_hh_r":0.4816,"source_level":"emd","flood_years":[]},"geometry":{"type":"Polygon","coordinates":[[[127.01195,37.69069],[127.0112,37.69221],[127.00946,37.69243],[127.00848,37.69112],[127.00923,37.6896],[127.01096,37.68939],[127.01195,37.69069]]]}},{"type":"Feature","properties":{"h3":"8930e1d0877ffff","emd_code":"1132052100","emd_name":"도봉1동","area_km2":0.0726,"edge":false,"slope_mean":23.67,"elev_mean":430.4,"flood_hist_n":0,"flood_depth_max_m":null,"flood_risk_100y":null,"semi_basement_r":null,"elderly_alone_r":0.2288,"bldg_age30_r":null,"shelter_min_walk":41,"pop":19343,"hh":10266,"elderly65_r":0.3566,"single_hh_r":0.4816,"source_level":"emd","flood_years":[]},"geometry":{"type":"Polygon","coordinates":[[[127.01466,37.69179],[127.01391,37.69331],[127.01218,37.69352],[127.0112,37.69221],[127.01195,37.69069],[127.01368,37.69048],[127.01466,37.69179]]]}},{"type":"Feature","properties":{"h3":"8930e1d087bffff","emd_code":"1132052100","emd_name":"도봉1동","area_km2":0.0726,"edge":false,"slope_mean":23.57,"elev_mean":473.7,"flood_hist_n":0,"flood_depth_max_m":null,"flood_risk_100y":null,"semi_basement_r":null,"elderly_alone_r":0.2288,"bldg_age30_r":null,"shelter_min_walk":43,"pop":19343,"hh":10266,"elderly65_r":0.3566,"single_hh_r":0.4816,"source_level":"emd","flood_years":[]},"geometry":{"type":"Polygon","coordinates":[[[127.01171,37.68787],[127.01096,37.68939],[127.00923,37.6896],[127.00825,37.68829],[127.00899,37.68677],[127.01073,37.68656],[127.01171,37.68787]]]}},{"type":"Feature","properties":{"h3":"8930e1d08abffff","emd_code":"1132052100","emd_name":"도봉1동","area_km2":0.0726,"edge":true,"slope_mean":28.54,"elev_mean":596.1,"flood_hist_n":0,"flood_depth_max_m":null,"flood_risk_100y":null,"semi_basement_r":null,"elderly_alone_r":0.2288,"bldg_age30_r":null,"shelter_min_walk":47,"pop":19343,"hh":10266,"elderly65_r":0.3566,"single_hh_r":0.4816,"source_level":"emd","flood_years":[]},"geometry":{"type":"Polygon","coordinates":[[[127.01265,37.69917],[127.0119,37.70069],[127.01017,37.7009],[127.00918,37.6996],[127.00993,37.69808],[127.01167,37.69786],[127.01265,37.69917]]]}},{"type":"Feature","properties":{"h3":"8930e1d090bffff","emd_code":"1132052100","emd_name":"도봉1동","area_km2":0.0726,"edge":true,"slope_mean":28.65,"elev_mean":399.0,"flood_hist_n":0,"flood_depth_max_m":null,"flood_risk_100y":null,"semi_basement_r":null,"elderly_alone_r":0.2288,"bldg_age30_r":null,"shelter_min_walk":30,"pop":19343,"hh":10266,"elderly65_r":0.3566,"single_hh_r":0.4816,"source_level":"emd","flood_years":[]},"geometry":{"type":"Polygon","coordinates":[[[127.02849,37.70007],[127.02774,37.70159],[127.026,37.70181],[127.02502,37.7005],[127.02577,37.69898],[127.0275,37.69877],[127.02849,37.70007]]]}},{"type":"Feature","properties":{"h3":"8930e1d0943ffff","emd_code":"1132052100","emd_name":"도봉1동","area_km2":0.0726,"edge":false,"slope_mean":24.16,"elev_mean":388.3,"flood_hist_n":0,"flood_depth_max_m":null,"flood_risk_100y":null,"semi_basement_r":null,"elderly_alone_r":0.2288,"bldg_age30_r":null,"shelter_min_walk":30,"pop":19343,"hh":10266,"elderly65_r":0.3566,"single_hh_r":0.4816,"source_level":"emd","flood_years":[]},"geometry":{"type":"Polygon","coordinates":[[[127.02553,37.69616],[127.02478,37.69768],[127.02305,37.69789],[127.02207,37.69658],[127.02282,37.69506],[127.02455,37.69485],[127.02553,37.69616]]]}},{"type":"Feature","properties":{"h3":"8930e1d0947ffff","emd_code":"1132052100","emd_name":"도봉1동","area_km2":0.0726,"edge":false,"slope_mean":26.56,"elev_mean":337.2,"flood_hist_n":0,"flood_depth_max_m":null,"flood_risk_100y":null,"semi_basement_r":null,"elderly_alone_r":0.2288,"bldg_age30_r":null,"shelter_min_walk":27,"pop":19343,"hh":10266,"elderly65_r":0.3566,"single_hh_r":0.4816,"source_level":"emd","flood_years":[]},"geometry":{"type":"Polygon","coordinates":[[[127.02825,37.69725],[127.0275,37.69877],[127.02577,37.69898],[127.02478,37.69768],[127.02553,37.69616],[127.02727,37.69594],[127.02825,37.69725]]]}},{"type":"Feature","properties":{"h3":"8930e1d094bffff","emd_code":"1132052100","emd_name":"도봉1동","area_km2":0.0726,"edge":false,"slope_mean":26.19,"elev_mean":289.3,"flood_hist_n":0,"flood_depth_max_m":null,"flood_risk_100y":null,"semi_basement_r":null,"elderly_alone_r":0.2288,"bldg_age30_r":null,"shelter_min_walk":28,"pop":19343,"hh":10266,"elderly65_r":0.3566,"single_hh_r":0.4816,"source_level":"emd","flood_years":[]},"geometry":{"type":"Polygon","coordinates":[[[127.0253,37.69333],[127.02455,37.69485],[127.02282,37.69506],[127.02183,37.69376],[127.02258,37.69224],[127.02431,37.69202],[127.0253,37.69333]]]}},{"type":"Feature","properties":{"h3":"8930e1d094fffff","emd_code":"1132052100","emd_name":"도봉1동","area_km2":0.0726,"edge":false,"slope_mean":26.32,"elev_mean":309.0,"flood_hist_n":0,"flood_depth_max_m":null,"flood_risk_100y":null,"semi_basement_r":null,"elderly_alone_r":0.2288,"bldg_age30_r":null,"shelter_min_walk":26,"pop":19343,"hh":10266,"elderly65_r":0.3566,"single_hh_r":0.4816,"source_level":"emd","flood_years":[]},"geometry":{"type":"Polygon","coordinates":[[[127.02802,37.69442],[127.02727,37.69594],[127.02553,37.69616],[127.02455,37.69485],[127.0253,37.69333],[127.02703,37.69312],[127.02802,37.69442]]]}},{"type":"Feature","properties":{"h3":"8930e1d0953ffff","emd_code":"1132052100","emd_name":"도봉1동","area_km2":0.0726,"edge":false,"slope_mean":29.61,"elev_mean":430.7,"flood_hist_n":0,"flood_depth_max_m":null,"flood_risk_100y":null,"semi_basement_r":null,"elderly_alone_r":0.2288,"bldg_age30_r":null,"shelter_min_walk":34,"pop":19343,"hh":10266,"elderly65_r":0.3566,"single_hh_r":0.4816,"source_level":"emd","flood_years":[]},"geometry":{"type":"Polygon","coordinates":[[[127.02305,37.69789],[127.0223,37.69941],[127.02057,37.69962],[127.01958,37.69832],[127.02033,37.6968],[127.02207,37.69658],[127.02305,37.69789]]]}},{"type":"Feature","properties":{"h3":"8930e1d0957ffff","emd_code":"1132052100","emd_name":"도봉1동","area_km2":0.0726,"edge":false,"slope_mean":21.5,"elev_mean":455.3,"flood_hist_n":0,"flood_depth_max_m":null,"flood_risk_100y":null,"semi_basement_r":null,"elderly_alone_r":0.2288,"bldg_age30_r":null,"shelter_min_walk":32,"pop":19343,"hh":10266,"elderly65_r":0.3566,"single_hh_r":0.4816,"source_level":"emd","flood_years":[]},"geometry":{"type":"Polygon","coordinates":[[[127.02577,37.69898],[127.02502,37.7005],[127.02329,37.70072],[127.0223,37.69941],[127.02305,37.69789],[127.02478,37.69768],[127.02577,37.69898]]]}},{"type":"Feature","properties":{"h3":"8930e1d095bffff","emd_code":"1132052100","emd_name":"도봉1동","area_km2":0.0726,"edge":false,"slope_mean":24.24,"elev_mean":333.9,"flood_hist_n":0,"flood_depth_max_m":null,"flood_risk_100y":null,"semi_basement_r":null,"elderly_alone_r":0.2288,"bldg_age30_r":null,"shelter_min_walk":33,"pop":19343,"hh":10266,"elderly65_r":0.3566,"single_hh_r":0.4816,"source_level":"emd","flood_years":[]},"geometry":{"type":"Polygon","coordinates":[[[127.02282,37.69506],[127.02207,37.69658],[127.02033,37.6968],[127.01935,37.69549],[127.0201,37.69397],[127.02183,37.69376],[127.02282,37.69506]]]}},{"type":"Feature","properties":{"h3":"8930e1d096bffff","emd_code":"1132052100","emd_name":"도봉1동","area_km2":0.0726,"edge":true,"slope_mean":14.59,"elev_mean":161.0,"flood_hist_n":0,"flood_depth_max_m":null,"flood_risk_100y":null,"semi_basement_r":null,"elderly_alone_r":0.2288,"bldg_age30_r":null,"shelter_min_walk":19,"pop":19343,"hh":10266,"elderly65_r":0.3566,"single_hh_r":0.4816,"source_level":"emd","flood_years":[]},"geometry":{"type":"Polygon","coordinates":[[[127.03322,37.69378],[127.03247,37.6953],[127.03073,37.69551],[127.02975,37.69421],[127.0305,37.69269],[127.03223,37.69247],[127.03322,37.69378]]]}},{"type":"Feature","properties":{"h3":"8930e1d0973ffff","emd_code":"1132052100","emd_name":"도봉1동","area_km2":0.0726,"edge":false,"slope_mean":26.05,"elev_mean":272.2,"flood_hist_n":0,"flood_depth_max_m":null,"flood_risk_100y":null,"semi_basement_r":null,"elderly_alone_r":0.2288,"bldg_age30_r":null,"shelter_min_walk":25,"pop":19343,"hh":10266,"elderly65_r":0.3566,"single_hh_r":0.4816,"source_level":"emd","flood_years":[]},"geometry":{"type":"Polygon","coordinates":[[[127.03097,37.69834],[127.03022,37.69986],[127.02849,37.70007],[127.0275,37.69877],[127.02825,37.69725],[127.02999,37.69703],[127.03097,37.69834]]]}},{"type":"Feature","properties":{"h3":"8930e1d097bffff","emd_code":"1132052100","emd_name":"도봉1동","area_km2":0.0726,"edge":false,"slope_mean":20.41,"elev_mean":225.1,"flood_hist_n":0,"flood_depth_max_m":null,"flood_risk_100y":null,"semi_basement_r":null,"elderly_alone_r":0.2288,"bldg_age30_r":null,"shelter_min_walk":23,"pop":19343,"hh":10266,"elderly65_r":0.3566,"single_hh_r":0.4816,"source_level":"emd","flood_years":[]},"geometry":{"type":"Polygon","coordinates":[[[127.03073,37.69551],[127.02999,37.69703],[127.02825,37.69725],[127.02727,37.69594],[127.02802,37.69442],[127.02975,37.69421],[127.03073,37.69551]]]}},{"type":"Feature","properties":{"h3":"8930e1d09cbffff","emd_code":"1132052100","emd_name":"도봉1동","area_km2":0.0726,"edge":false,"slope_mean":31.47,"elev_mean":511.8,"flood_hist_n":0,"flood_depth_max_m":null,"flood_risk_100y":null,"semi_basement_r":null,"elderly_alone_r":0.2288,"bldg_age30_r":null,"shelter_min_walk":38,"pop":19343,"hh":10266,"elderly65_r":0.3566,"single_hh_r":0.4816,"source_level":"emd","flood_years":[]},"geometry":{"type":"Polygon","coordinates":[[[127.02057,37.69962],[127.01982,37.70114],[127.01808,37.70136],[127.0171,37.70005],[127.01785,37.69853],[127.01958,37.69832],[127.02057,37.69962]]]}},{"type":"Feature","properties":{"h3":"8930e1d09cfffff","emd_code":"1132052100","emd_name":"도봉1동","area_km2":0.0726,"edge":true,"slope_mean":25.51,"elev_mean":491.0,"flood_hist_n":0,"flood_depth_max_m":null,"flood_risk_100y":null,"semi_basement_r":null,"elderly_alone_r":0.2288,"bldg_age30_r":null,"shelter_min_walk":36,"pop":19343,"hh":10266,"elderly65_r":0.3566,"single_hh_r":0.4816,"source_level":"emd","flood_years":[]},"geometry":{"type":"Polygon","coordinates":[[[127.02329,37.70072],[127.02254,37.70223],[127.0208,37.70245],[127.01982,37.70114],[127.02057,37.69962],[127.0223,37.69941],[127.02329,37.70072]]]}},{"type":"Feature","properties":{"h3":"8930e1d09dbffff","emd_code":"1132052100","emd_name":"도봉1동","area_km2":0.0726,"edge":true,"slope_mean":31.18,"elev_mean":641.6,"flood_hist_n":0,"flood_depth_max_m":null,"flood_risk_100y":null,"semi_basement_r":null,"elderly_alone_r":0.2288,"bldg_age30_r":null,"shelter_min_walk":42,"pop":19343,"hh":10266,"elderly65_r":0.3566,"single_hh_r":0.4816,"source_level":"emd","flood_years":[]},"geometry":{"type":"Polygon","coordinates":[[[127.01808,37.70136],[127.01733,37.70288],[127.0156,37.70309],[127.01462,37.70178],[127.01537,37.70026],[127.0171,37.70005],[127.01808,37.70136]]]}},{"type":"Feature","properties":{"h3":"8930e1d0a23ffff","emd_code":"1132052100","emd_name":"도봉1동","area_km2":0.0726,"edge":false,"slope_mean":18.0,"elev_mean":251.9,"flood_hist_n":0,"flood_depth_max_m":null,"flood_risk_100y":null,"semi_basement_r":null,"elderly_alone_r":0.2288,"bldg_age30_r":null,"shelter_min_walk":26,"pop":19343,"hh":10266,"elderly65_r":0.3566,"single_hh_r":0.4816,"source_level":"emd","flood_years":[]},"geometry":{"type":"Polygon","coordinates":[[[127.01597,37.67592],[127.01522,37.67744],[127.01349,37.67766],[127.01251,37.67635],[127.01326,37.67483],[127.01499,37.67462],[127.01597,37.67592]]]}},{"type":"Feature","properties":{"h3":"8930e1d0a27ffff","emd_code":"1132052100","emd_name":"도봉1동","area_km2":0.0726,"edge":false,"slope_mean":17.04,"elev_mean":190.5,"flood_hist_n":0,"flood_depth_max_m":null,"flood_risk_100y":null,"semi_basement_r":null,"elderly_alone_r":0.2288,"bldg_age30_r":null,"shelter_min_walk":24,"pop":19343,"hh":10266,"elderly65_r":0.3566,"single_hh_r":0.4816,"source_level":"emd","flood_years":[]},"geometry":{"type":"Polygon","coordinates":[[[127.01869,37.67701],[127.01794,37.67853],[127.01621,37.67875],[127.01522,37.67744],[127.01597,37.67592],[127.01771,37.67571],[127.01869,37.67701]]]}},{"type":"Feature","properties":{"h3":"8930e1d0a2bffff","emd_code":"1132052100","emd_name":"도봉1동","area_km2":0.0726,"edge":true,"slope_mean":15.6,"elev_mean":223.6,"flood_hist_n":0,"flood_depth_max_m":null,"flood_risk_100y":null,"semi_basement_r":null,"elderly_alone_r":0.2288,"bldg_age30_r":null,"shelter_min_walk":23,"pop":19343,"hh":10266,"elderly65_r":0.3566,"single_hh_r":0.4816,"source_level":"emd","flood_years":[]},"geometry":{"type":"Polygon","coordinates":[[[127.01574,37.6731],[127.01499,37.67462],[127.01326,37.67483],[127.01227,37.67352],[127.01302,37.67201],[127.01476,37.67179],[127.01574,37.6731]]]}},{"type":"Feature","properties":{"h3":"8930e1d0a2fffff","emd_code":"1132052100","emd_name":"도봉1동","area_km2":0.0726,"edge":false,"slope_mean":11.97,"elev_mean":207.9,"flood_hist_n":0,"flood_depth_max_m":null,"flood_risk_100y":null,"semi_basement_r":null,"elderly_alone_r":0.2288,"bldg_age30_r":null,"shelter_min_walk":21,"pop":19343,"hh":10266,"elderly65_r":0.3566,"single_hh_r":0.4816,"source_level":"emd","flood_years":[]},"geometry":{"type":"Polygon","coordinates":[[[127.01846,37.67419],[127.01771,37.67571],[127.01597,37.67592],[127.01499,37.67462],[127.01574,37.6731],[127.01747,37.67288],[127.01846,37.67419]]]}},{"type":"Feature","properties":{"h3":"8930e1d0a33ffff","emd_code":"1132052100","emd_name":"도봉1동","area_km2":0.0726,"edge":true,"slope_mean":19.25,"elev_mean":282.7,"flood_hist_n":0,"flood_depth_max_m":null,"flood_risk_100y":null,"semi_basement_r":null,"elderly_alone_r":0.2288,"bldg_age30_r":null,"shelter_min_walk":30,"pop":19343,"hh":10266,"elderly65_r":0.3566,"single_hh_r":0.4816,"source_level":"emd","flood_years":[]},"geometry":{"type":"Polygon","coordinates":[[[127.01349,37.67766],[127.01274,37.67918],[127.01101,37.67939],[127.01003,37.67808],[127.01077,37.67656],[127.01251,37.67635],[127.01349,37.67766]]]}},{"type":"Feature","properties":{"h3":"8930e1d0a37ffff","emd_code":"1132052100","emd_name":"도봉1동","area_km2":0.0726,"edge":false,"slope_mean":21.15,"elev_mean":244.1,"flood_hist_n":0,"flood_depth_max_m":null,"flood_risk_100y":null,"semi_basement_r":null,"elderly_alone_r":0.2288,"bldg_age30_r":null,"shelter_min_walk":29,"pop":19343,"hh":10266,"elderly65_r":0.3566,"single_hh_r":0.4816,"source_level":"emd","flood_years":[]},"geometry":{"type":"Polygon","coordinates":[[[127.01621,37.67875],[127.01546,37.68027],[127.01373,37.68048],[127.01274,37.67918],[127.01349,37.67766],[127.01522,37.67744],[127.01621,37.67875]]]}},{"type":"Feature","properties":{"h3":"8930e1d0aa3ffff","emd_code":"1132052100","emd_name":"도봉1동","area_km2":0.0726,"edge":false,"slope_mean":29.61,"elev_mean":439.7,"flood_hist_n":0,"flood_depth_max_m":null,"flood_risk_100y":null,"semi_basement_r":null,"elderly_alone_r":0.2288,"bldg_age30_r":null,"shelter_min_walk":37,"pop":19343,"hh":10266,"elderly65_r":0.3566,"single_hh_r":0.4816,"source_level":"emd","flood_years":[]},"geometry":{"type":"Polygon","coordinates":[[[127.01124,37.68222],[127.01049,37.68374],[127.00876,37.68395],[127.00778,37.68264],[127.00853,37.68112],[127.01026,37.68091],[127.01124,37.68222]]]}},{"type":"Feature","properties":{"h3":"8930e1d0aa7ffff","emd_code":"1132052100","emd_name":"도봉1동","area_km2":0.0726,"edge":false,"slope_mean":28.51,"elev_mean":361.1,"flood_hist_n":0,"flood_depth_max_m":null,"flood_risk_100y":null,"semi_basement_r":null,"elderly_alone_r":0.2288,"bldg_age30_r":null,"shelter_min_walk":36,"pop":19343,"hh":10266,"elderly65_r":0.3566,"single_hh_r":0.4816,"source_level":"emd","flood_years":[]},"geometry":{"type":"Polygon","coordinates":[[[127.01396,37.68331],[127.01321,37.68483],[127.01148,37.68504],[127.01049,37.68374],[127.01124,37.68222],[127.01298,37.682],[127.01396,37.68331]]]}},{"type":"Feature","properties":{"h3":"8930e1d0aabffff","emd_code":"1132052100","emd_name":"도봉1동","area_km2":0.0726,"edge":true,"slope_mean":27.6,"elev_mean":378.3,"flood_hist_n":1,"flood_depth_max_m":0.02,"flood_risk_100y":null,"semi_basement_r":null,"elderly_alone_r":0.2288,"bldg_age30_r":null,"shelter_min_walk":34,"pop":19343,"hh":10266,"elderly65_r":0.3566,"single_hh_r":0.4816,"source_level":"emd","flood_years":[2022]},"geometry":{"type":"Polygon","coordinates":[[[127.01101,37.67939],[127.01026,37.68091],[127.00853,37.68112],[127.00754,37.67982],[127.00829,37.6783],[127.01003,37.67808],[127.01101,37.67939]]]}},{"type":"Feature","properties":{"h3":"8930e1d0aafffff","emd_code":"1132052100","emd_name":"도봉1동","area_km2":0.0726,"edge":false,"slope_mean":22.52,"elev_mean":313.2,"flood_hist_n":0,"flood_depth_max_m":null,"flood_risk_100y":null,"semi_basement_r":null,"elderly_alone_r":0.2288,"bldg_age30_r":null,"shelter_min_walk":33,"pop":19343,"hh":10266,"elderly65_r":0.3566,"single_hh_r":0.4816,"source_level":"emd","flood_years":[]},"geometry":{"type":"Polygon","coordinates":[[[127.01373,37.68048],[127.01298,37.682],[127.01124,37.68222],[127.01026,37.68091],[127.01101,37.67939],[127.01274,37.67918],[127.01373,37.68048]]]}},{"type":"Feature","properties":{"h3":"8930e1d0ab3ffff","emd_code":"1132052100","emd_name":"도봉1동","area_km2":0.0726,"edge":true,"slope_mean":26.54,"elev_mean":484.8,"flood_hist_n":0,"flood_depth_max_m":null,"flood_risk_100y":null,"semi_basement_r":null,"elderly_alone_r":0.2288,"bldg_age30_r":null,"shelter_min_walk":42,"pop":19343,"hh":10266,"elderly65_r":0.3566,"single_hh_r":0.4816,"source_level":"emd","flood_years":[]},"geometry":{"type":"Polygon","coordinates":[[[127.00876,37.68395],[127.00801,37.68547],[127.00628,37.68568],[127.00529,37.68438],[127.00604,37.68286],[127.00778,37.68264],[127.00876,37.68395]]]}},{"type":"Feature","properties":{"h3":"8930e1d0ab7ffff","emd_code":"1132052100","emd_name":"도봉1동","area_km2":0.0726,"edge":false,"slope_mean":24.58,"elev_mean":472.5,"flood_hist_n":0,"flood_depth_max_m":null,"flood_risk_100y":null,"semi_basement_r":null,"elderly_alone_r":0.2288,"bldg_age30_r":null,"shelter_min_walk":40,"pop":19343,"hh":10266,"elderly65_r":0.3566,"single_hh_r":0.4816,"source_level":"emd","flood_years":[]},"geometry":{"type":"Polygon","coordinates":[[[127.01148,37.68504],[127.01073,37.68656],[127.00899,37.68677],[127.00801,37.68547],[127.00876,37.68395],[127.01049,37.68374],[127.01148,37.68504]]]}},{"type":"Feature","properties":{"h3":"8930e1d0abbffff","emd_code":"1132052100","emd_name":"도봉1동","area_km2":0.0726,"edge":true,"slope_mean":32.42,"elev_mean":393.7,"flood_hist_n":0,"flood_depth_max_m":null,"flood_risk_100y":null,"semi_basement_r":null,"elderly_alone_r":0.2288,"bldg_age30_r":null,"shelter_min_walk":39,"pop":19343,"hh":10266,"elderly65_r":0.3566,"single_hh_r":0.4816,"source_level":"emd","flood_years":[]},"geometry":{"type":"Polygon","coordinates":[[[127.00853,37.68112],[127.00778,37.68264],[127.00604,37.68286],[127.00506,37.68155],[127.00581,37.68003],[127.00754,37.67982],[127.00853,37.68112]]]}},{"type":"Feature","properties":{"h3":"8930e1d0b03ffff","emd_code":"1132052100","emd_name":"도봉1동","area_km2":0.0726,"edge":false,"slope_mean":15.56,"elev_mean":166.8,"flood_hist_n":0,"flood_depth_max_m":null,"flood_risk_100y":null,"semi_basement_r":null,"elderly_alone_r":0.2288,"bldg_age30_r":null,"shelter_min_walk":23,"pop":19343,"hh":10266,"elderly65_r":0.3566,"single_hh_r":0.4816,"source_level":"emd","flood_years":[]},"geometry":{"type":"Polygon","coordinates":[[[127.02708,37.68312],[127.02633,37.68464],[127.02459,37.68485],[127.02361,37.68354],[127.02436,37.68202],[127.02609,37.68181],[127.02708,37.68312]]]}},{"type":"Feature","properties":{"h3":"8930e1d0b07ffff","emd_code":"1132052100","emd_name":"도봉1동","area_km2":0.0726,"edge":false,"slope_mean":14.11,"elev_mean":159.1,"flood_hist_n":0,"flood_depth_max_m":null,"flood_risk_100y":null,"semi_basement_r":null,"elderly_alone_r":0.2288,"bldg_age30_r":null,"shelter_min_walk":20,"pop":19343,"hh":10266,"elderly65_r":0.3566,"single_hh_r":0.4816,"source_level":"emd","flood_years":[]},"geometry":{"type":"Polygon","coordinates":[[[127.02979,37.68421],[127.02904,37.68573],[127.02731,37.68594],[127.02633,37.68464],[127.02708,37.68312],[127.02881,37.6829],[127.02979,37.68421]]]}},{"type":"Feature","properties":{"h3":"8930e1d0b0bffff","emd_code":"1132052100","emd_name":"도봉1동","area_km2":0.0726,"edge":false,"slope_mean":12.64,"elev_mean":133.1,"flood_hist_n":0,"flood_depth_max_m":null,"flood_risk_100y":null,"semi_basement_r":null,"elderly_alone_r":0.2288,"bldg_age30_r":null,"shelter_min_walk":21,"pop":19343,"hh":10266,"elderly65_r":0.3566,"single_hh_r":0.4816,"source_level":"emd","flood_years":[]},"geometry":{"type":"Polygon","coordinates":[[[127.02684,37.68029],[127.02609,37.68181],[127.02436,37.68202],[127.02337,37.68072],[127.02412,37.6792],[127.02586,37.67898],[127.02684,37.68029]]]}},{"type":"Feature","properties":{"h3":"8930e1d0b0fffff","emd_code":"1132052100","emd_name":"도봉1동","area_km2":0.0726,"edge":false,"slope_mean":10.8,"elev_mean":112.1,"flood_hist_n":0,"flood_depth_max_m":null,"flood_risk_100y":null,"semi_basement_r":null,"elderly_alone_r":0.2288,"bldg_age30_r":null,"shelter_min_walk":21,"pop":19343,"hh":10266,"elderly65_r":0.3566,"single_hh_r":0.4816,"source_level":"emd","flood_years":[]},"geometry":{"type":"Polygon","coordinates":[[[127.02956,37.68138],[127.02881,37.6829],[127.02708,37.68312],[127.02609,37.68181],[127.02684,37.68029],[127.02857,37.68008],[127.02956,37.68138]]]}},{"type":"Feature","properties":{"h3":"8930e1d0b13ffff","emd_code":"1132052100","emd_name":"도봉1동","area_km2":0.0726,"edge":false,"slope_mean":16.78,"elev_mean":235.8,"flood_hist_n":0,"flood_depth_max_m":null,"flood_risk_100y":null,"semi_basement_r":null,"elderly_alone_r":0.2288,"bldg_age30_r":null,"shelter_min_walk":26,"pop":19343,"hh":10266,"elderly65_r":0.3566,"single_hh_r":0.4816,"source_level":"emd","flood_years":[]},"geometry":{"type":"Polygon","coordinates":[[[127.02459,37.68485],[127.02384,37.68637],[127.02211,37.68658],[127.02113,37.68528],[127.02188,37.68376],[127.02361,37.68354],[127.02459,37.68485]]]}},{"type":"Feature","properties":{"h3":"8930e1d0b17ffff","emd_code":"1132052100","emd_name":"도봉1동","area_km2":0.0726,"edge":false,"slope_mean":17.01,"elev_mean":197.6,"flood_hist_n":0,"flood_depth_max_m":null,"flood_risk_100y":null,"semi_basement_r":null,"elderly_alone_r":0.2288,"bldg_age30_r":null,"shelter_min_walk":23,"pop":19343,"hh":10266,"elderly65_r":0.3566,"single_hh_r":0.4816,"source_level":"emd","flood_years":[]},"geometry":{"type":"Polygon","coordinates":[[[127.02731,37.68594],[127.02656,37.68746],[127.02483,37.68768],[127.02384,37.68637],[127.02459,37.68485],[127.02633,37.68464],[127.02731,37.68594]]]}},{"type":"Feature","properties":{"h3":"8930e1d0b1bffff","emd_code":"1132052100","emd_name":"도봉1동","area_km2":0.0726,"edge":false,"slope_mean":15.03,"elev_mean":186.7,"flood_hist_n":0,"flood_depth_max_m":null,"flood_risk_100y":null,"semi_basement_r":null,"elderly_alone_r":0.2288,"bldg_age30_r":null,"shelter_min_walk":25,"pop":19343,"hh":10266,"elderly65_r":0.3566,"single_hh_r":0.4816,"source_level":"emd","flood_years":[]},"geometry":{"type":"Polygon","coordinates":[[[127.02436,37.68202],[127.02361,37.68354],[127.02188,37.68376],[127.02089,37.68245],[127.02164,37.68093],[127.02337,37.68072],[127.02436,37.68202]]]}},{"type":"Feature","properties":{"h3":"8930e1d0b23ffff","emd_code":"1132052100","emd_name":"도봉1동","area_km2":0.0726,"edge":false,"slope_mean":12.14,"elev_mean":120.6,"flood_hist_n":0,"flood_depth_max_m":null,"flood_risk_100y":null,"semi_basement_r":null,"elderly_alone_r":0.2288,"bldg_age30_r":null,"shelter_min_walk":13,"pop":19343,"hh":10266,"elderly65_r":0.3566,"single_hh_r":0.4816,"source_level":"emd","flood_years":[]},"geometry":{"type":"Polygon","coordinates":[[[127.035,37.68357],[127.03425,37.68509],[127.03251,37.6853],[127.03153,37.684],[127.03228,37.68247],[127.03401,37.68226],[127.035,37.68357]]]}},{"type":"Feature","properties":{"h3":"8930e1d0b27ffff","emd_code":"1132052100","emd_name":"도봉1동","area_km2":0.0726,"edge":false,"slope_mean":12.63,"elev_mean":97.0,"flood_hist_n":1,"flood_depth_max_m":0.3,"flood_risk_100y":null,"semi_basement_r":null,"elderly_alone_r":0.2288,"bldg_age30_r":null,"shelter_min_walk":9,"pop":19343,"hh":10266,"elderly65_r":0.3566,"single_hh_r":0.4816,"source_level":"emd","flood_years":[2018]},"geometry":{"type":"Polygon","coordinates":[[[127.03771,37.68466],[127.03696,37.68618],[127.03523,37.68639],[127.03425,37.68509],[127.035,37.68357],[127.03673,37.68335],[127.03771,37.68466]]]}},{"type":"Feature","properties":{"h3":"8930e1d0b2bffff","emd_code":"1132052100","emd_name":"도봉1동","area_km2":0.0726,"edge":false,"slope_mean":13.99,"elev_mean":97.5,"flood_hist_n":0,"flood_depth_max_m":null,"flood_risk_100y":null,"semi_basement_r":null,"elderly_alone_r":0.2288,"bldg_age30_r":null,"shelter_min_walk":14,"pop":19343,"hh":10266,"elderly65_r":0.3566,"single_hh_r":0.4816,"source_level":"emd","flood_years":[]},"geometry":{"type":"Polygon","coordinates":[[[127.03476,37.68074],[127.03401,37.68226],[127.03228,37.68247],[127.03129,37.68117],[127.03204,37.67965],[127.03378,37.67943],[127.03476,37.68074]]]}},{"type":"Feature","properties":{"h3":"8930e1d0b2fffff","emd_code":"1132052100","emd_name":"도봉1동","area_km2":0.0726,"edge":false,"slope_mean":11.64,"elev_mean":86.5,"flood_hist_n":1,"flood_depth_max_m":0.3,"flood_risk_100y":null,"semi_basement_r":null,"elderly_alone_r":0.2288,"bldg_age30_r":null,"shelter_min_walk":11,"pop":19343,"hh":10266,"elderly65_r":0.3566,"single_hh_r":0.4816,"source_level":"emd","flood_years":[2018]},"geometry":{"type":"Polygon","coordinates":[[[127.03748,37.68183],[127.03673,37.68335],[127.035,37.68357],[127.03401,37.68226],[127.03476,37.68074],[127.03649,37.68053],[127.03748,37.68183]]]}},{"type":"Feature","properties":{"h3":"8930e1d0b33ffff","emd_code":"1132052100","emd_name":"도봉1동","area_km2":0.0726,"edge":false,"slope_mean":12.97,"elev_mean":129.8,"flood_hist_n":0,"flood_depth_max_m":null,"flood_risk_100y":null,"semi_basement_r":null,"elderly_alone_r":0.2288,"bldg_age30_r":null,"shelter_min_walk":16,"pop":19343,"hh":10266,"elderly65_r":0.3566,"single_hh_r":0.4816,"source_level":"emd","flood_years":[]},"geometry":{"type":"Polygon","coordinates":[[[127.03251,37.6853],[127.03176,37.68682],[127.03003,37.68704],[127.02904,37.68573],[127.02979,37.68421],[127.03153,37.684],[127.03251,37.6853]]]}},{"type":"Feature","properties":{"h3":"8930e1d0b37ffff","emd_code":"1132052100","emd_name":"도봉1동","area_km2":0.0726,"edge":false,"slope_mean":14.09,"elev_mean":92.6,"flood_hist_n":0,"flood_depth_max_m":null,"flood_risk_100y":null,"semi_basement_r":null,"elderly_alone_r":0.2288,"bldg_age30_r":null,"shelter_min_walk":12,"pop":19343,"hh":10266,"elderly65_r":0.3566,"single_hh_r":0.4816,"source_level":"emd","flood_years":[]},"geometry":{"type":"Polygon","coordinates":[[[127.03523,37.68639],[127.03448,37.68791],[127.03275,37.68813],[127.03176,37.68682],[127.03251,37.6853],[127.03425,37.68509],[127.03523,37.68639]]]}},{"type":"Feature","properties":{"h3":"8930e1d0b3bffff","emd_code":"1132052100","emd_name":"도봉1동","area_km2":0.0726,"edge":false,"slope_mean":12.8,"elev_mean":125.5,"flood_hist_n":0,"flood_depth_max_m":null,"flood_risk_100y":null,"semi_basement_r":null,"elderly_alone_r":0.2288,"bldg_age30_r":null,"shelter_min_walk":17,"pop":19343,"hh":10266,"elderly65_r":0.3566,"single_hh_r":0.4816,"source_level":"emd","flood_years":[]},"geometry":{"type":"Polygon","coordinates":[[[127.03228,37.68247],[127.03153,37.684],[127.02979,37.68421],[127.02881,37.6829],[127.02956,37.68138],[127.03129,37.68117],[127.03228,37.68247]]]}},{"type":"Feature","properties":{"h3":"8930e1d0b43ffff","emd_code":"1132052100","emd_name":"도봉1동","area_km2":0.0726,"edge":false,"slope_mean":12.26,"elev_mean":124.2,"flood_hist_n":1,"flood_depth_max_m":0.3,"flood_risk_100y":null,"semi_basement_r":null,"elderly_alone_r":0.2288,"bldg_age30_r":null,"shelter_min_walk":18,"pop":19343,"hh":10266,"elderly65_r":0.3566,"single_hh_r":0.4816,"source_level":"emd","flood_years":[2018]},"geometry":{"type":"Polygon","coordinates":[[[127.02389,37.67637],[127.02314,37.67789],[127.02141,37.67811],[127.02042,37.6768],[127.02117,37.67528],[127.02291,37.67507],[127.02389,37.67637]]]}},{"type":"Feature","properties":{"h3":"8930e1d0b47ffff","emd_code":"1132052100","emd_name":"도봉1동","area_km2":0.0726,"edge":false,"slope_mean":11.37,"elev_mean":108.9,"flood_hist_n":1,"flood_depth_max_m":0.3,"flood_risk_100y":null,"semi_basement_r":null,"elderly_alone_r":0.2288,"bldg_age30_r":null,"shelter_min_walk":17,"pop":19343,"hh":10266,"elderly65_r":0.3566,"single_hh_r":0.4816,"source_level":"emd","flood_years":[2018]},"geometry":{"type":"Polygon","coordinates":[[[127.02661,37.67746],[127.02586,37.67898],[127.02412,37.6792],[127.02314,37.67789],[127.02389,37.67637],[127.02562,37.67616],[127.02661,37.67746]]]}},{"type":"Feature","properties":{"h3":"8930e1d0b4bffff","emd_code":"1132052100","emd_name":"도봉1동","area_km2":0.0726,"edge":false,"slope_mean":12.87,"elev_mean":144.9,"flood_hist_n":0,"flood_depth_max_m":null,"flood_risk_100y":null,"semi_basement_r":null,"elderly_alone_r":0.2288,"bldg_age30_r":null,"shelter_min_walk":16,"pop":19343,"hh":10266,"elderly65_r":0.3566,"single_hh_r":0.4816,"source_level":"emd","flood_years":[]},"geometry":{"type":"Polygon","coordinates":[[[127.02365,37.67355],[127.02291,37.67507],[127.02117,37.67528],[127.02019,37.67398],[127.02094,37.67246],[127.02267,37.67224],[127.02365,37.67355]]]}},{"type":"Feature","properties":{"h3":"8930e1d0b4fffff","emd_code":"1132052100","emd_name":"도봉1동","area_km2":0.0726,"edge":false,"slope_mean":11.5,"elev_mean":110.2,"flood_hist_n":1,"flood_depth_max_m":0.3,"flood_risk_100y":null,"semi_basement_r":null,"elderly_alone_r":0.2288,"bldg_age30_r":null,"shelter_min_walk":14,"pop":19343,"hh":10266,"elderly65_r":0.3566,"single_hh_r":0.4816,"source_level":"emd","flood_years":[2018]},"geometry":{"type":"Polygon","coordinates":[[[127.02637,37.67464],[127.02562,37.67616],[127.02389,37.67637],[127.02291,37.67507],[127.02365,37.67355],[127.02539,37.67333],[127.02637,37.67464]]]}},{"type":"Feature","properties":{"h3":"8930e1d0b53ffff","emd_code":"1132052100","emd_name":"도봉1동","area_km2":0.0726,"edge":false,"slope_mean":14.83,"elev_mean":172.5,"flood_hist_n":0,"flood_depth_max_m":null,"flood_risk_100y":null,"semi_basement_r":null,"elderly_alone_r":0.2288,"bldg_age30_r":null,"shelter_min_walk":23,"pop":19343,"hh":10266,"elderly65_r":0.3566,"single_hh_r":0.4816,"source_level":"emd","flood_years":[]},"geometry":{"type":"Polygon","coordinates":[[[127.02141,37.67811],[127.02066,37.67963],[127.01892,37.67984],[127.01794,37.67853],[127.01869,37.67701],[127.02042,37.6768],[127.02141,37.67811]]]}},{"type":"Feature","properties":{"h3":"8930e1d0b57ffff","emd_code":"1132052100","emd_name":"도봉1동","area_km2":0.0726,"edge":false,"slope_mean":13.41,"elev_mean":154.0,"flood_hist_n":0,"flood_depth_max_m":null,"flood_risk_100y":null,"semi_basement_r":null,"elderly_alone_r":0.2288,"bldg_age30_r":null,"shelter_min_walk":22,"pop":19343,"hh":10266,"elderly65_r":0.3566,"single_hh_r":0.4816,"source_level":"emd","flood_years":[]},"geometry":{"type":"Polygon","coordinates":[[[127.02412,37.6792],[127.02337,37.68072],[127.02164,37.68093],[127.02066,37.67963],[127.02141,37.67811],[127.02314,37.67789],[127.02412,37.6792]]]}},{"type":"Feature","properties":{"h3":"8930e1d0b5bffff","emd_code":"1132052100","emd_name":"도봉1동","area_km2":0.0726,"edge":false,"slope_mean":11.85,"elev_mean":152.6,"flood_hist_n":0,"flood_depth_max_m":null,"flood_risk_100y":null,"semi_basement_r":null,"elderly_alone_r":0.2288,"bldg_age30_r":null,"shelter_min_walk":20,"pop":19343,"hh":10266,"elderly65_r":0.3566,"single_hh_r":0.4816,"source_level":"emd","flood_years":[]},"geometry":{"type":"Polygon","coordinates":[[[127.02117,37.67528],[127.02042,37.6768],[127.01869,37.67701],[127.01771,37.67571],[127.01846,37.67419],[127.02019,37.67398],[127.02117,37.67528]]]}},{"type":"Feature","properties":{"h3":"8930e1d0b63ffff","emd_code":"1132052100","emd_name":"도봉1동","area_km2":0.0726,"edge":false,"slope_mean":10.85,"elev_mean":70.6,"flood_hist_n":1,"flood_depth_max_m":0.3,"flood_risk_100y":null,"semi_basement_r":null,"elderly_alone_r":0.2288,"bldg_age30_r":null,"shelter_min_walk":13,"pop":19343,"hh":10266,"elderly65_r":0.3566,"single_hh_r":0.4816,"source_level":"emd","flood_years":[2018]},"geometry":{"type":"Polygon","coordinates":[[[127.03181,37.67682],[127.03106,37.67834],[127.02932,37.67856],[127.02834,37.67725],[127.02909,37.67573],[127.03082,37.67552],[127.03181,37.67682]]]}},{"type":"Feature","properties":{"h3":"8930e1d0b67ffff","emd_code":"1132052100","emd_name":"도봉1동","area_km2":0.0726,"edge":false,"slope_mean":12.96,"elev_mean":58.3,"flood_hist_n":1,"flood_depth_max_m":0.3,"flood_risk_100y":null,"semi_basement_r":null,"elderly_alone_r":0.2288,"bldg_age30_r":null,"shelter_min_walk":15,"pop":19343,"hh":10266,"elderly65_r":0.3566,"single_hh_r":0.4816,"source_level":"emd","flood_years":[2018]},"geometry":{"type":"Polygon","coordinates":[[[127.03452,37.67791],[127.03378,37.67943],[127.03204,37.67965],[127.03106,37.67834],[127.03181,37.67682],[127.03354,37.67661],[127.03452,37.67791]]]}},{"type":"Feature","properties":{"h3":"8930e1d0b6bffff","emd_code":"1132070000","emd_name":"방학2동","area_km2":0.0726,"edge":false,"slope_mean":11.33,"elev_mean":102.4,"flood_hist_n":1,"flood_depth_max_m":0.3,"flood_risk_100y":null,"semi_basement_r":null,"elderly_alone_r":0.2097,"bldg_age30_r":null,"shelter_min_walk":9,"pop":17398,"hh":9031,"elderly65_r":0.3106,"single_hh_r":0.4695,"source_level":"emd","flood_years":[2018]},"geometry":{"type":"Polygon","coordinates":[[[127.03157,37.674],[127.03082,37.67552],[127.02909,37.67573],[127.0281,37.67442],[127.02885,37.6729],[127.03059,37.67269],[127.03157,37.674]]]}},{"type":"Feature","properties":{"h3":"8930e1d0b6fffff","emd_code":"1132052100","emd_name":"도봉1동","area_km2":0.0726,"edge":false,"slope_mean":11.73,"elev_mean":75.6,"flood_hist_n":1,"flood_depth_max_m":0.3,"flood_risk_100y":null,"semi_basement_r":null,"elderly_alone_r":0.2288,"bldg_age30_r":null,"shelter_min_walk":10,"pop":19343,"hh":10266,"elderly65_r":0.3566,"single_hh_r":0.4816,"source_level":"emd","flood_years":[2018]},"geometry":{"type":"Polygon","coordinates":[[[127.03429,37.67509],[127.03354,37.67661],[127.03181,37.67682],[127.03082,37.67552],[127.03157,37.674],[127.0333,37.67378],[127.03429,37.67509]]]}},{"type":"Feature","properties":{"h3":"8930e1d0b73ffff","emd_code":"1132052100","emd_name":"도봉1동","area_km2":0.0726,"edge":false,"slope_mean":9.72,"elev_mean":87.8,"flood_hist_n":1,"flood_depth_max_m":0.3,"flood_risk_100y":null,"semi_basement_r":null,"elderly_alone_r":0.2288,"bldg_age30_r":null,"shelter_min_walk":17,"pop":19343,"hh":10266,"elderly65_r":0.3566,"single_hh_r":0.4816,"source_level":"emd","flood_years":[2018]},"geometry":{"type":"Polygon","coordinates":[[[127.02932,37.67856],[127.02857,37.68008],[127.02684,37.68029],[127.02586,37.67898],[127.02661,37.67746],[127.02834,37.67725],[127.02932,37.67856]]]}},{"type":"Feature","properties":{"h3":"8930e1d0b77ffff","emd_code":"1132052100","emd_name":"도봉1동","area_km2":0.0726,"edge":false,"slope_mean":12.32,"elev_mean":86.2,"flood_hist_n":1,"flood_depth_max_m":0.3,"flood_risk_100y":null,"semi_basement_r":null,"elderly_alone_r":0.2288,"bldg_age30_r":null,"shelter_min_walk":18,"pop":19343,"hh":10266,"elderly65_r":0.3566,"single_hh_r":0.4816,"source_level":"emd","flood_years":[2018]},"geometry":{"type":"Polygon","coordinates":[[[127.03204,37.67965],[127.03129,37.68117],[127.02956,37.68138],[127.02857,37.68008],[127.02932,37.67856],[127.03106,37.67834],[127.03204,37.67965]]]}},{"type":"Feature","properties":{"h3":"8930e1d0b7bffff","emd_code":"1132052100","emd_name":"도봉1동","area_km2":0.0726,"edge":false,"slope_mean":10.1,"elev_mean":84.7,"flood_hist_n":1,"flood_depth_max_m":0.3,"flood_risk_100y":null,"semi_basement_r":null,"elderly_alone_r":0.2288,"bldg_age30_r":null,"shelter_min_walk":13,"pop":19343,"hh":10266,"elderly65_r":0.3566,"single_hh_r":0.4816,"source_level":"emd","flood_years":[2018]},"geometry":{"type":"Polygon","coordinates":[[[127.02909,37.67573],[127.02834,37.67725],[127.02661,37.67746],[127.02562,37.67616],[127.02637,37.67464],[127.0281,37.67442],[127.02909,37.67573]]]}},{"type":"Feature","properties":{"h3":"8930e1d0b83ffff","emd_code":"1132052100","emd_name":"도봉1동","area_km2":0.0726,"edge":false,"slope_mean":21.38,"elev_mean":266.9,"flood_hist_n":0,"flood_depth_max_m":null,"flood_risk_100y":null,"semi_basement_r":null,"elderly_alone_r":0.2288,"bldg_age30_r":null,"shelter_min_walk":30,"pop":19343,"hh":10266,"elderly65_r":0.3566,"single_hh_r":0.4816,"source_level":"emd","flood_years":[]},"geometry":{"type":"Polygon","coordinates":[[[127.02235,37.68941],[127.0216,37.69093],[127.01986,37.69114],[127.01888,37.68984],[127.01963,37.68832],[127.02136,37.6881],[127.02235,37.68941]]]}},{"type":"Feature","properties":{"h3":"8930e1d0b87ffff","emd_code":"1132052100","emd_name":"도봉1동","area_km2":0.0726,"edge":false,"slope_mean":21.42,"elev_mean":231.4,"flood_hist_n":0,"flood_depth_max_m":null,"flood_risk_100y":null,"semi_basement_r":null,"elderly_alone_r":0.2288,"bldg_age30_r":null,"shelter_min_walk":27,"pop":19343,"hh":10266,"elderly65_r":0.3566,"single_hh_r":0.4816,"source_level":"emd","flood_years":[]},"geometry":{"type":"Polygon","coordinates":[[[127.02506,37.6905],[127.02431,37.69202],[127.02258,37.69224],[127.0216,37.69093],[127.02235,37.68941],[127.02408,37.6892],[127.02506,37.6905]]]}},{"type":"Feature","properties":{"h3":"8930e1d0b8bffff","emd_code":"1132052100","emd_name":"도봉1동","area_km2":0.0726,"edge":false,"slope_mean":21.1,"elev_mean":299.5,"flood_hist_n":0,"flood_depth_max_m":null,"flood_risk_100y":null,"semi_basement_r":null,"elderly_alone_r":0.2288,"bldg_age30_r":null,"shelter_min_walk":30,"pop":19343,"hh":10266,"elderly65_r":0.3566,"single_hh_r":0.4816,"source_level":"emd","flood_years":[]},"geometry":{"type":"Polygon","coordinates":[[[127.02211,37.68658],[127.02136,37.6881],[127.01963,37.68832],[127.01864,37.68701],[127.01939,37.68549],[127.02113,37.68528],[127.02211,37.68658]]]}},{"type":"Feature","properties":{"h3":"8930e1d0b8fffff","emd_code":"1132052100","emd_name":"도봉1동","area_km2":0.0726,"edge":false,"slope_mean":18.61,"elev_mean":219.9,"flood_hist_n":0,"flood_depth_max_m":null,"flood_risk_100y":null,"semi_basement_r":null,"elderly_alone_r":0.2288,"bldg_age30_r":null,"shelter_min_walk":26,"pop":19343,"hh":10266,"elderly65_r":0.3566,"single_hh_r":0.4816,"source_level":"emd","flood_years":[]},"geometry":{"type":"Polygon","coordinates":[[[127.02483,37.68768],[127.02408,37.6892],[127.02235,37.68941],[127.02136,37.6881],[127.02211,37.68658],[127.02384,37.68637],[127.02483,37.68768]]]}},{"type":"Feature","properties":{"h3":"8930e1d0b93ffff","emd_code":"1132052100","emd_name":"도봉1동","area_km2":0.0726,"edge":false,"slope_mean":21.25,"elev_mean":344.9,"flood_hist_n":0,"flood_depth_max_m":null,"flood_risk_100y":null,"semi_basement_r":null,"elderly_alone_r":0.2288,"bldg_age30_r":null,"shelter_min_walk":34,"pop":19343,"hh":10266,"elderly65_r":0.3566,"single_hh_r":0.4816,"source_level":"emd","flood_years":[]},"geometry":{"type":"Polygon","coordinates":[[[127.01986,37.69114],[127.01911,37.69266],[127.01738,37.69288],[127.0164,37.69157],[127.01715,37.69005],[127.01888,37.68984],[127.01986,37.69114]]]}},{"type":"Feature","properties":{"h3":"8930e1d0b97ffff","emd_code":"1132052100","emd_name":"도봉1동","area_km2":0.0726,"edge":false,"slope_mean":22.55,"elev_mean":321.2,"flood_hist_n":0,"flood_depth_max_m":null,"flood_risk_100y":null,"semi_basement_r":null,"elderly_alone_r":0.2288,"bldg_age30_r":null,"shelter_min_walk":31,"pop":19343,"hh":10266,"elderly65_r":0.3566,"single_hh_r":0.4816,"source_level":"emd","flood_years":[]},"geometry":{"type":"Polygon","coordinates":[[[127.02258,37.69224],[127.02183,37.69376],[127.0201,37.69397],[127.01911,37.69266],[127.01986,37.69114],[127.0216,37.69093],[127.02258,37.69224]]]}},{"type":"Feature","properties":{"h3":"8930e1d0b9bffff","emd_code":"1132052100","emd_name":"도봉1동","area_km2":0.0726,"edge":false,"slope_mean":19.96,"elev_mean":297.3,"flood_hist_n":0,"flood_depth_max_m":null,"flood_risk_100y":null,"semi_basement_r":null,"elderly_alone_r":0.2288,"bldg_age30_r":null,"shelter_min_walk":33,"pop":19343,"hh":10266,"elderly65_r":0.3566,"single_hh_r":0.4816,"source_level":"emd","flood_years":[]},"geometry":{"type":"Polygon","coordinates":[[[127.01963,37.68832],[127.01888,37.68984],[127.01715,37.69005],[127.01616,37.68875],[127.01691,37.68723],[127.01864,37.68701],[127.01963,37.68832]]]}},{"type":"Feature","properties":{"h3":"8930e1d0ba3ffff","emd_code":"1132052100","emd_name":"도봉1동","area_km2":0.0726,"edge":false,"slope_mean":11.26,"elev_mean":166.4,"flood_hist_n":0,"flood_depth_max_m":null,"flood_risk_100y":null,"semi_basement_r":null,"elderly_alone_r":0.2288,"bldg_age30_r":null,"shelter_min_walk":20,"pop":19343,"hh":10266,"elderly65_r":0.3566,"single_hh_r":0.4816,"source_level":"emd","flood_years":[]},"geometry":{"type":"Polygon","coordinates":[[[127.03026,37.68986],[127.02952,37.69138],[127.02778,37.6916],[127.0268,37.69029],[127.02755,37.68877],[127.02928,37.68856],[127.03026,37.68986]]]}},{"type":"Feature","properties":{"h3":"8930e1d0ba7ffff","emd_code":"1132052100","emd_name":"도봉1동","area_km2":0.0726,"edge":false,"slope_mean":17.02,"elev_mean":150.1,"flood_hist_n":0,"flood_depth_max_m":null,"flood_risk_100y":null,"semi_basement_r":null,"elderly_alone_r":0.2288,"bldg_age30_r":null,"shelter_min_walk":18,"pop":19343,"hh":10266,"elderly65_r":0.3566,"single_hh_r":0.4816,"source_level":"emd","flood_years":[]},"geometry":{"type":"Polygon","coordinates":[[[127.03298,37.69095],[127.03223,37.69247],[127.0305,37.69269],[127.02952,37.69138],[127.03026,37.68986],[127.032,37.68965],[127.03298,37.69095]]]}},{"type":"Feature","properties":{"h3":"8930e1d0babffff","emd_code":"1132052100","emd_name":"도봉1동","area_km2":0.0726,"edge":false,"slope_mean":13.46,"elev_mean":148.1,"flood_hist_n":0,"flood_depth_max_m":null,"flood_risk_100y":null,"semi_basement_r":null,"elderly_alone_r":0.2288,"bldg_age30_r":null,"shelter_min_walk":19,"pop":19343,"hh":10266,"elderly65_r":0.3566,"single_hh_r":0.4816,"source_level":"emd","flood_years":[]},"geometry":{"type":"Polygon","coordinates":[[[127.03003,37.68704],[127.02928,37.68856],[127.02755,37.68877],[127.02656,37.68746],[127.02731,37.68594],[127.02904,37.68573],[127.03003,37.68704]]]}},{"type":"Feature","properties":{"h3":"8930e1d0bafffff","emd_code":"1132052100","emd_name":"도봉1동","area_km2":0.0726,"edge":false,"slope_mean":14.28,"elev_mean":123.5,"flood_hist_n":0,"flood_depth_max_m":null,"flood_risk_100y":null,"semi_basement_r":null,"elderly_alone_r":0.2288,"bldg_age30_r":null,"shelter_min_walk":16,"pop":19343,"hh":10266,"elderly65_r":0.3566,"single_hh_r":0.4816,"source_level":"emd","flood_years":[]},"geometry":{"type":"Polygon","coordinates":[[[127.03275,37.68813],[127.032,37.68965],[127.03026,37.68986],[127.02928,37.68856],[127.03003,37.68704],[127.03176,37.68682],[127.03275,37.68813]]]}},{"type":"Feature","properties":{"h3":"8930e1d0bb3ffff","emd_code":"1132052100","emd_name":"도봉1동","area_km2":0.0726,"edge":false,"slope_mean":20.0,"elev_mean":233.3,"flood_hist_n":0,"flood_depth_max_m":null,"flood_risk_100y":null,"semi_basement_r":null,"elderly_alone_r":0.2288,"bldg_age30_r":null,"shelter_min_walk":24,"pop":19343,"hh":10266,"elderly65_r":0.3566,"single_hh_r":0.4816,"source_level":"emd","flood_years":[]},"geometry":{"type":"Polygon","coordinates":[[[127.02778,37.6916],[127.02703,37.69312],[127.0253,37.69333],[127.02431,37.69202],[127.02506,37.6905],[127.0268,37.69029],[127.02778,37.6916]]]}},{"type":"Feature","properties":{"h3":"8930e1d0bb7ffff","emd_code":"1132052100","emd_name":"도봉1동","area_km2":0.0726,"edge":false,"slope_mean":18.33,"elev_mean":212.6,"flood_hist_n":0,"flood_depth_max_m":null,"flood_risk_100y":null,"semi_basement_r":null,"elderly_alone_r":0.2288,"bldg_age30_r":null,"shelter_min_walk":22,"pop":19343,"hh":10266,"elderly65_r":0.3566,"single_hh_r":0.4816,"source_level":"emd","flood_years":[]},"geometry":{"type":"Polygon","coordinates":[[[127.0305,37.69269],[127.02975,37.69421],[127.02802,37.69442],[127.02703,37.69312],[127.02778,37.6916],[127.02952,37.69138],[127.0305,37.69269]]]}},{"type":"Feature","properties":{"h3":"8930e1d0bbbffff","emd_code":"1132052100","emd_name":"도봉1동","area_km2":0.0726,"edge":false,"slope_mean":16.0,"elev_mean":174.6,"flood_hist_n":0,"flood_depth_max_m":null,"flood_risk_100y":null,"semi_basement_r":null,"elderly_alone_r":0.2288,"bldg_age30_r":null,"shelter_min_walk":23,"pop":19343,"hh":10266,"elderly65_r":0.3566,"single_hh_r":0.4816,"source_level":"emd","flood_years":[]},"geometry":{"type":"Polygon","coordinates":[[[127.02755,37.68877],[127.0268,37.69029],[127.02506,37.6905],[127.02408,37.6892],[127.02483,37.68768],[127.02656,37.68746],[127.02755,37.68877]]]}},{"type":"Feature","properties":{"h3":"8930e1d0bc3ffff","emd_code":"1132052100","emd_name":"도봉1동","area_km2":0.0726,"edge":false,"slope_mean":21.18,"elev_mean":284.1,"flood_hist_n":0,"flood_depth_max_m":null,"flood_risk_100y":null,"semi_basement_r":null,"elderly_alone_r":0.2288,"bldg_age30_r":null,"shelter_min_walk":30,"pop":19343,"hh":10266,"elderly65_r":0.3566,"single_hh_r":0.4816,"source_level":"emd","flood_years":[]},"geometry":{"type":"Polygon","coordinates":[[[127.01916,37.68267],[127.01841,37.68419],[127.01668,37.6844],[127.01569,37.68309],[127.01644,37.68157],[127.01818,37.68136],[127.01916,37.68267]]]}},{"type":"Feature","properties":{"h3":"8930e1d0bc7ffff","emd_code":"1132052100","emd_name":"도봉1동","area_km2":0.0726,"edge":false,"slope_mean":21.68,"elev_mean":265.4,"flood_hist_n":0,"flood_depth_max_m":null,"flood_risk_100y":null,"semi_basement_r":null,"elderly_alone_r":0.2288,"bldg_age30_r":null,"shelter_min_walk":29,"pop":19343,"hh":10266,"elderly65_r":0.3566,"single_hh_r":0.4816,"source_level":"emd","flood_years":[]},"geometry":{"type":"Polygon","coordinates":[[[127.02188,37.68376],[127.02113,37.68528],[127.01939,37.68549],[127.01841,37.68419],[127.01916,37.68267],[127.02089,37.68245],[127.02188,37.68376]]]}},{"type":"Feature","properties":{"h3":"8930e1d0bcbffff","emd_code":"1132052100","emd_name":"도봉1동","area_km2":0.0726,"edge":false,"slope_mean":17.88,"elev_mean":236.7,"flood_hist_n":0,"flood_depth_max_m":null,"flood_risk_100y":null,"semi_basement_r":null,"elderly_alone_r":0.2288,"bldg_age30_r":null,"shelter_min_walk":27,"pop":19343,"hh":10266,"elderly65_r":0.3566,"single_hh_r":0.4816,"source_level":"emd","flood_years":[]},"geometry":{"type":"Polygon","coordinates":[[[127.01892,37.67984],[127.01818,37.68136],[127.01644,37.68157],[127.01546,37.68027],[127.01621,37.67875],[127.01794,37.67853],[127.01892,37.67984]]]}},{"type":"Feature","properties":{"h3":"8930e1d0bcfffff","emd_code":"1132052100","emd_name":"도봉1동","area_km2":0.0726,"edge":false,"slope_mean":16.8,"elev_mean":220.5,"flood_hist_n":0,"flood_depth_max_m":null,"flood_risk_100y":null,"semi_basement_r":null,"elderly_alone_r":0.2288,"bldg_age30_r":null,"shelter_min_walk":26,"pop":19343,"hh":10266,"elderly65_r":0.3566,"single_hh_r":0.4816,"source_level":"emd","flood_years":[]},"geometry":{"type":"Polygon","coordinates":[[[127.02164,37.68093],[127.02089,37.68245],[127.01916,37.68267],[127.01818,37.68136],[127.01892,37.67984],[127.02066,37.67963],[127.02164,37.68093]]]}},{"type":"Feature","properties":{"h3":"8930e1d0bd3ffff","emd_code":"1132052100","emd_name":"도봉1동","area_km2":0.0726,"edge":false,"slope_mean":24.34,"elev_mean":387.0,"flood_hist_n":0,"flood_depth_max_m":null,"flood_risk_100y":null,"semi_basement_r":null,"elderly_alone_r":0.2288,"bldg_age30_r":null,"shelter_min_walk":34,"pop":19343,"hh":10266,"elderly65_r":0.3566,"single_hh_r":0.4816,"source_level":"emd","flood_years":[]},"geometry":{"type":"Polygon","coordinates":[[[127.01668,37.6844],[127.01593,37.68592],[127.01419,37.68613],[127.01321,37.68483],[127.01396,37.68331],[127.01569,37.68309],[127.01668,37.6844]]]}},{"type":"Feature","properties":{"h3":"8930e1d0bd7ffff","emd_code":"1132052100","emd_name":"도봉1동","area_km2":0.0726,"edge":false,"slope_mean":21.02,"elev_mean":347.0,"flood_hist_n":0,"flood_depth_max_m":null,"flood_risk_100y":null,"semi_basement_r":null,"elderly_alone_r":0.2288,"bldg_age30_r":null,"shelter_min_walk":33,"pop":19343,"hh":10266,"elderly65_r":0.3566,"single_hh_r":0.4816,"source_level":"emd","flood_years":[]},"geometry":{"type":"Polygon","coordinates":[[[127.01939,37.68549],[127.01864,37.68701],[127.01691,37.68723],[127.01593,37.68592],[127.01668,37.6844],[127.01841,37.68419],[127.01939,37.68549]]]}},{"type":"Feature","properties":{"h3":"8930e1d0bdbffff","emd_code":"1132052100","emd_name":"도봉1동","area_km2":0.0726,"edge":false,"slope_mean":23.55,"elev_mean":302.7,"flood_hist_n":0,"flood_depth_max_m":null,"flood_risk_100y":null,"semi_basement_r":null,"elderly_alone_r":0.2288,"bldg_age30_r":null,"shelter_min_walk":31,"pop":19343,"hh":10266,"elderly65_r":0.3566,"single_hh_r":0.4816,"source_level":"emd","flood_years":[]},"geometry":{"type":"Polygon","coordinates":[[[127.01644,37.68157],[127.01569,37.68309],[127.01396,37.68331],[127.01298,37.682],[127.01373,37.68048],[127.01546,37.68027],[127.01644,37.68157]]]}},{"type":"Feature","properties":{"h3":"8930e1d1923ffff","emd_code":"1132066000","emd_name":"쌍문1동","area_km2":0.0726,"edge":true,"slope_mean":4.86,"elev_mean":53.3,"flood_hist_n":2,"flood_depth_max_m":0.3,"flood_risk_100y":null,"semi_basement_r":null,"elderly_alone_r":0.151,"bldg_age30_r":null,"shelter_min_walk":1,"pop":20485,"hh":9787,"elderly65_r":0.2792,"single_hh_r":0.4125,"source_level":"emd","flood_years":[2011,2025]},"geometry":{"type":"Polygon","coordinates":[[[127.01433,37.65614],[127.01358,37.65766],[127.01185,37.65788],[127.01087,37.65657],[127.01162,37.65505],[127.01335,37.65484],[127.01433,37.65614]]]}},{"type":"Feature","properties":{"h3":"8930e1d1927ffff","emd_code":"1132066000","emd_name":"쌍문1동","area_km2":0.0726,"edge":false,"slope_mean":3.98,"elev_mean":55.2,"flood_hist_n":3,"flood_depth_max_m":0.3,"flood_risk_100y":null,"semi_basement_r":null,"elderly_alone_r":0.151,"bldg_age30_r":null,"shelter_min_walk":3,"pop":20485,"hh":9787,"elderly65_r":0.2792,"single_hh_r":0.4125,"source_level":"emd","flood_years":[2018,2022,2025]},"geometry":{"type":"Polygon","coordinates":[[[127.01705,37.65724],[127.0163,37.65876],[127.01457,37.65897],[127.01358,37.65766],[127.01433,37.65614],[127.01606,37.65593],[127.01705,37.65724]]]}},{"type":"Feature","properties":{"h3":"8930e1d192bffff","emd_code":"1132066000","emd_name":"쌍문1동","area_km2":0.0726,"edge":true,"slope_mean":5.4,"elev_mean":50.4,"flood_hist_n":3,"flood_depth_max_m":0.45,"flood_risk_100y":null,"semi_basement_r":null,"elderly_alone_r":0.151,"bldg_age30_r":null,"shelter_min_walk":1,"pop":20485,"hh":9787,"elderly65_r":0.2792,"single_hh_r":0.4125,"source_level":"emd","flood_years":[2018,2022,2025]},"geometry":{"type":"Polygon","coordinates":[[[127.0141,37.65332],[127.01335,37.65484],[127.01162,37.65505],[127.01063,37.65375],[127.01138,37.65223],[127.01311,37.65201],[127.0141,37.65332]]]}},{"type":"Feature","properties":{"h3":"8930e1d192fffff","emd_code":"1132066000","emd_name":"쌍문1동","area_km2":0.0726,"edge":false,"slope_mean":3.78,"elev_mean":48.9,"flood_hist_n":0,"flood_depth_max_m":null,"flood_risk_100y":null,"semi_basement_r":null,"elderly_alone_r":0.151,"bldg_age30_r":null,"shelter_min_walk":3,"pop":20485,"hh":9787,"elderly65_r":0.2792,"single_hh_r":0.4125,"source_level":"emd","flood_years":[]},"geometry":{"type":"Polygon","coordinates":[[[127.01681,37.65441],[127.01606,37.65593],[127.01433,37.65614],[127.01335,37.65484],[127.0141,37.65332],[127.01583,37.6531],[127.01681,37.65441]]]}},{"type":"Feature","properties":{"h3":"8930e1d1937ffff","emd_code":"1132066000","emd_name":"쌍문1동","area_km2":0.0726,"edge":true,"slope_mean":5.36,"elev_mean":60.4,"flood_hist_n":4,"flood_depth_max_m":0.5,"flood_risk_100y":null,"semi_basement_r":null,"elderly_alone_r":0.151,"bldg_age30_r":null,"shelter_min_walk":4,"pop":20485,"hh":9787,"elderly65_r":0.2792,"single_hh_r":0.4125,"source_level":"emd","flood_years":[2010,2018,2022,2025]},"geometry":{"type":"Polygon","coordinates":[[[127.01457,37.65897],[127.01382,37.66049],[127.01209,37.6607],[127.0111,37.6594],[127.01185,37.65788],[127.01358,37.65766],[127.01457,37.65897]]]}},{"type":"Feature","properties":{"h3":"8930e1d1967ffff","emd_code":"1132066000","emd_name":"쌍문1동","area_km2":0.0726,"edge":true,"slope_mean":6.59,"elev_mean":48.9,"flood_hist_n":3,"flood_depth_max_m":0.5,"flood_risk_100y":null,"semi_basement_r":null,"elderly_alone_r":0.151,"bldg_age30_r":null,"shelter_min_walk":5,"pop":20485,"hh":9787,"elderly65_r":0.2792,"single_hh_r":0.4125,"source_level":"emd","flood_years":[2010,2022,2025]},"geometry":{"type":"Polygon","coordinates":[[[127.01386,37.65049],[127.01311,37.65201],[127.01138,37.65223],[127.0104,37.65092],[127.01115,37.6494],[127.01288,37.64919],[127.01386,37.65049]]]}},{"type":"Feature","properties":{"h3":"8930e1d52d3ffff","emd_code":"1132052200","emd_name":"도봉2동","area_km2":0.0727,"edge":true,"slope_mean":6.52,"elev_mean":29.2,"flood_hist_n":0,"flood_depth_max_m":null,"flood_risk_100y":null,"semi_basement_r":null,"elderly_alone_r":0.1656,"bldg_age30_r":null,"shelter_min_walk":1,"pop":25627,"hh":11876,"elderly65_r":0.311,"single_hh_r":0.3701,"source_level":"emd","flood_years":[]},"geometry":{"type":"Polygon","coordinates":[[[127.05308,37.6799],[127.05233,37.68142],[127.0506,37.68164],[127.04961,37.68033],[127.05036,37.67881],[127.0521,37.6786],[127.05308,37.6799]]]}},{"type":"Feature","properties":{"h3":"8930e1d52dbffff","emd_code":"1132052200","emd_name":"도봉2동","area_km2":0.0727,"edge":true,"slope_mean":5.13,"elev_mean":27.4,"flood_hist_n":2,"flood_depth_max_m":0.5,"flood_risk_100y":null,"semi_basement_r":null,"elderly_alone_r":0.1656,"bldg_age30_r":null,"shelter_min_walk":4,"pop":25627,"hh":11876,"elderly65_r":0.311,"single_hh_r":0.3701,"source_level":"emd","flood_years":[2022,2025]},"geometry":{"type":"Polygon","coordinates":[[[127.05285,37.67708],[127.0521,37.6786],[127.05036,37.67881],[127.04938,37.67751],[127.05013,37.67599],[127.05186,37.67577],[127.05285,37.67708]]]}},{"type":"Feature","properties":{"h3":"8930e1d5603ffff","emd_code":"1132052100","emd_name":"도봉1동","area_km2":0.0727,"edge":false,"slope_mean":4.69,"elev_mean":34.6,"flood_hist_n":0,"flood_depth_max_m":null,"flood_risk_100y":null,"semi_basement_r":null,"elderly_alone_r":0.2288,"bldg_age30_r":null,"shelter_min_walk":2,"pop":19343,"hh":10266,"elderly65_r":0.3566,"single_hh_r":0.4816,"source_level":"emd","flood_years":[]},"geometry":{"type":"Polygon","coordinates":[[[127.04611,37.69076],[127.04536,37.69228],[127.04362,37.6925],[127.04264,37.69119],[127.04339,37.68967],[127.04512,37.68946],[127.04611,37.69076]]]}},{"type":"Feature","properties":{"h3":"8930e1d5607ffff","emd_code":"1132052200","emd_name":"도봉2동","area_km2":0.0727,"edge":false,"slope_mean":1.6,"elev_mean":30.1,"flood_hist_n":0,"flood_depth_max_m":null,"flood_risk_100y":null,"semi_basement_r":null,"elderly_alone_r":0.1656,"bldg_age30_r":null,"shelter_min_walk":5,"pop":25627,"hh":11876,"elderly65_r":0.311,"single_hh_r":0.3701,"source_level":"emd","flood_years":[]},"geometry":{"type":"Polygon","coordinates":[[[127.04882,37.69185],[127.04808,37.69337],[127.04634,37.69359],[127.04536,37.69228],[127.04611,37.69076],[127.04784,37.69055],[127.04882,37.69185]]]}},{"type":"Feature","properties":{"h3":"8930e1d560bffff","emd_code":"1132052100","emd_name":"도봉1동","area_km2":0.0727,"edge":false,"slope_mean":4.59,"elev_mean":44.0,"flood_hist_n":3,"flood_depth_max_m":0.3,"flood_risk_100y":null,"semi_basement_r":null,"elderly_alone_r":0.2288,"bldg_age30_r":null,"shelter_min_walk":3,"pop":19343,"hh":10266,"elderly65_r":0.3566,"single_hh_r":0.4816,"source_level":"emd","flood_years":[2018,2022,2025]},"geometry":{"type":"Polygon","coordinates":[[[127.04587,37.68793],[127.04512,37.68946],[127.04339,37.68967],[127.0424,37.68836],[127.04315,37.68684],[127.04488,37.68663],[127.04587,37.68793]]]}},{"type":"Feature","properties":{"h3":"8930e1d560fffff","emd_code":"1132052200","emd_name":"도봉2동","area_km2":0.0727,"edge":false,"slope_mean":3.37,"elev_mean":33.1,"flood_hist_n":0,"flood_depth_max_m":null,"flood_risk_100y":null,"semi_basement_r":null,"elderly_alone_r":0.1656,"bldg_age30_r":null,"shelter_min_walk":3,"pop":25627,"hh":11876,"elderly65_r":0.311,"single_hh_r":0.3701,"source_level":"emd","flood_years":[]},"geometry":{"type":"Polygon","coordinates":[[[127.04859,37.68903],[127.04784,37.69055],[127.04611,37.69076],[127.04512,37.68946],[127.04587,37.68793],[127.0476,37.68772],[127.04859,37.68903]]]}},{"type":"Feature","properties":{"h3":"8930e1d5613ffff","emd_code":"1132052100","emd_name":"도봉1동","area_km2":0.0727,"edge":false,"slope_mean":9.98,"elev_mean":48.6,"flood_hist_n":0,"flood_depth_max_m":null,"flood_risk_100y":null,"semi_basement_r":null,"elderly_alone_r":0.2288,"bldg_age30_r":null,"shelter_min_walk":6,"pop":19343,"hh":10266,"elderly65_r":0.3566,"single_hh_r":0.4816,"source_level":"emd","flood_years":[]},"geometry":{"type":"Polygon","coordinates":[[[127.04362,37.6925],[127.04287,37.69402],[127.04114,37.69423],[127.04015,37.69292],[127.0409,37.6914],[127.04264,37.69119],[127.04362,37.6925]]]}},{"type":"Feature","properties":{"h3":"8930e1d5617ffff","emd_code":"1132052100","emd_name":"도봉1동","area_km2":0.0727,"edge":true,"slope_mean":3.37,"elev_mean":33.5,"flood_hist_n":0,"flood_depth_max_m":null,"flood_risk_100y":null,"semi_basement_r":null,"elderly_alone_r":0.2288,"bldg_age30_r":null,"shelter_min_walk":7,"pop":19343,"hh":10266,"elderly65_r":0.3566,"single_hh_r":0.4816,"source_level":"emd","flood_years":[]},"geometry":{"type":"Polygon","coordinates":[[[127.04634,37.69359],[127.04559,37.69511],[127.04386,37.69532],[127.04287,37.69402],[127.04362,37.6925],[127.04536,37.69228],[127.04634,37.69359]]]}},{"type":"Feature","properties":{"h3":"8930e1d561bffff","emd_code":"1132052100","emd_name":"도봉1동","area_km2":0.0727,"edge":false,"slope_mean":5.86,"elev_mean":40.7,"flood_hist_n":2,"flood_depth_max_m":0.3,"flood_risk_100y":null,"semi_basement_r":null,"elderly_alone_r":0.2288,"bldg_age30_r":null,"shelter_min_walk":4,"pop":19343,"hh":10266,"elderly65_r":0.3566,"single_hh_r":0.4816,"source_level":"emd","flood_years":[2018,2022]},"geometry":{"type":"Polygon","coordinates":[[[127.04339,37.68967],[127.04264,37.69119],[127.0409,37.6914],[127.03992,37.6901],[127.04067,37.68858],[127.0424,37.68836],[127.04339,37.68967]]]}},{"type":"Feature","properties":{"h3":"8930e1d5633ffff","emd_code":"1132052200","emd_name":"도봉2동","area_km2":0.0727,"edge":true,"slope_mean":6.75,"elev_mean":32.7,"flood_hist_n":0,"flood_depth_max_m":null,"flood_risk_100y":null,"semi_basement_r":null,"elderly_alone_r":0.1656,"bldg_age30_r":null,"shelter_min_walk":9,"pop":25627,"hh":11876,"elderly65_r":0.311,"single_hh_r":0.3701,"source_level":"emd","flood_years":[]},"geometry":{"type":"Polygon","coordinates":[[[127.05154,37.69295],[127.0508,37.69447],[127.04906,37.69468],[127.04808,37.69337],[127.04882,37.69185],[127.05056,37.69164],[127.05154,37.69295]]]}},{"type":"Feature","properties":{"h3":"8930e1d563bffff","emd_code":"1132052200","emd_name":"도봉2동","area_km2":0.0727,"edge":false,"slope_mean":4.62,"elev_mean":28.7,"flood_hist_n":0,"flood_depth_max_m":null,"flood_risk_100y":null,"semi_basement_r":null,"elderly_alone_r":0.1656,"bldg_age30_r":null,"shelter_min_walk":4,"pop":25627,"hh":11876,"elderly65_r":0.311,"single_hh_r":0.3701,"source_level":"emd","flood_years":[]},"geometry":{"type":"Polygon","coordinates":[[[127.05131,37.69012],[127.05056,37.69164],[127.04882,37.69185],[127.04784,37.69055],[127.04859,37.68903],[127.05032,37.68881],[127.05131,37.69012]]]}},{"type":"Feature","properties":{"h3":"8930e1d5643ffff","emd_code":"1132052100","emd_name":"도봉1동","area_km2":0.0727,"edge":false,"slope_mean":11.85,"elev_mean":56.4,"flood_hist_n":1,"flood_depth_max_m":0.3,"flood_risk_100y":null,"semi_basement_r":null,"elderly_alone_r":0.2288,"bldg_age30_r":null,"shelter_min_walk":3,"pop":19343,"hh":10266,"elderly65_r":0.3566,"single_hh_r":0.4816,"source_level":"emd","flood_years":[2018]},"geometry":{"type":"Polygon","coordinates":[[[127.04291,37.68402],[127.04217,37.68554],[127.04043,37.68575],[127.03945,37.68444],[127.0402,37.68292],[127.04193,37.68271],[127.04291,37.68402]]]}},{"type":"Feature","properties":{"h3":"8930e1d5647ffff","emd_code":"1132052100","emd_name":"도봉1동","area_km2":0.0727,"edge":false,"slope_mean":2.94,"elev_mean":41.6,"flood_hist_n":2,"flood_depth_max_m":0.3,"flood_risk_100y":null,"semi_basement_r":null,"elderly_alone_r":0.2288,"bldg_age30_r":null,"shelter_min_walk":2,"pop":19343,"hh":10266,"elderly65_r":0.3566,"single_hh_r":0.4816,"source_level":"emd","flood_years":[2018,2022]},"geometry":{"type":"Polygon","coordinates":[[[127.04563,37.68511],[127.04488,37.68663],[127.04315,37.68684],[127.04217,37.68554],[127.04291,37.68402],[127.04465,37.6838],[127.04563,37.68511]]]}},{"type":"Feature","properties":{"h3":"8930e1d564bffff","emd_code":"1132052100","emd_name":"도봉1동","area_km2":0.0727,"edge":false,"slope_mean":13.62,"elev_mean":62.2,"flood_hist_n":1,"flood_depth_max_m":0.3,"flood_risk_100y":null,"semi_basement_r":null,"elderly_alone_r":0.2288,"bldg_age30_r":null,"shelter_min_walk":5,"pop":19343,"hh":10266,"elderly65_r":0.3566,"single_hh_r":0.4816,"source_level":"emd","flood_years":[2018]},"geometry":{"type":"Polygon","coordinates":[[[127.04268,37.68119],[127.04193,37.68271],[127.0402,37.68292],[127.03921,37.68162],[127.03996,37.6801],[127.04169,37.67988],[127.04268,37.68119]]]}},{"type":"Feature","properties":{"h3":"8930e1d564fffff","emd_code":"1132052100","emd_name":"도봉1동","area_km2":0.0727,"edge":false,"slope_mean":3.87,"elev_mean":37.2,"flood_hist_n":3,"flood_depth_max_m":0.3,"flood_risk_100y":null,"semi_basement_r":null,"elderly_alone_r":0.2288,"bldg_age30_r":null,"shelter_min_walk":4,"pop":19343,"hh":10266,"elderly65_r":0.3566,"single_hh_r":0.4816,"source_level":"emd","flood_years":[2018,2022,2025]},"geometry":{"type":"Polygon","coordinates":[[[127.0454,37.68228],[127.04465,37.6838],[127.04291,37.68402],[127.04193,37.68271],[127.04268,37.68119],[127.04441,37.68098],[127.0454,37.68228]]]}},{"type":"Feature","properties":{"h3":"8930e1d5653ffff","emd_code":"1132052100","emd_name":"도봉1동","area_km2":0.0726,"edge":false,"slope_mean":15.51,"elev_mean":70.1,"flood_hist_n":1,"flood_depth_max_m":0.3,"flood_risk_100y":null,"semi_basement_r":null,"elderly_alone_r":0.2288,"bldg_age30_r":null,"shelter_min_walk":5,"pop":19343,"hh":10266,"elderly65_r":0.3566,"single_hh_r":0.4816,"source_level":"emd","flood_years":[2018]},"geometry":{"type":"Polygon","coordinates":[[[127.04043,37.68575],[127.03968,37.68727],[127.03795,37.68749],[127.03696,37.68618],[127.03771,37.68466],[127.03945,37.68444],[127.04043,37.68575]]]}},{"type":"Feature","properties":{"h3":"8930e1d5657ffff","emd_code":"1132052100","emd_name":"도봉1동","area_km2":0.0727,"edge":false,"slope_mean":4.87,"elev_mean":49.6,"flood_hist_n":2,"flood_depth_max_m":0.3,"flood_risk_100y":null,"semi_basement_r":null,"elderly_alone_r":0.2288,"bldg_age30_r":null,"shelter_min_walk":3,"pop":19343,"hh":10266,"elderly65_r":0.3566,"single_hh_r":0.4816,"source_level":"emd","flood_years":[2018,2022]},"geometry":{"type":"Polygon","coordinates":[[[127.04315,37.68684],[127.0424,37.68836],[127.04067,37.68858],[127.03968,37.68727],[127.04043,37.68575],[127.04217,37.68554],[127.04315,37.68684]]]}},{"type":"Feature","properties":{"h3":"8930e1d565bffff","emd_code":"1132052100","emd_name":"도봉1동","area_km2":0.0726,"edge":false,"slope_mean":9.31,"elev_mean":99.5,"flood_hist_n":1,"flood_depth_max_m":0.3,"flood_risk_100y":null,"semi_basement_r":null,"elderly_alone_r":0.2288,"bldg_age30_r":null,"shelter_min_walk":7,"pop":19343,"hh":10266,"elderly65_r":0.3566,"single_hh_r":0.4816,"source_level":"emd","flood_years":[2018]},"geometry":{"type":"Polygon","coordinates":[[[127.0402,37.68292],[127.03945,37.68444],[127.03771,37.68466],[127.03673,37.68335],[127.03748,37.68183],[127.03921,37.68162],[127.0402,37.68292]]]}},{"type":"Feature","properties":{"h3":"8930e1d5663ffff","emd_code":"1132052200","emd_name":"도봉2동","area_km2":0.0727,"edge":false,"slope_mean":6.87,"elev_mean":38.3,"flood_hist_n":0,"flood_depth_max_m":null,"flood_risk_100y":null,"semi_basement_r":null,"elderly_alone_r":0.1656,"bldg_age30_r":null,"shelter_min_walk":1,"pop":25627,"hh":11876,"elderly65_r":0.311,"single_hh_r":0.3701,"source_level":"emd","flood_years":[]},"geometry":{"type":"Polygon","coordinates":[[[127.05084,37.68447],[127.05009,37.68599],[127.04835,37.6862],[127.04737,37.68489],[127.04812,37.68337],[127.04985,37.68316],[127.05084,37.68447]]]}},{"type":"Feature","properties":{"h3":"8930e1d5667ffff","emd_code":"1132052200","emd_name":"도봉2동","area_km2":0.0727,"edge":true,"slope_mean":6.67,"elev_mean":30.2,"flood_hist_n":0,"flood_depth_max_m":null,"flood_risk_100y":null,"semi_basement_r":null,"elderly_alone_r":0.1656,"bldg_age30_r":null,"shelter_min_walk":2,"pop":25627,"hh":11876,"elderly65_r":0.311,"single_hh_r":0.3701,"source_level":"emd","flood_years":[]},"geometry":{"type":"Polygon","coordinates":[[[127.05356,37.68556],[127.05281,37.68708],[127.05107,37.68729],[127.05009,37.68599],[127.05084,37.68447],[127.05257,37.68425],[127.05356,37.68556]]]}},{"type":"Feature","properties":{"h3":"8930e1d566bffff","emd_code":"1132052200","emd_name":"도봉2동","area_km2":0.0727,"edge":false,"slope_mean":4.84,"elev_mean":33.1,"flood_hist_n":0,"flood_depth_max_m":null,"flood_risk_100y":null,"semi_basement_r":null,"elderly_alone_r":0.1656,"bldg_age30_r":null,"shelter_min_walk":2,"pop":25627,"hh":11876,"elderly65_r":0.311,"single_hh_r":0.3701,"source_level":"emd","flood_years":[]},"geometry":{"type":"Polygon","coordinates":[[[127.0506,37.68164],[127.04985,37.68316],[127.04812,37.68337],[127.04713,37.68207],[127.04788,37.68055],[127.04961,37.68033],[127.0506,37.68164]]]}},{"type":"Feature","properties":{"h3":"8930e1d566fffff","emd_code":"1132052200","emd_name":"도봉2동","area_km2":0.0727,"edge":true,"slope_mean":7.59,"elev_mean":29.9,"flood_hist_n":0,"flood_depth_max_m":null,"flood_risk_100y":null,"semi_basement_r":null,"elderly_alone_r":0.1656,"bldg_age30_r":null,"shelter_min_walk":2,"pop":25627,"hh":11876,"elderly65_r":0.311,"single_hh_r":0.3701,"source_level":"emd","flood_years":[]},"geometry":{"type":"Polygon","coordinates":[[[127.05332,37.68273],[127.05257,37.68425],[127.05084,37.68447],[127.04985,37.68316],[127.0506,37.68164],[127.05233,37.68142],[127.05332,37.68273]]]}},{"type":"Feature","properties":{"h3":"8930e1d5673ffff","emd_code":"1132052200","emd_name":"도봉2동","area_km2":0.0727,"edge":false,"slope_mean":3.63,"elev_mean":40.2,"flood_hist_n":1,"flood_depth_max_m":0.3,"flood_risk_100y":null,"semi_basement_r":null,"elderly_alone_r":0.1656,"bldg_age30_r":null,"shelter_min_walk":3,"pop":25627,"hh":11876,"elderly65_r":0.311,"single_hh_r":0.3701,"source_level":"emd","flood_years":[2022]},"geometry":{"type":"Polygon","coordinates":[[[127.04835,37.6862],[127.0476,37.68772],[127.04587,37.68793],[127.04488,37.68663],[127.04563,37.68511],[127.04737,37.68489],[127.04835,37.6862]]]}},{"type":"Feature","properties":{"h3":"8930e1d5677ffff","emd_code":"1132052200","emd_name":"도봉2동","area_km2":0.0727,"edge":false,"slope_mean":6.41,"elev_mean":33.0,"flood_hist_n":0,"flood_depth_max_m":null,"flood_risk_100y":null,"semi_basement_r":null,"elderly_alone_r":0.1656,"bldg_age30_r":null,"shelter_min_walk":2,"pop":25627,"hh":11876,"elderly65_r":0.311,"single_hh_r":0.3701,"source_level":"emd","flood_years":[]},"geometry":{"type":"Polygon","coordinates":[[[127.05107,37.68729],[127.05032,37.68881],[127.04859,37.68903],[127.0476,37.68772],[127.04835,37.6862],[127.05009,37.68599],[127.05107,37.68729]]]}},{"type":"Feature","properties":{"h3":"8930e1d567bffff","emd_code":"1132052200","emd_name":"도봉2동","area_km2":0.0727,"edge":false,"slope_mean":3.98,"elev_mean":34.9,"flood_hist_n":1,"flood_depth_max_m":0.3,"flood_risk_100y":null,"semi_basement_r":null,"elderly_alone_r":0.1656,"bldg_age30_r":null,"shelter_min_walk":1,"pop":25627,"hh":11876,"elderly65_r":0.311,"single_hh_r":0.3701,"source_level":"emd","flood_years":[2018]},"geometry":{"type":"Polygon","coordinates":[[[127.04812,37.68337],[127.04737,37.68489],[127.04563,37.68511],[127.04465,37.6838],[127.0454,37.68228],[127.04713,37.68207],[127.04812,37.68337]]]}},{"type":"Feature","properties":{"h3":"8930e1d568bffff","emd_code":"1132052100","emd_name":"도봉1동","area_km2":0.0727,"edge":true,"slope_mean":11.65,"elev_mean":65.3,"flood_hist_n":0,"flood_depth_max_m":null,"flood_risk_100y":null,"semi_basement_r":null,"elderly_alone_r":0.2288,"bldg_age30_r":null,"shelter_min_walk":11,"pop":19343,"hh":10266,"elderly65_r":0.3566,"single_hh_r":0.4816,"source_level":"emd","flood_years":[]},"geometry":{"type":"Polygon","coordinates":[[[127.04114,37.69423],[127.04039,37.69575],[127.03866,37.69596],[127.03767,37.69466],[127.03842,37.69314],[127.04015,37.69292],[127.04114,37.69423]]]}},{"type":"Feature","properties":{"h3":"8930e1d568fffff","emd_code":"1132052100","emd_name":"도봉1동","area_km2":0.0727,"edge":true,"slope_mean":8.76,"elev_mean":46.8,"flood_hist_n":0,"flood_depth_max_m":null,"flood_risk_100y":null,"semi_basement_r":null,"elderly_alone_r":0.2288,"bldg_age30_r":null,"shelter_min_walk":10,"pop":19343,"hh":10266,"elderly65_r":0.3566,"single_hh_r":0.4816,"source_level":"emd","flood_years":[]},"geometry":{"type":"Polygon","coordinates":[[[127.04386,37.69532],[127.04311,37.69684],[127.04137,37.69706],[127.04039,37.69575],[127.04114,37.69423],[127.04287,37.69402],[127.04386,37.69532]]]}},{"type":"Feature","properties":{"h3":"8930e1d56abffff","emd_code":"1132052200","emd_name":"도봉2동","area_km2":0.0727,"edge":true,"slope_mean":2.63,"elev_mean":30.6,"flood_hist_n":0,"flood_depth_max_m":null,"flood_risk_100y":null,"semi_basement_r":null,"elderly_alone_r":0.1656,"bldg_age30_r":null,"shelter_min_walk":9,"pop":25627,"hh":11876,"elderly65_r":0.311,"single_hh_r":0.3701,"source_level":"emd","flood_years":[]},"geometry":{"type":"Polygon","coordinates":[[[127.04906,37.69468],[127.04831,37.6962],[127.04658,37.69641],[127.04559,37.69511],[127.04634,37.69359],[127.04808,37.69337],[127.04906,37.69468]]]}},{"type":"Feature","properties":{"h3":"8930e1d56c3ffff","emd_code":"1132052100","emd_name":"도봉1동","area_km2":0.0726,"edge":false,"slope_mean":11.81,"elev_mean":92.1,"flood_hist_n":0,"flood_depth_max_m":null,"flood_risk_100y":null,"semi_basement_r":null,"elderly_alone_r":0.2288,"bldg_age30_r":null,"shelter_min_walk":11,"pop":19343,"hh":10266,"elderly65_r":0.3566,"single_hh_r":0.4816,"source_level":"emd","flood_years":[]},"geometry":{"type":"Polygon","coordinates":[[[127.03818,37.69031],[127.03744,37.69183],[127.0357,37.69205],[127.03472,37.69074],[127.03547,37.68922],[127.0372,37.68901],[127.03818,37.69031]]]}},{"type":"Feature","properties":{"h3":"8930e1d56c7ffff","emd_code":"1132052100","emd_name":"도봉1동","area_km2":0.0727,"edge":false,"slope_mean":12.59,"elev_mean":66.0,"flood_hist_n":0,"flood_depth_max_m":null,"flood_risk_100y":null,"semi_basement_r":null,"elderly_alone_r":0.2288,"bldg_age30_r":null,"shelter_min_walk":8,"pop":19343,"hh":10266,"elderly65_r":0.3566,"single_hh_r":0.4816,"source_level":"emd","flood_years":[]},"geometry":{"type":"Polygon","coordinates":[[[127.0409,37.6914],[127.04015,37.69292],[127.03842,37.69314],[127.03744,37.69183],[127.03818,37.69031],[127.03992,37.6901],[127.0409,37.6914]]]}},{"type":"Feature","properties":{"h3":"8930e1d56cbffff","emd_code":"1132052100","emd_name":"도봉1동","area_km2":0.0726,"edge":false,"slope_mean":15.66,"elev_mean":91.3,"flood_hist_n":0,"flood_depth_max_m":null,"flood_risk_100y":null,"semi_basement_r":null,"elderly_alone_r":0.2288,"bldg_age30_r":null,"shelter_min_walk":9,"pop":19343,"hh":10266,"elderly65_r":0.3566,"single_hh_r":0.4816,"source_level":"emd","flood_years":[]},"geometry":{"type":"Polygon","coordinates":[[[127.03795,37.68749],[127.0372,37.68901],[127.03547,37.68922],[127.03448,37.68791],[127.03523,37.68639],[127.03696,37.68618],[127.03795,37.68749]]]}},{"type":"Feature","properties":{"h3":"8930e1d56cfffff","emd_code":"1132052100","emd_name":"도봉1동","area_km2":0.0727,"edge":false,"slope_mean":12.09,"elev_mean":63.4,"flood_hist_n":1,"flood_depth_max_m":0.3,"flood_risk_100y":null,"semi_basement_r":null,"elderly_alone_r":0.2288,"bldg_age30_r":null,"shelter_min_walk":7,"pop":19343,"hh":10266,"elderly65_r":0.3566,"single_hh_r":0.4816,"source_level":"emd","flood_years":[2018]},"geometry":{"type":"Polygon","coordinates":[[[127.04067,37.68858],[127.03992,37.6901],[127.03818,37.69031],[127.0372,37.68901],[127.03795,37.68749],[127.03968,37.68727],[127.04067,37.68858]]]}},{"type":"Feature","properties":{"h3":"8930e1d56d3ffff","emd_code":"1132052100","emd_name":"도봉1동","area_km2":0.0726,"edge":true,"slope_mean":15.99,"elev_mean":130.8,"flood_hist_n":0,"flood_depth_max_m":null,"flood_risk_100y":null,"semi_basement_r":null,"elderly_alone_r":0.2288,"bldg_age30_r":null,"shelter_min_walk":15,"pop":19343,"hh":10266,"elderly65_r":0.3566,"single_hh_r":0.4816,"source_level":"emd","flood_years":[]},"geometry":{"type":"Polygon","coordinates":[[[127.0357,37.69205],[127.03495,37.69357],[127.03322,37.69378],[127.03223,37.69247],[127.03298,37.69095],[127.03472,37.69074],[127.0357,37.69205]]]}},{"type":"Feature","properties":{"h3":"8930e1d56d7ffff","emd_code":"1132052100","emd_name":"도봉1동","area_km2":0.0726,"edge":true,"slope_mean":9.91,"elev_mean":88.9,"flood_hist_n":0,"flood_depth_max_m":null,"flood_risk_100y":null,"semi_basement_r":null,"elderly_alone_r":0.2288,"bldg_age30_r":null,"shelter_min_walk":12,"pop":19343,"hh":10266,"elderly65_r":0.3566,"single_hh_r":0.4816,"source_level":"emd","flood_years":[]},"geometry":{"type":"Polygon","coordinates":[[[127.03842,37.69314],[127.03767,37.69466],[127.03594,37.69487],[127.03495,37.69357],[127.0357,37.69205],[127.03744,37.69183],[127.03842,37.69314]]]}},{"type":"Feature","properties":{"h3":"8930e1d56dbffff","emd_code":"1132052100","emd_name":"도봉1동","area_km2":0.0726,"edge":false,"slope_mean":16.61,"elev_mean":119.1,"flood_hist_n":0,"flood_depth_max_m":null,"flood_risk_100y":null,"semi_basement_r":null,"elderly_alone_r":0.2288,"bldg_age30_r":null,"shelter_min_walk":13,"pop":19343,"hh":10266,"elderly65_r":0.3566,"single_hh_r":0.4816,"source_level":"emd","flood_years":[]},"geometry":{"type":"Polygon","coordinates":[[[127.03547,37.68922],[127.03472,37.69074],[127.03298,37.69095],[127.032,37.68965],[127.03275,37.68813],[127.03448,37.68791],[127.03547,37.68922]]]}}]}