{"type":"FeatureCollection","name":"grid_11530_h3r9","meta":{"sgg_code":"11530","h3_res":9,"n_cells":333,"dem":"Copernicus GLO-30 (N37E126+E127)","crs":"EPSG:4326","jumin_basis":"2026-07","flood_years_covered":[2010,2011,2012,2013,2014,2016,2017,2018,2019,2020,2022,2023,2024,2025]},"features":[{"type":"Feature","properties":{"h3":"8930e036503ffff","emd_code":"1153054000","emd_name":"구로3동","area_km2":0.0723,"edge":false,"slope_mean":7.13,"elev_mean":29.8,"flood_hist_n":1,"flood_depth_max_m":0.3,"flood_risk_100y":null,"semi_basement_r":null,"elderly_alone_r":0.0758,"bldg_age30_r":null,"shelter_min_walk":4,"pop":22653,"hh":13714,"elderly65_r":0.1822,"single_hh_r":0.631,"source_level":"emd","flood_years":[2011]},"geometry":{"type":"Polygon","coordinates":[[[126.90031,37.47923],[126.89957,37.48075],[126.89784,37.48096],[126.89687,37.47966],[126.89761,37.47814],[126.89934,37.47793],[126.90031,37.47923]]]}},{"type":"Feature","properties":{"h3":"8930e036507ffff","emd_code":"1153054000","emd_name":"구로3동","area_km2":0.0723,"edge":true,"slope_mean":6.62,"elev_mean":25.1,"flood_hist_n":3,"flood_depth_max_m":0.3,"flood_risk_100y":null,"semi_basement_r":null,"elderly_alone_r":0.0758,"bldg_age30_r":null,"shelter_min_walk":3,"pop":22653,"hh":13714,"elderly65_r":0.1822,"single_hh_r":0.631,"source_level":"emd","flood_years":[2010,2011,2022]},"geometry":{"type":"Polygon","coordinates":[[[126.90302,37.48032],[126.90227,37.48184],[126.90054,37.48205],[126.89957,37.48075],[126.90031,37.47923],[126.90204,37.47902],[126.90302,37.48032]]]}},{"type":"Feature","properties":{"h3":"8930e036513ffff","emd_code":"1153054000","emd_name":"구로3동","area_km2":0.0723,"edge":false,"slope_mean":7.88,"elev_mean":29.9,"flood_hist_n":1,"flood_depth_max_m":0.3,"flood_risk_100y":null,"semi_basement_r":null,"elderly_alone_r":0.0758,"bldg_age30_r":null,"shelter_min_walk":3,"pop":22653,"hh":13714,"elderly65_r":0.1822,"single_hh_r":0.631,"source_level":"emd","flood_years":[2010]},"geometry":{"type":"Polygon","coordinates":[[[126.89784,37.48096],[126.89709,37.48248],[126.89537,37.4827],[126.89439,37.48139],[126.89514,37.47987],[126.89687,37.47966],[126.89784,37.48096]]]}},{"type":"Feature","properties":{"h3":"8930e036517ffff","emd_code":"1153054000","emd_name":"구로3동","area_km2":0.0723,"edge":false,"slope_mean":8.91,"elev_mean":25.0,"flood_hist_n":3,"flood_depth_max_m":0.3,"flood_risk_100y":null,"semi_basement_r":null,"elderly_alone_r":0.0758,"bldg_age30_r":null,"shelter_min_walk":3,"pop":22653,"hh":13714,"elderly65_r":0.1822,"single_hh_r":0.631,"source_level":"emd","flood_years":[2010,2011,2022]},"geometry":{"type":"Polygon","coordinates":[[[126.90054,37.48205],[126.8998,37.48357],[126.89807,37.48378],[126.89709,37.48248],[126.89784,37.48096],[126.89957,37.48075],[126.90054,37.48205]]]}},{"type":"Feature","properties":{"h3":"8930e03651bffff","emd_code":"1153059500","emd_name":"가리봉동","area_km2":0.0723,"edge":true,"slope_mean":6.1,"elev_mean":34.4,"flood_hist_n":2,"flood_depth_max_m":0.3,"flood_risk_100y":null,"semi_basement_r":null,"elderly_alone_r":0.1724,"bldg_age30_r":null,"shelter_min_walk":3,"pop":8878,"hh":6219,"elderly65_r":0.2519,"single_hh_r":0.7374,"source_level":"emd","flood_years":[2010,2022]},"geometry":{"type":"Polygon","coordinates":[[[126.89761,37.47814],[126.89687,37.47966],[126.89514,37.47987],[126.89417,37.47857],[126.89491,37.47705],[126.89664,37.47684],[126.89761,37.47814]]]}},{"type":"Feature","properties":{"h3":"8930e036583ffff","emd_code":"1153054000","emd_name":"구로3동","area_km2":0.0723,"edge":false,"slope_mean":6.18,"elev_mean":18.8,"flood_hist_n":0,"flood_depth_max_m":null,"flood_risk_100y":null,"semi_basement_r":null,"elderly_alone_r":0.0758,"bldg_age30_r":null,"shelter_min_walk":1,"pop":22653,"hh":13714,"elderly65_r":0.1822,"single_hh_r":0.631,"source_level":"emd","flood_years":[]},"geometry":{"type":"Polygon","coordinates":[[[126.8956,37.48552],[126.89485,37.48703],[126.89313,37.48725],[126.89215,37.48595],[126.8929,37.48443],[126.89462,37.48421],[126.8956,37.48552]]]}},{"type":"Feature","properties":{"h3":"8930e036587ffff","emd_code":"1153054000","emd_name":"구로3동","area_km2":0.0723,"edge":false,"slope_mean":6.13,"elev_mean":14.9,"flood_hist_n":3,"flood_depth_max_m":0.3,"flood_risk_100y":null,"semi_basement_r":null,"elderly_alone_r":0.0758,"bldg_age30_r":null,"shelter_min_walk":3,"pop":22653,"hh":13714,"elderly65_r":0.1822,"single_hh_r":0.631,"source_level":"emd","flood_years":[2010,2011,2022]},"geometry":{"type":"Polygon","coordinates":[[[126.8983,37.4866],[126.89755,37.48812],[126.89583,37.48834],[126.89485,37.48703],[126.8956,37.48552],[126.89732,37.4853],[126.8983,37.4866]]]}},{"type":"Feature","properties":{"h3":"8930e03658bffff","emd_code":"1153054000","emd_name":"구로3동","area_km2":0.0723,"edge":false,"slope_mean":7.84,"elev_mean":21.6,"flood_hist_n":0,"flood_depth_max_m":null,"flood_risk_100y":null,"semi_basement_r":null,"elderly_alone_r":0.0758,"bldg_age30_r":null,"shelter_min_walk":3,"pop":22653,"hh":13714,"elderly65_r":0.1822,"single_hh_r":0.631,"source_level":"emd","flood_years":[]},"geometry":{"type":"Polygon","coordinates":[[[126.89537,37.4827],[126.89462,37.48421],[126.8929,37.48443],[126.89192,37.48312],[126.89267,37.48161],[126.89439,37.48139],[126.89537,37.4827]]]}},{"type":"Feature","properties":{"h3":"8930e03658fffff","emd_code":"1153054000","emd_name":"구로3동","area_km2":0.0723,"edge":false,"slope_mean":5.98,"elev_mean":20.2,"flood_hist_n":0,"flood_depth_max_m":null,"flood_risk_100y":null,"semi_basement_r":null,"elderly_alone_r":0.0758,"bldg_age30_r":null,"shelter_min_walk":1,"pop":22653,"hh":13714,"elderly65_r":0.1822,"single_hh_r":0.631,"source_level":"emd","flood_years":[]},"geometry":{"type":"Polygon","coordinates":[[[126.89807,37.48378],[126.89732,37.4853],[126.8956,37.48552],[126.89462,37.48421],[126.89537,37.4827],[126.89709,37.48248],[126.89807,37.48378]]]}},{"type":"Feature","properties":{"h3":"8930e036593ffff","emd_code":"1153054000","emd_name":"구로3동","area_km2":0.0723,"edge":false,"slope_mean":4.37,"elev_mean":17.4,"flood_hist_n":1,"flood_depth_max_m":0.2,"flood_risk_100y":null,"semi_basement_r":null,"elderly_alone_r":0.0758,"bldg_age30_r":null,"shelter_min_walk":1,"pop":22653,"hh":13714,"elderly65_r":0.1822,"single_hh_r":0.631,"source_level":"emd","flood_years":[2022]},"geometry":{"type":"Polygon","coordinates":[[[126.89313,37.48725],[126.89238,37.48877],[126.89065,37.48898],[126.88968,37.48768],[126.89042,37.48616],[126.89215,37.48595],[126.89313,37.48725]]]}},{"type":"Feature","properties":{"h3":"8930e036597ffff","emd_code":"1153054000","emd_name":"구로3동","area_km2":0.0723,"edge":false,"slope_mean":5.6,"elev_mean":16.3,"flood_hist_n":4,"flood_depth_max_m":0.3,"flood_risk_100y":null,"semi_basement_r":null,"elderly_alone_r":0.0758,"bldg_age30_r":null,"shelter_min_walk":3,"pop":22653,"hh":13714,"elderly65_r":0.1822,"single_hh_r":0.631,"source_level":"emd","flood_years":[2010,2011,2019,2022]},"geometry":{"type":"Polygon","coordinates":[[[126.89583,37.48834],[126.89508,37.48985],[126.89335,37.49007],[126.89238,37.48877],[126.89313,37.48725],[126.89485,37.48703],[126.89583,37.48834]]]}},{"type":"Feature","properties":{"h3":"8930e03659bffff","emd_code":"1153054000","emd_name":"구로3동","area_km2":0.0723,"edge":false,"slope_mean":5.76,"elev_mean":26.4,"flood_hist_n":3,"flood_depth_max_m":0.3,"flood_risk_100y":null,"semi_basement_r":null,"elderly_alone_r":0.0758,"bldg_age30_r":null,"shelter_min_walk":4,"pop":22653,"hh":13714,"elderly65_r":0.1822,"single_hh_r":0.631,"source_level":"emd","flood_years":[2010,2011,2022]},"geometry":{"type":"Polygon","coordinates":[[[126.8929,37.48443],[126.89215,37.48595],[126.89042,37.48616],[126.88945,37.48486],[126.8902,37.48334],[126.89192,37.48312],[126.8929,37.48443]]]}},{"type":"Feature","properties":{"h3":"8930e0365a3ffff","emd_code":"1153054000","emd_name":"구로3동","area_km2":0.0723,"edge":true,"slope_mean":6.64,"elev_mean":18.0,"flood_hist_n":3,"flood_depth_max_m":0.3,"flood_risk_100y":null,"semi_basement_r":null,"elderly_alone_r":0.0758,"bldg_age30_r":null,"shelter_min_walk":1,"pop":22653,"hh":13714,"elderly65_r":0.1822,"single_hh_r":0.631,"source_level":"emd","flood_years":[2010,2011,2022]},"geometry":{"type":"Polygon","coordinates":[[[126.90347,37.48596],[126.90272,37.48748],[126.901,37.48769],[126.90002,37.48639],[126.90077,37.48487],[126.9025,37.48466],[126.90347,37.48596]]]}},{"type":"Feature","properties":{"h3":"8930e0365abffff","emd_code":"1153054000","emd_name":"구로3동","area_km2":0.0723,"edge":false,"slope_mean":5.31,"elev_mean":20.5,"flood_hist_n":3,"flood_depth_max_m":0.5,"flood_risk_100y":null,"semi_basement_r":null,"elderly_alone_r":0.0758,"bldg_age30_r":null,"shelter_min_walk":2,"pop":22653,"hh":13714,"elderly65_r":0.1822,"single_hh_r":0.631,"source_level":"emd","flood_years":[2010,2011,2022]},"geometry":{"type":"Polygon","coordinates":[[[126.90324,37.48314],[126.9025,37.48466],[126.90077,37.48487],[126.8998,37.48357],[126.90054,37.48205],[126.90227,37.48184],[126.90324,37.48314]]]}},{"type":"Feature","properties":{"h3":"8930e0365afffff","emd_code":"1153054000","emd_name":"구로3동","area_km2":0.0723,"edge":true,"slope_mean":3.87,"elev_mean":19.4,"flood_hist_n":3,"flood_depth_max_m":1.0,"flood_risk_100y":null,"semi_basement_r":null,"elderly_alone_r":0.0758,"bldg_age30_r":null,"shelter_min_walk":2,"pop":22653,"hh":13714,"elderly65_r":0.1822,"single_hh_r":0.631,"source_level":"emd","flood_years":[2010,2011,2022]},"geometry":{"type":"Polygon","coordinates":[[[126.90595,37.48423],[126.9052,37.48574],[126.90347,37.48596],[126.9025,37.48466],[126.90324,37.48314],[126.90497,37.48292],[126.90595,37.48423]]]}},{"type":"Feature","properties":{"h3":"8930e0365b3ffff","emd_code":"1153054000","emd_name":"구로3동","area_km2":0.0723,"edge":true,"slope_mean":3.98,"elev_mean":16.4,"flood_hist_n":2,"flood_depth_max_m":0.3,"flood_risk_100y":null,"semi_basement_r":null,"elderly_alone_r":0.0758,"bldg_age30_r":null,"shelter_min_walk":1,"pop":22653,"hh":13714,"elderly65_r":0.1822,"single_hh_r":0.631,"source_level":"emd","flood_years":[2010,2022]},"geometry":{"type":"Polygon","coordinates":[[[126.901,37.48769],[126.90025,37.48921],[126.89853,37.48942],[126.89755,37.48812],[126.8983,37.4866],[126.90002,37.48639],[126.901,37.48769]]]}},{"type":"Feature","properties":{"h3":"8930e0365bbffff","emd_code":"1153054000","emd_name":"구로3동","area_km2":0.0723,"edge":false,"slope_mean":6.67,"elev_mean":19.0,"flood_hist_n":1,"flood_depth_max_m":0.3,"flood_risk_100y":null,"semi_basement_r":null,"elderly_alone_r":0.0758,"bldg_age30_r":null,"shelter_min_walk":2,"pop":22653,"hh":13714,"elderly65_r":0.1822,"single_hh_r":0.631,"source_level":"emd","flood_years":[2011]},"geometry":{"type":"Polygon","coordinates":[[[126.90077,37.48487],[126.90002,37.48639],[126.8983,37.4866],[126.89732,37.4853],[126.89807,37.48378],[126.8998,37.48357],[126.90077,37.48487]]]}},{"type":"Feature","properties":{"h3":"8930e0365c3ffff","emd_code":"1153059500","emd_name":"가리봉동","area_km2":0.0723,"edge":true,"slope_mean":4.48,"elev_mean":17.6,"flood_hist_n":2,"flood_depth_max_m":0.3,"flood_risk_100y":null,"semi_basement_r":null,"elderly_alone_r":0.1724,"bldg_age30_r":null,"shelter_min_walk":4,"pop":8878,"hh":6219,"elderly65_r":0.2519,"single_hh_r":0.7374,"source_level":"emd","flood_years":[2010,2022]},"geometry":{"type":"Polygon","coordinates":[[[126.89244,37.47879],[126.89169,37.4803],[126.88997,37.48052],[126.88899,37.47922],[126.88974,37.4777],[126.89147,37.47748],[126.89244,37.47879]]]}},{"type":"Feature","properties":{"h3":"8930e0365c7ffff","emd_code":"1153054000","emd_name":"구로3동","area_km2":0.0723,"edge":false,"slope_mean":6.43,"elev_mean":28.7,"flood_hist_n":1,"flood_depth_max_m":0.3,"flood_risk_100y":null,"semi_basement_r":null,"elderly_alone_r":0.0758,"bldg_age30_r":null,"shelter_min_walk":2,"pop":22653,"hh":13714,"elderly65_r":0.1822,"single_hh_r":0.631,"source_level":"emd","flood_years":[2010]},"geometry":{"type":"Polygon","coordinates":[[[126.89514,37.47987],[126.89439,37.48139],[126.89267,37.48161],[126.89169,37.4803],[126.89244,37.47879],[126.89417,37.47857],[126.89514,37.47987]]]}},{"type":"Feature","properties":{"h3":"8930e0365d3ffff","emd_code":"1153059500","emd_name":"가리봉동","area_km2":0.0723,"edge":false,"slope_mean":3.64,"elev_mean":13.7,"flood_hist_n":3,"flood_depth_max_m":1.0,"flood_risk_100y":null,"semi_basement_r":null,"elderly_alone_r":0.1724,"bldg_age30_r":null,"shelter_min_walk":3,"pop":8878,"hh":6219,"elderly65_r":0.2519,"single_hh_r":0.7374,"source_level":"emd","flood_years":[2010,2022,2023]},"geometry":{"type":"Polygon","coordinates":[[[126.88997,37.48052],[126.88922,37.48204],[126.8875,37.48225],[126.88652,37.48095],[126.88727,37.47943],[126.88899,37.47922],[126.88997,37.48052]]]}},{"type":"Feature","properties":{"h3":"8930e0365d7ffff","emd_code":"1153059500","emd_name":"가리봉동","area_km2":0.0723,"edge":false,"slope_mean":6.51,"elev_mean":24.7,"flood_hist_n":3,"flood_depth_max_m":0.3,"flood_risk_100y":null,"semi_basement_r":null,"elderly_alone_r":0.1724,"bldg_age30_r":null,"shelter_min_walk":2,"pop":8878,"hh":6219,"elderly65_r":0.2519,"single_hh_r":0.7374,"source_level":"emd","flood_years":[2010,2022,2023]},"geometry":{"type":"Polygon","coordinates":[[[126.89267,37.48161],[126.89192,37.48312],[126.8902,37.48334],[126.88922,37.48204],[126.88997,37.48052],[126.89169,37.4803],[126.89267,37.48161]]]}},{"type":"Feature","properties":{"h3":"8930e0ac027ffff","emd_code":"1153079000","emd_name":"수궁동","area_km2":0.0721,"edge":true,"slope_mean":13.63,"elev_mean":77.8,"flood_hist_n":0,"flood_depth_max_m":null,"flood_risk_100y":null,"semi_basement_r":null,"elderly_alone_r":0.1483,"bldg_age30_r":null,"shelter_min_walk":12,"pop":21619,"hh":9917,"elderly65_r":0.2649,"single_hh_r":0.3644,"source_level":"emd","flood_years":[]},"geometry":{"type":"Polygon","coordinates":[[[126.82119,37.50188],[126.82044,37.50339],[126.81871,37.50361],[126.81774,37.5023],[126.81849,37.50079],[126.82021,37.50057],[126.82119,37.50188]]]}},{"type":"Feature","properties":{"h3":"8930e0ac02bffff","emd_code":"1153079000","emd_name":"수궁동","area_km2":0.0721,"edge":true,"slope_mean":13.84,"elev_mean":75.6,"flood_hist_n":0,"flood_depth_max_m":null,"flood_risk_100y":null,"semi_basement_r":null,"elderly_alone_r":0.1483,"bldg_age30_r":null,"shelter_min_walk":14,"pop":21619,"hh":9917,"elderly65_r":0.2649,"single_hh_r":0.3644,"source_level":"emd","flood_years":[]},"geometry":{"type":"Polygon","coordinates":[[[126.81826,37.49797],[126.81752,37.49948],[126.81579,37.4997],[126.81482,37.49839],[126.81557,37.49688],[126.81729,37.49667],[126.81826,37.49797]]]}},{"type":"Feature","properties":{"h3":"8930e0ac02fffff","emd_code":"1153079000","emd_name":"수궁동","area_km2":0.0721,"edge":true,"slope_mean":14.67,"elev_mean":82.2,"flood_hist_n":0,"flood_depth_max_m":null,"flood_risk_100y":null,"semi_basement_r":null,"elderly_alone_r":0.1483,"bldg_age30_r":null,"shelter_min_walk":14,"pop":21619,"hh":9917,"elderly65_r":0.2649,"single_hh_r":0.3644,"source_level":"emd","flood_years":[]},"geometry":{"type":"Polygon","coordinates":[[[126.82096,37.49906],[126.82021,37.50057],[126.81849,37.50079],[126.81752,37.49948],[126.81826,37.49797],[126.81999,37.49775],[126.82096,37.49906]]]}},{"type":"Feature","properties":{"h3":"8930e0ac063ffff","emd_code":"1153079000","emd_name":"수궁동","area_km2":0.0721,"edge":true,"slope_mean":11.96,"elev_mean":71.7,"flood_hist_n":0,"flood_depth_max_m":null,"flood_risk_100y":null,"semi_basement_r":null,"elderly_alone_r":0.1483,"bldg_age30_r":null,"shelter_min_walk":14,"pop":21619,"hh":9917,"elderly65_r":0.2649,"single_hh_r":0.3644,"source_level":"emd","flood_years":[]},"geometry":{"type":"Polygon","coordinates":[[[126.81534,37.49406],[126.81459,37.49558],[126.81287,37.49579],[126.8119,37.49449],[126.81265,37.49297],[126.81437,37.49276],[126.81534,37.49406]]]}},{"type":"Feature","properties":{"h3":"8930e0ac067ffff","emd_code":"1153079000","emd_name":"수궁동","area_km2":0.0721,"edge":false,"slope_mean":8.72,"elev_mean":50.9,"flood_hist_n":2,"flood_depth_max_m":0.3,"flood_risk_100y":null,"semi_basement_r":null,"elderly_alone_r":0.1483,"bldg_age30_r":null,"shelter_min_walk":12,"pop":21619,"hh":9917,"elderly65_r":0.2649,"single_hh_r":0.3644,"source_level":"emd","flood_years":[2010,2022]},"geometry":{"type":"Polygon","coordinates":[[[126.81804,37.49515],[126.81729,37.49667],[126.81557,37.49688],[126.81459,37.49558],[126.81534,37.49406],[126.81707,37.49385],[126.81804,37.49515]]]}},{"type":"Feature","properties":{"h3":"8930e0ac06fffff","emd_code":"1153079000","emd_name":"수궁동","area_km2":0.0721,"edge":false,"slope_mean":4.94,"elev_mean":54.8,"flood_hist_n":0,"flood_depth_max_m":null,"flood_risk_100y":null,"semi_basement_r":null,"elderly_alone_r":0.1483,"bldg_age30_r":null,"shelter_min_walk":11,"pop":21619,"hh":9917,"elderly65_r":0.2649,"single_hh_r":0.3644,"source_level":"emd","flood_years":[]},"geometry":{"type":"Polygon","coordinates":[[[126.81782,37.49233],[126.81707,37.49385],[126.81534,37.49406],[126.81437,37.49276],[126.81512,37.49124],[126.81684,37.49103],[126.81782,37.49233]]]}},{"type":"Feature","properties":{"h3":"8930e0ac077ffff","emd_code":"1153079000","emd_name":"수궁동","area_km2":0.0721,"edge":false,"slope_mean":13.55,"elev_mean":86.5,"flood_hist_n":0,"flood_depth_max_m":null,"flood_risk_100y":null,"semi_basement_r":null,"elderly_alone_r":0.1483,"bldg_age30_r":null,"shelter_min_walk":16,"pop":21619,"hh":9917,"elderly65_r":0.2649,"single_hh_r":0.3644,"source_level":"emd","flood_years":[]},"geometry":{"type":"Polygon","coordinates":[[[126.81557,37.49688],[126.81482,37.49839],[126.8131,37.49861],[126.81212,37.49731],[126.81287,37.49579],[126.81459,37.49558],[126.81557,37.49688]]]}},{"type":"Feature","properties":{"h3":"8930e0ac103ffff","emd_code":"1153079000","emd_name":"수궁동","area_km2":0.0722,"edge":false,"slope_mean":15.52,"elev_mean":86.3,"flood_hist_n":1,"flood_depth_max_m":0.3,"flood_risk_100y":null,"semi_basement_r":null,"elderly_alone_r":0.1483,"bldg_age30_r":null,"shelter_min_walk":7,"pop":21619,"hh":9917,"elderly65_r":0.2649,"single_hh_r":0.3644,"source_level":"emd","flood_years":[2010]},"geometry":{"type":"Polygon","coordinates":[[[126.8295,37.50796],[126.82875,37.50948],[126.82703,37.50969],[126.82605,37.50839],[126.8268,37.50687],[126.82853,37.50666],[126.8295,37.50796]]]}},{"type":"Feature","properties":{"h3":"8930e0ac10bffff","emd_code":"1153079000","emd_name":"수궁동","area_km2":0.0722,"edge":false,"slope_mean":11.76,"elev_mean":53.7,"flood_hist_n":0,"flood_depth_max_m":null,"flood_risk_100y":null,"semi_basement_r":null,"elderly_alone_r":0.1483,"bldg_age30_r":null,"shelter_min_walk":4,"pop":21619,"hh":9917,"elderly65_r":0.2649,"single_hh_r":0.3644,"source_level":"emd","flood_years":[]},"geometry":{"type":"Polygon","coordinates":[[[126.82928,37.50515],[126.82853,37.50666],[126.8268,37.50687],[126.82583,37.50557],[126.82658,37.50406],[126.8283,37.50384],[126.82928,37.50515]]]}},{"type":"Feature","properties":{"h3":"8930e0ac10fffff","emd_code":"1153079000","emd_name":"수궁동","area_km2":0.0722,"edge":false,"slope_mean":10.98,"elev_mean":62.7,"flood_hist_n":1,"flood_depth_max_m":0.3,"flood_risk_100y":null,"semi_basement_r":null,"elderly_alone_r":0.1483,"bldg_age30_r":null,"shelter_min_walk":6,"pop":21619,"hh":9917,"elderly65_r":0.2649,"single_hh_r":0.3644,"source_level":"emd","flood_years":[2010]},"geometry":{"type":"Polygon","coordinates":[[[126.83197,37.50623],[126.83122,37.50775],[126.8295,37.50796],[126.82853,37.50666],[126.82928,37.50515],[126.831,37.50493],[126.83197,37.50623]]]}},{"type":"Feature","properties":{"h3":"8930e0ac113ffff","emd_code":"1153079000","emd_name":"수궁동","area_km2":0.0722,"edge":true,"slope_mean":14.84,"elev_mean":100.2,"flood_hist_n":0,"flood_depth_max_m":null,"flood_risk_100y":null,"semi_basement_r":null,"elderly_alone_r":0.1483,"bldg_age30_r":null,"shelter_min_walk":8,"pop":21619,"hh":9917,"elderly65_r":0.2649,"single_hh_r":0.3644,"source_level":"emd","flood_years":[]},"geometry":{"type":"Polygon","coordinates":[[[126.82703,37.50969],[126.82628,37.51121],[126.82456,37.51142],[126.82358,37.51012],[126.82433,37.5086],[126.82605,37.50839],[126.82703,37.50969]]]}},{"type":"Feature","properties":{"h3":"8930e0ac11bffff","emd_code":"1153079000","emd_name":"수궁동","area_km2":0.0722,"edge":false,"slope_mean":15.62,"elev_mean":100.1,"flood_hist_n":0,"flood_depth_max_m":null,"flood_risk_100y":null,"semi_basement_r":null,"elderly_alone_r":0.1483,"bldg_age30_r":null,"shelter_min_walk":8,"pop":21619,"hh":9917,"elderly65_r":0.2649,"single_hh_r":0.3644,"source_level":"emd","flood_years":[]},"geometry":{"type":"Polygon","coordinates":[[[126.8268,37.50687],[126.82605,37.50839],[126.82433,37.5086],[126.82336,37.5073],[126.82411,37.50579],[126.82583,37.50557],[126.8268,37.50687]]]}},{"type":"Feature","properties":{"h3":"8930e0ac143ffff","emd_code":"1153079000","emd_name":"수궁동","area_km2":0.0722,"edge":false,"slope_mean":14.93,"elev_mean":63.1,"flood_hist_n":0,"flood_depth_max_m":null,"flood_risk_100y":null,"semi_basement_r":null,"elderly_alone_r":0.1483,"bldg_age30_r":null,"shelter_min_walk":6,"pop":21619,"hh":9917,"elderly65_r":0.2649,"single_hh_r":0.3644,"source_level":"emd","flood_years":[]},"geometry":{"type":"Polygon","coordinates":[[[126.82635,37.50124],[126.8256,37.50275],[126.82388,37.50297],[126.82291,37.50166],[126.82366,37.50015],[126.82538,37.49993],[126.82635,37.50124]]]}},{"type":"Feature","properties":{"h3":"8930e0ac147ffff","emd_code":"1153079000","emd_name":"수궁동","area_km2":0.0722,"edge":false,"slope_mean":11.01,"elev_mean":45.6,"flood_hist_n":1,"flood_depth_max_m":0.3,"flood_risk_100y":null,"semi_basement_r":null,"elderly_alone_r":0.1483,"bldg_age30_r":null,"shelter_min_walk":2,"pop":21619,"hh":9917,"elderly65_r":0.2649,"single_hh_r":0.3644,"source_level":"emd","flood_years":[2010]},"geometry":{"type":"Polygon","coordinates":[[[126.82905,37.50233],[126.8283,37.50384],[126.82658,37.50406],[126.8256,37.50275],[126.82635,37.50124],[126.82808,37.50102],[126.82905,37.50233]]]}},{"type":"Feature","properties":{"h3":"8930e0ac14bffff","emd_code":"1153079000","emd_name":"수궁동","area_km2":0.0722,"edge":false,"slope_mean":14.11,"elev_mean":73.2,"flood_hist_n":1,"flood_depth_max_m":0.3,"flood_risk_100y":null,"semi_basement_r":null,"elderly_alone_r":0.1483,"bldg_age30_r":null,"shelter_min_walk":9,"pop":21619,"hh":9917,"elderly65_r":0.2649,"single_hh_r":0.3644,"source_level":"emd","flood_years":[2010]},"geometry":{"type":"Polygon","coordinates":[[[126.82613,37.49842],[126.82538,37.49993],[126.82366,37.50015],[126.82268,37.49884],[126.82343,37.49733],[126.82515,37.49711],[126.82613,37.49842]]]}},{"type":"Feature","properties":{"h3":"8930e0ac14fffff","emd_code":"1153079000","emd_name":"수궁동","area_km2":0.0722,"edge":false,"slope_mean":9.03,"elev_mean":40.1,"flood_hist_n":2,"flood_depth_max_m":0.3,"flood_risk_100y":null,"semi_basement_r":null,"elderly_alone_r":0.1483,"bldg_age30_r":null,"shelter_min_walk":6,"pop":21619,"hh":9917,"elderly65_r":0.2649,"single_hh_r":0.3644,"source_level":"emd","flood_years":[2010,2011]},"geometry":{"type":"Polygon","coordinates":[[[126.82883,37.49951],[126.82808,37.50102],[126.82635,37.50124],[126.82538,37.49993],[126.82613,37.49842],[126.82785,37.4982],[126.82883,37.49951]]]}},{"type":"Feature","properties":{"h3":"8930e0ac153ffff","emd_code":"1153079000","emd_name":"수궁동","area_km2":0.0721,"edge":false,"slope_mean":12.12,"elev_mean":95.1,"flood_hist_n":0,"flood_depth_max_m":null,"flood_risk_100y":null,"semi_basement_r":null,"elderly_alone_r":0.1483,"bldg_age30_r":null,"shelter_min_walk":8,"pop":21619,"hh":9917,"elderly65_r":0.2649,"single_hh_r":0.3644,"source_level":"emd","flood_years":[]},"geometry":{"type":"Polygon","coordinates":[[[126.82388,37.50297],[126.82313,37.50448],[126.82141,37.5047],[126.82044,37.50339],[126.82119,37.50188],[126.82291,37.50166],[126.82388,37.50297]]]}},{"type":"Feature","properties":{"h3":"8930e0ac157ffff","emd_code":"1153079000","emd_name":"수궁동","area_km2":0.0722,"edge":false,"slope_mean":15.07,"elev_mean":74.6,"flood_hist_n":0,"flood_depth_max_m":null,"flood_risk_100y":null,"semi_basement_r":null,"elderly_alone_r":0.1483,"bldg_age30_r":null,"shelter_min_walk":5,"pop":21619,"hh":9917,"elderly65_r":0.2649,"single_hh_r":0.3644,"source_level":"emd","flood_years":[]},"geometry":{"type":"Polygon","coordinates":[[[126.82658,37.50406],[126.82583,37.50557],[126.82411,37.50579],[126.82313,37.50448],[126.82388,37.50297],[126.8256,37.50275],[126.82658,37.50406]]]}},{"type":"Feature","properties":{"h3":"8930e0ac15bffff","emd_code":"1153079000","emd_name":"수궁동","area_km2":0.0721,"edge":false,"slope_mean":13.08,"elev_mean":70.9,"flood_hist_n":0,"flood_depth_max_m":null,"flood_risk_100y":null,"semi_basement_r":null,"elderly_alone_r":0.1483,"bldg_age30_r":null,"shelter_min_walk":10,"pop":21619,"hh":9917,"elderly65_r":0.2649,"single_hh_r":0.3644,"source_level":"emd","flood_years":[]},"geometry":{"type":"Polygon","coordinates":[[[126.82366,37.50015],[126.82291,37.50166],[126.82119,37.50188],[126.82021,37.50057],[126.82096,37.49906],[126.82268,37.49884],[126.82366,37.50015]]]}},{"type":"Feature","properties":{"h3":"8930e0ac163ffff","emd_code":"1153079000","emd_name":"수궁동","area_km2":0.0722,"edge":false,"slope_mean":11.31,"elev_mean":43.8,"flood_hist_n":1,"flood_depth_max_m":0.3,"flood_risk_100y":null,"semi_basement_r":null,"elderly_alone_r":0.1483,"bldg_age30_r":null,"shelter_min_walk":3,"pop":21619,"hh":9917,"elderly65_r":0.2649,"single_hh_r":0.3644,"source_level":"emd","flood_years":[2010]},"geometry":{"type":"Polygon","coordinates":[[[126.83422,37.50169],[126.83347,37.5032],[126.83175,37.50342],[126.83077,37.50211],[126.83152,37.5006],[126.83325,37.50038],[126.83422,37.50169]]]}},{"type":"Feature","properties":{"h3":"8930e0ac167ffff","emd_code":"1153079000","emd_name":"수궁동","area_km2":0.0722,"edge":false,"slope_mean":13.08,"elev_mean":74.1,"flood_hist_n":0,"flood_depth_max_m":null,"flood_risk_100y":null,"semi_basement_r":null,"elderly_alone_r":0.1483,"bldg_age30_r":null,"shelter_min_walk":7,"pop":21619,"hh":9917,"elderly65_r":0.2649,"single_hh_r":0.3644,"source_level":"emd","flood_years":[]},"geometry":{"type":"Polygon","coordinates":[[[126.83692,37.50277],[126.83617,37.50429],[126.83445,37.5045],[126.83347,37.5032],[126.83422,37.50169],[126.83594,37.50147],[126.83692,37.50277]]]}},{"type":"Feature","properties":{"h3":"8930e0ac16bffff","emd_code":"1153079000","emd_name":"수궁동","area_km2":0.0722,"edge":false,"slope_mean":12.74,"elev_mean":52.8,"flood_hist_n":3,"flood_depth_max_m":0.3,"flood_risk_100y":null,"semi_basement_r":null,"elderly_alone_r":0.1483,"bldg_age30_r":null,"shelter_min_walk":2,"pop":21619,"hh":9917,"elderly65_r":0.2649,"single_hh_r":0.3644,"source_level":"emd","flood_years":[2010,2011,2022]},"geometry":{"type":"Polygon","coordinates":[[[126.83399,37.49887],[126.83325,37.50038],[126.83152,37.5006],[126.83055,37.49929],[126.8313,37.49778],[126.83302,37.49756],[126.83399,37.49887]]]}},{"type":"Feature","properties":{"h3":"8930e0ac16fffff","emd_code":"1153079000","emd_name":"수궁동","area_km2":0.0722,"edge":false,"slope_mean":14.54,"elev_mean":85.0,"flood_hist_n":1,"flood_depth_max_m":0.2,"flood_risk_100y":null,"semi_basement_r":null,"elderly_alone_r":0.1483,"bldg_age30_r":null,"shelter_min_walk":4,"pop":21619,"hh":9917,"elderly65_r":0.2649,"single_hh_r":0.3644,"source_level":"emd","flood_years":[2022]},"geometry":{"type":"Polygon","coordinates":[[[126.83669,37.49996],[126.83594,37.50147],[126.83422,37.50169],[126.83325,37.50038],[126.83399,37.49887],[126.83572,37.49865],[126.83669,37.49996]]]}},{"type":"Feature","properties":{"h3":"8930e0ac173ffff","emd_code":"1153079000","emd_name":"수궁동","area_km2":0.0722,"edge":false,"slope_mean":9.05,"elev_mean":45.6,"flood_hist_n":0,"flood_depth_max_m":null,"flood_risk_100y":null,"semi_basement_r":null,"elderly_alone_r":0.1483,"bldg_age30_r":null,"shelter_min_walk":2,"pop":21619,"hh":9917,"elderly65_r":0.2649,"single_hh_r":0.3644,"source_level":"emd","flood_years":[]},"geometry":{"type":"Polygon","coordinates":[[[126.83175,37.50342],[126.831,37.50493],[126.82928,37.50515],[126.8283,37.50384],[126.82905,37.50233],[126.83077,37.50211],[126.83175,37.50342]]]}},{"type":"Feature","properties":{"h3":"8930e0ac177ffff","emd_code":"1153079000","emd_name":"수궁동","area_km2":0.0722,"edge":false,"slope_mean":11.8,"elev_mean":69.2,"flood_hist_n":0,"flood_depth_max_m":null,"flood_risk_100y":null,"semi_basement_r":null,"elderly_alone_r":0.1483,"bldg_age30_r":null,"shelter_min_walk":6,"pop":21619,"hh":9917,"elderly65_r":0.2649,"single_hh_r":0.3644,"source_level":"emd","flood_years":[]},"geometry":{"type":"Polygon","coordinates":[[[126.83445,37.5045],[126.8337,37.50602],[126.83197,37.50623],[126.831,37.50493],[126.83175,37.50342],[126.83347,37.5032],[126.83445,37.5045]]]}},{"type":"Feature","properties":{"h3":"8930e0ac17bffff","emd_code":"1153079000","emd_name":"수궁동","area_km2":0.0722,"edge":false,"slope_mean":5.18,"elev_mean":31.3,"flood_hist_n":2,"flood_depth_max_m":0.3,"flood_risk_100y":null,"semi_basement_r":null,"elderly_alone_r":0.1483,"bldg_age30_r":null,"shelter_min_walk":3,"pop":21619,"hh":9917,"elderly65_r":0.2649,"single_hh_r":0.3644,"source_level":"emd","flood_years":[2010,2011]},"geometry":{"type":"Polygon","coordinates":[[[126.83152,37.5006],[126.83077,37.50211],[126.82905,37.50233],[126.82808,37.50102],[126.82883,37.49951],[126.83055,37.49929],[126.83152,37.5006]]]}},{"type":"Feature","properties":{"h3":"8930e0ac1cfffff","emd_code":"1153079000","emd_name":"수궁동","area_km2":0.0721,"edge":true,"slope_mean":14.98,"elev_mean":96.6,"flood_hist_n":0,"flood_depth_max_m":null,"flood_risk_100y":null,"semi_basement_r":null,"elderly_alone_r":0.1483,"bldg_age30_r":null,"shelter_min_walk":9,"pop":21619,"hh":9917,"elderly65_r":0.2649,"single_hh_r":0.3644,"source_level":"emd","flood_years":[]},"geometry":{"type":"Polygon","coordinates":[[[126.82411,37.50579],[126.82336,37.5073],[126.82163,37.50751],[126.82066,37.50621],[126.82141,37.5047],[126.82313,37.50448],[126.82411,37.50579]]]}},{"type":"Feature","properties":{"h3":"8930e0ac227ffff","emd_code":"1153080000","emd_name":"항동","area_km2":0.0721,"edge":true,"slope_mean":4.94,"elev_mean":27.3,"flood_hist_n":0,"flood_depth_max_m":null,"flood_risk_100y":null,"semi_basement_r":null,"elderly_alone_r":0.0712,"bldg_age30_r":null,"shelter_min_walk":5,"pop":15955,"hh":6178,"elderly65_r":0.149,"single_hh_r":0.2596,"source_level":"emd","flood_years":[]},"geometry":{"type":"Polygon","coordinates":[[[126.81961,37.48214],[126.81886,37.48366],[126.81714,37.48387],[126.81617,37.48257],[126.81692,37.48106],[126.81864,37.48084],[126.81961,37.48214]]]}},{"type":"Feature","properties":{"h3":"8930e0ac22fffff","emd_code":"1153080000","emd_name":"항동","area_km2":0.0721,"edge":true,"slope_mean":9.05,"elev_mean":33.9,"flood_hist_n":0,"flood_depth_max_m":null,"flood_risk_100y":null,"semi_basement_r":null,"elderly_alone_r":0.0712,"bldg_age30_r":null,"shelter_min_walk":6,"pop":15955,"hh":6178,"elderly65_r":0.149,"single_hh_r":0.2596,"source_level":"emd","flood_years":[]},"geometry":{"type":"Polygon","coordinates":[[[126.81939,37.47933],[126.81864,37.48084],[126.81692,37.48106],[126.81594,37.47975],[126.81669,37.47824],[126.81841,37.47802],[126.81939,37.47933]]]}},{"type":"Feature","properties":{"h3":"8930e0ac267ffff","emd_code":"1153080000","emd_name":"항동","area_km2":0.0721,"edge":true,"slope_mean":11.05,"elev_mean":45.5,"flood_hist_n":0,"flood_depth_max_m":null,"flood_risk_100y":null,"semi_basement_r":null,"elderly_alone_r":0.0712,"bldg_age30_r":null,"shelter_min_walk":5,"pop":15955,"hh":6178,"elderly65_r":0.149,"single_hh_r":0.2596,"source_level":"emd","flood_years":[]},"geometry":{"type":"Polygon","coordinates":[[[126.81647,37.47542],[126.81572,37.47693],[126.814,37.47715],[126.81302,37.47585],[126.81377,37.47433],[126.8155,37.47412],[126.81647,37.47542]]]}},{"type":"Feature","properties":{"h3":"8930e0ac303ffff","emd_code":"1153080000","emd_name":"항동","area_km2":0.0722,"edge":false,"slope_mean":7.99,"elev_mean":46.4,"flood_hist_n":0,"flood_depth_max_m":null,"flood_risk_100y":null,"semi_basement_r":null,"elderly_alone_r":0.0712,"bldg_age30_r":null,"shelter_min_walk":7,"pop":15955,"hh":6178,"elderly65_r":0.149,"single_hh_r":0.2596,"source_level":"emd","flood_years":[]},"geometry":{"type":"Polygon","coordinates":[[[126.82793,37.48823],[126.82718,37.48975],[126.82545,37.48996],[126.82448,37.48866],[126.82523,37.48714],[126.82695,37.48693],[126.82793,37.48823]]]}},{"type":"Feature","properties":{"h3":"8930e0ac307ffff","emd_code":"1153078000","emd_name":"오류2동","area_km2":0.0722,"edge":false,"slope_mean":12.94,"elev_mean":49.7,"flood_hist_n":0,"flood_depth_max_m":null,"flood_risk_100y":null,"semi_basement_r":null,"elderly_alone_r":0.1274,"bldg_age30_r":null,"shelter_min_walk":6,"pop":35381,"hh":15505,"elderly65_r":0.2465,"single_hh_r":0.3423,"source_level":"emd","flood_years":[]},"geometry":{"type":"Polygon","coordinates":[[[126.83062,37.48932],[126.82987,37.49084],[126.82815,37.49105],[126.82718,37.48975],[126.82793,37.48823],[126.82965,37.48802],[126.83062,37.48932]]]}},{"type":"Feature","properties":{"h3":"8930e0ac30bffff","emd_code":"1153080000","emd_name":"항동","area_km2":0.0721,"edge":false,"slope_mean":11.72,"elev_mean":41.4,"flood_hist_n":1,"flood_depth_max_m":0.3,"flood_risk_100y":null,"semi_basement_r":null,"elderly_alone_r":0.0712,"bldg_age30_r":null,"shelter_min_walk":8,"pop":15955,"hh":6178,"elderly65_r":0.149,"single_hh_r":0.2596,"source_level":"emd","flood_years":[2011]},"geometry":{"type":"Polygon","coordinates":[[[126.8277,37.48541],[126.82695,37.48693],[126.82523,37.48714],[126.82426,37.48584],[126.825,37.48432],[126.82673,37.48411],[126.8277,37.48541]]]}},{"type":"Feature","properties":{"h3":"8930e0ac30fffff","emd_code":"1153078000","emd_name":"오류2동","area_km2":0.0722,"edge":false,"slope_mean":11.26,"elev_mean":56.5,"flood_hist_n":0,"flood_depth_max_m":null,"flood_risk_100y":null,"semi_basement_r":null,"elderly_alone_r":0.1274,"bldg_age30_r":null,"shelter_min_walk":8,"pop":35381,"hh":15505,"elderly65_r":0.2465,"single_hh_r":0.3423,"source_level":"emd","flood_years":[]},"geometry":{"type":"Polygon","coordinates":[[[126.8304,37.4865],[126.82965,37.48802],[126.82793,37.48823],[126.82695,37.48693],[126.8277,37.48541],[126.82942,37.4852],[126.8304,37.4865]]]}},{"type":"Feature","properties":{"h3":"8930e0ac313ffff","emd_code":"1153079000","emd_name":"수궁동","area_km2":0.0721,"edge":false,"slope_mean":5.46,"elev_mean":40.5,"flood_hist_n":3,"flood_depth_max_m":0.3,"flood_risk_100y":null,"semi_basement_r":null,"elderly_alone_r":0.1483,"bldg_age30_r":null,"shelter_min_walk":3,"pop":21619,"hh":9917,"elderly65_r":0.2649,"single_hh_r":0.3644,"source_level":"emd","flood_years":[2010,2011,2022]},"geometry":{"type":"Polygon","coordinates":[[[126.82545,37.48996],[126.82471,37.49148],[126.82298,37.49169],[126.82201,37.49039],[126.82276,37.48887],[126.82448,37.48866],[126.82545,37.48996]]]}},{"type":"Feature","properties":{"h3":"8930e0ac317ffff","emd_code":"1153079000","emd_name":"수궁동","area_km2":0.0722,"edge":false,"slope_mean":4.4,"elev_mean":28.6,"flood_hist_n":2,"flood_depth_max_m":0.3,"flood_risk_100y":null,"semi_basement_r":null,"elderly_alone_r":0.1483,"bldg_age30_r":null,"shelter_min_walk":3,"pop":21619,"hh":9917,"elderly65_r":0.2649,"single_hh_r":0.3644,"source_level":"emd","flood_years":[2010,2011]},"geometry":{"type":"Polygon","coordinates":[[[126.82815,37.49105],[126.8274,37.49257],[126.82568,37.49278],[126.82471,37.49148],[126.82545,37.48996],[126.82718,37.48975],[126.82815,37.49105]]]}},{"type":"Feature","properties":{"h3":"8930e0ac31bffff","emd_code":"1153080000","emd_name":"항동","area_km2":0.0721,"edge":false,"slope_mean":6.22,"elev_mean":40.9,"flood_hist_n":1,"flood_depth_max_m":0.3,"flood_risk_100y":null,"semi_basement_r":null,"elderly_alone_r":0.0712,"bldg_age30_r":null,"shelter_min_walk":8,"pop":15955,"hh":6178,"elderly65_r":0.149,"single_hh_r":0.2596,"source_level":"emd","flood_years":[2011]},"geometry":{"type":"Polygon","coordinates":[[[126.82523,37.48714],[126.82448,37.48866],[126.82276,37.48887],[126.82178,37.48757],[126.82253,37.48605],[126.82426,37.48584],[126.82523,37.48714]]]}},{"type":"Feature","properties":{"h3":"8930e0ac323ffff","emd_code":"1153078000","emd_name":"오류2동","area_km2":0.0722,"edge":false,"slope_mean":8.17,"elev_mean":29.4,"flood_hist_n":1,"flood_depth_max_m":0.3,"flood_risk_100y":null,"semi_basement_r":null,"elderly_alone_r":0.1274,"bldg_age30_r":null,"shelter_min_walk":1,"pop":35381,"hh":15505,"elderly65_r":0.2465,"single_hh_r":0.3423,"source_level":"emd","flood_years":[2010]},"geometry":{"type":"Polygon","coordinates":[[[126.83579,37.48868],[126.83504,37.49019],[126.83332,37.49041],[126.83234,37.48911],[126.83309,37.48759],[126.83482,37.48738],[126.83579,37.48868]]]}},{"type":"Feature","properties":{"h3":"8930e0ac327ffff","emd_code":"1153078000","emd_name":"오류2동","area_km2":0.0722,"edge":false,"slope_mean":5.95,"elev_mean":22.4,"flood_hist_n":2,"flood_depth_max_m":0.3,"flood_risk_100y":null,"semi_basement_r":null,"elderly_alone_r":0.1274,"bldg_age30_r":null,"shelter_min_walk":4,"pop":35381,"hh":15505,"elderly65_r":0.2465,"single_hh_r":0.3423,"source_level":"emd","flood_years":[2010,2022]},"geometry":{"type":"Polygon","coordinates":[[[126.83849,37.48977],[126.83774,37.49128],[126.83602,37.4915],[126.83504,37.49019],[126.83579,37.48868],[126.83751,37.48846],[126.83849,37.48977]]]}},{"type":"Feature","properties":{"h3":"8930e0ac32bffff","emd_code":"1153078000","emd_name":"오류2동","area_km2":0.0722,"edge":false,"slope_mean":17.54,"elev_mean":70.0,"flood_hist_n":0,"flood_depth_max_m":null,"flood_risk_100y":null,"semi_basement_r":null,"elderly_alone_r":0.1274,"bldg_age30_r":null,"shelter_min_walk":4,"pop":35381,"hh":15505,"elderly65_r":0.2465,"single_hh_r":0.3423,"source_level":"emd","flood_years":[]},"geometry":{"type":"Polygon","coordinates":[[[126.83557,37.48586],[126.83482,37.48738],[126.83309,37.48759],[126.83212,37.48629],[126.83287,37.48477],[126.83459,37.48456],[126.83557,37.48586]]]}},{"type":"Feature","properties":{"h3":"8930e0ac32fffff","emd_code":"1153078000","emd_name":"오류2동","area_km2":0.0722,"edge":false,"slope_mean":9.5,"elev_mean":38.6,"flood_hist_n":1,"flood_depth_max_m":0.3,"flood_risk_100y":null,"semi_basement_r":null,"elderly_alone_r":0.1274,"bldg_age30_r":null,"shelter_min_walk":3,"pop":35381,"hh":15505,"elderly65_r":0.2465,"single_hh_r":0.3423,"source_level":"emd","flood_years":[2010]},"geometry":{"type":"Polygon","coordinates":[[[126.83826,37.48695],[126.83751,37.48846],[126.83579,37.48868],[126.83482,37.48738],[126.83557,37.48586],[126.83729,37.48565],[126.83826,37.48695]]]}},{"type":"Feature","properties":{"h3":"8930e0ac333ffff","emd_code":"1153078000","emd_name":"오류2동","area_km2":0.0722,"edge":false,"slope_mean":9.21,"elev_mean":33.8,"flood_hist_n":0,"flood_depth_max_m":null,"flood_risk_100y":null,"semi_basement_r":null,"elderly_alone_r":0.1274,"bldg_age30_r":null,"shelter_min_walk":4,"pop":35381,"hh":15505,"elderly65_r":0.2465,"single_hh_r":0.3423,"source_level":"emd","flood_years":[]},"geometry":{"type":"Polygon","coordinates":[[[126.83332,37.49041],[126.83257,37.49192],[126.83085,37.49214],[126.82987,37.49084],[126.83062,37.48932],[126.83234,37.48911],[126.83332,37.49041]]]}},{"type":"Feature","properties":{"h3":"8930e0ac337ffff","emd_code":"1153078000","emd_name":"오류2동","area_km2":0.0722,"edge":false,"slope_mean":5.54,"elev_mean":22.6,"flood_hist_n":3,"flood_depth_max_m":0.3,"flood_risk_100y":null,"semi_basement_r":null,"elderly_alone_r":0.1274,"bldg_age30_r":null,"shelter_min_walk":4,"pop":35381,"hh":15505,"elderly65_r":0.2465,"single_hh_r":0.3423,"source_level":"emd","flood_years":[2010,2011,2023]},"geometry":{"type":"Polygon","coordinates":[[[126.83602,37.4915],[126.83527,37.49301],[126.83354,37.49323],[126.83257,37.49192],[126.83332,37.49041],[126.83504,37.49019],[126.83602,37.4915]]]}},{"type":"Feature","properties":{"h3":"8930e0ac33bffff","emd_code":"1153078000","emd_name":"오류2동","area_km2":0.0722,"edge":false,"slope_mean":7.15,"elev_mean":36.1,"flood_hist_n":2,"flood_depth_max_m":0.3,"flood_risk_100y":null,"semi_basement_r":null,"elderly_alone_r":0.1274,"bldg_age30_r":null,"shelter_min_walk":4,"pop":35381,"hh":15505,"elderly65_r":0.2465,"single_hh_r":0.3423,"source_level":"emd","flood_years":[2010,2011]},"geometry":{"type":"Polygon","coordinates":[[[126.83309,37.48759],[126.83234,37.48911],[126.83062,37.48932],[126.82965,37.48802],[126.8304,37.4865],[126.83212,37.48629],[126.83309,37.48759]]]}},{"type":"Feature","properties":{"h3":"8930e0ac343ffff","emd_code":"1153080000","emd_name":"항동","area_km2":0.0721,"edge":false,"slope_mean":3.05,"elev_mean":22.9,"flood_hist_n":1,"flood_depth_max_m":0.3,"flood_risk_100y":null,"semi_basement_r":null,"elderly_alone_r":0.0712,"bldg_age30_r":null,"shelter_min_walk":2,"pop":15955,"hh":6178,"elderly65_r":0.149,"single_hh_r":0.2596,"source_level":"emd","flood_years":[2010]},"geometry":{"type":"Polygon","coordinates":[[[126.82478,37.4815],[126.82403,37.48302],[126.82231,37.48323],[126.82133,37.48193],[126.82208,37.48041],[126.82381,37.4802],[126.82478,37.4815]]]}},{"type":"Feature","properties":{"h3":"8930e0ac347ffff","emd_code":"1153080000","emd_name":"항동","area_km2":0.0721,"edge":false,"slope_mean":5.38,"elev_mean":29.2,"flood_hist_n":2,"flood_depth_max_m":0.3,"flood_risk_100y":null,"semi_basement_r":null,"elderly_alone_r":0.0712,"bldg_age30_r":null,"shelter_min_walk":3,"pop":15955,"hh":6178,"elderly65_r":0.149,"single_hh_r":0.2596,"source_level":"emd","flood_years":[2010,2011]},"geometry":{"type":"Polygon","coordinates":[[[126.82748,37.48259],[126.82673,37.48411],[126.825,37.48432],[126.82403,37.48302],[126.82478,37.4815],[126.8265,37.48129],[126.82748,37.48259]]]}},{"type":"Feature","properties":{"h3":"8930e0ac34bffff","emd_code":"1153080000","emd_name":"항동","area_km2":0.0721,"edge":false,"slope_mean":2.78,"elev_mean":20.6,"flood_hist_n":1,"flood_depth_max_m":0.3,"flood_risk_100y":null,"semi_basement_r":null,"elderly_alone_r":0.0712,"bldg_age30_r":null,"shelter_min_walk":1,"pop":15955,"hh":6178,"elderly65_r":0.149,"single_hh_r":0.2596,"source_level":"emd","flood_years":[2010]},"geometry":{"type":"Polygon","coordinates":[[[126.82455,37.47868],[126.82381,37.4802],[126.82208,37.48041],[126.82111,37.47911],[126.82186,37.4776],[126.82358,37.47738],[126.82455,37.47868]]]}},{"type":"Feature","properties":{"h3":"8930e0ac34fffff","emd_code":"1153080000","emd_name":"항동","area_km2":0.0721,"edge":false,"slope_mean":6.53,"elev_mean":35.1,"flood_hist_n":2,"flood_depth_max_m":0.3,"flood_risk_100y":null,"semi_basement_r":null,"elderly_alone_r":0.0712,"bldg_age30_r":null,"shelter_min_walk":1,"pop":15955,"hh":6178,"elderly65_r":0.149,"single_hh_r":0.2596,"source_level":"emd","flood_years":[2010,2011]},"geometry":{"type":"Polygon","coordinates":[[[126.82725,37.47977],[126.8265,37.48129],[126.82478,37.4815],[126.82381,37.4802],[126.82455,37.47868],[126.82628,37.47847],[126.82725,37.47977]]]}},{"type":"Feature","properties":{"h3":"8930e0ac353ffff","emd_code":"1153080000","emd_name":"항동","area_km2":0.0721,"edge":false,"slope_mean":3.38,"elev_mean":22.0,"flood_hist_n":0,"flood_depth_max_m":null,"flood_risk_100y":null,"semi_basement_r":null,"elderly_alone_r":0.0712,"bldg_age30_r":null,"shelter_min_walk":3,"pop":15955,"hh":6178,"elderly65_r":0.149,"single_hh_r":0.2596,"source_level":"emd","flood_years":[]},"geometry":{"type":"Polygon","coordinates":[[[126.82231,37.48323],[126.82156,37.48475],[126.81984,37.48496],[126.81886,37.48366],[126.81961,37.48214],[126.82133,37.48193],[126.82231,37.48323]]]}},{"type":"Feature","properties":{"h3":"8930e0ac357ffff","emd_code":"1153080000","emd_name":"항동","area_km2":0.0721,"edge":false,"slope_mean":5.83,"elev_mean":26.8,"flood_hist_n":0,"flood_depth_max_m":null,"flood_risk_100y":null,"semi_basement_r":null,"elderly_alone_r":0.0712,"bldg_age30_r":null,"shelter_min_walk":5,"pop":15955,"hh":6178,"elderly65_r":0.149,"single_hh_r":0.2596,"source_level":"emd","flood_years":[]},"geometry":{"type":"Polygon","coordinates":[[[126.825,37.48432],[126.82426,37.48584],[126.82253,37.48605],[126.82156,37.48475],[126.82231,37.48323],[126.82403,37.48302],[126.825,37.48432]]]}},{"type":"Feature","properties":{"h3":"8930e0ac35bffff","emd_code":"1153080000","emd_name":"항동","area_km2":0.0721,"edge":false,"slope_mean":3.92,"elev_mean":19.8,"flood_hist_n":0,"flood_depth_max_m":null,"flood_risk_100y":null,"semi_basement_r":null,"elderly_alone_r":0.0712,"bldg_age30_r":null,"shelter_min_walk":3,"pop":15955,"hh":6178,"elderly65_r":0.149,"single_hh_r":0.2596,"source_level":"emd","flood_years":[]},"geometry":{"type":"Polygon","coordinates":[[[126.82208,37.48041],[126.82133,37.48193],[126.81961,37.48214],[126.81864,37.48084],[126.81939,37.47933],[126.82111,37.47911],[126.82208,37.48041]]]}},{"type":"Feature","properties":{"h3":"8930e0ac363ffff","emd_code":"1153080000","emd_name":"항동","area_km2":0.0722,"edge":false,"slope_mean":20.51,"elev_mean":110.2,"flood_hist_n":0,"flood_depth_max_m":null,"flood_risk_100y":null,"semi_basement_r":null,"elderly_alone_r":0.0712,"bldg_age30_r":null,"shelter_min_walk":7,"pop":15955,"hh":6178,"elderly65_r":0.149,"single_hh_r":0.2596,"source_level":"emd","flood_years":[]},"geometry":{"type":"Polygon","coordinates":[[[126.83264,37.48195],[126.83189,37.48347],[126.83017,37.48368],[126.8292,37.48238],[126.82995,37.48086],[126.83167,37.48065],[126.83264,37.48195]]]}},{"type":"Feature","properties":{"h3":"8930e0ac367ffff","emd_code":"1153078000","emd_name":"오류2동","area_km2":0.0722,"edge":false,"slope_mean":18.32,"elev_mean":99.3,"flood_hist_n":0,"flood_depth_max_m":null,"flood_risk_100y":null,"semi_basement_r":null,"elderly_alone_r":0.1274,"bldg_age30_r":null,"shelter_min_walk":6,"pop":35381,"hh":15505,"elderly65_r":0.2465,"single_hh_r":0.3423,"source_level":"emd","flood_years":[]},"geometry":{"type":"Polygon","coordinates":[[[126.83534,37.48304],[126.83459,37.48456],[126.83287,37.48477],[126.83189,37.48347],[126.83264,37.48195],[126.83437,37.48174],[126.83534,37.48304]]]}},{"type":"Feature","properties":{"h3":"8930e0ac36bffff","emd_code":"1153080000","emd_name":"항동","area_km2":0.0722,"edge":false,"slope_mean":18.27,"elev_mean":93.3,"flood_hist_n":0,"flood_depth_max_m":null,"flood_risk_100y":null,"semi_basement_r":null,"elderly_alone_r":0.0712,"bldg_age30_r":null,"shelter_min_walk":7,"pop":15955,"hh":6178,"elderly65_r":0.149,"single_hh_r":0.2596,"source_level":"emd","flood_years":[]},"geometry":{"type":"Polygon","coordinates":[[[126.83242,37.47913],[126.83167,37.48065],[126.82995,37.48086],[126.82897,37.47956],[126.82972,37.47804],[126.83144,37.47783],[126.83242,37.47913]]]}},{"type":"Feature","properties":{"h3":"8930e0ac36fffff","emd_code":"1153078000","emd_name":"오류2동","area_km2":0.0722,"edge":false,"slope_mean":14.14,"elev_mean":92.3,"flood_hist_n":0,"flood_depth_max_m":null,"flood_risk_100y":null,"semi_basement_r":null,"elderly_alone_r":0.1274,"bldg_age30_r":null,"shelter_min_walk":8,"pop":35381,"hh":15505,"elderly65_r":0.2465,"single_hh_r":0.3423,"source_level":"emd","flood_years":[]},"geometry":{"type":"Polygon","coordinates":[[[126.83511,37.48022],[126.83437,37.48174],[126.83264,37.48195],[126.83167,37.48065],[126.83242,37.47913],[126.83414,37.47892],[126.83511,37.48022]]]}},{"type":"Feature","properties":{"h3":"8930e0ac373ffff","emd_code":"1153080000","emd_name":"항동","area_km2":0.0722,"edge":false,"slope_mean":11.03,"elev_mean":43.7,"flood_hist_n":0,"flood_depth_max_m":null,"flood_risk_100y":null,"semi_basement_r":null,"elderly_alone_r":0.0712,"bldg_age30_r":null,"shelter_min_walk":6,"pop":15955,"hh":6178,"elderly65_r":0.149,"single_hh_r":0.2596,"source_level":"emd","flood_years":[]},"geometry":{"type":"Polygon","coordinates":[[[126.83017,37.48368],[126.82942,37.4852],[126.8277,37.48541],[126.82673,37.48411],[126.82748,37.48259],[126.8292,37.48238],[126.83017,37.48368]]]}},{"type":"Feature","properties":{"h3":"8930e0ac377ffff","emd_code":"1153078000","emd_name":"오류2동","area_km2":0.0722,"edge":false,"slope_mean":17.83,"elev_mean":76.9,"flood_hist_n":0,"flood_depth_max_m":null,"flood_risk_100y":null,"semi_basement_r":null,"elderly_alone_r":0.1274,"bldg_age30_r":null,"shelter_min_walk":8,"pop":35381,"hh":15505,"elderly65_r":0.2465,"single_hh_r":0.3423,"source_level":"emd","flood_years":[]},"geometry":{"type":"Polygon","coordinates":[[[126.83287,37.48477],[126.83212,37.48629],[126.8304,37.4865],[126.82942,37.4852],[126.83017,37.48368],[126.83189,37.48347],[126.83287,37.48477]]]}},{"type":"Feature","properties":{"h3":"8930e0ac37bffff","emd_code":"1153080000","emd_name":"항동","area_km2":0.0722,"edge":false,"slope_mean":16.44,"elev_mean":72.9,"flood_hist_n":2,"flood_depth_max_m":0.3,"flood_risk_100y":null,"semi_basement_r":null,"elderly_alone_r":0.0712,"bldg_age30_r":null,"shelter_min_walk":4,"pop":15955,"hh":6178,"elderly65_r":0.149,"single_hh_r":0.2596,"source_level":"emd","flood_years":[2010,2011]},"geometry":{"type":"Polygon","coordinates":[[[126.82995,37.48086],[126.8292,37.48238],[126.82748,37.48259],[126.8265,37.48129],[126.82725,37.47977],[126.82897,37.47956],[126.82995,37.48086]]]}},{"type":"Feature","properties":{"h3":"8930e0ac383ffff","emd_code":"1153079000","emd_name":"수궁동","area_km2":0.0721,"edge":false,"slope_mean":13.07,"elev_mean":70.4,"flood_hist_n":1,"flood_depth_max_m":0.3,"flood_risk_100y":null,"semi_basement_r":null,"elderly_alone_r":0.1483,"bldg_age30_r":null,"shelter_min_walk":6,"pop":21619,"hh":9917,"elderly65_r":0.2649,"single_hh_r":0.3644,"source_level":"emd","flood_years":[2010]},"geometry":{"type":"Polygon","coordinates":[[[126.82321,37.49451],[126.82246,37.49603],[126.82074,37.49624],[126.81976,37.49494],[126.82051,37.49342],[126.82223,37.49321],[126.82321,37.49451]]]}},{"type":"Feature","properties":{"h3":"8930e0ac387ffff","emd_code":"1153079000","emd_name":"수궁동","area_km2":0.0721,"edge":false,"slope_mean":11.86,"elev_mean":50.7,"flood_hist_n":3,"flood_depth_max_m":0.3,"flood_risk_100y":null,"semi_basement_r":null,"elderly_alone_r":0.1483,"bldg_age30_r":null,"shelter_min_walk":6,"pop":21619,"hh":9917,"elderly65_r":0.2649,"single_hh_r":0.3644,"source_level":"emd","flood_years":[2010,2011,2022]},"geometry":{"type":"Polygon","coordinates":[[[126.8259,37.4956],[126.82515,37.49711],[126.82343,37.49733],[126.82246,37.49603],[126.82321,37.49451],[126.82493,37.4943],[126.8259,37.4956]]]}},{"type":"Feature","properties":{"h3":"8930e0ac38bffff","emd_code":"1153079000","emd_name":"수궁동","area_km2":0.0721,"edge":false,"slope_mean":6.92,"elev_mean":36.4,"flood_hist_n":4,"flood_depth_max_m":0.3,"flood_risk_100y":null,"semi_basement_r":null,"elderly_alone_r":0.1483,"bldg_age30_r":null,"shelter_min_walk":4,"pop":21619,"hh":9917,"elderly65_r":0.2649,"single_hh_r":0.3644,"source_level":"emd","flood_years":[2010,2011,2012,2022]},"geometry":{"type":"Polygon","coordinates":[[[126.82298,37.49169],[126.82223,37.49321],[126.82051,37.49342],[126.81954,37.49212],[126.82029,37.4906],[126.82201,37.49039],[126.82298,37.49169]]]}},{"type":"Feature","properties":{"h3":"8930e0ac38fffff","emd_code":"1153079000","emd_name":"수궁동","area_km2":0.0721,"edge":false,"slope_mean":8.66,"elev_mean":38.0,"flood_hist_n":3,"flood_depth_max_m":0.3,"flood_risk_100y":null,"semi_basement_r":null,"elderly_alone_r":0.1483,"bldg_age30_r":null,"shelter_min_walk":2,"pop":21619,"hh":9917,"elderly65_r":0.2649,"single_hh_r":0.3644,"source_level":"emd","flood_years":[2010,2011,2022]},"geometry":{"type":"Polygon","coordinates":[[[126.82568,37.49278],[126.82493,37.4943],[126.82321,37.49451],[126.82223,37.49321],[126.82298,37.49169],[126.82471,37.49148],[126.82568,37.49278]]]}},{"type":"Feature","properties":{"h3":"8930e0ac393ffff","emd_code":"1153079000","emd_name":"수궁동","area_km2":0.0721,"edge":false,"slope_mean":12.54,"elev_mean":65.2,"flood_hist_n":2,"flood_depth_max_m":0.3,"flood_risk_100y":null,"semi_basement_r":null,"elderly_alone_r":0.1483,"bldg_age30_r":null,"shelter_min_walk":10,"pop":21619,"hh":9917,"elderly65_r":0.2649,"single_hh_r":0.3644,"source_level":"emd","flood_years":[2011,2022]},"geometry":{"type":"Polygon","coordinates":[[[126.82074,37.49624],[126.81999,37.49775],[126.81826,37.49797],[126.81729,37.49667],[126.81804,37.49515],[126.81976,37.49494],[126.82074,37.49624]]]}},{"type":"Feature","properties":{"h3":"8930e0ac397ffff","emd_code":"1153079000","emd_name":"수궁동","area_km2":0.0721,"edge":false,"slope_mean":7.72,"elev_mean":54.6,"flood_hist_n":0,"flood_depth_max_m":null,"flood_risk_100y":null,"semi_basement_r":null,"elderly_alone_r":0.1483,"bldg_age30_r":null,"shelter_min_walk":10,"pop":21619,"hh":9917,"elderly65_r":0.2649,"single_hh_r":0.3644,"source_level":"emd","flood_years":[]},"geometry":{"type":"Polygon","coordinates":[[[126.82343,37.49733],[126.82268,37.49884],[126.82096,37.49906],[126.81999,37.49775],[126.82074,37.49624],[126.82246,37.49603],[126.82343,37.49733]]]}},{"type":"Feature","properties":{"h3":"8930e0ac39bffff","emd_code":"1153079000","emd_name":"수궁동","area_km2":0.0721,"edge":false,"slope_mean":9.8,"elev_mean":46.8,"flood_hist_n":3,"flood_depth_max_m":0.3,"flood_risk_100y":null,"semi_basement_r":null,"elderly_alone_r":0.1483,"bldg_age30_r":null,"shelter_min_walk":8,"pop":21619,"hh":9917,"elderly65_r":0.2649,"single_hh_r":0.3644,"source_level":"emd","flood_years":[2010,2011,2022]},"geometry":{"type":"Polygon","coordinates":[[[126.82051,37.49342],[126.81976,37.49494],[126.81804,37.49515],[126.81707,37.49385],[126.81782,37.49233],[126.81954,37.49212],[126.82051,37.49342]]]}},{"type":"Feature","properties":{"h3":"8930e0ac3a3ffff","emd_code":"1153079000","emd_name":"수궁동","area_km2":0.0722,"edge":false,"slope_mean":6.22,"elev_mean":35.2,"flood_hist_n":3,"flood_depth_max_m":0.3,"flood_risk_100y":null,"semi_basement_r":null,"elderly_alone_r":0.1483,"bldg_age30_r":null,"shelter_min_walk":3,"pop":21619,"hh":9917,"elderly65_r":0.2649,"single_hh_r":0.3644,"source_level":"emd","flood_years":[2010,2011,2022]},"geometry":{"type":"Polygon","coordinates":[[[126.83107,37.49496],[126.83032,37.49647],[126.8286,37.49669],[126.82763,37.49538],[126.82838,37.49387],[126.8301,37.49365],[126.83107,37.49496]]]}},{"type":"Feature","properties":{"h3":"8930e0ac3a7ffff","emd_code":"1153079000","emd_name":"수궁동","area_km2":0.0722,"edge":false,"slope_mean":9.97,"elev_mean":38.0,"flood_hist_n":2,"flood_depth_max_m":0.3,"flood_risk_100y":null,"semi_basement_r":null,"elderly_alone_r":0.1483,"bldg_age30_r":null,"shelter_min_walk":6,"pop":21619,"hh":9917,"elderly65_r":0.2649,"single_hh_r":0.3644,"source_level":"emd","flood_years":[2010,2011]},"geometry":{"type":"Polygon","coordinates":[[[126.83377,37.49605],[126.83302,37.49756],[126.8313,37.49778],[126.83032,37.49647],[126.83107,37.49496],[126.8328,37.49474],[126.83377,37.49605]]]}},{"type":"Feature","properties":{"h3":"8930e0ac3abffff","emd_code":"1153078000","emd_name":"오류2동","area_km2":0.0722,"edge":false,"slope_mean":4.31,"elev_mean":25.3,"flood_hist_n":1,"flood_depth_max_m":0.3,"flood_risk_100y":null,"semi_basement_r":null,"elderly_alone_r":0.1274,"bldg_age30_r":null,"shelter_min_walk":2,"pop":35381,"hh":15505,"elderly65_r":0.2465,"single_hh_r":0.3423,"source_level":"emd","flood_years":[2010]},"geometry":{"type":"Polygon","coordinates":[[[126.83085,37.49214],[126.8301,37.49365],[126.82838,37.49387],[126.8274,37.49257],[126.82815,37.49105],[126.82987,37.49084],[126.83085,37.49214]]]}},{"type":"Feature","properties":{"h3":"8930e0ac3afffff","emd_code":"1153079000","emd_name":"수궁동","area_km2":0.0722,"edge":false,"slope_mean":3.58,"elev_mean":24.3,"flood_hist_n":4,"flood_depth_max_m":0.3,"flood_risk_100y":null,"semi_basement_r":null,"elderly_alone_r":0.1483,"bldg_age30_r":null,"shelter_min_walk":4,"pop":21619,"hh":9917,"elderly65_r":0.2649,"single_hh_r":0.3644,"source_level":"emd","flood_years":[2010,2011,2022,2023]},"geometry":{"type":"Polygon","coordinates":[[[126.83354,37.49323],[126.8328,37.49474],[126.83107,37.49496],[126.8301,37.49365],[126.83085,37.49214],[126.83257,37.49192],[126.83354,37.49323]]]}},{"type":"Feature","properties":{"h3":"8930e0ac3b3ffff","emd_code":"1153079000","emd_name":"수궁동","area_km2":0.0722,"edge":false,"slope_mean":7.86,"elev_mean":39.8,"flood_hist_n":1,"flood_depth_max_m":0.3,"flood_risk_100y":null,"semi_basement_r":null,"elderly_alone_r":0.1483,"bldg_age30_r":null,"shelter_min_walk":7,"pop":21619,"hh":9917,"elderly65_r":0.2649,"single_hh_r":0.3644,"source_level":"emd","flood_years":[2010]},"geometry":{"type":"Polygon","coordinates":[[[126.8286,37.49669],[126.82785,37.4982],[126.82613,37.49842],[126.82515,37.49711],[126.8259,37.4956],[126.82763,37.49538],[126.8286,37.49669]]]}},{"type":"Feature","properties":{"h3":"8930e0ac3b7ffff","emd_code":"1153079000","emd_name":"수궁동","area_km2":0.0722,"edge":false,"slope_mean":3.89,"elev_mean":29.2,"flood_hist_n":3,"flood_depth_max_m":0.3,"flood_risk_100y":null,"semi_basement_r":null,"elderly_alone_r":0.1483,"bldg_age30_r":null,"shelter_min_walk":5,"pop":21619,"hh":9917,"elderly65_r":0.2649,"single_hh_r":0.3644,"source_level":"emd","flood_years":[2010,2011,2022]},"geometry":{"type":"Polygon","coordinates":[[[126.8313,37.49778],[126.83055,37.49929],[126.82883,37.49951],[126.82785,37.4982],[126.8286,37.49669],[126.83032,37.49647],[126.8313,37.49778]]]}},{"type":"Feature","properties":{"h3":"8930e0ac3bbffff","emd_code":"1153079000","emd_name":"수궁동","area_km2":0.0722,"edge":false,"slope_mean":7.73,"elev_mean":33.6,"flood_hist_n":0,"flood_depth_max_m":null,"flood_risk_100y":null,"semi_basement_r":null,"elderly_alone_r":0.1483,"bldg_age30_r":null,"shelter_min_walk":4,"pop":21619,"hh":9917,"elderly65_r":0.2649,"single_hh_r":0.3644,"source_level":"emd","flood_years":[]},"geometry":{"type":"Polygon","coordinates":[[[126.82838,37.49387],[126.82763,37.49538],[126.8259,37.4956],[126.82493,37.4943],[126.82568,37.49278],[126.8274,37.49257],[126.82838,37.49387]]]}},{"type":"Feature","properties":{"h3":"8930e0ac3c7ffff","emd_code":"1153079000","emd_name":"수궁동","area_km2":0.0721,"edge":true,"slope_mean":6.97,"elev_mean":42.2,"flood_hist_n":3,"flood_depth_max_m":0.3,"flood_risk_100y":null,"semi_basement_r":null,"elderly_alone_r":0.1483,"bldg_age30_r":null,"shelter_min_walk":6,"pop":21619,"hh":9917,"elderly65_r":0.2649,"single_hh_r":0.3644,"source_level":"emd","flood_years":[2010,2011,2022]},"geometry":{"type":"Polygon","coordinates":[[[126.82276,37.48887],[126.82201,37.49039],[126.82029,37.4906],[126.81931,37.4893],[126.82006,37.48778],[126.82178,37.48757],[126.82276,37.48887]]]}},{"type":"Feature","properties":{"h3":"8930e0ac3cbffff","emd_code":"1153080000","emd_name":"항동","area_km2":0.0721,"edge":true,"slope_mean":2.92,"elev_mean":25.1,"flood_hist_n":0,"flood_depth_max_m":null,"flood_risk_100y":null,"semi_basement_r":null,"elderly_alone_r":0.0712,"bldg_age30_r":null,"shelter_min_walk":7,"pop":15955,"hh":6178,"elderly65_r":0.149,"single_hh_r":0.2596,"source_level":"emd","flood_years":[]},"geometry":{"type":"Polygon","coordinates":[[[126.81984,37.48496],[126.81909,37.48648],[126.81737,37.48669],[126.81639,37.48539],[126.81714,37.48387],[126.81886,37.48366],[126.81984,37.48496]]]}},{"type":"Feature","properties":{"h3":"8930e0ac3cfffff","emd_code":"1153080000","emd_name":"항동","area_km2":0.0721,"edge":true,"slope_mean":8.21,"elev_mean":40.0,"flood_hist_n":2,"flood_depth_max_m":0.3,"flood_risk_100y":null,"semi_basement_r":null,"elderly_alone_r":0.0712,"bldg_age30_r":null,"shelter_min_walk":7,"pop":15955,"hh":6178,"elderly65_r":0.149,"single_hh_r":0.2596,"source_level":"emd","flood_years":[2010,2011]},"geometry":{"type":"Polygon","coordinates":[[[126.82253,37.48605],[126.82178,37.48757],[126.82006,37.48778],[126.81909,37.48648],[126.81984,37.48496],[126.82156,37.48475],[126.82253,37.48605]]]}},{"type":"Feature","properties":{"h3":"8930e0ac3d7ffff","emd_code":"1153079000","emd_name":"수궁동","area_km2":0.0721,"edge":true,"slope_mean":5.27,"elev_mean":40.9,"flood_hist_n":4,"flood_depth_max_m":0.3,"flood_risk_100y":null,"semi_basement_r":null,"elderly_alone_r":0.1483,"bldg_age30_r":null,"shelter_min_walk":8,"pop":21619,"hh":9917,"elderly65_r":0.2649,"single_hh_r":0.3644,"source_level":"emd","flood_years":[2010,2011,2012,2022]},"geometry":{"type":"Polygon","coordinates":[[[126.82029,37.4906],[126.81954,37.49212],[126.81782,37.49233],[126.81684,37.49103],[126.81759,37.48951],[126.81931,37.4893],[126.82029,37.4906]]]}},{"type":"Feature","properties":{"h3":"8930e0ac803ffff","emd_code":"1153072000","emd_name":"고척1동","area_km2":0.0722,"edge":false,"slope_mean":6.78,"elev_mean":28.3,"flood_hist_n":1,"flood_depth_max_m":0.3,"flood_risk_100y":null,"semi_basement_r":null,"elderly_alone_r":0.0987,"bldg_age30_r":null,"shelter_min_walk":2,"pop":26224,"hh":11719,"elderly65_r":0.2072,"single_hh_r":0.347,"source_level":"emd","flood_years":[2010]},"geometry":{"type":"Polygon","coordinates":[[[126.8657,37.50348],[126.86495,37.50499],[126.86322,37.50521],[126.86225,37.5039],[126.863,37.50239],[126.86472,37.50217],[126.8657,37.50348]]]}},{"type":"Feature","properties":{"h3":"8930e0ac807ffff","emd_code":"1153072000","emd_name":"고척1동","area_km2":0.0722,"edge":false,"slope_mean":11.09,"elev_mean":36.5,"flood_hist_n":2,"flood_depth_max_m":0.5,"flood_risk_100y":null,"semi_basement_r":null,"elderly_alone_r":0.0987,"bldg_age30_r":null,"shelter_min_walk":2,"pop":26224,"hh":11719,"elderly65_r":0.2072,"single_hh_r":0.347,"source_level":"emd","flood_years":[2010,2022]},"geometry":{"type":"Polygon","coordinates":[[[126.8684,37.50457],[126.86765,37.50608],[126.86592,37.5063],[126.86495,37.50499],[126.8657,37.50348],[126.86742,37.50326],[126.8684,37.50457]]]}},{"type":"Feature","properties":{"h3":"8930e0ac80bffff","emd_code":"1153072000","emd_name":"고척1동","area_km2":0.0722,"edge":false,"slope_mean":5.65,"elev_mean":15.4,"flood_hist_n":1,"flood_depth_max_m":0.3,"flood_risk_100y":null,"semi_basement_r":null,"elderly_alone_r":0.0987,"bldg_age30_r":null,"shelter_min_walk":2,"pop":26224,"hh":11719,"elderly65_r":0.2072,"single_hh_r":0.347,"source_level":"emd","flood_years":[2010]},"geometry":{"type":"Polygon","coordinates":[[[126.86547,37.50066],[126.86472,37.50217],[126.863,37.50239],[126.86202,37.50108],[126.86277,37.49957],[126.8645,37.49935],[126.86547,37.50066]]]}},{"type":"Feature","properties":{"h3":"8930e0ac80fffff","emd_code":"1153072000","emd_name":"고척1동","area_km2":0.0722,"edge":false,"slope_mean":10.7,"elev_mean":31.2,"flood_hist_n":4,"flood_depth_max_m":0.3,"flood_risk_100y":null,"semi_basement_r":null,"elderly_alone_r":0.0987,"bldg_age30_r":null,"shelter_min_walk":3,"pop":26224,"hh":11719,"elderly65_r":0.2072,"single_hh_r":0.347,"source_level":"emd","flood_years":[2010,2022,2023,2024]},"geometry":{"type":"Polygon","coordinates":[[[126.86817,37.50175],[126.86742,37.50326],[126.8657,37.50348],[126.86472,37.50217],[126.86547,37.50066],[126.86719,37.50044],[126.86817,37.50175]]]}},{"type":"Feature","properties":{"h3":"8930e0ac813ffff","emd_code":"1153073000","emd_name":"고척2동","area_km2":0.0722,"edge":false,"slope_mean":5.28,"elev_mean":18.9,"flood_hist_n":3,"flood_depth_max_m":0.3,"flood_risk_100y":null,"semi_basement_r":null,"elderly_alone_r":0.1553,"bldg_age30_r":null,"shelter_min_walk":1,"pop":24695,"hh":11315,"elderly65_r":0.2633,"single_hh_r":0.3802,"source_level":"emd","flood_years":[2010,2011,2022]},"geometry":{"type":"Polygon","coordinates":[[[126.86322,37.50521],[126.86248,37.50672],[126.86075,37.50694],[126.85978,37.50564],[126.86053,37.50412],[126.86225,37.5039],[126.86322,37.50521]]]}},{"type":"Feature","properties":{"h3":"8930e0ac817ffff","emd_code":"1153072000","emd_name":"고척1동","area_km2":0.0722,"edge":true,"slope_mean":7.73,"elev_mean":22.2,"flood_hist_n":0,"flood_depth_max_m":null,"flood_risk_100y":null,"semi_basement_r":null,"elderly_alone_r":0.0987,"bldg_age30_r":null,"shelter_min_walk":2,"pop":26224,"hh":11719,"elderly65_r":0.2072,"single_hh_r":0.347,"source_level":"emd","flood_years":[]},"geometry":{"type":"Polygon","coordinates":[[[126.86592,37.5063],[126.86518,37.50781],[126.86345,37.50803],[126.86248,37.50672],[126.86322,37.50521],[126.86495,37.50499],[126.86592,37.5063]]]}},{"type":"Feature","properties":{"h3":"8930e0ac81bffff","emd_code":"1153072000","emd_name":"고척1동","area_km2":0.0722,"edge":false,"slope_mean":5.45,"elev_mean":20.5,"flood_hist_n":2,"flood_depth_max_m":0.3,"flood_risk_100y":null,"semi_basement_r":null,"elderly_alone_r":0.0987,"bldg_age30_r":null,"shelter_min_walk":3,"pop":26224,"hh":11719,"elderly65_r":0.2072,"single_hh_r":0.347,"source_level":"emd","flood_years":[2010,2011]},"geometry":{"type":"Polygon","coordinates":[[[126.863,37.50239],[126.86225,37.5039],[126.86053,37.50412],[126.85955,37.50282],[126.8603,37.5013],[126.86202,37.50108],[126.863,37.50239]]]}},{"type":"Feature","properties":{"h3":"8930e0ac823ffff","emd_code":"1153053000","emd_name":"구로2동","area_km2":0.0722,"edge":false,"slope_mean":5.08,"elev_mean":7.6,"flood_hist_n":0,"flood_depth_max_m":null,"flood_risk_100y":null,"semi_basement_r":null,"elderly_alone_r":0.1828,"bldg_age30_r":null,"shelter_min_walk":6,"pop":21647,"hh":12084,"elderly65_r":0.2995,"single_hh_r":0.5386,"source_level":"emd","flood_years":[]},"geometry":{"type":"Polygon","coordinates":[[[126.87357,37.50392],[126.87282,37.50544],[126.8711,37.50565],[126.87012,37.50435],[126.87087,37.50283],[126.87259,37.50262],[126.87357,37.50392]]]}},{"type":"Feature","properties":{"h3":"8930e0ac827ffff","emd_code":"1153053000","emd_name":"구로2동","area_km2":0.0723,"edge":false,"slope_mean":3.8,"elev_mean":10.7,"flood_hist_n":1,"flood_depth_max_m":0.3,"flood_risk_100y":null,"semi_basement_r":null,"elderly_alone_r":0.1828,"bldg_age30_r":null,"shelter_min_walk":2,"pop":21647,"hh":12084,"elderly65_r":0.2995,"single_hh_r":0.5386,"source_level":"emd","flood_years":[2010]},"geometry":{"type":"Polygon","coordinates":[[[126.87627,37.50501],[126.87552,37.50653],[126.8738,37.50674],[126.87282,37.50544],[126.87357,37.50392],[126.87529,37.50371],[126.87627,37.50501]]]}},{"type":"Feature","properties":{"h3":"8930e0ac82bffff","emd_code":"1153053000","emd_name":"구로2동","area_km2":0.0722,"edge":false,"slope_mean":4.81,"elev_mean":7.8,"flood_hist_n":0,"flood_depth_max_m":null,"flood_risk_100y":null,"semi_basement_r":null,"elderly_alone_r":0.1828,"bldg_age30_r":null,"shelter_min_walk":7,"pop":21647,"hh":12084,"elderly65_r":0.2995,"single_hh_r":0.5386,"source_level":"emd","flood_years":[]},"geometry":{"type":"Polygon","coordinates":[[[126.87334,37.5011],[126.87259,37.50262],[126.87087,37.50283],[126.86989,37.50153],[126.87064,37.50001],[126.87237,37.4998],[126.87334,37.5011]]]}},{"type":"Feature","properties":{"h3":"8930e0ac82fffff","emd_code":"1153053000","emd_name":"구로2동","area_km2":0.0723,"edge":false,"slope_mean":4.78,"elev_mean":13.0,"flood_hist_n":0,"flood_depth_max_m":null,"flood_risk_100y":null,"semi_basement_r":null,"elderly_alone_r":0.1828,"bldg_age30_r":null,"shelter_min_walk":3,"pop":21647,"hh":12084,"elderly65_r":0.2995,"single_hh_r":0.5386,"source_level":"emd","flood_years":[]},"geometry":{"type":"Polygon","coordinates":[[[126.87604,37.50219],[126.87529,37.50371],[126.87357,37.50392],[126.87259,37.50262],[126.87334,37.5011],[126.87507,37.50089],[126.87604,37.50219]]]}},{"type":"Feature","properties":{"h3":"8930e0ac833ffff","emd_code":"1153072000","emd_name":"고척1동","area_km2":0.0722,"edge":true,"slope_mean":14.49,"elev_mean":39.1,"flood_hist_n":0,"flood_depth_max_m":null,"flood_risk_100y":null,"semi_basement_r":null,"elderly_alone_r":0.0987,"bldg_age30_r":null,"shelter_min_walk":5,"pop":26224,"hh":11719,"elderly65_r":0.2072,"single_hh_r":0.347,"source_level":"emd","flood_years":[]},"geometry":{"type":"Polygon","coordinates":[[[126.8711,37.50565],[126.87035,37.50717],[126.86862,37.50739],[126.86765,37.50608],[126.8684,37.50457],[126.87012,37.50435],[126.8711,37.50565]]]}},{"type":"Feature","properties":{"h3":"8930e0ac837ffff","emd_code":"1153053000","emd_name":"구로2동","area_km2":0.0722,"edge":true,"slope_mean":5.37,"elev_mean":9.6,"flood_hist_n":0,"flood_depth_max_m":null,"flood_risk_100y":null,"semi_basement_r":null,"elderly_alone_r":0.1828,"bldg_age30_r":null,"shelter_min_walk":5,"pop":21647,"hh":12084,"elderly65_r":0.2995,"single_hh_r":0.5386,"source_level":"emd","flood_years":[]},"geometry":{"type":"Polygon","coordinates":[[[126.8738,37.50674],[126.87305,37.50826],[126.87132,37.50848],[126.87035,37.50717],[126.8711,37.50565],[126.87282,37.50544],[126.8738,37.50674]]]}},{"type":"Feature","properties":{"h3":"8930e0ac83bffff","emd_code":"1153072000","emd_name":"고척1동","area_km2":0.0722,"edge":false,"slope_mean":10.95,"elev_mean":23.5,"flood_hist_n":0,"flood_depth_max_m":null,"flood_risk_100y":null,"semi_basement_r":null,"elderly_alone_r":0.0987,"bldg_age30_r":null,"shelter_min_walk":4,"pop":26224,"hh":11719,"elderly65_r":0.2072,"single_hh_r":0.347,"source_level":"emd","flood_years":[]},"geometry":{"type":"Polygon","coordinates":[[[126.87087,37.50283],[126.87012,37.50435],[126.8684,37.50457],[126.86742,37.50326],[126.86817,37.50175],[126.86989,37.50153],[126.87087,37.50283]]]}},{"type":"Feature","properties":{"h3":"8930e0ac843ffff","emd_code":"1153072000","emd_name":"고척1동","area_km2":0.0722,"edge":false,"slope_mean":3.84,"elev_mean":15.7,"flood_hist_n":0,"flood_depth_max_m":null,"flood_risk_100y":null,"semi_basement_r":null,"elderly_alone_r":0.0987,"bldg_age30_r":null,"shelter_min_walk":2,"pop":26224,"hh":11719,"elderly65_r":0.2072,"single_hh_r":0.347,"source_level":"emd","flood_years":[]},"geometry":{"type":"Polygon","coordinates":[[[126.86254,37.49675],[126.8618,37.49826],[126.86007,37.49848],[126.8591,37.49718],[126.85985,37.49566],[126.86157,37.49545],[126.86254,37.49675]]]}},{"type":"Feature","properties":{"h3":"8930e0ac847ffff","emd_code":"1153072000","emd_name":"고척1동","area_km2":0.0722,"edge":false,"slope_mean":4.95,"elev_mean":16.3,"flood_hist_n":0,"flood_depth_max_m":null,"flood_risk_100y":null,"semi_basement_r":null,"elderly_alone_r":0.0987,"bldg_age30_r":null,"shelter_min_walk":1,"pop":26224,"hh":11719,"elderly65_r":0.2072,"single_hh_r":0.347,"source_level":"emd","flood_years":[]},"geometry":{"type":"Polygon","coordinates":[[[126.86524,37.49784],[126.8645,37.49935],[126.86277,37.49957],[126.8618,37.49826],[126.86254,37.49675],[126.86427,37.49653],[126.86524,37.49784]]]}},{"type":"Feature","properties":{"h3":"8930e0ac84bffff","emd_code":"1153075000","emd_name":"개봉2동","area_km2":0.0722,"edge":false,"slope_mean":3.64,"elev_mean":14.1,"flood_hist_n":1,"flood_depth_max_m":0.3,"flood_risk_100y":null,"semi_basement_r":null,"elderly_alone_r":0.1179,"bldg_age30_r":null,"shelter_min_walk":1,"pop":29075,"hh":12746,"elderly65_r":0.2719,"single_hh_r":0.3269,"source_level":"emd","flood_years":[2011]},"geometry":{"type":"Polygon","coordinates":[[[126.86232,37.49393],[126.86157,37.49545],[126.85985,37.49566],[126.85887,37.49436],[126.85962,37.49284],[126.86134,37.49263],[126.86232,37.49393]]]}},{"type":"Feature","properties":{"h3":"8930e0ac84fffff","emd_code":"1153074000","emd_name":"개봉1동","area_km2":0.0722,"edge":false,"slope_mean":5.39,"elev_mean":18.1,"flood_hist_n":0,"flood_depth_max_m":null,"flood_risk_100y":null,"semi_basement_r":null,"elderly_alone_r":0.142,"bldg_age30_r":null,"shelter_min_walk":2,"pop":33190,"hh":15407,"elderly65_r":0.245,"single_hh_r":0.3797,"source_level":"emd","flood_years":[]},"geometry":{"type":"Polygon","coordinates":[[[126.86502,37.49502],[126.86427,37.49653],[126.86254,37.49675],[126.86157,37.49545],[126.86232,37.49393],[126.86404,37.49371],[126.86502,37.49502]]]}},{"type":"Feature","properties":{"h3":"8930e0ac853ffff","emd_code":"1153072000","emd_name":"고척1동","area_km2":0.0722,"edge":false,"slope_mean":6.5,"elev_mean":15.5,"flood_hist_n":0,"flood_depth_max_m":null,"flood_risk_100y":null,"semi_basement_r":null,"elderly_alone_r":0.0987,"bldg_age30_r":null,"shelter_min_walk":2,"pop":26224,"hh":11719,"elderly65_r":0.2072,"single_hh_r":0.347,"source_level":"emd","flood_years":[]},"geometry":{"type":"Polygon","coordinates":[[[126.86007,37.49848],[126.85932,37.5],[126.8576,37.50021],[126.85662,37.49891],[126.85737,37.49739],[126.8591,37.49718],[126.86007,37.49848]]]}},{"type":"Feature","properties":{"h3":"8930e0ac857ffff","emd_code":"1153072000","emd_name":"고척1동","area_km2":0.0722,"edge":false,"slope_mean":4.05,"elev_mean":14.4,"flood_hist_n":2,"flood_depth_max_m":0.3,"flood_risk_100y":null,"semi_basement_r":null,"elderly_alone_r":0.0987,"bldg_age30_r":null,"shelter_min_walk":3,"pop":26224,"hh":11719,"elderly65_r":0.2072,"single_hh_r":0.347,"source_level":"emd","flood_years":[2010,2011]},"geometry":{"type":"Polygon","coordinates":[[[126.86277,37.49957],[126.86202,37.50108],[126.8603,37.5013],[126.85932,37.5],[126.86007,37.49848],[126.8618,37.49826],[126.86277,37.49957]]]}},{"type":"Feature","properties":{"h3":"8930e0ac85bffff","emd_code":"1153074000","emd_name":"개봉1동","area_km2":0.0722,"edge":false,"slope_mean":4.58,"elev_mean":16.1,"flood_hist_n":2,"flood_depth_max_m":0.3,"flood_risk_100y":null,"semi_basement_r":null,"elderly_alone_r":0.142,"bldg_age30_r":null,"shelter_min_walk":2,"pop":33190,"hh":15407,"elderly65_r":0.245,"single_hh_r":0.3797,"source_level":"emd","flood_years":[2010,2022]},"geometry":{"type":"Polygon","coordinates":[[[126.85985,37.49566],[126.8591,37.49718],[126.85737,37.49739],[126.8564,37.49609],[126.85715,37.49457],[126.85887,37.49436],[126.85985,37.49566]]]}},{"type":"Feature","properties":{"h3":"8930e0ac863ffff","emd_code":"1153053000","emd_name":"구로2동","area_km2":0.0722,"edge":false,"slope_mean":5.46,"elev_mean":9.6,"flood_hist_n":0,"flood_depth_max_m":null,"flood_risk_100y":null,"semi_basement_r":null,"elderly_alone_r":0.1828,"bldg_age30_r":null,"shelter_min_walk":7,"pop":21647,"hh":12084,"elderly65_r":0.2995,"single_hh_r":0.5386,"source_level":"emd","flood_years":[]},"geometry":{"type":"Polygon","coordinates":[[[126.87042,37.49719],[126.86967,37.49871],[126.86794,37.49893],[126.86697,37.49762],[126.86772,37.49611],[126.86944,37.49589],[126.87042,37.49719]]]}},{"type":"Feature","properties":{"h3":"8930e0ac867ffff","emd_code":"1153053000","emd_name":"구로2동","area_km2":0.0722,"edge":false,"slope_mean":4.85,"elev_mean":10.4,"flood_hist_n":0,"flood_depth_max_m":null,"flood_risk_100y":null,"semi_basement_r":null,"elderly_alone_r":0.1828,"bldg_age30_r":null,"shelter_min_walk":4,"pop":21647,"hh":12084,"elderly65_r":0.2995,"single_hh_r":0.5386,"source_level":"emd","flood_years":[]},"geometry":{"type":"Polygon","coordinates":[[[126.87312,37.49828],[126.87237,37.4998],[126.87064,37.50001],[126.86967,37.49871],[126.87042,37.49719],[126.87214,37.49698],[126.87312,37.49828]]]}},{"type":"Feature","properties":{"h3":"8930e0ac86bffff","emd_code":"1153052000","emd_name":"구로1동","area_km2":0.0722,"edge":true,"slope_mean":6.5,"elev_mean":13.3,"flood_hist_n":0,"flood_depth_max_m":null,"flood_risk_100y":null,"semi_basement_r":null,"elderly_alone_r":0.063,"bldg_age30_r":null,"shelter_min_walk":6,"pop":20023,"hh":8440,"elderly65_r":0.179,"single_hh_r":0.306,"source_level":"emd","flood_years":[]},"geometry":{"type":"Polygon","coordinates":[[[126.87019,37.49437],[126.86944,37.49589],[126.86772,37.49611],[126.86674,37.4948],[126.86749,37.49329],[126.86921,37.49307],[126.87019,37.49437]]]}},{"type":"Feature","properties":{"h3":"8930e0ac86fffff","emd_code":"1153052000","emd_name":"구로1동","area_km2":0.0722,"edge":false,"slope_mean":6.0,"elev_mean":10.5,"flood_hist_n":0,"flood_depth_max_m":null,"flood_risk_100y":null,"semi_basement_r":null,"elderly_alone_r":0.063,"bldg_age30_r":null,"shelter_min_walk":3,"pop":20023,"hh":8440,"elderly65_r":0.179,"single_hh_r":0.306,"source_level":"emd","flood_years":[]},"geometry":{"type":"Polygon","coordinates":[[[126.87289,37.49546],[126.87214,37.49698],[126.87042,37.49719],[126.86944,37.49589],[126.87019,37.49437],[126.87191,37.49416],[126.87289,37.49546]]]}},{"type":"Feature","properties":{"h3":"8930e0ac873ffff","emd_code":"1153072000","emd_name":"고척1동","area_km2":0.0722,"edge":false,"slope_mean":6.1,"elev_mean":15.8,"flood_hist_n":1,"flood_depth_max_m":0.3,"flood_risk_100y":null,"semi_basement_r":null,"elderly_alone_r":0.0987,"bldg_age30_r":null,"shelter_min_walk":3,"pop":26224,"hh":11719,"elderly65_r":0.2072,"single_hh_r":0.347,"source_level":"emd","flood_years":[2010]},"geometry":{"type":"Polygon","coordinates":[[[126.86794,37.49893],[126.86719,37.50044],[126.86547,37.50066],[126.8645,37.49935],[126.86524,37.49784],[126.86697,37.49762],[126.86794,37.49893]]]}},{"type":"Feature","properties":{"h3":"8930e0ac877ffff","emd_code":"1153072000","emd_name":"고척1동","area_km2":0.0722,"edge":false,"slope_mean":8.52,"elev_mean":17.4,"flood_hist_n":1,"flood_depth_max_m":0.2,"flood_risk_100y":null,"semi_basement_r":null,"elderly_alone_r":0.0987,"bldg_age30_r":null,"shelter_min_walk":5,"pop":26224,"hh":11719,"elderly65_r":0.2072,"single_hh_r":0.347,"source_level":"emd","flood_years":[2022]},"geometry":{"type":"Polygon","coordinates":[[[126.87064,37.50001],[126.86989,37.50153],[126.86817,37.50175],[126.86719,37.50044],[126.86794,37.49893],[126.86967,37.49871],[126.87064,37.50001]]]}},{"type":"Feature","properties":{"h3":"8930e0ac87bffff","emd_code":"1153072000","emd_name":"고척1동","area_km2":0.0722,"edge":false,"slope_mean":4.32,"elev_mean":17.8,"flood_hist_n":0,"flood_depth_max_m":null,"flood_risk_100y":null,"semi_basement_r":null,"elderly_alone_r":0.0987,"bldg_age30_r":null,"shelter_min_walk":4,"pop":26224,"hh":11719,"elderly65_r":0.2072,"single_hh_r":0.347,"source_level":"emd","flood_years":[]},"geometry":{"type":"Polygon","coordinates":[[[126.86772,37.49611],[126.86697,37.49762],[126.86524,37.49784],[126.86427,37.49653],[126.86502,37.49502],[126.86674,37.4948],[126.86772,37.49611]]]}},{"type":"Feature","properties":{"h3":"8930e0ac883ffff","emd_code":"1153073000","emd_name":"고척2동","area_km2":0.0722,"edge":true,"slope_mean":5.37,"elev_mean":22.8,"flood_hist_n":0,"flood_depth_max_m":null,"flood_risk_100y":null,"semi_basement_r":null,"elderly_alone_r":0.1553,"bldg_age30_r":null,"shelter_min_walk":3,"pop":24695,"hh":11315,"elderly65_r":0.2633,"single_hh_r":0.3802,"source_level":"emd","flood_years":[]},"geometry":{"type":"Polygon","coordinates":[[[126.86098,37.50976],[126.86023,37.51128],[126.85851,37.51149],[126.85753,37.51019],[126.85828,37.50867],[126.86,37.50846],[126.86098,37.50976]]]}},{"type":"Feature","properties":{"h3":"8930e0ac88bffff","emd_code":"1153073000","emd_name":"고척2동","area_km2":0.0722,"edge":false,"slope_mean":5.04,"elev_mean":18.6,"flood_hist_n":4,"flood_depth_max_m":0.3,"flood_risk_100y":null,"semi_basement_r":null,"elderly_alone_r":0.1553,"bldg_age30_r":null,"shelter_min_walk":1,"pop":24695,"hh":11315,"elderly65_r":0.2633,"single_hh_r":0.3802,"source_level":"emd","flood_years":[2010,2011,2012,2022]},"geometry":{"type":"Polygon","coordinates":[[[126.86075,37.50694],[126.86,37.50846],[126.85828,37.50867],[126.8573,37.50737],[126.85805,37.50585],[126.85978,37.50564],[126.86075,37.50694]]]}},{"type":"Feature","properties":{"h3":"8930e0ac89bffff","emd_code":"1153073000","emd_name":"고척2동","area_km2":0.0722,"edge":false,"slope_mean":11.83,"elev_mean":48.5,"flood_hist_n":0,"flood_depth_max_m":null,"flood_risk_100y":null,"semi_basement_r":null,"elderly_alone_r":0.1553,"bldg_age30_r":null,"shelter_min_walk":3,"pop":24695,"hh":11315,"elderly65_r":0.2633,"single_hh_r":0.3802,"source_level":"emd","flood_years":[]},"geometry":{"type":"Polygon","coordinates":[[[126.85828,37.50867],[126.85753,37.51019],[126.85581,37.5104],[126.85483,37.5091],[126.85558,37.50758],[126.8573,37.50737],[126.85828,37.50867]]]}},{"type":"Feature","properties":{"h3":"8930e0ac8c3ffff","emd_code":"1153073000","emd_name":"고척2동","area_km2":0.0722,"edge":false,"slope_mean":9.03,"elev_mean":34.0,"flood_hist_n":5,"flood_depth_max_m":0.3,"flood_risk_100y":null,"semi_basement_r":null,"elderly_alone_r":0.1553,"bldg_age30_r":null,"shelter_min_walk":1,"pop":24695,"hh":11315,"elderly65_r":0.2633,"single_hh_r":0.3802,"source_level":"emd","flood_years":[2010,2011,2012,2022,2023]},"geometry":{"type":"Polygon","coordinates":[[[126.85783,37.50303],[126.85708,37.50455],[126.85535,37.50476],[126.85438,37.50346],[126.85513,37.50194],[126.85685,37.50173],[126.85783,37.50303]]]}},{"type":"Feature","properties":{"h3":"8930e0ac8c7ffff","emd_code":"1153072000","emd_name":"고척1동","area_km2":0.0722,"edge":false,"slope_mean":5.57,"elev_mean":22.0,"flood_hist_n":3,"flood_depth_max_m":0.3,"flood_risk_100y":null,"semi_basement_r":null,"elderly_alone_r":0.0987,"bldg_age30_r":null,"shelter_min_walk":2,"pop":26224,"hh":11719,"elderly65_r":0.2072,"single_hh_r":0.347,"source_level":"emd","flood_years":[2010,2011,2012]},"geometry":{"type":"Polygon","coordinates":[[[126.86053,37.50412],[126.85978,37.50564],[126.85805,37.50585],[126.85708,37.50455],[126.85783,37.50303],[126.85955,37.50282],[126.86053,37.50412]]]}},{"type":"Feature","properties":{"h3":"8930e0ac8cbffff","emd_code":"1153072000","emd_name":"고척1동","area_km2":0.0722,"edge":false,"slope_mean":7.42,"elev_mean":28.2,"flood_hist_n":3,"flood_depth_max_m":0.3,"flood_risk_100y":null,"semi_basement_r":null,"elderly_alone_r":0.0987,"bldg_age30_r":null,"shelter_min_walk":4,"pop":26224,"hh":11719,"elderly65_r":0.2072,"single_hh_r":0.347,"source_level":"emd","flood_years":[2010,2011,2022]},"geometry":{"type":"Polygon","coordinates":[[[126.8576,37.50021],[126.85685,37.50173],[126.85513,37.50194],[126.85415,37.50064],[126.8549,37.49912],[126.85662,37.49891],[126.8576,37.50021]]]}},{"type":"Feature","properties":{"h3":"8930e0ac8cfffff","emd_code":"1153072000","emd_name":"고척1동","area_km2":0.0722,"edge":false,"slope_mean":4.64,"elev_mean":16.1,"flood_hist_n":3,"flood_depth_max_m":0.3,"flood_risk_100y":null,"semi_basement_r":null,"elderly_alone_r":0.0987,"bldg_age30_r":null,"shelter_min_walk":2,"pop":26224,"hh":11719,"elderly65_r":0.2072,"single_hh_r":0.347,"source_level":"emd","flood_years":[2010,2011,2022]},"geometry":{"type":"Polygon","coordinates":[[[126.8603,37.5013],[126.85955,37.50282],[126.85783,37.50303],[126.85685,37.50173],[126.8576,37.50021],[126.85932,37.5],[126.8603,37.5013]]]}},{"type":"Feature","properties":{"h3":"8930e0ac8d3ffff","emd_code":"1153073000","emd_name":"고척2동","area_km2":0.0722,"edge":false,"slope_mean":4.68,"elev_mean":31.2,"flood_hist_n":3,"flood_depth_max_m":0.3,"flood_risk_100y":null,"semi_basement_r":null,"elderly_alone_r":0.1553,"bldg_age30_r":null,"shelter_min_walk":2,"pop":24695,"hh":11315,"elderly65_r":0.2633,"single_hh_r":0.3802,"source_level":"emd","flood_years":[2010,2011,2022]},"geometry":{"type":"Polygon","coordinates":[[[126.85535,37.50476],[126.8546,37.50628],[126.85288,37.50649],[126.85191,37.50519],[126.85265,37.50367],[126.85438,37.50346],[126.85535,37.50476]]]}},{"type":"Feature","properties":{"h3":"8930e0ac8d7ffff","emd_code":"1153073000","emd_name":"고척2동","area_km2":0.0722,"edge":false,"slope_mean":6.41,"elev_mean":21.0,"flood_hist_n":4,"flood_depth_max_m":0.3,"flood_risk_100y":null,"semi_basement_r":null,"elderly_alone_r":0.1553,"bldg_age30_r":null,"shelter_min_walk":2,"pop":24695,"hh":11315,"elderly65_r":0.2633,"single_hh_r":0.3802,"source_level":"emd","flood_years":[2010,2011,2012,2022]},"geometry":{"type":"Polygon","coordinates":[[[126.85805,37.50585],[126.8573,37.50737],[126.85558,37.50758],[126.8546,37.50628],[126.85535,37.50476],[126.85708,37.50455],[126.85805,37.50585]]]}},{"type":"Feature","properties":{"h3":"8930e0ac8dbffff","emd_code":"1153073000","emd_name":"고척2동","area_km2":0.0722,"edge":false,"slope_mean":8.92,"elev_mean":34.8,"flood_hist_n":4,"flood_depth_max_m":0.3,"flood_risk_100y":null,"semi_basement_r":null,"elderly_alone_r":0.1553,"bldg_age30_r":null,"shelter_min_walk":3,"pop":24695,"hh":11315,"elderly65_r":0.2633,"single_hh_r":0.3802,"source_level":"emd","flood_years":[2010,2022,2023,2024]},"geometry":{"type":"Polygon","coordinates":[[[126.85513,37.50194],[126.85438,37.50346],[126.85265,37.50367],[126.85168,37.50237],[126.85243,37.50085],[126.85415,37.50064],[126.85513,37.50194]]]}},{"type":"Feature","properties":{"h3":"8930e0ac903ffff","emd_code":"1153051000","emd_name":"신도림동","area_km2":0.0723,"edge":false,"slope_mean":6.22,"elev_mean":13.1,"flood_hist_n":0,"flood_depth_max_m":null,"flood_risk_100y":null,"semi_basement_r":null,"elderly_alone_r":0.0565,"bldg_age30_r":null,"shelter_min_walk":2,"pop":35692,"hh":14435,"elderly65_r":0.1651,"single_hh_r":0.2795,"source_level":"emd","flood_years":[]},"geometry":{"type":"Polygon","coordinates":[[[126.8846,37.5111],[126.88385,37.51262],[126.88213,37.51283],[126.88115,37.51153],[126.8819,37.51001],[126.88362,37.5098],[126.8846,37.5111]]]}},{"type":"Feature","properties":{"h3":"8930e0ac907ffff","emd_code":"1153051000","emd_name":"신도림동","area_km2":0.0723,"edge":false,"slope_mean":5.26,"elev_mean":12.5,"flood_hist_n":0,"flood_depth_max_m":null,"flood_risk_100y":null,"semi_basement_r":null,"elderly_alone_r":0.0565,"bldg_age30_r":null,"shelter_min_walk":2,"pop":35692,"hh":14435,"elderly65_r":0.1651,"single_hh_r":0.2795,"source_level":"emd","flood_years":[]},"geometry":{"type":"Polygon","coordinates":[[[126.8873,37.51219],[126.88655,37.51371],[126.88483,37.51392],[126.88385,37.51262],[126.8846,37.5111],[126.88632,37.51089],[126.8873,37.51219]]]}},{"type":"Feature","properties":{"h3":"8930e0ac90bffff","emd_code":"1153051000","emd_name":"신도림동","area_km2":0.0723,"edge":false,"slope_mean":6.07,"elev_mean":10.7,"flood_hist_n":0,"flood_depth_max_m":null,"flood_risk_100y":null,"semi_basement_r":null,"elderly_alone_r":0.0565,"bldg_age30_r":null,"shelter_min_walk":1,"pop":35692,"hh":14435,"elderly65_r":0.1651,"single_hh_r":0.2795,"source_level":"emd","flood_years":[]},"geometry":{"type":"Polygon","coordinates":[[[126.88437,37.50828],[126.88362,37.5098],[126.8819,37.51001],[126.88092,37.50871],[126.88167,37.50719],[126.8834,37.50698],[126.88437,37.50828]]]}},{"type":"Feature","properties":{"h3":"8930e0ac90fffff","emd_code":"1153051000","emd_name":"신도림동","area_km2":0.0723,"edge":false,"slope_mean":6.7,"elev_mean":16.0,"flood_hist_n":0,"flood_depth_max_m":null,"flood_risk_100y":null,"semi_basement_r":null,"elderly_alone_r":0.0565,"bldg_age30_r":null,"shelter_min_walk":2,"pop":35692,"hh":14435,"elderly65_r":0.1651,"single_hh_r":0.2795,"source_level":"emd","flood_years":[]},"geometry":{"type":"Polygon","coordinates":[[[126.88707,37.50937],[126.88632,37.51089],[126.8846,37.5111],[126.88362,37.5098],[126.88437,37.50828],[126.8861,37.50806],[126.88707,37.50937]]]}},{"type":"Feature","properties":{"h3":"8930e0ac913ffff","emd_code":"1153051000","emd_name":"신도림동","area_km2":0.0723,"edge":false,"slope_mean":3.91,"elev_mean":9.6,"flood_hist_n":2,"flood_depth_max_m":0.3,"flood_risk_100y":null,"semi_basement_r":null,"elderly_alone_r":0.0565,"bldg_age30_r":null,"shelter_min_walk":4,"pop":35692,"hh":14435,"elderly65_r":0.1651,"single_hh_r":0.2795,"source_level":"emd","flood_years":[2019,2023]},"geometry":{"type":"Polygon","coordinates":[[[126.88213,37.51283],[126.88138,37.51435],[126.87965,37.51456],[126.87868,37.51326],[126.87943,37.51174],[126.88115,37.51153],[126.88213,37.51283]]]}},{"type":"Feature","properties":{"h3":"8930e0ac917ffff","emd_code":"1153051000","emd_name":"신도림동","area_km2":0.0723,"edge":false,"slope_mean":4.8,"elev_mean":9.8,"flood_hist_n":0,"flood_depth_max_m":null,"flood_risk_100y":null,"semi_basement_r":null,"elderly_alone_r":0.0565,"bldg_age30_r":null,"shelter_min_walk":1,"pop":35692,"hh":14435,"elderly65_r":0.1651,"single_hh_r":0.2795,"source_level":"emd","flood_years":[]},"geometry":{"type":"Polygon","coordinates":[[[126.88483,37.51392],[126.88408,37.51544],[126.88235,37.51565],[126.88138,37.51435],[126.88213,37.51283],[126.88385,37.51262],[126.88483,37.51392]]]}},{"type":"Feature","properties":{"h3":"8930e0ac91bffff","emd_code":"1153051000","emd_name":"신도림동","area_km2":0.0723,"edge":false,"slope_mean":2.03,"elev_mean":10.5,"flood_hist_n":2,"flood_depth_max_m":0.3,"flood_risk_100y":null,"semi_basement_r":null,"elderly_alone_r":0.0565,"bldg_age30_r":null,"shelter_min_walk":4,"pop":35692,"hh":14435,"elderly65_r":0.1651,"single_hh_r":0.2795,"source_level":"emd","flood_years":[2010,2022]},"geometry":{"type":"Polygon","coordinates":[[[126.8819,37.51001],[126.88115,37.51153],[126.87943,37.51174],[126.87845,37.51044],[126.8792,37.50892],[126.88092,37.50871],[126.8819,37.51001]]]}},{"type":"Feature","properties":{"h3":"8930e0ac923ffff","emd_code":"1153051000","emd_name":"신도림동","area_km2":0.0723,"edge":true,"slope_mean":6.66,"elev_mean":12.3,"flood_hist_n":2,"flood_depth_max_m":0.5,"flood_risk_100y":null,"semi_basement_r":null,"elderly_alone_r":0.0565,"bldg_age30_r":null,"shelter_min_walk":5,"pop":35692,"hh":14435,"elderly65_r":0.1651,"single_hh_r":0.2795,"source_level":"emd","flood_years":[2022,2023]},"geometry":{"type":"Polygon","coordinates":[[[126.89248,37.51155],[126.89173,37.51306],[126.89,37.51328],[126.88903,37.51197],[126.88977,37.51046],[126.8915,37.51024],[126.89248,37.51155]]]}},{"type":"Feature","properties":{"h3":"8930e0ac92bffff","emd_code":"1153051000","emd_name":"신도림동","area_km2":0.0723,"edge":false,"slope_mean":4.4,"elev_mean":12.3,"flood_hist_n":0,"flood_depth_max_m":null,"flood_risk_100y":null,"semi_basement_r":null,"elderly_alone_r":0.0565,"bldg_age30_r":null,"shelter_min_walk":1,"pop":35692,"hh":14435,"elderly65_r":0.1651,"single_hh_r":0.2795,"source_level":"emd","flood_years":[]},"geometry":{"type":"Polygon","coordinates":[[[126.89225,37.50873],[126.8915,37.51024],[126.88977,37.51046],[126.8888,37.50915],[126.88955,37.50764],[126.89127,37.50742],[126.89225,37.50873]]]}},{"type":"Feature","properties":{"h3":"8930e0ac92fffff","emd_code":"1153051000","emd_name":"신도림동","area_km2":0.0723,"edge":true,"slope_mean":3.99,"elev_mean":14.1,"flood_hist_n":2,"flood_depth_max_m":0.5,"flood_risk_100y":null,"semi_basement_r":null,"elderly_alone_r":0.0565,"bldg_age30_r":null,"shelter_min_walk":3,"pop":35692,"hh":14435,"elderly65_r":0.1651,"single_hh_r":0.2795,"source_level":"emd","flood_years":[2022,2023]},"geometry":{"type":"Polygon","coordinates":[[[126.89495,37.50981],[126.8942,37.51133],[126.89248,37.51155],[126.8915,37.51024],[126.89225,37.50873],[126.89397,37.50851],[126.89495,37.50981]]]}},{"type":"Feature","properties":{"h3":"8930e0ac933ffff","emd_code":"1153051000","emd_name":"신도림동","area_km2":0.0723,"edge":true,"slope_mean":5.66,"elev_mean":11.0,"flood_hist_n":3,"flood_depth_max_m":0.5,"flood_risk_100y":null,"semi_basement_r":null,"elderly_alone_r":0.0565,"bldg_age30_r":null,"shelter_min_walk":6,"pop":35692,"hh":14435,"elderly65_r":0.1651,"single_hh_r":0.2795,"source_level":"emd","flood_years":[2022,2023,2024]},"geometry":{"type":"Polygon","coordinates":[[[126.89,37.51328],[126.88925,37.5148],[126.88753,37.51501],[126.88655,37.51371],[126.8873,37.51219],[126.88903,37.51197],[126.89,37.51328]]]}},{"type":"Feature","properties":{"h3":"8930e0ac93bffff","emd_code":"1153051000","emd_name":"신도림동","area_km2":0.0723,"edge":false,"slope_mean":5.99,"elev_mean":15.5,"flood_hist_n":2,"flood_depth_max_m":0.3,"flood_risk_100y":null,"semi_basement_r":null,"elderly_alone_r":0.0565,"bldg_age30_r":null,"shelter_min_walk":3,"pop":35692,"hh":14435,"elderly65_r":0.1651,"single_hh_r":0.2795,"source_level":"emd","flood_years":[2010,2011]},"geometry":{"type":"Polygon","coordinates":[[[126.88977,37.51046],[126.88903,37.51197],[126.8873,37.51219],[126.88632,37.51089],[126.88707,37.50937],[126.8888,37.50915],[126.88977,37.51046]]]}},{"type":"Feature","properties":{"h3":"8930e0ac943ffff","emd_code":"1153051000","emd_name":"신도림동","area_km2":0.0723,"edge":false,"slope_mean":4.55,"elev_mean":14.2,"flood_hist_n":1,"flood_depth_max_m":0.3,"flood_risk_100y":null,"semi_basement_r":null,"elderly_alone_r":0.0565,"bldg_age30_r":null,"shelter_min_walk":1,"pop":35692,"hh":14435,"elderly65_r":0.1651,"single_hh_r":0.2795,"source_level":"emd","flood_years":[2010]},"geometry":{"type":"Polygon","coordinates":[[[126.88144,37.50437],[126.8807,37.50589],[126.87897,37.5061],[126.87799,37.5048],[126.87874,37.50328],[126.88047,37.50307],[126.88144,37.50437]]]}},{"type":"Feature","properties":{"h3":"8930e0ac947ffff","emd_code":"1153051000","emd_name":"신도림동","area_km2":0.0723,"edge":false,"slope_mean":7.21,"elev_mean":12.6,"flood_hist_n":0,"flood_depth_max_m":null,"flood_risk_100y":null,"semi_basement_r":null,"elderly_alone_r":0.0565,"bldg_age30_r":null,"shelter_min_walk":1,"pop":35692,"hh":14435,"elderly65_r":0.1651,"single_hh_r":0.2795,"source_level":"emd","flood_years":[]},"geometry":{"type":"Polygon","coordinates":[[[126.88414,37.50546],[126.8834,37.50698],[126.88167,37.50719],[126.8807,37.50589],[126.88144,37.50437],[126.88317,37.50416],[126.88414,37.50546]]]}},{"type":"Feature","properties":{"h3":"8930e0ac94bffff","emd_code":"1153053000","emd_name":"구로2동","area_km2":0.0723,"edge":false,"slope_mean":3.62,"elev_mean":11.8,"flood_hist_n":0,"flood_depth_max_m":null,"flood_risk_100y":null,"semi_basement_r":null,"elderly_alone_r":0.1828,"bldg_age30_r":null,"shelter_min_walk":4,"pop":21647,"hh":12084,"elderly65_r":0.2995,"single_hh_r":0.5386,"source_level":"emd","flood_years":[]},"geometry":{"type":"Polygon","coordinates":[[[126.88122,37.50155],[126.88047,37.50307],[126.87874,37.50328],[126.87777,37.50198],[126.87852,37.50046],[126.88024,37.50025],[126.88122,37.50155]]]}},{"type":"Feature","properties":{"h3":"8930e0ac94fffff","emd_code":"1153056000","emd_name":"구로5동","area_km2":0.0723,"edge":false,"slope_mean":5.39,"elev_mean":14.2,"flood_hist_n":1,"flood_depth_max_m":0.3,"flood_risk_100y":null,"semi_basement_r":null,"elderly_alone_r":0.0936,"bldg_age30_r":null,"shelter_min_walk":3,"pop":28474,"hh":15613,"elderly65_r":0.2064,"single_hh_r":0.5458,"source_level":"emd","flood_years":[2010]},"geometry":{"type":"Polygon","coordinates":[[[126.88392,37.50264],[126.88317,37.50416],[126.88144,37.50437],[126.88047,37.50307],[126.88122,37.50155],[126.88294,37.50134],[126.88392,37.50264]]]}},{"type":"Feature","properties":{"h3":"8930e0ac953ffff","emd_code":"1153051000","emd_name":"신도림동","area_km2":0.0723,"edge":false,"slope_mean":5.6,"elev_mean":11.6,"flood_hist_n":1,"flood_depth_max_m":0.3,"flood_risk_100y":null,"semi_basement_r":null,"elderly_alone_r":0.0565,"bldg_age30_r":null,"shelter_min_walk":1,"pop":35692,"hh":14435,"elderly65_r":0.1651,"single_hh_r":0.2795,"source_level":"emd","flood_years":[2010]},"geometry":{"type":"Polygon","coordinates":[[[126.87897,37.5061],[126.87822,37.50762],[126.8765,37.50783],[126.87552,37.50653],[126.87627,37.50501],[126.87799,37.5048],[126.87897,37.5061]]]}},{"type":"Feature","properties":{"h3":"8930e0ac957ffff","emd_code":"1153051000","emd_name":"신도림동","area_km2":0.0723,"edge":false,"slope_mean":4.8,"elev_mean":14.1,"flood_hist_n":3,"flood_depth_max_m":0.3,"flood_risk_100y":null,"semi_basement_r":null,"elderly_alone_r":0.0565,"bldg_age30_r":null,"shelter_min_walk":1,"pop":35692,"hh":14435,"elderly65_r":0.1651,"single_hh_r":0.2795,"source_level":"emd","flood_years":[2010,2011,2022]},"geometry":{"type":"Polygon","coordinates":[[[126.88167,37.50719],[126.88092,37.50871],[126.8792,37.50892],[126.87822,37.50762],[126.87897,37.5061],[126.8807,37.50589],[126.88167,37.50719]]]}},{"type":"Feature","properties":{"h3":"8930e0ac95bffff","emd_code":"1153053000","emd_name":"구로2동","area_km2":0.0723,"edge":false,"slope_mean":4.82,"elev_mean":13.0,"flood_hist_n":0,"flood_depth_max_m":null,"flood_risk_100y":null,"semi_basement_r":null,"elderly_alone_r":0.1828,"bldg_age30_r":null,"shelter_min_walk":3,"pop":21647,"hh":12084,"elderly65_r":0.2995,"single_hh_r":0.5386,"source_level":"emd","flood_years":[]},"geometry":{"type":"Polygon","coordinates":[[[126.87874,37.50328],[126.87799,37.5048],[126.87627,37.50501],[126.87529,37.50371],[126.87604,37.50219],[126.87777,37.50198],[126.87874,37.50328]]]}},{"type":"Feature","properties":{"h3":"8930e0ac963ffff","emd_code":"1153056000","emd_name":"구로5동","area_km2":0.0723,"edge":false,"slope_mean":7.43,"elev_mean":17.4,"flood_hist_n":2,"flood_depth_max_m":1.0,"flood_risk_100y":null,"semi_basement_r":null,"elderly_alone_r":0.0936,"bldg_age30_r":null,"shelter_min_walk":1,"pop":28474,"hh":15613,"elderly65_r":0.2064,"single_hh_r":0.5458,"source_level":"emd","flood_years":[2010,2022]},"geometry":{"type":"Polygon","coordinates":[[[126.88932,37.50482],[126.88857,37.50633],[126.88685,37.50655],[126.88587,37.50524],[126.88662,37.50373],[126.88834,37.50351],[126.88932,37.50482]]]}},{"type":"Feature","properties":{"h3":"8930e0ac967ffff","emd_code":"1153056000","emd_name":"구로5동","area_km2":0.0723,"edge":false,"slope_mean":5.81,"elev_mean":15.1,"flood_hist_n":0,"flood_depth_max_m":null,"flood_risk_100y":null,"semi_basement_r":null,"elderly_alone_r":0.0936,"bldg_age30_r":null,"shelter_min_walk":1,"pop":28474,"hh":15613,"elderly65_r":0.2064,"single_hh_r":0.5458,"source_level":"emd","flood_years":[]},"geometry":{"type":"Polygon","coordinates":[[[126.89202,37.5059],[126.89127,37.50742],[126.88955,37.50764],[126.88857,37.50633],[126.88932,37.50482],[126.89104,37.5046],[126.89202,37.5059]]]}},{"type":"Feature","properties":{"h3":"8930e0ac96bffff","emd_code":"1153056000","emd_name":"구로5동","area_km2":0.0723,"edge":false,"slope_mean":4.45,"elev_mean":16.2,"flood_hist_n":4,"flood_depth_max_m":1.0,"flood_risk_100y":null,"semi_basement_r":null,"elderly_alone_r":0.0936,"bldg_age30_r":null,"shelter_min_walk":2,"pop":28474,"hh":15613,"elderly65_r":0.2064,"single_hh_r":0.5458,"source_level":"emd","flood_years":[2010,2011,2012,2022]},"geometry":{"type":"Polygon","coordinates":[[[126.88909,37.50199],[126.88834,37.50351],[126.88662,37.50373],[126.88564,37.50242],[126.88639,37.50091],[126.88811,37.50069],[126.88909,37.50199]]]}},{"type":"Feature","properties":{"h3":"8930e0ac96fffff","emd_code":"1153056000","emd_name":"구로5동","area_km2":0.0723,"edge":false,"slope_mean":4.49,"elev_mean":16.5,"flood_hist_n":2,"flood_depth_max_m":0.3,"flood_risk_100y":null,"semi_basement_r":null,"elderly_alone_r":0.0936,"bldg_age30_r":null,"shelter_min_walk":3,"pop":28474,"hh":15613,"elderly65_r":0.2064,"single_hh_r":0.5458,"source_level":"emd","flood_years":[2010,2022]},"geometry":{"type":"Polygon","coordinates":[[[126.89179,37.50308],[126.89104,37.5046],[126.88932,37.50482],[126.88834,37.50351],[126.88909,37.50199],[126.89082,37.50178],[126.89179,37.50308]]]}},{"type":"Feature","properties":{"h3":"8930e0ac973ffff","emd_code":"1153051000","emd_name":"신도림동","area_km2":0.0723,"edge":false,"slope_mean":4.1,"elev_mean":11.8,"flood_hist_n":1,"flood_depth_max_m":0.2,"flood_risk_100y":null,"semi_basement_r":null,"elderly_alone_r":0.0565,"bldg_age30_r":null,"shelter_min_walk":3,"pop":35692,"hh":14435,"elderly65_r":0.1651,"single_hh_r":0.2795,"source_level":"emd","flood_years":[2022]},"geometry":{"type":"Polygon","coordinates":[[[126.88685,37.50655],[126.8861,37.50806],[126.88437,37.50828],[126.8834,37.50698],[126.88414,37.50546],[126.88587,37.50524],[126.88685,37.50655]]]}},{"type":"Feature","properties":{"h3":"8930e0ac977ffff","emd_code":"1153051000","emd_name":"신도림동","area_km2":0.0723,"edge":false,"slope_mean":6.01,"elev_mean":13.1,"flood_hist_n":0,"flood_depth_max_m":null,"flood_risk_100y":null,"semi_basement_r":null,"elderly_alone_r":0.0565,"bldg_age30_r":null,"shelter_min_walk":2,"pop":35692,"hh":14435,"elderly65_r":0.1651,"single_hh_r":0.2795,"source_level":"emd","flood_years":[]},"geometry":{"type":"Polygon","coordinates":[[[126.88955,37.50764],[126.8888,37.50915],[126.88707,37.50937],[126.8861,37.50806],[126.88685,37.50655],[126.88857,37.50633],[126.88955,37.50764]]]}},{"type":"Feature","properties":{"h3":"8930e0ac97bffff","emd_code":"1153056000","emd_name":"구로5동","area_km2":0.0723,"edge":false,"slope_mean":6.64,"elev_mean":18.0,"flood_hist_n":1,"flood_depth_max_m":0.2,"flood_risk_100y":null,"semi_basement_r":null,"elderly_alone_r":0.0936,"bldg_age30_r":null,"shelter_min_walk":1,"pop":28474,"hh":15613,"elderly65_r":0.2064,"single_hh_r":0.5458,"source_level":"emd","flood_years":[2022]},"geometry":{"type":"Polygon","coordinates":[[[126.88662,37.50373],[126.88587,37.50524],[126.88414,37.50546],[126.88317,37.50416],[126.88392,37.50264],[126.88564,37.50242],[126.88662,37.50373]]]}},{"type":"Feature","properties":{"h3":"8930e0ac98bffff","emd_code":"1153051000","emd_name":"신도림동","area_km2":0.0723,"edge":true,"slope_mean":4.07,"elev_mean":7.5,"flood_hist_n":0,"flood_depth_max_m":null,"flood_risk_100y":null,"semi_basement_r":null,"elderly_alone_r":0.0565,"bldg_age30_r":null,"shelter_min_walk":4,"pop":35692,"hh":14435,"elderly65_r":0.1651,"single_hh_r":0.2795,"source_level":"emd","flood_years":[]},"geometry":{"type":"Polygon","coordinates":[[[126.87965,37.51456],[126.8789,37.51608],[126.87718,37.51629],[126.8762,37.51499],[126.87695,37.51347],[126.87868,37.51326],[126.87965,37.51456]]]}},{"type":"Feature","properties":{"h3":"8930e0ac98fffff","emd_code":"1153051000","emd_name":"신도림동","area_km2":0.0723,"edge":false,"slope_mean":5.61,"elev_mean":8.9,"flood_hist_n":0,"flood_depth_max_m":null,"flood_risk_100y":null,"semi_basement_r":null,"elderly_alone_r":0.0565,"bldg_age30_r":null,"shelter_min_walk":4,"pop":35692,"hh":14435,"elderly65_r":0.1651,"single_hh_r":0.2795,"source_level":"emd","flood_years":[]},"geometry":{"type":"Polygon","coordinates":[[[126.88235,37.51565],[126.88161,37.51717],[126.87988,37.51738],[126.8789,37.51608],[126.87965,37.51456],[126.88138,37.51435],[126.88235,37.51565]]]}},{"type":"Feature","properties":{"h3":"8930e0ac9abffff","emd_code":"1153051000","emd_name":"신도림동","area_km2":0.0723,"edge":true,"slope_mean":4.43,"elev_mean":11.2,"flood_hist_n":1,"flood_depth_max_m":0.3,"flood_risk_100y":null,"semi_basement_r":null,"elderly_alone_r":0.0565,"bldg_age30_r":null,"shelter_min_walk":3,"pop":35692,"hh":14435,"elderly65_r":0.1651,"single_hh_r":0.2795,"source_level":"emd","flood_years":[2022]},"geometry":{"type":"Polygon","coordinates":[[[126.88753,37.51501],[126.88678,37.51653],[126.88506,37.51674],[126.88408,37.51544],[126.88483,37.51392],[126.88655,37.51371],[126.88753,37.51501]]]}},{"type":"Feature","properties":{"h3":"8930e0ac9c3ffff","emd_code":"1153051000","emd_name":"신도림동","area_km2":0.0723,"edge":true,"slope_mean":4.16,"elev_mean":7.3,"flood_hist_n":0,"flood_depth_max_m":null,"flood_risk_100y":null,"semi_basement_r":null,"elderly_alone_r":0.0565,"bldg_age30_r":null,"shelter_min_walk":6,"pop":35692,"hh":14435,"elderly65_r":0.1651,"single_hh_r":0.2795,"source_level":"emd","flood_years":[]},"geometry":{"type":"Polygon","coordinates":[[[126.87672,37.51065],[126.87598,37.51217],[126.87425,37.51238],[126.87328,37.51108],[126.87402,37.50956],[126.87575,37.50935],[126.87672,37.51065]]]}},{"type":"Feature","properties":{"h3":"8930e0ac9c7ffff","emd_code":"1153051000","emd_name":"신도림동","area_km2":0.0723,"edge":false,"slope_mean":4.32,"elev_mean":8.1,"flood_hist_n":1,"flood_depth_max_m":0.3,"flood_risk_100y":null,"semi_basement_r":null,"elderly_alone_r":0.0565,"bldg_age30_r":null,"shelter_min_walk":8,"pop":35692,"hh":14435,"elderly65_r":0.1651,"single_hh_r":0.2795,"source_level":"emd","flood_years":[2010]},"geometry":{"type":"Polygon","coordinates":[[[126.87943,37.51174],[126.87868,37.51326],[126.87695,37.51347],[126.87598,37.51217],[126.87672,37.51065],[126.87845,37.51044],[126.87943,37.51174]]]}},{"type":"Feature","properties":{"h3":"8930e0ac9cbffff","emd_code":"1153051000","emd_name":"신도림동","area_km2":0.0723,"edge":false,"slope_mean":4.3,"elev_mean":9.1,"flood_hist_n":1,"flood_depth_max_m":0.3,"flood_risk_100y":null,"semi_basement_r":null,"elderly_alone_r":0.0565,"bldg_age30_r":null,"shelter_min_walk":4,"pop":35692,"hh":14435,"elderly65_r":0.1651,"single_hh_r":0.2795,"source_level":"emd","flood_years":[2010]},"geometry":{"type":"Polygon","coordinates":[[[126.8765,37.50783],[126.87575,37.50935],[126.87402,37.50956],[126.87305,37.50826],[126.8738,37.50674],[126.87552,37.50653],[126.8765,37.50783]]]}},{"type":"Feature","properties":{"h3":"8930e0ac9cfffff","emd_code":"1153051000","emd_name":"신도림동","area_km2":0.0723,"edge":false,"slope_mean":2.93,"elev_mean":10.9,"flood_hist_n":2,"flood_depth_max_m":0.3,"flood_risk_100y":null,"semi_basement_r":null,"elderly_alone_r":0.0565,"bldg_age30_r":null,"shelter_min_walk":5,"pop":35692,"hh":14435,"elderly65_r":0.1651,"single_hh_r":0.2795,"source_level":"emd","flood_years":[2010,2022]},"geometry":{"type":"Polygon","coordinates":[[[126.8792,37.50892],[126.87845,37.51044],[126.87672,37.51065],[126.87575,37.50935],[126.8765,37.50783],[126.87822,37.50762],[126.8792,37.50892]]]}},{"type":"Feature","properties":{"h3":"8930e0aca83ffff","emd_code":"1153075000","emd_name":"개봉2동","area_km2":0.0722,"edge":false,"slope_mean":3.17,"elev_mean":15.4,"flood_hist_n":2,"flood_depth_max_m":0.3,"flood_risk_100y":null,"semi_basement_r":null,"elderly_alone_r":0.1179,"bldg_age30_r":null,"shelter_min_walk":2,"pop":29075,"hh":12746,"elderly65_r":0.2719,"single_hh_r":0.3269,"source_level":"emd","flood_years":[2010,2022]},"geometry":{"type":"Polygon","coordinates":[[[126.85939,37.49002],[126.85864,37.49154],[126.85692,37.49175],[126.85595,37.49045],[126.85669,37.48893],[126.85842,37.48872],[126.85939,37.49002]]]}},{"type":"Feature","properties":{"h3":"8930e0aca87ffff","emd_code":"1153075000","emd_name":"개봉2동","area_km2":0.0722,"edge":false,"slope_mean":5.9,"elev_mean":15.7,"flood_hist_n":1,"flood_depth_max_m":0.3,"flood_risk_100y":null,"semi_basement_r":null,"elderly_alone_r":0.1179,"bldg_age30_r":null,"shelter_min_walk":1,"pop":29075,"hh":12746,"elderly65_r":0.2719,"single_hh_r":0.3269,"source_level":"emd","flood_years":[2011]},"geometry":{"type":"Polygon","coordinates":[[[126.86209,37.49111],[126.86134,37.49263],[126.85962,37.49284],[126.85864,37.49154],[126.85939,37.49002],[126.86112,37.48981],[126.86209,37.49111]]]}},{"type":"Feature","properties":{"h3":"8930e0aca8bffff","emd_code":"1153076000","emd_name":"개봉3동","area_km2":0.0722,"edge":false,"slope_mean":3.85,"elev_mean":14.8,"flood_hist_n":4,"flood_depth_max_m":0.3,"flood_risk_100y":null,"semi_basement_r":null,"elderly_alone_r":0.1471,"bldg_age30_r":null,"shelter_min_walk":6,"pop":18493,"hh":8543,"elderly65_r":0.2851,"single_hh_r":0.3494,"source_level":"emd","flood_years":[2010,2011,2012,2022]},"geometry":{"type":"Polygon","coordinates":[[[126.85917,37.4872],[126.85842,37.48872],[126.85669,37.48893],[126.85572,37.48763],[126.85647,37.48611],[126.85819,37.4859],[126.85917,37.4872]]]}},{"type":"Feature","properties":{"h3":"8930e0aca8fffff","emd_code":"1153076000","emd_name":"개봉3동","area_km2":0.0722,"edge":false,"slope_mean":8.36,"elev_mean":17.1,"flood_hist_n":2,"flood_depth_max_m":0.3,"flood_risk_100y":null,"semi_basement_r":null,"elderly_alone_r":0.1471,"bldg_age30_r":null,"shelter_min_walk":4,"pop":18493,"hh":8543,"elderly65_r":0.2851,"single_hh_r":0.3494,"source_level":"emd","flood_years":[2010,2022]},"geometry":{"type":"Polygon","coordinates":[[[126.86187,37.48829],[126.86112,37.48981],[126.85939,37.49002],[126.85842,37.48872],[126.85917,37.4872],[126.86089,37.48699],[126.86187,37.48829]]]}},{"type":"Feature","properties":{"h3":"8930e0aca93ffff","emd_code":"1153075000","emd_name":"개봉2동","area_km2":0.0722,"edge":false,"slope_mean":2.38,"elev_mean":16.0,"flood_hist_n":4,"flood_depth_max_m":0.3,"flood_risk_100y":null,"semi_basement_r":null,"elderly_alone_r":0.1179,"bldg_age30_r":null,"shelter_min_walk":2,"pop":29075,"hh":12746,"elderly65_r":0.2719,"single_hh_r":0.3269,"source_level":"emd","flood_years":[2010,2011,2012,2022]},"geometry":{"type":"Polygon","coordinates":[[[126.85692,37.49175],[126.85617,37.49327],[126.85445,37.49348],[126.85347,37.49218],[126.85422,37.49066],[126.85595,37.49045],[126.85692,37.49175]]]}},{"type":"Feature","properties":{"h3":"8930e0aca97ffff","emd_code":"1153075000","emd_name":"개봉2동","area_km2":0.0722,"edge":false,"slope_mean":5.2,"elev_mean":14.8,"flood_hist_n":2,"flood_depth_max_m":0.3,"flood_risk_100y":null,"semi_basement_r":null,"elderly_alone_r":0.1179,"bldg_age30_r":null,"shelter_min_walk":2,"pop":29075,"hh":12746,"elderly65_r":0.2719,"single_hh_r":0.3269,"source_level":"emd","flood_years":[2010,2011]},"geometry":{"type":"Polygon","coordinates":[[[126.85962,37.49284],[126.85887,37.49436],[126.85715,37.49457],[126.85617,37.49327],[126.85692,37.49175],[126.85864,37.49154],[126.85962,37.49284]]]}},{"type":"Feature","properties":{"h3":"8930e0aca9bffff","emd_code":"1153076000","emd_name":"개봉3동","area_km2":0.0722,"edge":false,"slope_mean":2.19,"elev_mean":15.8,"flood_hist_n":4,"flood_depth_max_m":0.3,"flood_risk_100y":null,"semi_basement_r":null,"elderly_alone_r":0.1471,"bldg_age30_r":null,"shelter_min_walk":4,"pop":18493,"hh":8543,"elderly65_r":0.2851,"single_hh_r":0.3494,"source_level":"emd","flood_years":[2010,2011,2012,2022]},"geometry":{"type":"Polygon","coordinates":[[[126.85669,37.48893],[126.85595,37.49045],[126.85422,37.49066],[126.85325,37.48936],[126.854,37.48784],[126.85572,37.48763],[126.85669,37.48893]]]}},{"type":"Feature","properties":{"h3":"8930e0acaa3ffff","emd_code":"1153075000","emd_name":"개봉2동","area_km2":0.0722,"edge":true,"slope_mean":6.67,"elev_mean":19.1,"flood_hist_n":0,"flood_depth_max_m":null,"flood_risk_100y":null,"semi_basement_r":null,"elderly_alone_r":0.1179,"bldg_age30_r":null,"shelter_min_walk":5,"pop":29075,"hh":12746,"elderly65_r":0.2719,"single_hh_r":0.3269,"source_level":"emd","flood_years":[]},"geometry":{"type":"Polygon","coordinates":[[[126.86726,37.49047],[126.86651,37.49198],[126.86479,37.4922],[126.86382,37.49089],[126.86456,37.48938],[126.86629,37.48916],[126.86726,37.49047]]]}},{"type":"Feature","properties":{"h3":"8930e0acab3ffff","emd_code":"1153075000","emd_name":"개봉2동","area_km2":0.0722,"edge":false,"slope_mean":4.74,"elev_mean":11.3,"flood_hist_n":0,"flood_depth_max_m":null,"flood_risk_100y":null,"semi_basement_r":null,"elderly_alone_r":0.1179,"bldg_age30_r":null,"shelter_min_walk":1,"pop":29075,"hh":12746,"elderly65_r":0.2719,"single_hh_r":0.3269,"source_level":"emd","flood_years":[]},"geometry":{"type":"Polygon","coordinates":[[[126.86479,37.4922],[126.86404,37.49371],[126.86232,37.49393],[126.86134,37.49263],[126.86209,37.49111],[126.86382,37.49089],[126.86479,37.4922]]]}},{"type":"Feature","properties":{"h3":"8930e0acab7ffff","emd_code":"1153075000","emd_name":"개봉2동","area_km2":0.0722,"edge":false,"slope_mean":6.12,"elev_mean":11.5,"flood_hist_n":0,"flood_depth_max_m":null,"flood_risk_100y":null,"semi_basement_r":null,"elderly_alone_r":0.1179,"bldg_age30_r":null,"shelter_min_walk":5,"pop":29075,"hh":12746,"elderly65_r":0.2719,"single_hh_r":0.3269,"source_level":"emd","flood_years":[]},"geometry":{"type":"Polygon","coordinates":[[[126.86749,37.49329],[126.86674,37.4948],[126.86502,37.49502],[126.86404,37.49371],[126.86479,37.4922],[126.86651,37.49198],[126.86749,37.49329]]]}},{"type":"Feature","properties":{"h3":"8930e0acabbffff","emd_code":"1153076000","emd_name":"개봉3동","area_km2":0.0722,"edge":true,"slope_mean":7.81,"elev_mean":23.7,"flood_hist_n":0,"flood_depth_max_m":null,"flood_risk_100y":null,"semi_basement_r":null,"elderly_alone_r":0.1471,"bldg_age30_r":null,"shelter_min_walk":4,"pop":18493,"hh":8543,"elderly65_r":0.2851,"single_hh_r":0.3494,"source_level":"emd","flood_years":[]},"geometry":{"type":"Polygon","coordinates":[[[126.86456,37.48938],[126.86382,37.49089],[126.86209,37.49111],[126.86112,37.48981],[126.86187,37.48829],[126.86359,37.48807],[126.86456,37.48938]]]}},{"type":"Feature","properties":{"h3":"8930e0acac3ffff","emd_code":"1153076000","emd_name":"개봉3동","area_km2":0.0722,"edge":true,"slope_mean":4.52,"elev_mean":14.0,"flood_hist_n":2,"flood_depth_max_m":0.3,"flood_risk_100y":null,"semi_basement_r":null,"elderly_alone_r":0.1471,"bldg_age30_r":null,"shelter_min_walk":6,"pop":18493,"hh":8543,"elderly65_r":0.2851,"single_hh_r":0.3494,"source_level":"emd","flood_years":[2011,2022]},"geometry":{"type":"Polygon","coordinates":[[[126.85624,37.48329],[126.85549,37.48481],[126.85377,37.48502],[126.8528,37.48372],[126.85354,37.4822],[126.85527,37.48199],[126.85624,37.48329]]]}},{"type":"Feature","properties":{"h3":"8930e0acac7ffff","emd_code":"1153076000","emd_name":"개봉3동","area_km2":0.0722,"edge":true,"slope_mean":3.38,"elev_mean":14.8,"flood_hist_n":0,"flood_depth_max_m":null,"flood_risk_100y":null,"semi_basement_r":null,"elderly_alone_r":0.1471,"bldg_age30_r":null,"shelter_min_walk":8,"pop":18493,"hh":8543,"elderly65_r":0.2851,"single_hh_r":0.3494,"source_level":"emd","flood_years":[]},"geometry":{"type":"Polygon","coordinates":[[[126.85894,37.48438],[126.85819,37.4859],[126.85647,37.48611],[126.85549,37.48481],[126.85624,37.48329],[126.85797,37.48308],[126.85894,37.48438]]]}},{"type":"Feature","properties":{"h3":"8930e0acad3ffff","emd_code":"1153076000","emd_name":"개봉3동","area_km2":0.0722,"edge":false,"slope_mean":6.68,"elev_mean":22.0,"flood_hist_n":2,"flood_depth_max_m":0.3,"flood_risk_100y":null,"semi_basement_r":null,"elderly_alone_r":0.1471,"bldg_age30_r":null,"shelter_min_walk":1,"pop":18493,"hh":8543,"elderly65_r":0.2851,"single_hh_r":0.3494,"source_level":"emd","flood_years":[2010,2022]},"geometry":{"type":"Polygon","coordinates":[[[126.85377,37.48502],[126.85302,37.48654],[126.8513,37.48675],[126.85032,37.48545],[126.85107,37.48393],[126.8528,37.48372],[126.85377,37.48502]]]}},{"type":"Feature","properties":{"h3":"8930e0acad7ffff","emd_code":"1153076000","emd_name":"개봉3동","area_km2":0.0722,"edge":false,"slope_mean":2.91,"elev_mean":15.5,"flood_hist_n":4,"flood_depth_max_m":0.3,"flood_risk_100y":null,"semi_basement_r":null,"elderly_alone_r":0.1471,"bldg_age30_r":null,"shelter_min_walk":4,"pop":18493,"hh":8543,"elderly65_r":0.2851,"single_hh_r":0.3494,"source_level":"emd","flood_years":[2010,2011,2012,2022]},"geometry":{"type":"Polygon","coordinates":[[[126.85647,37.48611],[126.85572,37.48763],[126.854,37.48784],[126.85302,37.48654],[126.85377,37.48502],[126.85549,37.48481],[126.85647,37.48611]]]}},{"type":"Feature","properties":{"h3":"8930e0acadbffff","emd_code":"1153076000","emd_name":"개봉3동","area_km2":0.0722,"edge":false,"slope_mean":7.15,"elev_mean":18.4,"flood_hist_n":4,"flood_depth_max_m":0.3,"flood_risk_100y":null,"semi_basement_r":null,"elderly_alone_r":0.1471,"bldg_age30_r":null,"shelter_min_walk":3,"pop":18493,"hh":8543,"elderly65_r":0.2851,"single_hh_r":0.3494,"source_level":"emd","flood_years":[2010,2011,2022,2023]},"geometry":{"type":"Polygon","coordinates":[[[126.85354,37.4822],[126.8528,37.48372],[126.85107,37.48393],[126.8501,37.48263],[126.85085,37.48111],[126.85257,37.4809],[126.85354,37.4822]]]}},{"type":"Feature","properties":{"h3":"8930e0acb03ffff","emd_code":"1153053000","emd_name":"구로2동","area_km2":0.0723,"edge":false,"slope_mean":3.12,"elev_mean":15.5,"flood_hist_n":3,"flood_depth_max_m":0.3,"flood_risk_100y":null,"semi_basement_r":null,"elderly_alone_r":0.1828,"bldg_age30_r":null,"shelter_min_walk":3,"pop":21647,"hh":12084,"elderly65_r":0.2995,"single_hh_r":0.5386,"source_level":"emd","flood_years":[2010,2011,2022]},"geometry":{"type":"Polygon","coordinates":[[[126.88301,37.49136],[126.88226,37.49287],[126.88053,37.49309],[126.87956,37.49179],[126.88031,37.49027],[126.88203,37.49005],[126.88301,37.49136]]]}},{"type":"Feature","properties":{"h3":"8930e0acb07ffff","emd_code":"1153053000","emd_name":"구로2동","area_km2":0.0723,"edge":false,"slope_mean":4.24,"elev_mean":24.2,"flood_hist_n":3,"flood_depth_max_m":0.3,"flood_risk_100y":null,"semi_basement_r":null,"elderly_alone_r":0.1828,"bldg_age30_r":null,"shelter_min_walk":2,"pop":21647,"hh":12084,"elderly65_r":0.2995,"single_hh_r":0.5386,"source_level":"emd","flood_years":[2010,2022,2023]},"geometry":{"type":"Polygon","coordinates":[[[126.88571,37.49244],[126.88496,37.49396],[126.88323,37.49418],[126.88226,37.49287],[126.88301,37.49136],[126.88473,37.49114],[126.88571,37.49244]]]}},{"type":"Feature","properties":{"h3":"8930e0acb0bffff","emd_code":"1153053000","emd_name":"구로2동","area_km2":0.0723,"edge":false,"slope_mean":4.87,"elev_mean":16.4,"flood_hist_n":3,"flood_depth_max_m":0.3,"flood_risk_100y":null,"semi_basement_r":null,"elderly_alone_r":0.1828,"bldg_age30_r":null,"shelter_min_walk":3,"pop":21647,"hh":12084,"elderly65_r":0.2995,"single_hh_r":0.5386,"source_level":"emd","flood_years":[2010,2011,2022]},"geometry":{"type":"Polygon","coordinates":[[[126.88278,37.48854],[126.88203,37.49005],[126.88031,37.49027],[126.87933,37.48897],[126.88008,37.48745],[126.8818,37.48723],[126.88278,37.48854]]]}},{"type":"Feature","properties":{"h3":"8930e0acb0fffff","emd_code":"1153053000","emd_name":"구로2동","area_km2":0.0723,"edge":false,"slope_mean":3.97,"elev_mean":21.9,"flood_hist_n":4,"flood_depth_max_m":0.5,"flood_risk_100y":null,"semi_basement_r":null,"elderly_alone_r":0.1828,"bldg_age30_r":null,"shelter_min_walk":1,"pop":21647,"hh":12084,"elderly65_r":0.2995,"single_hh_r":0.5386,"source_level":"emd","flood_years":[2010,2011,2022,2023]},"geometry":{"type":"Polygon","coordinates":[[[126.88548,37.48962],[126.88473,37.49114],[126.88301,37.49136],[126.88203,37.49005],[126.88278,37.48854],[126.8845,37.48832],[126.88548,37.48962]]]}},{"type":"Feature","properties":{"h3":"8930e0acb13ffff","emd_code":"1153052000","emd_name":"구로1동","area_km2":0.0723,"edge":false,"slope_mean":2.76,"elev_mean":11.4,"flood_hist_n":2,"flood_depth_max_m":0.3,"flood_risk_100y":null,"semi_basement_r":null,"elderly_alone_r":0.063,"bldg_age30_r":null,"shelter_min_walk":4,"pop":20023,"hh":8440,"elderly65_r":0.179,"single_hh_r":0.306,"source_level":"emd","flood_years":[2010,2022]},"geometry":{"type":"Polygon","coordinates":[[[126.88053,37.49309],[126.87979,37.49461],[126.87806,37.49482],[126.87709,37.49352],[126.87783,37.492],[126.87956,37.49179],[126.88053,37.49309]]]}},{"type":"Feature","properties":{"h3":"8930e0acb17ffff","emd_code":"1153053000","emd_name":"구로2동","area_km2":0.0723,"edge":false,"slope_mean":5.2,"elev_mean":22.5,"flood_hist_n":3,"flood_depth_max_m":0.3,"flood_risk_100y":null,"semi_basement_r":null,"elderly_alone_r":0.1828,"bldg_age30_r":null,"shelter_min_walk":3,"pop":21647,"hh":12084,"elderly65_r":0.2995,"single_hh_r":0.5386,"source_level":"emd","flood_years":[2010,2012,2022]},"geometry":{"type":"Polygon","coordinates":[[[126.88323,37.49418],[126.88249,37.49569],[126.88076,37.49591],[126.87979,37.49461],[126.88053,37.49309],[126.88226,37.49287],[126.88323,37.49418]]]}},{"type":"Feature","properties":{"h3":"8930e0acb1bffff","emd_code":"1153052000","emd_name":"구로1동","area_km2":0.0723,"edge":false,"slope_mean":3.4,"elev_mean":12.2,"flood_hist_n":0,"flood_depth_max_m":null,"flood_risk_100y":null,"semi_basement_r":null,"elderly_alone_r":0.063,"bldg_age30_r":null,"shelter_min_walk":3,"pop":20023,"hh":8440,"elderly65_r":0.179,"single_hh_r":0.306,"source_level":"emd","flood_years":[]},"geometry":{"type":"Polygon","coordinates":[[[126.88031,37.49027],[126.87956,37.49179],[126.87783,37.492],[126.87686,37.4907],[126.87761,37.48918],[126.87933,37.48897],[126.88031,37.49027]]]}},{"type":"Feature","properties":{"h3":"8930e0acb23ffff","emd_code":"1153053000","emd_name":"구로2동","area_km2":0.0723,"edge":false,"slope_mean":4.55,"elev_mean":18.5,"flood_hist_n":3,"flood_depth_max_m":0.3,"flood_risk_100y":null,"semi_basement_r":null,"elderly_alone_r":0.1828,"bldg_age30_r":null,"shelter_min_walk":4,"pop":21647,"hh":12084,"elderly65_r":0.2995,"single_hh_r":0.5386,"source_level":"emd","flood_years":[2010,2011,2022]},"geometry":{"type":"Polygon","coordinates":[[[126.89088,37.4918],[126.89013,37.49332],[126.88841,37.49353],[126.88743,37.49223],[126.88818,37.49071],[126.8899,37.4905],[126.89088,37.4918]]]}},{"type":"Feature","properties":{"h3":"8930e0acb27ffff","emd_code":"1153055000","emd_name":"구로4동","area_km2":0.0723,"edge":false,"slope_mean":2.86,"elev_mean":15.3,"flood_hist_n":3,"flood_depth_max_m":0.3,"flood_risk_100y":null,"semi_basement_r":null,"elderly_alone_r":0.1798,"bldg_age30_r":null,"shelter_min_walk":3,"pop":17562,"hh":10075,"elderly65_r":0.2984,"single_hh_r":0.5489,"source_level":"emd","flood_years":[2010,2022,2023]},"geometry":{"type":"Polygon","coordinates":[[[126.89358,37.49289],[126.89283,37.49441],[126.89111,37.49462],[126.89013,37.49332],[126.89088,37.4918],[126.8926,37.49159],[126.89358,37.49289]]]}},{"type":"Feature","properties":{"h3":"8930e0acb2bffff","emd_code":"1153055000","emd_name":"구로4동","area_km2":0.0723,"edge":false,"slope_mean":4.86,"elev_mean":21.0,"flood_hist_n":2,"flood_depth_max_m":0.5,"flood_risk_100y":null,"semi_basement_r":null,"elderly_alone_r":0.1798,"bldg_age30_r":null,"shelter_min_walk":2,"pop":17562,"hh":10075,"elderly65_r":0.2984,"single_hh_r":0.5489,"source_level":"emd","flood_years":[2010,2022]},"geometry":{"type":"Polygon","coordinates":[[[126.89065,37.48898],[126.8899,37.4905],[126.88818,37.49071],[126.8872,37.48941],[126.88795,37.48789],[126.88968,37.48768],[126.89065,37.48898]]]}},{"type":"Feature","properties":{"h3":"8930e0acb2fffff","emd_code":"1153055000","emd_name":"구로4동","area_km2":0.0723,"edge":false,"slope_mean":4.4,"elev_mean":15.9,"flood_hist_n":3,"flood_depth_max_m":0.3,"flood_risk_100y":null,"semi_basement_r":null,"elderly_alone_r":0.1798,"bldg_age30_r":null,"shelter_min_walk":2,"pop":17562,"hh":10075,"elderly65_r":0.2984,"single_hh_r":0.5489,"source_level":"emd","flood_years":[2010,2011,2022]},"geometry":{"type":"Polygon","coordinates":[[[126.89335,37.49007],[126.8926,37.49159],[126.89088,37.4918],[126.8899,37.4905],[126.89065,37.48898],[126.89238,37.48877],[126.89335,37.49007]]]}},{"type":"Feature","properties":{"h3":"8930e0acb33ffff","emd_code":"1153053000","emd_name":"구로2동","area_km2":0.0723,"edge":false,"slope_mean":4.76,"elev_mean":23.5,"flood_hist_n":3,"flood_depth_max_m":0.3,"flood_risk_100y":null,"semi_basement_r":null,"elderly_alone_r":0.1828,"bldg_age30_r":null,"shelter_min_walk":2,"pop":21647,"hh":12084,"elderly65_r":0.2995,"single_hh_r":0.5386,"source_level":"emd","flood_years":[2010,2011,2022]},"geometry":{"type":"Polygon","coordinates":[[[126.88841,37.49353],[126.88766,37.49505],[126.88593,37.49527],[126.88496,37.49396],[126.88571,37.49244],[126.88743,37.49223],[126.88841,37.49353]]]}},{"type":"Feature","properties":{"h3":"8930e0acb37ffff","emd_code":"1153055000","emd_name":"구로4동","area_km2":0.0723,"edge":false,"slope_mean":6.25,"elev_mean":15.6,"flood_hist_n":4,"flood_depth_max_m":0.3,"flood_risk_100y":null,"semi_basement_r":null,"elderly_alone_r":0.1798,"bldg_age30_r":null,"shelter_min_walk":1,"pop":17562,"hh":10075,"elderly65_r":0.2984,"single_hh_r":0.5489,"source_level":"emd","flood_years":[2010,2011,2012,2022]},"geometry":{"type":"Polygon","coordinates":[[[126.89111,37.49462],[126.89036,37.49614],[126.88864,37.49635],[126.88766,37.49505],[126.88841,37.49353],[126.89013,37.49332],[126.89111,37.49462]]]}},{"type":"Feature","properties":{"h3":"8930e0acb3bffff","emd_code":"1153053000","emd_name":"구로2동","area_km2":0.0723,"edge":false,"slope_mean":3.76,"elev_mean":20.9,"flood_hist_n":4,"flood_depth_max_m":0.5,"flood_risk_100y":null,"semi_basement_r":null,"elderly_alone_r":0.1828,"bldg_age30_r":null,"shelter_min_walk":2,"pop":21647,"hh":12084,"elderly65_r":0.2995,"single_hh_r":0.5386,"source_level":"emd","flood_years":[2010,2011,2022,2023]},"geometry":{"type":"Polygon","coordinates":[[[126.88818,37.49071],[126.88743,37.49223],[126.88571,37.49244],[126.88473,37.49114],[126.88548,37.48962],[126.8872,37.48941],[126.88818,37.49071]]]}},{"type":"Feature","properties":{"h3":"8930e0acb43ffff","emd_code":"1153052000","emd_name":"구로1동","area_km2":0.0723,"edge":true,"slope_mean":6.26,"elev_mean":13.5,"flood_hist_n":0,"flood_depth_max_m":null,"flood_risk_100y":null,"semi_basement_r":null,"elderly_alone_r":0.063,"bldg_age30_r":null,"shelter_min_walk":4,"pop":20023,"hh":8440,"elderly65_r":0.179,"single_hh_r":0.306,"source_level":"emd","flood_years":[]},"geometry":{"type":"Polygon","coordinates":[[[126.87985,37.48463],[126.8791,37.48614],[126.87738,37.48636],[126.8764,37.48506],[126.87715,37.48354],[126.87888,37.48332],[126.87985,37.48463]]]}},{"type":"Feature","properties":{"h3":"8930e0acb47ffff","emd_code":"1153059500","emd_name":"가리봉동","area_km2":0.0723,"edge":false,"slope_mean":5.98,"elev_mean":16.7,"flood_hist_n":2,"flood_depth_max_m":0.3,"flood_risk_100y":null,"semi_basement_r":null,"elderly_alone_r":0.1724,"bldg_age30_r":null,"shelter_min_walk":2,"pop":8878,"hh":6219,"elderly65_r":0.2519,"single_hh_r":0.7374,"source_level":"emd","flood_years":[2010,2022]},"geometry":{"type":"Polygon","coordinates":[[[126.88255,37.48572],[126.8818,37.48723],[126.88008,37.48745],[126.8791,37.48614],[126.87985,37.48463],[126.88158,37.48441],[126.88255,37.48572]]]}},{"type":"Feature","properties":{"h3":"8930e0acb53ffff","emd_code":"1153052000","emd_name":"구로1동","area_km2":0.0722,"edge":false,"slope_mean":4.82,"elev_mean":11.4,"flood_hist_n":0,"flood_depth_max_m":null,"flood_risk_100y":null,"semi_basement_r":null,"elderly_alone_r":0.063,"bldg_age30_r":null,"shelter_min_walk":4,"pop":20023,"hh":8440,"elderly65_r":0.179,"single_hh_r":0.306,"source_level":"emd","flood_years":[]},"geometry":{"type":"Polygon","coordinates":[[[126.87738,37.48636],[126.87663,37.48788],[126.87491,37.48809],[126.87393,37.48679],[126.87468,37.48527],[126.8764,37.48506],[126.87738,37.48636]]]}},{"type":"Feature","properties":{"h3":"8930e0acb57ffff","emd_code":"1153052000","emd_name":"구로1동","area_km2":0.0723,"edge":false,"slope_mean":3.59,"elev_mean":12.4,"flood_hist_n":1,"flood_depth_max_m":0.2,"flood_risk_100y":null,"semi_basement_r":null,"elderly_alone_r":0.063,"bldg_age30_r":null,"shelter_min_walk":3,"pop":20023,"hh":8440,"elderly65_r":0.179,"single_hh_r":0.306,"source_level":"emd","flood_years":[2022]},"geometry":{"type":"Polygon","coordinates":[[[126.88008,37.48745],[126.87933,37.48897],[126.87761,37.48918],[126.87663,37.48788],[126.87738,37.48636],[126.8791,37.48614],[126.88008,37.48745]]]}},{"type":"Feature","properties":{"h3":"8930e0acb63ffff","emd_code":"1153055000","emd_name":"구로4동","area_km2":0.0723,"edge":false,"slope_mean":6.14,"elev_mean":29.1,"flood_hist_n":2,"flood_depth_max_m":0.3,"flood_risk_100y":null,"semi_basement_r":null,"elderly_alone_r":0.1798,"bldg_age30_r":null,"shelter_min_walk":1,"pop":17562,"hh":10075,"elderly65_r":0.2984,"single_hh_r":0.5489,"source_level":"emd","flood_years":[2010,2022]},"geometry":{"type":"Polygon","coordinates":[[[126.88772,37.48507],[126.88698,37.48659],[126.88525,37.4868],[126.88428,37.4855],[126.88502,37.48398],[126.88675,37.48377],[126.88772,37.48507]]]}},{"type":"Feature","properties":{"h3":"8930e0acb67ffff","emd_code":"1153054000","emd_name":"구로3동","area_km2":0.0723,"edge":false,"slope_mean":6.07,"elev_mean":27.6,"flood_hist_n":2,"flood_depth_max_m":0.3,"flood_risk_100y":null,"semi_basement_r":null,"elderly_alone_r":0.0758,"bldg_age30_r":null,"shelter_min_walk":3,"pop":22653,"hh":13714,"elderly65_r":0.1822,"single_hh_r":0.631,"source_level":"emd","flood_years":[2011,2022]},"geometry":{"type":"Polygon","coordinates":[[[126.89042,37.48616],[126.88968,37.48768],[126.88795,37.48789],[126.88698,37.48659],[126.88772,37.48507],[126.88945,37.48486],[126.89042,37.48616]]]}},{"type":"Feature","properties":{"h3":"8930e0acb6bffff","emd_code":"1153059500","emd_name":"가리봉동","area_km2":0.0723,"edge":true,"slope_mean":5.15,"elev_mean":14.5,"flood_hist_n":2,"flood_depth_max_m":0.3,"flood_risk_100y":null,"semi_basement_r":null,"elderly_alone_r":0.1724,"bldg_age30_r":null,"shelter_min_walk":4,"pop":8878,"hh":6219,"elderly65_r":0.2519,"single_hh_r":0.7374,"source_level":"emd","flood_years":[2010,2022]},"geometry":{"type":"Polygon","coordinates":[[[126.8875,37.48225],[126.88675,37.48377],[126.88502,37.48398],[126.88405,37.48268],[126.8848,37.48116],[126.88652,37.48095],[126.8875,37.48225]]]}},{"type":"Feature","properties":{"h3":"8930e0acb6fffff","emd_code":"1153059500","emd_name":"가리봉동","area_km2":0.0723,"edge":false,"slope_mean":5.21,"elev_mean":23.1,"flood_hist_n":3,"flood_depth_max_m":1.0,"flood_risk_100y":null,"semi_basement_r":null,"elderly_alone_r":0.1724,"bldg_age30_r":null,"shelter_min_walk":2,"pop":8878,"hh":6219,"elderly65_r":0.2519,"single_hh_r":0.7374,"source_level":"emd","flood_years":[2010,2011,2022]},"geometry":{"type":"Polygon","coordinates":[[[126.8902,37.48334],[126.88945,37.48486],[126.88772,37.48507],[126.88675,37.48377],[126.8875,37.48225],[126.88922,37.48204],[126.8902,37.48334]]]}},{"type":"Feature","properties":{"h3":"8930e0acb73ffff","emd_code":"1153053000","emd_name":"구로2동","area_km2":0.0723,"edge":false,"slope_mean":4.59,"elev_mean":25.1,"flood_hist_n":2,"flood_depth_max_m":0.3,"flood_risk_100y":null,"semi_basement_r":null,"elderly_alone_r":0.1828,"bldg_age30_r":null,"shelter_min_walk":4,"pop":21647,"hh":12084,"elderly65_r":0.2995,"single_hh_r":0.5386,"source_level":"emd","flood_years":[2010,2022]},"geometry":{"type":"Polygon","coordinates":[[[126.88525,37.4868],[126.8845,37.48832],[126.88278,37.48854],[126.8818,37.48723],[126.88255,37.48572],[126.88428,37.4855],[126.88525,37.4868]]]}},{"type":"Feature","properties":{"h3":"8930e0acb77ffff","emd_code":"1153055000","emd_name":"구로4동","area_km2":0.0723,"edge":false,"slope_mean":6.02,"elev_mean":27.9,"flood_hist_n":2,"flood_depth_max_m":0.5,"flood_risk_100y":null,"semi_basement_r":null,"elderly_alone_r":0.1798,"bldg_age30_r":null,"shelter_min_walk":3,"pop":17562,"hh":10075,"elderly65_r":0.2984,"single_hh_r":0.5489,"source_level":"emd","flood_years":[2010,2022]},"geometry":{"type":"Polygon","coordinates":[[[126.88795,37.48789],[126.8872,37.48941],[126.88548,37.48962],[126.8845,37.48832],[126.88525,37.4868],[126.88698,37.48659],[126.88795,37.48789]]]}},{"type":"Feature","properties":{"h3":"8930e0acb7bffff","emd_code":"1153059500","emd_name":"가리봉동","area_km2":0.0723,"edge":true,"slope_mean":5.15,"elev_mean":15.6,"flood_hist_n":2,"flood_depth_max_m":0.3,"flood_risk_100y":null,"semi_basement_r":null,"elderly_alone_r":0.1724,"bldg_age30_r":null,"shelter_min_walk":4,"pop":8878,"hh":6219,"elderly65_r":0.2519,"single_hh_r":0.7374,"source_level":"emd","flood_years":[2010,2022]},"geometry":{"type":"Polygon","coordinates":[[[126.88502,37.48398],[126.88428,37.4855],[126.88255,37.48572],[126.88158,37.48441],[126.88232,37.4829],[126.88405,37.48268],[126.88502,37.48398]]]}},{"type":"Feature","properties":{"h3":"8930e0acb83ffff","emd_code":"1153052000","emd_name":"구로1동","area_km2":0.0723,"edge":false,"slope_mean":4.3,"elev_mean":13.6,"flood_hist_n":1,"flood_depth_max_m":0.3,"flood_risk_100y":null,"semi_basement_r":null,"elderly_alone_r":0.063,"bldg_age30_r":null,"shelter_min_walk":1,"pop":20023,"hh":8440,"elderly65_r":0.179,"single_hh_r":0.306,"source_level":"emd","flood_years":[2010]},"geometry":{"type":"Polygon","coordinates":[[[126.87829,37.49764],[126.87754,37.49916],[126.87582,37.49937],[126.87484,37.49807],[126.87559,37.49655],[126.87731,37.49634],[126.87829,37.49764]]]}},{"type":"Feature","properties":{"h3":"8930e0acb87ffff","emd_code":"1153053000","emd_name":"구로2동","area_km2":0.0723,"edge":false,"slope_mean":4.19,"elev_mean":14.1,"flood_hist_n":0,"flood_depth_max_m":null,"flood_risk_100y":null,"semi_basement_r":null,"elderly_alone_r":0.1828,"bldg_age30_r":null,"shelter_min_walk":3,"pop":21647,"hh":12084,"elderly65_r":0.2995,"single_hh_r":0.5386,"source_level":"emd","flood_years":[]},"geometry":{"type":"Polygon","coordinates":[[[126.88099,37.49873],[126.88024,37.50025],[126.87852,37.50046],[126.87754,37.49916],[126.87829,37.49764],[126.88001,37.49743],[126.88099,37.49873]]]}},{"type":"Feature","properties":{"h3":"8930e0acb8bffff","emd_code":"1153052000","emd_name":"구로1동","area_km2":0.0723,"edge":false,"slope_mean":3.84,"elev_mean":14.1,"flood_hist_n":1,"flood_depth_max_m":0.3,"flood_risk_100y":null,"semi_basement_r":null,"elderly_alone_r":0.063,"bldg_age30_r":null,"shelter_min_walk":2,"pop":20023,"hh":8440,"elderly65_r":0.179,"single_hh_r":0.306,"source_level":"emd","flood_years":[2010]},"geometry":{"type":"Polygon","coordinates":[[[126.87806,37.49482],[126.87731,37.49634],[126.87559,37.49655],[126.87461,37.49525],[126.87536,37.49373],[126.87709,37.49352],[126.87806,37.49482]]]}},{"type":"Feature","properties":{"h3":"8930e0acb8fffff","emd_code":"1153052000","emd_name":"구로1동","area_km2":0.0723,"edge":false,"slope_mean":4.34,"elev_mean":12.6,"flood_hist_n":3,"flood_depth_max_m":0.3,"flood_risk_100y":null,"semi_basement_r":null,"elderly_alone_r":0.063,"bldg_age30_r":null,"shelter_min_walk":4,"pop":20023,"hh":8440,"elderly65_r":0.179,"single_hh_r":0.306,"source_level":"emd","flood_years":[2010,2011,2022]},"geometry":{"type":"Polygon","coordinates":[[[126.88076,37.49591],[126.88001,37.49743],[126.87829,37.49764],[126.87731,37.49634],[126.87806,37.49482],[126.87979,37.49461],[126.88076,37.49591]]]}},{"type":"Feature","properties":{"h3":"8930e0acb93ffff","emd_code":"1153053000","emd_name":"구로2동","area_km2":0.0723,"edge":false,"slope_mean":7.22,"elev_mean":15.5,"flood_hist_n":0,"flood_depth_max_m":null,"flood_risk_100y":null,"semi_basement_r":null,"elderly_alone_r":0.1828,"bldg_age30_r":null,"shelter_min_walk":4,"pop":21647,"hh":12084,"elderly65_r":0.2995,"single_hh_r":0.5386,"source_level":"emd","flood_years":[]},"geometry":{"type":"Polygon","coordinates":[[[126.87582,37.49937],[126.87507,37.50089],[126.87334,37.5011],[126.87237,37.4998],[126.87312,37.49828],[126.87484,37.49807],[126.87582,37.49937]]]}},{"type":"Feature","properties":{"h3":"8930e0acb97ffff","emd_code":"1153053000","emd_name":"구로2동","area_km2":0.0723,"edge":false,"slope_mean":5.3,"elev_mean":12.2,"flood_hist_n":0,"flood_depth_max_m":null,"flood_risk_100y":null,"semi_basement_r":null,"elderly_alone_r":0.1828,"bldg_age30_r":null,"shelter_min_walk":2,"pop":21647,"hh":12084,"elderly65_r":0.2995,"single_hh_r":0.5386,"source_level":"emd","flood_years":[]},"geometry":{"type":"Polygon","coordinates":[[[126.87852,37.50046],[126.87777,37.50198],[126.87604,37.50219],[126.87507,37.50089],[126.87582,37.49937],[126.87754,37.49916],[126.87852,37.50046]]]}},{"type":"Feature","properties":{"h3":"8930e0acb9bffff","emd_code":"1153052000","emd_name":"구로1동","area_km2":0.0722,"edge":false,"slope_mean":4.01,"elev_mean":13.4,"flood_hist_n":1,"flood_depth_max_m":0.3,"flood_risk_100y":null,"semi_basement_r":null,"elderly_alone_r":0.063,"bldg_age30_r":null,"shelter_min_walk":1,"pop":20023,"hh":8440,"elderly65_r":0.179,"single_hh_r":0.306,"source_level":"emd","flood_years":[2010]},"geometry":{"type":"Polygon","coordinates":[[[126.87559,37.49655],[126.87484,37.49807],[126.87312,37.49828],[126.87214,37.49698],[126.87289,37.49546],[126.87461,37.49525],[126.87559,37.49655]]]}},{"type":"Feature","properties":{"h3":"8930e0acba3ffff","emd_code":"1153053000","emd_name":"구로2동","area_km2":0.0723,"edge":false,"slope_mean":4.89,"elev_mean":23.2,"flood_hist_n":2,"flood_depth_max_m":0.3,"flood_risk_100y":null,"semi_basement_r":null,"elderly_alone_r":0.1828,"bldg_age30_r":null,"shelter_min_walk":2,"pop":21647,"hh":12084,"elderly65_r":0.2995,"single_hh_r":0.5386,"source_level":"emd","flood_years":[2010,2022]},"geometry":{"type":"Polygon","coordinates":[[[126.88616,37.49809],[126.88541,37.4996],[126.88369,37.49982],[126.88271,37.49851],[126.88346,37.497],[126.88519,37.49678],[126.88616,37.49809]]]}},{"type":"Feature","properties":{"h3":"8930e0acba7ffff","emd_code":"1153056000","emd_name":"구로5동","area_km2":0.0723,"edge":false,"slope_mean":4.23,"elev_mean":17.7,"flood_hist_n":3,"flood_depth_max_m":0.5,"flood_risk_100y":null,"semi_basement_r":null,"elderly_alone_r":0.0936,"bldg_age30_r":null,"shelter_min_walk":3,"pop":28474,"hh":15613,"elderly65_r":0.2064,"single_hh_r":0.5458,"source_level":"emd","flood_years":[2010,2011,2022]},"geometry":{"type":"Polygon","coordinates":[[[126.88886,37.49917],[126.88811,37.50069],[126.88639,37.50091],[126.88541,37.4996],[126.88616,37.49809],[126.88789,37.49787],[126.88886,37.49917]]]}},{"type":"Feature","properties":{"h3":"8930e0acbabffff","emd_code":"1153053000","emd_name":"구로2동","area_km2":0.0723,"edge":false,"slope_mean":2.97,"elev_mean":21.1,"flood_hist_n":3,"flood_depth_max_m":0.3,"flood_risk_100y":null,"semi_basement_r":null,"elderly_alone_r":0.1828,"bldg_age30_r":null,"shelter_min_walk":3,"pop":21647,"hh":12084,"elderly65_r":0.2995,"single_hh_r":0.5386,"source_level":"emd","flood_years":[2010,2011,2022]},"geometry":{"type":"Polygon","coordinates":[[[126.88593,37.49527],[126.88519,37.49678],[126.88346,37.497],[126.88249,37.49569],[126.88323,37.49418],[126.88496,37.49396],[126.88593,37.49527]]]}},{"type":"Feature","properties":{"h3":"8930e0acbafffff","emd_code":"1153053000","emd_name":"구로2동","area_km2":0.0723,"edge":false,"slope_mean":5.11,"elev_mean":20.7,"flood_hist_n":3,"flood_depth_max_m":1.0,"flood_risk_100y":null,"semi_basement_r":null,"elderly_alone_r":0.1828,"bldg_age30_r":null,"shelter_min_walk":3,"pop":21647,"hh":12084,"elderly65_r":0.2995,"single_hh_r":0.5386,"source_level":"emd","flood_years":[2010,2011,2022]},"geometry":{"type":"Polygon","coordinates":[[[126.88864,37.49635],[126.88789,37.49787],[126.88616,37.49809],[126.88519,37.49678],[126.88593,37.49527],[126.88766,37.49505],[126.88864,37.49635]]]}},{"type":"Feature","properties":{"h3":"8930e0acbb3ffff","emd_code":"1153053000","emd_name":"구로2동","area_km2":0.0723,"edge":false,"slope_mean":6.12,"elev_mean":17.5,"flood_hist_n":1,"flood_depth_max_m":0.2,"flood_risk_100y":null,"semi_basement_r":null,"elderly_alone_r":0.1828,"bldg_age30_r":null,"shelter_min_walk":2,"pop":21647,"hh":12084,"elderly65_r":0.2995,"single_hh_r":0.5386,"source_level":"emd","flood_years":[2022]},"geometry":{"type":"Polygon","coordinates":[[[126.88369,37.49982],[126.88294,37.50134],[126.88122,37.50155],[126.88024,37.50025],[126.88099,37.49873],[126.88271,37.49851],[126.88369,37.49982]]]}},{"type":"Feature","properties":{"h3":"8930e0acbb7ffff","emd_code":"1153056000","emd_name":"구로5동","area_km2":0.0723,"edge":false,"slope_mean":7.1,"elev_mean":21.4,"flood_hist_n":3,"flood_depth_max_m":1.0,"flood_risk_100y":null,"semi_basement_r":null,"elderly_alone_r":0.0936,"bldg_age30_r":null,"shelter_min_walk":3,"pop":28474,"hh":15613,"elderly65_r":0.2064,"single_hh_r":0.5458,"source_level":"emd","flood_years":[2010,2012,2022]},"geometry":{"type":"Polygon","coordinates":[[[126.88639,37.50091],[126.88564,37.50242],[126.88392,37.50264],[126.88294,37.50134],[126.88369,37.49982],[126.88541,37.4996],[126.88639,37.50091]]]}},{"type":"Feature","properties":{"h3":"8930e0acbbbffff","emd_code":"1153053000","emd_name":"구로2동","area_km2":0.0723,"edge":false,"slope_mean":4.32,"elev_mean":19.7,"flood_hist_n":2,"flood_depth_max_m":0.3,"flood_risk_100y":null,"semi_basement_r":null,"elderly_alone_r":0.1828,"bldg_age30_r":null,"shelter_min_walk":1,"pop":21647,"hh":12084,"elderly65_r":0.2995,"single_hh_r":0.5386,"source_level":"emd","flood_years":[2010,2022]},"geometry":{"type":"Polygon","coordinates":[[[126.88346,37.497],[126.88271,37.49851],[126.88099,37.49873],[126.88001,37.49743],[126.88076,37.49591],[126.88249,37.49569],[126.88346,37.497]]]}},{"type":"Feature","properties":{"h3":"8930e0acbc3ffff","emd_code":"1153052000","emd_name":"구로1동","area_km2":0.0722,"edge":false,"slope_mean":3.78,"elev_mean":9.9,"flood_hist_n":0,"flood_depth_max_m":null,"flood_risk_100y":null,"semi_basement_r":null,"elderly_alone_r":0.063,"bldg_age30_r":null,"shelter_min_walk":5,"pop":20023,"hh":8440,"elderly65_r":0.179,"single_hh_r":0.306,"source_level":"emd","flood_years":[]},"geometry":{"type":"Polygon","coordinates":[[[126.87513,37.49091],[126.87439,37.49243],[126.87266,37.49264],[126.87169,37.49134],[126.87243,37.48982],[126.87416,37.48961],[126.87513,37.49091]]]}},{"type":"Feature","properties":{"h3":"8930e0acbc7ffff","emd_code":"1153052000","emd_name":"구로1동","area_km2":0.0723,"edge":false,"slope_mean":3.47,"elev_mean":13.6,"flood_hist_n":1,"flood_depth_max_m":0.3,"flood_risk_100y":null,"semi_basement_r":null,"elderly_alone_r":0.063,"bldg_age30_r":null,"shelter_min_walk":1,"pop":20023,"hh":8440,"elderly65_r":0.179,"single_hh_r":0.306,"source_level":"emd","flood_years":[2010]},"geometry":{"type":"Polygon","coordinates":[[[126.87783,37.492],[126.87709,37.49352],[126.87536,37.49373],[126.87439,37.49243],[126.87513,37.49091],[126.87686,37.4907],[126.87783,37.492]]]}},{"type":"Feature","properties":{"h3":"8930e0acbcbffff","emd_code":"1153052000","emd_name":"구로1동","area_km2":0.0722,"edge":true,"slope_mean":4.58,"elev_mean":10.1,"flood_hist_n":0,"flood_depth_max_m":null,"flood_risk_100y":null,"semi_basement_r":null,"elderly_alone_r":0.063,"bldg_age30_r":null,"shelter_min_walk":5,"pop":20023,"hh":8440,"elderly65_r":0.179,"single_hh_r":0.306,"source_level":"emd","flood_years":[]},"geometry":{"type":"Polygon","coordinates":[[[126.87491,37.48809],[126.87416,37.48961],[126.87243,37.48982],[126.87146,37.48852],[126.87221,37.487],[126.87393,37.48679],[126.87491,37.48809]]]}},{"type":"Feature","properties":{"h3":"8930e0acbcfffff","emd_code":"1153052000","emd_name":"구로1동","area_km2":0.0722,"edge":false,"slope_mean":4.32,"elev_mean":11.7,"flood_hist_n":1,"flood_depth_max_m":0.3,"flood_risk_100y":null,"semi_basement_r":null,"elderly_alone_r":0.063,"bldg_age30_r":null,"shelter_min_walk":1,"pop":20023,"hh":8440,"elderly65_r":0.179,"single_hh_r":0.306,"source_level":"emd","flood_years":[2010]},"geometry":{"type":"Polygon","coordinates":[[[126.87761,37.48918],[126.87686,37.4907],[126.87513,37.49091],[126.87416,37.48961],[126.87491,37.48809],[126.87663,37.48788],[126.87761,37.48918]]]}},{"type":"Feature","properties":{"h3":"8930e0acbd3ffff","emd_code":"1153052000","emd_name":"구로1동","area_km2":0.0722,"edge":false,"slope_mean":5.2,"elev_mean":8.3,"flood_hist_n":0,"flood_depth_max_m":null,"flood_risk_100y":null,"semi_basement_r":null,"elderly_alone_r":0.063,"bldg_age30_r":null,"shelter_min_walk":5,"pop":20023,"hh":8440,"elderly65_r":0.179,"single_hh_r":0.306,"source_level":"emd","flood_years":[]},"geometry":{"type":"Polygon","coordinates":[[[126.87266,37.49264],[126.87191,37.49416],[126.87019,37.49437],[126.86921,37.49307],[126.86996,37.49155],[126.87169,37.49134],[126.87266,37.49264]]]}},{"type":"Feature","properties":{"h3":"8930e0acbd7ffff","emd_code":"1153052000","emd_name":"구로1동","area_km2":0.0722,"edge":false,"slope_mean":4.26,"elev_mean":14.1,"flood_hist_n":0,"flood_depth_max_m":null,"flood_risk_100y":null,"semi_basement_r":null,"elderly_alone_r":0.063,"bldg_age30_r":null,"shelter_min_walk":2,"pop":20023,"hh":8440,"elderly65_r":0.179,"single_hh_r":0.306,"source_level":"emd","flood_years":[]},"geometry":{"type":"Polygon","coordinates":[[[126.87536,37.49373],[126.87461,37.49525],[126.87289,37.49546],[126.87191,37.49416],[126.87266,37.49264],[126.87439,37.49243],[126.87536,37.49373]]]}},{"type":"Feature","properties":{"h3":"8930e0acbdbffff","emd_code":"1153052000","emd_name":"구로1동","area_km2":0.0722,"edge":true,"slope_mean":5.13,"elev_mean":8.3,"flood_hist_n":0,"flood_depth_max_m":null,"flood_risk_100y":null,"semi_basement_r":null,"elderly_alone_r":0.063,"bldg_age30_r":null,"shelter_min_walk":8,"pop":20023,"hh":8440,"elderly65_r":0.179,"single_hh_r":0.306,"source_level":"emd","flood_years":[]},"geometry":{"type":"Polygon","coordinates":[[[126.87243,37.48982],[126.87169,37.49134],[126.86996,37.49155],[126.86899,37.49025],[126.86974,37.48873],[126.87146,37.48852],[126.87243,37.48982]]]}},{"type":"Feature","properties":{"h3":"8930e0acc4bffff","emd_code":"1153074000","emd_name":"개봉1동","area_km2":0.0722,"edge":true,"slope_mean":12.41,"elev_mean":39.1,"flood_hist_n":3,"flood_depth_max_m":0.5,"flood_risk_100y":null,"semi_basement_r":null,"elderly_alone_r":0.142,"bldg_age30_r":null,"shelter_min_walk":3,"pop":33190,"hh":15407,"elderly65_r":0.245,"single_hh_r":0.3797,"source_level":"emd","flood_years":[2010,2011,2022]},"geometry":{"type":"Polygon","coordinates":[[[126.84501,37.50604],[126.84426,37.50756],[126.84254,37.50777],[126.84156,37.50647],[126.84231,37.50495],[126.84404,37.50474],[126.84501,37.50604]]]}},{"type":"Feature","properties":{"h3":"8930e0acc4fffff","emd_code":"1153073000","emd_name":"고척2동","area_km2":0.0722,"edge":false,"slope_mean":4.57,"elev_mean":24.2,"flood_hist_n":1,"flood_depth_max_m":0.5,"flood_risk_100y":null,"semi_basement_r":null,"elderly_alone_r":0.1553,"bldg_age30_r":null,"shelter_min_walk":4,"pop":24695,"hh":11315,"elderly65_r":0.2633,"single_hh_r":0.3802,"source_level":"emd","flood_years":[2010]},"geometry":{"type":"Polygon","coordinates":[[[126.84771,37.50713],[126.84696,37.50865],[126.84524,37.50886],[126.84426,37.50756],[126.84501,37.50604],[126.84674,37.50583],[126.84771,37.50713]]]}},{"type":"Feature","properties":{"h3":"8930e0acc63ffff","emd_code":"1153073000","emd_name":"고척2동","area_km2":0.0722,"edge":false,"slope_mean":10.39,"elev_mean":46.6,"flood_hist_n":0,"flood_depth_max_m":null,"flood_risk_100y":null,"semi_basement_r":null,"elderly_alone_r":0.1553,"bldg_age30_r":null,"shelter_min_walk":3,"pop":24695,"hh":11315,"elderly65_r":0.2633,"single_hh_r":0.3802,"source_level":"emd","flood_years":[]},"geometry":{"type":"Polygon","coordinates":[[[126.85311,37.50931],[126.85236,37.51083],[126.85063,37.51104],[126.84966,37.50974],[126.85041,37.50822],[126.85213,37.50801],[126.85311,37.50931]]]}},{"type":"Feature","properties":{"h3":"8930e0acc67ffff","emd_code":"1153073000","emd_name":"고척2동","area_km2":0.0722,"edge":true,"slope_mean":11.24,"elev_mean":47.4,"flood_hist_n":0,"flood_depth_max_m":null,"flood_risk_100y":null,"semi_basement_r":null,"elderly_alone_r":0.1553,"bldg_age30_r":null,"shelter_min_walk":3,"pop":24695,"hh":11315,"elderly65_r":0.2633,"single_hh_r":0.3802,"source_level":"emd","flood_years":[]},"geometry":{"type":"Polygon","coordinates":[[[126.85581,37.5104],[126.85506,37.51192],[126.85333,37.51213],[126.85236,37.51083],[126.85311,37.50931],[126.85483,37.5091],[126.85581,37.5104]]]}},{"type":"Feature","properties":{"h3":"8930e0acc6bffff","emd_code":"1153073000","emd_name":"고척2동","area_km2":0.0722,"edge":false,"slope_mean":10.13,"elev_mean":42.0,"flood_hist_n":1,"flood_depth_max_m":0.2,"flood_risk_100y":null,"semi_basement_r":null,"elderly_alone_r":0.1553,"bldg_age30_r":null,"shelter_min_walk":3,"pop":24695,"hh":11315,"elderly65_r":0.2633,"single_hh_r":0.3802,"source_level":"emd","flood_years":[2022]},"geometry":{"type":"Polygon","coordinates":[[[126.85288,37.50649],[126.85213,37.50801],[126.85041,37.50822],[126.84943,37.50692],[126.85018,37.5054],[126.85191,37.50519],[126.85288,37.50649]]]}},{"type":"Feature","properties":{"h3":"8930e0acc6fffff","emd_code":"1153073000","emd_name":"고척2동","area_km2":0.0722,"edge":false,"slope_mean":10.16,"elev_mean":33.6,"flood_hist_n":4,"flood_depth_max_m":0.3,"flood_risk_100y":null,"semi_basement_r":null,"elderly_alone_r":0.1553,"bldg_age30_r":null,"shelter_min_walk":1,"pop":24695,"hh":11315,"elderly65_r":0.2633,"single_hh_r":0.3802,"source_level":"emd","flood_years":[2010,2011,2012,2022]},"geometry":{"type":"Polygon","coordinates":[[[126.85558,37.50758],[126.85483,37.5091],[126.85311,37.50931],[126.85213,37.50801],[126.85288,37.50649],[126.8546,37.50628],[126.85558,37.50758]]]}},{"type":"Feature","properties":{"h3":"8930e0acc7bffff","emd_code":"1153073000","emd_name":"고척2동","area_km2":0.0722,"edge":false,"slope_mean":8.42,"elev_mean":49.0,"flood_hist_n":2,"flood_depth_max_m":0.3,"flood_risk_100y":null,"semi_basement_r":null,"elderly_alone_r":0.1553,"bldg_age30_r":null,"shelter_min_walk":6,"pop":24695,"hh":11315,"elderly65_r":0.2633,"single_hh_r":0.3802,"source_level":"emd","flood_years":[2010,2022]},"geometry":{"type":"Polygon","coordinates":[[[126.85041,37.50822],[126.84966,37.50974],[126.84794,37.50995],[126.84696,37.50865],[126.84771,37.50713],[126.84943,37.50692],[126.85041,37.50822]]]}},{"type":"Feature","properties":{"h3":"8930e0ace03ffff","emd_code":"1153077000","emd_name":"오류1동","area_km2":0.0722,"edge":false,"slope_mean":5.41,"elev_mean":18.6,"flood_hist_n":1,"flood_depth_max_m":0.3,"flood_risk_100y":null,"semi_basement_r":null,"elderly_alone_r":0.104,"bldg_age30_r":null,"shelter_min_walk":4,"pop":22970,"hh":13344,"elderly65_r":0.2112,"single_hh_r":0.5881,"source_level":"emd","flood_years":[2010]},"geometry":{"type":"Polygon","coordinates":[[[126.84681,37.49585],[126.84606,37.49737],[126.84433,37.49758],[126.84336,37.49628],[126.84411,37.49476],[126.84583,37.49455],[126.84681,37.49585]]]}},{"type":"Feature","properties":{"h3":"8930e0ace07ffff","emd_code":"1153077000","emd_name":"오류1동","area_km2":0.0722,"edge":false,"slope_mean":5.72,"elev_mean":20.3,"flood_hist_n":1,"flood_depth_max_m":0.3,"flood_risk_100y":null,"semi_basement_r":null,"elderly_alone_r":0.104,"bldg_age30_r":null,"shelter_min_walk":1,"pop":22970,"hh":13344,"elderly65_r":0.2112,"single_hh_r":0.5881,"source_level":"emd","flood_years":[2010]},"geometry":{"type":"Polygon","coordinates":[[[126.8495,37.49694],[126.84876,37.49846],[126.84703,37.49867],[126.84606,37.49737],[126.84681,37.49585],[126.84853,37.49564],[126.8495,37.49694]]]}},{"type":"Feature","properties":{"h3":"8930e0ace0bffff","emd_code":"1153078000","emd_name":"오류2동","area_km2":0.0722,"edge":false,"slope_mean":4.21,"elev_mean":18.8,"flood_hist_n":3,"flood_depth_max_m":0.3,"flood_risk_100y":null,"semi_basement_r":null,"elderly_alone_r":0.1274,"bldg_age30_r":null,"shelter_min_walk":4,"pop":35381,"hh":15505,"elderly65_r":0.2465,"single_hh_r":0.3423,"source_level":"emd","flood_years":[2010,2011,2022]},"geometry":{"type":"Polygon","coordinates":[[[126.84658,37.49303],[126.84583,37.49455],[126.84411,37.49476],[126.84313,37.49346],[126.84388,37.49195],[126.84561,37.49173],[126.84658,37.49303]]]}},{"type":"Feature","properties":{"h3":"8930e0ace0fffff","emd_code":"1153078000","emd_name":"오류2동","area_km2":0.0722,"edge":false,"slope_mean":5.73,"elev_mean":18.0,"flood_hist_n":2,"flood_depth_max_m":0.3,"flood_risk_100y":null,"semi_basement_r":null,"elderly_alone_r":0.1274,"bldg_age30_r":null,"shelter_min_walk":1,"pop":35381,"hh":15505,"elderly65_r":0.2465,"single_hh_r":0.3423,"source_level":"emd","flood_years":[2010,2022]},"geometry":{"type":"Polygon","coordinates":[[[126.84928,37.49412],[126.84853,37.49564],[126.84681,37.49585],[126.84583,37.49455],[126.84658,37.49303],[126.8483,37.49282],[126.84928,37.49412]]]}},{"type":"Feature","properties":{"h3":"8930e0ace13ffff","emd_code":"1153077000","emd_name":"오류1동","area_km2":0.0722,"edge":false,"slope_mean":6.49,"elev_mean":27.3,"flood_hist_n":2,"flood_depth_max_m":0.3,"flood_risk_100y":null,"semi_basement_r":null,"elderly_alone_r":0.104,"bldg_age30_r":null,"shelter_min_walk":3,"pop":22970,"hh":13344,"elderly65_r":0.2112,"single_hh_r":0.5881,"source_level":"emd","flood_years":[2010,2022]},"geometry":{"type":"Polygon","coordinates":[[[126.84433,37.49758],[126.84359,37.4991],[126.84186,37.49931],[126.84089,37.49801],[126.84164,37.4965],[126.84336,37.49628],[126.84433,37.49758]]]}},{"type":"Feature","properties":{"h3":"8930e0ace17ffff","emd_code":"1153077000","emd_name":"오류1동","area_km2":0.0722,"edge":false,"slope_mean":8.89,"elev_mean":37.2,"flood_hist_n":3,"flood_depth_max_m":0.3,"flood_risk_100y":null,"semi_basement_r":null,"elderly_alone_r":0.104,"bldg_age30_r":null,"shelter_min_walk":3,"pop":22970,"hh":13344,"elderly65_r":0.2112,"single_hh_r":0.5881,"source_level":"emd","flood_years":[2010,2011,2022]},"geometry":{"type":"Polygon","coordinates":[[[126.84703,37.49867],[126.84628,37.50019],[126.84456,37.5004],[126.84359,37.4991],[126.84433,37.49758],[126.84606,37.49737],[126.84703,37.49867]]]}},{"type":"Feature","properties":{"h3":"8930e0ace1bffff","emd_code":"1153077000","emd_name":"오류1동","area_km2":0.0722,"edge":false,"slope_mean":5.06,"elev_mean":18.8,"flood_hist_n":1,"flood_depth_max_m":0.3,"flood_risk_100y":null,"semi_basement_r":null,"elderly_alone_r":0.104,"bldg_age30_r":null,"shelter_min_walk":2,"pop":22970,"hh":13344,"elderly65_r":0.2112,"single_hh_r":0.5881,"source_level":"emd","flood_years":[2010]},"geometry":{"type":"Polygon","coordinates":[[[126.84411,37.49476],[126.84336,37.49628],[126.84164,37.4965],[126.84066,37.49519],[126.84141,37.49368],[126.84313,37.49346],[126.84411,37.49476]]]}},{"type":"Feature","properties":{"h3":"8930e0ace23ffff","emd_code":"1153074000","emd_name":"개봉1동","area_km2":0.0722,"edge":false,"slope_mean":8.42,"elev_mean":18.3,"flood_hist_n":0,"flood_depth_max_m":null,"flood_risk_100y":null,"semi_basement_r":null,"elderly_alone_r":0.142,"bldg_age30_r":null,"shelter_min_walk":1,"pop":33190,"hh":15407,"elderly65_r":0.245,"single_hh_r":0.3797,"source_level":"emd","flood_years":[]},"geometry":{"type":"Polygon","coordinates":[[[126.85467,37.4963],[126.85393,37.49782],[126.8522,37.49803],[126.85123,37.49673],[126.85198,37.49521],[126.8537,37.495],[126.85467,37.4963]]]}},{"type":"Feature","properties":{"h3":"8930e0ace27ffff","emd_code":"1153074000","emd_name":"개봉1동","area_km2":0.0722,"edge":false,"slope_mean":5.07,"elev_mean":17.3,"flood_hist_n":3,"flood_depth_max_m":0.3,"flood_risk_100y":null,"semi_basement_r":null,"elderly_alone_r":0.142,"bldg_age30_r":null,"shelter_min_walk":1,"pop":33190,"hh":15407,"elderly65_r":0.245,"single_hh_r":0.3797,"source_level":"emd","flood_years":[2010,2022,2024]},"geometry":{"type":"Polygon","coordinates":[[[126.85737,37.49739],[126.85662,37.49891],[126.8549,37.49912],[126.85393,37.49782],[126.85467,37.4963],[126.8564,37.49609],[126.85737,37.49739]]]}},{"type":"Feature","properties":{"h3":"8930e0ace2bffff","emd_code":"1153075000","emd_name":"개봉2동","area_km2":0.0722,"edge":false,"slope_mean":4.86,"elev_mean":17.6,"flood_hist_n":4,"flood_depth_max_m":0.3,"flood_risk_100y":null,"semi_basement_r":null,"elderly_alone_r":0.1179,"bldg_age30_r":null,"shelter_min_walk":2,"pop":29075,"hh":12746,"elderly65_r":0.2719,"single_hh_r":0.3269,"source_level":"emd","flood_years":[2010,2011,2012,2022]},"geometry":{"type":"Polygon","coordinates":[[[126.85445,37.49348],[126.8537,37.495],[126.85198,37.49521],[126.851,37.49391],[126.85175,37.49239],[126.85347,37.49218],[126.85445,37.49348]]]}},{"type":"Feature","properties":{"h3":"8930e0ace2fffff","emd_code":"1153075000","emd_name":"개봉2동","area_km2":0.0722,"edge":false,"slope_mean":4.93,"elev_mean":14.8,"flood_hist_n":2,"flood_depth_max_m":0.3,"flood_risk_100y":null,"semi_basement_r":null,"elderly_alone_r":0.1179,"bldg_age30_r":null,"shelter_min_walk":1,"pop":29075,"hh":12746,"elderly65_r":0.2719,"single_hh_r":0.3269,"source_level":"emd","flood_years":[2010,2022]},"geometry":{"type":"Polygon","coordinates":[[[126.85715,37.49457],[126.8564,37.49609],[126.85467,37.4963],[126.8537,37.495],[126.85445,37.49348],[126.85617,37.49327],[126.85715,37.49457]]]}},{"type":"Feature","properties":{"h3":"8930e0ace33ffff","emd_code":"1153074000","emd_name":"개봉1동","area_km2":0.0722,"edge":false,"slope_mean":7.93,"elev_mean":22.3,"flood_hist_n":4,"flood_depth_max_m":0.3,"flood_risk_100y":null,"semi_basement_r":null,"elderly_alone_r":0.142,"bldg_age30_r":null,"shelter_min_walk":1,"pop":33190,"hh":15407,"elderly65_r":0.245,"single_hh_r":0.3797,"source_level":"emd","flood_years":[2010,2011,2012,2022]},"geometry":{"type":"Polygon","coordinates":[[[126.8522,37.49803],[126.85145,37.49955],[126.84973,37.49976],[126.84876,37.49846],[126.8495,37.49694],[126.85123,37.49673],[126.8522,37.49803]]]}},{"type":"Feature","properties":{"h3":"8930e0ace37ffff","emd_code":"1153074000","emd_name":"개봉1동","area_km2":0.0722,"edge":false,"slope_mean":3.87,"elev_mean":17.8,"flood_hist_n":5,"flood_depth_max_m":0.3,"flood_risk_100y":null,"semi_basement_r":null,"elderly_alone_r":0.142,"bldg_age30_r":null,"shelter_min_walk":4,"pop":33190,"hh":15407,"elderly65_r":0.245,"single_hh_r":0.3797,"source_level":"emd","flood_years":[2010,2011,2012,2022,2023]},"geometry":{"type":"Polygon","coordinates":[[[126.8549,37.49912],[126.85415,37.50064],[126.85243,37.50085],[126.85145,37.49955],[126.8522,37.49803],[126.85393,37.49782],[126.8549,37.49912]]]}},{"type":"Feature","properties":{"h3":"8930e0ace3bffff","emd_code":"1153075000","emd_name":"개봉2동","area_km2":0.0722,"edge":false,"slope_mean":5.48,"elev_mean":17.0,"flood_hist_n":4,"flood_depth_max_m":0.3,"flood_risk_100y":null,"semi_basement_r":null,"elderly_alone_r":0.1179,"bldg_age30_r":null,"shelter_min_walk":4,"pop":29075,"hh":12746,"elderly65_r":0.2719,"single_hh_r":0.3269,"source_level":"emd","flood_years":[2010,2011,2012,2022]},"geometry":{"type":"Polygon","coordinates":[[[126.85198,37.49521],[126.85123,37.49673],[126.8495,37.49694],[126.84853,37.49564],[126.84928,37.49412],[126.851,37.49391],[126.85198,37.49521]]]}},{"type":"Feature","properties":{"h3":"8930e0ace43ffff","emd_code":"1153078000","emd_name":"오류2동","area_km2":0.0722,"edge":false,"slope_mean":10.47,"elev_mean":39.3,"flood_hist_n":3,"flood_depth_max_m":0.3,"flood_risk_100y":null,"semi_basement_r":null,"elderly_alone_r":0.1274,"bldg_age30_r":null,"shelter_min_walk":2,"pop":35381,"hh":15505,"elderly65_r":0.2465,"single_hh_r":0.3423,"source_level":"emd","flood_years":[2010,2011,2022]},"geometry":{"type":"Polygon","coordinates":[[[126.84366,37.48913],[126.84291,37.49064],[126.84118,37.49086],[126.84021,37.48955],[126.84096,37.48804],[126.84268,37.48782],[126.84366,37.48913]]]}},{"type":"Feature","properties":{"h3":"8930e0ace47ffff","emd_code":"1153078000","emd_name":"오류2동","area_km2":0.0722,"edge":false,"slope_mean":15.96,"elev_mean":47.5,"flood_hist_n":1,"flood_depth_max_m":0.2,"flood_risk_100y":null,"semi_basement_r":null,"elderly_alone_r":0.1274,"bldg_age30_r":null,"shelter_min_walk":6,"pop":35381,"hh":15505,"elderly65_r":0.2465,"single_hh_r":0.3423,"source_level":"emd","flood_years":[2022]},"geometry":{"type":"Polygon","coordinates":[[[126.84635,37.49021],[126.84561,37.49173],[126.84388,37.49195],[126.84291,37.49064],[126.84366,37.48913],[126.84538,37.48891],[126.84635,37.49021]]]}},{"type":"Feature","properties":{"h3":"8930e0ace4bffff","emd_code":"1153078000","emd_name":"오류2동","area_km2":0.0722,"edge":false,"slope_mean":12.77,"elev_mean":43.8,"flood_hist_n":0,"flood_depth_max_m":null,"flood_risk_100y":null,"semi_basement_r":null,"elderly_alone_r":0.1274,"bldg_age30_r":null,"shelter_min_walk":3,"pop":35381,"hh":15505,"elderly65_r":0.2465,"single_hh_r":0.3423,"source_level":"emd","flood_years":[]},"geometry":{"type":"Polygon","coordinates":[[[126.84343,37.48631],[126.84268,37.48782],[126.84096,37.48804],[126.83999,37.48673],[126.84073,37.48522],[126.84246,37.485],[126.84343,37.48631]]]}},{"type":"Feature","properties":{"h3":"8930e0ace4fffff","emd_code":"1153078000","emd_name":"오류2동","area_km2":0.0722,"edge":false,"slope_mean":17.71,"elev_mean":94.3,"flood_hist_n":0,"flood_depth_max_m":null,"flood_risk_100y":null,"semi_basement_r":null,"elderly_alone_r":0.1274,"bldg_age30_r":null,"shelter_min_walk":4,"pop":35381,"hh":15505,"elderly65_r":0.2465,"single_hh_r":0.3423,"source_level":"emd","flood_years":[]},"geometry":{"type":"Polygon","coordinates":[[[126.84613,37.4874],[126.84538,37.48891],[126.84366,37.48913],[126.84268,37.48782],[126.84343,37.48631],[126.84515,37.48609],[126.84613,37.4874]]]}},{"type":"Feature","properties":{"h3":"8930e0ace53ffff","emd_code":"1153078000","emd_name":"오류2동","area_km2":0.0722,"edge":false,"slope_mean":5.4,"elev_mean":20.1,"flood_hist_n":2,"flood_depth_max_m":0.3,"flood_risk_100y":null,"semi_basement_r":null,"elderly_alone_r":0.1274,"bldg_age30_r":null,"shelter_min_walk":1,"pop":35381,"hh":15505,"elderly65_r":0.2465,"single_hh_r":0.3423,"source_level":"emd","flood_years":[2010,2022]},"geometry":{"type":"Polygon","coordinates":[[[126.84118,37.49086],[126.84044,37.49237],[126.83871,37.49259],[126.83774,37.49128],[126.83849,37.48977],[126.84021,37.48955],[126.84118,37.49086]]]}},{"type":"Feature","properties":{"h3":"8930e0ace57ffff","emd_code":"1153078000","emd_name":"오류2동","area_km2":0.0722,"edge":false,"slope_mean":4.99,"elev_mean":19.3,"flood_hist_n":3,"flood_depth_max_m":0.3,"flood_risk_100y":null,"semi_basement_r":null,"elderly_alone_r":0.1274,"bldg_age30_r":null,"shelter_min_walk":3,"pop":35381,"hh":15505,"elderly65_r":0.2465,"single_hh_r":0.3423,"source_level":"emd","flood_years":[2010,2011,2022]},"geometry":{"type":"Polygon","coordinates":[[[126.84388,37.49195],[126.84313,37.49346],[126.84141,37.49368],[126.84044,37.49237],[126.84118,37.49086],[126.84291,37.49064],[126.84388,37.49195]]]}},{"type":"Feature","properties":{"h3":"8930e0ace5bffff","emd_code":"1153078000","emd_name":"오류2동","area_km2":0.0722,"edge":false,"slope_mean":5.19,"elev_mean":24.6,"flood_hist_n":3,"flood_depth_max_m":0.3,"flood_risk_100y":null,"semi_basement_r":null,"elderly_alone_r":0.1274,"bldg_age30_r":null,"shelter_min_walk":2,"pop":35381,"hh":15505,"elderly65_r":0.2465,"single_hh_r":0.3423,"source_level":"emd","flood_years":[2010,2011,2022]},"geometry":{"type":"Polygon","coordinates":[[[126.84096,37.48804],[126.84021,37.48955],[126.83849,37.48977],[126.83751,37.48846],[126.83826,37.48695],[126.83999,37.48673],[126.84096,37.48804]]]}},{"type":"Feature","properties":{"h3":"8930e0ace63ffff","emd_code":"1153076000","emd_name":"개봉3동","area_km2":0.0722,"edge":false,"slope_mean":13.86,"elev_mean":65.8,"flood_hist_n":2,"flood_depth_max_m":0.3,"flood_risk_100y":null,"semi_basement_r":null,"elderly_alone_r":0.1471,"bldg_age30_r":null,"shelter_min_walk":1,"pop":18493,"hh":8543,"elderly65_r":0.2851,"single_hh_r":0.3494,"source_level":"emd","flood_years":[2010,2022]},"geometry":{"type":"Polygon","coordinates":[[[126.85152,37.48957],[126.85078,37.49109],[126.84905,37.4913],[126.84808,37.49],[126.84883,37.48848],[126.85055,37.48827],[126.85152,37.48957]]]}},{"type":"Feature","properties":{"h3":"8930e0ace67ffff","emd_code":"1153075000","emd_name":"개봉2동","area_km2":0.0722,"edge":false,"slope_mean":8.48,"elev_mean":31.4,"flood_hist_n":3,"flood_depth_max_m":0.3,"flood_risk_100y":null,"semi_basement_r":null,"elderly_alone_r":0.1179,"bldg_age30_r":null,"shelter_min_walk":2,"pop":29075,"hh":12746,"elderly65_r":0.2719,"single_hh_r":0.3269,"source_level":"emd","flood_years":[2010,2012,2022]},"geometry":{"type":"Polygon","coordinates":[[[126.85422,37.49066],[126.85347,37.49218],[126.85175,37.49239],[126.85078,37.49109],[126.85152,37.48957],[126.85325,37.48936],[126.85422,37.49066]]]}},{"type":"Feature","properties":{"h3":"8930e0ace6bffff","emd_code":"1153076000","emd_name":"개봉3동","area_km2":0.0722,"edge":false,"slope_mean":19.24,"elev_mean":60.2,"flood_hist_n":2,"flood_depth_max_m":0.3,"flood_risk_100y":null,"semi_basement_r":null,"elderly_alone_r":0.1471,"bldg_age30_r":null,"shelter_min_walk":3,"pop":18493,"hh":8543,"elderly65_r":0.2851,"single_hh_r":0.3494,"source_level":"emd","flood_years":[2010,2022]},"geometry":{"type":"Polygon","coordinates":[[[126.8513,37.48675],[126.85055,37.48827],[126.84883,37.48848],[126.84785,37.48718],[126.8486,37.48566],[126.85032,37.48545],[126.8513,37.48675]]]}},{"type":"Feature","properties":{"h3":"8930e0ace6fffff","emd_code":"1153076000","emd_name":"개봉3동","area_km2":0.0722,"edge":false,"slope_mean":7.05,"elev_mean":23.8,"flood_hist_n":4,"flood_depth_max_m":0.3,"flood_risk_100y":null,"semi_basement_r":null,"elderly_alone_r":0.1471,"bldg_age30_r":null,"shelter_min_walk":3,"pop":18493,"hh":8543,"elderly65_r":0.2851,"single_hh_r":0.3494,"source_level":"emd","flood_years":[2010,2011,2012,2022]},"geometry":{"type":"Polygon","coordinates":[[[126.854,37.48784],[126.85325,37.48936],[126.85152,37.48957],[126.85055,37.48827],[126.8513,37.48675],[126.85302,37.48654],[126.854,37.48784]]]}},{"type":"Feature","properties":{"h3":"8930e0ace73ffff","emd_code":"1153078000","emd_name":"오류2동","area_km2":0.0722,"edge":false,"slope_mean":17.63,"elev_mean":55.1,"flood_hist_n":3,"flood_depth_max_m":0.3,"flood_risk_100y":null,"semi_basement_r":null,"elderly_alone_r":0.1274,"bldg_age30_r":null,"shelter_min_walk":4,"pop":35381,"hh":15505,"elderly65_r":0.2465,"single_hh_r":0.3423,"source_level":"emd","flood_years":[2010,2011,2022]},"geometry":{"type":"Polygon","coordinates":[[[126.84905,37.4913],[126.8483,37.49282],[126.84658,37.49303],[126.84561,37.49173],[126.84635,37.49021],[126.84808,37.49],[126.84905,37.4913]]]}},{"type":"Feature","properties":{"h3":"8930e0ace77ffff","emd_code":"1153075000","emd_name":"개봉2동","area_km2":0.0722,"edge":false,"slope_mean":17.69,"elev_mean":56.3,"flood_hist_n":2,"flood_depth_max_m":0.3,"flood_risk_100y":null,"semi_basement_r":null,"elderly_alone_r":0.1179,"bldg_age30_r":null,"shelter_min_walk":1,"pop":29075,"hh":12746,"elderly65_r":0.2719,"single_hh_r":0.3269,"source_level":"emd","flood_years":[2010,2022]},"geometry":{"type":"Polygon","coordinates":[[[126.85175,37.49239],[126.851,37.49391],[126.84928,37.49412],[126.8483,37.49282],[126.84905,37.4913],[126.85078,37.49109],[126.85175,37.49239]]]}},{"type":"Feature","properties":{"h3":"8930e0ace7bffff","emd_code":"1153076000","emd_name":"개봉3동","area_km2":0.0722,"edge":false,"slope_mean":18.19,"elev_mean":91.1,"flood_hist_n":0,"flood_depth_max_m":null,"flood_risk_100y":null,"semi_basement_r":null,"elderly_alone_r":0.1471,"bldg_age30_r":null,"shelter_min_walk":5,"pop":18493,"hh":8543,"elderly65_r":0.2851,"single_hh_r":0.3494,"source_level":"emd","flood_years":[]},"geometry":{"type":"Polygon","coordinates":[[[126.84883,37.48848],[126.84808,37.49],[126.84635,37.49021],[126.84538,37.48891],[126.84613,37.4874],[126.84785,37.48718],[126.84883,37.48848]]]}},{"type":"Feature","properties":{"h3":"8930e0ace83ffff","emd_code":"1153074000","emd_name":"개봉1동","area_km2":0.0722,"edge":false,"slope_mean":14.33,"elev_mean":53.0,"flood_hist_n":2,"flood_depth_max_m":0.3,"flood_risk_100y":null,"semi_basement_r":null,"elderly_alone_r":0.142,"bldg_age30_r":null,"shelter_min_walk":1,"pop":33190,"hh":15407,"elderly65_r":0.245,"single_hh_r":0.3797,"source_level":"emd","flood_years":[2010,2022]},"geometry":{"type":"Polygon","coordinates":[[[126.84209,37.50213],[126.84134,37.50365],[126.83962,37.50386],[126.83864,37.50256],[126.83939,37.50104],[126.84111,37.50083],[126.84209,37.50213]]]}},{"type":"Feature","properties":{"h3":"8930e0ace87ffff","emd_code":"1153074000","emd_name":"개봉1동","area_km2":0.0722,"edge":false,"slope_mean":5.59,"elev_mean":29.0,"flood_hist_n":4,"flood_depth_max_m":0.3,"flood_risk_100y":null,"semi_basement_r":null,"elderly_alone_r":0.142,"bldg_age30_r":null,"shelter_min_walk":2,"pop":33190,"hh":15407,"elderly65_r":0.245,"single_hh_r":0.3797,"source_level":"emd","flood_years":[2010,2011,2012,2022]},"geometry":{"type":"Polygon","coordinates":[[[126.84479,37.50322],[126.84404,37.50474],[126.84231,37.50495],[126.84134,37.50365],[126.84209,37.50213],[126.84381,37.50192],[126.84479,37.50322]]]}},{"type":"Feature","properties":{"h3":"8930e0ace8bffff","emd_code":"1153077000","emd_name":"오류1동","area_km2":0.0722,"edge":false,"slope_mean":12.22,"elev_mean":61.2,"flood_hist_n":0,"flood_depth_max_m":null,"flood_risk_100y":null,"semi_basement_r":null,"elderly_alone_r":0.104,"bldg_age30_r":null,"shelter_min_walk":1,"pop":22970,"hh":13344,"elderly65_r":0.2112,"single_hh_r":0.5881,"source_level":"emd","flood_years":[]},"geometry":{"type":"Polygon","coordinates":[[[126.84186,37.49931],[126.84111,37.50083],[126.83939,37.50104],[126.83842,37.49974],[126.83916,37.49823],[126.84089,37.49801],[126.84186,37.49931]]]}},{"type":"Feature","properties":{"h3":"8930e0ace8fffff","emd_code":"1153074000","emd_name":"개봉1동","area_km2":0.0722,"edge":false,"slope_mean":7.79,"elev_mean":38.6,"flood_hist_n":3,"flood_depth_max_m":0.3,"flood_risk_100y":null,"semi_basement_r":null,"elderly_alone_r":0.142,"bldg_age30_r":null,"shelter_min_walk":1,"pop":33190,"hh":15407,"elderly65_r":0.245,"single_hh_r":0.3797,"source_level":"emd","flood_years":[2010,2012,2022]},"geometry":{"type":"Polygon","coordinates":[[[126.84456,37.5004],[126.84381,37.50192],[126.84209,37.50213],[126.84111,37.50083],[126.84186,37.49931],[126.84359,37.4991],[126.84456,37.5004]]]}},{"type":"Feature","properties":{"h3":"8930e0ace97ffff","emd_code":"1153074000","emd_name":"개봉1동","area_km2":0.0722,"edge":true,"slope_mean":14.32,"elev_mean":69.1,"flood_hist_n":2,"flood_depth_max_m":0.3,"flood_risk_100y":null,"semi_basement_r":null,"elderly_alone_r":0.142,"bldg_age30_r":null,"shelter_min_walk":4,"pop":33190,"hh":15407,"elderly65_r":0.245,"single_hh_r":0.3797,"source_level":"emd","flood_years":[2012,2022]},"geometry":{"type":"Polygon","coordinates":[[[126.84231,37.50495],[126.84156,37.50647],[126.83984,37.50668],[126.83887,37.50538],[126.83962,37.50386],[126.84134,37.50365],[126.84231,37.50495]]]}},{"type":"Feature","properties":{"h3":"8930e0ace9bffff","emd_code":"1153074000","emd_name":"개봉1동","area_km2":0.0722,"edge":true,"slope_mean":12.09,"elev_mean":86.9,"flood_hist_n":0,"flood_depth_max_m":null,"flood_risk_100y":null,"semi_basement_r":null,"elderly_alone_r":0.142,"bldg_age30_r":null,"shelter_min_walk":4,"pop":33190,"hh":15407,"elderly65_r":0.245,"single_hh_r":0.3797,"source_level":"emd","flood_years":[]},"geometry":{"type":"Polygon","coordinates":[[[126.83939,37.50104],[126.83864,37.50256],[126.83692,37.50277],[126.83594,37.50147],[126.83669,37.49996],[126.83842,37.49974],[126.83939,37.50104]]]}},{"type":"Feature","properties":{"h3":"8930e0acea3ffff","emd_code":"1153074000","emd_name":"개봉1동","area_km2":0.0722,"edge":false,"slope_mean":3.62,"elev_mean":21.0,"flood_hist_n":4,"flood_depth_max_m":0.3,"flood_risk_100y":null,"semi_basement_r":null,"elderly_alone_r":0.142,"bldg_age30_r":null,"shelter_min_walk":6,"pop":33190,"hh":15407,"elderly65_r":0.245,"single_hh_r":0.3797,"source_level":"emd","flood_years":[2010,2011,2012,2022]},"geometry":{"type":"Polygon","coordinates":[[[126.84996,37.50258],[126.84921,37.5041],[126.84748,37.50431],[126.84651,37.50301],[126.84726,37.50149],[126.84898,37.50128],[126.84996,37.50258]]]}},{"type":"Feature","properties":{"h3":"8930e0acea7ffff","emd_code":"1153073000","emd_name":"고척2동","area_km2":0.0722,"edge":false,"slope_mean":4.79,"elev_mean":27.8,"flood_hist_n":3,"flood_depth_max_m":0.3,"flood_risk_100y":null,"semi_basement_r":null,"elderly_alone_r":0.1553,"bldg_age30_r":null,"shelter_min_walk":3,"pop":24695,"hh":11315,"elderly65_r":0.2633,"single_hh_r":0.3802,"source_level":"emd","flood_years":[2010,2011,2022]},"geometry":{"type":"Polygon","coordinates":[[[126.85265,37.50367],[126.85191,37.50519],[126.85018,37.5054],[126.84921,37.5041],[126.84996,37.50258],[126.85168,37.50237],[126.85265,37.50367]]]}},{"type":"Feature","properties":{"h3":"8930e0aceabffff","emd_code":"1153074000","emd_name":"개봉1동","area_km2":0.0722,"edge":false,"slope_mean":6.21,"elev_mean":16.5,"flood_hist_n":4,"flood_depth_max_m":0.3,"flood_risk_100y":null,"semi_basement_r":null,"elderly_alone_r":0.142,"bldg_age30_r":null,"shelter_min_walk":4,"pop":33190,"hh":15407,"elderly65_r":0.245,"single_hh_r":0.3797,"source_level":"emd","flood_years":[2010,2011,2012,2022]},"geometry":{"type":"Polygon","coordinates":[[[126.84973,37.49976],[126.84898,37.50128],[126.84726,37.50149],[126.84628,37.50019],[126.84703,37.49867],[126.84876,37.49846],[126.84973,37.49976]]]}},{"type":"Feature","properties":{"h3":"8930e0aceafffff","emd_code":"1153074000","emd_name":"개봉1동","area_km2":0.0722,"edge":false,"slope_mean":2.43,"elev_mean":18.5,"flood_hist_n":4,"flood_depth_max_m":0.3,"flood_risk_100y":null,"semi_basement_r":null,"elderly_alone_r":0.142,"bldg_age30_r":null,"shelter_min_walk":4,"pop":33190,"hh":15407,"elderly65_r":0.245,"single_hh_r":0.3797,"source_level":"emd","flood_years":[2010,2011,2012,2022]},"geometry":{"type":"Polygon","coordinates":[[[126.85243,37.50085],[126.85168,37.50237],[126.84996,37.50258],[126.84898,37.50128],[126.84973,37.49976],[126.85145,37.49955],[126.85243,37.50085]]]}},{"type":"Feature","properties":{"h3":"8930e0aceb3ffff","emd_code":"1153074000","emd_name":"개봉1동","area_km2":0.0722,"edge":false,"slope_mean":2.88,"elev_mean":19.6,"flood_hist_n":6,"flood_depth_max_m":0.3,"flood_risk_100y":null,"semi_basement_r":null,"elderly_alone_r":0.142,"bldg_age30_r":null,"shelter_min_walk":3,"pop":33190,"hh":15407,"elderly65_r":0.245,"single_hh_r":0.3797,"source_level":"emd","flood_years":[2010,2011,2012,2017,2022,2023]},"geometry":{"type":"Polygon","coordinates":[[[126.84748,37.50431],[126.84674,37.50583],[126.84501,37.50604],[126.84404,37.50474],[126.84479,37.50322],[126.84651,37.50301],[126.84748,37.50431]]]}},{"type":"Feature","properties":{"h3":"8930e0aceb7ffff","emd_code":"1153073000","emd_name":"고척2동","area_km2":0.0722,"edge":false,"slope_mean":8.7,"elev_mean":38.7,"flood_hist_n":3,"flood_depth_max_m":0.3,"flood_risk_100y":null,"semi_basement_r":null,"elderly_alone_r":0.1553,"bldg_age30_r":null,"shelter_min_walk":6,"pop":24695,"hh":11315,"elderly65_r":0.2633,"single_hh_r":0.3802,"source_level":"emd","flood_years":[2010,2011,2022]},"geometry":{"type":"Polygon","coordinates":[[[126.85018,37.5054],[126.84943,37.50692],[126.84771,37.50713],[126.84674,37.50583],[126.84748,37.50431],[126.84921,37.5041],[126.85018,37.5054]]]}},{"type":"Feature","properties":{"h3":"8930e0acebbffff","emd_code":"1153074000","emd_name":"개봉1동","area_km2":0.0722,"edge":false,"slope_mean":4.27,"elev_mean":22.5,"flood_hist_n":4,"flood_depth_max_m":0.3,"flood_risk_100y":null,"semi_basement_r":null,"elderly_alone_r":0.142,"bldg_age30_r":null,"shelter_min_walk":3,"pop":33190,"hh":15407,"elderly65_r":0.245,"single_hh_r":0.3797,"source_level":"emd","flood_years":[2010,2011,2012,2022]},"geometry":{"type":"Polygon","coordinates":[[[126.84726,37.50149],[126.84651,37.50301],[126.84479,37.50322],[126.84381,37.50192],[126.84456,37.5004],[126.84628,37.50019],[126.84726,37.50149]]]}},{"type":"Feature","properties":{"h3":"8930e0acec3ffff","emd_code":"1153077000","emd_name":"오류1동","area_km2":0.0722,"edge":false,"slope_mean":8.14,"elev_mean":36.3,"flood_hist_n":3,"flood_depth_max_m":0.3,"flood_risk_100y":null,"semi_basement_r":null,"elderly_alone_r":0.104,"bldg_age30_r":null,"shelter_min_walk":4,"pop":22970,"hh":13344,"elderly65_r":0.2112,"single_hh_r":0.5881,"source_level":"emd","flood_years":[2010,2011,2022]},"geometry":{"type":"Polygon","coordinates":[[[126.83894,37.49541],[126.83819,37.49692],[126.83647,37.49714],[126.83549,37.49583],[126.83624,37.49432],[126.83796,37.4941],[126.83894,37.49541]]]}},{"type":"Feature","properties":{"h3":"8930e0acec7ffff","emd_code":"1153077000","emd_name":"오류1동","area_km2":0.0722,"edge":false,"slope_mean":7.99,"elev_mean":31.8,"flood_hist_n":5,"flood_depth_max_m":0.3,"flood_risk_100y":null,"semi_basement_r":null,"elderly_alone_r":0.104,"bldg_age30_r":null,"shelter_min_walk":4,"pop":22970,"hh":13344,"elderly65_r":0.2112,"single_hh_r":0.5881,"source_level":"emd","flood_years":[2010,2011,2012,2022,2023]},"geometry":{"type":"Polygon","coordinates":[[[126.84164,37.4965],[126.84089,37.49801],[126.83916,37.49823],[126.83819,37.49692],[126.83894,37.49541],[126.84066,37.49519],[126.84164,37.4965]]]}},{"type":"Feature","properties":{"h3":"8930e0acecbffff","emd_code":"1153078000","emd_name":"오류2동","area_km2":0.0722,"edge":false,"slope_mean":5.8,"elev_mean":21.8,"flood_hist_n":1,"flood_depth_max_m":0.3,"flood_risk_100y":null,"semi_basement_r":null,"elderly_alone_r":0.1274,"bldg_age30_r":null,"shelter_min_walk":2,"pop":35381,"hh":15505,"elderly65_r":0.2465,"single_hh_r":0.3423,"source_level":"emd","flood_years":[2010]},"geometry":{"type":"Polygon","coordinates":[[[126.83871,37.49259],[126.83796,37.4941],[126.83624,37.49432],[126.83527,37.49301],[126.83602,37.4915],[126.83774,37.49128],[126.83871,37.49259]]]}},{"type":"Feature","properties":{"h3":"8930e0acecfffff","emd_code":"1153077000","emd_name":"오류1동","area_km2":0.0722,"edge":false,"slope_mean":5.09,"elev_mean":20.3,"flood_hist_n":2,"flood_depth_max_m":0.3,"flood_risk_100y":null,"semi_basement_r":null,"elderly_alone_r":0.104,"bldg_age30_r":null,"shelter_min_walk":1,"pop":22970,"hh":13344,"elderly65_r":0.2112,"single_hh_r":0.5881,"source_level":"emd","flood_years":[2010,2011]},"geometry":{"type":"Polygon","coordinates":[[[126.84141,37.49368],[126.84066,37.49519],[126.83894,37.49541],[126.83796,37.4941],[126.83871,37.49259],[126.84044,37.49237],[126.84141,37.49368]]]}},{"type":"Feature","properties":{"h3":"8930e0aced3ffff","emd_code":"1153079000","emd_name":"수궁동","area_km2":0.0722,"edge":false,"slope_mean":13.07,"elev_mean":59.8,"flood_hist_n":3,"flood_depth_max_m":0.3,"flood_risk_100y":null,"semi_basement_r":null,"elderly_alone_r":0.1483,"bldg_age30_r":null,"shelter_min_walk":6,"pop":21619,"hh":9917,"elderly65_r":0.2649,"single_hh_r":0.3644,"source_level":"emd","flood_years":[2010,2011,2022]},"geometry":{"type":"Polygon","coordinates":[[[126.83647,37.49714],[126.83572,37.49865],[126.83399,37.49887],[126.83302,37.49756],[126.83377,37.49605],[126.83549,37.49583],[126.83647,37.49714]]]}},{"type":"Feature","properties":{"h3":"8930e0aced7ffff","emd_code":"1153077000","emd_name":"오류1동","area_km2":0.0722,"edge":false,"slope_mean":12.02,"elev_mean":57.2,"flood_hist_n":2,"flood_depth_max_m":0.3,"flood_risk_100y":null,"semi_basement_r":null,"elderly_alone_r":0.104,"bldg_age30_r":null,"shelter_min_walk":4,"pop":22970,"hh":13344,"elderly65_r":0.2112,"single_hh_r":0.5881,"source_level":"emd","flood_years":[2010,2022]},"geometry":{"type":"Polygon","coordinates":[[[126.83916,37.49823],[126.83842,37.49974],[126.83669,37.49996],[126.83572,37.49865],[126.83647,37.49714],[126.83819,37.49692],[126.83916,37.49823]]]}},{"type":"Feature","properties":{"h3":"8930e0acedbffff","emd_code":"1153079000","emd_name":"수궁동","area_km2":0.0722,"edge":false,"slope_mean":7.57,"elev_mean":29.8,"flood_hist_n":3,"flood_depth_max_m":0.3,"flood_risk_100y":null,"semi_basement_r":null,"elderly_alone_r":0.1483,"bldg_age30_r":null,"shelter_min_walk":3,"pop":21619,"hh":9917,"elderly65_r":0.2649,"single_hh_r":0.3644,"source_level":"emd","flood_years":[2010,2011,2022]},"geometry":{"type":"Polygon","coordinates":[[[126.83624,37.49432],[126.83549,37.49583],[126.83377,37.49605],[126.8328,37.49474],[126.83354,37.49323],[126.83527,37.49301],[126.83624,37.49432]]]}},{"type":"Feature","properties":{"h3":"8930e0adc83ffff","emd_code":"1153080000","emd_name":"항동","area_km2":0.0721,"edge":true,"slope_mean":7.67,"elev_mean":23.9,"flood_hist_n":0,"flood_depth_max_m":null,"flood_risk_100y":null,"semi_basement_r":null,"elderly_alone_r":0.0712,"bldg_age30_r":null,"shelter_min_walk":2,"pop":15955,"hh":6178,"elderly65_r":0.149,"single_hh_r":0.2596,"source_level":"emd","flood_years":[]},"geometry":{"type":"Polygon","coordinates":[[[126.82163,37.47478],[126.82089,37.47629],[126.81916,37.47651],[126.81819,37.4752],[126.81894,37.47369],[126.82066,37.47347],[126.82163,37.47478]]]}},{"type":"Feature","properties":{"h3":"8930e0adc87ffff","emd_code":"1153080000","emd_name":"항동","area_km2":0.0721,"edge":false,"slope_mean":2.28,"elev_mean":18.3,"flood_hist_n":1,"flood_depth_max_m":0.3,"flood_risk_100y":null,"semi_basement_r":null,"elderly_alone_r":0.0712,"bldg_age30_r":null,"shelter_min_walk":4,"pop":15955,"hh":6178,"elderly65_r":0.149,"single_hh_r":0.2596,"source_level":"emd","flood_years":[2010]},"geometry":{"type":"Polygon","coordinates":[[[126.82433,37.47587],[126.82358,37.47738],[126.82186,37.4776],[126.82089,37.47629],[126.82163,37.47478],[126.82336,37.47456],[126.82433,37.47587]]]}},{"type":"Feature","properties":{"h3":"8930e0adc93ffff","emd_code":"1153080000","emd_name":"항동","area_km2":0.0721,"edge":false,"slope_mean":8.35,"elev_mean":30.4,"flood_hist_n":0,"flood_depth_max_m":null,"flood_risk_100y":null,"semi_basement_r":null,"elderly_alone_r":0.0712,"bldg_age30_r":null,"shelter_min_walk":2,"pop":15955,"hh":6178,"elderly65_r":0.149,"single_hh_r":0.2596,"source_level":"emd","flood_years":[]},"geometry":{"type":"Polygon","coordinates":[[[126.81916,37.47651],[126.81841,37.47802],[126.81669,37.47824],[126.81572,37.47693],[126.81647,37.47542],[126.81819,37.4752],[126.81916,37.47651]]]}},{"type":"Feature","properties":{"h3":"8930e0adc97ffff","emd_code":"1153080000","emd_name":"항동","area_km2":0.0721,"edge":false,"slope_mean":6.98,"elev_mean":22.0,"flood_hist_n":2,"flood_depth_max_m":0.3,"flood_risk_100y":null,"semi_basement_r":null,"elderly_alone_r":0.0712,"bldg_age30_r":null,"shelter_min_walk":3,"pop":15955,"hh":6178,"elderly65_r":0.149,"single_hh_r":0.2596,"source_level":"emd","flood_years":[2010,2011]},"geometry":{"type":"Polygon","coordinates":[[[126.82186,37.4776],[126.82111,37.47911],[126.81939,37.47933],[126.81841,37.47802],[126.81916,37.47651],[126.82089,37.47629],[126.82186,37.4776]]]}},{"type":"Feature","properties":{"h3":"8930e0adc9bffff","emd_code":"1153080000","emd_name":"항동","area_km2":0.0721,"edge":true,"slope_mean":13.14,"elev_mean":47.2,"flood_hist_n":0,"flood_depth_max_m":null,"flood_risk_100y":null,"semi_basement_r":null,"elderly_alone_r":0.0712,"bldg_age30_r":null,"shelter_min_walk":4,"pop":15955,"hh":6178,"elderly65_r":0.149,"single_hh_r":0.2596,"source_level":"emd","flood_years":[]},"geometry":{"type":"Polygon","coordinates":[[[126.81894,37.47369],[126.81819,37.4752],[126.81647,37.47542],[126.8155,37.47412],[126.81624,37.4726],[126.81797,37.47239],[126.81894,37.47369]]]}},{"type":"Feature","properties":{"h3":"8930e0adca3ffff","emd_code":"1153080000","emd_name":"항동","area_km2":0.0721,"edge":true,"slope_mean":18.76,"elev_mean":72.7,"flood_hist_n":0,"flood_depth_max_m":null,"flood_risk_100y":null,"semi_basement_r":null,"elderly_alone_r":0.0712,"bldg_age30_r":null,"shelter_min_walk":6,"pop":15955,"hh":6178,"elderly65_r":0.149,"single_hh_r":0.2596,"source_level":"emd","flood_years":[]},"geometry":{"type":"Polygon","coordinates":[[[126.8295,37.47522],[126.82875,37.47674],[126.82703,37.47695],[126.82605,37.47565],[126.8268,37.47414],[126.82852,37.47392],[126.8295,37.47522]]]}},{"type":"Feature","properties":{"h3":"8930e0adca7ffff","emd_code":"1153080000","emd_name":"항동","area_km2":0.0722,"edge":true,"slope_mean":20.32,"elev_mean":98.7,"flood_hist_n":0,"flood_depth_max_m":null,"flood_risk_100y":null,"semi_basement_r":null,"elderly_alone_r":0.0712,"bldg_age30_r":null,"shelter_min_walk":8,"pop":15955,"hh":6178,"elderly65_r":0.149,"single_hh_r":0.2596,"source_level":"emd","flood_years":[]},"geometry":{"type":"Polygon","coordinates":[[[126.83219,37.47631],[126.83144,37.47783],[126.82972,37.47804],[126.82875,37.47674],[126.8295,37.47522],[126.83122,37.47501],[126.83219,37.47631]]]}},{"type":"Feature","properties":{"h3":"8930e0adcb3ffff","emd_code":"1153080000","emd_name":"항동","area_km2":0.0721,"edge":false,"slope_mean":8.9,"elev_mean":33.9,"flood_hist_n":0,"flood_depth_max_m":null,"flood_risk_100y":null,"semi_basement_r":null,"elderly_alone_r":0.0712,"bldg_age30_r":null,"shelter_min_walk":2,"pop":15955,"hh":6178,"elderly65_r":0.149,"single_hh_r":0.2596,"source_level":"emd","flood_years":[]},"geometry":{"type":"Polygon","coordinates":[[[126.82703,37.47695],[126.82628,37.47847],[126.82455,37.47868],[126.82358,37.47738],[126.82433,37.47587],[126.82605,37.47565],[126.82703,37.47695]]]}},{"type":"Feature","properties":{"h3":"8930e0adcb7ffff","emd_code":"1153080000","emd_name":"항동","area_km2":0.0722,"edge":false,"slope_mean":17.73,"elev_mean":60.5,"flood_hist_n":1,"flood_depth_max_m":0.3,"flood_risk_100y":null,"semi_basement_r":null,"elderly_alone_r":0.0712,"bldg_age30_r":null,"shelter_min_walk":4,"pop":15955,"hh":6178,"elderly65_r":0.149,"single_hh_r":0.2596,"source_level":"emd","flood_years":[2011]},"geometry":{"type":"Polygon","coordinates":[[[126.82972,37.47804],[126.82897,37.47956],[126.82725,37.47977],[126.82628,37.47847],[126.82703,37.47695],[126.82875,37.47674],[126.82972,37.47804]]]}},{"type":"Feature","properties":{"h3":"8930e0add03ffff","emd_code":"1153078000","emd_name":"오류2동","area_km2":0.0722,"edge":false,"slope_mean":2.15,"elev_mean":15.8,"flood_hist_n":0,"flood_depth_max_m":null,"flood_risk_100y":null,"semi_basement_r":null,"elderly_alone_r":0.1274,"bldg_age30_r":null,"shelter_min_walk":5,"pop":35381,"hh":15505,"elderly65_r":0.2465,"single_hh_r":0.3423,"source_level":"emd","flood_years":[]},"geometry":{"type":"Polygon","coordinates":[[[126.84523,37.47612],[126.84448,37.47763],[126.84275,37.47785],[126.84178,37.47655],[126.84253,37.47503],[126.84425,37.47482],[126.84523,37.47612]]]}},{"type":"Feature","properties":{"h3":"8930e0add07ffff","emd_code":"1153078000","emd_name":"오류2동","area_km2":0.0722,"edge":true,"slope_mean":4.49,"elev_mean":13.8,"flood_hist_n":0,"flood_depth_max_m":null,"flood_risk_100y":null,"semi_basement_r":null,"elderly_alone_r":0.1274,"bldg_age30_r":null,"shelter_min_walk":7,"pop":35381,"hh":15505,"elderly65_r":0.2465,"single_hh_r":0.3423,"source_level":"emd","flood_years":[]},"geometry":{"type":"Polygon","coordinates":[[[126.84792,37.47721],[126.84717,37.47872],[126.84545,37.47894],[126.84448,37.47763],[126.84523,37.47612],[126.84695,37.4759],[126.84792,37.47721]]]}},{"type":"Feature","properties":{"h3":"8930e0add0bffff","emd_code":"1153078000","emd_name":"오류2동","area_km2":0.0722,"edge":true,"slope_mean":5.55,"elev_mean":18.9,"flood_hist_n":0,"flood_depth_max_m":null,"flood_risk_100y":null,"semi_basement_r":null,"elderly_alone_r":0.1274,"bldg_age30_r":null,"shelter_min_walk":10,"pop":35381,"hh":15505,"elderly65_r":0.2465,"single_hh_r":0.3423,"source_level":"emd","flood_years":[]},"geometry":{"type":"Polygon","coordinates":[[[126.845,37.4733],[126.84425,37.47482],[126.84253,37.47503],[126.84155,37.47373],[126.8423,37.47221],[126.84403,37.472],[126.845,37.4733]]]}},{"type":"Feature","properties":{"h3":"8930e0add0fffff","emd_code":"1153078000","emd_name":"오류2동","area_km2":0.0722,"edge":true,"slope_mean":4.33,"elev_mean":13.7,"flood_hist_n":0,"flood_depth_max_m":null,"flood_risk_100y":null,"semi_basement_r":null,"elderly_alone_r":0.1274,"bldg_age30_r":null,"shelter_min_walk":9,"pop":35381,"hh":15505,"elderly65_r":0.2465,"single_hh_r":0.3423,"source_level":"emd","flood_years":[]},"geometry":{"type":"Polygon","coordinates":[[[126.8477,37.47439],[126.84695,37.4759],[126.84523,37.47612],[126.84425,37.47482],[126.845,37.4733],[126.84672,37.47308],[126.8477,37.47439]]]}},{"type":"Feature","properties":{"h3":"8930e0add13ffff","emd_code":"1153078000","emd_name":"오류2동","area_km2":0.0722,"edge":false,"slope_mean":4.69,"elev_mean":19.4,"flood_hist_n":0,"flood_depth_max_m":null,"flood_risk_100y":null,"semi_basement_r":null,"elderly_alone_r":0.1274,"bldg_age30_r":null,"shelter_min_walk":2,"pop":35381,"hh":15505,"elderly65_r":0.2465,"single_hh_r":0.3423,"source_level":"emd","flood_years":[]},"geometry":{"type":"Polygon","coordinates":[[[126.84275,37.47785],[126.84201,37.47937],[126.84028,37.47958],[126.83931,37.47828],[126.84006,37.47676],[126.84178,37.47655],[126.84275,37.47785]]]}},{"type":"Feature","properties":{"h3":"8930e0add17ffff","emd_code":"1153078000","emd_name":"오류2동","area_km2":0.0722,"edge":false,"slope_mean":2.75,"elev_mean":15.8,"flood_hist_n":0,"flood_depth_max_m":null,"flood_risk_100y":null,"semi_basement_r":null,"elderly_alone_r":0.1274,"bldg_age30_r":null,"shelter_min_walk":3,"pop":35381,"hh":15505,"elderly65_r":0.2465,"single_hh_r":0.3423,"source_level":"emd","flood_years":[]},"geometry":{"type":"Polygon","coordinates":[[[126.84545,37.47894],[126.8447,37.48045],[126.84298,37.48067],[126.84201,37.47937],[126.84275,37.47785],[126.84448,37.47763],[126.84545,37.47894]]]}},{"type":"Feature","properties":{"h3":"8930e0add1bffff","emd_code":"1153078000","emd_name":"오류2동","area_km2":0.0722,"edge":false,"slope_mean":3.58,"elev_mean":15.7,"flood_hist_n":0,"flood_depth_max_m":null,"flood_risk_100y":null,"semi_basement_r":null,"elderly_alone_r":0.1274,"bldg_age30_r":null,"shelter_min_walk":7,"pop":35381,"hh":15505,"elderly65_r":0.2465,"single_hh_r":0.3423,"source_level":"emd","flood_years":[]},"geometry":{"type":"Polygon","coordinates":[[[126.84253,37.47503],[126.84178,37.47655],[126.84006,37.47676],[126.83908,37.47546],[126.83983,37.47394],[126.84155,37.47373],[126.84253,37.47503]]]}},{"type":"Feature","properties":{"h3":"8930e0add83ffff","emd_code":"1153078000","emd_name":"오류2동","area_km2":0.0722,"edge":false,"slope_mean":7.19,"elev_mean":34.9,"flood_hist_n":0,"flood_depth_max_m":null,"flood_risk_100y":null,"semi_basement_r":null,"elderly_alone_r":0.1274,"bldg_age30_r":null,"shelter_min_walk":1,"pop":35381,"hh":15505,"elderly65_r":0.2465,"single_hh_r":0.3423,"source_level":"emd","flood_years":[]},"geometry":{"type":"Polygon","coordinates":[[[126.84051,37.4824],[126.83976,37.48392],[126.83804,37.48413],[126.83706,37.48283],[126.83781,37.48131],[126.83953,37.4811],[126.84051,37.4824]]]}},{"type":"Feature","properties":{"h3":"8930e0add87ffff","emd_code":"1153078000","emd_name":"오류2동","area_km2":0.0722,"edge":false,"slope_mean":7.61,"elev_mean":23.3,"flood_hist_n":2,"flood_depth_max_m":0.3,"flood_risk_100y":null,"semi_basement_r":null,"elderly_alone_r":0.1274,"bldg_age30_r":null,"shelter_min_walk":4,"pop":35381,"hh":15505,"elderly65_r":0.2465,"single_hh_r":0.3423,"source_level":"emd","flood_years":[2010,2011]},"geometry":{"type":"Polygon","coordinates":[[[126.84321,37.48349],[126.84246,37.485],[126.84073,37.48522],[126.83976,37.48392],[126.84051,37.4824],[126.84223,37.48218],[126.84321,37.48349]]]}},{"type":"Feature","properties":{"h3":"8930e0add8bffff","emd_code":"1153078000","emd_name":"오류2동","area_km2":0.0722,"edge":false,"slope_mean":4.83,"elev_mean":25.9,"flood_hist_n":0,"flood_depth_max_m":null,"flood_risk_100y":null,"semi_basement_r":null,"elderly_alone_r":0.1274,"bldg_age30_r":null,"shelter_min_walk":2,"pop":35381,"hh":15505,"elderly65_r":0.2465,"single_hh_r":0.3423,"source_level":"emd","flood_years":[]},"geometry":{"type":"Polygon","coordinates":[[[126.84028,37.47958],[126.83953,37.4811],[126.83781,37.48131],[126.83684,37.48001],[126.83759,37.47849],[126.83931,37.47828],[126.84028,37.47958]]]}},{"type":"Feature","properties":{"h3":"8930e0add8fffff","emd_code":"1153078000","emd_name":"오류2동","area_km2":0.0722,"edge":false,"slope_mean":5.9,"elev_mean":24.0,"flood_hist_n":0,"flood_depth_max_m":null,"flood_risk_100y":null,"semi_basement_r":null,"elderly_alone_r":0.1274,"bldg_age30_r":null,"shelter_min_walk":2,"pop":35381,"hh":15505,"elderly65_r":0.2465,"single_hh_r":0.3423,"source_level":"emd","flood_years":[]},"geometry":{"type":"Polygon","coordinates":[[[126.84298,37.48067],[126.84223,37.48218],[126.84051,37.4824],[126.83953,37.4811],[126.84028,37.47958],[126.84201,37.47937],[126.84298,37.48067]]]}},{"type":"Feature","properties":{"h3":"8930e0add93ffff","emd_code":"1153078000","emd_name":"오류2동","area_km2":0.0722,"edge":false,"slope_mean":17.26,"elev_mean":71.5,"flood_hist_n":0,"flood_depth_max_m":null,"flood_risk_100y":null,"semi_basement_r":null,"elderly_alone_r":0.1274,"bldg_age30_r":null,"shelter_min_walk":2,"pop":35381,"hh":15505,"elderly65_r":0.2465,"single_hh_r":0.3423,"source_level":"emd","flood_years":[]},"geometry":{"type":"Polygon","coordinates":[[[126.83804,37.48413],[126.83729,37.48565],[126.83557,37.48586],[126.83459,37.48456],[126.83534,37.48304],[126.83706,37.48283],[126.83804,37.48413]]]}},{"type":"Feature","properties":{"h3":"8930e0add97ffff","emd_code":"1153078000","emd_name":"오류2동","area_km2":0.0722,"edge":false,"slope_mean":8.83,"elev_mean":29.7,"flood_hist_n":0,"flood_depth_max_m":null,"flood_risk_100y":null,"semi_basement_r":null,"elderly_alone_r":0.1274,"bldg_age30_r":null,"shelter_min_walk":2,"pop":35381,"hh":15505,"elderly65_r":0.2465,"single_hh_r":0.3423,"source_level":"emd","flood_years":[]},"geometry":{"type":"Polygon","coordinates":[[[126.84073,37.48522],[126.83999,37.48673],[126.83826,37.48695],[126.83729,37.48565],[126.83804,37.48413],[126.83976,37.48392],[126.84073,37.48522]]]}},{"type":"Feature","properties":{"h3":"8930e0add9bffff","emd_code":"1153078000","emd_name":"오류2동","area_km2":0.0722,"edge":false,"slope_mean":15.08,"elev_mean":52.5,"flood_hist_n":0,"flood_depth_max_m":null,"flood_risk_100y":null,"semi_basement_r":null,"elderly_alone_r":0.1274,"bldg_age30_r":null,"shelter_min_walk":4,"pop":35381,"hh":15505,"elderly65_r":0.2465,"single_hh_r":0.3423,"source_level":"emd","flood_years":[]},"geometry":{"type":"Polygon","coordinates":[[[126.83781,37.48131],[126.83706,37.48283],[126.83534,37.48304],[126.83437,37.48174],[126.83511,37.48022],[126.83684,37.48001],[126.83781,37.48131]]]}},{"type":"Feature","properties":{"h3":"8930e0adda3ffff","emd_code":"1153078000","emd_name":"오류2동","area_km2":0.0722,"edge":false,"slope_mean":12.65,"elev_mean":27.2,"flood_hist_n":1,"flood_depth_max_m":0.3,"flood_risk_100y":null,"semi_basement_r":null,"elderly_alone_r":0.1274,"bldg_age30_r":null,"shelter_min_walk":3,"pop":35381,"hh":15505,"elderly65_r":0.2465,"single_hh_r":0.3423,"source_level":"emd","flood_years":[2010]},"geometry":{"type":"Polygon","coordinates":[[[126.84837,37.48285],[126.84763,37.48436],[126.8459,37.48458],[126.84493,37.48327],[126.84568,37.48176],[126.8474,37.48154],[126.84837,37.48285]]]}},{"type":"Feature","properties":{"h3":"8930e0adda7ffff","emd_code":"1153076000","emd_name":"개봉3동","area_km2":0.0722,"edge":false,"slope_mean":20.61,"elev_mean":53.1,"flood_hist_n":2,"flood_depth_max_m":0.3,"flood_risk_100y":null,"semi_basement_r":null,"elderly_alone_r":0.1471,"bldg_age30_r":null,"shelter_min_walk":3,"pop":18493,"hh":8543,"elderly65_r":0.2851,"single_hh_r":0.3494,"source_level":"emd","flood_years":[2010,2022]},"geometry":{"type":"Polygon","coordinates":[[[126.85107,37.48393],[126.85032,37.48545],[126.8486,37.48566],[126.84763,37.48436],[126.84837,37.48285],[126.8501,37.48263],[126.85107,37.48393]]]}},{"type":"Feature","properties":{"h3":"8930e0addabffff","emd_code":"1153078000","emd_name":"오류2동","area_km2":0.0722,"edge":true,"slope_mean":10.47,"elev_mean":20.6,"flood_hist_n":0,"flood_depth_max_m":null,"flood_risk_100y":null,"semi_basement_r":null,"elderly_alone_r":0.1274,"bldg_age30_r":null,"shelter_min_walk":5,"pop":35381,"hh":15505,"elderly65_r":0.2465,"single_hh_r":0.3423,"source_level":"emd","flood_years":[]},"geometry":{"type":"Polygon","coordinates":[[[126.84815,37.48003],[126.8474,37.48154],[126.84568,37.48176],[126.8447,37.48045],[126.84545,37.47894],[126.84717,37.47872],[126.84815,37.48003]]]}},{"type":"Feature","properties":{"h3":"8930e0addafffff","emd_code":"1153076000","emd_name":"개봉3동","area_km2":0.0722,"edge":true,"slope_mean":6.94,"elev_mean":15.3,"flood_hist_n":2,"flood_depth_max_m":0.3,"flood_risk_100y":null,"semi_basement_r":null,"elderly_alone_r":0.1471,"bldg_age30_r":null,"shelter_min_walk":1,"pop":18493,"hh":8543,"elderly65_r":0.2851,"single_hh_r":0.3494,"source_level":"emd","flood_years":[2011,2022]},"geometry":{"type":"Polygon","coordinates":[[[126.85085,37.48111],[126.8501,37.48263],[126.84837,37.48285],[126.8474,37.48154],[126.84815,37.48003],[126.84987,37.47981],[126.85085,37.48111]]]}},{"type":"Feature","properties":{"h3":"8930e0addb3ffff","emd_code":"1153078000","emd_name":"오류2동","area_km2":0.0722,"edge":false,"slope_mean":20.19,"elev_mean":54.2,"flood_hist_n":0,"flood_depth_max_m":null,"flood_risk_100y":null,"semi_basement_r":null,"elderly_alone_r":0.1274,"bldg_age30_r":null,"shelter_min_walk":7,"pop":35381,"hh":15505,"elderly65_r":0.2465,"single_hh_r":0.3423,"source_level":"emd","flood_years":[]},"geometry":{"type":"Polygon","coordinates":[[[126.8459,37.48458],[126.84515,37.48609],[126.84343,37.48631],[126.84246,37.485],[126.84321,37.48349],[126.84493,37.48327],[126.8459,37.48458]]]}},{"type":"Feature","properties":{"h3":"8930e0addb7ffff","emd_code":"1153076000","emd_name":"개봉3동","area_km2":0.0722,"edge":false,"slope_mean":16.05,"elev_mean":86.5,"flood_hist_n":0,"flood_depth_max_m":null,"flood_risk_100y":null,"semi_basement_r":null,"elderly_alone_r":0.1471,"bldg_age30_r":null,"shelter_min_walk":6,"pop":18493,"hh":8543,"elderly65_r":0.2851,"single_hh_r":0.3494,"source_level":"emd","flood_years":[]},"geometry":{"type":"Polygon","coordinates":[[[126.8486,37.48566],[126.84785,37.48718],[126.84613,37.4874],[126.84515,37.48609],[126.8459,37.48458],[126.84763,37.48436],[126.8486,37.48566]]]}},{"type":"Feature","properties":{"h3":"8930e0addbbffff","emd_code":"1153078000","emd_name":"오류2동","area_km2":0.0722,"edge":false,"slope_mean":2.95,"elev_mean":13.3,"flood_hist_n":3,"flood_depth_max_m":0.3,"flood_risk_100y":null,"semi_basement_r":null,"elderly_alone_r":0.1274,"bldg_age30_r":null,"shelter_min_walk":5,"pop":35381,"hh":15505,"elderly65_r":0.2465,"single_hh_r":0.3423,"source_level":"emd","flood_years":[2010,2011,2022]},"geometry":{"type":"Polygon","coordinates":[[[126.84568,37.48176],[126.84493,37.48327],[126.84321,37.48349],[126.84223,37.48218],[126.84298,37.48067],[126.8447,37.48045],[126.84568,37.48176]]]}},{"type":"Feature","properties":{"h3":"8930e0addc3ffff","emd_code":"1153078000","emd_name":"오류2동","area_km2":0.0722,"edge":false,"slope_mean":16.67,"elev_mean":53.1,"flood_hist_n":0,"flood_depth_max_m":null,"flood_risk_100y":null,"semi_basement_r":null,"elderly_alone_r":0.1274,"bldg_age30_r":null,"shelter_min_walk":9,"pop":35381,"hh":15505,"elderly65_r":0.2465,"single_hh_r":0.3423,"source_level":"emd","flood_years":[]},"geometry":{"type":"Polygon","coordinates":[[[126.83736,37.47567],[126.83661,37.47719],[126.83489,37.4774],[126.83392,37.4761],[126.83466,37.47458],[126.83639,37.47437],[126.83736,37.47567]]]}},{"type":"Feature","properties":{"h3":"8930e0addc7ffff","emd_code":"1153078000","emd_name":"오류2동","area_km2":0.0722,"edge":false,"slope_mean":4.56,"elev_mean":25.0,"flood_hist_n":0,"flood_depth_max_m":null,"flood_risk_100y":null,"semi_basement_r":null,"elderly_alone_r":0.1274,"bldg_age30_r":null,"shelter_min_walk":5,"pop":35381,"hh":15505,"elderly65_r":0.2465,"single_hh_r":0.3423,"source_level":"emd","flood_years":[]},"geometry":{"type":"Polygon","coordinates":[[[126.84006,37.47676],[126.83931,37.47828],[126.83759,37.47849],[126.83661,37.47719],[126.83736,37.47567],[126.83908,37.47546],[126.84006,37.47676]]]}},{"type":"Feature","properties":{"h3":"8930e0addcfffff","emd_code":"1153078000","emd_name":"오류2동","area_km2":0.0722,"edge":true,"slope_mean":4.94,"elev_mean":20.3,"flood_hist_n":0,"flood_depth_max_m":null,"flood_risk_100y":null,"semi_basement_r":null,"elderly_alone_r":0.1274,"bldg_age30_r":null,"shelter_min_walk":10,"pop":35381,"hh":15505,"elderly65_r":0.2465,"single_hh_r":0.3423,"source_level":"emd","flood_years":[]},"geometry":{"type":"Polygon","coordinates":[[[126.83983,37.47394],[126.83908,37.47546],[126.83736,37.47567],[126.83639,37.47437],[126.83714,37.47285],[126.83886,37.47264],[126.83983,37.47394]]]}},{"type":"Feature","properties":{"h3":"8930e0addd3ffff","emd_code":"1153078000","emd_name":"오류2동","area_km2":0.0722,"edge":false,"slope_mean":16.29,"elev_mean":82.5,"flood_hist_n":0,"flood_depth_max_m":null,"flood_risk_100y":null,"semi_basement_r":null,"elderly_alone_r":0.1274,"bldg_age30_r":null,"shelter_min_walk":9,"pop":35381,"hh":15505,"elderly65_r":0.2465,"single_hh_r":0.3423,"source_level":"emd","flood_years":[]},"geometry":{"type":"Polygon","coordinates":[[[126.83489,37.4774],[126.83414,37.47892],[126.83242,37.47913],[126.83144,37.47783],[126.83219,37.47631],[126.83392,37.4761],[126.83489,37.4774]]]}},{"type":"Feature","properties":{"h3":"8930e0addd7ffff","emd_code":"1153078000","emd_name":"오류2동","area_km2":0.0722,"edge":false,"slope_mean":14.92,"elev_mean":39.2,"flood_hist_n":0,"flood_depth_max_m":null,"flood_risk_100y":null,"semi_basement_r":null,"elderly_alone_r":0.1274,"bldg_age30_r":null,"shelter_min_walk":5,"pop":35381,"hh":15505,"elderly65_r":0.2465,"single_hh_r":0.3423,"source_level":"emd","flood_years":[]},"geometry":{"type":"Polygon","coordinates":[[[126.83759,37.47849],[126.83684,37.48001],[126.83511,37.48022],[126.83414,37.47892],[126.83489,37.4774],[126.83661,37.47719],[126.83759,37.47849]]]}},{"type":"Feature","properties":{"h3":"8930e1d964bffff","emd_code":"1153054000","emd_name":"구로3동","area_km2":0.0723,"edge":true,"slope_mean":4.43,"elev_mean":17.5,"flood_hist_n":2,"flood_depth_max_m":0.3,"flood_risk_100y":null,"semi_basement_r":null,"elderly_alone_r":0.0758,"bldg_age30_r":null,"shelter_min_walk":1,"pop":22653,"hh":13714,"elderly65_r":0.1822,"single_hh_r":0.631,"source_level":"emd","flood_years":[2010,2022]},"geometry":{"type":"Polygon","coordinates":[[[126.89853,37.48942],[126.89778,37.49094],[126.89605,37.49116],[126.89508,37.48985],[126.89583,37.48834],[126.89755,37.48812],[126.89853,37.48942]]]}},{"type":"Feature","properties":{"h3":"8930e1d9653ffff","emd_code":"1153055000","emd_name":"구로4동","area_km2":0.0723,"edge":false,"slope_mean":6.6,"elev_mean":16.1,"flood_hist_n":2,"flood_depth_max_m":0.5,"flood_risk_100y":null,"semi_basement_r":null,"elderly_alone_r":0.1798,"bldg_age30_r":null,"shelter_min_walk":1,"pop":17562,"hh":10075,"elderly65_r":0.2984,"single_hh_r":0.5489,"source_level":"emd","flood_years":[2010,2022]},"geometry":{"type":"Polygon","coordinates":[[[126.89628,37.49398],[126.89553,37.4955],[126.89381,37.49571],[126.89283,37.49441],[126.89358,37.49289],[126.89531,37.49267],[126.89628,37.49398]]]}},{"type":"Feature","properties":{"h3":"8930e1d965bffff","emd_code":"1153055000","emd_name":"구로4동","area_km2":0.0723,"edge":false,"slope_mean":4.58,"elev_mean":15.8,"flood_hist_n":4,"flood_depth_max_m":0.3,"flood_risk_100y":null,"semi_basement_r":null,"elderly_alone_r":0.1798,"bldg_age30_r":null,"shelter_min_walk":2,"pop":17562,"hh":10075,"elderly65_r":0.2984,"single_hh_r":0.5489,"source_level":"emd","flood_years":[2010,2011,2022,2023]},"geometry":{"type":"Polygon","coordinates":[[[126.89605,37.49116],[126.89531,37.49267],[126.89358,37.49289],[126.8926,37.49159],[126.89335,37.49007],[126.89508,37.48985],[126.89605,37.49116]]]}},{"type":"Feature","properties":{"h3":"8930e1d9693ffff","emd_code":"1153056000","emd_name":"구로5동","area_km2":0.0723,"edge":false,"slope_mean":6.78,"elev_mean":13.0,"flood_hist_n":0,"flood_depth_max_m":null,"flood_risk_100y":null,"semi_basement_r":null,"elderly_alone_r":0.0936,"bldg_age30_r":null,"shelter_min_walk":2,"pop":28474,"hh":15613,"elderly65_r":0.2064,"single_hh_r":0.5458,"source_level":"emd","flood_years":[]},"geometry":{"type":"Polygon","coordinates":[[[126.89472,37.50699],[126.89397,37.50851],[126.89225,37.50873],[126.89127,37.50742],[126.89202,37.5059],[126.89375,37.50569],[126.89472,37.50699]]]}},{"type":"Feature","properties":{"h3":"8930e1d9697ffff","emd_code":"1153051000","emd_name":"신도림동","area_km2":0.0723,"edge":true,"slope_mean":6.07,"elev_mean":16.0,"flood_hist_n":1,"flood_depth_max_m":0.3,"flood_risk_100y":null,"semi_basement_r":null,"elderly_alone_r":0.0565,"bldg_age30_r":null,"shelter_min_walk":3,"pop":35692,"hh":14435,"elderly65_r":0.1651,"single_hh_r":0.2795,"source_level":"emd","flood_years":[2022]},"geometry":{"type":"Polygon","coordinates":[[[126.89742,37.50808],[126.89668,37.5096],[126.89495,37.50981],[126.89397,37.50851],[126.89472,37.50699],[126.89645,37.50678],[126.89742,37.50808]]]}},{"type":"Feature","properties":{"h3":"8930e1d969bffff","emd_code":"1153056000","emd_name":"구로5동","area_km2":0.0723,"edge":false,"slope_mean":5.31,"elev_mean":13.5,"flood_hist_n":2,"flood_depth_max_m":0.3,"flood_risk_100y":null,"semi_basement_r":null,"elderly_alone_r":0.0936,"bldg_age30_r":null,"shelter_min_walk":1,"pop":28474,"hh":15613,"elderly65_r":0.2064,"single_hh_r":0.5458,"source_level":"emd","flood_years":[2011,2022]},"geometry":{"type":"Polygon","coordinates":[[[126.89449,37.50417],[126.89375,37.50569],[126.89202,37.5059],[126.89104,37.5046],[126.89179,37.50308],[126.89352,37.50287],[126.89449,37.50417]]]}},{"type":"Feature","properties":{"h3":"8930e1d96c3ffff","emd_code":"1153056000","emd_name":"구로5동","area_km2":0.0723,"edge":false,"slope_mean":5.74,"elev_mean":15.3,"flood_hist_n":0,"flood_depth_max_m":null,"flood_risk_100y":null,"semi_basement_r":null,"elderly_alone_r":0.0936,"bldg_age30_r":null,"shelter_min_walk":2,"pop":28474,"hh":15613,"elderly65_r":0.2064,"single_hh_r":0.5458,"source_level":"emd","flood_years":[]},"geometry":{"type":"Polygon","coordinates":[[[126.89404,37.49853],[126.89329,37.50005],[126.89156,37.50026],[126.89059,37.49896],[126.89134,37.49744],[126.89306,37.49723],[126.89404,37.49853]]]}},{"type":"Feature","properties":{"h3":"8930e1d96c7ffff","emd_code":"1153056000","emd_name":"구로5동","area_km2":0.0723,"edge":true,"slope_mean":3.74,"elev_mean":15.6,"flood_hist_n":2,"flood_depth_max_m":0.3,"flood_risk_100y":null,"semi_basement_r":null,"elderly_alone_r":0.0936,"bldg_age30_r":null,"shelter_min_walk":1,"pop":28474,"hh":15613,"elderly65_r":0.2064,"single_hh_r":0.5458,"source_level":"emd","flood_years":[2010,2022]},"geometry":{"type":"Polygon","coordinates":[[[126.89674,37.49962],[126.89599,37.50114],[126.89427,37.50135],[126.89329,37.50005],[126.89404,37.49853],[126.89576,37.49832],[126.89674,37.49962]]]}},{"type":"Feature","properties":{"h3":"8930e1d96cbffff","emd_code":"1153055000","emd_name":"구로4동","area_km2":0.0723,"edge":false,"slope_mean":6.39,"elev_mean":13.1,"flood_hist_n":3,"flood_depth_max_m":0.3,"flood_risk_100y":null,"semi_basement_r":null,"elderly_alone_r":0.1798,"bldg_age30_r":null,"shelter_min_walk":1,"pop":17562,"hh":10075,"elderly65_r":0.2984,"single_hh_r":0.5489,"source_level":"emd","flood_years":[2010,2011,2022]},"geometry":{"type":"Polygon","coordinates":[[[126.89381,37.49571],[126.89306,37.49723],[126.89134,37.49744],[126.89036,37.49614],[126.89111,37.49462],[126.89283,37.49441],[126.89381,37.49571]]]}},{"type":"Feature","properties":{"h3":"8930e1d96cfffff","emd_code":"1153055000","emd_name":"구로4동","area_km2":0.0723,"edge":true,"slope_mean":6.0,"elev_mean":15.9,"flood_hist_n":2,"flood_depth_max_m":0.5,"flood_risk_100y":null,"semi_basement_r":null,"elderly_alone_r":0.1798,"bldg_age30_r":null,"shelter_min_walk":2,"pop":17562,"hh":10075,"elderly65_r":0.2984,"single_hh_r":0.5489,"source_level":"emd","flood_years":[2010,2022]},"geometry":{"type":"Polygon","coordinates":[[[126.89651,37.4968],[126.89576,37.49832],[126.89404,37.49853],[126.89306,37.49723],[126.89381,37.49571],[126.89553,37.4955],[126.89651,37.4968]]]}},{"type":"Feature","properties":{"h3":"8930e1d96d3ffff","emd_code":"1153056000","emd_name":"구로5동","area_km2":0.0723,"edge":false,"slope_mean":8.8,"elev_mean":19.3,"flood_hist_n":2,"flood_depth_max_m":0.3,"flood_risk_100y":null,"semi_basement_r":null,"elderly_alone_r":0.0936,"bldg_age30_r":null,"shelter_min_walk":1,"pop":28474,"hh":15613,"elderly65_r":0.2064,"single_hh_r":0.5458,"source_level":"emd","flood_years":[2010,2022]},"geometry":{"type":"Polygon","coordinates":[[[126.89156,37.50026],[126.89082,37.50178],[126.88909,37.50199],[126.88811,37.50069],[126.88886,37.49917],[126.89059,37.49896],[126.89156,37.50026]]]}},{"type":"Feature","properties":{"h3":"8930e1d96d7ffff","emd_code":"1153056000","emd_name":"구로5동","area_km2":0.0723,"edge":false,"slope_mean":5.96,"elev_mean":13.4,"flood_hist_n":2,"flood_depth_max_m":0.3,"flood_risk_100y":null,"semi_basement_r":null,"elderly_alone_r":0.0936,"bldg_age30_r":null,"shelter_min_walk":2,"pop":28474,"hh":15613,"elderly65_r":0.2064,"single_hh_r":0.5458,"source_level":"emd","flood_years":[2010,2022]},"geometry":{"type":"Polygon","coordinates":[[[126.89427,37.50135],[126.89352,37.50287],[126.89179,37.50308],[126.89082,37.50178],[126.89156,37.50026],[126.89329,37.50005],[126.89427,37.50135]]]}},{"type":"Feature","properties":{"h3":"8930e1d96dbffff","emd_code":"1153056000","emd_name":"구로5동","area_km2":0.0723,"edge":false,"slope_mean":5.19,"elev_mean":16.0,"flood_hist_n":2,"flood_depth_max_m":1.0,"flood_risk_100y":null,"semi_basement_r":null,"elderly_alone_r":0.0936,"bldg_age30_r":null,"shelter_min_walk":1,"pop":28474,"hh":15613,"elderly65_r":0.2064,"single_hh_r":0.5458,"source_level":"emd","flood_years":[2010,2022]},"geometry":{"type":"Polygon","coordinates":[[[126.89134,37.49744],[126.89059,37.49896],[126.88886,37.49917],[126.88789,37.49787],[126.88864,37.49635],[126.89036,37.49614],[126.89134,37.49744]]]}}]}