{"type":"FeatureCollection","name":"grid_41271_h3r8","meta":{"sgg_code":"41271","h3_res":8,"n_cells":158,"dem":"Copernicus GLO-30 (bbox-mean)","crs":"EPSG:4326","jumin_basis":"2026-07","flood_src":"행안부 침수흔적도(전국, 재난안전데이터공유플랫폼)","landslide_src":"행안부 산사태 발생이력"},"features":[{"type":"Feature","properties":{"h3":"8830e02003fffff","emd_code":"4127160000","emd_name":"반월동","area_km2":0.5059,"edge":true,"slope_mean":13.99,"elev_mean":114.8,"flood_hist_n":0,"flood_depth_max_m":null,"flood_risk_100y":null,"semi_basement_r":null,"elderly_alone_r":0.1577,"bldg_age30_r":null,"shelter_min_walk":15,"pop":17744,"hh":8287,"elderly65_r":0.2803,"single_hh_r":0.3615,"source_level":"emd","flood_years":[],"landslide_hist_n":0},"geometry":{"type":"Polygon","coordinates":[[[126.93081,37.27599],[126.93029,37.28033],[126.92611,37.28229],[126.92244,37.2799],[126.92295,37.27557],[126.92714,37.27361],[126.93081,37.27599]]]}},{"type":"Feature","properties":{"h3":"8830e02009fffff","emd_code":"4127160000","emd_name":"반월동","area_km2":0.5057,"edge":true,"slope_mean":12.5,"elev_mean":75.8,"flood_hist_n":0,"flood_depth_max_m":null,"flood_risk_100y":null,"semi_basement_r":null,"elderly_alone_r":0.1577,"bldg_age30_r":null,"shelter_min_walk":20,"pop":17744,"hh":8287,"elderly65_r":0.2803,"single_hh_r":0.3615,"source_level":"emd","flood_years":[],"landslide_hist_n":0},"geometry":{"type":"Polygon","coordinates":[[[126.91825,37.28186],[126.91773,37.2862],[126.91355,37.28815],[126.90988,37.28577],[126.9104,37.28143],[126.91458,37.27948],[126.91825,37.28186]]]}},{"type":"Feature","properties":{"h3":"8830e0200bfffff","emd_code":"4127160000","emd_name":"반월동","area_km2":0.5058,"edge":false,"slope_mean":10.5,"elev_mean":88.4,"flood_hist_n":0,"flood_depth_max_m":null,"flood_risk_100y":null,"semi_basement_r":null,"elderly_alone_r":0.1577,"bldg_age30_r":null,"shelter_min_walk":19,"pop":17744,"hh":8287,"elderly65_r":0.2803,"single_hh_r":0.3615,"source_level":"emd","flood_years":[],"landslide_hist_n":0},"geometry":{"type":"Polygon","coordinates":[[[126.92611,37.28229],[126.92559,37.28662],[126.9214,37.28858],[126.91773,37.2862],[126.91825,37.28186],[126.92244,37.2799],[126.92611,37.28229]]]}},{"type":"Feature","properties":{"h3":"8830e02019fffff","emd_code":"4127160000","emd_name":"반월동","area_km2":0.506,"edge":true,"slope_mean":9.44,"elev_mean":66.0,"flood_hist_n":0,"flood_depth_max_m":null,"flood_risk_100y":null,"semi_basement_r":null,"elderly_alone_r":0.1577,"bldg_age30_r":null,"shelter_min_walk":5,"pop":17744,"hh":8287,"elderly65_r":0.2803,"single_hh_r":0.3615,"source_level":"emd","flood_years":[],"landslide_hist_n":0},"geometry":{"type":"Polygon","coordinates":[[[126.93711,37.28943],[126.9366,37.29377],[126.93241,37.29573],[126.92874,37.29334],[126.92926,37.28901],[126.93344,37.28705],[126.93711,37.28943]]]}},{"type":"Feature","properties":{"h3":"8830e0201dfffff","emd_code":"4127160000","emd_name":"반월동","area_km2":0.5059,"edge":true,"slope_mean":14.45,"elev_mean":111.3,"flood_hist_n":0,"flood_depth_max_m":null,"flood_risk_100y":null,"semi_basement_r":null,"elderly_alone_r":0.1577,"bldg_age30_r":null,"shelter_min_walk":16,"pop":17744,"hh":8287,"elderly65_r":0.2803,"single_hh_r":0.3615,"source_level":"emd","flood_years":[],"landslide_hist_n":0},"geometry":{"type":"Polygon","coordinates":[[[126.93396,37.28271],[126.93344,37.28705],[126.92926,37.28901],[126.92559,37.28662],[126.92611,37.28229],[126.93029,37.28033],[126.93396,37.28271]]]}},{"type":"Feature","properties":{"h3":"8830e02041fffff","emd_code":"4127160000","emd_name":"반월동","area_km2":0.5055,"edge":true,"slope_mean":16.34,"elev_mean":93.2,"flood_hist_n":0,"flood_depth_max_m":null,"flood_risk_100y":null,"semi_basement_r":null,"elderly_alone_r":0.1577,"bldg_age30_r":null,"shelter_min_walk":23,"pop":17744,"hh":8287,"elderly65_r":0.2803,"single_hh_r":0.3615,"source_level":"emd","flood_years":[],"landslide_hist_n":0},"geometry":{"type":"Polygon","coordinates":[[[126.90569,37.28772],[126.90518,37.29206],[126.90099,37.29401],[126.89732,37.29163],[126.89784,37.28729],[126.90203,37.28534],[126.90569,37.28772]]]}},{"type":"Feature","properties":{"h3":"8830e02043fffff","emd_code":"4127160000","emd_name":"반월동","area_km2":0.5057,"edge":false,"slope_mean":13.87,"elev_mean":83.0,"flood_hist_n":0,"flood_depth_max_m":null,"flood_risk_100y":null,"semi_basement_r":null,"elderly_alone_r":0.1577,"bldg_age30_r":null,"shelter_min_walk":14,"pop":17744,"hh":8287,"elderly65_r":0.2803,"single_hh_r":0.3615,"source_level":"emd","flood_years":[],"landslide_hist_n":0},"geometry":{"type":"Polygon","coordinates":[[[126.91355,37.28815],[126.91303,37.29249],[126.90884,37.29444],[126.90518,37.29206],[126.90569,37.28772],[126.90988,37.28577],[126.91355,37.28815]]]}},{"type":"Feature","properties":{"h3":"8830e02049fffff","emd_code":"4127160000","emd_name":"반월동","area_km2":0.5055,"edge":false,"slope_mean":14.84,"elev_mean":47.8,"flood_hist_n":0,"flood_depth_max_m":null,"flood_risk_100y":null,"semi_basement_r":null,"elderly_alone_r":0.1577,"bldg_age30_r":null,"shelter_min_walk":13,"pop":17744,"hh":8287,"elderly65_r":0.2803,"single_hh_r":0.3615,"source_level":"emd","flood_years":[],"landslide_hist_n":0},"geometry":{"type":"Polygon","coordinates":[[[126.90099,37.29401],[126.90047,37.29835],[126.89629,37.3003],[126.89262,37.29792],[126.89314,37.29358],[126.89732,37.29163],[126.90099,37.29401]]]}},{"type":"Feature","properties":{"h3":"8830e0204bfffff","emd_code":"4127160000","emd_name":"반월동","area_km2":0.5056,"edge":false,"slope_mean":16.43,"elev_mean":82.8,"flood_hist_n":0,"flood_depth_max_m":null,"flood_risk_100y":null,"semi_basement_r":null,"elderly_alone_r":0.1577,"bldg_age30_r":null,"shelter_min_walk":17,"pop":17744,"hh":8287,"elderly65_r":0.2803,"single_hh_r":0.3615,"source_level":"emd","flood_years":[],"landslide_hist_n":0},"geometry":{"type":"Polygon","coordinates":[[[126.90884,37.29444],[126.90833,37.29878],[126.90414,37.30073],[126.90047,37.29835],[126.90099,37.29401],[126.90518,37.29206],[126.90884,37.29444]]]}},{"type":"Feature","properties":{"h3":"8830e0204dfffff","emd_code":"4127154000","emd_name":"본오1동","area_km2":0.5054,"edge":false,"slope_mean":15.89,"elev_mean":68.0,"flood_hist_n":0,"flood_depth_max_m":null,"flood_risk_100y":null,"semi_basement_r":null,"elderly_alone_r":0.1224,"bldg_age30_r":null,"shelter_min_walk":17,"pop":33756,"hh":17124,"elderly65_r":0.1696,"single_hh_r":0.4827,"source_level":"emd","flood_years":[],"landslide_hist_n":0},"geometry":{"type":"Polygon","coordinates":[[[126.89784,37.28729],[126.89732,37.29163],[126.89314,37.29358],[126.88947,37.2912],[126.88999,37.28687],[126.89418,37.28491],[126.89784,37.28729]]]}},{"type":"Feature","properties":{"h3":"8830e02051fffff","emd_code":"4127160000","emd_name":"반월동","area_km2":0.5058,"edge":false,"slope_mean":7.54,"elev_mean":41.2,"flood_hist_n":0,"flood_depth_max_m":null,"flood_risk_100y":null,"semi_basement_r":null,"elderly_alone_r":0.1577,"bldg_age30_r":null,"shelter_min_walk":4,"pop":17744,"hh":8287,"elderly65_r":0.2803,"single_hh_r":0.3615,"source_level":"emd","flood_years":[],"landslide_hist_n":0},"geometry":{"type":"Polygon","coordinates":[[[126.92455,37.2953],[126.92404,37.29964],[126.91985,37.30159],[126.91618,37.29921],[126.9167,37.29487],[126.92089,37.29292],[126.92455,37.2953]]]}},{"type":"Feature","properties":{"h3":"8830e02053fffff","emd_code":"4127160000","emd_name":"반월동","area_km2":0.5059,"edge":false,"slope_mean":6.88,"elev_mean":43.1,"flood_hist_n":0,"flood_depth_max_m":null,"flood_risk_100y":null,"semi_basement_r":null,"elderly_alone_r":0.1577,"bldg_age30_r":null,"shelter_min_walk":14,"pop":17744,"hh":8287,"elderly65_r":0.2803,"single_hh_r":0.3615,"source_level":"emd","flood_years":[],"landslide_hist_n":0},"geometry":{"type":"Polygon","coordinates":[[[126.93241,37.29573],[126.93189,37.30006],[126.92771,37.30202],[126.92404,37.29964],[126.92455,37.2953],[126.92874,37.29334],[126.93241,37.29573]]]}},{"type":"Feature","properties":{"h3":"8830e02055fffff","emd_code":"4127160000","emd_name":"반월동","area_km2":0.5058,"edge":false,"slope_mean":11.3,"elev_mean":68.3,"flood_hist_n":0,"flood_depth_max_m":null,"flood_risk_100y":null,"semi_basement_r":null,"elderly_alone_r":0.1577,"bldg_age30_r":null,"shelter_min_walk":8,"pop":17744,"hh":8287,"elderly65_r":0.2803,"single_hh_r":0.3615,"source_level":"emd","flood_years":[],"landslide_hist_n":0},"geometry":{"type":"Polygon","coordinates":[[[126.9214,37.28858],[126.92089,37.29292],[126.9167,37.29487],[126.91303,37.29249],[126.91355,37.28815],[126.91773,37.2862],[126.9214,37.28858]]]}},{"type":"Feature","properties":{"h3":"8830e02057fffff","emd_code":"4127160000","emd_name":"반월동","area_km2":0.5059,"edge":false,"slope_mean":11.06,"elev_mean":65.0,"flood_hist_n":0,"flood_depth_max_m":null,"flood_risk_100y":null,"semi_basement_r":null,"elderly_alone_r":0.1577,"bldg_age30_r":null,"shelter_min_walk":12,"pop":17744,"hh":8287,"elderly65_r":0.2803,"single_hh_r":0.3615,"source_level":"emd","flood_years":[],"landslide_hist_n":0},"geometry":{"type":"Polygon","coordinates":[[[126.92926,37.28901],[126.92874,37.29334],[126.92455,37.2953],[126.92089,37.29292],[126.9214,37.28858],[126.92559,37.28662],[126.92926,37.28901]]]}},{"type":"Feature","properties":{"h3":"8830e02059fffff","emd_code":"4127160000","emd_name":"반월동","area_km2":0.5058,"edge":false,"slope_mean":6.91,"elev_mean":34.6,"flood_hist_n":0,"flood_depth_max_m":null,"flood_risk_100y":null,"semi_basement_r":null,"elderly_alone_r":0.1577,"bldg_age30_r":null,"shelter_min_walk":14,"pop":17744,"hh":8287,"elderly65_r":0.2803,"single_hh_r":0.3615,"source_level":"emd","flood_years":[],"landslide_hist_n":0},"geometry":{"type":"Polygon","coordinates":[[[126.91985,37.30159],[126.91933,37.30593],[126.91515,37.30788],[126.91148,37.3055],[126.912,37.30116],[126.91618,37.29921],[126.91985,37.30159]]]}},{"type":"Feature","properties":{"h3":"8830e0205bfffff","emd_code":"4127160000","emd_name":"반월동","area_km2":0.5059,"edge":false,"slope_mean":5.33,"elev_mean":32.1,"flood_hist_n":0,"flood_depth_max_m":null,"flood_risk_100y":null,"semi_basement_r":null,"elderly_alone_r":0.1577,"bldg_age30_r":null,"shelter_min_walk":16,"pop":17744,"hh":8287,"elderly65_r":0.2803,"single_hh_r":0.3615,"source_level":"emd","flood_years":[],"landslide_hist_n":0},"geometry":{"type":"Polygon","coordinates":[[[126.92771,37.30202],[126.92719,37.30636],[126.923,37.30831],[126.91933,37.30593],[126.91985,37.30159],[126.92404,37.29964],[126.92771,37.30202]]]}},{"type":"Feature","properties":{"h3":"8830e0205dfffff","emd_code":"4127160000","emd_name":"반월동","area_km2":0.5057,"edge":false,"slope_mean":9.36,"elev_mean":51.4,"flood_hist_n":0,"flood_depth_max_m":null,"flood_risk_100y":null,"semi_basement_r":null,"elderly_alone_r":0.1577,"bldg_age30_r":null,"shelter_min_walk":8,"pop":17744,"hh":8287,"elderly65_r":0.2803,"single_hh_r":0.3615,"source_level":"emd","flood_years":[],"landslide_hist_n":0},"geometry":{"type":"Polygon","coordinates":[[[126.9167,37.29487],[126.91618,37.29921],[126.912,37.30116],[126.90833,37.29878],[126.90884,37.29444],[126.91303,37.29249],[126.9167,37.29487]]]}},{"type":"Feature","properties":{"h3":"8830e02201fffff","emd_code":"4127160000","emd_name":"반월동","area_km2":0.5054,"edge":true,"slope_mean":9.61,"elev_mean":52.4,"flood_hist_n":0,"flood_depth_max_m":null,"flood_risk_100y":null,"semi_basement_r":null,"elderly_alone_r":0.1577,"bldg_age30_r":null,"shelter_min_walk":19,"pop":17744,"hh":8287,"elderly65_r":0.2803,"single_hh_r":0.3615,"source_level":"emd","flood_years":[],"landslide_hist_n":0},"geometry":{"type":"Polygon","coordinates":[[[126.89003,37.3196],[126.88951,37.32394],[126.88532,37.32589],[126.88165,37.32351],[126.88217,37.31917],[126.88636,37.31722],[126.89003,37.3196]]]}},{"type":"Feature","properties":{"h3":"8830e02203fffff","emd_code":"4127160000","emd_name":"반월동","area_km2":0.5055,"edge":true,"slope_mean":13.55,"elev_mean":64.2,"flood_hist_n":0,"flood_depth_max_m":null,"flood_risk_100y":null,"semi_basement_r":null,"elderly_alone_r":0.1577,"bldg_age30_r":null,"shelter_min_walk":23,"pop":17744,"hh":8287,"elderly65_r":0.2803,"single_hh_r":0.3615,"source_level":"emd","flood_years":[],"landslide_hist_n":0},"geometry":{"type":"Polygon","coordinates":[[[126.89788,37.32003],[126.89736,37.32437],[126.89318,37.32632],[126.88951,37.32394],[126.89003,37.3196],[126.89421,37.31765],[126.89788,37.32003]]]}},{"type":"Feature","properties":{"h3":"8830e02205fffff","emd_code":"4127160000","emd_name":"반월동","area_km2":0.5054,"edge":false,"slope_mean":16.1,"elev_mean":77.8,"flood_hist_n":0,"flood_depth_max_m":null,"flood_risk_100y":null,"semi_basement_r":null,"elderly_alone_r":0.1577,"bldg_age30_r":null,"shelter_min_walk":12,"pop":17744,"hh":8287,"elderly65_r":0.2803,"single_hh_r":0.3615,"source_level":"emd","flood_years":[],"landslide_hist_n":0},"geometry":{"type":"Polygon","coordinates":[[[126.88688,37.31288],[126.88636,37.31722],[126.88217,37.31917],[126.87851,37.31679],[126.87903,37.31245],[126.88321,37.3105],[126.88688,37.31288]]]}},{"type":"Feature","properties":{"h3":"8830e02207fffff","emd_code":"4127160000","emd_name":"반월동","area_km2":0.5055,"edge":false,"slope_mean":11.69,"elev_mean":47.0,"flood_hist_n":0,"flood_depth_max_m":null,"flood_risk_100y":null,"semi_basement_r":null,"elderly_alone_r":0.1577,"bldg_age30_r":null,"shelter_min_walk":20,"pop":17744,"hh":8287,"elderly65_r":0.2803,"single_hh_r":0.3615,"source_level":"emd","flood_years":[],"landslide_hist_n":0},"geometry":{"type":"Polygon","coordinates":[[[126.89473,37.31331],[126.89421,37.31765],[126.89003,37.3196],[126.88636,37.31722],[126.88688,37.31288],[126.89106,37.31093],[126.89473,37.31331]]]}},{"type":"Feature","properties":{"h3":"8830e0220dfffff","emd_code":"4127151000","emd_name":"일동","area_km2":0.5053,"edge":true,"slope_mean":15.28,"elev_mean":92.5,"flood_hist_n":0,"flood_depth_max_m":null,"flood_risk_100y":null,"semi_basement_r":null,"elderly_alone_r":0.1403,"bldg_age30_r":null,"shelter_min_walk":10,"pop":22089,"hh":10973,"elderly65_r":0.1917,"single_hh_r":0.4558,"source_level":"emd","flood_years":[],"landslide_hist_n":0},"geometry":{"type":"Polygon","coordinates":[[[126.88217,37.31917],[126.88165,37.32351],[126.87747,37.32546],[126.8738,37.32307],[126.87432,37.31874],[126.87851,37.31679],[126.88217,37.31917]]]}},{"type":"Feature","properties":{"h3":"8830e02215fffff","emd_code":"4127160000","emd_name":"반월동","area_km2":0.5056,"edge":true,"slope_mean":9.8,"elev_mean":51.9,"flood_hist_n":0,"flood_depth_max_m":null,"flood_risk_100y":null,"semi_basement_r":null,"elderly_alone_r":0.1577,"bldg_age30_r":null,"shelter_min_walk":19,"pop":17744,"hh":8287,"elderly65_r":0.2803,"single_hh_r":0.3615,"source_level":"emd","flood_years":[],"landslide_hist_n":0},"geometry":{"type":"Polygon","coordinates":[[[126.90574,37.32046],[126.90522,37.3248],[126.90103,37.32675],[126.89736,37.32437],[126.89788,37.32003],[126.90207,37.31808],[126.90574,37.32046]]]}},{"type":"Feature","properties":{"h3":"8830e02217fffff","emd_code":"4127160000","emd_name":"반월동","area_km2":0.5058,"edge":true,"slope_mean":8.05,"elev_mean":56.7,"flood_hist_n":0,"flood_depth_max_m":null,"flood_risk_100y":null,"semi_basement_r":null,"elderly_alone_r":0.1577,"bldg_age30_r":null,"shelter_min_walk":12,"pop":17744,"hh":8287,"elderly65_r":0.2803,"single_hh_r":0.3615,"source_level":"emd","flood_years":[],"landslide_hist_n":0},"geometry":{"type":"Polygon","coordinates":[[[126.91359,37.3209],[126.91308,37.32523],[126.90889,37.32719],[126.90522,37.3248],[126.90574,37.32046],[126.90992,37.31851],[126.91359,37.3209]]]}},{"type":"Feature","properties":{"h3":"8830e02221fffff","emd_code":"4127160000","emd_name":"반월동","area_km2":0.5053,"edge":false,"slope_mean":12.26,"elev_mean":51.5,"flood_hist_n":0,"flood_depth_max_m":null,"flood_risk_100y":null,"semi_basement_r":null,"elderly_alone_r":0.1577,"bldg_age30_r":null,"shelter_min_walk":7,"pop":17744,"hh":8287,"elderly65_r":0.2803,"single_hh_r":0.3615,"source_level":"emd","flood_years":[],"landslide_hist_n":0},"geometry":{"type":"Polygon","coordinates":[[[126.88844,37.29987],[126.88792,37.30421],[126.88373,37.30616],[126.88007,37.30378],[126.88059,37.29944],[126.88477,37.29749],[126.88844,37.29987]]]}},{"type":"Feature","properties":{"h3":"8830e02223fffff","emd_code":"4127160000","emd_name":"반월동","area_km2":0.5055,"edge":false,"slope_mean":6.79,"elev_mean":25.3,"flood_hist_n":0,"flood_depth_max_m":null,"flood_risk_100y":null,"semi_basement_r":null,"elderly_alone_r":0.1577,"bldg_age30_r":null,"shelter_min_walk":10,"pop":17744,"hh":8287,"elderly65_r":0.2803,"single_hh_r":0.3615,"source_level":"emd","flood_years":[],"landslide_hist_n":0},"geometry":{"type":"Polygon","coordinates":[[[126.89629,37.3003],[126.89577,37.30464],[126.89158,37.30659],[126.88792,37.30421],[126.88844,37.29987],[126.89262,37.29792],[126.89629,37.3003]]]}},{"type":"Feature","properties":{"h3":"8830e02225fffff","emd_code":"4127154000","emd_name":"본오1동","area_km2":0.5053,"edge":false,"slope_mean":11.22,"elev_mean":44.3,"flood_hist_n":0,"flood_depth_max_m":null,"flood_risk_100y":null,"semi_basement_r":null,"elderly_alone_r":0.1224,"bldg_age30_r":null,"shelter_min_walk":6,"pop":33756,"hh":17124,"elderly65_r":0.1696,"single_hh_r":0.4827,"source_level":"emd","flood_years":[],"landslide_hist_n":0},"geometry":{"type":"Polygon","coordinates":[[[126.88529,37.29315],[126.88477,37.29749],[126.88059,37.29944],[126.87692,37.29706],[126.87744,37.29272],[126.88162,37.29077],[126.88529,37.29315]]]}},{"type":"Feature","properties":{"h3":"8830e02227fffff","emd_code":"4127154000","emd_name":"본오1동","area_km2":0.5054,"edge":false,"slope_mean":3.31,"elev_mean":15.2,"flood_hist_n":0,"flood_depth_max_m":null,"flood_risk_100y":null,"semi_basement_r":null,"elderly_alone_r":0.1224,"bldg_age30_r":null,"shelter_min_walk":4,"pop":33756,"hh":17124,"elderly65_r":0.1696,"single_hh_r":0.4827,"source_level":"emd","flood_years":[],"landslide_hist_n":0},"geometry":{"type":"Polygon","coordinates":[[[126.89314,37.29358],[126.89262,37.29792],[126.88844,37.29987],[126.88477,37.29749],[126.88529,37.29315],[126.88947,37.2912],[126.89314,37.29358]]]}},{"type":"Feature","properties":{"h3":"8830e02229fffff","emd_code":"4127151000","emd_name":"일동","area_km2":0.5053,"edge":false,"slope_mean":15.63,"elev_mean":82.7,"flood_hist_n":0,"flood_depth_max_m":null,"flood_risk_100y":null,"semi_basement_r":null,"elderly_alone_r":0.1403,"bldg_age30_r":null,"shelter_min_walk":16,"pop":22089,"hh":10973,"elderly65_r":0.1917,"single_hh_r":0.4558,"source_level":"emd","flood_years":[],"landslide_hist_n":0},"geometry":{"type":"Polygon","coordinates":[[[126.88373,37.30616],[126.88321,37.3105],[126.87903,37.31245],[126.87536,37.31007],[126.87588,37.30573],[126.88007,37.30378],[126.88373,37.30616]]]}},{"type":"Feature","properties":{"h3":"8830e0222bfffff","emd_code":"4127160000","emd_name":"반월동","area_km2":0.5054,"edge":false,"slope_mean":14.55,"elev_mean":61.0,"flood_hist_n":0,"flood_depth_max_m":null,"flood_risk_100y":null,"semi_basement_r":null,"elderly_alone_r":0.1577,"bldg_age30_r":null,"shelter_min_walk":18,"pop":17744,"hh":8287,"elderly65_r":0.2803,"single_hh_r":0.3615,"source_level":"emd","flood_years":[],"landslide_hist_n":0},"geometry":{"type":"Polygon","coordinates":[[[126.89158,37.30659],[126.89106,37.31093],[126.88688,37.31288],[126.88321,37.3105],[126.88373,37.30616],[126.88792,37.30421],[126.89158,37.30659]]]}},{"type":"Feature","properties":{"h3":"8830e0222dfffff","emd_code":"4127156000","emd_name":"본오3동","area_km2":0.5052,"edge":false,"slope_mean":11.56,"elev_mean":55.9,"flood_hist_n":0,"flood_depth_max_m":null,"flood_risk_100y":null,"semi_basement_r":null,"elderly_alone_r":0.1337,"bldg_age30_r":null,"shelter_min_walk":13,"pop":17675,"hh":8846,"elderly65_r":0.2052,"single_hh_r":0.463,"source_level":"emd","flood_years":[],"landslide_hist_n":0},"geometry":{"type":"Polygon","coordinates":[[[126.88059,37.29944],[126.88007,37.30378],[126.87588,37.30573],[126.87222,37.30335],[126.87274,37.29901],[126.87692,37.29706],[126.88059,37.29944]]]}},{"type":"Feature","properties":{"h3":"8830e02231fffff","emd_code":"4127160000","emd_name":"반월동","area_km2":0.5056,"edge":false,"slope_mean":9.34,"elev_mean":38.5,"flood_hist_n":0,"flood_depth_max_m":null,"flood_risk_100y":null,"semi_basement_r":null,"elderly_alone_r":0.1577,"bldg_age30_r":null,"shelter_min_walk":4,"pop":17744,"hh":8287,"elderly65_r":0.2803,"single_hh_r":0.3615,"source_level":"emd","flood_years":[],"landslide_hist_n":0},"geometry":{"type":"Polygon","coordinates":[[[126.90729,37.30745],[126.90677,37.31179],[126.90259,37.31374],[126.89892,37.31136],[126.89944,37.30702],[126.90362,37.30507],[126.90729,37.30745]]]}},{"type":"Feature","properties":{"h3":"8830e02233fffff","emd_code":"4127160000","emd_name":"반월동","area_km2":0.5057,"edge":false,"slope_mean":8.07,"elev_mean":36.6,"flood_hist_n":0,"flood_depth_max_m":null,"flood_risk_100y":null,"semi_basement_r":null,"elderly_alone_r":0.1577,"bldg_age30_r":null,"shelter_min_walk":8,"pop":17744,"hh":8287,"elderly65_r":0.2803,"single_hh_r":0.3615,"source_level":"emd","flood_years":[],"landslide_hist_n":0},"geometry":{"type":"Polygon","coordinates":[[[126.91515,37.30788],[126.91463,37.31222],[126.91044,37.31417],[126.90677,37.31179],[126.90729,37.30745],[126.91148,37.3055],[126.91515,37.30788]]]}},{"type":"Feature","properties":{"h3":"8830e02235fffff","emd_code":"4127160000","emd_name":"반월동","area_km2":0.5056,"edge":false,"slope_mean":9.17,"elev_mean":30.3,"flood_hist_n":0,"flood_depth_max_m":null,"flood_risk_100y":null,"semi_basement_r":null,"elderly_alone_r":0.1577,"bldg_age30_r":null,"shelter_min_walk":9,"pop":17744,"hh":8287,"elderly65_r":0.2803,"single_hh_r":0.3615,"source_level":"emd","flood_years":[],"landslide_hist_n":0},"geometry":{"type":"Polygon","coordinates":[[[126.90414,37.30073],[126.90362,37.30507],[126.89944,37.30702],[126.89577,37.30464],[126.89629,37.3003],[126.90047,37.29835],[126.90414,37.30073]]]}},{"type":"Feature","properties":{"h3":"8830e02237fffff","emd_code":"4127160000","emd_name":"반월동","area_km2":0.5057,"edge":false,"slope_mean":10.05,"elev_mean":42.0,"flood_hist_n":0,"flood_depth_max_m":null,"flood_risk_100y":null,"semi_basement_r":null,"elderly_alone_r":0.1577,"bldg_age30_r":null,"shelter_min_walk":8,"pop":17744,"hh":8287,"elderly65_r":0.2803,"single_hh_r":0.3615,"source_level":"emd","flood_years":[],"landslide_hist_n":0},"geometry":{"type":"Polygon","coordinates":[[[126.912,37.30116],[126.91148,37.3055],[126.90729,37.30745],[126.90362,37.30507],[126.90414,37.30073],[126.90833,37.29878],[126.912,37.30116]]]}},{"type":"Feature","properties":{"h3":"8830e02239fffff","emd_code":"4127160000","emd_name":"반월동","area_km2":0.5056,"edge":false,"slope_mean":12.32,"elev_mean":53.9,"flood_hist_n":0,"flood_depth_max_m":null,"flood_risk_100y":null,"semi_basement_r":null,"elderly_alone_r":0.1577,"bldg_age30_r":null,"shelter_min_walk":11,"pop":17744,"hh":8287,"elderly65_r":0.2803,"single_hh_r":0.3615,"source_level":"emd","flood_years":[],"landslide_hist_n":0},"geometry":{"type":"Polygon","coordinates":[[[126.90259,37.31374],[126.90207,37.31808],[126.89788,37.32003],[126.89421,37.31765],[126.89473,37.31331],[126.89892,37.31136],[126.90259,37.31374]]]}},{"type":"Feature","properties":{"h3":"8830e0223bfffff","emd_code":"4127160000","emd_name":"반월동","area_km2":0.5057,"edge":false,"slope_mean":5.68,"elev_mean":37.6,"flood_hist_n":0,"flood_depth_max_m":null,"flood_risk_100y":null,"semi_basement_r":null,"elderly_alone_r":0.1577,"bldg_age30_r":null,"shelter_min_walk":8,"pop":17744,"hh":8287,"elderly65_r":0.2803,"single_hh_r":0.3615,"source_level":"emd","flood_years":[],"landslide_hist_n":0},"geometry":{"type":"Polygon","coordinates":[[[126.91044,37.31417],[126.90992,37.31851],[126.90574,37.32046],[126.90207,37.31808],[126.90259,37.31374],[126.90677,37.31179],[126.91044,37.31417]]]}},{"type":"Feature","properties":{"h3":"8830e0223dfffff","emd_code":"4127160000","emd_name":"반월동","area_km2":0.5055,"edge":false,"slope_mean":9.59,"elev_mean":31.7,"flood_hist_n":0,"flood_depth_max_m":null,"flood_risk_100y":null,"semi_basement_r":null,"elderly_alone_r":0.1577,"bldg_age30_r":null,"shelter_min_walk":12,"pop":17744,"hh":8287,"elderly65_r":0.2803,"single_hh_r":0.3615,"source_level":"emd","flood_years":[],"landslide_hist_n":0},"geometry":{"type":"Polygon","coordinates":[[[126.89944,37.30702],[126.89892,37.31136],[126.89473,37.31331],[126.89106,37.31093],[126.89158,37.30659],[126.89577,37.30464],[126.89944,37.30702]]]}},{"type":"Feature","properties":{"h3":"8830e02241fffff","emd_code":"4127157000","emd_name":"부곡동","area_km2":0.5052,"edge":false,"slope_mean":9.24,"elev_mean":54.0,"flood_hist_n":0,"flood_depth_max_m":null,"flood_risk_100y":null,"semi_basement_r":null,"elderly_alone_r":0.1348,"bldg_age30_r":null,"shelter_min_walk":7,"pop":19656,"hh":9272,"elderly65_r":0.1879,"single_hh_r":0.4093,"source_level":"emd","flood_years":[],"landslide_hist_n":0},"geometry":{"type":"Polygon","coordinates":[[[126.87276,37.33174],[126.87224,37.33608],[126.86805,37.33803],[126.86439,37.33565],[126.86491,37.33131],[126.8691,37.32936],[126.87276,37.33174]]]}},{"type":"Feature","properties":{"h3":"8830e02243fffff","emd_code":"4127157000","emd_name":"부곡동","area_km2":0.5053,"edge":false,"slope_mean":18.83,"elev_mean":111.8,"flood_hist_n":0,"flood_depth_max_m":null,"flood_risk_100y":null,"semi_basement_r":null,"elderly_alone_r":0.1348,"bldg_age30_r":null,"shelter_min_walk":17,"pop":19656,"hh":9272,"elderly65_r":0.1879,"single_hh_r":0.4093,"source_level":"emd","flood_years":[],"landslide_hist_n":0},"geometry":{"type":"Polygon","coordinates":[[[126.88061,37.33218],[126.88009,37.33651],[126.87591,37.33846],[126.87224,37.33608],[126.87276,37.33174],[126.87695,37.32979],[126.88061,37.33218]]]}},{"type":"Feature","properties":{"h3":"8830e02245fffff","emd_code":"4127157000","emd_name":"부곡동","area_km2":0.5052,"edge":false,"slope_mean":8.57,"elev_mean":47.5,"flood_hist_n":0,"flood_depth_max_m":null,"flood_risk_100y":null,"semi_basement_r":null,"elderly_alone_r":0.1348,"bldg_age30_r":null,"shelter_min_walk":6,"pop":19656,"hh":9272,"elderly65_r":0.1879,"single_hh_r":0.4093,"source_level":"emd","flood_years":[],"landslide_hist_n":0},"geometry":{"type":"Polygon","coordinates":[[[126.86962,37.32502],[126.8691,37.32936],[126.86491,37.33131],[126.86124,37.32893],[126.86177,37.32459],[126.86595,37.32264],[126.86962,37.32502]]]}},{"type":"Feature","properties":{"h3":"8830e02247fffff","emd_code":"4127157000","emd_name":"부곡동","area_km2":0.5053,"edge":true,"slope_mean":16.84,"elev_mean":104.8,"flood_hist_n":0,"flood_depth_max_m":null,"flood_risk_100y":null,"semi_basement_r":null,"elderly_alone_r":0.1348,"bldg_age30_r":null,"shelter_min_walk":14,"pop":19656,"hh":9272,"elderly65_r":0.1879,"single_hh_r":0.4093,"source_level":"emd","flood_years":[],"landslide_hist_n":0},"geometry":{"type":"Polygon","coordinates":[[[126.87747,37.32546],[126.87695,37.32979],[126.87276,37.33174],[126.8691,37.32936],[126.86962,37.32502],[126.8738,37.32307],[126.87747,37.32546]]]}},{"type":"Feature","properties":{"h3":"8830e02249fffff","emd_code":"4127157000","emd_name":"부곡동","area_km2":0.5052,"edge":false,"slope_mean":5.79,"elev_mean":29.1,"flood_hist_n":0,"flood_depth_max_m":null,"flood_risk_100y":null,"semi_basement_r":null,"elderly_alone_r":0.1348,"bldg_age30_r":null,"shelter_min_walk":7,"pop":19656,"hh":9272,"elderly65_r":0.1879,"single_hh_r":0.4093,"source_level":"emd","flood_years":[],"landslide_hist_n":0},"geometry":{"type":"Polygon","coordinates":[[[126.86805,37.33803],[126.86753,37.34237],[126.86335,37.34432],[126.85968,37.34193],[126.8602,37.3376],[126.86439,37.33565],[126.86805,37.33803]]]}},{"type":"Feature","properties":{"h3":"8830e0224bfffff","emd_code":"4127157000","emd_name":"부곡동","area_km2":0.5053,"edge":false,"slope_mean":11.36,"elev_mean":57.4,"flood_hist_n":0,"flood_depth_max_m":null,"flood_risk_100y":null,"semi_basement_r":null,"elderly_alone_r":0.1348,"bldg_age30_r":null,"shelter_min_walk":15,"pop":19656,"hh":9272,"elderly65_r":0.1879,"single_hh_r":0.4093,"source_level":"emd","flood_years":[],"landslide_hist_n":0},"geometry":{"type":"Polygon","coordinates":[[[126.87591,37.33846],[126.87539,37.3428],[126.8712,37.34475],[126.86753,37.34237],[126.86805,37.33803],[126.87224,37.33608],[126.87591,37.33846]]]}},{"type":"Feature","properties":{"h3":"8830e0224dfffff","emd_code":"4127157000","emd_name":"부곡동","area_km2":0.5051,"edge":false,"slope_mean":3.63,"elev_mean":23.9,"flood_hist_n":0,"flood_depth_max_m":null,"flood_risk_100y":null,"semi_basement_r":null,"elderly_alone_r":0.1348,"bldg_age30_r":null,"shelter_min_walk":2,"pop":19656,"hh":9272,"elderly65_r":0.1879,"single_hh_r":0.4093,"source_level":"emd","flood_years":[],"landslide_hist_n":0},"geometry":{"type":"Polygon","coordinates":[[[126.86491,37.33131],[126.86439,37.33565],[126.8602,37.3376],[126.85654,37.33521],[126.85706,37.33088],[126.86124,37.32893],[126.86491,37.33131]]]}},{"type":"Feature","properties":{"h3":"8830e02251fffff","emd_code":"4127157000","emd_name":"부곡동","area_km2":0.5055,"edge":true,"slope_mean":23.63,"elev_mean":177.1,"flood_hist_n":0,"flood_depth_max_m":null,"flood_risk_100y":null,"semi_basement_r":null,"elderly_alone_r":0.1348,"bldg_age30_r":null,"shelter_min_walk":34,"pop":19656,"hh":9272,"elderly65_r":0.1879,"single_hh_r":0.4093,"source_level":"emd","flood_years":[],"landslide_hist_n":0},"geometry":{"type":"Polygon","coordinates":[[[126.89162,37.33933],[126.8911,37.34367],[126.88691,37.34562],[126.88324,37.34323],[126.88376,37.3389],[126.88795,37.33695],[126.89162,37.33933]]]}},{"type":"Feature","properties":{"h3":"8830e02255fffff","emd_code":"4127157000","emd_name":"부곡동","area_km2":0.5054,"edge":true,"slope_mean":21.34,"elev_mean":124.6,"flood_hist_n":0,"flood_depth_max_m":null,"flood_risk_100y":null,"semi_basement_r":null,"elderly_alone_r":0.1348,"bldg_age30_r":null,"shelter_min_walk":27,"pop":19656,"hh":9272,"elderly65_r":0.1879,"single_hh_r":0.4093,"source_level":"emd","flood_years":[],"landslide_hist_n":0},"geometry":{"type":"Polygon","coordinates":[[[126.88847,37.33261],[126.88795,37.33695],[126.88376,37.3389],[126.88009,37.33651],[126.88061,37.33218],[126.8848,37.33023],[126.88847,37.33261]]]}},{"type":"Feature","properties":{"h3":"8830e02259fffff","emd_code":"4127161000","emd_name":"안산동","area_km2":0.5054,"edge":false,"slope_mean":19.0,"elev_mean":137.0,"flood_hist_n":0,"flood_depth_max_m":null,"flood_risk_100y":null,"semi_basement_r":null,"elderly_alone_r":0.1789,"bldg_age30_r":null,"shelter_min_walk":22,"pop":7951,"hh":3974,"elderly65_r":0.2866,"single_hh_r":0.4399,"source_level":"emd","flood_years":[],"landslide_hist_n":0},"geometry":{"type":"Polygon","coordinates":[[[126.88691,37.34562],[126.88639,37.34996],[126.8822,37.35191],[126.87854,37.34952],[126.87906,37.34519],[126.88324,37.34323],[126.88691,37.34562]]]}},{"type":"Feature","properties":{"h3":"8830e0225bfffff","emd_code":"4127161000","emd_name":"안산동","area_km2":0.5056,"edge":true,"slope_mean":23.72,"elev_mean":196.9,"flood_hist_n":0,"flood_depth_max_m":null,"flood_risk_100y":null,"semi_basement_r":null,"elderly_alone_r":0.1789,"bldg_age30_r":null,"shelter_min_walk":25,"pop":7951,"hh":3974,"elderly65_r":0.2866,"single_hh_r":0.4399,"source_level":"emd","flood_years":[],"landslide_hist_n":0},"geometry":{"type":"Polygon","coordinates":[[[126.89477,37.34605],[126.89425,37.35039],[126.89006,37.35234],[126.88639,37.34996],[126.88691,37.34562],[126.8911,37.34367],[126.89477,37.34605]]]}},{"type":"Feature","properties":{"h3":"8830e0225dfffff","emd_code":"4127157000","emd_name":"부곡동","area_km2":0.5054,"edge":false,"slope_mean":17.8,"elev_mean":108.2,"flood_hist_n":0,"flood_depth_max_m":null,"flood_risk_100y":null,"semi_basement_r":null,"elderly_alone_r":0.1348,"bldg_age30_r":null,"shelter_min_walk":25,"pop":19656,"hh":9272,"elderly65_r":0.1879,"single_hh_r":0.4093,"source_level":"emd","flood_years":[],"landslide_hist_n":0},"geometry":{"type":"Polygon","coordinates":[[[126.88376,37.3389],[126.88324,37.34323],[126.87906,37.34519],[126.87539,37.3428],[126.87591,37.33846],[126.88009,37.33651],[126.88376,37.3389]]]}},{"type":"Feature","properties":{"h3":"8830e02261fffff","emd_code":"4127151000","emd_name":"일동","area_km2":0.5051,"edge":false,"slope_mean":8.91,"elev_mean":38.3,"flood_hist_n":0,"flood_depth_max_m":null,"flood_risk_100y":null,"semi_basement_r":null,"elderly_alone_r":0.1403,"bldg_age30_r":null,"shelter_min_walk":9,"pop":22089,"hh":10973,"elderly65_r":0.1917,"single_hh_r":0.4558,"source_level":"emd","flood_years":[],"landslide_hist_n":0},"geometry":{"type":"Polygon","coordinates":[[[126.87118,37.31202],[126.87066,37.31635],[126.86647,37.3183],[126.86281,37.31592],[126.86333,37.31159],[126.86751,37.30963],[126.87118,37.31202]]]}},{"type":"Feature","properties":{"h3":"8830e02263fffff","emd_code":"4127151000","emd_name":"일동","area_km2":0.5052,"edge":false,"slope_mean":15.57,"elev_mean":80.8,"flood_hist_n":0,"flood_depth_max_m":null,"flood_risk_100y":null,"semi_basement_r":null,"elderly_alone_r":0.1403,"bldg_age30_r":null,"shelter_min_walk":3,"pop":22089,"hh":10973,"elderly65_r":0.1917,"single_hh_r":0.4558,"source_level":"emd","flood_years":[],"landslide_hist_n":0},"geometry":{"type":"Polygon","coordinates":[[[126.87903,37.31245],[126.87851,37.31679],[126.87432,37.31874],[126.87066,37.31635],[126.87118,37.31202],[126.87536,37.31007],[126.87903,37.31245]]]}},{"type":"Feature","properties":{"h3":"8830e02265fffff","emd_code":"4127151500","emd_name":"이동","area_km2":0.5051,"edge":false,"slope_mean":7.0,"elev_mean":21.3,"flood_hist_n":0,"flood_depth_max_m":null,"flood_risk_100y":null,"semi_basement_r":null,"elderly_alone_r":0.1214,"bldg_age30_r":null,"shelter_min_walk":9,"pop":22211,"hh":13464,"elderly65_r":0.1863,"single_hh_r":0.6275,"source_level":"emd","flood_years":[],"landslide_hist_n":0},"geometry":{"type":"Polygon","coordinates":[[[126.86803,37.3053],[126.86751,37.30963],[126.86333,37.31159],[126.85966,37.3092],[126.86018,37.30487],[126.86437,37.30292],[126.86803,37.3053]]]}},{"type":"Feature","properties":{"h3":"8830e02267fffff","emd_code":"4127151000","emd_name":"일동","area_km2":0.5052,"edge":false,"slope_mean":9.26,"elev_mean":41.8,"flood_hist_n":0,"flood_depth_max_m":null,"flood_risk_100y":null,"semi_basement_r":null,"elderly_alone_r":0.1403,"bldg_age30_r":null,"shelter_min_walk":14,"pop":22089,"hh":10973,"elderly65_r":0.1917,"single_hh_r":0.4558,"source_level":"emd","flood_years":[],"landslide_hist_n":0},"geometry":{"type":"Polygon","coordinates":[[[126.87588,37.30573],[126.87536,37.31007],[126.87118,37.31202],[126.86751,37.30963],[126.86803,37.3053],[126.87222,37.30335],[126.87588,37.30573]]]}},{"type":"Feature","properties":{"h3":"8830e02269fffff","emd_code":"4127151000","emd_name":"일동","area_km2":0.5051,"edge":false,"slope_mean":8.45,"elev_mean":38.2,"flood_hist_n":0,"flood_depth_max_m":null,"flood_risk_100y":null,"semi_basement_r":null,"elderly_alone_r":0.1403,"bldg_age30_r":null,"shelter_min_walk":16,"pop":22089,"hh":10973,"elderly65_r":0.1917,"single_hh_r":0.4558,"source_level":"emd","flood_years":[],"landslide_hist_n":0},"geometry":{"type":"Polygon","coordinates":[[[126.86647,37.3183],[126.86595,37.32264],[126.86177,37.32459],[126.8581,37.32221],[126.85862,37.31787],[126.86281,37.31592],[126.86647,37.3183]]]}},{"type":"Feature","properties":{"h3":"8830e0226bfffff","emd_code":"4127157000","emd_name":"부곡동","area_km2":0.5052,"edge":false,"slope_mean":15.19,"elev_mean":83.5,"flood_hist_n":0,"flood_depth_max_m":null,"flood_risk_100y":null,"semi_basement_r":null,"elderly_alone_r":0.1348,"bldg_age30_r":null,"shelter_min_walk":9,"pop":19656,"hh":9272,"elderly65_r":0.1879,"single_hh_r":0.4093,"source_level":"emd","flood_years":[],"landslide_hist_n":0},"geometry":{"type":"Polygon","coordinates":[[[126.87432,37.31874],[126.8738,37.32307],[126.86962,37.32502],[126.86595,37.32264],[126.86647,37.3183],[126.87066,37.31635],[126.87432,37.31874]]]}},{"type":"Feature","properties":{"h3":"8830e0226dfffff","emd_code":"4127151500","emd_name":"이동","area_km2":0.505,"edge":false,"slope_mean":5.43,"elev_mean":19.6,"flood_hist_n":0,"flood_depth_max_m":null,"flood_risk_100y":null,"semi_basement_r":null,"elderly_alone_r":0.1214,"bldg_age30_r":null,"shelter_min_walk":14,"pop":22211,"hh":13464,"elderly65_r":0.1863,"single_hh_r":0.6275,"source_level":"emd","flood_years":[],"landslide_hist_n":0},"geometry":{"type":"Polygon","coordinates":[[[126.86333,37.31159],[126.86281,37.31592],[126.85862,37.31787],[126.85496,37.31549],[126.85548,37.31115],[126.85966,37.3092],[126.86333,37.31159]]]}},{"type":"Feature","properties":{"h3":"8830e022a5fffff","emd_code":"4127160000","emd_name":"반월동","area_km2":0.5061,"edge":true,"slope_mean":8.54,"elev_mean":57.9,"flood_hist_n":0,"flood_depth_max_m":null,"flood_risk_100y":null,"semi_basement_r":null,"elderly_alone_r":0.1577,"bldg_age30_r":null,"shelter_min_walk":9,"pop":17744,"hh":8287,"elderly65_r":0.2803,"single_hh_r":0.3615,"source_level":"emd","flood_years":[],"landslide_hist_n":0},"geometry":{"type":"Polygon","coordinates":[[[126.94027,37.29615],[126.93975,37.30049],[126.93557,37.30245],[126.93189,37.30006],[126.93241,37.29573],[126.9366,37.29377],[126.94027,37.29615]]]}},{"type":"Feature","properties":{"h3":"8830e022adfffff","emd_code":"4127160000","emd_name":"반월동","area_km2":0.506,"edge":false,"slope_mean":10.8,"elev_mean":63.2,"flood_hist_n":0,"flood_depth_max_m":null,"flood_risk_100y":null,"semi_basement_r":null,"elderly_alone_r":0.1577,"bldg_age30_r":null,"shelter_min_walk":21,"pop":17744,"hh":8287,"elderly65_r":0.2803,"single_hh_r":0.3615,"source_level":"emd","flood_years":[],"landslide_hist_n":0},"geometry":{"type":"Polygon","coordinates":[[[126.93557,37.30245],[126.93505,37.30679],[126.93086,37.30874],[126.92719,37.30636],[126.92771,37.30202],[126.93189,37.30006],[126.93557,37.30245]]]}},{"type":"Feature","properties":{"h3":"8830e022e5fffff","emd_code":"4127160000","emd_name":"반월동","area_km2":0.5058,"edge":true,"slope_mean":4.82,"elev_mean":34.0,"flood_hist_n":0,"flood_depth_max_m":null,"flood_risk_100y":null,"semi_basement_r":null,"elderly_alone_r":0.1577,"bldg_age30_r":null,"shelter_min_walk":12,"pop":17744,"hh":8287,"elderly65_r":0.2803,"single_hh_r":0.3615,"source_level":"emd","flood_years":[],"landslide_hist_n":0},"geometry":{"type":"Polygon","coordinates":[[[126.923,37.30831],[126.92249,37.31265],[126.9183,37.3146],[126.91463,37.31222],[126.91515,37.30788],[126.91933,37.30593],[126.923,37.30831]]]}},{"type":"Feature","properties":{"h3":"8830e022e7fffff","emd_code":"4127160000","emd_name":"반월동","area_km2":0.506,"edge":true,"slope_mean":9.06,"elev_mean":54.4,"flood_hist_n":0,"flood_depth_max_m":null,"flood_risk_100y":null,"semi_basement_r":null,"elderly_alone_r":0.1577,"bldg_age30_r":null,"shelter_min_walk":9,"pop":17744,"hh":8287,"elderly65_r":0.2803,"single_hh_r":0.3615,"source_level":"emd","flood_years":[],"landslide_hist_n":0},"geometry":{"type":"Polygon","coordinates":[[[126.93086,37.30874],[126.93034,37.31308],[126.92616,37.31503],[126.92249,37.31265],[126.923,37.30831],[126.92719,37.30636],[126.93086,37.30874]]]}},{"type":"Feature","properties":{"h3":"8830e022edfffff","emd_code":"4127160000","emd_name":"반월동","area_km2":0.5058,"edge":true,"slope_mean":5.8,"elev_mean":45.0,"flood_hist_n":0,"flood_depth_max_m":null,"flood_risk_100y":null,"semi_basement_r":null,"elderly_alone_r":0.1577,"bldg_age30_r":null,"shelter_min_walk":6,"pop":17744,"hh":8287,"elderly65_r":0.2803,"single_hh_r":0.3615,"source_level":"emd","flood_years":[],"landslide_hist_n":0},"geometry":{"type":"Polygon","coordinates":[[[126.9183,37.3146],[126.91778,37.31894],[126.91359,37.3209],[126.90992,37.31851],[126.91044,37.31417],[126.91463,37.31222],[126.9183,37.3146]]]}},{"type":"Feature","properties":{"h3":"8830e02301fffff","emd_code":"4127154000","emd_name":"본오1동","area_km2":0.505,"edge":false,"slope_mean":4.24,"elev_mean":9.1,"flood_hist_n":0,"flood_depth_max_m":null,"flood_risk_100y":null,"semi_basement_r":null,"elderly_alone_r":0.1224,"bldg_age30_r":null,"shelter_min_walk":18,"pop":33756,"hh":17124,"elderly65_r":0.1696,"single_hh_r":0.4827,"source_level":"emd","flood_years":[],"landslide_hist_n":0},"geometry":{"type":"Polygon","coordinates":[[[126.86801,37.27257],[126.86749,37.27691],[126.86331,37.27886],[126.85964,37.27648],[126.86016,37.27214],[126.86435,37.27019],[126.86801,37.27257]]]}},{"type":"Feature","properties":{"h3":"8830e02303fffff","emd_code":"4127154000","emd_name":"본오1동","area_km2":0.5051,"edge":false,"slope_mean":6.61,"elev_mean":15.5,"flood_hist_n":0,"flood_depth_max_m":null,"flood_risk_100y":null,"semi_basement_r":null,"elderly_alone_r":0.1224,"bldg_age30_r":null,"shelter_min_walk":19,"pop":33756,"hh":17124,"elderly65_r":0.1696,"single_hh_r":0.4827,"source_level":"emd","flood_years":[],"landslide_hist_n":0},"geometry":{"type":"Polygon","coordinates":[[[126.87585,37.273],[126.87533,37.27734],[126.87115,37.27929],[126.86749,37.27691],[126.86801,37.27257],[126.87219,37.27062],[126.87585,37.273]]]}},{"type":"Feature","properties":{"h3":"8830e02309fffff","emd_code":"4127154000","emd_name":"본오1동","area_km2":0.5049,"edge":false,"slope_mean":2.39,"elev_mean":9.0,"flood_hist_n":0,"flood_depth_max_m":null,"flood_risk_100y":null,"semi_basement_r":null,"elderly_alone_r":0.1224,"bldg_age30_r":null,"shelter_min_walk":8,"pop":33756,"hh":17124,"elderly65_r":0.1696,"single_hh_r":0.4827,"source_level":"emd","flood_years":[],"landslide_hist_n":0},"geometry":{"type":"Polygon","coordinates":[[[126.86331,37.27886],[126.86279,37.28319],[126.8586,37.28514],[126.85494,37.28276],[126.85546,37.27843],[126.85964,37.27648],[126.86331,37.27886]]]}},{"type":"Feature","properties":{"h3":"8830e0230bfffff","emd_code":"4127154000","emd_name":"본오1동","area_km2":0.505,"edge":false,"slope_mean":0.86,"elev_mean":5.0,"flood_hist_n":0,"flood_depth_max_m":null,"flood_risk_100y":null,"semi_basement_r":null,"elderly_alone_r":0.1224,"bldg_age30_r":null,"shelter_min_walk":7,"pop":33756,"hh":17124,"elderly65_r":0.1696,"single_hh_r":0.4827,"source_level":"emd","flood_years":[],"landslide_hist_n":0},"geometry":{"type":"Polygon","coordinates":[[[126.87115,37.27929],[126.87063,37.28362],[126.86645,37.28558],[126.86279,37.28319],[126.86331,37.27886],[126.86749,37.27691],[126.87115,37.27929]]]}},{"type":"Feature","properties":{"h3":"8830e0230dfffff","emd_code":"4127154000","emd_name":"본오1동","area_km2":0.5049,"edge":false,"slope_mean":1.63,"elev_mean":4.0,"flood_hist_n":0,"flood_depth_max_m":null,"flood_risk_100y":null,"semi_basement_r":null,"elderly_alone_r":0.1224,"bldg_age30_r":null,"shelter_min_walk":12,"pop":33756,"hh":17124,"elderly65_r":0.1696,"single_hh_r":0.4827,"source_level":"emd","flood_years":[],"landslide_hist_n":0},"geometry":{"type":"Polygon","coordinates":[[[126.86016,37.27214],[126.85964,37.27648],[126.85546,37.27843],[126.8518,37.27605],[126.85232,37.27171],[126.8565,37.26976],[126.86016,37.27214]]]}},{"type":"Feature","properties":{"h3":"8830e02311fffff","emd_code":"4127154000","emd_name":"본오1동","area_km2":0.5053,"edge":true,"slope_mean":5.34,"elev_mean":13.8,"flood_hist_n":0,"flood_depth_max_m":null,"flood_risk_100y":null,"semi_basement_r":null,"elderly_alone_r":0.1224,"bldg_age30_r":null,"shelter_min_walk":19,"pop":33756,"hh":17124,"elderly65_r":0.1696,"single_hh_r":0.4827,"source_level":"emd","flood_years":[],"landslide_hist_n":0},"geometry":{"type":"Polygon","coordinates":[[[126.88685,37.28015],[126.88633,37.28448],[126.88214,37.28644],[126.87848,37.28405],[126.879,37.27972],[126.88318,37.27777],[126.88685,37.28015]]]}},{"type":"Feature","properties":{"h3":"8830e02313fffff","emd_code":"4127154000","emd_name":"본오1동","area_km2":0.5054,"edge":false,"slope_mean":10.66,"elev_mean":39.2,"flood_hist_n":0,"flood_depth_max_m":null,"flood_risk_100y":null,"semi_basement_r":null,"elderly_alone_r":0.1224,"bldg_age30_r":null,"shelter_min_walk":26,"pop":33756,"hh":17124,"elderly65_r":0.1696,"single_hh_r":0.4827,"source_level":"emd","flood_years":[],"landslide_hist_n":0},"geometry":{"type":"Polygon","coordinates":[[[126.8947,37.28058],[126.89418,37.28491],[126.88999,37.28687],[126.88633,37.28448],[126.88685,37.28015],[126.89103,37.27819],[126.8947,37.28058]]]}},{"type":"Feature","properties":{"h3":"8830e02315fffff","emd_code":"4127154000","emd_name":"본오1동","area_km2":0.5052,"edge":true,"slope_mean":6.66,"elev_mean":15.0,"flood_hist_n":0,"flood_depth_max_m":null,"flood_risk_100y":null,"semi_basement_r":null,"elderly_alone_r":0.1224,"bldg_age30_r":null,"shelter_min_walk":16,"pop":33756,"hh":17124,"elderly65_r":0.1696,"single_hh_r":0.4827,"source_level":"emd","flood_years":[],"landslide_hist_n":0},"geometry":{"type":"Polygon","coordinates":[[[126.8837,37.27343],[126.88318,37.27777],[126.879,37.27972],[126.87533,37.27734],[126.87585,37.273],[126.88004,37.27105],[126.8837,37.27343]]]}},{"type":"Feature","properties":{"h3":"8830e02319fffff","emd_code":"4127154000","emd_name":"본오1동","area_km2":0.5052,"edge":false,"slope_mean":3.33,"elev_mean":10.9,"flood_hist_n":0,"flood_depth_max_m":null,"flood_risk_100y":null,"semi_basement_r":null,"elderly_alone_r":0.1224,"bldg_age30_r":null,"shelter_min_walk":10,"pop":33756,"hh":17124,"elderly65_r":0.1696,"single_hh_r":0.4827,"source_level":"emd","flood_years":[],"landslide_hist_n":0},"geometry":{"type":"Polygon","coordinates":[[[126.88214,37.28644],[126.88162,37.29077],[126.87744,37.29272],[126.87378,37.29034],[126.8743,37.28601],[126.87848,37.28405],[126.88214,37.28644]]]}},{"type":"Feature","properties":{"h3":"8830e0231bfffff","emd_code":"4127154000","emd_name":"본오1동","area_km2":0.5053,"edge":false,"slope_mean":4.68,"elev_mean":14.0,"flood_hist_n":0,"flood_depth_max_m":null,"flood_risk_100y":null,"semi_basement_r":null,"elderly_alone_r":0.1224,"bldg_age30_r":null,"shelter_min_walk":14,"pop":33756,"hh":17124,"elderly65_r":0.1696,"single_hh_r":0.4827,"source_level":"emd","flood_years":[],"landslide_hist_n":0},"geometry":{"type":"Polygon","coordinates":[[[126.88999,37.28687],[126.88947,37.2912],[126.88529,37.29315],[126.88162,37.29077],[126.88214,37.28644],[126.88633,37.28448],[126.88999,37.28687]]]}},{"type":"Feature","properties":{"h3":"8830e0231dfffff","emd_code":"4127154000","emd_name":"본오1동","area_km2":0.5052,"edge":false,"slope_mean":1.38,"elev_mean":5.3,"flood_hist_n":0,"flood_depth_max_m":null,"flood_risk_100y":null,"semi_basement_r":null,"elderly_alone_r":0.1224,"bldg_age30_r":null,"shelter_min_walk":12,"pop":33756,"hh":17124,"elderly65_r":0.1696,"single_hh_r":0.4827,"source_level":"emd","flood_years":[],"landslide_hist_n":0},"geometry":{"type":"Polygon","coordinates":[[[126.879,37.27972],[126.87848,37.28405],[126.8743,37.28601],[126.87063,37.28362],[126.87115,37.27929],[126.87533,37.27734],[126.879,37.27972]]]}},{"type":"Feature","properties":{"h3":"8830e02341fffff","emd_code":"4127153200","emd_name":"사이동","area_km2":0.5048,"edge":false,"slope_mean":9.65,"elev_mean":30.6,"flood_hist_n":0,"flood_depth_max_m":null,"flood_risk_100y":null,"semi_basement_r":null,"elderly_alone_r":0.0957,"bldg_age30_r":null,"shelter_min_walk":5,"pop":29521,"hh":12903,"elderly65_r":0.1684,"single_hh_r":0.3523,"source_level":"emd","flood_years":[],"landslide_hist_n":0},"geometry":{"type":"Polygon","coordinates":[[[126.85076,37.28471],[126.85024,37.28905],[126.84606,37.291],[126.84239,37.28862],[126.84292,37.28428],[126.8471,37.28233],[126.85076,37.28471]]]}},{"type":"Feature","properties":{"h3":"8830e02343fffff","emd_code":"4127153200","emd_name":"사이동","area_km2":0.5049,"edge":false,"slope_mean":4.73,"elev_mean":19.0,"flood_hist_n":0,"flood_depth_max_m":null,"flood_risk_100y":null,"semi_basement_r":null,"elderly_alone_r":0.0957,"bldg_age30_r":null,"shelter_min_walk":1,"pop":29521,"hh":12903,"elderly65_r":0.1684,"single_hh_r":0.3523,"source_level":"emd","flood_years":[],"landslide_hist_n":0},"geometry":{"type":"Polygon","coordinates":[[[126.8586,37.28514],[126.85808,37.28948],[126.8539,37.29143],[126.85024,37.28905],[126.85076,37.28471],[126.85494,37.28276],[126.8586,37.28514]]]}},{"type":"Feature","properties":{"h3":"8830e02345fffff","emd_code":"4127153200","emd_name":"사이동","area_km2":0.5047,"edge":false,"slope_mean":4.07,"elev_mean":10.2,"flood_hist_n":0,"flood_depth_max_m":null,"flood_risk_100y":null,"semi_basement_r":null,"elderly_alone_r":0.0957,"bldg_age30_r":null,"shelter_min_walk":6,"pop":29521,"hh":12903,"elderly65_r":0.1684,"single_hh_r":0.3523,"source_level":"emd","flood_years":[],"landslide_hist_n":0},"geometry":{"type":"Polygon","coordinates":[[[126.84762,37.278],[126.8471,37.28233],[126.84292,37.28428],[126.83926,37.2819],[126.83978,37.27757],[126.84396,37.27561],[126.84762,37.278]]]}},{"type":"Feature","properties":{"h3":"8830e02347fffff","emd_code":"4127153200","emd_name":"사이동","area_km2":0.5048,"edge":false,"slope_mean":2.46,"elev_mean":9.9,"flood_hist_n":0,"flood_depth_max_m":null,"flood_risk_100y":null,"semi_basement_r":null,"elderly_alone_r":0.0957,"bldg_age30_r":null,"shelter_min_walk":2,"pop":29521,"hh":12903,"elderly65_r":0.1684,"single_hh_r":0.3523,"source_level":"emd","flood_years":[],"landslide_hist_n":0},"geometry":{"type":"Polygon","coordinates":[[[126.85546,37.27843],[126.85494,37.28276],[126.85076,37.28471],[126.8471,37.28233],[126.84762,37.278],[126.8518,37.27605],[126.85546,37.27843]]]}},{"type":"Feature","properties":{"h3":"8830e02349fffff","emd_code":"4127153700","emd_name":"해양동","area_km2":0.5047,"edge":false,"slope_mean":9.48,"elev_mean":28.9,"flood_hist_n":0,"flood_depth_max_m":null,"flood_risk_100y":null,"semi_basement_r":null,"elderly_alone_r":0.0319,"bldg_age30_r":null,"shelter_min_walk":11,"pop":39141,"hh":15088,"elderly65_r":0.1074,"single_hh_r":0.2831,"source_level":"emd","flood_years":[],"landslide_hist_n":0},"geometry":{"type":"Polygon","coordinates":[[[126.84606,37.291],[126.84553,37.29533],[126.84135,37.29728],[126.83769,37.2949],[126.83821,37.29057],[126.84239,37.28862],[126.84606,37.291]]]}},{"type":"Feature","properties":{"h3":"8830e0234bfffff","emd_code":"4127152500","emd_name":"사동","area_km2":0.5048,"edge":false,"slope_mean":8.97,"elev_mean":36.1,"flood_hist_n":0,"flood_depth_max_m":null,"flood_risk_100y":null,"semi_basement_r":null,"elderly_alone_r":0.1233,"bldg_age30_r":null,"shelter_min_walk":3,"pop":28657,"hh":15252,"elderly65_r":0.1845,"single_hh_r":0.5246,"source_level":"emd","flood_years":[],"landslide_hist_n":0},"geometry":{"type":"Polygon","coordinates":[[[126.8539,37.29143],[126.85338,37.29577],[126.8492,37.29772],[126.84553,37.29533],[126.84606,37.291],[126.85024,37.28905],[126.8539,37.29143]]]}},{"type":"Feature","properties":{"h3":"8830e0234dfffff","emd_code":"4127153200","emd_name":"사이동","area_km2":0.5047,"edge":false,"slope_mean":14.63,"elev_mean":41.5,"flood_hist_n":0,"flood_depth_max_m":null,"flood_risk_100y":null,"semi_basement_r":null,"elderly_alone_r":0.0957,"bldg_age30_r":null,"shelter_min_walk":6,"pop":29521,"hh":12903,"elderly65_r":0.1684,"single_hh_r":0.3523,"source_level":"emd","flood_years":[],"landslide_hist_n":0},"geometry":{"type":"Polygon","coordinates":[[[126.84292,37.28428],[126.84239,37.28862],[126.83821,37.29057],[126.83455,37.28818],[126.83507,37.28385],[126.83926,37.2819],[126.84292,37.28428]]]}},{"type":"Feature","properties":{"h3":"8830e02351fffff","emd_code":"4127155000","emd_name":"본오2동","area_km2":0.5051,"edge":false,"slope_mean":3.63,"elev_mean":23.5,"flood_hist_n":0,"flood_depth_max_m":null,"flood_risk_100y":null,"semi_basement_r":null,"elderly_alone_r":0.1204,"bldg_age30_r":null,"shelter_min_walk":3,"pop":23599,"hh":10767,"elderly65_r":0.1916,"single_hh_r":0.3856,"source_level":"emd","flood_years":[],"landslide_hist_n":0},"geometry":{"type":"Polygon","coordinates":[[[126.86959,37.29229],[126.86907,37.29663],[126.86489,37.29858],[126.86122,37.2962],[126.86175,37.29186],[126.86593,37.28991],[126.86959,37.29229]]]}},{"type":"Feature","properties":{"h3":"8830e02353fffff","emd_code":"4127155000","emd_name":"본오2동","area_km2":0.5052,"edge":false,"slope_mean":5.81,"elev_mean":29.7,"flood_hist_n":0,"flood_depth_max_m":null,"flood_risk_100y":null,"semi_basement_r":null,"elderly_alone_r":0.1204,"bldg_age30_r":null,"shelter_min_walk":1,"pop":23599,"hh":10767,"elderly65_r":0.1916,"single_hh_r":0.3856,"source_level":"emd","flood_years":[],"landslide_hist_n":0},"geometry":{"type":"Polygon","coordinates":[[[126.87744,37.29272],[126.87692,37.29706],[126.87274,37.29901],[126.86907,37.29663],[126.86959,37.29229],[126.87378,37.29034],[126.87744,37.29272]]]}},{"type":"Feature","properties":{"h3":"8830e02355fffff","emd_code":"4127154000","emd_name":"본오1동","area_km2":0.505,"edge":false,"slope_mean":3.98,"elev_mean":18.3,"flood_hist_n":0,"flood_depth_max_m":null,"flood_risk_100y":null,"semi_basement_r":null,"elderly_alone_r":0.1224,"bldg_age30_r":null,"shelter_min_walk":1,"pop":33756,"hh":17124,"elderly65_r":0.1696,"single_hh_r":0.4827,"source_level":"emd","flood_years":[],"landslide_hist_n":0},"geometry":{"type":"Polygon","coordinates":[[[126.86645,37.28558],[126.86593,37.28991],[126.86175,37.29186],[126.85808,37.28948],[126.8586,37.28514],[126.86279,37.28319],[126.86645,37.28558]]]}},{"type":"Feature","properties":{"h3":"8830e02357fffff","emd_code":"4127154000","emd_name":"본오1동","area_km2":0.5051,"edge":false,"slope_mean":3.28,"elev_mean":14.3,"flood_hist_n":0,"flood_depth_max_m":null,"flood_risk_100y":null,"semi_basement_r":null,"elderly_alone_r":0.1224,"bldg_age30_r":null,"shelter_min_walk":1,"pop":33756,"hh":17124,"elderly65_r":0.1696,"single_hh_r":0.4827,"source_level":"emd","flood_years":[],"landslide_hist_n":0},"geometry":{"type":"Polygon","coordinates":[[[126.8743,37.28601],[126.87378,37.29034],[126.86959,37.29229],[126.86593,37.28991],[126.86645,37.28558],[126.87063,37.28362],[126.8743,37.28601]]]}},{"type":"Feature","properties":{"h3":"8830e02359fffff","emd_code":"4127156000","emd_name":"본오3동","area_km2":0.505,"edge":false,"slope_mean":4.79,"elev_mean":18.2,"flood_hist_n":0,"flood_depth_max_m":null,"flood_risk_100y":null,"semi_basement_r":null,"elderly_alone_r":0.1337,"bldg_age30_r":null,"shelter_min_walk":1,"pop":17675,"hh":8846,"elderly65_r":0.2052,"single_hh_r":0.463,"source_level":"emd","flood_years":[],"landslide_hist_n":0},"geometry":{"type":"Polygon","coordinates":[[[126.86489,37.29858],[126.86437,37.30292],[126.86018,37.30487],[126.85652,37.30248],[126.85704,37.29815],[126.86122,37.2962],[126.86489,37.29858]]]}},{"type":"Feature","properties":{"h3":"8830e0235bfffff","emd_code":"4127156000","emd_name":"본오3동","area_km2":0.5051,"edge":false,"slope_mean":8.16,"elev_mean":31.7,"flood_hist_n":0,"flood_depth_max_m":null,"flood_risk_100y":null,"semi_basement_r":null,"elderly_alone_r":0.1337,"bldg_age30_r":null,"shelter_min_walk":7,"pop":17675,"hh":8846,"elderly65_r":0.2052,"single_hh_r":0.463,"source_level":"emd","flood_years":[],"landslide_hist_n":0},"geometry":{"type":"Polygon","coordinates":[[[126.87274,37.29901],[126.87222,37.30335],[126.86803,37.3053],[126.86437,37.30292],[126.86489,37.29858],[126.86907,37.29663],[126.87274,37.29901]]]}},{"type":"Feature","properties":{"h3":"8830e0235dfffff","emd_code":"4127152500","emd_name":"사동","area_km2":0.5049,"edge":false,"slope_mean":5.38,"elev_mean":24.8,"flood_hist_n":0,"flood_depth_max_m":null,"flood_risk_100y":null,"semi_basement_r":null,"elderly_alone_r":0.1233,"bldg_age30_r":null,"shelter_min_walk":6,"pop":28657,"hh":15252,"elderly65_r":0.1845,"single_hh_r":0.5246,"source_level":"emd","flood_years":[],"landslide_hist_n":0},"geometry":{"type":"Polygon","coordinates":[[[126.86175,37.29186],[126.86122,37.2962],[126.85704,37.29815],[126.85338,37.29577],[126.8539,37.29143],[126.85808,37.28948],[126.86175,37.29186]]]}},{"type":"Feature","properties":{"h3":"8830e02361fffff","emd_code":"4127154000","emd_name":"본오1동","area_km2":0.5047,"edge":false,"slope_mean":2.76,"elev_mean":5.1,"flood_hist_n":0,"flood_depth_max_m":null,"flood_risk_100y":null,"semi_basement_r":null,"elderly_alone_r":0.1224,"bldg_age30_r":null,"shelter_min_walk":25,"pop":33756,"hh":17124,"elderly65_r":0.1696,"single_hh_r":0.4827,"source_level":"emd","flood_years":[],"landslide_hist_n":0},"geometry":{"type":"Polygon","coordinates":[[[126.84918,37.265],[126.84866,37.26933],[126.84448,37.27128],[126.84082,37.2689],[126.84134,37.26456],[126.84552,37.26261],[126.84918,37.265]]]}},{"type":"Feature","properties":{"h3":"8830e02363fffff","emd_code":"4127154000","emd_name":"본오1동","area_km2":0.5048,"edge":true,"slope_mean":1.6,"elev_mean":4.8,"flood_hist_n":0,"flood_depth_max_m":null,"flood_risk_100y":null,"semi_basement_r":null,"elderly_alone_r":0.1224,"bldg_age30_r":null,"shelter_min_walk":22,"pop":33756,"hh":17124,"elderly65_r":0.1696,"single_hh_r":0.4827,"source_level":"emd","flood_years":[],"landslide_hist_n":0},"geometry":{"type":"Polygon","coordinates":[[[126.85702,37.26543],[126.8565,37.26976],[126.85232,37.27171],[126.84866,37.26933],[126.84918,37.265],[126.85336,37.26304],[126.85702,37.26543]]]}},{"type":"Feature","properties":{"h3":"8830e02369fffff","emd_code":"4127154000","emd_name":"본오1동","area_km2":0.5046,"edge":false,"slope_mean":1.96,"elev_mean":4.2,"flood_hist_n":0,"flood_depth_max_m":null,"flood_risk_100y":null,"semi_basement_r":null,"elderly_alone_r":0.1224,"bldg_age30_r":null,"shelter_min_walk":16,"pop":33756,"hh":17124,"elderly65_r":0.1696,"single_hh_r":0.4827,"source_level":"emd","flood_years":[],"landslide_hist_n":0},"geometry":{"type":"Polygon","coordinates":[[[126.84448,37.27128],[126.84396,37.27561],[126.83978,37.27757],[126.83612,37.27518],[126.83664,37.27085],[126.84082,37.2689],[126.84448,37.27128]]]}},{"type":"Feature","properties":{"h3":"8830e0236bfffff","emd_code":"4127154000","emd_name":"본오1동","area_km2":0.5048,"edge":false,"slope_mean":2.57,"elev_mean":9.0,"flood_hist_n":0,"flood_depth_max_m":null,"flood_risk_100y":null,"semi_basement_r":null,"elderly_alone_r":0.1224,"bldg_age30_r":null,"shelter_min_walk":13,"pop":33756,"hh":17124,"elderly65_r":0.1696,"single_hh_r":0.4827,"source_level":"emd","flood_years":[],"landslide_hist_n":0},"geometry":{"type":"Polygon","coordinates":[[[126.85232,37.27171],[126.8518,37.27605],[126.84762,37.278],[126.84396,37.27561],[126.84448,37.27128],[126.84866,37.26933],[126.85232,37.27171]]]}},{"type":"Feature","properties":{"h3":"8830e03081fffff","emd_code":"4127158000","emd_name":"월피동","area_km2":0.5051,"edge":true,"slope_mean":19.94,"elev_mean":107.9,"flood_hist_n":0,"flood_depth_max_m":null,"flood_risk_100y":null,"semi_basement_r":null,"elderly_alone_r":0.1204,"bldg_age30_r":null,"shelter_min_walk":14,"pop":34543,"hh":16788,"elderly65_r":0.1769,"single_hh_r":0.4376,"source_level":"emd","flood_years":[],"landslide_hist_n":0},"geometry":{"type":"Polygon","coordinates":[[[126.85708,37.36361],[126.85656,37.36794],[126.85237,37.36989],[126.8487,37.3675],[126.84922,37.36317],[126.85341,37.36122],[126.85708,37.36361]]]}},{"type":"Feature","properties":{"h3":"8830e03085fffff","emd_code":"4127158000","emd_name":"월피동","area_km2":0.505,"edge":false,"slope_mean":16.57,"elev_mean":85.4,"flood_hist_n":0,"flood_depth_max_m":null,"flood_risk_100y":null,"semi_basement_r":null,"elderly_alone_r":0.1204,"bldg_age30_r":null,"shelter_min_walk":26,"pop":34543,"hh":16788,"elderly65_r":0.1769,"single_hh_r":0.4376,"source_level":"emd","flood_years":[],"landslide_hist_n":0},"geometry":{"type":"Polygon","coordinates":[[[126.85393,37.35689],[126.85341,37.36122],[126.84922,37.36317],[126.84556,37.36078],[126.84608,37.35645],[126.85027,37.3545],[126.85393,37.35689]]]}},{"type":"Feature","properties":{"h3":"8830e03087fffff","emd_code":"4127161000","emd_name":"안산동","area_km2":0.5051,"edge":false,"slope_mean":16.48,"elev_mean":102.3,"flood_hist_n":0,"flood_depth_max_m":null,"flood_risk_100y":null,"semi_basement_r":null,"elderly_alone_r":0.1789,"bldg_age30_r":null,"shelter_min_walk":20,"pop":7951,"hh":3974,"elderly65_r":0.2866,"single_hh_r":0.4399,"source_level":"emd","flood_years":[],"landslide_hist_n":0},"geometry":{"type":"Polygon","coordinates":[[[126.86179,37.35732],[126.86126,37.36166],[126.85708,37.36361],[126.85341,37.36122],[126.85393,37.35689],[126.85812,37.35494],[126.86179,37.35732]]]}},{"type":"Feature","properties":{"h3":"8830e0308dfffff","emd_code":"4127158000","emd_name":"월피동","area_km2":0.505,"edge":true,"slope_mean":21.26,"elev_mean":162.0,"flood_hist_n":0,"flood_depth_max_m":null,"flood_risk_100y":null,"semi_basement_r":null,"elderly_alone_r":0.1204,"bldg_age30_r":null,"shelter_min_walk":17,"pop":34543,"hh":16788,"elderly65_r":0.1769,"single_hh_r":0.4376,"source_level":"emd","flood_years":[],"landslide_hist_n":0},"geometry":{"type":"Polygon","coordinates":[[[126.84922,37.36317],[126.8487,37.3675],[126.84451,37.36945],[126.84085,37.36707],[126.84137,37.36273],[126.84556,37.36078],[126.84922,37.36317]]]}},{"type":"Feature","properties":{"h3":"8830e03093fffff","emd_code":"4127161000","emd_name":"안산동","area_km2":0.5055,"edge":false,"slope_mean":16.32,"elev_mean":118.3,"flood_hist_n":0,"flood_depth_max_m":null,"flood_risk_100y":null,"semi_basement_r":null,"elderly_alone_r":0.1789,"bldg_age30_r":null,"shelter_min_walk":17,"pop":7951,"hh":3974,"elderly65_r":0.2866,"single_hh_r":0.4399,"source_level":"emd","flood_years":[],"landslide_hist_n":0},"geometry":{"type":"Polygon","coordinates":[[[126.88379,37.37164],[126.88327,37.37598],[126.87908,37.37793],[126.87541,37.37554],[126.87593,37.3712],[126.88012,37.36925],[126.88379,37.37164]]]}},{"type":"Feature","properties":{"h3":"8830e03095fffff","emd_code":"4127161000","emd_name":"안산동","area_km2":0.5053,"edge":true,"slope_mean":9.48,"elev_mean":57.6,"flood_hist_n":0,"flood_depth_max_m":null,"flood_risk_100y":null,"semi_basement_r":null,"elderly_alone_r":0.1789,"bldg_age30_r":null,"shelter_min_walk":11,"pop":7951,"hh":3974,"elderly65_r":0.2866,"single_hh_r":0.4399,"source_level":"emd","flood_years":[],"landslide_hist_n":0},"geometry":{"type":"Polygon","coordinates":[[[126.87279,37.36448],[126.87227,37.36882],[126.86808,37.37077],[126.86441,37.36838],[126.86493,37.36404],[126.86912,37.36209],[126.87279,37.36448]]]}},{"type":"Feature","properties":{"h3":"8830e03097fffff","emd_code":"4127161000","emd_name":"안산동","area_km2":0.5054,"edge":false,"slope_mean":5.97,"elev_mean":62.8,"flood_hist_n":0,"flood_depth_max_m":null,"flood_risk_100y":null,"semi_basement_r":null,"elderly_alone_r":0.1789,"bldg_age30_r":null,"shelter_min_walk":6,"pop":7951,"hh":3974,"elderly65_r":0.2866,"single_hh_r":0.4399,"source_level":"emd","flood_years":[],"landslide_hist_n":0},"geometry":{"type":"Polygon","coordinates":[[[126.88064,37.36492],[126.88012,37.36925],[126.87593,37.3712],[126.87227,37.36882],[126.87279,37.36448],[126.87698,37.36253],[126.88064,37.36492]]]}},{"type":"Feature","properties":{"h3":"8830e030a1fffff","emd_code":"4127158000","emd_name":"월피동","area_km2":0.505,"edge":false,"slope_mean":11.04,"elev_mean":39.4,"flood_hist_n":0,"flood_depth_max_m":null,"flood_risk_100y":null,"semi_basement_r":null,"elderly_alone_r":0.1204,"bldg_age30_r":null,"shelter_min_walk":21,"pop":34543,"hh":16788,"elderly65_r":0.1769,"single_hh_r":0.4376,"source_level":"emd","flood_years":[],"landslide_hist_n":0},"geometry":{"type":"Polygon","coordinates":[[[126.8555,37.34388],[126.85497,37.34822],[126.85079,37.35017],[126.84712,37.34778],[126.84764,37.34344],[126.85183,37.3415],[126.8555,37.34388]]]}},{"type":"Feature","properties":{"h3":"8830e030a3fffff","emd_code":"4127161000","emd_name":"안산동","area_km2":0.5051,"edge":false,"slope_mean":6.2,"elev_mean":25.1,"flood_hist_n":0,"flood_depth_max_m":null,"flood_risk_100y":null,"semi_basement_r":null,"elderly_alone_r":0.1789,"bldg_age30_r":null,"shelter_min_walk":17,"pop":7951,"hh":3974,"elderly65_r":0.2866,"single_hh_r":0.4399,"source_level":"emd","flood_years":[],"landslide_hist_n":0},"geometry":{"type":"Polygon","coordinates":[[[126.86335,37.34432],[126.86283,37.34865],[126.85864,37.3506],[126.85497,37.34822],[126.8555,37.34388],[126.85968,37.34193],[126.86335,37.34432]]]}},{"type":"Feature","properties":{"h3":"8830e030a5fffff","emd_code":"4127158000","emd_name":"월피동","area_km2":0.5049,"edge":false,"slope_mean":9.86,"elev_mean":29.4,"flood_hist_n":0,"flood_depth_max_m":null,"flood_risk_100y":null,"semi_basement_r":null,"elderly_alone_r":0.1204,"bldg_age30_r":null,"shelter_min_walk":16,"pop":34543,"hh":16788,"elderly65_r":0.1769,"single_hh_r":0.4376,"source_level":"emd","flood_years":[],"landslide_hist_n":0},"geometry":{"type":"Polygon","coordinates":[[[126.85235,37.33716],[126.85183,37.3415],[126.84764,37.34344],[126.84398,37.34106],[126.8445,37.33673],[126.84869,37.33478],[126.85235,37.33716]]]}},{"type":"Feature","properties":{"h3":"8830e030a7fffff","emd_code":"4127157000","emd_name":"부곡동","area_km2":0.5051,"edge":false,"slope_mean":3.07,"elev_mean":14.3,"flood_hist_n":0,"flood_depth_max_m":null,"flood_risk_100y":null,"semi_basement_r":null,"elderly_alone_r":0.1348,"bldg_age30_r":null,"shelter_min_walk":9,"pop":19656,"hh":9272,"elderly65_r":0.1879,"single_hh_r":0.4093,"source_level":"emd","flood_years":[],"landslide_hist_n":0},"geometry":{"type":"Polygon","coordinates":[[[126.8602,37.3376],[126.85968,37.34193],[126.8555,37.34388],[126.85183,37.3415],[126.85235,37.33716],[126.85654,37.33521],[126.8602,37.3376]]]}},{"type":"Feature","properties":{"h3":"8830e030a9fffff","emd_code":"4127158000","emd_name":"월피동","area_km2":0.505,"edge":false,"slope_mean":12.92,"elev_mean":48.2,"flood_hist_n":0,"flood_depth_max_m":null,"flood_risk_100y":null,"semi_basement_r":null,"elderly_alone_r":0.1204,"bldg_age30_r":null,"shelter_min_walk":27,"pop":34543,"hh":16788,"elderly65_r":0.1769,"single_hh_r":0.4376,"source_level":"emd","flood_years":[],"landslide_hist_n":0},"geometry":{"type":"Polygon","coordinates":[[[126.85079,37.35017],[126.85027,37.3545],[126.84608,37.35645],[126.84242,37.35406],[126.84294,37.34973],[126.84712,37.34778],[126.85079,37.35017]]]}},{"type":"Feature","properties":{"h3":"8830e030abfffff","emd_code":"4127161000","emd_name":"안산동","area_km2":0.5051,"edge":false,"slope_mean":17.05,"elev_mean":92.2,"flood_hist_n":0,"flood_depth_max_m":null,"flood_risk_100y":null,"semi_basement_r":null,"elderly_alone_r":0.1789,"bldg_age30_r":null,"shelter_min_walk":27,"pop":7951,"hh":3974,"elderly65_r":0.2866,"single_hh_r":0.4399,"source_level":"emd","flood_years":[],"landslide_hist_n":0},"geometry":{"type":"Polygon","coordinates":[[[126.85864,37.3506],[126.85812,37.35494],[126.85393,37.35689],[126.85027,37.3545],[126.85079,37.35017],[126.85497,37.34822],[126.85864,37.3506]]]}},{"type":"Feature","properties":{"h3":"8830e030adfffff","emd_code":"4127158000","emd_name":"월피동","area_km2":0.5049,"edge":false,"slope_mean":13.02,"elev_mean":52.9,"flood_hist_n":0,"flood_depth_max_m":null,"flood_risk_100y":null,"semi_basement_r":null,"elderly_alone_r":0.1204,"bldg_age30_r":null,"shelter_min_walk":18,"pop":34543,"hh":16788,"elderly65_r":0.1769,"single_hh_r":0.4376,"source_level":"emd","flood_years":[],"landslide_hist_n":0},"geometry":{"type":"Polygon","coordinates":[[[126.84764,37.34344],[126.84712,37.34778],[126.84294,37.34973],[126.83927,37.34734],[126.8398,37.34301],[126.84398,37.34106],[126.84764,37.34344]]]}},{"type":"Feature","properties":{"h3":"8830e030b1fffff","emd_code":"4127161000","emd_name":"안산동","area_km2":0.5053,"edge":false,"slope_mean":2.89,"elev_mean":34.3,"flood_hist_n":0,"flood_depth_max_m":null,"flood_risk_100y":null,"semi_basement_r":null,"elderly_alone_r":0.1789,"bldg_age30_r":null,"shelter_min_walk":10,"pop":7951,"hh":3974,"elderly65_r":0.2866,"single_hh_r":0.4399,"source_level":"emd","flood_years":[],"landslide_hist_n":0},"geometry":{"type":"Polygon","coordinates":[[[126.87435,37.35147],[126.87383,37.35581],[126.86964,37.35776],[126.86597,37.35537],[126.86649,37.35104],[126.87068,37.34909],[126.87435,37.35147]]]}},{"type":"Feature","properties":{"h3":"8830e030b3fffff","emd_code":"4127161000","emd_name":"안산동","area_km2":0.5054,"edge":false,"slope_mean":12.15,"elev_mean":73.8,"flood_hist_n":0,"flood_depth_max_m":null,"flood_risk_100y":null,"semi_basement_r":null,"elderly_alone_r":0.1789,"bldg_age30_r":null,"shelter_min_walk":11,"pop":7951,"hh":3974,"elderly65_r":0.2866,"single_hh_r":0.4399,"source_level":"emd","flood_years":[],"landslide_hist_n":0},"geometry":{"type":"Polygon","coordinates":[[[126.8822,37.35191],[126.88168,37.35624],[126.8775,37.35819],[126.87383,37.35581],[126.87435,37.35147],[126.87854,37.34952],[126.8822,37.35191]]]}},{"type":"Feature","properties":{"h3":"8830e030b5fffff","emd_code":"4127157000","emd_name":"부곡동","area_km2":0.5052,"edge":false,"slope_mean":4.76,"elev_mean":31.3,"flood_hist_n":0,"flood_depth_max_m":null,"flood_risk_100y":null,"semi_basement_r":null,"elderly_alone_r":0.1348,"bldg_age30_r":null,"shelter_min_walk":19,"pop":19656,"hh":9272,"elderly65_r":0.1879,"single_hh_r":0.4093,"source_level":"emd","flood_years":[],"landslide_hist_n":0},"geometry":{"type":"Polygon","coordinates":[[[126.8712,37.34475],[126.87068,37.34909],[126.86649,37.35104],[126.86283,37.34865],[126.86335,37.34432],[126.86753,37.34237],[126.8712,37.34475]]]}},{"type":"Feature","properties":{"h3":"8830e030b7fffff","emd_code":"4127161000","emd_name":"안산동","area_km2":0.5053,"edge":false,"slope_mean":10.19,"elev_mean":62.4,"flood_hist_n":0,"flood_depth_max_m":null,"flood_risk_100y":null,"semi_basement_r":null,"elderly_alone_r":0.1789,"bldg_age30_r":null,"shelter_min_walk":20,"pop":7951,"hh":3974,"elderly65_r":0.2866,"single_hh_r":0.4399,"source_level":"emd","flood_years":[],"landslide_hist_n":0},"geometry":{"type":"Polygon","coordinates":[[[126.87906,37.34519],[126.87854,37.34952],[126.87435,37.35147],[126.87068,37.34909],[126.8712,37.34475],[126.87539,37.3428],[126.87906,37.34519]]]}},{"type":"Feature","properties":{"h3":"8830e030b9fffff","emd_code":"4127161000","emd_name":"안산동","area_km2":0.5052,"edge":false,"slope_mean":7.79,"elev_mean":49.7,"flood_hist_n":0,"flood_depth_max_m":null,"flood_risk_100y":null,"semi_basement_r":null,"elderly_alone_r":0.1789,"bldg_age30_r":null,"shelter_min_walk":10,"pop":7951,"hh":3974,"elderly65_r":0.2866,"single_hh_r":0.4399,"source_level":"emd","flood_years":[],"landslide_hist_n":0},"geometry":{"type":"Polygon","coordinates":[[[126.86964,37.35776],[126.86912,37.36209],[126.86493,37.36404],[126.86126,37.36166],[126.86179,37.35732],[126.86597,37.35537],[126.86964,37.35776]]]}},{"type":"Feature","properties":{"h3":"8830e030bbfffff","emd_code":"4127161000","emd_name":"안산동","area_km2":0.5054,"edge":false,"slope_mean":3.9,"elev_mean":47.5,"flood_hist_n":0,"flood_depth_max_m":null,"flood_risk_100y":null,"semi_basement_r":null,"elderly_alone_r":0.1789,"bldg_age30_r":null,"shelter_min_walk":2,"pop":7951,"hh":3974,"elderly65_r":0.2866,"single_hh_r":0.4399,"source_level":"emd","flood_years":[],"landslide_hist_n":0},"geometry":{"type":"Polygon","coordinates":[[[126.8775,37.35819],[126.87698,37.36253],[126.87279,37.36448],[126.86912,37.36209],[126.86964,37.35776],[126.87383,37.35581],[126.8775,37.35819]]]}},{"type":"Feature","properties":{"h3":"8830e030bdfffff","emd_code":"4127161000","emd_name":"안산동","area_km2":0.5052,"edge":false,"slope_mean":6.62,"elev_mean":37.4,"flood_hist_n":0,"flood_depth_max_m":null,"flood_risk_100y":null,"semi_basement_r":null,"elderly_alone_r":0.1789,"bldg_age30_r":null,"shelter_min_walk":17,"pop":7951,"hh":3974,"elderly65_r":0.2866,"single_hh_r":0.4399,"source_level":"emd","flood_years":[],"landslide_hist_n":0},"geometry":{"type":"Polygon","coordinates":[[[126.86649,37.35104],[126.86597,37.35537],[126.86179,37.35732],[126.85812,37.35494],[126.85864,37.3506],[126.86283,37.34865],[126.86649,37.35104]]]}},{"type":"Feature","properties":{"h3":"8830e030e1fffff","emd_code":"4127158000","emd_name":"월피동","area_km2":0.5048,"edge":true,"slope_mean":17.45,"elev_mean":80.2,"flood_hist_n":0,"flood_depth_max_m":null,"flood_risk_100y":null,"semi_basement_r":null,"elderly_alone_r":0.1204,"bldg_age30_r":null,"shelter_min_walk":26,"pop":34543,"hh":16788,"elderly65_r":0.1769,"single_hh_r":0.4376,"source_level":"emd","flood_years":[],"landslide_hist_n":0},"geometry":{"type":"Polygon","coordinates":[[[126.83823,37.35601],[126.83771,37.36035],[126.83352,37.36229],[126.82986,37.35991],[126.83038,37.35557],[126.83457,37.35363],[126.83823,37.35601]]]}},{"type":"Feature","properties":{"h3":"8830e030e3fffff","emd_code":"4127158000","emd_name":"월피동","area_km2":0.5049,"edge":false,"slope_mean":19.33,"elev_mean":112.2,"flood_hist_n":0,"flood_depth_max_m":null,"flood_risk_100y":null,"semi_basement_r":null,"elderly_alone_r":0.1204,"bldg_age30_r":null,"shelter_min_walk":28,"pop":34543,"hh":16788,"elderly65_r":0.1769,"single_hh_r":0.4376,"source_level":"emd","flood_years":[],"landslide_hist_n":0},"geometry":{"type":"Polygon","coordinates":[[[126.84608,37.35645],[126.84556,37.36078],[126.84137,37.36273],[126.83771,37.36035],[126.83823,37.35601],[126.84242,37.35406],[126.84608,37.35645]]]}},{"type":"Feature","properties":{"h3":"8830e030e5fffff","emd_code":"4127158000","emd_name":"월피동","area_km2":0.5047,"edge":true,"slope_mean":16.76,"elev_mean":65.3,"flood_hist_n":0,"flood_depth_max_m":null,"flood_risk_100y":null,"semi_basement_r":null,"elderly_alone_r":0.1204,"bldg_age30_r":null,"shelter_min_walk":15,"pop":34543,"hh":16788,"elderly65_r":0.1769,"single_hh_r":0.4376,"source_level":"emd","flood_years":[],"landslide_hist_n":0},"geometry":{"type":"Polygon","coordinates":[[[126.83509,37.34929],[126.83457,37.35363],[126.83038,37.35557],[126.82672,37.35319],[126.82724,37.34885],[126.83142,37.34691],[126.83509,37.34929]]]}},{"type":"Feature","properties":{"h3":"8830e030e7fffff","emd_code":"4127158000","emd_name":"월피동","area_km2":0.5048,"edge":false,"slope_mean":16.04,"elev_mean":70.6,"flood_hist_n":0,"flood_depth_max_m":null,"flood_risk_100y":null,"semi_basement_r":null,"elderly_alone_r":0.1204,"bldg_age30_r":null,"shelter_min_walk":19,"pop":34543,"hh":16788,"elderly65_r":0.1769,"single_hh_r":0.4376,"source_level":"emd","flood_years":[],"landslide_hist_n":0},"geometry":{"type":"Polygon","coordinates":[[[126.84294,37.34973],[126.84242,37.35406],[126.83823,37.35601],[126.83457,37.35363],[126.83509,37.34929],[126.83927,37.34734],[126.84294,37.34973]]]}},{"type":"Feature","properties":{"h3":"8830e030ebfffff","emd_code":"4127158000","emd_name":"월피동","area_km2":0.5049,"edge":true,"slope_mean":20.2,"elev_mean":123.9,"flood_hist_n":0,"flood_depth_max_m":null,"flood_risk_100y":null,"semi_basement_r":null,"elderly_alone_r":0.1204,"bldg_age30_r":null,"shelter_min_walk":19,"pop":34543,"hh":16788,"elderly65_r":0.1769,"single_hh_r":0.4376,"source_level":"emd","flood_years":[],"landslide_hist_n":0},"geometry":{"type":"Polygon","coordinates":[[[126.84137,37.36273],[126.84085,37.36707],[126.83666,37.36901],[126.833,37.36663],[126.83352,37.36229],[126.83771,37.36035],[126.84137,37.36273]]]}},{"type":"Feature","properties":{"h3":"8830e03183fffff","emd_code":"4127159000","emd_name":"성포동","area_km2":0.5048,"edge":true,"slope_mean":5.32,"elev_mean":11.2,"flood_hist_n":0,"flood_depth_max_m":null,"flood_risk_100y":null,"semi_basement_r":null,"elderly_alone_r":0.0893,"bldg_age30_r":null,"shelter_min_walk":1,"pop":23962,"hh":9575,"elderly65_r":0.2019,"single_hh_r":0.2334,"source_level":"emd","flood_years":[],"landslide_hist_n":0},"geometry":{"type":"Polygon","coordinates":[[[126.84293,37.317],[126.8424,37.32134],[126.83822,37.32329],[126.83456,37.3209],[126.83508,37.31657],[126.83926,37.31462],[126.84293,37.317]]]}},{"type":"Feature","properties":{"h3":"8830e03191fffff","emd_code":"4127159000","emd_name":"성포동","area_km2":0.5049,"edge":false,"slope_mean":9.53,"elev_mean":30.5,"flood_hist_n":0,"flood_depth_max_m":null,"flood_risk_100y":null,"semi_basement_r":null,"elderly_alone_r":0.0893,"bldg_age30_r":null,"shelter_min_walk":7,"pop":23962,"hh":9575,"elderly65_r":0.2019,"single_hh_r":0.2334,"source_level":"emd","flood_years":[],"landslide_hist_n":0},"geometry":{"type":"Polygon","coordinates":[[[126.85392,37.32416],[126.85339,37.32849],[126.84921,37.33044],[126.84555,37.32806],[126.84607,37.32372],[126.85025,37.32177],[126.85392,37.32416]]]}},{"type":"Feature","properties":{"h3":"8830e03193fffff","emd_code":"4127157000","emd_name":"부곡동","area_km2":0.505,"edge":false,"slope_mean":8.13,"elev_mean":33.3,"flood_hist_n":0,"flood_depth_max_m":null,"flood_risk_100y":null,"semi_basement_r":null,"elderly_alone_r":0.1348,"bldg_age30_r":null,"shelter_min_walk":10,"pop":19656,"hh":9272,"elderly65_r":0.1879,"single_hh_r":0.4093,"source_level":"emd","flood_years":[],"landslide_hist_n":0},"geometry":{"type":"Polygon","coordinates":[[[126.86177,37.32459],[126.86124,37.32893],[126.85706,37.33088],[126.85339,37.32849],[126.85392,37.32416],[126.8581,37.32221],[126.86177,37.32459]]]}},{"type":"Feature","properties":{"h3":"8830e03195fffff","emd_code":"4127159000","emd_name":"성포동","area_km2":0.5049,"edge":false,"slope_mean":5.65,"elev_mean":17.0,"flood_hist_n":0,"flood_depth_max_m":null,"flood_risk_100y":null,"semi_basement_r":null,"elderly_alone_r":0.0893,"bldg_age30_r":null,"shelter_min_walk":2,"pop":23962,"hh":9575,"elderly65_r":0.2019,"single_hh_r":0.2334,"source_level":"emd","flood_years":[],"landslide_hist_n":0},"geometry":{"type":"Polygon","coordinates":[[[126.85077,37.31744],[126.85025,37.32177],[126.84607,37.32372],[126.8424,37.32134],[126.84293,37.317],[126.84711,37.31505],[126.85077,37.31744]]]}},{"type":"Feature","properties":{"h3":"8830e03197fffff","emd_code":"4127159000","emd_name":"성포동","area_km2":0.505,"edge":false,"slope_mean":12.11,"elev_mean":45.7,"flood_hist_n":0,"flood_depth_max_m":null,"flood_risk_100y":null,"semi_basement_r":null,"elderly_alone_r":0.0893,"bldg_age30_r":null,"shelter_min_walk":6,"pop":23962,"hh":9575,"elderly65_r":0.2019,"single_hh_r":0.2334,"source_level":"emd","flood_years":[],"landslide_hist_n":0},"geometry":{"type":"Polygon","coordinates":[[[126.85862,37.31787],[126.8581,37.32221],[126.85392,37.32416],[126.85025,37.32177],[126.85077,37.31744],[126.85496,37.31549],[126.85862,37.31787]]]}},{"type":"Feature","properties":{"h3":"8830e03199fffff","emd_code":"4127158000","emd_name":"월피동","area_km2":0.5049,"edge":false,"slope_mean":6.12,"elev_mean":16.5,"flood_hist_n":0,"flood_depth_max_m":null,"flood_risk_100y":null,"semi_basement_r":null,"elderly_alone_r":0.1204,"bldg_age30_r":null,"shelter_min_walk":5,"pop":34543,"hh":16788,"elderly65_r":0.1769,"single_hh_r":0.4376,"source_level":"emd","flood_years":[],"landslide_hist_n":0},"geometry":{"type":"Polygon","coordinates":[[[126.84921,37.33044],[126.84869,37.33478],[126.8445,37.33673],[126.84084,37.33434],[126.84136,37.33001],[126.84555,37.32806],[126.84921,37.33044]]]}},{"type":"Feature","properties":{"h3":"8830e0319bfffff","emd_code":"4127158000","emd_name":"월피동","area_km2":0.505,"edge":false,"slope_mean":7.39,"elev_mean":22.3,"flood_hist_n":0,"flood_depth_max_m":null,"flood_risk_100y":null,"semi_basement_r":null,"elderly_alone_r":0.1204,"bldg_age30_r":null,"shelter_min_walk":10,"pop":34543,"hh":16788,"elderly65_r":0.1769,"single_hh_r":0.4376,"source_level":"emd","flood_years":[],"landslide_hist_n":0},"geometry":{"type":"Polygon","coordinates":[[[126.85706,37.33088],[126.85654,37.33521],[126.85235,37.33716],[126.84869,37.33478],[126.84921,37.33044],[126.85339,37.32849],[126.85706,37.33088]]]}},{"type":"Feature","properties":{"h3":"8830e0319dfffff","emd_code":"4127159000","emd_name":"성포동","area_km2":0.5048,"edge":false,"slope_mean":3.94,"elev_mean":10.3,"flood_hist_n":0,"flood_depth_max_m":null,"flood_risk_100y":null,"semi_basement_r":null,"elderly_alone_r":0.0893,"bldg_age30_r":null,"shelter_min_walk":3,"pop":23962,"hh":9575,"elderly65_r":0.2019,"single_hh_r":0.2334,"source_level":"emd","flood_years":[],"landslide_hist_n":0},"geometry":{"type":"Polygon","coordinates":[[[126.84607,37.32372],[126.84555,37.32806],[126.84136,37.33001],[126.8377,37.32762],[126.83822,37.32329],[126.8424,37.32134],[126.84607,37.32372]]]}},{"type":"Feature","properties":{"h3":"8830e031a1fffff","emd_code":"4127153700","emd_name":"해양동","area_km2":0.5046,"edge":false,"slope_mean":5.34,"elev_mean":12.2,"flood_hist_n":0,"flood_depth_max_m":null,"flood_risk_100y":null,"semi_basement_r":null,"elderly_alone_r":0.0319,"bldg_age30_r":null,"shelter_min_walk":11,"pop":39141,"hh":15088,"elderly65_r":0.1074,"single_hh_r":0.2831,"source_level":"emd","flood_years":[],"landslide_hist_n":0},"geometry":{"type":"Polygon","coordinates":[[[126.83351,37.29685],[126.83299,37.30118],[126.8288,37.30313],[126.82514,37.30075],[126.82567,37.29642],[126.82985,37.29447],[126.83351,37.29685]]]}},{"type":"Feature","properties":{"h3":"8830e031a3fffff","emd_code":"4127153700","emd_name":"해양동","area_km2":0.5047,"edge":false,"slope_mean":5.7,"elev_mean":13.5,"flood_hist_n":0,"flood_depth_max_m":null,"flood_risk_100y":null,"semi_basement_r":null,"elderly_alone_r":0.0319,"bldg_age30_r":null,"shelter_min_walk":2,"pop":39141,"hh":15088,"elderly65_r":0.1074,"single_hh_r":0.2831,"source_level":"emd","flood_years":[],"landslide_hist_n":0},"geometry":{"type":"Polygon","coordinates":[[[126.84135,37.29728],[126.84083,37.30162],[126.83665,37.30357],[126.83299,37.30118],[126.83351,37.29685],[126.83769,37.2949],[126.84135,37.29728]]]}},{"type":"Feature","properties":{"h3":"8830e031a5fffff","emd_code":"4127153700","emd_name":"해양동","area_km2":0.5045,"edge":false,"slope_mean":3.02,"elev_mean":9.0,"flood_hist_n":0,"flood_depth_max_m":null,"flood_risk_100y":null,"semi_basement_r":null,"elderly_alone_r":0.0319,"bldg_age30_r":null,"shelter_min_walk":8,"pop":39141,"hh":15088,"elderly65_r":0.1074,"single_hh_r":0.2831,"source_level":"emd","flood_years":[],"landslide_hist_n":0},"geometry":{"type":"Polygon","coordinates":[[[126.83037,37.29013],[126.82985,37.29447],[126.82567,37.29642],[126.82201,37.29403],[126.82253,37.2897],[126.82671,37.28775],[126.83037,37.29013]]]}},{"type":"Feature","properties":{"h3":"8830e031a7fffff","emd_code":"4127153700","emd_name":"해양동","area_km2":0.5046,"edge":false,"slope_mean":7.18,"elev_mean":19.0,"flood_hist_n":0,"flood_depth_max_m":null,"flood_risk_100y":null,"semi_basement_r":null,"elderly_alone_r":0.0319,"bldg_age30_r":null,"shelter_min_walk":14,"pop":39141,"hh":15088,"elderly65_r":0.1074,"single_hh_r":0.2831,"source_level":"emd","flood_years":[],"landslide_hist_n":0},"geometry":{"type":"Polygon","coordinates":[[[126.83821,37.29057],[126.83769,37.2949],[126.83351,37.29685],[126.82985,37.29447],[126.83037,37.29013],[126.83455,37.28818],[126.83821,37.29057]]]}},{"type":"Feature","properties":{"h3":"8830e031a9fffff","emd_code":"4127153700","emd_name":"해양동","area_km2":0.5045,"edge":true,"slope_mean":3.99,"elev_mean":6.9,"flood_hist_n":0,"flood_depth_max_m":null,"flood_risk_100y":null,"semi_basement_r":null,"elderly_alone_r":0.0319,"bldg_age30_r":null,"shelter_min_walk":3,"pop":39141,"hh":15088,"elderly65_r":0.1074,"single_hh_r":0.2831,"source_level":"emd","flood_years":[],"landslide_hist_n":0},"geometry":{"type":"Polygon","coordinates":[[[126.8288,37.30313],[126.82828,37.30747],[126.8241,37.30942],[126.82044,37.30703],[126.82096,37.3027],[126.82514,37.30075],[126.8288,37.30313]]]}},{"type":"Feature","properties":{"h3":"8830e031abfffff","emd_code":"4127153700","emd_name":"해양동","area_km2":0.5046,"edge":true,"slope_mean":4.99,"elev_mean":8.5,"flood_hist_n":0,"flood_depth_max_m":null,"flood_risk_100y":null,"semi_basement_r":null,"elderly_alone_r":0.0319,"bldg_age30_r":null,"shelter_min_walk":2,"pop":39141,"hh":15088,"elderly65_r":0.1074,"single_hh_r":0.2831,"source_level":"emd","flood_years":[],"landslide_hist_n":0},"geometry":{"type":"Polygon","coordinates":[[[126.83665,37.30357],[126.83612,37.3079],[126.83194,37.30985],[126.82828,37.30747],[126.8288,37.30313],[126.83299,37.30118],[126.83665,37.30357]]]}},{"type":"Feature","properties":{"h3":"8830e031adfffff","emd_code":"4127153700","emd_name":"해양동","area_km2":0.5045,"edge":false,"slope_mean":3.82,"elev_mean":8.9,"flood_hist_n":0,"flood_depth_max_m":null,"flood_risk_100y":null,"semi_basement_r":null,"elderly_alone_r":0.0319,"bldg_age30_r":null,"shelter_min_walk":3,"pop":39141,"hh":15088,"elderly65_r":0.1074,"single_hh_r":0.2831,"source_level":"emd","flood_years":[],"landslide_hist_n":0},"geometry":{"type":"Polygon","coordinates":[[[126.82567,37.29642],[126.82514,37.30075],[126.82096,37.3027],[126.8173,37.30031],[126.81783,37.29598],[126.82201,37.29403],[126.82567,37.29642]]]}},{"type":"Feature","properties":{"h3":"8830e031b1fffff","emd_code":"4127151500","emd_name":"이동","area_km2":0.5049,"edge":false,"slope_mean":4.26,"elev_mean":10.8,"flood_hist_n":0,"flood_depth_max_m":null,"flood_risk_100y":null,"semi_basement_r":null,"elderly_alone_r":0.1214,"bldg_age30_r":null,"shelter_min_walk":2,"pop":22211,"hh":13464,"elderly65_r":0.1863,"single_hh_r":0.6275,"source_level":"emd","flood_years":[],"landslide_hist_n":0},"geometry":{"type":"Polygon","coordinates":[[[126.85234,37.30443],[126.85182,37.30877],[126.84763,37.31072],[126.84397,37.30833],[126.84449,37.304],[126.84867,37.30205],[126.85234,37.30443]]]}},{"type":"Feature","properties":{"h3":"8830e031b3fffff","emd_code":"4127152500","emd_name":"사동","area_km2":0.505,"edge":false,"slope_mean":5.07,"elev_mean":13.3,"flood_hist_n":0,"flood_depth_max_m":null,"flood_risk_100y":null,"semi_basement_r":null,"elderly_alone_r":0.1233,"bldg_age30_r":null,"shelter_min_walk":3,"pop":28657,"hh":15252,"elderly65_r":0.1845,"single_hh_r":0.5246,"source_level":"emd","flood_years":[],"landslide_hist_n":0},"geometry":{"type":"Polygon","coordinates":[[[126.86018,37.30487],[126.85966,37.3092],[126.85548,37.31115],[126.85182,37.30877],[126.85234,37.30443],[126.85652,37.30248],[126.86018,37.30487]]]}},{"type":"Feature","properties":{"h3":"8830e031b5fffff","emd_code":"4127152500","emd_name":"사동","area_km2":0.5048,"edge":false,"slope_mean":6.28,"elev_mean":21.7,"flood_hist_n":0,"flood_depth_max_m":null,"flood_risk_100y":null,"semi_basement_r":null,"elderly_alone_r":0.1233,"bldg_age30_r":null,"shelter_min_walk":4,"pop":28657,"hh":15252,"elderly65_r":0.1845,"single_hh_r":0.5246,"source_level":"emd","flood_years":[],"landslide_hist_n":0},"geometry":{"type":"Polygon","coordinates":[[[126.8492,37.29772],[126.84867,37.30205],[126.84449,37.304],[126.84083,37.30162],[126.84135,37.29728],[126.84553,37.29533],[126.8492,37.29772]]]}},{"type":"Feature","properties":{"h3":"8830e031b7fffff","emd_code":"4127152500","emd_name":"사동","area_km2":0.5049,"edge":false,"slope_mean":7.99,"elev_mean":27.5,"flood_hist_n":0,"flood_depth_max_m":null,"flood_risk_100y":null,"semi_basement_r":null,"elderly_alone_r":0.1233,"bldg_age30_r":null,"shelter_min_walk":7,"pop":28657,"hh":15252,"elderly65_r":0.1845,"single_hh_r":0.5246,"source_level":"emd","flood_years":[],"landslide_hist_n":0},"geometry":{"type":"Polygon","coordinates":[[[126.85704,37.29815],[126.85652,37.30248],[126.85234,37.30443],[126.84867,37.30205],[126.8492,37.29772],[126.85338,37.29577],[126.85704,37.29815]]]}},{"type":"Feature","properties":{"h3":"8830e031b9fffff","emd_code":"4127151500","emd_name":"이동","area_km2":0.5048,"edge":false,"slope_mean":4.02,"elev_mean":9.0,"flood_hist_n":0,"flood_depth_max_m":null,"flood_risk_100y":null,"semi_basement_r":null,"elderly_alone_r":0.1214,"bldg_age30_r":null,"shelter_min_walk":3,"pop":22211,"hh":13464,"elderly65_r":0.1863,"single_hh_r":0.6275,"source_level":"emd","flood_years":[],"landslide_hist_n":0},"geometry":{"type":"Polygon","coordinates":[[[126.84763,37.31072],[126.84711,37.31505],[126.84293,37.317],[126.83926,37.31462],[126.83979,37.31029],[126.84397,37.30833],[126.84763,37.31072]]]}},{"type":"Feature","properties":{"h3":"8830e031bbfffff","emd_code":"4127151500","emd_name":"이동","area_km2":0.5049,"edge":false,"slope_mean":6.98,"elev_mean":20.4,"flood_hist_n":0,"flood_depth_max_m":null,"flood_risk_100y":null,"semi_basement_r":null,"elderly_alone_r":0.1214,"bldg_age30_r":null,"shelter_min_walk":10,"pop":22211,"hh":13464,"elderly65_r":0.1863,"single_hh_r":0.6275,"source_level":"emd","flood_years":[],"landslide_hist_n":0},"geometry":{"type":"Polygon","coordinates":[[[126.85548,37.31115],[126.85496,37.31549],[126.85077,37.31744],[126.84711,37.31505],[126.84763,37.31072],[126.85182,37.30877],[126.85548,37.31115]]]}},{"type":"Feature","properties":{"h3":"8830e031bdfffff","emd_code":"4127153700","emd_name":"해양동","area_km2":0.5047,"edge":true,"slope_mean":4.07,"elev_mean":8.5,"flood_hist_n":0,"flood_depth_max_m":null,"flood_risk_100y":null,"semi_basement_r":null,"elderly_alone_r":0.0319,"bldg_age30_r":null,"shelter_min_walk":4,"pop":39141,"hh":15088,"elderly65_r":0.1074,"single_hh_r":0.2831,"source_level":"emd","flood_years":[],"landslide_hist_n":0},"geometry":{"type":"Polygon","coordinates":[[[126.84449,37.304],[126.84397,37.30833],[126.83979,37.31029],[126.83612,37.3079],[126.83665,37.30357],[126.84083,37.30162],[126.84449,37.304]]]}},{"type":"Feature","properties":{"h3":"8830e031d3fffff","emd_code":"4127158000","emd_name":"월피동","area_km2":0.5048,"edge":false,"slope_mean":17.32,"elev_mean":80.6,"flood_hist_n":0,"flood_depth_max_m":null,"flood_risk_100y":null,"semi_basement_r":null,"elderly_alone_r":0.1204,"bldg_age30_r":null,"shelter_min_walk":15,"pop":34543,"hh":16788,"elderly65_r":0.1769,"single_hh_r":0.4376,"source_level":"emd","flood_years":[],"landslide_hist_n":0},"geometry":{"type":"Polygon","coordinates":[[[126.8445,37.33673],[126.84398,37.34106],[126.8398,37.34301],[126.83613,37.34062],[126.83665,37.33629],[126.84084,37.33434],[126.8445,37.33673]]]}},{"type":"Feature","properties":{"h3":"8830e031dbfffff","emd_code":"4127158000","emd_name":"월피동","area_km2":0.5048,"edge":true,"slope_mean":14.74,"elev_mean":62.8,"flood_hist_n":0,"flood_depth_max_m":null,"flood_risk_100y":null,"semi_basement_r":null,"elderly_alone_r":0.1204,"bldg_age30_r":null,"shelter_min_walk":8,"pop":34543,"hh":16788,"elderly65_r":0.1769,"single_hh_r":0.4376,"source_level":"emd","flood_years":[],"landslide_hist_n":0},"geometry":{"type":"Polygon","coordinates":[[[126.8398,37.34301],[126.83927,37.34734],[126.83509,37.34929],[126.83142,37.34691],[126.83195,37.34257],[126.83613,37.34062],[126.8398,37.34301]]]}},{"type":"Feature","properties":{"h3":"8830e031e7fffff","emd_code":"4127153700","emd_name":"해양동","area_km2":0.5044,"edge":true,"slope_mean":4.61,"elev_mean":7.7,"flood_hist_n":0,"flood_depth_max_m":null,"flood_risk_100y":null,"semi_basement_r":null,"elderly_alone_r":0.0319,"bldg_age30_r":null,"shelter_min_walk":2,"pop":39141,"hh":15088,"elderly65_r":0.1074,"single_hh_r":0.2831,"source_level":"emd","flood_years":[],"landslide_hist_n":0},"geometry":{"type":"Polygon","coordinates":[[[126.82096,37.3027],[126.82044,37.30703],[126.81626,37.30898],[126.8126,37.3066],[126.81312,37.30226],[126.8173,37.30031],[126.82096,37.3027]]]}},{"type":"Feature","properties":{"h3":"8830e03545fffff","emd_code":"4127161000","emd_name":"안산동","area_km2":0.5056,"edge":false,"slope_mean":21.95,"elev_mean":199.4,"flood_hist_n":0,"flood_depth_max_m":null,"flood_risk_100y":null,"semi_basement_r":null,"elderly_alone_r":0.1789,"bldg_age30_r":null,"shelter_min_walk":22,"pop":7951,"hh":3974,"elderly65_r":0.2866,"single_hh_r":0.4399,"source_level":"emd","flood_years":[],"landslide_hist_n":0},"geometry":{"type":"Polygon","coordinates":[[[126.89165,37.37207],[126.89113,37.37641],[126.88694,37.37836],[126.88327,37.37598],[126.88379,37.37164],[126.88798,37.36969],[126.89165,37.37207]]]}},{"type":"Feature","properties":{"h3":"8830e03547fffff","emd_code":"4127161000","emd_name":"안산동","area_km2":0.5057,"edge":true,"slope_mean":22.91,"elev_mean":256.2,"flood_hist_n":0,"flood_depth_max_m":null,"flood_risk_100y":null,"semi_basement_r":null,"elderly_alone_r":0.1789,"bldg_age30_r":null,"shelter_min_walk":20,"pop":7951,"hh":3974,"elderly65_r":0.2866,"single_hh_r":0.4399,"source_level":"emd","flood_years":[],"landslide_hist_n":0},"geometry":{"type":"Polygon","coordinates":[[[126.89951,37.37251],[126.89899,37.37685],[126.8948,37.3788],[126.89113,37.37641],[126.89165,37.37207],[126.89584,37.37012],[126.89951,37.37251]]]}},{"type":"Feature","properties":{"h3":"8830e0354dfffff","emd_code":"4127161000","emd_name":"안산동","area_km2":0.5055,"edge":true,"slope_mean":19.5,"elev_mean":145.0,"flood_hist_n":0,"flood_depth_max_m":null,"flood_risk_100y":null,"semi_basement_r":null,"elderly_alone_r":0.1789,"bldg_age30_r":null,"shelter_min_walk":29,"pop":7951,"hh":3974,"elderly65_r":0.2866,"single_hh_r":0.4399,"source_level":"emd","flood_years":[],"landslide_hist_n":0},"geometry":{"type":"Polygon","coordinates":[[[126.88694,37.37836],[126.88642,37.3827],[126.88223,37.38465],[126.87856,37.38226],[126.87908,37.37793],[126.88327,37.37598],[126.88694,37.37836]]]}},{"type":"Feature","properties":{"h3":"8830e03561fffff","emd_code":"4127161000","emd_name":"안산동","area_km2":0.5056,"edge":false,"slope_mean":26.07,"elev_mean":190.4,"flood_hist_n":0,"flood_depth_max_m":null,"flood_risk_100y":null,"semi_basement_r":null,"elderly_alone_r":0.1789,"bldg_age30_r":null,"shelter_min_walk":10,"pop":7951,"hh":3974,"elderly65_r":0.2866,"single_hh_r":0.4399,"source_level":"emd","flood_years":[],"landslide_hist_n":0},"geometry":{"type":"Polygon","coordinates":[[[126.89321,37.35906],[126.89269,37.3634],[126.8885,37.36535],[126.88483,37.36297],[126.88535,37.35863],[126.88954,37.35668],[126.89321,37.35906]]]}},{"type":"Feature","properties":{"h3":"8830e03563fffff","emd_code":"4127161000","emd_name":"안산동","area_km2":0.5057,"edge":true,"slope_mean":26.72,"elev_mean":306.0,"flood_hist_n":0,"flood_depth_max_m":null,"flood_risk_100y":null,"semi_basement_r":null,"elderly_alone_r":0.1789,"bldg_age30_r":null,"shelter_min_walk":21,"pop":7951,"hh":3974,"elderly65_r":0.2866,"single_hh_r":0.4399,"source_level":"emd","flood_years":[],"landslide_hist_n":0},"geometry":{"type":"Polygon","coordinates":[[[126.90107,37.3595],[126.90055,37.36384],[126.89636,37.36579],[126.89269,37.3634],[126.89321,37.35906],[126.8974,37.35711],[126.90107,37.3595]]]}},{"type":"Feature","properties":{"h3":"8830e03565fffff","emd_code":"4127161000","emd_name":"안산동","area_km2":0.5055,"edge":false,"slope_mean":21.82,"elev_mean":157.1,"flood_hist_n":0,"flood_depth_max_m":null,"flood_risk_100y":null,"semi_basement_r":null,"elderly_alone_r":0.1789,"bldg_age30_r":null,"shelter_min_walk":13,"pop":7951,"hh":3974,"elderly65_r":0.2866,"single_hh_r":0.4399,"source_level":"emd","flood_years":[],"landslide_hist_n":0},"geometry":{"type":"Polygon","coordinates":[[[126.89006,37.35234],[126.88954,37.35668],[126.88535,37.35863],[126.88168,37.35624],[126.8822,37.35191],[126.88639,37.34996],[126.89006,37.35234]]]}},{"type":"Feature","properties":{"h3":"8830e03567fffff","emd_code":"4127161000","emd_name":"안산동","area_km2":0.5056,"edge":true,"slope_mean":27.42,"elev_mean":276.0,"flood_hist_n":0,"flood_depth_max_m":null,"flood_risk_100y":null,"semi_basement_r":null,"elderly_alone_r":0.1789,"bldg_age30_r":null,"shelter_min_walk":19,"pop":7951,"hh":3974,"elderly65_r":0.2866,"single_hh_r":0.4399,"source_level":"emd","flood_years":[],"landslide_hist_n":0},"geometry":{"type":"Polygon","coordinates":[[[126.89792,37.35278],[126.8974,37.35711],[126.89321,37.35906],[126.88954,37.35668],[126.89006,37.35234],[126.89425,37.35039],[126.89792,37.35278]]]}},{"type":"Feature","properties":{"h3":"8830e03569fffff","emd_code":"4127161000","emd_name":"안산동","area_km2":0.5055,"edge":false,"slope_mean":16.06,"elev_mean":119.7,"flood_hist_n":0,"flood_depth_max_m":null,"flood_risk_100y":null,"semi_basement_r":null,"elderly_alone_r":0.1789,"bldg_age30_r":null,"shelter_min_walk":11,"pop":7951,"hh":3974,"elderly65_r":0.2866,"single_hh_r":0.4399,"source_level":"emd","flood_years":[],"landslide_hist_n":0},"geometry":{"type":"Polygon","coordinates":[[[126.8885,37.36535],[126.88798,37.36969],[126.88379,37.37164],[126.88012,37.36925],[126.88064,37.36492],[126.88483,37.36297],[126.8885,37.36535]]]}},{"type":"Feature","properties":{"h3":"8830e0356bfffff","emd_code":"4127161000","emd_name":"안산동","area_km2":0.5056,"edge":false,"slope_mean":25.12,"elev_mean":265.9,"flood_hist_n":0,"flood_depth_max_m":null,"flood_risk_100y":null,"semi_basement_r":null,"elderly_alone_r":0.1789,"bldg_age30_r":null,"shelter_min_walk":18,"pop":7951,"hh":3974,"elderly65_r":0.2866,"single_hh_r":0.4399,"source_level":"emd","flood_years":[],"landslide_hist_n":0},"geometry":{"type":"Polygon","coordinates":[[[126.89636,37.36579],[126.89584,37.37012],[126.89165,37.37207],[126.88798,37.36969],[126.8885,37.36535],[126.89269,37.3634],[126.89636,37.36579]]]}},{"type":"Feature","properties":{"h3":"8830e0356dfffff","emd_code":"4127161000","emd_name":"안산동","area_km2":0.5055,"edge":false,"slope_mean":13.58,"elev_mean":95.1,"flood_hist_n":0,"flood_depth_max_m":null,"flood_risk_100y":null,"semi_basement_r":null,"elderly_alone_r":0.1789,"bldg_age30_r":null,"shelter_min_walk":1,"pop":7951,"hh":3974,"elderly65_r":0.2866,"single_hh_r":0.4399,"source_level":"emd","flood_years":[],"landslide_hist_n":0},"geometry":{"type":"Polygon","coordinates":[[[126.88535,37.35863],[126.88483,37.36297],[126.88064,37.36492],[126.87698,37.36253],[126.8775,37.35819],[126.88168,37.35624],[126.88535,37.35863]]]}},{"type":"Feature","properties":{"h3":"8830e03a91fffff","emd_code":"4127153200","emd_name":"사이동","area_km2":0.5045,"edge":true,"slope_mean":1.26,"elev_mean":3.5,"flood_hist_n":0,"flood_depth_max_m":null,"flood_risk_100y":null,"semi_basement_r":null,"elderly_alone_r":0.0957,"bldg_age30_r":null,"shelter_min_walk":6,"pop":29521,"hh":12903,"elderly65_r":0.1684,"single_hh_r":0.3523,"source_level":"emd","flood_years":[],"landslide_hist_n":0},"geometry":{"type":"Polygon","coordinates":[[[126.83194,37.27713],[126.83141,37.28147],[126.82723,37.28342],[126.82357,37.28103],[126.8241,37.2767],[126.82828,37.27475],[126.83194,37.27713]]]}},{"type":"Feature","properties":{"h3":"8830e03a93fffff","emd_code":"4127153200","emd_name":"사이동","area_km2":0.5046,"edge":false,"slope_mean":3.79,"elev_mean":8.3,"flood_hist_n":0,"flood_depth_max_m":null,"flood_risk_100y":null,"semi_basement_r":null,"elderly_alone_r":0.0957,"bldg_age30_r":null,"shelter_min_walk":4,"pop":29521,"hh":12903,"elderly65_r":0.1684,"single_hh_r":0.3523,"source_level":"emd","flood_years":[],"landslide_hist_n":0},"geometry":{"type":"Polygon","coordinates":[[[126.83978,37.27757],[126.83926,37.2819],[126.83507,37.28385],[126.83141,37.28147],[126.83194,37.27713],[126.83612,37.27518],[126.83978,37.27757]]]}},{"type":"Feature","properties":{"h3":"8830e03a99fffff","emd_code":"4127153200","emd_name":"사이동","area_km2":0.5044,"edge":true,"slope_mean":1.19,"elev_mean":2.8,"flood_hist_n":0,"flood_depth_max_m":null,"flood_risk_100y":null,"semi_basement_r":null,"elderly_alone_r":0.0957,"bldg_age30_r":null,"shelter_min_walk":3,"pop":29521,"hh":12903,"elderly65_r":0.1684,"single_hh_r":0.3523,"source_level":"emd","flood_years":[],"landslide_hist_n":0},"geometry":{"type":"Polygon","coordinates":[[[126.82723,37.28342],[126.82671,37.28775],[126.82253,37.2897],[126.81887,37.28732],[126.81939,37.28298],[126.82357,37.28103],[126.82723,37.28342]]]}},{"type":"Feature","properties":{"h3":"8830e03a9bfffff","emd_code":"4127153200","emd_name":"사이동","area_km2":0.5046,"edge":false,"slope_mean":6.02,"elev_mean":15.1,"flood_hist_n":0,"flood_depth_max_m":null,"flood_risk_100y":null,"semi_basement_r":null,"elderly_alone_r":0.0957,"bldg_age30_r":null,"shelter_min_walk":3,"pop":29521,"hh":12903,"elderly65_r":0.1684,"single_hh_r":0.3523,"source_level":"emd","flood_years":[],"landslide_hist_n":0},"geometry":{"type":"Polygon","coordinates":[[[126.83507,37.28385],[126.83455,37.28818],[126.83037,37.29013],[126.82671,37.28775],[126.82723,37.28342],[126.83141,37.28147],[126.83507,37.28385]]]}},{"type":"Feature","properties":{"h3":"8830e03ad3fffff","emd_code":"4127153700","emd_name":"해양동","area_km2":0.5044,"edge":true,"slope_mean":2.49,"elev_mean":4.1,"flood_hist_n":0,"flood_depth_max_m":null,"flood_risk_100y":null,"semi_basement_r":null,"elderly_alone_r":0.0319,"bldg_age30_r":null,"shelter_min_walk":4,"pop":39141,"hh":15088,"elderly65_r":0.1074,"single_hh_r":0.2831,"source_level":"emd","flood_years":[],"landslide_hist_n":0},"geometry":{"type":"Polygon","coordinates":[[[126.82253,37.2897],[126.82201,37.29403],[126.81783,37.29598],[126.81417,37.2936],[126.81469,37.28927],[126.81887,37.28732],[126.82253,37.2897]]]}},{"type":"Feature","properties":{"h3":"8830e03adbfffff","emd_code":"4127153700","emd_name":"해양동","area_km2":0.5043,"edge":true,"slope_mean":3.58,"elev_mean":5.0,"flood_hist_n":0,"flood_depth_max_m":null,"flood_risk_100y":null,"semi_basement_r":null,"elderly_alone_r":0.0319,"bldg_age30_r":null,"shelter_min_walk":9,"pop":39141,"hh":15088,"elderly65_r":0.1074,"single_hh_r":0.2831,"source_level":"emd","flood_years":[],"landslide_hist_n":0},"geometry":{"type":"Polygon","coordinates":[[[126.81783,37.29598],[126.8173,37.30031],[126.81312,37.30226],[126.80946,37.29988],[126.80999,37.29555],[126.81417,37.2936],[126.81783,37.29598]]]}}]}