{"type":"FeatureCollection","name":"grid_41273_h3r8","meta":{"sgg_code":"41273","h3_res":8,"n_cells":308,"dem":"Copernicus GLO-30 (bbox-mean)","crs":"EPSG:4326","jumin_basis":"2026-07","flood_src":"행안부 침수흔적도(전국, 재난안전데이터공유플랫폼)","landslide_src":"행안부 산사태 발생이력"},"features":[{"type":"Feature","properties":{"h3":"8830e00011fffff","emd_code":"4127361000","emd_name":"대부동","area_km2":0.5006,"edge":true,"slope_mean":0.29,"elev_mean":0.2,"flood_hist_n":0,"flood_depth_max_m":null,"flood_risk_100y":null,"semi_basement_r":null,"elderly_alone_r":0.2432,"bldg_age30_r":null,"shelter_min_walk":59,"pop":9159,"hh":5604,"elderly65_r":0.4004,"single_hh_r":0.5782,"source_level":"emd","flood_years":[],"landslide_hist_n":0},"geometry":{"type":"Polygon","coordinates":[[[126.5583,37.26173],[126.55777,37.26605],[126.5536,37.26799],[126.54997,37.2656],[126.55051,37.26128],[126.55467,37.25935],[126.5583,37.26173]]]}},{"type":"Feature","properties":{"h3":"8830e00013fffff","emd_code":"4127361000","emd_name":"대부동","area_km2":0.5007,"edge":false,"slope_mean":7.32,"elev_mean":13.0,"flood_hist_n":0,"flood_depth_max_m":null,"flood_risk_100y":null,"semi_basement_r":null,"elderly_alone_r":0.2432,"bldg_age30_r":null,"shelter_min_walk":58,"pop":9159,"hh":5604,"elderly65_r":0.4004,"single_hh_r":0.5782,"source_level":"emd","flood_years":[],"landslide_hist_n":0},"geometry":{"type":"Polygon","coordinates":[[[126.5661,37.26218],[126.56556,37.2665],[126.5614,37.26844],[126.55777,37.26605],[126.5583,37.26173],[126.56247,37.25979],[126.5661,37.26218]]]}},{"type":"Feature","properties":{"h3":"8830e00017fffff","emd_code":"4127361000","emd_name":"대부동","area_km2":0.5007,"edge":true,"slope_mean":3.43,"elev_mean":4.9,"flood_hist_n":0,"flood_depth_max_m":null,"flood_risk_100y":null,"semi_basement_r":null,"elderly_alone_r":0.2432,"bldg_age30_r":null,"shelter_min_walk":48,"pop":9159,"hh":5604,"elderly65_r":0.4004,"single_hh_r":0.5782,"source_level":"emd","flood_years":[],"landslide_hist_n":0},"geometry":{"type":"Polygon","coordinates":[[[126.56301,37.25547],[126.56247,37.25979],[126.5583,37.26173],[126.55467,37.25935],[126.55521,37.25503],[126.55938,37.25309],[126.56301,37.25547]]]}},{"type":"Feature","properties":{"h3":"8830e00019fffff","emd_code":"4127361000","emd_name":"대부동","area_km2":0.5006,"edge":true,"slope_mean":1.57,"elev_mean":2.4,"flood_hist_n":0,"flood_depth_max_m":null,"flood_risk_100y":null,"semi_basement_r":null,"elderly_alone_r":0.2432,"bldg_age30_r":null,"shelter_min_walk":71,"pop":9159,"hh":5604,"elderly65_r":0.4004,"single_hh_r":0.5782,"source_level":"emd","flood_years":[],"landslide_hist_n":0},"geometry":{"type":"Polygon","coordinates":[[[126.5536,37.26799],[126.55306,37.27231],[126.54889,37.27424],[126.54527,37.27186],[126.5458,37.26754],[126.54997,37.2656],[126.5536,37.26799]]]}},{"type":"Feature","properties":{"h3":"8830e0001bfffff","emd_code":"4127361000","emd_name":"대부동","area_km2":0.5007,"edge":false,"slope_mean":7.08,"elev_mean":11.9,"flood_hist_n":0,"flood_depth_max_m":null,"flood_risk_100y":null,"semi_basement_r":null,"elderly_alone_r":0.2432,"bldg_age30_r":null,"shelter_min_walk":69,"pop":9159,"hh":5604,"elderly65_r":0.4004,"single_hh_r":0.5782,"source_level":"emd","flood_years":[],"landslide_hist_n":0},"geometry":{"type":"Polygon","coordinates":[[[126.5614,37.26844],[126.56086,37.27276],[126.55669,37.27469],[126.55306,37.27231],[126.5536,37.26799],[126.55777,37.26605],[126.5614,37.26844]]]}},{"type":"Feature","properties":{"h3":"8830e00033fffff","emd_code":"4127361000","emd_name":"대부동","area_km2":0.5007,"edge":true,"slope_mean":5.04,"elev_mean":8.1,"flood_hist_n":0,"flood_depth_max_m":null,"flood_risk_100y":null,"semi_basement_r":null,"elderly_alone_r":0.2432,"bldg_age30_r":null,"shelter_min_walk":27,"pop":9159,"hh":5604,"elderly65_r":0.4004,"single_hh_r":0.5782,"source_level":"emd","flood_years":[],"landslide_hist_n":0},"geometry":{"type":"Polygon","coordinates":[[[126.55628,37.24638],[126.55546,37.2427],[126.55962,37.24076],[126.56462,37.24251],[126.56408,37.24683],[126.55991,37.24877],[126.55628,37.24638]]]}},{"type":"Feature","properties":{"h3":"8830e00037fffff","emd_code":"4127361000","emd_name":"대부동","area_km2":0.5007,"edge":true,"slope_mean":0.36,"elev_mean":0.3,"flood_hist_n":0,"flood_depth_max_m":null,"flood_risk_100y":null,"semi_basement_r":null,"elderly_alone_r":0.2432,"bldg_age30_r":null,"shelter_min_walk":22,"pop":9159,"hh":5604,"elderly65_r":0.4004,"single_hh_r":0.5782,"source_level":"emd","flood_years":[],"landslide_hist_n":0},"geometry":{"type":"Polygon","coordinates":[[[126.55047,37.24095],[126.54964,37.23726],[126.55381,37.23532],[126.5588,37.23707],[126.55962,37.24076],[126.55546,37.2427],[126.55047,37.24095]]]}},{"type":"Feature","properties":{"h3":"8830e0005bfffff","emd_code":"4127361000","emd_name":"대부동","area_km2":0.5005,"edge":false,"slope_mean":6.05,"elev_mean":9.0,"flood_hist_n":0,"flood_depth_max_m":null,"flood_risk_100y":null,"semi_basement_r":null,"elderly_alone_r":0.2432,"bldg_age30_r":null,"shelter_min_walk":95,"pop":9159,"hh":5604,"elderly65_r":0.4004,"single_hh_r":0.5782,"source_level":"emd","flood_years":[],"landslide_hist_n":0},"geometry":{"type":"Polygon","coordinates":[[[126.54419,37.2805],[126.54365,37.28482],[126.53948,37.28676],[126.53586,37.28437],[126.53639,37.28005],[126.54056,37.27811],[126.54419,37.2805]]]}},{"type":"Feature","properties":{"h3":"8830e00081fffff","emd_code":"4127361000","emd_name":"대부동","area_km2":0.5011,"edge":false,"slope_mean":10.65,"elev_mean":38.7,"flood_hist_n":0,"flood_depth_max_m":null,"flood_risk_100y":null,"semi_basement_r":null,"elderly_alone_r":0.2432,"bldg_age30_r":null,"shelter_min_walk":60,"pop":9159,"hh":5604,"elderly65_r":0.4004,"single_hh_r":0.5782,"source_level":"emd","flood_years":[],"landslide_hist_n":0},"geometry":{"type":"Polygon","coordinates":[[[126.5942,37.25726],[126.59367,37.26158],[126.5895,37.26352],[126.58587,37.26113],[126.5864,37.25681],[126.59057,37.25487],[126.5942,37.25726]]]}},{"type":"Feature","properties":{"h3":"8830e00083fffff","emd_code":"4127361000","emd_name":"대부동","area_km2":0.5012,"edge":false,"slope_mean":7.67,"elev_mean":21.4,"flood_hist_n":0,"flood_depth_max_m":null,"flood_risk_100y":null,"semi_basement_r":null,"elderly_alone_r":0.2432,"bldg_age30_r":null,"shelter_min_walk":66,"pop":9159,"hh":5604,"elderly65_r":0.4004,"single_hh_r":0.5782,"source_level":"emd","flood_years":[],"landslide_hist_n":0},"geometry":{"type":"Polygon","coordinates":[[[126.602,37.2577],[126.60147,37.26203],[126.5973,37.26396],[126.59367,37.26158],[126.5942,37.25726],[126.59837,37.25532],[126.602,37.2577]]]}},{"type":"Feature","properties":{"h3":"8830e00085fffff","emd_code":"4127361000","emd_name":"대부동","area_km2":0.5011,"edge":false,"slope_mean":12.45,"elev_mean":56.8,"flood_hist_n":0,"flood_depth_max_m":null,"flood_risk_100y":null,"semi_basement_r":null,"elderly_alone_r":0.2432,"bldg_age30_r":null,"shelter_min_walk":48,"pop":9159,"hh":5604,"elderly65_r":0.4004,"single_hh_r":0.5782,"source_level":"emd","flood_years":[],"landslide_hist_n":0},"geometry":{"type":"Polygon","coordinates":[[[126.5911,37.25055],[126.59057,37.25487],[126.5864,37.25681],[126.58277,37.25443],[126.5833,37.25011],[126.58747,37.24817],[126.5911,37.25055]]]}},{"type":"Feature","properties":{"h3":"8830e00087fffff","emd_code":"4127361000","emd_name":"대부동","area_km2":0.5012,"edge":false,"slope_mean":14.07,"elev_mean":59.7,"flood_hist_n":0,"flood_depth_max_m":null,"flood_risk_100y":null,"semi_basement_r":null,"elderly_alone_r":0.2432,"bldg_age30_r":null,"shelter_min_walk":55,"pop":9159,"hh":5604,"elderly65_r":0.4004,"single_hh_r":0.5782,"source_level":"emd","flood_years":[],"landslide_hist_n":0},"geometry":{"type":"Polygon","coordinates":[[[126.5989,37.251],[126.59837,37.25532],[126.5942,37.25726],[126.59057,37.25487],[126.5911,37.25055],[126.59527,37.24861],[126.5989,37.251]]]}},{"type":"Feature","properties":{"h3":"8830e00089fffff","emd_code":"4127361000","emd_name":"대부동","area_km2":0.5011,"edge":false,"slope_mean":6.81,"elev_mean":23.1,"flood_hist_n":0,"flood_depth_max_m":null,"flood_risk_100y":null,"semi_basement_r":null,"elderly_alone_r":0.2432,"bldg_age30_r":null,"shelter_min_walk":66,"pop":9159,"hh":5604,"elderly65_r":0.4004,"single_hh_r":0.5782,"source_level":"emd","flood_years":[],"landslide_hist_n":0},"geometry":{"type":"Polygon","coordinates":[[[126.5895,37.26352],[126.58896,37.26784],[126.58479,37.26978],[126.58116,37.26739],[126.5817,37.26307],[126.58587,37.26113],[126.5895,37.26352]]]}},{"type":"Feature","properties":{"h3":"8830e0008bfffff","emd_code":"4127361000","emd_name":"대부동","area_km2":0.5012,"edge":true,"slope_mean":1.45,"elev_mean":3.2,"flood_hist_n":0,"flood_depth_max_m":null,"flood_risk_100y":null,"semi_basement_r":null,"elderly_alone_r":0.2432,"bldg_age30_r":null,"shelter_min_walk":71,"pop":9159,"hh":5604,"elderly65_r":0.4004,"single_hh_r":0.5782,"source_level":"emd","flood_years":[],"landslide_hist_n":0},"geometry":{"type":"Polygon","coordinates":[[[126.5973,37.26396],[126.59677,37.26829],[126.5926,37.27023],[126.58896,37.26784],[126.5895,37.26352],[126.59367,37.26158],[126.5973,37.26396]]]}},{"type":"Feature","properties":{"h3":"8830e0008dfffff","emd_code":"4127361000","emd_name":"대부동","area_km2":0.501,"edge":false,"slope_mean":11.78,"elev_mean":42.4,"flood_hist_n":0,"flood_depth_max_m":null,"flood_risk_100y":null,"semi_basement_r":null,"elderly_alone_r":0.2432,"bldg_age30_r":null,"shelter_min_walk":54,"pop":9159,"hh":5604,"elderly65_r":0.4004,"single_hh_r":0.5782,"source_level":"emd","flood_years":[],"landslide_hist_n":0},"geometry":{"type":"Polygon","coordinates":[[[126.5864,37.25681],[126.58587,37.26113],[126.5817,37.26307],[126.57807,37.26069],[126.5786,37.25637],[126.58277,37.25443],[126.5864,37.25681]]]}},{"type":"Feature","properties":{"h3":"8830e00091fffff","emd_code":"4127361000","emd_name":"대부동","area_km2":0.5014,"edge":true,"slope_mean":0.66,"elev_mean":0.8,"flood_hist_n":0,"flood_depth_max_m":null,"flood_risk_100y":null,"semi_basement_r":null,"elderly_alone_r":0.2432,"bldg_age30_r":null,"shelter_min_walk":85,"pop":9159,"hh":5604,"elderly65_r":0.4004,"single_hh_r":0.5782,"source_level":"emd","flood_years":[],"landslide_hist_n":0},"geometry":{"type":"Polygon","coordinates":[[[126.61291,37.26486],[126.61237,37.26918],[126.6082,37.27112],[126.60457,37.26873],[126.6051,37.26441],[126.60927,37.26247],[126.61291,37.26486]]]}},{"type":"Feature","properties":{"h3":"8830e00095fffff","emd_code":"4127361000","emd_name":"대부동","area_km2":0.5013,"edge":false,"slope_mean":7.89,"elev_mean":17.8,"flood_hist_n":0,"flood_depth_max_m":null,"flood_risk_100y":null,"semi_basement_r":null,"elderly_alone_r":0.2432,"bldg_age30_r":null,"shelter_min_walk":74,"pop":9159,"hh":5604,"elderly65_r":0.4004,"single_hh_r":0.5782,"source_level":"emd","flood_years":[],"landslide_hist_n":0},"geometry":{"type":"Polygon","coordinates":[[[126.60981,37.25815],[126.60927,37.26247],[126.6051,37.26441],[126.60147,37.26203],[126.602,37.2577],[126.60617,37.25576],[126.60981,37.25815]]]}},{"type":"Feature","properties":{"h3":"8830e00097fffff","emd_code":"4127361000","emd_name":"대부동","area_km2":0.5015,"edge":true,"slope_mean":4.29,"elev_mean":8.5,"flood_hist_n":0,"flood_depth_max_m":null,"flood_risk_100y":null,"semi_basement_r":null,"elderly_alone_r":0.2432,"bldg_age30_r":null,"shelter_min_walk":82,"pop":9159,"hh":5604,"elderly65_r":0.4004,"single_hh_r":0.5782,"source_level":"emd","flood_years":[],"landslide_hist_n":0},"geometry":{"type":"Polygon","coordinates":[[[126.61761,37.25859],[126.61708,37.26292],[126.61291,37.26486],[126.60927,37.26247],[126.60981,37.25815],[126.61398,37.25621],[126.61761,37.25859]]]}},{"type":"Feature","properties":{"h3":"8830e0009dfffff","emd_code":"4127361000","emd_name":"대부동","area_km2":0.5013,"edge":true,"slope_mean":0.92,"elev_mean":1.2,"flood_hist_n":0,"flood_depth_max_m":null,"flood_risk_100y":null,"semi_basement_r":null,"elderly_alone_r":0.2432,"bldg_age30_r":null,"shelter_min_walk":78,"pop":9159,"hh":5604,"elderly65_r":0.4004,"single_hh_r":0.5782,"source_level":"emd","flood_years":[],"landslide_hist_n":0},"geometry":{"type":"Polygon","coordinates":[[[126.6051,37.26441],[126.60457,37.26873],[126.6004,37.27067],[126.59677,37.26829],[126.5973,37.26396],[126.60147,37.26203],[126.6051,37.26441]]]}},{"type":"Feature","properties":{"h3":"8830e000a1fffff","emd_code":"4127361000","emd_name":"대부동","area_km2":0.501,"edge":false,"slope_mean":3.78,"elev_mean":9.4,"flood_hist_n":0,"flood_depth_max_m":null,"flood_risk_100y":null,"semi_basement_r":null,"elderly_alone_r":0.2432,"bldg_age30_r":null,"shelter_min_walk":35,"pop":9159,"hh":5604,"elderly65_r":0.4004,"single_hh_r":0.5782,"source_level":"emd","flood_years":[],"landslide_hist_n":0},"geometry":{"type":"Polygon","coordinates":[[[126.59271,37.23759],[126.59217,37.24191],[126.58801,37.24385],[126.58438,37.24146],[126.58491,37.23714],[126.58908,37.2352],[126.59271,37.23759]]]}},{"type":"Feature","properties":{"h3":"8830e000a3fffff","emd_code":"4127361000","emd_name":"대부동","area_km2":0.5012,"edge":false,"slope_mean":5.21,"elev_mean":12.0,"flood_hist_n":0,"flood_depth_max_m":null,"flood_risk_100y":null,"semi_basement_r":null,"elderly_alone_r":0.2432,"bldg_age30_r":null,"shelter_min_walk":45,"pop":9159,"hh":5604,"elderly65_r":0.4004,"single_hh_r":0.5782,"source_level":"emd","flood_years":[],"landslide_hist_n":0},"geometry":{"type":"Polygon","coordinates":[[[126.60051,37.23803],[126.59997,37.24235],[126.59581,37.24429],[126.59217,37.24191],[126.59271,37.23759],[126.59688,37.23565],[126.60051,37.23803]]]}},{"type":"Feature","properties":{"h3":"8830e000a5fffff","emd_code":"4127361000","emd_name":"대부동","area_km2":0.501,"edge":false,"slope_mean":4.97,"elev_mean":9.2,"flood_hist_n":0,"flood_depth_max_m":null,"flood_risk_100y":null,"semi_basement_r":null,"elderly_alone_r":0.2432,"bldg_age30_r":null,"shelter_min_walk":27,"pop":9159,"hh":5604,"elderly65_r":0.4004,"single_hh_r":0.5782,"source_level":"emd","flood_years":[],"landslide_hist_n":0},"geometry":{"type":"Polygon","coordinates":[[[126.58128,37.23476],[126.58045,37.23107],[126.58462,37.22913],[126.58961,37.23088],[126.58908,37.2352],[126.58491,37.23714],[126.58128,37.23476]]]}},{"type":"Feature","properties":{"h3":"8830e000a7fffff","emd_code":"4127361000","emd_name":"대부동","area_km2":0.5011,"edge":false,"slope_mean":2.8,"elev_mean":5.4,"flood_hist_n":0,"flood_depth_max_m":null,"flood_risk_100y":null,"semi_basement_r":null,"elderly_alone_r":0.2432,"bldg_age30_r":null,"shelter_min_walk":37,"pop":9159,"hh":5604,"elderly65_r":0.4004,"single_hh_r":0.5782,"source_level":"emd","flood_years":[],"landslide_hist_n":0},"geometry":{"type":"Polygon","coordinates":[[[126.59741,37.23132],[126.59688,37.23565],[126.59271,37.23759],[126.58908,37.2352],[126.58961,37.23088],[126.59378,37.22894],[126.59741,37.23132]]]}},{"type":"Feature","properties":{"h3":"8830e000a9fffff","emd_code":"4127361000","emd_name":"대부동","area_km2":0.501,"edge":false,"slope_mean":10.45,"elev_mean":33.6,"flood_hist_n":0,"flood_depth_max_m":null,"flood_risk_100y":null,"semi_basement_r":null,"elderly_alone_r":0.2432,"bldg_age30_r":null,"shelter_min_walk":37,"pop":9159,"hh":5604,"elderly65_r":0.4004,"single_hh_r":0.5782,"source_level":"emd","flood_years":[],"landslide_hist_n":0},"geometry":{"type":"Polygon","coordinates":[[[126.58801,37.24385],[126.58747,37.24817],[126.5833,37.25011],[126.57967,37.24772],[126.58021,37.2434],[126.58438,37.24146],[126.58801,37.24385]]]}},{"type":"Feature","properties":{"h3":"8830e000abfffff","emd_code":"4127361000","emd_name":"대부동","area_km2":0.5011,"edge":false,"slope_mean":8.4,"elev_mean":24.9,"flood_hist_n":0,"flood_depth_max_m":null,"flood_risk_100y":null,"semi_basement_r":null,"elderly_alone_r":0.2432,"bldg_age30_r":null,"shelter_min_walk":45,"pop":9159,"hh":5604,"elderly65_r":0.4004,"single_hh_r":0.5782,"source_level":"emd","flood_years":[],"landslide_hist_n":0},"geometry":{"type":"Polygon","coordinates":[[[126.59581,37.24429],[126.59527,37.24861],[126.5911,37.25055],[126.58747,37.24817],[126.58801,37.24385],[126.59217,37.24191],[126.59581,37.24429]]]}},{"type":"Feature","properties":{"h3":"8830e000adfffff","emd_code":"4127361000","emd_name":"대부동","area_km2":0.5009,"edge":false,"slope_mean":5.96,"elev_mean":13.7,"flood_hist_n":0,"flood_depth_max_m":null,"flood_risk_100y":null,"semi_basement_r":null,"elderly_alone_r":0.2432,"bldg_age30_r":null,"shelter_min_walk":26,"pop":9159,"hh":5604,"elderly65_r":0.4004,"single_hh_r":0.5782,"source_level":"emd","flood_years":[],"landslide_hist_n":0},"geometry":{"type":"Polygon","coordinates":[[[126.58491,37.23714],[126.58438,37.24146],[126.58021,37.2434],[126.57658,37.24102],[126.57711,37.2367],[126.58128,37.23476],[126.58491,37.23714]]]}},{"type":"Feature","properties":{"h3":"8830e000b1fffff","emd_code":"4127361000","emd_name":"대부동","area_km2":0.5013,"edge":false,"slope_mean":13.19,"elev_mean":51.1,"flood_hist_n":0,"flood_depth_max_m":null,"flood_risk_100y":null,"semi_basement_r":null,"elderly_alone_r":0.2432,"bldg_age30_r":null,"shelter_min_walk":63,"pop":9159,"hh":5604,"elderly65_r":0.4004,"single_hh_r":0.5782,"source_level":"emd","flood_years":[],"landslide_hist_n":0},"geometry":{"type":"Polygon","coordinates":[[[126.61141,37.24518],[126.61087,37.2495],[126.60671,37.25144],[126.60307,37.24906],[126.60361,37.24474],[126.60777,37.2428],[126.61141,37.24518]]]}},{"type":"Feature","properties":{"h3":"8830e000b3fffff","emd_code":"4127361000","emd_name":"대부동","area_km2":0.5014,"edge":false,"slope_mean":4.87,"elev_mean":13.2,"flood_hist_n":0,"flood_depth_max_m":null,"flood_risk_100y":null,"semi_basement_r":null,"elderly_alone_r":0.2432,"bldg_age30_r":null,"shelter_min_walk":72,"pop":9159,"hh":5604,"elderly65_r":0.4004,"single_hh_r":0.5782,"source_level":"emd","flood_years":[],"landslide_hist_n":0},"geometry":{"type":"Polygon","coordinates":[[[126.61921,37.24562],[126.61868,37.24995],[126.61451,37.25189],[126.61087,37.2495],[126.61141,37.24518],[126.61558,37.24324],[126.61921,37.24562]]]}},{"type":"Feature","properties":{"h3":"8830e000b5fffff","emd_code":"4127361000","emd_name":"대부동","area_km2":0.5013,"edge":false,"slope_mean":11.83,"elev_mean":36.9,"flood_hist_n":0,"flood_depth_max_m":null,"flood_risk_100y":null,"semi_basement_r":null,"elderly_alone_r":0.2432,"bldg_age30_r":null,"shelter_min_walk":54,"pop":9159,"hh":5604,"elderly65_r":0.4004,"single_hh_r":0.5782,"source_level":"emd","flood_years":[],"landslide_hist_n":0},"geometry":{"type":"Polygon","coordinates":[[[126.60831,37.23847],[126.60777,37.2428],[126.60361,37.24474],[126.59997,37.24235],[126.60051,37.23803],[126.60468,37.23609],[126.60831,37.23847]]]}},{"type":"Feature","properties":{"h3":"8830e000b7fffff","emd_code":"4127361000","emd_name":"대부동","area_km2":0.5014,"edge":false,"slope_mean":11.67,"elev_mean":41.7,"flood_hist_n":0,"flood_depth_max_m":null,"flood_risk_100y":null,"semi_basement_r":null,"elderly_alone_r":0.2432,"bldg_age30_r":null,"shelter_min_walk":64,"pop":9159,"hh":5604,"elderly65_r":0.4004,"single_hh_r":0.5782,"source_level":"emd","flood_years":[],"landslide_hist_n":0},"geometry":{"type":"Polygon","coordinates":[[[126.61611,37.23892],[126.61558,37.24324],[126.61141,37.24518],[126.60777,37.2428],[126.60831,37.23847],[126.61248,37.23653],[126.61611,37.23892]]]}},{"type":"Feature","properties":{"h3":"8830e000b9fffff","emd_code":"4127361000","emd_name":"대부동","area_km2":0.5013,"edge":false,"slope_mean":8.11,"elev_mean":25.0,"flood_hist_n":0,"flood_depth_max_m":null,"flood_risk_100y":null,"semi_basement_r":null,"elderly_alone_r":0.2432,"bldg_age30_r":null,"shelter_min_walk":63,"pop":9159,"hh":5604,"elderly65_r":0.4004,"single_hh_r":0.5782,"source_level":"emd","flood_years":[],"landslide_hist_n":0},"geometry":{"type":"Polygon","coordinates":[[[126.60671,37.25144],[126.60617,37.25576],[126.602,37.2577],[126.59837,37.25532],[126.5989,37.251],[126.60307,37.24906],[126.60671,37.25144]]]}},{"type":"Feature","properties":{"h3":"8830e000bbfffff","emd_code":"4127361000","emd_name":"대부동","area_km2":0.5014,"edge":false,"slope_mean":8.8,"elev_mean":20.0,"flood_hist_n":0,"flood_depth_max_m":null,"flood_risk_100y":null,"semi_basement_r":null,"elderly_alone_r":0.2432,"bldg_age30_r":null,"shelter_min_walk":72,"pop":9159,"hh":5604,"elderly65_r":0.4004,"single_hh_r":0.5782,"source_level":"emd","flood_years":[],"landslide_hist_n":0},"geometry":{"type":"Polygon","coordinates":[[[126.61451,37.25189],[126.61398,37.25621],[126.60981,37.25815],[126.60617,37.25576],[126.60671,37.25144],[126.61087,37.2495],[126.61451,37.25189]]]}},{"type":"Feature","properties":{"h3":"8830e000bdfffff","emd_code":"4127361000","emd_name":"대부동","area_km2":0.5012,"edge":false,"slope_mean":13.16,"elev_mean":43.2,"flood_hist_n":0,"flood_depth_max_m":null,"flood_risk_100y":null,"semi_basement_r":null,"elderly_alone_r":0.2432,"bldg_age30_r":null,"shelter_min_walk":54,"pop":9159,"hh":5604,"elderly65_r":0.4004,"single_hh_r":0.5782,"source_level":"emd","flood_years":[],"landslide_hist_n":0},"geometry":{"type":"Polygon","coordinates":[[[126.60361,37.24474],[126.60307,37.24906],[126.5989,37.251],[126.59527,37.24861],[126.59581,37.24429],[126.59997,37.24235],[126.60361,37.24474]]]}},{"type":"Feature","properties":{"h3":"8830e000c1fffff","emd_code":"4127361000","emd_name":"대부동","area_km2":0.5009,"edge":false,"slope_mean":2.86,"elev_mean":7.1,"flood_hist_n":0,"flood_depth_max_m":null,"flood_risk_100y":null,"semi_basement_r":null,"elderly_alone_r":0.2432,"bldg_age30_r":null,"shelter_min_walk":71,"pop":9159,"hh":5604,"elderly65_r":0.4004,"single_hh_r":0.5782,"source_level":"emd","flood_years":[],"landslide_hist_n":0},"geometry":{"type":"Polygon","coordinates":[[[126.57699,37.26933],[126.57646,37.27365],[126.57229,37.27559],[126.56866,37.27321],[126.56919,37.26888],[126.57336,37.26695],[126.57699,37.26933]]]}},{"type":"Feature","properties":{"h3":"8830e000c3fffff","emd_code":"4127361000","emd_name":"대부동","area_km2":0.501,"edge":false,"slope_mean":4.89,"elev_mean":12.9,"flood_hist_n":0,"flood_depth_max_m":null,"flood_risk_100y":null,"semi_basement_r":null,"elderly_alone_r":0.2432,"bldg_age30_r":null,"shelter_min_walk":74,"pop":9159,"hh":5604,"elderly65_r":0.4004,"single_hh_r":0.5782,"source_level":"emd","flood_years":[],"landslide_hist_n":0},"geometry":{"type":"Polygon","coordinates":[[[126.58479,37.26978],[126.58426,37.2741],[126.58009,37.27604],[126.57646,37.27365],[126.57699,37.26933],[126.58116,37.26739],[126.58479,37.26978]]]}},{"type":"Feature","properties":{"h3":"8830e000c5fffff","emd_code":"4127361000","emd_name":"대부동","area_km2":0.5009,"edge":false,"slope_mean":5.77,"elev_mean":14.9,"flood_hist_n":0,"flood_depth_max_m":null,"flood_risk_100y":null,"semi_basement_r":null,"elderly_alone_r":0.2432,"bldg_age30_r":null,"shelter_min_walk":59,"pop":9159,"hh":5604,"elderly65_r":0.4004,"single_hh_r":0.5782,"source_level":"emd","flood_years":[],"landslide_hist_n":0},"geometry":{"type":"Polygon","coordinates":[[[126.5739,37.26263],[126.57336,37.26695],[126.56919,37.26888],[126.56556,37.2665],[126.5661,37.26218],[126.57027,37.26024],[126.5739,37.26263]]]}},{"type":"Feature","properties":{"h3":"8830e000c7fffff","emd_code":"4127361000","emd_name":"대부동","area_km2":0.501,"edge":false,"slope_mean":11.1,"elev_mean":36.6,"flood_hist_n":0,"flood_depth_max_m":null,"flood_risk_100y":null,"semi_basement_r":null,"elderly_alone_r":0.2432,"bldg_age30_r":null,"shelter_min_walk":62,"pop":9159,"hh":5604,"elderly65_r":0.4004,"single_hh_r":0.5782,"source_level":"emd","flood_years":[],"landslide_hist_n":0},"geometry":{"type":"Polygon","coordinates":[[[126.5817,37.26307],[126.58116,37.26739],[126.57699,37.26933],[126.57336,37.26695],[126.5739,37.26263],[126.57807,37.26069],[126.5817,37.26307]]]}},{"type":"Feature","properties":{"h3":"8830e000c9fffff","emd_code":"4127361000","emd_name":"대부동","area_km2":0.5009,"edge":false,"slope_mean":6.22,"elev_mean":12.3,"flood_hist_n":0,"flood_depth_max_m":null,"flood_risk_100y":null,"semi_basement_r":null,"elderly_alone_r":0.2432,"bldg_age30_r":null,"shelter_min_walk":81,"pop":9159,"hh":5604,"elderly65_r":0.4004,"single_hh_r":0.5782,"source_level":"emd","flood_years":[],"landslide_hist_n":0},"geometry":{"type":"Polygon","coordinates":[[[126.57229,37.27559],[126.57175,37.27991],[126.56758,37.28185],[126.56395,37.27946],[126.56449,37.27514],[126.56866,37.27321],[126.57229,37.27559]]]}},{"type":"Feature","properties":{"h3":"8830e000cbfffff","emd_code":"4127361000","emd_name":"대부동","area_km2":0.501,"edge":true,"slope_mean":0.86,"elev_mean":1.7,"flood_hist_n":0,"flood_depth_max_m":null,"flood_risk_100y":null,"semi_basement_r":null,"elderly_alone_r":0.2432,"bldg_age30_r":null,"shelter_min_walk":82,"pop":9159,"hh":5604,"elderly65_r":0.4004,"single_hh_r":0.5782,"source_level":"emd","flood_years":[],"landslide_hist_n":0},"geometry":{"type":"Polygon","coordinates":[[[126.58009,37.27604],[126.57955,37.28036],[126.57539,37.2823],[126.57175,37.27991],[126.57229,37.27559],[126.57646,37.27365],[126.58009,37.27604]]]}},{"type":"Feature","properties":{"h3":"8830e000cdfffff","emd_code":"4127361000","emd_name":"대부동","area_km2":0.5008,"edge":false,"slope_mean":5.63,"elev_mean":12.5,"flood_hist_n":0,"flood_depth_max_m":null,"flood_risk_100y":null,"semi_basement_r":null,"elderly_alone_r":0.2432,"bldg_age30_r":null,"shelter_min_walk":69,"pop":9159,"hh":5604,"elderly65_r":0.4004,"single_hh_r":0.5782,"source_level":"emd","flood_years":[],"landslide_hist_n":0},"geometry":{"type":"Polygon","coordinates":[[[126.56919,37.26888],[126.56866,37.27321],[126.56449,37.27514],[126.56086,37.27276],[126.5614,37.26844],[126.56556,37.2665],[126.56919,37.26888]]]}},{"type":"Feature","properties":{"h3":"8830e000d5fffff","emd_code":"4127361000","emd_name":"대부동","area_km2":0.5011,"edge":true,"slope_mean":1.02,"elev_mean":1.5,"flood_hist_n":0,"flood_depth_max_m":null,"flood_risk_100y":null,"semi_basement_r":null,"elderly_alone_r":0.2432,"bldg_age30_r":null,"shelter_min_walk":78,"pop":9159,"hh":5604,"elderly65_r":0.4004,"single_hh_r":0.5782,"source_level":"emd","flood_years":[],"landslide_hist_n":0},"geometry":{"type":"Polygon","coordinates":[[[126.5926,37.27023],[126.59206,37.27455],[126.58789,37.27649],[126.58426,37.2741],[126.58479,37.26978],[126.58896,37.26784],[126.5926,37.27023]]]}},{"type":"Feature","properties":{"h3":"8830e000e1fffff","emd_code":"4127361000","emd_name":"대부동","area_km2":0.5008,"edge":false,"slope_mean":12.0,"elev_mean":35.4,"flood_hist_n":0,"flood_depth_max_m":null,"flood_risk_100y":null,"semi_basement_r":null,"elderly_alone_r":0.2432,"bldg_age30_r":null,"shelter_min_walk":38,"pop":9159,"hh":5604,"elderly65_r":0.4004,"single_hh_r":0.5782,"source_level":"emd","flood_years":[],"landslide_hist_n":0},"geometry":{"type":"Polygon","coordinates":[[[126.57551,37.24966],[126.57497,37.25398],[126.5708,37.25592],[126.56717,37.25354],[126.56771,37.24922],[126.57188,37.24728],[126.57551,37.24966]]]}},{"type":"Feature","properties":{"h3":"8830e000e3fffff","emd_code":"4127361000","emd_name":"대부동","area_km2":0.5009,"edge":false,"slope_mean":11.27,"elev_mean":36.3,"flood_hist_n":0,"flood_depth_max_m":null,"flood_risk_100y":null,"semi_basement_r":null,"elderly_alone_r":0.2432,"bldg_age30_r":null,"shelter_min_walk":42,"pop":9159,"hh":5604,"elderly65_r":0.4004,"single_hh_r":0.5782,"source_level":"emd","flood_years":[],"landslide_hist_n":0},"geometry":{"type":"Polygon","coordinates":[[[126.5833,37.25011],[126.58277,37.25443],[126.5786,37.25637],[126.57497,37.25398],[126.57551,37.24966],[126.57967,37.24772],[126.5833,37.25011]]]}},{"type":"Feature","properties":{"h3":"8830e000e5fffff","emd_code":"4127361000","emd_name":"대부동","area_km2":0.5008,"edge":false,"slope_mean":13.62,"elev_mean":30.6,"flood_hist_n":0,"flood_depth_max_m":null,"flood_risk_100y":null,"semi_basement_r":null,"elderly_alone_r":0.2432,"bldg_age30_r":null,"shelter_min_walk":27,"pop":9159,"hh":5604,"elderly65_r":0.4004,"single_hh_r":0.5782,"source_level":"emd","flood_years":[],"landslide_hist_n":0},"geometry":{"type":"Polygon","coordinates":[[[126.57241,37.24296],[126.57188,37.24728],[126.56771,37.24922],[126.56408,37.24683],[126.56462,37.24251],[126.56878,37.24057],[126.57241,37.24296]]]}},{"type":"Feature","properties":{"h3":"8830e000e7fffff","emd_code":"4127361000","emd_name":"대부동","area_km2":0.5009,"edge":false,"slope_mean":7.03,"elev_mean":16.1,"flood_hist_n":0,"flood_depth_max_m":null,"flood_risk_100y":null,"semi_basement_r":null,"elderly_alone_r":0.2432,"bldg_age30_r":null,"shelter_min_walk":30,"pop":9159,"hh":5604,"elderly65_r":0.4004,"single_hh_r":0.5782,"source_level":"emd","flood_years":[],"landslide_hist_n":0},"geometry":{"type":"Polygon","coordinates":[[[126.58021,37.2434],[126.57967,37.24772],[126.57551,37.24966],[126.57188,37.24728],[126.57241,37.24296],[126.57658,37.24102],[126.58021,37.2434]]]}},{"type":"Feature","properties":{"h3":"8830e000e9fffff","emd_code":"4127361000","emd_name":"대부동","area_km2":0.5008,"edge":false,"slope_mean":7.28,"elev_mean":17.3,"flood_hist_n":0,"flood_depth_max_m":null,"flood_risk_100y":null,"semi_basement_r":null,"elderly_alone_r":0.2432,"bldg_age30_r":null,"shelter_min_walk":48,"pop":9159,"hh":5604,"elderly65_r":0.4004,"single_hh_r":0.5782,"source_level":"emd","flood_years":[],"landslide_hist_n":0},"geometry":{"type":"Polygon","coordinates":[[[126.5708,37.25592],[126.57027,37.26024],[126.5661,37.26218],[126.56247,37.25979],[126.56301,37.25547],[126.56717,37.25354],[126.5708,37.25592]]]}},{"type":"Feature","properties":{"h3":"8830e000ebfffff","emd_code":"4127361000","emd_name":"대부동","area_km2":0.5009,"edge":false,"slope_mean":12.07,"elev_mean":41.3,"flood_hist_n":0,"flood_depth_max_m":null,"flood_risk_100y":null,"semi_basement_r":null,"elderly_alone_r":0.2432,"bldg_age30_r":null,"shelter_min_walk":50,"pop":9159,"hh":5604,"elderly65_r":0.4004,"single_hh_r":0.5782,"source_level":"emd","flood_years":[],"landslide_hist_n":0},"geometry":{"type":"Polygon","coordinates":[[[126.5786,37.25637],[126.57807,37.26069],[126.5739,37.26263],[126.57027,37.26024],[126.5708,37.25592],[126.57497,37.25398],[126.5786,37.25637]]]}},{"type":"Feature","properties":{"h3":"8830e000edfffff","emd_code":"4127361000","emd_name":"대부동","area_km2":0.5007,"edge":false,"slope_mean":9.79,"elev_mean":20.2,"flood_hist_n":0,"flood_depth_max_m":null,"flood_risk_100y":null,"semi_basement_r":null,"elderly_alone_r":0.2432,"bldg_age30_r":null,"shelter_min_walk":37,"pop":9159,"hh":5604,"elderly65_r":0.4004,"single_hh_r":0.5782,"source_level":"emd","flood_years":[],"landslide_hist_n":0},"geometry":{"type":"Polygon","coordinates":[[[126.56771,37.24922],[126.56717,37.25354],[126.56301,37.25547],[126.55938,37.25309],[126.55991,37.24877],[126.56408,37.24683],[126.56771,37.24922]]]}},{"type":"Feature","properties":{"h3":"8830e00181fffff","emd_code":"4127361000","emd_name":"대부동","area_km2":0.5011,"edge":false,"slope_mean":6.52,"elev_mean":11.7,"flood_hist_n":0,"flood_depth_max_m":null,"flood_risk_100y":null,"semi_basement_r":null,"elderly_alone_r":0.2432,"bldg_age30_r":null,"shelter_min_walk":22,"pop":9159,"hh":5604,"elderly65_r":0.4004,"single_hh_r":0.5782,"source_level":"emd","flood_years":[],"landslide_hist_n":0},"geometry":{"type":"Polygon","coordinates":[[[126.55467,37.21863],[126.55385,37.21494],[126.55801,37.213],[126.563,37.21475],[126.56383,37.21844],[126.55966,37.22038],[126.55467,37.21863]]]}},{"type":"Feature","properties":{"h3":"8830e00183fffff","emd_code":"4127361000","emd_name":"대부동","area_km2":0.5012,"edge":false,"slope_mean":10.39,"elev_mean":21.6,"flood_hist_n":0,"flood_depth_max_m":null,"flood_risk_100y":null,"semi_basement_r":null,"elderly_alone_r":0.2432,"bldg_age30_r":null,"shelter_min_walk":21,"pop":9159,"hh":5604,"elderly65_r":0.4004,"single_hh_r":0.5782,"source_level":"emd","flood_years":[],"landslide_hist_n":0},"geometry":{"type":"Polygon","coordinates":[[[126.56383,37.21844],[126.563,37.21475],[126.56717,37.21281],[126.57216,37.21457],[126.57298,37.21825],[126.56882,37.22019],[126.56383,37.21844]]]}},{"type":"Feature","properties":{"h3":"8830e00185fffff","emd_code":"4127361000","emd_name":"대부동","area_km2":0.5012,"edge":false,"slope_mean":7.77,"elev_mean":13.7,"flood_hist_n":0,"flood_depth_max_m":null,"flood_risk_100y":null,"semi_basement_r":null,"elderly_alone_r":0.2432,"bldg_age30_r":null,"shelter_min_walk":34,"pop":9159,"hh":5604,"elderly65_r":0.4004,"single_hh_r":0.5782,"source_level":"emd","flood_years":[],"landslide_hist_n":0},"geometry":{"type":"Polygon","coordinates":[[[126.54885,37.21319],[126.54803,37.2095],[126.55219,37.20756],[126.55718,37.20931],[126.55801,37.213],[126.55385,37.21494],[126.54885,37.21319]]]}},{"type":"Feature","properties":{"h3":"8830e00187fffff","emd_code":"4127361000","emd_name":"대부동","area_km2":0.5012,"edge":false,"slope_mean":7.87,"elev_mean":16.4,"flood_hist_n":0,"flood_depth_max_m":null,"flood_risk_100y":null,"semi_basement_r":null,"elderly_alone_r":0.2432,"bldg_age30_r":null,"shelter_min_walk":30,"pop":9159,"hh":5604,"elderly65_r":0.4004,"single_hh_r":0.5782,"source_level":"emd","flood_years":[],"landslide_hist_n":0},"geometry":{"type":"Polygon","coordinates":[[[126.55801,37.213],[126.55718,37.20931],[126.56135,37.20737],[126.56634,37.20912],[126.56717,37.21281],[126.563,37.21475],[126.55801,37.213]]]}},{"type":"Feature","properties":{"h3":"8830e00189fffff","emd_code":"4127361000","emd_name":"대부동","area_km2":0.501,"edge":false,"slope_mean":3.39,"elev_mean":5.5,"flood_hist_n":0,"flood_depth_max_m":null,"flood_risk_100y":null,"semi_basement_r":null,"elderly_alone_r":0.2432,"bldg_age30_r":null,"shelter_min_walk":17,"pop":9159,"hh":5604,"elderly65_r":0.4004,"single_hh_r":0.5782,"source_level":"emd","flood_years":[],"landslide_hist_n":0},"geometry":{"type":"Polygon","coordinates":[[[126.55133,37.22426],[126.55051,37.22057],[126.55467,37.21863],[126.55966,37.22038],[126.56049,37.22407],[126.55632,37.22601],[126.55133,37.22426]]]}},{"type":"Feature","properties":{"h3":"8830e0018bfffff","emd_code":"4127361000","emd_name":"대부동","area_km2":0.5011,"edge":false,"slope_mean":8.67,"elev_mean":17.6,"flood_hist_n":0,"flood_depth_max_m":null,"flood_risk_100y":null,"semi_basement_r":null,"elderly_alone_r":0.2432,"bldg_age30_r":null,"shelter_min_walk":11,"pop":9159,"hh":5604,"elderly65_r":0.4004,"single_hh_r":0.5782,"source_level":"emd","flood_years":[],"landslide_hist_n":0},"geometry":{"type":"Polygon","coordinates":[[[126.56049,37.22407],[126.55966,37.22038],[126.56383,37.21844],[126.56882,37.22019],[126.56964,37.22388],[126.56548,37.22582],[126.56049,37.22407]]]}},{"type":"Feature","properties":{"h3":"8830e0018dfffff","emd_code":"4127361000","emd_name":"대부동","area_km2":0.5011,"edge":false,"slope_mean":3.82,"elev_mean":5.3,"flood_hist_n":0,"flood_depth_max_m":null,"flood_risk_100y":null,"semi_basement_r":null,"elderly_alone_r":0.2432,"bldg_age30_r":null,"shelter_min_walk":29,"pop":9159,"hh":5604,"elderly65_r":0.4004,"single_hh_r":0.5782,"source_level":"emd","flood_years":[],"landslide_hist_n":0},"geometry":{"type":"Polygon","coordinates":[[[126.54551,37.21882],[126.54469,37.21513],[126.54885,37.21319],[126.55385,37.21494],[126.55467,37.21863],[126.55051,37.22057],[126.54551,37.21882]]]}},{"type":"Feature","properties":{"h3":"8830e00191fffff","emd_code":"4127361000","emd_name":"대부동","area_km2":0.5012,"edge":false,"slope_mean":4.04,"elev_mean":8.8,"flood_hist_n":0,"flood_depth_max_m":null,"flood_risk_100y":null,"semi_basement_r":null,"elderly_alone_r":0.2432,"bldg_age30_r":null,"shelter_min_walk":26,"pop":9159,"hh":5604,"elderly65_r":0.4004,"single_hh_r":0.5782,"source_level":"emd","flood_years":[],"landslide_hist_n":0},"geometry":{"type":"Polygon","coordinates":[[[126.5788,37.22369],[126.57798,37.22],[126.58214,37.21807],[126.58713,37.21981],[126.58796,37.2235],[126.58379,37.22544],[126.5788,37.22369]]]}},{"type":"Feature","properties":{"h3":"8830e00193fffff","emd_code":"4127361000","emd_name":"대부동","area_km2":0.5012,"edge":false,"slope_mean":5.98,"elev_mean":12.2,"flood_hist_n":0,"flood_depth_max_m":null,"flood_risk_100y":null,"semi_basement_r":null,"elderly_alone_r":0.2432,"bldg_age30_r":null,"shelter_min_walk":37,"pop":9159,"hh":5604,"elderly65_r":0.4004,"single_hh_r":0.5782,"source_level":"emd","flood_years":[],"landslide_hist_n":0},"geometry":{"type":"Polygon","coordinates":[[[126.58796,37.2235],[126.58713,37.21981],[126.5913,37.21788],[126.59629,37.21962],[126.59712,37.22331],[126.59295,37.22525],[126.58796,37.2235]]]}},{"type":"Feature","properties":{"h3":"8830e00195fffff","emd_code":"4127361000","emd_name":"대부동","area_km2":0.5012,"edge":true,"slope_mean":2.25,"elev_mean":4.4,"flood_hist_n":0,"flood_depth_max_m":null,"flood_risk_100y":null,"semi_basement_r":null,"elderly_alone_r":0.2432,"bldg_age30_r":null,"shelter_min_walk":26,"pop":9159,"hh":5604,"elderly65_r":0.4004,"single_hh_r":0.5782,"source_level":"emd","flood_years":[],"landslide_hist_n":0},"geometry":{"type":"Polygon","coordinates":[[[126.57298,37.21825],[126.57216,37.21457],[126.57632,37.21263],[126.58132,37.21438],[126.58214,37.21807],[126.57798,37.22],[126.57298,37.21825]]]}},{"type":"Feature","properties":{"h3":"8830e00197fffff","emd_code":"4127361000","emd_name":"대부동","area_km2":0.5013,"edge":true,"slope_mean":1.55,"elev_mean":3.4,"flood_hist_n":0,"flood_depth_max_m":null,"flood_risk_100y":null,"semi_basement_r":null,"elderly_alone_r":0.2432,"bldg_age30_r":null,"shelter_min_walk":35,"pop":9159,"hh":5604,"elderly65_r":0.4004,"single_hh_r":0.5782,"source_level":"emd","flood_years":[],"landslide_hist_n":0},"geometry":{"type":"Polygon","coordinates":[[[126.58214,37.21807],[126.58132,37.21438],[126.58548,37.21244],[126.59047,37.21419],[126.5913,37.21788],[126.58713,37.21981],[126.58214,37.21807]]]}},{"type":"Feature","properties":{"h3":"8830e00199fffff","emd_code":"4127361000","emd_name":"대부동","area_km2":0.501,"edge":false,"slope_mean":8.83,"elev_mean":20.6,"flood_hist_n":0,"flood_depth_max_m":null,"flood_risk_100y":null,"semi_basement_r":null,"elderly_alone_r":0.2432,"bldg_age30_r":null,"shelter_min_walk":19,"pop":9159,"hh":5604,"elderly65_r":0.4004,"single_hh_r":0.5782,"source_level":"emd","flood_years":[],"landslide_hist_n":0},"geometry":{"type":"Polygon","coordinates":[[[126.57546,37.22932],[126.57464,37.22563],[126.5788,37.22369],[126.58379,37.22544],[126.58462,37.22913],[126.58045,37.23107],[126.57546,37.22932]]]}},{"type":"Feature","properties":{"h3":"8830e0019bfffff","emd_code":"4127361000","emd_name":"대부동","area_km2":0.5011,"edge":false,"slope_mean":8.11,"elev_mean":15.5,"flood_hist_n":0,"flood_depth_max_m":null,"flood_risk_100y":null,"semi_basement_r":null,"elderly_alone_r":0.2432,"bldg_age30_r":null,"shelter_min_walk":31,"pop":9159,"hh":5604,"elderly65_r":0.4004,"single_hh_r":0.5782,"source_level":"emd","flood_years":[],"landslide_hist_n":0},"geometry":{"type":"Polygon","coordinates":[[[126.58462,37.22913],[126.58379,37.22544],[126.58796,37.2235],[126.59295,37.22525],[126.59378,37.22894],[126.58961,37.23088],[126.58462,37.22913]]]}},{"type":"Feature","properties":{"h3":"8830e0019dfffff","emd_code":"4127361000","emd_name":"대부동","area_km2":0.5011,"edge":false,"slope_mean":7.12,"elev_mean":13.4,"flood_hist_n":0,"flood_depth_max_m":null,"flood_risk_100y":null,"semi_basement_r":null,"elderly_alone_r":0.2432,"bldg_age30_r":null,"shelter_min_walk":16,"pop":9159,"hh":5604,"elderly65_r":0.4004,"single_hh_r":0.5782,"source_level":"emd","flood_years":[],"landslide_hist_n":0},"geometry":{"type":"Polygon","coordinates":[[[126.56964,37.22388],[126.56882,37.22019],[126.57298,37.21825],[126.57798,37.22],[126.5788,37.22369],[126.57464,37.22563],[126.56964,37.22388]]]}},{"type":"Feature","properties":{"h3":"8830e001a1fffff","emd_code":"4127361000","emd_name":"대부동","area_km2":0.5014,"edge":true,"slope_mean":0.17,"elev_mean":0.1,"flood_hist_n":0,"flood_depth_max_m":null,"flood_risk_100y":null,"semi_basement_r":null,"elderly_alone_r":0.2432,"bldg_age30_r":null,"shelter_min_walk":52,"pop":9159,"hh":5604,"elderly65_r":0.4004,"single_hh_r":0.5782,"source_level":"emd","flood_years":[],"landslide_hist_n":0},"geometry":{"type":"Polygon","coordinates":[[[126.54638,37.20212],[126.54555,37.19843],[126.54972,37.19649],[126.55471,37.19824],[126.55553,37.20193],[126.55137,37.20387],[126.54638,37.20212]]]}},{"type":"Feature","properties":{"h3":"8830e001a3fffff","emd_code":"4127361000","emd_name":"대부동","area_km2":0.5014,"edge":false,"slope_mean":5.8,"elev_mean":9.9,"flood_hist_n":0,"flood_depth_max_m":null,"flood_risk_100y":null,"semi_basement_r":null,"elderly_alone_r":0.2432,"bldg_age30_r":null,"shelter_min_walk":49,"pop":9159,"hh":5604,"elderly65_r":0.4004,"single_hh_r":0.5782,"source_level":"emd","flood_years":[],"landslide_hist_n":0},"geometry":{"type":"Polygon","coordinates":[[[126.55553,37.20193],[126.55471,37.19824],[126.55887,37.1963],[126.56386,37.19805],[126.56469,37.20174],[126.56052,37.20368],[126.55553,37.20193]]]}},{"type":"Feature","properties":{"h3":"8830e001a9fffff","emd_code":"4127361000","emd_name":"대부동","area_km2":0.5012,"edge":false,"slope_mean":2.12,"elev_mean":2.9,"flood_hist_n":0,"flood_depth_max_m":null,"flood_risk_100y":null,"semi_basement_r":null,"elderly_alone_r":0.2432,"bldg_age30_r":null,"shelter_min_walk":45,"pop":9159,"hh":5604,"elderly65_r":0.4004,"single_hh_r":0.5782,"source_level":"emd","flood_years":[],"landslide_hist_n":0},"geometry":{"type":"Polygon","coordinates":[[[126.54304,37.20775],[126.54221,37.20406],[126.54638,37.20212],[126.55137,37.20387],[126.55219,37.20756],[126.54803,37.2095],[126.54304,37.20775]]]}},{"type":"Feature","properties":{"h3":"8830e001abfffff","emd_code":"4127361000","emd_name":"대부동","area_km2":0.5013,"edge":false,"slope_mean":2.98,"elev_mean":6.2,"flood_hist_n":0,"flood_depth_max_m":null,"flood_risk_100y":null,"semi_basement_r":null,"elderly_alone_r":0.2432,"bldg_age30_r":null,"shelter_min_walk":41,"pop":9159,"hh":5604,"elderly65_r":0.4004,"single_hh_r":0.5782,"source_level":"emd","flood_years":[],"landslide_hist_n":0},"geometry":{"type":"Polygon","coordinates":[[[126.55219,37.20756],[126.55137,37.20387],[126.55553,37.20193],[126.56052,37.20368],[126.56135,37.20737],[126.55718,37.20931],[126.55219,37.20756]]]}},{"type":"Feature","properties":{"h3":"8830e001adfffff","emd_code":"4127361000","emd_name":"대부동","area_km2":0.5013,"edge":true,"slope_mean":2.45,"elev_mean":2.8,"flood_hist_n":0,"flood_depth_max_m":null,"flood_risk_100y":null,"semi_basement_r":null,"elderly_alone_r":0.2432,"bldg_age30_r":null,"shelter_min_walk":57,"pop":9159,"hh":5604,"elderly65_r":0.4004,"single_hh_r":0.5782,"source_level":"emd","flood_years":[],"landslide_hist_n":0},"geometry":{"type":"Polygon","coordinates":[[[126.53722,37.20231],[126.5364,37.19862],[126.54056,37.19668],[126.54555,37.19843],[126.54638,37.20212],[126.54221,37.20406],[126.53722,37.20231]]]}},{"type":"Feature","properties":{"h3":"8830e001b1fffff","emd_code":"4127361000","emd_name":"대부동","area_km2":0.5014,"edge":true,"slope_mean":1.08,"elev_mean":1.5,"flood_hist_n":0,"flood_depth_max_m":null,"flood_risk_100y":null,"semi_basement_r":null,"elderly_alone_r":0.2432,"bldg_age30_r":null,"shelter_min_walk":41,"pop":9159,"hh":5604,"elderly65_r":0.4004,"single_hh_r":0.5782,"source_level":"emd","flood_years":[],"landslide_hist_n":0},"geometry":{"type":"Polygon","coordinates":[[[126.57051,37.20719],[126.56968,37.2035],[126.57385,37.20156],[126.57884,37.20331],[126.57966,37.207],[126.5755,37.20894],[126.57051,37.20719]]]}},{"type":"Feature","properties":{"h3":"8830e001b5fffff","emd_code":"4127361000","emd_name":"대부동","area_km2":0.5015,"edge":true,"slope_mean":4.19,"elev_mean":6.2,"flood_hist_n":0,"flood_depth_max_m":null,"flood_risk_100y":null,"semi_basement_r":null,"elderly_alone_r":0.2432,"bldg_age30_r":null,"shelter_min_walk":49,"pop":9159,"hh":5604,"elderly65_r":0.4004,"single_hh_r":0.5782,"source_level":"emd","flood_years":[],"landslide_hist_n":0},"geometry":{"type":"Polygon","coordinates":[[[126.56469,37.20174],[126.56386,37.19805],[126.56803,37.19611],[126.57302,37.19786],[126.57385,37.20156],[126.56968,37.2035],[126.56469,37.20174]]]}},{"type":"Feature","properties":{"h3":"8830e001b9fffff","emd_code":"4127361000","emd_name":"대부동","area_km2":0.5013,"edge":false,"slope_mean":6.63,"elev_mean":12.7,"flood_hist_n":0,"flood_depth_max_m":null,"flood_risk_100y":null,"semi_basement_r":null,"elderly_alone_r":0.2432,"bldg_age30_r":null,"shelter_min_walk":31,"pop":9159,"hh":5604,"elderly65_r":0.4004,"single_hh_r":0.5782,"source_level":"emd","flood_years":[],"landslide_hist_n":0},"geometry":{"type":"Polygon","coordinates":[[[126.56717,37.21281],[126.56634,37.20912],[126.57051,37.20719],[126.5755,37.20894],[126.57632,37.21263],[126.57216,37.21457],[126.56717,37.21281]]]}},{"type":"Feature","properties":{"h3":"8830e001bdfffff","emd_code":"4127361000","emd_name":"대부동","area_km2":0.5013,"edge":false,"slope_mean":6.41,"elev_mean":11.0,"flood_hist_n":0,"flood_depth_max_m":null,"flood_risk_100y":null,"semi_basement_r":null,"elderly_alone_r":0.2432,"bldg_age30_r":null,"shelter_min_walk":39,"pop":9159,"hh":5604,"elderly65_r":0.4004,"single_hh_r":0.5782,"source_level":"emd","flood_years":[],"landslide_hist_n":0},"geometry":{"type":"Polygon","coordinates":[[[126.56135,37.20737],[126.56052,37.20368],[126.56469,37.20174],[126.56968,37.2035],[126.57051,37.20719],[126.56634,37.20912],[126.56135,37.20737]]]}},{"type":"Feature","properties":{"h3":"8830e001c1fffff","emd_code":"4127361000","emd_name":"대부동","area_km2":0.5009,"edge":false,"slope_mean":7.33,"elev_mean":12.1,"flood_hist_n":0,"flood_depth_max_m":null,"flood_risk_100y":null,"semi_basement_r":null,"elderly_alone_r":0.2432,"bldg_age30_r":null,"shelter_min_walk":30,"pop":9159,"hh":5604,"elderly65_r":0.4004,"single_hh_r":0.5782,"source_level":"emd","flood_years":[],"landslide_hist_n":0},"geometry":{"type":"Polygon","coordinates":[[[126.53884,37.23007],[126.53801,37.22638],[126.54218,37.22444],[126.54717,37.2262],[126.54799,37.22988],[126.54383,37.23182],[126.53884,37.23007]]]}},{"type":"Feature","properties":{"h3":"8830e001c3fffff","emd_code":"4127361000","emd_name":"대부동","area_km2":0.5009,"edge":false,"slope_mean":11.49,"elev_mean":32.7,"flood_hist_n":0,"flood_depth_max_m":null,"flood_risk_100y":null,"semi_basement_r":null,"elderly_alone_r":0.2432,"bldg_age30_r":null,"shelter_min_walk":18,"pop":9159,"hh":5604,"elderly65_r":0.4004,"single_hh_r":0.5782,"source_level":"emd","flood_years":[],"landslide_hist_n":0},"geometry":{"type":"Polygon","coordinates":[[[126.54799,37.22988],[126.54717,37.2262],[126.55133,37.22426],[126.55632,37.22601],[126.55715,37.2297],[126.55298,37.23163],[126.54799,37.22988]]]}},{"type":"Feature","properties":{"h3":"8830e001c5fffff","emd_code":"4127361000","emd_name":"대부동","area_km2":0.5009,"edge":true,"slope_mean":0.78,"elev_mean":0.5,"flood_hist_n":0,"flood_depth_max_m":null,"flood_risk_100y":null,"semi_basement_r":null,"elderly_alone_r":0.2432,"bldg_age30_r":null,"shelter_min_walk":39,"pop":9159,"hh":5604,"elderly65_r":0.4004,"single_hh_r":0.5782,"source_level":"emd","flood_years":[],"landslide_hist_n":0},"geometry":{"type":"Polygon","coordinates":[[[126.53302,37.22463],[126.53219,37.22094],[126.53636,37.219],[126.54135,37.22076],[126.54218,37.22444],[126.53801,37.22638],[126.53302,37.22463]]]}},{"type":"Feature","properties":{"h3":"8830e001c7fffff","emd_code":"4127361000","emd_name":"대부동","area_km2":0.501,"edge":false,"slope_mean":5.27,"elev_mean":7.5,"flood_hist_n":0,"flood_depth_max_m":null,"flood_risk_100y":null,"semi_basement_r":null,"elderly_alone_r":0.2432,"bldg_age30_r":null,"shelter_min_walk":28,"pop":9159,"hh":5604,"elderly65_r":0.4004,"single_hh_r":0.5782,"source_level":"emd","flood_years":[],"landslide_hist_n":0},"geometry":{"type":"Polygon","coordinates":[[[126.54218,37.22444],[126.54135,37.22076],[126.54551,37.21882],[126.55051,37.22057],[126.55133,37.22426],[126.54717,37.2262],[126.54218,37.22444]]]}},{"type":"Feature","properties":{"h3":"8830e001c9fffff","emd_code":"4127361000","emd_name":"대부동","area_km2":0.5007,"edge":true,"slope_mean":3.11,"elev_mean":3.2,"flood_hist_n":0,"flood_depth_max_m":null,"flood_risk_100y":null,"semi_basement_r":null,"elderly_alone_r":0.2432,"bldg_age30_r":null,"shelter_min_walk":35,"pop":9159,"hh":5604,"elderly65_r":0.4004,"single_hh_r":0.5782,"source_level":"emd","flood_years":[],"landslide_hist_n":0},"geometry":{"type":"Polygon","coordinates":[[[126.5355,37.2357],[126.53467,37.23201],[126.53884,37.23007],[126.54383,37.23182],[126.54465,37.23551],[126.54049,37.23745],[126.5355,37.2357]]]}},{"type":"Feature","properties":{"h3":"8830e001cbfffff","emd_code":"4127361000","emd_name":"대부동","area_km2":0.5008,"edge":false,"slope_mean":9.36,"elev_mean":24.7,"flood_hist_n":0,"flood_depth_max_m":null,"flood_risk_100y":null,"semi_basement_r":null,"elderly_alone_r":0.2432,"bldg_age30_r":null,"shelter_min_walk":23,"pop":9159,"hh":5604,"elderly65_r":0.4004,"single_hh_r":0.5782,"source_level":"emd","flood_years":[],"landslide_hist_n":0},"geometry":{"type":"Polygon","coordinates":[[[126.54465,37.23551],[126.54383,37.23182],[126.54799,37.22988],[126.55298,37.23163],[126.55381,37.23532],[126.54964,37.23726],[126.54465,37.23551]]]}},{"type":"Feature","properties":{"h3":"8830e001d1fffff","emd_code":"4127361000","emd_name":"대부동","area_km2":0.5009,"edge":false,"slope_mean":8.38,"elev_mean":26.4,"flood_hist_n":0,"flood_depth_max_m":null,"flood_risk_100y":null,"semi_basement_r":null,"elderly_alone_r":0.2432,"bldg_age30_r":null,"shelter_min_walk":7,"pop":9159,"hh":5604,"elderly65_r":0.4004,"single_hh_r":0.5782,"source_level":"emd","flood_years":[],"landslide_hist_n":0},"geometry":{"type":"Polygon","coordinates":[[[126.56296,37.23514],[126.56214,37.23145],[126.5663,37.22951],[126.5713,37.23126],[126.57212,37.23495],[126.56796,37.23689],[126.56296,37.23514]]]}},{"type":"Feature","properties":{"h3":"8830e001d3fffff","emd_code":"4127361000","emd_name":"대부동","area_km2":0.5009,"edge":false,"slope_mean":10.36,"elev_mean":26.0,"flood_hist_n":0,"flood_depth_max_m":null,"flood_risk_100y":null,"semi_basement_r":null,"elderly_alone_r":0.2432,"bldg_age30_r":null,"shelter_min_walk":16,"pop":9159,"hh":5604,"elderly65_r":0.4004,"single_hh_r":0.5782,"source_level":"emd","flood_years":[],"landslide_hist_n":0},"geometry":{"type":"Polygon","coordinates":[[[126.57212,37.23495],[126.5713,37.23126],[126.57546,37.22932],[126.58045,37.23107],[126.58128,37.23476],[126.57711,37.2367],[126.57212,37.23495]]]}},{"type":"Feature","properties":{"h3":"8830e001d5fffff","emd_code":"4127361000","emd_name":"대부동","area_km2":0.5009,"edge":false,"slope_mean":8.45,"elev_mean":31.2,"flood_hist_n":0,"flood_depth_max_m":null,"flood_risk_100y":null,"semi_basement_r":null,"elderly_alone_r":0.2432,"bldg_age30_r":null,"shelter_min_walk":6,"pop":9159,"hh":5604,"elderly65_r":0.4004,"single_hh_r":0.5782,"source_level":"emd","flood_years":[],"landslide_hist_n":0},"geometry":{"type":"Polygon","coordinates":[[[126.55715,37.2297],[126.55632,37.22601],[126.56049,37.22407],[126.56548,37.22582],[126.5663,37.22951],[126.56214,37.23145],[126.55715,37.2297]]]}},{"type":"Feature","properties":{"h3":"8830e001d7fffff","emd_code":"4127361000","emd_name":"대부동","area_km2":0.501,"edge":false,"slope_mean":9.86,"elev_mean":30.0,"flood_hist_n":0,"flood_depth_max_m":null,"flood_risk_100y":null,"semi_basement_r":null,"elderly_alone_r":0.2432,"bldg_age30_r":null,"shelter_min_walk":7,"pop":9159,"hh":5604,"elderly65_r":0.4004,"single_hh_r":0.5782,"source_level":"emd","flood_years":[],"landslide_hist_n":0},"geometry":{"type":"Polygon","coordinates":[[[126.5663,37.22951],[126.56548,37.22582],[126.56964,37.22388],[126.57464,37.22563],[126.57546,37.22932],[126.5713,37.23126],[126.5663,37.22951]]]}},{"type":"Feature","properties":{"h3":"8830e001d9fffff","emd_code":"4127361000","emd_name":"대부동","area_km2":0.5008,"edge":true,"slope_mean":5.02,"elev_mean":7.2,"flood_hist_n":0,"flood_depth_max_m":null,"flood_risk_100y":null,"semi_basement_r":null,"elderly_alone_r":0.2432,"bldg_age30_r":null,"shelter_min_walk":16,"pop":9159,"hh":5604,"elderly65_r":0.4004,"single_hh_r":0.5782,"source_level":"emd","flood_years":[],"landslide_hist_n":0},"geometry":{"type":"Polygon","coordinates":[[[126.55962,37.24076],[126.5588,37.23707],[126.56296,37.23514],[126.56796,37.23689],[126.56878,37.24057],[126.56462,37.24251],[126.55962,37.24076]]]}},{"type":"Feature","properties":{"h3":"8830e001dbfffff","emd_code":"4127361000","emd_name":"대부동","area_km2":0.5008,"edge":false,"slope_mean":6.88,"elev_mean":14.8,"flood_hist_n":0,"flood_depth_max_m":null,"flood_risk_100y":null,"semi_basement_r":null,"elderly_alone_r":0.2432,"bldg_age30_r":null,"shelter_min_walk":19,"pop":9159,"hh":5604,"elderly65_r":0.4004,"single_hh_r":0.5782,"source_level":"emd","flood_years":[],"landslide_hist_n":0},"geometry":{"type":"Polygon","coordinates":[[[126.56878,37.24057],[126.56796,37.23689],[126.57212,37.23495],[126.57711,37.2367],[126.57658,37.24102],[126.57241,37.24296],[126.56878,37.24057]]]}},{"type":"Feature","properties":{"h3":"8830e001ddfffff","emd_code":"4127361000","emd_name":"대부동","area_km2":0.5008,"edge":false,"slope_mean":7.14,"elev_mean":23.2,"flood_hist_n":0,"flood_depth_max_m":null,"flood_risk_100y":null,"semi_basement_r":null,"elderly_alone_r":0.2432,"bldg_age30_r":null,"shelter_min_walk":12,"pop":9159,"hh":5604,"elderly65_r":0.4004,"single_hh_r":0.5782,"source_level":"emd","flood_years":[],"landslide_hist_n":0},"geometry":{"type":"Polygon","coordinates":[[[126.55381,37.23532],[126.55298,37.23163],[126.55715,37.2297],[126.56214,37.23145],[126.56296,37.23514],[126.5588,37.23707],[126.55381,37.23532]]]}},{"type":"Feature","properties":{"h3":"8830e001e3fffff","emd_code":"4127361000","emd_name":"대부동","area_km2":0.5011,"edge":true,"slope_mean":3.8,"elev_mean":5.2,"flood_hist_n":0,"flood_depth_max_m":null,"flood_risk_100y":null,"semi_basement_r":null,"elderly_alone_r":0.2432,"bldg_age30_r":null,"shelter_min_walk":41,"pop":9159,"hh":5604,"elderly65_r":0.4004,"single_hh_r":0.5782,"source_level":"emd","flood_years":[],"landslide_hist_n":0},"geometry":{"type":"Polygon","coordinates":[[[126.5397,37.21338],[126.53887,37.20969],[126.54304,37.20775],[126.54803,37.2095],[126.54885,37.21319],[126.54469,37.21513],[126.5397,37.21338]]]}},{"type":"Feature","properties":{"h3":"8830e001e7fffff","emd_code":"4127361000","emd_name":"대부동","area_km2":0.5012,"edge":true,"slope_mean":1.71,"elev_mean":2.1,"flood_hist_n":0,"flood_depth_max_m":null,"flood_risk_100y":null,"semi_basement_r":null,"elderly_alone_r":0.2432,"bldg_age30_r":null,"shelter_min_walk":53,"pop":9159,"hh":5604,"elderly65_r":0.4004,"single_hh_r":0.5782,"source_level":"emd","flood_years":[],"landslide_hist_n":0},"geometry":{"type":"Polygon","coordinates":[[[126.53388,37.20794],[126.53306,37.20425],[126.53722,37.20231],[126.54221,37.20406],[126.54304,37.20775],[126.53887,37.20969],[126.53388,37.20794]]]}},{"type":"Feature","properties":{"h3":"8830e002a1fffff","emd_code":"4127361000","emd_name":"대부동","area_km2":0.5007,"edge":false,"slope_mean":2.61,"elev_mean":2.8,"flood_hist_n":0,"flood_depth_max_m":null,"flood_risk_100y":null,"semi_basement_r":null,"elderly_alone_r":0.2432,"bldg_age30_r":null,"shelter_min_walk":91,"pop":9159,"hh":5604,"elderly65_r":0.4004,"single_hh_r":0.5782,"source_level":"emd","flood_years":[],"landslide_hist_n":0},"geometry":{"type":"Polygon","coordinates":[[[126.55979,37.2814],[126.55925,37.28572],[126.55508,37.28766],[126.55145,37.28527],[126.55199,37.28095],[126.55615,37.27901],[126.55979,37.2814]]]}},{"type":"Feature","properties":{"h3":"8830e002a3fffff","emd_code":"4127361000","emd_name":"대부동","area_km2":0.5008,"edge":true,"slope_mean":0.5,"elev_mean":0.3,"flood_hist_n":0,"flood_depth_max_m":null,"flood_risk_100y":null,"semi_basement_r":null,"elderly_alone_r":0.2432,"bldg_age30_r":null,"shelter_min_walk":91,"pop":9159,"hh":5604,"elderly65_r":0.4004,"single_hh_r":0.5782,"source_level":"emd","flood_years":[],"landslide_hist_n":0},"geometry":{"type":"Polygon","coordinates":[[[126.56758,37.28185],[126.56705,37.28617],[126.56288,37.28811],[126.55925,37.28572],[126.55979,37.2814],[126.56395,37.27946],[126.56758,37.28185]]]}},{"type":"Feature","properties":{"h3":"8830e002a5fffff","emd_code":"4127361000","emd_name":"대부동","area_km2":0.5007,"edge":false,"slope_mean":8.9,"elev_mean":15.8,"flood_hist_n":0,"flood_depth_max_m":null,"flood_risk_100y":null,"semi_basement_r":null,"elderly_alone_r":0.2432,"bldg_age30_r":null,"shelter_min_walk":81,"pop":9159,"hh":5604,"elderly65_r":0.4004,"single_hh_r":0.5782,"source_level":"emd","flood_years":[],"landslide_hist_n":0},"geometry":{"type":"Polygon","coordinates":[[[126.55669,37.27469],[126.55615,37.27901],[126.55199,37.28095],[126.54836,37.27856],[126.54889,37.27424],[126.55306,37.27231],[126.55669,37.27469]]]}},{"type":"Feature","properties":{"h3":"8830e002a7fffff","emd_code":"4127361000","emd_name":"대부동","area_km2":0.5008,"edge":false,"slope_mean":7.13,"elev_mean":13.6,"flood_hist_n":0,"flood_depth_max_m":null,"flood_risk_100y":null,"semi_basement_r":null,"elderly_alone_r":0.2432,"bldg_age30_r":null,"shelter_min_walk":80,"pop":9159,"hh":5604,"elderly65_r":0.4004,"single_hh_r":0.5782,"source_level":"emd","flood_years":[],"landslide_hist_n":0},"geometry":{"type":"Polygon","coordinates":[[[126.56449,37.27514],[126.56395,37.27946],[126.55979,37.2814],[126.55615,37.27901],[126.55669,37.27469],[126.56086,37.27276],[126.56449,37.27514]]]}},{"type":"Feature","properties":{"h3":"8830e002adfffff","emd_code":"4127361000","emd_name":"대부동","area_km2":0.5006,"edge":false,"slope_mean":8.34,"elev_mean":14.8,"flood_hist_n":0,"flood_depth_max_m":null,"flood_risk_100y":null,"semi_basement_r":null,"elderly_alone_r":0.2432,"bldg_age30_r":null,"shelter_min_walk":92,"pop":9159,"hh":5604,"elderly65_r":0.4004,"single_hh_r":0.5782,"source_level":"emd","flood_years":[],"landslide_hist_n":0},"geometry":{"type":"Polygon","coordinates":[[[126.55199,37.28095],[126.55145,37.28527],[126.54728,37.28721],[126.54365,37.28482],[126.54419,37.2805],[126.54836,37.27856],[126.55199,37.28095]]]}},{"type":"Feature","properties":{"h3":"8830e002b1fffff","emd_code":"4127361000","emd_name":"대부동","area_km2":0.501,"edge":true,"slope_mean":1.48,"elev_mean":1.6,"flood_hist_n":0,"flood_depth_max_m":null,"flood_risk_100y":null,"semi_basement_r":null,"elderly_alone_r":0.2432,"bldg_age30_r":null,"shelter_min_walk":103,"pop":9159,"hh":5604,"elderly65_r":0.4004,"single_hh_r":0.5782,"source_level":"emd","flood_years":[],"landslide_hist_n":0},"geometry":{"type":"Polygon","coordinates":[[[126.57848,37.289],[126.57795,37.29333],[126.57378,37.29526],[126.57014,37.29288],[126.57068,37.28856],[126.57485,37.28662],[126.57848,37.289]]]}},{"type":"Feature","properties":{"h3":"8830e002b3fffff","emd_code":"4127361000","emd_name":"대부동","area_km2":0.5011,"edge":false,"slope_mean":1.88,"elev_mean":2.2,"flood_hist_n":0,"flood_depth_max_m":null,"flood_risk_100y":null,"semi_basement_r":null,"elderly_alone_r":0.2432,"bldg_age30_r":null,"shelter_min_walk":106,"pop":9159,"hh":5604,"elderly65_r":0.4004,"single_hh_r":0.5782,"source_level":"emd","flood_years":[],"landslide_hist_n":0},"geometry":{"type":"Polygon","coordinates":[[[126.58629,37.28945],[126.58575,37.29378],[126.58158,37.29571],[126.57795,37.29333],[126.57848,37.289],[126.58265,37.28707],[126.58629,37.28945]]]}},{"type":"Feature","properties":{"h3":"8830e002b5fffff","emd_code":"4127361000","emd_name":"대부동","area_km2":0.5009,"edge":false,"slope_mean":3.86,"elev_mean":5.1,"flood_hist_n":0,"flood_depth_max_m":null,"flood_risk_100y":null,"semi_basement_r":null,"elderly_alone_r":0.2432,"bldg_age30_r":null,"shelter_min_walk":92,"pop":9159,"hh":5604,"elderly65_r":0.4004,"single_hh_r":0.5782,"source_level":"emd","flood_years":[],"landslide_hist_n":0},"geometry":{"type":"Polygon","coordinates":[[[126.57539,37.2823],[126.57485,37.28662],[126.57068,37.28856],[126.56705,37.28617],[126.56758,37.28185],[126.57175,37.27991],[126.57539,37.2823]]]}},{"type":"Feature","properties":{"h3":"8830e002b7fffff","emd_code":"4127361000","emd_name":"대부동","area_km2":0.501,"edge":true,"slope_mean":1.29,"elev_mean":2.0,"flood_hist_n":0,"flood_depth_max_m":null,"flood_risk_100y":null,"semi_basement_r":null,"elderly_alone_r":0.2432,"bldg_age30_r":null,"shelter_min_walk":94,"pop":9159,"hh":5604,"elderly65_r":0.4004,"single_hh_r":0.5782,"source_level":"emd","flood_years":[],"landslide_hist_n":0},"geometry":{"type":"Polygon","coordinates":[[[126.58319,37.28275],[126.58265,37.28707],[126.57848,37.289],[126.57485,37.28662],[126.57539,37.2823],[126.57955,37.28036],[126.58319,37.28275]]]}},{"type":"Feature","properties":{"h3":"8830e002bbfffff","emd_code":"4127361000","emd_name":"대부동","area_km2":0.5011,"edge":true,"slope_mean":0.94,"elev_mean":0.5,"flood_hist_n":0,"flood_depth_max_m":null,"flood_risk_100y":null,"semi_basement_r":null,"elderly_alone_r":0.2432,"bldg_age30_r":null,"shelter_min_walk":115,"pop":9159,"hh":5604,"elderly65_r":0.4004,"single_hh_r":0.5782,"source_level":"emd","flood_years":[],"landslide_hist_n":0},"geometry":{"type":"Polygon","coordinates":[[[126.58158,37.29571],[126.58104,37.30003],[126.57687,37.30197],[126.57324,37.29958],[126.57378,37.29526],[126.57795,37.29333],[126.58158,37.29571]]]}},{"type":"Feature","properties":{"h3":"8830e002e5fffff","emd_code":"4127361000","emd_name":"대부동","area_km2":0.5004,"edge":false,"slope_mean":1.59,"elev_mean":0.8,"flood_hist_n":0,"flood_depth_max_m":null,"flood_risk_100y":null,"semi_basement_r":null,"elderly_alone_r":0.2432,"bldg_age30_r":null,"shelter_min_walk":107,"pop":9159,"hh":5604,"elderly65_r":0.4004,"single_hh_r":0.5782,"source_level":"emd","flood_years":[],"landslide_hist_n":0},"geometry":{"type":"Polygon","coordinates":[[[126.53948,37.28676],[126.53895,37.29108],[126.53478,37.29301],[126.53115,37.29062],[126.53169,37.2863],[126.53586,37.28437],[126.53948,37.28676]]]}},{"type":"Feature","properties":{"h3":"8830e002e7fffff","emd_code":"4127361000","emd_name":"대부동","area_km2":0.5006,"edge":true,"slope_mean":1.13,"elev_mean":0.8,"flood_hist_n":0,"flood_depth_max_m":null,"flood_risk_100y":null,"semi_basement_r":null,"elderly_alone_r":0.2432,"bldg_age30_r":null,"shelter_min_walk":104,"pop":9159,"hh":5604,"elderly65_r":0.4004,"single_hh_r":0.5782,"source_level":"emd","flood_years":[],"landslide_hist_n":0},"geometry":{"type":"Polygon","coordinates":[[[126.54728,37.28721],[126.54674,37.29153],[126.54258,37.29346],[126.53895,37.29108],[126.53948,37.28676],[126.54365,37.28482],[126.54728,37.28721]]]}},{"type":"Feature","properties":{"h3":"8830e00441fffff","emd_code":"4127361000","emd_name":"대부동","area_km2":0.5021,"edge":true,"slope_mean":0.77,"elev_mean":0.4,"flood_hist_n":0,"flood_depth_max_m":null,"flood_risk_100y":null,"semi_basement_r":null,"elderly_alone_r":0.2432,"bldg_age30_r":null,"shelter_min_walk":42,"pop":9159,"hh":5604,"elderly65_r":0.4004,"single_hh_r":0.5782,"source_level":"emd","flood_years":[],"landslide_hist_n":0},"geometry":{"type":"Polygon","coordinates":[[[126.65338,37.31942],[126.65285,37.32375],[126.64867,37.32569],[126.64503,37.3233],[126.64556,37.31898],[126.64974,37.31704],[126.65338,37.31942]]]}},{"type":"Feature","properties":{"h3":"8830e00449fffff","emd_code":"4127361000","emd_name":"대부동","area_km2":0.5021,"edge":true,"slope_mean":0.07,"elev_mean":0.0,"flood_hist_n":0,"flood_depth_max_m":null,"flood_risk_100y":null,"semi_basement_r":null,"elderly_alone_r":0.2432,"bldg_age30_r":null,"shelter_min_walk":48,"pop":9159,"hh":5604,"elderly65_r":0.4004,"single_hh_r":0.5782,"source_level":"emd","flood_years":[],"landslide_hist_n":0},"geometry":{"type":"Polygon","coordinates":[[[126.64867,37.32569],[126.64814,37.33001],[126.64396,37.33195],[126.64032,37.32957],[126.64085,37.32524],[126.64503,37.3233],[126.64867,37.32569]]]}},{"type":"Feature","properties":{"h3":"8830e0044dfffff","emd_code":"4127361000","emd_name":"대부동","area_km2":0.502,"edge":false,"slope_mean":0.77,"elev_mean":0.4,"flood_hist_n":0,"flood_depth_max_m":null,"flood_risk_100y":null,"semi_basement_r":null,"elderly_alone_r":0.2432,"bldg_age30_r":null,"shelter_min_walk":52,"pop":9159,"hh":5604,"elderly65_r":0.4004,"single_hh_r":0.5782,"source_level":"emd","flood_years":[],"landslide_hist_n":0},"geometry":{"type":"Polygon","coordinates":[[[126.64556,37.31898],[126.64503,37.3233],[126.64085,37.32524],[126.63721,37.32285],[126.63775,37.31853],[126.64192,37.31659],[126.64556,37.31898]]]}},{"type":"Feature","properties":{"h3":"8830e00481fffff","emd_code":"4127357000","emd_name":"초지동","area_km2":0.5031,"edge":true,"slope_mean":1.0,"elev_mean":1.4,"flood_hist_n":0,"flood_depth_max_m":null,"flood_risk_100y":null,"semi_basement_r":null,"elderly_alone_r":0.0976,"bldg_age30_r":null,"shelter_min_walk":43,"pop":46057,"hh":21411,"elderly65_r":0.1558,"single_hh_r":0.4138,"source_level":"emd","flood_years":[],"landslide_hist_n":0},"geometry":{"type":"Polygon","coordinates":[[[126.72537,37.31044],[126.72484,37.31476],[126.72067,37.31671],[126.71702,37.31432],[126.71755,37.30999],[126.72172,37.30805],[126.72537,37.31044]]]}},{"type":"Feature","properties":{"h3":"8830e00483fffff","emd_code":"4127357000","emd_name":"초지동","area_km2":0.5032,"edge":false,"slope_mean":2.43,"elev_mean":4.2,"flood_hist_n":0,"flood_depth_max_m":null,"flood_risk_100y":null,"semi_basement_r":null,"elderly_alone_r":0.0976,"bldg_age30_r":null,"shelter_min_walk":48,"pop":46057,"hh":21411,"elderly65_r":0.1558,"single_hh_r":0.4138,"source_level":"emd","flood_years":[],"landslide_hist_n":0},"geometry":{"type":"Polygon","coordinates":[[[126.7332,37.31088],[126.73267,37.31521],[126.72849,37.31715],[126.72484,37.31476],[126.72537,37.31044],[126.72955,37.30849],[126.7332,37.31088]]]}},{"type":"Feature","properties":{"h3":"8830e00485fffff","emd_code":"4127357000","emd_name":"초지동","area_km2":0.503,"edge":true,"slope_mean":0.28,"elev_mean":0.4,"flood_hist_n":0,"flood_depth_max_m":null,"flood_risk_100y":null,"semi_basement_r":null,"elderly_alone_r":0.0976,"bldg_age30_r":null,"shelter_min_walk":44,"pop":46057,"hh":21411,"elderly65_r":0.1558,"single_hh_r":0.4138,"source_level":"emd","flood_years":[],"landslide_hist_n":0},"geometry":{"type":"Polygon","coordinates":[[[126.72225,37.30372],[126.72172,37.30805],[126.71755,37.30999],[126.7139,37.30761],[126.71443,37.30328],[126.7186,37.30134],[126.72225,37.30372]]]}},{"type":"Feature","properties":{"h3":"8830e00487fffff","emd_code":"4127357000","emd_name":"초지동","area_km2":0.5031,"edge":false,"slope_mean":0.72,"elev_mean":1.4,"flood_hist_n":0,"flood_depth_max_m":null,"flood_risk_100y":null,"semi_basement_r":null,"elderly_alone_r":0.0976,"bldg_age30_r":null,"shelter_min_walk":53,"pop":46057,"hh":21411,"elderly65_r":0.1558,"single_hh_r":0.4138,"source_level":"emd","flood_years":[],"landslide_hist_n":0},"geometry":{"type":"Polygon","coordinates":[[[126.73008,37.30416],[126.72955,37.30849],[126.72537,37.31044],[126.72172,37.30805],[126.72225,37.30372],[126.72643,37.30178],[126.73008,37.30416]]]}},{"type":"Feature","properties":{"h3":"8830e0048bfffff","emd_code":"4127357000","emd_name":"초지동","area_km2":0.5032,"edge":true,"slope_mean":2.85,"elev_mean":4.6,"flood_hist_n":0,"flood_depth_max_m":null,"flood_risk_100y":null,"semi_basement_r":null,"elderly_alone_r":0.0976,"bldg_age30_r":null,"shelter_min_walk":43,"pop":46057,"hh":21411,"elderly65_r":0.1558,"single_hh_r":0.4138,"source_level":"emd","flood_years":[],"landslide_hist_n":0},"geometry":{"type":"Polygon","coordinates":[[[126.72849,37.31715],[126.72797,37.32148],[126.72379,37.32342],[126.72014,37.32104],[126.72067,37.31671],[126.72484,37.31476],[126.72849,37.31715]]]}},{"type":"Feature","properties":{"h3":"8830e00491fffff","emd_code":"4127357000","emd_name":"초지동","area_km2":0.5034,"edge":false,"slope_mean":3.44,"elev_mean":6.2,"flood_hist_n":0,"flood_depth_max_m":null,"flood_risk_100y":null,"semi_basement_r":null,"elderly_alone_r":0.0976,"bldg_age30_r":null,"shelter_min_walk":32,"pop":46057,"hh":21411,"elderly65_r":0.1558,"single_hh_r":0.4138,"source_level":"emd","flood_years":[],"landslide_hist_n":0},"geometry":{"type":"Polygon","coordinates":[[[126.74415,37.31803],[126.74363,37.32236],[126.73945,37.32431],[126.7358,37.32192],[126.73632,37.31759],[126.7405,37.31565],[126.74415,37.31803]]]}},{"type":"Feature","properties":{"h3":"8830e00493fffff","emd_code":"4127357000","emd_name":"초지동","area_km2":0.5035,"edge":false,"slope_mean":4.7,"elev_mean":7.8,"flood_hist_n":0,"flood_depth_max_m":null,"flood_risk_100y":null,"semi_basement_r":null,"elderly_alone_r":0.0976,"bldg_age30_r":null,"shelter_min_walk":31,"pop":46057,"hh":21411,"elderly65_r":0.1558,"single_hh_r":0.4138,"source_level":"emd","flood_years":[],"landslide_hist_n":0},"geometry":{"type":"Polygon","coordinates":[[[126.75199,37.31847],[126.75146,37.3228],[126.74728,37.32475],[126.74363,37.32236],[126.74415,37.31803],[126.74833,37.31609],[126.75199,37.31847]]]}},{"type":"Feature","properties":{"h3":"8830e00495fffff","emd_code":"4127357000","emd_name":"초지동","area_km2":0.5033,"edge":false,"slope_mean":3.56,"elev_mean":5.8,"flood_hist_n":0,"flood_depth_max_m":null,"flood_risk_100y":null,"semi_basement_r":null,"elderly_alone_r":0.0976,"bldg_age30_r":null,"shelter_min_walk":44,"pop":46057,"hh":21411,"elderly65_r":0.1558,"single_hh_r":0.4138,"source_level":"emd","flood_years":[],"landslide_hist_n":0},"geometry":{"type":"Polygon","coordinates":[[[126.74103,37.31132],[126.7405,37.31565],[126.73632,37.31759],[126.73267,37.31521],[126.7332,37.31088],[126.73738,37.30893],[126.74103,37.31132]]]}},{"type":"Feature","properties":{"h3":"8830e00497fffff","emd_code":"4127357000","emd_name":"초지동","area_km2":0.5034,"edge":false,"slope_mean":3.79,"elev_mean":6.6,"flood_hist_n":0,"flood_depth_max_m":null,"flood_risk_100y":null,"semi_basement_r":null,"elderly_alone_r":0.0976,"bldg_age30_r":null,"shelter_min_walk":42,"pop":46057,"hh":21411,"elderly65_r":0.1558,"single_hh_r":0.4138,"source_level":"emd","flood_years":[],"landslide_hist_n":0},"geometry":{"type":"Polygon","coordinates":[[[126.74886,37.31176],[126.74833,37.31609],[126.74415,37.31803],[126.7405,37.31565],[126.74103,37.31132],[126.74521,37.30937],[126.74886,37.31176]]]}},{"type":"Feature","properties":{"h3":"8830e00499fffff","emd_code":"4127357000","emd_name":"초지동","area_km2":0.5033,"edge":false,"slope_mean":3.37,"elev_mean":5.9,"flood_hist_n":0,"flood_depth_max_m":null,"flood_risk_100y":null,"semi_basement_r":null,"elderly_alone_r":0.0976,"bldg_age30_r":null,"shelter_min_walk":25,"pop":46057,"hh":21411,"elderly65_r":0.1558,"single_hh_r":0.4138,"source_level":"emd","flood_years":[],"landslide_hist_n":0},"geometry":{"type":"Polygon","coordinates":[[[126.73945,37.32431],[126.73892,37.32864],[126.73474,37.33058],[126.73109,37.32819],[126.73162,37.32386],[126.7358,37.32192],[126.73945,37.32431]]]}},{"type":"Feature","properties":{"h3":"8830e0049bfffff","emd_code":"4127357000","emd_name":"초지동","area_km2":0.5034,"edge":false,"slope_mean":3.75,"elev_mean":8.1,"flood_hist_n":0,"flood_depth_max_m":null,"flood_risk_100y":null,"semi_basement_r":null,"elderly_alone_r":0.0976,"bldg_age30_r":null,"shelter_min_walk":21,"pop":46057,"hh":21411,"elderly65_r":0.1558,"single_hh_r":0.4138,"source_level":"emd","flood_years":[],"landslide_hist_n":0},"geometry":{"type":"Polygon","coordinates":[[[126.74728,37.32475],[126.74675,37.32908],[126.74257,37.33102],[126.73892,37.32864],[126.73945,37.32431],[126.74363,37.32236],[126.74728,37.32475]]]}},{"type":"Feature","properties":{"h3":"8830e0049dfffff","emd_code":"4127357000","emd_name":"초지동","area_km2":0.5033,"edge":false,"slope_mean":3.44,"elev_mean":5.5,"flood_hist_n":0,"flood_depth_max_m":null,"flood_risk_100y":null,"semi_basement_r":null,"elderly_alone_r":0.0976,"bldg_age30_r":null,"shelter_min_walk":36,"pop":46057,"hh":21411,"elderly65_r":0.1558,"single_hh_r":0.4138,"source_level":"emd","flood_years":[],"landslide_hist_n":0},"geometry":{"type":"Polygon","coordinates":[[[126.73632,37.31759],[126.7358,37.32192],[126.73162,37.32386],[126.72797,37.32148],[126.72849,37.31715],[126.73267,37.31521],[126.73632,37.31759]]]}},{"type":"Feature","properties":{"h3":"8830e004b1fffff","emd_code":"4127357000","emd_name":"초지동","area_km2":0.5033,"edge":false,"slope_mean":0.44,"elev_mean":0.7,"flood_hist_n":0,"flood_depth_max_m":null,"flood_risk_100y":null,"semi_basement_r":null,"elderly_alone_r":0.0976,"bldg_age30_r":null,"shelter_min_walk":65,"pop":46057,"hh":21411,"elderly65_r":0.1558,"single_hh_r":0.4138,"source_level":"emd","flood_years":[],"landslide_hist_n":0},"geometry":{"type":"Polygon","coordinates":[[[126.74261,37.29833],[126.74208,37.30266],[126.73791,37.3046],[126.73426,37.30222],[126.73478,37.29789],[126.73896,37.29594],[126.74261,37.29833]]]}},{"type":"Feature","properties":{"h3":"8830e004b3fffff","emd_code":"4127357000","emd_name":"초지동","area_km2":0.5034,"edge":false,"slope_mean":1.1,"elev_mean":1.6,"flood_hist_n":0,"flood_depth_max_m":null,"flood_risk_100y":null,"semi_basement_r":null,"elderly_alone_r":0.0976,"bldg_age30_r":null,"shelter_min_walk":64,"pop":46057,"hh":21411,"elderly65_r":0.1558,"single_hh_r":0.4138,"source_level":"emd","flood_years":[],"landslide_hist_n":0},"geometry":{"type":"Polygon","coordinates":[[[126.75044,37.29877],[126.74991,37.3031],[126.74574,37.30504],[126.74208,37.30266],[126.74261,37.29833],[126.74679,37.29638],[126.75044,37.29877]]]}},{"type":"Feature","properties":{"h3":"8830e004b7fffff","emd_code":"4127357000","emd_name":"초지동","area_km2":0.5034,"edge":true,"slope_mean":0.04,"elev_mean":0.0,"flood_hist_n":0,"flood_depth_max_m":null,"flood_risk_100y":null,"semi_basement_r":null,"elderly_alone_r":0.0976,"bldg_age30_r":null,"shelter_min_walk":75,"pop":46057,"hh":21411,"elderly65_r":0.1558,"single_hh_r":0.4138,"source_level":"emd","flood_years":[],"landslide_hist_n":0},"geometry":{"type":"Polygon","coordinates":[[[126.74732,37.29205],[126.74679,37.29638],[126.74261,37.29833],[126.73896,37.29594],[126.73949,37.29161],[126.74367,37.28967],[126.74732,37.29205]]]}},{"type":"Feature","properties":{"h3":"8830e004b9fffff","emd_code":"4127357000","emd_name":"초지동","area_km2":0.5033,"edge":false,"slope_mean":1.71,"elev_mean":2.4,"flood_hist_n":0,"flood_depth_max_m":null,"flood_risk_100y":null,"semi_basement_r":null,"elderly_alone_r":0.0976,"bldg_age30_r":null,"shelter_min_walk":56,"pop":46057,"hh":21411,"elderly65_r":0.1558,"single_hh_r":0.4138,"source_level":"emd","flood_years":[],"landslide_hist_n":0},"geometry":{"type":"Polygon","coordinates":[[[126.73791,37.3046],[126.73738,37.30893],[126.7332,37.31088],[126.72955,37.30849],[126.73008,37.30416],[126.73426,37.30222],[126.73791,37.3046]]]}},{"type":"Feature","properties":{"h3":"8830e004bbfffff","emd_code":"4127357000","emd_name":"초지동","area_km2":0.5034,"edge":false,"slope_mean":2.6,"elev_mean":4.7,"flood_hist_n":0,"flood_depth_max_m":null,"flood_risk_100y":null,"semi_basement_r":null,"elderly_alone_r":0.0976,"bldg_age30_r":null,"shelter_min_walk":53,"pop":46057,"hh":21411,"elderly65_r":0.1558,"single_hh_r":0.4138,"source_level":"emd","flood_years":[],"landslide_hist_n":0},"geometry":{"type":"Polygon","coordinates":[[[126.74574,37.30504],[126.74521,37.30937],[126.74103,37.31132],[126.73738,37.30893],[126.73791,37.3046],[126.74208,37.30266],[126.74574,37.30504]]]}},{"type":"Feature","properties":{"h3":"8830e004bdfffff","emd_code":"4127357000","emd_name":"초지동","area_km2":0.5032,"edge":true,"slope_mean":0.13,"elev_mean":0.1,"flood_hist_n":0,"flood_depth_max_m":null,"flood_risk_100y":null,"semi_basement_r":null,"elderly_alone_r":0.0976,"bldg_age30_r":null,"shelter_min_walk":63,"pop":46057,"hh":21411,"elderly65_r":0.1558,"single_hh_r":0.4138,"source_level":"emd","flood_years":[],"landslide_hist_n":0},"geometry":{"type":"Polygon","coordinates":[[[126.73478,37.29789],[126.73426,37.30222],[126.73008,37.30416],[126.72643,37.30178],[126.72696,37.29745],[126.73113,37.2955],[126.73478,37.29789]]]}},{"type":"Feature","properties":{"h3":"8830e00565fffff","emd_code":"4127361000","emd_name":"대부동","area_km2":0.5015,"edge":true,"slope_mean":1.35,"elev_mean":2.2,"flood_hist_n":0,"flood_depth_max_m":null,"flood_risk_100y":null,"semi_basement_r":null,"elderly_alone_r":0.2432,"bldg_age30_r":null,"shelter_min_walk":82,"pop":9159,"hh":5604,"elderly65_r":0.4004,"single_hh_r":0.5782,"source_level":"emd","flood_years":[],"landslide_hist_n":0},"geometry":{"type":"Polygon","coordinates":[[[126.62702,37.24607],[126.62648,37.25039],[126.62231,37.25233],[126.61868,37.24995],[126.61921,37.24562],[126.62338,37.24368],[126.62702,37.24607]]]}},{"type":"Feature","properties":{"h3":"8830e0056dfffff","emd_code":"4127361000","emd_name":"대부동","area_km2":0.5015,"edge":true,"slope_mean":2.48,"elev_mean":3.8,"flood_hist_n":0,"flood_depth_max_m":null,"flood_risk_100y":null,"semi_basement_r":null,"elderly_alone_r":0.2432,"bldg_age30_r":null,"shelter_min_walk":81,"pop":9159,"hh":5604,"elderly65_r":0.4004,"single_hh_r":0.5782,"source_level":"emd","flood_years":[],"landslide_hist_n":0},"geometry":{"type":"Polygon","coordinates":[[[126.62231,37.25233],[126.62178,37.25665],[126.61761,37.25859],[126.61398,37.25621],[126.61451,37.25189],[126.61868,37.24995],[126.62231,37.25233]]]}},{"type":"Feature","properties":{"h3":"8830e00709fffff","emd_code":"4127361000","emd_name":"대부동","area_km2":0.5015,"edge":true,"slope_mean":2.24,"elev_mean":2.3,"flood_hist_n":0,"flood_depth_max_m":null,"flood_risk_100y":null,"semi_basement_r":null,"elderly_alone_r":0.2432,"bldg_age30_r":null,"shelter_min_walk":99,"pop":9159,"hh":5604,"elderly65_r":0.4004,"single_hh_r":0.5782,"source_level":"emd","flood_years":[],"landslide_hist_n":0},"geometry":{"type":"Polygon","coordinates":[[[126.6112,37.31048],[126.61067,37.3148],[126.60649,37.31674],[126.60286,37.31435],[126.60339,37.31003],[126.60756,37.30809],[126.6112,37.31048]]]}},{"type":"Feature","properties":{"h3":"8830e0070bfffff","emd_code":"4127361000","emd_name":"대부동","area_km2":0.5016,"edge":false,"slope_mean":1.14,"elev_mean":0.8,"flood_hist_n":0,"flood_depth_max_m":null,"flood_risk_100y":null,"semi_basement_r":null,"elderly_alone_r":0.2432,"bldg_age30_r":null,"shelter_min_walk":89,"pop":9159,"hh":5604,"elderly65_r":0.4004,"single_hh_r":0.5782,"source_level":"emd","flood_years":[],"landslide_hist_n":0},"geometry":{"type":"Polygon","coordinates":[[[126.61901,37.31092],[126.61848,37.31525],[126.61431,37.31719],[126.61067,37.3148],[126.6112,37.31048],[126.61537,37.30854],[126.61901,37.31092]]]}},{"type":"Feature","properties":{"h3":"8830e0070dfffff","emd_code":"4127361000","emd_name":"대부동","area_km2":0.5014,"edge":true,"slope_mean":1.12,"elev_mean":0.9,"flood_hist_n":0,"flood_depth_max_m":null,"flood_risk_100y":null,"semi_basement_r":null,"elderly_alone_r":0.2432,"bldg_age30_r":null,"shelter_min_walk":106,"pop":9159,"hh":5604,"elderly65_r":0.4004,"single_hh_r":0.5782,"source_level":"emd","flood_years":[],"landslide_hist_n":0},"geometry":{"type":"Polygon","coordinates":[[[126.6081,37.30377],[126.60756,37.30809],[126.60339,37.31003],[126.59976,37.30764],[126.60029,37.30332],[126.60446,37.30138],[126.6081,37.30377]]]}},{"type":"Feature","properties":{"h3":"8830e00711fffff","emd_code":"4127361000","emd_name":"대부동","area_km2":0.5018,"edge":true,"slope_mean":0.47,"elev_mean":0.3,"flood_hist_n":0,"flood_depth_max_m":null,"flood_risk_100y":null,"semi_basement_r":null,"elderly_alone_r":0.2432,"bldg_age30_r":null,"shelter_min_walk":68,"pop":9159,"hh":5604,"elderly65_r":0.4004,"single_hh_r":0.5782,"source_level":"emd","flood_years":[],"landslide_hist_n":0},"geometry":{"type":"Polygon","coordinates":[[[126.63464,37.31182],[126.6341,37.31614],[126.62993,37.31808],[126.62629,37.3157],[126.62682,37.31137],[126.631,37.30943],[126.63464,37.31182]]]}},{"type":"Feature","properties":{"h3":"8830e00719fffff","emd_code":"4127361000","emd_name":"대부동","area_km2":0.5018,"edge":true,"slope_mean":0.74,"elev_mean":0.5,"flood_hist_n":0,"flood_depth_max_m":null,"flood_risk_100y":null,"semi_basement_r":null,"elderly_alone_r":0.2432,"bldg_age30_r":null,"shelter_min_walk":73,"pop":9159,"hh":5604,"elderly65_r":0.4004,"single_hh_r":0.5782,"source_level":"emd","flood_years":[],"landslide_hist_n":0},"geometry":{"type":"Polygon","coordinates":[[[126.62993,37.31808],[126.6294,37.32241],[126.62522,37.32434],[126.62158,37.32196],[126.62212,37.31763],[126.62629,37.3157],[126.62993,37.31808]]]}},{"type":"Feature","properties":{"h3":"8830e0071bfffff","emd_code":"4127361000","emd_name":"대부동","area_km2":0.5019,"edge":false,"slope_mean":0.77,"elev_mean":0.4,"flood_hist_n":0,"flood_depth_max_m":null,"flood_risk_100y":null,"semi_basement_r":null,"elderly_alone_r":0.2432,"bldg_age30_r":null,"shelter_min_walk":62,"pop":9159,"hh":5604,"elderly65_r":0.4004,"single_hh_r":0.5782,"source_level":"emd","flood_years":[],"landslide_hist_n":0},"geometry":{"type":"Polygon","coordinates":[[[126.63775,37.31853],[126.63721,37.32285],[126.63304,37.32479],[126.6294,37.32241],[126.62993,37.31808],[126.6341,37.31614],[126.63775,37.31853]]]}},{"type":"Feature","properties":{"h3":"8830e0071dfffff","emd_code":"4127361000","emd_name":"대부동","area_km2":0.5017,"edge":true,"slope_mean":0.8,"elev_mean":0.5,"flood_hist_n":0,"flood_depth_max_m":null,"flood_risk_100y":null,"semi_basement_r":null,"elderly_alone_r":0.2432,"bldg_age30_r":null,"shelter_min_walk":79,"pop":9159,"hh":5604,"elderly65_r":0.4004,"single_hh_r":0.5782,"source_level":"emd","flood_years":[],"landslide_hist_n":0},"geometry":{"type":"Polygon","coordinates":[[[126.62682,37.31137],[126.62629,37.3157],[126.62212,37.31763],[126.61848,37.31525],[126.61901,37.31092],[126.62319,37.30899],[126.62682,37.31137]]]}},{"type":"Feature","properties":{"h3":"8830e00747fffff","emd_code":"4127361000","emd_name":"대부동","area_km2":0.5014,"edge":true,"slope_mean":0.09,"elev_mean":0.1,"flood_hist_n":0,"flood_depth_max_m":null,"flood_risk_100y":null,"semi_basement_r":null,"elderly_alone_r":0.2432,"bldg_age30_r":null,"shelter_min_walk":109,"pop":9159,"hh":5604,"elderly65_r":0.4004,"single_hh_r":0.5782,"source_level":"emd","flood_years":[],"landslide_hist_n":0},"geometry":{"type":"Polygon","coordinates":[[[126.60339,37.31003],[126.60286,37.31435],[126.59869,37.31629],[126.59505,37.3139],[126.59558,37.30958],[126.59976,37.30764],[126.60339,37.31003]]]}},{"type":"Feature","properties":{"h3":"8830e00757fffff","emd_code":"4127361000","emd_name":"대부동","area_km2":0.5017,"edge":true,"slope_mean":0.4,"elev_mean":0.2,"flood_hist_n":0,"flood_depth_max_m":null,"flood_risk_100y":null,"semi_basement_r":null,"elderly_alone_r":0.2432,"bldg_age30_r":null,"shelter_min_walk":83,"pop":9159,"hh":5604,"elderly65_r":0.4004,"single_hh_r":0.5782,"source_level":"emd","flood_years":[],"landslide_hist_n":0},"geometry":{"type":"Polygon","coordinates":[[[126.62212,37.31763],[126.62158,37.32196],[126.61741,37.3239],[126.61377,37.32151],[126.61431,37.31719],[126.61848,37.31525],[126.62212,37.31763]]]}},{"type":"Feature","properties":{"h3":"8830e00761fffff","emd_code":"4127361000","emd_name":"대부동","area_km2":0.5013,"edge":true,"slope_mean":0.86,"elev_mean":0.5,"flood_hist_n":0,"flood_depth_max_m":null,"flood_risk_100y":null,"semi_basement_r":null,"elderly_alone_r":0.2432,"bldg_age30_r":null,"shelter_min_walk":121,"pop":9159,"hh":5604,"elderly65_r":0.4004,"single_hh_r":0.5782,"source_level":"emd","flood_years":[],"landslide_hist_n":0},"geometry":{"type":"Polygon","coordinates":[[[126.59719,37.29661],[126.59665,37.30093],[126.59248,37.30287],[126.58885,37.30048],[126.58938,37.29616],[126.59355,37.29422],[126.59719,37.29661]]]}},{"type":"Feature","properties":{"h3":"8830e00765fffff","emd_code":"4127361000","emd_name":"대부동","area_km2":0.5012,"edge":true,"slope_mean":0.12,"elev_mean":0.2,"flood_hist_n":0,"flood_depth_max_m":null,"flood_risk_100y":null,"semi_basement_r":null,"elderly_alone_r":0.2432,"bldg_age30_r":null,"shelter_min_walk":109,"pop":9159,"hh":5604,"elderly65_r":0.4004,"single_hh_r":0.5782,"source_level":"emd","flood_years":[],"landslide_hist_n":0},"geometry":{"type":"Polygon","coordinates":[[[126.59409,37.2899],[126.59355,37.29422],[126.58938,37.29616],[126.58575,37.29378],[126.58629,37.28945],[126.59045,37.28752],[126.59409,37.2899]]]}},{"type":"Feature","properties":{"h3":"8830e00769fffff","emd_code":"4127361000","emd_name":"대부동","area_km2":0.5012,"edge":true,"slope_mean":0.26,"elev_mean":0.1,"flood_hist_n":0,"flood_depth_max_m":null,"flood_risk_100y":null,"semi_basement_r":null,"elderly_alone_r":0.2432,"bldg_age30_r":null,"shelter_min_walk":126,"pop":9159,"hh":5604,"elderly65_r":0.4004,"single_hh_r":0.5782,"source_level":"emd","flood_years":[],"landslide_hist_n":0},"geometry":{"type":"Polygon","coordinates":[[[126.59248,37.30287],[126.59195,37.30719],[126.58778,37.30913],[126.58414,37.30674],[126.58468,37.30242],[126.58885,37.30048],[126.59248,37.30287]]]}},{"type":"Feature","properties":{"h3":"8830e0076bfffff","emd_code":"4127361000","emd_name":"대부동","area_km2":0.5013,"edge":false,"slope_mean":1.07,"elev_mean":0.6,"flood_hist_n":0,"flood_depth_max_m":null,"flood_risk_100y":null,"semi_basement_r":null,"elderly_alone_r":0.2432,"bldg_age30_r":null,"shelter_min_walk":116,"pop":9159,"hh":5604,"elderly65_r":0.4004,"single_hh_r":0.5782,"source_level":"emd","flood_years":[],"landslide_hist_n":0},"geometry":{"type":"Polygon","coordinates":[[[126.60029,37.30332],[126.59976,37.30764],[126.59558,37.30958],[126.59195,37.30719],[126.59248,37.30287],[126.59665,37.30093],[126.60029,37.30332]]]}},{"type":"Feature","properties":{"h3":"8830e0076dfffff","emd_code":"4127361000","emd_name":"대부동","area_km2":0.5012,"edge":false,"slope_mean":1.13,"elev_mean":0.6,"flood_hist_n":0,"flood_depth_max_m":null,"flood_risk_100y":null,"semi_basement_r":null,"elderly_alone_r":0.2432,"bldg_age30_r":null,"shelter_min_walk":118,"pop":9159,"hh":5604,"elderly65_r":0.4004,"single_hh_r":0.5782,"source_level":"emd","flood_years":[],"landslide_hist_n":0},"geometry":{"type":"Polygon","coordinates":[[[126.58938,37.29616],[126.58885,37.30048],[126.58468,37.30242],[126.58104,37.30003],[126.58158,37.29571],[126.58575,37.29378],[126.58938,37.29616]]]}},{"type":"Feature","properties":{"h3":"8830e00933fffff","emd_code":"4127361000","emd_name":"대부동","area_km2":0.5028,"edge":false,"slope_mean":3.31,"elev_mean":3.7,"flood_hist_n":0,"flood_depth_max_m":null,"flood_risk_100y":null,"semi_basement_r":null,"elderly_alone_r":0.2432,"bldg_age30_r":null,"shelter_min_walk":268,"pop":9159,"hh":5604,"elderly65_r":0.4004,"single_hh_r":0.5782,"source_level":"emd","flood_years":[],"landslide_hist_n":0},"geometry":{"type":"Polygon","coordinates":[[[126.45757,37.09259],[126.45675,37.08889],[126.46091,37.08695],[126.4659,37.0887],[126.46672,37.0924],[126.46256,37.09434],[126.45757,37.09259]]]}},{"type":"Feature","properties":{"h3":"8830e0093bfffff","emd_code":"4127361000","emd_name":"대부동","area_km2":0.5026,"edge":true,"slope_mean":0.1,"elev_mean":0.0,"flood_hist_n":0,"flood_depth_max_m":null,"flood_risk_100y":null,"semi_basement_r":null,"elderly_alone_r":0.2432,"bldg_age30_r":null,"shelter_min_walk":262,"pop":9159,"hh":5604,"elderly65_r":0.4004,"single_hh_r":0.5782,"source_level":"emd","flood_years":[],"landslide_hist_n":0},"geometry":{"type":"Polygon","coordinates":[[[126.45423,37.09823],[126.45341,37.09453],[126.45757,37.09259],[126.46256,37.09434],[126.46338,37.09804],[126.45922,37.09998],[126.45423,37.09823]]]}},{"type":"Feature","properties":{"h3":"8830e00c59fffff","emd_code":"4127361000","emd_name":"대부동","area_km2":0.5019,"edge":true,"slope_mean":3.91,"elev_mean":5.5,"flood_hist_n":0,"flood_depth_max_m":null,"flood_risk_100y":null,"semi_basement_r":null,"elderly_alone_r":0.2432,"bldg_age30_r":null,"shelter_min_walk":92,"pop":9159,"hh":5604,"elderly65_r":0.4004,"single_hh_r":0.5782,"source_level":"emd","flood_years":[],"landslide_hist_n":0},"geometry":{"type":"Polygon","coordinates":[[[126.64712,37.20002],[126.64629,37.19632],[126.65046,37.19438],[126.65546,37.19613],[126.65628,37.19982],[126.65212,37.20176],[126.64712,37.20002]]]}},{"type":"Feature","properties":{"h3":"8830e00c5dfffff","emd_code":"4127361000","emd_name":"대부동","area_km2":0.5019,"edge":false,"slope_mean":3.27,"elev_mean":4.3,"flood_hist_n":0,"flood_depth_max_m":null,"flood_risk_100y":null,"semi_basement_r":null,"elderly_alone_r":0.2432,"bldg_age30_r":null,"shelter_min_walk":94,"pop":9159,"hh":5604,"elderly65_r":0.4004,"single_hh_r":0.5782,"source_level":"emd","flood_years":[],"landslide_hist_n":0},"geometry":{"type":"Polygon","coordinates":[[[126.6413,37.19458],[126.64047,37.19088],[126.64464,37.18894],[126.64963,37.19069],[126.65046,37.19438],[126.64629,37.19632],[126.6413,37.19458]]]}},{"type":"Feature","properties":{"h3":"8830e00e03fffff","emd_code":"4127361000","emd_name":"대부동","area_km2":0.5016,"edge":true,"slope_mean":2.13,"elev_mean":2.7,"flood_hist_n":0,"flood_depth_max_m":null,"flood_risk_100y":null,"semi_basement_r":null,"elderly_alone_r":0.2432,"bldg_age30_r":null,"shelter_min_walk":89,"pop":9159,"hh":5604,"elderly65_r":0.4004,"single_hh_r":0.5782,"source_level":"emd","flood_years":[],"landslide_hist_n":0},"geometry":{"type":"Polygon","coordinates":[[[126.63491,37.21386],[126.63438,37.21818],[126.63021,37.22012],[126.62658,37.21774],[126.62711,37.21342],[126.63128,37.21148],[126.63491,37.21386]]]}},{"type":"Feature","properties":{"h3":"8830e00e05fffff","emd_code":"4127361000","emd_name":"대부동","area_km2":0.5015,"edge":true,"slope_mean":1.6,"elev_mean":1.6,"flood_hist_n":0,"flood_depth_max_m":null,"flood_risk_100y":null,"semi_basement_r":null,"elderly_alone_r":0.2432,"bldg_age30_r":null,"shelter_min_walk":75,"pop":9159,"hh":5604,"elderly65_r":0.4004,"single_hh_r":0.5782,"source_level":"emd","flood_years":[],"landslide_hist_n":0},"geometry":{"type":"Polygon","coordinates":[[[126.61296,37.21186],[126.61213,37.20817],[126.6163,37.20623],[126.62129,37.20798],[126.62212,37.21167],[126.61795,37.21361],[126.61296,37.21186]]]}},{"type":"Feature","properties":{"h3":"8830e00e0bfffff","emd_code":"4127361000","emd_name":"대부동","area_km2":0.5015,"edge":true,"slope_mean":1.49,"elev_mean":2.1,"flood_hist_n":0,"flood_depth_max_m":null,"flood_risk_100y":null,"semi_basement_r":null,"elderly_alone_r":0.2432,"bldg_age30_r":null,"shelter_min_walk":81,"pop":9159,"hh":5604,"elderly65_r":0.4004,"single_hh_r":0.5782,"source_level":"emd","flood_years":[],"landslide_hist_n":0},"geometry":{"type":"Polygon","coordinates":[[[126.63021,37.22012],[126.62968,37.22445],[126.62551,37.22639],[126.62188,37.22401],[126.62241,37.21968],[126.62658,37.21774],[126.63021,37.22012]]]}},{"type":"Feature","properties":{"h3":"8830e00e0dfffff","emd_code":"4127361000","emd_name":"대부동","area_km2":0.5014,"edge":true,"slope_mean":1.3,"elev_mean":2.0,"flood_hist_n":0,"flood_depth_max_m":null,"flood_risk_100y":null,"semi_basement_r":null,"elderly_alone_r":0.2432,"bldg_age30_r":null,"shelter_min_walk":68,"pop":9159,"hh":5604,"elderly65_r":0.4004,"single_hh_r":0.5782,"source_level":"emd","flood_years":[],"landslide_hist_n":0},"geometry":{"type":"Polygon","coordinates":[[[126.60962,37.21749],[126.60879,37.2138],[126.61296,37.21186],[126.61795,37.21361],[126.61878,37.2173],[126.61461,37.21924],[126.60962,37.21749]]]}},{"type":"Feature","properties":{"h3":"8830e00e11fffff","emd_code":"4127361000","emd_name":"대부동","area_km2":0.5017,"edge":false,"slope_mean":13.22,"elev_mean":49.0,"flood_hist_n":0,"flood_depth_max_m":null,"flood_risk_100y":null,"semi_basement_r":null,"elderly_alone_r":0.2432,"bldg_age30_r":null,"shelter_min_walk":101,"pop":9159,"hh":5604,"elderly65_r":0.4004,"single_hh_r":0.5782,"source_level":"emd","flood_years":[],"landslide_hist_n":0},"geometry":{"type":"Polygon","coordinates":[[[126.64582,37.221],[126.64529,37.22533],[126.64112,37.22727],[126.63748,37.22489],[126.63802,37.22056],[126.64218,37.21862],[126.64582,37.221]]]}},{"type":"Feature","properties":{"h3":"8830e00e13fffff","emd_code":"4127361000","emd_name":"대부동","area_km2":0.5018,"edge":false,"slope_mean":6.68,"elev_mean":18.2,"flood_hist_n":0,"flood_depth_max_m":null,"flood_risk_100y":null,"semi_basement_r":null,"elderly_alone_r":0.2432,"bldg_age30_r":null,"shelter_min_walk":111,"pop":9159,"hh":5604,"elderly65_r":0.4004,"single_hh_r":0.5782,"source_level":"emd","flood_years":[],"landslide_hist_n":0},"geometry":{"type":"Polygon","coordinates":[[[126.65363,37.22144],[126.65309,37.22577],[126.64893,37.22771],[126.64529,37.22533],[126.64582,37.221],[126.64999,37.21906],[126.65363,37.22144]]]}},{"type":"Feature","properties":{"h3":"8830e00e15fffff","emd_code":"4127361000","emd_name":"대부동","area_km2":0.5017,"edge":false,"slope_mean":3.14,"elev_mean":7.7,"flood_hist_n":0,"flood_depth_max_m":null,"flood_risk_100y":null,"semi_basement_r":null,"elderly_alone_r":0.2432,"bldg_age30_r":null,"shelter_min_walk":99,"pop":9159,"hh":5604,"elderly65_r":0.4004,"single_hh_r":0.5782,"source_level":"emd","flood_years":[],"landslide_hist_n":0},"geometry":{"type":"Polygon","coordinates":[[[126.64272,37.2143],[126.64218,37.21862],[126.63802,37.22056],[126.63438,37.21818],[126.63491,37.21386],[126.63908,37.21192],[126.64272,37.2143]]]}},{"type":"Feature","properties":{"h3":"8830e00e17fffff","emd_code":"4127361000","emd_name":"대부동","area_km2":0.5018,"edge":false,"slope_mean":12.98,"elev_mean":35.1,"flood_hist_n":0,"flood_depth_max_m":null,"flood_risk_100y":null,"semi_basement_r":null,"elderly_alone_r":0.2432,"bldg_age30_r":null,"shelter_min_walk":109,"pop":9159,"hh":5604,"elderly65_r":0.4004,"single_hh_r":0.5782,"source_level":"emd","flood_years":[],"landslide_hist_n":0},"geometry":{"type":"Polygon","coordinates":[[[126.65052,37.21474],[126.64999,37.21906],[126.64582,37.221],[126.64218,37.21862],[126.64272,37.2143],[126.64688,37.21235],[126.65052,37.21474]]]}},{"type":"Feature","properties":{"h3":"8830e00e19fffff","emd_code":"4127361000","emd_name":"대부동","area_km2":0.5017,"edge":false,"slope_mean":10.42,"elev_mean":29.5,"flood_hist_n":0,"flood_depth_max_m":null,"flood_risk_100y":null,"semi_basement_r":null,"elderly_alone_r":0.2432,"bldg_age30_r":null,"shelter_min_walk":94,"pop":9159,"hh":5604,"elderly65_r":0.4004,"single_hh_r":0.5782,"source_level":"emd","flood_years":[],"landslide_hist_n":0},"geometry":{"type":"Polygon","coordinates":[[[126.64112,37.22727],[126.64059,37.23159],[126.63642,37.23354],[126.63278,37.23115],[126.63332,37.22683],[126.63748,37.22489],[126.64112,37.22727]]]}},{"type":"Feature","properties":{"h3":"8830e00e1bfffff","emd_code":"4127361000","emd_name":"대부동","area_km2":0.5018,"edge":true,"slope_mean":3.65,"elev_mean":8.8,"flood_hist_n":0,"flood_depth_max_m":null,"flood_risk_100y":null,"semi_basement_r":null,"elderly_alone_r":0.2432,"bldg_age30_r":null,"shelter_min_walk":105,"pop":9159,"hh":5604,"elderly65_r":0.4004,"single_hh_r":0.5782,"source_level":"emd","flood_years":[],"landslide_hist_n":0},"geometry":{"type":"Polygon","coordinates":[[[126.64893,37.22771],[126.64839,37.23203],[126.64423,37.23398],[126.64059,37.23159],[126.64112,37.22727],[126.64529,37.22533],[126.64893,37.22771]]]}},{"type":"Feature","properties":{"h3":"8830e00e1dfffff","emd_code":"4127361000","emd_name":"대부동","area_km2":0.5016,"edge":false,"slope_mean":6.68,"elev_mean":16.1,"flood_hist_n":0,"flood_depth_max_m":null,"flood_risk_100y":null,"semi_basement_r":null,"elderly_alone_r":0.2432,"bldg_age30_r":null,"shelter_min_walk":91,"pop":9159,"hh":5604,"elderly65_r":0.4004,"single_hh_r":0.5782,"source_level":"emd","flood_years":[],"landslide_hist_n":0},"geometry":{"type":"Polygon","coordinates":[[[126.63802,37.22056],[126.63748,37.22489],[126.63332,37.22683],[126.62968,37.22445],[126.63021,37.22012],[126.63438,37.21818],[126.63802,37.22056]]]}},{"type":"Feature","properties":{"h3":"8830e00e29fffff","emd_code":"4127361000","emd_name":"대부동","area_km2":0.5016,"edge":true,"slope_mean":0.23,"elev_mean":0.1,"flood_hist_n":0,"flood_depth_max_m":null,"flood_risk_100y":null,"semi_basement_r":null,"elderly_alone_r":0.2432,"bldg_age30_r":null,"shelter_min_walk":73,"pop":9159,"hh":5604,"elderly65_r":0.4004,"single_hh_r":0.5782,"source_level":"emd","flood_years":[],"landslide_hist_n":0},"geometry":{"type":"Polygon","coordinates":[[[126.60714,37.20642],[126.60631,37.20273],[126.61048,37.20079],[126.61547,37.20254],[126.6163,37.20623],[126.61213,37.20817],[126.60714,37.20642]]]}},{"type":"Feature","properties":{"h3":"8830e00e31fffff","emd_code":"4127361000","emd_name":"대부동","area_km2":0.5017,"edge":true,"slope_mean":2.89,"elev_mean":3.8,"flood_hist_n":0,"flood_depth_max_m":null,"flood_risk_100y":null,"semi_basement_r":null,"elderly_alone_r":0.2432,"bldg_age30_r":null,"shelter_min_walk":105,"pop":9159,"hh":5604,"elderly65_r":0.4004,"single_hh_r":0.5782,"source_level":"emd","flood_years":[],"landslide_hist_n":0},"geometry":{"type":"Polygon","coordinates":[[[126.63462,37.20584],[126.63379,37.20215],[126.63796,37.20021],[126.64295,37.20196],[126.64378,37.20565],[126.63961,37.20759],[126.63462,37.20584]]]}},{"type":"Feature","properties":{"h3":"8830e00e33fffff","emd_code":"4127361000","emd_name":"대부동","area_km2":0.5018,"edge":true,"slope_mean":5.04,"elev_mean":8.1,"flood_hist_n":0,"flood_depth_max_m":null,"flood_risk_100y":null,"semi_basement_r":null,"elderly_alone_r":0.2432,"bldg_age30_r":null,"shelter_min_walk":102,"pop":9159,"hh":5604,"elderly65_r":0.4004,"single_hh_r":0.5782,"source_level":"emd","flood_years":[],"landslide_hist_n":0},"geometry":{"type":"Polygon","coordinates":[[[126.64378,37.20565],[126.64295,37.20196],[126.64712,37.20002],[126.65212,37.20176],[126.65158,37.20609],[126.64742,37.20803],[126.64378,37.20565]]]}},{"type":"Feature","properties":{"h3":"8830e00e37fffff","emd_code":"4127361000","emd_name":"대부동","area_km2":0.5018,"edge":false,"slope_mean":6.3,"elev_mean":10.1,"flood_hist_n":0,"flood_depth_max_m":null,"flood_risk_100y":null,"semi_basement_r":null,"elderly_alone_r":0.2432,"bldg_age30_r":null,"shelter_min_walk":102,"pop":9159,"hh":5604,"elderly65_r":0.4004,"single_hh_r":0.5782,"source_level":"emd","flood_years":[],"landslide_hist_n":0},"geometry":{"type":"Polygon","coordinates":[[[126.63796,37.20021],[126.63713,37.19652],[126.6413,37.19458],[126.64629,37.19632],[126.64712,37.20002],[126.64295,37.20196],[126.63796,37.20021]]]}},{"type":"Feature","properties":{"h3":"8830e00e3bfffff","emd_code":"4127361000","emd_name":"대부동","area_km2":0.5017,"edge":true,"slope_mean":4.04,"elev_mean":6.2,"flood_hist_n":0,"flood_depth_max_m":null,"flood_risk_100y":null,"semi_basement_r":null,"elderly_alone_r":0.2432,"bldg_age30_r":null,"shelter_min_walk":108,"pop":9159,"hh":5604,"elderly65_r":0.4004,"single_hh_r":0.5782,"source_level":"emd","flood_years":[],"landslide_hist_n":0},"geometry":{"type":"Polygon","coordinates":[[[126.64742,37.20803],[126.64688,37.21235],[126.64272,37.2143],[126.63908,37.21192],[126.63961,37.20759],[126.64378,37.20565],[126.64742,37.20803]]]}},{"type":"Feature","properties":{"h3":"8830e00e41fffff","emd_code":"4127361000","emd_name":"대부동","area_km2":0.5012,"edge":true,"slope_mean":2.09,"elev_mean":3.1,"flood_hist_n":0,"flood_depth_max_m":null,"flood_risk_100y":null,"semi_basement_r":null,"elderly_alone_r":0.2432,"bldg_age30_r":null,"shelter_min_walk":53,"pop":9159,"hh":5604,"elderly65_r":0.4004,"single_hh_r":0.5782,"source_level":"emd","flood_years":[],"landslide_hist_n":0},"geometry":{"type":"Polygon","coordinates":[[[126.60991,37.2255],[126.60938,37.22983],[126.60521,37.23177],[126.60158,37.22939],[126.60211,37.22506],[126.60628,37.22312],[126.60991,37.2255]]]}},{"type":"Feature","properties":{"h3":"8830e00e43fffff","emd_code":"4127361000","emd_name":"대부동","area_km2":0.5014,"edge":true,"slope_mean":3.82,"elev_mean":4.3,"flood_hist_n":0,"flood_depth_max_m":null,"flood_risk_100y":null,"semi_basement_r":null,"elderly_alone_r":0.2432,"bldg_age30_r":null,"shelter_min_walk":64,"pop":9159,"hh":5604,"elderly65_r":0.4004,"single_hh_r":0.5782,"source_level":"emd","flood_years":[],"landslide_hist_n":0},"geometry":{"type":"Polygon","coordinates":[[[126.61771,37.22595],[126.61718,37.23027],[126.61301,37.23221],[126.60938,37.22983],[126.60991,37.2255],[126.61408,37.22356],[126.61771,37.22595]]]}},{"type":"Feature","properties":{"h3":"8830e00e45fffff","emd_code":"4127361000","emd_name":"대부동","area_km2":0.5012,"edge":false,"slope_mean":3.63,"elev_mean":6.4,"flood_hist_n":0,"flood_depth_max_m":null,"flood_risk_100y":null,"semi_basement_r":null,"elderly_alone_r":0.2432,"bldg_age30_r":null,"shelter_min_walk":49,"pop":9159,"hh":5604,"elderly65_r":0.4004,"single_hh_r":0.5782,"source_level":"emd","flood_years":[],"landslide_hist_n":0},"geometry":{"type":"Polygon","coordinates":[[[126.59712,37.22331],[126.59629,37.21962],[126.60046,37.21768],[126.60545,37.21943],[126.60628,37.22312],[126.60211,37.22506],[126.59712,37.22331]]]}},{"type":"Feature","properties":{"h3":"8830e00e47fffff","emd_code":"4127361000","emd_name":"대부동","area_km2":0.5013,"edge":true,"slope_mean":1.49,"elev_mean":1.8,"flood_hist_n":0,"flood_depth_max_m":null,"flood_risk_100y":null,"semi_basement_r":null,"elderly_alone_r":0.2432,"bldg_age30_r":null,"shelter_min_walk":60,"pop":9159,"hh":5604,"elderly65_r":0.4004,"single_hh_r":0.5782,"source_level":"emd","flood_years":[],"landslide_hist_n":0},"geometry":{"type":"Polygon","coordinates":[[[126.60628,37.22312],[126.60545,37.21943],[126.60962,37.21749],[126.61461,37.21924],[126.61408,37.22356],[126.60991,37.2255],[126.60628,37.22312]]]}},{"type":"Feature","properties":{"h3":"8830e00e49fffff","emd_code":"4127361000","emd_name":"대부동","area_km2":0.5012,"edge":false,"slope_mean":3.96,"elev_mean":7.0,"flood_hist_n":0,"flood_depth_max_m":null,"flood_risk_100y":null,"semi_basement_r":null,"elderly_alone_r":0.2432,"bldg_age30_r":null,"shelter_min_walk":48,"pop":9159,"hh":5604,"elderly65_r":0.4004,"single_hh_r":0.5782,"source_level":"emd","flood_years":[],"landslide_hist_n":0},"geometry":{"type":"Polygon","coordinates":[[[126.60521,37.23177],[126.60468,37.23609],[126.60051,37.23803],[126.59688,37.23565],[126.59741,37.23132],[126.60158,37.22939],[126.60521,37.23177]]]}},{"type":"Feature","properties":{"h3":"8830e00e4bfffff","emd_code":"4127361000","emd_name":"대부동","area_km2":0.5013,"edge":false,"slope_mean":5.14,"elev_mean":10.9,"flood_hist_n":0,"flood_depth_max_m":null,"flood_risk_100y":null,"semi_basement_r":null,"elderly_alone_r":0.2432,"bldg_age30_r":null,"shelter_min_walk":58,"pop":9159,"hh":5604,"elderly65_r":0.4004,"single_hh_r":0.5782,"source_level":"emd","flood_years":[],"landslide_hist_n":0},"geometry":{"type":"Polygon","coordinates":[[[126.61301,37.23221],[126.61248,37.23653],[126.60831,37.23847],[126.60468,37.23609],[126.60521,37.23177],[126.60938,37.22983],[126.61301,37.23221]]]}},{"type":"Feature","properties":{"h3":"8830e00e4dfffff","emd_code":"4127361000","emd_name":"대부동","area_km2":0.5012,"edge":false,"slope_mean":3.4,"elev_mean":5.5,"flood_hist_n":0,"flood_depth_max_m":null,"flood_risk_100y":null,"semi_basement_r":null,"elderly_alone_r":0.2432,"bldg_age30_r":null,"shelter_min_walk":42,"pop":9159,"hh":5604,"elderly65_r":0.4004,"single_hh_r":0.5782,"source_level":"emd","flood_years":[],"landslide_hist_n":0},"geometry":{"type":"Polygon","coordinates":[[[126.59378,37.22894],[126.59295,37.22525],[126.59712,37.22331],[126.60211,37.22506],[126.60158,37.22939],[126.59741,37.23132],[126.59378,37.22894]]]}},{"type":"Feature","properties":{"h3":"8830e00e51fffff","emd_code":"4127361000","emd_name":"대부동","area_km2":0.5015,"edge":false,"slope_mean":4.83,"elev_mean":7.8,"flood_hist_n":0,"flood_depth_max_m":null,"flood_risk_100y":null,"semi_basement_r":null,"elderly_alone_r":0.2432,"bldg_age30_r":null,"shelter_min_walk":79,"pop":9159,"hh":5604,"elderly65_r":0.4004,"single_hh_r":0.5782,"source_level":"emd","flood_years":[],"landslide_hist_n":0},"geometry":{"type":"Polygon","coordinates":[[[126.62862,37.23309],[126.62808,37.23742],[126.62391,37.23936],[126.62028,37.23698],[126.62081,37.23265],[126.62498,37.23071],[126.62862,37.23309]]]}},{"type":"Feature","properties":{"h3":"8830e00e53fffff","emd_code":"4127361000","emd_name":"대부동","area_km2":0.5016,"edge":true,"slope_mean":3.53,"elev_mean":6.8,"flood_hist_n":0,"flood_depth_max_m":null,"flood_risk_100y":null,"semi_basement_r":null,"elderly_alone_r":0.2432,"bldg_age30_r":null,"shelter_min_walk":89,"pop":9159,"hh":5604,"elderly65_r":0.4004,"single_hh_r":0.5782,"source_level":"emd","flood_years":[],"landslide_hist_n":0},"geometry":{"type":"Polygon","coordinates":[[[126.63642,37.23354],[126.63589,37.23786],[126.63172,37.2398],[126.62808,37.23742],[126.62862,37.23309],[126.63278,37.23115],[126.63642,37.23354]]]}},{"type":"Feature","properties":{"h3":"8830e00e55fffff","emd_code":"4127361000","emd_name":"대부동","area_km2":0.5015,"edge":true,"slope_mean":2.59,"elev_mean":3.3,"flood_hist_n":0,"flood_depth_max_m":null,"flood_risk_100y":null,"semi_basement_r":null,"elderly_alone_r":0.2432,"bldg_age30_r":null,"shelter_min_walk":74,"pop":9159,"hh":5604,"elderly65_r":0.4004,"single_hh_r":0.5782,"source_level":"emd","flood_years":[],"landslide_hist_n":0},"geometry":{"type":"Polygon","coordinates":[[[126.62551,37.22639],[126.62498,37.23071],[126.62081,37.23265],[126.61718,37.23027],[126.61771,37.22595],[126.62188,37.22401],[126.62551,37.22639]]]}},{"type":"Feature","properties":{"h3":"8830e00e57fffff","emd_code":"4127361000","emd_name":"대부동","area_km2":0.5016,"edge":false,"slope_mean":7.79,"elev_mean":18.8,"flood_hist_n":0,"flood_depth_max_m":null,"flood_risk_100y":null,"semi_basement_r":null,"elderly_alone_r":0.2432,"bldg_age30_r":null,"shelter_min_walk":84,"pop":9159,"hh":5604,"elderly65_r":0.4004,"single_hh_r":0.5782,"source_level":"emd","flood_years":[],"landslide_hist_n":0},"geometry":{"type":"Polygon","coordinates":[[[126.63332,37.22683],[126.63278,37.23115],[126.62862,37.23309],[126.62498,37.23071],[126.62551,37.22639],[126.62968,37.22445],[126.63332,37.22683]]]}},{"type":"Feature","properties":{"h3":"8830e00e59fffff","emd_code":"4127361000","emd_name":"대부동","area_km2":0.5015,"edge":false,"slope_mean":6.5,"elev_mean":13.1,"flood_hist_n":0,"flood_depth_max_m":null,"flood_risk_100y":null,"semi_basement_r":null,"elderly_alone_r":0.2432,"bldg_age30_r":null,"shelter_min_walk":75,"pop":9159,"hh":5604,"elderly65_r":0.4004,"single_hh_r":0.5782,"source_level":"emd","flood_years":[],"landslide_hist_n":0},"geometry":{"type":"Polygon","coordinates":[[[126.62391,37.23936],[126.62338,37.24368],[126.61921,37.24562],[126.61558,37.24324],[126.61611,37.23892],[126.62028,37.23698],[126.62391,37.23936]]]}},{"type":"Feature","properties":{"h3":"8830e00e5bfffff","emd_code":"4127361000","emd_name":"대부동","area_km2":0.5016,"edge":true,"slope_mean":0.67,"elev_mean":1.1,"flood_hist_n":0,"flood_depth_max_m":null,"flood_risk_100y":null,"semi_basement_r":null,"elderly_alone_r":0.2432,"bldg_age30_r":null,"shelter_min_walk":85,"pop":9159,"hh":5604,"elderly65_r":0.4004,"single_hh_r":0.5782,"source_level":"emd","flood_years":[],"landslide_hist_n":0},"geometry":{"type":"Polygon","coordinates":[[[126.63172,37.2398],[126.63119,37.24412],[126.62702,37.24607],[126.62338,37.24368],[126.62391,37.23936],[126.62808,37.23742],[126.63172,37.2398]]]}},{"type":"Feature","properties":{"h3":"8830e00e5dfffff","emd_code":"4127361000","emd_name":"대부동","area_km2":0.5014,"edge":false,"slope_mean":6.84,"elev_mean":12.7,"flood_hist_n":0,"flood_depth_max_m":null,"flood_risk_100y":null,"semi_basement_r":null,"elderly_alone_r":0.2432,"bldg_age30_r":null,"shelter_min_walk":68,"pop":9159,"hh":5604,"elderly65_r":0.4004,"single_hh_r":0.5782,"source_level":"emd","flood_years":[],"landslide_hist_n":0},"geometry":{"type":"Polygon","coordinates":[[[126.62081,37.23265],[126.62028,37.23698],[126.61611,37.23892],[126.61248,37.23653],[126.61301,37.23221],[126.61718,37.23027],[126.62081,37.23265]]]}},{"type":"Feature","properties":{"h3":"8830e00e61fffff","emd_code":"4127361000","emd_name":"대부동","area_km2":0.5014,"edge":true,"slope_mean":1.01,"elev_mean":1.3,"flood_hist_n":0,"flood_depth_max_m":null,"flood_risk_100y":null,"semi_basement_r":null,"elderly_alone_r":0.2432,"bldg_age30_r":null,"shelter_min_walk":54,"pop":9159,"hh":5604,"elderly65_r":0.4004,"single_hh_r":0.5782,"source_level":"emd","flood_years":[],"landslide_hist_n":0},"geometry":{"type":"Polygon","coordinates":[[[126.59464,37.21225],[126.59381,37.20856],[126.59798,37.20661],[126.60297,37.20836],[126.6038,37.21205],[126.59963,37.21399],[126.59464,37.21225]]]}},{"type":"Feature","properties":{"h3":"8830e00e63fffff","emd_code":"4127361000","emd_name":"대부동","area_km2":0.5015,"edge":false,"slope_mean":2.28,"elev_mean":3.4,"flood_hist_n":0,"flood_depth_max_m":null,"flood_risk_100y":null,"semi_basement_r":null,"elderly_alone_r":0.2432,"bldg_age30_r":null,"shelter_min_walk":64,"pop":9159,"hh":5604,"elderly65_r":0.4004,"single_hh_r":0.5782,"source_level":"emd","flood_years":[],"landslide_hist_n":0},"geometry":{"type":"Polygon","coordinates":[[[126.6038,37.21205],[126.60297,37.20836],[126.60714,37.20642],[126.61213,37.20817],[126.61296,37.21186],[126.60879,37.2138],[126.6038,37.21205]]]}},{"type":"Feature","properties":{"h3":"8830e00e67fffff","emd_code":"4127361000","emd_name":"대부동","area_km2":0.5015,"edge":true,"slope_mean":0.13,"elev_mean":0.0,"flood_hist_n":0,"flood_depth_max_m":null,"flood_risk_100y":null,"semi_basement_r":null,"elderly_alone_r":0.2432,"bldg_age30_r":null,"shelter_min_walk":63,"pop":9159,"hh":5604,"elderly65_r":0.4004,"single_hh_r":0.5782,"source_level":"emd","flood_years":[],"landslide_hist_n":0},"geometry":{"type":"Polygon","coordinates":[[[126.59798,37.20661],[126.59715,37.20292],[126.60132,37.20098],[126.60631,37.20273],[126.60714,37.20642],[126.60297,37.20836],[126.59798,37.20661]]]}},{"type":"Feature","properties":{"h3":"8830e00e69fffff","emd_code":"4127361000","emd_name":"대부동","area_km2":0.5013,"edge":false,"slope_mean":2.24,"elev_mean":5.2,"flood_hist_n":0,"flood_depth_max_m":null,"flood_risk_100y":null,"semi_basement_r":null,"elderly_alone_r":0.2432,"bldg_age30_r":null,"shelter_min_walk":45,"pop":9159,"hh":5604,"elderly65_r":0.4004,"single_hh_r":0.5782,"source_level":"emd","flood_years":[],"landslide_hist_n":0},"geometry":{"type":"Polygon","coordinates":[[[126.5913,37.21788],[126.59047,37.21419],[126.59464,37.21225],[126.59963,37.21399],[126.60046,37.21768],[126.59629,37.21962],[126.5913,37.21788]]]}},{"type":"Feature","properties":{"h3":"8830e00e6bfffff","emd_code":"4127361000","emd_name":"대부동","area_km2":0.5014,"edge":false,"slope_mean":2.73,"elev_mean":6.3,"flood_hist_n":0,"flood_depth_max_m":null,"flood_risk_100y":null,"semi_basement_r":null,"elderly_alone_r":0.2432,"bldg_age30_r":null,"shelter_min_walk":56,"pop":9159,"hh":5604,"elderly65_r":0.4004,"single_hh_r":0.5782,"source_level":"emd","flood_years":[],"landslide_hist_n":0},"geometry":{"type":"Polygon","coordinates":[[[126.60046,37.21768],[126.59963,37.21399],[126.6038,37.21205],[126.60879,37.2138],[126.60962,37.21749],[126.60545,37.21943],[126.60046,37.21768]]]}},{"type":"Feature","properties":{"h3":"8830e00e6dfffff","emd_code":"4127361000","emd_name":"대부동","area_km2":0.5014,"edge":true,"slope_mean":0.7,"elev_mean":1.0,"flood_hist_n":0,"flood_depth_max_m":null,"flood_risk_100y":null,"semi_basement_r":null,"elderly_alone_r":0.2432,"bldg_age30_r":null,"shelter_min_walk":44,"pop":9159,"hh":5604,"elderly65_r":0.4004,"single_hh_r":0.5782,"source_level":"emd","flood_years":[],"landslide_hist_n":0},"geometry":{"type":"Polygon","coordinates":[[[126.58548,37.21244],[126.58466,37.20875],[126.58882,37.20681],[126.59381,37.20856],[126.59464,37.21225],[126.59047,37.21419],[126.58548,37.21244]]]}},{"type":"Feature","properties":{"h3":"8830e00ee9fffff","emd_code":"4127361000","emd_name":"대부동","area_km2":0.5019,"edge":true,"slope_mean":0.9,"elev_mean":1.5,"flood_hist_n":0,"flood_depth_max_m":null,"flood_risk_100y":null,"semi_basement_r":null,"elderly_alone_r":0.2432,"bldg_age30_r":null,"shelter_min_walk":111,"pop":9159,"hh":5604,"elderly65_r":0.4004,"single_hh_r":0.5782,"source_level":"emd","flood_years":[],"landslide_hist_n":0},"geometry":{"type":"Polygon","coordinates":[[[126.65833,37.21517],[126.6578,37.2195],[126.65363,37.22144],[126.64999,37.21906],[126.65052,37.21474],[126.65469,37.21279],[126.65833,37.21517]]]}},{"type":"Feature","properties":{"h3":"8830e00eedfffff","emd_code":"4127361000","emd_name":"대부동","area_km2":0.5018,"edge":false,"slope_mean":5.59,"elev_mean":7.9,"flood_hist_n":0,"flood_depth_max_m":null,"flood_risk_100y":null,"semi_basement_r":null,"elderly_alone_r":0.2432,"bldg_age30_r":null,"shelter_min_walk":105,"pop":9159,"hh":5604,"elderly65_r":0.4004,"single_hh_r":0.5782,"source_level":"emd","flood_years":[],"landslide_hist_n":0},"geometry":{"type":"Polygon","coordinates":[[[126.65522,37.20847],[126.65469,37.21279],[126.65052,37.21474],[126.64688,37.21235],[126.64742,37.20803],[126.65158,37.20609],[126.65522,37.20847]]]}},{"type":"Feature","properties":{"h3":"8830e00f49fffff","emd_code":"4127361000","emd_name":"대부동","area_km2":0.5015,"edge":true,"slope_mean":3.1,"elev_mean":3.5,"flood_hist_n":0,"flood_depth_max_m":null,"flood_risk_100y":null,"semi_basement_r":null,"elderly_alone_r":0.2432,"bldg_age30_r":null,"shelter_min_walk":58,"pop":9159,"hh":5604,"elderly65_r":0.4004,"single_hh_r":0.5782,"source_level":"emd","flood_years":[],"landslide_hist_n":0},"geometry":{"type":"Polygon","coordinates":[[[126.55887,37.1963],[126.55805,37.19261],[126.56221,37.19067],[126.5672,37.19242],[126.56803,37.19611],[126.56386,37.19805],[126.55887,37.1963]]]}},{"type":"Feature","properties":{"h3":"8830e03005fffff","emd_code":"4127359000","emd_name":"선부2동","area_km2":0.5042,"edge":true,"slope_mean":15.33,"elev_mean":81.0,"flood_hist_n":0,"flood_depth_max_m":null,"flood_risk_100y":null,"semi_basement_r":null,"elderly_alone_r":0.1338,"bldg_age30_r":null,"shelter_min_walk":17,"pop":16946,"hh":8547,"elderly65_r":0.1667,"single_hh_r":0.4701,"source_level":"emd","flood_years":[],"landslide_hist_n":0},"geometry":{"type":"Polygon","coordinates":[[[126.79899,37.35382],[126.79847,37.35815],[126.79428,37.3601],[126.79063,37.35771],[126.79115,37.35338],[126.79533,37.35143],[126.79899,37.35382]]]}},{"type":"Feature","properties":{"h3":"8830e03007fffff","emd_code":"4127359000","emd_name":"선부2동","area_km2":0.5044,"edge":true,"slope_mean":10.11,"elev_mean":53.1,"flood_hist_n":0,"flood_depth_max_m":null,"flood_risk_100y":null,"semi_basement_r":null,"elderly_alone_r":0.1338,"bldg_age30_r":null,"shelter_min_walk":13,"pop":16946,"hh":8547,"elderly65_r":0.1667,"single_hh_r":0.4701,"source_level":"emd","flood_years":[],"landslide_hist_n":0},"geometry":{"type":"Polygon","coordinates":[[[126.80684,37.35426],[126.80631,37.35859],[126.80213,37.36054],[126.79847,37.35815],[126.79899,37.35382],[126.80318,37.35187],[126.80684,37.35426]]]}},{"type":"Feature","properties":{"h3":"8830e03017fffff","emd_code":"4127360000","emd_name":"선부3동","area_km2":0.5046,"edge":true,"slope_mean":15.73,"elev_mean":72.4,"flood_hist_n":0,"flood_depth_max_m":null,"flood_risk_100y":null,"semi_basement_r":null,"elderly_alone_r":0.1015,"bldg_age30_r":null,"shelter_min_walk":7,"pop":31279,"hh":14614,"elderly65_r":0.1623,"single_hh_r":0.4051,"source_level":"emd","flood_years":[],"landslide_hist_n":0},"geometry":{"type":"Polygon","coordinates":[[[126.82567,37.36186],[126.82515,37.36619],[126.82096,37.36814],[126.8173,37.36575],[126.81782,37.36142],[126.82201,37.35947],[126.82567,37.36186]]]}},{"type":"Feature","properties":{"h3":"8830e03021fffff","emd_code":"4127359000","emd_name":"선부2동","area_km2":0.5042,"edge":false,"slope_mean":9.08,"elev_mean":31.4,"flood_hist_n":0,"flood_depth_max_m":null,"flood_risk_100y":null,"semi_basement_r":null,"elderly_alone_r":0.1338,"bldg_age30_r":null,"shelter_min_walk":8,"pop":16946,"hh":8547,"elderly65_r":0.1667,"single_hh_r":0.4701,"source_level":"emd","flood_years":[],"landslide_hist_n":0},"geometry":{"type":"Polygon","coordinates":[[[126.80057,37.34082],[126.80004,37.34515],[126.79586,37.3471],[126.7922,37.34471],[126.79272,37.34038],[126.79691,37.33843],[126.80057,37.34082]]]}},{"type":"Feature","properties":{"h3":"8830e03023fffff","emd_code":"4127359000","emd_name":"선부2동","area_km2":0.5043,"edge":false,"slope_mean":7.53,"elev_mean":35.1,"flood_hist_n":0,"flood_depth_max_m":null,"flood_risk_100y":null,"semi_basement_r":null,"elderly_alone_r":0.1338,"bldg_age30_r":null,"shelter_min_walk":3,"pop":16946,"hh":8547,"elderly65_r":0.1667,"single_hh_r":0.4701,"source_level":"emd","flood_years":[],"landslide_hist_n":0},"geometry":{"type":"Polygon","coordinates":[[[126.80841,37.34126],[126.80789,37.34559],[126.8037,37.34754],[126.80004,37.34515],[126.80057,37.34082],[126.80475,37.33887],[126.80841,37.34126]]]}},{"type":"Feature","properties":{"h3":"8830e03025fffff","emd_code":"4127354500","emd_name":"원곡동","area_km2":0.5042,"edge":false,"slope_mean":6.75,"elev_mean":20.7,"flood_hist_n":0,"flood_depth_max_m":null,"flood_risk_100y":null,"semi_basement_r":null,"elderly_alone_r":0.2171,"bldg_age30_r":null,"shelter_min_walk":6,"pop":5396,"hh":3850,"elderly65_r":0.2885,"single_hh_r":0.7275,"source_level":"emd","flood_years":[],"landslide_hist_n":0},"geometry":{"type":"Polygon","coordinates":[[[126.79743,37.3341],[126.79691,37.33843],[126.79272,37.34038],[126.78907,37.338],[126.78959,37.33366],[126.79377,37.33172],[126.79743,37.3341]]]}},{"type":"Feature","properties":{"h3":"8830e03027fffff","emd_code":"4127358000","emd_name":"선부1동","area_km2":0.5043,"edge":false,"slope_mean":9.04,"elev_mean":32.4,"flood_hist_n":0,"flood_depth_max_m":null,"flood_risk_100y":null,"semi_basement_r":null,"elderly_alone_r":0.1324,"bldg_age30_r":null,"shelter_min_walk":4,"pop":16480,"hh":8109,"elderly65_r":0.1809,"single_hh_r":0.4346,"source_level":"emd","flood_years":[],"landslide_hist_n":0},"geometry":{"type":"Polygon","coordinates":[[[126.80527,37.33454],[126.80475,37.33887],[126.80057,37.34082],[126.79691,37.33843],[126.79743,37.3341],[126.80161,37.33215],[126.80527,37.33454]]]}},{"type":"Feature","properties":{"h3":"8830e03029fffff","emd_code":"4127359000","emd_name":"선부2동","area_km2":0.5042,"edge":false,"slope_mean":11.34,"elev_mean":44.6,"flood_hist_n":0,"flood_depth_max_m":null,"flood_risk_100y":null,"semi_basement_r":null,"elderly_alone_r":0.1338,"bldg_age30_r":null,"shelter_min_walk":8,"pop":16946,"hh":8547,"elderly65_r":0.1667,"single_hh_r":0.4701,"source_level":"emd","flood_years":[],"landslide_hist_n":0},"geometry":{"type":"Polygon","coordinates":[[[126.79586,37.3471],[126.79533,37.35143],[126.79115,37.35338],[126.78749,37.35099],[126.78802,37.34666],[126.7922,37.34471],[126.79586,37.3471]]]}},{"type":"Feature","properties":{"h3":"8830e0302bfffff","emd_code":"4127359000","emd_name":"선부2동","area_km2":0.5043,"edge":false,"slope_mean":10.52,"elev_mean":44.3,"flood_hist_n":0,"flood_depth_max_m":null,"flood_risk_100y":null,"semi_basement_r":null,"elderly_alone_r":0.1338,"bldg_age30_r":null,"shelter_min_walk":8,"pop":16946,"hh":8547,"elderly65_r":0.1667,"single_hh_r":0.4701,"source_level":"emd","flood_years":[],"landslide_hist_n":0},"geometry":{"type":"Polygon","coordinates":[[[126.8037,37.34754],[126.80318,37.35187],[126.79899,37.35382],[126.79533,37.35143],[126.79586,37.3471],[126.80004,37.34515],[126.8037,37.34754]]]}},{"type":"Feature","properties":{"h3":"8830e0302dfffff","emd_code":"4127359000","emd_name":"선부2동","area_km2":0.5041,"edge":true,"slope_mean":6.82,"elev_mean":23.7,"flood_hist_n":1,"flood_depth_max_m":0.26,"flood_risk_100y":null,"semi_basement_r":null,"elderly_alone_r":0.1338,"bldg_age30_r":null,"shelter_min_walk":6,"pop":16946,"hh":8547,"elderly65_r":0.1667,"single_hh_r":0.4701,"source_level":"emd","flood_years":[2012],"landslide_hist_n":0},"geometry":{"type":"Polygon","coordinates":[[[126.79272,37.34038],[126.7922,37.34471],[126.78802,37.34666],[126.78436,37.34427],[126.78488,37.33994],[126.78907,37.338],[126.79272,37.34038]]]}},{"type":"Feature","properties":{"h3":"8830e03031fffff","emd_code":"4127360000","emd_name":"선부3동","area_km2":0.5045,"edge":false,"slope_mean":10.02,"elev_mean":32.2,"flood_hist_n":0,"flood_depth_max_m":null,"flood_risk_100y":null,"semi_basement_r":null,"elderly_alone_r":0.1015,"bldg_age30_r":null,"shelter_min_walk":13,"pop":31279,"hh":14614,"elderly65_r":0.1623,"single_hh_r":0.4051,"source_level":"emd","flood_years":[],"landslide_hist_n":0},"geometry":{"type":"Polygon","coordinates":[[[126.81939,37.34842],[126.81887,37.35275],[126.81468,37.3547],[126.81102,37.35231],[126.81155,37.34798],[126.81573,37.34603],[126.81939,37.34842]]]}},{"type":"Feature","properties":{"h3":"8830e03033fffff","emd_code":"4127360000","emd_name":"선부3동","area_km2":0.5046,"edge":false,"slope_mean":9.32,"elev_mean":27.5,"flood_hist_n":0,"flood_depth_max_m":null,"flood_risk_100y":null,"semi_basement_r":null,"elderly_alone_r":0.1015,"bldg_age30_r":null,"shelter_min_walk":17,"pop":31279,"hh":14614,"elderly65_r":0.1623,"single_hh_r":0.4051,"source_level":"emd","flood_years":[],"landslide_hist_n":0},"geometry":{"type":"Polygon","coordinates":[[[126.82724,37.34885],[126.82672,37.35319],[126.82253,37.35514],[126.81887,37.35275],[126.81939,37.34842],[126.82358,37.34647],[126.82724,37.34885]]]}},{"type":"Feature","properties":{"h3":"8830e03035fffff","emd_code":"4127360000","emd_name":"선부3동","area_km2":0.5045,"edge":false,"slope_mean":9.17,"elev_mean":26.3,"flood_hist_n":0,"flood_depth_max_m":null,"flood_risk_100y":null,"semi_basement_r":null,"elderly_alone_r":0.1015,"bldg_age30_r":null,"shelter_min_walk":4,"pop":31279,"hh":14614,"elderly65_r":0.1623,"single_hh_r":0.4051,"source_level":"emd","flood_years":[],"landslide_hist_n":0},"geometry":{"type":"Polygon","coordinates":[[[126.81625,37.3417],[126.81573,37.34603],[126.81155,37.34798],[126.80789,37.34559],[126.80841,37.34126],[126.81259,37.33931],[126.81625,37.3417]]]}},{"type":"Feature","properties":{"h3":"8830e03037fffff","emd_code":"4127351000","emd_name":"와동","area_km2":0.5046,"edge":false,"slope_mean":4.3,"elev_mean":16.2,"flood_hist_n":0,"flood_depth_max_m":null,"flood_risk_100y":null,"semi_basement_r":null,"elderly_alone_r":0.1161,"bldg_age30_r":null,"shelter_min_walk":8,"pop":34783,"hh":17276,"elderly65_r":0.1647,"single_hh_r":0.4601,"source_level":"emd","flood_years":[],"landslide_hist_n":0},"geometry":{"type":"Polygon","coordinates":[[[126.8241,37.34213],[126.82358,37.34647],[126.81939,37.34842],[126.81573,37.34603],[126.81625,37.3417],[126.82044,37.33975],[126.8241,37.34213]]]}},{"type":"Feature","properties":{"h3":"8830e03039fffff","emd_code":"4127360000","emd_name":"선부3동","area_km2":0.5045,"edge":true,"slope_mean":11.54,"elev_mean":51.4,"flood_hist_n":0,"flood_depth_max_m":null,"flood_risk_100y":null,"semi_basement_r":null,"elderly_alone_r":0.1015,"bldg_age30_r":null,"shelter_min_walk":12,"pop":31279,"hh":14614,"elderly65_r":0.1623,"single_hh_r":0.4051,"source_level":"emd","flood_years":[],"landslide_hist_n":0},"geometry":{"type":"Polygon","coordinates":[[[126.81468,37.3547],[126.81416,37.35903],[126.80998,37.36098],[126.80631,37.35859],[126.80684,37.35426],[126.81102,37.35231],[126.81468,37.3547]]]}},{"type":"Feature","properties":{"h3":"8830e0303bfffff","emd_code":"4127360000","emd_name":"선부3동","area_km2":0.5046,"edge":false,"slope_mean":10.93,"elev_mean":43.8,"flood_hist_n":0,"flood_depth_max_m":null,"flood_risk_100y":null,"semi_basement_r":null,"elderly_alone_r":0.1015,"bldg_age30_r":null,"shelter_min_walk":11,"pop":31279,"hh":14614,"elderly65_r":0.1623,"single_hh_r":0.4051,"source_level":"emd","flood_years":[],"landslide_hist_n":0},"geometry":{"type":"Polygon","coordinates":[[[126.82253,37.35514],[126.82201,37.35947],[126.81782,37.36142],[126.81416,37.35903],[126.81468,37.3547],[126.81887,37.35275],[126.82253,37.35514]]]}},{"type":"Feature","properties":{"h3":"8830e0303dfffff","emd_code":"4127360000","emd_name":"선부3동","area_km2":0.5044,"edge":false,"slope_mean":10.26,"elev_mean":46.1,"flood_hist_n":0,"flood_depth_max_m":null,"flood_risk_100y":null,"semi_basement_r":null,"elderly_alone_r":0.1015,"bldg_age30_r":null,"shelter_min_walk":3,"pop":31279,"hh":14614,"elderly65_r":0.1623,"single_hh_r":0.4051,"source_level":"emd","flood_years":[],"landslide_hist_n":0},"geometry":{"type":"Polygon","coordinates":[[[126.81155,37.34798],[126.81102,37.35231],[126.80684,37.35426],[126.80318,37.35187],[126.8037,37.34754],[126.80789,37.34559],[126.81155,37.34798]]]}},{"type":"Feature","properties":{"h3":"8830e030adfffff","emd_code":"4127351000","emd_name":"와동","area_km2":0.5049,"edge":true,"slope_mean":13.02,"elev_mean":52.9,"flood_hist_n":0,"flood_depth_max_m":null,"flood_risk_100y":null,"semi_basement_r":null,"elderly_alone_r":0.1161,"bldg_age30_r":null,"shelter_min_walk":18,"pop":34783,"hh":17276,"elderly65_r":0.1647,"single_hh_r":0.4601,"source_level":"emd","flood_years":[],"landslide_hist_n":0},"geometry":{"type":"Polygon","coordinates":[[[126.84764,37.34344],[126.84712,37.34778],[126.84294,37.34973],[126.83927,37.34734],[126.8398,37.34301],[126.84398,37.34106],[126.84764,37.34344]]]}},{"type":"Feature","properties":{"h3":"8830e030e1fffff","emd_code":"4127360000","emd_name":"선부3동","area_km2":0.5048,"edge":false,"slope_mean":17.43,"elev_mean":80.7,"flood_hist_n":0,"flood_depth_max_m":null,"flood_risk_100y":null,"semi_basement_r":null,"elderly_alone_r":0.1015,"bldg_age30_r":null,"shelter_min_walk":26,"pop":31279,"hh":14614,"elderly65_r":0.1623,"single_hh_r":0.4051,"source_level":"emd","flood_years":[],"landslide_hist_n":0},"geometry":{"type":"Polygon","coordinates":[[[126.83823,37.35601],[126.83771,37.36035],[126.83352,37.36229],[126.82986,37.35991],[126.83038,37.35557],[126.83457,37.35363],[126.83823,37.35601]]]}},{"type":"Feature","properties":{"h3":"8830e030e3fffff","emd_code":"4127360000","emd_name":"선부3동","area_km2":0.5049,"edge":true,"slope_mean":19.48,"elev_mean":113.8,"flood_hist_n":0,"flood_depth_max_m":null,"flood_risk_100y":null,"semi_basement_r":null,"elderly_alone_r":0.1015,"bldg_age30_r":null,"shelter_min_walk":28,"pop":31279,"hh":14614,"elderly65_r":0.1623,"single_hh_r":0.4051,"source_level":"emd","flood_years":[],"landslide_hist_n":0},"geometry":{"type":"Polygon","coordinates":[[[126.84608,37.35645],[126.84556,37.36078],[126.84137,37.36273],[126.83771,37.36035],[126.83823,37.35601],[126.84242,37.35406],[126.84608,37.35645]]]}},{"type":"Feature","properties":{"h3":"8830e030e5fffff","emd_code":"4127360000","emd_name":"선부3동","area_km2":0.5047,"edge":false,"slope_mean":16.49,"elev_mean":64.5,"flood_hist_n":0,"flood_depth_max_m":null,"flood_risk_100y":null,"semi_basement_r":null,"elderly_alone_r":0.1015,"bldg_age30_r":null,"shelter_min_walk":15,"pop":31279,"hh":14614,"elderly65_r":0.1623,"single_hh_r":0.4051,"source_level":"emd","flood_years":[],"landslide_hist_n":0},"geometry":{"type":"Polygon","coordinates":[[[126.83509,37.34929],[126.83457,37.35363],[126.83038,37.35557],[126.82672,37.35319],[126.82724,37.34885],[126.83142,37.34691],[126.83509,37.34929]]]}},{"type":"Feature","properties":{"h3":"8830e030e7fffff","emd_code":"4127360000","emd_name":"선부3동","area_km2":0.5048,"edge":true,"slope_mean":16.21,"elev_mean":72.2,"flood_hist_n":0,"flood_depth_max_m":null,"flood_risk_100y":null,"semi_basement_r":null,"elderly_alone_r":0.1015,"bldg_age30_r":null,"shelter_min_walk":19,"pop":31279,"hh":14614,"elderly65_r":0.1623,"single_hh_r":0.4051,"source_level":"emd","flood_years":[],"landslide_hist_n":0},"geometry":{"type":"Polygon","coordinates":[[[126.84294,37.34973],[126.84242,37.35406],[126.83823,37.35601],[126.83457,37.35363],[126.83509,37.34929],[126.83927,37.34734],[126.84294,37.34973]]]}},{"type":"Feature","properties":{"h3":"8830e030e9fffff","emd_code":"4127360000","emd_name":"선부3동","area_km2":0.5048,"edge":true,"slope_mean":15.57,"elev_mean":71.3,"flood_hist_n":0,"flood_depth_max_m":null,"flood_risk_100y":null,"semi_basement_r":null,"elderly_alone_r":0.1015,"bldg_age30_r":null,"shelter_min_walk":17,"pop":31279,"hh":14614,"elderly65_r":0.1623,"single_hh_r":0.4051,"source_level":"emd","flood_years":[],"landslide_hist_n":0},"geometry":{"type":"Polygon","coordinates":[[[126.83352,37.36229],[126.833,37.36663],[126.82881,37.36858],[126.82515,37.36619],[126.82567,37.36186],[126.82986,37.35991],[126.83352,37.36229]]]}},{"type":"Feature","properties":{"h3":"8830e030ebfffff","emd_code":"4127360000","emd_name":"선부3동","area_km2":0.5049,"edge":true,"slope_mean":20.11,"elev_mean":123.3,"flood_hist_n":0,"flood_depth_max_m":null,"flood_risk_100y":null,"semi_basement_r":null,"elderly_alone_r":0.1015,"bldg_age30_r":null,"shelter_min_walk":19,"pop":31279,"hh":14614,"elderly65_r":0.1623,"single_hh_r":0.4051,"source_level":"emd","flood_years":[],"landslide_hist_n":0},"geometry":{"type":"Polygon","coordinates":[[[126.84137,37.36273],[126.84085,37.36707],[126.83666,37.36901],[126.833,37.36663],[126.83352,37.36229],[126.83771,37.36035],[126.84137,37.36273]]]}},{"type":"Feature","properties":{"h3":"8830e030edfffff","emd_code":"4127360000","emd_name":"선부3동","area_km2":0.5047,"edge":false,"slope_mean":8.6,"elev_mean":34.5,"flood_hist_n":0,"flood_depth_max_m":null,"flood_risk_100y":null,"semi_basement_r":null,"elderly_alone_r":0.1015,"bldg_age30_r":null,"shelter_min_walk":17,"pop":31279,"hh":14614,"elderly65_r":0.1623,"single_hh_r":0.4051,"source_level":"emd","flood_years":[],"landslide_hist_n":0},"geometry":{"type":"Polygon","coordinates":[[[126.83038,37.35557],[126.82986,37.35991],[126.82567,37.36186],[126.82201,37.35947],[126.82253,37.35514],[126.82672,37.35319],[126.83038,37.35557]]]}},{"type":"Feature","properties":{"h3":"8830e03101fffff","emd_code":"4127357000","emd_name":"초지동","area_km2":0.5039,"edge":false,"slope_mean":10.92,"elev_mean":26.9,"flood_hist_n":0,"flood_depth_max_m":null,"flood_risk_100y":null,"semi_basement_r":null,"elderly_alone_r":0.0976,"bldg_age30_r":null,"shelter_min_walk":27,"pop":46057,"hh":21411,"elderly65_r":0.1558,"single_hh_r":0.4138,"source_level":"emd","flood_years":[],"landslide_hist_n":0},"geometry":{"type":"Polygon","coordinates":[[[126.7802,37.31351],[126.77967,37.31784],[126.77549,37.31979],[126.77183,37.31741],[126.77236,37.31307],[126.77654,37.31113],[126.7802,37.31351]]]}},{"type":"Feature","properties":{"h3":"8830e03103fffff","emd_code":"4127357000","emd_name":"초지동","area_km2":0.504,"edge":false,"slope_mean":11.79,"elev_mean":31.4,"flood_hist_n":0,"flood_depth_max_m":null,"flood_risk_100y":null,"semi_basement_r":null,"elderly_alone_r":0.0976,"bldg_age30_r":null,"shelter_min_walk":20,"pop":46057,"hh":21411,"elderly65_r":0.1558,"single_hh_r":0.4138,"source_level":"emd","flood_years":[],"landslide_hist_n":0},"geometry":{"type":"Polygon","coordinates":[[[126.78803,37.31395],[126.78751,37.31828],[126.78333,37.32023],[126.77967,37.31784],[126.7802,37.31351],[126.78438,37.31157],[126.78803,37.31395]]]}},{"type":"Feature","properties":{"h3":"8830e03105fffff","emd_code":"4127357000","emd_name":"초지동","area_km2":0.5038,"edge":false,"slope_mean":7.14,"elev_mean":18.5,"flood_hist_n":0,"flood_depth_max_m":null,"flood_risk_100y":null,"semi_basement_r":null,"elderly_alone_r":0.0976,"bldg_age30_r":null,"shelter_min_walk":38,"pop":46057,"hh":21411,"elderly65_r":0.1558,"single_hh_r":0.4138,"source_level":"emd","flood_years":[],"landslide_hist_n":0},"geometry":{"type":"Polygon","coordinates":[[[126.77707,37.3068],[126.77654,37.31113],[126.77236,37.31307],[126.76871,37.31069],[126.76923,37.30636],[126.77341,37.30441],[126.77707,37.3068]]]}},{"type":"Feature","properties":{"h3":"8830e03107fffff","emd_code":"4127357000","emd_name":"초지동","area_km2":0.5039,"edge":false,"slope_mean":7.37,"elev_mean":16.5,"flood_hist_n":0,"flood_depth_max_m":null,"flood_risk_100y":null,"semi_basement_r":null,"elderly_alone_r":0.0976,"bldg_age30_r":null,"shelter_min_walk":32,"pop":46057,"hh":21411,"elderly65_r":0.1558,"single_hh_r":0.4138,"source_level":"emd","flood_years":[],"landslide_hist_n":0},"geometry":{"type":"Polygon","coordinates":[[[126.7849,37.30723],[126.78438,37.31157],[126.7802,37.31351],[126.77654,37.31113],[126.77707,37.3068],[126.78125,37.30485],[126.7849,37.30723]]]}},{"type":"Feature","properties":{"h3":"8830e03109fffff","emd_code":"4127357000","emd_name":"초지동","area_km2":0.5038,"edge":false,"slope_mean":12.48,"elev_mean":36.5,"flood_hist_n":0,"flood_depth_max_m":null,"flood_risk_100y":null,"semi_basement_r":null,"elderly_alone_r":0.0976,"bldg_age30_r":null,"shelter_min_walk":24,"pop":46057,"hh":21411,"elderly65_r":0.1558,"single_hh_r":0.4138,"source_level":"emd","flood_years":[],"landslide_hist_n":0},"geometry":{"type":"Polygon","coordinates":[[[126.77549,37.31979],[126.77496,37.32412],[126.77078,37.32607],[126.76713,37.32368],[126.76765,37.31935],[126.77183,37.31741],[126.77549,37.31979]]]}},{"type":"Feature","properties":{"h3":"8830e0310bfffff","emd_code":"4127356500","emd_name":"신길동","area_km2":0.5039,"edge":false,"slope_mean":10.32,"elev_mean":30.8,"flood_hist_n":0,"flood_depth_max_m":null,"flood_risk_100y":null,"semi_basement_r":null,"elderly_alone_r":0.1125,"bldg_age30_r":null,"shelter_min_walk":16,"pop":20223,"hh":9655,"elderly65_r":0.1922,"single_hh_r":0.4299,"source_level":"emd","flood_years":[],"landslide_hist_n":0},"geometry":{"type":"Polygon","coordinates":[[[126.78333,37.32023],[126.7828,37.32456],[126.77862,37.32651],[126.77496,37.32412],[126.77549,37.31979],[126.77967,37.31784],[126.78333,37.32023]]]}},{"type":"Feature","properties":{"h3":"8830e0310dfffff","emd_code":"4127357000","emd_name":"초지동","area_km2":0.5038,"edge":false,"slope_mean":12.85,"elev_mean":35.7,"flood_hist_n":0,"flood_depth_max_m":null,"flood_risk_100y":null,"semi_basement_r":null,"elderly_alone_r":0.0976,"bldg_age30_r":null,"shelter_min_walk":35,"pop":46057,"hh":21411,"elderly65_r":0.1558,"single_hh_r":0.4138,"source_level":"emd","flood_years":[],"landslide_hist_n":0},"geometry":{"type":"Polygon","coordinates":[[[126.77236,37.31307],[126.77183,37.31741],[126.76765,37.31935],[126.764,37.31697],[126.76453,37.31264],[126.76871,37.31069],[126.77236,37.31307]]]}},{"type":"Feature","properties":{"h3":"8830e03111fffff","emd_code":"4127355500","emd_name":"백운동","area_km2":0.5042,"edge":false,"slope_mean":8.6,"elev_mean":28.8,"flood_hist_n":0,"flood_depth_max_m":null,"flood_risk_100y":null,"semi_basement_r":null,"elderly_alone_r":0.0644,"bldg_age30_r":null,"shelter_min_walk":10,"pop":23683,"hh":9560,"elderly65_r":0.1682,"single_hh_r":0.2406,"source_level":"emd","flood_years":[],"landslide_hist_n":0},"geometry":{"type":"Polygon","coordinates":[[[126.799,37.32111],[126.79848,37.32544],[126.7943,37.32738],[126.79064,37.325],[126.79117,37.32067],[126.79535,37.31872],[126.799,37.32111]]]}},{"type":"Feature","properties":{"h3":"8830e03113fffff","emd_code":"4127355500","emd_name":"백운동","area_km2":0.5043,"edge":false,"slope_mean":6.36,"elev_mean":20.1,"flood_hist_n":0,"flood_depth_max_m":null,"flood_risk_100y":null,"semi_basement_r":null,"elderly_alone_r":0.0644,"bldg_age30_r":null,"shelter_min_walk":2,"pop":23683,"hh":9560,"elderly65_r":0.1682,"single_hh_r":0.2406,"source_level":"emd","flood_years":[],"landslide_hist_n":0},"geometry":{"type":"Polygon","coordinates":[[[126.80685,37.32154],[126.80632,37.32588],[126.80214,37.32782],[126.79848,37.32544],[126.799,37.32111],[126.80319,37.31916],[126.80685,37.32154]]]}},{"type":"Feature","properties":{"h3":"8830e03115fffff","emd_code":"4127357000","emd_name":"초지동","area_km2":0.5041,"edge":false,"slope_mean":9.13,"elev_mean":25.0,"flood_hist_n":0,"flood_depth_max_m":null,"flood_risk_100y":null,"semi_basement_r":null,"elderly_alone_r":0.0976,"bldg_age30_r":null,"shelter_min_walk":18,"pop":46057,"hh":21411,"elderly65_r":0.1558,"single_hh_r":0.4138,"source_level":"emd","flood_years":[],"landslide_hist_n":0},"geometry":{"type":"Polygon","coordinates":[[[126.79587,37.31439],[126.79535,37.31872],[126.79117,37.32067],[126.78751,37.31828],[126.78803,37.31395],[126.79221,37.312],[126.79587,37.31439]]]}},{"type":"Feature","properties":{"h3":"8830e03117fffff","emd_code":"4127355500","emd_name":"백운동","area_km2":0.5042,"edge":false,"slope_mean":12.35,"elev_mean":40.7,"flood_hist_n":0,"flood_depth_max_m":null,"flood_risk_100y":null,"semi_basement_r":null,"elderly_alone_r":0.0644,"bldg_age30_r":null,"shelter_min_walk":13,"pop":23683,"hh":9560,"elderly65_r":0.1682,"single_hh_r":0.2406,"source_level":"emd","flood_years":[],"landslide_hist_n":0},"geometry":{"type":"Polygon","coordinates":[[[126.80371,37.31483],[126.80319,37.31916],[126.799,37.32111],[126.79535,37.31872],[126.79587,37.31439],[126.80005,37.31244],[126.80371,37.31483]]]}},{"type":"Feature","properties":{"h3":"8830e03119fffff","emd_code":"4127354500","emd_name":"원곡동","area_km2":0.5041,"edge":false,"slope_mean":4.05,"elev_mean":16.8,"flood_hist_n":0,"flood_depth_max_m":null,"flood_risk_100y":null,"semi_basement_r":null,"elderly_alone_r":0.2171,"bldg_age30_r":null,"shelter_min_walk":3,"pop":5396,"hh":3850,"elderly65_r":0.2885,"single_hh_r":0.7275,"source_level":"emd","flood_years":[],"landslide_hist_n":0},"geometry":{"type":"Polygon","coordinates":[[[126.7943,37.32738],[126.79377,37.33172],[126.78959,37.33366],[126.78593,37.33128],[126.78646,37.32695],[126.79064,37.325],[126.7943,37.32738]]]}},{"type":"Feature","properties":{"h3":"8830e0311bfffff","emd_code":"4127354500","emd_name":"원곡동","area_km2":0.5042,"edge":false,"slope_mean":5.13,"elev_mean":26.5,"flood_hist_n":0,"flood_depth_max_m":null,"flood_risk_100y":null,"semi_basement_r":null,"elderly_alone_r":0.2171,"bldg_age30_r":null,"shelter_min_walk":1,"pop":5396,"hh":3850,"elderly65_r":0.2885,"single_hh_r":0.7275,"source_level":"emd","flood_years":[],"landslide_hist_n":0},"geometry":{"type":"Polygon","coordinates":[[[126.80214,37.32782],[126.80161,37.33215],[126.79743,37.3341],[126.79377,37.33172],[126.7943,37.32738],[126.79848,37.32544],[126.80214,37.32782]]]}},{"type":"Feature","properties":{"h3":"8830e0311dfffff","emd_code":"4127356500","emd_name":"신길동","area_km2":0.504,"edge":false,"slope_mean":5.66,"elev_mean":20.9,"flood_hist_n":0,"flood_depth_max_m":null,"flood_risk_100y":null,"semi_basement_r":null,"elderly_alone_r":0.1125,"bldg_age30_r":null,"shelter_min_walk":9,"pop":20223,"hh":9655,"elderly65_r":0.1922,"single_hh_r":0.4299,"source_level":"emd","flood_years":[],"landslide_hist_n":0},"geometry":{"type":"Polygon","coordinates":[[[126.79117,37.32067],[126.79064,37.325],[126.78646,37.32695],[126.7828,37.32456],[126.78333,37.32023],[126.78751,37.31828],[126.79117,37.32067]]]}},{"type":"Feature","properties":{"h3":"8830e03121fffff","emd_code":"4127357000","emd_name":"초지동","area_km2":0.5038,"edge":false,"slope_mean":2.4,"elev_mean":4.6,"flood_hist_n":0,"flood_depth_max_m":null,"flood_risk_100y":null,"semi_basement_r":null,"elderly_alone_r":0.0976,"bldg_age30_r":null,"shelter_min_walk":50,"pop":46057,"hh":21411,"elderly65_r":0.1558,"single_hh_r":0.4138,"source_level":"emd","flood_years":[],"landslide_hist_n":0},"geometry":{"type":"Polygon","coordinates":[[[126.77864,37.2938],[126.77812,37.29814],[126.77394,37.30008],[126.77028,37.2977],[126.77081,37.29337],[126.77499,37.29142],[126.77864,37.2938]]]}},{"type":"Feature","properties":{"h3":"8830e03123fffff","emd_code":"4127357000","emd_name":"초지동","area_km2":0.5039,"edge":false,"slope_mean":2.55,"elev_mean":6.1,"flood_hist_n":0,"flood_depth_max_m":null,"flood_risk_100y":null,"semi_basement_r":null,"elderly_alone_r":0.0976,"bldg_age30_r":null,"shelter_min_walk":40,"pop":46057,"hh":21411,"elderly65_r":0.1558,"single_hh_r":0.4138,"source_level":"emd","flood_years":[],"landslide_hist_n":0},"geometry":{"type":"Polygon","coordinates":[[[126.78648,37.29424],[126.78595,37.29857],[126.78177,37.30052],[126.77812,37.29814],[126.77864,37.2938],[126.78282,37.29186],[126.78648,37.29424]]]}},{"type":"Feature","properties":{"h3":"8830e03125fffff","emd_code":"4127357000","emd_name":"초지동","area_km2":0.5037,"edge":true,"slope_mean":0.23,"elev_mean":0.2,"flood_hist_n":0,"flood_depth_max_m":null,"flood_risk_100y":null,"semi_basement_r":null,"elderly_alone_r":0.0976,"bldg_age30_r":null,"shelter_min_walk":59,"pop":46057,"hh":21411,"elderly65_r":0.1558,"single_hh_r":0.4138,"source_level":"emd","flood_years":[],"landslide_hist_n":0},"geometry":{"type":"Polygon","coordinates":[[[126.77551,37.28709],[126.77499,37.29142],[126.77081,37.29337],[126.76716,37.29098],[126.76768,37.28665],[126.77186,37.28471],[126.77551,37.28709]]]}},{"type":"Feature","properties":{"h3":"8830e03127fffff","emd_code":"4127357000","emd_name":"초지동","area_km2":0.5038,"edge":true,"slope_mean":0.41,"elev_mean":0.5,"flood_hist_n":0,"flood_depth_max_m":null,"flood_risk_100y":null,"semi_basement_r":null,"elderly_alone_r":0.0976,"bldg_age30_r":null,"shelter_min_walk":50,"pop":46057,"hh":21411,"elderly65_r":0.1558,"single_hh_r":0.4138,"source_level":"emd","flood_years":[],"landslide_hist_n":0},"geometry":{"type":"Polygon","coordinates":[[[126.78335,37.28753],[126.78282,37.29186],[126.77864,37.2938],[126.77499,37.29142],[126.77551,37.28709],[126.77969,37.28514],[126.78335,37.28753]]]}},{"type":"Feature","properties":{"h3":"8830e03129fffff","emd_code":"4127357000","emd_name":"초지동","area_km2":0.5037,"edge":false,"slope_mean":3.94,"elev_mean":9.2,"flood_hist_n":0,"flood_depth_max_m":null,"flood_risk_100y":null,"semi_basement_r":null,"elderly_alone_r":0.0976,"bldg_age30_r":null,"shelter_min_walk":49,"pop":46057,"hh":21411,"elderly65_r":0.1558,"single_hh_r":0.4138,"source_level":"emd","flood_years":[],"landslide_hist_n":0},"geometry":{"type":"Polygon","coordinates":[[[126.77394,37.30008],[126.77341,37.30441],[126.76923,37.30636],[126.76558,37.30397],[126.7661,37.29964],[126.77028,37.2977],[126.77394,37.30008]]]}},{"type":"Feature","properties":{"h3":"8830e0312bfffff","emd_code":"4127357000","emd_name":"초지동","area_km2":0.5039,"edge":false,"slope_mean":3.77,"elev_mean":10.1,"flood_hist_n":0,"flood_depth_max_m":null,"flood_risk_100y":null,"semi_basement_r":null,"elderly_alone_r":0.0976,"bldg_age30_r":null,"shelter_min_walk":43,"pop":46057,"hh":21411,"elderly65_r":0.1558,"single_hh_r":0.4138,"source_level":"emd","flood_years":[],"landslide_hist_n":0},"geometry":{"type":"Polygon","coordinates":[[[126.78177,37.30052],[126.78125,37.30485],[126.77707,37.3068],[126.77341,37.30441],[126.77394,37.30008],[126.77812,37.29814],[126.78177,37.30052]]]}},{"type":"Feature","properties":{"h3":"8830e0312dfffff","emd_code":"4127357000","emd_name":"초지동","area_km2":0.5037,"edge":false,"slope_mean":1.45,"elev_mean":2.3,"flood_hist_n":0,"flood_depth_max_m":null,"flood_risk_100y":null,"semi_basement_r":null,"elderly_alone_r":0.0976,"bldg_age30_r":null,"shelter_min_walk":60,"pop":46057,"hh":21411,"elderly65_r":0.1558,"single_hh_r":0.4138,"source_level":"emd","flood_years":[],"landslide_hist_n":0},"geometry":{"type":"Polygon","coordinates":[[[126.77081,37.29337],[126.77028,37.2977],[126.7661,37.29964],[126.76245,37.29726],[126.76298,37.29293],[126.76716,37.29098],[126.77081,37.29337]]]}},{"type":"Feature","properties":{"h3":"8830e03131fffff","emd_code":"4127357000","emd_name":"초지동","area_km2":0.5041,"edge":false,"slope_mean":8.68,"elev_mean":20.4,"flood_hist_n":0,"flood_depth_max_m":null,"flood_risk_100y":null,"semi_basement_r":null,"elderly_alone_r":0.0976,"bldg_age30_r":null,"shelter_min_walk":23,"pop":46057,"hh":21411,"elderly65_r":0.1558,"single_hh_r":0.4138,"source_level":"emd","flood_years":[],"landslide_hist_n":0},"geometry":{"type":"Polygon","coordinates":[[[126.79744,37.30139],[126.79692,37.30572],[126.79274,37.30767],[126.78908,37.30529],[126.78961,37.30096],[126.79379,37.29901],[126.79744,37.30139]]]}},{"type":"Feature","properties":{"h3":"8830e03133fffff","emd_code":"4127357000","emd_name":"초지동","area_km2":0.5042,"edge":false,"slope_mean":8.0,"elev_mean":18.5,"flood_hist_n":0,"flood_depth_max_m":null,"flood_risk_100y":null,"semi_basement_r":null,"elderly_alone_r":0.0976,"bldg_age30_r":null,"shelter_min_walk":13,"pop":46057,"hh":21411,"elderly65_r":0.1558,"single_hh_r":0.4138,"source_level":"emd","flood_years":[],"landslide_hist_n":0},"geometry":{"type":"Polygon","coordinates":[[[126.80528,37.30183],[126.80476,37.30616],[126.80058,37.30811],[126.79692,37.30572],[126.79744,37.30139],[126.80162,37.29944],[126.80528,37.30183]]]}},{"type":"Feature","properties":{"h3":"8830e03135fffff","emd_code":"4127357000","emd_name":"초지동","area_km2":0.504,"edge":false,"slope_mean":2.55,"elev_mean":6.8,"flood_hist_n":0,"flood_depth_max_m":null,"flood_risk_100y":null,"semi_basement_r":null,"elderly_alone_r":0.0976,"bldg_age30_r":null,"shelter_min_walk":31,"pop":46057,"hh":21411,"elderly65_r":0.1558,"single_hh_r":0.4138,"source_level":"emd","flood_years":[],"landslide_hist_n":0},"geometry":{"type":"Polygon","coordinates":[[[126.79431,37.29468],[126.79379,37.29901],[126.78961,37.30096],[126.78595,37.29857],[126.78648,37.29424],[126.79066,37.29229],[126.79431,37.29468]]]}},{"type":"Feature","properties":{"h3":"8830e03137fffff","emd_code":"4127357000","emd_name":"초지동","area_km2":0.5041,"edge":false,"slope_mean":4.8,"elev_mean":8.6,"flood_hist_n":0,"flood_depth_max_m":null,"flood_risk_100y":null,"semi_basement_r":null,"elderly_alone_r":0.0976,"bldg_age30_r":null,"shelter_min_walk":22,"pop":46057,"hh":21411,"elderly65_r":0.1558,"single_hh_r":0.4138,"source_level":"emd","flood_years":[],"landslide_hist_n":0},"geometry":{"type":"Polygon","coordinates":[[[126.80215,37.29511],[126.80162,37.29944],[126.79744,37.30139],[126.79379,37.29901],[126.79431,37.29468],[126.79849,37.29273],[126.80215,37.29511]]]}},{"type":"Feature","properties":{"h3":"8830e03139fffff","emd_code":"4127357000","emd_name":"초지동","area_km2":0.504,"edge":false,"slope_mean":8.14,"elev_mean":19.6,"flood_hist_n":0,"flood_depth_max_m":null,"flood_risk_100y":null,"semi_basement_r":null,"elderly_alone_r":0.0976,"bldg_age30_r":null,"shelter_min_walk":29,"pop":46057,"hh":21411,"elderly65_r":0.1558,"single_hh_r":0.4138,"source_level":"emd","flood_years":[],"landslide_hist_n":0},"geometry":{"type":"Polygon","coordinates":[[[126.79274,37.30767],[126.79221,37.312],[126.78803,37.31395],[126.78438,37.31157],[126.7849,37.30723],[126.78908,37.30529],[126.79274,37.30767]]]}},{"type":"Feature","properties":{"h3":"8830e0313bfffff","emd_code":"4127357000","emd_name":"초지동","area_km2":0.5041,"edge":false,"slope_mean":9.75,"elev_mean":25.1,"flood_hist_n":0,"flood_depth_max_m":null,"flood_risk_100y":null,"semi_basement_r":null,"elderly_alone_r":0.0976,"bldg_age30_r":null,"shelter_min_walk":19,"pop":46057,"hh":21411,"elderly65_r":0.1558,"single_hh_r":0.4138,"source_level":"emd","flood_years":[],"landslide_hist_n":0},"geometry":{"type":"Polygon","coordinates":[[[126.80058,37.30811],[126.80005,37.31244],[126.79587,37.31439],[126.79221,37.312],[126.79274,37.30767],[126.79692,37.30572],[126.80058,37.30811]]]}},{"type":"Feature","properties":{"h3":"8830e0313dfffff","emd_code":"4127357000","emd_name":"초지동","area_km2":0.504,"edge":false,"slope_mean":5.91,"elev_mean":12.4,"flood_hist_n":0,"flood_depth_max_m":null,"flood_risk_100y":null,"semi_basement_r":null,"elderly_alone_r":0.0976,"bldg_age30_r":null,"shelter_min_walk":33,"pop":46057,"hh":21411,"elderly65_r":0.1558,"single_hh_r":0.4138,"source_level":"emd","flood_years":[],"landslide_hist_n":0},"geometry":{"type":"Polygon","coordinates":[[[126.78961,37.30096],[126.78908,37.30529],[126.7849,37.30723],[126.78125,37.30485],[126.78177,37.30052],[126.78595,37.29857],[126.78961,37.30096]]]}},{"type":"Feature","properties":{"h3":"8830e03141fffff","emd_code":"4127356500","emd_name":"신길동","area_km2":0.5037,"edge":false,"slope_mean":4.72,"elev_mean":12.0,"flood_hist_n":0,"flood_depth_max_m":null,"flood_risk_100y":null,"semi_basement_r":null,"elderly_alone_r":0.1125,"bldg_age30_r":null,"shelter_min_walk":24,"pop":20223,"hh":9655,"elderly65_r":0.1922,"single_hh_r":0.4299,"source_level":"emd","flood_years":[],"landslide_hist_n":0},"geometry":{"type":"Polygon","coordinates":[[[126.76295,37.32563],[126.76242,37.32996],[126.75824,37.3319],[126.75459,37.32952],[126.75511,37.32519],[126.75929,37.32324],[126.76295,37.32563]]]}},{"type":"Feature","properties":{"h3":"8830e03143fffff","emd_code":"4127356500","emd_name":"신길동","area_km2":0.5038,"edge":false,"slope_mean":4.32,"elev_mean":11.0,"flood_hist_n":0,"flood_depth_max_m":null,"flood_risk_100y":null,"semi_basement_r":null,"elderly_alone_r":0.1125,"bldg_age30_r":null,"shelter_min_walk":17,"pop":20223,"hh":9655,"elderly65_r":0.1922,"single_hh_r":0.4299,"source_level":"emd","flood_years":[],"landslide_hist_n":0},"geometry":{"type":"Polygon","coordinates":[[[126.77078,37.32607],[126.77026,37.3304],[126.76608,37.33234],[126.76242,37.32996],[126.76295,37.32563],[126.76713,37.32368],[126.77078,37.32607]]]}},{"type":"Feature","properties":{"h3":"8830e03145fffff","emd_code":"4127356500","emd_name":"신길동","area_km2":0.5036,"edge":false,"slope_mean":4.8,"elev_mean":10.9,"flood_hist_n":0,"flood_depth_max_m":null,"flood_risk_100y":null,"semi_basement_r":null,"elderly_alone_r":0.1125,"bldg_age30_r":null,"shelter_min_walk":33,"pop":20223,"hh":9655,"elderly65_r":0.1922,"single_hh_r":0.4299,"source_level":"emd","flood_years":[],"landslide_hist_n":0},"geometry":{"type":"Polygon","coordinates":[[[126.75982,37.31891],[126.75929,37.32324],[126.75511,37.32519],[126.75146,37.3228],[126.75199,37.31847],[126.75617,37.31653],[126.75982,37.31891]]]}},{"type":"Feature","properties":{"h3":"8830e03147fffff","emd_code":"4127357000","emd_name":"초지동","area_km2":0.5037,"edge":false,"slope_mean":6.55,"elev_mean":17.8,"flood_hist_n":0,"flood_depth_max_m":null,"flood_risk_100y":null,"semi_basement_r":null,"elderly_alone_r":0.0976,"bldg_age30_r":null,"shelter_min_walk":29,"pop":46057,"hh":21411,"elderly65_r":0.1558,"single_hh_r":0.4138,"source_level":"emd","flood_years":[],"landslide_hist_n":0},"geometry":{"type":"Polygon","coordinates":[[[126.76765,37.31935],[126.76713,37.32368],[126.76295,37.32563],[126.75929,37.32324],[126.75982,37.31891],[126.764,37.31697],[126.76765,37.31935]]]}},{"type":"Feature","properties":{"h3":"8830e03149fffff","emd_code":"4127356500","emd_name":"신길동","area_km2":0.5036,"edge":false,"slope_mean":4.63,"elev_mean":10.8,"flood_hist_n":0,"flood_depth_max_m":null,"flood_risk_100y":null,"semi_basement_r":null,"elderly_alone_r":0.1125,"bldg_age30_r":null,"shelter_min_walk":15,"pop":20223,"hh":9655,"elderly65_r":0.1922,"single_hh_r":0.4299,"source_level":"emd","flood_years":[],"landslide_hist_n":0},"geometry":{"type":"Polygon","coordinates":[[[126.75824,37.3319],[126.75771,37.33623],[126.75353,37.33818],[126.74988,37.33579],[126.75041,37.33146],[126.75459,37.32952],[126.75824,37.3319]]]}},{"type":"Feature","properties":{"h3":"8830e0314bfffff","emd_code":"4127356500","emd_name":"신길동","area_km2":0.5037,"edge":false,"slope_mean":2.98,"elev_mean":9.1,"flood_hist_n":0,"flood_depth_max_m":null,"flood_risk_100y":null,"semi_basement_r":null,"elderly_alone_r":0.1125,"bldg_age30_r":null,"shelter_min_walk":14,"pop":20223,"hh":9655,"elderly65_r":0.1922,"single_hh_r":0.4299,"source_level":"emd","flood_years":[],"landslide_hist_n":0},"geometry":{"type":"Polygon","coordinates":[[[126.76608,37.33234],[126.76555,37.33667],[126.76137,37.33862],[126.75771,37.33623],[126.75824,37.3319],[126.76242,37.32996],[126.76608,37.33234]]]}},{"type":"Feature","properties":{"h3":"8830e0314dfffff","emd_code":"4127356500","emd_name":"신길동","area_km2":0.5036,"edge":false,"slope_mean":4.74,"elev_mean":10.2,"flood_hist_n":0,"flood_depth_max_m":null,"flood_risk_100y":null,"semi_basement_r":null,"elderly_alone_r":0.1125,"bldg_age30_r":null,"shelter_min_walk":21,"pop":20223,"hh":9655,"elderly65_r":0.1922,"single_hh_r":0.4299,"source_level":"emd","flood_years":[],"landslide_hist_n":0},"geometry":{"type":"Polygon","coordinates":[[[126.75511,37.32519],[126.75459,37.32952],[126.75041,37.33146],[126.74675,37.32908],[126.74728,37.32475],[126.75146,37.3228],[126.75511,37.32519]]]}},{"type":"Feature","properties":{"h3":"8830e03151fffff","emd_code":"4127356500","emd_name":"신길동","area_km2":0.5039,"edge":false,"slope_mean":5.74,"elev_mean":14.0,"flood_hist_n":0,"flood_depth_max_m":null,"flood_risk_100y":null,"semi_basement_r":null,"elderly_alone_r":0.1125,"bldg_age30_r":null,"shelter_min_walk":3,"pop":20223,"hh":9655,"elderly65_r":0.1922,"single_hh_r":0.4299,"source_level":"emd","flood_years":[],"landslide_hist_n":0},"geometry":{"type":"Polygon","coordinates":[[[126.78175,37.33322],[126.78123,37.33756],[126.77704,37.3395],[126.77339,37.33712],[126.77391,37.33278],[126.77809,37.33084],[126.78175,37.33322]]]}},{"type":"Feature","properties":{"h3":"8830e03153fffff","emd_code":"4127356500","emd_name":"신길동","area_km2":0.5041,"edge":false,"slope_mean":5.5,"elev_mean":14.3,"flood_hist_n":1,"flood_depth_max_m":0.26,"flood_risk_100y":null,"semi_basement_r":null,"elderly_alone_r":0.1125,"bldg_age30_r":null,"shelter_min_walk":4,"pop":20223,"hh":9655,"elderly65_r":0.1922,"single_hh_r":0.4299,"source_level":"emd","flood_years":[2012],"landslide_hist_n":0},"geometry":{"type":"Polygon","coordinates":[[[126.78959,37.33366],[126.78907,37.338],[126.78488,37.33994],[126.78123,37.33756],[126.78175,37.33322],[126.78593,37.33128],[126.78959,37.33366]]]}},{"type":"Feature","properties":{"h3":"8830e03155fffff","emd_code":"4127356500","emd_name":"신길동","area_km2":0.5039,"edge":false,"slope_mean":6.15,"elev_mean":12.8,"flood_hist_n":0,"flood_depth_max_m":null,"flood_risk_100y":null,"semi_basement_r":null,"elderly_alone_r":0.1125,"bldg_age30_r":null,"shelter_min_walk":12,"pop":20223,"hh":9655,"elderly65_r":0.1922,"single_hh_r":0.4299,"source_level":"emd","flood_years":[],"landslide_hist_n":0},"geometry":{"type":"Polygon","coordinates":[[[126.77862,37.32651],[126.77809,37.33084],[126.77391,37.33278],[126.77026,37.3304],[126.77078,37.32607],[126.77496,37.32412],[126.77862,37.32651]]]}},{"type":"Feature","properties":{"h3":"8830e03157fffff","emd_code":"4127356500","emd_name":"신길동","area_km2":0.504,"edge":false,"slope_mean":4.37,"elev_mean":10.5,"flood_hist_n":0,"flood_depth_max_m":null,"flood_risk_100y":null,"semi_basement_r":null,"elderly_alone_r":0.1125,"bldg_age30_r":null,"shelter_min_walk":8,"pop":20223,"hh":9655,"elderly65_r":0.1922,"single_hh_r":0.4299,"source_level":"emd","flood_years":[],"landslide_hist_n":0},"geometry":{"type":"Polygon","coordinates":[[[126.78646,37.32695],[126.78593,37.33128],[126.78175,37.33322],[126.77809,37.33084],[126.77862,37.32651],[126.7828,37.32456],[126.78646,37.32695]]]}},{"type":"Feature","properties":{"h3":"8830e03159fffff","emd_code":"4127356500","emd_name":"신길동","area_km2":0.5039,"edge":true,"slope_mean":3.74,"elev_mean":9.1,"flood_hist_n":0,"flood_depth_max_m":null,"flood_risk_100y":null,"semi_basement_r":null,"elderly_alone_r":0.1125,"bldg_age30_r":null,"shelter_min_walk":6,"pop":20223,"hh":9655,"elderly65_r":0.1922,"single_hh_r":0.4299,"source_level":"emd","flood_years":[],"landslide_hist_n":0},"geometry":{"type":"Polygon","coordinates":[[[126.77704,37.3395],[126.77652,37.34383],[126.77234,37.34578],[126.76868,37.34339],[126.76921,37.33906],[126.77339,37.33712],[126.77704,37.3395]]]}},{"type":"Feature","properties":{"h3":"8830e0315bfffff","emd_code":"4127356500","emd_name":"신길동","area_km2":0.504,"edge":true,"slope_mean":4.5,"elev_mean":13.9,"flood_hist_n":1,"flood_depth_max_m":0.26,"flood_risk_100y":null,"semi_basement_r":null,"elderly_alone_r":0.1125,"bldg_age30_r":null,"shelter_min_walk":5,"pop":20223,"hh":9655,"elderly65_r":0.1922,"single_hh_r":0.4299,"source_level":"emd","flood_years":[2012],"landslide_hist_n":0},"geometry":{"type":"Polygon","coordinates":[[[126.78488,37.33994],[126.78436,37.34427],[126.78018,37.34622],[126.77652,37.34383],[126.77704,37.3395],[126.78123,37.33756],[126.78488,37.33994]]]}},{"type":"Feature","properties":{"h3":"8830e0315dfffff","emd_code":"4127356500","emd_name":"신길동","area_km2":0.5038,"edge":false,"slope_mean":4.36,"elev_mean":8.8,"flood_hist_n":0,"flood_depth_max_m":null,"flood_risk_100y":null,"semi_basement_r":null,"elderly_alone_r":0.1125,"bldg_age30_r":null,"shelter_min_walk":5,"pop":20223,"hh":9655,"elderly65_r":0.1922,"single_hh_r":0.4299,"source_level":"emd","flood_years":[],"landslide_hist_n":0},"geometry":{"type":"Polygon","coordinates":[[[126.77391,37.33278],[126.77339,37.33712],[126.76921,37.33906],[126.76555,37.33667],[126.76608,37.33234],[126.77026,37.3304],[126.77391,37.33278]]]}},{"type":"Feature","properties":{"h3":"8830e03161fffff","emd_code":"4127357000","emd_name":"초지동","area_km2":0.5036,"edge":false,"slope_mean":5.06,"elev_mean":11.5,"flood_hist_n":0,"flood_depth_max_m":null,"flood_risk_100y":null,"semi_basement_r":null,"elderly_alone_r":0.0976,"bldg_age30_r":null,"shelter_min_walk":53,"pop":46057,"hh":21411,"elderly65_r":0.1558,"single_hh_r":0.4138,"source_level":"emd","flood_years":[],"landslide_hist_n":0},"geometry":{"type":"Polygon","coordinates":[[[126.7614,37.30592],[126.76087,37.31025],[126.75669,37.3122],[126.75304,37.30981],[126.75357,37.30548],[126.75775,37.30354],[126.7614,37.30592]]]}},{"type":"Feature","properties":{"h3":"8830e03163fffff","emd_code":"4127357000","emd_name":"초지동","area_km2":0.5037,"edge":false,"slope_mean":6.44,"elev_mean":18.1,"flood_hist_n":0,"flood_depth_max_m":null,"flood_risk_100y":null,"semi_basement_r":null,"elderly_alone_r":0.0976,"bldg_age30_r":null,"shelter_min_walk":45,"pop":46057,"hh":21411,"elderly65_r":0.1558,"single_hh_r":0.4138,"source_level":"emd","flood_years":[],"landslide_hist_n":0},"geometry":{"type":"Polygon","coordinates":[[[126.76923,37.30636],[126.76871,37.31069],[126.76453,37.31264],[126.76087,37.31025],[126.7614,37.30592],[126.76558,37.30397],[126.76923,37.30636]]]}},{"type":"Feature","properties":{"h3":"8830e03165fffff","emd_code":"4127357000","emd_name":"초지동","area_km2":0.5035,"edge":false,"slope_mean":1.95,"elev_mean":4.4,"flood_hist_n":0,"flood_depth_max_m":null,"flood_risk_100y":null,"semi_basement_r":null,"elderly_alone_r":0.0976,"bldg_age30_r":null,"shelter_min_walk":64,"pop":46057,"hh":21411,"elderly65_r":0.1558,"single_hh_r":0.4138,"source_level":"emd","flood_years":[],"landslide_hist_n":0},"geometry":{"type":"Polygon","coordinates":[[[126.75827,37.29921],[126.75775,37.30354],[126.75357,37.30548],[126.74991,37.3031],[126.75044,37.29877],[126.75462,37.29682],[126.75827,37.29921]]]}},{"type":"Feature","properties":{"h3":"8830e03167fffff","emd_code":"4127357000","emd_name":"초지동","area_km2":0.5036,"edge":false,"slope_mean":3.41,"elev_mean":7.5,"flood_hist_n":0,"flood_depth_max_m":null,"flood_risk_100y":null,"semi_basement_r":null,"elderly_alone_r":0.0976,"bldg_age30_r":null,"shelter_min_walk":56,"pop":46057,"hh":21411,"elderly65_r":0.1558,"single_hh_r":0.4138,"source_level":"emd","flood_years":[],"landslide_hist_n":0},"geometry":{"type":"Polygon","coordinates":[[[126.7661,37.29964],[126.76558,37.30397],[126.7614,37.30592],[126.75775,37.30354],[126.75827,37.29921],[126.76245,37.29726],[126.7661,37.29964]]]}},{"type":"Feature","properties":{"h3":"8830e03169fffff","emd_code":"4127357000","emd_name":"초지동","area_km2":0.5035,"edge":false,"slope_mean":5.93,"elev_mean":10.4,"flood_hist_n":0,"flood_depth_max_m":null,"flood_risk_100y":null,"semi_basement_r":null,"elderly_alone_r":0.0976,"bldg_age30_r":null,"shelter_min_walk":43,"pop":46057,"hh":21411,"elderly65_r":0.1558,"single_hh_r":0.4138,"source_level":"emd","flood_years":[],"landslide_hist_n":0},"geometry":{"type":"Polygon","coordinates":[[[126.75669,37.3122],[126.75617,37.31653],[126.75199,37.31847],[126.74833,37.31609],[126.74886,37.31176],[126.75304,37.30981],[126.75669,37.3122]]]}},{"type":"Feature","properties":{"h3":"8830e0316bfffff","emd_code":"4127357000","emd_name":"초지동","area_km2":0.5037,"edge":false,"slope_mean":5.35,"elev_mean":15.0,"flood_hist_n":0,"flood_depth_max_m":null,"flood_risk_100y":null,"semi_basement_r":null,"elderly_alone_r":0.0976,"bldg_age30_r":null,"shelter_min_walk":41,"pop":46057,"hh":21411,"elderly65_r":0.1558,"single_hh_r":0.4138,"source_level":"emd","flood_years":[],"landslide_hist_n":0},"geometry":{"type":"Polygon","coordinates":[[[126.76453,37.31264],[126.764,37.31697],[126.75982,37.31891],[126.75617,37.31653],[126.75669,37.3122],[126.76087,37.31025],[126.76453,37.31264]]]}},{"type":"Feature","properties":{"h3":"8830e0316dfffff","emd_code":"4127357000","emd_name":"초지동","area_km2":0.5035,"edge":false,"slope_mean":5.32,"elev_mean":8.8,"flood_hist_n":0,"flood_depth_max_m":null,"flood_risk_100y":null,"semi_basement_r":null,"elderly_alone_r":0.0976,"bldg_age30_r":null,"shelter_min_walk":53,"pop":46057,"hh":21411,"elderly65_r":0.1558,"single_hh_r":0.4138,"source_level":"emd","flood_years":[],"landslide_hist_n":0},"geometry":{"type":"Polygon","coordinates":[[[126.75357,37.30548],[126.75304,37.30981],[126.74886,37.31176],[126.74521,37.30937],[126.74574,37.30504],[126.74991,37.3031],[126.75357,37.30548]]]}},{"type":"Feature","properties":{"h3":"8830e03181fffff","emd_code":"4127353200","emd_name":"중앙동","area_km2":0.5046,"edge":false,"slope_mean":5.68,"elev_mean":13.0,"flood_hist_n":0,"flood_depth_max_m":null,"flood_risk_100y":null,"semi_basement_r":null,"elderly_alone_r":0.0622,"bldg_age30_r":null,"shelter_min_walk":3,"pop":23526,"hh":12228,"elderly65_r":0.1461,"single_hh_r":0.5161,"source_level":"emd","flood_years":[],"landslide_hist_n":0},"geometry":{"type":"Polygon","coordinates":[[[126.83508,37.31657],[126.83456,37.3209],[126.83037,37.32285],[126.82671,37.32047],[126.82724,37.31613],[126.83142,37.31418],[126.83508,37.31657]]]}},{"type":"Feature","properties":{"h3":"8830e03183fffff","emd_code":"4127353200","emd_name":"중앙동","area_km2":0.5048,"edge":false,"slope_mean":5.28,"elev_mean":11.1,"flood_hist_n":0,"flood_depth_max_m":null,"flood_risk_100y":null,"semi_basement_r":null,"elderly_alone_r":0.0622,"bldg_age30_r":null,"shelter_min_walk":1,"pop":23526,"hh":12228,"elderly65_r":0.1461,"single_hh_r":0.5161,"source_level":"emd","flood_years":[],"landslide_hist_n":0},"geometry":{"type":"Polygon","coordinates":[[[126.84293,37.317],[126.8424,37.32134],[126.83822,37.32329],[126.83456,37.3209],[126.83508,37.31657],[126.83926,37.31462],[126.84293,37.317]]]}},{"type":"Feature","properties":{"h3":"8830e03185fffff","emd_code":"4127353500","emd_name":"호수동","area_km2":0.5046,"edge":false,"slope_mean":5.48,"elev_mean":10.0,"flood_hist_n":0,"flood_depth_max_m":null,"flood_risk_100y":null,"semi_basement_r":null,"elderly_alone_r":0.0528,"bldg_age30_r":null,"shelter_min_walk":5,"pop":41454,"hh":16091,"elderly65_r":0.1409,"single_hh_r":0.2608,"source_level":"emd","flood_years":[],"landslide_hist_n":0},"geometry":{"type":"Polygon","coordinates":[[[126.83194,37.30985],[126.83142,37.31418],[126.82724,37.31613],[126.82358,37.31375],[126.8241,37.30942],[126.82828,37.30747],[126.83194,37.30985]]]}},{"type":"Feature","properties":{"h3":"8830e03187fffff","emd_code":"4127353500","emd_name":"호수동","area_km2":0.5047,"edge":false,"slope_mean":4.2,"elev_mean":9.8,"flood_hist_n":0,"flood_depth_max_m":null,"flood_risk_100y":null,"semi_basement_r":null,"elderly_alone_r":0.0528,"bldg_age30_r":null,"shelter_min_walk":1,"pop":41454,"hh":16091,"elderly65_r":0.1409,"single_hh_r":0.2608,"source_level":"emd","flood_years":[],"landslide_hist_n":0},"geometry":{"type":"Polygon","coordinates":[[[126.83979,37.31029],[126.83926,37.31462],[126.83508,37.31657],[126.83142,37.31418],[126.83194,37.30985],[126.83612,37.3079],[126.83979,37.31029]]]}},{"type":"Feature","properties":{"h3":"8830e03189fffff","emd_code":"4127352500","emd_name":"고잔동","area_km2":0.5046,"edge":false,"slope_mean":9.25,"elev_mean":24.9,"flood_hist_n":0,"flood_depth_max_m":null,"flood_risk_100y":null,"semi_basement_r":null,"elderly_alone_r":0.1077,"bldg_age30_r":null,"shelter_min_walk":4,"pop":19392,"hh":10045,"elderly65_r":0.1818,"single_hh_r":0.4899,"source_level":"emd","flood_years":[],"landslide_hist_n":0},"geometry":{"type":"Polygon","coordinates":[[[126.83037,37.32285],[126.82985,37.32719],[126.82567,37.32913],[126.82201,37.32675],[126.82253,37.32242],[126.82671,37.32047],[126.83037,37.32285]]]}},{"type":"Feature","properties":{"h3":"8830e0318bfffff","emd_code":"4127353200","emd_name":"중앙동","area_km2":0.5047,"edge":false,"slope_mean":9.88,"elev_mean":28.7,"flood_hist_n":0,"flood_depth_max_m":null,"flood_risk_100y":null,"semi_basement_r":null,"elderly_alone_r":0.0622,"bldg_age30_r":null,"shelter_min_walk":9,"pop":23526,"hh":12228,"elderly65_r":0.1461,"single_hh_r":0.5161,"source_level":"emd","flood_years":[],"landslide_hist_n":0},"geometry":{"type":"Polygon","coordinates":[[[126.83822,37.32329],[126.8377,37.32762],[126.83351,37.32957],[126.82985,37.32719],[126.83037,37.32285],[126.83456,37.3209],[126.83822,37.32329]]]}},{"type":"Feature","properties":{"h3":"8830e0318dfffff","emd_code":"4127352500","emd_name":"고잔동","area_km2":0.5045,"edge":false,"slope_mean":5.41,"elev_mean":11.2,"flood_hist_n":0,"flood_depth_max_m":null,"flood_risk_100y":null,"semi_basement_r":null,"elderly_alone_r":0.1077,"bldg_age30_r":null,"shelter_min_walk":4,"pop":19392,"hh":10045,"elderly65_r":0.1818,"single_hh_r":0.4899,"source_level":"emd","flood_years":[],"landslide_hist_n":0},"geometry":{"type":"Polygon","coordinates":[[[126.82724,37.31613],[126.82671,37.32047],[126.82253,37.32242],[126.81887,37.32003],[126.81939,37.3157],[126.82358,37.31375],[126.82724,37.31613]]]}},{"type":"Feature","properties":{"h3":"8830e03195fffff","emd_code":"4127353200","emd_name":"중앙동","area_km2":0.5049,"edge":true,"slope_mean":5.76,"elev_mean":17.3,"flood_hist_n":0,"flood_depth_max_m":null,"flood_risk_100y":null,"semi_basement_r":null,"elderly_alone_r":0.0622,"bldg_age30_r":null,"shelter_min_walk":2,"pop":23526,"hh":12228,"elderly65_r":0.1461,"single_hh_r":0.5161,"source_level":"emd","flood_years":[],"landslide_hist_n":0},"geometry":{"type":"Polygon","coordinates":[[[126.85077,37.31744],[126.85025,37.32177],[126.84607,37.32372],[126.8424,37.32134],[126.84293,37.317],[126.84711,37.31505],[126.85077,37.31744]]]}},{"type":"Feature","properties":{"h3":"8830e03199fffff","emd_code":"4127353200","emd_name":"중앙동","area_km2":0.5049,"edge":true,"slope_mean":6.29,"elev_mean":17.0,"flood_hist_n":0,"flood_depth_max_m":null,"flood_risk_100y":null,"semi_basement_r":null,"elderly_alone_r":0.0622,"bldg_age30_r":null,"shelter_min_walk":5,"pop":23526,"hh":12228,"elderly65_r":0.1461,"single_hh_r":0.5161,"source_level":"emd","flood_years":[],"landslide_hist_n":0},"geometry":{"type":"Polygon","coordinates":[[[126.84921,37.33044],[126.84869,37.33478],[126.8445,37.33673],[126.84084,37.33434],[126.84136,37.33001],[126.84555,37.32806],[126.84921,37.33044]]]}},{"type":"Feature","properties":{"h3":"8830e0319dfffff","emd_code":"4127353200","emd_name":"중앙동","area_km2":0.5048,"edge":true,"slope_mean":3.94,"elev_mean":10.3,"flood_hist_n":0,"flood_depth_max_m":null,"flood_risk_100y":null,"semi_basement_r":null,"elderly_alone_r":0.0622,"bldg_age30_r":null,"shelter_min_walk":3,"pop":23526,"hh":12228,"elderly65_r":0.1461,"single_hh_r":0.5161,"source_level":"emd","flood_years":[],"landslide_hist_n":0},"geometry":{"type":"Polygon","coordinates":[[[126.84607,37.32372],[126.84555,37.32806],[126.84136,37.33001],[126.8377,37.32762],[126.83822,37.32329],[126.8424,37.32134],[126.84607,37.32372]]]}},{"type":"Feature","properties":{"h3":"8830e031a9fffff","emd_code":"4127353500","emd_name":"호수동","area_km2":0.5045,"edge":false,"slope_mean":3.98,"elev_mean":6.9,"flood_hist_n":0,"flood_depth_max_m":null,"flood_risk_100y":null,"semi_basement_r":null,"elderly_alone_r":0.0528,"bldg_age30_r":null,"shelter_min_walk":3,"pop":41454,"hh":16091,"elderly65_r":0.1409,"single_hh_r":0.2608,"source_level":"emd","flood_years":[],"landslide_hist_n":0},"geometry":{"type":"Polygon","coordinates":[[[126.8288,37.30313],[126.82828,37.30747],[126.8241,37.30942],[126.82044,37.30703],[126.82096,37.3027],[126.82514,37.30075],[126.8288,37.30313]]]}},{"type":"Feature","properties":{"h3":"8830e031abfffff","emd_code":"4127353500","emd_name":"호수동","area_km2":0.5046,"edge":false,"slope_mean":4.91,"elev_mean":8.3,"flood_hist_n":0,"flood_depth_max_m":null,"flood_risk_100y":null,"semi_basement_r":null,"elderly_alone_r":0.0528,"bldg_age30_r":null,"shelter_min_walk":2,"pop":41454,"hh":16091,"elderly65_r":0.1409,"single_hh_r":0.2608,"source_level":"emd","flood_years":[],"landslide_hist_n":0},"geometry":{"type":"Polygon","coordinates":[[[126.83665,37.30357],[126.83612,37.3079],[126.83194,37.30985],[126.82828,37.30747],[126.8288,37.30313],[126.83299,37.30118],[126.83665,37.30357]]]}},{"type":"Feature","properties":{"h3":"8830e031adfffff","emd_code":"4127357000","emd_name":"초지동","area_km2":0.5045,"edge":true,"slope_mean":3.78,"elev_mean":8.9,"flood_hist_n":0,"flood_depth_max_m":null,"flood_risk_100y":null,"semi_basement_r":null,"elderly_alone_r":0.0976,"bldg_age30_r":null,"shelter_min_walk":3,"pop":46057,"hh":21411,"elderly65_r":0.1558,"single_hh_r":0.4138,"source_level":"emd","flood_years":[],"landslide_hist_n":0},"geometry":{"type":"Polygon","coordinates":[[[126.82567,37.29642],[126.82514,37.30075],[126.82096,37.3027],[126.8173,37.30031],[126.81783,37.29598],[126.82201,37.29403],[126.82567,37.29642]]]}},{"type":"Feature","properties":{"h3":"8830e031b9fffff","emd_code":"4127353500","emd_name":"호수동","area_km2":0.5048,"edge":true,"slope_mean":4.07,"elev_mean":9.1,"flood_hist_n":0,"flood_depth_max_m":null,"flood_risk_100y":null,"semi_basement_r":null,"elderly_alone_r":0.0528,"bldg_age30_r":null,"shelter_min_walk":3,"pop":41454,"hh":16091,"elderly65_r":0.1409,"single_hh_r":0.2608,"source_level":"emd","flood_years":[],"landslide_hist_n":0},"geometry":{"type":"Polygon","coordinates":[[[126.84763,37.31072],[126.84711,37.31505],[126.84293,37.317],[126.83926,37.31462],[126.83979,37.31029],[126.84397,37.30833],[126.84763,37.31072]]]}},{"type":"Feature","properties":{"h3":"8830e031bdfffff","emd_code":"4127353500","emd_name":"호수동","area_km2":0.5047,"edge":false,"slope_mean":4.04,"elev_mean":8.6,"flood_hist_n":0,"flood_depth_max_m":null,"flood_risk_100y":null,"semi_basement_r":null,"elderly_alone_r":0.0528,"bldg_age30_r":null,"shelter_min_walk":4,"pop":41454,"hh":16091,"elderly65_r":0.1409,"single_hh_r":0.2608,"source_level":"emd","flood_years":[],"landslide_hist_n":0},"geometry":{"type":"Polygon","coordinates":[[[126.84449,37.304],[126.84397,37.30833],[126.83979,37.31029],[126.83612,37.3079],[126.83665,37.30357],[126.84083,37.30162],[126.84449,37.304]]]}},{"type":"Feature","properties":{"h3":"8830e031c1fffff","emd_code":"4127358000","emd_name":"선부1동","area_km2":0.5044,"edge":false,"slope_mean":4.53,"elev_mean":12.0,"flood_hist_n":0,"flood_depth_max_m":null,"flood_risk_100y":null,"semi_basement_r":null,"elderly_alone_r":0.1324,"bldg_age30_r":null,"shelter_min_walk":6,"pop":16480,"hh":8109,"elderly65_r":0.1809,"single_hh_r":0.4346,"source_level":"emd","flood_years":[],"landslide_hist_n":0},"geometry":{"type":"Polygon","coordinates":[[[126.81782,37.3287],[126.8173,37.33303],[126.81312,37.33498],[126.80946,37.33259],[126.80998,37.32826],[126.81416,37.32631],[126.81782,37.3287]]]}},{"type":"Feature","properties":{"h3":"8830e031c3fffff","emd_code":"4127351000","emd_name":"와동","area_km2":0.5045,"edge":false,"slope_mean":8.44,"elev_mean":24.2,"flood_hist_n":0,"flood_depth_max_m":null,"flood_risk_100y":null,"semi_basement_r":null,"elderly_alone_r":0.1161,"bldg_age30_r":null,"shelter_min_walk":2,"pop":34783,"hh":17276,"elderly65_r":0.1647,"single_hh_r":0.4601,"source_level":"emd","flood_years":[],"landslide_hist_n":0},"geometry":{"type":"Polygon","coordinates":[[[126.82567,37.32913],[126.82515,37.33347],[126.82096,37.33542],[126.8173,37.33303],[126.81782,37.3287],[126.82201,37.32675],[126.82567,37.32913]]]}},{"type":"Feature","properties":{"h3":"8830e031c5fffff","emd_code":"4127357000","emd_name":"초지동","area_km2":0.5044,"edge":false,"slope_mean":4.35,"elev_mean":13.6,"flood_hist_n":0,"flood_depth_max_m":null,"flood_risk_100y":null,"semi_basement_r":null,"elderly_alone_r":0.0976,"bldg_age30_r":null,"shelter_min_walk":5,"pop":46057,"hh":21411,"elderly65_r":0.1558,"single_hh_r":0.4138,"source_level":"emd","flood_years":[],"landslide_hist_n":0},"geometry":{"type":"Polygon","coordinates":[[[126.81469,37.32198],[126.81416,37.32631],[126.80998,37.32826],[126.80632,37.32588],[126.80685,37.32154],[126.81103,37.31959],[126.81469,37.32198]]]}},{"type":"Feature","properties":{"h3":"8830e031c7fffff","emd_code":"4127357000","emd_name":"초지동","area_km2":0.5045,"edge":false,"slope_mean":3.86,"elev_mean":10.4,"flood_hist_n":0,"flood_depth_max_m":null,"flood_risk_100y":null,"semi_basement_r":null,"elderly_alone_r":0.0976,"bldg_age30_r":null,"shelter_min_walk":4,"pop":46057,"hh":21411,"elderly65_r":0.1558,"single_hh_r":0.4138,"source_level":"emd","flood_years":[],"landslide_hist_n":0},"geometry":{"type":"Polygon","coordinates":[[[126.82253,37.32242],[126.82201,37.32675],[126.81782,37.3287],[126.81416,37.32631],[126.81469,37.32198],[126.81887,37.32003],[126.82253,37.32242]]]}},{"type":"Feature","properties":{"h3":"8830e031c9fffff","emd_code":"4127359000","emd_name":"선부2동","area_km2":0.5044,"edge":false,"slope_mean":6.65,"elev_mean":18.2,"flood_hist_n":0,"flood_depth_max_m":null,"flood_risk_100y":null,"semi_basement_r":null,"elderly_alone_r":0.1338,"bldg_age30_r":null,"shelter_min_walk":1,"pop":16946,"hh":8547,"elderly65_r":0.1667,"single_hh_r":0.4701,"source_level":"emd","flood_years":[],"landslide_hist_n":0},"geometry":{"type":"Polygon","coordinates":[[[126.81312,37.33498],[126.81259,37.33931],[126.80841,37.34126],[126.80475,37.33887],[126.80527,37.33454],[126.80946,37.33259],[126.81312,37.33498]]]}},{"type":"Feature","properties":{"h3":"8830e031cbfffff","emd_code":"4127360000","emd_name":"선부3동","area_km2":0.5045,"edge":false,"slope_mean":5.95,"elev_mean":17.1,"flood_hist_n":0,"flood_depth_max_m":null,"flood_risk_100y":null,"semi_basement_r":null,"elderly_alone_r":0.1015,"bldg_age30_r":null,"shelter_min_walk":3,"pop":31279,"hh":14614,"elderly65_r":0.1623,"single_hh_r":0.4051,"source_level":"emd","flood_years":[],"landslide_hist_n":0},"geometry":{"type":"Polygon","coordinates":[[[126.82096,37.33542],[126.82044,37.33975],[126.81625,37.3417],[126.81259,37.33931],[126.81312,37.33498],[126.8173,37.33303],[126.82096,37.33542]]]}},{"type":"Feature","properties":{"h3":"8830e031cdfffff","emd_code":"4127358000","emd_name":"선부1동","area_km2":0.5043,"edge":false,"slope_mean":7.32,"elev_mean":20.7,"flood_hist_n":0,"flood_depth_max_m":null,"flood_risk_100y":null,"semi_basement_r":null,"elderly_alone_r":0.1324,"bldg_age30_r":null,"shelter_min_walk":3,"pop":16480,"hh":8109,"elderly65_r":0.1809,"single_hh_r":0.4346,"source_level":"emd","flood_years":[],"landslide_hist_n":0},"geometry":{"type":"Polygon","coordinates":[[[126.80998,37.32826],[126.80946,37.33259],[126.80527,37.33454],[126.80161,37.33215],[126.80214,37.32782],[126.80632,37.32588],[126.80998,37.32826]]]}},{"type":"Feature","properties":{"h3":"8830e031d1fffff","emd_code":"4127351000","emd_name":"와동","area_km2":0.5047,"edge":false,"slope_mean":12.51,"elev_mean":55.9,"flood_hist_n":0,"flood_depth_max_m":null,"flood_risk_100y":null,"semi_basement_r":null,"elderly_alone_r":0.1161,"bldg_age30_r":null,"shelter_min_walk":7,"pop":34783,"hh":17276,"elderly65_r":0.1647,"single_hh_r":0.4601,"source_level":"emd","flood_years":[],"landslide_hist_n":0},"geometry":{"type":"Polygon","coordinates":[[[126.83665,37.33629],[126.83613,37.34062],[126.83195,37.34257],[126.82828,37.34019],[126.82881,37.33585],[126.83299,37.3339],[126.83665,37.33629]]]}},{"type":"Feature","properties":{"h3":"8830e031d3fffff","emd_code":"4127353200","emd_name":"중앙동","area_km2":0.5048,"edge":true,"slope_mean":17.4,"elev_mean":81.3,"flood_hist_n":0,"flood_depth_max_m":null,"flood_risk_100y":null,"semi_basement_r":null,"elderly_alone_r":0.0622,"bldg_age30_r":null,"shelter_min_walk":15,"pop":23526,"hh":12228,"elderly65_r":0.1461,"single_hh_r":0.5161,"source_level":"emd","flood_years":[],"landslide_hist_n":0},"geometry":{"type":"Polygon","coordinates":[[[126.8445,37.33673],[126.84398,37.34106],[126.8398,37.34301],[126.83613,37.34062],[126.83665,37.33629],[126.84084,37.33434],[126.8445,37.33673]]]}},{"type":"Feature","properties":{"h3":"8830e031d5fffff","emd_code":"4127352500","emd_name":"고잔동","area_km2":0.5047,"edge":false,"slope_mean":9.51,"elev_mean":36.2,"flood_hist_n":0,"flood_depth_max_m":null,"flood_risk_100y":null,"semi_basement_r":null,"elderly_alone_r":0.1077,"bldg_age30_r":null,"shelter_min_walk":4,"pop":19392,"hh":10045,"elderly65_r":0.1818,"single_hh_r":0.4899,"source_level":"emd","flood_years":[],"landslide_hist_n":0},"geometry":{"type":"Polygon","coordinates":[[[126.83351,37.32957],[126.83299,37.3339],[126.82881,37.33585],[126.82515,37.33347],[126.82567,37.32913],[126.82985,37.32719],[126.83351,37.32957]]]}},{"type":"Feature","properties":{"h3":"8830e031d7fffff","emd_code":"4127353200","emd_name":"중앙동","area_km2":0.5048,"edge":false,"slope_mean":13.26,"elev_mean":46.6,"flood_hist_n":0,"flood_depth_max_m":null,"flood_risk_100y":null,"semi_basement_r":null,"elderly_alone_r":0.0622,"bldg_age30_r":null,"shelter_min_walk":12,"pop":23526,"hh":12228,"elderly65_r":0.1461,"single_hh_r":0.5161,"source_level":"emd","flood_years":[],"landslide_hist_n":0},"geometry":{"type":"Polygon","coordinates":[[[126.84136,37.33001],[126.84084,37.33434],[126.83665,37.33629],[126.83299,37.3339],[126.83351,37.32957],[126.8377,37.32762],[126.84136,37.33001]]]}},{"type":"Feature","properties":{"h3":"8830e031d9fffff","emd_code":"4127351000","emd_name":"와동","area_km2":0.5047,"edge":false,"slope_mean":12.12,"elev_mean":39.0,"flood_hist_n":0,"flood_depth_max_m":null,"flood_risk_100y":null,"semi_basement_r":null,"elderly_alone_r":0.1161,"bldg_age30_r":null,"shelter_min_walk":5,"pop":34783,"hh":17276,"elderly65_r":0.1647,"single_hh_r":0.4601,"source_level":"emd","flood_years":[],"landslide_hist_n":0},"geometry":{"type":"Polygon","coordinates":[[[126.83195,37.34257],[126.83142,37.34691],[126.82724,37.34885],[126.82358,37.34647],[126.8241,37.34213],[126.82828,37.34019],[126.83195,37.34257]]]}},{"type":"Feature","properties":{"h3":"8830e031dbfffff","emd_code":"4127351000","emd_name":"와동","area_km2":0.5048,"edge":false,"slope_mean":14.62,"elev_mean":62.0,"flood_hist_n":0,"flood_depth_max_m":null,"flood_risk_100y":null,"semi_basement_r":null,"elderly_alone_r":0.1161,"bldg_age30_r":null,"shelter_min_walk":8,"pop":34783,"hh":17276,"elderly65_r":0.1647,"single_hh_r":0.4601,"source_level":"emd","flood_years":[],"landslide_hist_n":0},"geometry":{"type":"Polygon","coordinates":[[[126.8398,37.34301],[126.83927,37.34734],[126.83509,37.34929],[126.83142,37.34691],[126.83195,37.34257],[126.83613,37.34062],[126.8398,37.34301]]]}},{"type":"Feature","properties":{"h3":"8830e031ddfffff","emd_code":"4127351000","emd_name":"와동","area_km2":0.5046,"edge":false,"slope_mean":10.09,"elev_mean":33.3,"flood_hist_n":0,"flood_depth_max_m":null,"flood_risk_100y":null,"semi_basement_r":null,"elderly_alone_r":0.1161,"bldg_age30_r":null,"shelter_min_walk":6,"pop":34783,"hh":17276,"elderly65_r":0.1647,"single_hh_r":0.4601,"source_level":"emd","flood_years":[],"landslide_hist_n":0},"geometry":{"type":"Polygon","coordinates":[[[126.82881,37.33585],[126.82828,37.34019],[126.8241,37.34213],[126.82044,37.33975],[126.82096,37.33542],[126.82515,37.33347],[126.82881,37.33585]]]}},{"type":"Feature","properties":{"h3":"8830e031e1fffff","emd_code":"4127357000","emd_name":"초지동","area_km2":0.5044,"edge":false,"slope_mean":4.94,"elev_mean":11.4,"flood_hist_n":0,"flood_depth_max_m":null,"flood_risk_100y":null,"semi_basement_r":null,"elderly_alone_r":0.0976,"bldg_age30_r":null,"shelter_min_walk":1,"pop":46057,"hh":21411,"elderly65_r":0.1558,"single_hh_r":0.4138,"source_level":"emd","flood_years":[],"landslide_hist_n":0},"geometry":{"type":"Polygon","coordinates":[[[126.81626,37.30898],[126.81573,37.31331],[126.81155,37.31526],[126.80789,37.31288],[126.80842,37.30854],[126.8126,37.3066],[126.81626,37.30898]]]}},{"type":"Feature","properties":{"h3":"8830e031e3fffff","emd_code":"4127357000","emd_name":"초지동","area_km2":0.5045,"edge":false,"slope_mean":3.67,"elev_mean":8.0,"flood_hist_n":0,"flood_depth_max_m":null,"flood_risk_100y":null,"semi_basement_r":null,"elderly_alone_r":0.0976,"bldg_age30_r":null,"shelter_min_walk":1,"pop":46057,"hh":21411,"elderly65_r":0.1558,"single_hh_r":0.4138,"source_level":"emd","flood_years":[],"landslide_hist_n":0},"geometry":{"type":"Polygon","coordinates":[[[126.8241,37.30942],[126.82358,37.31375],[126.81939,37.3157],[126.81573,37.31331],[126.81626,37.30898],[126.82044,37.30703],[126.8241,37.30942]]]}},{"type":"Feature","properties":{"h3":"8830e031e5fffff","emd_code":"4127357000","emd_name":"초지동","area_km2":0.5043,"edge":false,"slope_mean":6.43,"elev_mean":11.8,"flood_hist_n":0,"flood_depth_max_m":null,"flood_risk_100y":null,"semi_basement_r":null,"elderly_alone_r":0.0976,"bldg_age30_r":null,"shelter_min_walk":4,"pop":46057,"hh":21411,"elderly65_r":0.1558,"single_hh_r":0.4138,"source_level":"emd","flood_years":[],"landslide_hist_n":0},"geometry":{"type":"Polygon","coordinates":[[[126.81312,37.30226],[126.8126,37.3066],[126.80842,37.30854],[126.80476,37.30616],[126.80528,37.30183],[126.80946,37.29988],[126.81312,37.30226]]]}},{"type":"Feature","properties":{"h3":"8830e031e7fffff","emd_code":"4127357000","emd_name":"초지동","area_km2":0.5044,"edge":false,"slope_mean":4.63,"elev_mean":7.8,"flood_hist_n":0,"flood_depth_max_m":null,"flood_risk_100y":null,"semi_basement_r":null,"elderly_alone_r":0.0976,"bldg_age30_r":null,"shelter_min_walk":2,"pop":46057,"hh":21411,"elderly65_r":0.1558,"single_hh_r":0.4138,"source_level":"emd","flood_years":[],"landslide_hist_n":0},"geometry":{"type":"Polygon","coordinates":[[[126.82096,37.3027],[126.82044,37.30703],[126.81626,37.30898],[126.8126,37.3066],[126.81312,37.30226],[126.8173,37.30031],[126.82096,37.3027]]]}},{"type":"Feature","properties":{"h3":"8830e031e9fffff","emd_code":"4127357000","emd_name":"초지동","area_km2":0.5043,"edge":false,"slope_mean":9.23,"elev_mean":27.0,"flood_hist_n":0,"flood_depth_max_m":null,"flood_risk_100y":null,"semi_basement_r":null,"elderly_alone_r":0.0976,"bldg_age30_r":null,"shelter_min_walk":10,"pop":46057,"hh":21411,"elderly65_r":0.1558,"single_hh_r":0.4138,"source_level":"emd","flood_years":[],"landslide_hist_n":0},"geometry":{"type":"Polygon","coordinates":[[[126.81155,37.31526],[126.81103,37.31959],[126.80685,37.32154],[126.80319,37.31916],[126.80371,37.31483],[126.80789,37.31288],[126.81155,37.31526]]]}},{"type":"Feature","properties":{"h3":"8830e031ebfffff","emd_code":"4127357000","emd_name":"초지동","area_km2":0.5044,"edge":false,"slope_mean":3.49,"elev_mean":9.6,"flood_hist_n":0,"flood_depth_max_m":null,"flood_risk_100y":null,"semi_basement_r":null,"elderly_alone_r":0.0976,"bldg_age30_r":null,"shelter_min_walk":6,"pop":46057,"hh":21411,"elderly65_r":0.1558,"single_hh_r":0.4138,"source_level":"emd","flood_years":[],"landslide_hist_n":0},"geometry":{"type":"Polygon","coordinates":[[[126.81939,37.3157],[126.81887,37.32003],[126.81469,37.32198],[126.81103,37.31959],[126.81155,37.31526],[126.81573,37.31331],[126.81939,37.3157]]]}},{"type":"Feature","properties":{"h3":"8830e031edfffff","emd_code":"4127357000","emd_name":"초지동","area_km2":0.5043,"edge":false,"slope_mean":10.48,"elev_mean":29.6,"flood_hist_n":0,"flood_depth_max_m":null,"flood_risk_100y":null,"semi_basement_r":null,"elderly_alone_r":0.0976,"bldg_age30_r":null,"shelter_min_walk":10,"pop":46057,"hh":21411,"elderly65_r":0.1558,"single_hh_r":0.4138,"source_level":"emd","flood_years":[],"landslide_hist_n":0},"geometry":{"type":"Polygon","coordinates":[[[126.80842,37.30854],[126.80789,37.31288],[126.80371,37.31483],[126.80005,37.31244],[126.80058,37.30811],[126.80476,37.30616],[126.80842,37.30854]]]}},{"type":"Feature","properties":{"h3":"8830e03325fffff","emd_code":"4127357000","emd_name":"초지동","area_km2":0.5034,"edge":true,"slope_mean":3.29,"elev_mean":7.1,"flood_hist_n":0,"flood_depth_max_m":null,"flood_risk_100y":null,"semi_basement_r":null,"elderly_alone_r":0.0976,"bldg_age30_r":null,"shelter_min_walk":13,"pop":46057,"hh":21411,"elderly65_r":0.1558,"single_hh_r":0.4138,"source_level":"emd","flood_years":[],"landslide_hist_n":0},"geometry":{"type":"Polygon","coordinates":[[[126.74257,37.33102],[126.74205,37.33535],[126.73787,37.33729],[126.73421,37.33491],[126.73474,37.33058],[126.73892,37.32864],[126.74257,37.33102]]]}},{"type":"Feature","properties":{"h3":"8830e03327fffff","emd_code":"4127356500","emd_name":"신길동","area_km2":0.5035,"edge":true,"slope_mean":4.58,"elev_mean":8.2,"flood_hist_n":0,"flood_depth_max_m":null,"flood_risk_100y":null,"semi_basement_r":null,"elderly_alone_r":0.1125,"bldg_age30_r":null,"shelter_min_walk":9,"pop":20223,"hh":9655,"elderly65_r":0.1922,"single_hh_r":0.4299,"source_level":"emd","flood_years":[],"landslide_hist_n":0},"geometry":{"type":"Polygon","coordinates":[[[126.75041,37.33146],[126.74988,37.33579],[126.7457,37.33774],[126.74205,37.33535],[126.74257,37.33102],[126.74675,37.32908],[126.75041,37.33146]]]}},{"type":"Feature","properties":{"h3":"8830e03335fffff","emd_code":"4127356500","emd_name":"신길동","area_km2":0.5037,"edge":true,"slope_mean":3.26,"elev_mean":8.1,"flood_hist_n":0,"flood_depth_max_m":null,"flood_risk_100y":null,"semi_basement_r":null,"elderly_alone_r":0.1125,"bldg_age30_r":null,"shelter_min_walk":13,"pop":20223,"hh":9655,"elderly65_r":0.1922,"single_hh_r":0.4299,"source_level":"emd","flood_years":[],"landslide_hist_n":0},"geometry":{"type":"Polygon","coordinates":[[[126.76137,37.33862],[126.76084,37.34295],[126.75666,37.3449],[126.75301,37.34251],[126.75353,37.33818],[126.75771,37.33623],[126.76137,37.33862]]]}},{"type":"Feature","properties":{"h3":"8830e03337fffff","emd_code":"4127356500","emd_name":"신길동","area_km2":0.5038,"edge":false,"slope_mean":1.9,"elev_mean":5.5,"flood_hist_n":0,"flood_depth_max_m":null,"flood_risk_100y":null,"semi_basement_r":null,"elderly_alone_r":0.1125,"bldg_age30_r":null,"shelter_min_walk":11,"pop":20223,"hh":9655,"elderly65_r":0.1922,"single_hh_r":0.4299,"source_level":"emd","flood_years":[],"landslide_hist_n":0},"geometry":{"type":"Polygon","coordinates":[[[126.76921,37.33906],[126.76868,37.34339],[126.7645,37.34534],[126.76084,37.34295],[126.76137,37.33862],[126.76555,37.33667],[126.76921,37.33906]]]}},{"type":"Feature","properties":{"h3":"8830e03a53fffff","emd_code":"4127357000","emd_name":"초지동","area_km2":0.5036,"edge":true,"slope_mean":0.12,"elev_mean":0.1,"flood_hist_n":0,"flood_depth_max_m":null,"flood_risk_100y":null,"semi_basement_r":null,"elderly_alone_r":0.0976,"bldg_age30_r":null,"shelter_min_walk":68,"pop":46057,"hh":21411,"elderly65_r":0.1558,"single_hh_r":0.4138,"source_level":"emd","flood_years":[],"landslide_hist_n":0},"geometry":{"type":"Polygon","coordinates":[[[126.76768,37.28665],[126.76716,37.29098],[126.76298,37.29293],[126.75932,37.29055],[126.75985,37.28622],[126.76403,37.28427],[126.76768,37.28665]]]}},{"type":"Feature","properties":{"h3":"8830e03a59fffff","emd_code":"4127357000","emd_name":"초지동","area_km2":0.5035,"edge":true,"slope_mean":0.19,"elev_mean":0.2,"flood_hist_n":0,"flood_depth_max_m":null,"flood_risk_100y":null,"semi_basement_r":null,"elderly_alone_r":0.0976,"bldg_age30_r":null,"shelter_min_walk":74,"pop":46057,"hh":21411,"elderly65_r":0.1558,"single_hh_r":0.4138,"source_level":"emd","flood_years":[],"landslide_hist_n":0},"geometry":{"type":"Polygon","coordinates":[[[126.75515,37.29249],[126.75462,37.29682],[126.75044,37.29877],[126.74679,37.29638],[126.74732,37.29205],[126.75149,37.29011],[126.75515,37.29249]]]}},{"type":"Feature","properties":{"h3":"8830e03a5bfffff","emd_code":"4127357000","emd_name":"초지동","area_km2":0.5036,"edge":false,"slope_mean":0.55,"elev_mean":1.0,"flood_hist_n":0,"flood_depth_max_m":null,"flood_risk_100y":null,"semi_basement_r":null,"elderly_alone_r":0.0976,"bldg_age30_r":null,"shelter_min_walk":67,"pop":46057,"hh":21411,"elderly65_r":0.1558,"single_hh_r":0.4138,"source_level":"emd","flood_years":[],"landslide_hist_n":0},"geometry":{"type":"Polygon","coordinates":[[[126.76298,37.29293],[126.76245,37.29726],[126.75827,37.29921],[126.75462,37.29682],[126.75515,37.29249],[126.75932,37.29055],[126.76298,37.29293]]]}},{"type":"Feature","properties":{"h3":"8830e03ac9fffff","emd_code":"4127357000","emd_name":"초지동","area_km2":0.504,"edge":true,"slope_mean":0.65,"elev_mean":0.9,"flood_hist_n":0,"flood_depth_max_m":null,"flood_risk_100y":null,"semi_basement_r":null,"elderly_alone_r":0.0976,"bldg_age30_r":null,"shelter_min_walk":40,"pop":46057,"hh":21411,"elderly65_r":0.1558,"single_hh_r":0.4138,"source_level":"emd","flood_years":[],"landslide_hist_n":0},"geometry":{"type":"Polygon","coordinates":[[[126.79118,37.28796],[126.79066,37.29229],[126.78648,37.29424],[126.78282,37.29186],[126.78335,37.28753],[126.78752,37.28558],[126.79118,37.28796]]]}},{"type":"Feature","properties":{"h3":"8830e03acbfffff","emd_code":"4127357000","emd_name":"초지동","area_km2":0.5041,"edge":true,"slope_mean":0.82,"elev_mean":1.3,"flood_hist_n":0,"flood_depth_max_m":null,"flood_risk_100y":null,"semi_basement_r":null,"elderly_alone_r":0.0976,"bldg_age30_r":null,"shelter_min_walk":29,"pop":46057,"hh":21411,"elderly65_r":0.1558,"single_hh_r":0.4138,"source_level":"emd","flood_years":[],"landslide_hist_n":0},"geometry":{"type":"Polygon","coordinates":[[[126.79902,37.2884],[126.79849,37.29273],[126.79431,37.29468],[126.79066,37.29229],[126.79118,37.28796],[126.79536,37.28601],[126.79902,37.2884]]]}},{"type":"Feature","properties":{"h3":"8830e03ad9fffff","emd_code":"4127357000","emd_name":"초지동","area_km2":0.5042,"edge":true,"slope_mean":2.13,"elev_mean":4.4,"flood_hist_n":0,"flood_depth_max_m":null,"flood_risk_100y":null,"semi_basement_r":null,"elderly_alone_r":0.0976,"bldg_age30_r":null,"shelter_min_walk":16,"pop":46057,"hh":21411,"elderly65_r":0.1558,"single_hh_r":0.4138,"source_level":"emd","flood_years":[],"landslide_hist_n":0},"geometry":{"type":"Polygon","coordinates":[[[126.80999,37.29555],[126.80946,37.29988],[126.80528,37.30183],[126.80162,37.29944],[126.80215,37.29511],[126.80633,37.29316],[126.80999,37.29555]]]}},{"type":"Feature","properties":{"h3":"8830e03adbfffff","emd_code":"4127357000","emd_name":"초지동","area_km2":0.5043,"edge":true,"slope_mean":3.67,"elev_mean":5.2,"flood_hist_n":0,"flood_depth_max_m":null,"flood_risk_100y":null,"semi_basement_r":null,"elderly_alone_r":0.0976,"bldg_age30_r":null,"shelter_min_walk":9,"pop":46057,"hh":21411,"elderly65_r":0.1558,"single_hh_r":0.4138,"source_level":"emd","flood_years":[],"landslide_hist_n":0},"geometry":{"type":"Polygon","coordinates":[[[126.81783,37.29598],[126.8173,37.30031],[126.81312,37.30226],[126.80946,37.29988],[126.80999,37.29555],[126.81417,37.2936],[126.81783,37.29598]]]}},{"type":"Feature","properties":{"h3":"8830e05483fffff","emd_code":"4127361000","emd_name":"대부동","area_km2":0.5022,"edge":false,"slope_mean":6.84,"elev_mean":19.3,"flood_hist_n":0,"flood_depth_max_m":null,"flood_risk_100y":null,"semi_basement_r":null,"elderly_alone_r":0.2432,"bldg_age30_r":null,"shelter_min_walk":320,"pop":9159,"hh":5604,"elderly65_r":0.4004,"single_hh_r":0.5782,"source_level":"emd","flood_years":[],"landslide_hist_n":0},"geometry":{"type":"Polygon","coordinates":[[[126.37773,37.10531],[126.37691,37.10161],[126.38107,37.09968],[126.38605,37.10143],[126.38688,37.10513],[126.38271,37.10707],[126.37773,37.10531]]]}},{"type":"Feature","properties":{"h3":"8830e0548bfffff","emd_code":"4127361000","emd_name":"대부동","area_km2":0.502,"edge":true,"slope_mean":7.18,"elev_mean":17.7,"flood_hist_n":0,"flood_depth_max_m":null,"flood_risk_100y":null,"semi_basement_r":null,"elderly_alone_r":0.2432,"bldg_age30_r":null,"shelter_min_walk":317,"pop":9159,"hh":5604,"elderly65_r":0.4004,"single_hh_r":0.5782,"source_level":"emd","flood_years":[],"landslide_hist_n":0},"geometry":{"type":"Polygon","coordinates":[[[126.37439,37.11094],[126.37357,37.10725],[126.37773,37.10531],[126.38271,37.10707],[126.38354,37.11077],[126.37938,37.1127],[126.37439,37.11094]]]}},{"type":"Feature","properties":{"h3":"8830e05491fffff","emd_code":"4127361000","emd_name":"대부동","area_km2":0.5021,"edge":true,"slope_mean":4.47,"elev_mean":8.1,"flood_hist_n":0,"flood_depth_max_m":null,"flood_risk_100y":null,"semi_basement_r":null,"elderly_alone_r":0.2432,"bldg_age30_r":null,"shelter_min_walk":299,"pop":9159,"hh":5604,"elderly65_r":0.4004,"single_hh_r":0.5782,"source_level":"emd","flood_years":[],"landslide_hist_n":0},"geometry":{"type":"Polygon","coordinates":[[[126.39268,37.11059],[126.39186,37.10689],[126.39602,37.10495],[126.401,37.10671],[126.40183,37.11041],[126.39767,37.11235],[126.39268,37.11059]]]}},{"type":"Feature","properties":{"h3":"8830e05495fffff","emd_code":"4127361000","emd_name":"대부동","area_km2":0.5022,"edge":false,"slope_mean":15.46,"elev_mean":55.6,"flood_hist_n":0,"flood_depth_max_m":null,"flood_risk_100y":null,"semi_basement_r":null,"elderly_alone_r":0.2432,"bldg_age30_r":null,"shelter_min_walk":311,"pop":9159,"hh":5604,"elderly65_r":0.4004,"single_hh_r":0.5782,"source_level":"emd","flood_years":[],"landslide_hist_n":0},"geometry":{"type":"Polygon","coordinates":[[[126.38688,37.10513],[126.38605,37.10143],[126.39021,37.0995],[126.3952,37.10126],[126.39602,37.10495],[126.39186,37.10689],[126.38688,37.10513]]]}},{"type":"Feature","properties":{"h3":"8830e05497fffff","emd_code":"4127361000","emd_name":"대부동","area_km2":0.5022,"edge":true,"slope_mean":0.08,"elev_mean":0.0,"flood_hist_n":0,"flood_depth_max_m":null,"flood_risk_100y":null,"semi_basement_r":null,"elderly_alone_r":0.2432,"bldg_age30_r":null,"shelter_min_walk":303,"pop":9159,"hh":5604,"elderly65_r":0.4004,"single_hh_r":0.5782,"source_level":"emd","flood_years":[],"landslide_hist_n":0},"geometry":{"type":"Polygon","coordinates":[[[126.39602,37.10495],[126.3952,37.10126],[126.39936,37.09932],[126.40434,37.10108],[126.40516,37.10477],[126.401,37.10671],[126.39602,37.10495]]]}},{"type":"Feature","properties":{"h3":"8830e05499fffff","emd_code":"4127361000","emd_name":"대부동","area_km2":0.502,"edge":true,"slope_mean":4.53,"elev_mean":10.0,"flood_hist_n":0,"flood_depth_max_m":null,"flood_risk_100y":null,"semi_basement_r":null,"elderly_alone_r":0.2432,"bldg_age30_r":null,"shelter_min_walk":297,"pop":9159,"hh":5604,"elderly65_r":0.4004,"single_hh_r":0.5782,"source_level":"emd","flood_years":[],"landslide_hist_n":0},"geometry":{"type":"Polygon","coordinates":[[[126.38934,37.11622],[126.38852,37.11253],[126.39268,37.11059],[126.39767,37.11235],[126.39849,37.11604],[126.39433,37.11798],[126.38934,37.11622]]]}},{"type":"Feature","properties":{"h3":"8830e0549dfffff","emd_code":"4127361000","emd_name":"대부동","area_km2":0.5021,"edge":false,"slope_mean":17.96,"elev_mean":98.5,"flood_hist_n":0,"flood_depth_max_m":null,"flood_risk_100y":null,"semi_basement_r":null,"elderly_alone_r":0.2432,"bldg_age30_r":null,"shelter_min_walk":308,"pop":9159,"hh":5604,"elderly65_r":0.4004,"single_hh_r":0.5782,"source_level":"emd","flood_years":[],"landslide_hist_n":0},"geometry":{"type":"Polygon","coordinates":[[[126.38354,37.11077],[126.38271,37.10707],[126.38688,37.10513],[126.39186,37.10689],[126.39268,37.11059],[126.38852,37.11253],[126.38354,37.11077]]]}},{"type":"Feature","properties":{"h3":"8830e054bbfffff","emd_code":"4127361000","emd_name":"대부동","area_km2":0.5023,"edge":true,"slope_mean":2.61,"elev_mean":3.6,"flood_hist_n":0,"flood_depth_max_m":null,"flood_risk_100y":null,"semi_basement_r":null,"elderly_alone_r":0.2432,"bldg_age30_r":null,"shelter_min_walk":314,"pop":9159,"hh":5604,"elderly65_r":0.4004,"single_hh_r":0.5782,"source_level":"emd","flood_years":[],"landslide_hist_n":0},"geometry":{"type":"Polygon","coordinates":[[[126.39021,37.0995],[126.38939,37.0958],[126.39355,37.09386],[126.39853,37.09562],[126.39936,37.09932],[126.3952,37.10126],[126.39021,37.0995]]]}},{"type":"Feature","properties":{"h3":"8830e054d7fffff","emd_code":"4127361000","emd_name":"대부동","area_km2":0.502,"edge":false,"slope_mean":9.82,"elev_mean":30.8,"flood_hist_n":0,"flood_depth_max_m":null,"flood_risk_100y":null,"semi_basement_r":null,"elderly_alone_r":0.2432,"bldg_age30_r":null,"shelter_min_walk":306,"pop":9159,"hh":5604,"elderly65_r":0.4004,"single_hh_r":0.5782,"source_level":"emd","flood_years":[],"landslide_hist_n":0},"geometry":{"type":"Polygon","coordinates":[[[126.3802,37.1164],[126.37938,37.1127],[126.38354,37.11077],[126.38852,37.11253],[126.38934,37.11622],[126.38518,37.11816],[126.3802,37.1164]]]}}]}