{"type":"FeatureCollection","name":"grid_41450_h3r8","meta":{"sgg_code":"41450","h3_res":8,"n_cells":224,"dem":"Copernicus GLO-30 (bbox-mean)","crs":"EPSG:4326","jumin_basis":"2026-07","flood_src":"행안부 침수흔적도(전국, 재난안전데이터공유플랫폼)","landslide_src":"행안부 산사태 발생이력"},"features":[{"type":"Feature","properties":{"h3":"8830e11961fffff","emd_code":"4145051000","emd_name":"천현동","area_km2":0.5116,"edge":true,"slope_mean":3.81,"elev_mean":27.5,"flood_hist_n":0,"flood_depth_max_m":null,"flood_risk_100y":null,"semi_basement_r":null,"elderly_alone_r":0.1998,"bldg_age30_r":null,"shelter_min_walk":18,"pop":5689,"hh":3168,"elderly65_r":0.3247,"single_hh_r":0.5395,"source_level":"emd","flood_years":[],"landslide_hist_n":0},"geometry":{"type":"Polygon","coordinates":[[[127.29187,37.51845],[127.29137,37.5228],[127.28715,37.52477],[127.28343,37.52238],[127.28393,37.51803],[127.28815,37.51606],[127.29187,37.51845]]]}},{"type":"Feature","properties":{"h3":"8830e11965fffff","emd_code":"4145051000","emd_name":"천현동","area_km2":0.5115,"edge":false,"slope_mean":10.78,"elev_mean":56.6,"flood_hist_n":0,"flood_depth_max_m":null,"flood_risk_100y":null,"semi_basement_r":null,"elderly_alone_r":0.1998,"bldg_age30_r":null,"shelter_min_walk":21,"pop":5689,"hh":3168,"elderly65_r":0.3247,"single_hh_r":0.5395,"source_level":"emd","flood_years":[],"landslide_hist_n":0},"geometry":{"type":"Polygon","coordinates":[[[127.28865,37.5117],[127.28815,37.51606],[127.28393,37.51803],[127.28021,37.51564],[127.28071,37.51128],[127.28493,37.50932],[127.28865,37.5117]]]}},{"type":"Feature","properties":{"h3":"8830e11969fffff","emd_code":"4145051000","emd_name":"천현동","area_km2":0.5115,"edge":true,"slope_mean":7.28,"elev_mean":36.2,"flood_hist_n":0,"flood_depth_max_m":null,"flood_risk_100y":null,"semi_basement_r":null,"elderly_alone_r":0.1998,"bldg_age30_r":null,"shelter_min_walk":28,"pop":5689,"hh":3168,"elderly65_r":0.3247,"single_hh_r":0.5395,"source_level":"emd","flood_years":[],"landslide_hist_n":0},"geometry":{"type":"Polygon","coordinates":[[[127.28715,37.52477],[127.28665,37.52913],[127.28243,37.53109],[127.27872,37.5287],[127.27921,37.52435],[127.28343,37.52238],[127.28715,37.52477]]]}},{"type":"Feature","properties":{"h3":"8830e1196dfffff","emd_code":"4145051000","emd_name":"천현동","area_km2":0.5115,"edge":false,"slope_mean":18.77,"elev_mean":90.8,"flood_hist_n":0,"flood_depth_max_m":null,"flood_risk_100y":null,"semi_basement_r":null,"elderly_alone_r":0.1998,"bldg_age30_r":null,"shelter_min_walk":27,"pop":5689,"hh":3168,"elderly65_r":0.3247,"single_hh_r":0.5395,"source_level":"emd","flood_years":[],"landslide_hist_n":0},"geometry":{"type":"Polygon","coordinates":[[[127.28393,37.51803],[127.28343,37.52238],[127.27921,37.52435],[127.2755,37.52196],[127.27599,37.5176],[127.28021,37.51564],[127.28393,37.51803]]]}},{"type":"Feature","properties":{"h3":"8830e1564dfffff","emd_code":"4145051000","emd_name":"천현동","area_km2":0.5111,"edge":false,"slope_mean":26.42,"elev_mean":469.2,"flood_hist_n":0,"flood_depth_max_m":null,"flood_risk_100y":null,"semi_basement_r":null,"elderly_alone_r":0.1998,"bldg_age30_r":null,"shelter_min_walk":52,"pop":5689,"hh":3168,"elderly65_r":0.3247,"single_hh_r":0.5395,"source_level":"emd","flood_years":[],"landslide_hist_n":0},"geometry":{"type":"Polygon","coordinates":[[[127.26312,37.49063],[127.26262,37.49499],[127.25841,37.49695],[127.25469,37.49456],[127.25519,37.49021],[127.25941,37.48824],[127.26312,37.49063]]]}},{"type":"Feature","properties":{"h3":"8830e1c521fffff","emd_code":"4145062000","emd_name":"미사2동","area_km2":0.5103,"edge":true,"slope_mean":4.1,"elev_mean":16.7,"flood_hist_n":0,"flood_depth_max_m":null,"flood_risk_100y":null,"semi_basement_r":null,"elderly_alone_r":0.1136,"bldg_age30_r":null,"shelter_min_walk":14,"pop":46299,"hh":18401,"elderly65_r":0.1556,"single_hh_r":0.2831,"source_level":"emd","flood_years":[],"landslide_hist_n":0},"geometry":{"type":"Polygon","coordinates":[[[127.18763,37.5917],[127.18712,37.59605],[127.1829,37.59801],[127.17919,37.59561],[127.1797,37.59126],[127.18391,37.5893],[127.18763,37.5917]]]}},{"type":"Feature","properties":{"h3":"8830e1c523fffff","emd_code":"4145062000","emd_name":"미사2동","area_km2":0.5104,"edge":true,"slope_mean":4.54,"elev_mean":20.4,"flood_hist_n":0,"flood_depth_max_m":null,"flood_risk_100y":null,"semi_basement_r":null,"elderly_alone_r":0.1136,"bldg_age30_r":null,"shelter_min_walk":22,"pop":46299,"hh":18401,"elderly65_r":0.1556,"single_hh_r":0.2831,"source_level":"emd","flood_years":[],"landslide_hist_n":0},"geometry":{"type":"Polygon","coordinates":[[[127.19556,37.59213],[127.19505,37.59648],[127.19084,37.59844],[127.18712,37.59605],[127.18763,37.5917],[127.19184,37.58974],[127.19556,37.59213]]]}},{"type":"Feature","properties":{"h3":"8830e1c525fffff","emd_code":"4145062000","emd_name":"미사2동","area_km2":0.5103,"edge":false,"slope_mean":3.24,"elev_mean":11.0,"flood_hist_n":0,"flood_depth_max_m":null,"flood_risk_100y":null,"semi_basement_r":null,"elderly_alone_r":0.1136,"bldg_age30_r":null,"shelter_min_walk":18,"pop":46299,"hh":18401,"elderly65_r":0.1556,"single_hh_r":0.2831,"source_level":"emd","flood_years":[],"landslide_hist_n":0},"geometry":{"type":"Polygon","coordinates":[[[127.18442,37.58495],[127.18391,37.5893],[127.1797,37.59126],[127.17598,37.58887],[127.17649,37.58452],[127.18071,37.58256],[127.18442,37.58495]]]}},{"type":"Feature","properties":{"h3":"8830e1c527fffff","emd_code":"4145062000","emd_name":"미사2동","area_km2":0.5104,"edge":false,"slope_mean":0.89,"elev_mean":6.3,"flood_hist_n":0,"flood_depth_max_m":null,"flood_risk_100y":null,"semi_basement_r":null,"elderly_alone_r":0.1136,"bldg_age30_r":null,"shelter_min_walk":18,"pop":46299,"hh":18401,"elderly65_r":0.1556,"single_hh_r":0.2831,"source_level":"emd","flood_years":[],"landslide_hist_n":0},"geometry":{"type":"Polygon","coordinates":[[[127.19235,37.58538],[127.19184,37.58974],[127.18763,37.5917],[127.18391,37.5893],[127.18442,37.58495],[127.18864,37.58299],[127.19235,37.58538]]]}},{"type":"Feature","properties":{"h3":"8830e1c535fffff","emd_code":"4145062000","emd_name":"미사2동","area_km2":0.5105,"edge":true,"slope_mean":6.58,"elev_mean":28.5,"flood_hist_n":0,"flood_depth_max_m":null,"flood_risk_100y":null,"semi_basement_r":null,"elderly_alone_r":0.1136,"bldg_age30_r":null,"shelter_min_walk":14,"pop":46299,"hh":18401,"elderly65_r":0.1556,"single_hh_r":0.2831,"source_level":"emd","flood_years":[],"landslide_hist_n":0},"geometry":{"type":"Polygon","coordinates":[[[127.20349,37.59256],[127.20299,37.59691],[127.19877,37.59887],[127.19505,37.59648],[127.19556,37.59213],[127.19978,37.59017],[127.20349,37.59256]]]}},{"type":"Feature","properties":{"h3":"8830e1c893fffff","emd_code":"4145058500","emd_name":"위례동","area_km2":0.5095,"edge":true,"slope_mean":2.96,"elev_mean":34.8,"flood_hist_n":0,"flood_depth_max_m":null,"flood_risk_100y":null,"semi_basement_r":null,"elderly_alone_r":0.0311,"bldg_age30_r":null,"shelter_min_walk":8,"pop":35230,"hh":12260,"elderly65_r":0.1113,"single_hh_r":0.1743,"source_level":"emd","flood_years":[],"landslide_hist_n":0},"geometry":{"type":"Polygon","coordinates":[[[127.14902,37.47795],[127.14851,37.4823],[127.1443,37.48426],[127.1406,37.48187],[127.1411,37.47752],[127.14531,37.47556],[127.14902,37.47795]]]}},{"type":"Feature","properties":{"h3":"8830e1cc01fffff","emd_code":"4145059000","emd_name":"춘궁동","area_km2":0.5103,"edge":false,"slope_mean":4.33,"elev_mean":44.0,"flood_hist_n":0,"flood_depth_max_m":null,"flood_risk_100y":null,"semi_basement_r":null,"elderly_alone_r":0.232,"bldg_age30_r":null,"shelter_min_walk":2,"pop":712,"hh":487,"elderly65_r":0.3329,"single_hh_r":0.729,"source_level":"emd","flood_years":[],"landslide_hist_n":0},"geometry":{"type":"Polygon","coordinates":[[[127.1999,37.5201],[127.1994,37.52445],[127.19519,37.52641],[127.19148,37.52402],[127.19198,37.51967],[127.19619,37.51771],[127.1999,37.5201]]]}},{"type":"Feature","properties":{"h3":"8830e1cc03fffff","emd_code":"4145059000","emd_name":"춘궁동","area_km2":0.5104,"edge":false,"slope_mean":5.79,"elev_mean":46.4,"flood_hist_n":0,"flood_depth_max_m":null,"flood_risk_100y":null,"semi_basement_r":null,"elderly_alone_r":0.232,"bldg_age30_r":null,"shelter_min_walk":13,"pop":712,"hh":487,"elderly65_r":0.3329,"single_hh_r":0.729,"source_level":"emd","flood_years":[],"landslide_hist_n":0},"geometry":{"type":"Polygon","coordinates":[[[127.20783,37.52053],[127.20733,37.52488],[127.20311,37.52684],[127.1994,37.52445],[127.1999,37.5201],[127.20412,37.51814],[127.20783,37.52053]]]}},{"type":"Feature","properties":{"h3":"8830e1cc05fffff","emd_code":"4145059000","emd_name":"춘궁동","area_km2":0.5102,"edge":false,"slope_mean":9.98,"elev_mean":66.9,"flood_hist_n":0,"flood_depth_max_m":null,"flood_risk_100y":null,"semi_basement_r":null,"elderly_alone_r":0.232,"bldg_age30_r":null,"shelter_min_walk":11,"pop":712,"hh":487,"elderly65_r":0.3329,"single_hh_r":0.729,"source_level":"emd","flood_years":[],"landslide_hist_n":0},"geometry":{"type":"Polygon","coordinates":[[[127.1967,37.51336],[127.19619,37.51771],[127.19198,37.51967],[127.18827,37.51728],[127.18877,37.51293],[127.19299,37.51097],[127.1967,37.51336]]]}},{"type":"Feature","properties":{"h3":"8830e1cc07fffff","emd_code":"4145059000","emd_name":"춘궁동","area_km2":0.5103,"edge":false,"slope_mean":3.76,"elev_mean":47.4,"flood_hist_n":0,"flood_depth_max_m":null,"flood_risk_100y":null,"semi_basement_r":null,"elderly_alone_r":0.232,"bldg_age30_r":null,"shelter_min_walk":13,"pop":712,"hh":487,"elderly65_r":0.3329,"single_hh_r":0.729,"source_level":"emd","flood_years":[],"landslide_hist_n":0},"geometry":{"type":"Polygon","coordinates":[[[127.20462,37.51378],[127.20412,37.51814],[127.1999,37.5201],[127.19619,37.51771],[127.1967,37.51336],[127.20091,37.5114],[127.20462,37.51378]]]}},{"type":"Feature","properties":{"h3":"8830e1cc09fffff","emd_code":"4145059000","emd_name":"춘궁동","area_km2":0.5103,"edge":false,"slope_mean":12.04,"elev_mean":73.7,"flood_hist_n":0,"flood_depth_max_m":null,"flood_risk_100y":null,"semi_basement_r":null,"elderly_alone_r":0.232,"bldg_age30_r":null,"shelter_min_walk":11,"pop":712,"hh":487,"elderly65_r":0.3329,"single_hh_r":0.729,"source_level":"emd","flood_years":[],"landslide_hist_n":0},"geometry":{"type":"Polygon","coordinates":[[[127.19519,37.52641],[127.19468,37.53077],[127.19047,37.53273],[127.18676,37.53034],[127.18726,37.52599],[127.19148,37.52402],[127.19519,37.52641]]]}},{"type":"Feature","properties":{"h3":"8830e1cc0bfffff","emd_code":"4145059000","emd_name":"춘궁동","area_km2":0.5104,"edge":false,"slope_mean":4.32,"elev_mean":35.7,"flood_hist_n":0,"flood_depth_max_m":null,"flood_risk_100y":null,"semi_basement_r":null,"elderly_alone_r":0.232,"bldg_age30_r":null,"shelter_min_walk":7,"pop":712,"hh":487,"elderly65_r":0.3329,"single_hh_r":0.729,"source_level":"emd","flood_years":[],"landslide_hist_n":0},"geometry":{"type":"Polygon","coordinates":[[[127.20311,37.52684],[127.20261,37.53119],[127.19839,37.53316],[127.19468,37.53077],[127.19519,37.52641],[127.1994,37.52445],[127.20311,37.52684]]]}},{"type":"Feature","properties":{"h3":"8830e1cc0dfffff","emd_code":"4145059000","emd_name":"춘궁동","area_km2":0.5102,"edge":false,"slope_mean":12.22,"elev_mean":76.5,"flood_hist_n":0,"flood_depth_max_m":null,"flood_risk_100y":null,"semi_basement_r":null,"elderly_alone_r":0.232,"bldg_age30_r":null,"shelter_min_walk":8,"pop":712,"hh":487,"elderly65_r":0.3329,"single_hh_r":0.729,"source_level":"emd","flood_years":[],"landslide_hist_n":0},"geometry":{"type":"Polygon","coordinates":[[[127.19198,37.51967],[127.19148,37.52402],[127.18726,37.52599],[127.18355,37.5236],[127.18406,37.51924],[127.18827,37.51728],[127.19198,37.51967]]]}},{"type":"Feature","properties":{"h3":"8830e1cc11fffff","emd_code":"4145051000","emd_name":"천현동","area_km2":0.5106,"edge":false,"slope_mean":10.75,"elev_mean":61.0,"flood_hist_n":0,"flood_depth_max_m":null,"flood_risk_100y":null,"semi_basement_r":null,"elderly_alone_r":0.1998,"bldg_age30_r":null,"shelter_min_walk":12,"pop":5689,"hh":3168,"elderly65_r":0.3247,"single_hh_r":0.5395,"source_level":"emd","flood_years":[],"landslide_hist_n":0},"geometry":{"type":"Polygon","coordinates":[[[127.21897,37.5277],[127.21846,37.53205],[127.21425,37.53401],[127.21054,37.53162],[127.21104,37.52727],[127.21525,37.52531],[127.21897,37.5277]]]}},{"type":"Feature","properties":{"h3":"8830e1cc13fffff","emd_code":"4145051000","emd_name":"천현동","area_km2":0.5107,"edge":false,"slope_mean":3.86,"elev_mean":34.9,"flood_hist_n":1,"flood_depth_max_m":0.29,"flood_risk_100y":null,"semi_basement_r":null,"elderly_alone_r":0.1998,"bldg_age30_r":null,"shelter_min_walk":11,"pop":5689,"hh":3168,"elderly65_r":0.3247,"single_hh_r":0.5395,"source_level":"emd","flood_years":[2020],"landslide_hist_n":0},"geometry":{"type":"Polygon","coordinates":[[[127.2269,37.52812],[127.22639,37.53248],[127.22218,37.53444],[127.21846,37.53205],[127.21897,37.5277],[127.22318,37.52573],[127.2269,37.52812]]]}},{"type":"Feature","properties":{"h3":"8830e1cc15fffff","emd_code":"4145059000","emd_name":"춘궁동","area_km2":0.5105,"edge":false,"slope_mean":15.65,"elev_mean":108.1,"flood_hist_n":0,"flood_depth_max_m":null,"flood_risk_100y":null,"semi_basement_r":null,"elderly_alone_r":0.232,"bldg_age30_r":null,"shelter_min_walk":18,"pop":712,"hh":487,"elderly65_r":0.3329,"single_hh_r":0.729,"source_level":"emd","flood_years":[],"landslide_hist_n":0},"geometry":{"type":"Polygon","coordinates":[[[127.21576,37.52095],[127.21525,37.52531],[127.21104,37.52727],[127.20733,37.52488],[127.20783,37.52053],[127.21204,37.51856],[127.21576,37.52095]]]}},{"type":"Feature","properties":{"h3":"8830e1cc17fffff","emd_code":"4145051000","emd_name":"천현동","area_km2":0.5106,"edge":false,"slope_mean":11.54,"elev_mean":70.4,"flood_hist_n":0,"flood_depth_max_m":null,"flood_risk_100y":null,"semi_basement_r":null,"elderly_alone_r":0.1998,"bldg_age30_r":null,"shelter_min_walk":9,"pop":5689,"hh":3168,"elderly65_r":0.3247,"single_hh_r":0.5395,"source_level":"emd","flood_years":[],"landslide_hist_n":0},"geometry":{"type":"Polygon","coordinates":[[[127.22368,37.52138],[127.22318,37.52573],[127.21897,37.5277],[127.21525,37.52531],[127.21576,37.52095],[127.21997,37.51899],[127.22368,37.52138]]]}},{"type":"Feature","properties":{"h3":"8830e1cc19fffff","emd_code":"4145053000","emd_name":"신장2동","area_km2":0.5105,"edge":false,"slope_mean":3.54,"elev_mean":28.0,"flood_hist_n":0,"flood_depth_max_m":null,"flood_risk_100y":null,"semi_basement_r":null,"elderly_alone_r":0.1026,"bldg_age30_r":null,"shelter_min_walk":2,"pop":44702,"hh":18740,"elderly65_r":0.2431,"single_hh_r":0.2837,"source_level":"emd","flood_years":[],"landslide_hist_n":0},"geometry":{"type":"Polygon","coordinates":[[[127.21425,37.53401],[127.21375,37.53836],[127.20953,37.54033],[127.20582,37.53794],[127.20632,37.53358],[127.21054,37.53162],[127.21425,37.53401]]]}},{"type":"Feature","properties":{"h3":"8830e1cc1bfffff","emd_code":"4145051000","emd_name":"천현동","area_km2":0.5106,"edge":false,"slope_mean":4.29,"elev_mean":29.6,"flood_hist_n":1,"flood_depth_max_m":0.192,"flood_risk_100y":null,"semi_basement_r":null,"elderly_alone_r":0.1998,"bldg_age30_r":null,"shelter_min_walk":6,"pop":5689,"hh":3168,"elderly65_r":0.3247,"single_hh_r":0.5395,"source_level":"emd","flood_years":[2020],"landslide_hist_n":0},"geometry":{"type":"Polygon","coordinates":[[[127.22218,37.53444],[127.22168,37.53879],[127.21746,37.54076],[127.21375,37.53836],[127.21425,37.53401],[127.21846,37.53205],[127.22218,37.53444]]]}},{"type":"Feature","properties":{"h3":"8830e1cc1dfffff","emd_code":"4145051000","emd_name":"천현동","area_km2":0.5105,"edge":false,"slope_mean":4.68,"elev_mean":37.2,"flood_hist_n":0,"flood_depth_max_m":null,"flood_risk_100y":null,"semi_basement_r":null,"elderly_alone_r":0.1998,"bldg_age30_r":null,"shelter_min_walk":9,"pop":5689,"hh":3168,"elderly65_r":0.3247,"single_hh_r":0.5395,"source_level":"emd","flood_years":[],"landslide_hist_n":0},"geometry":{"type":"Polygon","coordinates":[[[127.21104,37.52727],[127.21054,37.53162],[127.20632,37.53358],[127.20261,37.53119],[127.20311,37.52684],[127.20733,37.52488],[127.21104,37.52727]]]}},{"type":"Feature","properties":{"h3":"8830e1cc21fffff","emd_code":"4145059000","emd_name":"춘궁동","area_km2":0.5102,"edge":false,"slope_mean":6.83,"elev_mean":77.0,"flood_hist_n":0,"flood_depth_max_m":null,"flood_risk_100y":null,"semi_basement_r":null,"elderly_alone_r":0.232,"bldg_age30_r":null,"shelter_min_walk":33,"pop":712,"hh":487,"elderly65_r":0.3329,"single_hh_r":0.729,"source_level":"emd","flood_years":[],"landslide_hist_n":0},"geometry":{"type":"Polygon","coordinates":[[[127.19821,37.5003],[127.1977,37.50465],[127.19349,37.50662],[127.18978,37.50423],[127.19029,37.49988],[127.1945,37.49791],[127.19821,37.5003]]]}},{"type":"Feature","properties":{"h3":"8830e1cc23fffff","emd_code":"4145059000","emd_name":"춘궁동","area_km2":0.5103,"edge":false,"slope_mean":16.67,"elev_mean":125.0,"flood_hist_n":0,"flood_depth_max_m":null,"flood_risk_100y":null,"semi_basement_r":null,"elderly_alone_r":0.232,"bldg_age30_r":null,"shelter_min_walk":34,"pop":712,"hh":487,"elderly65_r":0.3329,"single_hh_r":0.729,"source_level":"emd","flood_years":[],"landslide_hist_n":0},"geometry":{"type":"Polygon","coordinates":[[[127.20613,37.50073],[127.20563,37.50508],[127.20141,37.50704],[127.1977,37.50465],[127.19821,37.5003],[127.20242,37.49834],[127.20613,37.50073]]]}},{"type":"Feature","properties":{"h3":"8830e1cc25fffff","emd_code":"4145059000","emd_name":"춘궁동","area_km2":0.5102,"edge":false,"slope_mean":11.39,"elev_mean":109.0,"flood_hist_n":0,"flood_depth_max_m":null,"flood_risk_100y":null,"semi_basement_r":null,"elderly_alone_r":0.232,"bldg_age30_r":null,"shelter_min_walk":42,"pop":712,"hh":487,"elderly65_r":0.3329,"single_hh_r":0.729,"source_level":"emd","flood_years":[],"landslide_hist_n":0},"geometry":{"type":"Polygon","coordinates":[[[127.195,37.49356],[127.1945,37.49791],[127.19029,37.49988],[127.18658,37.49749],[127.18708,37.49314],[127.19129,37.49117],[127.195,37.49356]]]}},{"type":"Feature","properties":{"h3":"8830e1cc27fffff","emd_code":"4145059000","emd_name":"춘궁동","area_km2":0.5103,"edge":false,"slope_mean":19.36,"elev_mean":187.6,"flood_hist_n":0,"flood_depth_max_m":null,"flood_risk_100y":null,"semi_basement_r":null,"elderly_alone_r":0.232,"bldg_age30_r":null,"shelter_min_walk":44,"pop":712,"hh":487,"elderly65_r":0.3329,"single_hh_r":0.729,"source_level":"emd","flood_years":[],"landslide_hist_n":0},"geometry":{"type":"Polygon","coordinates":[[[127.20292,37.49399],[127.20242,37.49834],[127.19821,37.5003],[127.1945,37.49791],[127.195,37.49356],[127.19921,37.4916],[127.20292,37.49399]]]}},{"type":"Feature","properties":{"h3":"8830e1cc29fffff","emd_code":"4145059000","emd_name":"춘궁동","area_km2":0.5102,"edge":false,"slope_mean":13.96,"elev_mean":96.3,"flood_hist_n":0,"flood_depth_max_m":null,"flood_risk_100y":null,"semi_basement_r":null,"elderly_alone_r":0.232,"bldg_age30_r":null,"shelter_min_walk":23,"pop":712,"hh":487,"elderly65_r":0.3329,"single_hh_r":0.729,"source_level":"emd","flood_years":[],"landslide_hist_n":0},"geometry":{"type":"Polygon","coordinates":[[[127.19349,37.50662],[127.19299,37.51097],[127.18877,37.51293],[127.18506,37.51054],[127.18557,37.50619],[127.18978,37.50423],[127.19349,37.50662]]]}},{"type":"Feature","properties":{"h3":"8830e1cc2bfffff","emd_code":"4145059000","emd_name":"춘궁동","area_km2":0.5103,"edge":false,"slope_mean":6.34,"elev_mean":59.9,"flood_hist_n":0,"flood_depth_max_m":null,"flood_risk_100y":null,"semi_basement_r":null,"elderly_alone_r":0.232,"bldg_age30_r":null,"shelter_min_walk":22,"pop":712,"hh":487,"elderly65_r":0.3329,"single_hh_r":0.729,"source_level":"emd","flood_years":[],"landslide_hist_n":0},"geometry":{"type":"Polygon","coordinates":[[[127.20141,37.50704],[127.20091,37.5114],[127.1967,37.51336],[127.19299,37.51097],[127.19349,37.50662],[127.1977,37.50465],[127.20141,37.50704]]]}},{"type":"Feature","properties":{"h3":"8830e1cc2dfffff","emd_code":"4145059000","emd_name":"춘궁동","area_km2":0.5101,"edge":false,"slope_mean":12.64,"elev_mean":109.7,"flood_hist_n":0,"flood_depth_max_m":null,"flood_risk_100y":null,"semi_basement_r":null,"elderly_alone_r":0.232,"bldg_age30_r":null,"shelter_min_walk":33,"pop":712,"hh":487,"elderly65_r":0.3329,"single_hh_r":0.729,"source_level":"emd","flood_years":[],"landslide_hist_n":0},"geometry":{"type":"Polygon","coordinates":[[[127.19029,37.49988],[127.18978,37.50423],[127.18557,37.50619],[127.18186,37.5038],[127.18236,37.49945],[127.18658,37.49749],[127.19029,37.49988]]]}},{"type":"Feature","properties":{"h3":"8830e1cc31fffff","emd_code":"4145059000","emd_name":"춘궁동","area_km2":0.5105,"edge":false,"slope_mean":19.03,"elev_mean":197.8,"flood_hist_n":0,"flood_depth_max_m":null,"flood_risk_100y":null,"semi_basement_r":null,"elderly_alone_r":0.232,"bldg_age30_r":null,"shelter_min_walk":21,"pop":712,"hh":487,"elderly65_r":0.3329,"single_hh_r":0.729,"source_level":"emd","flood_years":[],"landslide_hist_n":0},"geometry":{"type":"Polygon","coordinates":[[[127.21726,37.5079],[127.21676,37.51225],[127.21255,37.51421],[127.20883,37.51182],[127.20934,37.50747],[127.21355,37.50551],[127.21726,37.5079]]]}},{"type":"Feature","properties":{"h3":"8830e1cc33fffff","emd_code":"4145051000","emd_name":"천현동","area_km2":0.5106,"edge":false,"slope_mean":17.58,"elev_mean":141.9,"flood_hist_n":0,"flood_depth_max_m":null,"flood_risk_100y":null,"semi_basement_r":null,"elderly_alone_r":0.1998,"bldg_age30_r":null,"shelter_min_walk":15,"pop":5689,"hh":3168,"elderly65_r":0.3247,"single_hh_r":0.5395,"source_level":"emd","flood_years":[],"landslide_hist_n":0},"geometry":{"type":"Polygon","coordinates":[[[127.22519,37.50832],[127.22469,37.51267],[127.22047,37.51464],[127.21676,37.51225],[127.21726,37.5079],[127.22148,37.50593],[127.22519,37.50832]]]}},{"type":"Feature","properties":{"h3":"8830e1cc35fffff","emd_code":"4145059000","emd_name":"춘궁동","area_km2":0.5104,"edge":false,"slope_mean":19.25,"elev_mean":167.9,"flood_hist_n":0,"flood_depth_max_m":null,"flood_risk_100y":null,"semi_basement_r":null,"elderly_alone_r":0.232,"bldg_age30_r":null,"shelter_min_walk":33,"pop":712,"hh":487,"elderly65_r":0.3329,"single_hh_r":0.729,"source_level":"emd","flood_years":[],"landslide_hist_n":0},"geometry":{"type":"Polygon","coordinates":[[[127.21405,37.50115],[127.21355,37.50551],[127.20934,37.50747],[127.20563,37.50508],[127.20613,37.50073],[127.21034,37.49876],[127.21405,37.50115]]]}},{"type":"Feature","properties":{"h3":"8830e1cc37fffff","emd_code":"4145051000","emd_name":"천현동","area_km2":0.5106,"edge":false,"slope_mean":20.93,"elev_mean":172.8,"flood_hist_n":0,"flood_depth_max_m":null,"flood_risk_100y":null,"semi_basement_r":null,"elderly_alone_r":0.1998,"bldg_age30_r":null,"shelter_min_walk":27,"pop":5689,"hh":3168,"elderly65_r":0.3247,"single_hh_r":0.5395,"source_level":"emd","flood_years":[],"landslide_hist_n":0},"geometry":{"type":"Polygon","coordinates":[[[127.22198,37.50158],[127.22148,37.50593],[127.21726,37.5079],[127.21355,37.50551],[127.21405,37.50115],[127.21827,37.49919],[127.22198,37.50158]]]}},{"type":"Feature","properties":{"h3":"8830e1cc39fffff","emd_code":"4145059000","emd_name":"춘궁동","area_km2":0.5105,"edge":false,"slope_mean":16.6,"elev_mean":121.1,"flood_hist_n":0,"flood_depth_max_m":null,"flood_risk_100y":null,"semi_basement_r":null,"elderly_alone_r":0.232,"bldg_age30_r":null,"shelter_min_walk":21,"pop":712,"hh":487,"elderly65_r":0.3329,"single_hh_r":0.729,"source_level":"emd","flood_years":[],"landslide_hist_n":0},"geometry":{"type":"Polygon","coordinates":[[[127.21255,37.51421],[127.21204,37.51856],[127.20783,37.52053],[127.20412,37.51814],[127.20462,37.51378],[127.20883,37.51182],[127.21255,37.51421]]]}},{"type":"Feature","properties":{"h3":"8830e1cc3bfffff","emd_code":"4145051000","emd_name":"천현동","area_km2":0.5106,"edge":false,"slope_mean":19.95,"elev_mean":154.8,"flood_hist_n":0,"flood_depth_max_m":null,"flood_risk_100y":null,"semi_basement_r":null,"elderly_alone_r":0.1998,"bldg_age30_r":null,"shelter_min_walk":11,"pop":5689,"hh":3168,"elderly65_r":0.3247,"single_hh_r":0.5395,"source_level":"emd","flood_years":[],"landslide_hist_n":0},"geometry":{"type":"Polygon","coordinates":[[[127.22047,37.51464],[127.21997,37.51899],[127.21576,37.52095],[127.21204,37.51856],[127.21255,37.51421],[127.21676,37.51225],[127.22047,37.51464]]]}},{"type":"Feature","properties":{"h3":"8830e1cc3dfffff","emd_code":"4145059000","emd_name":"춘궁동","area_km2":0.5104,"edge":false,"slope_mean":12.5,"elev_mean":88.5,"flood_hist_n":0,"flood_depth_max_m":null,"flood_risk_100y":null,"semi_basement_r":null,"elderly_alone_r":0.232,"bldg_age30_r":null,"shelter_min_walk":25,"pop":712,"hh":487,"elderly65_r":0.3329,"single_hh_r":0.729,"source_level":"emd","flood_years":[],"landslide_hist_n":0},"geometry":{"type":"Polygon","coordinates":[[[127.20934,37.50747],[127.20883,37.51182],[127.20462,37.51378],[127.20091,37.5114],[127.20141,37.50704],[127.20563,37.50508],[127.20934,37.50747]]]}},{"type":"Feature","properties":{"h3":"8830e1cc41fffff","emd_code":"4145060000","emd_name":"초이동","area_km2":0.5101,"edge":false,"slope_mean":6.74,"elev_mean":46.5,"flood_hist_n":0,"flood_depth_max_m":null,"flood_risk_100y":null,"semi_basement_r":null,"elderly_alone_r":0.2091,"bldg_age30_r":null,"shelter_min_walk":17,"pop":2858,"hh":1669,"elderly65_r":0.302,"single_hh_r":0.5884,"source_level":"emd","flood_years":[],"landslide_hist_n":0},"geometry":{"type":"Polygon","coordinates":[[[127.18254,37.5323],[127.18204,37.53665],[127.17783,37.53861],[127.17412,37.53622],[127.17462,37.53187],[127.17883,37.52991],[127.18254,37.5323]]]}},{"type":"Feature","properties":{"h3":"8830e1cc43fffff","emd_code":"4145060000","emd_name":"초이동","area_km2":0.5102,"edge":false,"slope_mean":10.22,"elev_mean":63.3,"flood_hist_n":0,"flood_depth_max_m":null,"flood_risk_100y":null,"semi_basement_r":null,"elderly_alone_r":0.2091,"bldg_age30_r":null,"shelter_min_walk":14,"pop":2858,"hh":1669,"elderly65_r":0.302,"single_hh_r":0.5884,"source_level":"emd","flood_years":[],"landslide_hist_n":1},"geometry":{"type":"Polygon","coordinates":[[[127.19047,37.53273],[127.18996,37.53708],[127.18575,37.53904],[127.18204,37.53665],[127.18254,37.5323],[127.18676,37.53034],[127.19047,37.53273]]]}},{"type":"Feature","properties":{"h3":"8830e1cc45fffff","emd_code":"4145060000","emd_name":"초이동","area_km2":0.51,"edge":false,"slope_mean":7.98,"elev_mean":52.1,"flood_hist_n":0,"flood_depth_max_m":null,"flood_risk_100y":null,"semi_basement_r":null,"elderly_alone_r":0.2091,"bldg_age30_r":null,"shelter_min_walk":26,"pop":2858,"hh":1669,"elderly65_r":0.302,"single_hh_r":0.5884,"source_level":"emd","flood_years":[],"landslide_hist_n":0},"geometry":{"type":"Polygon","coordinates":[[[127.17934,37.52556],[127.17883,37.52991],[127.17462,37.53187],[127.17091,37.52948],[127.17142,37.52513],[127.17563,37.52317],[127.17934,37.52556]]]}},{"type":"Feature","properties":{"h3":"8830e1cc47fffff","emd_code":"4145060000","emd_name":"초이동","area_km2":0.5101,"edge":false,"slope_mean":17.34,"elev_mean":126.9,"flood_hist_n":0,"flood_depth_max_m":null,"flood_risk_100y":null,"semi_basement_r":null,"elderly_alone_r":0.2091,"bldg_age30_r":null,"shelter_min_walk":18,"pop":2858,"hh":1669,"elderly65_r":0.302,"single_hh_r":0.5884,"source_level":"emd","flood_years":[],"landslide_hist_n":0},"geometry":{"type":"Polygon","coordinates":[[[127.18726,37.52599],[127.18676,37.53034],[127.18254,37.5323],[127.17883,37.52991],[127.17934,37.52556],[127.18355,37.5236],[127.18726,37.52599]]]}},{"type":"Feature","properties":{"h3":"8830e1cc49fffff","emd_code":"4145060000","emd_name":"초이동","area_km2":0.51,"edge":false,"slope_mean":4.31,"elev_mean":31.3,"flood_hist_n":0,"flood_depth_max_m":null,"flood_risk_100y":null,"semi_basement_r":null,"elderly_alone_r":0.2091,"bldg_age30_r":null,"shelter_min_walk":5,"pop":2858,"hh":1669,"elderly65_r":0.302,"single_hh_r":0.5884,"source_level":"emd","flood_years":[],"landslide_hist_n":0},"geometry":{"type":"Polygon","coordinates":[[[127.17783,37.53861],[127.17732,37.54296],[127.17311,37.54492],[127.1694,37.54253],[127.1699,37.53818],[127.17412,37.53622],[127.17783,37.53861]]]}},{"type":"Feature","properties":{"h3":"8830e1cc4bfffff","emd_code":"4145060000","emd_name":"초이동","area_km2":0.5102,"edge":false,"slope_mean":5.24,"elev_mean":36.0,"flood_hist_n":0,"flood_depth_max_m":null,"flood_risk_100y":null,"semi_basement_r":null,"elderly_alone_r":0.2091,"bldg_age30_r":null,"shelter_min_walk":13,"pop":2858,"hh":1669,"elderly65_r":0.302,"single_hh_r":0.5884,"source_level":"emd","flood_years":[],"landslide_hist_n":0},"geometry":{"type":"Polygon","coordinates":[[[127.18575,37.53904],[127.18525,37.54339],[127.18103,37.54535],[127.17732,37.54296],[127.17783,37.53861],[127.18204,37.53665],[127.18575,37.53904]]]}},{"type":"Feature","properties":{"h3":"8830e1cc4dfffff","emd_code":"4145060000","emd_name":"초이동","area_km2":0.51,"edge":false,"slope_mean":6.47,"elev_mean":41.4,"flood_hist_n":0,"flood_depth_max_m":null,"flood_risk_100y":null,"semi_basement_r":null,"elderly_alone_r":0.2091,"bldg_age30_r":null,"shelter_min_walk":16,"pop":2858,"hh":1669,"elderly65_r":0.302,"single_hh_r":0.5884,"source_level":"emd","flood_years":[],"landslide_hist_n":0},"geometry":{"type":"Polygon","coordinates":[[[127.17462,37.53187],[127.17412,37.53622],[127.1699,37.53818],[127.16619,37.53579],[127.1667,37.53144],[127.17091,37.52948],[127.17462,37.53187]]]}},{"type":"Feature","properties":{"h3":"8830e1cc51fffff","emd_code":"4145055000","emd_name":"덕풍2동","area_km2":0.5104,"edge":false,"slope_mean":8.61,"elev_mean":52.3,"flood_hist_n":0,"flood_depth_max_m":null,"flood_risk_100y":null,"semi_basement_r":null,"elderly_alone_r":0.1639,"bldg_age30_r":null,"shelter_min_walk":1,"pop":17148,"hh":8408,"elderly65_r":0.2845,"single_hh_r":0.4198,"source_level":"emd","flood_years":[],"landslide_hist_n":0},"geometry":{"type":"Polygon","coordinates":[[[127.2016,37.5399],[127.2011,37.54425],[127.19688,37.54621],[127.19317,37.54382],[127.19368,37.53947],[127.19789,37.53751],[127.2016,37.5399]]]}},{"type":"Feature","properties":{"h3":"8830e1cc53fffff","emd_code":"4145056000","emd_name":"덕풍3동","area_km2":0.5105,"edge":false,"slope_mean":4.8,"elev_mean":33.3,"flood_hist_n":0,"flood_depth_max_m":null,"flood_risk_100y":null,"semi_basement_r":null,"elderly_alone_r":0.1008,"bldg_age30_r":null,"shelter_min_walk":2,"pop":27474,"hh":11775,"elderly65_r":0.2183,"single_hh_r":0.3168,"source_level":"emd","flood_years":[],"landslide_hist_n":0},"geometry":{"type":"Polygon","coordinates":[[[127.20953,37.54033],[127.20903,37.54468],[127.20481,37.54664],[127.2011,37.54425],[127.2016,37.5399],[127.20582,37.53794],[127.20953,37.54033]]]}},{"type":"Feature","properties":{"h3":"8830e1cc55fffff","emd_code":"4145054000","emd_name":"덕풍1동","area_km2":0.5103,"edge":false,"slope_mean":12.19,"elev_mean":64.7,"flood_hist_n":0,"flood_depth_max_m":null,"flood_risk_100y":null,"semi_basement_r":null,"elderly_alone_r":0.1305,"bldg_age30_r":null,"shelter_min_walk":3,"pop":13849,"hh":6274,"elderly65_r":0.2856,"single_hh_r":0.3524,"source_level":"emd","flood_years":[],"landslide_hist_n":0},"geometry":{"type":"Polygon","coordinates":[[[127.19839,37.53316],[127.19789,37.53751],[127.19368,37.53947],[127.18996,37.53708],[127.19047,37.53273],[127.19468,37.53077],[127.19839,37.53316]]]}},{"type":"Feature","properties":{"h3":"8830e1cc57fffff","emd_code":"4145054000","emd_name":"덕풍1동","area_km2":0.5104,"edge":false,"slope_mean":5.23,"elev_mean":37.4,"flood_hist_n":0,"flood_depth_max_m":null,"flood_risk_100y":null,"semi_basement_r":null,"elderly_alone_r":0.1305,"bldg_age30_r":null,"shelter_min_walk":4,"pop":13849,"hh":6274,"elderly65_r":0.2856,"single_hh_r":0.3524,"source_level":"emd","flood_years":[],"landslide_hist_n":0},"geometry":{"type":"Polygon","coordinates":[[[127.20632,37.53358],[127.20582,37.53794],[127.2016,37.5399],[127.19789,37.53751],[127.19839,37.53316],[127.20261,37.53119],[127.20632,37.53358]]]}},{"type":"Feature","properties":{"h3":"8830e1cc59fffff","emd_code":"4145063000","emd_name":"미사3동","area_km2":0.5103,"edge":false,"slope_mean":6.06,"elev_mean":34.9,"flood_hist_n":1,"flood_depth_max_m":0.299,"flood_risk_100y":null,"semi_basement_r":null,"elderly_alone_r":0.0484,"bldg_age30_r":null,"shelter_min_walk":8,"pop":29455,"hh":11043,"elderly65_r":0.1285,"single_hh_r":0.2472,"source_level":"emd","flood_years":[2020],"landslide_hist_n":0},"geometry":{"type":"Polygon","coordinates":[[[127.19688,37.54621],[127.19638,37.55057],[127.19216,37.55253],[127.18845,37.55014],[127.18896,37.54578],[127.19317,37.54382],[127.19688,37.54621]]]}},{"type":"Feature","properties":{"h3":"8830e1cc5bfffff","emd_code":"4145056000","emd_name":"덕풍3동","area_km2":0.5104,"edge":false,"slope_mean":7.21,"elev_mean":37.6,"flood_hist_n":1,"flood_depth_max_m":0.313,"flood_risk_100y":null,"semi_basement_r":null,"elderly_alone_r":0.1008,"bldg_age30_r":null,"shelter_min_walk":5,"pop":27474,"hh":11775,"elderly65_r":0.2183,"single_hh_r":0.3168,"source_level":"emd","flood_years":[2020],"landslide_hist_n":0},"geometry":{"type":"Polygon","coordinates":[[[127.20481,37.54664],[127.20431,37.55099],[127.20009,37.55296],[127.19638,37.55057],[127.19688,37.54621],[127.2011,37.54425],[127.20481,37.54664]]]}},{"type":"Feature","properties":{"h3":"8830e1cc5dfffff","emd_code":"4145063000","emd_name":"미사3동","area_km2":0.5103,"edge":false,"slope_mean":10.23,"elev_mean":54.5,"flood_hist_n":1,"flood_depth_max_m":0.299,"flood_risk_100y":null,"semi_basement_r":null,"elderly_alone_r":0.0484,"bldg_age30_r":null,"shelter_min_walk":7,"pop":29455,"hh":11043,"elderly65_r":0.1285,"single_hh_r":0.2472,"source_level":"emd","flood_years":[2020],"landslide_hist_n":0},"geometry":{"type":"Polygon","coordinates":[[[127.19368,37.53947],[127.19317,37.54382],[127.18896,37.54578],[127.18525,37.54339],[127.18575,37.53904],[127.18996,37.53708],[127.19368,37.53947]]]}},{"type":"Feature","properties":{"h3":"8830e1cc61fffff","emd_code":"4145058000","emd_name":"감북동","area_km2":0.51,"edge":false,"slope_mean":15.63,"elev_mean":129.1,"flood_hist_n":0,"flood_depth_max_m":null,"flood_risk_100y":null,"semi_basement_r":null,"elderly_alone_r":0.1422,"bldg_age30_r":null,"shelter_min_walk":20,"pop":3217,"hh":1779,"elderly65_r":0.2577,"single_hh_r":0.5312,"source_level":"emd","flood_years":[],"landslide_hist_n":0},"geometry":{"type":"Polygon","coordinates":[[[127.18085,37.5125],[127.18035,37.51685],[127.17614,37.51882],[127.17243,37.51643],[127.17293,37.51208],[127.17714,37.51011],[127.18085,37.5125]]]}},{"type":"Feature","properties":{"h3":"8830e1cc63fffff","emd_code":"4145059000","emd_name":"춘궁동","area_km2":0.5101,"edge":false,"slope_mean":15.53,"elev_mean":131.2,"flood_hist_n":0,"flood_depth_max_m":null,"flood_risk_100y":null,"semi_basement_r":null,"elderly_alone_r":0.232,"bldg_age30_r":null,"shelter_min_walk":17,"pop":712,"hh":487,"elderly65_r":0.3329,"single_hh_r":0.729,"source_level":"emd","flood_years":[],"landslide_hist_n":0},"geometry":{"type":"Polygon","coordinates":[[[127.18877,37.51293],[127.18827,37.51728],[127.18406,37.51924],[127.18035,37.51685],[127.18085,37.5125],[127.18506,37.51054],[127.18877,37.51293]]]}},{"type":"Feature","properties":{"h3":"8830e1cc65fffff","emd_code":"4145058200","emd_name":"감일동","area_km2":0.5099,"edge":false,"slope_mean":16.57,"elev_mean":132.7,"flood_hist_n":0,"flood_depth_max_m":null,"flood_risk_100y":null,"semi_basement_r":null,"elderly_alone_r":0.0651,"bldg_age30_r":null,"shelter_min_walk":14,"pop":39567,"hh":14770,"elderly65_r":0.1141,"single_hh_r":0.2485,"source_level":"emd","flood_years":[],"landslide_hist_n":0},"geometry":{"type":"Polygon","coordinates":[[[127.17765,37.50576],[127.17714,37.51011],[127.17293,37.51208],[127.16922,37.50969],[127.16973,37.50533],[127.17394,37.50337],[127.17765,37.50576]]]}},{"type":"Feature","properties":{"h3":"8830e1cc67fffff","emd_code":"4145059000","emd_name":"춘궁동","area_km2":0.5101,"edge":false,"slope_mean":19.71,"elev_mean":209.0,"flood_hist_n":0,"flood_depth_max_m":null,"flood_risk_100y":null,"semi_basement_r":null,"elderly_alone_r":0.232,"bldg_age30_r":null,"shelter_min_walk":25,"pop":712,"hh":487,"elderly65_r":0.3329,"single_hh_r":0.729,"source_level":"emd","flood_years":[],"landslide_hist_n":0},"geometry":{"type":"Polygon","coordinates":[[[127.18557,37.50619],[127.18506,37.51054],[127.18085,37.5125],[127.17714,37.51011],[127.17765,37.50576],[127.18186,37.5038],[127.18557,37.50619]]]}},{"type":"Feature","properties":{"h3":"8830e1cc69fffff","emd_code":"4145060000","emd_name":"초이동","area_km2":0.51,"edge":false,"slope_mean":9.52,"elev_mean":66.8,"flood_hist_n":0,"flood_depth_max_m":null,"flood_risk_100y":null,"semi_basement_r":null,"elderly_alone_r":0.2091,"bldg_age30_r":null,"shelter_min_walk":16,"pop":2858,"hh":1669,"elderly65_r":0.302,"single_hh_r":0.5884,"source_level":"emd","flood_years":[],"landslide_hist_n":0},"geometry":{"type":"Polygon","coordinates":[[[127.17614,37.51882],[127.17563,37.52317],[127.17142,37.52513],[127.16771,37.52274],[127.16821,37.51839],[127.17243,37.51643],[127.17614,37.51882]]]}},{"type":"Feature","properties":{"h3":"8830e1cc6bfffff","emd_code":"4145059000","emd_name":"춘궁동","area_km2":0.5101,"edge":false,"slope_mean":16.15,"elev_mean":106.8,"flood_hist_n":0,"flood_depth_max_m":null,"flood_risk_100y":null,"semi_basement_r":null,"elderly_alone_r":0.232,"bldg_age30_r":null,"shelter_min_walk":19,"pop":712,"hh":487,"elderly65_r":0.3329,"single_hh_r":0.729,"source_level":"emd","flood_years":[],"landslide_hist_n":0},"geometry":{"type":"Polygon","coordinates":[[[127.18406,37.51924],[127.18355,37.5236],[127.17934,37.52556],[127.17563,37.52317],[127.17614,37.51882],[127.18035,37.51685],[127.18406,37.51924]]]}},{"type":"Feature","properties":{"h3":"8830e1cc6dfffff","emd_code":"4145058000","emd_name":"감북동","area_km2":0.5099,"edge":false,"slope_mean":7.65,"elev_mean":57.8,"flood_hist_n":0,"flood_depth_max_m":null,"flood_risk_100y":null,"semi_basement_r":null,"elderly_alone_r":0.1422,"bldg_age30_r":null,"shelter_min_walk":10,"pop":3217,"hh":1779,"elderly65_r":0.2577,"single_hh_r":0.5312,"source_level":"emd","flood_years":[],"landslide_hist_n":0},"geometry":{"type":"Polygon","coordinates":[[[127.17293,37.51208],[127.17243,37.51643],[127.16821,37.51839],[127.16451,37.516],[127.16501,37.51165],[127.16922,37.50969],[127.17293,37.51208]]]}},{"type":"Feature","properties":{"h3":"8830e1cc81fffff","emd_code":"4145051000","emd_name":"천현동","area_km2":0.5111,"edge":false,"slope_mean":25.52,"elev_mean":459.6,"flood_hist_n":0,"flood_depth_max_m":null,"flood_risk_100y":null,"semi_basement_r":null,"elderly_alone_r":0.1998,"bldg_age30_r":null,"shelter_min_walk":36,"pop":5689,"hh":3168,"elderly65_r":0.3247,"single_hh_r":0.5395,"source_level":"emd","flood_years":[],"landslide_hist_n":0},"geometry":{"type":"Polygon","coordinates":[[[127.25541,37.52308],[127.25491,37.52743],[127.25069,37.5294],[127.24697,37.52701],[127.24747,37.52266],[127.25169,37.52069],[127.25541,37.52308]]]}},{"type":"Feature","properties":{"h3":"8830e1cc83fffff","emd_code":"4145051000","emd_name":"천현동","area_km2":0.5112,"edge":false,"slope_mean":22.69,"elev_mean":264.8,"flood_hist_n":0,"flood_depth_max_m":null,"flood_risk_100y":null,"semi_basement_r":null,"elderly_alone_r":0.1998,"bldg_age30_r":null,"shelter_min_walk":45,"pop":5689,"hh":3168,"elderly65_r":0.3247,"single_hh_r":0.5395,"source_level":"emd","flood_years":[],"landslide_hist_n":0},"geometry":{"type":"Polygon","coordinates":[[[127.26334,37.5235],[127.26284,37.52786],[127.25862,37.52982],[127.25491,37.52743],[127.25541,37.52308],[127.25962,37.52111],[127.26334,37.5235]]]}},{"type":"Feature","properties":{"h3":"8830e1cc85fffff","emd_code":"4145051000","emd_name":"천현동","area_km2":0.511,"edge":false,"slope_mean":28.6,"elev_mean":527.2,"flood_hist_n":0,"flood_depth_max_m":null,"flood_risk_100y":null,"semi_basement_r":null,"elderly_alone_r":0.1998,"bldg_age30_r":null,"shelter_min_walk":32,"pop":5689,"hh":3168,"elderly65_r":0.3247,"single_hh_r":0.5395,"source_level":"emd","flood_years":[],"landslide_hist_n":0},"geometry":{"type":"Polygon","coordinates":[[[127.25219,37.51634],[127.25169,37.52069],[127.24747,37.52266],[127.24376,37.52027],[127.24426,37.51591],[127.24848,37.51395],[127.25219,37.51634]]]}},{"type":"Feature","properties":{"h3":"8830e1cc87fffff","emd_code":"4145051000","emd_name":"천현동","area_km2":0.5111,"edge":false,"slope_mean":23.35,"elev_mean":414.9,"flood_hist_n":0,"flood_depth_max_m":null,"flood_risk_100y":null,"semi_basement_r":null,"elderly_alone_r":0.1998,"bldg_age30_r":null,"shelter_min_walk":42,"pop":5689,"hh":3168,"elderly65_r":0.3247,"single_hh_r":0.5395,"source_level":"emd","flood_years":[],"landslide_hist_n":0},"geometry":{"type":"Polygon","coordinates":[[[127.26012,37.51676],[127.25962,37.52111],[127.25541,37.52308],[127.25169,37.52069],[127.25219,37.51634],[127.25641,37.51437],[127.26012,37.51676]]]}},{"type":"Feature","properties":{"h3":"8830e1cc89fffff","emd_code":"4145051000","emd_name":"천현동","area_km2":0.511,"edge":false,"slope_mean":25.5,"elev_mean":290.3,"flood_hist_n":0,"flood_depth_max_m":null,"flood_risk_100y":null,"semi_basement_r":null,"elderly_alone_r":0.1998,"bldg_age30_r":null,"shelter_min_walk":25,"pop":5689,"hh":3168,"elderly65_r":0.3247,"single_hh_r":0.5395,"source_level":"emd","flood_years":[],"landslide_hist_n":0},"geometry":{"type":"Polygon","coordinates":[[[127.25069,37.5294],[127.25019,37.53375],[127.24597,37.53572],[127.24226,37.53333],[127.24276,37.52897],[127.24697,37.52701],[127.25069,37.5294]]]}},{"type":"Feature","properties":{"h3":"8830e1cc8bfffff","emd_code":"4145051000","emd_name":"천현동","area_km2":0.5111,"edge":false,"slope_mean":24.59,"elev_mean":210.5,"flood_hist_n":0,"flood_depth_max_m":null,"flood_risk_100y":null,"semi_basement_r":null,"elderly_alone_r":0.1998,"bldg_age30_r":null,"shelter_min_walk":34,"pop":5689,"hh":3168,"elderly65_r":0.3247,"single_hh_r":0.5395,"source_level":"emd","flood_years":[],"landslide_hist_n":0},"geometry":{"type":"Polygon","coordinates":[[[127.25862,37.52982],[127.25812,37.53418],[127.25391,37.53614],[127.25019,37.53375],[127.25069,37.5294],[127.25491,37.52743],[127.25862,37.52982]]]}},{"type":"Feature","properties":{"h3":"8830e1cc8dfffff","emd_code":"4145051000","emd_name":"천현동","area_km2":0.511,"edge":false,"slope_mean":26.66,"elev_mean":375.2,"flood_hist_n":0,"flood_depth_max_m":null,"flood_risk_100y":null,"semi_basement_r":null,"elderly_alone_r":0.1998,"bldg_age30_r":null,"shelter_min_walk":27,"pop":5689,"hh":3168,"elderly65_r":0.3247,"single_hh_r":0.5395,"source_level":"emd","flood_years":[],"landslide_hist_n":0},"geometry":{"type":"Polygon","coordinates":[[[127.24747,37.52266],[127.24697,37.52701],[127.24276,37.52897],[127.23904,37.52658],[127.23954,37.52223],[127.24376,37.52027],[127.24747,37.52266]]]}},{"type":"Feature","properties":{"h3":"8830e1cc91fffff","emd_code":"4145051000","emd_name":"천현동","area_km2":0.5114,"edge":true,"slope_mean":18.4,"elev_mean":86.1,"flood_hist_n":0,"flood_depth_max_m":null,"flood_risk_100y":null,"semi_basement_r":null,"elderly_alone_r":0.1998,"bldg_age30_r":null,"shelter_min_walk":47,"pop":5689,"hh":3168,"elderly65_r":0.3247,"single_hh_r":0.5395,"source_level":"emd","flood_years":[],"landslide_hist_n":0},"geometry":{"type":"Polygon","coordinates":[[[127.2745,37.53067],[127.274,37.53503],[127.26978,37.53699],[127.26606,37.5346],[127.26656,37.53025],[127.27078,37.52828],[127.2745,37.53067]]]}},{"type":"Feature","properties":{"h3":"8830e1cc95fffff","emd_code":"4145051000","emd_name":"천현동","area_km2":0.5113,"edge":false,"slope_mean":18.8,"elev_mean":108.0,"flood_hist_n":0,"flood_depth_max_m":null,"flood_risk_100y":null,"semi_basement_r":null,"elderly_alone_r":0.1998,"bldg_age30_r":null,"shelter_min_walk":46,"pop":5689,"hh":3168,"elderly65_r":0.3247,"single_hh_r":0.5395,"source_level":"emd","flood_years":[],"landslide_hist_n":0},"geometry":{"type":"Polygon","coordinates":[[[127.27128,37.52393],[127.27078,37.52828],[127.26656,37.53025],[127.26284,37.52786],[127.26334,37.5235],[127.26756,37.52154],[127.27128,37.52393]]]}},{"type":"Feature","properties":{"h3":"8830e1cc97fffff","emd_code":"4145051000","emd_name":"천현동","area_km2":0.5114,"edge":false,"slope_mean":15.33,"elev_mean":57.0,"flood_hist_n":0,"flood_depth_max_m":null,"flood_risk_100y":null,"semi_basement_r":null,"elderly_alone_r":0.1998,"bldg_age30_r":null,"shelter_min_walk":37,"pop":5689,"hh":3168,"elderly65_r":0.3247,"single_hh_r":0.5395,"source_level":"emd","flood_years":[],"landslide_hist_n":0},"geometry":{"type":"Polygon","coordinates":[[[127.27921,37.52435],[127.27872,37.5287],[127.2745,37.53067],[127.27078,37.52828],[127.27128,37.52393],[127.2755,37.52196],[127.27921,37.52435]]]}},{"type":"Feature","properties":{"h3":"8830e1cc9dfffff","emd_code":"4145051000","emd_name":"천현동","area_km2":0.5113,"edge":false,"slope_mean":18.55,"elev_mean":77.8,"flood_hist_n":0,"flood_depth_max_m":null,"flood_risk_100y":null,"semi_basement_r":null,"elderly_alone_r":0.1998,"bldg_age30_r":null,"shelter_min_walk":44,"pop":5689,"hh":3168,"elderly65_r":0.3247,"single_hh_r":0.5395,"source_level":"emd","flood_years":[],"landslide_hist_n":0},"geometry":{"type":"Polygon","coordinates":[[[127.26656,37.53025],[127.26606,37.5346],[127.26184,37.53657],[127.25812,37.53418],[127.25862,37.52982],[127.26284,37.52786],[127.26656,37.53025]]]}},{"type":"Feature","properties":{"h3":"8830e1cca1fffff","emd_code":"4145051000","emd_name":"천현동","area_km2":0.511,"edge":false,"slope_mean":27.99,"elev_mean":412.9,"flood_hist_n":0,"flood_depth_max_m":null,"flood_risk_100y":null,"semi_basement_r":null,"elderly_alone_r":0.1998,"bldg_age30_r":null,"shelter_min_walk":41,"pop":5689,"hh":3168,"elderly65_r":0.3247,"single_hh_r":0.5395,"source_level":"emd","flood_years":[],"landslide_hist_n":0},"geometry":{"type":"Polygon","coordinates":[[[127.25369,37.50327],[127.25319,37.50763],[127.24898,37.50959],[127.24526,37.5072],[127.24576,37.50285],[127.24998,37.50088],[127.25369,37.50327]]]}},{"type":"Feature","properties":{"h3":"8830e1cca3fffff","emd_code":"4145051000","emd_name":"천현동","area_km2":0.5111,"edge":true,"slope_mean":24.78,"elev_mean":413.1,"flood_hist_n":0,"flood_depth_max_m":null,"flood_risk_100y":null,"semi_basement_r":null,"elderly_alone_r":0.1998,"bldg_age30_r":null,"shelter_min_walk":49,"pop":5689,"hh":3168,"elderly65_r":0.3247,"single_hh_r":0.5395,"source_level":"emd","flood_years":[],"landslide_hist_n":0},"geometry":{"type":"Polygon","coordinates":[[[127.26162,37.50369],[127.26112,37.50805],[127.25691,37.51002],[127.25319,37.50763],[127.25369,37.50327],[127.25791,37.50131],[127.26162,37.50369]]]}},{"type":"Feature","properties":{"h3":"8830e1cca5fffff","emd_code":"4145051000","emd_name":"천현동","area_km2":0.5109,"edge":false,"slope_mean":24.19,"elev_mean":294.4,"flood_hist_n":0,"flood_depth_max_m":null,"flood_risk_100y":null,"semi_basement_r":null,"elderly_alone_r":0.1998,"bldg_age30_r":null,"shelter_min_walk":45,"pop":5689,"hh":3168,"elderly65_r":0.3247,"single_hh_r":0.5395,"source_level":"emd","flood_years":[],"landslide_hist_n":0},"geometry":{"type":"Polygon","coordinates":[[[127.25048,37.49653],[127.24998,37.50088],[127.24576,37.50285],[127.24205,37.50046],[127.24255,37.49611],[127.24676,37.49414],[127.25048,37.49653]]]}},{"type":"Feature","properties":{"h3":"8830e1cca7fffff","emd_code":"4145051000","emd_name":"천현동","area_km2":0.5111,"edge":false,"slope_mean":26.44,"elev_mean":427.7,"flood_hist_n":0,"flood_depth_max_m":null,"flood_risk_100y":null,"semi_basement_r":null,"elderly_alone_r":0.1998,"bldg_age30_r":null,"shelter_min_walk":52,"pop":5689,"hh":3168,"elderly65_r":0.3247,"single_hh_r":0.5395,"source_level":"emd","flood_years":[],"landslide_hist_n":0},"geometry":{"type":"Polygon","coordinates":[[[127.25841,37.49695],[127.25791,37.50131],[127.25369,37.50327],[127.24998,37.50088],[127.25048,37.49653],[127.25469,37.49456],[127.25841,37.49695]]]}},{"type":"Feature","properties":{"h3":"8830e1cca9fffff","emd_code":"4145051000","emd_name":"천현동","area_km2":0.511,"edge":false,"slope_mean":25.61,"elev_mean":418.2,"flood_hist_n":0,"flood_depth_max_m":null,"flood_risk_100y":null,"semi_basement_r":null,"elderly_alone_r":0.1998,"bldg_age30_r":null,"shelter_min_walk":30,"pop":5689,"hh":3168,"elderly65_r":0.3247,"single_hh_r":0.5395,"source_level":"emd","flood_years":[],"landslide_hist_n":0},"geometry":{"type":"Polygon","coordinates":[[[127.24898,37.50959],[127.24848,37.51395],[127.24426,37.51591],[127.24055,37.51352],[127.24105,37.50917],[127.24526,37.5072],[127.24898,37.50959]]]}},{"type":"Feature","properties":{"h3":"8830e1ccabfffff","emd_code":"4145051000","emd_name":"천현동","area_km2":0.5111,"edge":false,"slope_mean":23.96,"elev_mean":425.6,"flood_hist_n":0,"flood_depth_max_m":null,"flood_risk_100y":null,"semi_basement_r":null,"elderly_alone_r":0.1998,"bldg_age30_r":null,"shelter_min_walk":40,"pop":5689,"hh":3168,"elderly65_r":0.3247,"single_hh_r":0.5395,"source_level":"emd","flood_years":[],"landslide_hist_n":0},"geometry":{"type":"Polygon","coordinates":[[[127.25691,37.51002],[127.25641,37.51437],[127.25219,37.51634],[127.24848,37.51395],[127.24898,37.50959],[127.25319,37.50763],[127.25691,37.51002]]]}},{"type":"Feature","properties":{"h3":"8830e1ccadfffff","emd_code":"4145051000","emd_name":"천현동","area_km2":0.5109,"edge":false,"slope_mean":23.13,"elev_mean":249.3,"flood_hist_n":0,"flood_depth_max_m":null,"flood_risk_100y":null,"semi_basement_r":null,"elderly_alone_r":0.1998,"bldg_age30_r":null,"shelter_min_walk":33,"pop":5689,"hh":3168,"elderly65_r":0.3247,"single_hh_r":0.5395,"source_level":"emd","flood_years":[],"landslide_hist_n":0},"geometry":{"type":"Polygon","coordinates":[[[127.24576,37.50285],[127.24526,37.5072],[127.24105,37.50917],[127.23733,37.50678],[127.23783,37.50243],[127.24205,37.50046],[127.24576,37.50285]]]}},{"type":"Feature","properties":{"h3":"8830e1ccb1fffff","emd_code":"4145051000","emd_name":"천현동","area_km2":0.5113,"edge":false,"slope_mean":23.82,"elev_mean":225.4,"flood_hist_n":0,"flood_depth_max_m":null,"flood_risk_100y":null,"semi_basement_r":null,"elderly_alone_r":0.1998,"bldg_age30_r":null,"shelter_min_walk":42,"pop":5689,"hh":3168,"elderly65_r":0.3247,"single_hh_r":0.5395,"source_level":"emd","flood_years":[],"landslide_hist_n":0},"geometry":{"type":"Polygon","coordinates":[[[127.27277,37.51086],[127.27228,37.51522],[127.26806,37.51718],[127.26434,37.51479],[127.26484,37.51044],[127.26906,37.50847],[127.27277,37.51086]]]}},{"type":"Feature","properties":{"h3":"8830e1ccb3fffff","emd_code":"4145051000","emd_name":"천현동","area_km2":0.5114,"edge":false,"slope_mean":23.49,"elev_mean":149.6,"flood_hist_n":0,"flood_depth_max_m":null,"flood_risk_100y":null,"semi_basement_r":null,"elderly_alone_r":0.1998,"bldg_age30_r":null,"shelter_min_walk":31,"pop":5689,"hh":3168,"elderly65_r":0.3247,"single_hh_r":0.5395,"source_level":"emd","flood_years":[],"landslide_hist_n":0},"geometry":{"type":"Polygon","coordinates":[[[127.28071,37.51128],[127.28021,37.51564],[127.27599,37.5176],[127.27228,37.51522],[127.27277,37.51086],[127.27699,37.50889],[127.28071,37.51128]]]}},{"type":"Feature","properties":{"h3":"8830e1ccb5fffff","emd_code":"4145051000","emd_name":"천현동","area_km2":0.5112,"edge":true,"slope_mean":22.54,"elev_mean":272.0,"flood_hist_n":0,"flood_depth_max_m":null,"flood_risk_100y":null,"semi_basement_r":null,"elderly_alone_r":0.1998,"bldg_age30_r":null,"shelter_min_walk":49,"pop":5689,"hh":3168,"elderly65_r":0.3247,"single_hh_r":0.5395,"source_level":"emd","flood_years":[],"landslide_hist_n":0},"geometry":{"type":"Polygon","coordinates":[[[127.26956,37.50412],[127.26906,37.50847],[127.26484,37.51044],[127.26112,37.50805],[127.26162,37.50369],[127.26584,37.50173],[127.26956,37.50412]]]}},{"type":"Feature","properties":{"h3":"8830e1ccb7fffff","emd_code":"4145051000","emd_name":"천현동","area_km2":0.5113,"edge":true,"slope_mean":22.59,"elev_mean":223.2,"flood_hist_n":0,"flood_depth_max_m":null,"flood_risk_100y":null,"semi_basement_r":null,"elderly_alone_r":0.1998,"bldg_age30_r":null,"shelter_min_walk":39,"pop":5689,"hh":3168,"elderly65_r":0.3247,"single_hh_r":0.5395,"source_level":"emd","flood_years":[],"landslide_hist_n":0},"geometry":{"type":"Polygon","coordinates":[[[127.27749,37.50454],[127.27699,37.50889],[127.27277,37.51086],[127.26906,37.50847],[127.26956,37.50412],[127.27377,37.50215],[127.27749,37.50454]]]}},{"type":"Feature","properties":{"h3":"8830e1ccb9fffff","emd_code":"4145051000","emd_name":"천현동","area_km2":0.5112,"edge":false,"slope_mean":21.99,"elev_mean":268.4,"flood_hist_n":0,"flood_depth_max_m":null,"flood_risk_100y":null,"semi_basement_r":null,"elderly_alone_r":0.1998,"bldg_age30_r":null,"shelter_min_walk":48,"pop":5689,"hh":3168,"elderly65_r":0.3247,"single_hh_r":0.5395,"source_level":"emd","flood_years":[],"landslide_hist_n":0},"geometry":{"type":"Polygon","coordinates":[[[127.26806,37.51718],[127.26756,37.52154],[127.26334,37.5235],[127.25962,37.52111],[127.26012,37.51676],[127.26434,37.51479],[127.26806,37.51718]]]}},{"type":"Feature","properties":{"h3":"8830e1ccbbfffff","emd_code":"4145051000","emd_name":"천현동","area_km2":0.5114,"edge":false,"slope_mean":25.29,"elev_mean":233.9,"flood_hist_n":0,"flood_depth_max_m":null,"flood_risk_100y":null,"semi_basement_r":null,"elderly_alone_r":0.1998,"bldg_age30_r":null,"shelter_min_walk":37,"pop":5689,"hh":3168,"elderly65_r":0.3247,"single_hh_r":0.5395,"source_level":"emd","flood_years":[],"landslide_hist_n":0},"geometry":{"type":"Polygon","coordinates":[[[127.27599,37.5176],[127.2755,37.52196],[127.27128,37.52393],[127.26756,37.52154],[127.26806,37.51718],[127.27228,37.51522],[127.27599,37.5176]]]}},{"type":"Feature","properties":{"h3":"8830e1ccbdfffff","emd_code":"4145051000","emd_name":"천현동","area_km2":0.5112,"edge":false,"slope_mean":23.39,"elev_mean":311.5,"flood_hist_n":0,"flood_depth_max_m":null,"flood_risk_100y":null,"semi_basement_r":null,"elderly_alone_r":0.1998,"bldg_age30_r":null,"shelter_min_walk":49,"pop":5689,"hh":3168,"elderly65_r":0.3247,"single_hh_r":0.5395,"source_level":"emd","flood_years":[],"landslide_hist_n":0},"geometry":{"type":"Polygon","coordinates":[[[127.26484,37.51044],[127.26434,37.51479],[127.26012,37.51676],[127.25641,37.51437],[127.25691,37.51002],[127.26112,37.50805],[127.26484,37.51044]]]}},{"type":"Feature","properties":{"h3":"8830e1ccc1fffff","emd_code":"4145051000","emd_name":"천현동","area_km2":0.5109,"edge":false,"slope_mean":12.03,"elev_mean":63.8,"flood_hist_n":0,"flood_depth_max_m":null,"flood_risk_100y":null,"semi_basement_r":null,"elderly_alone_r":0.1998,"bldg_age30_r":null,"shelter_min_walk":6,"pop":5689,"hh":3168,"elderly65_r":0.3247,"single_hh_r":0.5395,"source_level":"emd","flood_years":[],"landslide_hist_n":0},"geometry":{"type":"Polygon","coordinates":[[[127.23804,37.53529],[127.23754,37.53965],[127.23332,37.54161],[127.22961,37.53922],[127.23011,37.53487],[127.23432,37.5329],[127.23804,37.53529]]]}},{"type":"Feature","properties":{"h3":"8830e1ccc3fffff","emd_code":"4145051000","emd_name":"천현동","area_km2":0.511,"edge":false,"slope_mean":20.44,"elev_mean":137.5,"flood_hist_n":0,"flood_depth_max_m":null,"flood_risk_100y":null,"semi_basement_r":null,"elderly_alone_r":0.1998,"bldg_age30_r":null,"shelter_min_walk":16,"pop":5689,"hh":3168,"elderly65_r":0.3247,"single_hh_r":0.5395,"source_level":"emd","flood_years":[],"landslide_hist_n":0},"geometry":{"type":"Polygon","coordinates":[[[127.24597,37.53572],[127.24547,37.54007],[127.24125,37.54204],[127.23754,37.53965],[127.23804,37.53529],[127.24226,37.53333],[127.24597,37.53572]]]}},{"type":"Feature","properties":{"h3":"8830e1ccc5fffff","emd_code":"4145051000","emd_name":"천현동","area_km2":0.5108,"edge":false,"slope_mean":8.66,"elev_mean":62.8,"flood_hist_n":0,"flood_depth_max_m":null,"flood_risk_100y":null,"semi_basement_r":null,"elderly_alone_r":0.1998,"bldg_age30_r":null,"shelter_min_walk":14,"pop":5689,"hh":3168,"elderly65_r":0.3247,"single_hh_r":0.5395,"source_level":"emd","flood_years":[],"landslide_hist_n":0},"geometry":{"type":"Polygon","coordinates":[[[127.23483,37.52855],[127.23432,37.5329],[127.23011,37.53487],[127.22639,37.53248],[127.2269,37.52812],[127.23111,37.52616],[127.23483,37.52855]]]}},{"type":"Feature","properties":{"h3":"8830e1ccc7fffff","emd_code":"4145051000","emd_name":"천현동","area_km2":0.5109,"edge":false,"slope_mean":18.73,"elev_mean":176.5,"flood_hist_n":0,"flood_depth_max_m":null,"flood_risk_100y":null,"semi_basement_r":null,"elderly_alone_r":0.1998,"bldg_age30_r":null,"shelter_min_walk":18,"pop":5689,"hh":3168,"elderly65_r":0.3247,"single_hh_r":0.5395,"source_level":"emd","flood_years":[],"landslide_hist_n":0},"geometry":{"type":"Polygon","coordinates":[[[127.24276,37.52897],[127.24226,37.53333],[127.23804,37.53529],[127.23432,37.5329],[127.23483,37.52855],[127.23904,37.52658],[127.24276,37.52897]]]}},{"type":"Feature","properties":{"h3":"8830e1ccc9fffff","emd_code":"4145051000","emd_name":"천현동","area_km2":0.5108,"edge":false,"slope_mean":3.31,"elev_mean":19.1,"flood_hist_n":0,"flood_depth_max_m":null,"flood_risk_100y":null,"semi_basement_r":null,"elderly_alone_r":0.1998,"bldg_age30_r":null,"shelter_min_walk":8,"pop":5689,"hh":3168,"elderly65_r":0.3247,"single_hh_r":0.5395,"source_level":"emd","flood_years":[],"landslide_hist_n":0},"geometry":{"type":"Polygon","coordinates":[[[127.23332,37.54161],[127.23282,37.54596],[127.2286,37.54793],[127.22489,37.54554],[127.22539,37.54118],[127.22961,37.53922],[127.23332,37.54161]]]}},{"type":"Feature","properties":{"h3":"8830e1cccbfffff","emd_code":"4145051000","emd_name":"천현동","area_km2":0.5109,"edge":false,"slope_mean":6.37,"elev_mean":22.8,"flood_hist_n":0,"flood_depth_max_m":null,"flood_risk_100y":null,"semi_basement_r":null,"elderly_alone_r":0.1998,"bldg_age30_r":null,"shelter_min_walk":13,"pop":5689,"hh":3168,"elderly65_r":0.3247,"single_hh_r":0.5395,"source_level":"emd","flood_years":[],"landslide_hist_n":0},"geometry":{"type":"Polygon","coordinates":[[[127.24125,37.54204],[127.24075,37.54639],[127.23654,37.54835],[127.23282,37.54596],[127.23332,37.54161],[127.23754,37.53965],[127.24125,37.54204]]]}},{"type":"Feature","properties":{"h3":"8830e1cccdfffff","emd_code":"4145053000","emd_name":"신장2동","area_km2":0.5108,"edge":false,"slope_mean":5.24,"elev_mean":28.6,"flood_hist_n":0,"flood_depth_max_m":null,"flood_risk_100y":null,"semi_basement_r":null,"elderly_alone_r":0.1026,"bldg_age30_r":null,"shelter_min_walk":2,"pop":44702,"hh":18740,"elderly65_r":0.2431,"single_hh_r":0.2837,"source_level":"emd","flood_years":[],"landslide_hist_n":0},"geometry":{"type":"Polygon","coordinates":[[[127.23011,37.53487],[127.22961,37.53922],[127.22539,37.54118],[127.22168,37.53879],[127.22218,37.53444],[127.22639,37.53248],[127.23011,37.53487]]]}},{"type":"Feature","properties":{"h3":"8830e1ccd5fffff","emd_code":"4145051000","emd_name":"천현동","area_km2":0.5111,"edge":false,"slope_mean":12.41,"elev_mean":60.8,"flood_hist_n":0,"flood_depth_max_m":null,"flood_risk_100y":null,"semi_basement_r":null,"elderly_alone_r":0.1998,"bldg_age30_r":null,"shelter_min_walk":26,"pop":5689,"hh":3168,"elderly65_r":0.3247,"single_hh_r":0.5395,"source_level":"emd","flood_years":[],"landslide_hist_n":0},"geometry":{"type":"Polygon","coordinates":[[[127.25391,37.53614],[127.25341,37.5405],[127.24919,37.54246],[127.24547,37.54007],[127.24597,37.53572],[127.25019,37.53375],[127.25391,37.53614]]]}},{"type":"Feature","properties":{"h3":"8830e1ccd7fffff","emd_code":"4145051000","emd_name":"천현동","area_km2":0.5112,"edge":true,"slope_mean":14.71,"elev_mean":51.4,"flood_hist_n":0,"flood_depth_max_m":null,"flood_risk_100y":null,"semi_basement_r":null,"elderly_alone_r":0.1998,"bldg_age30_r":null,"shelter_min_walk":37,"pop":5689,"hh":3168,"elderly65_r":0.3247,"single_hh_r":0.5395,"source_level":"emd","flood_years":[],"landslide_hist_n":0},"geometry":{"type":"Polygon","coordinates":[[[127.26184,37.53657],[127.26134,37.54092],[127.25712,37.54289],[127.25341,37.5405],[127.25391,37.53614],[127.25812,37.53418],[127.26184,37.53657]]]}},{"type":"Feature","properties":{"h3":"8830e1ccddfffff","emd_code":"4145051000","emd_name":"천현동","area_km2":0.511,"edge":true,"slope_mean":6.43,"elev_mean":22.1,"flood_hist_n":0,"flood_depth_max_m":null,"flood_risk_100y":null,"semi_basement_r":null,"elderly_alone_r":0.1998,"bldg_age30_r":null,"shelter_min_walk":22,"pop":5689,"hh":3168,"elderly65_r":0.3247,"single_hh_r":0.5395,"source_level":"emd","flood_years":[],"landslide_hist_n":0},"geometry":{"type":"Polygon","coordinates":[[[127.24919,37.54246],[127.24869,37.54682],[127.24447,37.54878],[127.24075,37.54639],[127.24125,37.54204],[127.24547,37.54007],[127.24919,37.54246]]]}},{"type":"Feature","properties":{"h3":"8830e1cce1fffff","emd_code":"4145051000","emd_name":"천현동","area_km2":0.5108,"edge":false,"slope_mean":17.75,"elev_mean":144.9,"flood_hist_n":0,"flood_depth_max_m":null,"flood_risk_100y":null,"semi_basement_r":null,"elderly_alone_r":0.1998,"bldg_age30_r":null,"shelter_min_walk":11,"pop":5689,"hh":3168,"elderly65_r":0.3247,"single_hh_r":0.5395,"source_level":"emd","flood_years":[],"landslide_hist_n":0},"geometry":{"type":"Polygon","coordinates":[[[127.23633,37.51549],[127.23583,37.51984],[127.23161,37.52181],[127.2279,37.51942],[127.2284,37.51506],[127.23262,37.5131],[127.23633,37.51549]]]}},{"type":"Feature","properties":{"h3":"8830e1cce3fffff","emd_code":"4145051000","emd_name":"천현동","area_km2":0.5109,"edge":false,"slope_mean":21.98,"elev_mean":327.9,"flood_hist_n":0,"flood_depth_max_m":null,"flood_risk_100y":null,"semi_basement_r":null,"elderly_alone_r":0.1998,"bldg_age30_r":null,"shelter_min_walk":21,"pop":5689,"hh":3168,"elderly65_r":0.3247,"single_hh_r":0.5395,"source_level":"emd","flood_years":[],"landslide_hist_n":0},"geometry":{"type":"Polygon","coordinates":[[[127.24426,37.51591],[127.24376,37.52027],[127.23954,37.52223],[127.23583,37.51984],[127.23633,37.51549],[127.24055,37.51352],[127.24426,37.51591]]]}},{"type":"Feature","properties":{"h3":"8830e1cce5fffff","emd_code":"4145051000","emd_name":"천현동","area_km2":0.5107,"edge":false,"slope_mean":9.93,"elev_mean":83.2,"flood_hist_n":0,"flood_depth_max_m":null,"flood_risk_100y":null,"semi_basement_r":null,"elderly_alone_r":0.1998,"bldg_age30_r":null,"shelter_min_walk":16,"pop":5689,"hh":3168,"elderly65_r":0.3247,"single_hh_r":0.5395,"source_level":"emd","flood_years":[],"landslide_hist_n":0},"geometry":{"type":"Polygon","coordinates":[[[127.23312,37.50874],[127.23262,37.5131],[127.2284,37.51506],[127.22469,37.51267],[127.22519,37.50832],[127.2294,37.50636],[127.23312,37.50874]]]}},{"type":"Feature","properties":{"h3":"8830e1cce7fffff","emd_code":"4145051000","emd_name":"천현동","area_km2":0.5108,"edge":false,"slope_mean":18.62,"elev_mean":204.6,"flood_hist_n":0,"flood_depth_max_m":null,"flood_risk_100y":null,"semi_basement_r":null,"elderly_alone_r":0.1998,"bldg_age30_r":null,"shelter_min_walk":22,"pop":5689,"hh":3168,"elderly65_r":0.3247,"single_hh_r":0.5395,"source_level":"emd","flood_years":[],"landslide_hist_n":0},"geometry":{"type":"Polygon","coordinates":[[[127.24105,37.50917],[127.24055,37.51352],[127.23633,37.51549],[127.23262,37.5131],[127.23312,37.50874],[127.23733,37.50678],[127.24105,37.50917]]]}},{"type":"Feature","properties":{"h3":"8830e1cce9fffff","emd_code":"4145051000","emd_name":"천현동","area_km2":0.5107,"edge":false,"slope_mean":5.97,"elev_mean":51.1,"flood_hist_n":0,"flood_depth_max_m":null,"flood_risk_100y":null,"semi_basement_r":null,"elderly_alone_r":0.1998,"bldg_age30_r":null,"shelter_min_walk":9,"pop":5689,"hh":3168,"elderly65_r":0.3247,"single_hh_r":0.5395,"source_level":"emd","flood_years":[],"landslide_hist_n":0},"geometry":{"type":"Polygon","coordinates":[[[127.23161,37.52181],[127.23111,37.52616],[127.2269,37.52812],[127.22318,37.52573],[127.22368,37.52138],[127.2279,37.51942],[127.23161,37.52181]]]}},{"type":"Feature","properties":{"h3":"8830e1ccebfffff","emd_code":"4145051000","emd_name":"천현동","area_km2":0.5109,"edge":false,"slope_mean":20.44,"elev_mean":189.0,"flood_hist_n":0,"flood_depth_max_m":null,"flood_risk_100y":null,"semi_basement_r":null,"elderly_alone_r":0.1998,"bldg_age30_r":null,"shelter_min_walk":17,"pop":5689,"hh":3168,"elderly65_r":0.3247,"single_hh_r":0.5395,"source_level":"emd","flood_years":[],"landslide_hist_n":0},"geometry":{"type":"Polygon","coordinates":[[[127.23954,37.52223],[127.23904,37.52658],[127.23483,37.52855],[127.23111,37.52616],[127.23161,37.52181],[127.23583,37.51984],[127.23954,37.52223]]]}},{"type":"Feature","properties":{"h3":"8830e1ccedfffff","emd_code":"4145051000","emd_name":"천현동","area_km2":0.5107,"edge":false,"slope_mean":6.84,"elev_mean":58.5,"flood_hist_n":0,"flood_depth_max_m":null,"flood_risk_100y":null,"semi_basement_r":null,"elderly_alone_r":0.1998,"bldg_age30_r":null,"shelter_min_walk":4,"pop":5689,"hh":3168,"elderly65_r":0.3247,"single_hh_r":0.5395,"source_level":"emd","flood_years":[],"landslide_hist_n":0},"geometry":{"type":"Polygon","coordinates":[[[127.2284,37.51506],[127.2279,37.51942],[127.22368,37.52138],[127.21997,37.51899],[127.22047,37.51464],[127.22469,37.51267],[127.2284,37.51506]]]}},{"type":"Feature","properties":{"h3":"8830e1cd01fffff","emd_code":"4145058500","emd_name":"위례동","area_km2":0.5099,"edge":false,"slope_mean":23.54,"elev_mean":323.5,"flood_hist_n":0,"flood_depth_max_m":null,"flood_risk_100y":null,"semi_basement_r":null,"elderly_alone_r":0.0311,"bldg_age30_r":null,"shelter_min_walk":24,"pop":35230,"hh":12260,"elderly65_r":0.1113,"single_hh_r":0.1743,"source_level":"emd","flood_years":[],"landslide_hist_n":0},"geometry":{"type":"Polygon","coordinates":[[[127.17747,37.47292],[127.17697,37.47727],[127.17276,37.47923],[127.16905,37.47684],[127.16956,37.47249],[127.17377,37.47053],[127.17747,37.47292]]]}},{"type":"Feature","properties":{"h3":"8830e1cd03fffff","emd_code":"4145058500","emd_name":"위례동","area_km2":0.51,"edge":true,"slope_mean":18.38,"elev_mean":377.5,"flood_hist_n":0,"flood_depth_max_m":null,"flood_risk_100y":null,"semi_basement_r":null,"elderly_alone_r":0.0311,"bldg_age30_r":null,"shelter_min_walk":29,"pop":35230,"hh":12260,"elderly65_r":0.1113,"single_hh_r":0.1743,"source_level":"emd","flood_years":[],"landslide_hist_n":0},"geometry":{"type":"Polygon","coordinates":[[[127.18539,37.47334],[127.18488,37.47769],[127.18067,37.47966],[127.17697,37.47727],[127.17747,37.47292],[127.18168,37.47096],[127.18539,37.47334]]]}},{"type":"Feature","properties":{"h3":"8830e1cd05fffff","emd_code":"4145058500","emd_name":"위례동","area_km2":0.5098,"edge":true,"slope_mean":20.93,"elev_mean":233.9,"flood_hist_n":0,"flood_depth_max_m":null,"flood_risk_100y":null,"semi_basement_r":null,"elderly_alone_r":0.0311,"bldg_age30_r":null,"shelter_min_walk":12,"pop":35230,"hh":12260,"elderly65_r":0.1113,"single_hh_r":0.1743,"source_level":"emd","flood_years":[],"landslide_hist_n":0},"geometry":{"type":"Polygon","coordinates":[[[127.17427,37.46618],[127.17377,37.47053],[127.16956,37.47249],[127.16585,37.47011],[127.16636,37.46576],[127.17057,37.46379],[127.17427,37.46618]]]}},{"type":"Feature","properties":{"h3":"8830e1cd09fffff","emd_code":"4145058500","emd_name":"위례동","area_km2":0.5098,"edge":false,"slope_mean":22.26,"elev_mean":269.2,"flood_hist_n":0,"flood_depth_max_m":null,"flood_risk_100y":null,"semi_basement_r":null,"elderly_alone_r":0.0311,"bldg_age30_r":null,"shelter_min_walk":12,"pop":35230,"hh":12260,"elderly65_r":0.1113,"single_hh_r":0.1743,"source_level":"emd","flood_years":[],"landslide_hist_n":0},"geometry":{"type":"Polygon","coordinates":[[[127.17276,37.47923],[127.17225,37.48358],[127.16804,37.48554],[127.16434,37.48316],[127.16484,37.47881],[127.16905,37.47684],[127.17276,37.47923]]]}},{"type":"Feature","properties":{"h3":"8830e1cd0bfffff","emd_code":"4145058500","emd_name":"위례동","area_km2":0.5099,"edge":true,"slope_mean":20.97,"elev_mean":418.5,"flood_hist_n":0,"flood_depth_max_m":null,"flood_risk_100y":null,"semi_basement_r":null,"elderly_alone_r":0.0311,"bldg_age30_r":null,"shelter_min_walk":21,"pop":35230,"hh":12260,"elderly65_r":0.1113,"single_hh_r":0.1743,"source_level":"emd","flood_years":[],"landslide_hist_n":0},"geometry":{"type":"Polygon","coordinates":[[[127.18067,37.47966],[127.18017,37.48401],[127.17596,37.48597],[127.17225,37.48358],[127.17276,37.47923],[127.17697,37.47727],[127.18067,37.47966]]]}},{"type":"Feature","properties":{"h3":"8830e1cd0dfffff","emd_code":"4145058500","emd_name":"위례동","area_km2":0.5097,"edge":false,"slope_mean":21.02,"elev_mean":199.7,"flood_hist_n":0,"flood_depth_max_m":null,"flood_risk_100y":null,"semi_basement_r":null,"elderly_alone_r":0.0311,"bldg_age30_r":null,"shelter_min_walk":14,"pop":35230,"hh":12260,"elderly65_r":0.1113,"single_hh_r":0.1743,"source_level":"emd","flood_years":[],"landslide_hist_n":0},"geometry":{"type":"Polygon","coordinates":[[[127.16956,37.47249],[127.16905,37.47684],[127.16484,37.47881],[127.16114,37.47642],[127.16164,37.47207],[127.16585,37.47011],[127.16956,37.47249]]]}},{"type":"Feature","properties":{"h3":"8830e1cd11fffff","emd_code":"4145059000","emd_name":"춘궁동","area_km2":0.5101,"edge":false,"slope_mean":23.16,"elev_mean":331.0,"flood_hist_n":0,"flood_depth_max_m":null,"flood_risk_100y":null,"semi_basement_r":null,"elderly_alone_r":0.232,"bldg_age30_r":null,"shelter_min_walk":41,"pop":712,"hh":487,"elderly65_r":0.3329,"single_hh_r":0.729,"source_level":"emd","flood_years":[],"landslide_hist_n":0},"geometry":{"type":"Polygon","coordinates":[[[127.19651,37.48051],[127.19601,37.48486],[127.1918,37.48682],[127.18809,37.48443],[127.18859,37.48008],[127.1928,37.47812],[127.19651,37.48051]]]}},{"type":"Feature","properties":{"h3":"8830e1cd13fffff","emd_code":"4145059000","emd_name":"춘궁동","area_km2":0.5103,"edge":false,"slope_mean":22.66,"elev_mean":434.3,"flood_hist_n":0,"flood_depth_max_m":null,"flood_risk_100y":null,"semi_basement_r":null,"elderly_alone_r":0.232,"bldg_age30_r":null,"shelter_min_walk":51,"pop":712,"hh":487,"elderly65_r":0.3329,"single_hh_r":0.729,"source_level":"emd","flood_years":[],"landslide_hist_n":0},"geometry":{"type":"Polygon","coordinates":[[[127.20443,37.48093],[127.20393,37.48528],[127.19972,37.48725],[127.19601,37.48486],[127.19651,37.48051],[127.20072,37.47854],[127.20443,37.48093]]]}},{"type":"Feature","properties":{"h3":"8830e1cd17fffff","emd_code":"4145059000","emd_name":"춘궁동","area_km2":0.5102,"edge":true,"slope_mean":21.22,"elev_mean":387.8,"flood_hist_n":0,"flood_depth_max_m":null,"flood_risk_100y":null,"semi_basement_r":null,"elderly_alone_r":0.232,"bldg_age30_r":null,"shelter_min_walk":46,"pop":712,"hh":487,"elderly65_r":0.3329,"single_hh_r":0.729,"source_level":"emd","flood_years":[],"landslide_hist_n":0},"geometry":{"type":"Polygon","coordinates":[[[127.20122,37.47419],[127.20072,37.47854],[127.19651,37.48051],[127.1928,37.47812],[127.19331,37.47377],[127.19752,37.4718],[127.20122,37.47419]]]}},{"type":"Feature","properties":{"h3":"8830e1cd19fffff","emd_code":"4145059000","emd_name":"춘궁동","area_km2":0.5101,"edge":false,"slope_mean":21.82,"elev_mean":204.5,"flood_hist_n":0,"flood_depth_max_m":null,"flood_risk_100y":null,"semi_basement_r":null,"elderly_alone_r":0.232,"bldg_age30_r":null,"shelter_min_walk":35,"pop":712,"hh":487,"elderly65_r":0.3329,"single_hh_r":0.729,"source_level":"emd","flood_years":[],"landslide_hist_n":0},"geometry":{"type":"Polygon","coordinates":[[[127.1918,37.48682],[127.19129,37.49117],[127.18708,37.49314],[127.18337,37.49075],[127.18388,37.4864],[127.18809,37.48443],[127.1918,37.48682]]]}},{"type":"Feature","properties":{"h3":"8830e1cd1bfffff","emd_code":"4145059000","emd_name":"춘궁동","area_km2":0.5102,"edge":false,"slope_mean":21.39,"elev_mean":228.8,"flood_hist_n":0,"flood_depth_max_m":null,"flood_risk_100y":null,"semi_basement_r":null,"elderly_alone_r":0.232,"bldg_age30_r":null,"shelter_min_walk":45,"pop":712,"hh":487,"elderly65_r":0.3329,"single_hh_r":0.729,"source_level":"emd","flood_years":[],"landslide_hist_n":0},"geometry":{"type":"Polygon","coordinates":[[[127.19972,37.48725],[127.19921,37.4916],[127.195,37.49356],[127.19129,37.49117],[127.1918,37.48682],[127.19601,37.48486],[127.19972,37.48725]]]}},{"type":"Feature","properties":{"h3":"8830e1cd1dfffff","emd_code":"4145059000","emd_name":"춘궁동","area_km2":0.51,"edge":true,"slope_mean":19.14,"elev_mean":345.1,"flood_hist_n":0,"flood_depth_max_m":null,"flood_risk_100y":null,"semi_basement_r":null,"elderly_alone_r":0.232,"bldg_age30_r":null,"shelter_min_walk":31,"pop":712,"hh":487,"elderly65_r":0.3329,"single_hh_r":0.729,"source_level":"emd","flood_years":[],"landslide_hist_n":0},"geometry":{"type":"Polygon","coordinates":[[[127.18859,37.48008],[127.18809,37.48443],[127.18388,37.4864],[127.18017,37.48401],[127.18067,37.47966],[127.18488,37.47769],[127.18859,37.48008]]]}},{"type":"Feature","properties":{"h3":"8830e1cd41fffff","emd_code":"4145058500","emd_name":"위례동","area_km2":0.5096,"edge":false,"slope_mean":6.31,"elev_mean":65.4,"flood_hist_n":0,"flood_depth_max_m":null,"flood_risk_100y":null,"semi_basement_r":null,"elderly_alone_r":0.0311,"bldg_age30_r":null,"shelter_min_walk":4,"pop":35230,"hh":12260,"elderly65_r":0.1113,"single_hh_r":0.1743,"source_level":"emd","flood_years":[],"landslide_hist_n":0},"geometry":{"type":"Polygon","coordinates":[[[127.16013,37.48512],[127.15962,37.48947],[127.15541,37.49143],[127.15171,37.48904],[127.15221,37.48469],[127.15642,37.48273],[127.16013,37.48512]]]}},{"type":"Feature","properties":{"h3":"8830e1cd43fffff","emd_code":"4145058200","emd_name":"감일동","area_km2":0.5098,"edge":false,"slope_mean":16.15,"elev_mean":135.7,"flood_hist_n":0,"flood_depth_max_m":null,"flood_risk_100y":null,"semi_basement_r":null,"elderly_alone_r":0.0651,"bldg_age30_r":null,"shelter_min_walk":4,"pop":39567,"hh":14770,"elderly65_r":0.1141,"single_hh_r":0.2485,"source_level":"emd","flood_years":[],"landslide_hist_n":0},"geometry":{"type":"Polygon","coordinates":[[[127.16804,37.48554],[127.16754,37.48989],[127.16333,37.49186],[127.15962,37.48947],[127.16013,37.48512],[127.16434,37.48316],[127.16804,37.48554]]]}},{"type":"Feature","properties":{"h3":"8830e1cd45fffff","emd_code":"4145058500","emd_name":"위례동","area_km2":0.5096,"edge":false,"slope_mean":4.83,"elev_mean":51.1,"flood_hist_n":0,"flood_depth_max_m":null,"flood_risk_100y":null,"semi_basement_r":null,"elderly_alone_r":0.0311,"bldg_age30_r":null,"shelter_min_walk":8,"pop":35230,"hh":12260,"elderly65_r":0.1113,"single_hh_r":0.1743,"source_level":"emd","flood_years":[],"landslide_hist_n":0},"geometry":{"type":"Polygon","coordinates":[[[127.15693,37.47838],[127.15642,37.48273],[127.15221,37.48469],[127.14851,37.4823],[127.14902,37.47795],[127.15322,37.47599],[127.15693,37.47838]]]}},{"type":"Feature","properties":{"h3":"8830e1cd47fffff","emd_code":"4145058500","emd_name":"위례동","area_km2":0.5097,"edge":false,"slope_mean":17.18,"elev_mean":137.3,"flood_hist_n":0,"flood_depth_max_m":null,"flood_risk_100y":null,"semi_basement_r":null,"elderly_alone_r":0.0311,"bldg_age30_r":null,"shelter_min_walk":9,"pop":35230,"hh":12260,"elderly65_r":0.1113,"single_hh_r":0.1743,"source_level":"emd","flood_years":[],"landslide_hist_n":0},"geometry":{"type":"Polygon","coordinates":[[[127.16484,37.47881],[127.16434,37.48316],[127.16013,37.48512],[127.15642,37.48273],[127.15693,37.47838],[127.16114,37.47642],[127.16484,37.47881]]]}},{"type":"Feature","properties":{"h3":"8830e1cd4bfffff","emd_code":"4145058200","emd_name":"감일동","area_km2":0.5097,"edge":true,"slope_mean":7.23,"elev_mean":65.5,"flood_hist_n":0,"flood_depth_max_m":null,"flood_risk_100y":null,"semi_basement_r":null,"elderly_alone_r":0.0651,"bldg_age30_r":null,"shelter_min_walk":13,"pop":39567,"hh":14770,"elderly65_r":0.1141,"single_hh_r":0.2485,"source_level":"emd","flood_years":[],"landslide_hist_n":0},"geometry":{"type":"Polygon","coordinates":[[[127.16333,37.49186],[127.16282,37.49621],[127.15861,37.49817],[127.15491,37.49578],[127.15541,37.49143],[127.15962,37.48947],[127.16333,37.49186]]]}},{"type":"Feature","properties":{"h3":"8830e1cd4dfffff","emd_code":"4145058500","emd_name":"위례동","area_km2":0.5095,"edge":true,"slope_mean":5.32,"elev_mean":45.9,"flood_hist_n":0,"flood_depth_max_m":null,"flood_risk_100y":null,"semi_basement_r":null,"elderly_alone_r":0.0311,"bldg_age30_r":null,"shelter_min_walk":8,"pop":35230,"hh":12260,"elderly65_r":0.1113,"single_hh_r":0.1743,"source_level":"emd","flood_years":[],"landslide_hist_n":0},"geometry":{"type":"Polygon","coordinates":[[[127.15221,37.48469],[127.15171,37.48904],[127.1475,37.491],[127.14379,37.48861],[127.1443,37.48426],[127.14851,37.4823],[127.15221,37.48469]]]}},{"type":"Feature","properties":{"h3":"8830e1cd51fffff","emd_code":"4145058200","emd_name":"감일동","area_km2":0.5099,"edge":false,"slope_mean":21.44,"elev_mean":276.0,"flood_hist_n":0,"flood_depth_max_m":null,"flood_risk_100y":null,"semi_basement_r":null,"elderly_alone_r":0.0651,"bldg_age30_r":null,"shelter_min_walk":23,"pop":39567,"hh":14770,"elderly65_r":0.1141,"single_hh_r":0.2485,"source_level":"emd","flood_years":[],"landslide_hist_n":0},"geometry":{"type":"Polygon","coordinates":[[[127.17916,37.49271],[127.17866,37.49706],[127.17445,37.49902],[127.17074,37.49663],[127.17124,37.49228],[127.17545,37.49032],[127.17916,37.49271]]]}},{"type":"Feature","properties":{"h3":"8830e1cd53fffff","emd_code":"4145059000","emd_name":"춘궁동","area_km2":0.51,"edge":false,"slope_mean":18.31,"elev_mean":167.5,"flood_hist_n":0,"flood_depth_max_m":null,"flood_risk_100y":null,"semi_basement_r":null,"elderly_alone_r":0.232,"bldg_age30_r":null,"shelter_min_walk":32,"pop":712,"hh":487,"elderly65_r":0.3329,"single_hh_r":0.729,"source_level":"emd","flood_years":[],"landslide_hist_n":0},"geometry":{"type":"Polygon","coordinates":[[[127.18708,37.49314],[127.18658,37.49749],[127.18236,37.49945],[127.17866,37.49706],[127.17916,37.49271],[127.18337,37.49075],[127.18708,37.49314]]]}},{"type":"Feature","properties":{"h3":"8830e1cd55fffff","emd_code":"4145058200","emd_name":"감일동","area_km2":0.5099,"edge":false,"slope_mean":22.18,"elev_mean":286.3,"flood_hist_n":0,"flood_depth_max_m":null,"flood_risk_100y":null,"semi_basement_r":null,"elderly_alone_r":0.0651,"bldg_age30_r":null,"shelter_min_walk":14,"pop":39567,"hh":14770,"elderly65_r":0.1141,"single_hh_r":0.2485,"source_level":"emd","flood_years":[],"landslide_hist_n":0},"geometry":{"type":"Polygon","coordinates":[[[127.17596,37.48597],[127.17545,37.49032],[127.17124,37.49228],[127.16754,37.48989],[127.16804,37.48554],[127.17225,37.48358],[127.17596,37.48597]]]}},{"type":"Feature","properties":{"h3":"8830e1cd57fffff","emd_code":"4145059000","emd_name":"춘궁동","area_km2":0.51,"edge":false,"slope_mean":24.09,"elev_mean":343.4,"flood_hist_n":0,"flood_depth_max_m":null,"flood_risk_100y":null,"semi_basement_r":null,"elderly_alone_r":0.232,"bldg_age30_r":null,"shelter_min_walk":24,"pop":712,"hh":487,"elderly65_r":0.3329,"single_hh_r":0.729,"source_level":"emd","flood_years":[],"landslide_hist_n":0},"geometry":{"type":"Polygon","coordinates":[[[127.18388,37.4864],[127.18337,37.49075],[127.17916,37.49271],[127.17545,37.49032],[127.17596,37.48597],[127.18017,37.48401],[127.18388,37.4864]]]}},{"type":"Feature","properties":{"h3":"8830e1cd59fffff","emd_code":"4145058200","emd_name":"감일동","area_km2":0.5099,"edge":false,"slope_mean":16.69,"elev_mean":143.8,"flood_hist_n":0,"flood_depth_max_m":null,"flood_risk_100y":null,"semi_basement_r":null,"elderly_alone_r":0.0651,"bldg_age30_r":null,"shelter_min_walk":15,"pop":39567,"hh":14770,"elderly65_r":0.1141,"single_hh_r":0.2485,"source_level":"emd","flood_years":[],"landslide_hist_n":0},"geometry":{"type":"Polygon","coordinates":[[[127.17445,37.49902],[127.17394,37.50337],[127.16973,37.50533],[127.16602,37.50295],[127.16653,37.4986],[127.17074,37.49663],[127.17445,37.49902]]]}},{"type":"Feature","properties":{"h3":"8830e1cd5bfffff","emd_code":"4145059000","emd_name":"춘궁동","area_km2":0.51,"edge":false,"slope_mean":20.65,"elev_mean":232.6,"flood_hist_n":0,"flood_depth_max_m":null,"flood_risk_100y":null,"semi_basement_r":null,"elderly_alone_r":0.232,"bldg_age30_r":null,"shelter_min_walk":23,"pop":712,"hh":487,"elderly65_r":0.3329,"single_hh_r":0.729,"source_level":"emd","flood_years":[],"landslide_hist_n":0},"geometry":{"type":"Polygon","coordinates":[[[127.18236,37.49945],[127.18186,37.5038],[127.17765,37.50576],[127.17394,37.50337],[127.17445,37.49902],[127.17866,37.49706],[127.18236,37.49945]]]}},{"type":"Feature","properties":{"h3":"8830e1cd5dfffff","emd_code":"4145058200","emd_name":"감일동","area_km2":0.5098,"edge":false,"slope_mean":17.41,"elev_mean":149.1,"flood_hist_n":0,"flood_depth_max_m":null,"flood_risk_100y":null,"semi_basement_r":null,"elderly_alone_r":0.0651,"bldg_age30_r":null,"shelter_min_walk":16,"pop":39567,"hh":14770,"elderly65_r":0.1141,"single_hh_r":0.2485,"source_level":"emd","flood_years":[],"landslide_hist_n":0},"geometry":{"type":"Polygon","coordinates":[[[127.17124,37.49228],[127.17074,37.49663],[127.16653,37.4986],[127.16282,37.49621],[127.16333,37.49186],[127.16754,37.48989],[127.17124,37.49228]]]}},{"type":"Feature","properties":{"h3":"8830e1cd63fffff","emd_code":"4145058500","emd_name":"위례동","area_km2":0.5097,"edge":true,"slope_mean":19.93,"elev_mean":202.0,"flood_hist_n":0,"flood_depth_max_m":null,"flood_risk_100y":null,"semi_basement_r":null,"elderly_alone_r":0.0311,"bldg_age30_r":null,"shelter_min_walk":12,"pop":35230,"hh":12260,"elderly65_r":0.1113,"single_hh_r":0.1743,"source_level":"emd","flood_years":[],"landslide_hist_n":0},"geometry":{"type":"Polygon","coordinates":[[[127.16636,37.46576],[127.16585,37.47011],[127.16164,37.47207],[127.15794,37.46968],[127.15844,37.46533],[127.16265,37.46337],[127.16636,37.46576]]]}},{"type":"Feature","properties":{"h3":"8830e1cd69fffff","emd_code":"4145058500","emd_name":"위례동","area_km2":0.5095,"edge":true,"slope_mean":3.74,"elev_mean":49.4,"flood_hist_n":0,"flood_depth_max_m":null,"flood_risk_100y":null,"semi_basement_r":null,"elderly_alone_r":0.0311,"bldg_age30_r":null,"shelter_min_walk":2,"pop":35230,"hh":12260,"elderly65_r":0.1113,"single_hh_r":0.1743,"source_level":"emd","flood_years":[],"landslide_hist_n":0},"geometry":{"type":"Polygon","coordinates":[[[127.15373,37.47164],[127.15322,37.47599],[127.14902,37.47795],[127.14531,37.47556],[127.14582,37.47121],[127.15003,37.46925],[127.15373,37.47164]]]}},{"type":"Feature","properties":{"h3":"8830e1cd6bfffff","emd_code":"4145058500","emd_name":"위례동","area_km2":0.5096,"edge":false,"slope_mean":11.54,"elev_mean":96.2,"flood_hist_n":0,"flood_depth_max_m":null,"flood_risk_100y":null,"semi_basement_r":null,"elderly_alone_r":0.0311,"bldg_age30_r":null,"shelter_min_walk":4,"pop":35230,"hh":12260,"elderly65_r":0.1113,"single_hh_r":0.1743,"source_level":"emd","flood_years":[],"landslide_hist_n":0},"geometry":{"type":"Polygon","coordinates":[[[127.16164,37.47207],[127.16114,37.47642],[127.15693,37.47838],[127.15322,37.47599],[127.15373,37.47164],[127.15794,37.46968],[127.16164,37.47207]]]}},{"type":"Feature","properties":{"h3":"8830e1cd81fffff","emd_code":"4145051000","emd_name":"천현동","area_km2":0.5106,"edge":true,"slope_mean":21.02,"elev_mean":233.9,"flood_hist_n":0,"flood_depth_max_m":null,"flood_risk_100y":null,"semi_basement_r":null,"elderly_alone_r":0.1998,"bldg_age30_r":null,"shelter_min_walk":32,"pop":5689,"hh":3168,"elderly65_r":0.3247,"single_hh_r":0.5395,"source_level":"emd","flood_years":[],"landslide_hist_n":0},"geometry":{"type":"Polygon","coordinates":[[[127.23291,37.47588],[127.23241,37.48024],[127.2282,37.4822],[127.22449,37.47981],[127.22499,37.47546],[127.2292,37.4735],[127.23291,37.47588]]]}},{"type":"Feature","properties":{"h3":"8830e1cd83fffff","emd_code":"4145051000","emd_name":"천현동","area_km2":0.5108,"edge":false,"slope_mean":19.49,"elev_mean":193.6,"flood_hist_n":0,"flood_depth_max_m":null,"flood_risk_100y":null,"semi_basement_r":null,"elderly_alone_r":0.1998,"bldg_age30_r":null,"shelter_min_walk":27,"pop":5689,"hh":3168,"elderly65_r":0.3247,"single_hh_r":0.5395,"source_level":"emd","flood_years":[],"landslide_hist_n":0},"geometry":{"type":"Polygon","coordinates":[[[127.24084,37.47631],[127.24034,37.48066],[127.23612,37.48262],[127.23241,37.48024],[127.23291,37.47588],[127.23713,37.47392],[127.24084,37.47631]]]}},{"type":"Feature","properties":{"h3":"8830e1cd89fffff","emd_code":"4145051000","emd_name":"천현동","area_km2":0.5106,"edge":false,"slope_mean":19.39,"elev_mean":217.3,"flood_hist_n":0,"flood_depth_max_m":null,"flood_risk_100y":null,"semi_basement_r":null,"elderly_alone_r":0.1998,"bldg_age30_r":null,"shelter_min_walk":44,"pop":5689,"hh":3168,"elderly65_r":0.3247,"single_hh_r":0.5395,"source_level":"emd","flood_years":[],"landslide_hist_n":0},"geometry":{"type":"Polygon","coordinates":[[[127.2282,37.4822],[127.2277,37.48655],[127.22348,37.48852],[127.21977,37.48613],[127.22027,37.48178],[127.22449,37.47981],[127.2282,37.4822]]]}},{"type":"Feature","properties":{"h3":"8830e1cd8bfffff","emd_code":"4145051000","emd_name":"천현동","area_km2":0.5107,"edge":false,"slope_mean":19.6,"elev_mean":161.7,"flood_hist_n":0,"flood_depth_max_m":null,"flood_risk_100y":null,"semi_basement_r":null,"elderly_alone_r":0.1998,"bldg_age30_r":null,"shelter_min_walk":39,"pop":5689,"hh":3168,"elderly65_r":0.3247,"single_hh_r":0.5395,"source_level":"emd","flood_years":[],"landslide_hist_n":0},"geometry":{"type":"Polygon","coordinates":[[[127.23612,37.48262],[127.23562,37.48698],[127.23141,37.48894],[127.2277,37.48655],[127.2282,37.4822],[127.23241,37.48024],[127.23612,37.48262]]]}},{"type":"Feature","properties":{"h3":"8830e1cd8dfffff","emd_code":"4145051000","emd_name":"천현동","area_km2":0.5105,"edge":true,"slope_mean":16.9,"elev_mean":257.5,"flood_hist_n":0,"flood_depth_max_m":null,"flood_risk_100y":null,"semi_basement_r":null,"elderly_alone_r":0.1998,"bldg_age30_r":null,"shelter_min_walk":40,"pop":5689,"hh":3168,"elderly65_r":0.3247,"single_hh_r":0.5395,"source_level":"emd","flood_years":[],"landslide_hist_n":0},"geometry":{"type":"Polygon","coordinates":[[[127.22499,37.47546],[127.22449,37.47981],[127.22027,37.48178],[127.21656,37.47939],[127.21707,37.47504],[127.22128,37.47307],[127.22499,37.47546]]]}},{"type":"Feature","properties":{"h3":"8830e1cd91fffff","emd_code":"4145051000","emd_name":"천현동","area_km2":0.5109,"edge":false,"slope_mean":18.58,"elev_mean":233.5,"flood_hist_n":0,"flood_depth_max_m":null,"flood_risk_100y":null,"semi_basement_r":null,"elderly_alone_r":0.1998,"bldg_age30_r":null,"shelter_min_walk":37,"pop":5689,"hh":3168,"elderly65_r":0.3247,"single_hh_r":0.5395,"source_level":"emd","flood_years":[],"landslide_hist_n":0},"geometry":{"type":"Polygon","coordinates":[[[127.25198,37.48347],[127.25148,37.48782],[127.24726,37.48979],[127.24355,37.4874],[127.24405,37.48305],[127.24826,37.48108],[127.25198,37.48347]]]}},{"type":"Feature","properties":{"h3":"8830e1cd93fffff","emd_code":"4145051000","emd_name":"천현동","area_km2":0.511,"edge":true,"slope_mean":25.09,"elev_mean":385.7,"flood_hist_n":0,"flood_depth_max_m":null,"flood_risk_100y":null,"semi_basement_r":null,"elderly_alone_r":0.1998,"bldg_age30_r":null,"shelter_min_walk":40,"pop":5689,"hh":3168,"elderly65_r":0.3247,"single_hh_r":0.5395,"source_level":"emd","flood_years":[],"landslide_hist_n":0},"geometry":{"type":"Polygon","coordinates":[[[127.25991,37.48389],[127.25941,37.48824],[127.25519,37.49021],[127.25148,37.48782],[127.25198,37.48347],[127.25619,37.4815],[127.25991,37.48389]]]}},{"type":"Feature","properties":{"h3":"8830e1cd95fffff","emd_code":"4145051000","emd_name":"천현동","area_km2":0.5109,"edge":false,"slope_mean":14.54,"elev_mean":167.9,"flood_hist_n":0,"flood_depth_max_m":null,"flood_risk_100y":null,"semi_basement_r":null,"elderly_alone_r":0.1998,"bldg_age30_r":null,"shelter_min_walk":26,"pop":5689,"hh":3168,"elderly65_r":0.3247,"single_hh_r":0.5395,"source_level":"emd","flood_years":[],"landslide_hist_n":0},"geometry":{"type":"Polygon","coordinates":[[[127.24876,37.47673],[127.24826,37.48108],[127.24405,37.48305],[127.24034,37.48066],[127.24084,37.47631],[127.24505,37.47434],[127.24876,37.47673]]]}},{"type":"Feature","properties":{"h3":"8830e1cd99fffff","emd_code":"4145051000","emd_name":"천현동","area_km2":0.5109,"edge":false,"slope_mean":18.84,"elev_mean":182.5,"flood_hist_n":0,"flood_depth_max_m":null,"flood_risk_100y":null,"semi_basement_r":null,"elderly_alone_r":0.1998,"bldg_age30_r":null,"shelter_min_walk":47,"pop":5689,"hh":3168,"elderly65_r":0.3247,"single_hh_r":0.5395,"source_level":"emd","flood_years":[],"landslide_hist_n":0},"geometry":{"type":"Polygon","coordinates":[[[127.24726,37.48979],[127.24676,37.49414],[127.24255,37.49611],[127.23883,37.49372],[127.23934,37.48937],[127.24355,37.4874],[127.24726,37.48979]]]}},{"type":"Feature","properties":{"h3":"8830e1cd9bfffff","emd_code":"4145051000","emd_name":"천현동","area_km2":0.511,"edge":false,"slope_mean":23.44,"elev_mean":307.1,"flood_hist_n":0,"flood_depth_max_m":null,"flood_risk_100y":null,"semi_basement_r":null,"elderly_alone_r":0.1998,"bldg_age30_r":null,"shelter_min_walk":49,"pop":5689,"hh":3168,"elderly65_r":0.3247,"single_hh_r":0.5395,"source_level":"emd","flood_years":[],"landslide_hist_n":0},"geometry":{"type":"Polygon","coordinates":[[[127.25519,37.49021],[127.25469,37.49456],[127.25048,37.49653],[127.24676,37.49414],[127.24726,37.48979],[127.25148,37.48782],[127.25519,37.49021]]]}},{"type":"Feature","properties":{"h3":"8830e1cd9dfffff","emd_code":"4145051000","emd_name":"천현동","area_km2":0.5108,"edge":false,"slope_mean":13.81,"elev_mean":142.0,"flood_hist_n":0,"flood_depth_max_m":null,"flood_risk_100y":null,"semi_basement_r":null,"elderly_alone_r":0.1998,"bldg_age30_r":null,"shelter_min_walk":37,"pop":5689,"hh":3168,"elderly65_r":0.3247,"single_hh_r":0.5395,"source_level":"emd","flood_years":[],"landslide_hist_n":0},"geometry":{"type":"Polygon","coordinates":[[[127.24405,37.48305],[127.24355,37.4874],[127.23934,37.48937],[127.23562,37.48698],[127.23612,37.48262],[127.24034,37.48066],[127.24405,37.48305]]]}},{"type":"Feature","properties":{"h3":"8830e1cdc1fffff","emd_code":"4145051000","emd_name":"천현동","area_km2":0.5104,"edge":false,"slope_mean":19.59,"elev_mean":293.6,"flood_hist_n":0,"flood_depth_max_m":null,"flood_risk_100y":null,"semi_basement_r":null,"elderly_alone_r":0.1998,"bldg_age30_r":null,"shelter_min_walk":51,"pop":5689,"hh":3168,"elderly65_r":0.3247,"single_hh_r":0.5395,"source_level":"emd","flood_years":[],"landslide_hist_n":0},"geometry":{"type":"Polygon","coordinates":[[[127.21556,37.4881],[127.21506,37.49245],[127.21084,37.49441],[127.20713,37.49202],[127.20764,37.48767],[127.21185,37.48571],[127.21556,37.4881]]]}},{"type":"Feature","properties":{"h3":"8830e1cdc3fffff","emd_code":"4145051000","emd_name":"천현동","area_km2":0.5105,"edge":false,"slope_mean":19.33,"elev_mean":216.4,"flood_hist_n":0,"flood_depth_max_m":null,"flood_risk_100y":null,"semi_basement_r":null,"elderly_alone_r":0.1998,"bldg_age30_r":null,"shelter_min_walk":48,"pop":5689,"hh":3168,"elderly65_r":0.3247,"single_hh_r":0.5395,"source_level":"emd","flood_years":[],"landslide_hist_n":0},"geometry":{"type":"Polygon","coordinates":[[[127.22348,37.48852],[127.22298,37.49287],[127.21877,37.49484],[127.21506,37.49245],[127.21556,37.4881],[127.21977,37.48613],[127.22348,37.48852]]]}},{"type":"Feature","properties":{"h3":"8830e1cdc5fffff","emd_code":"4145051000","emd_name":"천현동","area_km2":0.5104,"edge":false,"slope_mean":18.97,"elev_mean":391.9,"flood_hist_n":0,"flood_depth_max_m":null,"flood_risk_100y":null,"semi_basement_r":null,"elderly_alone_r":0.1998,"bldg_age30_r":null,"shelter_min_walk":59,"pop":5689,"hh":3168,"elderly65_r":0.3247,"single_hh_r":0.5395,"source_level":"emd","flood_years":[],"landslide_hist_n":0},"geometry":{"type":"Polygon","coordinates":[[[127.21235,37.48136],[127.21185,37.48571],[127.20764,37.48767],[127.20393,37.48528],[127.20443,37.48093],[127.20864,37.47897],[127.21235,37.48136]]]}},{"type":"Feature","properties":{"h3":"8830e1cdc7fffff","emd_code":"4145051000","emd_name":"천현동","area_km2":0.5105,"edge":false,"slope_mean":18.48,"elev_mean":290.0,"flood_hist_n":0,"flood_depth_max_m":null,"flood_risk_100y":null,"semi_basement_r":null,"elderly_alone_r":0.1998,"bldg_age30_r":null,"shelter_min_walk":51,"pop":5689,"hh":3168,"elderly65_r":0.3247,"single_hh_r":0.5395,"source_level":"emd","flood_years":[],"landslide_hist_n":0},"geometry":{"type":"Polygon","coordinates":[[[127.22027,37.48178],[127.21977,37.48613],[127.21556,37.4881],[127.21185,37.48571],[127.21235,37.48136],[127.21656,37.47939],[127.22027,37.48178]]]}},{"type":"Feature","properties":{"h3":"8830e1cdc9fffff","emd_code":"4145051000","emd_name":"천현동","area_km2":0.5104,"edge":false,"slope_mean":21.17,"elev_mean":259.0,"flood_hist_n":0,"flood_depth_max_m":null,"flood_risk_100y":null,"semi_basement_r":null,"elderly_alone_r":0.1998,"bldg_age30_r":null,"shelter_min_walk":44,"pop":5689,"hh":3168,"elderly65_r":0.3247,"single_hh_r":0.5395,"source_level":"emd","flood_years":[],"landslide_hist_n":0},"geometry":{"type":"Polygon","coordinates":[[[127.21084,37.49441],[127.21034,37.49876],[127.20613,37.50073],[127.20242,37.49834],[127.20292,37.49399],[127.20713,37.49202],[127.21084,37.49441]]]}},{"type":"Feature","properties":{"h3":"8830e1cdcbfffff","emd_code":"4145051000","emd_name":"천현동","area_km2":0.5105,"edge":false,"slope_mean":21.21,"elev_mean":200.0,"flood_hist_n":0,"flood_depth_max_m":null,"flood_risk_100y":null,"semi_basement_r":null,"elderly_alone_r":0.1998,"bldg_age30_r":null,"shelter_min_walk":39,"pop":5689,"hh":3168,"elderly65_r":0.3247,"single_hh_r":0.5395,"source_level":"emd","flood_years":[],"landslide_hist_n":0},"geometry":{"type":"Polygon","coordinates":[[[127.21877,37.49484],[127.21827,37.49919],[127.21405,37.50115],[127.21034,37.49876],[127.21084,37.49441],[127.21506,37.49245],[127.21877,37.49484]]]}},{"type":"Feature","properties":{"h3":"8830e1cdcdfffff","emd_code":"4145059000","emd_name":"춘궁동","area_km2":0.5103,"edge":false,"slope_mean":21.36,"elev_mean":363.3,"flood_hist_n":0,"flood_depth_max_m":null,"flood_risk_100y":null,"semi_basement_r":null,"elderly_alone_r":0.232,"bldg_age30_r":null,"shelter_min_walk":55,"pop":712,"hh":487,"elderly65_r":0.3329,"single_hh_r":0.729,"source_level":"emd","flood_years":[],"landslide_hist_n":0},"geometry":{"type":"Polygon","coordinates":[[[127.20764,37.48767],[127.20713,37.49202],[127.20292,37.49399],[127.19921,37.4916],[127.19972,37.48725],[127.20393,37.48528],[127.20764,37.48767]]]}},{"type":"Feature","properties":{"h3":"8830e1cdd1fffff","emd_code":"4145051000","emd_name":"천현동","area_km2":0.5107,"edge":false,"slope_mean":11.51,"elev_mean":91.2,"flood_hist_n":0,"flood_depth_max_m":null,"flood_risk_100y":null,"semi_basement_r":null,"elderly_alone_r":0.1998,"bldg_age30_r":null,"shelter_min_walk":37,"pop":5689,"hh":3168,"elderly65_r":0.3247,"single_hh_r":0.5395,"source_level":"emd","flood_years":[],"landslide_hist_n":0},"geometry":{"type":"Polygon","coordinates":[[[127.23462,37.49568],[127.23412,37.50004],[127.22991,37.502],[127.22619,37.49961],[127.22669,37.49526],[127.23091,37.4933],[127.23462,37.49568]]]}},{"type":"Feature","properties":{"h3":"8830e1cdd3fffff","emd_code":"4145051000","emd_name":"천현동","area_km2":0.5108,"edge":false,"slope_mean":16.61,"elev_mean":149.1,"flood_hist_n":0,"flood_depth_max_m":null,"flood_risk_100y":null,"semi_basement_r":null,"elderly_alone_r":0.1998,"bldg_age30_r":null,"shelter_min_walk":40,"pop":5689,"hh":3168,"elderly65_r":0.3247,"single_hh_r":0.5395,"source_level":"emd","flood_years":[],"landslide_hist_n":0},"geometry":{"type":"Polygon","coordinates":[[[127.24255,37.49611],[127.24205,37.50046],[127.23783,37.50243],[127.23412,37.50004],[127.23462,37.49568],[127.23883,37.49372],[127.24255,37.49611]]]}},{"type":"Feature","properties":{"h3":"8830e1cdd5fffff","emd_code":"4145051000","emd_name":"천현동","area_km2":0.5107,"edge":false,"slope_mean":18.13,"elev_mean":147.8,"flood_hist_n":0,"flood_depth_max_m":null,"flood_risk_100y":null,"semi_basement_r":null,"elderly_alone_r":0.1998,"bldg_age30_r":null,"shelter_min_walk":47,"pop":5689,"hh":3168,"elderly65_r":0.3247,"single_hh_r":0.5395,"source_level":"emd","flood_years":[],"landslide_hist_n":0},"geometry":{"type":"Polygon","coordinates":[[[127.23141,37.48894],[127.23091,37.4933],[127.22669,37.49526],[127.22298,37.49287],[127.22348,37.48852],[127.2277,37.48655],[127.23141,37.48894]]]}},{"type":"Feature","properties":{"h3":"8830e1cdd7fffff","emd_code":"4145051000","emd_name":"천현동","area_km2":0.5108,"edge":false,"slope_mean":8.82,"elev_mean":102.4,"flood_hist_n":0,"flood_depth_max_m":null,"flood_risk_100y":null,"semi_basement_r":null,"elderly_alone_r":0.1998,"bldg_age30_r":null,"shelter_min_walk":48,"pop":5689,"hh":3168,"elderly65_r":0.3247,"single_hh_r":0.5395,"source_level":"emd","flood_years":[],"landslide_hist_n":0},"geometry":{"type":"Polygon","coordinates":[[[127.23934,37.48937],[127.23883,37.49372],[127.23462,37.49568],[127.23091,37.4933],[127.23141,37.48894],[127.23562,37.48698],[127.23934,37.48937]]]}},{"type":"Feature","properties":{"h3":"8830e1cdd9fffff","emd_code":"4145051000","emd_name":"천현동","area_km2":0.5107,"edge":false,"slope_mean":18.32,"elev_mean":114.6,"flood_hist_n":0,"flood_depth_max_m":null,"flood_risk_100y":null,"semi_basement_r":null,"elderly_alone_r":0.1998,"bldg_age30_r":null,"shelter_min_walk":25,"pop":5689,"hh":3168,"elderly65_r":0.3247,"single_hh_r":0.5395,"source_level":"emd","flood_years":[],"landslide_hist_n":0},"geometry":{"type":"Polygon","coordinates":[[[127.22991,37.502],[127.2294,37.50636],[127.22519,37.50832],[127.22148,37.50593],[127.22198,37.50158],[127.22619,37.49961],[127.22991,37.502]]]}},{"type":"Feature","properties":{"h3":"8830e1cddbfffff","emd_code":"4145051000","emd_name":"천현동","area_km2":0.5108,"edge":false,"slope_mean":12.04,"elev_mean":108.5,"flood_hist_n":0,"flood_depth_max_m":null,"flood_risk_100y":null,"semi_basement_r":null,"elderly_alone_r":0.1998,"bldg_age30_r":null,"shelter_min_walk":28,"pop":5689,"hh":3168,"elderly65_r":0.3247,"single_hh_r":0.5395,"source_level":"emd","flood_years":[],"landslide_hist_n":0},"geometry":{"type":"Polygon","coordinates":[[[127.23783,37.50243],[127.23733,37.50678],[127.23312,37.50874],[127.2294,37.50636],[127.22991,37.502],[127.23412,37.50004],[127.23783,37.50243]]]}},{"type":"Feature","properties":{"h3":"8830e1cdddfffff","emd_code":"4145051000","emd_name":"천현동","area_km2":0.5106,"edge":false,"slope_mean":20.02,"elev_mean":143.7,"flood_hist_n":0,"flood_depth_max_m":null,"flood_risk_100y":null,"semi_basement_r":null,"elderly_alone_r":0.1998,"bldg_age30_r":null,"shelter_min_walk":37,"pop":5689,"hh":3168,"elderly65_r":0.3247,"single_hh_r":0.5395,"source_level":"emd","flood_years":[],"landslide_hist_n":0},"geometry":{"type":"Polygon","coordinates":[[[127.22669,37.49526],[127.22619,37.49961],[127.22198,37.50158],[127.21827,37.49919],[127.21877,37.49484],[127.22298,37.49287],[127.22669,37.49526]]]}},{"type":"Feature","properties":{"h3":"8830e1ce11fffff","emd_code":"4145062000","emd_name":"미사2동","area_km2":0.5102,"edge":false,"slope_mean":2.48,"elev_mean":21.5,"flood_hist_n":0,"flood_depth_max_m":null,"flood_risk_100y":null,"semi_basement_r":null,"elderly_alone_r":0.1136,"bldg_age30_r":null,"shelter_min_walk":1,"pop":46299,"hh":18401,"elderly65_r":0.1556,"single_hh_r":0.2831,"source_level":"emd","flood_years":[],"landslide_hist_n":0},"geometry":{"type":"Polygon","coordinates":[[[127.18593,37.57189],[127.18543,37.57625],[127.18121,37.57821],[127.1775,37.57581],[127.178,37.57146],[127.18222,37.5695],[127.18593,37.57189]]]}},{"type":"Feature","properties":{"h3":"8830e1ce13fffff","emd_code":"4145062000","emd_name":"미사2동","area_km2":0.5104,"edge":false,"slope_mean":2.94,"elev_mean":23.9,"flood_hist_n":0,"flood_depth_max_m":null,"flood_risk_100y":null,"semi_basement_r":null,"elderly_alone_r":0.1136,"bldg_age30_r":null,"shelter_min_walk":4,"pop":46299,"hh":18401,"elderly65_r":0.1556,"single_hh_r":0.2831,"source_level":"emd","flood_years":[],"landslide_hist_n":0},"geometry":{"type":"Polygon","coordinates":[[[127.19386,37.57233],[127.19336,37.57668],[127.18914,37.57864],[127.18543,37.57625],[127.18593,37.57189],[127.19015,37.56993],[127.19386,37.57233]]]}},{"type":"Feature","properties":{"h3":"8830e1ce15fffff","emd_code":"4145062000","emd_name":"미사2동","area_km2":0.5102,"edge":true,"slope_mean":3.37,"elev_mean":22.1,"flood_hist_n":0,"flood_depth_max_m":null,"flood_risk_100y":null,"semi_basement_r":null,"elderly_alone_r":0.1136,"bldg_age30_r":null,"shelter_min_walk":5,"pop":46299,"hh":18401,"elderly65_r":0.1556,"single_hh_r":0.2831,"source_level":"emd","flood_years":[],"landslide_hist_n":0},"geometry":{"type":"Polygon","coordinates":[[[127.18272,37.56515],[127.18222,37.5695],[127.178,37.57146],[127.17429,37.56907],[127.1748,37.56472],[127.17901,37.56276],[127.18272,37.56515]]]}},{"type":"Feature","properties":{"h3":"8830e1ce17fffff","emd_code":"4145062000","emd_name":"미사2동","area_km2":0.5103,"edge":false,"slope_mean":1.97,"elev_mean":20.5,"flood_hist_n":0,"flood_depth_max_m":null,"flood_risk_100y":null,"semi_basement_r":null,"elderly_alone_r":0.1136,"bldg_age30_r":null,"shelter_min_walk":1,"pop":46299,"hh":18401,"elderly65_r":0.1556,"single_hh_r":0.2831,"source_level":"emd","flood_years":[],"landslide_hist_n":0},"geometry":{"type":"Polygon","coordinates":[[[127.19065,37.56558],[127.19015,37.56993],[127.18593,37.57189],[127.18222,37.5695],[127.18272,37.56515],[127.18694,37.56319],[127.19065,37.56558]]]}},{"type":"Feature","properties":{"h3":"8830e1ce19fffff","emd_code":"4145062000","emd_name":"미사2동","area_km2":0.5102,"edge":false,"slope_mean":2.39,"elev_mean":14.1,"flood_hist_n":0,"flood_depth_max_m":null,"flood_risk_100y":null,"semi_basement_r":null,"elderly_alone_r":0.1136,"bldg_age30_r":null,"shelter_min_walk":8,"pop":46299,"hh":18401,"elderly65_r":0.1556,"single_hh_r":0.2831,"source_level":"emd","flood_years":[],"landslide_hist_n":0},"geometry":{"type":"Polygon","coordinates":[[[127.18121,37.57821],[127.18071,37.58256],[127.17649,37.58452],[127.17278,37.58213],[127.17328,37.57777],[127.1775,37.57581],[127.18121,37.57821]]]}},{"type":"Feature","properties":{"h3":"8830e1ce1bfffff","emd_code":"4145062000","emd_name":"미사2동","area_km2":0.5103,"edge":false,"slope_mean":2.9,"elev_mean":18.4,"flood_hist_n":0,"flood_depth_max_m":null,"flood_risk_100y":null,"semi_basement_r":null,"elderly_alone_r":0.1136,"bldg_age30_r":null,"shelter_min_walk":7,"pop":46299,"hh":18401,"elderly65_r":0.1556,"single_hh_r":0.2831,"source_level":"emd","flood_years":[],"landslide_hist_n":0},"geometry":{"type":"Polygon","coordinates":[[[127.18914,37.57864],[127.18864,37.58299],[127.18442,37.58495],[127.18071,37.58256],[127.18121,37.57821],[127.18543,37.57625],[127.18914,37.57864]]]}},{"type":"Feature","properties":{"h3":"8830e1ce1dfffff","emd_code":"4145062000","emd_name":"미사2동","area_km2":0.5101,"edge":true,"slope_mean":2.06,"elev_mean":19.6,"flood_hist_n":0,"flood_depth_max_m":null,"flood_risk_100y":null,"semi_basement_r":null,"elderly_alone_r":0.1136,"bldg_age30_r":null,"shelter_min_walk":5,"pop":46299,"hh":18401,"elderly65_r":0.1556,"single_hh_r":0.2831,"source_level":"emd","flood_years":[],"landslide_hist_n":0},"geometry":{"type":"Polygon","coordinates":[[[127.178,37.57146],[127.1775,37.57581],[127.17328,37.57777],[127.16957,37.57538],[127.17008,37.57103],[127.17429,37.56907],[127.178,37.57146]]]}},{"type":"Feature","properties":{"h3":"8830e1ce21fffff","emd_code":"4145060000","emd_name":"초이동","area_km2":0.5099,"edge":true,"slope_mean":9.1,"elev_mean":51.0,"flood_hist_n":0,"flood_depth_max_m":null,"flood_risk_100y":null,"semi_basement_r":null,"elderly_alone_r":0.2091,"bldg_age30_r":null,"shelter_min_walk":15,"pop":2858,"hh":1669,"elderly65_r":0.302,"single_hh_r":0.5884,"source_level":"emd","flood_years":[],"landslide_hist_n":0},"geometry":{"type":"Polygon","coordinates":[[[127.16518,37.54449],[127.16468,37.54884],[127.16046,37.5508],[127.15676,37.54841],[127.15726,37.54406],[127.16148,37.5421],[127.16518,37.54449]]]}},{"type":"Feature","properties":{"h3":"8830e1ce23fffff","emd_code":"4145060000","emd_name":"초이동","area_km2":0.51,"edge":true,"slope_mean":5.7,"elev_mean":35.8,"flood_hist_n":0,"flood_depth_max_m":null,"flood_risk_100y":null,"semi_basement_r":null,"elderly_alone_r":0.2091,"bldg_age30_r":null,"shelter_min_walk":7,"pop":2858,"hh":1669,"elderly65_r":0.302,"single_hh_r":0.5884,"source_level":"emd","flood_years":[],"landslide_hist_n":0},"geometry":{"type":"Polygon","coordinates":[[[127.17311,37.54492],[127.1726,37.54927],[127.16839,37.55123],[127.16468,37.54884],[127.16518,37.54449],[127.1694,37.54253],[127.17311,37.54492]]]}},{"type":"Feature","properties":{"h3":"8830e1ce25fffff","emd_code":"4145060000","emd_name":"초이동","area_km2":0.5098,"edge":true,"slope_mean":10.46,"elev_mean":61.2,"flood_hist_n":0,"flood_depth_max_m":null,"flood_risk_100y":null,"semi_basement_r":null,"elderly_alone_r":0.2091,"bldg_age30_r":null,"shelter_min_walk":20,"pop":2858,"hh":1669,"elderly65_r":0.302,"single_hh_r":0.5884,"source_level":"emd","flood_years":[],"landslide_hist_n":0},"geometry":{"type":"Polygon","coordinates":[[[127.16198,37.53775],[127.16148,37.5421],[127.15726,37.54406],[127.15355,37.54167],[127.15406,37.53732],[127.15827,37.53536],[127.16198,37.53775]]]}},{"type":"Feature","properties":{"h3":"8830e1ce27fffff","emd_code":"4145060000","emd_name":"초이동","area_km2":0.5099,"edge":false,"slope_mean":11.09,"elev_mean":58.7,"flood_hist_n":0,"flood_depth_max_m":null,"flood_risk_100y":null,"semi_basement_r":null,"elderly_alone_r":0.2091,"bldg_age30_r":null,"shelter_min_walk":10,"pop":2858,"hh":1669,"elderly65_r":0.302,"single_hh_r":0.5884,"source_level":"emd","flood_years":[],"landslide_hist_n":0},"geometry":{"type":"Polygon","coordinates":[[[127.1699,37.53818],[127.1694,37.54253],[127.16518,37.54449],[127.16148,37.5421],[127.16198,37.53775],[127.16619,37.53579],[127.1699,37.53818]]]}},{"type":"Feature","properties":{"h3":"8830e1ce31fffff","emd_code":"4145063000","emd_name":"미사3동","area_km2":0.5102,"edge":true,"slope_mean":4.53,"elev_mean":30.7,"flood_hist_n":0,"flood_depth_max_m":null,"flood_risk_100y":null,"semi_basement_r":null,"elderly_alone_r":0.0484,"bldg_age30_r":null,"shelter_min_walk":5,"pop":29455,"hh":11043,"elderly65_r":0.1285,"single_hh_r":0.2472,"source_level":"emd","flood_years":[],"landslide_hist_n":0},"geometry":{"type":"Polygon","coordinates":[[[127.18424,37.5521],[127.18373,37.55645],[127.17952,37.55841],[127.17581,37.55602],[127.17631,37.55166],[127.18053,37.5497],[127.18424,37.5521]]]}},{"type":"Feature","properties":{"h3":"8830e1ce33fffff","emd_code":"4145063000","emd_name":"미사3동","area_km2":0.5103,"edge":false,"slope_mean":4.1,"elev_mean":27.9,"flood_hist_n":0,"flood_depth_max_m":null,"flood_risk_100y":null,"semi_basement_r":null,"elderly_alone_r":0.0484,"bldg_age30_r":null,"shelter_min_walk":6,"pop":29455,"hh":11043,"elderly65_r":0.1285,"single_hh_r":0.2472,"source_level":"emd","flood_years":[],"landslide_hist_n":0},"geometry":{"type":"Polygon","coordinates":[[[127.19216,37.55253],[127.19166,37.55688],[127.18744,37.55884],[127.18373,37.55645],[127.18424,37.5521],[127.18845,37.55014],[127.19216,37.55253]]]}},{"type":"Feature","properties":{"h3":"8830e1ce35fffff","emd_code":"4145060000","emd_name":"초이동","area_km2":0.5101,"edge":true,"slope_mean":4.6,"elev_mean":27.9,"flood_hist_n":0,"flood_depth_max_m":null,"flood_risk_100y":null,"semi_basement_r":null,"elderly_alone_r":0.2091,"bldg_age30_r":null,"shelter_min_walk":9,"pop":2858,"hh":1669,"elderly65_r":0.302,"single_hh_r":0.5884,"source_level":"emd","flood_years":[],"landslide_hist_n":0},"geometry":{"type":"Polygon","coordinates":[[[127.18103,37.54535],[127.18053,37.5497],[127.17631,37.55166],[127.1726,37.54927],[127.17311,37.54492],[127.17732,37.54296],[127.18103,37.54535]]]}},{"type":"Feature","properties":{"h3":"8830e1ce37fffff","emd_code":"4145063000","emd_name":"미사3동","area_km2":0.5102,"edge":false,"slope_mean":5.07,"elev_mean":36.1,"flood_hist_n":0,"flood_depth_max_m":null,"flood_risk_100y":null,"semi_basement_r":null,"elderly_alone_r":0.0484,"bldg_age30_r":null,"shelter_min_walk":11,"pop":29455,"hh":11043,"elderly65_r":0.1285,"single_hh_r":0.2472,"source_level":"emd","flood_years":[],"landslide_hist_n":0},"geometry":{"type":"Polygon","coordinates":[[[127.18896,37.54578],[127.18845,37.55014],[127.18424,37.5521],[127.18053,37.5497],[127.18103,37.54535],[127.18525,37.54339],[127.18896,37.54578]]]}},{"type":"Feature","properties":{"h3":"8830e1ce3bfffff","emd_code":"4145061000","emd_name":"미사1동","area_km2":0.5102,"edge":false,"slope_mean":3.1,"elev_mean":24.6,"flood_hist_n":0,"flood_depth_max_m":null,"flood_risk_100y":null,"semi_basement_r":null,"elderly_alone_r":0.0554,"bldg_age30_r":null,"shelter_min_walk":2,"pop":54173,"hh":28281,"elderly65_r":0.1116,"single_hh_r":0.5427,"source_level":"emd","flood_years":[],"landslide_hist_n":0},"geometry":{"type":"Polygon","coordinates":[[[127.18744,37.55884],[127.18694,37.56319],[127.18272,37.56515],[127.17901,37.56276],[127.17952,37.55841],[127.18373,37.55645],[127.18744,37.55884]]]}},{"type":"Feature","properties":{"h3":"8830e1ce53fffff","emd_code":"4145062000","emd_name":"미사2동","area_km2":0.5101,"edge":true,"slope_mean":6.17,"elev_mean":23.1,"flood_hist_n":0,"flood_depth_max_m":null,"flood_risk_100y":null,"semi_basement_r":null,"elderly_alone_r":0.1136,"bldg_age30_r":null,"shelter_min_walk":20,"pop":46299,"hh":18401,"elderly65_r":0.1556,"single_hh_r":0.2831,"source_level":"emd","flood_years":[],"landslide_hist_n":0},"geometry":{"type":"Polygon","coordinates":[[[127.17649,37.58452],[127.17598,37.58887],[127.17177,37.59083],[127.16805,37.58844],[127.16856,37.58408],[127.17278,37.58213],[127.17649,37.58452]]]}},{"type":"Feature","properties":{"h3":"8830e1ce57fffff","emd_code":"4145062000","emd_name":"미사2동","area_km2":0.5101,"edge":true,"slope_mean":1.92,"elev_mean":10.4,"flood_hist_n":0,"flood_depth_max_m":null,"flood_risk_100y":null,"semi_basement_r":null,"elderly_alone_r":0.1136,"bldg_age30_r":null,"shelter_min_walk":13,"pop":46299,"hh":18401,"elderly65_r":0.1556,"single_hh_r":0.2831,"source_level":"emd","flood_years":[],"landslide_hist_n":0},"geometry":{"type":"Polygon","coordinates":[[[127.17328,37.57777],[127.17278,37.58213],[127.16856,37.58408],[127.16485,37.58169],[127.16535,37.57734],[127.16957,37.57538],[127.17328,37.57777]]]}},{"type":"Feature","properties":{"h3":"8830e1ce81fffff","emd_code":"4145061000","emd_name":"미사1동","area_km2":0.5107,"edge":false,"slope_mean":0.46,"elev_mean":5.8,"flood_hist_n":0,"flood_depth_max_m":null,"flood_risk_100y":null,"semi_basement_r":null,"elderly_alone_r":0.0554,"bldg_age30_r":null,"shelter_min_walk":15,"pop":54173,"hh":28281,"elderly65_r":0.1116,"single_hh_r":0.5427,"source_level":"emd","flood_years":[],"landslide_hist_n":0},"geometry":{"type":"Polygon","coordinates":[[[127.22238,37.5673],[127.22187,37.57166],[127.21766,37.57362],[127.21394,37.57123],[127.21444,37.56687],[127.21866,37.56491],[127.22238,37.5673]]]}},{"type":"Feature","properties":{"h3":"8830e1ce85fffff","emd_code":"4145061000","emd_name":"미사1동","area_km2":0.5107,"edge":false,"slope_mean":2.48,"elev_mean":14.6,"flood_hist_n":0,"flood_depth_max_m":null,"flood_risk_100y":null,"semi_basement_r":null,"elderly_alone_r":0.0554,"bldg_age30_r":null,"shelter_min_walk":20,"pop":54173,"hh":28281,"elderly65_r":0.1116,"single_hh_r":0.5427,"source_level":"emd","flood_years":[],"landslide_hist_n":0},"geometry":{"type":"Polygon","coordinates":[[[127.21916,37.56056],[127.21866,37.56491],[127.21444,37.56687],[127.21073,37.56448],[127.21123,37.56013],[127.21545,37.55817],[127.21916,37.56056]]]}},{"type":"Feature","properties":{"h3":"8830e1ce87fffff","emd_code":"4145053000","emd_name":"신장2동","area_km2":0.5108,"edge":false,"slope_mean":0.9,"elev_mean":6.1,"flood_hist_n":0,"flood_depth_max_m":null,"flood_risk_100y":null,"semi_basement_r":null,"elderly_alone_r":0.1026,"bldg_age30_r":null,"shelter_min_walk":25,"pop":44702,"hh":18740,"elderly65_r":0.2431,"single_hh_r":0.2837,"source_level":"emd","flood_years":[],"landslide_hist_n":0},"geometry":{"type":"Polygon","coordinates":[[[127.2271,37.56099],[127.2266,37.56534],[127.22238,37.5673],[127.21866,37.56491],[127.21916,37.56056],[127.22338,37.5586],[127.2271,37.56099]]]}},{"type":"Feature","properties":{"h3":"8830e1ce89fffff","emd_code":"4145061000","emd_name":"미사1동","area_km2":0.5107,"edge":false,"slope_mean":2.27,"elev_mean":9.7,"flood_hist_n":0,"flood_depth_max_m":null,"flood_risk_100y":null,"semi_basement_r":null,"elderly_alone_r":0.0554,"bldg_age30_r":null,"shelter_min_walk":10,"pop":54173,"hh":28281,"elderly65_r":0.1116,"single_hh_r":0.5427,"source_level":"emd","flood_years":[],"landslide_hist_n":0},"geometry":{"type":"Polygon","coordinates":[[[127.21766,37.57362],[127.21715,37.57797],[127.21294,37.57993],[127.20922,37.57754],[127.20972,37.57319],[127.21394,37.57123],[127.21766,37.57362]]]}},{"type":"Feature","properties":{"h3":"8830e1ce8bfffff","emd_code":"4145061000","emd_name":"미사1동","area_km2":0.5108,"edge":true,"slope_mean":5.85,"elev_mean":21.3,"flood_hist_n":0,"flood_depth_max_m":null,"flood_risk_100y":null,"semi_basement_r":null,"elderly_alone_r":0.0554,"bldg_age30_r":null,"shelter_min_walk":3,"pop":54173,"hh":28281,"elderly65_r":0.1116,"single_hh_r":0.5427,"source_level":"emd","flood_years":[],"landslide_hist_n":0},"geometry":{"type":"Polygon","coordinates":[[[127.22559,37.57405],[127.22509,37.5784],[127.22087,37.58036],[127.21715,37.57797],[127.21766,37.57362],[127.22187,37.57166],[127.22559,37.57405]]]}},{"type":"Feature","properties":{"h3":"8830e1ce8dfffff","emd_code":"4145061000","emd_name":"미사1동","area_km2":0.5106,"edge":false,"slope_mean":1.91,"elev_mean":15.3,"flood_hist_n":1,"flood_depth_max_m":0.353,"flood_risk_100y":null,"semi_basement_r":null,"elderly_alone_r":0.0554,"bldg_age30_r":null,"shelter_min_walk":18,"pop":54173,"hh":28281,"elderly65_r":0.1116,"single_hh_r":0.5427,"source_level":"emd","flood_years":[2020],"landslide_hist_n":0},"geometry":{"type":"Polygon","coordinates":[[[127.21444,37.56687],[127.21394,37.57123],[127.20972,37.57319],[127.20601,37.5708],[127.20651,37.56644],[127.21073,37.56448],[127.21444,37.56687]]]}},{"type":"Feature","properties":{"h3":"8830e1cea1fffff","emd_code":"4145053000","emd_name":"신장2동","area_km2":0.5107,"edge":false,"slope_mean":3.54,"elev_mean":19.4,"flood_hist_n":0,"flood_depth_max_m":null,"flood_risk_100y":null,"semi_basement_r":null,"elderly_alone_r":0.1026,"bldg_age30_r":null,"shelter_min_walk":6,"pop":44702,"hh":18740,"elderly65_r":0.2431,"single_hh_r":0.2837,"source_level":"emd","flood_years":[],"landslide_hist_n":0},"geometry":{"type":"Polygon","coordinates":[[[127.22067,37.5475],[127.22017,37.55185],[127.21595,37.55381],[127.21224,37.55142],[127.21274,37.54707],[127.21696,37.54511],[127.22067,37.5475]]]}},{"type":"Feature","properties":{"h3":"8830e1cea3fffff","emd_code":"4145061000","emd_name":"미사1동","area_km2":0.5108,"edge":false,"slope_mean":2.37,"elev_mean":13.7,"flood_hist_n":0,"flood_depth_max_m":null,"flood_risk_100y":null,"semi_basement_r":null,"elderly_alone_r":0.0554,"bldg_age30_r":null,"shelter_min_walk":11,"pop":54173,"hh":28281,"elderly65_r":0.1116,"single_hh_r":0.5427,"source_level":"emd","flood_years":[],"landslide_hist_n":0},"geometry":{"type":"Polygon","coordinates":[[[127.2286,37.54793],[127.2281,37.55228],[127.22388,37.55424],[127.22017,37.55185],[127.22067,37.5475],[127.22489,37.54554],[127.2286,37.54793]]]}},{"type":"Feature","properties":{"h3":"8830e1cea5fffff","emd_code":"4145053000","emd_name":"신장2동","area_km2":0.5106,"edge":false,"slope_mean":4.4,"elev_mean":24.8,"flood_hist_n":0,"flood_depth_max_m":null,"flood_risk_100y":null,"semi_basement_r":null,"elderly_alone_r":0.1026,"bldg_age30_r":null,"shelter_min_walk":1,"pop":44702,"hh":18740,"elderly65_r":0.2431,"single_hh_r":0.2837,"source_level":"emd","flood_years":[],"landslide_hist_n":0},"geometry":{"type":"Polygon","coordinates":[[[127.21746,37.54076],[127.21696,37.54511],[127.21274,37.54707],[127.20903,37.54468],[127.20953,37.54033],[127.21375,37.53836],[127.21746,37.54076]]]}},{"type":"Feature","properties":{"h3":"8830e1cea7fffff","emd_code":"4145053000","emd_name":"신장2동","area_km2":0.5107,"edge":false,"slope_mean":4.18,"elev_mean":23.5,"flood_hist_n":0,"flood_depth_max_m":null,"flood_risk_100y":null,"semi_basement_r":null,"elderly_alone_r":0.1026,"bldg_age30_r":null,"shelter_min_walk":3,"pop":44702,"hh":18740,"elderly65_r":0.2431,"single_hh_r":0.2837,"source_level":"emd","flood_years":[],"landslide_hist_n":0},"geometry":{"type":"Polygon","coordinates":[[[127.22539,37.54118],[127.22489,37.54554],[127.22067,37.5475],[127.21696,37.54511],[127.21746,37.54076],[127.22168,37.53879],[127.22539,37.54118]]]}},{"type":"Feature","properties":{"h3":"8830e1cea9fffff","emd_code":"4145061000","emd_name":"미사1동","area_km2":0.5106,"edge":false,"slope_mean":3.85,"elev_mean":18.0,"flood_hist_n":0,"flood_depth_max_m":null,"flood_risk_100y":null,"semi_basement_r":null,"elderly_alone_r":0.0554,"bldg_age30_r":null,"shelter_min_walk":8,"pop":54173,"hh":28281,"elderly65_r":0.1116,"single_hh_r":0.5427,"source_level":"emd","flood_years":[],"landslide_hist_n":0},"geometry":{"type":"Polygon","coordinates":[[[127.21595,37.55381],[127.21545,37.55817],[127.21123,37.56013],[127.20752,37.55774],[127.20802,37.55339],[127.21224,37.55142],[127.21595,37.55381]]]}},{"type":"Feature","properties":{"h3":"8830e1ceabfffff","emd_code":"4145053000","emd_name":"신장2동","area_km2":0.5107,"edge":false,"slope_mean":2.52,"elev_mean":11.8,"flood_hist_n":0,"flood_depth_max_m":null,"flood_risk_100y":null,"semi_basement_r":null,"elderly_alone_r":0.1026,"bldg_age30_r":null,"shelter_min_walk":16,"pop":44702,"hh":18740,"elderly65_r":0.2431,"single_hh_r":0.2837,"source_level":"emd","flood_years":[],"landslide_hist_n":0},"geometry":{"type":"Polygon","coordinates":[[[127.22388,37.55424],[127.22338,37.5586],[127.21916,37.56056],[127.21545,37.55817],[127.21595,37.55381],[127.22017,37.55185],[127.22388,37.55424]]]}},{"type":"Feature","properties":{"h3":"8830e1ceadfffff","emd_code":"4145056000","emd_name":"덕풍3동","area_km2":0.5106,"edge":false,"slope_mean":5.28,"elev_mean":27.3,"flood_hist_n":0,"flood_depth_max_m":null,"flood_risk_100y":null,"semi_basement_r":null,"elderly_alone_r":0.1008,"bldg_age30_r":null,"shelter_min_walk":3,"pop":27474,"hh":11775,"elderly65_r":0.2183,"single_hh_r":0.3168,"source_level":"emd","flood_years":[],"landslide_hist_n":0},"geometry":{"type":"Polygon","coordinates":[[[127.21274,37.54707],[127.21224,37.55142],[127.20802,37.55339],[127.20431,37.55099],[127.20481,37.54664],[127.20903,37.54468],[127.21274,37.54707]]]}},{"type":"Feature","properties":{"h3":"8830e1ceb1fffff","emd_code":"4145053000","emd_name":"신장2동","area_km2":0.5109,"edge":true,"slope_mean":5.7,"elev_mean":23.2,"flood_hist_n":0,"flood_depth_max_m":null,"flood_risk_100y":null,"semi_basement_r":null,"elderly_alone_r":0.1026,"bldg_age30_r":null,"shelter_min_walk":30,"pop":44702,"hh":18740,"elderly65_r":0.2431,"single_hh_r":0.2837,"source_level":"emd","flood_years":[],"landslide_hist_n":0},"geometry":{"type":"Polygon","coordinates":[[[127.23975,37.5551],[127.23925,37.55945],[127.23503,37.56142],[127.23132,37.55903],[127.23182,37.55467],[127.23603,37.55271],[127.23975,37.5551]]]}},{"type":"Feature","properties":{"h3":"8830e1ceb5fffff","emd_code":"4145053000","emd_name":"신장2동","area_km2":0.5109,"edge":false,"slope_mean":0.89,"elev_mean":6.6,"flood_hist_n":0,"flood_depth_max_m":null,"flood_risk_100y":null,"semi_basement_r":null,"elderly_alone_r":0.1026,"bldg_age30_r":null,"shelter_min_walk":19,"pop":44702,"hh":18740,"elderly65_r":0.2431,"single_hh_r":0.2837,"source_level":"emd","flood_years":[],"landslide_hist_n":0},"geometry":{"type":"Polygon","coordinates":[[[127.23654,37.54835],[127.23603,37.55271],[127.23182,37.55467],[127.2281,37.55228],[127.2286,37.54793],[127.23282,37.54596],[127.23654,37.54835]]]}},{"type":"Feature","properties":{"h3":"8830e1ceb7fffff","emd_code":"4145051000","emd_name":"천현동","area_km2":0.511,"edge":true,"slope_mean":8.11,"elev_mean":35.3,"flood_hist_n":0,"flood_depth_max_m":null,"flood_risk_100y":null,"semi_basement_r":null,"elderly_alone_r":0.1998,"bldg_age30_r":null,"shelter_min_walk":24,"pop":5689,"hh":3168,"elderly65_r":0.3247,"single_hh_r":0.5395,"source_level":"emd","flood_years":[],"landslide_hist_n":0},"geometry":{"type":"Polygon","coordinates":[[[127.24447,37.54878],[127.24397,37.55314],[127.23975,37.5551],[127.23603,37.55271],[127.23654,37.54835],[127.24075,37.54639],[127.24447,37.54878]]]}},{"type":"Feature","properties":{"h3":"8830e1ceb9fffff","emd_code":"4145053000","emd_name":"신장2동","area_km2":0.5109,"edge":true,"slope_mean":5.12,"elev_mean":20.7,"flood_hist_n":0,"flood_depth_max_m":null,"flood_risk_100y":null,"semi_basement_r":null,"elderly_alone_r":0.1026,"bldg_age30_r":null,"shelter_min_walk":25,"pop":44702,"hh":18740,"elderly65_r":0.2431,"single_hh_r":0.2837,"source_level":"emd","flood_years":[],"landslide_hist_n":0},"geometry":{"type":"Polygon","coordinates":[[[127.23503,37.56142],[127.23453,37.56577],[127.23031,37.56773],[127.2266,37.56534],[127.2271,37.56099],[127.23132,37.55903],[127.23503,37.56142]]]}},{"type":"Feature","properties":{"h3":"8830e1cebdfffff","emd_code":"4145053000","emd_name":"신장2동","area_km2":0.5108,"edge":false,"slope_mean":0.19,"elev_mean":5.7,"flood_hist_n":0,"flood_depth_max_m":null,"flood_risk_100y":null,"semi_basement_r":null,"elderly_alone_r":0.1026,"bldg_age30_r":null,"shelter_min_walk":23,"pop":44702,"hh":18740,"elderly65_r":0.2431,"single_hh_r":0.2837,"source_level":"emd","flood_years":[],"landslide_hist_n":0},"geometry":{"type":"Polygon","coordinates":[[[127.23182,37.55467],[127.23132,37.55903],[127.2271,37.56099],[127.22338,37.5586],[127.22388,37.55424],[127.2281,37.55228],[127.23182,37.55467]]]}},{"type":"Feature","properties":{"h3":"8830e1cec1fffff","emd_code":"4145061000","emd_name":"미사1동","area_km2":0.5105,"edge":false,"slope_mean":2.14,"elev_mean":12.0,"flood_hist_n":0,"flood_depth_max_m":null,"flood_risk_100y":null,"semi_basement_r":null,"elderly_alone_r":0.0554,"bldg_age30_r":null,"shelter_min_walk":12,"pop":54173,"hh":28281,"elderly65_r":0.1116,"single_hh_r":0.5427,"source_level":"emd","flood_years":[],"landslide_hist_n":0},"geometry":{"type":"Polygon","coordinates":[[[127.205,37.5795],[127.2045,37.58386],[127.20028,37.58582],[127.19657,37.58342],[127.19707,37.57907],[127.20129,37.57711],[127.205,37.5795]]]}},{"type":"Feature","properties":{"h3":"8830e1cec3fffff","emd_code":"4145061000","emd_name":"미사1동","area_km2":0.5106,"edge":true,"slope_mean":2.89,"elev_mean":11.7,"flood_hist_n":0,"flood_depth_max_m":null,"flood_risk_100y":null,"semi_basement_r":null,"elderly_alone_r":0.0554,"bldg_age30_r":null,"shelter_min_walk":4,"pop":54173,"hh":28281,"elderly65_r":0.1116,"single_hh_r":0.5427,"source_level":"emd","flood_years":[],"landslide_hist_n":0},"geometry":{"type":"Polygon","coordinates":[[[127.21294,37.57993],[127.21243,37.58429],[127.20821,37.58625],[127.2045,37.58386],[127.205,37.5795],[127.20922,37.57754],[127.21294,37.57993]]]}},{"type":"Feature","properties":{"h3":"8830e1cec5fffff","emd_code":"4145061000","emd_name":"미사1동","area_km2":0.5105,"edge":false,"slope_mean":3.76,"elev_mean":20.8,"flood_hist_n":1,"flood_depth_max_m":0.275,"flood_risk_100y":null,"semi_basement_r":null,"elderly_alone_r":0.0554,"bldg_age30_r":null,"shelter_min_walk":6,"pop":54173,"hh":28281,"elderly65_r":0.1116,"single_hh_r":0.5427,"source_level":"emd","flood_years":[2020],"landslide_hist_n":0},"geometry":{"type":"Polygon","coordinates":[[[127.20179,37.57276],[127.20129,37.57711],[127.19707,37.57907],[127.19336,37.57668],[127.19386,37.57233],[127.19808,37.57037],[127.20179,37.57276]]]}},{"type":"Feature","properties":{"h3":"8830e1cec7fffff","emd_code":"4145061000","emd_name":"미사1동","area_km2":0.5106,"edge":false,"slope_mean":2.0,"elev_mean":15.1,"flood_hist_n":1,"flood_depth_max_m":0.544,"flood_risk_100y":null,"semi_basement_r":null,"elderly_alone_r":0.0554,"bldg_age30_r":null,"shelter_min_walk":15,"pop":54173,"hh":28281,"elderly65_r":0.1116,"single_hh_r":0.5427,"source_level":"emd","flood_years":[2020],"landslide_hist_n":0},"geometry":{"type":"Polygon","coordinates":[[[127.20972,37.57319],[127.20922,37.57754],[127.205,37.5795],[127.20129,37.57711],[127.20179,37.57276],[127.20601,37.5708],[127.20972,37.57319]]]}},{"type":"Feature","properties":{"h3":"8830e1cec9fffff","emd_code":"4145062000","emd_name":"미사2동","area_km2":0.5105,"edge":false,"slope_mean":1.16,"elev_mean":6.5,"flood_hist_n":0,"flood_depth_max_m":null,"flood_risk_100y":null,"semi_basement_r":null,"elderly_alone_r":0.1136,"bldg_age30_r":null,"shelter_min_walk":14,"pop":46299,"hh":18401,"elderly65_r":0.1556,"single_hh_r":0.2831,"source_level":"emd","flood_years":[],"landslide_hist_n":0},"geometry":{"type":"Polygon","coordinates":[[[127.20028,37.58582],[127.19978,37.59017],[127.19556,37.59213],[127.19184,37.58974],[127.19235,37.58538],[127.19657,37.58342],[127.20028,37.58582]]]}},{"type":"Feature","properties":{"h3":"8830e1cecbfffff","emd_code":"4145062000","emd_name":"미사2동","area_km2":0.5106,"edge":true,"slope_mean":4.99,"elev_mean":18.0,"flood_hist_n":0,"flood_depth_max_m":null,"flood_risk_100y":null,"semi_basement_r":null,"elderly_alone_r":0.1136,"bldg_age30_r":null,"shelter_min_walk":5,"pop":46299,"hh":18401,"elderly65_r":0.1556,"single_hh_r":0.2831,"source_level":"emd","flood_years":[],"landslide_hist_n":0},"geometry":{"type":"Polygon","coordinates":[[[127.20821,37.58625],[127.20771,37.5906],[127.20349,37.59256],[127.19978,37.59017],[127.20028,37.58582],[127.2045,37.58386],[127.20821,37.58625]]]}},{"type":"Feature","properties":{"h3":"8830e1cecdfffff","emd_code":"4145062000","emd_name":"미사2동","area_km2":0.5104,"edge":false,"slope_mean":4.74,"elev_mean":20.7,"flood_hist_n":0,"flood_depth_max_m":null,"flood_risk_100y":null,"semi_basement_r":null,"elderly_alone_r":0.1136,"bldg_age30_r":null,"shelter_min_walk":10,"pop":46299,"hh":18401,"elderly65_r":0.1556,"single_hh_r":0.2831,"source_level":"emd","flood_years":[],"landslide_hist_n":0},"geometry":{"type":"Polygon","coordinates":[[[127.19707,37.57907],[127.19657,37.58342],[127.19235,37.58538],[127.18864,37.58299],[127.18914,37.57864],[127.19336,37.57668],[127.19707,37.57907]]]}},{"type":"Feature","properties":{"h3":"8830e1cee1fffff","emd_code":"4145061000","emd_name":"미사1동","area_km2":0.5105,"edge":false,"slope_mean":2.76,"elev_mean":21.6,"flood_hist_n":0,"flood_depth_max_m":null,"flood_risk_100y":null,"semi_basement_r":null,"elderly_alone_r":0.0554,"bldg_age30_r":null,"shelter_min_walk":1,"pop":54173,"hh":28281,"elderly65_r":0.1116,"single_hh_r":0.5427,"source_level":"emd","flood_years":[],"landslide_hist_n":0},"geometry":{"type":"Polygon","coordinates":[[[127.2033,37.5597],[127.2028,37.56405],[127.19858,37.56601],[127.19487,37.56362],[127.19537,37.55927],[127.19959,37.55731],[127.2033,37.5597]]]}},{"type":"Feature","properties":{"h3":"8830e1cee3fffff","emd_code":"4145061000","emd_name":"미사1동","area_km2":0.5106,"edge":false,"slope_mean":2.59,"elev_mean":17.2,"flood_hist_n":1,"flood_depth_max_m":0.353,"flood_risk_100y":null,"semi_basement_r":null,"elderly_alone_r":0.0554,"bldg_age30_r":null,"shelter_min_walk":9,"pop":54173,"hh":28281,"elderly65_r":0.1116,"single_hh_r":0.5427,"source_level":"emd","flood_years":[2020],"landslide_hist_n":0},"geometry":{"type":"Polygon","coordinates":[[[127.21123,37.56013],[127.21073,37.56448],[127.20651,37.56644],[127.2028,37.56405],[127.2033,37.5597],[127.20752,37.55774],[127.21123,37.56013]]]}},{"type":"Feature","properties":{"h3":"8830e1cee5fffff","emd_code":"4145063000","emd_name":"미사3동","area_km2":0.5104,"edge":false,"slope_mean":4.09,"elev_mean":26.4,"flood_hist_n":1,"flood_depth_max_m":0.173,"flood_risk_100y":null,"semi_basement_r":null,"elderly_alone_r":0.0484,"bldg_age30_r":null,"shelter_min_walk":4,"pop":29455,"hh":11043,"elderly65_r":0.1285,"single_hh_r":0.2472,"source_level":"emd","flood_years":[2020],"landslide_hist_n":0},"geometry":{"type":"Polygon","coordinates":[[[127.20009,37.55296],[127.19959,37.55731],[127.19537,37.55927],[127.19166,37.55688],[127.19216,37.55253],[127.19638,37.55057],[127.20009,37.55296]]]}},{"type":"Feature","properties":{"h3":"8830e1cee7fffff","emd_code":"4145056000","emd_name":"덕풍3동","area_km2":0.5105,"edge":false,"slope_mean":3.49,"elev_mean":25.1,"flood_hist_n":0,"flood_depth_max_m":null,"flood_risk_100y":null,"semi_basement_r":null,"elderly_alone_r":0.1008,"bldg_age30_r":null,"shelter_min_walk":4,"pop":27474,"hh":11775,"elderly65_r":0.2183,"single_hh_r":0.3168,"source_level":"emd","flood_years":[],"landslide_hist_n":0},"geometry":{"type":"Polygon","coordinates":[[[127.20802,37.55339],[127.20752,37.55774],[127.2033,37.5597],[127.19959,37.55731],[127.20009,37.55296],[127.20431,37.55099],[127.20802,37.55339]]]}},{"type":"Feature","properties":{"h3":"8830e1cee9fffff","emd_code":"4145061000","emd_name":"미사1동","area_km2":0.5104,"edge":false,"slope_mean":2.54,"elev_mean":22.4,"flood_hist_n":0,"flood_depth_max_m":null,"flood_risk_100y":null,"semi_basement_r":null,"elderly_alone_r":0.0554,"bldg_age30_r":null,"shelter_min_walk":3,"pop":54173,"hh":28281,"elderly65_r":0.1116,"single_hh_r":0.5427,"source_level":"emd","flood_years":[],"landslide_hist_n":0},"geometry":{"type":"Polygon","coordinates":[[[127.19858,37.56601],[127.19808,37.57037],[127.19386,37.57233],[127.19015,37.56993],[127.19065,37.56558],[127.19487,37.56362],[127.19858,37.56601]]]}},{"type":"Feature","properties":{"h3":"8830e1ceebfffff","emd_code":"4145061000","emd_name":"미사1동","area_km2":0.5105,"edge":false,"slope_mean":2.86,"elev_mean":17.4,"flood_hist_n":1,"flood_depth_max_m":0.544,"flood_risk_100y":null,"semi_basement_r":null,"elderly_alone_r":0.0554,"bldg_age30_r":null,"shelter_min_walk":9,"pop":54173,"hh":28281,"elderly65_r":0.1116,"single_hh_r":0.5427,"source_level":"emd","flood_years":[2020],"landslide_hist_n":0},"geometry":{"type":"Polygon","coordinates":[[[127.20651,37.56644],[127.20601,37.5708],[127.20179,37.57276],[127.19808,37.57037],[127.19858,37.56601],[127.2028,37.56405],[127.20651,37.56644]]]}},{"type":"Feature","properties":{"h3":"8830e1ceedfffff","emd_code":"4145061000","emd_name":"미사1동","area_km2":0.5103,"edge":false,"slope_mean":2.64,"elev_mean":22.7,"flood_hist_n":0,"flood_depth_max_m":null,"flood_risk_100y":null,"semi_basement_r":null,"elderly_alone_r":0.0554,"bldg_age30_r":null,"shelter_min_walk":4,"pop":54173,"hh":28281,"elderly65_r":0.1116,"single_hh_r":0.5427,"source_level":"emd","flood_years":[],"landslide_hist_n":0},"geometry":{"type":"Polygon","coordinates":[[[127.19537,37.55927],[127.19487,37.56362],[127.19065,37.56558],[127.18694,37.56319],[127.18744,37.55884],[127.19166,37.55688],[127.19537,37.55927]]]}},{"type":"Feature","properties":{"h3":"8830e1cf03fffff","emd_code":"4145058000","emd_name":"감북동","area_km2":0.5096,"edge":false,"slope_mean":6.76,"elev_mean":39.2,"flood_hist_n":0,"flood_depth_max_m":null,"flood_risk_100y":null,"semi_basement_r":null,"elderly_alone_r":0.1422,"bldg_age30_r":null,"shelter_min_walk":6,"pop":3217,"hh":1779,"elderly65_r":0.2577,"single_hh_r":0.5312,"source_level":"emd","flood_years":[],"landslide_hist_n":0},"geometry":{"type":"Polygon","coordinates":[[[127.15238,37.51753],[127.15187,37.52188],[127.14766,37.52384],[127.14395,37.52145],[127.14446,37.5171],[127.14867,37.51514],[127.15238,37.51753]]]}},{"type":"Feature","properties":{"h3":"8830e1cf05fffff","emd_code":"4145058200","emd_name":"감일동","area_km2":0.5095,"edge":true,"slope_mean":3.83,"elev_mean":21.2,"flood_hist_n":0,"flood_depth_max_m":null,"flood_risk_100y":null,"semi_basement_r":null,"elderly_alone_r":0.0651,"bldg_age30_r":null,"shelter_min_walk":16,"pop":39567,"hh":14770,"elderly65_r":0.1141,"single_hh_r":0.2485,"source_level":"emd","flood_years":[],"landslide_hist_n":0},"geometry":{"type":"Polygon","coordinates":[[[127.14126,37.51036],[127.14076,37.51471],[127.13655,37.51667],[127.13284,37.51428],[127.13335,37.50993],[127.13756,37.50797],[127.14126,37.51036]]]}},{"type":"Feature","properties":{"h3":"8830e1cf07fffff","emd_code":"4145058200","emd_name":"감일동","area_km2":0.5096,"edge":false,"slope_mean":5.44,"elev_mean":26.8,"flood_hist_n":0,"flood_depth_max_m":null,"flood_risk_100y":null,"semi_basement_r":null,"elderly_alone_r":0.0651,"bldg_age30_r":null,"shelter_min_walk":7,"pop":39567,"hh":14770,"elderly65_r":0.1141,"single_hh_r":0.2485,"source_level":"emd","flood_years":[],"landslide_hist_n":0},"geometry":{"type":"Polygon","coordinates":[[[127.14918,37.51079],[127.14867,37.51514],[127.14446,37.5171],[127.14076,37.51471],[127.14126,37.51036],[127.14547,37.5084],[127.14918,37.51079]]]}},{"type":"Feature","properties":{"h3":"8830e1cf11fffff","emd_code":"4145058000","emd_name":"감북동","area_km2":0.5098,"edge":false,"slope_mean":8.7,"elev_mean":54.0,"flood_hist_n":0,"flood_depth_max_m":null,"flood_risk_100y":null,"semi_basement_r":null,"elderly_alone_r":0.1422,"bldg_age30_r":null,"shelter_min_walk":18,"pop":3217,"hh":1779,"elderly65_r":0.2577,"single_hh_r":0.5312,"source_level":"emd","flood_years":[],"landslide_hist_n":0},"geometry":{"type":"Polygon","coordinates":[[[127.1635,37.5247],[127.16299,37.52905],[127.15878,37.53101],[127.15507,37.52862],[127.15558,37.52427],[127.15979,37.52231],[127.1635,37.5247]]]}},{"type":"Feature","properties":{"h3":"8830e1cf13fffff","emd_code":"4145060000","emd_name":"초이동","area_km2":0.5099,"edge":false,"slope_mean":7.57,"elev_mean":49.7,"flood_hist_n":0,"flood_depth_max_m":null,"flood_risk_100y":null,"semi_basement_r":null,"elderly_alone_r":0.2091,"bldg_age30_r":null,"shelter_min_walk":20,"pop":2858,"hh":1669,"elderly65_r":0.302,"single_hh_r":0.5884,"source_level":"emd","flood_years":[],"landslide_hist_n":0},"geometry":{"type":"Polygon","coordinates":[[[127.17142,37.52513],[127.17091,37.52948],[127.1667,37.53144],[127.16299,37.52905],[127.1635,37.5247],[127.16771,37.52274],[127.17142,37.52513]]]}},{"type":"Feature","properties":{"h3":"8830e1cf15fffff","emd_code":"4145058000","emd_name":"감북동","area_km2":0.5097,"edge":false,"slope_mean":6.89,"elev_mean":38.0,"flood_hist_n":0,"flood_depth_max_m":null,"flood_risk_100y":null,"semi_basement_r":null,"elderly_alone_r":0.1422,"bldg_age30_r":null,"shelter_min_walk":10,"pop":3217,"hh":1779,"elderly65_r":0.2577,"single_hh_r":0.5312,"source_level":"emd","flood_years":[],"landslide_hist_n":0},"geometry":{"type":"Polygon","coordinates":[[[127.1603,37.51796],[127.15979,37.52231],[127.15558,37.52427],[127.15187,37.52188],[127.15238,37.51753],[127.15659,37.51557],[127.1603,37.51796]]]}},{"type":"Feature","properties":{"h3":"8830e1cf17fffff","emd_code":"4145058000","emd_name":"감북동","area_km2":0.5099,"edge":false,"slope_mean":8.66,"elev_mean":54.8,"flood_hist_n":0,"flood_depth_max_m":null,"flood_risk_100y":null,"semi_basement_r":null,"elderly_alone_r":0.1422,"bldg_age30_r":null,"shelter_min_walk":8,"pop":3217,"hh":1779,"elderly65_r":0.2577,"single_hh_r":0.5312,"source_level":"emd","flood_years":[],"landslide_hist_n":0},"geometry":{"type":"Polygon","coordinates":[[[127.16821,37.51839],[127.16771,37.52274],[127.1635,37.5247],[127.15979,37.52231],[127.1603,37.51796],[127.16451,37.516],[127.16821,37.51839]]]}},{"type":"Feature","properties":{"h3":"8830e1cf19fffff","emd_code":"4145058000","emd_name":"감북동","area_km2":0.5098,"edge":false,"slope_mean":11.96,"elev_mean":79.0,"flood_hist_n":0,"flood_depth_max_m":null,"flood_risk_100y":null,"semi_basement_r":null,"elderly_alone_r":0.1422,"bldg_age30_r":null,"shelter_min_walk":29,"pop":3217,"hh":1779,"elderly65_r":0.2577,"single_hh_r":0.5312,"source_level":"emd","flood_years":[],"landslide_hist_n":0},"geometry":{"type":"Polygon","coordinates":[[[127.15878,37.53101],[127.15827,37.53536],[127.15406,37.53732],[127.15035,37.53493],[127.15086,37.53058],[127.15507,37.52862],[127.15878,37.53101]]]}},{"type":"Feature","properties":{"h3":"8830e1cf1bfffff","emd_code":"4145060000","emd_name":"초이동","area_km2":0.5099,"edge":false,"slope_mean":10.99,"elev_mean":69.3,"flood_hist_n":0,"flood_depth_max_m":null,"flood_risk_100y":null,"semi_basement_r":null,"elderly_alone_r":0.2091,"bldg_age30_r":null,"shelter_min_walk":21,"pop":2858,"hh":1669,"elderly65_r":0.302,"single_hh_r":0.5884,"source_level":"emd","flood_years":[],"landslide_hist_n":0},"geometry":{"type":"Polygon","coordinates":[[[127.1667,37.53144],[127.16619,37.53579],[127.16198,37.53775],[127.15827,37.53536],[127.15878,37.53101],[127.16299,37.52905],[127.1667,37.53144]]]}},{"type":"Feature","properties":{"h3":"8830e1cf1dfffff","emd_code":"4145058000","emd_name":"감북동","area_km2":0.5097,"edge":false,"slope_mean":11.83,"elev_mean":67.5,"flood_hist_n":0,"flood_depth_max_m":null,"flood_risk_100y":null,"semi_basement_r":null,"elderly_alone_r":0.1422,"bldg_age30_r":null,"shelter_min_walk":18,"pop":3217,"hh":1779,"elderly65_r":0.2577,"single_hh_r":0.5312,"source_level":"emd","flood_years":[],"landslide_hist_n":0},"geometry":{"type":"Polygon","coordinates":[[[127.15558,37.52427],[127.15507,37.52862],[127.15086,37.53058],[127.14715,37.52819],[127.14766,37.52384],[127.15187,37.52188],[127.15558,37.52427]]]}},{"type":"Feature","properties":{"h3":"8830e1cf23fffff","emd_code":"4145058200","emd_name":"감일동","area_km2":0.5096,"edge":true,"slope_mean":5.3,"elev_mean":36.9,"flood_hist_n":0,"flood_depth_max_m":null,"flood_risk_100y":null,"semi_basement_r":null,"elderly_alone_r":0.0651,"bldg_age30_r":null,"shelter_min_walk":25,"pop":39567,"hh":14770,"elderly65_r":0.1141,"single_hh_r":0.2485,"source_level":"emd","flood_years":[],"landslide_hist_n":0},"geometry":{"type":"Polygon","coordinates":[[[127.1507,37.49774],[127.15019,37.50209],[127.14598,37.50405],[127.14228,37.50166],[127.14278,37.49731],[127.14699,37.49535],[127.1507,37.49774]]]}},{"type":"Feature","properties":{"h3":"8830e1cf2bfffff","emd_code":"4145058200","emd_name":"감일동","area_km2":0.5095,"edge":false,"slope_mean":5.08,"elev_mean":30.8,"flood_hist_n":0,"flood_depth_max_m":null,"flood_risk_100y":null,"semi_basement_r":null,"elderly_alone_r":0.0651,"bldg_age30_r":null,"shelter_min_walk":19,"pop":39567,"hh":14770,"elderly65_r":0.1141,"single_hh_r":0.2485,"source_level":"emd","flood_years":[],"landslide_hist_n":0},"geometry":{"type":"Polygon","coordinates":[[[127.14598,37.50405],[127.14547,37.5084],[127.14126,37.51036],[127.13756,37.50797],[127.13807,37.50362],[127.14228,37.50166],[127.14598,37.50405]]]}},{"type":"Feature","properties":{"h3":"8830e1cf31fffff","emd_code":"4145058200","emd_name":"감일동","area_km2":0.5097,"edge":false,"slope_mean":7.93,"elev_mean":49.5,"flood_hist_n":0,"flood_depth_max_m":null,"flood_risk_100y":null,"semi_basement_r":null,"elderly_alone_r":0.0651,"bldg_age30_r":null,"shelter_min_walk":7,"pop":39567,"hh":14770,"elderly65_r":0.1141,"single_hh_r":0.2485,"source_level":"emd","flood_years":[],"landslide_hist_n":0},"geometry":{"type":"Polygon","coordinates":[[[127.16181,37.50491],[127.16131,37.50926],[127.1571,37.51122],[127.15339,37.50883],[127.1539,37.50448],[127.15811,37.50252],[127.16181,37.50491]]]}},{"type":"Feature","properties":{"h3":"8830e1cf33fffff","emd_code":"4145058200","emd_name":"감일동","area_km2":0.5098,"edge":false,"slope_mean":7.26,"elev_mean":58.2,"flood_hist_n":0,"flood_depth_max_m":null,"flood_risk_100y":null,"semi_basement_r":null,"elderly_alone_r":0.0651,"bldg_age30_r":null,"shelter_min_walk":4,"pop":39567,"hh":14770,"elderly65_r":0.1141,"single_hh_r":0.2485,"source_level":"emd","flood_years":[],"landslide_hist_n":0},"geometry":{"type":"Polygon","coordinates":[[[127.16973,37.50533],[127.16922,37.50969],[127.16501,37.51165],[127.16131,37.50926],[127.16181,37.50491],[127.16602,37.50295],[127.16973,37.50533]]]}},{"type":"Feature","properties":{"h3":"8830e1cf35fffff","emd_code":"4145058200","emd_name":"감일동","area_km2":0.5097,"edge":true,"slope_mean":8.61,"elev_mean":55.9,"flood_hist_n":0,"flood_depth_max_m":null,"flood_risk_100y":null,"semi_basement_r":null,"elderly_alone_r":0.0651,"bldg_age30_r":null,"shelter_min_walk":17,"pop":39567,"hh":14770,"elderly65_r":0.1141,"single_hh_r":0.2485,"source_level":"emd","flood_years":[],"landslide_hist_n":0},"geometry":{"type":"Polygon","coordinates":[[[127.15861,37.49817],[127.15811,37.50252],[127.1539,37.50448],[127.15019,37.50209],[127.1507,37.49774],[127.15491,37.49578],[127.15861,37.49817]]]}},{"type":"Feature","properties":{"h3":"8830e1cf37fffff","emd_code":"4145058200","emd_name":"감일동","area_km2":0.5098,"edge":false,"slope_mean":8.33,"elev_mean":65.1,"flood_hist_n":0,"flood_depth_max_m":null,"flood_risk_100y":null,"semi_basement_r":null,"elderly_alone_r":0.0651,"bldg_age30_r":null,"shelter_min_walk":12,"pop":39567,"hh":14770,"elderly65_r":0.1141,"single_hh_r":0.2485,"source_level":"emd","flood_years":[],"landslide_hist_n":0},"geometry":{"type":"Polygon","coordinates":[[[127.16653,37.4986],[127.16602,37.50295],[127.16181,37.50491],[127.15811,37.50252],[127.15861,37.49817],[127.16282,37.49621],[127.16653,37.4986]]]}},{"type":"Feature","properties":{"h3":"8830e1cf39fffff","emd_code":"4145058000","emd_name":"감북동","area_km2":0.5097,"edge":false,"slope_mean":5.3,"elev_mean":31.2,"flood_hist_n":0,"flood_depth_max_m":null,"flood_risk_100y":null,"semi_basement_r":null,"elderly_alone_r":0.1422,"bldg_age30_r":null,"shelter_min_walk":7,"pop":3217,"hh":1779,"elderly65_r":0.2577,"single_hh_r":0.5312,"source_level":"emd","flood_years":[],"landslide_hist_n":0},"geometry":{"type":"Polygon","coordinates":[[[127.1571,37.51122],[127.15659,37.51557],[127.15238,37.51753],[127.14867,37.51514],[127.14918,37.51079],[127.15339,37.50883],[127.1571,37.51122]]]}},{"type":"Feature","properties":{"h3":"8830e1cf3bfffff","emd_code":"4145058200","emd_name":"감일동","area_km2":0.5098,"edge":false,"slope_mean":3.94,"elev_mean":34.7,"flood_hist_n":0,"flood_depth_max_m":null,"flood_risk_100y":null,"semi_basement_r":null,"elderly_alone_r":0.0651,"bldg_age30_r":null,"shelter_min_walk":4,"pop":39567,"hh":14770,"elderly65_r":0.1141,"single_hh_r":0.2485,"source_level":"emd","flood_years":[],"landslide_hist_n":0},"geometry":{"type":"Polygon","coordinates":[[[127.16501,37.51165],[127.16451,37.516],[127.1603,37.51796],[127.15659,37.51557],[127.1571,37.51122],[127.16131,37.50926],[127.16501,37.51165]]]}},{"type":"Feature","properties":{"h3":"8830e1cf3dfffff","emd_code":"4145058200","emd_name":"감일동","area_km2":0.5096,"edge":false,"slope_mean":8.25,"elev_mean":42.3,"flood_hist_n":0,"flood_depth_max_m":null,"flood_risk_100y":null,"semi_basement_r":null,"elderly_alone_r":0.0651,"bldg_age30_r":null,"shelter_min_walk":16,"pop":39567,"hh":14770,"elderly65_r":0.1141,"single_hh_r":0.2485,"source_level":"emd","flood_years":[],"landslide_hist_n":0},"geometry":{"type":"Polygon","coordinates":[[[127.1539,37.50448],[127.15339,37.50883],[127.14918,37.51079],[127.14547,37.5084],[127.14598,37.50405],[127.15019,37.50209],[127.1539,37.50448]]]}}]}