{"type":"FeatureCollection","name":"grid_48720_h3r8","meta":{"sgg_code":"48720","h3_res":8,"n_cells":1003,"dem":"Copernicus GLO-30 (bbox-mean)","crs":"EPSG:4326","jumin_basis":"2026-07","flood_src":"행안부 침수흔적도(전국, 재난안전데이터공유플랫폼)","landslide_src":"행안부 산사태 발생이력"},"features":[{"type":"Feature","properties":{"h3":"8830c02081fffff","emd_code":"4872034000","emd_name":"화정면","area_km2":0.5418,"edge":true,"slope_mean":25.99,"elev_mean":184.1,"flood_hist_n":0,"flood_depth_max_m":null,"flood_risk_100y":null,"semi_basement_r":null,"elderly_alone_r":0.3659,"bldg_age30_r":null,"shelter_min_walk":80,"pop":1422,"hh":910,"elderly65_r":0.5162,"single_hh_r":0.6132,"source_level":"emd","flood_years":[],"landslide_hist_n":0},"geometry":{"type":"Polygon","coordinates":[[[128.19148,35.25497],[128.19064,35.25112],[128.19482,35.249],[128.19985,35.25073],[128.20069,35.25458],[128.19651,35.2567],[128.19148,35.25497]]]}},{"type":"Feature","properties":{"h3":"8830c02083fffff","emd_code":"4872034000","emd_name":"화정면","area_km2":0.5418,"edge":true,"slope_mean":25.63,"elev_mean":185.6,"flood_hist_n":0,"flood_depth_max_m":null,"flood_risk_100y":null,"semi_basement_r":null,"elderly_alone_r":0.3659,"bldg_age30_r":null,"shelter_min_walk":89,"pop":1422,"hh":910,"elderly65_r":0.5162,"single_hh_r":0.6132,"source_level":"emd","flood_years":[],"landslide_hist_n":0},"geometry":{"type":"Polygon","coordinates":[[[128.20069,35.25458],[128.19985,35.25073],[128.20403,35.24862],[128.20906,35.25035],[128.2099,35.2542],[128.20572,35.25632],[128.20069,35.25458]]]}},{"type":"Feature","properties":{"h3":"8830c02089fffff","emd_code":"4872034000","emd_name":"화정면","area_km2":0.5416,"edge":true,"slope_mean":24.4,"elev_mean":137.5,"flood_hist_n":0,"flood_depth_max_m":null,"flood_risk_100y":null,"semi_basement_r":null,"elderly_alone_r":0.3659,"bldg_age30_r":null,"shelter_min_walk":84,"pop":1422,"hh":910,"elderly65_r":0.5162,"single_hh_r":0.6132,"source_level":"emd","flood_years":[],"landslide_hist_n":0},"geometry":{"type":"Polygon","coordinates":[[[128.18814,35.26093],[128.1873,35.25708],[128.19148,35.25497],[128.19651,35.2567],[128.19735,35.26055],[128.19317,35.26267],[128.18814,35.26093]]]}},{"type":"Feature","properties":{"h3":"8830c0208bfffff","emd_code":"4872034000","emd_name":"화정면","area_km2":0.5417,"edge":false,"slope_mean":28.64,"elev_mean":180.6,"flood_hist_n":0,"flood_depth_max_m":null,"flood_risk_100y":null,"semi_basement_r":null,"elderly_alone_r":0.3659,"bldg_age30_r":null,"shelter_min_walk":92,"pop":1422,"hh":910,"elderly65_r":0.5162,"single_hh_r":0.6132,"source_level":"emd","flood_years":[],"landslide_hist_n":0},"geometry":{"type":"Polygon","coordinates":[[[128.19735,35.26055],[128.19651,35.2567],[128.20069,35.25458],[128.20572,35.25632],[128.20656,35.26017],[128.20238,35.26229],[128.19735,35.26055]]]}},{"type":"Feature","properties":{"h3":"8830c02093fffff","emd_code":"4872034000","emd_name":"화정면","area_km2":0.5418,"edge":false,"slope_mean":6.14,"elev_mean":20.1,"flood_hist_n":1,"flood_depth_max_m":0.8,"flood_risk_100y":null,"semi_basement_r":null,"elderly_alone_r":0.3659,"bldg_age30_r":null,"shelter_min_walk":105,"pop":1422,"hh":910,"elderly65_r":0.5162,"single_hh_r":0.6132,"source_level":"emd","flood_years":[2018],"landslide_hist_n":0},"geometry":{"type":"Polygon","coordinates":[[[128.22499,35.2594],[128.22414,35.25555],[128.22833,35.25343],[128.23336,35.25517],[128.2342,35.25902],[128.23002,35.26114],[128.22499,35.2594]]]}},{"type":"Feature","properties":{"h3":"8830c02099fffff","emd_code":"4872034000","emd_name":"화정면","area_km2":0.5417,"edge":false,"slope_mean":10.52,"elev_mean":31.4,"flood_hist_n":0,"flood_depth_max_m":null,"flood_risk_100y":null,"semi_basement_r":null,"elderly_alone_r":0.3659,"bldg_age30_r":null,"shelter_min_walk":103,"pop":1422,"hh":910,"elderly65_r":0.5162,"single_hh_r":0.6132,"source_level":"emd","flood_years":[],"landslide_hist_n":0},"geometry":{"type":"Polygon","coordinates":[[[128.21243,35.26575],[128.21159,35.2619],[128.21578,35.25979],[128.2208,35.26152],[128.22165,35.26537],[128.21746,35.26749],[128.21243,35.26575]]]}},{"type":"Feature","properties":{"h3":"8830c0209bfffff","emd_code":"4872034000","emd_name":"화정면","area_km2":0.5417,"edge":false,"slope_mean":11.89,"elev_mean":42.6,"flood_hist_n":1,"flood_depth_max_m":0.3,"flood_risk_100y":null,"semi_basement_r":null,"elderly_alone_r":0.3659,"bldg_age30_r":null,"shelter_min_walk":98,"pop":1422,"hh":910,"elderly65_r":0.5162,"single_hh_r":0.6132,"source_level":"emd","flood_years":[2018],"landslide_hist_n":0},"geometry":{"type":"Polygon","coordinates":[[[128.22165,35.26537],[128.2208,35.26152],[128.22499,35.2594],[128.23002,35.26114],[128.23086,35.26499],[128.22668,35.2671],[128.22165,35.26537]]]}},{"type":"Feature","properties":{"h3":"8830c020c3fffff","emd_code":"4872034000","emd_name":"화정면","area_km2":0.5415,"edge":true,"slope_mean":20.68,"elev_mean":91.9,"flood_hist_n":0,"flood_depth_max_m":null,"flood_risk_100y":null,"semi_basement_r":null,"elderly_alone_r":0.3659,"bldg_age30_r":null,"shelter_min_walk":89,"pop":1422,"hh":910,"elderly65_r":0.5162,"single_hh_r":0.6132,"source_level":"emd","flood_years":[],"landslide_hist_n":0},"geometry":{"type":"Polygon","coordinates":[[[128.1848,35.2669],[128.18396,35.26305],[128.18814,35.26093],[128.19317,35.26267],[128.19401,35.26652],[128.18983,35.26863],[128.1848,35.2669]]]}},{"type":"Feature","properties":{"h3":"8830c020cbfffff","emd_code":"4872034000","emd_name":"화정면","area_km2":0.5414,"edge":true,"slope_mean":19.09,"elev_mean":111.2,"flood_hist_n":0,"flood_depth_max_m":null,"flood_risk_100y":null,"semi_basement_r":null,"elderly_alone_r":0.3659,"bldg_age30_r":null,"shelter_min_walk":95,"pop":1422,"hh":910,"elderly65_r":0.5162,"single_hh_r":0.6132,"source_level":"emd","flood_years":[],"landslide_hist_n":0},"geometry":{"type":"Polygon","coordinates":[[[128.18146,35.27286],[128.18062,35.26901],[128.1848,35.2669],[128.18983,35.26863],[128.19067,35.27248],[128.18649,35.2746],[128.18146,35.27286]]]}},{"type":"Feature","properties":{"h3":"8830c020d1fffff","emd_code":"4872034000","emd_name":"화정면","area_km2":0.5415,"edge":false,"slope_mean":23.09,"elev_mean":90.7,"flood_hist_n":0,"flood_depth_max_m":null,"flood_risk_100y":null,"semi_basement_r":null,"elderly_alone_r":0.3659,"bldg_age30_r":null,"shelter_min_walk":105,"pop":1422,"hh":910,"elderly65_r":0.5162,"single_hh_r":0.6132,"source_level":"emd","flood_years":[],"landslide_hist_n":0},"geometry":{"type":"Polygon","coordinates":[[[128.19988,35.2721],[128.19904,35.26825],[128.20322,35.26614],[128.20825,35.26787],[128.20909,35.27172],[128.20491,35.27384],[128.19988,35.2721]]]}},{"type":"Feature","properties":{"h3":"8830c020d3fffff","emd_code":"4872034000","emd_name":"화정면","area_km2":0.5416,"edge":false,"slope_mean":12.42,"elev_mean":32.6,"flood_hist_n":0,"flood_depth_max_m":null,"flood_risk_100y":null,"semi_basement_r":null,"elderly_alone_r":0.3659,"bldg_age30_r":null,"shelter_min_walk":98,"pop":1422,"hh":910,"elderly65_r":0.5162,"single_hh_r":0.6132,"source_level":"emd","flood_years":[],"landslide_hist_n":0},"geometry":{"type":"Polygon","coordinates":[[[128.20909,35.27172],[128.20825,35.26787],[128.21243,35.26575],[128.21746,35.26749],[128.21831,35.27134],[128.21412,35.27345],[128.20909,35.27172]]]}},{"type":"Feature","properties":{"h3":"8830c020d5fffff","emd_code":"4872034000","emd_name":"화정면","area_km2":0.5416,"edge":false,"slope_mean":23.31,"elev_mean":107.1,"flood_hist_n":0,"flood_depth_max_m":null,"flood_risk_100y":null,"semi_basement_r":null,"elderly_alone_r":0.3659,"bldg_age30_r":null,"shelter_min_walk":96,"pop":1422,"hh":910,"elderly65_r":0.5162,"single_hh_r":0.6132,"source_level":"emd","flood_years":[],"landslide_hist_n":0},"geometry":{"type":"Polygon","coordinates":[[[128.19401,35.26652],[128.19317,35.26267],[128.19735,35.26055],[128.20238,35.26229],[128.20322,35.26614],[128.19904,35.26825],[128.19401,35.26652]]]}},{"type":"Feature","properties":{"h3":"8830c020d7fffff","emd_code":"4872034000","emd_name":"화정면","area_km2":0.5416,"edge":false,"slope_mean":22.45,"elev_mean":90.9,"flood_hist_n":0,"flood_depth_max_m":null,"flood_risk_100y":null,"semi_basement_r":null,"elderly_alone_r":0.3659,"bldg_age30_r":null,"shelter_min_walk":104,"pop":1422,"hh":910,"elderly65_r":0.5162,"single_hh_r":0.6132,"source_level":"emd","flood_years":[],"landslide_hist_n":0},"geometry":{"type":"Polygon","coordinates":[[[128.20322,35.26614],[128.20238,35.26229],[128.20656,35.26017],[128.21159,35.2619],[128.21243,35.26575],[128.20825,35.26787],[128.20322,35.26614]]]}},{"type":"Feature","properties":{"h3":"8830c020d9fffff","emd_code":"4872034000","emd_name":"화정면","area_km2":0.5414,"edge":false,"slope_mean":26.87,"elev_mean":141.7,"flood_hist_n":0,"flood_depth_max_m":null,"flood_risk_100y":null,"semi_basement_r":null,"elderly_alone_r":0.3659,"bldg_age30_r":null,"shelter_min_walk":101,"pop":1422,"hh":910,"elderly65_r":0.5162,"single_hh_r":0.6132,"source_level":"emd","flood_years":[],"landslide_hist_n":0},"geometry":{"type":"Polygon","coordinates":[[[128.19654,35.27807],[128.1957,35.27422],[128.19988,35.2721],[128.20491,35.27384],[128.20575,35.27768],[128.20157,35.2798],[128.19654,35.27807]]]}},{"type":"Feature","properties":{"h3":"8830c020dbfffff","emd_code":"4872034000","emd_name":"화정면","area_km2":0.5414,"edge":false,"slope_mean":13.78,"elev_mean":49.7,"flood_hist_n":0,"flood_depth_max_m":null,"flood_risk_100y":null,"semi_basement_r":null,"elderly_alone_r":0.3659,"bldg_age30_r":null,"shelter_min_walk":93,"pop":1422,"hh":910,"elderly65_r":0.5162,"single_hh_r":0.6132,"source_level":"emd","flood_years":[],"landslide_hist_n":0},"geometry":{"type":"Polygon","coordinates":[[[128.20575,35.27768],[128.20491,35.27384],[128.20909,35.27172],[128.21412,35.27345],[128.21497,35.2773],[128.21078,35.27942],[128.20575,35.27768]]]}},{"type":"Feature","properties":{"h3":"8830c020ddfffff","emd_code":"4872034000","emd_name":"화정면","area_km2":0.5415,"edge":false,"slope_mean":22.39,"elev_mean":115.9,"flood_hist_n":0,"flood_depth_max_m":null,"flood_risk_100y":null,"semi_basement_r":null,"elderly_alone_r":0.3659,"bldg_age30_r":null,"shelter_min_walk":101,"pop":1422,"hh":910,"elderly65_r":0.5162,"single_hh_r":0.6132,"source_level":"emd","flood_years":[],"landslide_hist_n":0},"geometry":{"type":"Polygon","coordinates":[[[128.19067,35.27248],[128.18983,35.26863],[128.19401,35.26652],[128.19904,35.26825],[128.19988,35.2721],[128.1957,35.27422],[128.19067,35.27248]]]}},{"type":"Feature","properties":{"h3":"8830c02281fffff","emd_code":"4872034000","emd_name":"화정면","area_km2":0.5409,"edge":true,"slope_mean":19.24,"elev_mean":133.3,"flood_hist_n":0,"flood_depth_max_m":null,"flood_risk_100y":null,"semi_basement_r":null,"elderly_alone_r":0.3659,"bldg_age30_r":null,"shelter_min_walk":118,"pop":1422,"hh":910,"elderly65_r":0.5162,"single_hh_r":0.6132,"source_level":"emd","flood_years":[],"landslide_hist_n":0},"geometry":{"type":"Polygon","coordinates":[[[128.1681,35.29671],[128.16725,35.29287],[128.17144,35.29075],[128.17646,35.29249],[128.17731,35.29633],[128.17312,35.29845],[128.1681,35.29671]]]}},{"type":"Feature","properties":{"h3":"8830c02283fffff","emd_code":"4872034000","emd_name":"화정면","area_km2":0.541,"edge":false,"slope_mean":18.23,"elev_mean":112.5,"flood_hist_n":0,"flood_depth_max_m":null,"flood_risk_100y":null,"semi_basement_r":null,"elderly_alone_r":0.3659,"bldg_age30_r":null,"shelter_min_walk":107,"pop":1422,"hh":910,"elderly65_r":0.5162,"single_hh_r":0.6132,"source_level":"emd","flood_years":[],"landslide_hist_n":0},"geometry":{"type":"Polygon","coordinates":[[[128.17731,35.29633],[128.17646,35.29249],[128.18065,35.29037],[128.18567,35.29211],[128.18652,35.29596],[128.18233,35.29807],[128.17731,35.29633]]]}},{"type":"Feature","properties":{"h3":"8830c02287fffff","emd_code":"4872034000","emd_name":"화정면","area_km2":0.5411,"edge":true,"slope_mean":18.41,"elev_mean":128.3,"flood_hist_n":0,"flood_depth_max_m":null,"flood_risk_100y":null,"semi_basement_r":null,"elderly_alone_r":0.3659,"bldg_age30_r":null,"shelter_min_walk":117,"pop":1422,"hh":910,"elderly65_r":0.5162,"single_hh_r":0.6132,"source_level":"emd","flood_years":[],"landslide_hist_n":0},"geometry":{"type":"Polygon","coordinates":[[[128.17144,35.29075],[128.17059,35.2869],[128.17478,35.28479],[128.1798,35.28652],[128.18065,35.29037],[128.17646,35.29249],[128.17144,35.29075]]]}},{"type":"Feature","properties":{"h3":"8830c0228bfffff","emd_code":"4872034000","emd_name":"화정면","area_km2":0.5409,"edge":false,"slope_mean":20.01,"elev_mean":172.8,"flood_hist_n":0,"flood_depth_max_m":null,"flood_risk_100y":null,"semi_basement_r":null,"elderly_alone_r":0.3659,"bldg_age30_r":null,"shelter_min_walk":108,"pop":1422,"hh":910,"elderly65_r":0.5162,"single_hh_r":0.6132,"source_level":"emd","flood_years":[],"landslide_hist_n":0},"geometry":{"type":"Polygon","coordinates":[[[128.17397,35.3023],[128.17312,35.29845],[128.17731,35.29633],[128.18233,35.29807],[128.18318,35.30192],[128.17899,35.30403],[128.17397,35.3023]]]}},{"type":"Feature","properties":{"h3":"8830c02291fffff","emd_code":"4872034000","emd_name":"화정면","area_km2":0.541,"edge":false,"slope_mean":27.13,"elev_mean":188.5,"flood_hist_n":0,"flood_depth_max_m":null,"flood_risk_100y":null,"semi_basement_r":null,"elderly_alone_r":0.3659,"bldg_age30_r":null,"shelter_min_walk":85,"pop":1422,"hh":910,"elderly65_r":0.5162,"single_hh_r":0.6132,"source_level":"emd","flood_years":[],"landslide_hist_n":0},"geometry":{"type":"Polygon","coordinates":[[[128.19239,35.30154],[128.19155,35.29769],[128.19573,35.29557],[128.20076,35.29731],[128.2016,35.30116],[128.19742,35.30327],[128.19239,35.30154]]]}},{"type":"Feature","properties":{"h3":"8830c02293fffff","emd_code":"4872034000","emd_name":"화정면","area_km2":0.541,"edge":false,"slope_mean":29.15,"elev_mean":279.9,"flood_hist_n":0,"flood_depth_max_m":null,"flood_risk_100y":null,"semi_basement_r":null,"elderly_alone_r":0.3659,"bldg_age30_r":null,"shelter_min_walk":73,"pop":1422,"hh":910,"elderly65_r":0.5162,"single_hh_r":0.6132,"source_level":"emd","flood_years":[],"landslide_hist_n":0},"geometry":{"type":"Polygon","coordinates":[[[128.2016,35.30116],[128.20076,35.29731],[128.20494,35.29519],[128.20997,35.29693],[128.21081,35.30077],[128.20663,35.30289],[128.2016,35.30116]]]}},{"type":"Feature","properties":{"h3":"8830c02295fffff","emd_code":"4872034000","emd_name":"화정면","area_km2":0.541,"edge":false,"slope_mean":14.91,"elev_mean":74.4,"flood_hist_n":0,"flood_depth_max_m":null,"flood_risk_100y":null,"semi_basement_r":null,"elderly_alone_r":0.3659,"bldg_age30_r":null,"shelter_min_walk":95,"pop":1422,"hh":910,"elderly65_r":0.5162,"single_hh_r":0.6132,"source_level":"emd","flood_years":[],"landslide_hist_n":0},"geometry":{"type":"Polygon","coordinates":[[[128.18652,35.29596],[128.18567,35.29211],[128.18986,35.28999],[128.19489,35.29173],[128.19573,35.29557],[128.19155,35.29769],[128.18652,35.29596]]]}},{"type":"Feature","properties":{"h3":"8830c02297fffff","emd_code":"4872034000","emd_name":"화정면","area_km2":0.5411,"edge":false,"slope_mean":23.68,"elev_mean":143.3,"flood_hist_n":0,"flood_depth_max_m":null,"flood_risk_100y":null,"semi_basement_r":null,"elderly_alone_r":0.3659,"bldg_age30_r":null,"shelter_min_walk":85,"pop":1422,"hh":910,"elderly65_r":0.5162,"single_hh_r":0.6132,"source_level":"emd","flood_years":[],"landslide_hist_n":0},"geometry":{"type":"Polygon","coordinates":[[[128.19573,35.29557],[128.19489,35.29173],[128.19907,35.28961],[128.2041,35.29135],[128.20494,35.29519],[128.20076,35.29731],[128.19573,35.29557]]]}},{"type":"Feature","properties":{"h3":"8830c02299fffff","emd_code":"4872034000","emd_name":"화정면","area_km2":0.5409,"edge":false,"slope_mean":21.23,"elev_mean":134.9,"flood_hist_n":0,"flood_depth_max_m":null,"flood_risk_100y":null,"semi_basement_r":null,"elderly_alone_r":0.3659,"bldg_age30_r":null,"shelter_min_walk":86,"pop":1422,"hh":910,"elderly65_r":0.5162,"single_hh_r":0.6132,"source_level":"emd","flood_years":[],"landslide_hist_n":0},"geometry":{"type":"Polygon","coordinates":[[[128.18905,35.3075],[128.1882,35.30365],[128.19239,35.30154],[128.19742,35.30327],[128.19826,35.30712],[128.19408,35.30923],[128.18905,35.3075]]]}},{"type":"Feature","properties":{"h3":"8830c0229bfffff","emd_code":"4872034000","emd_name":"화정면","area_km2":0.5409,"edge":false,"slope_mean":29.07,"elev_mean":283.6,"flood_hist_n":0,"flood_depth_max_m":null,"flood_risk_100y":null,"semi_basement_r":null,"elderly_alone_r":0.3659,"bldg_age30_r":null,"shelter_min_walk":74,"pop":1422,"hh":910,"elderly65_r":0.5162,"single_hh_r":0.6132,"source_level":"emd","flood_years":[],"landslide_hist_n":0},"geometry":{"type":"Polygon","coordinates":[[[128.19826,35.30712],[128.19742,35.30327],[128.2016,35.30116],[128.20663,35.30289],[128.20747,35.30674],[128.20329,35.30885],[128.19826,35.30712]]]}},{"type":"Feature","properties":{"h3":"8830c0229dfffff","emd_code":"4872034000","emd_name":"화정면","area_km2":0.5409,"edge":false,"slope_mean":15.03,"elev_mean":84.2,"flood_hist_n":0,"flood_depth_max_m":null,"flood_risk_100y":null,"semi_basement_r":null,"elderly_alone_r":0.3659,"bldg_age30_r":null,"shelter_min_walk":96,"pop":1422,"hh":910,"elderly65_r":0.5162,"single_hh_r":0.6132,"source_level":"emd","flood_years":[],"landslide_hist_n":0},"geometry":{"type":"Polygon","coordinates":[[[128.18318,35.30192],[128.18233,35.29807],[128.18652,35.29596],[128.19155,35.29769],[128.19239,35.30154],[128.1882,35.30365],[128.18318,35.30192]]]}},{"type":"Feature","properties":{"h3":"8830c022b1fffff","emd_code":"4872034000","emd_name":"화정면","area_km2":0.5412,"edge":false,"slope_mean":24.74,"elev_mean":160.2,"flood_hist_n":0,"flood_depth_max_m":null,"flood_risk_100y":null,"semi_basement_r":null,"elderly_alone_r":0.3659,"bldg_age30_r":null,"shelter_min_walk":108,"pop":1422,"hh":910,"elderly65_r":0.5162,"single_hh_r":0.6132,"source_level":"emd","flood_years":[],"landslide_hist_n":0},"geometry":{"type":"Polygon","coordinates":[[[128.18399,35.28441],[128.18315,35.28056],[128.18733,35.27845],[128.19236,35.28018],[128.1932,35.28403],[128.18902,35.28614],[128.18399,35.28441]]]}},{"type":"Feature","properties":{"h3":"8830c022b3fffff","emd_code":"4872034000","emd_name":"화정면","area_km2":0.5413,"edge":false,"slope_mean":20.43,"elev_mean":96.4,"flood_hist_n":0,"flood_depth_max_m":null,"flood_risk_100y":null,"semi_basement_r":null,"elderly_alone_r":0.3659,"bldg_age30_r":null,"shelter_min_walk":98,"pop":1422,"hh":910,"elderly65_r":0.5162,"single_hh_r":0.6132,"source_level":"emd","flood_years":[],"landslide_hist_n":0},"geometry":{"type":"Polygon","coordinates":[[[128.1932,35.28403],[128.19236,35.28018],[128.19654,35.27807],[128.20157,35.2798],[128.20241,35.28365],[128.19823,35.28576],[128.1932,35.28403]]]}},{"type":"Feature","properties":{"h3":"8830c022b5fffff","emd_code":"4872034000","emd_name":"화정면","area_km2":0.5413,"edge":true,"slope_mean":21.65,"elev_mean":135.9,"flood_hist_n":0,"flood_depth_max_m":null,"flood_risk_100y":null,"semi_basement_r":null,"elderly_alone_r":0.3659,"bldg_age30_r":null,"shelter_min_walk":102,"pop":1422,"hh":910,"elderly65_r":0.5162,"single_hh_r":0.6132,"source_level":"emd","flood_years":[],"landslide_hist_n":0},"geometry":{"type":"Polygon","coordinates":[[[128.17812,35.27883],[128.17727,35.27498],[128.18146,35.27286],[128.18649,35.2746],[128.18733,35.27845],[128.18315,35.28056],[128.17812,35.27883]]]}},{"type":"Feature","properties":{"h3":"8830c022b7fffff","emd_code":"4872034000","emd_name":"화정면","area_km2":0.5413,"edge":false,"slope_mean":22.07,"elev_mean":113.2,"flood_hist_n":0,"flood_depth_max_m":null,"flood_risk_100y":null,"semi_basement_r":null,"elderly_alone_r":0.3659,"bldg_age30_r":null,"shelter_min_walk":107,"pop":1422,"hh":910,"elderly65_r":0.5162,"single_hh_r":0.6132,"source_level":"emd","flood_years":[],"landslide_hist_n":0},"geometry":{"type":"Polygon","coordinates":[[[128.18733,35.27845],[128.18649,35.2746],[128.19067,35.27248],[128.1957,35.27422],[128.19654,35.27807],[128.19236,35.28018],[128.18733,35.27845]]]}},{"type":"Feature","properties":{"h3":"8830c022b9fffff","emd_code":"4872034000","emd_name":"화정면","area_km2":0.5411,"edge":false,"slope_mean":21.1,"elev_mean":131.3,"flood_hist_n":0,"flood_depth_max_m":null,"flood_risk_100y":null,"semi_basement_r":null,"elderly_alone_r":0.3659,"bldg_age30_r":null,"shelter_min_walk":107,"pop":1422,"hh":910,"elderly65_r":0.5162,"single_hh_r":0.6132,"source_level":"emd","flood_years":[],"landslide_hist_n":0},"geometry":{"type":"Polygon","coordinates":[[[128.18065,35.29037],[128.1798,35.28652],[128.18399,35.28441],[128.18902,35.28614],[128.18986,35.28999],[128.18567,35.29211],[128.18065,35.29037]]]}},{"type":"Feature","properties":{"h3":"8830c022bbfffff","emd_code":"4872034000","emd_name":"화정면","area_km2":0.5412,"edge":false,"slope_mean":20.69,"elev_mean":100.7,"flood_hist_n":0,"flood_depth_max_m":null,"flood_risk_100y":null,"semi_basement_r":null,"elderly_alone_r":0.3659,"bldg_age30_r":null,"shelter_min_walk":96,"pop":1422,"hh":910,"elderly65_r":0.5162,"single_hh_r":0.6132,"source_level":"emd","flood_years":[],"landslide_hist_n":0},"geometry":{"type":"Polygon","coordinates":[[[128.18986,35.28999],[128.18902,35.28614],[128.1932,35.28403],[128.19823,35.28576],[128.19907,35.28961],[128.19489,35.29173],[128.18986,35.28999]]]}},{"type":"Feature","properties":{"h3":"8830c022bdfffff","emd_code":"4872034000","emd_name":"화정면","area_km2":0.5412,"edge":true,"slope_mean":17.77,"elev_mean":117.7,"flood_hist_n":0,"flood_depth_max_m":null,"flood_risk_100y":null,"semi_basement_r":null,"elderly_alone_r":0.3659,"bldg_age30_r":null,"shelter_min_walk":109,"pop":1422,"hh":910,"elderly65_r":0.5162,"single_hh_r":0.6132,"source_level":"emd","flood_years":[],"landslide_hist_n":0},"geometry":{"type":"Polygon","coordinates":[[[128.17478,35.28479],[128.17393,35.28094],[128.17812,35.27883],[128.18315,35.28056],[128.18399,35.28441],[128.1798,35.28652],[128.17478,35.28479]]]}},{"type":"Feature","properties":{"h3":"8830c022d1fffff","emd_code":"4872034000","emd_name":"화정면","area_km2":0.5407,"edge":false,"slope_mean":18.69,"elev_mean":173.9,"flood_hist_n":0,"flood_depth_max_m":null,"flood_risk_100y":null,"semi_basement_r":null,"elderly_alone_r":0.3659,"bldg_age30_r":null,"shelter_min_walk":101,"pop":1422,"hh":910,"elderly65_r":0.5162,"single_hh_r":0.6132,"source_level":"emd","flood_years":[],"landslide_hist_n":0},"geometry":{"type":"Polygon","coordinates":[[[128.1765,35.31384],[128.17565,35.30999],[128.17984,35.30788],[128.18486,35.30961],[128.18571,35.31346],[128.18152,35.31557],[128.1765,35.31384]]]}},{"type":"Feature","properties":{"h3":"8830c022d3fffff","emd_code":"4872034000","emd_name":"화정면","area_km2":0.5408,"edge":false,"slope_mean":16.81,"elev_mean":116.3,"flood_hist_n":0,"flood_depth_max_m":null,"flood_risk_100y":null,"semi_basement_r":null,"elderly_alone_r":0.3659,"bldg_age30_r":null,"shelter_min_walk":89,"pop":1422,"hh":910,"elderly65_r":0.5162,"single_hh_r":0.6132,"source_level":"emd","flood_years":[],"landslide_hist_n":0},"geometry":{"type":"Polygon","coordinates":[[[128.18571,35.31346],[128.18486,35.30961],[128.18905,35.3075],[128.19408,35.30923],[128.19492,35.31308],[128.19074,35.31519],[128.18571,35.31346]]]}},{"type":"Feature","properties":{"h3":"8830c022d5fffff","emd_code":"4872034000","emd_name":"화정면","area_km2":0.5408,"edge":false,"slope_mean":22.16,"elev_mean":159.9,"flood_hist_n":0,"flood_depth_max_m":null,"flood_risk_100y":null,"semi_basement_r":null,"elderly_alone_r":0.3659,"bldg_age30_r":null,"shelter_min_walk":110,"pop":1422,"hh":910,"elderly65_r":0.5162,"single_hh_r":0.6132,"source_level":"emd","flood_years":[],"landslide_hist_n":0},"geometry":{"type":"Polygon","coordinates":[[[128.17063,35.30825],[128.16978,35.30441],[128.17397,35.3023],[128.17899,35.30403],[128.17984,35.30788],[128.17565,35.30999],[128.17063,35.30825]]]}},{"type":"Feature","properties":{"h3":"8830c022d7fffff","emd_code":"4872034000","emd_name":"화정면","area_km2":0.5408,"edge":false,"slope_mean":15.22,"elev_mean":99.1,"flood_hist_n":0,"flood_depth_max_m":null,"flood_risk_100y":null,"semi_basement_r":null,"elderly_alone_r":0.3659,"bldg_age30_r":null,"shelter_min_walk":98,"pop":1422,"hh":910,"elderly65_r":0.5162,"single_hh_r":0.6132,"source_level":"emd","flood_years":[],"landslide_hist_n":0},"geometry":{"type":"Polygon","coordinates":[[[128.17984,35.30788],[128.17899,35.30403],[128.18318,35.30192],[128.1882,35.30365],[128.18905,35.3075],[128.18486,35.30961],[128.17984,35.30788]]]}},{"type":"Feature","properties":{"h3":"8830c022d9fffff","emd_code":"4872034000","emd_name":"화정면","area_km2":0.5406,"edge":true,"slope_mean":19.8,"elev_mean":223.7,"flood_hist_n":0,"flood_depth_max_m":null,"flood_risk_100y":null,"semi_basement_r":null,"elderly_alone_r":0.3659,"bldg_age30_r":null,"shelter_min_walk":105,"pop":1422,"hh":910,"elderly65_r":0.5162,"single_hh_r":0.6132,"source_level":"emd","flood_years":[],"landslide_hist_n":0},"geometry":{"type":"Polygon","coordinates":[[[128.17315,35.31979],[128.17231,35.31595],[128.1765,35.31384],[128.18152,35.31557],[128.18237,35.31942],[128.17818,35.32153],[128.17315,35.31979]]]}},{"type":"Feature","properties":{"h3":"8830c022dbfffff","emd_code":"4872034000","emd_name":"화정면","area_km2":0.5406,"edge":false,"slope_mean":16.3,"elev_mean":135.6,"flood_hist_n":0,"flood_depth_max_m":null,"flood_risk_100y":null,"semi_basement_r":null,"elderly_alone_r":0.3659,"bldg_age30_r":null,"shelter_min_walk":92,"pop":1422,"hh":910,"elderly65_r":0.5162,"single_hh_r":0.6132,"source_level":"emd","flood_years":[],"landslide_hist_n":0},"geometry":{"type":"Polygon","coordinates":[[[128.18237,35.31942],[128.18152,35.31557],[128.18571,35.31346],[128.19074,35.31519],[128.19158,35.31904],[128.18739,35.32115],[128.18237,35.31942]]]}},{"type":"Feature","properties":{"h3":"8830c022ddfffff","emd_code":"4872034000","emd_name":"화정면","area_km2":0.5407,"edge":true,"slope_mean":21.08,"elev_mean":187.3,"flood_hist_n":0,"flood_depth_max_m":null,"flood_risk_100y":null,"semi_basement_r":null,"elderly_alone_r":0.3659,"bldg_age30_r":null,"shelter_min_walk":113,"pop":1422,"hh":910,"elderly65_r":0.5162,"single_hh_r":0.6132,"source_level":"emd","flood_years":[],"landslide_hist_n":0},"geometry":{"type":"Polygon","coordinates":[[[128.16728,35.31421],[128.16644,35.31037],[128.17063,35.30825],[128.17565,35.30999],[128.1765,35.31384],[128.17231,35.31595],[128.16728,35.31421]]]}},{"type":"Feature","properties":{"h3":"8830c02401fffff","emd_code":"4872025000","emd_name":"의령읍","area_km2":0.5417,"edge":true,"slope_mean":7.46,"elev_mean":21.7,"flood_hist_n":0,"flood_depth_max_m":null,"flood_risk_100y":null,"semi_basement_r":null,"elderly_alone_r":0.2042,"bldg_age30_r":null,"shelter_min_walk":66,"pop":8853,"hh":4658,"elderly65_r":0.2831,"single_hh_r":0.4946,"source_level":"emd","flood_years":[],"landslide_hist_n":0},"geometry":{"type":"Polygon","coordinates":[[[128.29709,35.29134],[128.29625,35.2875],[128.30043,35.28538],[128.30547,35.28711],[128.30631,35.29096],[128.30212,35.29307],[128.29709,35.29134]]]}},{"type":"Feature","properties":{"h3":"8830c02405fffff","emd_code":"4872025000","emd_name":"의령읍","area_km2":0.5417,"edge":false,"slope_mean":2.0,"elev_mean":12.7,"flood_hist_n":0,"flood_depth_max_m":null,"flood_risk_100y":null,"semi_basement_r":null,"elderly_alone_r":0.2042,"bldg_age30_r":null,"shelter_min_walk":68,"pop":8853,"hh":4658,"elderly65_r":0.2831,"single_hh_r":0.4946,"source_level":"emd","flood_years":[],"landslide_hist_n":0},"geometry":{"type":"Polygon","coordinates":[[[128.29122,35.28577],[128.29037,35.28192],[128.29456,35.2798],[128.29959,35.28153],[128.30043,35.28538],[128.29625,35.2875],[128.29122,35.28577]]]}},{"type":"Feature","properties":{"h3":"8830c02407fffff","emd_code":"4872025000","emd_name":"의령읍","area_km2":0.5418,"edge":true,"slope_mean":13.03,"elev_mean":37.7,"flood_hist_n":0,"flood_depth_max_m":null,"flood_risk_100y":null,"semi_basement_r":null,"elderly_alone_r":0.2042,"bldg_age30_r":null,"shelter_min_walk":77,"pop":8853,"hh":4658,"elderly65_r":0.2831,"single_hh_r":0.4946,"source_level":"emd","flood_years":[],"landslide_hist_n":0},"geometry":{"type":"Polygon","coordinates":[[[128.30043,35.28538],[128.29959,35.28153],[128.30378,35.27941],[128.30881,35.28114],[128.30965,35.28499],[128.30547,35.28711],[128.30043,35.28538]]]}},{"type":"Feature","properties":{"h3":"8830c02409fffff","emd_code":"4872025000","emd_name":"의령읍","area_km2":0.5415,"edge":true,"slope_mean":4.46,"elev_mean":15.6,"flood_hist_n":0,"flood_depth_max_m":null,"flood_risk_100y":null,"semi_basement_r":null,"elderly_alone_r":0.2042,"bldg_age30_r":null,"shelter_min_walk":56,"pop":8853,"hh":4658,"elderly65_r":0.2831,"single_hh_r":0.4946,"source_level":"emd","flood_years":[],"landslide_hist_n":0},"geometry":{"type":"Polygon","coordinates":[[[128.29375,35.29731],[128.29291,35.29346],[128.29709,35.29134],[128.30212,35.29307],[128.30297,35.29692],[128.29878,35.29904],[128.29375,35.29731]]]}},{"type":"Feature","properties":{"h3":"8830c0240dfffff","emd_code":"4872025000","emd_name":"의령읍","area_km2":0.5416,"edge":false,"slope_mean":3.33,"elev_mean":13.8,"flood_hist_n":0,"flood_depth_max_m":null,"flood_risk_100y":null,"semi_basement_r":null,"elderly_alone_r":0.2042,"bldg_age30_r":null,"shelter_min_walk":58,"pop":8853,"hh":4658,"elderly65_r":0.2831,"single_hh_r":0.4946,"source_level":"emd","flood_years":[],"landslide_hist_n":0},"geometry":{"type":"Polygon","coordinates":[[[128.28788,35.29173],[128.28703,35.28788],[128.29122,35.28577],[128.29625,35.2875],[128.29709,35.29134],[128.29291,35.29346],[128.28788,35.29173]]]}},{"type":"Feature","properties":{"h3":"8830c02429fffff","emd_code":"4872025000","emd_name":"의령읍","area_km2":0.5418,"edge":false,"slope_mean":3.68,"elev_mean":13.8,"flood_hist_n":0,"flood_depth_max_m":null,"flood_risk_100y":null,"semi_basement_r":null,"elderly_alone_r":0.2042,"bldg_age30_r":null,"shelter_min_walk":73,"pop":8853,"hh":4658,"elderly65_r":0.2831,"single_hh_r":0.4946,"source_level":"emd","flood_years":[],"landslide_hist_n":0},"geometry":{"type":"Polygon","coordinates":[[[128.28534,35.28019],[128.2845,35.27634],[128.28868,35.27422],[128.29371,35.27595],[128.29456,35.2798],[128.29037,35.28192],[128.28534,35.28019]]]}},{"type":"Feature","properties":{"h3":"8830c0242bfffff","emd_code":"4872025000","emd_name":"의령읍","area_km2":0.5418,"edge":true,"slope_mean":5.89,"elev_mean":16.1,"flood_hist_n":0,"flood_depth_max_m":null,"flood_risk_100y":null,"semi_basement_r":null,"elderly_alone_r":0.2042,"bldg_age30_r":null,"shelter_min_walk":79,"pop":8853,"hh":4658,"elderly65_r":0.2831,"single_hh_r":0.4946,"source_level":"emd","flood_years":[],"landslide_hist_n":0},"geometry":{"type":"Polygon","coordinates":[[[128.29456,35.2798],[128.29371,35.27595],[128.2979,35.27383],[128.30293,35.27556],[128.30378,35.27941],[128.29959,35.28153],[128.29456,35.2798]]]}},{"type":"Feature","properties":{"h3":"8830c0242dfffff","emd_code":"4872034000","emd_name":"화정면","area_km2":0.5418,"edge":true,"slope_mean":6.25,"elev_mean":19.8,"flood_hist_n":0,"flood_depth_max_m":null,"flood_risk_100y":null,"semi_basement_r":null,"elderly_alone_r":0.3659,"bldg_age30_r":null,"shelter_min_walk":79,"pop":1422,"hh":910,"elderly65_r":0.5162,"single_hh_r":0.6132,"source_level":"emd","flood_years":[],"landslide_hist_n":0},"geometry":{"type":"Polygon","coordinates":[[[128.27947,35.27461],[128.27862,35.27076],[128.28281,35.26864],[128.28784,35.27037],[128.28868,35.27422],[128.2845,35.27634],[128.27947,35.27461]]]}},{"type":"Feature","properties":{"h3":"8830c02441fffff","emd_code":"4872025000","emd_name":"의령읍","area_km2":0.5414,"edge":false,"slope_mean":12.99,"elev_mean":38.8,"flood_hist_n":0,"flood_depth_max_m":null,"flood_risk_100y":null,"semi_basement_r":null,"elderly_alone_r":0.2042,"bldg_age30_r":null,"shelter_min_walk":37,"pop":8853,"hh":4658,"elderly65_r":0.2831,"single_hh_r":0.4946,"source_level":"emd","flood_years":[],"landslide_hist_n":0},"geometry":{"type":"Polygon","coordinates":[[[128.28119,35.30366],[128.28035,35.29982],[128.28453,35.2977],[128.28956,35.29943],[128.29041,35.30328],[128.28622,35.30539],[128.28119,35.30366]]]}},{"type":"Feature","properties":{"h3":"8830c02443fffff","emd_code":"4872025000","emd_name":"의령읍","area_km2":0.5414,"edge":true,"slope_mean":2.56,"elev_mean":13.7,"flood_hist_n":0,"flood_depth_max_m":null,"flood_risk_100y":null,"semi_basement_r":null,"elderly_alone_r":0.2042,"bldg_age30_r":null,"shelter_min_walk":46,"pop":8853,"hh":4658,"elderly65_r":0.2831,"single_hh_r":0.4946,"source_level":"emd","flood_years":[],"landslide_hist_n":0},"geometry":{"type":"Polygon","coordinates":[[[128.29041,35.30328],[128.28956,35.29943],[128.29375,35.29731],[128.29878,35.29904],[128.29963,35.30289],[128.29544,35.30501],[128.29041,35.30328]]]}},{"type":"Feature","properties":{"h3":"8830c02445fffff","emd_code":"4872025000","emd_name":"의령읍","area_km2":0.5414,"edge":false,"slope_mean":19.34,"elev_mean":83.6,"flood_hist_n":0,"flood_depth_max_m":null,"flood_risk_100y":null,"semi_basement_r":null,"elderly_alone_r":0.2042,"bldg_age30_r":null,"shelter_min_walk":40,"pop":8853,"hh":4658,"elderly65_r":0.2831,"single_hh_r":0.4946,"source_level":"emd","flood_years":[],"landslide_hist_n":0},"geometry":{"type":"Polygon","coordinates":[[[128.27532,35.29809],[128.27447,35.29424],[128.27866,35.29212],[128.28369,35.29385],[128.28453,35.2977],[128.28035,35.29982],[128.27532,35.29809]]]}},{"type":"Feature","properties":{"h3":"8830c02447fffff","emd_code":"4872025000","emd_name":"의령읍","area_km2":0.5415,"edge":false,"slope_mean":6.17,"elev_mean":17.3,"flood_hist_n":0,"flood_depth_max_m":null,"flood_risk_100y":null,"semi_basement_r":null,"elderly_alone_r":0.2042,"bldg_age30_r":null,"shelter_min_walk":47,"pop":8853,"hh":4658,"elderly65_r":0.2831,"single_hh_r":0.4946,"source_level":"emd","flood_years":[],"landslide_hist_n":0},"geometry":{"type":"Polygon","coordinates":[[[128.28453,35.2977],[128.28369,35.29385],[128.28788,35.29173],[128.29291,35.29346],[128.29375,35.29731],[128.28956,35.29943],[128.28453,35.2977]]]}},{"type":"Feature","properties":{"h3":"8830c02449fffff","emd_code":"4872025000","emd_name":"의령읍","area_km2":0.5413,"edge":false,"slope_mean":19.22,"elev_mean":80.3,"flood_hist_n":0,"flood_depth_max_m":null,"flood_risk_100y":null,"semi_basement_r":null,"elderly_alone_r":0.2042,"bldg_age30_r":null,"shelter_min_walk":26,"pop":8853,"hh":4658,"elderly65_r":0.2831,"single_hh_r":0.4946,"source_level":"emd","flood_years":[],"landslide_hist_n":0},"geometry":{"type":"Polygon","coordinates":[[[128.27785,35.30963],[128.27701,35.30578],[128.28119,35.30366],[128.28622,35.30539],[128.28707,35.30924],[128.28288,35.31136],[128.27785,35.30963]]]}},{"type":"Feature","properties":{"h3":"8830c0244bfffff","emd_code":"4872025000","emd_name":"의령읍","area_km2":0.5413,"edge":true,"slope_mean":5.4,"elev_mean":18.5,"flood_hist_n":0,"flood_depth_max_m":null,"flood_risk_100y":null,"semi_basement_r":null,"elderly_alone_r":0.2042,"bldg_age30_r":null,"shelter_min_walk":37,"pop":8853,"hh":4658,"elderly65_r":0.2831,"single_hh_r":0.4946,"source_level":"emd","flood_years":[],"landslide_hist_n":0},"geometry":{"type":"Polygon","coordinates":[[[128.28707,35.30924],[128.28622,35.30539],[128.29041,35.30328],[128.29544,35.30501],[128.29629,35.30885],[128.2921,35.31097],[128.28707,35.30924]]]}},{"type":"Feature","properties":{"h3":"8830c0244dfffff","emd_code":"4872025000","emd_name":"의령읍","area_km2":0.5413,"edge":false,"slope_mean":21.83,"elev_mean":112.5,"flood_hist_n":0,"flood_depth_max_m":null,"flood_risk_100y":null,"semi_basement_r":null,"elderly_alone_r":0.2042,"bldg_age30_r":null,"shelter_min_walk":29,"pop":8853,"hh":4658,"elderly65_r":0.2831,"single_hh_r":0.4946,"source_level":"emd","flood_years":[],"landslide_hist_n":0},"geometry":{"type":"Polygon","coordinates":[[[128.27198,35.30405],[128.27113,35.3002],[128.27532,35.29809],[128.28035,35.29982],[128.28119,35.30366],[128.27701,35.30578],[128.27198,35.30405]]]}},{"type":"Feature","properties":{"h3":"8830c02461fffff","emd_code":"4872025000","emd_name":"의령읍","area_km2":0.5416,"edge":false,"slope_mean":21.85,"elev_mean":134.5,"flood_hist_n":0,"flood_depth_max_m":null,"flood_risk_100y":null,"semi_basement_r":null,"elderly_alone_r":0.2042,"bldg_age30_r":null,"shelter_min_walk":57,"pop":8853,"hh":4658,"elderly65_r":0.2831,"single_hh_r":0.4946,"source_level":"emd","flood_years":[],"landslide_hist_n":0},"geometry":{"type":"Polygon","coordinates":[[[128.27278,35.28654],[128.27194,35.28269],[128.27613,35.28057],[128.28116,35.2823],[128.282,35.28615],[128.27781,35.28827],[128.27278,35.28654]]]}},{"type":"Feature","properties":{"h3":"8830c02463fffff","emd_code":"4872025000","emd_name":"의령읍","area_km2":0.5417,"edge":false,"slope_mean":10.45,"elev_mean":32.7,"flood_hist_n":0,"flood_depth_max_m":null,"flood_risk_100y":null,"semi_basement_r":null,"elderly_alone_r":0.2042,"bldg_age30_r":null,"shelter_min_walk":62,"pop":8853,"hh":4658,"elderly65_r":0.2831,"single_hh_r":0.4946,"source_level":"emd","flood_years":[],"landslide_hist_n":0},"geometry":{"type":"Polygon","coordinates":[[[128.282,35.28615],[128.28116,35.2823],[128.28534,35.28019],[128.29037,35.28192],[128.29122,35.28577],[128.28703,35.28788],[128.282,35.28615]]]}},{"type":"Feature","properties":{"h3":"8830c02465fffff","emd_code":"4872025000","emd_name":"의령읍","area_km2":0.5417,"edge":false,"slope_mean":22.27,"elev_mean":141.7,"flood_hist_n":0,"flood_depth_max_m":null,"flood_risk_100y":null,"semi_basement_r":null,"elderly_alone_r":0.2042,"bldg_age30_r":null,"shelter_min_walk":65,"pop":8853,"hh":4658,"elderly65_r":0.2831,"single_hh_r":0.4946,"source_level":"emd","flood_years":[],"landslide_hist_n":0},"geometry":{"type":"Polygon","coordinates":[[[128.26691,35.28096],[128.26607,35.27711],[128.27025,35.27499],[128.27528,35.27672],[128.27613,35.28057],[128.27194,35.28269],[128.26691,35.28096]]]}},{"type":"Feature","properties":{"h3":"8830c02467fffff","emd_code":"4872025000","emd_name":"의령읍","area_km2":0.5417,"edge":false,"slope_mean":19.38,"elev_mean":78.9,"flood_hist_n":0,"flood_depth_max_m":null,"flood_risk_100y":null,"semi_basement_r":null,"elderly_alone_r":0.2042,"bldg_age30_r":null,"shelter_min_walk":68,"pop":8853,"hh":4658,"elderly65_r":0.2831,"single_hh_r":0.4946,"source_level":"emd","flood_years":[],"landslide_hist_n":0},"geometry":{"type":"Polygon","coordinates":[[[128.27613,35.28057],[128.27528,35.27672],[128.27947,35.27461],[128.2845,35.27634],[128.28534,35.28019],[128.28116,35.2823],[128.27613,35.28057]]]}},{"type":"Feature","properties":{"h3":"8830c02469fffff","emd_code":"4872025000","emd_name":"의령읍","area_km2":0.5415,"edge":false,"slope_mean":22.57,"elev_mean":180.5,"flood_hist_n":0,"flood_depth_max_m":null,"flood_risk_100y":null,"semi_basement_r":null,"elderly_alone_r":0.2042,"bldg_age30_r":null,"shelter_min_walk":46,"pop":8853,"hh":4658,"elderly65_r":0.2831,"single_hh_r":0.4946,"source_level":"emd","flood_years":[],"landslide_hist_n":0},"geometry":{"type":"Polygon","coordinates":[[[128.26944,35.29251],[128.2686,35.28866],[128.27278,35.28654],[128.27781,35.28827],[128.27866,35.29212],[128.27447,35.29424],[128.26944,35.29251]]]}},{"type":"Feature","properties":{"h3":"8830c0246bfffff","emd_code":"4872025000","emd_name":"의령읍","area_km2":0.5416,"edge":false,"slope_mean":17.93,"elev_mean":80.6,"flood_hist_n":0,"flood_depth_max_m":null,"flood_risk_100y":null,"semi_basement_r":null,"elderly_alone_r":0.2042,"bldg_age30_r":null,"shelter_min_walk":51,"pop":8853,"hh":4658,"elderly65_r":0.2831,"single_hh_r":0.4946,"source_level":"emd","flood_years":[],"landslide_hist_n":0},"geometry":{"type":"Polygon","coordinates":[[[128.27866,35.29212],[128.27781,35.28827],[128.282,35.28615],[128.28703,35.28788],[128.28788,35.29173],[128.28369,35.29385],[128.27866,35.29212]]]}},{"type":"Feature","properties":{"h3":"8830c0246dfffff","emd_code":"4872025000","emd_name":"의령읍","area_km2":0.5416,"edge":false,"slope_mean":22.39,"elev_mean":137.1,"flood_hist_n":0,"flood_depth_max_m":null,"flood_risk_100y":null,"semi_basement_r":null,"elderly_alone_r":0.2042,"bldg_age30_r":null,"shelter_min_walk":54,"pop":8853,"hh":4658,"elderly65_r":0.2831,"single_hh_r":0.4946,"source_level":"emd","flood_years":[],"landslide_hist_n":0},"geometry":{"type":"Polygon","coordinates":[[[128.26357,35.28693],[128.26272,35.28308],[128.26691,35.28096],[128.27194,35.28269],[128.27278,35.28654],[128.2686,35.28866],[128.26357,35.28693]]]}},{"type":"Feature","properties":{"h3":"8830c02509fffff","emd_code":"4872034000","emd_name":"화정면","area_km2":0.542,"edge":true,"slope_mean":3.95,"elev_mean":15.3,"flood_hist_n":0,"flood_depth_max_m":null,"flood_risk_100y":null,"semi_basement_r":null,"elderly_alone_r":0.3659,"bldg_age30_r":null,"shelter_min_walk":100,"pop":1422,"hh":910,"elderly65_r":0.5162,"single_hh_r":0.6132,"source_level":"emd","flood_years":[],"landslide_hist_n":0},"geometry":{"type":"Polygon","coordinates":[[[128.25263,35.25825],[128.25179,35.2544],[128.25597,35.25228],[128.261,35.25401],[128.26184,35.25786],[128.25766,35.25998],[128.25263,35.25825]]]}},{"type":"Feature","properties":{"h3":"8830c0250bfffff","emd_code":"4872034000","emd_name":"화정면","area_km2":0.542,"edge":true,"slope_mean":6.45,"elev_mean":22.4,"flood_hist_n":1,"flood_depth_max_m":0.3,"flood_risk_100y":null,"semi_basement_r":null,"elderly_alone_r":0.3659,"bldg_age30_r":null,"shelter_min_walk":101,"pop":1422,"hh":910,"elderly65_r":0.5162,"single_hh_r":0.6132,"source_level":"emd","flood_years":[2019],"landslide_hist_n":0},"geometry":{"type":"Polygon","coordinates":[[[128.26184,35.25786],[128.261,35.25401],[128.26519,35.25189],[128.27022,35.25362],[128.27106,35.25747],[128.26687,35.25959],[128.26184,35.25786]]]}},{"type":"Feature","properties":{"h3":"8830c0251dfffff","emd_code":"4872034000","emd_name":"화정면","area_km2":0.5421,"edge":true,"slope_mean":9.79,"elev_mean":31.9,"flood_hist_n":0,"flood_depth_max_m":null,"flood_risk_100y":null,"semi_basement_r":null,"elderly_alone_r":0.3659,"bldg_age30_r":null,"shelter_min_walk":104,"pop":1422,"hh":910,"elderly65_r":0.5162,"single_hh_r":0.6132,"source_level":"emd","flood_years":[],"landslide_hist_n":0},"geometry":{"type":"Polygon","coordinates":[[[128.27106,35.25747],[128.27022,35.25362],[128.2744,35.2515],[128.27943,35.25323],[128.28028,35.25708],[128.27609,35.2592],[128.27106,35.25747]]]}},{"type":"Feature","properties":{"h3":"8830c02541fffff","emd_code":"4872034000","emd_name":"화정면","area_km2":0.5418,"edge":false,"slope_mean":11.26,"elev_mean":34.2,"flood_hist_n":0,"flood_depth_max_m":null,"flood_risk_100y":null,"semi_basement_r":null,"elderly_alone_r":0.3659,"bldg_age30_r":null,"shelter_min_walk":91,"pop":1422,"hh":910,"elderly65_r":0.5162,"single_hh_r":0.6132,"source_level":"emd","flood_years":[],"landslide_hist_n":0},"geometry":{"type":"Polygon","coordinates":[[[128.24007,35.2646],[128.23923,35.26075],[128.24342,35.25863],[128.24844,35.26037],[128.24929,35.26422],[128.2451,35.26633],[128.24007,35.2646]]]}},{"type":"Feature","properties":{"h3":"8830c02543fffff","emd_code":"4872034000","emd_name":"화정면","area_km2":0.5419,"edge":false,"slope_mean":17.53,"elev_mean":65.8,"flood_hist_n":0,"flood_depth_max_m":null,"flood_risk_100y":null,"semi_basement_r":null,"elderly_alone_r":0.3659,"bldg_age30_r":null,"shelter_min_walk":90,"pop":1422,"hh":910,"elderly65_r":0.5162,"single_hh_r":0.6132,"source_level":"emd","flood_years":[],"landslide_hist_n":0},"geometry":{"type":"Polygon","coordinates":[[[128.24929,35.26422],[128.24844,35.26037],[128.25263,35.25825],[128.25766,35.25998],[128.2585,35.26383],[128.25432,35.26595],[128.24929,35.26422]]]}},{"type":"Feature","properties":{"h3":"8830c02545fffff","emd_code":"4872034000","emd_name":"화정면","area_km2":0.5419,"edge":false,"slope_mean":2.54,"elev_mean":14.3,"flood_hist_n":0,"flood_depth_max_m":null,"flood_risk_100y":null,"semi_basement_r":null,"elderly_alone_r":0.3659,"bldg_age30_r":null,"shelter_min_walk":102,"pop":1422,"hh":910,"elderly65_r":0.5162,"single_hh_r":0.6132,"source_level":"emd","flood_years":[],"landslide_hist_n":0},"geometry":{"type":"Polygon","coordinates":[[[128.2342,35.25902],[128.23336,35.25517],[128.23754,35.25305],[128.24257,35.25478],[128.24342,35.25863],[128.23923,35.26075],[128.2342,35.25902]]]}},{"type":"Feature","properties":{"h3":"8830c02547fffff","emd_code":"4872034000","emd_name":"화정면","area_km2":0.5419,"edge":false,"slope_mean":3.58,"elev_mean":14.6,"flood_hist_n":0,"flood_depth_max_m":null,"flood_risk_100y":null,"semi_basement_r":null,"elderly_alone_r":0.3659,"bldg_age30_r":null,"shelter_min_walk":100,"pop":1422,"hh":910,"elderly65_r":0.5162,"single_hh_r":0.6132,"source_level":"emd","flood_years":[],"landslide_hist_n":0},"geometry":{"type":"Polygon","coordinates":[[[128.24342,35.25863],[128.24257,35.25478],[128.24676,35.25266],[128.25179,35.2544],[128.25263,35.25825],[128.24844,35.26037],[128.24342,35.25863]]]}},{"type":"Feature","properties":{"h3":"8830c02549fffff","emd_code":"4872034000","emd_name":"화정면","area_km2":0.5417,"edge":false,"slope_mean":18.52,"elev_mean":73.6,"flood_hist_n":0,"flood_depth_max_m":null,"flood_risk_100y":null,"semi_basement_r":null,"elderly_alone_r":0.3659,"bldg_age30_r":null,"shelter_min_walk":82,"pop":1422,"hh":910,"elderly65_r":0.5162,"single_hh_r":0.6132,"source_level":"emd","flood_years":[],"landslide_hist_n":0},"geometry":{"type":"Polygon","coordinates":[[[128.23673,35.27057],[128.23589,35.26672],[128.24007,35.2646],[128.2451,35.26633],[128.24595,35.27018],[128.24176,35.2723],[128.23673,35.27057]]]}},{"type":"Feature","properties":{"h3":"8830c0254bfffff","emd_code":"4872034000","emd_name":"화정면","area_km2":0.5418,"edge":false,"slope_mean":23.31,"elev_mean":113.7,"flood_hist_n":0,"flood_depth_max_m":null,"flood_risk_100y":null,"semi_basement_r":null,"elderly_alone_r":0.3659,"bldg_age30_r":null,"shelter_min_walk":80,"pop":1422,"hh":910,"elderly65_r":0.5162,"single_hh_r":0.6132,"source_level":"emd","flood_years":[],"landslide_hist_n":0},"geometry":{"type":"Polygon","coordinates":[[[128.24595,35.27018],[128.2451,35.26633],[128.24929,35.26422],[128.25432,35.26595],[128.25516,35.2698],[128.25098,35.27192],[128.24595,35.27018]]]}},{"type":"Feature","properties":{"h3":"8830c0254dfffff","emd_code":"4872034000","emd_name":"화정면","area_km2":0.5418,"edge":false,"slope_mean":9.96,"elev_mean":32.3,"flood_hist_n":0,"flood_depth_max_m":null,"flood_risk_100y":null,"semi_basement_r":null,"elderly_alone_r":0.3659,"bldg_age30_r":null,"shelter_min_walk":94,"pop":1422,"hh":910,"elderly65_r":0.5162,"single_hh_r":0.6132,"source_level":"emd","flood_years":[],"landslide_hist_n":0},"geometry":{"type":"Polygon","coordinates":[[[128.23086,35.26499],[128.23002,35.26114],[128.2342,35.25902],[128.23923,35.26075],[128.24007,35.2646],[128.23589,35.26672],[128.23086,35.26499]]]}},{"type":"Feature","properties":{"h3":"8830c02551fffff","emd_code":"4872034000","emd_name":"화정면","area_km2":0.5419,"edge":false,"slope_mean":9.5,"elev_mean":29.3,"flood_hist_n":0,"flood_depth_max_m":null,"flood_risk_100y":null,"semi_basement_r":null,"elderly_alone_r":0.3659,"bldg_age30_r":null,"shelter_min_walk":82,"pop":1422,"hh":910,"elderly65_r":0.5162,"single_hh_r":0.6132,"source_level":"emd","flood_years":[],"landslide_hist_n":0},"geometry":{"type":"Polygon","coordinates":[[[128.26438,35.26941],[128.26353,35.26556],[128.26772,35.26344],[128.27275,35.26517],[128.27359,35.26902],[128.26941,35.27114],[128.26438,35.26941]]]}},{"type":"Feature","properties":{"h3":"8830c02553fffff","emd_code":"4872034000","emd_name":"화정면","area_km2":0.5419,"edge":false,"slope_mean":4.22,"elev_mean":18.3,"flood_hist_n":0,"flood_depth_max_m":null,"flood_risk_100y":null,"semi_basement_r":null,"elderly_alone_r":0.3659,"bldg_age30_r":null,"shelter_min_walk":86,"pop":1422,"hh":910,"elderly65_r":0.5162,"single_hh_r":0.6132,"source_level":"emd","flood_years":[],"landslide_hist_n":0},"geometry":{"type":"Polygon","coordinates":[[[128.27359,35.26902],[128.27275,35.26517],[128.27693,35.26306],[128.28196,35.26479],[128.28281,35.26864],[128.27862,35.27076],[128.27359,35.26902]]]}},{"type":"Feature","properties":{"h3":"8830c02555fffff","emd_code":"4872034000","emd_name":"화정면","area_km2":0.5419,"edge":false,"slope_mean":20.2,"elev_mean":66.2,"flood_hist_n":0,"flood_depth_max_m":null,"flood_risk_100y":null,"semi_basement_r":null,"elderly_alone_r":0.3659,"bldg_age30_r":null,"shelter_min_walk":91,"pop":1422,"hh":910,"elderly65_r":0.5162,"single_hh_r":0.6132,"source_level":"emd","flood_years":[],"landslide_hist_n":0},"geometry":{"type":"Polygon","coordinates":[[[128.2585,35.26383],[128.25766,35.25998],[128.26184,35.25786],[128.26687,35.25959],[128.26772,35.26344],[128.26353,35.26556],[128.2585,35.26383]]]}},{"type":"Feature","properties":{"h3":"8830c02557fffff","emd_code":"4872034000","emd_name":"화정면","area_km2":0.542,"edge":false,"slope_mean":6.22,"elev_mean":20.4,"flood_hist_n":0,"flood_depth_max_m":null,"flood_risk_100y":null,"semi_basement_r":null,"elderly_alone_r":0.3659,"bldg_age30_r":null,"shelter_min_walk":93,"pop":1422,"hh":910,"elderly65_r":0.5162,"single_hh_r":0.6132,"source_level":"emd","flood_years":[],"landslide_hist_n":0},"geometry":{"type":"Polygon","coordinates":[[[128.26772,35.26344],[128.26687,35.25959],[128.27106,35.25747],[128.27609,35.2592],[128.27693,35.26306],[128.27275,35.26517],[128.26772,35.26344]]]}},{"type":"Feature","properties":{"h3":"8830c02559fffff","emd_code":"4872034000","emd_name":"화정면","area_km2":0.5417,"edge":false,"slope_mean":21.03,"elev_mean":87.0,"flood_hist_n":0,"flood_depth_max_m":null,"flood_risk_100y":null,"semi_basement_r":null,"elderly_alone_r":0.3659,"bldg_age30_r":null,"shelter_min_walk":72,"pop":1422,"hh":910,"elderly65_r":0.5162,"single_hh_r":0.6132,"source_level":"emd","flood_years":[],"landslide_hist_n":0},"geometry":{"type":"Polygon","coordinates":[[[128.26104,35.27538],[128.26019,35.27153],[128.26438,35.26941],[128.26941,35.27114],[128.27025,35.27499],[128.26607,35.27711],[128.26104,35.27538]]]}},{"type":"Feature","properties":{"h3":"8830c0255bfffff","emd_code":"4872034000","emd_name":"화정면","area_km2":0.5418,"edge":false,"slope_mean":14.6,"elev_mean":48.3,"flood_hist_n":0,"flood_depth_max_m":null,"flood_risk_100y":null,"semi_basement_r":null,"elderly_alone_r":0.3659,"bldg_age30_r":null,"shelter_min_walk":75,"pop":1422,"hh":910,"elderly65_r":0.5162,"single_hh_r":0.6132,"source_level":"emd","flood_years":[],"landslide_hist_n":0},"geometry":{"type":"Polygon","coordinates":[[[128.27025,35.27499],[128.26941,35.27114],[128.27359,35.26902],[128.27862,35.27076],[128.27947,35.27461],[128.27528,35.27672],[128.27025,35.27499]]]}},{"type":"Feature","properties":{"h3":"8830c0255dfffff","emd_code":"4872034000","emd_name":"화정면","area_km2":0.5418,"edge":false,"slope_mean":19.42,"elev_mean":74.9,"flood_hist_n":0,"flood_depth_max_m":null,"flood_risk_100y":null,"semi_basement_r":null,"elderly_alone_r":0.3659,"bldg_age30_r":null,"shelter_min_walk":80,"pop":1422,"hh":910,"elderly65_r":0.5162,"single_hh_r":0.6132,"source_level":"emd","flood_years":[],"landslide_hist_n":0},"geometry":{"type":"Polygon","coordinates":[[[128.25516,35.2698],[128.25432,35.26595],[128.2585,35.26383],[128.26353,35.26556],[128.26438,35.26941],[128.26019,35.27153],[128.25516,35.2698]]]}},{"type":"Feature","properties":{"h3":"8830c02569fffff","emd_code":"4872034000","emd_name":"화정면","area_km2":0.542,"edge":true,"slope_mean":16.64,"elev_mean":62.0,"flood_hist_n":0,"flood_depth_max_m":null,"flood_risk_100y":null,"semi_basement_r":null,"elderly_alone_r":0.3659,"bldg_age30_r":null,"shelter_min_walk":113,"pop":1422,"hh":910,"elderly65_r":0.5162,"single_hh_r":0.6132,"source_level":"emd","flood_years":[],"landslide_hist_n":0},"geometry":{"type":"Polygon","coordinates":[[[128.22833,35.25343],[128.22749,35.24958],[128.23167,35.24746],[128.2367,35.2492],[128.23754,35.25305],[128.23336,35.25517],[128.22833,35.25343]]]}},{"type":"Feature","properties":{"h3":"8830c0256bfffff","emd_code":"4872034000","emd_name":"화정면","area_km2":0.542,"edge":true,"slope_mean":13.22,"elev_mean":36.2,"flood_hist_n":0,"flood_depth_max_m":null,"flood_risk_100y":null,"semi_basement_r":null,"elderly_alone_r":0.3659,"bldg_age30_r":null,"shelter_min_walk":110,"pop":1422,"hh":910,"elderly65_r":0.5162,"single_hh_r":0.6132,"source_level":"emd","flood_years":[],"landslide_hist_n":0},"geometry":{"type":"Polygon","coordinates":[[[128.23754,35.25305],[128.2367,35.2492],[128.24088,35.24708],[128.24591,35.24881],[128.24676,35.25266],[128.24257,35.25478],[128.23754,35.25305]]]}},{"type":"Feature","properties":{"h3":"8830c02601fffff","emd_code":"4872035000","emd_name":"용덕면","area_km2":0.5408,"edge":false,"slope_mean":10.05,"elev_mean":31.9,"flood_hist_n":0,"flood_depth_max_m":null,"flood_risk_100y":null,"semi_basement_r":null,"elderly_alone_r":0.3566,"bldg_age30_r":null,"shelter_min_walk":20,"pop":1371,"hh":889,"elderly65_r":0.5383,"single_hh_r":0.6029,"source_level":"emd","flood_years":[],"landslide_hist_n":0},"geometry":{"type":"Polygon","coordinates":[[[128.2737,35.33309],[128.27286,35.32925],[128.27704,35.32713],[128.28207,35.32886],[128.28292,35.3327],[128.27873,35.33482],[128.2737,35.33309]]]}},{"type":"Feature","properties":{"h3":"8830c02603fffff","emd_code":"4872035000","emd_name":"용덕면","area_km2":0.5409,"edge":false,"slope_mean":9.45,"elev_mean":24.7,"flood_hist_n":0,"flood_depth_max_m":null,"flood_risk_100y":null,"semi_basement_r":null,"elderly_alone_r":0.3566,"bldg_age30_r":null,"shelter_min_walk":29,"pop":1371,"hh":889,"elderly65_r":0.5383,"single_hh_r":0.6029,"source_level":"emd","flood_years":[],"landslide_hist_n":0},"geometry":{"type":"Polygon","coordinates":[[[128.28292,35.3327],[128.28207,35.32886],[128.28626,35.32674],[128.29129,35.32847],[128.29214,35.33232],[128.28795,35.33443],[128.28292,35.3327]]]}},{"type":"Feature","properties":{"h3":"8830c02605fffff","emd_code":"4872025000","emd_name":"의령읍","area_km2":0.5409,"edge":false,"slope_mean":12.1,"elev_mean":37.9,"flood_hist_n":0,"flood_depth_max_m":null,"flood_risk_100y":null,"semi_basement_r":null,"elderly_alone_r":0.2042,"bldg_age30_r":null,"shelter_min_walk":8,"pop":8853,"hh":4658,"elderly65_r":0.2831,"single_hh_r":0.4946,"source_level":"emd","flood_years":[],"landslide_hist_n":0},"geometry":{"type":"Polygon","coordinates":[[[128.26783,35.32752],[128.26698,35.32367],[128.27117,35.32155],[128.2762,35.32328],[128.27704,35.32713],[128.27286,35.32925],[128.26783,35.32752]]]}},{"type":"Feature","properties":{"h3":"8830c02607fffff","emd_code":"4872025000","emd_name":"의령읍","area_km2":0.541,"edge":false,"slope_mean":4.92,"elev_mean":17.7,"flood_hist_n":0,"flood_depth_max_m":null,"flood_risk_100y":null,"semi_basement_r":null,"elderly_alone_r":0.2042,"bldg_age30_r":null,"shelter_min_walk":18,"pop":8853,"hh":4658,"elderly65_r":0.2831,"single_hh_r":0.4946,"source_level":"emd","flood_years":[],"landslide_hist_n":0},"geometry":{"type":"Polygon","coordinates":[[[128.27704,35.32713],[128.2762,35.32328],[128.28038,35.32117],[128.28542,35.3229],[128.28626,35.32674],[128.28207,35.32886],[128.27704,35.32713]]]}},{"type":"Feature","properties":{"h3":"8830c02609fffff","emd_code":"4872035000","emd_name":"용덕면","area_km2":0.5407,"edge":false,"slope_mean":9.9,"elev_mean":39.6,"flood_hist_n":0,"flood_depth_max_m":null,"flood_risk_100y":null,"semi_basement_r":null,"elderly_alone_r":0.3566,"bldg_age30_r":null,"shelter_min_walk":28,"pop":1371,"hh":889,"elderly65_r":0.5383,"single_hh_r":0.6029,"source_level":"emd","flood_years":[],"landslide_hist_n":0},"geometry":{"type":"Polygon","coordinates":[[[128.27036,35.33905],[128.26951,35.33521],[128.2737,35.33309],[128.27873,35.33482],[128.27958,35.33867],[128.27539,35.34078],[128.27036,35.33905]]]}},{"type":"Feature","properties":{"h3":"8830c0260bfffff","emd_code":"4872035000","emd_name":"용덕면","area_km2":0.5408,"edge":false,"slope_mean":11.83,"elev_mean":34.7,"flood_hist_n":0,"flood_depth_max_m":null,"flood_risk_100y":null,"semi_basement_r":null,"elderly_alone_r":0.3566,"bldg_age30_r":null,"shelter_min_walk":33,"pop":1371,"hh":889,"elderly65_r":0.5383,"single_hh_r":0.6029,"source_level":"emd","flood_years":[],"landslide_hist_n":0},"geometry":{"type":"Polygon","coordinates":[[[128.27958,35.33867],[128.27873,35.33482],[128.28292,35.3327],[128.28795,35.33443],[128.28879,35.33828],[128.28461,35.34039],[128.27958,35.33867]]]}},{"type":"Feature","properties":{"h3":"8830c0260dfffff","emd_code":"4872025000","emd_name":"의령읍","area_km2":0.5408,"edge":false,"slope_mean":16.49,"elev_mean":68.2,"flood_hist_n":0,"flood_depth_max_m":null,"flood_risk_100y":null,"semi_basement_r":null,"elderly_alone_r":0.2042,"bldg_age30_r":null,"shelter_min_walk":18,"pop":8853,"hh":4658,"elderly65_r":0.2831,"single_hh_r":0.4946,"source_level":"emd","flood_years":[],"landslide_hist_n":0},"geometry":{"type":"Polygon","coordinates":[[[128.26448,35.33348],[128.26364,35.32963],[128.26783,35.32752],[128.27286,35.32925],[128.2737,35.33309],[128.26951,35.33521],[128.26448,35.33348]]]}},{"type":"Feature","properties":{"h3":"8830c02611fffff","emd_code":"4872035000","emd_name":"용덕면","area_km2":0.5409,"edge":false,"slope_mean":12.67,"elev_mean":27.7,"flood_hist_n":0,"flood_depth_max_m":null,"flood_risk_100y":null,"semi_basement_r":null,"elderly_alone_r":0.3566,"bldg_age30_r":null,"shelter_min_walk":51,"pop":1371,"hh":889,"elderly65_r":0.5383,"single_hh_r":0.6029,"source_level":"emd","flood_years":[],"landslide_hist_n":0},"geometry":{"type":"Polygon","coordinates":[[[128.29801,35.33789],[128.29717,35.33405],[128.30135,35.33193],[128.30639,35.33366],[128.30723,35.33751],[128.30304,35.33962],[128.29801,35.33789]]]}},{"type":"Feature","properties":{"h3":"8830c02613fffff","emd_code":"4872035000","emd_name":"용덕면","area_km2":0.5409,"edge":false,"slope_mean":3.17,"elev_mean":11.2,"flood_hist_n":0,"flood_depth_max_m":null,"flood_risk_100y":null,"semi_basement_r":null,"elderly_alone_r":0.3566,"bldg_age30_r":null,"shelter_min_walk":62,"pop":1371,"hh":889,"elderly65_r":0.5383,"single_hh_r":0.6029,"source_level":"emd","flood_years":[],"landslide_hist_n":0},"geometry":{"type":"Polygon","coordinates":[[[128.30723,35.33751],[128.30639,35.33366],[128.31057,35.33154],[128.3156,35.33327],[128.31645,35.33712],[128.31226,35.33923],[128.30723,35.33751]]]}},{"type":"Feature","properties":{"h3":"8830c02615fffff","emd_code":"4872035000","emd_name":"용덕면","area_km2":0.5409,"edge":false,"slope_mean":7.5,"elev_mean":20.8,"flood_hist_n":0,"flood_depth_max_m":null,"flood_risk_100y":null,"semi_basement_r":null,"elderly_alone_r":0.3566,"bldg_age30_r":null,"shelter_min_walk":40,"pop":1371,"hh":889,"elderly65_r":0.5383,"single_hh_r":0.6029,"source_level":"emd","flood_years":[],"landslide_hist_n":0},"geometry":{"type":"Polygon","coordinates":[[[128.29214,35.33232],[128.29129,35.32847],[128.29548,35.32636],[128.30051,35.32809],[128.30135,35.33193],[128.29717,35.33405],[128.29214,35.33232]]]}},{"type":"Feature","properties":{"h3":"8830c02617fffff","emd_code":"4872035000","emd_name":"용덕면","area_km2":0.541,"edge":false,"slope_mean":3.99,"elev_mean":14.8,"flood_hist_n":0,"flood_depth_max_m":null,"flood_risk_100y":null,"semi_basement_r":null,"elderly_alone_r":0.3566,"bldg_age30_r":null,"shelter_min_walk":51,"pop":1371,"hh":889,"elderly65_r":0.5383,"single_hh_r":0.6029,"source_level":"emd","flood_years":[],"landslide_hist_n":0},"geometry":{"type":"Polygon","coordinates":[[[128.30135,35.33193],[128.30051,35.32809],[128.3047,35.32597],[128.30973,35.3277],[128.31057,35.33154],[128.30639,35.33366],[128.30135,35.33193]]]}},{"type":"Feature","properties":{"h3":"8830c02619fffff","emd_code":"4872035000","emd_name":"용덕면","area_km2":0.5408,"edge":false,"slope_mean":11.5,"elev_mean":31.3,"flood_hist_n":0,"flood_depth_max_m":null,"flood_risk_100y":null,"semi_basement_r":null,"elderly_alone_r":0.3566,"bldg_age30_r":null,"shelter_min_walk":53,"pop":1371,"hh":889,"elderly65_r":0.5383,"single_hh_r":0.6029,"source_level":"emd","flood_years":[],"landslide_hist_n":0},"geometry":{"type":"Polygon","coordinates":[[[128.29467,35.34385],[128.29383,35.34001],[128.29801,35.33789],[128.30304,35.33962],[128.30389,35.34347],[128.2997,35.34558],[128.29467,35.34385]]]}},{"type":"Feature","properties":{"h3":"8830c0261bfffff","emd_code":"4872035000","emd_name":"용덕면","area_km2":0.5408,"edge":false,"slope_mean":6.83,"elev_mean":16.0,"flood_hist_n":0,"flood_depth_max_m":null,"flood_risk_100y":null,"semi_basement_r":null,"elderly_alone_r":0.3566,"bldg_age30_r":null,"shelter_min_walk":63,"pop":1371,"hh":889,"elderly65_r":0.5383,"single_hh_r":0.6029,"source_level":"emd","flood_years":[],"landslide_hist_n":0},"geometry":{"type":"Polygon","coordinates":[[[128.30389,35.34347],[128.30304,35.33962],[128.30723,35.33751],[128.31226,35.33923],[128.31311,35.34308],[128.30892,35.34519],[128.30389,35.34347]]]}},{"type":"Feature","properties":{"h3":"8830c0261dfffff","emd_code":"4872035000","emd_name":"용덕면","area_km2":0.5408,"edge":false,"slope_mean":10.47,"elev_mean":27.4,"flood_hist_n":0,"flood_depth_max_m":null,"flood_risk_100y":null,"semi_basement_r":null,"elderly_alone_r":0.3566,"bldg_age30_r":null,"shelter_min_walk":41,"pop":1371,"hh":889,"elderly65_r":0.5383,"single_hh_r":0.6029,"source_level":"emd","flood_years":[],"landslide_hist_n":0},"geometry":{"type":"Polygon","coordinates":[[[128.28879,35.33828],[128.28795,35.33443],[128.29214,35.33232],[128.29717,35.33405],[128.29801,35.33789],[128.29383,35.34001],[128.28879,35.33828]]]}},{"type":"Feature","properties":{"h3":"8830c02621fffff","emd_code":"4872025000","emd_name":"의령읍","area_km2":0.5411,"edge":false,"slope_mean":18.33,"elev_mean":69.5,"flood_hist_n":0,"flood_depth_max_m":null,"flood_risk_100y":null,"semi_basement_r":null,"elderly_alone_r":0.2042,"bldg_age30_r":null,"shelter_min_walk":7,"pop":8853,"hh":4658,"elderly65_r":0.2831,"single_hh_r":0.4946,"source_level":"emd","flood_years":[],"landslide_hist_n":0},"geometry":{"type":"Polygon","coordinates":[[[128.26529,35.31598],[128.26445,35.31213],[128.26863,35.31001],[128.27366,35.31174],[128.27451,35.31559],[128.27032,35.31771],[128.26529,35.31598]]]}},{"type":"Feature","properties":{"h3":"8830c02623fffff","emd_code":"4872025000","emd_name":"의령읍","area_km2":0.5411,"edge":false,"slope_mean":15.55,"elev_mean":50.9,"flood_hist_n":0,"flood_depth_max_m":null,"flood_risk_100y":null,"semi_basement_r":null,"elderly_alone_r":0.2042,"bldg_age30_r":null,"shelter_min_walk":17,"pop":8853,"hh":4658,"elderly65_r":0.2831,"single_hh_r":0.4946,"source_level":"emd","flood_years":[],"landslide_hist_n":0},"geometry":{"type":"Polygon","coordinates":[[[128.27451,35.31559],[128.27366,35.31174],[128.27785,35.30963],[128.28288,35.31136],[128.28373,35.3152],[128.27954,35.31732],[128.27451,35.31559]]]}},{"type":"Feature","properties":{"h3":"8830c02625fffff","emd_code":"4872025000","emd_name":"의령읍","area_km2":0.5412,"edge":false,"slope_mean":25.67,"elev_mean":166.7,"flood_hist_n":0,"flood_depth_max_m":null,"flood_risk_100y":null,"semi_basement_r":null,"elderly_alone_r":0.2042,"bldg_age30_r":null,"shelter_min_walk":15,"pop":8853,"hh":4658,"elderly65_r":0.2831,"single_hh_r":0.4946,"source_level":"emd","flood_years":[],"landslide_hist_n":0},"geometry":{"type":"Polygon","coordinates":[[[128.25942,35.3104],[128.25857,35.30655],[128.26276,35.30444],[128.26779,35.30617],[128.26863,35.31001],[128.26445,35.31213],[128.25942,35.3104]]]}},{"type":"Feature","properties":{"h3":"8830c02627fffff","emd_code":"4872025000","emd_name":"의령읍","area_km2":0.5412,"edge":false,"slope_mean":25.52,"elev_mean":132.9,"flood_hist_n":0,"flood_depth_max_m":null,"flood_risk_100y":null,"semi_basement_r":null,"elderly_alone_r":0.2042,"bldg_age30_r":null,"shelter_min_walk":18,"pop":8853,"hh":4658,"elderly65_r":0.2831,"single_hh_r":0.4946,"source_level":"emd","flood_years":[],"landslide_hist_n":0},"geometry":{"type":"Polygon","coordinates":[[[128.26863,35.31001],[128.26779,35.30617],[128.27198,35.30405],[128.27701,35.30578],[128.27785,35.30963],[128.27366,35.31174],[128.26863,35.31001]]]}},{"type":"Feature","properties":{"h3":"8830c02629fffff","emd_code":"4872025000","emd_name":"의령읍","area_km2":0.541,"edge":false,"slope_mean":3.73,"elev_mean":18.7,"flood_hist_n":0,"flood_depth_max_m":null,"flood_risk_100y":null,"semi_basement_r":null,"elderly_alone_r":0.2042,"bldg_age30_r":null,"shelter_min_walk":4,"pop":8853,"hh":4658,"elderly65_r":0.2831,"single_hh_r":0.4946,"source_level":"emd","flood_years":[],"landslide_hist_n":0},"geometry":{"type":"Polygon","coordinates":[[[128.26195,35.32194],[128.26111,35.31809],[128.26529,35.31598],[128.27032,35.31771],[128.27117,35.32155],[128.26698,35.32367],[128.26195,35.32194]]]}},{"type":"Feature","properties":{"h3":"8830c0262bfffff","emd_code":"4872025000","emd_name":"의령읍","area_km2":0.541,"edge":false,"slope_mean":2.32,"elev_mean":13.8,"flood_hist_n":0,"flood_depth_max_m":null,"flood_risk_100y":null,"semi_basement_r":null,"elderly_alone_r":0.2042,"bldg_age30_r":null,"shelter_min_walk":9,"pop":8853,"hh":4658,"elderly65_r":0.2831,"single_hh_r":0.4946,"source_level":"emd","flood_years":[],"landslide_hist_n":0},"geometry":{"type":"Polygon","coordinates":[[[128.27117,35.32155],[128.27032,35.31771],[128.27451,35.31559],[128.27954,35.31732],[128.28038,35.32117],[128.2762,35.32328],[128.27117,35.32155]]]}},{"type":"Feature","properties":{"h3":"8830c0262dfffff","emd_code":"4872025000","emd_name":"의령읍","area_km2":0.541,"edge":false,"slope_mean":16.9,"elev_mean":78.0,"flood_hist_n":0,"flood_depth_max_m":null,"flood_risk_100y":null,"semi_basement_r":null,"elderly_alone_r":0.2042,"bldg_age30_r":null,"shelter_min_walk":5,"pop":8853,"hh":4658,"elderly65_r":0.2831,"single_hh_r":0.4946,"source_level":"emd","flood_years":[],"landslide_hist_n":0},"geometry":{"type":"Polygon","coordinates":[[[128.25608,35.31636],[128.25523,35.31252],[128.25942,35.3104],[128.26445,35.31213],[128.26529,35.31598],[128.26111,35.31809],[128.25608,35.31636]]]}},{"type":"Feature","properties":{"h3":"8830c02631fffff","emd_code":"4872025000","emd_name":"의령읍","area_km2":0.5411,"edge":false,"slope_mean":1.85,"elev_mean":12.5,"flood_hist_n":0,"flood_depth_max_m":null,"flood_risk_100y":null,"semi_basement_r":null,"elderly_alone_r":0.2042,"bldg_age30_r":null,"shelter_min_walk":33,"pop":8853,"hh":4658,"elderly65_r":0.2831,"single_hh_r":0.4946,"source_level":"emd","flood_years":[],"landslide_hist_n":0},"geometry":{"type":"Polygon","coordinates":[[[128.2896,35.32078],[128.28876,35.31693],[128.29294,35.31482],[128.29797,35.31655],[128.29882,35.32039],[128.29463,35.32251],[128.2896,35.32078]]]}},{"type":"Feature","properties":{"h3":"8830c02633fffff","emd_code":"4872025000","emd_name":"의령읍","area_km2":0.5412,"edge":false,"slope_mean":2.11,"elev_mean":10.3,"flood_hist_n":0,"flood_depth_max_m":null,"flood_risk_100y":null,"semi_basement_r":null,"elderly_alone_r":0.2042,"bldg_age30_r":null,"shelter_min_walk":46,"pop":8853,"hh":4658,"elderly65_r":0.2831,"single_hh_r":0.4946,"source_level":"emd","flood_years":[],"landslide_hist_n":0},"geometry":{"type":"Polygon","coordinates":[[[128.29882,35.32039],[128.29797,35.31655],[128.30216,35.31443],[128.30719,35.31616],[128.30804,35.32001],[128.30385,35.32212],[128.29882,35.32039]]]}},{"type":"Feature","properties":{"h3":"8830c02635fffff","emd_code":"4872025000","emd_name":"의령읍","area_km2":0.5412,"edge":false,"slope_mean":15.71,"elev_mean":43.5,"flood_hist_n":0,"flood_depth_max_m":null,"flood_risk_100y":null,"semi_basement_r":null,"elderly_alone_r":0.2042,"bldg_age30_r":null,"shelter_min_walk":28,"pop":8853,"hh":4658,"elderly65_r":0.2831,"single_hh_r":0.4946,"source_level":"emd","flood_years":[],"landslide_hist_n":0},"geometry":{"type":"Polygon","coordinates":[[[128.28373,35.3152],[128.28288,35.31136],[128.28707,35.30924],[128.2921,35.31097],[128.29294,35.31482],[128.28876,35.31693],[128.28373,35.3152]]]}},{"type":"Feature","properties":{"h3":"8830c02637fffff","emd_code":"4872025000","emd_name":"의령읍","area_km2":0.5412,"edge":true,"slope_mean":2.54,"elev_mean":12.0,"flood_hist_n":0,"flood_depth_max_m":null,"flood_risk_100y":null,"semi_basement_r":null,"elderly_alone_r":0.2042,"bldg_age30_r":null,"shelter_min_walk":40,"pop":8853,"hh":4658,"elderly65_r":0.2831,"single_hh_r":0.4946,"source_level":"emd","flood_years":[],"landslide_hist_n":0},"geometry":{"type":"Polygon","coordinates":[[[128.29294,35.31482],[128.2921,35.31097],[128.29629,35.30885],[128.30132,35.31058],[128.30216,35.31443],[128.29797,35.31655],[128.29294,35.31482]]]}},{"type":"Feature","properties":{"h3":"8830c02639fffff","emd_code":"4872035000","emd_name":"용덕면","area_km2":0.541,"edge":false,"slope_mean":4.25,"elev_mean":15.7,"flood_hist_n":0,"flood_depth_max_m":null,"flood_risk_100y":null,"semi_basement_r":null,"elderly_alone_r":0.3566,"bldg_age30_r":null,"shelter_min_walk":29,"pop":1371,"hh":889,"elderly65_r":0.5383,"single_hh_r":0.6029,"source_level":"emd","flood_years":[],"landslide_hist_n":0},"geometry":{"type":"Polygon","coordinates":[[[128.28626,35.32674],[128.28542,35.3229],[128.2896,35.32078],[128.29463,35.32251],[128.29548,35.32636],[128.29129,35.32847],[128.28626,35.32674]]]}},{"type":"Feature","properties":{"h3":"8830c0263bfffff","emd_code":"4872035000","emd_name":"용덕면","area_km2":0.5411,"edge":false,"slope_mean":4.24,"elev_mean":15.1,"flood_hist_n":0,"flood_depth_max_m":null,"flood_risk_100y":null,"semi_basement_r":null,"elderly_alone_r":0.3566,"bldg_age30_r":null,"shelter_min_walk":42,"pop":1371,"hh":889,"elderly65_r":0.5383,"single_hh_r":0.6029,"source_level":"emd","flood_years":[],"landslide_hist_n":0},"geometry":{"type":"Polygon","coordinates":[[[128.29548,35.32636],[128.29463,35.32251],[128.29882,35.32039],[128.30385,35.32212],[128.3047,35.32597],[128.30051,35.32809],[128.29548,35.32636]]]}},{"type":"Feature","properties":{"h3":"8830c0263dfffff","emd_code":"4872025000","emd_name":"의령읍","area_km2":0.5411,"edge":false,"slope_mean":2.36,"elev_mean":12.7,"flood_hist_n":0,"flood_depth_max_m":null,"flood_risk_100y":null,"semi_basement_r":null,"elderly_alone_r":0.2042,"bldg_age30_r":null,"shelter_min_walk":21,"pop":8853,"hh":4658,"elderly65_r":0.2831,"single_hh_r":0.4946,"source_level":"emd","flood_years":[],"landslide_hist_n":0},"geometry":{"type":"Polygon","coordinates":[[[128.28038,35.32117],[128.27954,35.31732],[128.28373,35.3152],[128.28876,35.31693],[128.2896,35.32078],[128.28542,35.3229],[128.28038,35.32117]]]}},{"type":"Feature","properties":{"h3":"8830c02641fffff","emd_code":"4872035000","emd_name":"용덕면","area_km2":0.5406,"edge":false,"slope_mean":19.76,"elev_mean":103.0,"flood_hist_n":0,"flood_depth_max_m":null,"flood_risk_100y":null,"semi_basement_r":null,"elderly_alone_r":0.3566,"bldg_age30_r":null,"shelter_min_walk":35,"pop":1371,"hh":889,"elderly65_r":0.5383,"single_hh_r":0.6029,"source_level":"emd","flood_years":[],"landslide_hist_n":0},"geometry":{"type":"Polygon","coordinates":[[[128.2578,35.34539],[128.25696,35.34155],[128.26114,35.33944],[128.26617,35.34117],[128.26702,35.34501],[128.26283,35.34712],[128.2578,35.34539]]]}},{"type":"Feature","properties":{"h3":"8830c02643fffff","emd_code":"4872035000","emd_name":"용덕면","area_km2":0.5406,"edge":false,"slope_mean":11.59,"elev_mean":51.5,"flood_hist_n":0,"flood_depth_max_m":null,"flood_risk_100y":null,"semi_basement_r":null,"elderly_alone_r":0.3566,"bldg_age30_r":null,"shelter_min_walk":37,"pop":1371,"hh":889,"elderly65_r":0.5383,"single_hh_r":0.6029,"source_level":"emd","flood_years":[],"landslide_hist_n":0},"geometry":{"type":"Polygon","coordinates":[[[128.26702,35.34501],[128.26617,35.34117],[128.27036,35.33905],[128.27539,35.34078],[128.27623,35.34462],[128.27205,35.34674],[128.26702,35.34501]]]}},{"type":"Feature","properties":{"h3":"8830c02645fffff","emd_code":"4872035000","emd_name":"용덕면","area_km2":0.5406,"edge":false,"slope_mean":20.17,"elev_mean":119.5,"flood_hist_n":0,"flood_depth_max_m":null,"flood_risk_100y":null,"semi_basement_r":null,"elderly_alone_r":0.3566,"bldg_age30_r":null,"shelter_min_walk":27,"pop":1371,"hh":889,"elderly65_r":0.5383,"single_hh_r":0.6029,"source_level":"emd","flood_years":[],"landslide_hist_n":0},"geometry":{"type":"Polygon","coordinates":[[[128.25193,35.33982],[128.25108,35.33597],[128.25527,35.33386],[128.2603,35.33559],[128.26114,35.33944],[128.25696,35.34155],[128.25193,35.33982]]]}},{"type":"Feature","properties":{"h3":"8830c02647fffff","emd_code":"4872035000","emd_name":"용덕면","area_km2":0.5407,"edge":false,"slope_mean":16.85,"elev_mean":74.0,"flood_hist_n":0,"flood_depth_max_m":null,"flood_risk_100y":null,"semi_basement_r":null,"elderly_alone_r":0.3566,"bldg_age30_r":null,"shelter_min_walk":26,"pop":1371,"hh":889,"elderly65_r":0.5383,"single_hh_r":0.6029,"source_level":"emd","flood_years":[],"landslide_hist_n":0},"geometry":{"type":"Polygon","coordinates":[[[128.26114,35.33944],[128.2603,35.33559],[128.26448,35.33348],[128.26951,35.33521],[128.27036,35.33905],[128.26617,35.34117],[128.26114,35.33944]]]}},{"type":"Feature","properties":{"h3":"8830c02649fffff","emd_code":"4872035000","emd_name":"용덕면","area_km2":0.5404,"edge":false,"slope_mean":21.68,"elev_mean":116.2,"flood_hist_n":0,"flood_depth_max_m":null,"flood_risk_100y":null,"semi_basement_r":null,"elderly_alone_r":0.3566,"bldg_age30_r":null,"shelter_min_walk":46,"pop":1371,"hh":889,"elderly65_r":0.5383,"single_hh_r":0.6029,"source_level":"emd","flood_years":[],"landslide_hist_n":0},"geometry":{"type":"Polygon","coordinates":[[[128.25446,35.35135],[128.25361,35.34751],[128.2578,35.34539],[128.26283,35.34712],[128.26368,35.35097],[128.25949,35.35308],[128.25446,35.35135]]]}},{"type":"Feature","properties":{"h3":"8830c0264bfffff","emd_code":"4872035000","emd_name":"용덕면","area_km2":0.5405,"edge":false,"slope_mean":14.33,"elev_mean":61.9,"flood_hist_n":0,"flood_depth_max_m":null,"flood_risk_100y":null,"semi_basement_r":null,"elderly_alone_r":0.3566,"bldg_age30_r":null,"shelter_min_walk":45,"pop":1371,"hh":889,"elderly65_r":0.5383,"single_hh_r":0.6029,"source_level":"emd","flood_years":[],"landslide_hist_n":0},"geometry":{"type":"Polygon","coordinates":[[[128.26368,35.35097],[128.26283,35.34712],[128.26702,35.34501],[128.27205,35.34674],[128.27289,35.35058],[128.26871,35.3527],[128.26368,35.35097]]]}},{"type":"Feature","properties":{"h3":"8830c0264dfffff","emd_code":"4872035000","emd_name":"용덕면","area_km2":0.5405,"edge":false,"slope_mean":23.86,"elev_mean":192.8,"flood_hist_n":0,"flood_depth_max_m":null,"flood_risk_100y":null,"semi_basement_r":null,"elderly_alone_r":0.3566,"bldg_age30_r":null,"shelter_min_walk":38,"pop":1371,"hh":889,"elderly65_r":0.5383,"single_hh_r":0.6029,"source_level":"emd","flood_years":[],"landslide_hist_n":0},"geometry":{"type":"Polygon","coordinates":[[[128.24858,35.34578],[128.24774,35.34193],[128.25193,35.33982],[128.25696,35.34155],[128.2578,35.34539],[128.25361,35.34751],[128.24858,35.34578]]]}},{"type":"Feature","properties":{"h3":"8830c02651fffff","emd_code":"4872035000","emd_name":"용덕면","area_km2":0.5406,"edge":false,"slope_mean":16.25,"elev_mean":62.8,"flood_hist_n":0,"flood_depth_max_m":null,"flood_risk_100y":null,"semi_basement_r":null,"elderly_alone_r":0.3566,"bldg_age30_r":null,"shelter_min_walk":51,"pop":1371,"hh":889,"elderly65_r":0.5383,"single_hh_r":0.6029,"source_level":"emd","flood_years":[],"landslide_hist_n":0},"geometry":{"type":"Polygon","coordinates":[[[128.28211,35.3502],[128.28127,35.34635],[128.28545,35.34424],[128.29048,35.34597],[128.29133,35.34981],[128.28714,35.35193],[128.28211,35.3502]]]}},{"type":"Feature","properties":{"h3":"8830c02653fffff","emd_code":"4872035000","emd_name":"용덕면","area_km2":0.5406,"edge":false,"slope_mean":11.45,"elev_mean":39.8,"flood_hist_n":0,"flood_depth_max_m":null,"flood_risk_100y":null,"semi_basement_r":null,"elderly_alone_r":0.3566,"bldg_age30_r":null,"shelter_min_walk":57,"pop":1371,"hh":889,"elderly65_r":0.5383,"single_hh_r":0.6029,"source_level":"emd","flood_years":[],"landslide_hist_n":0},"geometry":{"type":"Polygon","coordinates":[[[128.29133,35.34981],[128.29048,35.34597],[128.29467,35.34385],[128.2997,35.34558],[128.30055,35.34943],[128.29636,35.35154],[128.29133,35.34981]]]}},{"type":"Feature","properties":{"h3":"8830c02655fffff","emd_code":"4872035000","emd_name":"용덕면","area_km2":0.5407,"edge":false,"slope_mean":15.58,"elev_mean":56.7,"flood_hist_n":0,"flood_depth_max_m":null,"flood_risk_100y":null,"semi_basement_r":null,"elderly_alone_r":0.3566,"bldg_age30_r":null,"shelter_min_walk":39,"pop":1371,"hh":889,"elderly65_r":0.5383,"single_hh_r":0.6029,"source_level":"emd","flood_years":[],"landslide_hist_n":0},"geometry":{"type":"Polygon","coordinates":[[[128.27623,35.34462],[128.27539,35.34078],[128.27958,35.33867],[128.28461,35.34039],[128.28545,35.34424],[128.28127,35.34635],[128.27623,35.34462]]]}},{"type":"Feature","properties":{"h3":"8830c02657fffff","emd_code":"4872035000","emd_name":"용덕면","area_km2":0.5407,"edge":false,"slope_mean":15.07,"elev_mean":50.6,"flood_hist_n":0,"flood_depth_max_m":null,"flood_risk_100y":null,"semi_basement_r":null,"elderly_alone_r":0.3566,"bldg_age30_r":null,"shelter_min_walk":45,"pop":1371,"hh":889,"elderly65_r":0.5383,"single_hh_r":0.6029,"source_level":"emd","flood_years":[],"landslide_hist_n":0},"geometry":{"type":"Polygon","coordinates":[[[128.28545,35.34424],[128.28461,35.34039],[128.28879,35.33828],[128.29383,35.34001],[128.29467,35.34385],[128.29048,35.34597],[128.28545,35.34424]]]}},{"type":"Feature","properties":{"h3":"8830c02659fffff","emd_code":"4872035000","emd_name":"용덕면","area_km2":0.5405,"edge":false,"slope_mean":18.82,"elev_mean":95.7,"flood_hist_n":0,"flood_depth_max_m":null,"flood_risk_100y":null,"semi_basement_r":null,"elderly_alone_r":0.3566,"bldg_age30_r":null,"shelter_min_walk":58,"pop":1371,"hh":889,"elderly65_r":0.5383,"single_hh_r":0.6029,"source_level":"emd","flood_years":[],"landslide_hist_n":0},"geometry":{"type":"Polygon","coordinates":[[[128.27877,35.35616],[128.27792,35.35231],[128.28211,35.3502],[128.28714,35.35193],[128.28799,35.35577],[128.2838,35.35789],[128.27877,35.35616]]]}},{"type":"Feature","properties":{"h3":"8830c0265bfffff","emd_code":"4872035000","emd_name":"용덕면","area_km2":0.5405,"edge":false,"slope_mean":15.3,"elev_mean":70.3,"flood_hist_n":0,"flood_depth_max_m":null,"flood_risk_100y":null,"semi_basement_r":null,"elderly_alone_r":0.3566,"bldg_age30_r":null,"shelter_min_walk":63,"pop":1371,"hh":889,"elderly65_r":0.5383,"single_hh_r":0.6029,"source_level":"emd","flood_years":[],"landslide_hist_n":0},"geometry":{"type":"Polygon","coordinates":[[[128.28799,35.35577],[128.28714,35.35193],[128.29133,35.34981],[128.29636,35.35154],[128.2972,35.35539],[128.29302,35.3575],[128.28799,35.35577]]]}},{"type":"Feature","properties":{"h3":"8830c0265dfffff","emd_code":"4872035000","emd_name":"용덕면","area_km2":0.5405,"edge":false,"slope_mean":16.68,"elev_mean":78.0,"flood_hist_n":0,"flood_depth_max_m":null,"flood_risk_100y":null,"semi_basement_r":null,"elderly_alone_r":0.3566,"bldg_age30_r":null,"shelter_min_walk":47,"pop":1371,"hh":889,"elderly65_r":0.5383,"single_hh_r":0.6029,"source_level":"emd","flood_years":[],"landslide_hist_n":0},"geometry":{"type":"Polygon","coordinates":[[[128.27289,35.35058],[128.27205,35.34674],[128.27623,35.34462],[128.28127,35.34635],[128.28211,35.3502],[128.27792,35.35231],[128.27289,35.35058]]]}},{"type":"Feature","properties":{"h3":"8830c02661fffff","emd_code":"4872025000","emd_name":"의령읍","area_km2":0.5408,"edge":false,"slope_mean":19.17,"elev_mean":95.1,"flood_hist_n":0,"flood_depth_max_m":null,"flood_risk_100y":null,"semi_basement_r":null,"elderly_alone_r":0.2042,"bldg_age30_r":null,"shelter_min_walk":13,"pop":8853,"hh":4658,"elderly65_r":0.2831,"single_hh_r":0.4946,"source_level":"emd","flood_years":[],"landslide_hist_n":0},"geometry":{"type":"Polygon","coordinates":[[[128.24939,35.32828],[128.24855,35.32444],[128.25274,35.32232],[128.25777,35.32405],[128.25861,35.3279],[128.25442,35.33001],[128.24939,35.32828]]]}},{"type":"Feature","properties":{"h3":"8830c02663fffff","emd_code":"4872025000","emd_name":"의령읍","area_km2":0.5409,"edge":false,"slope_mean":17.5,"elev_mean":86.0,"flood_hist_n":0,"flood_depth_max_m":null,"flood_risk_100y":null,"semi_basement_r":null,"elderly_alone_r":0.2042,"bldg_age30_r":null,"shelter_min_walk":7,"pop":8853,"hh":4658,"elderly65_r":0.2831,"single_hh_r":0.4946,"source_level":"emd","flood_years":[],"landslide_hist_n":0},"geometry":{"type":"Polygon","coordinates":[[[128.25861,35.3279],[128.25777,35.32405],[128.26195,35.32194],[128.26698,35.32367],[128.26783,35.32752],[128.26364,35.32963],[128.25861,35.3279]]]}},{"type":"Feature","properties":{"h3":"8830c02665fffff","emd_code":"4872025000","emd_name":"의령읍","area_km2":0.5409,"edge":false,"slope_mean":7.76,"elev_mean":39.7,"flood_hist_n":0,"flood_depth_max_m":null,"flood_risk_100y":null,"semi_basement_r":null,"elderly_alone_r":0.2042,"bldg_age30_r":null,"shelter_min_walk":11,"pop":8853,"hh":4658,"elderly65_r":0.2831,"single_hh_r":0.4946,"source_level":"emd","flood_years":[],"landslide_hist_n":0},"geometry":{"type":"Polygon","coordinates":[[[128.24352,35.32271],[128.24268,35.31886],[128.24686,35.31675],[128.25189,35.31848],[128.25274,35.32232],[128.24855,35.32444],[128.24352,35.32271]]]}},{"type":"Feature","properties":{"h3":"8830c02667fffff","emd_code":"4872025000","emd_name":"의령읍","area_km2":0.5409,"edge":false,"slope_mean":7.42,"elev_mean":34.6,"flood_hist_n":0,"flood_depth_max_m":null,"flood_risk_100y":null,"semi_basement_r":null,"elderly_alone_r":0.2042,"bldg_age30_r":null,"shelter_min_walk":4,"pop":8853,"hh":4658,"elderly65_r":0.2831,"single_hh_r":0.4946,"source_level":"emd","flood_years":[],"landslide_hist_n":0},"geometry":{"type":"Polygon","coordinates":[[[128.25274,35.32232],[128.25189,35.31848],[128.25608,35.31636],[128.26111,35.31809],[128.26195,35.32194],[128.25777,35.32405],[128.25274,35.32232]]]}},{"type":"Feature","properties":{"h3":"8830c02669fffff","emd_code":"4872031000","emd_name":"가례면","area_km2":0.5407,"edge":false,"slope_mean":16.76,"elev_mean":108.1,"flood_hist_n":0,"flood_depth_max_m":null,"flood_risk_100y":null,"semi_basement_r":null,"elderly_alone_r":0.3877,"bldg_age30_r":null,"shelter_min_walk":23,"pop":1544,"hh":877,"elderly65_r":0.5447,"single_hh_r":0.5998,"source_level":"emd","flood_years":[],"landslide_hist_n":0},"geometry":{"type":"Polygon","coordinates":[[[128.24605,35.33424],[128.24521,35.3304],[128.24939,35.32828],[128.25442,35.33001],[128.25527,35.33386],[128.25108,35.33597],[128.24605,35.33424]]]}},{"type":"Feature","properties":{"h3":"8830c0266bfffff","emd_code":"4872035000","emd_name":"용덕면","area_km2":0.5407,"edge":false,"slope_mean":22.37,"elev_mean":145.9,"flood_hist_n":0,"flood_depth_max_m":null,"flood_risk_100y":null,"semi_basement_r":null,"elderly_alone_r":0.3566,"bldg_age30_r":null,"shelter_min_walk":17,"pop":1371,"hh":889,"elderly65_r":0.5383,"single_hh_r":0.6029,"source_level":"emd","flood_years":[],"landslide_hist_n":0},"geometry":{"type":"Polygon","coordinates":[[[128.25527,35.33386],[128.25442,35.33001],[128.25861,35.3279],[128.26364,35.32963],[128.26448,35.33348],[128.2603,35.33559],[128.25527,35.33386]]]}},{"type":"Feature","properties":{"h3":"8830c0266dfffff","emd_code":"4872031000","emd_name":"가례면","area_km2":0.5408,"edge":false,"slope_mean":11.99,"elev_mean":56.6,"flood_hist_n":0,"flood_depth_max_m":null,"flood_risk_100y":null,"semi_basement_r":null,"elderly_alone_r":0.3877,"bldg_age30_r":null,"shelter_min_walk":20,"pop":1544,"hh":877,"elderly65_r":0.5447,"single_hh_r":0.5998,"source_level":"emd","flood_years":[],"landslide_hist_n":0},"geometry":{"type":"Polygon","coordinates":[[[128.24018,35.32867],[128.23933,35.32482],[128.24352,35.32271],[128.24855,35.32444],[128.24939,35.32828],[128.24521,35.3304],[128.24018,35.32867]]]}},{"type":"Feature","properties":{"h3":"8830c02691fffff","emd_code":"4872036000","emd_name":"정곡면","area_km2":0.5412,"edge":true,"slope_mean":5.97,"elev_mean":13.0,"flood_hist_n":0,"flood_depth_max_m":null,"flood_risk_100y":null,"semi_basement_r":null,"elderly_alone_r":0.4069,"bldg_age30_r":null,"shelter_min_walk":86,"pop":1287,"hh":875,"elderly65_r":0.5789,"single_hh_r":0.6366,"source_level":"emd","flood_years":[],"landslide_hist_n":0},"geometry":{"type":"Polygon","coordinates":[[[128.36255,35.33517],[128.36171,35.33132],[128.36589,35.3292],[128.37093,35.33093],[128.37177,35.33477],[128.36758,35.33689],[128.36255,35.33517]]]}},{"type":"Feature","properties":{"h3":"8830c02693fffff","emd_code":"4872036000","emd_name":"정곡면","area_km2":0.5413,"edge":true,"slope_mean":1.99,"elev_mean":8.7,"flood_hist_n":0,"flood_depth_max_m":null,"flood_risk_100y":null,"semi_basement_r":null,"elderly_alone_r":0.4069,"bldg_age30_r":null,"shelter_min_walk":84,"pop":1287,"hh":875,"elderly65_r":0.5789,"single_hh_r":0.6366,"source_level":"emd","flood_years":[],"landslide_hist_n":0},"geometry":{"type":"Polygon","coordinates":[[[128.37177,35.33477],[128.37093,35.33093],[128.37512,35.32881],[128.38015,35.33053],[128.38099,35.33438],[128.37681,35.3365],[128.37177,35.33477]]]}},{"type":"Feature","properties":{"h3":"8830c02699fffff","emd_code":"4872036000","emd_name":"정곡면","area_km2":0.5411,"edge":false,"slope_mean":5.16,"elev_mean":13.3,"flood_hist_n":0,"flood_depth_max_m":null,"flood_risk_100y":null,"semi_basement_r":null,"elderly_alone_r":0.4069,"bldg_age30_r":null,"shelter_min_walk":79,"pop":1287,"hh":875,"elderly65_r":0.5789,"single_hh_r":0.6366,"source_level":"emd","flood_years":[],"landslide_hist_n":0},"geometry":{"type":"Polygon","coordinates":[[[128.35921,35.34113],[128.35836,35.33728],[128.36255,35.33517],[128.36758,35.33689],[128.36843,35.34074],[128.36424,35.34286],[128.35921,35.34113]]]}},{"type":"Feature","properties":{"h3":"8830c0269bfffff","emd_code":"4872036000","emd_name":"정곡면","area_km2":0.5412,"edge":false,"slope_mean":6.0,"elev_mean":16.5,"flood_hist_n":0,"flood_depth_max_m":null,"flood_risk_100y":null,"semi_basement_r":null,"elderly_alone_r":0.4069,"bldg_age30_r":null,"shelter_min_walk":75,"pop":1287,"hh":875,"elderly65_r":0.5789,"single_hh_r":0.6366,"source_level":"emd","flood_years":[],"landslide_hist_n":0},"geometry":{"type":"Polygon","coordinates":[[[128.36843,35.34074],[128.36758,35.33689],[128.37177,35.33477],[128.37681,35.3365],[128.37765,35.34034],[128.37346,35.34246],[128.36843,35.34074]]]}},{"type":"Feature","properties":{"h3":"8830c026d1fffff","emd_code":"4872036000","emd_name":"정곡면","area_km2":0.5409,"edge":false,"slope_mean":2.29,"elev_mean":9.7,"flood_hist_n":0,"flood_depth_max_m":null,"flood_risk_100y":null,"semi_basement_r":null,"elderly_alone_r":0.4069,"bldg_age30_r":null,"shelter_min_walk":79,"pop":1287,"hh":875,"elderly65_r":0.5789,"single_hh_r":0.6366,"source_level":"emd","flood_years":[],"landslide_hist_n":0},"geometry":{"type":"Polygon","coordinates":[[[128.34665,35.34748],[128.3458,35.34364],[128.34999,35.34152],[128.35502,35.34325],[128.35587,35.34709],[128.35168,35.34921],[128.34665,35.34748]]]}},{"type":"Feature","properties":{"h3":"8830c026d3fffff","emd_code":"4872036000","emd_name":"정곡면","area_km2":0.541,"edge":false,"slope_mean":5.09,"elev_mean":15.1,"flood_hist_n":0,"flood_depth_max_m":null,"flood_risk_100y":null,"semi_basement_r":null,"elderly_alone_r":0.4069,"bldg_age30_r":null,"shelter_min_walk":73,"pop":1287,"hh":875,"elderly65_r":0.5789,"single_hh_r":0.6366,"source_level":"emd","flood_years":[],"landslide_hist_n":0},"geometry":{"type":"Polygon","coordinates":[[[128.35587,35.34709],[128.35502,35.34325],[128.35921,35.34113],[128.36424,35.34286],[128.36509,35.3467],[128.3609,35.34882],[128.35587,35.34709]]]}},{"type":"Feature","properties":{"h3":"8830c026d7fffff","emd_code":"4872036000","emd_name":"정곡면","area_km2":0.5411,"edge":true,"slope_mean":7.74,"elev_mean":19.6,"flood_hist_n":0,"flood_depth_max_m":null,"flood_risk_100y":null,"semi_basement_r":null,"elderly_alone_r":0.4069,"bldg_age30_r":null,"shelter_min_walk":85,"pop":1287,"hh":875,"elderly65_r":0.5789,"single_hh_r":0.6366,"source_level":"emd","flood_years":[],"landslide_hist_n":0},"geometry":{"type":"Polygon","coordinates":[[[128.34999,35.34152],[128.34914,35.33768],[128.35333,35.33556],[128.35836,35.33728],[128.35921,35.34113],[128.35502,35.34325],[128.34999,35.34152]]]}},{"type":"Feature","properties":{"h3":"8830c026d9fffff","emd_code":"4872036000","emd_name":"정곡면","area_km2":0.5408,"edge":false,"slope_mean":7.67,"elev_mean":21.6,"flood_hist_n":0,"flood_depth_max_m":null,"flood_risk_100y":null,"semi_basement_r":null,"elderly_alone_r":0.4069,"bldg_age30_r":null,"shelter_min_walk":75,"pop":1287,"hh":875,"elderly65_r":0.5789,"single_hh_r":0.6366,"source_level":"emd","flood_years":[],"landslide_hist_n":0},"geometry":{"type":"Polygon","coordinates":[[[128.3433,35.35344],[128.34246,35.3496],[128.34665,35.34748],[128.35168,35.34921],[128.35252,35.35305],[128.34834,35.35517],[128.3433,35.35344]]]}},{"type":"Feature","properties":{"h3":"8830c026dbfffff","emd_code":"4872036000","emd_name":"정곡면","area_km2":0.5409,"edge":false,"slope_mean":10.8,"elev_mean":30.0,"flood_hist_n":0,"flood_depth_max_m":null,"flood_risk_100y":null,"semi_basement_r":null,"elderly_alone_r":0.4069,"bldg_age30_r":null,"shelter_min_walk":67,"pop":1287,"hh":875,"elderly65_r":0.5789,"single_hh_r":0.6366,"source_level":"emd","flood_years":[],"landslide_hist_n":0},"geometry":{"type":"Polygon","coordinates":[[[128.35252,35.35305],[128.35168,35.34921],[128.35587,35.34709],[128.3609,35.34882],[128.36175,35.35266],[128.35756,35.35478],[128.35252,35.35305]]]}},{"type":"Feature","properties":{"h3":"8830c026e1fffff","emd_code":"4872025000","emd_name":"의령읍","area_km2":0.5412,"edge":true,"slope_mean":3.13,"elev_mean":11.3,"flood_hist_n":0,"flood_depth_max_m":null,"flood_risk_100y":null,"semi_basement_r":null,"elderly_alone_r":0.2042,"bldg_age30_r":null,"shelter_min_walk":66,"pop":8853,"hh":4658,"elderly65_r":0.2831,"single_hh_r":0.4946,"source_level":"emd","flood_years":[],"landslide_hist_n":0},"geometry":{"type":"Polygon","coordinates":[[[128.31391,35.32558],[128.31307,35.32173],[128.31726,35.31962],[128.32229,35.32135],[128.32313,35.32519],[128.31895,35.32731],[128.31391,35.32558]]]}},{"type":"Feature","properties":{"h3":"8830c026e5fffff","emd_code":"4872025000","emd_name":"의령읍","area_km2":0.5412,"edge":true,"slope_mean":1.75,"elev_mean":10.6,"flood_hist_n":0,"flood_depth_max_m":null,"flood_risk_100y":null,"semi_basement_r":null,"elderly_alone_r":0.2042,"bldg_age30_r":null,"shelter_min_walk":58,"pop":8853,"hh":4658,"elderly65_r":0.2831,"single_hh_r":0.4946,"source_level":"emd","flood_years":[],"landslide_hist_n":0},"geometry":{"type":"Polygon","coordinates":[[[128.30804,35.32001],[128.30719,35.31616],[128.31138,35.31404],[128.31641,35.31577],[128.31726,35.31962],[128.31307,35.32173],[128.30804,35.32001]]]}},{"type":"Feature","properties":{"h3":"8830c026e9fffff","emd_code":"4872035000","emd_name":"용덕면","area_km2":0.541,"edge":false,"slope_mean":2.76,"elev_mean":11.7,"flood_hist_n":0,"flood_depth_max_m":null,"flood_risk_100y":null,"semi_basement_r":null,"elderly_alone_r":0.3566,"bldg_age30_r":null,"shelter_min_walk":63,"pop":1371,"hh":889,"elderly65_r":0.5383,"single_hh_r":0.6029,"source_level":"emd","flood_years":[],"landslide_hist_n":0},"geometry":{"type":"Polygon","coordinates":[[[128.31057,35.33154],[128.30973,35.3277],[128.31391,35.32558],[128.31895,35.32731],[128.31979,35.33115],[128.3156,35.33327],[128.31057,35.33154]]]}},{"type":"Feature","properties":{"h3":"8830c026edfffff","emd_code":"4872035000","emd_name":"용덕면","area_km2":0.5411,"edge":false,"slope_mean":1.99,"elev_mean":10.9,"flood_hist_n":0,"flood_depth_max_m":null,"flood_risk_100y":null,"semi_basement_r":null,"elderly_alone_r":0.3566,"bldg_age30_r":null,"shelter_min_walk":54,"pop":1371,"hh":889,"elderly65_r":0.5383,"single_hh_r":0.6029,"source_level":"emd","flood_years":[],"landslide_hist_n":0},"geometry":{"type":"Polygon","coordinates":[[[128.3047,35.32597],[128.30385,35.32212],[128.30804,35.32001],[128.31307,35.32173],[128.31391,35.32558],[128.30973,35.3277],[128.3047,35.32597]]]}},{"type":"Feature","properties":{"h3":"8830c02701fffff","emd_code":"4872025000","emd_name":"의령읍","area_km2":0.5413,"edge":false,"slope_mean":29.04,"elev_mean":329.2,"flood_hist_n":0,"flood_depth_max_m":null,"flood_risk_100y":null,"semi_basement_r":null,"elderly_alone_r":0.2042,"bldg_age30_r":null,"shelter_min_walk":49,"pop":8853,"hh":4658,"elderly65_r":0.2831,"single_hh_r":0.4946,"source_level":"emd","flood_years":[],"landslide_hist_n":0},"geometry":{"type":"Polygon","coordinates":[[[128.23258,35.29405],[128.23174,35.2902],[128.23592,35.28808],[128.24095,35.28981],[128.2418,35.29366],[128.23761,35.29578],[128.23258,35.29405]]]}},{"type":"Feature","properties":{"h3":"8830c02703fffff","emd_code":"4872025000","emd_name":"의령읍","area_km2":0.5414,"edge":false,"slope_mean":18.27,"elev_mean":149.2,"flood_hist_n":0,"flood_depth_max_m":null,"flood_risk_100y":null,"semi_basement_r":null,"elderly_alone_r":0.2042,"bldg_age30_r":null,"shelter_min_walk":44,"pop":8853,"hh":4658,"elderly65_r":0.2831,"single_hh_r":0.4946,"source_level":"emd","flood_years":[],"landslide_hist_n":0},"geometry":{"type":"Polygon","coordinates":[[[128.2418,35.29366],[128.24095,35.28981],[128.24514,35.2877],[128.25017,35.28943],[128.25101,35.29328],[128.24683,35.29539],[128.2418,35.29366]]]}},{"type":"Feature","properties":{"h3":"8830c02705fffff","emd_code":"4872025000","emd_name":"의령읍","area_km2":0.5414,"edge":false,"slope_mean":28.61,"elev_mean":335.7,"flood_hist_n":0,"flood_depth_max_m":null,"flood_risk_100y":null,"semi_basement_r":null,"elderly_alone_r":0.2042,"bldg_age30_r":null,"shelter_min_walk":61,"pop":8853,"hh":4658,"elderly65_r":0.2831,"single_hh_r":0.4946,"source_level":"emd","flood_years":[],"landslide_hist_n":0},"geometry":{"type":"Polygon","coordinates":[[[128.22671,35.28847],[128.22587,35.28462],[128.23005,35.2825],[128.23508,35.28423],[128.23592,35.28808],[128.23174,35.2902],[128.22671,35.28847]]]}},{"type":"Feature","properties":{"h3":"8830c02707fffff","emd_code":"4872025000","emd_name":"의령읍","area_km2":0.5414,"edge":false,"slope_mean":25.34,"elev_mean":213.0,"flood_hist_n":0,"flood_depth_max_m":null,"flood_risk_100y":null,"semi_basement_r":null,"elderly_alone_r":0.2042,"bldg_age30_r":null,"shelter_min_walk":55,"pop":8853,"hh":4658,"elderly65_r":0.2831,"single_hh_r":0.4946,"source_level":"emd","flood_years":[],"landslide_hist_n":0},"geometry":{"type":"Polygon","coordinates":[[[128.23592,35.28808],[128.23508,35.28423],[128.23927,35.28212],[128.24429,35.28385],[128.24514,35.2877],[128.24095,35.28981],[128.23592,35.28808]]]}},{"type":"Feature","properties":{"h3":"8830c02709fffff","emd_code":"4872025000","emd_name":"의령읍","area_km2":0.5412,"edge":false,"slope_mean":26.72,"elev_mean":269.6,"flood_hist_n":0,"flood_depth_max_m":null,"flood_risk_100y":null,"semi_basement_r":null,"elderly_alone_r":0.2042,"bldg_age30_r":null,"shelter_min_walk":44,"pop":8853,"hh":4658,"elderly65_r":0.2831,"single_hh_r":0.4946,"source_level":"emd","flood_years":[],"landslide_hist_n":0},"geometry":{"type":"Polygon","coordinates":[[[128.22924,35.30001],[128.2284,35.29616],[128.23258,35.29405],[128.23761,35.29578],[128.23846,35.29963],[128.23427,35.30174],[128.22924,35.30001]]]}},{"type":"Feature","properties":{"h3":"8830c0270bfffff","emd_code":"4872025000","emd_name":"의령읍","area_km2":0.5412,"edge":false,"slope_mean":22.32,"elev_mean":174.9,"flood_hist_n":0,"flood_depth_max_m":null,"flood_risk_100y":null,"semi_basement_r":null,"elderly_alone_r":0.2042,"bldg_age30_r":null,"shelter_min_walk":37,"pop":8853,"hh":4658,"elderly65_r":0.2831,"single_hh_r":0.4946,"source_level":"emd","flood_years":[],"landslide_hist_n":0},"geometry":{"type":"Polygon","coordinates":[[[128.23846,35.29963],[128.23761,35.29578],[128.2418,35.29366],[128.24683,35.29539],[128.24767,35.29924],[128.24349,35.30136],[128.23846,35.29963]]]}},{"type":"Feature","properties":{"h3":"8830c0270dfffff","emd_code":"4872034000","emd_name":"화정면","area_km2":0.5412,"edge":false,"slope_mean":29.94,"elev_mean":354.0,"flood_hist_n":0,"flood_depth_max_m":null,"flood_risk_100y":null,"semi_basement_r":null,"elderly_alone_r":0.3659,"bldg_age30_r":null,"shelter_min_walk":56,"pop":1422,"hh":910,"elderly65_r":0.5162,"single_hh_r":0.6132,"source_level":"emd","flood_years":[],"landslide_hist_n":0},"geometry":{"type":"Polygon","coordinates":[[[128.22337,35.29443],[128.22253,35.29058],[128.22671,35.28847],[128.23174,35.2902],[128.23258,35.29405],[128.2284,35.29616],[128.22337,35.29443]]]}},{"type":"Feature","properties":{"h3":"8830c02711fffff","emd_code":"4872025000","emd_name":"의령읍","area_km2":0.5413,"edge":false,"slope_mean":19.92,"elev_mean":123.2,"flood_hist_n":0,"flood_depth_max_m":null,"flood_risk_100y":null,"semi_basement_r":null,"elderly_alone_r":0.2042,"bldg_age30_r":null,"shelter_min_walk":33,"pop":8853,"hh":4658,"elderly65_r":0.2831,"single_hh_r":0.4946,"source_level":"emd","flood_years":[],"landslide_hist_n":0},"geometry":{"type":"Polygon","coordinates":[[[128.25689,35.29886],[128.25604,35.29501],[128.26023,35.29289],[128.26526,35.29462],[128.2661,35.29847],[128.26192,35.30059],[128.25689,35.29886]]]}},{"type":"Feature","properties":{"h3":"8830c02713fffff","emd_code":"4872025000","emd_name":"의령읍","area_km2":0.5414,"edge":false,"slope_mean":24.35,"elev_mean":189.9,"flood_hist_n":0,"flood_depth_max_m":null,"flood_risk_100y":null,"semi_basement_r":null,"elderly_alone_r":0.2042,"bldg_age30_r":null,"shelter_min_walk":36,"pop":8853,"hh":4658,"elderly65_r":0.2831,"single_hh_r":0.4946,"source_level":"emd","flood_years":[],"landslide_hist_n":0},"geometry":{"type":"Polygon","coordinates":[[[128.2661,35.29847],[128.26526,35.29462],[128.26944,35.29251],[128.27447,35.29424],[128.27532,35.29809],[128.27113,35.3002],[128.2661,35.29847]]]}},{"type":"Feature","properties":{"h3":"8830c02715fffff","emd_code":"4872025000","emd_name":"의령읍","area_km2":0.5414,"edge":false,"slope_mean":12.94,"elev_mean":74.2,"flood_hist_n":0,"flood_depth_max_m":null,"flood_risk_100y":null,"semi_basement_r":null,"elderly_alone_r":0.2042,"bldg_age30_r":null,"shelter_min_walk":42,"pop":8853,"hh":4658,"elderly65_r":0.2831,"single_hh_r":0.4946,"source_level":"emd","flood_years":[],"landslide_hist_n":0},"geometry":{"type":"Polygon","coordinates":[[[128.25101,35.29328],[128.25017,35.28943],[128.25435,35.28731],[128.25938,35.28904],[128.26023,35.29289],[128.25604,35.29501],[128.25101,35.29328]]]}},{"type":"Feature","properties":{"h3":"8830c02717fffff","emd_code":"4872025000","emd_name":"의령읍","area_km2":0.5415,"edge":false,"slope_mean":23.73,"elev_mean":166.8,"flood_hist_n":0,"flood_depth_max_m":null,"flood_risk_100y":null,"semi_basement_r":null,"elderly_alone_r":0.2042,"bldg_age30_r":null,"shelter_min_walk":43,"pop":8853,"hh":4658,"elderly65_r":0.2831,"single_hh_r":0.4946,"source_level":"emd","flood_years":[],"landslide_hist_n":0},"geometry":{"type":"Polygon","coordinates":[[[128.26023,35.29289],[128.25938,35.28904],[128.26357,35.28693],[128.2686,35.28866],[128.26944,35.29251],[128.26526,35.29462],[128.26023,35.29289]]]}},{"type":"Feature","properties":{"h3":"8830c02719fffff","emd_code":"4872025000","emd_name":"의령읍","area_km2":0.5412,"edge":false,"slope_mean":16.0,"elev_mean":73.1,"flood_hist_n":0,"flood_depth_max_m":null,"flood_risk_100y":null,"semi_basement_r":null,"elderly_alone_r":0.2042,"bldg_age30_r":null,"shelter_min_walk":22,"pop":8853,"hh":4658,"elderly65_r":0.2831,"single_hh_r":0.4946,"source_level":"emd","flood_years":[],"landslide_hist_n":0},"geometry":{"type":"Polygon","coordinates":[[[128.25354,35.30482],[128.2527,35.30097],[128.25689,35.29886],[128.26192,35.30059],[128.26276,35.30444],[128.25857,35.30655],[128.25354,35.30482]]]}},{"type":"Feature","properties":{"h3":"8830c0271bfffff","emd_code":"4872025000","emd_name":"의령읍","area_km2":0.5413,"edge":false,"slope_mean":26.39,"elev_mean":170.3,"flood_hist_n":0,"flood_depth_max_m":null,"flood_risk_100y":null,"semi_basement_r":null,"elderly_alone_r":0.2042,"bldg_age30_r":null,"shelter_min_walk":26,"pop":8853,"hh":4658,"elderly65_r":0.2831,"single_hh_r":0.4946,"source_level":"emd","flood_years":[],"landslide_hist_n":0},"geometry":{"type":"Polygon","coordinates":[[[128.26276,35.30444],[128.26192,35.30059],[128.2661,35.29847],[128.27113,35.3002],[128.27198,35.30405],[128.26779,35.30617],[128.26276,35.30444]]]}},{"type":"Feature","properties":{"h3":"8830c0271dfffff","emd_code":"4872025000","emd_name":"의령읍","area_km2":0.5413,"edge":false,"slope_mean":17.57,"elev_mean":115.0,"flood_hist_n":0,"flood_depth_max_m":null,"flood_risk_100y":null,"semi_basement_r":null,"elderly_alone_r":0.2042,"bldg_age30_r":null,"shelter_min_walk":32,"pop":8853,"hh":4658,"elderly65_r":0.2831,"single_hh_r":0.4946,"source_level":"emd","flood_years":[],"landslide_hist_n":0},"geometry":{"type":"Polygon","coordinates":[[[128.24767,35.29924],[128.24683,35.29539],[128.25101,35.29328],[128.25604,35.29501],[128.25689,35.29886],[128.2527,35.30097],[128.24767,35.29924]]]}},{"type":"Feature","properties":{"h3":"8830c02721fffff","emd_code":"4872034000","emd_name":"화정면","area_km2":0.5415,"edge":false,"slope_mean":24.44,"elev_mean":135.3,"flood_hist_n":0,"flood_depth_max_m":null,"flood_risk_100y":null,"semi_basement_r":null,"elderly_alone_r":0.3659,"bldg_age30_r":null,"shelter_min_walk":79,"pop":1422,"hh":910,"elderly65_r":0.5162,"single_hh_r":0.6132,"source_level":"emd","flood_years":[],"landslide_hist_n":0},"geometry":{"type":"Polygon","coordinates":[[[128.22418,35.27692],[128.22334,35.27307],[128.22752,35.27095],[128.23255,35.27269],[128.23339,35.27654],[128.22921,35.27865],[128.22418,35.27692]]]}},{"type":"Feature","properties":{"h3":"8830c02723fffff","emd_code":"4872034000","emd_name":"화정면","area_km2":0.5416,"edge":false,"slope_mean":23.55,"elev_mean":137.3,"flood_hist_n":0,"flood_depth_max_m":null,"flood_risk_100y":null,"semi_basement_r":null,"elderly_alone_r":0.3659,"bldg_age30_r":null,"shelter_min_walk":74,"pop":1422,"hh":910,"elderly65_r":0.5162,"single_hh_r":0.6132,"source_level":"emd","flood_years":[],"landslide_hist_n":0},"geometry":{"type":"Polygon","coordinates":[[[128.23339,35.27654],[128.23255,35.27269],[128.23673,35.27057],[128.24176,35.2723],[128.24261,35.27615],[128.23842,35.27827],[128.23339,35.27654]]]}},{"type":"Feature","properties":{"h3":"8830c02725fffff","emd_code":"4872034000","emd_name":"화정면","area_km2":0.5416,"edge":false,"slope_mean":22.21,"elev_mean":107.2,"flood_hist_n":0,"flood_depth_max_m":null,"flood_risk_100y":null,"semi_basement_r":null,"elderly_alone_r":0.3659,"bldg_age30_r":null,"shelter_min_walk":91,"pop":1422,"hh":910,"elderly65_r":0.5162,"single_hh_r":0.6132,"source_level":"emd","flood_years":[],"landslide_hist_n":0},"geometry":{"type":"Polygon","coordinates":[[[128.21831,35.27134],[128.21746,35.26749],[128.22165,35.26537],[128.22668,35.2671],[128.22752,35.27095],[128.22334,35.27307],[128.21831,35.27134]]]}},{"type":"Feature","properties":{"h3":"8830c02727fffff","emd_code":"4872034000","emd_name":"화정면","area_km2":0.5417,"edge":false,"slope_mean":20.93,"elev_mean":103.9,"flood_hist_n":0,"flood_depth_max_m":null,"flood_risk_100y":null,"semi_basement_r":null,"elderly_alone_r":0.3659,"bldg_age30_r":null,"shelter_min_walk":86,"pop":1422,"hh":910,"elderly65_r":0.5162,"single_hh_r":0.6132,"source_level":"emd","flood_years":[],"landslide_hist_n":0},"geometry":{"type":"Polygon","coordinates":[[[128.22752,35.27095],[128.22668,35.2671],[128.23086,35.26499],[128.23589,35.26672],[128.23673,35.27057],[128.23255,35.27269],[128.22752,35.27095]]]}},{"type":"Feature","properties":{"h3":"8830c02729fffff","emd_code":"4872034000","emd_name":"화정면","area_km2":0.5414,"edge":false,"slope_mean":25.34,"elev_mean":183.8,"flood_hist_n":0,"flood_depth_max_m":null,"flood_risk_100y":null,"semi_basement_r":null,"elderly_alone_r":0.3659,"bldg_age30_r":null,"shelter_min_walk":73,"pop":1422,"hh":910,"elderly65_r":0.5162,"single_hh_r":0.6132,"source_level":"emd","flood_years":[],"landslide_hist_n":0},"geometry":{"type":"Polygon","coordinates":[[[128.22084,35.28288],[128.21999,35.27904],[128.22418,35.27692],[128.22921,35.27865],[128.23005,35.2825],[128.22587,35.28462],[128.22084,35.28288]]]}},{"type":"Feature","properties":{"h3":"8830c0272bfffff","emd_code":"4872034000","emd_name":"화정면","area_km2":0.5415,"edge":false,"slope_mean":25.73,"elev_mean":195.5,"flood_hist_n":0,"flood_depth_max_m":null,"flood_risk_100y":null,"semi_basement_r":null,"elderly_alone_r":0.3659,"bldg_age30_r":null,"shelter_min_walk":67,"pop":1422,"hh":910,"elderly65_r":0.5162,"single_hh_r":0.6132,"source_level":"emd","flood_years":[],"landslide_hist_n":0},"geometry":{"type":"Polygon","coordinates":[[[128.23005,35.2825],[128.22921,35.27865],[128.23339,35.27654],[128.23842,35.27827],[128.23927,35.28212],[128.23508,35.28423],[128.23005,35.2825]]]}},{"type":"Feature","properties":{"h3":"8830c0272dfffff","emd_code":"4872034000","emd_name":"화정면","area_km2":0.5415,"edge":false,"slope_mean":21.81,"elev_mean":90.0,"flood_hist_n":0,"flood_depth_max_m":null,"flood_risk_100y":null,"semi_basement_r":null,"elderly_alone_r":0.3659,"bldg_age30_r":null,"shelter_min_walk":86,"pop":1422,"hh":910,"elderly65_r":0.5162,"single_hh_r":0.6132,"source_level":"emd","flood_years":[],"landslide_hist_n":0},"geometry":{"type":"Polygon","coordinates":[[[128.21497,35.2773],[128.21412,35.27345],[128.21831,35.27134],[128.22334,35.27307],[128.22418,35.27692],[128.21999,35.27904],[128.21497,35.2773]]]}},{"type":"Feature","properties":{"h3":"8830c02731fffff","emd_code":"4872025000","emd_name":"의령읍","area_km2":0.5416,"edge":false,"slope_mean":21.99,"elev_mean":129.5,"flood_hist_n":0,"flood_depth_max_m":null,"flood_risk_100y":null,"semi_basement_r":null,"elderly_alone_r":0.2042,"bldg_age30_r":null,"shelter_min_walk":61,"pop":8853,"hh":4658,"elderly65_r":0.2831,"single_hh_r":0.4946,"source_level":"emd","flood_years":[],"landslide_hist_n":0},"geometry":{"type":"Polygon","coordinates":[[[128.24848,35.28173],[128.24764,35.27788],[128.25182,35.27577],[128.25685,35.2775],[128.25769,35.28135],[128.25351,35.28346],[128.24848,35.28173]]]}},{"type":"Feature","properties":{"h3":"8830c02733fffff","emd_code":"4872025000","emd_name":"의령읍","area_km2":0.5416,"edge":false,"slope_mean":20.51,"elev_mean":140.2,"flood_hist_n":0,"flood_depth_max_m":null,"flood_risk_100y":null,"semi_basement_r":null,"elderly_alone_r":0.2042,"bldg_age30_r":null,"shelter_min_walk":62,"pop":8853,"hh":4658,"elderly65_r":0.2831,"single_hh_r":0.4946,"source_level":"emd","flood_years":[],"landslide_hist_n":0},"geometry":{"type":"Polygon","coordinates":[[[128.25769,35.28135],[128.25685,35.2775],[128.26104,35.27538],[128.26607,35.27711],[128.26691,35.28096],[128.26272,35.28308],[128.25769,35.28135]]]}},{"type":"Feature","properties":{"h3":"8830c02735fffff","emd_code":"4872034000","emd_name":"화정면","area_km2":0.5416,"edge":false,"slope_mean":24.56,"elev_mean":136.5,"flood_hist_n":0,"flood_depth_max_m":null,"flood_risk_100y":null,"semi_basement_r":null,"elderly_alone_r":0.3659,"bldg_age30_r":null,"shelter_min_walk":71,"pop":1422,"hh":910,"elderly65_r":0.5162,"single_hh_r":0.6132,"source_level":"emd","flood_years":[],"landslide_hist_n":0},"geometry":{"type":"Polygon","coordinates":[[[128.24261,35.27615],[128.24176,35.2723],[128.24595,35.27018],[128.25098,35.27192],[128.25182,35.27577],[128.24764,35.27788],[128.24261,35.27615]]]}},{"type":"Feature","properties":{"h3":"8830c02737fffff","emd_code":"4872034000","emd_name":"화정면","area_km2":0.5417,"edge":false,"slope_mean":19.25,"elev_mean":78.5,"flood_hist_n":0,"flood_depth_max_m":null,"flood_risk_100y":null,"semi_basement_r":null,"elderly_alone_r":0.3659,"bldg_age30_r":null,"shelter_min_walk":71,"pop":1422,"hh":910,"elderly65_r":0.5162,"single_hh_r":0.6132,"source_level":"emd","flood_years":[],"landslide_hist_n":0},"geometry":{"type":"Polygon","coordinates":[[[128.25182,35.27577],[128.25098,35.27192],[128.25516,35.2698],[128.26019,35.27153],[128.26104,35.27538],[128.25685,35.2775],[128.25182,35.27577]]]}},{"type":"Feature","properties":{"h3":"8830c02739fffff","emd_code":"4872025000","emd_name":"의령읍","area_km2":0.5415,"edge":false,"slope_mean":17.63,"elev_mean":114.1,"flood_hist_n":0,"flood_depth_max_m":null,"flood_risk_100y":null,"semi_basement_r":null,"elderly_alone_r":0.2042,"bldg_age30_r":null,"shelter_min_walk":52,"pop":8853,"hh":4658,"elderly65_r":0.2831,"single_hh_r":0.4946,"source_level":"emd","flood_years":[],"landslide_hist_n":0},"geometry":{"type":"Polygon","coordinates":[[[128.24514,35.2877],[128.24429,35.28385],[128.24848,35.28173],[128.25351,35.28346],[128.25435,35.28731],[128.25017,35.28943],[128.24514,35.2877]]]}},{"type":"Feature","properties":{"h3":"8830c0273bfffff","emd_code":"4872025000","emd_name":"의령읍","area_km2":0.5415,"edge":false,"slope_mean":17.77,"elev_mean":100.2,"flood_hist_n":0,"flood_depth_max_m":null,"flood_risk_100y":null,"semi_basement_r":null,"elderly_alone_r":0.2042,"bldg_age30_r":null,"shelter_min_walk":51,"pop":8853,"hh":4658,"elderly65_r":0.2831,"single_hh_r":0.4946,"source_level":"emd","flood_years":[],"landslide_hist_n":0},"geometry":{"type":"Polygon","coordinates":[[[128.25435,35.28731],[128.25351,35.28346],[128.25769,35.28135],[128.26272,35.28308],[128.26357,35.28693],[128.25938,35.28904],[128.25435,35.28731]]]}},{"type":"Feature","properties":{"h3":"8830c0273dfffff","emd_code":"4872025000","emd_name":"의령읍","area_km2":0.5415,"edge":false,"slope_mean":25.68,"elev_mean":198.9,"flood_hist_n":0,"flood_depth_max_m":null,"flood_risk_100y":null,"semi_basement_r":null,"elderly_alone_r":0.2042,"bldg_age30_r":null,"shelter_min_walk":63,"pop":8853,"hh":4658,"elderly65_r":0.2831,"single_hh_r":0.4946,"source_level":"emd","flood_years":[],"landslide_hist_n":0},"geometry":{"type":"Polygon","coordinates":[[[128.23927,35.28212],[128.23842,35.27827],[128.24261,35.27615],[128.24764,35.27788],[128.24848,35.28173],[128.24429,35.28385],[128.23927,35.28212]]]}},{"type":"Feature","properties":{"h3":"8830c02741fffff","emd_code":"4872034000","emd_name":"화정면","area_km2":0.541,"edge":false,"slope_mean":27.57,"elev_mean":273.0,"flood_hist_n":0,"flood_depth_max_m":null,"flood_risk_100y":null,"semi_basement_r":null,"elderly_alone_r":0.3659,"bldg_age30_r":null,"shelter_min_walk":51,"pop":1422,"hh":910,"elderly65_r":0.5162,"single_hh_r":0.6132,"source_level":"emd","flood_years":[],"landslide_hist_n":0},"geometry":{"type":"Polygon","coordinates":[[[128.21669,35.30635],[128.21584,35.30251],[128.22003,35.30039],[128.22506,35.30213],[128.2259,35.30597],[128.22172,35.30809],[128.21669,35.30635]]]}},{"type":"Feature","properties":{"h3":"8830c02743fffff","emd_code":"4872025000","emd_name":"의령읍","area_km2":0.5411,"edge":false,"slope_mean":28.61,"elev_mean":324.0,"flood_hist_n":0,"flood_depth_max_m":null,"flood_risk_100y":null,"semi_basement_r":null,"elderly_alone_r":0.2042,"bldg_age30_r":null,"shelter_min_walk":41,"pop":8853,"hh":4658,"elderly65_r":0.2831,"single_hh_r":0.4946,"source_level":"emd","flood_years":[],"landslide_hist_n":0},"geometry":{"type":"Polygon","coordinates":[[[128.2259,35.30597],[128.22506,35.30213],[128.22924,35.30001],[128.23427,35.30174],[128.23511,35.30559],[128.23093,35.3077],[128.2259,35.30597]]]}},{"type":"Feature","properties":{"h3":"8830c02745fffff","emd_code":"4872034000","emd_name":"화정면","area_km2":0.5411,"edge":false,"slope_mean":26.39,"elev_mean":164.5,"flood_hist_n":0,"flood_depth_max_m":null,"flood_risk_100y":null,"semi_basement_r":null,"elderly_alone_r":0.3659,"bldg_age30_r":null,"shelter_min_walk":63,"pop":1422,"hh":910,"elderly65_r":0.5162,"single_hh_r":0.6132,"source_level":"emd","flood_years":[],"landslide_hist_n":0},"geometry":{"type":"Polygon","coordinates":[[[128.21081,35.30077],[128.20997,35.29693],[128.21416,35.29481],[128.21918,35.29654],[128.22003,35.30039],[128.21584,35.30251],[128.21081,35.30077]]]}},{"type":"Feature","properties":{"h3":"8830c02747fffff","emd_code":"4872034000","emd_name":"화정면","area_km2":0.5411,"edge":false,"slope_mean":30.2,"elev_mean":340.8,"flood_hist_n":0,"flood_depth_max_m":null,"flood_risk_100y":null,"semi_basement_r":null,"elderly_alone_r":0.3659,"bldg_age30_r":null,"shelter_min_walk":53,"pop":1422,"hh":910,"elderly65_r":0.5162,"single_hh_r":0.6132,"source_level":"emd","flood_years":[],"landslide_hist_n":0},"geometry":{"type":"Polygon","coordinates":[[[128.22003,35.30039],[128.21918,35.29654],[128.22337,35.29443],[128.2284,35.29616],[128.22924,35.30001],[128.22506,35.30213],[128.22003,35.30039]]]}},{"type":"Feature","properties":{"h3":"8830c02749fffff","emd_code":"4872025000","emd_name":"의령읍","area_km2":0.5409,"edge":false,"slope_mean":25.88,"elev_mean":301.9,"flood_hist_n":0,"flood_depth_max_m":null,"flood_risk_100y":null,"semi_basement_r":null,"elderly_alone_r":0.2042,"bldg_age30_r":null,"shelter_min_walk":52,"pop":8853,"hh":4658,"elderly65_r":0.2831,"single_hh_r":0.4946,"source_level":"emd","flood_years":[],"landslide_hist_n":0},"geometry":{"type":"Polygon","coordinates":[[[128.21335,35.31232],[128.2125,35.30847],[128.21669,35.30635],[128.22172,35.30809],[128.22256,35.31193],[128.21837,35.31405],[128.21335,35.31232]]]}},{"type":"Feature","properties":{"h3":"8830c0274bfffff","emd_code":"4872025000","emd_name":"의령읍","area_km2":0.541,"edge":false,"slope_mean":24.81,"elev_mean":248.6,"flood_hist_n":0,"flood_depth_max_m":null,"flood_risk_100y":null,"semi_basement_r":null,"elderly_alone_r":0.2042,"bldg_age30_r":null,"shelter_min_walk":40,"pop":8853,"hh":4658,"elderly65_r":0.2831,"single_hh_r":0.4946,"source_level":"emd","flood_years":[],"landslide_hist_n":0},"geometry":{"type":"Polygon","coordinates":[[[128.22256,35.31193],[128.22172,35.30809],[128.2259,35.30597],[128.23093,35.3077],[128.23177,35.31155],[128.22759,35.31367],[128.22256,35.31193]]]}},{"type":"Feature","properties":{"h3":"8830c0274dfffff","emd_code":"4872034000","emd_name":"화정면","area_km2":0.541,"edge":false,"slope_mean":25.76,"elev_mean":193.3,"flood_hist_n":0,"flood_depth_max_m":null,"flood_risk_100y":null,"semi_basement_r":null,"elderly_alone_r":0.3659,"bldg_age30_r":null,"shelter_min_walk":62,"pop":1422,"hh":910,"elderly65_r":0.5162,"single_hh_r":0.6132,"source_level":"emd","flood_years":[],"landslide_hist_n":0},"geometry":{"type":"Polygon","coordinates":[[[128.20747,35.30674],[128.20663,35.30289],[128.21081,35.30077],[128.21584,35.30251],[128.21669,35.30635],[128.2125,35.30847],[128.20747,35.30674]]]}},{"type":"Feature","properties":{"h3":"8830c02751fffff","emd_code":"4872025000","emd_name":"의령읍","area_km2":0.5411,"edge":false,"slope_mean":25.84,"elev_mean":152.5,"flood_hist_n":0,"flood_depth_max_m":null,"flood_risk_100y":null,"semi_basement_r":null,"elderly_alone_r":0.2042,"bldg_age30_r":null,"shelter_min_walk":19,"pop":8853,"hh":4658,"elderly65_r":0.2831,"single_hh_r":0.4946,"source_level":"emd","flood_years":[],"landslide_hist_n":0},"geometry":{"type":"Polygon","coordinates":[[[128.24099,35.31117],[128.24014,35.30732],[128.24433,35.30521],[128.24936,35.30694],[128.2502,35.31078],[128.24602,35.3129],[128.24099,35.31117]]]}},{"type":"Feature","properties":{"h3":"8830c02753fffff","emd_code":"4872025000","emd_name":"의령읍","area_km2":0.5411,"edge":false,"slope_mean":15.21,"elev_mean":66.5,"flood_hist_n":0,"flood_depth_max_m":null,"flood_risk_100y":null,"semi_basement_r":null,"elderly_alone_r":0.2042,"bldg_age30_r":null,"shelter_min_walk":13,"pop":8853,"hh":4658,"elderly65_r":0.2831,"single_hh_r":0.4946,"source_level":"emd","flood_years":[],"landslide_hist_n":0},"geometry":{"type":"Polygon","coordinates":[[[128.2502,35.31078],[128.24936,35.30694],[128.25354,35.30482],[128.25857,35.30655],[128.25942,35.3104],[128.25523,35.31252],[128.2502,35.31078]]]}},{"type":"Feature","properties":{"h3":"8830c02755fffff","emd_code":"4872025000","emd_name":"의령읍","area_km2":0.5411,"edge":false,"slope_mean":27.54,"elev_mean":228.0,"flood_hist_n":0,"flood_depth_max_m":null,"flood_risk_100y":null,"semi_basement_r":null,"elderly_alone_r":0.2042,"bldg_age30_r":null,"shelter_min_walk":32,"pop":8853,"hh":4658,"elderly65_r":0.2831,"single_hh_r":0.4946,"source_level":"emd","flood_years":[],"landslide_hist_n":0},"geometry":{"type":"Polygon","coordinates":[[[128.23511,35.30559],[128.23427,35.30174],[128.23846,35.29963],[128.24349,35.30136],[128.24433,35.30521],[128.24014,35.30732],[128.23511,35.30559]]]}},{"type":"Feature","properties":{"h3":"8830c02757fffff","emd_code":"4872025000","emd_name":"의령읍","area_km2":0.5412,"edge":false,"slope_mean":22.94,"elev_mean":171.7,"flood_hist_n":0,"flood_depth_max_m":null,"flood_risk_100y":null,"semi_basement_r":null,"elderly_alone_r":0.2042,"bldg_age30_r":null,"shelter_min_walk":25,"pop":8853,"hh":4658,"elderly65_r":0.2831,"single_hh_r":0.4946,"source_level":"emd","flood_years":[],"landslide_hist_n":0},"geometry":{"type":"Polygon","coordinates":[[[128.24433,35.30521],[128.24349,35.30136],[128.24767,35.29924],[128.2527,35.30097],[128.25354,35.30482],[128.24936,35.30694],[128.24433,35.30521]]]}},{"type":"Feature","properties":{"h3":"8830c02759fffff","emd_code":"4872025000","emd_name":"의령읍","area_km2":0.5409,"edge":false,"slope_mean":26.52,"elev_mean":190.4,"flood_hist_n":0,"flood_depth_max_m":null,"flood_risk_100y":null,"semi_basement_r":null,"elderly_alone_r":0.2042,"bldg_age30_r":null,"shelter_min_walk":18,"pop":8853,"hh":4658,"elderly65_r":0.2831,"single_hh_r":0.4946,"source_level":"emd","flood_years":[],"landslide_hist_n":0},"geometry":{"type":"Polygon","coordinates":[[[128.23765,35.31713],[128.2368,35.31328],[128.24099,35.31117],[128.24602,35.3129],[128.24686,35.31675],[128.24268,35.31886],[128.23765,35.31713]]]}},{"type":"Feature","properties":{"h3":"8830c0275bfffff","emd_code":"4872025000","emd_name":"의령읍","area_km2":0.541,"edge":false,"slope_mean":13.67,"elev_mean":68.0,"flood_hist_n":0,"flood_depth_max_m":null,"flood_risk_100y":null,"semi_basement_r":null,"elderly_alone_r":0.2042,"bldg_age30_r":null,"shelter_min_walk":7,"pop":8853,"hh":4658,"elderly65_r":0.2831,"single_hh_r":0.4946,"source_level":"emd","flood_years":[],"landslide_hist_n":0},"geometry":{"type":"Polygon","coordinates":[[[128.24686,35.31675],[128.24602,35.3129],[128.2502,35.31078],[128.25523,35.31252],[128.25608,35.31636],[128.25189,35.31848],[128.24686,35.31675]]]}},{"type":"Feature","properties":{"h3":"8830c0275dfffff","emd_code":"4872025000","emd_name":"의령읍","area_km2":0.541,"edge":false,"slope_mean":26.02,"elev_mean":184.3,"flood_hist_n":0,"flood_depth_max_m":null,"flood_risk_100y":null,"semi_basement_r":null,"elderly_alone_r":0.2042,"bldg_age30_r":null,"shelter_min_walk":29,"pop":8853,"hh":4658,"elderly65_r":0.2831,"single_hh_r":0.4946,"source_level":"emd","flood_years":[],"landslide_hist_n":0},"geometry":{"type":"Polygon","coordinates":[[[128.23177,35.31155],[128.23093,35.3077],[128.23511,35.30559],[128.24014,35.30732],[128.24099,35.31117],[128.2368,35.31328],[128.23177,35.31155]]]}},{"type":"Feature","properties":{"h3":"8830c02761fffff","emd_code":"4872034000","emd_name":"화정면","area_km2":0.5413,"edge":false,"slope_mean":21.56,"elev_mean":101.3,"flood_hist_n":0,"flood_depth_max_m":null,"flood_risk_100y":null,"semi_basement_r":null,"elderly_alone_r":0.3659,"bldg_age30_r":null,"shelter_min_walk":77,"pop":1422,"hh":910,"elderly65_r":0.5162,"single_hh_r":0.6132,"source_level":"emd","flood_years":[],"landslide_hist_n":0},"geometry":{"type":"Polygon","coordinates":[[[128.20828,35.28923],[128.20744,35.28538],[128.21162,35.28327],[128.21665,35.285],[128.2175,35.28885],[128.21331,35.29096],[128.20828,35.28923]]]}},{"type":"Feature","properties":{"h3":"8830c02763fffff","emd_code":"4872034000","emd_name":"화정면","area_km2":0.5413,"edge":false,"slope_mean":27.83,"elev_mean":264.2,"flood_hist_n":0,"flood_depth_max_m":null,"flood_risk_100y":null,"semi_basement_r":null,"elderly_alone_r":0.3659,"bldg_age30_r":null,"shelter_min_walk":68,"pop":1422,"hh":910,"elderly65_r":0.5162,"single_hh_r":0.6132,"source_level":"emd","flood_years":[],"landslide_hist_n":0},"geometry":{"type":"Polygon","coordinates":[[[128.2175,35.28885],[128.21665,35.285],[128.22084,35.28288],[128.22587,35.28462],[128.22671,35.28847],[128.22253,35.29058],[128.2175,35.28885]]]}},{"type":"Feature","properties":{"h3":"8830c02765fffff","emd_code":"4872034000","emd_name":"화정면","area_km2":0.5413,"edge":false,"slope_mean":19.16,"elev_mean":71.4,"flood_hist_n":0,"flood_depth_max_m":null,"flood_risk_100y":null,"semi_basement_r":null,"elderly_alone_r":0.3659,"bldg_age30_r":null,"shelter_min_walk":89,"pop":1422,"hh":910,"elderly65_r":0.5162,"single_hh_r":0.6132,"source_level":"emd","flood_years":[],"landslide_hist_n":0},"geometry":{"type":"Polygon","coordinates":[[[128.20241,35.28365],[128.20157,35.2798],[128.20575,35.27768],[128.21078,35.27942],[128.21162,35.28327],[128.20744,35.28538],[128.20241,35.28365]]]}},{"type":"Feature","properties":{"h3":"8830c02767fffff","emd_code":"4872034000","emd_name":"화정면","area_km2":0.5414,"edge":false,"slope_mean":20.94,"elev_mean":114.8,"flood_hist_n":0,"flood_depth_max_m":null,"flood_risk_100y":null,"semi_basement_r":null,"elderly_alone_r":0.3659,"bldg_age30_r":null,"shelter_min_walk":81,"pop":1422,"hh":910,"elderly65_r":0.5162,"single_hh_r":0.6132,"source_level":"emd","flood_years":[],"landslide_hist_n":0},"geometry":{"type":"Polygon","coordinates":[[[128.21162,35.28327],[128.21078,35.27942],[128.21497,35.2773],[128.21999,35.27904],[128.22084,35.28288],[128.21665,35.285],[128.21162,35.28327]]]}},{"type":"Feature","properties":{"h3":"8830c02769fffff","emd_code":"4872034000","emd_name":"화정면","area_km2":0.5411,"edge":false,"slope_mean":24.01,"elev_mean":126.7,"flood_hist_n":0,"flood_depth_max_m":null,"flood_risk_100y":null,"semi_basement_r":null,"elderly_alone_r":0.3659,"bldg_age30_r":null,"shelter_min_walk":74,"pop":1422,"hh":910,"elderly65_r":0.5162,"single_hh_r":0.6132,"source_level":"emd","flood_years":[],"landslide_hist_n":0},"geometry":{"type":"Polygon","coordinates":[[[128.20494,35.29519],[128.2041,35.29135],[128.20828,35.28923],[128.21331,35.29096],[128.21416,35.29481],[128.20997,35.29693],[128.20494,35.29519]]]}},{"type":"Feature","properties":{"h3":"8830c0276bfffff","emd_code":"4872034000","emd_name":"화정면","area_km2":0.5412,"edge":false,"slope_mean":26.8,"elev_mean":163.9,"flood_hist_n":0,"flood_depth_max_m":null,"flood_risk_100y":null,"semi_basement_r":null,"elderly_alone_r":0.3659,"bldg_age30_r":null,"shelter_min_walk":65,"pop":1422,"hh":910,"elderly65_r":0.5162,"single_hh_r":0.6132,"source_level":"emd","flood_years":[],"landslide_hist_n":0},"geometry":{"type":"Polygon","coordinates":[[[128.21416,35.29481],[128.21331,35.29096],[128.2175,35.28885],[128.22253,35.29058],[128.22337,35.29443],[128.21918,35.29654],[128.21416,35.29481]]]}},{"type":"Feature","properties":{"h3":"8830c0276dfffff","emd_code":"4872034000","emd_name":"화정면","area_km2":0.5412,"edge":false,"slope_mean":18.85,"elev_mean":74.6,"flood_hist_n":0,"flood_depth_max_m":null,"flood_risk_100y":null,"semi_basement_r":null,"elderly_alone_r":0.3659,"bldg_age30_r":null,"shelter_min_walk":86,"pop":1422,"hh":910,"elderly65_r":0.5162,"single_hh_r":0.6132,"source_level":"emd","flood_years":[],"landslide_hist_n":0},"geometry":{"type":"Polygon","coordinates":[[[128.19907,35.28961],[128.19823,35.28576],[128.20241,35.28365],[128.20744,35.28538],[128.20828,35.28923],[128.2041,35.29135],[128.19907,35.28961]]]}},{"type":"Feature","properties":{"h3":"8830c0308bfffff","emd_code":"4872033000","emd_name":"대의면","area_km2":0.5397,"edge":true,"slope_mean":21.65,"elev_mean":156.9,"flood_hist_n":0,"flood_depth_max_m":null,"flood_risk_100y":null,"semi_basement_r":null,"elderly_alone_r":0.4339,"bldg_age30_r":null,"shelter_min_walk":172,"pop":1010,"hh":673,"elderly65_r":0.5376,"single_hh_r":0.6657,"source_level":"emd","flood_years":[],"landslide_hist_n":0},"geometry":{"type":"Polygon","coordinates":[[[128.08612,35.3466],[128.08527,35.34276],[128.08946,35.34065],[128.09448,35.34239],[128.09532,35.34623],[128.09114,35.34834],[128.08612,35.3466]]]}},{"type":"Feature","properties":{"h3":"8830c03091fffff","emd_code":"4872033000","emd_name":"대의면","area_km2":0.5398,"edge":false,"slope_mean":18.05,"elev_mean":114.4,"flood_hist_n":0,"flood_depth_max_m":null,"flood_risk_100y":null,"semi_basement_r":null,"elderly_alone_r":0.4339,"bldg_age30_r":null,"shelter_min_walk":176,"pop":1010,"hh":673,"elderly65_r":0.5376,"single_hh_r":0.6657,"source_level":"emd","flood_years":[],"landslide_hist_n":0},"geometry":{"type":"Polygon","coordinates":[[[128.10453,35.34586],[128.10369,35.34202],[128.10787,35.33991],[128.1129,35.34165],[128.11374,35.34549],[128.10956,35.3476],[128.10453,35.34586]]]}},{"type":"Feature","properties":{"h3":"8830c03093fffff","emd_code":"4872033000","emd_name":"대의면","area_km2":0.5399,"edge":false,"slope_mean":20.59,"elev_mean":135.9,"flood_hist_n":0,"flood_depth_max_m":null,"flood_risk_100y":null,"semi_basement_r":null,"elderly_alone_r":0.4339,"bldg_age30_r":null,"shelter_min_walk":178,"pop":1010,"hh":673,"elderly65_r":0.5376,"single_hh_r":0.6657,"source_level":"emd","flood_years":[],"landslide_hist_n":0},"geometry":{"type":"Polygon","coordinates":[[[128.11374,35.34549],[128.1129,35.34165],[128.11708,35.33954],[128.12211,35.34127],[128.12295,35.34512],[128.11877,35.34722],[128.11374,35.34549]]]}},{"type":"Feature","properties":{"h3":"8830c03095fffff","emd_code":"4872033000","emd_name":"대의면","area_km2":0.5399,"edge":true,"slope_mean":20.31,"elev_mean":141.4,"flood_hist_n":0,"flood_depth_max_m":null,"flood_risk_100y":null,"semi_basement_r":null,"elderly_alone_r":0.4339,"bldg_age30_r":null,"shelter_min_walk":166,"pop":1010,"hh":673,"elderly65_r":0.5376,"single_hh_r":0.6657,"source_level":"emd","flood_years":[],"landslide_hist_n":0},"geometry":{"type":"Polygon","coordinates":[[[128.09866,35.34028],[128.09782,35.33644],[128.102,35.33433],[128.10703,35.33607],[128.10787,35.33991],[128.10369,35.34202],[128.09866,35.34028]]]}},{"type":"Feature","properties":{"h3":"8830c03097fffff","emd_code":"4872033000","emd_name":"대의면","area_km2":0.5399,"edge":false,"slope_mean":19.74,"elev_mean":145.0,"flood_hist_n":0,"flood_depth_max_m":null,"flood_risk_100y":null,"semi_basement_r":null,"elderly_alone_r":0.4339,"bldg_age30_r":null,"shelter_min_walk":167,"pop":1010,"hh":673,"elderly65_r":0.5376,"single_hh_r":0.6657,"source_level":"emd","flood_years":[],"landslide_hist_n":0},"geometry":{"type":"Polygon","coordinates":[[[128.10787,35.33991],[128.10703,35.33607],[128.11121,35.33396],[128.11624,35.33569],[128.11708,35.33954],[128.1129,35.34165],[128.10787,35.33991]]]}},{"type":"Feature","properties":{"h3":"8830c03099fffff","emd_code":"4872033000","emd_name":"대의면","area_km2":0.5397,"edge":false,"slope_mean":18.5,"elev_mean":109.7,"flood_hist_n":0,"flood_depth_max_m":null,"flood_risk_100y":null,"semi_basement_r":null,"elderly_alone_r":0.4339,"bldg_age30_r":null,"shelter_min_walk":185,"pop":1010,"hh":673,"elderly65_r":0.5376,"single_hh_r":0.6657,"source_level":"emd","flood_years":[],"landslide_hist_n":0},"geometry":{"type":"Polygon","coordinates":[[[128.10119,35.35181],[128.10035,35.34797],[128.10453,35.34586],[128.10956,35.3476],[128.1104,35.35144],[128.10622,35.35355],[128.10119,35.35181]]]}},{"type":"Feature","properties":{"h3":"8830c0309bfffff","emd_code":"4872033000","emd_name":"대의면","area_km2":0.5398,"edge":false,"slope_mean":21.36,"elev_mean":143.9,"flood_hist_n":0,"flood_depth_max_m":null,"flood_risk_100y":null,"semi_basement_r":null,"elderly_alone_r":0.4339,"bldg_age30_r":null,"shelter_min_walk":186,"pop":1010,"hh":673,"elderly65_r":0.5376,"single_hh_r":0.6657,"source_level":"emd","flood_years":[],"landslide_hist_n":0},"geometry":{"type":"Polygon","coordinates":[[[128.1104,35.35144],[128.10956,35.3476],[128.11374,35.34549],[128.11877,35.34722],[128.11961,35.35107],[128.11543,35.35318],[128.1104,35.35144]]]}},{"type":"Feature","properties":{"h3":"8830c0309dfffff","emd_code":"4872033000","emd_name":"대의면","area_km2":0.5398,"edge":false,"slope_mean":19.74,"elev_mean":153.5,"flood_hist_n":0,"flood_depth_max_m":null,"flood_risk_100y":null,"semi_basement_r":null,"elderly_alone_r":0.4339,"bldg_age30_r":null,"shelter_min_walk":175,"pop":1010,"hh":673,"elderly65_r":0.5376,"single_hh_r":0.6657,"source_level":"emd","flood_years":[],"landslide_hist_n":0},"geometry":{"type":"Polygon","coordinates":[[[128.09532,35.34623],[128.09448,35.34239],[128.09866,35.34028],[128.10369,35.34202],[128.10453,35.34586],[128.10035,35.34797],[128.09532,35.34623]]]}},{"type":"Feature","properties":{"h3":"8830c030d1fffff","emd_code":"4872033000","emd_name":"대의면","area_km2":0.5395,"edge":true,"slope_mean":17.21,"elev_mean":104.5,"flood_hist_n":0,"flood_depth_max_m":null,"flood_risk_100y":null,"semi_basement_r":null,"elderly_alone_r":0.4339,"bldg_age30_r":null,"shelter_min_walk":183,"pop":1010,"hh":673,"elderly65_r":0.5376,"single_hh_r":0.6657,"source_level":"emd","flood_years":[],"landslide_hist_n":0},"geometry":{"type":"Polygon","coordinates":[[[128.08864,35.35813],[128.0878,35.35429],[128.09198,35.35218],[128.09701,35.35392],[128.09785,35.35776],[128.09367,35.35987],[128.08864,35.35813]]]}},{"type":"Feature","properties":{"h3":"8830c030d3fffff","emd_code":"4872033000","emd_name":"대의면","area_km2":0.5396,"edge":false,"slope_mean":19.99,"elev_mean":122.8,"flood_hist_n":0,"flood_depth_max_m":null,"flood_risk_100y":null,"semi_basement_r":null,"elderly_alone_r":0.4339,"bldg_age30_r":null,"shelter_min_walk":194,"pop":1010,"hh":673,"elderly65_r":0.5376,"single_hh_r":0.6657,"source_level":"emd","flood_years":[],"landslide_hist_n":0},"geometry":{"type":"Polygon","coordinates":[[[128.09785,35.35776],[128.09701,35.35392],[128.10119,35.35181],[128.10622,35.35355],[128.10706,35.35739],[128.10288,35.3595],[128.09785,35.35776]]]}},{"type":"Feature","properties":{"h3":"8830c030d7fffff","emd_code":"4872033000","emd_name":"대의면","area_km2":0.5397,"edge":false,"slope_mean":19.37,"elev_mean":134.3,"flood_hist_n":0,"flood_depth_max_m":null,"flood_risk_100y":null,"semi_basement_r":null,"elderly_alone_r":0.4339,"bldg_age30_r":null,"shelter_min_walk":183,"pop":1010,"hh":673,"elderly65_r":0.5376,"single_hh_r":0.6657,"source_level":"emd","flood_years":[],"landslide_hist_n":0},"geometry":{"type":"Polygon","coordinates":[[[128.09198,35.35218],[128.09114,35.34834],[128.09532,35.34623],[128.10035,35.34797],[128.10119,35.35181],[128.09701,35.35392],[128.09198,35.35218]]]}},{"type":"Feature","properties":{"h3":"8830c030dbfffff","emd_code":"4872033000","emd_name":"대의면","area_km2":0.5395,"edge":true,"slope_mean":18.97,"elev_mean":120.1,"flood_hist_n":0,"flood_depth_max_m":null,"flood_risk_100y":null,"semi_basement_r":null,"elderly_alone_r":0.4339,"bldg_age30_r":null,"shelter_min_walk":195,"pop":1010,"hh":673,"elderly65_r":0.5376,"single_hh_r":0.6657,"source_level":"emd","flood_years":[],"landslide_hist_n":0},"geometry":{"type":"Polygon","coordinates":[[[128.09451,35.36371],[128.09367,35.35987],[128.09785,35.35776],[128.10288,35.3595],[128.10372,35.36334],[128.09954,35.36545],[128.09451,35.36371]]]}},{"type":"Feature","properties":{"h3":"8830c032b1fffff","emd_code":"4872033000","emd_name":"대의면","area_km2":0.5393,"edge":true,"slope_mean":14.72,"elev_mean":95.1,"flood_hist_n":0,"flood_depth_max_m":null,"flood_risk_100y":null,"semi_basement_r":null,"elderly_alone_r":0.4339,"bldg_age30_r":null,"shelter_min_walk":176,"pop":1010,"hh":673,"elderly65_r":0.5376,"single_hh_r":0.6657,"source_level":"emd","flood_years":[],"landslide_hist_n":0},"geometry":{"type":"Polygon","coordinates":[[[128.07275,35.3704],[128.07191,35.36656],[128.07609,35.36445],[128.08112,35.36619],[128.08196,35.37003],[128.07778,35.37213],[128.07275,35.3704]]]}},{"type":"Feature","properties":{"h3":"8830c032b3fffff","emd_code":"4872033000","emd_name":"대의면","area_km2":0.5393,"edge":false,"slope_mean":16.57,"elev_mean":113.3,"flood_hist_n":0,"flood_depth_max_m":null,"flood_risk_100y":null,"semi_basement_r":null,"elderly_alone_r":0.4339,"bldg_age30_r":null,"shelter_min_walk":186,"pop":1010,"hh":673,"elderly65_r":0.5376,"single_hh_r":0.6657,"source_level":"emd","flood_years":[],"landslide_hist_n":0},"geometry":{"type":"Polygon","coordinates":[[[128.08196,35.37003],[128.08112,35.36619],[128.0853,35.36408],[128.09033,35.36582],[128.09117,35.36966],[128.08699,35.37176],[128.08196,35.37003]]]}},{"type":"Feature","properties":{"h3":"8830c03401fffff","emd_code":"4872033000","emd_name":"대의면","area_km2":0.5397,"edge":false,"slope_mean":29.55,"elev_mean":478.7,"flood_hist_n":0,"flood_depth_max_m":null,"flood_risk_100y":null,"semi_basement_r":null,"elderly_alone_r":0.4339,"bldg_age30_r":null,"shelter_min_walk":130,"pop":1010,"hh":673,"elderly65_r":0.5376,"single_hh_r":0.6657,"source_level":"emd","flood_years":[],"landslide_hist_n":0},"geometry":{"type":"Polygon","coordinates":[[[128.1858,35.37745],[128.18496,35.37361],[128.18915,35.3715],[128.19417,35.37323],[128.19502,35.37707],[128.19083,35.37918],[128.1858,35.37745]]]}},{"type":"Feature","properties":{"h3":"8830c03403fffff","emd_code":"4872032000","emd_name":"칠곡면","area_km2":0.5397,"edge":false,"slope_mean":31.97,"elev_mean":686.4,"flood_hist_n":0,"flood_depth_max_m":null,"flood_risk_100y":null,"semi_basement_r":null,"elderly_alone_r":0.3611,"bldg_age30_r":null,"shelter_min_walk":121,"pop":1131,"hh":720,"elderly65_r":0.5597,"single_hh_r":0.5819,"source_level":"emd","flood_years":[],"landslide_hist_n":0},"geometry":{"type":"Polygon","coordinates":[[[128.19502,35.37707],[128.19417,35.37323],[128.19836,35.37112],[128.20339,35.37285],[128.20423,35.37669],[128.20005,35.3788],[128.19502,35.37707]]]}},{"type":"Feature","properties":{"h3":"8830c03405fffff","emd_code":"4872032000","emd_name":"칠곡면","area_km2":0.5397,"edge":false,"slope_mean":24.02,"elev_mean":333.7,"flood_hist_n":0,"flood_depth_max_m":null,"flood_risk_100y":null,"semi_basement_r":null,"elderly_alone_r":0.3611,"bldg_age30_r":null,"shelter_min_walk":129,"pop":1131,"hh":720,"elderly65_r":0.5597,"single_hh_r":0.5819,"source_level":"emd","flood_years":[],"landslide_hist_n":0},"geometry":{"type":"Polygon","coordinates":[[[128.17993,35.37187],[128.17909,35.36803],[128.18327,35.36592],[128.1883,35.36765],[128.18915,35.3715],[128.18496,35.37361],[128.17993,35.37187]]]}},{"type":"Feature","properties":{"h3":"8830c03407fffff","emd_code":"4872032000","emd_name":"칠곡면","area_km2":0.5398,"edge":false,"slope_mean":30.4,"elev_mean":445.7,"flood_hist_n":0,"flood_depth_max_m":null,"flood_risk_100y":null,"semi_basement_r":null,"elderly_alone_r":0.3611,"bldg_age30_r":null,"shelter_min_walk":119,"pop":1131,"hh":720,"elderly65_r":0.5597,"single_hh_r":0.5819,"source_level":"emd","flood_years":[],"landslide_hist_n":0},"geometry":{"type":"Polygon","coordinates":[[[128.18915,35.3715],[128.1883,35.36765],[128.19249,35.36554],[128.19752,35.36728],[128.19836,35.37112],[128.19417,35.37323],[128.18915,35.3715]]]}},{"type":"Feature","properties":{"h3":"8830c03409fffff","emd_code":"4872033000","emd_name":"대의면","area_km2":0.5396,"edge":false,"slope_mean":22.07,"elev_mean":318.7,"flood_hist_n":0,"flood_depth_max_m":null,"flood_risk_100y":null,"semi_basement_r":null,"elderly_alone_r":0.4339,"bldg_age30_r":null,"shelter_min_walk":140,"pop":1010,"hh":673,"elderly65_r":0.5376,"single_hh_r":0.6657,"source_level":"emd","flood_years":[],"landslide_hist_n":0},"geometry":{"type":"Polygon","coordinates":[[[128.18246,35.3834],[128.18162,35.37956],[128.1858,35.37745],[128.19083,35.37918],[128.19168,35.38302],[128.18749,35.38513],[128.18246,35.3834]]]}},{"type":"Feature","properties":{"h3":"8830c0340bfffff","emd_code":"4872033000","emd_name":"대의면","area_km2":0.5396,"edge":false,"slope_mean":31.4,"elev_mean":503.4,"flood_hist_n":0,"flood_depth_max_m":null,"flood_risk_100y":null,"semi_basement_r":null,"elderly_alone_r":0.4339,"bldg_age30_r":null,"shelter_min_walk":132,"pop":1010,"hh":673,"elderly65_r":0.5376,"single_hh_r":0.6657,"source_level":"emd","flood_years":[],"landslide_hist_n":0},"geometry":{"type":"Polygon","coordinates":[[[128.19168,35.38302],[128.19083,35.37918],[128.19502,35.37707],[128.20005,35.3788],[128.20089,35.38264],[128.19671,35.38475],[128.19168,35.38302]]]}},{"type":"Feature","properties":{"h3":"8830c0340dfffff","emd_code":"4872033000","emd_name":"대의면","area_km2":0.5396,"edge":false,"slope_mean":19.42,"elev_mean":291.8,"flood_hist_n":0,"flood_depth_max_m":null,"flood_risk_100y":null,"semi_basement_r":null,"elderly_alone_r":0.4339,"bldg_age30_r":null,"shelter_min_walk":139,"pop":1010,"hh":673,"elderly65_r":0.5376,"single_hh_r":0.6657,"source_level":"emd","flood_years":[],"landslide_hist_n":0},"geometry":{"type":"Polygon","coordinates":[[[128.17659,35.37782],[128.17575,35.37398],[128.17993,35.37187],[128.18496,35.37361],[128.1858,35.37745],[128.18162,35.37956],[128.17659,35.37782]]]}},{"type":"Feature","properties":{"h3":"8830c03411fffff","emd_code":"4872031000","emd_name":"가례면","area_km2":0.5397,"edge":false,"slope_mean":22.29,"elev_mean":414.7,"flood_hist_n":0,"flood_depth_max_m":null,"flood_risk_100y":null,"semi_basement_r":null,"elderly_alone_r":0.3877,"bldg_age30_r":null,"shelter_min_walk":116,"pop":1544,"hh":877,"elderly65_r":0.5447,"single_hh_r":0.5998,"source_level":"emd","flood_years":[],"landslide_hist_n":0},"geometry":{"type":"Polygon","coordinates":[[[128.2101,35.38226],[128.20926,35.37842],[128.21345,35.37631],[128.21848,35.37804],[128.21932,35.38189],[128.21513,35.384],[128.2101,35.38226]]]}},{"type":"Feature","properties":{"h3":"8830c03413fffff","emd_code":"4872031000","emd_name":"가례면","area_km2":0.5398,"edge":false,"slope_mean":16.71,"elev_mean":260.7,"flood_hist_n":0,"flood_depth_max_m":null,"flood_risk_100y":null,"semi_basement_r":null,"elderly_alone_r":0.3877,"bldg_age30_r":null,"shelter_min_walk":109,"pop":1544,"hh":877,"elderly65_r":0.5447,"single_hh_r":0.5998,"source_level":"emd","flood_years":[],"landslide_hist_n":0},"geometry":{"type":"Polygon","coordinates":[[[128.21932,35.38189],[128.21848,35.37804],[128.22266,35.37593],[128.22769,35.37766],[128.22853,35.38151],[128.22435,35.38362],[128.21932,35.38189]]]}},{"type":"Feature","properties":{"h3":"8830c03415fffff","emd_code":"4872031000","emd_name":"가례면","area_km2":0.5398,"edge":false,"slope_mean":31.4,"elev_mean":695.3,"flood_hist_n":0,"flood_depth_max_m":null,"flood_risk_100y":null,"semi_basement_r":null,"elderly_alone_r":0.3877,"bldg_age30_r":null,"shelter_min_walk":113,"pop":1544,"hh":877,"elderly65_r":0.5447,"single_hh_r":0.5998,"source_level":"emd","flood_years":[],"landslide_hist_n":0},"geometry":{"type":"Polygon","coordinates":[[[128.20423,35.37669],[128.20339,35.37285],[128.20757,35.37074],[128.2126,35.37247],[128.21345,35.37631],[128.20926,35.37842],[128.20423,35.37669]]]}},{"type":"Feature","properties":{"h3":"8830c03417fffff","emd_code":"4872031000","emd_name":"가례면","area_km2":0.5398,"edge":false,"slope_mean":28.65,"elev_mean":535.7,"flood_hist_n":0,"flood_depth_max_m":null,"flood_risk_100y":null,"semi_basement_r":null,"elderly_alone_r":0.3877,"bldg_age30_r":null,"shelter_min_walk":105,"pop":1544,"hh":877,"elderly65_r":0.5447,"single_hh_r":0.5998,"source_level":"emd","flood_years":[],"landslide_hist_n":0},"geometry":{"type":"Polygon","coordinates":[[[128.21345,35.37631],[128.2126,35.37247],[128.21679,35.37036],[128.22182,35.37209],[128.22266,35.37593],[128.21848,35.37804],[128.21345,35.37631]]]}},{"type":"Feature","properties":{"h3":"8830c03419fffff","emd_code":"4872031000","emd_name":"가례면","area_km2":0.5396,"edge":false,"slope_mean":22.7,"elev_mean":369.5,"flood_hist_n":0,"flood_depth_max_m":null,"flood_risk_100y":null,"semi_basement_r":null,"elderly_alone_r":0.3877,"bldg_age30_r":null,"shelter_min_walk":127,"pop":1544,"hh":877,"elderly65_r":0.5447,"single_hh_r":0.5998,"source_level":"emd","flood_years":[],"landslide_hist_n":0},"geometry":{"type":"Polygon","coordinates":[[[128.20676,35.38822],[128.20592,35.38437],[128.2101,35.38226],[128.21513,35.384],[128.21598,35.38784],[128.21179,35.38995],[128.20676,35.38822]]]}},{"type":"Feature","properties":{"h3":"8830c0341bfffff","emd_code":"4872031000","emd_name":"가례면","area_km2":0.5397,"edge":false,"slope_mean":11.47,"elev_mean":222.8,"flood_hist_n":0,"flood_depth_max_m":null,"flood_risk_100y":null,"semi_basement_r":null,"elderly_alone_r":0.3877,"bldg_age30_r":null,"shelter_min_walk":120,"pop":1544,"hh":877,"elderly65_r":0.5447,"single_hh_r":0.5998,"source_level":"emd","flood_years":[],"landslide_hist_n":0},"geometry":{"type":"Polygon","coordinates":[[[128.21598,35.38784],[128.21513,35.384],[128.21932,35.38189],[128.22435,35.38362],[128.22519,35.38746],[128.22101,35.38957],[128.21598,35.38784]]]}},{"type":"Feature","properties":{"h3":"8830c0341dfffff","emd_code":"4872031000","emd_name":"가례면","area_km2":0.5397,"edge":false,"slope_mean":30.78,"elev_mean":649.2,"flood_hist_n":0,"flood_depth_max_m":null,"flood_risk_100y":null,"semi_basement_r":null,"elderly_alone_r":0.3877,"bldg_age30_r":null,"shelter_min_walk":124,"pop":1544,"hh":877,"elderly65_r":0.5447,"single_hh_r":0.5998,"source_level":"emd","flood_years":[],"landslide_hist_n":0},"geometry":{"type":"Polygon","coordinates":[[[128.20089,35.38264],[128.20005,35.3788],[128.20423,35.37669],[128.20926,35.37842],[128.2101,35.38226],[128.20592,35.38437],[128.20089,35.38264]]]}},{"type":"Feature","properties":{"h3":"8830c03421fffff","emd_code":"4872032000","emd_name":"칠곡면","area_km2":0.5399,"edge":false,"slope_mean":21.15,"elev_mean":256.5,"flood_hist_n":0,"flood_depth_max_m":null,"flood_risk_100y":null,"semi_basement_r":null,"elderly_alone_r":0.3611,"bldg_age30_r":null,"shelter_min_walk":120,"pop":1131,"hh":720,"elderly65_r":0.5597,"single_hh_r":0.5819,"source_level":"emd","flood_years":[],"landslide_hist_n":0},"geometry":{"type":"Polygon","coordinates":[[[128.1774,35.36035],[128.17656,35.3565],[128.18074,35.35439],[128.18577,35.35613],[128.18662,35.35997],[128.18243,35.36208],[128.1774,35.36035]]]}},{"type":"Feature","properties":{"h3":"8830c03423fffff","emd_code":"4872032000","emd_name":"칠곡면","area_km2":0.54,"edge":false,"slope_mean":14.85,"elev_mean":170.7,"flood_hist_n":0,"flood_depth_max_m":null,"flood_risk_100y":null,"semi_basement_r":null,"elderly_alone_r":0.3611,"bldg_age30_r":null,"shelter_min_walk":109,"pop":1131,"hh":720,"elderly65_r":0.5597,"single_hh_r":0.5819,"source_level":"emd","flood_years":[],"landslide_hist_n":0},"geometry":{"type":"Polygon","coordinates":[[[128.18662,35.35997],[128.18577,35.35613],[128.18996,35.35402],[128.19499,35.35575],[128.19583,35.35959],[128.19164,35.3617],[128.18662,35.35997]]]}},{"type":"Feature","properties":{"h3":"8830c03425fffff","emd_code":"4872032000","emd_name":"칠곡면","area_km2":0.54,"edge":false,"slope_mean":16.24,"elev_mean":184.8,"flood_hist_n":0,"flood_depth_max_m":null,"flood_risk_100y":null,"semi_basement_r":null,"elderly_alone_r":0.3611,"bldg_age30_r":null,"shelter_min_walk":122,"pop":1131,"hh":720,"elderly65_r":0.5597,"single_hh_r":0.5819,"source_level":"emd","flood_years":[],"landslide_hist_n":0},"geometry":{"type":"Polygon","coordinates":[[[128.17153,35.35477],[128.17069,35.35093],[128.17487,35.34882],[128.1799,35.35055],[128.18074,35.35439],[128.17656,35.3565],[128.17153,35.35477]]]}},{"type":"Feature","properties":{"h3":"8830c03427fffff","emd_code":"4872032000","emd_name":"칠곡면","area_km2":0.54,"edge":false,"slope_mean":18.3,"elev_mean":171.5,"flood_hist_n":0,"flood_depth_max_m":null,"flood_risk_100y":null,"semi_basement_r":null,"elderly_alone_r":0.3611,"bldg_age30_r":null,"shelter_min_walk":111,"pop":1131,"hh":720,"elderly65_r":0.5597,"single_hh_r":0.5819,"source_level":"emd","flood_years":[],"landslide_hist_n":0},"geometry":{"type":"Polygon","coordinates":[[[128.18074,35.35439],[128.1799,35.35055],[128.18409,35.34844],[128.18911,35.35017],[128.18996,35.35402],[128.18577,35.35613],[128.18074,35.35439]]]}},{"type":"Feature","properties":{"h3":"8830c03429fffff","emd_code":"4872032000","emd_name":"칠곡면","area_km2":0.5398,"edge":false,"slope_mean":25.65,"elev_mean":376.4,"flood_hist_n":0,"flood_depth_max_m":null,"flood_risk_100y":null,"semi_basement_r":null,"elderly_alone_r":0.3611,"bldg_age30_r":null,"shelter_min_walk":129,"pop":1131,"hh":720,"elderly65_r":0.5597,"single_hh_r":0.5819,"source_level":"emd","flood_years":[],"landslide_hist_n":0},"geometry":{"type":"Polygon","coordinates":[[[128.17406,35.3663],[128.17322,35.36246],[128.1774,35.36035],[128.18243,35.36208],[128.18327,35.36592],[128.17909,35.36803],[128.17406,35.3663]]]}},{"type":"Feature","properties":{"h3":"8830c0342bfffff","emd_code":"4872032000","emd_name":"칠곡면","area_km2":0.5399,"edge":false,"slope_mean":22.04,"elev_mean":228.4,"flood_hist_n":0,"flood_depth_max_m":null,"flood_risk_100y":null,"semi_basement_r":null,"elderly_alone_r":0.3611,"bldg_age30_r":null,"shelter_min_walk":119,"pop":1131,"hh":720,"elderly65_r":0.5597,"single_hh_r":0.5819,"source_level":"emd","flood_years":[],"landslide_hist_n":0},"geometry":{"type":"Polygon","coordinates":[[[128.18327,35.36592],[128.18243,35.36208],[128.18662,35.35997],[128.19164,35.3617],[128.19249,35.36554],[128.1883,35.36765],[128.18327,35.36592]]]}},{"type":"Feature","properties":{"h3":"8830c0342dfffff","emd_code":"4872032000","emd_name":"칠곡면","area_km2":0.5399,"edge":false,"slope_mean":20.92,"elev_mean":260.9,"flood_hist_n":0,"flood_depth_max_m":null,"flood_risk_100y":null,"semi_basement_r":null,"elderly_alone_r":0.3611,"bldg_age30_r":null,"shelter_min_walk":131,"pop":1131,"hh":720,"elderly65_r":0.5597,"single_hh_r":0.5819,"source_level":"emd","flood_years":[],"landslide_hist_n":0},"geometry":{"type":"Polygon","coordinates":[[[128.16819,35.36072],[128.16735,35.35688],[128.17153,35.35477],[128.17656,35.3565],[128.1774,35.36035],[128.17322,35.36246],[128.16819,35.36072]]]}},{"type":"Feature","properties":{"h3":"8830c03431fffff","emd_code":"4872032000","emd_name":"칠곡면","area_km2":0.54,"edge":false,"slope_mean":27.52,"elev_mean":449.8,"flood_hist_n":0,"flood_depth_max_m":null,"flood_risk_100y":null,"semi_basement_r":null,"elderly_alone_r":0.3611,"bldg_age30_r":null,"shelter_min_walk":100,"pop":1131,"hh":720,"elderly65_r":0.5597,"single_hh_r":0.5819,"source_level":"emd","flood_years":[],"landslide_hist_n":0},"geometry":{"type":"Polygon","coordinates":[[[128.2017,35.36517],[128.20086,35.36132],[128.20504,35.35921],[128.21007,35.36094],[128.21091,35.36479],[128.20673,35.3669],[128.2017,35.36517]]]}},{"type":"Feature","properties":{"h3":"8830c03433fffff","emd_code":"4872031000","emd_name":"가례면","area_km2":0.54,"edge":false,"slope_mean":26.99,"elev_mean":486.1,"flood_hist_n":0,"flood_depth_max_m":null,"flood_risk_100y":null,"semi_basement_r":null,"elderly_alone_r":0.3877,"bldg_age30_r":null,"shelter_min_walk":92,"pop":1544,"hh":877,"elderly65_r":0.5447,"single_hh_r":0.5998,"source_level":"emd","flood_years":[],"landslide_hist_n":0},"geometry":{"type":"Polygon","coordinates":[[[128.21091,35.36479],[128.21007,35.36094],[128.21426,35.35883],[128.21929,35.36056],[128.22013,35.36441],[128.21594,35.36652],[128.21091,35.36479]]]}},{"type":"Feature","properties":{"h3":"8830c03435fffff","emd_code":"4872032000","emd_name":"칠곡면","area_km2":0.54,"edge":false,"slope_mean":20.36,"elev_mean":238.3,"flood_hist_n":0,"flood_depth_max_m":null,"flood_risk_100y":null,"semi_basement_r":null,"elderly_alone_r":0.3611,"bldg_age30_r":null,"shelter_min_walk":99,"pop":1131,"hh":720,"elderly65_r":0.5597,"single_hh_r":0.5819,"source_level":"emd","flood_years":[],"landslide_hist_n":0},"geometry":{"type":"Polygon","coordinates":[[[128.19583,35.35959],[128.19499,35.35575],[128.19917,35.35364],[128.2042,35.35537],[128.20504,35.35921],[128.20086,35.36132],[128.19583,35.35959]]]}},{"type":"Feature","properties":{"h3":"8830c03437fffff","emd_code":"4872032000","emd_name":"칠곡면","area_km2":0.5401,"edge":false,"slope_mean":27.12,"elev_mean":482.6,"flood_hist_n":0,"flood_depth_max_m":null,"flood_risk_100y":null,"semi_basement_r":null,"elderly_alone_r":0.3611,"bldg_age30_r":null,"shelter_min_walk":90,"pop":1131,"hh":720,"elderly65_r":0.5597,"single_hh_r":0.5819,"source_level":"emd","flood_years":[],"landslide_hist_n":0},"geometry":{"type":"Polygon","coordinates":[[[128.20504,35.35921],[128.2042,35.35537],[128.20838,35.35326],[128.21341,35.35499],[128.21426,35.35883],[128.21007,35.36094],[128.20504,35.35921]]]}},{"type":"Feature","properties":{"h3":"8830c03439fffff","emd_code":"4872032000","emd_name":"칠곡면","area_km2":0.5398,"edge":false,"slope_mean":31.62,"elev_mean":486.9,"flood_hist_n":0,"flood_depth_max_m":null,"flood_risk_100y":null,"semi_basement_r":null,"elderly_alone_r":0.3611,"bldg_age30_r":null,"shelter_min_walk":111,"pop":1131,"hh":720,"elderly65_r":0.5597,"single_hh_r":0.5819,"source_level":"emd","flood_years":[],"landslide_hist_n":0},"geometry":{"type":"Polygon","coordinates":[[[128.19836,35.37112],[128.19752,35.36728],[128.2017,35.36517],[128.20673,35.3669],[128.20757,35.37074],[128.20339,35.37285],[128.19836,35.37112]]]}},{"type":"Feature","properties":{"h3":"8830c0343bfffff","emd_code":"4872031000","emd_name":"가례면","area_km2":0.5399,"edge":false,"slope_mean":28.8,"elev_mean":619.7,"flood_hist_n":0,"flood_depth_max_m":null,"flood_risk_100y":null,"semi_basement_r":null,"elderly_alone_r":0.3877,"bldg_age30_r":null,"shelter_min_walk":103,"pop":1544,"hh":877,"elderly65_r":0.5447,"single_hh_r":0.5998,"source_level":"emd","flood_years":[],"landslide_hist_n":0},"geometry":{"type":"Polygon","coordinates":[[[128.20757,35.37074],[128.20673,35.3669],[128.21091,35.36479],[128.21594,35.36652],[128.21679,35.37036],[128.2126,35.37247],[128.20757,35.37074]]]}},{"type":"Feature","properties":{"h3":"8830c0343dfffff","emd_code":"4872032000","emd_name":"칠곡면","area_km2":0.5399,"edge":false,"slope_mean":24.57,"elev_mean":270.2,"flood_hist_n":0,"flood_depth_max_m":null,"flood_risk_100y":null,"semi_basement_r":null,"elderly_alone_r":0.3611,"bldg_age30_r":null,"shelter_min_walk":109,"pop":1131,"hh":720,"elderly65_r":0.5597,"single_hh_r":0.5819,"source_level":"emd","flood_years":[],"landslide_hist_n":0},"geometry":{"type":"Polygon","coordinates":[[[128.19249,35.36554],[128.19164,35.3617],[128.19583,35.35959],[128.20086,35.36132],[128.2017,35.36517],[128.19752,35.36728],[128.19249,35.36554]]]}},{"type":"Feature","properties":{"h3":"8830c03441fffff","emd_code":"4872033000","emd_name":"대의면","area_km2":0.5394,"edge":false,"slope_mean":16.59,"elev_mean":239.6,"flood_hist_n":0,"flood_depth_max_m":null,"flood_risk_100y":null,"semi_basement_r":null,"elderly_alone_r":0.4339,"bldg_age30_r":null,"shelter_min_walk":159,"pop":1010,"hh":673,"elderly65_r":0.5376,"single_hh_r":0.6657,"source_level":"emd","flood_years":[],"landslide_hist_n":0},"geometry":{"type":"Polygon","coordinates":[[[128.16991,35.38972],[128.16907,35.38588],[128.17325,35.38377],[128.17828,35.38551],[128.17912,35.38935],[128.17494,35.39146],[128.16991,35.38972]]]}},{"type":"Feature","properties":{"h3":"8830c03443fffff","emd_code":"4872033000","emd_name":"대의면","area_km2":0.5395,"edge":false,"slope_mean":27.62,"elev_mean":386.5,"flood_hist_n":0,"flood_depth_max_m":null,"flood_risk_100y":null,"semi_basement_r":null,"elderly_alone_r":0.4339,"bldg_age30_r":null,"shelter_min_walk":150,"pop":1010,"hh":673,"elderly65_r":0.5376,"single_hh_r":0.6657,"source_level":"emd","flood_years":[],"landslide_hist_n":0},"geometry":{"type":"Polygon","coordinates":[[[128.17912,35.38935],[128.17828,35.38551],[128.18246,35.3834],[128.18749,35.38513],[128.18833,35.38897],[128.18415,35.39108],[128.17912,35.38935]]]}},{"type":"Feature","properties":{"h3":"8830c03445fffff","emd_code":"4872033000","emd_name":"대의면","area_km2":0.5395,"edge":false,"slope_mean":24.93,"elev_mean":305.1,"flood_hist_n":0,"flood_depth_max_m":null,"flood_risk_100y":null,"semi_basement_r":null,"elderly_alone_r":0.4339,"bldg_age30_r":null,"shelter_min_walk":158,"pop":1010,"hh":673,"elderly65_r":0.5376,"single_hh_r":0.6657,"source_level":"emd","flood_years":[],"landslide_hist_n":0},"geometry":{"type":"Polygon","coordinates":[[[128.16404,35.38415],[128.16319,35.38031],[128.16738,35.3782],[128.17241,35.37993],[128.17325,35.38377],[128.16907,35.38588],[128.16404,35.38415]]]}},{"type":"Feature","properties":{"h3":"8830c03447fffff","emd_code":"4872033000","emd_name":"대의면","area_km2":0.5395,"edge":false,"slope_mean":16.2,"elev_mean":250.8,"flood_hist_n":0,"flood_depth_max_m":null,"flood_risk_100y":null,"semi_basement_r":null,"elderly_alone_r":0.4339,"bldg_age30_r":null,"shelter_min_walk":149,"pop":1010,"hh":673,"elderly65_r":0.5376,"single_hh_r":0.6657,"source_level":"emd","flood_years":[],"landslide_hist_n":0},"geometry":{"type":"Polygon","coordinates":[[[128.17325,35.38377],[128.17241,35.37993],[128.17659,35.37782],[128.18162,35.37956],[128.18246,35.3834],[128.17828,35.38551],[128.17325,35.38377]]]}},{"type":"Feature","properties":{"h3":"8830c03449fffff","emd_code":"4872033000","emd_name":"대의면","area_km2":0.5393,"edge":false,"slope_mean":23.63,"elev_mean":315.7,"flood_hist_n":0,"flood_depth_max_m":null,"flood_risk_100y":null,"semi_basement_r":null,"elderly_alone_r":0.4339,"bldg_age30_r":null,"shelter_min_walk":170,"pop":1010,"hh":673,"elderly65_r":0.5376,"single_hh_r":0.6657,"source_level":"emd","flood_years":[],"landslide_hist_n":0},"geometry":{"type":"Polygon","coordinates":[[[128.16657,35.39567],[128.16572,35.39183],[128.16991,35.38972],[128.17494,35.39146],[128.17578,35.3953],[128.1716,35.3974],[128.16657,35.39567]]]}},{"type":"Feature","properties":{"h3":"8830c0344bfffff","emd_code":"4872033000","emd_name":"대의면","area_km2":0.5393,"edge":false,"slope_mean":28.43,"elev_mean":404.4,"flood_hist_n":0,"flood_depth_max_m":null,"flood_risk_100y":null,"semi_basement_r":null,"elderly_alone_r":0.4339,"bldg_age30_r":null,"shelter_min_walk":161,"pop":1010,"hh":673,"elderly65_r":0.5376,"single_hh_r":0.6657,"source_level":"emd","flood_years":[],"landslide_hist_n":0},"geometry":{"type":"Polygon","coordinates":[[[128.17578,35.3953],[128.17494,35.39146],[128.17912,35.38935],[128.18415,35.39108],[128.18499,35.39492],[128.18081,35.39703],[128.17578,35.3953]]]}},{"type":"Feature","properties":{"h3":"8830c0344dfffff","emd_code":"4872033000","emd_name":"대의면","area_km2":0.5394,"edge":false,"slope_mean":17.11,"elev_mean":216.6,"flood_hist_n":0,"flood_depth_max_m":null,"flood_risk_100y":null,"semi_basement_r":null,"elderly_alone_r":0.4339,"bldg_age30_r":null,"shelter_min_walk":168,"pop":1010,"hh":673,"elderly65_r":0.5376,"single_hh_r":0.6657,"source_level":"emd","flood_years":[],"landslide_hist_n":0},"geometry":{"type":"Polygon","coordinates":[[[128.1607,35.3901],[128.15985,35.38626],[128.16404,35.38415],[128.16907,35.38588],[128.16991,35.38972],[128.16572,35.39183],[128.1607,35.3901]]]}},{"type":"Feature","properties":{"h3":"8830c03451fffff","emd_code":"4872033000","emd_name":"대의면","area_km2":0.5394,"edge":false,"slope_mean":27.22,"elev_mean":681.3,"flood_hist_n":0,"flood_depth_max_m":null,"flood_risk_100y":null,"semi_basement_r":null,"elderly_alone_r":0.4339,"bldg_age30_r":null,"shelter_min_walk":145,"pop":1010,"hh":673,"elderly65_r":0.5376,"single_hh_r":0.6657,"source_level":"emd","flood_years":[],"landslide_hist_n":0},"geometry":{"type":"Polygon","coordinates":[[[128.19421,35.39454],[128.19336,35.3907],[128.19755,35.38859],[128.20258,35.39032],[128.20342,35.39417],[128.19924,35.39627],[128.19421,35.39454]]]}},{"type":"Feature","properties":{"h3":"8830c03453fffff","emd_code":"4872031000","emd_name":"가례면","area_km2":0.5395,"edge":false,"slope_mean":29.61,"elev_mean":523.4,"flood_hist_n":0,"flood_depth_max_m":null,"flood_risk_100y":null,"semi_basement_r":null,"elderly_alone_r":0.3877,"bldg_age30_r":null,"shelter_min_walk":138,"pop":1544,"hh":877,"elderly65_r":0.5447,"single_hh_r":0.5998,"source_level":"emd","flood_years":[],"landslide_hist_n":0},"geometry":{"type":"Polygon","coordinates":[[[128.20342,35.39417],[128.20258,35.39032],[128.20676,35.38822],[128.21179,35.38995],[128.21264,35.39379],[128.20845,35.3959],[128.20342,35.39417]]]}},{"type":"Feature","properties":{"h3":"8830c03455fffff","emd_code":"4872033000","emd_name":"대의면","area_km2":0.5395,"edge":false,"slope_mean":30.03,"elev_mean":495.8,"flood_hist_n":0,"flood_depth_max_m":null,"flood_risk_100y":null,"semi_basement_r":null,"elderly_alone_r":0.4339,"bldg_age30_r":null,"shelter_min_walk":142,"pop":1010,"hh":673,"elderly65_r":0.5376,"single_hh_r":0.6657,"source_level":"emd","flood_years":[],"landslide_hist_n":0},"geometry":{"type":"Polygon","coordinates":[[[128.18833,35.38897],[128.18749,35.38513],[128.19168,35.38302],[128.19671,35.38475],[128.19755,35.38859],[128.19336,35.3907],[128.18833,35.38897]]]}},{"type":"Feature","properties":{"h3":"8830c03457fffff","emd_code":"4872033000","emd_name":"대의면","area_km2":0.5396,"edge":false,"slope_mean":29.67,"elev_mean":566.3,"flood_hist_n":0,"flood_depth_max_m":null,"flood_risk_100y":null,"semi_basement_r":null,"elderly_alone_r":0.4339,"bldg_age30_r":null,"shelter_min_walk":135,"pop":1010,"hh":673,"elderly65_r":0.5376,"single_hh_r":0.6657,"source_level":"emd","flood_years":[],"landslide_hist_n":0},"geometry":{"type":"Polygon","coordinates":[[[128.19755,35.38859],[128.19671,35.38475],[128.20089,35.38264],[128.20592,35.38437],[128.20676,35.38822],[128.20258,35.39032],[128.19755,35.38859]]]}},{"type":"Feature","properties":{"h3":"8830c03459fffff","emd_code":"4872041500","emd_name":"궁류면","area_km2":0.5393,"edge":false,"slope_mean":25.58,"elev_mean":671.6,"flood_hist_n":0,"flood_depth_max_m":null,"flood_risk_100y":null,"semi_basement_r":null,"elderly_alone_r":0.4923,"bldg_age30_r":null,"shelter_min_walk":156,"pop":1006,"hh":717,"elderly65_r":0.6829,"single_hh_r":0.6681,"source_level":"emd","flood_years":[],"landslide_hist_n":0},"geometry":{"type":"Polygon","coordinates":[[[128.19087,35.40049],[128.19002,35.39665],[128.19421,35.39454],[128.19924,35.39627],[128.20008,35.40011],[128.19589,35.40222],[128.19087,35.40049]]]}},{"type":"Feature","properties":{"h3":"8830c0345bfffff","emd_code":"4872041500","emd_name":"궁류면","area_km2":0.5394,"edge":false,"slope_mean":25.78,"elev_mean":636.6,"flood_hist_n":0,"flood_depth_max_m":null,"flood_risk_100y":null,"semi_basement_r":null,"elderly_alone_r":0.4923,"bldg_age30_r":null,"shelter_min_walk":148,"pop":1006,"hh":717,"elderly65_r":0.6829,"single_hh_r":0.6681,"source_level":"emd","flood_years":[],"landslide_hist_n":0},"geometry":{"type":"Polygon","coordinates":[[[128.20008,35.40011],[128.19924,35.39627],[128.20342,35.39417],[128.20845,35.3959],[128.20929,35.39974],[128.20511,35.40184],[128.20008,35.40011]]]}},{"type":"Feature","properties":{"h3":"8830c0345dfffff","emd_code":"4872033000","emd_name":"대의면","area_km2":0.5394,"edge":false,"slope_mean":31.95,"elev_mean":644.1,"flood_hist_n":0,"flood_depth_max_m":null,"flood_risk_100y":null,"semi_basement_r":null,"elderly_alone_r":0.4339,"bldg_age30_r":null,"shelter_min_walk":153,"pop":1010,"hh":673,"elderly65_r":0.5376,"single_hh_r":0.6657,"source_level":"emd","flood_years":[],"landslide_hist_n":0},"geometry":{"type":"Polygon","coordinates":[[[128.18499,35.39492],[128.18415,35.39108],[128.18833,35.38897],[128.19336,35.3907],[128.19421,35.39454],[128.19002,35.39665],[128.18499,35.39492]]]}},{"type":"Feature","properties":{"h3":"8830c03461fffff","emd_code":"4872033000","emd_name":"대의면","area_km2":0.5396,"edge":false,"slope_mean":23.82,"elev_mean":271.6,"flood_hist_n":0,"flood_depth_max_m":null,"flood_risk_100y":null,"semi_basement_r":null,"elderly_alone_r":0.4339,"bldg_age30_r":null,"shelter_min_walk":149,"pop":1010,"hh":673,"elderly65_r":0.5376,"single_hh_r":0.6657,"source_level":"emd","flood_years":[],"landslide_hist_n":0},"geometry":{"type":"Polygon","coordinates":[[[128.16151,35.37263],[128.16067,35.36878],[128.16485,35.36668],[128.16988,35.36841],[128.17072,35.37225],[128.16654,35.37436],[128.16151,35.37263]]]}},{"type":"Feature","properties":{"h3":"8830c03463fffff","emd_code":"4872033000","emd_name":"대의면","area_km2":0.5397,"edge":false,"slope_mean":24.48,"elev_mean":359.0,"flood_hist_n":0,"flood_depth_max_m":null,"flood_risk_100y":null,"semi_basement_r":null,"elderly_alone_r":0.4339,"bldg_age30_r":null,"shelter_min_walk":139,"pop":1010,"hh":673,"elderly65_r":0.5376,"single_hh_r":0.6657,"source_level":"emd","flood_years":[],"landslide_hist_n":0},"geometry":{"type":"Polygon","coordinates":[[[128.17072,35.37225],[128.16988,35.36841],[128.17406,35.3663],[128.17909,35.36803],[128.17993,35.37187],[128.17575,35.37398],[128.17072,35.37225]]]}},{"type":"Feature","properties":{"h3":"8830c03465fffff","emd_code":"4872032000","emd_name":"칠곡면","area_km2":0.5397,"edge":false,"slope_mean":22.49,"elev_mean":280.6,"flood_hist_n":0,"flood_depth_max_m":null,"flood_risk_100y":null,"semi_basement_r":null,"elderly_alone_r":0.3611,"bldg_age30_r":null,"shelter_min_walk":151,"pop":1131,"hh":720,"elderly65_r":0.5597,"single_hh_r":0.5819,"source_level":"emd","flood_years":[],"landslide_hist_n":0},"geometry":{"type":"Polygon","coordinates":[[[128.15564,35.36705],[128.15479,35.36321],[128.15898,35.3611],[128.16401,35.36283],[128.16485,35.36668],[128.16067,35.36878],[128.15564,35.36705]]]}},{"type":"Feature","properties":{"h3":"8830c03467fffff","emd_code":"4872033000","emd_name":"대의면","area_km2":0.5398,"edge":false,"slope_mean":26.71,"elev_mean":330.2,"flood_hist_n":0,"flood_depth_max_m":null,"flood_risk_100y":null,"semi_basement_r":null,"elderly_alone_r":0.4339,"bldg_age30_r":null,"shelter_min_walk":140,"pop":1010,"hh":673,"elderly65_r":0.5376,"single_hh_r":0.6657,"source_level":"emd","flood_years":[],"landslide_hist_n":0},"geometry":{"type":"Polygon","coordinates":[[[128.16485,35.36668],[128.16401,35.36283],[128.16819,35.36072],[128.17322,35.36246],[128.17406,35.3663],[128.16988,35.36841],[128.16485,35.36668]]]}},{"type":"Feature","properties":{"h3":"8830c03469fffff","emd_code":"4872033000","emd_name":"대의면","area_km2":0.5395,"edge":false,"slope_mean":26.49,"elev_mean":332.7,"flood_hist_n":0,"flood_depth_max_m":null,"flood_risk_100y":null,"semi_basement_r":null,"elderly_alone_r":0.4339,"bldg_age30_r":null,"shelter_min_walk":159,"pop":1010,"hh":673,"elderly65_r":0.5376,"single_hh_r":0.6657,"source_level":"emd","flood_years":[],"landslide_hist_n":0},"geometry":{"type":"Polygon","coordinates":[[[128.15817,35.37858],[128.15732,35.37473],[128.16151,35.37263],[128.16654,35.37436],[128.16738,35.3782],[128.16319,35.38031],[128.15817,35.37858]]]}},{"type":"Feature","properties":{"h3":"8830c0346bfffff","emd_code":"4872033000","emd_name":"대의면","area_km2":0.5396,"edge":false,"slope_mean":28.7,"elev_mean":383.5,"flood_hist_n":0,"flood_depth_max_m":null,"flood_risk_100y":null,"semi_basement_r":null,"elderly_alone_r":0.4339,"bldg_age30_r":null,"shelter_min_walk":149,"pop":1010,"hh":673,"elderly65_r":0.5376,"single_hh_r":0.6657,"source_level":"emd","flood_years":[],"landslide_hist_n":0},"geometry":{"type":"Polygon","coordinates":[[[128.16738,35.3782],[128.16654,35.37436],[128.17072,35.37225],[128.17575,35.37398],[128.17659,35.37782],[128.17241,35.37993],[128.16738,35.3782]]]}},{"type":"Feature","properties":{"h3":"8830c0346dfffff","emd_code":"4872033000","emd_name":"대의면","area_km2":0.5396,"edge":false,"slope_mean":23.93,"elev_mean":255.5,"flood_hist_n":0,"flood_depth_max_m":null,"flood_risk_100y":null,"semi_basement_r":null,"elderly_alone_r":0.4339,"bldg_age30_r":null,"shelter_min_walk":160,"pop":1010,"hh":673,"elderly65_r":0.5376,"single_hh_r":0.6657,"source_level":"emd","flood_years":[],"landslide_hist_n":0},"geometry":{"type":"Polygon","coordinates":[[[128.1523,35.373],[128.15145,35.36916],[128.15564,35.36705],[128.16067,35.36878],[128.16151,35.37263],[128.15732,35.37473],[128.1523,35.373]]]}},{"type":"Feature","properties":{"h3":"8830c03481fffff","emd_code":"4872035000","emd_name":"용덕면","area_km2":0.54,"edge":false,"slope_mean":26.51,"elev_mean":229.9,"flood_hist_n":0,"flood_depth_max_m":null,"flood_risk_100y":null,"semi_basement_r":null,"elderly_alone_r":0.3566,"bldg_age30_r":null,"shelter_min_walk":85,"pop":1371,"hh":889,"elderly65_r":0.5383,"single_hh_r":0.6029,"source_level":"emd","flood_years":[],"landslide_hist_n":0},"geometry":{"type":"Polygon","coordinates":[[[128.25031,35.37479],[128.24946,35.37095],[128.25365,35.36884],[128.25868,35.37057],[128.25953,35.37441],[128.25534,35.37652],[128.25031,35.37479]]]}},{"type":"Feature","properties":{"h3":"8830c03483fffff","emd_code":"4872035000","emd_name":"용덕면","area_km2":0.5401,"edge":false,"slope_mean":20.07,"elev_mean":136.5,"flood_hist_n":0,"flood_depth_max_m":null,"flood_risk_100y":null,"semi_basement_r":null,"elderly_alone_r":0.3566,"bldg_age30_r":null,"shelter_min_walk":84,"pop":1371,"hh":889,"elderly65_r":0.5383,"single_hh_r":0.6029,"source_level":"emd","flood_years":[],"landslide_hist_n":0},"geometry":{"type":"Polygon","coordinates":[[[128.25953,35.37441],[128.25868,35.37057],[128.26287,35.36845],[128.2679,35.37018],[128.26874,35.37402],[128.26456,35.37614],[128.25953,35.37441]]]}},{"type":"Feature","properties":{"h3":"8830c03485fffff","emd_code":"4872035000","emd_name":"용덕면","area_km2":0.5401,"edge":false,"slope_mean":25.45,"elev_mean":207.0,"flood_hist_n":0,"flood_depth_max_m":null,"flood_risk_100y":null,"semi_basement_r":null,"elderly_alone_r":0.3566,"bldg_age30_r":null,"shelter_min_walk":77,"pop":1371,"hh":889,"elderly65_r":0.5383,"single_hh_r":0.6029,"source_level":"emd","flood_years":[],"landslide_hist_n":0},"geometry":{"type":"Polygon","coordinates":[[[128.24443,35.36922],[128.24359,35.36538],[128.24778,35.36326],[128.25281,35.36499],[128.25365,35.36884],[128.24946,35.37095],[128.24443,35.36922]]]}},{"type":"Feature","properties":{"h3":"8830c03487fffff","emd_code":"4872035000","emd_name":"용덕면","area_km2":0.5401,"edge":false,"slope_mean":24.33,"elev_mean":170.7,"flood_hist_n":0,"flood_depth_max_m":null,"flood_risk_100y":null,"semi_basement_r":null,"elderly_alone_r":0.3566,"bldg_age30_r":null,"shelter_min_walk":75,"pop":1371,"hh":889,"elderly65_r":0.5383,"single_hh_r":0.6029,"source_level":"emd","flood_years":[],"landslide_hist_n":0},"geometry":{"type":"Polygon","coordinates":[[[128.25365,35.36884],[128.25281,35.36499],[128.25699,35.36288],[128.26202,35.36461],[128.26287,35.36845],[128.25868,35.37057],[128.25365,35.36884]]]}},{"type":"Feature","properties":{"h3":"8830c03489fffff","emd_code":"4872035000","emd_name":"용덕면","area_km2":0.5399,"edge":false,"slope_mean":26.87,"elev_mean":299.7,"flood_hist_n":0,"flood_depth_max_m":null,"flood_risk_100y":null,"semi_basement_r":null,"elderly_alone_r":0.3566,"bldg_age30_r":null,"shelter_min_walk":95,"pop":1371,"hh":889,"elderly65_r":0.5383,"single_hh_r":0.6029,"source_level":"emd","flood_years":[],"landslide_hist_n":0},"geometry":{"type":"Polygon","coordinates":[[[128.24697,35.38074],[128.24612,35.3769],[128.25031,35.37479],[128.25534,35.37652],[128.25618,35.38036],[128.252,35.38247],[128.24697,35.38074]]]}},{"type":"Feature","properties":{"h3":"8830c0348bfffff","emd_code":"4872035000","emd_name":"용덕면","area_km2":0.54,"edge":false,"slope_mean":21.43,"elev_mean":167.0,"flood_hist_n":0,"flood_depth_max_m":null,"flood_risk_100y":null,"semi_basement_r":null,"elderly_alone_r":0.3566,"bldg_age30_r":null,"shelter_min_walk":94,"pop":1371,"hh":889,"elderly65_r":0.5383,"single_hh_r":0.6029,"source_level":"emd","flood_years":[],"landslide_hist_n":0},"geometry":{"type":"Polygon","coordinates":[[[128.25618,35.38036],[128.25534,35.37652],[128.25953,35.37441],[128.26456,35.37614],[128.2654,35.37998],[128.26121,35.38209],[128.25618,35.38036]]]}},{"type":"Feature","properties":{"h3":"8830c0348dfffff","emd_code":"4872031000","emd_name":"가례면","area_km2":0.54,"edge":false,"slope_mean":26.16,"elev_mean":260.1,"flood_hist_n":0,"flood_depth_max_m":null,"flood_risk_100y":null,"semi_basement_r":null,"elderly_alone_r":0.3877,"bldg_age30_r":null,"shelter_min_walk":88,"pop":1544,"hh":877,"elderly65_r":0.5447,"single_hh_r":0.5998,"source_level":"emd","flood_years":[],"landslide_hist_n":0},"geometry":{"type":"Polygon","coordinates":[[[128.24109,35.37517],[128.24025,35.37133],[128.24443,35.36922],[128.24946,35.37095],[128.25031,35.37479],[128.24612,35.3769],[128.24109,35.37517]]]}},{"type":"Feature","properties":{"h3":"8830c03491fffff","emd_code":"4872035000","emd_name":"용덕면","area_km2":0.5401,"edge":false,"slope_mean":22.27,"elev_mean":137.7,"flood_hist_n":0,"flood_depth_max_m":null,"flood_risk_100y":null,"semi_basement_r":null,"elderly_alone_r":0.3566,"bldg_age30_r":null,"shelter_min_walk":95,"pop":1371,"hh":889,"elderly65_r":0.5383,"single_hh_r":0.6029,"source_level":"emd","flood_years":[],"landslide_hist_n":0},"geometry":{"type":"Polygon","coordinates":[[[128.27462,35.3796],[128.27377,35.37575],[128.27796,35.37364],[128.28299,35.37537],[128.28384,35.37921],[128.27965,35.38132],[128.27462,35.3796]]]}},{"type":"Feature","properties":{"h3":"8830c03493fffff","emd_code":"4872035000","emd_name":"용덕면","area_km2":0.5401,"edge":false,"slope_mean":22.78,"elev_mean":166.4,"flood_hist_n":0,"flood_depth_max_m":null,"flood_risk_100y":null,"semi_basement_r":null,"elderly_alone_r":0.3566,"bldg_age30_r":null,"shelter_min_walk":97,"pop":1371,"hh":889,"elderly65_r":0.5383,"single_hh_r":0.6029,"source_level":"emd","flood_years":[],"landslide_hist_n":0},"geometry":{"type":"Polygon","coordinates":[[[128.28384,35.37921],[128.28299,35.37537],[128.28718,35.37326],[128.29221,35.37498],[128.29305,35.37883],[128.28887,35.38094],[128.28384,35.37921]]]}},{"type":"Feature","properties":{"h3":"8830c03495fffff","emd_code":"4872035000","emd_name":"용덕면","area_km2":0.5401,"edge":false,"slope_mean":22.6,"elev_mean":153.5,"flood_hist_n":0,"flood_depth_max_m":null,"flood_risk_100y":null,"semi_basement_r":null,"elderly_alone_r":0.3566,"bldg_age30_r":null,"shelter_min_walk":84,"pop":1371,"hh":889,"elderly65_r":0.5383,"single_hh_r":0.6029,"source_level":"emd","flood_years":[],"landslide_hist_n":0},"geometry":{"type":"Polygon","coordinates":[[[128.26874,35.37402],[128.2679,35.37018],[128.27208,35.36807],[128.27712,35.3698],[128.27796,35.37364],[128.27377,35.37575],[128.26874,35.37402]]]}},{"type":"Feature","properties":{"h3":"8830c03497fffff","emd_code":"4872035000","emd_name":"용덕면","area_km2":0.5402,"edge":false,"slope_mean":20.24,"elev_mean":101.1,"flood_hist_n":0,"flood_depth_max_m":null,"flood_risk_100y":null,"semi_basement_r":null,"elderly_alone_r":0.3566,"bldg_age30_r":null,"shelter_min_walk":86,"pop":1371,"hh":889,"elderly65_r":0.5383,"single_hh_r":0.6029,"source_level":"emd","flood_years":[],"landslide_hist_n":0},"geometry":{"type":"Polygon","coordinates":[[[128.27796,35.37364],[128.27712,35.3698],[128.2813,35.36769],[128.28633,35.36941],[128.28718,35.37326],[128.28299,35.37537],[128.27796,35.37364]]]}},{"type":"Feature","properties":{"h3":"8830c03499fffff","emd_code":"4872035000","emd_name":"용덕면","area_km2":0.54,"edge":false,"slope_mean":21.92,"elev_mean":164.9,"flood_hist_n":0,"flood_depth_max_m":null,"flood_risk_100y":null,"semi_basement_r":null,"elderly_alone_r":0.3566,"bldg_age30_r":null,"shelter_min_walk":104,"pop":1371,"hh":889,"elderly65_r":0.5383,"single_hh_r":0.6029,"source_level":"emd","flood_years":[],"landslide_hist_n":0},"geometry":{"type":"Polygon","coordinates":[[[128.27128,35.38555],[128.27043,35.38171],[128.27462,35.3796],[128.27965,35.38132],[128.28049,35.38517],[128.27631,35.38728],[128.27128,35.38555]]]}},{"type":"Feature","properties":{"h3":"8830c0349bfffff","emd_code":"4872035000","emd_name":"용덕면","area_km2":0.54,"edge":false,"slope_mean":23.92,"elev_mean":208.1,"flood_hist_n":0,"flood_depth_max_m":null,"flood_risk_100y":null,"semi_basement_r":null,"elderly_alone_r":0.3566,"bldg_age30_r":null,"shelter_min_walk":105,"pop":1371,"hh":889,"elderly65_r":0.5383,"single_hh_r":0.6029,"source_level":"emd","flood_years":[],"landslide_hist_n":0},"geometry":{"type":"Polygon","coordinates":[[[128.28049,35.38517],[128.27965,35.38132],[128.28384,35.37921],[128.28887,35.38094],[128.28971,35.38478],[128.28553,35.38689],[128.28049,35.38517]]]}},{"type":"Feature","properties":{"h3":"8830c0349dfffff","emd_code":"4872035000","emd_name":"용덕면","area_km2":0.54,"edge":false,"slope_mean":21.55,"elev_mean":180.7,"flood_hist_n":0,"flood_depth_max_m":null,"flood_risk_100y":null,"semi_basement_r":null,"elderly_alone_r":0.3566,"bldg_age30_r":null,"shelter_min_walk":93,"pop":1371,"hh":889,"elderly65_r":0.5383,"single_hh_r":0.6029,"source_level":"emd","flood_years":[],"landslide_hist_n":0},"geometry":{"type":"Polygon","coordinates":[[[128.2654,35.37998],[128.26456,35.37614],[128.26874,35.37402],[128.27377,35.37575],[128.27462,35.3796],[128.27043,35.38171],[128.2654,35.37998]]]}},{"type":"Feature","properties":{"h3":"8830c034a1fffff","emd_code":"4872031000","emd_name":"가례면","area_km2":0.5403,"edge":false,"slope_mean":20.88,"elev_mean":146.1,"flood_hist_n":0,"flood_depth_max_m":null,"flood_risk_100y":null,"semi_basement_r":null,"elderly_alone_r":0.3877,"bldg_age30_r":null,"shelter_min_walk":60,"pop":1544,"hh":877,"elderly65_r":0.5447,"single_hh_r":0.5998,"source_level":"emd","flood_years":[],"landslide_hist_n":0},"geometry":{"type":"Polygon","coordinates":[[[128.2419,35.35769],[128.24106,35.35385],[128.24524,35.35173],[128.25027,35.35346],[128.25112,35.35731],[128.24693,35.35942],[128.2419,35.35769]]]}},{"type":"Feature","properties":{"h3":"8830c034a3fffff","emd_code":"4872035000","emd_name":"용덕면","area_km2":0.5403,"edge":false,"slope_mean":23.15,"elev_mean":159.8,"flood_hist_n":0,"flood_depth_max_m":null,"flood_risk_100y":null,"semi_basement_r":null,"elderly_alone_r":0.3566,"bldg_age30_r":null,"shelter_min_walk":56,"pop":1371,"hh":889,"elderly65_r":0.5383,"single_hh_r":0.6029,"source_level":"emd","flood_years":[],"landslide_hist_n":0},"geometry":{"type":"Polygon","coordinates":[[[128.25112,35.35731],[128.25027,35.35346],[128.25446,35.35135],[128.25949,35.35308],[128.26033,35.35692],[128.25615,35.35904],[128.25112,35.35731]]]}},{"type":"Feature","properties":{"h3":"8830c034a5fffff","emd_code":"4872031000","emd_name":"가례면","area_km2":0.5403,"edge":false,"slope_mean":20.06,"elev_mean":138.4,"flood_hist_n":0,"flood_depth_max_m":null,"flood_risk_100y":null,"semi_basement_r":null,"elderly_alone_r":0.3877,"bldg_age30_r":null,"shelter_min_walk":55,"pop":1544,"hh":877,"elderly65_r":0.5447,"single_hh_r":0.5998,"source_level":"emd","flood_years":[],"landslide_hist_n":0},"geometry":{"type":"Polygon","coordinates":[[[128.23603,35.35212],[128.23518,35.34827],[128.23937,35.34616],[128.2444,35.34789],[128.24524,35.35173],[128.24106,35.35385],[128.23603,35.35212]]]}},{"type":"Feature","properties":{"h3":"8830c034a7fffff","emd_code":"4872031000","emd_name":"가례면","area_km2":0.5404,"edge":false,"slope_mean":24.74,"elev_mean":188.1,"flood_hist_n":0,"flood_depth_max_m":null,"flood_risk_100y":null,"semi_basement_r":null,"elderly_alone_r":0.3877,"bldg_age30_r":null,"shelter_min_walk":49,"pop":1544,"hh":877,"elderly65_r":0.5447,"single_hh_r":0.5998,"source_level":"emd","flood_years":[],"landslide_hist_n":0},"geometry":{"type":"Polygon","coordinates":[[[128.24524,35.35173],[128.2444,35.34789],[128.24858,35.34578],[128.25361,35.34751],[128.25446,35.35135],[128.25027,35.35346],[128.24524,35.35173]]]}},{"type":"Feature","properties":{"h3":"8830c034a9fffff","emd_code":"4872031000","emd_name":"가례면","area_km2":0.5402,"edge":false,"slope_mean":21.74,"elev_mean":156.2,"flood_hist_n":0,"flood_depth_max_m":null,"flood_risk_100y":null,"semi_basement_r":null,"elderly_alone_r":0.3877,"bldg_age30_r":null,"shelter_min_walk":71,"pop":1544,"hh":877,"elderly65_r":0.5447,"single_hh_r":0.5998,"source_level":"emd","flood_years":[],"landslide_hist_n":0},"geometry":{"type":"Polygon","coordinates":[[[128.23856,35.36365],[128.23772,35.3598],[128.2419,35.35769],[128.24693,35.35942],[128.24778,35.36326],[128.24359,35.36538],[128.23856,35.36365]]]}},{"type":"Feature","properties":{"h3":"8830c034abfffff","emd_code":"4872035000","emd_name":"용덕면","area_km2":0.5402,"edge":false,"slope_mean":23.73,"elev_mean":166.7,"flood_hist_n":0,"flood_depth_max_m":null,"flood_risk_100y":null,"semi_basement_r":null,"elderly_alone_r":0.3566,"bldg_age30_r":null,"shelter_min_walk":66,"pop":1371,"hh":889,"elderly65_r":0.5383,"single_hh_r":0.6029,"source_level":"emd","flood_years":[],"landslide_hist_n":0},"geometry":{"type":"Polygon","coordinates":[[[128.24778,35.36326],[128.24693,35.35942],[128.25112,35.35731],[128.25615,35.35904],[128.25699,35.36288],[128.25281,35.36499],[128.24778,35.36326]]]}},{"type":"Feature","properties":{"h3":"8830c034adfffff","emd_code":"4872031000","emd_name":"가례면","area_km2":0.5402,"edge":false,"slope_mean":25.45,"elev_mean":194.1,"flood_hist_n":0,"flood_depth_max_m":null,"flood_risk_100y":null,"semi_basement_r":null,"elderly_alone_r":0.3877,"bldg_age30_r":null,"shelter_min_walk":66,"pop":1544,"hh":877,"elderly65_r":0.5447,"single_hh_r":0.5998,"source_level":"emd","flood_years":[],"landslide_hist_n":0},"geometry":{"type":"Polygon","coordinates":[[[128.23269,35.35807],[128.23184,35.35423],[128.23603,35.35212],[128.24106,35.35385],[128.2419,35.35769],[128.23772,35.3598],[128.23269,35.35807]]]}},{"type":"Feature","properties":{"h3":"8830c034b1fffff","emd_code":"4872035000","emd_name":"용덕면","area_km2":0.5403,"edge":false,"slope_mean":19.12,"elev_mean":110.8,"flood_hist_n":0,"flood_depth_max_m":null,"flood_risk_100y":null,"semi_basement_r":null,"elderly_alone_r":0.3566,"bldg_age30_r":null,"shelter_min_walk":65,"pop":1371,"hh":889,"elderly65_r":0.5383,"single_hh_r":0.6029,"source_level":"emd","flood_years":[],"landslide_hist_n":0},"geometry":{"type":"Polygon","coordinates":[[[128.26621,35.3625],[128.26536,35.35865],[128.26955,35.35654],[128.27458,35.35827],[128.27543,35.36211],[128.27124,35.36423],[128.26621,35.3625]]]}},{"type":"Feature","properties":{"h3":"8830c034b3fffff","emd_code":"4872035000","emd_name":"용덕면","area_km2":0.5404,"edge":false,"slope_mean":20.93,"elev_mean":142.7,"flood_hist_n":0,"flood_depth_max_m":null,"flood_risk_100y":null,"semi_basement_r":null,"elderly_alone_r":0.3566,"bldg_age30_r":null,"shelter_min_walk":67,"pop":1371,"hh":889,"elderly65_r":0.5383,"single_hh_r":0.6029,"source_level":"emd","flood_years":[],"landslide_hist_n":0},"geometry":{"type":"Polygon","coordinates":[[[128.27543,35.36211],[128.27458,35.35827],[128.27877,35.35616],[128.2838,35.35789],[128.28464,35.36173],[128.28046,35.36384],[128.27543,35.36211]]]}},{"type":"Feature","properties":{"h3":"8830c034b5fffff","emd_code":"4872035000","emd_name":"용덕면","area_km2":0.5404,"edge":false,"slope_mean":16.82,"elev_mean":85.1,"flood_hist_n":0,"flood_depth_max_m":null,"flood_risk_100y":null,"semi_basement_r":null,"elderly_alone_r":0.3566,"bldg_age30_r":null,"shelter_min_walk":55,"pop":1371,"hh":889,"elderly65_r":0.5383,"single_hh_r":0.6029,"source_level":"emd","flood_years":[],"landslide_hist_n":0},"geometry":{"type":"Polygon","coordinates":[[[128.26033,35.35692],[128.25949,35.35308],[128.26368,35.35097],[128.26871,35.3527],[128.26955,35.35654],[128.26536,35.35865],[128.26033,35.35692]]]}},{"type":"Feature","properties":{"h3":"8830c034b7fffff","emd_code":"4872035000","emd_name":"용덕면","area_km2":0.5404,"edge":false,"slope_mean":18.4,"elev_mean":103.1,"flood_hist_n":0,"flood_depth_max_m":null,"flood_risk_100y":null,"semi_basement_r":null,"elderly_alone_r":0.3566,"bldg_age30_r":null,"shelter_min_walk":56,"pop":1371,"hh":889,"elderly65_r":0.5383,"single_hh_r":0.6029,"source_level":"emd","flood_years":[],"landslide_hist_n":0},"geometry":{"type":"Polygon","coordinates":[[[128.26955,35.35654],[128.26871,35.3527],[128.27289,35.35058],[128.27792,35.35231],[128.27877,35.35616],[128.27458,35.35827],[128.26955,35.35654]]]}},{"type":"Feature","properties":{"h3":"8830c034b9fffff","emd_code":"4872035000","emd_name":"용덕면","area_km2":0.5402,"edge":false,"slope_mean":20.71,"elev_mean":116.4,"flood_hist_n":0,"flood_depth_max_m":null,"flood_risk_100y":null,"semi_basement_r":null,"elderly_alone_r":0.3566,"bldg_age30_r":null,"shelter_min_walk":74,"pop":1371,"hh":889,"elderly65_r":0.5383,"single_hh_r":0.6029,"source_level":"emd","flood_years":[],"landslide_hist_n":0},"geometry":{"type":"Polygon","coordinates":[[[128.26287,35.36845],[128.26202,35.36461],[128.26621,35.3625],[128.27124,35.36423],[128.27208,35.36807],[128.2679,35.37018],[128.26287,35.36845]]]}},{"type":"Feature","properties":{"h3":"8830c034bbfffff","emd_code":"4872035000","emd_name":"용덕면","area_km2":0.5403,"edge":false,"slope_mean":22.41,"elev_mean":158.9,"flood_hist_n":0,"flood_depth_max_m":null,"flood_risk_100y":null,"semi_basement_r":null,"elderly_alone_r":0.3566,"bldg_age30_r":null,"shelter_min_walk":76,"pop":1371,"hh":889,"elderly65_r":0.5383,"single_hh_r":0.6029,"source_level":"emd","flood_years":[],"landslide_hist_n":0},"geometry":{"type":"Polygon","coordinates":[[[128.27208,35.36807],[128.27124,35.36423],[128.27543,35.36211],[128.28046,35.36384],[128.2813,35.36769],[128.27712,35.3698],[128.27208,35.36807]]]}},{"type":"Feature","properties":{"h3":"8830c034bdfffff","emd_code":"4872035000","emd_name":"용덕면","area_km2":0.5403,"edge":false,"slope_mean":18.15,"elev_mean":99.9,"flood_hist_n":0,"flood_depth_max_m":null,"flood_risk_100y":null,"semi_basement_r":null,"elderly_alone_r":0.3566,"bldg_age30_r":null,"shelter_min_walk":64,"pop":1371,"hh":889,"elderly65_r":0.5383,"single_hh_r":0.6029,"source_level":"emd","flood_years":[],"landslide_hist_n":0},"geometry":{"type":"Polygon","coordinates":[[[128.25699,35.36288],[128.25615,35.35904],[128.26033,35.35692],[128.26536,35.35865],[128.26621,35.3625],[128.26202,35.36461],[128.25699,35.36288]]]}},{"type":"Feature","properties":{"h3":"8830c034c1fffff","emd_code":"4872031000","emd_name":"가례면","area_km2":0.5398,"edge":false,"slope_mean":29.34,"elev_mean":350.9,"flood_hist_n":0,"flood_depth_max_m":null,"flood_risk_100y":null,"semi_basement_r":null,"elderly_alone_r":0.3877,"bldg_age30_r":null,"shelter_min_walk":109,"pop":1544,"hh":877,"elderly65_r":0.5447,"single_hh_r":0.5998,"source_level":"emd","flood_years":[],"landslide_hist_n":0},"geometry":{"type":"Polygon","coordinates":[[[128.23441,35.38708],[128.23356,35.38324],[128.23775,35.38113],[128.24278,35.38286],[128.24362,35.3867],[128.23944,35.38881],[128.23441,35.38708]]]}},{"type":"Feature","properties":{"h3":"8830c034c3fffff","emd_code":"4872035000","emd_name":"용덕면","area_km2":0.5398,"edge":false,"slope_mean":26.2,"elev_mean":445.3,"flood_hist_n":0,"flood_depth_max_m":null,"flood_risk_100y":null,"semi_basement_r":null,"elderly_alone_r":0.3566,"bldg_age30_r":null,"shelter_min_walk":106,"pop":1371,"hh":889,"elderly65_r":0.5383,"single_hh_r":0.6029,"source_level":"emd","flood_years":[],"landslide_hist_n":0},"geometry":{"type":"Polygon","coordinates":[[[128.24362,35.3867],[128.24278,35.38286],[128.24697,35.38074],[128.252,35.38247],[128.25284,35.38631],[128.24865,35.38843],[128.24362,35.3867]]]}},{"type":"Feature","properties":{"h3":"8830c034c5fffff","emd_code":"4872031000","emd_name":"가례면","area_km2":0.5398,"edge":false,"slope_mean":13.68,"elev_mean":164.8,"flood_hist_n":0,"flood_depth_max_m":null,"flood_risk_100y":null,"semi_basement_r":null,"elderly_alone_r":0.3877,"bldg_age30_r":null,"shelter_min_walk":103,"pop":1544,"hh":877,"elderly65_r":0.5447,"single_hh_r":0.5998,"source_level":"emd","flood_years":[],"landslide_hist_n":0},"geometry":{"type":"Polygon","coordinates":[[[128.22853,35.38151],[128.22769,35.37766],[128.23188,35.37555],[128.23691,35.37728],[128.23775,35.38113],[128.23356,35.38324],[128.22853,35.38151]]]}},{"type":"Feature","properties":{"h3":"8830c034c7fffff","emd_code":"4872031000","emd_name":"가례면","area_km2":0.5399,"edge":false,"slope_mean":28.77,"elev_mean":322.7,"flood_hist_n":0,"flood_depth_max_m":null,"flood_risk_100y":null,"semi_basement_r":null,"elderly_alone_r":0.3877,"bldg_age30_r":null,"shelter_min_walk":98,"pop":1544,"hh":877,"elderly65_r":0.5447,"single_hh_r":0.5998,"source_level":"emd","flood_years":[],"landslide_hist_n":0},"geometry":{"type":"Polygon","coordinates":[[[128.23775,35.38113],[128.23691,35.37728],[128.24109,35.37517],[128.24612,35.3769],[128.24697,35.38074],[128.24278,35.38286],[128.23775,35.38113]]]}},{"type":"Feature","properties":{"h3":"8830c034c9fffff","emd_code":"4872031000","emd_name":"가례면","area_km2":0.5396,"edge":false,"slope_mean":24.72,"elev_mean":345.0,"flood_hist_n":0,"flood_depth_max_m":null,"flood_risk_100y":null,"semi_basement_r":null,"elderly_alone_r":0.3877,"bldg_age30_r":null,"shelter_min_walk":120,"pop":1544,"hh":877,"elderly65_r":0.5447,"single_hh_r":0.5998,"source_level":"emd","flood_years":[],"landslide_hist_n":0},"geometry":{"type":"Polygon","coordinates":[[[128.23107,35.39303],[128.23022,35.38919],[128.23441,35.38708],[128.23944,35.38881],[128.24028,35.39265],[128.2361,35.39476],[128.23107,35.39303]]]}},{"type":"Feature","properties":{"h3":"8830c034cbfffff","emd_code":"4872042000","emd_name":"유곡면","area_km2":0.5397,"edge":false,"slope_mean":25.45,"elev_mean":477.1,"flood_hist_n":0,"flood_depth_max_m":null,"flood_risk_100y":null,"semi_basement_r":null,"elderly_alone_r":0.4383,"bldg_age30_r":null,"shelter_min_walk":116,"pop":1075,"hh":737,"elderly65_r":0.6037,"single_hh_r":0.6472,"source_level":"emd","flood_years":[],"landslide_hist_n":0},"geometry":{"type":"Polygon","coordinates":[[[128.24028,35.39265],[128.23944,35.38881],[128.24362,35.3867],[128.24865,35.38843],[128.2495,35.39227],[128.24531,35.39438],[128.24028,35.39265]]]}},{"type":"Feature","properties":{"h3":"8830c034cdfffff","emd_code":"4872031000","emd_name":"가례면","area_km2":0.5397,"edge":false,"slope_mean":9.14,"elev_mean":165.8,"flood_hist_n":0,"flood_depth_max_m":null,"flood_risk_100y":null,"semi_basement_r":null,"elderly_alone_r":0.3877,"bldg_age30_r":null,"shelter_min_walk":114,"pop":1544,"hh":877,"elderly65_r":0.5447,"single_hh_r":0.5998,"source_level":"emd","flood_years":[],"landslide_hist_n":0},"geometry":{"type":"Polygon","coordinates":[[[128.22519,35.38746],[128.22435,35.38362],[128.22853,35.38151],[128.23356,35.38324],[128.23441,35.38708],[128.23022,35.38919],[128.22519,35.38746]]]}},{"type":"Feature","properties":{"h3":"8830c034d1fffff","emd_code":"4872035000","emd_name":"용덕면","area_km2":0.5398,"edge":false,"slope_mean":25.35,"elev_mean":266.4,"flood_hist_n":0,"flood_depth_max_m":null,"flood_risk_100y":null,"semi_basement_r":null,"elderly_alone_r":0.3566,"bldg_age30_r":null,"shelter_min_walk":113,"pop":1371,"hh":889,"elderly65_r":0.5383,"single_hh_r":0.6029,"source_level":"emd","flood_years":[],"landslide_hist_n":0},"geometry":{"type":"Polygon","coordinates":[[[128.25872,35.39188],[128.25787,35.38804],[128.26206,35.38593],[128.26709,35.38766],[128.26793,35.3915],[128.26375,35.39361],[128.25872,35.39188]]]}},{"type":"Feature","properties":{"h3":"8830c034d3fffff","emd_code":"4872035000","emd_name":"용덕면","area_km2":0.5398,"edge":false,"slope_mean":23.42,"elev_mean":199.0,"flood_hist_n":0,"flood_depth_max_m":null,"flood_risk_100y":null,"semi_basement_r":null,"elderly_alone_r":0.3566,"bldg_age30_r":null,"shelter_min_walk":113,"pop":1371,"hh":889,"elderly65_r":0.5383,"single_hh_r":0.6029,"source_level":"emd","flood_years":[],"landslide_hist_n":0},"geometry":{"type":"Polygon","coordinates":[[[128.26793,35.3915],[128.26709,35.38766],[128.27128,35.38555],[128.27631,35.38728],[128.27715,35.39112],[128.27296,35.39323],[128.26793,35.3915]]]}},{"type":"Feature","properties":{"h3":"8830c034d5fffff","emd_code":"4872035000","emd_name":"용덕면","area_km2":0.5399,"edge":false,"slope_mean":23.2,"elev_mean":245.1,"flood_hist_n":0,"flood_depth_max_m":null,"flood_risk_100y":null,"semi_basement_r":null,"elderly_alone_r":0.3566,"bldg_age30_r":null,"shelter_min_walk":104,"pop":1371,"hh":889,"elderly65_r":0.5383,"single_hh_r":0.6029,"source_level":"emd","flood_years":[],"landslide_hist_n":0},"geometry":{"type":"Polygon","coordinates":[[[128.25284,35.38631],[128.252,35.38247],[128.25618,35.38036],[128.26121,35.38209],[128.26206,35.38593],[128.25787,35.38804],[128.25284,35.38631]]]}},{"type":"Feature","properties":{"h3":"8830c034d7fffff","emd_code":"4872035000","emd_name":"용덕면","area_km2":0.5399,"edge":false,"slope_mean":23.25,"elev_mean":218.3,"flood_hist_n":0,"flood_depth_max_m":null,"flood_risk_100y":null,"semi_basement_r":null,"elderly_alone_r":0.3566,"bldg_age30_r":null,"shelter_min_walk":103,"pop":1371,"hh":889,"elderly65_r":0.5383,"single_hh_r":0.6029,"source_level":"emd","flood_years":[],"landslide_hist_n":0},"geometry":{"type":"Polygon","coordinates":[[[128.26206,35.38593],[128.26121,35.38209],[128.2654,35.37998],[128.27043,35.38171],[128.27128,35.38555],[128.26709,35.38766],[128.26206,35.38593]]]}},{"type":"Feature","properties":{"h3":"8830c034d9fffff","emd_code":"4872042000","emd_name":"유곡면","area_km2":0.5397,"edge":false,"slope_mean":24.76,"elev_mean":280.7,"flood_hist_n":0,"flood_depth_max_m":null,"flood_risk_100y":null,"semi_basement_r":null,"elderly_alone_r":0.4383,"bldg_age30_r":null,"shelter_min_walk":123,"pop":1075,"hh":737,"elderly65_r":0.6037,"single_hh_r":0.6472,"source_level":"emd","flood_years":[],"landslide_hist_n":0},"geometry":{"type":"Polygon","coordinates":[[[128.25537,35.39784],[128.25453,35.394],[128.25872,35.39188],[128.26375,35.39361],[128.26459,35.39745],[128.2604,35.39957],[128.25537,35.39784]]]}},{"type":"Feature","properties":{"h3":"8830c034dbfffff","emd_code":"4872035000","emd_name":"용덕면","area_km2":0.5397,"edge":false,"slope_mean":24.36,"elev_mean":309.0,"flood_hist_n":0,"flood_depth_max_m":null,"flood_risk_100y":null,"semi_basement_r":null,"elderly_alone_r":0.3566,"bldg_age30_r":null,"shelter_min_walk":122,"pop":1371,"hh":889,"elderly65_r":0.5383,"single_hh_r":0.6029,"source_level":"emd","flood_years":[],"landslide_hist_n":0},"geometry":{"type":"Polygon","coordinates":[[[128.26459,35.39745],[128.26375,35.39361],[128.26793,35.3915],[128.27296,35.39323],[128.27381,35.39707],[128.26962,35.39918],[128.26459,35.39745]]]}},{"type":"Feature","properties":{"h3":"8830c034ddfffff","emd_code":"4872042000","emd_name":"유곡면","area_km2":0.5397,"edge":false,"slope_mean":24.54,"elev_mean":368.1,"flood_hist_n":0,"flood_depth_max_m":null,"flood_risk_100y":null,"semi_basement_r":null,"elderly_alone_r":0.4383,"bldg_age30_r":null,"shelter_min_walk":114,"pop":1075,"hh":737,"elderly65_r":0.6037,"single_hh_r":0.6472,"source_level":"emd","flood_years":[],"landslide_hist_n":0},"geometry":{"type":"Polygon","coordinates":[[[128.2495,35.39227],[128.24865,35.38843],[128.25284,35.38631],[128.25787,35.38804],[128.25872,35.39188],[128.25453,35.394],[128.2495,35.39227]]]}},{"type":"Feature","properties":{"h3":"8830c034e1fffff","emd_code":"4872031000","emd_name":"가례면","area_km2":0.54,"edge":false,"slope_mean":29.27,"elev_mean":379.3,"flood_hist_n":0,"flood_depth_max_m":null,"flood_risk_100y":null,"semi_basement_r":null,"elderly_alone_r":0.3877,"bldg_age30_r":null,"shelter_min_walk":87,"pop":1544,"hh":877,"elderly65_r":0.5447,"single_hh_r":0.5998,"source_level":"emd","flood_years":[],"landslide_hist_n":0},"geometry":{"type":"Polygon","coordinates":[[[128.226,35.36998],[128.22516,35.36614],[128.22934,35.36403],[128.23437,35.36576],[128.23522,35.3696],[128.23103,35.37171],[128.226,35.36998]]]}},{"type":"Feature","properties":{"h3":"8830c034e3fffff","emd_code":"4872031000","emd_name":"가례면","area_km2":0.54,"edge":false,"slope_mean":22.4,"elev_mean":208.0,"flood_hist_n":0,"flood_depth_max_m":null,"flood_risk_100y":null,"semi_basement_r":null,"elderly_alone_r":0.3877,"bldg_age30_r":null,"shelter_min_walk":81,"pop":1544,"hh":877,"elderly65_r":0.5447,"single_hh_r":0.5998,"source_level":"emd","flood_years":[],"landslide_hist_n":0},"geometry":{"type":"Polygon","coordinates":[[[128.23522,35.3696],[128.23437,35.36576],[128.23856,35.36365],[128.24359,35.36538],[128.24443,35.36922],[128.24025,35.37133],[128.23522,35.3696]]]}},{"type":"Feature","properties":{"h3":"8830c034e5fffff","emd_code":"4872031000","emd_name":"가례면","area_km2":0.5401,"edge":false,"slope_mean":26.96,"elev_mean":323.4,"flood_hist_n":0,"flood_depth_max_m":null,"flood_risk_100y":null,"semi_basement_r":null,"elderly_alone_r":0.3877,"bldg_age30_r":null,"shelter_min_walk":84,"pop":1544,"hh":877,"elderly65_r":0.5447,"single_hh_r":0.5998,"source_level":"emd","flood_years":[],"landslide_hist_n":0},"geometry":{"type":"Polygon","coordinates":[[[128.22013,35.36441],[128.21929,35.36056],[128.22347,35.35845],[128.2285,35.36018],[128.22934,35.36403],[128.22516,35.36614],[128.22013,35.36441]]]}},{"type":"Feature","properties":{"h3":"8830c034e7fffff","emd_code":"4872031000","emd_name":"가례면","area_km2":0.5401,"edge":false,"slope_mean":27.14,"elev_mean":243.3,"flood_hist_n":0,"flood_depth_max_m":null,"flood_risk_100y":null,"semi_basement_r":null,"elderly_alone_r":0.3877,"bldg_age30_r":null,"shelter_min_walk":77,"pop":1544,"hh":877,"elderly65_r":0.5447,"single_hh_r":0.5998,"source_level":"emd","flood_years":[],"landslide_hist_n":0},"geometry":{"type":"Polygon","coordinates":[[[128.22934,35.36403],[128.2285,35.36018],[128.23269,35.35807],[128.23772,35.3598],[128.23856,35.36365],[128.23437,35.36576],[128.22934,35.36403]]]}},{"type":"Feature","properties":{"h3":"8830c034e9fffff","emd_code":"4872031000","emd_name":"가례면","area_km2":0.5399,"edge":false,"slope_mean":28.42,"elev_mean":385.3,"flood_hist_n":0,"flood_depth_max_m":null,"flood_risk_100y":null,"semi_basement_r":null,"elderly_alone_r":0.3877,"bldg_age30_r":null,"shelter_min_walk":98,"pop":1544,"hh":877,"elderly65_r":0.5447,"single_hh_r":0.5998,"source_level":"emd","flood_years":[],"landslide_hist_n":0},"geometry":{"type":"Polygon","coordinates":[[[128.22266,35.37593],[128.22182,35.37209],[128.226,35.36998],[128.23103,35.37171],[128.23188,35.37555],[128.22769,35.37766],[128.22266,35.37593]]]}},{"type":"Feature","properties":{"h3":"8830c034ebfffff","emd_code":"4872031000","emd_name":"가례면","area_km2":0.5399,"edge":false,"slope_mean":21.6,"elev_mean":200.7,"flood_hist_n":0,"flood_depth_max_m":null,"flood_risk_100y":null,"semi_basement_r":null,"elderly_alone_r":0.3877,"bldg_age30_r":null,"shelter_min_walk":92,"pop":1544,"hh":877,"elderly65_r":0.5447,"single_hh_r":0.5998,"source_level":"emd","flood_years":[],"landslide_hist_n":0},"geometry":{"type":"Polygon","coordinates":[[[128.23188,35.37555],[128.23103,35.37171],[128.23522,35.3696],[128.24025,35.37133],[128.24109,35.37517],[128.23691,35.37728],[128.23188,35.37555]]]}},{"type":"Feature","properties":{"h3":"8830c034edfffff","emd_code":"4872031000","emd_name":"가례면","area_km2":0.5399,"edge":false,"slope_mean":29.89,"elev_mean":470.2,"flood_hist_n":0,"flood_depth_max_m":null,"flood_risk_100y":null,"semi_basement_r":null,"elderly_alone_r":0.3877,"bldg_age30_r":null,"shelter_min_walk":95,"pop":1544,"hh":877,"elderly65_r":0.5447,"single_hh_r":0.5998,"source_level":"emd","flood_years":[],"landslide_hist_n":0},"geometry":{"type":"Polygon","coordinates":[[[128.21679,35.37036],[128.21594,35.36652],[128.22013,35.36441],[128.22516,35.36614],[128.226,35.36998],[128.22182,35.37209],[128.21679,35.37036]]]}},{"type":"Feature","properties":{"h3":"8830c03511fffff","emd_code":"4872032000","emd_name":"칠곡면","area_km2":0.5402,"edge":false,"slope_mean":19.43,"elev_mean":232.9,"flood_hist_n":0,"flood_depth_max_m":null,"flood_risk_100y":null,"semi_basement_r":null,"elderly_alone_r":0.3611,"bldg_age30_r":null,"shelter_min_walk":117,"pop":1131,"hh":720,"elderly65_r":0.5597,"single_hh_r":0.5819,"source_level":"emd","flood_years":[],"landslide_hist_n":0},"geometry":{"type":"Polygon","coordinates":[[[128.169,35.34324],[128.16816,35.3394],[128.17234,35.33729],[128.17737,35.33902],[128.17821,35.34286],[128.17403,35.34497],[128.169,35.34324]]]}},{"type":"Feature","properties":{"h3":"8830c03513fffff","emd_code":"4872032000","emd_name":"칠곡면","area_km2":0.5402,"edge":false,"slope_mean":14.44,"elev_mean":139.7,"flood_hist_n":0,"flood_depth_max_m":null,"flood_risk_100y":null,"semi_basement_r":null,"elderly_alone_r":0.3611,"bldg_age30_r":null,"shelter_min_walk":105,"pop":1131,"hh":720,"elderly65_r":0.5597,"single_hh_r":0.5819,"source_level":"emd","flood_years":[],"landslide_hist_n":0},"geometry":{"type":"Polygon","coordinates":[[[128.17821,35.34286],[128.17737,35.33902],[128.18156,35.33691],[128.18658,35.33864],[128.18743,35.34249],[128.18324,35.3446],[128.17821,35.34286]]]}},{"type":"Feature","properties":{"h3":"8830c03515fffff","emd_code":"4872032000","emd_name":"칠곡면","area_km2":0.5402,"edge":false,"slope_mean":24.61,"elev_mean":250.6,"flood_hist_n":0,"flood_depth_max_m":null,"flood_risk_100y":null,"semi_basement_r":null,"elderly_alone_r":0.3611,"bldg_age30_r":null,"shelter_min_walk":122,"pop":1131,"hh":720,"elderly65_r":0.5597,"single_hh_r":0.5819,"source_level":"emd","flood_years":[],"landslide_hist_n":0},"geometry":{"type":"Polygon","coordinates":[[[128.16313,35.33766],[128.16229,35.33382],[128.16647,35.33171],[128.1715,35.33344],[128.17234,35.33729],[128.16816,35.3394],[128.16313,35.33766]]]}},{"type":"Feature","properties":{"h3":"8830c03517fffff","emd_code":"4872032000","emd_name":"칠곡면","area_km2":0.5403,"edge":false,"slope_mean":20.77,"elev_mean":163.8,"flood_hist_n":0,"flood_depth_max_m":null,"flood_risk_100y":null,"semi_basement_r":null,"elderly_alone_r":0.3611,"bldg_age30_r":null,"shelter_min_walk":110,"pop":1131,"hh":720,"elderly65_r":0.5597,"single_hh_r":0.5819,"source_level":"emd","flood_years":[],"landslide_hist_n":0},"geometry":{"type":"Polygon","coordinates":[[[128.17234,35.33729],[128.1715,35.33344],[128.17568,35.33133],[128.18071,35.33306],[128.18156,35.33691],[128.17737,35.33902],[128.17234,35.33729]]]}},{"type":"Feature","properties":{"h3":"8830c03519fffff","emd_code":"4872032000","emd_name":"칠곡면","area_km2":0.5401,"edge":false,"slope_mean":15.96,"elev_mean":200.2,"flood_hist_n":0,"flood_depth_max_m":null,"flood_risk_100y":null,"semi_basement_r":null,"elderly_alone_r":0.3611,"bldg_age30_r":null,"shelter_min_walk":125,"pop":1131,"hh":720,"elderly65_r":0.5597,"single_hh_r":0.5819,"source_level":"emd","flood_years":[],"landslide_hist_n":0},"geometry":{"type":"Polygon","coordinates":[[[128.16566,35.34919],[128.16482,35.34535],[128.169,35.34324],[128.17403,35.34497],[128.17487,35.34882],[128.17069,35.35093],[128.16566,35.34919]]]}},{"type":"Feature","properties":{"h3":"8830c0351bfffff","emd_code":"4872032000","emd_name":"칠곡면","area_km2":0.5401,"edge":false,"slope_mean":16.92,"elev_mean":164.6,"flood_hist_n":0,"flood_depth_max_m":null,"flood_risk_100y":null,"semi_basement_r":null,"elderly_alone_r":0.3611,"bldg_age30_r":null,"shelter_min_walk":113,"pop":1131,"hh":720,"elderly65_r":0.5597,"single_hh_r":0.5819,"source_level":"emd","flood_years":[],"landslide_hist_n":0},"geometry":{"type":"Polygon","coordinates":[[[128.17487,35.34882],[128.17403,35.34497],[128.17821,35.34286],[128.18324,35.3446],[128.18409,35.34844],[128.1799,35.35055],[128.17487,35.34882]]]}},{"type":"Feature","properties":{"h3":"8830c0351dfffff","emd_code":"4872032000","emd_name":"칠곡면","area_km2":0.5401,"edge":false,"slope_mean":22.47,"elev_mean":258.7,"flood_hist_n":0,"flood_depth_max_m":null,"flood_risk_100y":null,"semi_basement_r":null,"elderly_alone_r":0.3611,"bldg_age30_r":null,"shelter_min_walk":129,"pop":1131,"hh":720,"elderly65_r":0.5597,"single_hh_r":0.5819,"source_level":"emd","flood_years":[],"landslide_hist_n":0},"geometry":{"type":"Polygon","coordinates":[[[128.15979,35.34362],[128.15895,35.33977],[128.16313,35.33766],[128.16816,35.3394],[128.169,35.34324],[128.16482,35.34535],[128.15979,35.34362]]]}},{"type":"Feature","properties":{"h3":"8830c03533fffff","emd_code":"4872034000","emd_name":"화정면","area_km2":0.5405,"edge":true,"slope_mean":22.79,"elev_mean":216.4,"flood_hist_n":0,"flood_depth_max_m":null,"flood_risk_100y":null,"semi_basement_r":null,"elderly_alone_r":0.3659,"bldg_age30_r":null,"shelter_min_walk":110,"pop":1422,"hh":910,"elderly65_r":0.5162,"single_hh_r":0.6132,"source_level":"emd","flood_years":[],"landslide_hist_n":0},"geometry":{"type":"Polygon","coordinates":[[[128.16981,35.32575],[128.16897,35.32191],[128.17315,35.31979],[128.17818,35.32153],[128.17903,35.32537],[128.17484,35.32748],[128.16981,35.32575]]]}},{"type":"Feature","properties":{"h3":"8830c0353bfffff","emd_code":"4872032000","emd_name":"칠곡면","area_km2":0.5404,"edge":true,"slope_mean":25.54,"elev_mean":268.9,"flood_hist_n":0,"flood_depth_max_m":null,"flood_risk_100y":null,"semi_basement_r":null,"elderly_alone_r":0.3611,"bldg_age30_r":null,"shelter_min_walk":116,"pop":1131,"hh":720,"elderly65_r":0.5597,"single_hh_r":0.5819,"source_level":"emd","flood_years":[],"landslide_hist_n":0},"geometry":{"type":"Polygon","coordinates":[[[128.16647,35.33171],[128.16563,35.32786],[128.16981,35.32575],[128.17484,35.32748],[128.17568,35.33133],[128.1715,35.33344],[128.16647,35.33171]]]}},{"type":"Feature","properties":{"h3":"8830c03541fffff","emd_code":"4872033000","emd_name":"대의면","area_km2":0.5399,"edge":false,"slope_mean":19.76,"elev_mean":155.8,"flood_hist_n":0,"flood_depth_max_m":null,"flood_risk_100y":null,"semi_basement_r":null,"elderly_alone_r":0.4339,"bldg_age30_r":null,"shelter_min_walk":173,"pop":1010,"hh":673,"elderly65_r":0.5376,"single_hh_r":0.6657,"source_level":"emd","flood_years":[],"landslide_hist_n":0},"geometry":{"type":"Polygon","coordinates":[[[128.12882,35.35069],[128.12798,35.34685],[128.13216,35.34474],[128.13719,35.34648],[128.13803,35.35032],[128.13384,35.35243],[128.12882,35.35069]]]}},{"type":"Feature","properties":{"h3":"8830c03543fffff","emd_code":"4872033000","emd_name":"대의면","area_km2":0.5399,"edge":false,"slope_mean":21.74,"elev_mean":195.4,"flood_hist_n":0,"flood_depth_max_m":null,"flood_risk_100y":null,"semi_basement_r":null,"elderly_alone_r":0.4339,"bldg_age30_r":null,"shelter_min_walk":161,"pop":1010,"hh":673,"elderly65_r":0.5376,"single_hh_r":0.6657,"source_level":"emd","flood_years":[],"landslide_hist_n":0},"geometry":{"type":"Polygon","coordinates":[[[128.13803,35.35032],[128.13719,35.34648],[128.14137,35.34437],[128.1464,35.3461],[128.14724,35.34995],[128.14305,35.35206],[128.13803,35.35032]]]}},{"type":"Feature","properties":{"h3":"8830c03545fffff","emd_code":"4872033000","emd_name":"대의면","area_km2":0.5399,"edge":false,"slope_mean":17.61,"elev_mean":141.1,"flood_hist_n":0,"flood_depth_max_m":null,"flood_risk_100y":null,"semi_basement_r":null,"elderly_alone_r":0.4339,"bldg_age30_r":null,"shelter_min_walk":178,"pop":1010,"hh":673,"elderly65_r":0.5376,"single_hh_r":0.6657,"source_level":"emd","flood_years":[],"landslide_hist_n":0},"geometry":{"type":"Polygon","coordinates":[[[128.12295,35.34512],[128.12211,35.34127],[128.12629,35.33916],[128.13132,35.3409],[128.13216,35.34474],[128.12798,35.34685],[128.12295,35.34512]]]}},{"type":"Feature","properties":{"h3":"8830c03547fffff","emd_code":"4872033000","emd_name":"대의면","area_km2":0.54,"edge":false,"slope_mean":19.34,"elev_mean":176.0,"flood_hist_n":0,"flood_depth_max_m":null,"flood_risk_100y":null,"semi_basement_r":null,"elderly_alone_r":0.4339,"bldg_age30_r":null,"shelter_min_walk":166,"pop":1010,"hh":673,"elderly65_r":0.5376,"single_hh_r":0.6657,"source_level":"emd","flood_years":[],"landslide_hist_n":0},"geometry":{"type":"Polygon","coordinates":[[[128.13216,35.34474],[128.13132,35.3409],[128.1355,35.33879],[128.14053,35.34052],[128.14137,35.34437],[128.13719,35.34648],[128.13216,35.34474]]]}},{"type":"Feature","properties":{"h3":"8830c03549fffff","emd_code":"4872033000","emd_name":"대의면","area_km2":0.5397,"edge":false,"slope_mean":20.7,"elev_mean":205.5,"flood_hist_n":0,"flood_depth_max_m":null,"flood_risk_100y":null,"semi_basement_r":null,"elderly_alone_r":0.4339,"bldg_age30_r":null,"shelter_min_walk":180,"pop":1010,"hh":673,"elderly65_r":0.5376,"single_hh_r":0.6657,"source_level":"emd","flood_years":[],"landslide_hist_n":0},"geometry":{"type":"Polygon","coordinates":[[[128.12548,35.35665],[128.12463,35.3528],[128.12882,35.35069],[128.13384,35.35243],[128.13469,35.35627],[128.1305,35.35838],[128.12548,35.35665]]]}},{"type":"Feature","properties":{"h3":"8830c0354bfffff","emd_code":"4872033000","emd_name":"대의면","area_km2":0.5398,"edge":false,"slope_mean":21.66,"elev_mean":197.4,"flood_hist_n":0,"flood_depth_max_m":null,"flood_risk_100y":null,"semi_basement_r":null,"elderly_alone_r":0.4339,"bldg_age30_r":null,"shelter_min_walk":168,"pop":1010,"hh":673,"elderly65_r":0.5376,"single_hh_r":0.6657,"source_level":"emd","flood_years":[],"landslide_hist_n":0},"geometry":{"type":"Polygon","coordinates":[[[128.13469,35.35627],[128.13384,35.35243],[128.13803,35.35032],[128.14305,35.35206],[128.1439,35.3559],[128.13971,35.35801],[128.13469,35.35627]]]}},{"type":"Feature","properties":{"h3":"8830c0354dfffff","emd_code":"4872033000","emd_name":"대의면","area_km2":0.5398,"edge":false,"slope_mean":21.46,"elev_mean":178.4,"flood_hist_n":0,"flood_depth_max_m":null,"flood_risk_100y":null,"semi_basement_r":null,"elderly_alone_r":0.4339,"bldg_age30_r":null,"shelter_min_walk":185,"pop":1010,"hh":673,"elderly65_r":0.5376,"single_hh_r":0.6657,"source_level":"emd","flood_years":[],"landslide_hist_n":0},"geometry":{"type":"Polygon","coordinates":[[[128.11961,35.35107],[128.11877,35.34722],[128.12295,35.34512],[128.12798,35.34685],[128.12882,35.35069],[128.12463,35.3528],[128.11961,35.35107]]]}},{"type":"Feature","properties":{"h3":"8830c03551fffff","emd_code":"4872032000","emd_name":"칠곡면","area_km2":0.5399,"edge":false,"slope_mean":20.55,"elev_mean":294.1,"flood_hist_n":0,"flood_depth_max_m":null,"flood_risk_100y":null,"semi_basement_r":null,"elderly_alone_r":0.3611,"bldg_age30_r":null,"shelter_min_walk":145,"pop":1131,"hh":720,"elderly65_r":0.5597,"single_hh_r":0.5819,"source_level":"emd","flood_years":[],"landslide_hist_n":0},"geometry":{"type":"Polygon","coordinates":[[[128.15311,35.35552],[128.15227,35.35168],[128.15645,35.34957],[128.16148,35.3513],[128.16232,35.35515],[128.15814,35.35726],[128.15311,35.35552]]]}},{"type":"Feature","properties":{"h3":"8830c03553fffff","emd_code":"4872032000","emd_name":"칠곡면","area_km2":0.5399,"edge":false,"slope_mean":11.2,"elev_mean":154.5,"flood_hist_n":0,"flood_depth_max_m":null,"flood_risk_100y":null,"semi_basement_r":null,"elderly_alone_r":0.3611,"bldg_age30_r":null,"shelter_min_walk":133,"pop":1131,"hh":720,"elderly65_r":0.5597,"single_hh_r":0.5819,"source_level":"emd","flood_years":[],"landslide_hist_n":0},"geometry":{"type":"Polygon","coordinates":[[[128.16232,35.35515],[128.16148,35.3513],[128.16566,35.34919],[128.17069,35.35093],[128.17153,35.35477],[128.16735,35.35688],[128.16232,35.35515]]]}},{"type":"Feature","properties":{"h3":"8830c03555fffff","emd_code":"4872033000","emd_name":"대의면","area_km2":0.54,"edge":true,"slope_mean":24.18,"elev_mean":281.3,"flood_hist_n":0,"flood_depth_max_m":null,"flood_risk_100y":null,"semi_basement_r":null,"elderly_alone_r":0.4339,"bldg_age30_r":null,"shelter_min_walk":149,"pop":1010,"hh":673,"elderly65_r":0.5376,"single_hh_r":0.6657,"source_level":"emd","flood_years":[],"landslide_hist_n":0},"geometry":{"type":"Polygon","coordinates":[[[128.14724,35.34995],[128.1464,35.3461],[128.15058,35.34399],[128.15561,35.34573],[128.15645,35.34957],[128.15227,35.35168],[128.14724,35.34995]]]}},{"type":"Feature","properties":{"h3":"8830c03557fffff","emd_code":"4872032000","emd_name":"칠곡면","area_km2":0.54,"edge":false,"slope_mean":21.74,"elev_mean":291.1,"flood_hist_n":0,"flood_depth_max_m":null,"flood_risk_100y":null,"semi_basement_r":null,"elderly_alone_r":0.3611,"bldg_age30_r":null,"shelter_min_walk":137,"pop":1131,"hh":720,"elderly65_r":0.5597,"single_hh_r":0.5819,"source_level":"emd","flood_years":[],"landslide_hist_n":0},"geometry":{"type":"Polygon","coordinates":[[[128.15645,35.34957],[128.15561,35.34573],[128.15979,35.34362],[128.16482,35.34535],[128.16566,35.34919],[128.16148,35.3513],[128.15645,35.34957]]]}},{"type":"Feature","properties":{"h3":"8830c03559fffff","emd_code":"4872032000","emd_name":"칠곡면","area_km2":0.5398,"edge":false,"slope_mean":18.37,"elev_mean":224.6,"flood_hist_n":0,"flood_depth_max_m":null,"flood_risk_100y":null,"semi_basement_r":null,"elderly_alone_r":0.3611,"bldg_age30_r":null,"shelter_min_walk":153,"pop":1131,"hh":720,"elderly65_r":0.5597,"single_hh_r":0.5819,"source_level":"emd","flood_years":[],"landslide_hist_n":0},"geometry":{"type":"Polygon","coordinates":[[[128.14977,35.36147],[128.14892,35.35763],[128.15311,35.35552],[128.15814,35.35726],[128.15898,35.3611],[128.15479,35.36321],[128.14977,35.36147]]]}},{"type":"Feature","properties":{"h3":"8830c0355bfffff","emd_code":"4872032000","emd_name":"칠곡면","area_km2":0.5398,"edge":false,"slope_mean":10.73,"elev_mean":170.2,"flood_hist_n":0,"flood_depth_max_m":null,"flood_risk_100y":null,"semi_basement_r":null,"elderly_alone_r":0.3611,"bldg_age30_r":null,"shelter_min_walk":142,"pop":1131,"hh":720,"elderly65_r":0.5597,"single_hh_r":0.5819,"source_level":"emd","flood_years":[],"landslide_hist_n":0},"geometry":{"type":"Polygon","coordinates":[[[128.15898,35.3611],[128.15814,35.35726],[128.16232,35.35515],[128.16735,35.35688],[128.16819,35.36072],[128.16401,35.36283],[128.15898,35.3611]]]}},{"type":"Feature","properties":{"h3":"8830c0355dfffff","emd_code":"4872033000","emd_name":"대의면","area_km2":0.5398,"edge":false,"slope_mean":23.64,"elev_mean":234.2,"flood_hist_n":0,"flood_depth_max_m":null,"flood_risk_100y":null,"semi_basement_r":null,"elderly_alone_r":0.4339,"bldg_age30_r":null,"shelter_min_walk":156,"pop":1010,"hh":673,"elderly65_r":0.5376,"single_hh_r":0.6657,"source_level":"emd","flood_years":[],"landslide_hist_n":0},"geometry":{"type":"Polygon","coordinates":[[[128.1439,35.3559],[128.14305,35.35206],[128.14724,35.34995],[128.15227,35.35168],[128.15311,35.35552],[128.14892,35.35763],[128.1439,35.3559]]]}},{"type":"Feature","properties":{"h3":"8830c03561fffff","emd_code":"4872033000","emd_name":"대의면","area_km2":0.5401,"edge":true,"slope_mean":17.66,"elev_mean":158.6,"flood_hist_n":0,"flood_depth_max_m":null,"flood_risk_100y":null,"semi_basement_r":null,"elderly_alone_r":0.4339,"bldg_age30_r":null,"shelter_min_walk":161,"pop":1010,"hh":673,"elderly65_r":0.5376,"single_hh_r":0.6657,"source_level":"emd","flood_years":[],"landslide_hist_n":0},"geometry":{"type":"Polygon","coordinates":[[[128.12042,35.33358],[128.11958,35.32974],[128.12376,35.32763],[128.12879,35.32937],[128.12963,35.33321],[128.12545,35.33532],[128.12042,35.33358]]]}},{"type":"Feature","properties":{"h3":"8830c03569fffff","emd_code":"4872033000","emd_name":"대의면","area_km2":0.54,"edge":false,"slope_mean":19.51,"elev_mean":144.3,"flood_hist_n":0,"flood_depth_max_m":null,"flood_risk_100y":null,"semi_basement_r":null,"elderly_alone_r":0.4339,"bldg_age30_r":null,"shelter_min_walk":169,"pop":1010,"hh":673,"elderly65_r":0.5376,"single_hh_r":0.6657,"source_level":"emd","flood_years":[],"landslide_hist_n":0},"geometry":{"type":"Polygon","coordinates":[[[128.11708,35.33954],[128.11624,35.33569],[128.12042,35.33358],[128.12545,35.33532],[128.12629,35.33916],[128.12211,35.34127],[128.11708,35.33954]]]}},{"type":"Feature","properties":{"h3":"8830c0356bfffff","emd_code":"4872033000","emd_name":"대의면","area_km2":0.54,"edge":false,"slope_mean":17.65,"elev_mean":154.6,"flood_hist_n":0,"flood_depth_max_m":null,"flood_risk_100y":null,"semi_basement_r":null,"elderly_alone_r":0.4339,"bldg_age30_r":null,"shelter_min_walk":171,"pop":1010,"hh":673,"elderly65_r":0.5376,"single_hh_r":0.6657,"source_level":"emd","flood_years":[],"landslide_hist_n":0},"geometry":{"type":"Polygon","coordinates":[[[128.12629,35.33916],[128.12545,35.33532],[128.12963,35.33321],[128.13466,35.33495],[128.1355,35.33879],[128.13132,35.3409],[128.12629,35.33916]]]}},{"type":"Feature","properties":{"h3":"8830c0356dfffff","emd_code":"4872033000","emd_name":"대의면","area_km2":0.5401,"edge":false,"slope_mean":20.28,"elev_mean":190.7,"flood_hist_n":0,"flood_depth_max_m":null,"flood_risk_100y":null,"semi_basement_r":null,"elderly_alone_r":0.4339,"bldg_age30_r":null,"shelter_min_walk":158,"pop":1010,"hh":673,"elderly65_r":0.5376,"single_hh_r":0.6657,"source_level":"emd","flood_years":[],"landslide_hist_n":0},"geometry":{"type":"Polygon","coordinates":[[[128.11121,35.33396],[128.11037,35.33011],[128.11455,35.328],[128.11958,35.32974],[128.12042,35.33358],[128.11624,35.33569],[128.11121,35.33396]]]}},{"type":"Feature","properties":{"h3":"8830c03581fffff","emd_code":"4872031000","emd_name":"가례면","area_km2":0.5405,"edge":false,"slope_mean":11.69,"elev_mean":73.7,"flood_hist_n":0,"flood_depth_max_m":null,"flood_risk_100y":null,"semi_basement_r":null,"elderly_alone_r":0.3877,"bldg_age30_r":null,"shelter_min_walk":62,"pop":1544,"hh":877,"elderly65_r":0.5447,"single_hh_r":0.5998,"source_level":"emd","flood_years":[],"landslide_hist_n":0},"geometry":{"type":"Polygon","coordinates":[[[128.20919,35.33577],[128.20835,35.33193],[128.21254,35.32981],[128.21756,35.33154],[128.21841,35.33539],[128.21422,35.3375],[128.20919,35.33577]]]}},{"type":"Feature","properties":{"h3":"8830c03583fffff","emd_code":"4872031000","emd_name":"가례면","area_km2":0.5405,"edge":false,"slope_mean":13.02,"elev_mean":76.5,"flood_hist_n":0,"flood_depth_max_m":null,"flood_risk_100y":null,"semi_basement_r":null,"elderly_alone_r":0.3877,"bldg_age30_r":null,"shelter_min_walk":51,"pop":1544,"hh":877,"elderly65_r":0.5447,"single_hh_r":0.5998,"source_level":"emd","flood_years":[],"landslide_hist_n":0},"geometry":{"type":"Polygon","coordinates":[[[128.21841,35.33539],[128.21756,35.33154],[128.22175,35.32943],[128.22678,35.33116],[128.22762,35.33501],[128.22344,35.33712],[128.21841,35.33539]]]}},{"type":"Feature","properties":{"h3":"8830c03585fffff","emd_code":"4872031000","emd_name":"가례면","area_km2":0.5406,"edge":false,"slope_mean":17.62,"elev_mean":103.6,"flood_hist_n":0,"flood_depth_max_m":null,"flood_risk_100y":null,"semi_basement_r":null,"elderly_alone_r":0.3877,"bldg_age30_r":null,"shelter_min_walk":66,"pop":1544,"hh":877,"elderly65_r":0.5447,"single_hh_r":0.5998,"source_level":"emd","flood_years":[],"landslide_hist_n":0},"geometry":{"type":"Polygon","coordinates":[[[128.20332,35.33019],[128.20248,35.32635],[128.20666,35.32423],[128.21169,35.32597],[128.21254,35.32981],[128.20835,35.33193],[128.20332,35.33019]]]}},{"type":"Feature","properties":{"h3":"8830c03587fffff","emd_code":"4872031000","emd_name":"가례면","area_km2":0.5406,"edge":false,"slope_mean":17.52,"elev_mean":92.5,"flood_hist_n":0,"flood_depth_max_m":null,"flood_risk_100y":null,"semi_basement_r":null,"elderly_alone_r":0.3877,"bldg_age30_r":null,"shelter_min_walk":54,"pop":1544,"hh":877,"elderly65_r":0.5447,"single_hh_r":0.5998,"source_level":"emd","flood_years":[],"landslide_hist_n":0},"geometry":{"type":"Polygon","coordinates":[[[128.21254,35.32981],[128.21169,35.32597],[128.21588,35.32385],[128.22091,35.32559],[128.22175,35.32943],[128.21756,35.33154],[128.21254,35.32981]]]}},{"type":"Feature","properties":{"h3":"8830c03589fffff","emd_code":"4872031000","emd_name":"가례면","area_km2":0.5404,"edge":false,"slope_mean":24.36,"elev_mean":181.4,"flood_hist_n":0,"flood_depth_max_m":null,"flood_risk_100y":null,"semi_basement_r":null,"elderly_alone_r":0.3877,"bldg_age30_r":null,"shelter_min_walk":71,"pop":1544,"hh":877,"elderly65_r":0.5447,"single_hh_r":0.5998,"source_level":"emd","flood_years":[],"landslide_hist_n":0},"geometry":{"type":"Polygon","coordinates":[[[128.20585,35.34173],[128.20501,35.33788],[128.20919,35.33577],[128.21422,35.3375],[128.21507,35.34135],[128.21088,35.34346],[128.20585,35.34173]]]}},{"type":"Feature","properties":{"h3":"8830c0358bfffff","emd_code":"4872031000","emd_name":"가례면","area_km2":0.5404,"edge":false,"slope_mean":24.16,"elev_mean":155.8,"flood_hist_n":0,"flood_depth_max_m":null,"flood_risk_100y":null,"semi_basement_r":null,"elderly_alone_r":0.3877,"bldg_age30_r":null,"shelter_min_walk":60,"pop":1544,"hh":877,"elderly65_r":0.5447,"single_hh_r":0.5998,"source_level":"emd","flood_years":[],"landslide_hist_n":0},"geometry":{"type":"Polygon","coordinates":[[[128.21507,35.34135],[128.21422,35.3375],[128.21841,35.33539],[128.22344,35.33712],[128.22428,35.34097],[128.2201,35.34308],[128.21507,35.34135]]]}},{"type":"Feature","properties":{"h3":"8830c0358dfffff","emd_code":"4872032000","emd_name":"칠곡면","area_km2":0.5404,"edge":false,"slope_mean":4.1,"elev_mean":66.2,"flood_hist_n":0,"flood_depth_max_m":null,"flood_risk_100y":null,"semi_basement_r":null,"elderly_alone_r":0.3611,"bldg_age30_r":null,"shelter_min_walk":74,"pop":1131,"hh":720,"elderly65_r":0.5597,"single_hh_r":0.5819,"source_level":"emd","flood_years":[],"landslide_hist_n":0},"geometry":{"type":"Polygon","coordinates":[[[128.19998,35.33615],[128.19914,35.33231],[128.20332,35.33019],[128.20835,35.33193],[128.20919,35.33577],[128.20501,35.33788],[128.19998,35.33615]]]}},{"type":"Feature","properties":{"h3":"8830c03591fffff","emd_code":"4872031000","emd_name":"가례면","area_km2":0.5405,"edge":false,"slope_mean":23.03,"elev_mean":179.2,"flood_hist_n":0,"flood_depth_max_m":null,"flood_risk_100y":null,"semi_basement_r":null,"elderly_alone_r":0.3877,"bldg_age30_r":null,"shelter_min_walk":41,"pop":1544,"hh":877,"elderly65_r":0.5447,"single_hh_r":0.5998,"source_level":"emd","flood_years":[],"landslide_hist_n":0},"geometry":{"type":"Polygon","coordinates":[[[128.2335,35.34058],[128.23265,35.33674],[128.23684,35.33463],[128.24187,35.33636],[128.24271,35.3402],[128.23853,35.34232],[128.2335,35.34058]]]}},{"type":"Feature","properties":{"h3":"8830c03593fffff","emd_code":"4872031000","emd_name":"가례면","area_km2":0.5406,"edge":false,"slope_mean":14.42,"elev_mean":90.9,"flood_hist_n":0,"flood_depth_max_m":null,"flood_risk_100y":null,"semi_basement_r":null,"elderly_alone_r":0.3877,"bldg_age30_r":null,"shelter_min_walk":34,"pop":1544,"hh":877,"elderly65_r":0.5447,"single_hh_r":0.5998,"source_level":"emd","flood_years":[],"landslide_hist_n":0},"geometry":{"type":"Polygon","coordinates":[[[128.24271,35.3402],[128.24187,35.33636],[128.24605,35.33424],[128.25108,35.33597],[128.25193,35.33982],[128.24774,35.34193],[128.24271,35.3402]]]}},{"type":"Feature","properties":{"h3":"8830c03595fffff","emd_code":"4872031000","emd_name":"가례면","area_km2":0.5406,"edge":false,"slope_mean":20.14,"elev_mean":140.3,"flood_hist_n":0,"flood_depth_max_m":null,"flood_risk_100y":null,"semi_basement_r":null,"elderly_alone_r":0.3877,"bldg_age30_r":null,"shelter_min_walk":40,"pop":1544,"hh":877,"elderly65_r":0.5447,"single_hh_r":0.5998,"source_level":"emd","flood_years":[],"landslide_hist_n":0},"geometry":{"type":"Polygon","coordinates":[[[128.22762,35.33501],[128.22678,35.33116],[128.23096,35.32905],[128.23599,35.33078],[128.23684,35.33463],[128.23265,35.33674],[128.22762,35.33501]]]}},{"type":"Feature","properties":{"h3":"8830c03597fffff","emd_code":"4872031000","emd_name":"가례면","area_km2":0.5406,"edge":false,"slope_mean":18.39,"elev_mean":129.0,"flood_hist_n":0,"flood_depth_max_m":null,"flood_risk_100y":null,"semi_basement_r":null,"elderly_alone_r":0.3877,"bldg_age30_r":null,"shelter_min_walk":31,"pop":1544,"hh":877,"elderly65_r":0.5447,"single_hh_r":0.5998,"source_level":"emd","flood_years":[],"landslide_hist_n":0},"geometry":{"type":"Polygon","coordinates":[[[128.23684,35.33463],[128.23599,35.33078],[128.24018,35.32867],[128.24521,35.3304],[128.24605,35.33424],[128.24187,35.33636],[128.23684,35.33463]]]}},{"type":"Feature","properties":{"h3":"8830c03599fffff","emd_code":"4872031000","emd_name":"가례면","area_km2":0.5404,"edge":false,"slope_mean":25.25,"elev_mean":266.7,"flood_hist_n":0,"flood_depth_max_m":null,"flood_risk_100y":null,"semi_basement_r":null,"elderly_alone_r":0.3877,"bldg_age30_r":null,"shelter_min_walk":52,"pop":1544,"hh":877,"elderly65_r":0.5447,"single_hh_r":0.5998,"source_level":"emd","flood_years":[],"landslide_hist_n":0},"geometry":{"type":"Polygon","coordinates":[[[128.23015,35.34654],[128.22931,35.3427],[128.2335,35.34058],[128.23853,35.34232],[128.23937,35.34616],[128.23518,35.34827],[128.23015,35.34654]]]}},{"type":"Feature","properties":{"h3":"8830c0359bfffff","emd_code":"4872031000","emd_name":"가례면","area_km2":0.5405,"edge":false,"slope_mean":20.5,"elev_mean":117.2,"flood_hist_n":0,"flood_depth_max_m":null,"flood_risk_100y":null,"semi_basement_r":null,"elderly_alone_r":0.3877,"bldg_age30_r":null,"shelter_min_walk":44,"pop":1544,"hh":877,"elderly65_r":0.5447,"single_hh_r":0.5998,"source_level":"emd","flood_years":[],"landslide_hist_n":0},"geometry":{"type":"Polygon","coordinates":[[[128.23937,35.34616],[128.23853,35.34232],[128.24271,35.3402],[128.24774,35.34193],[128.24858,35.34578],[128.2444,35.34789],[128.23937,35.34616]]]}},{"type":"Feature","properties":{"h3":"8830c0359dfffff","emd_code":"4872031000","emd_name":"가례면","area_km2":0.5405,"edge":false,"slope_mean":20.81,"elev_mean":136.6,"flood_hist_n":0,"flood_depth_max_m":null,"flood_risk_100y":null,"semi_basement_r":null,"elderly_alone_r":0.3877,"bldg_age30_r":null,"shelter_min_walk":50,"pop":1544,"hh":877,"elderly65_r":0.5447,"single_hh_r":0.5998,"source_level":"emd","flood_years":[],"landslide_hist_n":0},"geometry":{"type":"Polygon","coordinates":[[[128.22428,35.34097],[128.22344,35.33712],[128.22762,35.33501],[128.23265,35.33674],[128.2335,35.34058],[128.22931,35.3427],[128.22428,35.34097]]]}},{"type":"Feature","properties":{"h3":"8830c035a1fffff","emd_code":"4872034000","emd_name":"화정면","area_km2":0.5407,"edge":false,"slope_mean":30.91,"elev_mean":328.1,"flood_hist_n":0,"flood_depth_max_m":null,"flood_risk_100y":null,"semi_basement_r":null,"elderly_alone_r":0.3659,"bldg_age30_r":null,"shelter_min_walk":67,"pop":1422,"hh":910,"elderly65_r":0.5162,"single_hh_r":0.6132,"source_level":"emd","flood_years":[],"landslide_hist_n":0},"geometry":{"type":"Polygon","coordinates":[[[128.20079,35.31866],[128.19995,35.31481],[128.20413,35.3127],[128.20916,35.31443],[128.21,35.31828],[128.20582,35.32039],[128.20079,35.31866]]]}},{"type":"Feature","properties":{"h3":"8830c035a3fffff","emd_code":"4872031000","emd_name":"가례면","area_km2":0.5408,"edge":false,"slope_mean":25.6,"elev_mean":301.4,"flood_hist_n":0,"flood_depth_max_m":null,"flood_risk_100y":null,"semi_basement_r":null,"elderly_alone_r":0.3877,"bldg_age30_r":null,"shelter_min_walk":55,"pop":1544,"hh":877,"elderly65_r":0.5447,"single_hh_r":0.5998,"source_level":"emd","flood_years":[],"landslide_hist_n":0},"geometry":{"type":"Polygon","coordinates":[[[128.21,35.31828],[128.20916,35.31443],[128.21335,35.31232],[128.21837,35.31405],[128.21922,35.31789],[128.21503,35.32001],[128.21,35.31828]]]}},{"type":"Feature","properties":{"h3":"8830c035a5fffff","emd_code":"4872034000","emd_name":"화정면","area_km2":0.5408,"edge":false,"slope_mean":30.72,"elev_mean":307.4,"flood_hist_n":0,"flood_depth_max_m":null,"flood_risk_100y":null,"semi_basement_r":null,"elderly_alone_r":0.3659,"bldg_age30_r":null,"shelter_min_walk":76,"pop":1422,"hh":910,"elderly65_r":0.5162,"single_hh_r":0.6132,"source_level":"emd","flood_years":[],"landslide_hist_n":0},"geometry":{"type":"Polygon","coordinates":[[[128.19492,35.31308],[128.19408,35.30923],[128.19826,35.30712],[128.20329,35.30885],[128.20413,35.3127],[128.19995,35.31481],[128.19492,35.31308]]]}},{"type":"Feature","properties":{"h3":"8830c035a7fffff","emd_code":"4872034000","emd_name":"화정면","area_km2":0.5409,"edge":false,"slope_mean":29.49,"elev_mean":258.7,"flood_hist_n":0,"flood_depth_max_m":null,"flood_risk_100y":null,"semi_basement_r":null,"elderly_alone_r":0.3659,"bldg_age30_r":null,"shelter_min_walk":64,"pop":1422,"hh":910,"elderly65_r":0.5162,"single_hh_r":0.6132,"source_level":"emd","flood_years":[],"landslide_hist_n":0},"geometry":{"type":"Polygon","coordinates":[[[128.20413,35.3127],[128.20329,35.30885],[128.20747,35.30674],[128.2125,35.30847],[128.21335,35.31232],[128.20916,35.31443],[128.20413,35.3127]]]}},{"type":"Feature","properties":{"h3":"8830c035a9fffff","emd_code":"4872032000","emd_name":"칠곡면","area_km2":0.5406,"edge":false,"slope_mean":26.22,"elev_mean":208.2,"flood_hist_n":0,"flood_depth_max_m":null,"flood_risk_100y":null,"semi_basement_r":null,"elderly_alone_r":0.3611,"bldg_age30_r":null,"shelter_min_walk":72,"pop":1131,"hh":720,"elderly65_r":0.5597,"single_hh_r":0.5819,"source_level":"emd","flood_years":[],"landslide_hist_n":0},"geometry":{"type":"Polygon","coordinates":[[[128.19745,35.32461],[128.19661,35.32077],[128.20079,35.31866],[128.20582,35.32039],[128.20666,35.32423],[128.20248,35.32635],[128.19745,35.32461]]]}},{"type":"Feature","properties":{"h3":"8830c035abfffff","emd_code":"4872031000","emd_name":"가례면","area_km2":0.5407,"edge":false,"slope_mean":23.92,"elev_mean":166.6,"flood_hist_n":0,"flood_depth_max_m":null,"flood_risk_100y":null,"semi_basement_r":null,"elderly_alone_r":0.3877,"bldg_age30_r":null,"shelter_min_walk":60,"pop":1544,"hh":877,"elderly65_r":0.5447,"single_hh_r":0.5998,"source_level":"emd","flood_years":[],"landslide_hist_n":0},"geometry":{"type":"Polygon","coordinates":[[[128.20666,35.32423],[128.20582,35.32039],[128.21,35.31828],[128.21503,35.32001],[128.21588,35.32385],[128.21169,35.32597],[128.20666,35.32423]]]}},{"type":"Feature","properties":{"h3":"8830c035adfffff","emd_code":"4872032000","emd_name":"칠곡면","area_km2":0.5407,"edge":false,"slope_mean":27.96,"elev_mean":228.2,"flood_hist_n":0,"flood_depth_max_m":null,"flood_risk_100y":null,"semi_basement_r":null,"elderly_alone_r":0.3611,"bldg_age30_r":null,"shelter_min_walk":80,"pop":1131,"hh":720,"elderly65_r":0.5597,"single_hh_r":0.5819,"source_level":"emd","flood_years":[],"landslide_hist_n":0},"geometry":{"type":"Polygon","coordinates":[[[128.19158,35.31904],[128.19074,35.31519],[128.19492,35.31308],[128.19995,35.31481],[128.20079,35.31866],[128.19661,35.32077],[128.19158,35.31904]]]}},{"type":"Feature","properties":{"h3":"8830c035b1fffff","emd_code":"4872031000","emd_name":"가례면","area_km2":0.5408,"edge":false,"slope_mean":23.43,"elev_mean":157.7,"flood_hist_n":0,"flood_depth_max_m":null,"flood_risk_100y":null,"semi_basement_r":null,"elderly_alone_r":0.3877,"bldg_age30_r":null,"shelter_min_walk":35,"pop":1544,"hh":877,"elderly65_r":0.5447,"single_hh_r":0.5998,"source_level":"emd","flood_years":[],"landslide_hist_n":0},"geometry":{"type":"Polygon","coordinates":[[[128.22509,35.32347],[128.22425,35.31963],[128.22843,35.31751],[128.23346,35.31924],[128.23431,35.32309],[128.23012,35.3252],[128.22509,35.32347]]]}},{"type":"Feature","properties":{"h3":"8830c035b3fffff","emd_code":"4872031000","emd_name":"가례면","area_km2":0.5408,"edge":false,"slope_mean":18.21,"elev_mean":91.6,"flood_hist_n":0,"flood_depth_max_m":null,"flood_risk_100y":null,"semi_basement_r":null,"elderly_alone_r":0.3877,"bldg_age30_r":null,"shelter_min_walk":23,"pop":1544,"hh":877,"elderly65_r":0.5447,"single_hh_r":0.5998,"source_level":"emd","flood_years":[],"landslide_hist_n":0},"geometry":{"type":"Polygon","coordinates":[[[128.23431,35.32309],[128.23346,35.31924],[128.23765,35.31713],[128.24268,35.31886],[128.24352,35.32271],[128.23933,35.32482],[128.23431,35.32309]]]}},{"type":"Feature","properties":{"h3":"8830c035b5fffff","emd_code":"4872031000","emd_name":"가례면","area_km2":0.5408,"edge":false,"slope_mean":22.57,"elev_mean":300.2,"flood_hist_n":0,"flood_depth_max_m":null,"flood_risk_100y":null,"semi_basement_r":null,"elderly_alone_r":0.3877,"bldg_age30_r":null,"shelter_min_walk":43,"pop":1544,"hh":877,"elderly65_r":0.5447,"single_hh_r":0.5998,"source_level":"emd","flood_years":[],"landslide_hist_n":0},"geometry":{"type":"Polygon","coordinates":[[[128.21922,35.31789],[128.21837,35.31405],[128.22256,35.31193],[128.22759,35.31367],[128.22843,35.31751],[128.22425,35.31963],[128.21922,35.31789]]]}},{"type":"Feature","properties":{"h3":"8830c035b7fffff","emd_code":"4872031000","emd_name":"가례면","area_km2":0.5409,"edge":false,"slope_mean":25.79,"elev_mean":254.6,"flood_hist_n":0,"flood_depth_max_m":null,"flood_risk_100y":null,"semi_basement_r":null,"elderly_alone_r":0.3877,"bldg_age30_r":null,"shelter_min_walk":30,"pop":1544,"hh":877,"elderly65_r":0.5447,"single_hh_r":0.5998,"source_level":"emd","flood_years":[],"landslide_hist_n":0},"geometry":{"type":"Polygon","coordinates":[[[128.22843,35.31751],[128.22759,35.31367],[128.23177,35.31155],[128.2368,35.31328],[128.23765,35.31713],[128.23346,35.31924],[128.22843,35.31751]]]}},{"type":"Feature","properties":{"h3":"8830c035b9fffff","emd_code":"4872031000","emd_name":"가례면","area_km2":0.5407,"edge":false,"slope_mean":10.54,"elev_mean":56.8,"flood_hist_n":0,"flood_depth_max_m":null,"flood_risk_100y":null,"semi_basement_r":null,"elderly_alone_r":0.3877,"bldg_age30_r":null,"shelter_min_walk":42,"pop":1544,"hh":877,"elderly65_r":0.5447,"single_hh_r":0.5998,"source_level":"emd","flood_years":[],"landslide_hist_n":0},"geometry":{"type":"Polygon","coordinates":[[[128.22175,35.32943],[128.22091,35.32559],[128.22509,35.32347],[128.23012,35.3252],[128.23096,35.32905],[128.22678,35.33116],[128.22175,35.32943]]]}},{"type":"Feature","properties":{"h3":"8830c035bbfffff","emd_code":"4872031000","emd_name":"가례면","area_km2":0.5407,"edge":false,"slope_mean":14.57,"elev_mean":75.1,"flood_hist_n":0,"flood_depth_max_m":null,"flood_risk_100y":null,"semi_basement_r":null,"elderly_alone_r":0.3877,"bldg_age30_r":null,"shelter_min_walk":31,"pop":1544,"hh":877,"elderly65_r":0.5447,"single_hh_r":0.5998,"source_level":"emd","flood_years":[],"landslide_hist_n":0},"geometry":{"type":"Polygon","coordinates":[[[128.23096,35.32905],[128.23012,35.3252],[128.23431,35.32309],[128.23933,35.32482],[128.24018,35.32867],[128.23599,35.33078],[128.23096,35.32905]]]}},{"type":"Feature","properties":{"h3":"8830c035bdfffff","emd_code":"4872031000","emd_name":"가례면","area_km2":0.5407,"edge":false,"slope_mean":27.79,"elev_mean":211.0,"flood_hist_n":0,"flood_depth_max_m":null,"flood_risk_100y":null,"semi_basement_r":null,"elderly_alone_r":0.3877,"bldg_age30_r":null,"shelter_min_walk":47,"pop":1544,"hh":877,"elderly65_r":0.5447,"single_hh_r":0.5998,"source_level":"emd","flood_years":[],"landslide_hist_n":0},"geometry":{"type":"Polygon","coordinates":[[[128.21588,35.32385],[128.21503,35.32001],[128.21922,35.31789],[128.22425,35.31963],[128.22509,35.32347],[128.22091,35.32559],[128.21588,35.32385]]]}},{"type":"Feature","properties":{"h3":"8830c035c1fffff","emd_code":"4872032000","emd_name":"칠곡면","area_km2":0.5402,"edge":false,"slope_mean":14.56,"elev_mean":138.8,"flood_hist_n":0,"flood_depth_max_m":null,"flood_risk_100y":null,"semi_basement_r":null,"elderly_alone_r":0.3611,"bldg_age30_r":null,"shelter_min_walk":91,"pop":1131,"hh":720,"elderly65_r":0.5597,"single_hh_r":0.5819,"source_level":"emd","flood_years":[],"landslide_hist_n":0},"geometry":{"type":"Polygon","coordinates":[[[128.1933,35.34806],[128.19245,35.34422],[128.19664,35.34211],[128.20167,35.34384],[128.20251,35.34768],[128.19833,35.34979],[128.1933,35.34806]]]}},{"type":"Feature","properties":{"h3":"8830c035c3fffff","emd_code":"4872031000","emd_name":"가례면","area_km2":0.5403,"edge":false,"slope_mean":25.69,"elev_mean":229.7,"flood_hist_n":0,"flood_depth_max_m":null,"flood_risk_100y":null,"semi_basement_r":null,"elderly_alone_r":0.3877,"bldg_age30_r":null,"shelter_min_walk":80,"pop":1544,"hh":877,"elderly65_r":0.5447,"single_hh_r":0.5998,"source_level":"emd","flood_years":[],"landslide_hist_n":0},"geometry":{"type":"Polygon","coordinates":[[[128.20251,35.34768],[128.20167,35.34384],[128.20585,35.34173],[128.21088,35.34346],[128.21173,35.3473],[128.20754,35.34941],[128.20251,35.34768]]]}},{"type":"Feature","properties":{"h3":"8830c035c5fffff","emd_code":"4872032000","emd_name":"칠곡면","area_km2":0.5403,"edge":false,"slope_mean":4.92,"elev_mean":83.0,"flood_hist_n":0,"flood_depth_max_m":null,"flood_risk_100y":null,"semi_basement_r":null,"elderly_alone_r":0.3611,"bldg_age30_r":null,"shelter_min_walk":93,"pop":1131,"hh":720,"elderly65_r":0.5597,"single_hh_r":0.5819,"source_level":"emd","flood_years":[],"landslide_hist_n":0},"geometry":{"type":"Polygon","coordinates":[[[128.18743,35.34249],[128.18658,35.33864],[128.19077,35.33653],[128.1958,35.33826],[128.19664,35.34211],[128.19245,35.34422],[128.18743,35.34249]]]}},{"type":"Feature","properties":{"h3":"8830c035c7fffff","emd_code":"4872032000","emd_name":"칠곡면","area_km2":0.5403,"edge":false,"slope_mean":14.63,"elev_mean":118.7,"flood_hist_n":0,"flood_depth_max_m":null,"flood_risk_100y":null,"semi_basement_r":null,"elderly_alone_r":0.3611,"bldg_age30_r":null,"shelter_min_walk":82,"pop":1131,"hh":720,"elderly65_r":0.5597,"single_hh_r":0.5819,"source_level":"emd","flood_years":[],"landslide_hist_n":0},"geometry":{"type":"Polygon","coordinates":[[[128.19664,35.34211],[128.1958,35.33826],[128.19998,35.33615],[128.20501,35.33788],[128.20585,35.34173],[128.20167,35.34384],[128.19664,35.34211]]]}},{"type":"Feature","properties":{"h3":"8830c035c9fffff","emd_code":"4872032000","emd_name":"칠곡면","area_km2":0.5401,"edge":false,"slope_mean":10.42,"elev_mean":130.5,"flood_hist_n":0,"flood_depth_max_m":null,"flood_risk_100y":null,"semi_basement_r":null,"elderly_alone_r":0.3611,"bldg_age30_r":null,"shelter_min_walk":100,"pop":1131,"hh":720,"elderly65_r":0.5597,"single_hh_r":0.5819,"source_level":"emd","flood_years":[],"landslide_hist_n":0},"geometry":{"type":"Polygon","coordinates":[[[128.18996,35.35402],[128.18911,35.35017],[128.1933,35.34806],[128.19833,35.34979],[128.19917,35.35364],[128.19499,35.35575],[128.18996,35.35402]]]}},{"type":"Feature","properties":{"h3":"8830c035cbfffff","emd_code":"4872032000","emd_name":"칠곡면","area_km2":0.5401,"edge":false,"slope_mean":26.71,"elev_mean":281.4,"flood_hist_n":0,"flood_depth_max_m":null,"flood_risk_100y":null,"semi_basement_r":null,"elderly_alone_r":0.3611,"bldg_age30_r":null,"shelter_min_walk":89,"pop":1131,"hh":720,"elderly65_r":0.5597,"single_hh_r":0.5819,"source_level":"emd","flood_years":[],"landslide_hist_n":0},"geometry":{"type":"Polygon","coordinates":[[[128.19917,35.35364],[128.19833,35.34979],[128.20251,35.34768],[128.20754,35.34941],[128.20838,35.35326],[128.2042,35.35537],[128.19917,35.35364]]]}},{"type":"Feature","properties":{"h3":"8830c035cdfffff","emd_code":"4872032000","emd_name":"칠곡면","area_km2":0.5402,"edge":false,"slope_mean":11.48,"elev_mean":112.0,"flood_hist_n":0,"flood_depth_max_m":null,"flood_risk_100y":null,"semi_basement_r":null,"elderly_alone_r":0.3611,"bldg_age30_r":null,"shelter_min_walk":102,"pop":1131,"hh":720,"elderly65_r":0.5597,"single_hh_r":0.5819,"source_level":"emd","flood_years":[],"landslide_hist_n":0},"geometry":{"type":"Polygon","coordinates":[[[128.18409,35.34844],[128.18324,35.3446],[128.18743,35.34249],[128.19245,35.34422],[128.1933,35.34806],[128.18911,35.35017],[128.18409,35.34844]]]}},{"type":"Feature","properties":{"h3":"8830c035d1fffff","emd_code":"4872031000","emd_name":"가례면","area_km2":0.5402,"edge":false,"slope_mean":27.22,"elev_mean":233.3,"flood_hist_n":0,"flood_depth_max_m":null,"flood_risk_100y":null,"semi_basement_r":null,"elderly_alone_r":0.3877,"bldg_age30_r":null,"shelter_min_walk":71,"pop":1544,"hh":877,"elderly65_r":0.5447,"single_hh_r":0.5998,"source_level":"emd","flood_years":[],"landslide_hist_n":0},"geometry":{"type":"Polygon","coordinates":[[[128.2176,35.35288],[128.21675,35.34903],[128.22094,35.34692],[128.22597,35.34865],[128.22681,35.3525],[128.22263,35.35461],[128.2176,35.35288]]]}},{"type":"Feature","properties":{"h3":"8830c035d3fffff","emd_code":"4872031000","emd_name":"가례면","area_km2":0.5403,"edge":false,"slope_mean":25.37,"elev_mean":310.5,"flood_hist_n":0,"flood_depth_max_m":null,"flood_risk_100y":null,"semi_basement_r":null,"elderly_alone_r":0.3877,"bldg_age30_r":null,"shelter_min_walk":63,"pop":1544,"hh":877,"elderly65_r":0.5447,"single_hh_r":0.5998,"source_level":"emd","flood_years":[],"landslide_hist_n":0},"geometry":{"type":"Polygon","coordinates":[[[128.22681,35.3525],[128.22597,35.34865],[128.23015,35.34654],[128.23518,35.34827],[128.23603,35.35212],[128.23184,35.35423],[128.22681,35.3525]]]}},{"type":"Feature","properties":{"h3":"8830c035d5fffff","emd_code":"4872031000","emd_name":"가례면","area_km2":0.5403,"edge":false,"slope_mean":23.84,"elev_mean":170.8,"flood_hist_n":0,"flood_depth_max_m":null,"flood_risk_100y":null,"semi_basement_r":null,"elderly_alone_r":0.3877,"bldg_age30_r":null,"shelter_min_walk":70,"pop":1544,"hh":877,"elderly65_r":0.5447,"single_hh_r":0.5998,"source_level":"emd","flood_years":[],"landslide_hist_n":0},"geometry":{"type":"Polygon","coordinates":[[[128.21173,35.3473],[128.21088,35.34346],[128.21507,35.34135],[128.2201,35.34308],[128.22094,35.34692],[128.21675,35.34903],[128.21173,35.3473]]]}},{"type":"Feature","properties":{"h3":"8830c035d7fffff","emd_code":"4872031000","emd_name":"가례면","area_km2":0.5404,"edge":false,"slope_mean":22.02,"elev_mean":158.6,"flood_hist_n":0,"flood_depth_max_m":null,"flood_risk_100y":null,"semi_basement_r":null,"elderly_alone_r":0.3877,"bldg_age30_r":null,"shelter_min_walk":60,"pop":1544,"hh":877,"elderly65_r":0.5447,"single_hh_r":0.5998,"source_level":"emd","flood_years":[],"landslide_hist_n":0},"geometry":{"type":"Polygon","coordinates":[[[128.22094,35.34692],[128.2201,35.34308],[128.22428,35.34097],[128.22931,35.3427],[128.23015,35.34654],[128.22597,35.34865],[128.22094,35.34692]]]}},{"type":"Feature","properties":{"h3":"8830c035d9fffff","emd_code":"4872031000","emd_name":"가례면","area_km2":0.5401,"edge":false,"slope_mean":26.92,"elev_mean":327.7,"flood_hist_n":0,"flood_depth_max_m":null,"flood_risk_100y":null,"semi_basement_r":null,"elderly_alone_r":0.3877,"bldg_age30_r":null,"shelter_min_walk":81,"pop":1544,"hh":877,"elderly65_r":0.5447,"single_hh_r":0.5998,"source_level":"emd","flood_years":[],"landslide_hist_n":0},"geometry":{"type":"Polygon","coordinates":[[[128.21426,35.35883],[128.21341,35.35499],[128.2176,35.35288],[128.22263,35.35461],[128.22347,35.35845],[128.21929,35.36056],[128.21426,35.35883]]]}},{"type":"Feature","properties":{"h3":"8830c035dbfffff","emd_code":"4872031000","emd_name":"가례면","area_km2":0.5402,"edge":false,"slope_mean":24.81,"elev_mean":352.8,"flood_hist_n":0,"flood_depth_max_m":null,"flood_risk_100y":null,"semi_basement_r":null,"elderly_alone_r":0.3877,"bldg_age30_r":null,"shelter_min_walk":73,"pop":1544,"hh":877,"elderly65_r":0.5447,"single_hh_r":0.5998,"source_level":"emd","flood_years":[],"landslide_hist_n":0},"geometry":{"type":"Polygon","coordinates":[[[128.22347,35.35845],[128.22263,35.35461],[128.22681,35.3525],[128.23184,35.35423],[128.23269,35.35807],[128.2285,35.36018],[128.22347,35.35845]]]}},{"type":"Feature","properties":{"h3":"8830c035ddfffff","emd_code":"4872031000","emd_name":"가례면","area_km2":0.5402,"edge":false,"slope_mean":26.92,"elev_mean":335.4,"flood_hist_n":0,"flood_depth_max_m":null,"flood_risk_100y":null,"semi_basement_r":null,"elderly_alone_r":0.3877,"bldg_age30_r":null,"shelter_min_walk":80,"pop":1544,"hh":877,"elderly65_r":0.5447,"single_hh_r":0.5998,"source_level":"emd","flood_years":[],"landslide_hist_n":0},"geometry":{"type":"Polygon","coordinates":[[[128.20838,35.35326],[128.20754,35.34941],[128.21173,35.3473],[128.21675,35.34903],[128.2176,35.35288],[128.21341,35.35499],[128.20838,35.35326]]]}},{"type":"Feature","properties":{"h3":"8830c035e1fffff","emd_code":"4872032000","emd_name":"칠곡면","area_km2":0.5405,"edge":false,"slope_mean":19.55,"elev_mean":193.5,"flood_hist_n":0,"flood_depth_max_m":null,"flood_risk_100y":null,"semi_basement_r":null,"elderly_alone_r":0.3611,"bldg_age30_r":null,"shelter_min_walk":91,"pop":1131,"hh":720,"elderly65_r":0.5597,"single_hh_r":0.5819,"source_level":"emd","flood_years":[],"landslide_hist_n":0},"geometry":{"type":"Polygon","coordinates":[[[128.1849,35.33095],[128.18405,35.32711],[128.18824,35.32499],[128.19327,35.32673],[128.19411,35.33057],[128.18992,35.33268],[128.1849,35.33095]]]}},{"type":"Feature","properties":{"h3":"8830c035e3fffff","emd_code":"4872032000","emd_name":"칠곡면","area_km2":0.5405,"edge":false,"slope_mean":15.99,"elev_mean":109.8,"flood_hist_n":0,"flood_depth_max_m":null,"flood_risk_100y":null,"semi_basement_r":null,"elderly_alone_r":0.3611,"bldg_age30_r":null,"shelter_min_walk":79,"pop":1131,"hh":720,"elderly65_r":0.5597,"single_hh_r":0.5819,"source_level":"emd","flood_years":[],"landslide_hist_n":0},"geometry":{"type":"Polygon","coordinates":[[[128.19411,35.33057],[128.19327,35.32673],[128.19745,35.32461],[128.20248,35.32635],[128.20332,35.33019],[128.19914,35.33231],[128.19411,35.33057]]]}},{"type":"Feature","properties":{"h3":"8830c035e5fffff","emd_code":"4872034000","emd_name":"화정면","area_km2":0.5405,"edge":false,"slope_mean":18.52,"elev_mean":171.6,"flood_hist_n":0,"flood_depth_max_m":null,"flood_risk_100y":null,"semi_basement_r":null,"elderly_alone_r":0.3659,"bldg_age30_r":null,"shelter_min_walk":97,"pop":1422,"hh":910,"elderly65_r":0.5162,"single_hh_r":0.6132,"source_level":"emd","flood_years":[],"landslide_hist_n":0},"geometry":{"type":"Polygon","coordinates":[[[128.17903,35.32537],[128.17818,35.32153],[128.18237,35.31942],[128.18739,35.32115],[128.18824,35.32499],[128.18405,35.32711],[128.17903,35.32537]]]}},{"type":"Feature","properties":{"h3":"8830c035e7fffff","emd_code":"4872032000","emd_name":"칠곡면","area_km2":0.5406,"edge":false,"slope_mean":18.05,"elev_mean":154.5,"flood_hist_n":0,"flood_depth_max_m":null,"flood_risk_100y":null,"semi_basement_r":null,"elderly_alone_r":0.3611,"bldg_age30_r":null,"shelter_min_walk":85,"pop":1131,"hh":720,"elderly65_r":0.5597,"single_hh_r":0.5819,"source_level":"emd","flood_years":[],"landslide_hist_n":0},"geometry":{"type":"Polygon","coordinates":[[[128.18824,35.32499],[128.18739,35.32115],[128.19158,35.31904],[128.19661,35.32077],[128.19745,35.32461],[128.19327,35.32673],[128.18824,35.32499]]]}},{"type":"Feature","properties":{"h3":"8830c035e9fffff","emd_code":"4872032000","emd_name":"칠곡면","area_km2":0.5403,"edge":false,"slope_mean":17.03,"elev_mean":129.6,"flood_hist_n":0,"flood_depth_max_m":null,"flood_risk_100y":null,"semi_basement_r":null,"elderly_alone_r":0.3611,"bldg_age30_r":null,"shelter_min_walk":98,"pop":1131,"hh":720,"elderly65_r":0.5597,"single_hh_r":0.5819,"source_level":"emd","flood_years":[],"landslide_hist_n":0},"geometry":{"type":"Polygon","coordinates":[[[128.18156,35.33691],[128.18071,35.33306],[128.1849,35.33095],[128.18992,35.33268],[128.19077,35.33653],[128.18658,35.33864],[128.18156,35.33691]]]}},{"type":"Feature","properties":{"h3":"8830c035ebfffff","emd_code":"4872032000","emd_name":"칠곡면","area_km2":0.5404,"edge":false,"slope_mean":8.13,"elev_mean":82.0,"flood_hist_n":0,"flood_depth_max_m":null,"flood_risk_100y":null,"semi_basement_r":null,"elderly_alone_r":0.3611,"bldg_age30_r":null,"shelter_min_walk":86,"pop":1131,"hh":720,"elderly65_r":0.5597,"single_hh_r":0.5819,"source_level":"emd","flood_years":[],"landslide_hist_n":0},"geometry":{"type":"Polygon","coordinates":[[[128.19077,35.33653],[128.18992,35.33268],[128.19411,35.33057],[128.19914,35.33231],[128.19998,35.33615],[128.1958,35.33826],[128.19077,35.33653]]]}},{"type":"Feature","properties":{"h3":"8830c035edfffff","emd_code":"4872034000","emd_name":"화정면","area_km2":0.5404,"edge":false,"slope_mean":23.25,"elev_mean":244.1,"flood_hist_n":0,"flood_depth_max_m":null,"flood_risk_100y":null,"semi_basement_r":null,"elderly_alone_r":0.3659,"bldg_age30_r":null,"shelter_min_walk":103,"pop":1422,"hh":910,"elderly65_r":0.5162,"single_hh_r":0.6132,"source_level":"emd","flood_years":[],"landslide_hist_n":0},"geometry":{"type":"Polygon","coordinates":[[[128.17568,35.33133],[128.17484,35.32748],[128.17903,35.32537],[128.18405,35.32711],[128.1849,35.33095],[128.18071,35.33306],[128.17568,35.33133]]]}},{"type":"Feature","properties":{"h3":"8830c03611fffff","emd_code":"4872041500","emd_name":"궁류면","area_km2":0.5389,"edge":false,"slope_mean":24.19,"elev_mean":403.6,"flood_hist_n":0,"flood_depth_max_m":null,"flood_risk_100y":null,"semi_basement_r":null,"elderly_alone_r":0.4923,"bldg_age30_r":null,"shelter_min_walk":192,"pop":1006,"hh":717,"elderly65_r":0.6829,"single_hh_r":0.6681,"source_level":"emd","flood_years":[],"landslide_hist_n":0},"geometry":{"type":"Polygon","coordinates":[[[128.18671,35.4239],[128.18587,35.42006],[128.19005,35.41795],[128.19508,35.41969],[128.19593,35.42352],[128.19174,35.42563],[128.18671,35.4239]]]}},{"type":"Feature","properties":{"h3":"8830c03613fffff","emd_code":"4872041500","emd_name":"궁류면","area_km2":0.539,"edge":false,"slope_mean":25.65,"elev_mean":321.9,"flood_hist_n":0,"flood_depth_max_m":null,"flood_risk_100y":null,"semi_basement_r":null,"elderly_alone_r":0.4923,"bldg_age30_r":null,"shelter_min_walk":185,"pop":1006,"hh":717,"elderly65_r":0.6829,"single_hh_r":0.6681,"source_level":"emd","flood_years":[],"landslide_hist_n":0},"geometry":{"type":"Polygon","coordinates":[[[128.19593,35.42352],[128.19508,35.41969],[128.19927,35.41758],[128.2043,35.41931],[128.20514,35.42315],[128.20096,35.42525],[128.19593,35.42352]]]}},{"type":"Feature","properties":{"h3":"8830c03615fffff","emd_code":"4872041500","emd_name":"궁류면","area_km2":0.539,"edge":true,"slope_mean":28.03,"elev_mean":428.9,"flood_hist_n":0,"flood_depth_max_m":null,"flood_risk_100y":null,"semi_basement_r":null,"elderly_alone_r":0.4923,"bldg_age30_r":null,"shelter_min_walk":188,"pop":1006,"hh":717,"elderly65_r":0.6829,"single_hh_r":0.6681,"source_level":"emd","flood_years":[],"landslide_hist_n":0},"geometry":{"type":"Polygon","coordinates":[[[128.18084,35.41833],[128.18,35.41449],[128.18418,35.41238],[128.18921,35.41412],[128.19005,35.41795],[128.18587,35.42006],[128.18084,35.41833]]]}},{"type":"Feature","properties":{"h3":"8830c03617fffff","emd_code":"4872041500","emd_name":"궁류면","area_km2":0.539,"edge":false,"slope_mean":29.5,"elev_mean":530.0,"flood_hist_n":0,"flood_depth_max_m":null,"flood_risk_100y":null,"semi_basement_r":null,"elderly_alone_r":0.4923,"bldg_age30_r":null,"shelter_min_walk":181,"pop":1006,"hh":717,"elderly65_r":0.6829,"single_hh_r":0.6681,"source_level":"emd","flood_years":[],"landslide_hist_n":0},"geometry":{"type":"Polygon","coordinates":[[[128.19005,35.41795],[128.18921,35.41412],[128.1934,35.41201],[128.19843,35.41374],[128.19927,35.41758],[128.19508,35.41969],[128.19005,35.41795]]]}},{"type":"Feature","properties":{"h3":"8830c0361bfffff","emd_code":"4872041500","emd_name":"궁류면","area_km2":0.5388,"edge":false,"slope_mean":25.17,"elev_mean":427.0,"flood_hist_n":0,"flood_depth_max_m":null,"flood_risk_100y":null,"semi_basement_r":null,"elderly_alone_r":0.4923,"bldg_age30_r":null,"shelter_min_walk":196,"pop":1006,"hh":717,"elderly65_r":0.6829,"single_hh_r":0.6681,"source_level":"emd","flood_years":[],"landslide_hist_n":0},"geometry":{"type":"Polygon","coordinates":[[[128.19259,35.42947],[128.19174,35.42563],[128.19593,35.42352],[128.20096,35.42525],[128.2018,35.42909],[128.19761,35.4312],[128.19259,35.42947]]]}},{"type":"Feature","properties":{"h3":"8830c03627fffff","emd_code":"4872033000","emd_name":"대의면","area_km2":0.5392,"edge":true,"slope_mean":22.53,"elev_mean":258.3,"flood_hist_n":0,"flood_depth_max_m":null,"flood_risk_100y":null,"semi_basement_r":null,"elderly_alone_r":0.4339,"bldg_age30_r":null,"shelter_min_walk":179,"pop":1010,"hh":673,"elderly65_r":0.5376,"single_hh_r":0.6657,"source_level":"emd","flood_years":[],"landslide_hist_n":0},"geometry":{"type":"Polygon","coordinates":[[[128.15735,35.39605],[128.15651,35.39221],[128.1607,35.3901],[128.16572,35.39183],[128.16657,35.39567],[128.16238,35.39778],[128.15735,35.39605]]]}},{"type":"Feature","properties":{"h3":"8830c03633fffff","emd_code":"4872041500","emd_name":"궁류면","area_km2":0.5392,"edge":false,"slope_mean":28.04,"elev_mean":594.1,"flood_hist_n":0,"flood_depth_max_m":null,"flood_risk_100y":null,"semi_basement_r":null,"elderly_alone_r":0.4923,"bldg_age30_r":null,"shelter_min_walk":166,"pop":1006,"hh":717,"elderly65_r":0.6829,"single_hh_r":0.6681,"source_level":"emd","flood_years":[],"landslide_hist_n":0},"geometry":{"type":"Polygon","coordinates":[[[128.18752,35.40644],[128.18668,35.4026],[128.19087,35.40049],[128.19589,35.40222],[128.19674,35.40606],[128.19255,35.40817],[128.18752,35.40644]]]}},{"type":"Feature","properties":{"h3":"8830c03635fffff","emd_code":"4872033000","emd_name":"대의면","area_km2":0.5392,"edge":true,"slope_mean":28.16,"elev_mean":352.4,"flood_hist_n":0,"flood_depth_max_m":null,"flood_risk_100y":null,"semi_basement_r":null,"elderly_alone_r":0.4339,"bldg_age30_r":null,"shelter_min_walk":172,"pop":1010,"hh":673,"elderly65_r":0.5376,"single_hh_r":0.6657,"source_level":"emd","flood_years":[],"landslide_hist_n":0},"geometry":{"type":"Polygon","coordinates":[[[128.17244,35.40124],[128.1716,35.3974],[128.17578,35.3953],[128.18081,35.39703],[128.18165,35.40087],[128.17747,35.40297],[128.17244,35.40124]]]}},{"type":"Feature","properties":{"h3":"8830c03637fffff","emd_code":"4872033000","emd_name":"대의면","area_km2":0.5393,"edge":true,"slope_mean":32.41,"elev_mean":583.1,"flood_hist_n":0,"flood_depth_max_m":null,"flood_risk_100y":null,"semi_basement_r":null,"elderly_alone_r":0.4339,"bldg_age30_r":null,"shelter_min_walk":164,"pop":1010,"hh":673,"elderly65_r":0.5376,"single_hh_r":0.6657,"source_level":"emd","flood_years":[],"landslide_hist_n":0},"geometry":{"type":"Polygon","coordinates":[[[128.18165,35.40087],[128.18081,35.39703],[128.18499,35.39492],[128.19002,35.39665],[128.19087,35.40049],[128.18668,35.4026],[128.18165,35.40087]]]}},{"type":"Feature","properties":{"h3":"8830c0363bfffff","emd_code":"4872041500","emd_name":"궁류면","area_km2":0.5391,"edge":true,"slope_mean":30.16,"elev_mean":561.8,"flood_hist_n":0,"flood_depth_max_m":null,"flood_risk_100y":null,"semi_basement_r":null,"elderly_alone_r":0.4923,"bldg_age30_r":null,"shelter_min_walk":177,"pop":1006,"hh":717,"elderly65_r":0.6829,"single_hh_r":0.6681,"source_level":"emd","flood_years":[],"landslide_hist_n":0},"geometry":{"type":"Polygon","coordinates":[[[128.18418,35.41238],[128.18334,35.40855],[128.18752,35.40644],[128.19255,35.40817],[128.1934,35.41201],[128.18921,35.41412],[128.18418,35.41238]]]}},{"type":"Feature","properties":{"h3":"8830c03681fffff","emd_code":"4872041500","emd_name":"궁류면","area_km2":0.5392,"edge":false,"slope_mean":24.66,"elev_mean":284.3,"flood_hist_n":0,"flood_depth_max_m":null,"flood_risk_100y":null,"semi_basement_r":null,"elderly_alone_r":0.4923,"bldg_age30_r":null,"shelter_min_walk":159,"pop":1006,"hh":717,"elderly65_r":0.6829,"single_hh_r":0.6681,"source_level":"emd","flood_years":[],"landslide_hist_n":0},"geometry":{"type":"Polygon","coordinates":[[[128.22691,35.41644],[128.22607,35.41261],[128.23026,35.4105],[128.23529,35.41223],[128.23613,35.41607],[128.23194,35.41817],[128.22691,35.41644]]]}},{"type":"Feature","properties":{"h3":"8830c03683fffff","emd_code":"4872041500","emd_name":"궁류면","area_km2":0.5393,"edge":false,"slope_mean":24.54,"elev_mean":285.1,"flood_hist_n":0,"flood_depth_max_m":null,"flood_risk_100y":null,"semi_basement_r":null,"elderly_alone_r":0.4923,"bldg_age30_r":null,"shelter_min_walk":155,"pop":1006,"hh":717,"elderly65_r":0.6829,"single_hh_r":0.6681,"source_level":"emd","flood_years":[],"landslide_hist_n":0},"geometry":{"type":"Polygon","coordinates":[[[128.23613,35.41607],[128.23529,35.41223],[128.23947,35.41012],[128.2445,35.41185],[128.24535,35.41569],[128.24116,35.41779],[128.23613,35.41607]]]}},{"type":"Feature","properties":{"h3":"8830c03685fffff","emd_code":"4872041500","emd_name":"궁류면","area_km2":0.5393,"edge":false,"slope_mean":27.58,"elev_mean":366.5,"flood_hist_n":0,"flood_depth_max_m":null,"flood_risk_100y":null,"semi_basement_r":null,"elderly_alone_r":0.4923,"bldg_age30_r":null,"shelter_min_walk":152,"pop":1006,"hh":717,"elderly65_r":0.6829,"single_hh_r":0.6681,"source_level":"emd","flood_years":[],"landslide_hist_n":0},"geometry":{"type":"Polygon","coordinates":[[[128.22104,35.41088],[128.2202,35.40704],[128.22438,35.40493],[128.22941,35.40666],[128.23026,35.4105],[128.22607,35.41261],[128.22104,35.41088]]]}},{"type":"Feature","properties":{"h3":"8830c03687fffff","emd_code":"4872041500","emd_name":"궁류면","area_km2":0.5393,"edge":false,"slope_mean":27.27,"elev_mean":383.0,"flood_hist_n":0,"flood_depth_max_m":null,"flood_risk_100y":null,"semi_basement_r":null,"elderly_alone_r":0.4923,"bldg_age30_r":null,"shelter_min_walk":148,"pop":1006,"hh":717,"elderly65_r":0.6829,"single_hh_r":0.6681,"source_level":"emd","flood_years":[],"landslide_hist_n":0},"geometry":{"type":"Polygon","coordinates":[[[128.23026,35.4105],[128.22941,35.40666],[128.2336,35.40455],[128.23863,35.40628],[128.23947,35.41012],[128.23529,35.41223],[128.23026,35.4105]]]}},{"type":"Feature","properties":{"h3":"8830c03689fffff","emd_code":"4872041500","emd_name":"궁류면","area_km2":0.5391,"edge":false,"slope_mean":23.6,"elev_mean":311.2,"flood_hist_n":0,"flood_depth_max_m":null,"flood_risk_100y":null,"semi_basement_r":null,"elderly_alone_r":0.4923,"bldg_age30_r":null,"shelter_min_walk":170,"pop":1006,"hh":717,"elderly65_r":0.6829,"single_hh_r":0.6681,"source_level":"emd","flood_years":[],"landslide_hist_n":0},"geometry":{"type":"Polygon","coordinates":[[[128.22357,35.42239],[128.22273,35.41855],[128.22691,35.41644],[128.23194,35.41817],[128.23279,35.42201],[128.2286,35.42412],[128.22357,35.42239]]]}},{"type":"Feature","properties":{"h3":"8830c0368bfffff","emd_code":"4872041500","emd_name":"궁류면","area_km2":0.5392,"edge":false,"slope_mean":20.63,"elev_mean":207.0,"flood_hist_n":0,"flood_depth_max_m":null,"flood_risk_100y":null,"semi_basement_r":null,"elderly_alone_r":0.4923,"bldg_age30_r":null,"shelter_min_walk":166,"pop":1006,"hh":717,"elderly65_r":0.6829,"single_hh_r":0.6681,"source_level":"emd","flood_years":[],"landslide_hist_n":0},"geometry":{"type":"Polygon","coordinates":[[[128.23279,35.42201],[128.23194,35.41817],[128.23613,35.41607],[128.24116,35.41779],[128.24201,35.42163],[128.23782,35.42374],[128.23279,35.42201]]]}},{"type":"Feature","properties":{"h3":"8830c0368dfffff","emd_code":"4872041500","emd_name":"궁류면","area_km2":0.5392,"edge":false,"slope_mean":25.95,"elev_mean":363.2,"flood_hist_n":0,"flood_depth_max_m":null,"flood_risk_100y":null,"semi_basement_r":null,"elderly_alone_r":0.4923,"bldg_age30_r":null,"shelter_min_walk":163,"pop":1006,"hh":717,"elderly65_r":0.6829,"single_hh_r":0.6681,"source_level":"emd","flood_years":[],"landslide_hist_n":0},"geometry":{"type":"Polygon","coordinates":[[[128.2177,35.41682],[128.21686,35.41298],[128.22104,35.41088],[128.22607,35.41261],[128.22691,35.41644],[128.22273,35.41855],[128.2177,35.41682]]]}},{"type":"Feature","properties":{"h3":"8830c03691fffff","emd_code":"4872042000","emd_name":"유곡면","area_km2":0.5393,"edge":false,"slope_mean":26.11,"elev_mean":264.1,"flood_hist_n":0,"flood_depth_max_m":null,"flood_risk_100y":null,"semi_basement_r":null,"elderly_alone_r":0.4383,"bldg_age30_r":null,"shelter_min_walk":162,"pop":1075,"hh":737,"elderly65_r":0.6037,"single_hh_r":0.6472,"source_level":"emd","flood_years":[],"landslide_hist_n":0},"geometry":{"type":"Polygon","coordinates":[[[128.25122,35.42125],[128.25038,35.41741],[128.25457,35.4153],[128.2596,35.41703],[128.26044,35.42087],[128.25625,35.42298],[128.25122,35.42125]]]}},{"type":"Feature","properties":{"h3":"8830c03693fffff","emd_code":"4872042000","emd_name":"유곡면","area_km2":0.5393,"edge":false,"slope_mean":23.54,"elev_mean":221.7,"flood_hist_n":0,"flood_depth_max_m":null,"flood_risk_100y":null,"semi_basement_r":null,"elderly_alone_r":0.4383,"bldg_age30_r":null,"shelter_min_walk":161,"pop":1075,"hh":737,"elderly65_r":0.6037,"single_hh_r":0.6472,"source_level":"emd","flood_years":[],"landslide_hist_n":0},"geometry":{"type":"Polygon","coordinates":[[[128.26044,35.42087],[128.2596,35.41703],[128.26378,35.41492],[128.26881,35.41665],[128.26966,35.42049],[128.26547,35.4226],[128.26044,35.42087]]]}},{"type":"Feature","properties":{"h3":"8830c03695fffff","emd_code":"4872042000","emd_name":"유곡면","area_km2":0.5393,"edge":false,"slope_mean":24.39,"elev_mean":256.3,"flood_hist_n":0,"flood_depth_max_m":null,"flood_risk_100y":null,"semi_basement_r":null,"elderly_alone_r":0.4383,"bldg_age30_r":null,"shelter_min_walk":153,"pop":1075,"hh":737,"elderly65_r":0.6037,"single_hh_r":0.6472,"source_level":"emd","flood_years":[],"landslide_hist_n":0},"geometry":{"type":"Polygon","coordinates":[[[128.24535,35.41569],[128.2445,35.41185],[128.24869,35.40974],[128.25372,35.41147],[128.25457,35.4153],[128.25038,35.41741],[128.24535,35.41569]]]}},{"type":"Feature","properties":{"h3":"8830c03697fffff","emd_code":"4872042000","emd_name":"유곡면","area_km2":0.5394,"edge":false,"slope_mean":23.36,"elev_mean":196.1,"flood_hist_n":0,"flood_depth_max_m":null,"flood_risk_100y":null,"semi_basement_r":null,"elderly_alone_r":0.4383,"bldg_age30_r":null,"shelter_min_walk":152,"pop":1075,"hh":737,"elderly65_r":0.6037,"single_hh_r":0.6472,"source_level":"emd","flood_years":[],"landslide_hist_n":0},"geometry":{"type":"Polygon","coordinates":[[[128.25457,35.4153],[128.25372,35.41147],[128.25791,35.40936],[128.26294,35.41108],[128.26378,35.41492],[128.2596,35.41703],[128.25457,35.4153]]]}},{"type":"Feature","properties":{"h3":"8830c03699fffff","emd_code":"4872041500","emd_name":"궁류면","area_km2":0.5391,"edge":false,"slope_mean":25.53,"elev_mean":254.0,"flood_hist_n":0,"flood_depth_max_m":null,"flood_risk_100y":null,"semi_basement_r":null,"elderly_alone_r":0.4923,"bldg_age30_r":null,"shelter_min_walk":172,"pop":1006,"hh":717,"elderly65_r":0.6829,"single_hh_r":0.6681,"source_level":"emd","flood_years":[],"landslide_hist_n":0},"geometry":{"type":"Polygon","coordinates":[[[128.24788,35.4272],[128.24704,35.42336],[128.25122,35.42125],[128.25625,35.42298],[128.2571,35.42682],[128.25291,35.42893],[128.24788,35.4272]]]}},{"type":"Feature","properties":{"h3":"8830c0369bfffff","emd_code":"4872041500","emd_name":"궁류면","area_km2":0.5392,"edge":false,"slope_mean":26.39,"elev_mean":292.8,"flood_hist_n":0,"flood_depth_max_m":null,"flood_risk_100y":null,"semi_basement_r":null,"elderly_alone_r":0.4923,"bldg_age30_r":null,"shelter_min_walk":171,"pop":1006,"hh":717,"elderly65_r":0.6829,"single_hh_r":0.6681,"source_level":"emd","flood_years":[],"landslide_hist_n":0},"geometry":{"type":"Polygon","coordinates":[[[128.2571,35.42682],[128.25625,35.42298],[128.26044,35.42087],[128.26547,35.4226],[128.26632,35.42644],[128.26213,35.42855],[128.2571,35.42682]]]}},{"type":"Feature","properties":{"h3":"8830c0369dfffff","emd_code":"4872041500","emd_name":"궁류면","area_km2":0.5392,"edge":false,"slope_mean":24.54,"elev_mean":260.1,"flood_hist_n":0,"flood_depth_max_m":null,"flood_risk_100y":null,"semi_basement_r":null,"elderly_alone_r":0.4923,"bldg_age30_r":null,"shelter_min_walk":163,"pop":1006,"hh":717,"elderly65_r":0.6829,"single_hh_r":0.6681,"source_level":"emd","flood_years":[],"landslide_hist_n":0},"geometry":{"type":"Polygon","coordinates":[[[128.24201,35.42163],[128.24116,35.41779],[128.24535,35.41569],[128.25038,35.41741],[128.25122,35.42125],[128.24704,35.42336],[128.24201,35.42163]]]}},{"type":"Feature","properties":{"h3":"8830c036a1fffff","emd_code":"4872031000","emd_name":"가례면","area_km2":0.5395,"edge":false,"slope_mean":23.87,"elev_mean":365.6,"flood_hist_n":0,"flood_depth_max_m":null,"flood_risk_100y":null,"semi_basement_r":null,"elderly_alone_r":0.3877,"bldg_age30_r":null,"shelter_min_walk":136,"pop":1544,"hh":877,"elderly65_r":0.5447,"single_hh_r":0.5998,"source_level":"emd","flood_years":[],"landslide_hist_n":0},"geometry":{"type":"Polygon","coordinates":[[[128.21851,35.39936],[128.21767,35.39552],[128.22185,35.39341],[128.22688,35.39514],[128.22772,35.39898],[128.22354,35.40109],[128.21851,35.39936]]]}},{"type":"Feature","properties":{"h3":"8830c036a3fffff","emd_code":"4872031000","emd_name":"가례면","area_km2":0.5395,"edge":false,"slope_mean":24.95,"elev_mean":359.6,"flood_hist_n":0,"flood_depth_max_m":null,"flood_risk_100y":null,"semi_basement_r":null,"elderly_alone_r":0.3877,"bldg_age30_r":null,"shelter_min_walk":131,"pop":1544,"hh":877,"elderly65_r":0.5447,"single_hh_r":0.5998,"source_level":"emd","flood_years":[],"landslide_hist_n":0},"geometry":{"type":"Polygon","coordinates":[[[128.22772,35.39898],[128.22688,35.39514],[128.23107,35.39303],[128.2361,35.39476],[128.23694,35.3986],[128.23275,35.40071],[128.22772,35.39898]]]}},{"type":"Feature","properties":{"h3":"8830c036a5fffff","emd_code":"4872031000","emd_name":"가례면","area_km2":0.5395,"edge":false,"slope_mean":14.7,"elev_mean":253.2,"flood_hist_n":0,"flood_depth_max_m":null,"flood_risk_100y":null,"semi_basement_r":null,"elderly_alone_r":0.3877,"bldg_age30_r":null,"shelter_min_walk":131,"pop":1544,"hh":877,"elderly65_r":0.5447,"single_hh_r":0.5998,"source_level":"emd","flood_years":[],"landslide_hist_n":0},"geometry":{"type":"Polygon","coordinates":[[[128.21264,35.39379],[128.21179,35.38995],[128.21598,35.38784],[128.22101,35.38957],[128.22185,35.39341],[128.21767,35.39552],[128.21264,35.39379]]]}},{"type":"Feature","properties":{"h3":"8830c036a7fffff","emd_code":"4872031000","emd_name":"가례면","area_km2":0.5396,"edge":false,"slope_mean":8.63,"elev_mean":187.3,"flood_hist_n":0,"flood_depth_max_m":null,"flood_risk_100y":null,"semi_basement_r":null,"elderly_alone_r":0.3877,"bldg_age30_r":null,"shelter_min_walk":125,"pop":1544,"hh":877,"elderly65_r":0.5447,"single_hh_r":0.5998,"source_level":"emd","flood_years":[],"landslide_hist_n":0},"geometry":{"type":"Polygon","coordinates":[[[128.22185,35.39341],[128.22101,35.38957],[128.22519,35.38746],[128.23022,35.38919],[128.23107,35.39303],[128.22688,35.39514],[128.22185,35.39341]]]}},{"type":"Feature","properties":{"h3":"8830c036a9fffff","emd_code":"4872041500","emd_name":"궁류면","area_km2":0.5394,"edge":false,"slope_mean":27.93,"elev_mean":452.8,"flood_hist_n":0,"flood_depth_max_m":null,"flood_risk_100y":null,"semi_basement_r":null,"elderly_alone_r":0.4923,"bldg_age30_r":null,"shelter_min_walk":147,"pop":1006,"hh":717,"elderly65_r":0.6829,"single_hh_r":0.6681,"source_level":"emd","flood_years":[],"landslide_hist_n":0},"geometry":{"type":"Polygon","coordinates":[[[128.21517,35.40531],[128.21432,35.40147],[128.21851,35.39936],[128.22354,35.40109],[128.22438,35.40493],[128.2202,35.40704],[128.21517,35.40531]]]}},{"type":"Feature","properties":{"h3":"8830c036abfffff","emd_code":"4872031000","emd_name":"가례면","area_km2":0.5394,"edge":false,"slope_mean":27.95,"elev_mean":493.2,"flood_hist_n":0,"flood_depth_max_m":null,"flood_risk_100y":null,"semi_basement_r":null,"elderly_alone_r":0.3877,"bldg_age30_r":null,"shelter_min_walk":142,"pop":1544,"hh":877,"elderly65_r":0.5447,"single_hh_r":0.5998,"source_level":"emd","flood_years":[],"landslide_hist_n":0},"geometry":{"type":"Polygon","coordinates":[[[128.22438,35.40493],[128.22354,35.40109],[128.22772,35.39898],[128.23275,35.40071],[128.2336,35.40455],[128.22941,35.40666],[128.22438,35.40493]]]}},{"type":"Feature","properties":{"h3":"8830c036adfffff","emd_code":"4872031000","emd_name":"가례면","area_km2":0.5394,"edge":false,"slope_mean":29.87,"elev_mean":515.9,"flood_hist_n":0,"flood_depth_max_m":null,"flood_risk_100y":null,"semi_basement_r":null,"elderly_alone_r":0.3877,"bldg_age30_r":null,"shelter_min_walk":142,"pop":1544,"hh":877,"elderly65_r":0.5447,"single_hh_r":0.5998,"source_level":"emd","flood_years":[],"landslide_hist_n":0},"geometry":{"type":"Polygon","coordinates":[[[128.20929,35.39974],[128.20845,35.3959],[128.21264,35.39379],[128.21767,35.39552],[128.21851,35.39936],[128.21432,35.40147],[128.20929,35.39974]]]}},{"type":"Feature","properties":{"h3":"8830c036b1fffff","emd_code":"4872042000","emd_name":"유곡면","area_km2":0.5395,"edge":false,"slope_mean":24.47,"elev_mean":271.7,"flood_hist_n":0,"flood_depth_max_m":null,"flood_risk_100y":null,"semi_basement_r":null,"elderly_alone_r":0.4383,"bldg_age30_r":null,"shelter_min_walk":135,"pop":1075,"hh":737,"elderly65_r":0.6037,"single_hh_r":0.6472,"source_level":"emd","flood_years":[],"landslide_hist_n":0},"geometry":{"type":"Polygon","coordinates":[[[128.24282,35.40417],[128.24197,35.40033],[128.24616,35.39822],[128.25119,35.39995],[128.25203,35.40379],[128.24785,35.4059],[128.24282,35.40417]]]}},{"type":"Feature","properties":{"h3":"8830c036b3fffff","emd_code":"4872042000","emd_name":"유곡면","area_km2":0.5396,"edge":false,"slope_mean":20.3,"elev_mean":204.6,"flood_hist_n":0,"flood_depth_max_m":null,"flood_risk_100y":null,"semi_basement_r":null,"elderly_alone_r":0.4383,"bldg_age30_r":null,"shelter_min_walk":133,"pop":1075,"hh":737,"elderly65_r":0.6037,"single_hh_r":0.6472,"source_level":"emd","flood_years":[],"landslide_hist_n":0},"geometry":{"type":"Polygon","coordinates":[[[128.25203,35.40379],[128.25119,35.39995],[128.25537,35.39784],[128.2604,35.39957],[128.26125,35.40341],[128.25706,35.40552],[128.25203,35.40379]]]}},{"type":"Feature","properties":{"h3":"8830c036b5fffff","emd_code":"4872042000","emd_name":"유곡면","area_km2":0.5396,"edge":false,"slope_mean":27.62,"elev_mean":416.7,"flood_hist_n":0,"flood_depth_max_m":null,"flood_risk_100y":null,"semi_basement_r":null,"elderly_alone_r":0.4383,"bldg_age30_r":null,"shelter_min_walk":127,"pop":1075,"hh":737,"elderly65_r":0.6037,"single_hh_r":0.6472,"source_level":"emd","flood_years":[],"landslide_hist_n":0},"geometry":{"type":"Polygon","coordinates":[[[128.23694,35.3986],[128.2361,35.39476],[128.24028,35.39265],[128.24531,35.39438],[128.24616,35.39822],[128.24197,35.40033],[128.23694,35.3986]]]}},{"type":"Feature","properties":{"h3":"8830c036b7fffff","emd_code":"4872042000","emd_name":"유곡면","area_km2":0.5396,"edge":false,"slope_mean":25.49,"elev_mean":333.2,"flood_hist_n":0,"flood_depth_max_m":null,"flood_risk_100y":null,"semi_basement_r":null,"elderly_alone_r":0.4383,"bldg_age30_r":null,"shelter_min_walk":124,"pop":1075,"hh":737,"elderly65_r":0.6037,"single_hh_r":0.6472,"source_level":"emd","flood_years":[],"landslide_hist_n":0},"geometry":{"type":"Polygon","coordinates":[[[128.24616,35.39822],[128.24531,35.39438],[128.2495,35.39227],[128.25453,35.394],[128.25537,35.39784],[128.25119,35.39995],[128.24616,35.39822]]]}},{"type":"Feature","properties":{"h3":"8830c036b9fffff","emd_code":"4872042000","emd_name":"유곡면","area_km2":0.5394,"edge":false,"slope_mean":26.1,"elev_mean":350.0,"flood_hist_n":0,"flood_depth_max_m":null,"flood_risk_100y":null,"semi_basement_r":null,"elderly_alone_r":0.4383,"bldg_age30_r":null,"shelter_min_walk":145,"pop":1075,"hh":737,"elderly65_r":0.6037,"single_hh_r":0.6472,"source_level":"emd","flood_years":[],"landslide_hist_n":0},"geometry":{"type":"Polygon","coordinates":[[[128.23947,35.41012],[128.23863,35.40628],[128.24282,35.40417],[128.24785,35.4059],[128.24869,35.40974],[128.2445,35.41185],[128.23947,35.41012]]]}},{"type":"Feature","properties":{"h3":"8830c036bbfffff","emd_code":"4872042000","emd_name":"유곡면","area_km2":0.5394,"edge":false,"slope_mean":25.61,"elev_mean":265.1,"flood_hist_n":0,"flood_depth_max_m":null,"flood_risk_100y":null,"semi_basement_r":null,"elderly_alone_r":0.4383,"bldg_age30_r":null,"shelter_min_walk":143,"pop":1075,"hh":737,"elderly65_r":0.6037,"single_hh_r":0.6472,"source_level":"emd","flood_years":[],"landslide_hist_n":0},"geometry":{"type":"Polygon","coordinates":[[[128.24869,35.40974],[128.24785,35.4059],[128.25203,35.40379],[128.25706,35.40552],[128.25791,35.40936],[128.25372,35.41147],[128.24869,35.40974]]]}},{"type":"Feature","properties":{"h3":"8830c036bdfffff","emd_code":"4872042000","emd_name":"유곡면","area_km2":0.5395,"edge":false,"slope_mean":27.8,"elev_mean":433.5,"flood_hist_n":0,"flood_depth_max_m":null,"flood_risk_100y":null,"semi_basement_r":null,"elderly_alone_r":0.4383,"bldg_age30_r":null,"shelter_min_walk":138,"pop":1075,"hh":737,"elderly65_r":0.6037,"single_hh_r":0.6472,"source_level":"emd","flood_years":[],"landslide_hist_n":0},"geometry":{"type":"Polygon","coordinates":[[[128.2336,35.40455],[128.23275,35.40071],[128.23694,35.3986],[128.24197,35.40033],[128.24282,35.40417],[128.23863,35.40628],[128.2336,35.40455]]]}},{"type":"Feature","properties":{"h3":"8830c036c1fffff","emd_code":"4872041500","emd_name":"궁류면","area_km2":0.5389,"edge":false,"slope_mean":25.45,"elev_mean":298.5,"flood_hist_n":0,"flood_depth_max_m":null,"flood_risk_100y":null,"semi_basement_r":null,"elderly_alone_r":0.4923,"bldg_age30_r":null,"shelter_min_walk":185,"pop":1006,"hh":717,"elderly65_r":0.6829,"single_hh_r":0.6681,"source_level":"emd","flood_years":[],"landslide_hist_n":0},"geometry":{"type":"Polygon","coordinates":[[[128.21102,35.42871],[128.21017,35.42488],[128.21436,35.42277],[128.21939,35.4245],[128.22023,35.42834],[128.21604,35.43044],[128.21102,35.42871]]]}},{"type":"Feature","properties":{"h3":"8830c036c3fffff","emd_code":"4872041500","emd_name":"궁류면","area_km2":0.539,"edge":false,"slope_mean":24.38,"elev_mean":362.0,"flood_hist_n":0,"flood_depth_max_m":null,"flood_risk_100y":null,"semi_basement_r":null,"elderly_alone_r":0.4923,"bldg_age30_r":null,"shelter_min_walk":180,"pop":1006,"hh":717,"elderly65_r":0.6829,"single_hh_r":0.6681,"source_level":"emd","flood_years":[],"landslide_hist_n":0},"geometry":{"type":"Polygon","coordinates":[[[128.22023,35.42834],[128.21939,35.4245],[128.22357,35.42239],[128.2286,35.42412],[128.22945,35.42796],[128.22526,35.43007],[128.22023,35.42834]]]}},{"type":"Feature","properties":{"h3":"8830c036c5fffff","emd_code":"4872041500","emd_name":"궁류면","area_km2":0.539,"edge":false,"slope_mean":29.28,"elev_mean":366.8,"flood_hist_n":0,"flood_depth_max_m":null,"flood_risk_100y":null,"semi_basement_r":null,"elderly_alone_r":0.4923,"bldg_age30_r":null,"shelter_min_walk":179,"pop":1006,"hh":717,"elderly65_r":0.6829,"single_hh_r":0.6681,"source_level":"emd","flood_years":[],"landslide_hist_n":0},"geometry":{"type":"Polygon","coordinates":[[[128.20514,35.42315],[128.2043,35.41931],[128.20848,35.4172],[128.21351,35.41893],[128.21436,35.42277],[128.21017,35.42488],[128.20514,35.42315]]]}},{"type":"Feature","properties":{"h3":"8830c036c7fffff","emd_code":"4872041500","emd_name":"궁류면","area_km2":0.5391,"edge":false,"slope_mean":25.42,"elev_mean":419.4,"flood_hist_n":0,"flood_depth_max_m":null,"flood_risk_100y":null,"semi_basement_r":null,"elderly_alone_r":0.4923,"bldg_age30_r":null,"shelter_min_walk":174,"pop":1006,"hh":717,"elderly65_r":0.6829,"single_hh_r":0.6681,"source_level":"emd","flood_years":[],"landslide_hist_n":0},"geometry":{"type":"Polygon","coordinates":[[[128.21436,35.42277],[128.21351,35.41893],[128.2177,35.41682],[128.22273,35.41855],[128.22357,35.42239],[128.21939,35.4245],[128.21436,35.42277]]]}},{"type":"Feature","properties":{"h3":"8830c036c9fffff","emd_code":"4872041500","emd_name":"궁류면","area_km2":0.5388,"edge":false,"slope_mean":26.19,"elev_mean":320.7,"flood_hist_n":0,"flood_depth_max_m":null,"flood_risk_100y":null,"semi_basement_r":null,"elderly_alone_r":0.4923,"bldg_age30_r":null,"shelter_min_walk":196,"pop":1006,"hh":717,"elderly65_r":0.6829,"single_hh_r":0.6681,"source_level":"emd","flood_years":[],"landslide_hist_n":0},"geometry":{"type":"Polygon","coordinates":[[[128.20767,35.43466],[128.20683,35.43082],[128.21102,35.42871],[128.21604,35.43044],[128.21689,35.43428],[128.2127,35.43639],[128.20767,35.43466]]]}},{"type":"Feature","properties":{"h3":"8830c036cbfffff","emd_code":"4872041500","emd_name":"궁류면","area_km2":0.5389,"edge":false,"slope_mean":24.91,"elev_mean":258.3,"flood_hist_n":0,"flood_depth_max_m":null,"flood_risk_100y":null,"semi_basement_r":null,"elderly_alone_r":0.4923,"bldg_age30_r":null,"shelter_min_walk":191,"pop":1006,"hh":717,"elderly65_r":0.6829,"single_hh_r":0.6681,"source_level":"emd","flood_years":[],"landslide_hist_n":0},"geometry":{"type":"Polygon","coordinates":[[[128.21689,35.43428],[128.21604,35.43044],[128.22023,35.42834],[128.22526,35.43007],[128.2261,35.4339],[128.22192,35.43601],[128.21689,35.43428]]]}},{"type":"Feature","properties":{"h3":"8830c036cdfffff","emd_code":"4872041500","emd_name":"궁류면","area_km2":0.5389,"edge":false,"slope_mean":26.95,"elev_mean":308.4,"flood_hist_n":0,"flood_depth_max_m":null,"flood_risk_100y":null,"semi_basement_r":null,"elderly_alone_r":0.4923,"bldg_age30_r":null,"shelter_min_walk":190,"pop":1006,"hh":717,"elderly65_r":0.6829,"single_hh_r":0.6681,"source_level":"emd","flood_years":[],"landslide_hist_n":0},"geometry":{"type":"Polygon","coordinates":[[[128.2018,35.42909],[128.20096,35.42525],[128.20514,35.42315],[128.21017,35.42488],[128.21102,35.42871],[128.20683,35.43082],[128.2018,35.42909]]]}},{"type":"Feature","properties":{"h3":"8830c036d1fffff","emd_code":"4872041500","emd_name":"궁류면","area_km2":0.539,"edge":false,"slope_mean":23.46,"elev_mean":237.9,"flood_hist_n":0,"flood_depth_max_m":null,"flood_risk_100y":null,"semi_basement_r":null,"elderly_alone_r":0.4923,"bldg_age30_r":null,"shelter_min_walk":184,"pop":1006,"hh":717,"elderly65_r":0.6829,"single_hh_r":0.6681,"source_level":"emd","flood_years":[],"landslide_hist_n":0},"geometry":{"type":"Polygon","coordinates":[[[128.23532,35.43353],[128.23448,35.42969],[128.23866,35.42758],[128.24369,35.42931],[128.24454,35.43315],[128.24035,35.43525],[128.23532,35.43353]]]}},{"type":"Feature","properties":{"h3":"8830c036d3fffff","emd_code":"4872041500","emd_name":"궁류면","area_km2":0.539,"edge":false,"slope_mean":21.38,"elev_mean":193.0,"flood_hist_n":0,"flood_depth_max_m":null,"flood_risk_100y":null,"semi_basement_r":null,"elderly_alone_r":0.4923,"bldg_age30_r":null,"shelter_min_walk":182,"pop":1006,"hh":717,"elderly65_r":0.6829,"single_hh_r":0.6681,"source_level":"emd","flood_years":[],"landslide_hist_n":0},"geometry":{"type":"Polygon","coordinates":[[[128.24454,35.43315],[128.24369,35.42931],[128.24788,35.4272],[128.25291,35.42893],[128.25376,35.43277],[128.24957,35.43487],[128.24454,35.43315]]]}},{"type":"Feature","properties":{"h3":"8830c036d5fffff","emd_code":"4872041500","emd_name":"궁류면","area_km2":0.539,"edge":false,"slope_mean":25.95,"elev_mean":295.7,"flood_hist_n":0,"flood_depth_max_m":null,"flood_risk_100y":null,"semi_basement_r":null,"elderly_alone_r":0.4923,"bldg_age30_r":null,"shelter_min_walk":177,"pop":1006,"hh":717,"elderly65_r":0.6829,"single_hh_r":0.6681,"source_level":"emd","flood_years":[],"landslide_hist_n":0},"geometry":{"type":"Polygon","coordinates":[[[128.22945,35.42796],[128.2286,35.42412],[128.23279,35.42201],[128.23782,35.42374],[128.23866,35.42758],[128.23448,35.42969],[128.22945,35.42796]]]}},{"type":"Feature","properties":{"h3":"8830c036d7fffff","emd_code":"4872041500","emd_name":"궁류면","area_km2":0.5391,"edge":false,"slope_mean":17.18,"elev_mean":172.5,"flood_hist_n":0,"flood_depth_max_m":null,"flood_risk_100y":null,"semi_basement_r":null,"elderly_alone_r":0.4923,"bldg_age30_r":null,"shelter_min_walk":174,"pop":1006,"hh":717,"elderly65_r":0.6829,"single_hh_r":0.6681,"source_level":"emd","flood_years":[],"landslide_hist_n":0},"geometry":{"type":"Polygon","coordinates":[[[128.23866,35.42758],[128.23782,35.42374],[128.24201,35.42163],[128.24704,35.42336],[128.24788,35.4272],[128.24369,35.42931],[128.23866,35.42758]]]}},{"type":"Feature","properties":{"h3":"8830c036d9fffff","emd_code":"4872041500","emd_name":"궁류면","area_km2":0.5389,"edge":false,"slope_mean":18.59,"elev_mean":175.0,"flood_hist_n":0,"flood_depth_max_m":null,"flood_risk_100y":null,"semi_basement_r":null,"elderly_alone_r":0.4923,"bldg_age30_r":null,"shelter_min_walk":195,"pop":1006,"hh":717,"elderly65_r":0.6829,"single_hh_r":0.6681,"source_level":"emd","flood_years":[],"landslide_hist_n":0},"geometry":{"type":"Polygon","coordinates":[[[128.23198,35.43947],[128.23114,35.43563],[128.23532,35.43353],[128.24035,35.43525],[128.2412,35.43909],[128.23701,35.4412],[128.23198,35.43947]]]}},{"type":"Feature","properties":{"h3":"8830c036dbfffff","emd_code":"4872041500","emd_name":"궁류면","area_km2":0.5389,"edge":false,"slope_mean":21.5,"elev_mean":169.4,"flood_hist_n":0,"flood_depth_max_m":null,"flood_risk_100y":null,"semi_basement_r":null,"elderly_alone_r":0.4923,"bldg_age30_r":null,"shelter_min_walk":192,"pop":1006,"hh":717,"elderly65_r":0.6829,"single_hh_r":0.6681,"source_level":"emd","flood_years":[],"landslide_hist_n":0},"geometry":{"type":"Polygon","coordinates":[[[128.2412,35.43909],[128.24035,35.43525],[128.24454,35.43315],[128.24957,35.43487],[128.25041,35.43871],[128.24623,35.44082],[128.2412,35.43909]]]}},{"type":"Feature","properties":{"h3":"8830c036ddfffff","emd_code":"4872041500","emd_name":"궁류면","area_km2":0.5389,"edge":false,"slope_mean":21.83,"elev_mean":212.7,"flood_hist_n":0,"flood_depth_max_m":null,"flood_risk_100y":null,"semi_basement_r":null,"elderly_alone_r":0.4923,"bldg_age30_r":null,"shelter_min_walk":187,"pop":1006,"hh":717,"elderly65_r":0.6829,"single_hh_r":0.6681,"source_level":"emd","flood_years":[],"landslide_hist_n":0},"geometry":{"type":"Polygon","coordinates":[[[128.2261,35.4339],[128.22526,35.43007],[128.22945,35.42796],[128.23448,35.42969],[128.23532,35.43353],[128.23114,35.43563],[128.2261,35.4339]]]}},{"type":"Feature","properties":{"h3":"8830c036e1fffff","emd_code":"4872041500","emd_name":"궁류면","area_km2":0.5392,"edge":false,"slope_mean":28.21,"elev_mean":547.6,"flood_hist_n":0,"flood_depth_max_m":null,"flood_risk_100y":null,"semi_basement_r":null,"elderly_alone_r":0.4923,"bldg_age30_r":null,"shelter_min_walk":163,"pop":1006,"hh":717,"elderly65_r":0.6829,"single_hh_r":0.6681,"source_level":"emd","flood_years":[],"landslide_hist_n":0},"geometry":{"type":"Polygon","coordinates":[[[128.20261,35.41163],[128.20177,35.40779],[128.20595,35.40568],[128.21098,35.40742],[128.21183,35.41125],[128.20764,35.41336],[128.20261,35.41163]]]}},{"type":"Feature","properties":{"h3":"8830c036e3fffff","emd_code":"4872041500","emd_name":"궁류면","area_km2":0.5392,"edge":false,"slope_mean":27.68,"elev_mean":457.0,"flood_hist_n":0,"flood_depth_max_m":null,"flood_risk_100y":null,"semi_basement_r":null,"elderly_alone_r":0.4923,"bldg_age30_r":null,"shelter_min_walk":157,"pop":1006,"hh":717,"elderly65_r":0.6829,"single_hh_r":0.6681,"source_level":"emd","flood_years":[],"landslide_hist_n":0},"geometry":{"type":"Polygon","coordinates":[[[128.21183,35.41125],[128.21098,35.40742],[128.21517,35.40531],[128.2202,35.40704],[128.22104,35.41088],[128.21686,35.41298],[128.21183,35.41125]]]}},{"type":"Feature","properties":{"h3":"8830c036e5fffff","emd_code":"4872041500","emd_name":"궁류면","area_km2":0.5393,"edge":false,"slope_mean":27.85,"elev_mean":558.3,"flood_hist_n":0,"flood_depth_max_m":null,"flood_risk_100y":null,"semi_basement_r":null,"elderly_alone_r":0.4923,"bldg_age30_r":null,"shelter_min_walk":159,"pop":1006,"hh":717,"elderly65_r":0.6829,"single_hh_r":0.6681,"source_level":"emd","flood_years":[],"landslide_hist_n":0},"geometry":{"type":"Polygon","coordinates":[[[128.19674,35.40606],[128.19589,35.40222],[128.20008,35.40011],[128.20511,35.40184],[128.20595,35.40568],[128.20177,35.40779],[128.19674,35.40606]]]}},{"type":"Feature","properties":{"h3":"8830c036e7fffff","emd_code":"4872041500","emd_name":"궁류면","area_km2":0.5393,"edge":false,"slope_mean":27.75,"elev_mean":605.2,"flood_hist_n":0,"flood_depth_max_m":null,"flood_risk_100y":null,"semi_basement_r":null,"elderly_alone_r":0.4923,"bldg_age30_r":null,"shelter_min_walk":152,"pop":1006,"hh":717,"elderly65_r":0.6829,"single_hh_r":0.6681,"source_level":"emd","flood_years":[],"landslide_hist_n":0},"geometry":{"type":"Polygon","coordinates":[[[128.20595,35.40568],[128.20511,35.40184],[128.20929,35.39974],[128.21432,35.40147],[128.21517,35.40531],[128.21098,35.40742],[128.20595,35.40568]]]}},{"type":"Feature","properties":{"h3":"8830c036e9fffff","emd_code":"4872041500","emd_name":"궁류면","area_km2":0.5391,"edge":false,"slope_mean":29.59,"elev_mean":418.2,"flood_hist_n":0,"flood_depth_max_m":null,"flood_risk_100y":null,"semi_basement_r":null,"elderly_alone_r":0.4923,"bldg_age30_r":null,"shelter_min_walk":174,"pop":1006,"hh":717,"elderly65_r":0.6829,"single_hh_r":0.6681,"source_level":"emd","flood_years":[],"landslide_hist_n":0},"geometry":{"type":"Polygon","coordinates":[[[128.19927,35.41758],[128.19843,35.41374],[128.20261,35.41163],[128.20764,35.41336],[128.20848,35.4172],[128.2043,35.41931],[128.19927,35.41758]]]}},{"type":"Feature","properties":{"h3":"8830c036ebfffff","emd_code":"4872041500","emd_name":"궁류면","area_km2":0.5391,"edge":false,"slope_mean":23.44,"elev_mean":481.2,"flood_hist_n":0,"flood_depth_max_m":null,"flood_risk_100y":null,"semi_basement_r":null,"elderly_alone_r":0.4923,"bldg_age30_r":null,"shelter_min_walk":168,"pop":1006,"hh":717,"elderly65_r":0.6829,"single_hh_r":0.6681,"source_level":"emd","flood_years":[],"landslide_hist_n":0},"geometry":{"type":"Polygon","coordinates":[[[128.20848,35.4172],[128.20764,35.41336],[128.21183,35.41125],[128.21686,35.41298],[128.2177,35.41682],[128.21351,35.41893],[128.20848,35.4172]]]}},{"type":"Feature","properties":{"h3":"8830c036edfffff","emd_code":"4872041500","emd_name":"궁류면","area_km2":0.5391,"edge":false,"slope_mean":28.16,"elev_mean":522.9,"flood_hist_n":0,"flood_depth_max_m":null,"flood_risk_100y":null,"semi_basement_r":null,"elderly_alone_r":0.4923,"bldg_age30_r":null,"shelter_min_walk":170,"pop":1006,"hh":717,"elderly65_r":0.6829,"single_hh_r":0.6681,"source_level":"emd","flood_years":[],"landslide_hist_n":0},"geometry":{"type":"Polygon","coordinates":[[[128.1934,35.41201],[128.19255,35.40817],[128.19674,35.40606],[128.20177,35.40779],[128.20261,35.41163],[128.19843,35.41374],[128.1934,35.41201]]]}},{"type":"Feature","properties":{"h3":"8830c03701fffff","emd_code":"4872033000","emd_name":"대의면","area_km2":0.5393,"edge":true,"slope_mean":18.8,"elev_mean":183.9,"flood_hist_n":0,"flood_depth_max_m":null,"flood_risk_100y":null,"semi_basement_r":null,"elderly_alone_r":0.4339,"bldg_age30_r":null,"shelter_min_walk":201,"pop":1010,"hh":673,"elderly65_r":0.5376,"single_hh_r":0.6657,"source_level":"emd","flood_years":[],"landslide_hist_n":0},"geometry":{"type":"Polygon","coordinates":[[[128.12132,35.38007],[128.12048,35.37623],[128.12466,35.37412],[128.12969,35.37586],[128.13053,35.3797],[128.12635,35.3818],[128.12132,35.38007]]]}},{"type":"Feature","properties":{"h3":"8830c03703fffff","emd_code":"4872033000","emd_name":"대의면","area_km2":0.5394,"edge":false,"slope_mean":16.7,"elev_mean":179.7,"flood_hist_n":0,"flood_depth_max_m":null,"flood_risk_100y":null,"semi_basement_r":null,"elderly_alone_r":0.4339,"bldg_age30_r":null,"shelter_min_walk":190,"pop":1010,"hh":673,"elderly65_r":0.5376,"single_hh_r":0.6657,"source_level":"emd","flood_years":[],"landslide_hist_n":0},"geometry":{"type":"Polygon","coordinates":[[[128.13053,35.3797],[128.12969,35.37586],[128.13387,35.37375],[128.1389,35.37548],[128.13974,35.37932],[128.13556,35.38143],[128.13053,35.3797]]]}},{"type":"Feature","properties":{"h3":"8830c03705fffff","emd_code":"4872033000","emd_name":"대의면","area_km2":0.5394,"edge":false,"slope_mean":21.44,"elev_mean":161.4,"flood_hist_n":0,"flood_depth_max_m":null,"flood_risk_100y":null,"semi_basement_r":null,"elderly_alone_r":0.4339,"bldg_age30_r":null,"shelter_min_walk":204,"pop":1010,"hh":673,"elderly65_r":0.5376,"single_hh_r":0.6657,"source_level":"emd","flood_years":[],"landslide_hist_n":0},"geometry":{"type":"Polygon","coordinates":[[[128.11545,35.37449],[128.11461,35.37065],[128.1188,35.36855],[128.12382,35.37028],[128.12466,35.37412],[128.12048,35.37623],[128.11545,35.37449]]]}},{"type":"Feature","properties":{"h3":"8830c03707fffff","emd_code":"4872033000","emd_name":"대의면","area_km2":0.5394,"edge":false,"slope_mean":21.86,"elev_mean":210.1,"flood_hist_n":0,"flood_depth_max_m":null,"flood_risk_100y":null,"semi_basement_r":null,"elderly_alone_r":0.4339,"bldg_age30_r":null,"shelter_min_walk":193,"pop":1010,"hh":673,"elderly65_r":0.5376,"single_hh_r":0.6657,"source_level":"emd","flood_years":[],"landslide_hist_n":0},"geometry":{"type":"Polygon","coordinates":[[[128.12466,35.37412],[128.12382,35.37028],[128.12801,35.36817],[128.13303,35.36991],[128.13387,35.37375],[128.12969,35.37586],[128.12466,35.37412]]]}},{"type":"Feature","properties":{"h3":"8830c03709fffff","emd_code":"4872033000","emd_name":"대의면","area_km2":0.5392,"edge":true,"slope_mean":12.59,"elev_mean":140.1,"flood_hist_n":0,"flood_depth_max_m":null,"flood_risk_100y":null,"semi_basement_r":null,"elderly_alone_r":0.4339,"bldg_age30_r":null,"shelter_min_walk":210,"pop":1010,"hh":673,"elderly65_r":0.5376,"single_hh_r":0.6657,"source_level":"emd","flood_years":[],"landslide_hist_n":0},"geometry":{"type":"Polygon","coordinates":[[[128.11798,35.38602],[128.11714,35.38218],[128.12132,35.38007],[128.12635,35.3818],[128.12719,35.38564],[128.12301,35.38775],[128.11798,35.38602]]]}},{"type":"Feature","properties":{"h3":"8830c0370bfffff","emd_code":"4872033000","emd_name":"대의면","area_km2":0.5393,"edge":false,"slope_mean":13.09,"elev_mean":156.7,"flood_hist_n":0,"flood_depth_max_m":null,"flood_risk_100y":null,"semi_basement_r":null,"elderly_alone_r":0.4339,"bldg_age30_r":null,"shelter_min_walk":200,"pop":1010,"hh":673,"elderly65_r":0.5376,"single_hh_r":0.6657,"source_level":"emd","flood_years":[],"landslide_hist_n":0},"geometry":{"type":"Polygon","coordinates":[[[128.12719,35.38564],[128.12635,35.3818],[128.13053,35.3797],[128.13556,35.38143],[128.1364,35.38527],[128.13222,35.38738],[128.12719,35.38564]]]}},{"type":"Feature","properties":{"h3":"8830c0370dfffff","emd_code":"4872033000","emd_name":"대의면","area_km2":0.5393,"edge":false,"slope_mean":21.81,"elev_mean":184.2,"flood_hist_n":0,"flood_depth_max_m":null,"flood_risk_100y":null,"semi_basement_r":null,"elderly_alone_r":0.4339,"bldg_age30_r":null,"shelter_min_walk":213,"pop":1010,"hh":673,"elderly65_r":0.5376,"single_hh_r":0.6657,"source_level":"emd","flood_years":[],"landslide_hist_n":0},"geometry":{"type":"Polygon","coordinates":[[[128.11211,35.38044],[128.11127,35.3766],[128.11545,35.37449],[128.12048,35.37623],[128.12132,35.38007],[128.11714,35.38218],[128.11211,35.38044]]]}},{"type":"Feature","properties":{"h3":"8830c03711fffff","emd_code":"4872033000","emd_name":"대의면","area_km2":0.5394,"edge":false,"slope_mean":11.77,"elev_mean":168.6,"flood_hist_n":0,"flood_depth_max_m":null,"flood_risk_100y":null,"semi_basement_r":null,"elderly_alone_r":0.4339,"bldg_age30_r":null,"shelter_min_walk":178,"pop":1010,"hh":673,"elderly65_r":0.5376,"single_hh_r":0.6657,"source_level":"emd","flood_years":[],"landslide_hist_n":0},"geometry":{"type":"Polygon","coordinates":[[[128.14561,35.3849],[128.14477,35.38106],[128.14896,35.37895],[128.15398,35.38068],[128.15483,35.38452],[128.15064,35.38663],[128.14561,35.3849]]]}},{"type":"Feature","properties":{"h3":"8830c03713fffff","emd_code":"4872033000","emd_name":"대의면","area_km2":0.5394,"edge":false,"slope_mean":19.0,"elev_mean":236.5,"flood_hist_n":0,"flood_depth_max_m":null,"flood_risk_100y":null,"semi_basement_r":null,"elderly_alone_r":0.4339,"bldg_age30_r":null,"shelter_min_walk":168,"pop":1010,"hh":673,"elderly65_r":0.5376,"single_hh_r":0.6657,"source_level":"emd","flood_years":[],"landslide_hist_n":0},"geometry":{"type":"Polygon","coordinates":[[[128.15483,35.38452],[128.15398,35.38068],[128.15817,35.37858],[128.16319,35.38031],[128.16404,35.38415],[128.15985,35.38626],[128.15483,35.38452]]]}},{"type":"Feature","properties":{"h3":"8830c03715fffff","emd_code":"4872033000","emd_name":"대의면","area_km2":0.5394,"edge":false,"slope_mean":16.38,"elev_mean":175.0,"flood_hist_n":0,"flood_depth_max_m":null,"flood_risk_100y":null,"semi_basement_r":null,"elderly_alone_r":0.4339,"bldg_age30_r":null,"shelter_min_walk":180,"pop":1010,"hh":673,"elderly65_r":0.5376,"single_hh_r":0.6657,"source_level":"emd","flood_years":[],"landslide_hist_n":0},"geometry":{"type":"Polygon","coordinates":[[[128.13974,35.37932],[128.1389,35.37548],[128.14309,35.37338],[128.14811,35.37511],[128.14896,35.37895],[128.14477,35.38106],[128.13974,35.37932]]]}},{"type":"Feature","properties":{"h3":"8830c03717fffff","emd_code":"4872033000","emd_name":"대의면","area_km2":0.5395,"edge":false,"slope_mean":18.77,"elev_mean":203.7,"flood_hist_n":0,"flood_depth_max_m":null,"flood_risk_100y":null,"semi_basement_r":null,"elderly_alone_r":0.4339,"bldg_age30_r":null,"shelter_min_walk":169,"pop":1010,"hh":673,"elderly65_r":0.5376,"single_hh_r":0.6657,"source_level":"emd","flood_years":[],"landslide_hist_n":0},"geometry":{"type":"Polygon","coordinates":[[[128.14896,35.37895],[128.14811,35.37511],[128.1523,35.373],[128.15732,35.37473],[128.15817,35.37858],[128.15398,35.38068],[128.14896,35.37895]]]}},{"type":"Feature","properties":{"h3":"8830c03719fffff","emd_code":"4872033000","emd_name":"대의면","area_km2":0.5393,"edge":true,"slope_mean":18.77,"elev_mean":190.7,"flood_hist_n":0,"flood_depth_max_m":null,"flood_risk_100y":null,"semi_basement_r":null,"elderly_alone_r":0.4339,"bldg_age30_r":null,"shelter_min_walk":188,"pop":1010,"hh":673,"elderly65_r":0.5376,"single_hh_r":0.6657,"source_level":"emd","flood_years":[],"landslide_hist_n":0},"geometry":{"type":"Polygon","coordinates":[[[128.14227,35.39085],[128.14143,35.38701],[128.14561,35.3849],[128.15064,35.38663],[128.15148,35.39047],[128.1473,35.39258],[128.14227,35.39085]]]}},{"type":"Feature","properties":{"h3":"8830c0371bfffff","emd_code":"4872033000","emd_name":"대의면","area_km2":0.5393,"edge":false,"slope_mean":15.98,"elev_mean":205.7,"flood_hist_n":0,"flood_depth_max_m":null,"flood_risk_100y":null,"semi_basement_r":null,"elderly_alone_r":0.4339,"bldg_age30_r":null,"shelter_min_walk":178,"pop":1010,"hh":673,"elderly65_r":0.5376,"single_hh_r":0.6657,"source_level":"emd","flood_years":[],"landslide_hist_n":0},"geometry":{"type":"Polygon","coordinates":[[[128.15148,35.39047],[128.15064,35.38663],[128.15483,35.38452],[128.15985,35.38626],[128.1607,35.3901],[128.15651,35.39221],[128.15148,35.39047]]]}},{"type":"Feature","properties":{"h3":"8830c0371dfffff","emd_code":"4872033000","emd_name":"대의면","area_km2":0.5393,"edge":false,"slope_mean":11.7,"elev_mean":170.8,"flood_hist_n":0,"flood_depth_max_m":null,"flood_risk_100y":null,"semi_basement_r":null,"elderly_alone_r":0.4339,"bldg_age30_r":null,"shelter_min_walk":189,"pop":1010,"hh":673,"elderly65_r":0.5376,"single_hh_r":0.6657,"source_level":"emd","flood_years":[],"landslide_hist_n":0},"geometry":{"type":"Polygon","coordinates":[[[128.1364,35.38527],[128.13556,35.38143],[128.13974,35.37932],[128.14477,35.38106],[128.14561,35.3849],[128.14143,35.38701],[128.1364,35.38527]]]}},{"type":"Feature","properties":{"h3":"8830c03721fffff","emd_code":"4872033000","emd_name":"대의면","area_km2":0.5396,"edge":false,"slope_mean":20.36,"elev_mean":158.8,"flood_hist_n":0,"flood_depth_max_m":null,"flood_risk_100y":null,"semi_basement_r":null,"elderly_alone_r":0.4339,"bldg_age30_r":null,"shelter_min_walk":200,"pop":1010,"hh":673,"elderly65_r":0.5376,"single_hh_r":0.6657,"source_level":"emd","flood_years":[],"landslide_hist_n":0},"geometry":{"type":"Polygon","coordinates":[[[128.11293,35.36297],[128.11208,35.35913],[128.11627,35.35702],[128.12129,35.35875],[128.12214,35.3626],[128.11795,35.3647],[128.11293,35.36297]]]}},{"type":"Feature","properties":{"h3":"8830c03723fffff","emd_code":"4872033000","emd_name":"대의면","area_km2":0.5396,"edge":false,"slope_mean":20.31,"elev_mean":171.3,"flood_hist_n":0,"flood_depth_max_m":null,"flood_risk_100y":null,"semi_basement_r":null,"elderly_alone_r":0.4339,"bldg_age30_r":null,"shelter_min_walk":188,"pop":1010,"hh":673,"elderly65_r":0.5376,"single_hh_r":0.6657,"source_level":"emd","flood_years":[],"landslide_hist_n":0},"geometry":{"type":"Polygon","coordinates":[[[128.12214,35.3626],[128.12129,35.35875],[128.12548,35.35665],[128.1305,35.35838],[128.13135,35.36222],[128.12716,35.36433],[128.12214,35.3626]]]}},{"type":"Feature","properties":{"h3":"8830c03725fffff","emd_code":"4872033000","emd_name":"대의면","area_km2":0.5396,"edge":false,"slope_mean":20.05,"elev_mean":144.8,"flood_hist_n":0,"flood_depth_max_m":null,"flood_risk_100y":null,"semi_basement_r":null,"elderly_alone_r":0.4339,"bldg_age30_r":null,"shelter_min_walk":195,"pop":1010,"hh":673,"elderly65_r":0.5376,"single_hh_r":0.6657,"source_level":"emd","flood_years":[],"landslide_hist_n":0},"geometry":{"type":"Polygon","coordinates":[[[128.10706,35.35739],[128.10622,35.35355],[128.1104,35.35144],[128.11543,35.35318],[128.11627,35.35702],[128.11208,35.35913],[128.10706,35.35739]]]}},{"type":"Feature","properties":{"h3":"8830c03727fffff","emd_code":"4872033000","emd_name":"대의면","area_km2":0.5397,"edge":false,"slope_mean":20.67,"elev_mean":169.2,"flood_hist_n":0,"flood_depth_max_m":null,"flood_risk_100y":null,"semi_basement_r":null,"elderly_alone_r":0.4339,"bldg_age30_r":null,"shelter_min_walk":192,"pop":1010,"hh":673,"elderly65_r":0.5376,"single_hh_r":0.6657,"source_level":"emd","flood_years":[],"landslide_hist_n":0},"geometry":{"type":"Polygon","coordinates":[[[128.11627,35.35702],[128.11543,35.35318],[128.11961,35.35107],[128.12463,35.3528],[128.12548,35.35665],[128.12129,35.35875],[128.11627,35.35702]]]}},{"type":"Feature","properties":{"h3":"8830c03729fffff","emd_code":"4872033000","emd_name":"대의면","area_km2":0.5395,"edge":false,"slope_mean":16.6,"elev_mean":123.5,"flood_hist_n":0,"flood_depth_max_m":null,"flood_risk_100y":null,"semi_basement_r":null,"elderly_alone_r":0.4339,"bldg_age30_r":null,"shelter_min_walk":208,"pop":1010,"hh":673,"elderly65_r":0.5376,"single_hh_r":0.6657,"source_level":"emd","flood_years":[],"landslide_hist_n":0},"geometry":{"type":"Polygon","coordinates":[[[128.10959,35.36892],[128.10874,35.36508],[128.11293,35.36297],[128.11795,35.3647],[128.1188,35.36855],[128.11461,35.37065],[128.10959,35.36892]]]}},{"type":"Feature","properties":{"h3":"8830c0372bfffff","emd_code":"4872033000","emd_name":"대의면","area_km2":0.5395,"edge":false,"slope_mean":16.83,"elev_mean":128.3,"flood_hist_n":0,"flood_depth_max_m":null,"flood_risk_100y":null,"semi_basement_r":null,"elderly_alone_r":0.4339,"bldg_age30_r":null,"shelter_min_walk":196,"pop":1010,"hh":673,"elderly65_r":0.5376,"single_hh_r":0.6657,"source_level":"emd","flood_years":[],"landslide_hist_n":0},"geometry":{"type":"Polygon","coordinates":[[[128.1188,35.36855],[128.11795,35.3647],[128.12214,35.3626],[128.12716,35.36433],[128.12801,35.36817],[128.12382,35.37028],[128.1188,35.36855]]]}},{"type":"Feature","properties":{"h3":"8830c0372dfffff","emd_code":"4872033000","emd_name":"대의면","area_km2":0.5395,"edge":false,"slope_mean":19.7,"elev_mean":135.7,"flood_hist_n":0,"flood_depth_max_m":null,"flood_risk_100y":null,"semi_basement_r":null,"elderly_alone_r":0.4339,"bldg_age30_r":null,"shelter_min_walk":205,"pop":1010,"hh":673,"elderly65_r":0.5376,"single_hh_r":0.6657,"source_level":"emd","flood_years":[],"landslide_hist_n":0},"geometry":{"type":"Polygon","coordinates":[[[128.10372,35.36334],[128.10288,35.3595],[128.10706,35.35739],[128.11208,35.35913],[128.11293,35.36297],[128.10874,35.36508],[128.10372,35.36334]]]}},{"type":"Feature","properties":{"h3":"8830c03731fffff","emd_code":"4872033000","emd_name":"대의면","area_km2":0.5396,"edge":false,"slope_mean":22.1,"elev_mean":199.3,"flood_hist_n":0,"flood_depth_max_m":null,"flood_risk_100y":null,"semi_basement_r":null,"elderly_alone_r":0.4339,"bldg_age30_r":null,"shelter_min_walk":173,"pop":1010,"hh":673,"elderly65_r":0.5376,"single_hh_r":0.6657,"source_level":"emd","flood_years":[],"landslide_hist_n":0},"geometry":{"type":"Polygon","coordinates":[[[128.13722,35.3678],[128.13637,35.36396],[128.14056,35.36185],[128.14558,35.36358],[128.14643,35.36743],[128.14224,35.36953],[128.13722,35.3678]]]}},{"type":"Feature","properties":{"h3":"8830c03733fffff","emd_code":"4872033000","emd_name":"대의면","area_km2":0.5397,"edge":false,"slope_mean":25.9,"elev_mean":294.2,"flood_hist_n":0,"flood_depth_max_m":null,"flood_risk_100y":null,"semi_basement_r":null,"elderly_alone_r":0.4339,"bldg_age30_r":null,"shelter_min_walk":162,"pop":1010,"hh":673,"elderly65_r":0.5376,"single_hh_r":0.6657,"source_level":"emd","flood_years":[],"landslide_hist_n":0},"geometry":{"type":"Polygon","coordinates":[[[128.14643,35.36743],[128.14558,35.36358],[128.14977,35.36147],[128.15479,35.36321],[128.15564,35.36705],[128.15145,35.36916],[128.14643,35.36743]]]}},{"type":"Feature","properties":{"h3":"8830c03735fffff","emd_code":"4872033000","emd_name":"대의면","area_km2":0.5397,"edge":false,"slope_mean":19.73,"elev_mean":182.5,"flood_hist_n":0,"flood_depth_max_m":null,"flood_risk_100y":null,"semi_basement_r":null,"elderly_alone_r":0.4339,"bldg_age30_r":null,"shelter_min_walk":176,"pop":1010,"hh":673,"elderly65_r":0.5376,"single_hh_r":0.6657,"source_level":"emd","flood_years":[],"landslide_hist_n":0},"geometry":{"type":"Polygon","coordinates":[[[128.13135,35.36222],[128.1305,35.35838],[128.13469,35.35627],[128.13971,35.35801],[128.14056,35.36185],[128.13637,35.36396],[128.13135,35.36222]]]}},{"type":"Feature","properties":{"h3":"8830c03737fffff","emd_code":"4872033000","emd_name":"대의면","area_km2":0.5397,"edge":false,"slope_mean":22.44,"elev_mean":193.2,"flood_hist_n":0,"flood_depth_max_m":null,"flood_risk_100y":null,"semi_basement_r":null,"elderly_alone_r":0.4339,"bldg_age30_r":null,"shelter_min_walk":164,"pop":1010,"hh":673,"elderly65_r":0.5376,"single_hh_r":0.6657,"source_level":"emd","flood_years":[],"landslide_hist_n":0},"geometry":{"type":"Polygon","coordinates":[[[128.14056,35.36185],[128.13971,35.35801],[128.1439,35.3559],[128.14892,35.35763],[128.14977,35.36147],[128.14558,35.36358],[128.14056,35.36185]]]}},{"type":"Feature","properties":{"h3":"8830c03739fffff","emd_code":"4872033000","emd_name":"대의면","area_km2":0.5395,"edge":false,"slope_mean":21.92,"elev_mean":215.7,"flood_hist_n":0,"flood_depth_max_m":null,"flood_risk_100y":null,"semi_basement_r":null,"elderly_alone_r":0.4339,"bldg_age30_r":null,"shelter_min_walk":182,"pop":1010,"hh":673,"elderly65_r":0.5376,"single_hh_r":0.6657,"source_level":"emd","flood_years":[],"landslide_hist_n":0},"geometry":{"type":"Polygon","coordinates":[[[128.13387,35.37375],[128.13303,35.36991],[128.13722,35.3678],[128.14224,35.36953],[128.14309,35.37338],[128.1389,35.37548],[128.13387,35.37375]]]}},{"type":"Feature","properties":{"h3":"8830c0373bfffff","emd_code":"4872033000","emd_name":"대의면","area_km2":0.5395,"edge":false,"slope_mean":22.12,"elev_mean":247.0,"flood_hist_n":0,"flood_depth_max_m":null,"flood_risk_100y":null,"semi_basement_r":null,"elderly_alone_r":0.4339,"bldg_age30_r":null,"shelter_min_walk":170,"pop":1010,"hh":673,"elderly65_r":0.5376,"single_hh_r":0.6657,"source_level":"emd","flood_years":[],"landslide_hist_n":0},"geometry":{"type":"Polygon","coordinates":[[[128.14309,35.37338],[128.14224,35.36953],[128.14643,35.36743],[128.15145,35.36916],[128.1523,35.373],[128.14811,35.37511],[128.14309,35.37338]]]}},{"type":"Feature","properties":{"h3":"8830c0373dfffff","emd_code":"4872033000","emd_name":"대의면","area_km2":0.5396,"edge":false,"slope_mean":19.57,"elev_mean":141.7,"flood_hist_n":0,"flood_depth_max_m":null,"flood_risk_100y":null,"semi_basement_r":null,"elderly_alone_r":0.4339,"bldg_age30_r":null,"shelter_min_walk":184,"pop":1010,"hh":673,"elderly65_r":0.5376,"single_hh_r":0.6657,"source_level":"emd","flood_years":[],"landslide_hist_n":0},"geometry":{"type":"Polygon","coordinates":[[[128.12801,35.36817],[128.12716,35.36433],[128.13135,35.36222],[128.13637,35.36396],[128.13722,35.3678],[128.13303,35.36991],[128.12801,35.36817]]]}},{"type":"Feature","properties":{"h3":"8830c03747fffff","emd_code":"4872033000","emd_name":"대의면","area_km2":0.5392,"edge":true,"slope_mean":16.07,"elev_mean":161.4,"flood_hist_n":0,"flood_depth_max_m":null,"flood_risk_100y":null,"semi_basement_r":null,"elderly_alone_r":0.4339,"bldg_age30_r":null,"shelter_min_walk":221,"pop":1010,"hh":673,"elderly65_r":0.5376,"single_hh_r":0.6657,"source_level":"emd","flood_years":[],"landslide_hist_n":0},"geometry":{"type":"Polygon","coordinates":[[[128.10877,35.38639],[128.10793,35.38255],[128.11211,35.38044],[128.11714,35.38218],[128.11798,35.38602],[128.1138,35.38812],[128.10877,35.38639]]]}},{"type":"Feature","properties":{"h3":"8830c03755fffff","emd_code":"4872033000","emd_name":"대의면","area_km2":0.5392,"edge":true,"slope_mean":18.5,"elev_mean":189.6,"flood_hist_n":0,"flood_depth_max_m":null,"flood_risk_100y":null,"semi_basement_r":null,"elderly_alone_r":0.4339,"bldg_age30_r":null,"shelter_min_walk":209,"pop":1010,"hh":673,"elderly65_r":0.5376,"single_hh_r":0.6657,"source_level":"emd","flood_years":[],"landslide_hist_n":0},"geometry":{"type":"Polygon","coordinates":[[[128.12385,35.39159],[128.12301,35.38775],[128.12719,35.38564],[128.13222,35.38738],[128.13306,35.39122],[128.12888,35.39332],[128.12385,35.39159]]]}},{"type":"Feature","properties":{"h3":"8830c03757fffff","emd_code":"4872033000","emd_name":"대의면","area_km2":0.5392,"edge":true,"slope_mean":19.08,"elev_mean":176.7,"flood_hist_n":0,"flood_depth_max_m":null,"flood_risk_100y":null,"semi_basement_r":null,"elderly_alone_r":0.4339,"bldg_age30_r":null,"shelter_min_walk":198,"pop":1010,"hh":673,"elderly65_r":0.5376,"single_hh_r":0.6657,"source_level":"emd","flood_years":[],"landslide_hist_n":0},"geometry":{"type":"Polygon","coordinates":[[[128.13306,35.39122],[128.13222,35.38738],[128.1364,35.38527],[128.14143,35.38701],[128.14227,35.39085],[128.13809,35.39295],[128.13306,35.39122]]]}},{"type":"Feature","properties":{"h3":"8830c03761fffff","emd_code":"4872033000","emd_name":"대의면","area_km2":0.5393,"edge":true,"slope_mean":6.87,"elev_mean":80.6,"flood_hist_n":0,"flood_depth_max_m":null,"flood_risk_100y":null,"semi_basement_r":null,"elderly_alone_r":0.4339,"bldg_age30_r":null,"shelter_min_walk":208,"pop":1010,"hh":673,"elderly65_r":0.5376,"single_hh_r":0.6657,"source_level":"emd","flood_years":[],"landslide_hist_n":0},"geometry":{"type":"Polygon","coordinates":[[[128.09704,35.37524],[128.09619,35.37139],[128.10038,35.36929],[128.1054,35.37102],[128.10625,35.37487],[128.10206,35.37697],[128.09704,35.37524]]]}},{"type":"Feature","properties":{"h3":"8830c03763fffff","emd_code":"4872033000","emd_name":"대의면","area_km2":0.5393,"edge":false,"slope_mean":15.19,"elev_mean":102.8,"flood_hist_n":0,"flood_depth_max_m":null,"flood_risk_100y":null,"semi_basement_r":null,"elderly_alone_r":0.4339,"bldg_age30_r":null,"shelter_min_walk":216,"pop":1010,"hh":673,"elderly65_r":0.5376,"single_hh_r":0.6657,"source_level":"emd","flood_years":[],"landslide_hist_n":0},"geometry":{"type":"Polygon","coordinates":[[[128.10625,35.37487],[128.1054,35.37102],[128.10959,35.36892],[128.11461,35.37065],[128.11545,35.37449],[128.11127,35.3766],[128.10625,35.37487]]]}},{"type":"Feature","properties":{"h3":"8830c03765fffff","emd_code":"4872033000","emd_name":"대의면","area_km2":0.5394,"edge":false,"slope_mean":13.65,"elev_mean":110.9,"flood_hist_n":0,"flood_depth_max_m":null,"flood_risk_100y":null,"semi_basement_r":null,"elderly_alone_r":0.4339,"bldg_age30_r":null,"shelter_min_walk":196,"pop":1010,"hh":673,"elderly65_r":0.5376,"single_hh_r":0.6657,"source_level":"emd","flood_years":[],"landslide_hist_n":0},"geometry":{"type":"Polygon","coordinates":[[[128.09117,35.36966],[128.09033,35.36582],[128.09451,35.36371],[128.09954,35.36545],[128.10038,35.36929],[128.09619,35.37139],[128.09117,35.36966]]]}},{"type":"Feature","properties":{"h3":"8830c03767fffff","emd_code":"4872033000","emd_name":"대의면","area_km2":0.5394,"edge":false,"slope_mean":16.06,"elev_mean":122.4,"flood_hist_n":0,"flood_depth_max_m":null,"flood_risk_100y":null,"semi_basement_r":null,"elderly_alone_r":0.4339,"bldg_age30_r":null,"shelter_min_walk":206,"pop":1010,"hh":673,"elderly65_r":0.5376,"single_hh_r":0.6657,"source_level":"emd","flood_years":[],"landslide_hist_n":0},"geometry":{"type":"Polygon","coordinates":[[[128.10038,35.36929],[128.09954,35.36545],[128.10372,35.36334],[128.10874,35.36508],[128.10959,35.36892],[128.1054,35.37102],[128.10038,35.36929]]]}},{"type":"Feature","properties":{"h3":"8830c0376bfffff","emd_code":"4872033000","emd_name":"대의면","area_km2":0.5392,"edge":true,"slope_mean":15.56,"elev_mean":109.7,"flood_hist_n":0,"flood_depth_max_m":null,"flood_risk_100y":null,"semi_basement_r":null,"elderly_alone_r":0.4339,"bldg_age30_r":null,"shelter_min_walk":220,"pop":1010,"hh":673,"elderly65_r":0.5376,"single_hh_r":0.6657,"source_level":"emd","flood_years":[],"landslide_hist_n":0},"geometry":{"type":"Polygon","coordinates":[[[128.1029,35.38081],[128.10206,35.37697],[128.10625,35.37487],[128.11127,35.3766],[128.11211,35.38044],[128.10793,35.38255],[128.1029,35.38081]]]}},{"type":"Feature","properties":{"h3":"8830c15245fffff","emd_code":"4872037000","emd_name":"지정면","area_km2":0.5409,"edge":true,"slope_mean":6.33,"elev_mean":13.1,"flood_hist_n":0,"flood_depth_max_m":null,"flood_risk_100y":null,"semi_basement_r":null,"elderly_alone_r":0.4002,"bldg_age30_r":null,"shelter_min_walk":54,"pop":1708,"hh":1132,"elderly65_r":0.5726,"single_hh_r":0.6246,"source_level":"emd","flood_years":[],"landslide_hist_n":0},"geometry":{"type":"Polygon","coordinates":[[[128.42216,35.37336],[128.42132,35.36952],[128.42551,35.3674],[128.43054,35.36912],[128.43139,35.37297],[128.4272,35.37509],[128.42216,35.37336]]]}},{"type":"Feature","properties":{"h3":"8830c15249fffff","emd_code":"4872037000","emd_name":"지정면","area_km2":0.5407,"edge":true,"slope_mean":5.91,"elev_mean":16.6,"flood_hist_n":0,"flood_depth_max_m":null,"flood_risk_100y":null,"semi_basement_r":null,"elderly_alone_r":0.4002,"bldg_age30_r":null,"shelter_min_walk":51,"pop":1708,"hh":1132,"elderly65_r":0.5726,"single_hh_r":0.6246,"source_level":"emd","flood_years":[],"landslide_hist_n":0},"geometry":{"type":"Polygon","coordinates":[[[128.4247,35.38489],[128.42385,35.38105],[128.42804,35.37893],[128.43308,35.38065],[128.43393,35.38449],[128.42974,35.38661],[128.4247,35.38489]]]}},{"type":"Feature","properties":{"h3":"8830c1524dfffff","emd_code":"4872037000","emd_name":"지정면","area_km2":0.5408,"edge":true,"slope_mean":3.74,"elev_mean":9.3,"flood_hist_n":0,"flood_depth_max_m":null,"flood_risk_100y":null,"semi_basement_r":null,"elderly_alone_r":0.4002,"bldg_age30_r":null,"shelter_min_walk":47,"pop":1708,"hh":1132,"elderly65_r":0.5726,"single_hh_r":0.6246,"source_level":"emd","flood_years":[],"landslide_hist_n":0},"geometry":{"type":"Polygon","coordinates":[[[128.41882,35.37932],[128.41797,35.37548],[128.42216,35.37336],[128.4272,35.37509],[128.42804,35.37893],[128.42385,35.38105],[128.41882,35.37932]]]}},{"type":"Feature","properties":{"h3":"8830c15261fffff","emd_code":"4872037000","emd_name":"지정면","area_km2":0.5411,"edge":true,"slope_mean":7.17,"elev_mean":15.6,"flood_hist_n":0,"flood_depth_max_m":null,"flood_risk_100y":null,"semi_basement_r":null,"elderly_alone_r":0.4002,"bldg_age30_r":null,"shelter_min_walk":61,"pop":1708,"hh":1132,"elderly65_r":0.5726,"single_hh_r":0.6246,"source_level":"emd","flood_years":[],"landslide_hist_n":0},"geometry":{"type":"Polygon","coordinates":[[[128.41962,35.36183],[128.41878,35.35799],[128.42297,35.35587],[128.428,35.35759],[128.42885,35.36144],[128.42466,35.36356],[128.41962,35.36183]]]}},{"type":"Feature","properties":{"h3":"8830c15269fffff","emd_code":"4872037000","emd_name":"지정면","area_km2":0.5409,"edge":false,"slope_mean":7.82,"elev_mean":14.8,"flood_hist_n":0,"flood_depth_max_m":null,"flood_risk_100y":null,"semi_basement_r":null,"elderly_alone_r":0.4002,"bldg_age30_r":null,"shelter_min_walk":51,"pop":1708,"hh":1132,"elderly65_r":0.5726,"single_hh_r":0.6246,"source_level":"emd","flood_years":[],"landslide_hist_n":0},"geometry":{"type":"Polygon","coordinates":[[[128.41628,35.3678],[128.41543,35.36395],[128.41962,35.36183],[128.42466,35.36356],[128.42551,35.3674],[128.42132,35.36952],[128.41628,35.3678]]]}},{"type":"Feature","properties":{"h3":"8830c1526bfffff","emd_code":"4872037000","emd_name":"지정면","area_km2":0.541,"edge":true,"slope_mean":4.81,"elev_mean":11.5,"flood_hist_n":0,"flood_depth_max_m":null,"flood_risk_100y":null,"semi_basement_r":null,"elderly_alone_r":0.4002,"bldg_age30_r":null,"shelter_min_walk":61,"pop":1708,"hh":1132,"elderly65_r":0.5726,"single_hh_r":0.6246,"source_level":"emd","flood_years":[],"landslide_hist_n":0},"geometry":{"type":"Polygon","coordinates":[[[128.42551,35.3674],[128.42466,35.36356],[128.42885,35.36144],[128.43388,35.36316],[128.43473,35.367],[128.43054,35.36912],[128.42551,35.3674]]]}},{"type":"Feature","properties":{"h3":"8830c1526dfffff","emd_code":"4872037000","emd_name":"지정면","area_km2":0.541,"edge":false,"slope_mean":8.54,"elev_mean":17.9,"flood_hist_n":0,"flood_depth_max_m":null,"flood_risk_100y":null,"semi_basement_r":null,"elderly_alone_r":0.4002,"bldg_age30_r":null,"shelter_min_walk":51,"pop":1708,"hh":1132,"elderly65_r":0.5726,"single_hh_r":0.6246,"source_level":"emd","flood_years":[],"landslide_hist_n":0},"geometry":{"type":"Polygon","coordinates":[[[128.4104,35.36223],[128.40955,35.35838],[128.41374,35.35626],[128.41878,35.35799],[128.41962,35.36183],[128.41543,35.36395],[128.4104,35.36223]]]}},{"type":"Feature","properties":{"h3":"8830c15341fffff","emd_code":"4872036000","emd_name":"정곡면","area_km2":0.5413,"edge":false,"slope_mean":2.36,"elev_mean":9.6,"flood_hist_n":0,"flood_depth_max_m":null,"flood_risk_100y":null,"semi_basement_r":null,"elderly_alone_r":0.4069,"bldg_age30_r":null,"shelter_min_walk":74,"pop":1287,"hh":875,"elderly65_r":0.5789,"single_hh_r":0.6366,"source_level":"emd","flood_years":[],"landslide_hist_n":0},"geometry":{"type":"Polygon","coordinates":[[[128.38687,35.33995],[128.38603,35.33611],[128.39022,35.33399],[128.39525,35.33571],[128.3961,35.33956],[128.39191,35.34168],[128.38687,35.33995]]]}},{"type":"Feature","properties":{"h3":"8830c15343fffff","emd_code":"4872036000","emd_name":"정곡면","area_km2":0.5413,"edge":true,"slope_mean":12.97,"elev_mean":38.8,"flood_hist_n":0,"flood_depth_max_m":null,"flood_risk_100y":null,"semi_basement_r":null,"elderly_alone_r":0.4069,"bldg_age30_r":null,"shelter_min_walk":76,"pop":1287,"hh":875,"elderly65_r":0.5789,"single_hh_r":0.6366,"source_level":"emd","flood_years":[],"landslide_hist_n":0},"geometry":{"type":"Polygon","coordinates":[[[128.3961,35.33956],[128.39525,35.33571],[128.39944,35.33359],[128.40448,35.33532],[128.40532,35.33916],[128.40113,35.34128],[128.3961,35.33956]]]}},{"type":"Feature","properties":{"h3":"8830c15345fffff","emd_code":"4872036000","emd_name":"정곡면","area_km2":0.5413,"edge":true,"slope_mean":1.81,"elev_mean":9.0,"flood_hist_n":0,"flood_depth_max_m":null,"flood_risk_100y":null,"semi_basement_r":null,"elderly_alone_r":0.4069,"bldg_age30_r":null,"shelter_min_walk":83,"pop":1287,"hh":875,"elderly65_r":0.5789,"single_hh_r":0.6366,"source_level":"emd","flood_years":[],"landslide_hist_n":0},"geometry":{"type":"Polygon","coordinates":[[[128.38099,35.33438],[128.38015,35.33053],[128.38434,35.32841],[128.38937,35.33014],[128.39022,35.33399],[128.38603,35.33611],[128.38099,35.33438]]]}},{"type":"Feature","properties":{"h3":"8830c15347fffff","emd_code":"4872036000","emd_name":"정곡면","area_km2":0.5414,"edge":true,"slope_mean":2.67,"elev_mean":9.9,"flood_hist_n":0,"flood_depth_max_m":null,"flood_risk_100y":null,"semi_basement_r":null,"elderly_alone_r":0.4069,"bldg_age30_r":null,"shelter_min_walk":84,"pop":1287,"hh":875,"elderly65_r":0.5789,"single_hh_r":0.6366,"source_level":"emd","flood_years":[],"landslide_hist_n":0},"geometry":{"type":"Polygon","coordinates":[[[128.39022,35.33399],[128.38937,35.33014],[128.39356,35.32802],[128.39859,35.32975],[128.39944,35.33359],[128.39525,35.33571],[128.39022,35.33399]]]}},{"type":"Feature","properties":{"h3":"8830c15349fffff","emd_code":"4872036000","emd_name":"정곡면","area_km2":0.5411,"edge":false,"slope_mean":2.07,"elev_mean":9.4,"flood_hist_n":0,"flood_depth_max_m":null,"flood_risk_100y":null,"semi_basement_r":null,"elderly_alone_r":0.4069,"bldg_age30_r":null,"shelter_min_walk":64,"pop":1287,"hh":875,"elderly65_r":0.5789,"single_hh_r":0.6366,"source_level":"emd","flood_years":[],"landslide_hist_n":0},"geometry":{"type":"Polygon","coordinates":[[[128.38353,35.34592],[128.38269,35.34207],[128.38687,35.33995],[128.39191,35.34168],[128.39276,35.34552],[128.38857,35.34764],[128.38353,35.34592]]]}},{"type":"Feature","properties":{"h3":"8830c1534bfffff","emd_code":"4872036000","emd_name":"정곡면","area_km2":0.5412,"edge":true,"slope_mean":13.01,"elev_mean":32.6,"flood_hist_n":0,"flood_depth_max_m":null,"flood_risk_100y":null,"semi_basement_r":null,"elderly_alone_r":0.4069,"bldg_age30_r":null,"shelter_min_walk":65,"pop":1287,"hh":875,"elderly65_r":0.5789,"single_hh_r":0.6366,"source_level":"emd","flood_years":[],"landslide_hist_n":0},"geometry":{"type":"Polygon","coordinates":[[[128.39276,35.34552],[128.39191,35.34168],[128.3961,35.33956],[128.40113,35.34128],[128.40198,35.34513],[128.39779,35.34725],[128.39276,35.34552]]]}},{"type":"Feature","properties":{"h3":"8830c1534dfffff","emd_code":"4872036000","emd_name":"정곡면","area_km2":0.5412,"edge":false,"slope_mean":5.08,"elev_mean":15.3,"flood_hist_n":0,"flood_depth_max_m":null,"flood_risk_100y":null,"semi_basement_r":null,"elderly_alone_r":0.4069,"bldg_age30_r":null,"shelter_min_walk":73,"pop":1287,"hh":875,"elderly65_r":0.5789,"single_hh_r":0.6366,"source_level":"emd","flood_years":[],"landslide_hist_n":0},"geometry":{"type":"Polygon","coordinates":[[[128.37765,35.34034],[128.37681,35.3365],[128.38099,35.33438],[128.38603,35.33611],[128.38687,35.33995],[128.38269,35.34207],[128.37765,35.34034]]]}},{"type":"Feature","properties":{"h3":"8830c1c025fffff","emd_code":"4872038000","emd_name":"낙서면","area_km2":0.5385,"edge":true,"slope_mean":3.84,"elev_mean":13.0,"flood_hist_n":0,"flood_depth_max_m":null,"flood_risk_100y":null,"semi_basement_r":null,"elderly_alone_r":0.4853,"bldg_age30_r":null,"shelter_min_walk":130,"pop":653,"hh":443,"elderly65_r":0.6309,"single_hh_r":0.6637,"source_level":"emd","flood_years":[],"landslide_hist_n":0},"geometry":{"type":"Polygon","coordinates":[[[128.40062,35.50791],[128.39977,35.50408],[128.40396,35.50197],[128.409,35.50369],[128.40985,35.50752],[128.40566,35.50963],[128.40062,35.50791]]]}},{"type":"Feature","properties":{"h3":"8830c1c101fffff","emd_code":"4872038000","emd_name":"낙서면","area_km2":0.5387,"edge":false,"slope_mean":21.47,"elev_mean":123.3,"flood_hist_n":0,"flood_depth_max_m":null,"flood_risk_100y":null,"semi_basement_r":null,"elderly_alone_r":0.4853,"bldg_age30_r":null,"shelter_min_walk":174,"pop":653,"hh":443,"elderly65_r":0.6309,"single_hh_r":0.6637,"source_level":"emd","flood_years":[],"landslide_hist_n":0},"geometry":{"type":"Polygon","coordinates":[[[128.37375,35.49163],[128.3729,35.4878],[128.37709,35.48569],[128.38213,35.48741],[128.38297,35.49124],[128.37878,35.49336],[128.37375,35.49163]]]}},{"type":"Feature","properties":{"h3":"8830c1c103fffff","emd_code":"4872038000","emd_name":"낙서면","area_km2":0.5387,"edge":false,"slope_mean":22.62,"elev_mean":132.3,"flood_hist_n":0,"flood_depth_max_m":null,"flood_risk_100y":null,"semi_basement_r":null,"elderly_alone_r":0.4853,"bldg_age30_r":null,"shelter_min_walk":163,"pop":653,"hh":443,"elderly65_r":0.6309,"single_hh_r":0.6637,"source_level":"emd","flood_years":[],"landslide_hist_n":0},"geometry":{"type":"Polygon","coordinates":[[[128.38297,35.49124],[128.38213,35.48741],[128.38632,35.4853],[128.39135,35.48702],[128.3922,35.49086],[128.38801,35.49297],[128.38297,35.49124]]]}},{"type":"Feature","properties":{"h3":"8830c1c105fffff","emd_code":"4872038000","emd_name":"낙서면","area_km2":0.5387,"edge":false,"slope_mean":21.05,"elev_mean":103.4,"flood_hist_n":0,"flood_depth_max_m":null,"flood_risk_100y":null,"semi_basement_r":null,"elderly_alone_r":0.4853,"bldg_age30_r":null,"shelter_min_walk":171,"pop":653,"hh":443,"elderly65_r":0.6309,"single_hh_r":0.6637,"source_level":"emd","flood_years":[],"landslide_hist_n":0},"geometry":{"type":"Polygon","coordinates":[[[128.36787,35.48608],[128.36702,35.48224],[128.37121,35.48013],[128.37624,35.48185],[128.37709,35.48569],[128.3729,35.4878],[128.36787,35.48608]]]}},{"type":"Feature","properties":{"h3":"8830c1c107fffff","emd_code":"4872038000","emd_name":"낙서면","area_km2":0.5388,"edge":false,"slope_mean":21.78,"elev_mean":98.5,"flood_hist_n":0,"flood_depth_max_m":null,"flood_risk_100y":null,"semi_basement_r":null,"elderly_alone_r":0.4853,"bldg_age30_r":null,"shelter_min_walk":169,"pop":653,"hh":443,"elderly65_r":0.6309,"single_hh_r":0.6637,"source_level":"emd","flood_years":[],"landslide_hist_n":0},"geometry":{"type":"Polygon","coordinates":[[[128.37709,35.48569],[128.37624,35.48185],[128.38043,35.47974],[128.38547,35.48147],[128.38632,35.4853],[128.38213,35.48741],[128.37709,35.48569]]]}},{"type":"Feature","properties":{"h3":"8830c1c109fffff","emd_code":"4872038000","emd_name":"낙서면","area_km2":0.5385,"edge":false,"slope_mean":21.84,"elev_mean":120.2,"flood_hist_n":0,"flood_depth_max_m":null,"flood_risk_100y":null,"semi_basement_r":null,"elderly_alone_r":0.4853,"bldg_age30_r":null,"shelter_min_walk":174,"pop":653,"hh":443,"elderly65_r":0.6309,"single_hh_r":0.6637,"source_level":"emd","flood_years":[],"landslide_hist_n":0},"geometry":{"type":"Polygon","coordinates":[[[128.3704,35.49758],[128.36956,35.49374],[128.37375,35.49163],[128.37878,35.49336],[128.37963,35.49719],[128.37544,35.4993],[128.3704,35.49758]]]}},{"type":"Feature","properties":{"h3":"8830c1c10bfffff","emd_code":"4872038000","emd_name":"낙서면","area_km2":0.5386,"edge":false,"slope_mean":20.28,"elev_mean":95.6,"flood_hist_n":0,"flood_depth_max_m":null,"flood_risk_100y":null,"semi_basement_r":null,"elderly_alone_r":0.4853,"bldg_age30_r":null,"shelter_min_walk":163,"pop":653,"hh":443,"elderly65_r":0.6309,"single_hh_r":0.6637,"source_level":"emd","flood_years":[],"landslide_hist_n":0},"geometry":{"type":"Polygon","coordinates":[[[128.37963,35.49719],[128.37878,35.49336],[128.38297,35.49124],[128.38801,35.49297],[128.38885,35.4968],[128.38466,35.49891],[128.37963,35.49719]]]}},{"type":"Feature","properties":{"h3":"8830c1c10dfffff","emd_code":"4872038000","emd_name":"낙서면","area_km2":0.5386,"edge":false,"slope_mean":20.92,"elev_mean":118.3,"flood_hist_n":0,"flood_depth_max_m":null,"flood_risk_100y":null,"semi_basement_r":null,"elderly_alone_r":0.4853,"bldg_age30_r":null,"shelter_min_walk":181,"pop":653,"hh":443,"elderly65_r":0.6309,"single_hh_r":0.6637,"source_level":"emd","flood_years":[],"landslide_hist_n":0},"geometry":{"type":"Polygon","coordinates":[[[128.36452,35.49202],[128.36368,35.48819],[128.36787,35.48608],[128.3729,35.4878],[128.37375,35.49163],[128.36956,35.49374],[128.36452,35.49202]]]}},{"type":"Feature","properties":{"h3":"8830c1c111fffff","emd_code":"4872038000","emd_name":"낙서면","area_km2":0.5387,"edge":false,"slope_mean":17.62,"elev_mean":63.6,"flood_hist_n":0,"flood_depth_max_m":null,"flood_risk_100y":null,"semi_basement_r":null,"elderly_alone_r":0.4853,"bldg_age30_r":null,"shelter_min_walk":141,"pop":653,"hh":443,"elderly65_r":0.6309,"single_hh_r":0.6637,"source_level":"emd","flood_years":[],"landslide_hist_n":0},"geometry":{"type":"Polygon","coordinates":[[[128.39808,35.49641],[128.39723,35.49258],[128.40142,35.49047],[128.40646,35.49219],[128.40731,35.49602],[128.40312,35.49813],[128.39808,35.49641]]]}},{"type":"Feature","properties":{"h3":"8830c1c113fffff","emd_code":"4872038000","emd_name":"낙서면","area_km2":0.5387,"edge":false,"slope_mean":7.75,"elev_mean":23.7,"flood_hist_n":0,"flood_depth_max_m":null,"flood_risk_100y":null,"semi_basement_r":null,"elderly_alone_r":0.4853,"bldg_age30_r":null,"shelter_min_walk":131,"pop":653,"hh":443,"elderly65_r":0.6309,"single_hh_r":0.6637,"source_level":"emd","flood_years":[],"landslide_hist_n":0},"geometry":{"type":"Polygon","coordinates":[[[128.40731,35.49602],[128.40646,35.49219],[128.41065,35.49008],[128.41569,35.4918],[128.41653,35.49563],[128.41234,35.49774],[128.40731,35.49602]]]}},{"type":"Feature","properties":{"h3":"8830c1c115fffff","emd_code":"4872038000","emd_name":"낙서면","area_km2":0.5388,"edge":false,"slope_mean":17.95,"elev_mean":82.6,"flood_hist_n":0,"flood_depth_max_m":null,"flood_risk_100y":null,"semi_basement_r":null,"elderly_alone_r":0.4853,"bldg_age30_r":null,"shelter_min_walk":153,"pop":653,"hh":443,"elderly65_r":0.6309,"single_hh_r":0.6637,"source_level":"emd","flood_years":[],"landslide_hist_n":0},"geometry":{"type":"Polygon","coordinates":[[[128.3922,35.49086],[128.39135,35.48702],[128.39554,35.48491],[128.40058,35.48663],[128.40142,35.49047],[128.39723,35.49258],[128.3922,35.49086]]]}},{"type":"Feature","properties":{"h3":"8830c1c117fffff","emd_code":"4872038000","emd_name":"낙서면","area_km2":0.5388,"edge":false,"slope_mean":17.81,"elev_mean":75.1,"flood_hist_n":0,"flood_depth_max_m":null,"flood_risk_100y":null,"semi_basement_r":null,"elderly_alone_r":0.4853,"bldg_age30_r":null,"shelter_min_walk":143,"pop":653,"hh":443,"elderly65_r":0.6309,"single_hh_r":0.6637,"source_level":"emd","flood_years":[],"landslide_hist_n":0},"geometry":{"type":"Polygon","coordinates":[[[128.40142,35.49047],[128.40058,35.48663],[128.40477,35.48452],[128.4098,35.48624],[128.41065,35.49008],[128.40646,35.49219],[128.40142,35.49047]]]}},{"type":"Feature","properties":{"h3":"8830c1c119fffff","emd_code":"4872038000","emd_name":"낙서면","area_km2":0.5386,"edge":false,"slope_mean":13.69,"elev_mean":36.6,"flood_hist_n":0,"flood_depth_max_m":null,"flood_risk_100y":null,"semi_basement_r":null,"elderly_alone_r":0.4853,"bldg_age30_r":null,"shelter_min_walk":141,"pop":653,"hh":443,"elderly65_r":0.6309,"single_hh_r":0.6637,"source_level":"emd","flood_years":[],"landslide_hist_n":0},"geometry":{"type":"Polygon","coordinates":[[[128.39474,35.50235],[128.39389,35.49852],[128.39808,35.49641],[128.40312,35.49813],[128.40396,35.50197],[128.39977,35.50408],[128.39474,35.50235]]]}},{"type":"Feature","properties":{"h3":"8830c1c11bfffff","emd_code":"4872038000","emd_name":"낙서면","area_km2":0.5386,"edge":false,"slope_mean":5.29,"elev_mean":13.6,"flood_hist_n":0,"flood_depth_max_m":null,"flood_risk_100y":null,"semi_basement_r":null,"elderly_alone_r":0.4853,"bldg_age30_r":null,"shelter_min_walk":130,"pop":653,"hh":443,"elderly65_r":0.6309,"single_hh_r":0.6637,"source_level":"emd","flood_years":[],"landslide_hist_n":0},"geometry":{"type":"Polygon","coordinates":[[[128.40396,35.50197],[128.40312,35.49813],[128.40731,35.49602],[128.41234,35.49774],[128.41319,35.50158],[128.409,35.50369],[128.40396,35.50197]]]}},{"type":"Feature","properties":{"h3":"8830c1c11dfffff","emd_code":"4872038000","emd_name":"낙서면","area_km2":0.5386,"edge":false,"slope_mean":19.4,"elev_mean":77.1,"flood_hist_n":0,"flood_depth_max_m":null,"flood_risk_100y":null,"semi_basement_r":null,"elderly_alone_r":0.4853,"bldg_age30_r":null,"shelter_min_walk":152,"pop":653,"hh":443,"elderly65_r":0.6309,"single_hh_r":0.6637,"source_level":"emd","flood_years":[],"landslide_hist_n":0},"geometry":{"type":"Polygon","coordinates":[[[128.38885,35.4968],[128.38801,35.49297],[128.3922,35.49086],[128.39723,35.49258],[128.39808,35.49641],[128.39389,35.49852],[128.38885,35.4968]]]}},{"type":"Feature","properties":{"h3":"8830c1c121fffff","emd_code":"4872038000","emd_name":"낙서면","area_km2":0.5389,"edge":false,"slope_mean":24.06,"elev_mean":115.3,"flood_hist_n":0,"flood_depth_max_m":null,"flood_risk_100y":null,"semi_basement_r":null,"elderly_alone_r":0.4853,"bldg_age30_r":null,"shelter_min_walk":152,"pop":653,"hh":443,"elderly65_r":0.6309,"single_hh_r":0.6637,"source_level":"emd","flood_years":[],"landslide_hist_n":0},"geometry":{"type":"Polygon","coordinates":[[[128.36533,35.47457],[128.36448,35.47074],[128.36867,35.46863],[128.37371,35.47035],[128.37455,35.47419],[128.37036,35.4763],[128.36533,35.47457]]]}},{"type":"Feature","properties":{"h3":"8830c1c123fffff","emd_code":"4872038000","emd_name":"낙서면","area_km2":0.539,"edge":false,"slope_mean":16.58,"elev_mean":51.3,"flood_hist_n":0,"flood_depth_max_m":null,"flood_risk_100y":null,"semi_basement_r":null,"elderly_alone_r":0.4853,"bldg_age30_r":null,"shelter_min_walk":150,"pop":653,"hh":443,"elderly65_r":0.6309,"single_hh_r":0.6637,"source_level":"emd","flood_years":[],"landslide_hist_n":0},"geometry":{"type":"Polygon","coordinates":[[[128.37455,35.47419],[128.37371,35.47035],[128.3779,35.46824],[128.38293,35.46996],[128.38378,35.4738],[128.37959,35.47591],[128.37455,35.47419]]]}},{"type":"Feature","properties":{"h3":"8830c1c125fffff","emd_code":"4872039000","emd_name":"부림면","area_km2":0.539,"edge":false,"slope_mean":24.58,"elev_mean":117.6,"flood_hist_n":0,"flood_depth_max_m":null,"flood_risk_100y":null,"semi_basement_r":null,"elderly_alone_r":0.3724,"bldg_age30_r":null,"shelter_min_walk":145,"pop":2522,"hh":1603,"elderly65_r":0.4889,"single_hh_r":0.6138,"source_level":"emd","flood_years":[],"landslide_hist_n":0},"geometry":{"type":"Polygon","coordinates":[[[128.35945,35.46902],[128.3586,35.46518],[128.36279,35.46307],[128.36783,35.46479],[128.36867,35.46863],[128.36448,35.47074],[128.35945,35.46902]]]}},{"type":"Feature","properties":{"h3":"8830c1c127fffff","emd_code":"4872038000","emd_name":"낙서면","area_km2":0.539,"edge":false,"slope_mean":22.1,"elev_mean":80.5,"flood_hist_n":0,"flood_depth_max_m":null,"flood_risk_100y":null,"semi_basement_r":null,"elderly_alone_r":0.4853,"bldg_age30_r":null,"shelter_min_walk":142,"pop":653,"hh":443,"elderly65_r":0.6309,"single_hh_r":0.6637,"source_level":"emd","flood_years":[],"landslide_hist_n":0},"geometry":{"type":"Polygon","coordinates":[[[128.36867,35.46863],[128.36783,35.46479],[128.37201,35.46268],[128.37705,35.4644],[128.3779,35.46824],[128.37371,35.47035],[128.36867,35.46863]]]}},{"type":"Feature","properties":{"h3":"8830c1c129fffff","emd_code":"4872039000","emd_name":"부림면","area_km2":0.5388,"edge":false,"slope_mean":23.75,"elev_mean":111.6,"flood_hist_n":0,"flood_depth_max_m":null,"flood_risk_100y":null,"semi_basement_r":null,"elderly_alone_r":0.3724,"bldg_age30_r":null,"shelter_min_walk":163,"pop":2522,"hh":1603,"elderly65_r":0.4889,"single_hh_r":0.6138,"source_level":"emd","flood_years":[],"landslide_hist_n":0},"geometry":{"type":"Polygon","coordinates":[[[128.36198,35.48052],[128.36114,35.47668],[128.36533,35.47457],[128.37036,35.4763],[128.37121,35.48013],[128.36702,35.48224],[128.36198,35.48052]]]}},{"type":"Feature","properties":{"h3":"8830c1c12bfffff","emd_code":"4872038000","emd_name":"낙서면","area_km2":0.5388,"edge":false,"slope_mean":21.07,"elev_mean":89.7,"flood_hist_n":0,"flood_depth_max_m":null,"flood_risk_100y":null,"semi_basement_r":null,"elderly_alone_r":0.4853,"bldg_age30_r":null,"shelter_min_walk":160,"pop":653,"hh":443,"elderly65_r":0.6309,"single_hh_r":0.6637,"source_level":"emd","flood_years":[],"landslide_hist_n":0},"geometry":{"type":"Polygon","coordinates":[[[128.37121,35.48013],[128.37036,35.4763],[128.37455,35.47419],[128.37959,35.47591],[128.38043,35.47974],[128.37624,35.48185],[128.37121,35.48013]]]}},{"type":"Feature","properties":{"h3":"8830c1c12dfffff","emd_code":"4872039000","emd_name":"부림면","area_km2":0.5389,"edge":false,"slope_mean":14.9,"elev_mean":52.6,"flood_hist_n":0,"flood_depth_max_m":null,"flood_risk_100y":null,"semi_basement_r":null,"elderly_alone_r":0.3724,"bldg_age30_r":null,"shelter_min_walk":155,"pop":2522,"hh":1603,"elderly65_r":0.4889,"single_hh_r":0.6138,"source_level":"emd","flood_years":[],"landslide_hist_n":0},"geometry":{"type":"Polygon","coordinates":[[[128.3561,35.47496],[128.35526,35.47113],[128.35945,35.46902],[128.36448,35.47074],[128.36533,35.47457],[128.36114,35.47668],[128.3561,35.47496]]]}},{"type":"Feature","properties":{"h3":"8830c1c131fffff","emd_code":"4872038000","emd_name":"낙서면","area_km2":0.5389,"edge":false,"slope_mean":21.1,"elev_mean":82.8,"flood_hist_n":0,"flood_depth_max_m":null,"flood_risk_100y":null,"semi_basement_r":null,"elderly_alone_r":0.4853,"bldg_age30_r":null,"shelter_min_walk":158,"pop":653,"hh":443,"elderly65_r":0.6309,"single_hh_r":0.6637,"source_level":"emd","flood_years":[],"landslide_hist_n":0},"geometry":{"type":"Polygon","coordinates":[[[128.38966,35.47935],[128.38881,35.47552],[128.393,35.47341],[128.39804,35.47513],[128.39888,35.47896],[128.3947,35.48108],[128.38966,35.47935]]]}},{"type":"Feature","properties":{"h3":"8830c1c133fffff","emd_code":"4872038000","emd_name":"낙서면","area_km2":0.539,"edge":false,"slope_mean":20.54,"elev_mean":73.3,"flood_hist_n":0,"flood_depth_max_m":null,"flood_risk_100y":null,"semi_basement_r":null,"elderly_alone_r":0.4853,"bldg_age30_r":null,"shelter_min_walk":157,"pop":653,"hh":443,"elderly65_r":0.6309,"single_hh_r":0.6637,"source_level":"emd","flood_years":[],"landslide_hist_n":0},"geometry":{"type":"Polygon","coordinates":[[[128.39888,35.47896],[128.39804,35.47513],[128.40223,35.47302],[128.40726,35.47474],[128.40811,35.47857],[128.40392,35.48069],[128.39888,35.47896]]]}},{"type":"Feature","properties":{"h3":"8830c1c135fffff","emd_code":"4872038000","emd_name":"낙서면","area_km2":0.539,"edge":false,"slope_mean":15.76,"elev_mean":43.5,"flood_hist_n":0,"flood_depth_max_m":null,"flood_risk_100y":null,"semi_basement_r":null,"elderly_alone_r":0.4853,"bldg_age30_r":null,"shelter_min_walk":149,"pop":653,"hh":443,"elderly65_r":0.6309,"single_hh_r":0.6637,"source_level":"emd","flood_years":[],"landslide_hist_n":0},"geometry":{"type":"Polygon","coordinates":[[[128.38378,35.4738],[128.38293,35.46996],[128.38712,35.46785],[128.39216,35.46957],[128.393,35.47341],[128.38881,35.47552],[128.38378,35.4738]]]}},{"type":"Feature","properties":{"h3":"8830c1c137fffff","emd_code":"4872038000","emd_name":"낙서면","area_km2":0.5391,"edge":false,"slope_mean":11.83,"elev_mean":33.3,"flood_hist_n":0,"flood_depth_max_m":null,"flood_risk_100y":null,"semi_basement_r":null,"elderly_alone_r":0.4853,"bldg_age30_r":null,"shelter_min_walk":149,"pop":653,"hh":443,"elderly65_r":0.6309,"single_hh_r":0.6637,"source_level":"emd","flood_years":[],"landslide_hist_n":0},"geometry":{"type":"Polygon","coordinates":[[[128.393,35.47341],[128.39216,35.46957],[128.39635,35.46746],[128.40138,35.46918],[128.40223,35.47302],[128.39804,35.47513],[128.393,35.47341]]]}},{"type":"Feature","properties":{"h3":"8830c1c139fffff","emd_code":"4872038000","emd_name":"낙서면","area_km2":0.5388,"edge":false,"slope_mean":23.08,"elev_mean":105.3,"flood_hist_n":0,"flood_depth_max_m":null,"flood_risk_100y":null,"semi_basement_r":null,"elderly_alone_r":0.4853,"bldg_age30_r":null,"shelter_min_walk":165,"pop":653,"hh":443,"elderly65_r":0.6309,"single_hh_r":0.6637,"source_level":"emd","flood_years":[],"landslide_hist_n":0},"geometry":{"type":"Polygon","coordinates":[[[128.38632,35.4853],[128.38547,35.48147],[128.38966,35.47935],[128.3947,35.48108],[128.39554,35.48491],[128.39135,35.48702],[128.38632,35.4853]]]}},{"type":"Feature","properties":{"h3":"8830c1c13bfffff","emd_code":"4872038000","emd_name":"낙서면","area_km2":0.5389,"edge":false,"slope_mean":22.09,"elev_mean":114.6,"flood_hist_n":0,"flood_depth_max_m":null,"flood_risk_100y":null,"semi_basement_r":null,"elderly_alone_r":0.4853,"bldg_age30_r":null,"shelter_min_walk":155,"pop":653,"hh":443,"elderly65_r":0.6309,"single_hh_r":0.6637,"source_level":"emd","flood_years":[],"landslide_hist_n":0},"geometry":{"type":"Polygon","coordinates":[[[128.39554,35.48491],[128.3947,35.48108],[128.39888,35.47896],[128.40392,35.48069],[128.40477,35.48452],[128.40058,35.48663],[128.39554,35.48491]]]}},{"type":"Feature","properties":{"h3":"8830c1c13dfffff","emd_code":"4872038000","emd_name":"낙서면","area_km2":0.5389,"edge":false,"slope_mean":22.03,"elev_mean":77.2,"flood_hist_n":0,"flood_depth_max_m":null,"flood_risk_100y":null,"semi_basement_r":null,"elderly_alone_r":0.4853,"bldg_age30_r":null,"shelter_min_walk":159,"pop":653,"hh":443,"elderly65_r":0.6309,"single_hh_r":0.6637,"source_level":"emd","flood_years":[],"landslide_hist_n":0},"geometry":{"type":"Polygon","coordinates":[[[128.38043,35.47974],[128.37959,35.47591],[128.38378,35.4738],[128.38881,35.47552],[128.38966,35.47935],[128.38547,35.48147],[128.38043,35.47974]]]}},{"type":"Feature","properties":{"h3":"8830c1c141fffff","emd_code":"4872039000","emd_name":"부림면","area_km2":0.5384,"edge":false,"slope_mean":6.14,"elev_mean":16.3,"flood_hist_n":0,"flood_depth_max_m":null,"flood_risk_100y":null,"semi_basement_r":null,"elderly_alone_r":0.3724,"bldg_age30_r":null,"shelter_min_walk":185,"pop":2522,"hh":1603,"elderly65_r":0.4889,"single_hh_r":0.6138,"source_level":"emd","flood_years":[],"landslide_hist_n":0},"geometry":{"type":"Polygon","coordinates":[[[128.35784,35.5039],[128.35699,35.50007],[128.36118,35.49796],[128.36621,35.49969],[128.36706,35.50352],[128.36287,35.50563],[128.35784,35.5039]]]}},{"type":"Feature","properties":{"h3":"8830c1c143fffff","emd_code":"4872038000","emd_name":"낙서면","area_km2":0.5384,"edge":false,"slope_mean":14.95,"elev_mean":57.7,"flood_hist_n":0,"flood_depth_max_m":null,"flood_risk_100y":null,"semi_basement_r":null,"elderly_alone_r":0.4853,"bldg_age30_r":null,"shelter_min_walk":174,"pop":653,"hh":443,"elderly65_r":0.6309,"single_hh_r":0.6637,"source_level":"emd","flood_years":[],"landslide_hist_n":0},"geometry":{"type":"Polygon","coordinates":[[[128.36706,35.50352],[128.36621,35.49969],[128.3704,35.49758],[128.37544,35.4993],[128.37628,35.50313],[128.3721,35.50524],[128.36706,35.50352]]]}},{"type":"Feature","properties":{"h3":"8830c1c145fffff","emd_code":"4872039000","emd_name":"부림면","area_km2":0.5384,"edge":false,"slope_mean":5.98,"elev_mean":15.3,"flood_hist_n":0,"flood_depth_max_m":null,"flood_risk_100y":null,"semi_basement_r":null,"elderly_alone_r":0.3724,"bldg_age30_r":null,"shelter_min_walk":194,"pop":2522,"hh":1603,"elderly65_r":0.4889,"single_hh_r":0.6138,"source_level":"emd","flood_years":[],"landslide_hist_n":0},"geometry":{"type":"Polygon","coordinates":[[[128.35195,35.49835],[128.35111,35.49452],[128.3553,35.49241],[128.36033,35.49413],[128.36118,35.49796],[128.35699,35.50007],[128.35195,35.49835]]]}},{"type":"Feature","properties":{"h3":"8830c1c147fffff","emd_code":"4872039000","emd_name":"부림면","area_km2":0.5385,"edge":false,"slope_mean":15.98,"elev_mean":63.9,"flood_hist_n":0,"flood_depth_max_m":null,"flood_risk_100y":null,"semi_basement_r":null,"elderly_alone_r":0.3724,"bldg_age30_r":null,"shelter_min_walk":185,"pop":2522,"hh":1603,"elderly65_r":0.4889,"single_hh_r":0.6138,"source_level":"emd","flood_years":[],"landslide_hist_n":0},"geometry":{"type":"Polygon","coordinates":[[[128.36118,35.49796],[128.36033,35.49413],[128.36452,35.49202],[128.36956,35.49374],[128.3704,35.49758],[128.36621,35.49969],[128.36118,35.49796]]]}},{"type":"Feature","properties":{"h3":"8830c1c14bfffff","emd_code":"4872038000","emd_name":"낙서면","area_km2":0.5383,"edge":true,"slope_mean":4.37,"elev_mean":12.0,"flood_hist_n":0,"flood_depth_max_m":null,"flood_risk_100y":null,"semi_basement_r":null,"elderly_alone_r":0.4853,"bldg_age30_r":null,"shelter_min_walk":175,"pop":653,"hh":443,"elderly65_r":0.6309,"single_hh_r":0.6637,"source_level":"emd","flood_years":[],"landslide_hist_n":0},"geometry":{"type":"Polygon","coordinates":[[[128.36372,35.50946],[128.36287,35.50563],[128.36706,35.50352],[128.3721,35.50524],[128.37294,35.50907],[128.36875,35.51118],[128.36372,35.50946]]]}},{"type":"Feature","properties":{"h3":"8830c1c14dfffff","emd_code":"4872039000","emd_name":"부림면","area_km2":0.5383,"edge":true,"slope_mean":6.99,"elev_mean":15.9,"flood_hist_n":0,"flood_depth_max_m":null,"flood_risk_100y":null,"semi_basement_r":null,"elderly_alone_r":0.3724,"bldg_age30_r":null,"shelter_min_walk":197,"pop":2522,"hh":1603,"elderly65_r":0.4889,"single_hh_r":0.6138,"source_level":"emd","flood_years":[],"landslide_hist_n":0},"geometry":{"type":"Polygon","coordinates":[[[128.34861,35.50429],[128.34777,35.50046],[128.35195,35.49835],[128.35699,35.50007],[128.35784,35.5039],[128.35365,35.50601],[128.34861,35.50429]]]}},{"type":"Feature","properties":{"h3":"8830c1c151fffff","emd_code":"4872038000","emd_name":"낙서면","area_km2":0.5384,"edge":false,"slope_mean":16.51,"elev_mean":53.2,"flood_hist_n":0,"flood_depth_max_m":null,"flood_risk_100y":null,"semi_basement_r":null,"elderly_alone_r":0.4853,"bldg_age30_r":null,"shelter_min_walk":152,"pop":653,"hh":443,"elderly65_r":0.6309,"single_hh_r":0.6637,"source_level":"emd","flood_years":[],"landslide_hist_n":0},"geometry":{"type":"Polygon","coordinates":[[[128.38217,35.50869],[128.38132,35.50485],[128.38551,35.50274],[128.39055,35.50447],[128.39139,35.5083],[128.3872,35.51041],[128.38217,35.50869]]]}},{"type":"Feature","properties":{"h3":"8830c1c153fffff","emd_code":"4872038000","emd_name":"낙서면","area_km2":0.5385,"edge":false,"slope_mean":4.98,"elev_mean":12.2,"flood_hist_n":0,"flood_depth_max_m":null,"flood_risk_100y":null,"semi_basement_r":null,"elderly_alone_r":0.4853,"bldg_age30_r":null,"shelter_min_walk":141,"pop":653,"hh":443,"elderly65_r":0.6309,"single_hh_r":0.6637,"source_level":"emd","flood_years":[],"landslide_hist_n":0},"geometry":{"type":"Polygon","coordinates":[[[128.39139,35.5083],[128.39055,35.50447],[128.39474,35.50235],[128.39977,35.50408],[128.40062,35.50791],[128.39643,35.51002],[128.39139,35.5083]]]}},{"type":"Feature","properties":{"h3":"8830c1c155fffff","emd_code":"4872038000","emd_name":"낙서면","area_km2":0.5385,"edge":false,"slope_mean":19.59,"elev_mean":85.7,"flood_hist_n":0,"flood_depth_max_m":null,"flood_risk_100y":null,"semi_basement_r":null,"elderly_alone_r":0.4853,"bldg_age30_r":null,"shelter_min_walk":163,"pop":653,"hh":443,"elderly65_r":0.6309,"single_hh_r":0.6637,"source_level":"emd","flood_years":[],"landslide_hist_n":0},"geometry":{"type":"Polygon","coordinates":[[[128.37628,35.50313],[128.37544,35.4993],[128.37963,35.49719],[128.38466,35.49891],[128.38551,35.50274],[128.38132,35.50485],[128.37628,35.50313]]]}},{"type":"Feature","properties":{"h3":"8830c1c157fffff","emd_code":"4872038000","emd_name":"낙서면","area_km2":0.5385,"edge":false,"slope_mean":16.36,"elev_mean":58.4,"flood_hist_n":0,"flood_depth_max_m":null,"flood_risk_100y":null,"semi_basement_r":null,"elderly_alone_r":0.4853,"bldg_age30_r":null,"shelter_min_walk":152,"pop":653,"hh":443,"elderly65_r":0.6309,"single_hh_r":0.6637,"source_level":"emd","flood_years":[],"landslide_hist_n":0},"geometry":{"type":"Polygon","coordinates":[[[128.38551,35.50274],[128.38466,35.49891],[128.38885,35.4968],[128.39389,35.49852],[128.39474,35.50235],[128.39055,35.50447],[128.38551,35.50274]]]}},{"type":"Feature","properties":{"h3":"8830c1c159fffff","emd_code":"4872038000","emd_name":"낙서면","area_km2":0.5383,"edge":true,"slope_mean":6.21,"elev_mean":19.6,"flood_hist_n":0,"flood_depth_max_m":null,"flood_risk_100y":null,"semi_basement_r":null,"elderly_alone_r":0.4853,"bldg_age30_r":null,"shelter_min_walk":153,"pop":653,"hh":443,"elderly65_r":0.6309,"single_hh_r":0.6637,"source_level":"emd","flood_years":[],"landslide_hist_n":0},"geometry":{"type":"Polygon","coordinates":[[[128.37882,35.51463],[128.37798,35.5108],[128.38217,35.50869],[128.3872,35.51041],[128.38805,35.51424],[128.38386,35.51635],[128.37882,35.51463]]]}},{"type":"Feature","properties":{"h3":"8830c1c15bfffff","emd_code":"4872038000","emd_name":"낙서면","area_km2":0.5384,"edge":true,"slope_mean":2.84,"elev_mean":11.7,"flood_hist_n":0,"flood_depth_max_m":null,"flood_risk_100y":null,"semi_basement_r":null,"elderly_alone_r":0.4853,"bldg_age30_r":null,"shelter_min_walk":141,"pop":653,"hh":443,"elderly65_r":0.6309,"single_hh_r":0.6637,"source_level":"emd","flood_years":[],"landslide_hist_n":0},"geometry":{"type":"Polygon","coordinates":[[[128.38805,35.51424],[128.3872,35.51041],[128.39139,35.5083],[128.39643,35.51002],[128.39728,35.51385],[128.39309,35.51596],[128.38805,35.51424]]]}},{"type":"Feature","properties":{"h3":"8830c1c15dfffff","emd_code":"4872038000","emd_name":"낙서면","area_km2":0.5384,"edge":false,"slope_mean":17.62,"elev_mean":60.9,"flood_hist_n":0,"flood_depth_max_m":null,"flood_risk_100y":null,"semi_basement_r":null,"elderly_alone_r":0.4853,"bldg_age30_r":null,"shelter_min_walk":163,"pop":653,"hh":443,"elderly65_r":0.6309,"single_hh_r":0.6637,"source_level":"emd","flood_years":[],"landslide_hist_n":0},"geometry":{"type":"Polygon","coordinates":[[[128.37294,35.50907],[128.3721,35.50524],[128.37628,35.50313],[128.38132,35.50485],[128.38217,35.50869],[128.37798,35.5108],[128.37294,35.50907]]]}},{"type":"Feature","properties":{"h3":"8830c1c161fffff","emd_code":"4872039000","emd_name":"부림면","area_km2":0.5386,"edge":false,"slope_mean":19.96,"elev_mean":92.5,"flood_hist_n":0,"flood_depth_max_m":null,"flood_risk_100y":null,"semi_basement_r":null,"elderly_alone_r":0.3724,"bldg_age30_r":null,"shelter_min_walk":177,"pop":2522,"hh":1603,"elderly65_r":0.4889,"single_hh_r":0.6138,"source_level":"emd","flood_years":[],"landslide_hist_n":0},"geometry":{"type":"Polygon","coordinates":[[[128.34942,35.48685],[128.34857,35.48302],[128.35276,35.48091],[128.3578,35.48263],[128.35864,35.48646],[128.35445,35.48857],[128.34942,35.48685]]]}},{"type":"Feature","properties":{"h3":"8830c1c163fffff","emd_code":"4872039000","emd_name":"부림면","area_km2":0.5387,"edge":false,"slope_mean":20.41,"elev_mean":103.6,"flood_hist_n":0,"flood_depth_max_m":null,"flood_risk_100y":null,"semi_basement_r":null,"elderly_alone_r":0.3724,"bldg_age30_r":null,"shelter_min_walk":173,"pop":2522,"hh":1603,"elderly65_r":0.4889,"single_hh_r":0.6138,"source_level":"emd","flood_years":[],"landslide_hist_n":0},"geometry":{"type":"Polygon","coordinates":[[[128.35864,35.48646],[128.3578,35.48263],[128.36198,35.48052],[128.36702,35.48224],[128.36787,35.48608],[128.36368,35.48819],[128.35864,35.48646]]]}},{"type":"Feature","properties":{"h3":"8830c1c165fffff","emd_code":"4872039000","emd_name":"부림면","area_km2":0.5387,"edge":false,"slope_mean":5.9,"elev_mean":18.1,"flood_hist_n":0,"flood_depth_max_m":null,"flood_risk_100y":null,"semi_basement_r":null,"elderly_alone_r":0.3724,"bldg_age30_r":null,"shelter_min_walk":170,"pop":2522,"hh":1603,"elderly65_r":0.4889,"single_hh_r":0.6138,"source_level":"emd","flood_years":[],"landslide_hist_n":0},"geometry":{"type":"Polygon","coordinates":[[[128.34354,35.48129],[128.34269,35.47746],[128.34688,35.47535],[128.35192,35.47707],[128.35276,35.48091],[128.34857,35.48302],[128.34354,35.48129]]]}},{"type":"Feature","properties":{"h3":"8830c1c167fffff","emd_code":"4872039000","emd_name":"부림면","area_km2":0.5387,"edge":false,"slope_mean":13.45,"elev_mean":42.7,"flood_hist_n":0,"flood_depth_max_m":null,"flood_risk_100y":null,"semi_basement_r":null,"elderly_alone_r":0.3724,"bldg_age30_r":null,"shelter_min_walk":166,"pop":2522,"hh":1603,"elderly65_r":0.4889,"single_hh_r":0.6138,"source_level":"emd","flood_years":[],"landslide_hist_n":0},"geometry":{"type":"Polygon","coordinates":[[[128.35276,35.48091],[128.35192,35.47707],[128.3561,35.47496],[128.36114,35.47668],[128.36198,35.48052],[128.3578,35.48263],[128.35276,35.48091]]]}},{"type":"Feature","properties":{"h3":"8830c1c169fffff","emd_code":"4872039000","emd_name":"부림면","area_km2":0.5385,"edge":false,"slope_mean":8.4,"elev_mean":23.5,"flood_hist_n":0,"flood_depth_max_m":null,"flood_risk_100y":null,"semi_basement_r":null,"elderly_alone_r":0.3724,"bldg_age30_r":null,"shelter_min_walk":187,"pop":2522,"hh":1603,"elderly65_r":0.4889,"single_hh_r":0.6138,"source_level":"emd","flood_years":[],"landslide_hist_n":0},"geometry":{"type":"Polygon","coordinates":[[[128.34607,35.49279],[128.34523,35.48896],[128.34942,35.48685],[128.35445,35.48857],[128.3553,35.49241],[128.35111,35.49452],[128.34607,35.49279]]]}},{"type":"Feature","properties":{"h3":"8830c1c16bfffff","emd_code":"4872039000","emd_name":"부림면","area_km2":0.5386,"edge":false,"slope_mean":15.81,"elev_mean":61.5,"flood_hist_n":0,"flood_depth_max_m":null,"flood_risk_100y":null,"semi_basement_r":null,"elderly_alone_r":0.3724,"bldg_age30_r":null,"shelter_min_walk":184,"pop":2522,"hh":1603,"elderly65_r":0.4889,"single_hh_r":0.6138,"source_level":"emd","flood_years":[],"landslide_hist_n":0},"geometry":{"type":"Polygon","coordinates":[[[128.3553,35.49241],[128.35445,35.48857],[128.35864,35.48646],[128.36368,35.48819],[128.36452,35.49202],[128.36033,35.49413],[128.3553,35.49241]]]}},{"type":"Feature","properties":{"h3":"8830c1c16dfffff","emd_code":"4872039000","emd_name":"부림면","area_km2":0.5386,"edge":false,"slope_mean":9.69,"elev_mean":28.6,"flood_hist_n":0,"flood_depth_max_m":null,"flood_risk_100y":null,"semi_basement_r":null,"elderly_alone_r":0.3724,"bldg_age30_r":null,"shelter_min_walk":181,"pop":2522,"hh":1603,"elderly65_r":0.4889,"single_hh_r":0.6138,"source_level":"emd","flood_years":[],"landslide_hist_n":0},"geometry":{"type":"Polygon","coordinates":[[[128.34019,35.48724],[128.33935,35.4834],[128.34354,35.48129],[128.34857,35.48302],[128.34942,35.48685],[128.34523,35.48896],[128.34019,35.48724]]]}},{"type":"Feature","properties":{"h3":"8830c1c1c5fffff","emd_code":"4872038000","emd_name":"낙서면","area_km2":0.5388,"edge":false,"slope_mean":4.24,"elev_mean":10.7,"flood_hist_n":1,"flood_depth_max_m":1.99,"flood_risk_100y":null,"semi_basement_r":null,"elderly_alone_r":0.4853,"bldg_age30_r":null,"shelter_min_walk":121,"pop":653,"hh":443,"elderly65_r":0.6309,"single_hh_r":0.6637,"source_level":"emd","flood_years":[2012],"landslide_hist_n":0},"geometry":{"type":"Polygon","coordinates":[[[128.41653,35.49563],[128.41569,35.4918],[128.41988,35.48969],[128.42491,35.49141],[128.42576,35.49524],[128.42157,35.49735],[128.41653,35.49563]]]}},{"type":"Feature","properties":{"h3":"8830c1c1cdfffff","emd_code":"4872038000","emd_name":"낙서면","area_km2":0.5387,"edge":true,"slope_mean":5.03,"elev_mean":14.1,"flood_hist_n":1,"flood_depth_max_m":1.99,"flood_risk_100y":null,"semi_basement_r":null,"elderly_alone_r":0.4853,"bldg_age30_r":null,"shelter_min_walk":119,"pop":653,"hh":443,"elderly65_r":0.6309,"single_hh_r":0.6637,"source_level":"emd","flood_years":[2012],"landslide_hist_n":0},"geometry":{"type":"Polygon","coordinates":[[[128.41319,35.50158],[128.41234,35.49774],[128.41653,35.49563],[128.42157,35.49735],[128.42242,35.50118],[128.41823,35.5033],[128.41319,35.50158]]]}},{"type":"Feature","properties":{"h3":"8830c1c1e1fffff","emd_code":"4872038000","emd_name":"낙서면","area_km2":0.539,"edge":false,"slope_mean":2.09,"elev_mean":10.4,"flood_hist_n":0,"flood_depth_max_m":null,"flood_risk_100y":null,"semi_basement_r":null,"elderly_alone_r":0.4853,"bldg_age30_r":null,"shelter_min_walk":136,"pop":653,"hh":443,"elderly65_r":0.6309,"single_hh_r":0.6637,"source_level":"emd","flood_years":[],"landslide_hist_n":0},"geometry":{"type":"Polygon","coordinates":[[[128.41399,35.48413],[128.41315,35.4803],[128.41734,35.47818],[128.42237,35.4799],[128.42322,35.48374],[128.41903,35.48585],[128.41399,35.48413]]]}},{"type":"Feature","properties":{"h3":"8830c1c1e3fffff","emd_code":"4872038000","emd_name":"낙서면","area_km2":0.539,"edge":true,"slope_mean":14.73,"elev_mean":56.9,"flood_hist_n":0,"flood_depth_max_m":null,"flood_risk_100y":null,"semi_basement_r":null,"elderly_alone_r":0.4853,"bldg_age30_r":null,"shelter_min_walk":128,"pop":653,"hh":443,"elderly65_r":0.6309,"single_hh_r":0.6637,"source_level":"emd","flood_years":[],"landslide_hist_n":0},"geometry":{"type":"Polygon","coordinates":[[[128.42322,35.48374],[128.42237,35.4799],[128.42656,35.47779],[128.4316,35.47951],[128.43245,35.48335],[128.42826,35.48546],[128.42322,35.48374]]]}},{"type":"Feature","properties":{"h3":"8830c1c1e5fffff","emd_code":"4872038000","emd_name":"낙서면","area_km2":0.539,"edge":false,"slope_mean":4.07,"elev_mean":14.6,"flood_hist_n":0,"flood_depth_max_m":null,"flood_risk_100y":null,"semi_basement_r":null,"elderly_alone_r":0.4853,"bldg_age30_r":null,"shelter_min_walk":148,"pop":653,"hh":443,"elderly65_r":0.6309,"single_hh_r":0.6637,"source_level":"emd","flood_years":[],"landslide_hist_n":0},"geometry":{"type":"Polygon","coordinates":[[[128.40811,35.47857],[128.40726,35.47474],[128.41145,35.47263],[128.41649,35.47435],[128.41734,35.47818],[128.41315,35.4803],[128.40811,35.47857]]]}},{"type":"Feature","properties":{"h3":"8830c1c1e7fffff","emd_code":"4872038000","emd_name":"낙서면","area_km2":0.5391,"edge":true,"slope_mean":13.43,"elev_mean":44.6,"flood_hist_n":0,"flood_depth_max_m":null,"flood_risk_100y":null,"semi_basement_r":null,"elderly_alone_r":0.4853,"bldg_age30_r":null,"shelter_min_walk":140,"pop":653,"hh":443,"elderly65_r":0.6309,"single_hh_r":0.6637,"source_level":"emd","flood_years":[],"landslide_hist_n":0},"geometry":{"type":"Polygon","coordinates":[[[128.41734,35.47818],[128.41649,35.47435],[128.42068,35.47224],[128.42572,35.47396],[128.42656,35.47779],[128.42237,35.4799],[128.41734,35.47818]]]}},{"type":"Feature","properties":{"h3":"8830c1c1e9fffff","emd_code":"4872038000","emd_name":"낙서면","area_km2":0.5389,"edge":false,"slope_mean":6.22,"elev_mean":20.8,"flood_hist_n":0,"flood_depth_max_m":null,"flood_risk_100y":null,"semi_basement_r":null,"elderly_alone_r":0.4853,"bldg_age30_r":null,"shelter_min_walk":133,"pop":653,"hh":443,"elderly65_r":0.6309,"single_hh_r":0.6637,"source_level":"emd","flood_years":[],"landslide_hist_n":0},"geometry":{"type":"Polygon","coordinates":[[[128.41065,35.49008],[128.4098,35.48624],[128.41399,35.48413],[128.41903,35.48585],[128.41988,35.48969],[128.41569,35.4918],[128.41065,35.49008]]]}},{"type":"Feature","properties":{"h3":"8830c1c1ebfffff","emd_code":"4872038000","emd_name":"낙서면","area_km2":0.5389,"edge":false,"slope_mean":6.96,"elev_mean":18.0,"flood_hist_n":0,"flood_depth_max_m":null,"flood_risk_100y":null,"semi_basement_r":null,"elderly_alone_r":0.4853,"bldg_age30_r":null,"shelter_min_walk":124,"pop":653,"hh":443,"elderly65_r":0.6309,"single_hh_r":0.6637,"source_level":"emd","flood_years":[],"landslide_hist_n":0},"geometry":{"type":"Polygon","coordinates":[[[128.41988,35.48969],[128.41903,35.48585],[128.42322,35.48374],[128.42826,35.48546],[128.4291,35.48929],[128.42491,35.49141],[128.41988,35.48969]]]}},{"type":"Feature","properties":{"h3":"8830c1c1edfffff","emd_code":"4872038000","emd_name":"낙서면","area_km2":0.5389,"edge":false,"slope_mean":12.24,"elev_mean":35.2,"flood_hist_n":0,"flood_depth_max_m":null,"flood_risk_100y":null,"semi_basement_r":null,"elderly_alone_r":0.4853,"bldg_age30_r":null,"shelter_min_walk":145,"pop":653,"hh":443,"elderly65_r":0.6309,"single_hh_r":0.6637,"source_level":"emd","flood_years":[],"landslide_hist_n":0},"geometry":{"type":"Polygon","coordinates":[[[128.40477,35.48452],[128.40392,35.48069],[128.40811,35.47857],[128.41315,35.4803],[128.41399,35.48413],[128.4098,35.48624],[128.40477,35.48452]]]}},{"type":"Feature","properties":{"h3":"8830c1c325fffff","emd_code":"4872039000","emd_name":"부림면","area_km2":0.5382,"edge":true,"slope_mean":24.0,"elev_mean":140.2,"flood_hist_n":0,"flood_depth_max_m":null,"flood_risk_100y":null,"semi_basement_r":null,"elderly_alone_r":0.3724,"bldg_age30_r":null,"shelter_min_walk":209,"pop":2522,"hh":1603,"elderly65_r":0.4889,"single_hh_r":0.6138,"source_level":"emd","flood_years":[],"landslide_hist_n":0},"geometry":{"type":"Polygon","coordinates":[[[128.33604,35.51062],[128.3352,35.50678],[128.33939,35.50468],[128.34442,35.5064],[128.34527,35.51023],[128.34108,35.51234],[128.33604,35.51062]]]}},{"type":"Feature","properties":{"h3":"8830c1c331fffff","emd_code":"4872038000","emd_name":"낙서면","area_km2":0.5381,"edge":true,"slope_mean":6.03,"elev_mean":14.2,"flood_hist_n":0,"flood_depth_max_m":null,"flood_risk_100y":null,"semi_basement_r":null,"elderly_alone_r":0.4853,"bldg_age30_r":null,"shelter_min_walk":165,"pop":653,"hh":443,"elderly65_r":0.6309,"single_hh_r":0.6637,"source_level":"emd","flood_years":[],"landslide_hist_n":0},"geometry":{"type":"Polygon","coordinates":[[[128.36625,35.52095],[128.36541,35.51712],[128.3696,35.51501],[128.37463,35.51674],[128.37548,35.52057],[128.37129,35.52268],[128.36625,35.52095]]]}},{"type":"Feature","properties":{"h3":"8830c1c333fffff","emd_code":"4872038000","emd_name":"낙서면","area_km2":0.5382,"edge":true,"slope_mean":5.04,"elev_mean":17.0,"flood_hist_n":1,"flood_depth_max_m":1.99,"flood_risk_100y":null,"semi_basement_r":null,"elderly_alone_r":0.4853,"bldg_age30_r":null,"shelter_min_walk":154,"pop":653,"hh":443,"elderly65_r":0.6309,"single_hh_r":0.6637,"source_level":"emd","flood_years":[2012],"landslide_hist_n":0},"geometry":{"type":"Polygon","coordinates":[[[128.37548,35.52057],[128.37463,35.51674],[128.37882,35.51463],[128.38386,35.51635],[128.38471,35.52018],[128.38052,35.52229],[128.37548,35.52057]]]}},{"type":"Feature","properties":{"h3":"8830c1c337fffff","emd_code":"4872038000","emd_name":"낙서면","area_km2":0.5383,"edge":false,"slope_mean":6.37,"elev_mean":16.8,"flood_hist_n":0,"flood_depth_max_m":null,"flood_risk_100y":null,"semi_basement_r":null,"elderly_alone_r":0.4853,"bldg_age30_r":null,"shelter_min_walk":164,"pop":653,"hh":443,"elderly65_r":0.6309,"single_hh_r":0.6637,"source_level":"emd","flood_years":[],"landslide_hist_n":0},"geometry":{"type":"Polygon","coordinates":[[[128.3696,35.51501],[128.36875,35.51118],[128.37294,35.50907],[128.37798,35.5108],[128.37882,35.51463],[128.37463,35.51674],[128.3696,35.51501]]]}},{"type":"Feature","properties":{"h3":"8830c1c801fffff","emd_code":"4872037000","emd_name":"지정면","area_km2":0.5399,"edge":false,"slope_mean":22.78,"elev_mean":127.6,"flood_hist_n":0,"flood_depth_max_m":null,"flood_risk_100y":null,"semi_basement_r":null,"elderly_alone_r":0.4002,"bldg_age30_r":null,"shelter_min_walk":59,"pop":1708,"hh":1132,"elderly65_r":0.5726,"single_hh_r":0.6246,"source_level":"emd","flood_years":[],"landslide_hist_n":0},"geometry":{"type":"Polygon","coordinates":[[[128.35599,35.41107],[128.35514,35.40723],[128.35933,35.40511],[128.36436,35.40684],[128.36521,35.41068],[128.36102,35.41279],[128.35599,35.41107]]]}},{"type":"Feature","properties":{"h3":"8830c1c803fffff","emd_code":"4872037000","emd_name":"지정면","area_km2":0.54,"edge":false,"slope_mean":23.32,"elev_mean":151.9,"flood_hist_n":0,"flood_depth_max_m":null,"flood_risk_100y":null,"semi_basement_r":null,"elderly_alone_r":0.4002,"bldg_age30_r":null,"shelter_min_walk":51,"pop":1708,"hh":1132,"elderly65_r":0.5726,"single_hh_r":0.6246,"source_level":"emd","flood_years":[],"landslide_hist_n":0},"geometry":{"type":"Polygon","coordinates":[[[128.36521,35.41068],[128.36436,35.40684],[128.36855,35.40472],[128.37359,35.40645],[128.37443,35.41029],[128.37024,35.4124],[128.36521,35.41068]]]}},{"type":"Feature","properties":{"h3":"8830c1c805fffff","emd_code":"4872036000","emd_name":"정곡면","area_km2":0.54,"edge":false,"slope_mean":22.02,"elev_mean":140.8,"flood_hist_n":0,"flood_depth_max_m":null,"flood_risk_100y":null,"semi_basement_r":null,"elderly_alone_r":0.4069,"bldg_age30_r":null,"shelter_min_walk":58,"pop":1287,"hh":875,"elderly65_r":0.5789,"single_hh_r":0.6366,"source_level":"emd","flood_years":[],"landslide_hist_n":0},"geometry":{"type":"Polygon","coordinates":[[[128.35011,35.4055],[128.34926,35.40166],[128.35345,35.39955],[128.35848,35.40127],[128.35933,35.40511],[128.35514,35.40723],[128.35011,35.4055]]]}},{"type":"Feature","properties":{"h3":"8830c1c807fffff","emd_code":"4872037000","emd_name":"지정면","area_km2":0.54,"edge":false,"slope_mean":20.65,"elev_mean":99.6,"flood_hist_n":0,"flood_depth_max_m":null,"flood_risk_100y":null,"semi_basement_r":null,"elderly_alone_r":0.4002,"bldg_age30_r":null,"shelter_min_walk":48,"pop":1708,"hh":1132,"elderly65_r":0.5726,"single_hh_r":0.6246,"source_level":"emd","flood_years":[],"landslide_hist_n":0},"geometry":{"type":"Polygon","coordinates":[[[128.35933,35.40511],[128.35848,35.40127],[128.36267,35.39916],[128.36771,35.40088],[128.36855,35.40472],[128.36436,35.40684],[128.35933,35.40511]]]}},{"type":"Feature","properties":{"h3":"8830c1c809fffff","emd_code":"4872037000","emd_name":"지정면","area_km2":0.5398,"edge":false,"slope_mean":21.7,"elev_mean":174.3,"flood_hist_n":0,"flood_depth_max_m":null,"flood_risk_100y":null,"semi_basement_r":null,"elderly_alone_r":0.4002,"bldg_age30_r":null,"shelter_min_walk":69,"pop":1708,"hh":1132,"elderly65_r":0.5726,"single_hh_r":0.6246,"source_level":"emd","flood_years":[],"landslide_hist_n":0},"geometry":{"type":"Polygon","coordinates":[[[128.35264,35.41702],[128.3518,35.41318],[128.35599,35.41107],[128.36102,35.41279],[128.36186,35.41663],[128.35768,35.41875],[128.35264,35.41702]]]}},{"type":"Feature","properties":{"h3":"8830c1c80bfffff","emd_code":"4872037000","emd_name":"지정면","area_km2":0.5399,"edge":false,"slope_mean":23.78,"elev_mean":159.4,"flood_hist_n":0,"flood_depth_max_m":null,"flood_risk_100y":null,"semi_basement_r":null,"elderly_alone_r":0.4002,"bldg_age30_r":null,"shelter_min_walk":62,"pop":1708,"hh":1132,"elderly65_r":0.5726,"single_hh_r":0.6246,"source_level":"emd","flood_years":[],"landslide_hist_n":0},"geometry":{"type":"Polygon","coordinates":[[[128.36186,35.41663],[128.36102,35.41279],[128.36521,35.41068],[128.37024,35.4124],[128.37109,35.41624],[128.3669,35.41836],[128.36186,35.41663]]]}},{"type":"Feature","properties":{"h3":"8830c1c80dfffff","emd_code":"4872037000","emd_name":"지정면","area_km2":0.5399,"edge":false,"slope_mean":22.13,"elev_mean":149.1,"flood_hist_n":0,"flood_depth_max_m":null,"flood_risk_100y":null,"semi_basement_r":null,"elderly_alone_r":0.4002,"bldg_age30_r":null,"shelter_min_walk":68,"pop":1708,"hh":1132,"elderly65_r":0.5726,"single_hh_r":0.6246,"source_level":"emd","flood_years":[],"landslide_hist_n":0},"geometry":{"type":"Polygon","coordinates":[[[128.34676,35.41146],[128.34592,35.40762],[128.35011,35.4055],[128.35514,35.40723],[128.35599,35.41107],[128.3518,35.41318],[128.34676,35.41146]]]}},{"type":"Feature","properties":{"h3":"8830c1c811fffff","emd_code":"4872037000","emd_name":"지정면","area_km2":0.54,"edge":false,"slope_mean":23.26,"elev_mean":144.9,"flood_hist_n":0,"flood_depth_max_m":null,"flood_risk_100y":null,"semi_basement_r":null,"elderly_alone_r":0.4002,"bldg_age30_r":null,"shelter_min_walk":53,"pop":1708,"hh":1132,"elderly65_r":0.5726,"single_hh_r":0.6246,"source_level":"emd","flood_years":[],"landslide_hist_n":0},"geometry":{"type":"Polygon","coordinates":[[[128.38031,35.41585],[128.37947,35.41201],[128.38365,35.4099],[128.38869,35.41162],[128.38954,35.41546],[128.38535,35.41758],[128.38031,35.41585]]]}},{"type":"Feature","properties":{"h3":"8830c1c813fffff","emd_code":"4872037000","emd_name":"지정면","area_km2":0.54,"edge":false,"slope_mean":24.25,"elev_mean":164.2,"flood_hist_n":0,"flood_depth_max_m":null,"flood_risk_100y":null,"semi_basement_r":null,"elderly_alone_r":0.4002,"bldg_age30_r":null,"shelter_min_walk":52,"pop":1708,"hh":1132,"elderly65_r":0.5726,"single_hh_r":0.6246,"source_level":"emd","flood_years":[],"landslide_hist_n":0},"geometry":{"type":"Polygon","coordinates":[[[128.38954,35.41546],[128.38869,35.41162],[128.39288,35.40951],[128.39791,35.41123],[128.39876,35.41507],[128.39457,35.41719],[128.38954,35.41546]]]}},{"type":"Feature","properties":{"h3":"8830c1c815fffff","emd_code":"4872037000","emd_name":"지정면","area_km2":0.54,"edge":false,"slope_mean":23.6,"elev_mean":148.8,"flood_hist_n":0,"flood_depth_max_m":null,"flood_risk_100y":null,"semi_basement_r":null,"elderly_alone_r":0.4002,"bldg_age30_r":null,"shelter_min_walk":45,"pop":1708,"hh":1132,"elderly65_r":0.5726,"single_hh_r":0.6246,"source_level":"emd","flood_years":[],"landslide_hist_n":0},"geometry":{"type":"Polygon","coordinates":[[[128.37443,35.41029],[128.37359,35.40645],[128.37777,35.40433],[128.38281,35.40606],[128.38365,35.4099],[128.37947,35.41201],[128.37443,35.41029]]]}},{"type":"Feature","properties":{"h3":"8830c1c817fffff","emd_code":"4872037000","emd_name":"지정면","area_km2":0.5401,"edge":false,"slope_mean":25.2,"elev_mean":123.8,"flood_hist_n":0,"flood_depth_max_m":null,"flood_risk_100y":null,"semi_basement_r":null,"elderly_alone_r":0.4002,"bldg_age30_r":null,"shelter_min_walk":43,"pop":1708,"hh":1132,"elderly65_r":0.5726,"single_hh_r":0.6246,"source_level":"emd","flood_years":[],"landslide_hist_n":0},"geometry":{"type":"Polygon","coordinates":[[[128.38365,35.4099],[128.38281,35.40606],[128.387,35.40394],[128.39203,35.40567],[128.39288,35.40951],[128.38869,35.41162],[128.38365,35.4099]]]}},{"type":"Feature","properties":{"h3":"8830c1c819fffff","emd_code":"4872037000","emd_name":"지정면","area_km2":0.5398,"edge":false,"slope_mean":22.86,"elev_mean":128.8,"flood_hist_n":0,"flood_depth_max_m":null,"flood_risk_100y":null,"semi_basement_r":null,"elderly_alone_r":0.4002,"bldg_age30_r":null,"shelter_min_walk":63,"pop":1708,"hh":1132,"elderly65_r":0.5726,"single_hh_r":0.6246,"source_level":"emd","flood_years":[],"landslide_hist_n":0},"geometry":{"type":"Polygon","coordinates":[[[128.37697,35.42181],[128.37612,35.41797],[128.38031,35.41585],[128.38535,35.41758],[128.38619,35.42142],[128.382,35.42353],[128.37697,35.42181]]]}},{"type":"Feature","properties":{"h3":"8830c1c81bfffff","emd_code":"4872037000","emd_name":"지정면","area_km2":0.5399,"edge":false,"slope_mean":25.5,"elev_mean":156.3,"flood_hist_n":0,"flood_depth_max_m":null,"flood_risk_100y":null,"semi_basement_r":null,"elderly_alone_r":0.4002,"bldg_age30_r":null,"shelter_min_walk":62,"pop":1708,"hh":1132,"elderly65_r":0.5726,"single_hh_r":0.6246,"source_level":"emd","flood_years":[],"landslide_hist_n":0},"geometry":{"type":"Polygon","coordinates":[[[128.38619,35.42142],[128.38535,35.41758],[128.38954,35.41546],[128.39457,35.41719],[128.39542,35.42102],[128.39123,35.42314],[128.38619,35.42142]]]}},{"type":"Feature","properties":{"h3":"8830c1c81dfffff","emd_code":"4872037000","emd_name":"지정면","area_km2":0.5399,"edge":false,"slope_mean":23.35,"elev_mean":148.5,"flood_hist_n":0,"flood_depth_max_m":null,"flood_risk_100y":null,"semi_basement_r":null,"elderly_alone_r":0.4002,"bldg_age30_r":null,"shelter_min_walk":56,"pop":1708,"hh":1132,"elderly65_r":0.5726,"single_hh_r":0.6246,"source_level":"emd","flood_years":[],"landslide_hist_n":0},"geometry":{"type":"Polygon","coordinates":[[[128.37109,35.41624],[128.37024,35.4124],[128.37443,35.41029],[128.37947,35.41201],[128.38031,35.41585],[128.37612,35.41797],[128.37109,35.41624]]]}},{"type":"Feature","properties":{"h3":"8830c1c821fffff","emd_code":"4872037000","emd_name":"지정면","area_km2":0.5402,"edge":false,"slope_mean":20.55,"elev_mean":148.5,"flood_hist_n":0,"flood_depth_max_m":null,"flood_risk_100y":null,"semi_basement_r":null,"elderly_alone_r":0.4002,"bldg_age30_r":null,"shelter_min_walk":52,"pop":1708,"hh":1132,"elderly65_r":0.5726,"single_hh_r":0.6246,"source_level":"emd","flood_years":[],"landslide_hist_n":0},"geometry":{"type":"Polygon","coordinates":[[[128.34757,35.39398],[128.34672,35.39014],[128.35091,35.38803],[128.35595,35.38975],[128.35679,35.39359],[128.3526,35.39571],[128.34757,35.39398]]]}},{"type":"Feature","properties":{"h3":"8830c1c823fffff","emd_code":"4872037000","emd_name":"지정면","area_km2":0.5402,"edge":false,"slope_mean":22.4,"elev_mean":150.0,"flood_hist_n":0,"flood_depth_max_m":null,"flood_risk_100y":null,"semi_basement_r":null,"elderly_alone_r":0.4002,"bldg_age30_r":null,"shelter_min_walk":40,"pop":1708,"hh":1132,"elderly65_r":0.5726,"single_hh_r":0.6246,"source_level":"emd","flood_years":[],"landslide_hist_n":0},"geometry":{"type":"Polygon","coordinates":[[[128.35679,35.39359],[128.35595,35.38975],[128.36013,35.38764],[128.36517,35.38936],[128.36601,35.3932],[128.36183,35.39532],[128.35679,35.39359]]]}},{"type":"Feature","properties":{"h3":"8830c1c825fffff","emd_code":"4872036000","emd_name":"정곡면","area_km2":0.5402,"edge":false,"slope_mean":17.91,"elev_mean":84.4,"flood_hist_n":0,"flood_depth_max_m":null,"flood_risk_100y":null,"semi_basement_r":null,"elderly_alone_r":0.4069,"bldg_age30_r":null,"shelter_min_walk":58,"pop":1287,"hh":875,"elderly65_r":0.5789,"single_hh_r":0.6366,"source_level":"emd","flood_years":[],"landslide_hist_n":0},"geometry":{"type":"Polygon","coordinates":[[[128.34169,35.38842],[128.34084,35.38457],[128.34503,35.38246],[128.35007,35.38419],[128.35091,35.38803],[128.34672,35.39014],[128.34169,35.38842]]]}},{"type":"Feature","properties":{"h3":"8830c1c827fffff","emd_code":"4872037000","emd_name":"지정면","area_km2":0.5403,"edge":false,"slope_mean":22.87,"elev_mean":142.9,"flood_hist_n":0,"flood_depth_max_m":null,"flood_risk_100y":null,"semi_basement_r":null,"elderly_alone_r":0.4002,"bldg_age30_r":null,"shelter_min_walk":46,"pop":1708,"hh":1132,"elderly65_r":0.5726,"single_hh_r":0.6246,"source_level":"emd","flood_years":[],"landslide_hist_n":0},"geometry":{"type":"Polygon","coordinates":[[[128.35091,35.38803],[128.35007,35.38419],[128.35425,35.38207],[128.35929,35.3838],[128.36013,35.38764],[128.35595,35.38975],[128.35091,35.38803]]]}},{"type":"Feature","properties":{"h3":"8830c1c829fffff","emd_code":"4872036000","emd_name":"정곡면","area_km2":0.5401,"edge":false,"slope_mean":18.33,"elev_mean":119.9,"flood_hist_n":0,"flood_depth_max_m":null,"flood_risk_100y":null,"semi_basement_r":null,"elderly_alone_r":0.4069,"bldg_age30_r":null,"shelter_min_walk":60,"pop":1287,"hh":875,"elderly65_r":0.5789,"single_hh_r":0.6366,"source_level":"emd","flood_years":[],"landslide_hist_n":0},"geometry":{"type":"Polygon","coordinates":[[[128.34423,35.39994],[128.34338,35.3961],[128.34757,35.39398],[128.3526,35.39571],[128.35345,35.39955],[128.34926,35.40166],[128.34423,35.39994]]]}},{"type":"Feature","properties":{"h3":"8830c1c82bfffff","emd_code":"4872037000","emd_name":"지정면","area_km2":0.5401,"edge":false,"slope_mean":22.08,"elev_mean":153.5,"flood_hist_n":0,"flood_depth_max_m":null,"flood_risk_100y":null,"semi_basement_r":null,"elderly_alone_r":0.4002,"bldg_age30_r":null,"shelter_min_walk":49,"pop":1708,"hh":1132,"elderly65_r":0.5726,"single_hh_r":0.6246,"source_level":"emd","flood_years":[],"landslide_hist_n":0},"geometry":{"type":"Polygon","coordinates":[[[128.35345,35.39955],[128.3526,35.39571],[128.35679,35.39359],[128.36183,35.39532],[128.36267,35.39916],[128.35848,35.40127],[128.35345,35.39955]]]}},{"type":"Feature","properties":{"h3":"8830c1c82dfffff","emd_code":"4872036000","emd_name":"정곡면","area_km2":0.5401,"edge":false,"slope_mean":18.35,"elev_mean":74.5,"flood_hist_n":0,"flood_depth_max_m":null,"flood_risk_100y":null,"semi_basement_r":null,"elderly_alone_r":0.4069,"bldg_age30_r":null,"shelter_min_walk":64,"pop":1287,"hh":875,"elderly65_r":0.5789,"single_hh_r":0.6366,"source_level":"emd","flood_years":[],"landslide_hist_n":0},"geometry":{"type":"Polygon","coordinates":[[[128.33835,35.39437],[128.3375,35.39053],[128.34169,35.38842],[128.34672,35.39014],[128.34757,35.39398],[128.34338,35.3961],[128.33835,35.39437]]]}},{"type":"Feature","properties":{"h3":"8830c1c831fffff","emd_code":"4872037000","emd_name":"지정면","area_km2":0.5402,"edge":false,"slope_mean":21.81,"elev_mean":97.2,"flood_hist_n":0,"flood_depth_max_m":null,"flood_risk_100y":null,"semi_basement_r":null,"elderly_alone_r":0.4002,"bldg_age30_r":null,"shelter_min_walk":29,"pop":1708,"hh":1132,"elderly65_r":0.5726,"single_hh_r":0.6246,"source_level":"emd","flood_years":[],"landslide_hist_n":0},"geometry":{"type":"Polygon","coordinates":[[[128.37189,35.39877],[128.37105,35.39493],[128.37524,35.39281],[128.38027,35.39454],[128.38112,35.39838],[128.37693,35.40049],[128.37189,35.39877]]]}},{"type":"Feature","properties":{"h3":"8830c1c833fffff","emd_code":"4872037000","emd_name":"지정면","area_km2":0.5403,"edge":false,"slope_mean":23.16,"elev_mean":141.8,"flood_hist_n":0,"flood_depth_max_m":null,"flood_risk_100y":null,"semi_basement_r":null,"elderly_alone_r":0.4002,"bldg_age30_r":null,"shelter_min_walk":24,"pop":1708,"hh":1132,"elderly65_r":0.5726,"single_hh_r":0.6246,"source_level":"emd","flood_years":[],"landslide_hist_n":0},"geometry":{"type":"Polygon","coordinates":[[[128.38112,35.39838],[128.38027,35.39454],[128.38446,35.39242],[128.38949,35.39415],[128.39034,35.39799],[128.38615,35.4001],[128.38112,35.39838]]]}},{"type":"Feature","properties":{"h3":"8830c1c835fffff","emd_code":"4872037000","emd_name":"지정면","area_km2":0.5403,"edge":false,"slope_mean":22.98,"elev_mean":111.1,"flood_hist_n":0,"flood_depth_max_m":null,"flood_risk_100y":null,"semi_basement_r":null,"elderly_alone_r":0.4002,"bldg_age30_r":null,"shelter_min_walk":29,"pop":1708,"hh":1132,"elderly65_r":0.5726,"single_hh_r":0.6246,"source_level":"emd","flood_years":[],"landslide_hist_n":0},"geometry":{"type":"Polygon","coordinates":[[[128.36601,35.3932],[128.36517,35.38936],[128.36936,35.38725],[128.37439,35.38897],[128.37524,35.39281],[128.37105,35.39493],[128.36601,35.3932]]]}},{"type":"Feature","properties":{"h3":"8830c1c837fffff","emd_code":"4872037000","emd_name":"지정면","area_km2":0.5403,"edge":false,"slope_mean":17.79,"elev_mean":60.2,"flood_hist_n":0,"flood_depth_max_m":null,"flood_risk_100y":null,"semi_basement_r":null,"elderly_alone_r":0.4002,"bldg_age30_r":null,"shelter_min_walk":19,"pop":1708,"hh":1132,"elderly65_r":0.5726,"single_hh_r":0.6246,"source_level":"emd","flood_years":[],"landslide_hist_n":0},"geometry":{"type":"Polygon","coordinates":[[[128.37524,35.39281],[128.37439,35.38897],[128.37858,35.38686],[128.38361,35.38858],[128.38446,35.39242],[128.38027,35.39454],[128.37524,35.39281]]]}},{"type":"Feature","properties":{"h3":"8830c1c839fffff","emd_code":"4872037000","emd_name":"지정면","area_km2":0.5401,"edge":false,"slope_mean":21.98,"elev_mean":115.3,"flood_hist_n":0,"flood_depth_max_m":null,"flood_risk_100y":null,"semi_basement_r":null,"elderly_alone_r":0.4002,"bldg_age30_r":null,"shelter_min_walk":40,"pop":1708,"hh":1132,"elderly65_r":0.5726,"single_hh_r":0.6246,"source_level":"emd","flood_years":[],"landslide_hist_n":0},"geometry":{"type":"Polygon","coordinates":[[[128.36855,35.40472],[128.36771,35.40088],[128.37189,35.39877],[128.37693,35.40049],[128.37777,35.40433],[128.37359,35.40645],[128.36855,35.40472]]]}},{"type":"Feature","properties":{"h3":"8830c1c83bfffff","emd_code":"4872037000","emd_name":"지정면","area_km2":0.5401,"edge":false,"slope_mean":23.45,"elev_mean":165.9,"flood_hist_n":0,"flood_depth_max_m":null,"flood_risk_100y":null,"semi_basement_r":null,"elderly_alone_r":0.4002,"bldg_age30_r":null,"shelter_min_walk":35,"pop":1708,"hh":1132,"elderly65_r":0.5726,"single_hh_r":0.6246,"source_level":"emd","flood_years":[],"landslide_hist_n":0},"geometry":{"type":"Polygon","coordinates":[[[128.37777,35.40433],[128.37693,35.40049],[128.38112,35.39838],[128.38615,35.4001],[128.387,35.40394],[128.38281,35.40606],[128.37777,35.40433]]]}},{"type":"Feature","properties":{"h3":"8830c1c83dfffff","emd_code":"4872037000","emd_name":"지정면","area_km2":0.5402,"edge":false,"slope_mean":22.55,"elev_mean":121.6,"flood_hist_n":0,"flood_depth_max_m":null,"flood_risk_100y":null,"semi_basement_r":null,"elderly_alone_r":0.4002,"bldg_age30_r":null,"shelter_min_walk":38,"pop":1708,"hh":1132,"elderly65_r":0.5726,"single_hh_r":0.6246,"source_level":"emd","flood_years":[],"landslide_hist_n":0},"geometry":{"type":"Polygon","coordinates":[[[128.36267,35.39916],[128.36183,35.39532],[128.36601,35.3932],[128.37105,35.39493],[128.37189,35.39877],[128.36771,35.40088],[128.36267,35.39916]]]}},{"type":"Feature","properties":{"h3":"8830c1c841fffff","emd_code":"4872042000","emd_name":"유곡면","area_km2":0.5396,"edge":false,"slope_mean":22.25,"elev_mean":136.1,"flood_hist_n":0,"flood_depth_max_m":null,"flood_risk_100y":null,"semi_basement_r":null,"elderly_alone_r":0.4383,"bldg_age30_r":null,"shelter_min_walk":88,"pop":1075,"hh":737,"elderly65_r":0.6037,"single_hh_r":0.6472,"source_level":"emd","flood_years":[],"landslide_hist_n":0},"geometry":{"type":"Polygon","coordinates":[[[128.34008,35.42336],[128.33923,35.41952],[128.34342,35.41741],[128.34845,35.41914],[128.3493,35.42297],[128.34511,35.42509],[128.34008,35.42336]]]}},{"type":"Feature","properties":{"h3":"8830c1c843fffff","emd_code":"4872042000","emd_name":"유곡면","area_km2":0.5397,"edge":false,"slope_mean":21.89,"elev_mean":180.8,"flood_hist_n":0,"flood_depth_max_m":null,"flood_risk_100y":null,"semi_basement_r":null,"elderly_alone_r":0.4383,"bldg_age30_r":null,"shelter_min_walk":80,"pop":1075,"hh":737,"elderly65_r":0.6037,"single_hh_r":0.6472,"source_level":"emd","flood_years":[],"landslide_hist_n":0},"geometry":{"type":"Polygon","coordinates":[[[128.3493,35.42297],[128.34845,35.41914],[128.35264,35.41702],[128.35768,35.41875],[128.35852,35.42259],[128.35433,35.4247],[128.3493,35.42297]]]}},{"type":"Feature","properties":{"h3":"8830c1c845fffff","emd_code":"4872036000","emd_name":"정곡면","area_km2":0.5397,"edge":false,"slope_mean":21.81,"elev_mean":154.9,"flood_hist_n":0,"flood_depth_max_m":null,"flood_risk_100y":null,"semi_basement_r":null,"elderly_alone_r":0.4069,"bldg_age30_r":null,"shelter_min_walk":88,"pop":1287,"hh":875,"elderly65_r":0.5789,"single_hh_r":0.6366,"source_level":"emd","flood_years":[],"landslide_hist_n":0},"geometry":{"type":"Polygon","coordinates":[[[128.3342,35.4178],[128.33335,35.41396],[128.33754,35.41185],[128.34257,35.41357],[128.34342,35.41741],[128.33923,35.41952],[128.3342,35.4178]]]}},{"type":"Feature","properties":{"h3":"8830c1c847fffff","emd_code":"4872042000","emd_name":"유곡면","area_km2":0.5398,"edge":false,"slope_mean":22.3,"elev_mean":174.7,"flood_hist_n":0,"flood_depth_max_m":null,"flood_risk_100y":null,"semi_basement_r":null,"elderly_alone_r":0.4383,"bldg_age30_r":null,"shelter_min_walk":78,"pop":1075,"hh":737,"elderly65_r":0.6037,"single_hh_r":0.6472,"source_level":"emd","flood_years":[],"landslide_hist_n":0},"geometry":{"type":"Polygon","coordinates":[[[128.34342,35.41741],[128.34257,35.41357],[128.34676,35.41146],[128.3518,35.41318],[128.35264,35.41702],[128.34845,35.41914],[128.34342,35.41741]]]}},{"type":"Feature","properties":{"h3":"8830c1c849fffff","emd_code":"4872042000","emd_name":"유곡면","area_km2":0.5395,"edge":false,"slope_mean":22.49,"elev_mean":100.8,"flood_hist_n":0,"flood_depth_max_m":null,"flood_risk_100y":null,"semi_basement_r":null,"elderly_alone_r":0.4383,"bldg_age30_r":null,"shelter_min_walk":99,"pop":1075,"hh":737,"elderly65_r":0.6037,"single_hh_r":0.6472,"source_level":"emd","flood_years":[],"landslide_hist_n":0},"geometry":{"type":"Polygon","coordinates":[[[128.33673,35.42931],[128.33589,35.42548],[128.34008,35.42336],[128.34511,35.42509],[128.34596,35.42893],[128.34177,35.43104],[128.33673,35.42931]]]}},{"type":"Feature","properties":{"h3":"8830c1c84bfffff","emd_code":"4872042000","emd_name":"유곡면","area_km2":0.5396,"edge":false,"slope_mean":22.34,"elev_mean":130.6,"flood_hist_n":0,"flood_depth_max_m":null,"flood_risk_100y":null,"semi_basement_r":null,"elderly_alone_r":0.4383,"bldg_age30_r":null,"shelter_min_walk":91,"pop":1075,"hh":737,"elderly65_r":0.6037,"single_hh_r":0.6472,"source_level":"emd","flood_years":[],"landslide_hist_n":0},"geometry":{"type":"Polygon","coordinates":[[[128.34596,35.42893],[128.34511,35.42509],[128.3493,35.42297],[128.35433,35.4247],[128.35518,35.42854],[128.35099,35.43065],[128.34596,35.42893]]]}},{"type":"Feature","properties":{"h3":"8830c1c84dfffff","emd_code":"4872036000","emd_name":"정곡면","area_km2":0.5396,"edge":false,"slope_mean":23.44,"elev_mean":164.9,"flood_hist_n":0,"flood_depth_max_m":null,"flood_risk_100y":null,"semi_basement_r":null,"elderly_alone_r":0.4069,"bldg_age30_r":null,"shelter_min_walk":98,"pop":1287,"hh":875,"elderly65_r":0.5789,"single_hh_r":0.6366,"source_level":"emd","flood_years":[],"landslide_hist_n":0},"geometry":{"type":"Polygon","coordinates":[[[128.33086,35.42375],[128.33001,35.41991],[128.3342,35.4178],[128.33923,35.41952],[128.34008,35.42336],[128.33589,35.42548],[128.33086,35.42375]]]}},{"type":"Feature","properties":{"h3":"8830c1c851fffff","emd_code":"4872039000","emd_name":"부림면","area_km2":0.5397,"edge":false,"slope_mean":26.07,"elev_mean":109.0,"flood_hist_n":0,"flood_depth_max_m":null,"flood_risk_100y":null,"semi_basement_r":null,"elderly_alone_r":0.3724,"bldg_age30_r":null,"shelter_min_walk":78,"pop":2522,"hh":1603,"elderly65_r":0.4889,"single_hh_r":0.6138,"source_level":"emd","flood_years":[],"landslide_hist_n":0},"geometry":{"type":"Polygon","coordinates":[[[128.3644,35.42815],[128.36356,35.42431],[128.36775,35.4222],[128.37278,35.42392],[128.37363,35.42776],[128.36944,35.42987],[128.3644,35.42815]]]}},{"type":"Feature","properties":{"h3":"8830c1c853fffff","emd_code":"4872037000","emd_name":"지정면","area_km2":0.5397,"edge":false,"slope_mean":16.93,"elev_mean":43.8,"flood_hist_n":0,"flood_depth_max_m":null,"flood_risk_100y":null,"semi_basement_r":null,"elderly_alone_r":0.4002,"bldg_age30_r":null,"shelter_min_walk":74,"pop":1708,"hh":1132,"elderly65_r":0.5726,"single_hh_r":0.6246,"source_level":"emd","flood_years":[],"landslide_hist_n":0},"geometry":{"type":"Polygon","coordinates":[[[128.37363,35.42776],[128.37278,35.42392],[128.37697,35.42181],[128.382,35.42353],[128.38285,35.42737],[128.37866,35.42948],[128.37363,35.42776]]]}},{"type":"Feature","properties":{"h3":"8830c1c855fffff","emd_code":"4872039000","emd_name":"부림면","area_km2":0.5397,"edge":false,"slope_mean":24.25,"elev_mean":163.2,"flood_hist_n":0,"flood_depth_max_m":null,"flood_risk_100y":null,"semi_basement_r":null,"elderly_alone_r":0.3724,"bldg_age30_r":null,"shelter_min_walk":73,"pop":2522,"hh":1603,"elderly65_r":0.4889,"single_hh_r":0.6138,"source_level":"emd","flood_years":[],"landslide_hist_n":0},"geometry":{"type":"Polygon","coordinates":[[[128.35852,35.42259],[128.35768,35.41875],[128.36186,35.41663],[128.3669,35.41836],[128.36775,35.4222],[128.36356,35.42431],[128.35852,35.42259]]]}},{"type":"Feature","properties":{"h3":"8830c1c857fffff","emd_code":"4872037000","emd_name":"지정면","area_km2":0.5398,"edge":false,"slope_mean":22.41,"elev_mean":92.9,"flood_hist_n":0,"flood_depth_max_m":null,"flood_risk_100y":null,"semi_basement_r":null,"elderly_alone_r":0.4002,"bldg_age30_r":null,"shelter_min_walk":67,"pop":1708,"hh":1132,"elderly65_r":0.5726,"single_hh_r":0.6246,"source_level":"emd","flood_years":[],"landslide_hist_n":0},"geometry":{"type":"Polygon","coordinates":[[[128.36775,35.4222],[128.3669,35.41836],[128.37109,35.41624],[128.37612,35.41797],[128.37697,35.42181],[128.37278,35.42392],[128.36775,35.4222]]]}},{"type":"Feature","properties":{"h3":"8830c1c859fffff","emd_code":"4872039000","emd_name":"부림면","area_km2":0.5396,"edge":false,"slope_mean":26.6,"elev_mean":184.6,"flood_hist_n":0,"flood_depth_max_m":null,"flood_risk_100y":null,"semi_basement_r":null,"elderly_alone_r":0.3724,"bldg_age30_r":null,"shelter_min_walk":89,"pop":2522,"hh":1603,"elderly65_r":0.4889,"single_hh_r":0.6138,"source_level":"emd","flood_years":[],"landslide_hist_n":0},"geometry":{"type":"Polygon","coordinates":[[[128.36106,35.4341],[128.36021,35.43026],[128.3644,35.42815],[128.36944,35.42987],[128.37028,35.43371],[128.36609,35.43582],[128.36106,35.4341]]]}},{"type":"Feature","properties":{"h3":"8830c1c85bfffff","emd_code":"4872039000","emd_name":"부림면","area_km2":0.5396,"edge":false,"slope_mean":23.47,"elev_mean":66.3,"flood_hist_n":0,"flood_depth_max_m":null,"flood_risk_100y":null,"semi_basement_r":null,"elderly_alone_r":0.3724,"bldg_age30_r":null,"shelter_min_walk":84,"pop":2522,"hh":1603,"elderly65_r":0.4889,"single_hh_r":0.6138,"source_level":"emd","flood_years":[],"landslide_hist_n":0},"geometry":{"type":"Polygon","coordinates":[[[128.37028,35.43371],[128.36944,35.42987],[128.37363,35.42776],[128.37866,35.42948],[128.37951,35.43332],[128.37532,35.43544],[128.37028,35.43371]]]}},{"type":"Feature","properties":{"h3":"8830c1c85dfffff","emd_code":"4872039000","emd_name":"부림면","area_km2":0.5396,"edge":false,"slope_mean":23.28,"elev_mean":184.3,"flood_hist_n":0,"flood_depth_max_m":null,"flood_risk_100y":null,"semi_basement_r":null,"elderly_alone_r":0.3724,"bldg_age30_r":null,"shelter_min_walk":83,"pop":2522,"hh":1603,"elderly65_r":0.4889,"single_hh_r":0.6138,"source_level":"emd","flood_years":[],"landslide_hist_n":0},"geometry":{"type":"Polygon","coordinates":[[[128.35518,35.42854],[128.35433,35.4247],[128.35852,35.42259],[128.36356,35.42431],[128.3644,35.42815],[128.36021,35.43026],[128.35518,35.42854]]]}},{"type":"Feature","properties":{"h3":"8830c1c861fffff","emd_code":"4872036000","emd_name":"정곡면","area_km2":0.5399,"edge":false,"slope_mean":17.28,"elev_mean":89.7,"flood_hist_n":0,"flood_depth_max_m":null,"flood_risk_100y":null,"semi_basement_r":null,"elderly_alone_r":0.4069,"bldg_age30_r":null,"shelter_min_walk":80,"pop":1287,"hh":875,"elderly65_r":0.5789,"single_hh_r":0.6366,"source_level":"emd","flood_years":[],"landslide_hist_n":0},"geometry":{"type":"Polygon","coordinates":[[[128.33166,35.40628],[128.33082,35.40244],[128.335,35.40033],[128.34004,35.40205],[128.34088,35.40589],[128.3367,35.40801],[128.33166,35.40628]]]}},{"type":"Feature","properties":{"h3":"8830c1c863fffff","emd_code":"4872036000","emd_name":"정곡면","area_km2":0.5399,"edge":false,"slope_mean":17.96,"elev_mean":108.1,"flood_hist_n":0,"flood_depth_max_m":null,"flood_risk_100y":null,"semi_basement_r":null,"elderly_alone_r":0.4069,"bldg_age30_r":null,"shelter_min_walk":69,"pop":1287,"hh":875,"elderly65_r":0.5789,"single_hh_r":0.6366,"source_level":"emd","flood_years":[],"landslide_hist_n":0},"geometry":{"type":"Polygon","coordinates":[[[128.34088,35.40589],[128.34004,35.40205],[128.34423,35.39994],[128.34926,35.40166],[128.35011,35.4055],[128.34592,35.40762],[128.34088,35.40589]]]}},{"type":"Feature","properties":{"h3":"8830c1c865fffff","emd_code":"4872036000","emd_name":"정곡면","area_km2":0.54,"edge":false,"slope_mean":18.91,"elev_mean":86.0,"flood_hist_n":0,"flood_depth_max_m":null,"flood_risk_100y":null,"semi_basement_r":null,"elderly_alone_r":0.4069,"bldg_age30_r":null,"shelter_min_walk":84,"pop":1287,"hh":875,"elderly65_r":0.5789,"single_hh_r":0.6366,"source_level":"emd","flood_years":[],"landslide_hist_n":0},"geometry":{"type":"Polygon","coordinates":[[[128.32578,35.40071],[128.32494,35.39687],[128.32913,35.39476],[128.33416,35.39649],[128.335,35.40033],[128.33082,35.40244],[128.32578,35.40071]]]}},{"type":"Feature","properties":{"h3":"8830c1c867fffff","emd_code":"4872036000","emd_name":"정곡면","area_km2":0.54,"edge":false,"slope_mean":20.3,"elev_mean":102.4,"flood_hist_n":0,"flood_depth_max_m":null,"flood_risk_100y":null,"semi_basement_r":null,"elderly_alone_r":0.4069,"bldg_age30_r":null,"shelter_min_walk":72,"pop":1287,"hh":875,"elderly65_r":0.5789,"single_hh_r":0.6366,"source_level":"emd","flood_years":[],"landslide_hist_n":0},"geometry":{"type":"Polygon","coordinates":[[[128.335,35.40033],[128.33416,35.39649],[128.33835,35.39437],[128.34338,35.3961],[128.34423,35.39994],[128.34004,35.40205],[128.335,35.40033]]]}},{"type":"Feature","properties":{"h3":"8830c1c869fffff","emd_code":"4872036000","emd_name":"정곡면","area_km2":0.5398,"edge":false,"slope_mean":18.11,"elev_mean":93.7,"flood_hist_n":0,"flood_depth_max_m":null,"flood_risk_100y":null,"semi_basement_r":null,"elderly_alone_r":0.4069,"bldg_age30_r":null,"shelter_min_walk":89,"pop":1287,"hh":875,"elderly65_r":0.5789,"single_hh_r":0.6366,"source_level":"emd","flood_years":[],"landslide_hist_n":0},"geometry":{"type":"Polygon","coordinates":[[[128.32832,35.41223],[128.32747,35.40839],[128.33166,35.40628],[128.3367,35.40801],[128.33754,35.41185],[128.33335,35.41396],[128.32832,35.41223]]]}},{"type":"Feature","properties":{"h3":"8830c1c86bfffff","emd_code":"4872036000","emd_name":"정곡면","area_km2":0.5398,"edge":false,"slope_mean":22.04,"elev_mean":148.4,"flood_hist_n":0,"flood_depth_max_m":null,"flood_risk_100y":null,"semi_basement_r":null,"elderly_alone_r":0.4069,"bldg_age30_r":null,"shelter_min_walk":78,"pop":1287,"hh":875,"elderly65_r":0.5789,"single_hh_r":0.6366,"source_level":"emd","flood_years":[],"landslide_hist_n":0},"geometry":{"type":"Polygon","coordinates":[[[128.33754,35.41185],[128.3367,35.40801],[128.34088,35.40589],[128.34592,35.40762],[128.34676,35.41146],[128.34257,35.41357],[128.33754,35.41185]]]}},{"type":"Feature","properties":{"h3":"8830c1c86dfffff","emd_code":"4872036000","emd_name":"정곡면","area_km2":0.5398,"edge":false,"slope_mean":22.23,"elev_mean":142.1,"flood_hist_n":0,"flood_depth_max_m":null,"flood_risk_100y":null,"semi_basement_r":null,"elderly_alone_r":0.4069,"bldg_age30_r":null,"shelter_min_walk":92,"pop":1287,"hh":875,"elderly65_r":0.5789,"single_hh_r":0.6366,"source_level":"emd","flood_years":[],"landslide_hist_n":0},"geometry":{"type":"Polygon","coordinates":[[[128.32244,35.40667],[128.3216,35.40283],[128.32578,35.40071],[128.33082,35.40244],[128.33166,35.40628],[128.32747,35.40839],[128.32244,35.40667]]]}},{"type":"Feature","properties":{"h3":"8830c1c881fffff","emd_code":"4872037000","emd_name":"지정면","area_km2":0.5403,"edge":false,"slope_mean":4.27,"elev_mean":15.5,"flood_hist_n":0,"flood_depth_max_m":null,"flood_risk_100y":null,"semi_basement_r":null,"elderly_alone_r":0.4002,"bldg_age30_r":null,"shelter_min_walk":63,"pop":1708,"hh":1132,"elderly65_r":0.5726,"single_hh_r":0.6246,"source_level":"emd","flood_years":[],"landslide_hist_n":0},"geometry":{"type":"Polygon","coordinates":[[[128.42055,35.40833],[128.41971,35.40449],[128.4239,35.40237],[128.42893,35.40409],[128.42978,35.40793],[128.42559,35.41005],[128.42055,35.40833]]]}},{"type":"Feature","properties":{"h3":"8830c1c883fffff","emd_code":"4872037000","emd_name":"지정면","area_km2":0.5403,"edge":true,"slope_mean":17.91,"elev_mean":72.2,"flood_hist_n":0,"flood_depth_max_m":null,"flood_risk_100y":null,"semi_basement_r":null,"elderly_alone_r":0.4002,"bldg_age30_r":null,"shelter_min_walk":54,"pop":1708,"hh":1132,"elderly65_r":0.5726,"single_hh_r":0.6246,"source_level":"emd","flood_years":[],"landslide_hist_n":0},"geometry":{"type":"Polygon","coordinates":[[[128.42978,35.40793],[128.42893,35.40409],[128.43312,35.40198],[128.43816,35.4037],[128.43901,35.40754],[128.43482,35.40966],[128.42978,35.40793]]]}},{"type":"Feature","properties":{"h3":"8830c1c885fffff","emd_code":"4872037000","emd_name":"지정면","area_km2":0.5403,"edge":false,"slope_mean":16.7,"elev_mean":50.7,"flood_hist_n":0,"flood_depth_max_m":null,"flood_risk_100y":null,"semi_basement_r":null,"elderly_alone_r":0.4002,"bldg_age30_r":null,"shelter_min_walk":51,"pop":1708,"hh":1132,"elderly65_r":0.5726,"single_hh_r":0.6246,"source_level":"emd","flood_years":[],"landslide_hist_n":0},"geometry":{"type":"Polygon","coordinates":[[[128.41467,35.40276],[128.41383,35.39892],[128.41802,35.39681],[128.42305,35.39853],[128.4239,35.40237],[128.41971,35.40449],[128.41467,35.40276]]]}},{"type":"Feature","properties":{"h3":"8830c1c887fffff","emd_code":"4872037000","emd_name":"지정면","area_km2":0.5404,"edge":false,"slope_mean":5.46,"elev_mean":17.0,"flood_hist_n":0,"flood_depth_max_m":null,"flood_risk_100y":null,"semi_basement_r":null,"elderly_alone_r":0.4002,"bldg_age30_r":null,"shelter_min_walk":57,"pop":1708,"hh":1132,"elderly65_r":0.5726,"single_hh_r":0.6246,"source_level":"emd","flood_years":[],"landslide_hist_n":0},"geometry":{"type":"Polygon","coordinates":[[[128.4239,35.40237],[128.42305,35.39853],[128.42724,35.39641],[128.43228,35.39814],[128.43312,35.40198],[128.42893,35.40409],[128.4239,35.40237]]]}},{"type":"Feature","properties":{"h3":"8830c1c889fffff","emd_code":"4872037000","emd_name":"지정면","area_km2":0.5402,"edge":false,"slope_mean":4.7,"elev_mean":15.5,"flood_hist_n":0,"flood_depth_max_m":null,"flood_risk_100y":null,"semi_basement_r":null,"elderly_alone_r":0.4002,"bldg_age30_r":null,"shelter_min_walk":67,"pop":1708,"hh":1132,"elderly65_r":0.5726,"single_hh_r":0.6246,"source_level":"emd","flood_years":[],"landslide_hist_n":0},"geometry":{"type":"Polygon","coordinates":[[[128.41721,35.41428],[128.41636,35.41044],[128.42055,35.40833],[128.42559,35.41005],[128.42644,35.41389],[128.42225,35.41601],[128.41721,35.41428]]]}},{"type":"Feature","properties":{"h3":"8830c1c88bfffff","emd_code":"4872037000","emd_name":"지정면","area_km2":0.5402,"edge":true,"slope_mean":18.46,"elev_mean":72.6,"flood_hist_n":0,"flood_depth_max_m":null,"flood_risk_100y":null,"semi_basement_r":null,"elderly_alone_r":0.4002,"bldg_age30_r":null,"shelter_min_walk":63,"pop":1708,"hh":1132,"elderly65_r":0.5726,"single_hh_r":0.6246,"source_level":"emd","flood_years":[],"landslide_hist_n":0},"geometry":{"type":"Polygon","coordinates":[[[128.42644,35.41389],[128.42559,35.41005],[128.42978,35.40793],[128.43482,35.40966],[128.43566,35.4135],[128.43147,35.41561],[128.42644,35.41389]]]}},{"type":"Feature","properties":{"h3":"8830c1c88dfffff","emd_code":"4872037000","emd_name":"지정면","area_km2":0.5402,"edge":false,"slope_mean":21.07,"elev_mean":84.8,"flood_hist_n":0,"flood_depth_max_m":null,"flood_risk_100y":null,"semi_basement_r":null,"elderly_alone_r":0.4002,"bldg_age30_r":null,"shelter_min_walk":55,"pop":1708,"hh":1132,"elderly65_r":0.5726,"single_hh_r":0.6246,"source_level":"emd","flood_years":[],"landslide_hist_n":0},"geometry":{"type":"Polygon","coordinates":[[[128.41133,35.40872],[128.41048,35.40488],[128.41467,35.40276],[128.41971,35.40449],[128.42055,35.40833],[128.41636,35.41044],[128.41133,35.40872]]]}},{"type":"Feature","properties":{"h3":"8830c1c8a1fffff","emd_code":"4872037000","emd_name":"지정면","area_km2":0.5405,"edge":false,"slope_mean":11.13,"elev_mean":28.8,"flood_hist_n":0,"flood_depth_max_m":null,"flood_risk_100y":null,"semi_basement_r":null,"elderly_alone_r":0.4002,"bldg_age30_r":null,"shelter_min_walk":40,"pop":1708,"hh":1132,"elderly65_r":0.5726,"single_hh_r":0.6246,"source_level":"emd","flood_years":[],"landslide_hist_n":0},"geometry":{"type":"Polygon","coordinates":[[[128.41213,35.39124],[128.41129,35.3874],[128.41548,35.38528],[128.42051,35.38701],[128.42136,35.39085],[128.41717,35.39297],[128.41213,35.39124]]]}},{"type":"Feature","properties":{"h3":"8830c1c8a3fffff","emd_code":"4872037000","emd_name":"지정면","area_km2":0.5406,"edge":false,"slope_mean":3.81,"elev_mean":10.1,"flood_hist_n":0,"flood_depth_max_m":null,"flood_risk_100y":null,"semi_basement_r":null,"elderly_alone_r":0.4002,"bldg_age30_r":null,"shelter_min_walk":51,"pop":1708,"hh":1132,"elderly65_r":0.5726,"single_hh_r":0.6246,"source_level":"emd","flood_years":[],"landslide_hist_n":0},"geometry":{"type":"Polygon","coordinates":[[[128.42136,35.39085],[128.42051,35.38701],[128.4247,35.38489],[128.42974,35.38661],[128.43058,35.39045],[128.42639,35.39257],[128.42136,35.39085]]]}},{"type":"Feature","properties":{"h3":"8830c1c8a5fffff","emd_code":"4872037000","emd_name":"지정면","area_km2":0.5406,"edge":false,"slope_mean":7.9,"elev_mean":18.1,"flood_hist_n":0,"flood_depth_max_m":null,"flood_risk_100y":null,"semi_basement_r":null,"elderly_alone_r":0.4002,"bldg_age30_r":null,"shelter_min_walk":30,"pop":1708,"hh":1132,"elderly65_r":0.5726,"single_hh_r":0.6246,"source_level":"emd","flood_years":[],"landslide_hist_n":0},"geometry":{"type":"Polygon","coordinates":[[[128.40625,35.38568],[128.4054,35.38184],[128.40959,35.37972],[128.41463,35.38144],[128.41548,35.38528],[128.41129,35.3874],[128.40625,35.38568]]]}},{"type":"Feature","properties":{"h3":"8830c1c8a7fffff","emd_code":"4872037000","emd_name":"지정면","area_km2":0.5406,"edge":false,"slope_mean":5.88,"elev_mean":12.2,"flood_hist_n":0,"flood_depth_max_m":null,"flood_risk_100y":null,"semi_basement_r":null,"elderly_alone_r":0.4002,"bldg_age30_r":null,"shelter_min_walk":42,"pop":1708,"hh":1132,"elderly65_r":0.5726,"single_hh_r":0.6246,"source_level":"emd","flood_years":[],"landslide_hist_n":0},"geometry":{"type":"Polygon","coordinates":[[[128.41548,35.38528],[128.41463,35.38144],[128.41882,35.37932],[128.42385,35.38105],[128.4247,35.38489],[128.42051,35.38701],[128.41548,35.38528]]]}},{"type":"Feature","properties":{"h3":"8830c1c8a9fffff","emd_code":"4872037000","emd_name":"지정면","area_km2":0.5404,"edge":false,"slope_mean":18.62,"elev_mean":59.7,"flood_hist_n":0,"flood_depth_max_m":null,"flood_risk_100y":null,"semi_basement_r":null,"elderly_alone_r":0.4002,"bldg_age30_r":null,"shelter_min_walk":40,"pop":1708,"hh":1132,"elderly65_r":0.5726,"single_hh_r":0.6246,"source_level":"emd","flood_years":[],"landslide_hist_n":0},"geometry":{"type":"Polygon","coordinates":[[[128.40879,35.3972],[128.40794,35.39336],[128.41213,35.39124],[128.41717,35.39297],[128.41802,35.39681],[128.41383,35.39892],[128.40879,35.3972]]]}},{"type":"Feature","properties":{"h3":"8830c1c8abfffff","emd_code":"4872037000","emd_name":"지정면","area_km2":0.5405,"edge":false,"slope_mean":12.19,"elev_mean":27.8,"flood_hist_n":0,"flood_depth_max_m":null,"flood_risk_100y":null,"semi_basement_r":null,"elderly_alone_r":0.4002,"bldg_age30_r":null,"shelter_min_walk":50,"pop":1708,"hh":1132,"elderly65_r":0.5726,"single_hh_r":0.6246,"source_level":"emd","flood_years":[],"landslide_hist_n":0},"geometry":{"type":"Polygon","coordinates":[[[128.41802,35.39681],[128.41717,35.39297],[128.42136,35.39085],[128.42639,35.39257],[128.42724,35.39641],[128.42305,35.39853],[128.41802,35.39681]]]}},{"type":"Feature","properties":{"h3":"8830c1c8adfffff","emd_code":"4872037000","emd_name":"지정면","area_km2":0.5405,"edge":false,"slope_mean":18.15,"elev_mean":57.3,"flood_hist_n":0,"flood_depth_max_m":null,"flood_risk_100y":null,"semi_basement_r":null,"elderly_alone_r":0.4002,"bldg_age30_r":null,"shelter_min_walk":28,"pop":1708,"hh":1132,"elderly65_r":0.5726,"single_hh_r":0.6246,"source_level":"emd","flood_years":[],"landslide_hist_n":0},"geometry":{"type":"Polygon","coordinates":[[[128.40291,35.39164],[128.40206,35.38779],[128.40625,35.38568],[128.41129,35.3874],[128.41213,35.39124],[128.40794,35.39336],[128.40291,35.39164]]]}},{"type":"Feature","properties":{"h3":"8830c1c8b1fffff","emd_code":"4872037000","emd_name":"지정면","area_km2":0.5406,"edge":true,"slope_mean":6.11,"elev_mean":15.9,"flood_hist_n":1,"flood_depth_max_m":1.482,"flood_risk_100y":null,"semi_basement_r":null,"elderly_alone_r":0.4002,"bldg_age30_r":null,"shelter_min_walk":37,"pop":1708,"hh":1132,"elderly65_r":0.5726,"single_hh_r":0.6246,"source_level":"emd","flood_years":[2012],"landslide_hist_n":0},"geometry":{"type":"Polygon","coordinates":[[[128.43647,35.39602],[128.43562,35.39218],[128.43981,35.39006],[128.44485,35.39178],[128.44569,35.39562],[128.4415,35.39774],[128.43647,35.39602]]]}},{"type":"Feature","properties":{"h3":"8830c1c8b9fffff","emd_code":"4872037000","emd_name":"지정면","area_km2":0.5404,"edge":true,"slope_mean":14.38,"elev_mean":39.2,"flood_hist_n":0,"flood_depth_max_m":null,"flood_risk_100y":null,"semi_basement_r":null,"elderly_alone_r":0.4002,"bldg_age30_r":null,"shelter_min_walk":45,"pop":1708,"hh":1132,"elderly65_r":0.5726,"single_hh_r":0.6246,"source_level":"emd","flood_years":[],"landslide_hist_n":0},"geometry":{"type":"Polygon","coordinates":[[[128.43312,35.40198],[128.43228,35.39814],[128.43647,35.39602],[128.4415,35.39774],[128.44235,35.40158],[128.43816,35.4037],[128.43312,35.40198]]]}},{"type":"Feature","properties":{"h3":"8830c1c8bdfffff","emd_code":"4872037000","emd_name":"지정면","area_km2":0.5405,"edge":false,"slope_mean":5.43,"elev_mean":13.3,"flood_hist_n":0,"flood_depth_max_m":null,"flood_risk_100y":null,"semi_basement_r":null,"elderly_alone_r":0.4002,"bldg_age30_r":null,"shelter_min_walk":49,"pop":1708,"hh":1132,"elderly65_r":0.5726,"single_hh_r":0.6246,"source_level":"emd","flood_years":[],"landslide_hist_n":0},"geometry":{"type":"Polygon","coordinates":[[[128.42724,35.39641],[128.42639,35.39257],[128.43058,35.39045],[128.43562,35.39218],[128.43647,35.39602],[128.43228,35.39814],[128.42724,35.39641]]]}},{"type":"Feature","properties":{"h3":"8830c1c8c1fffff","emd_code":"4872037000","emd_name":"지정면","area_km2":0.54,"edge":false,"slope_mean":12.35,"elev_mean":39.2,"flood_hist_n":0,"flood_depth_max_m":null,"flood_risk_100y":null,"semi_basement_r":null,"elderly_alone_r":0.4002,"bldg_age30_r":null,"shelter_min_walk":66,"pop":1708,"hh":1132,"elderly65_r":0.5726,"single_hh_r":0.6246,"source_level":"emd","flood_years":[],"landslide_hist_n":0},"geometry":{"type":"Polygon","coordinates":[[[128.40464,35.42063],[128.4038,35.41679],[128.40799,35.41468],[128.41302,35.4164],[128.41387,35.42024],[128.40968,35.42236],[128.40464,35.42063]]]}},{"type":"Feature","properties":{"h3":"8830c1c8c3fffff","emd_code":"4872037000","emd_name":"지정면","area_km2":0.54,"edge":false,"slope_mean":5.77,"elev_mean":13.3,"flood_hist_n":1,"flood_depth_max_m":1.99,"flood_risk_100y":null,"semi_basement_r":null,"elderly_alone_r":0.4002,"bldg_age30_r":null,"shelter_min_walk":72,"pop":1708,"hh":1132,"elderly65_r":0.5726,"single_hh_r":0.6246,"source_level":"emd","flood_years":[2012],"landslide_hist_n":0},"geometry":{"type":"Polygon","coordinates":[[[128.41387,35.42024],[128.41302,35.4164],[128.41721,35.41428],[128.42225,35.41601],[128.42309,35.41985],[128.4189,35.42196],[128.41387,35.42024]]]}},{"type":"Feature","properties":{"h3":"8830c1c8c5fffff","emd_code":"4872037000","emd_name":"지정면","area_km2":0.5401,"edge":false,"slope_mean":25.52,"elev_mean":151.8,"flood_hist_n":0,"flood_depth_max_m":null,"flood_risk_100y":null,"semi_basement_r":null,"elderly_alone_r":0.4002,"bldg_age30_r":null,"shelter_min_walk":55,"pop":1708,"hh":1132,"elderly65_r":0.5726,"single_hh_r":0.6246,"source_level":"emd","flood_years":[],"landslide_hist_n":0},"geometry":{"type":"Polygon","coordinates":[[[128.39876,35.41507],[128.39791,35.41123],[128.4021,35.40911],[128.40714,35.41084],[128.40799,35.41468],[128.4038,35.41679],[128.39876,35.41507]]]}},{"type":"Feature","properties":{"h3":"8830c1c8c7fffff","emd_code":"4872037000","emd_name":"지정면","area_km2":0.5401,"edge":false,"slope_mean":23.06,"elev_mean":116.7,"flood_hist_n":0,"flood_depth_max_m":null,"flood_risk_100y":null,"semi_basement_r":null,"elderly_alone_r":0.4002,"bldg_age30_r":null,"shelter_min_walk":60,"pop":1708,"hh":1132,"elderly65_r":0.5726,"single_hh_r":0.6246,"source_level":"emd","flood_years":[],"landslide_hist_n":0},"geometry":{"type":"Polygon","coordinates":[[[128.40799,35.41468],[128.40714,35.41084],[128.41133,35.40872],[128.41636,35.41044],[128.41721,35.41428],[128.41302,35.4164],[128.40799,35.41468]]]}},{"type":"Feature","properties":{"h3":"8830c1c8cdfffff","emd_code":"4872037000","emd_name":"지정면","area_km2":0.5399,"edge":false,"slope_mean":19.3,"elev_mean":85.1,"flood_hist_n":0,"flood_depth_max_m":null,"flood_risk_100y":null,"semi_basement_r":null,"elderly_alone_r":0.4002,"bldg_age30_r":null,"shelter_min_walk":63,"pop":1708,"hh":1132,"elderly65_r":0.5726,"single_hh_r":0.6246,"source_level":"emd","flood_years":[],"landslide_hist_n":0},"geometry":{"type":"Polygon","coordinates":[[[128.39542,35.42102],[128.39457,35.41719],[128.39876,35.41507],[128.4038,35.41679],[128.40464,35.42063],[128.40045,35.42275],[128.39542,35.42102]]]}},{"type":"Feature","properties":{"h3":"8830c1c8d5fffff","emd_code":"4872037000","emd_name":"지정면","area_km2":0.5401,"edge":true,"slope_mean":17.46,"elev_mean":47.1,"flood_hist_n":1,"flood_depth_max_m":1.99,"flood_risk_100y":null,"semi_basement_r":null,"elderly_alone_r":0.4002,"bldg_age30_r":null,"shelter_min_walk":73,"pop":1708,"hh":1132,"elderly65_r":0.5726,"single_hh_r":0.6246,"source_level":"emd","flood_years":[2012],"landslide_hist_n":0},"geometry":{"type":"Polygon","coordinates":[[[128.42309,35.41985],[128.42225,35.41601],[128.42644,35.41389],[128.43147,35.41561],[128.43232,35.41945],[128.42813,35.42157],[128.42309,35.41985]]]}},{"type":"Feature","properties":{"h3":"8830c1c8e1fffff","emd_code":"4872037000","emd_name":"지정면","area_km2":0.5402,"edge":false,"slope_mean":20.94,"elev_mean":83.6,"flood_hist_n":0,"flood_depth_max_m":null,"flood_risk_100y":null,"semi_basement_r":null,"elderly_alone_r":0.4002,"bldg_age30_r":null,"shelter_min_walk":36,"pop":1708,"hh":1132,"elderly65_r":0.5726,"single_hh_r":0.6246,"source_level":"emd","flood_years":[],"landslide_hist_n":0},"geometry":{"type":"Polygon","coordinates":[[[128.39622,35.40355],[128.39538,35.39971],[128.39957,35.39759],[128.4046,35.39932],[128.40545,35.40316],[128.40126,35.40527],[128.39622,35.40355]]]}},{"type":"Feature","properties":{"h3":"8830c1c8e3fffff","emd_code":"4872037000","emd_name":"지정면","area_km2":0.5403,"edge":false,"slope_mean":17.46,"elev_mean":53.1,"flood_hist_n":0,"flood_depth_max_m":null,"flood_risk_100y":null,"semi_basement_r":null,"elderly_alone_r":0.4002,"bldg_age30_r":null,"shelter_min_walk":43,"pop":1708,"hh":1132,"elderly65_r":0.5726,"single_hh_r":0.6246,"source_level":"emd","flood_years":[],"landslide_hist_n":0},"geometry":{"type":"Polygon","coordinates":[[[128.40545,35.40316],[128.4046,35.39932],[128.40879,35.3972],[128.41383,35.39892],[128.41467,35.40276],[128.41048,35.40488],[128.40545,35.40316]]]}},{"type":"Feature","properties":{"h3":"8830c1c8e5fffff","emd_code":"4872037000","emd_name":"지정면","area_km2":0.5403,"edge":false,"slope_mean":23.48,"elev_mean":145.6,"flood_hist_n":0,"flood_depth_max_m":null,"flood_risk_100y":null,"semi_basement_r":null,"elderly_alone_r":0.4002,"bldg_age30_r":null,"shelter_min_walk":24,"pop":1708,"hh":1132,"elderly65_r":0.5726,"single_hh_r":0.6246,"source_level":"emd","flood_years":[],"landslide_hist_n":0},"geometry":{"type":"Polygon","coordinates":[[[128.39034,35.39799],[128.38949,35.39415],[128.39368,35.39203],[128.39872,35.39375],[128.39957,35.39759],[128.39538,35.39971],[128.39034,35.39799]]]}},{"type":"Feature","properties":{"h3":"8830c1c8e7fffff","emd_code":"4872037000","emd_name":"지정면","area_km2":0.5404,"edge":false,"slope_mean":22.67,"elev_mean":108.1,"flood_hist_n":0,"flood_depth_max_m":null,"flood_risk_100y":null,"semi_basement_r":null,"elderly_alone_r":0.4002,"bldg_age30_r":null,"shelter_min_walk":30,"pop":1708,"hh":1132,"elderly65_r":0.5726,"single_hh_r":0.6246,"source_level":"emd","flood_years":[],"landslide_hist_n":0},"geometry":{"type":"Polygon","coordinates":[[[128.39957,35.39759],[128.39872,35.39375],[128.40291,35.39164],[128.40794,35.39336],[128.40879,35.3972],[128.4046,35.39932],[128.39957,35.39759]]]}},{"type":"Feature","properties":{"h3":"8830c1c8e9fffff","emd_code":"4872037000","emd_name":"지정면","area_km2":0.5401,"edge":false,"slope_mean":23.83,"elev_mean":107.8,"flood_hist_n":0,"flood_depth_max_m":null,"flood_risk_100y":null,"semi_basement_r":null,"elderly_alone_r":0.4002,"bldg_age30_r":null,"shelter_min_walk":44,"pop":1708,"hh":1132,"elderly65_r":0.5726,"single_hh_r":0.6246,"source_level":"emd","flood_years":[],"landslide_hist_n":0},"geometry":{"type":"Polygon","coordinates":[[[128.39288,35.40951],[128.39203,35.40567],[128.39622,35.40355],[128.40126,35.40527],[128.4021,35.40911],[128.39791,35.41123],[128.39288,35.40951]]]}},{"type":"Feature","properties":{"h3":"8830c1c8ebfffff","emd_code":"4872037000","emd_name":"지정면","area_km2":0.5402,"edge":false,"slope_mean":23.6,"elev_mean":104.7,"flood_hist_n":0,"flood_depth_max_m":null,"flood_risk_100y":null,"semi_basement_r":null,"elderly_alone_r":0.4002,"bldg_age30_r":null,"shelter_min_walk":48,"pop":1708,"hh":1132,"elderly65_r":0.5726,"single_hh_r":0.6246,"source_level":"emd","flood_years":[],"landslide_hist_n":0},"geometry":{"type":"Polygon","coordinates":[[[128.4021,35.40911],[128.40126,35.40527],[128.40545,35.40316],[128.41048,35.40488],[128.41133,35.40872],[128.40714,35.41084],[128.4021,35.40911]]]}},{"type":"Feature","properties":{"h3":"8830c1c8edfffff","emd_code":"4872037000","emd_name":"지정면","area_km2":0.5402,"edge":false,"slope_mean":25.42,"elev_mean":172.9,"flood_hist_n":0,"flood_depth_max_m":null,"flood_risk_100y":null,"semi_basement_r":null,"elderly_alone_r":0.4002,"bldg_age30_r":null,"shelter_min_walk":33,"pop":1708,"hh":1132,"elderly65_r":0.5726,"single_hh_r":0.6246,"source_level":"emd","flood_years":[],"landslide_hist_n":0},"geometry":{"type":"Polygon","coordinates":[[[128.387,35.40394],[128.38615,35.4001],[128.39034,35.39799],[128.39538,35.39971],[128.39622,35.40355],[128.39203,35.40567],[128.387,35.40394]]]}},{"type":"Feature","properties":{"h3":"8830c1c901fffff","emd_code":"4872036000","emd_name":"정곡면","area_km2":0.5404,"edge":false,"slope_mean":17.32,"elev_mean":60.4,"flood_hist_n":0,"flood_depth_max_m":null,"flood_risk_100y":null,"semi_basement_r":null,"elderly_alone_r":0.4069,"bldg_age30_r":null,"shelter_min_walk":96,"pop":1287,"hh":875,"elderly65_r":0.5789,"single_hh_r":0.6366,"source_level":"emd","flood_years":[],"landslide_hist_n":0},"geometry":{"type":"Polygon","coordinates":[[[128.31484,35.3721],[128.31399,35.36826],[128.31818,35.36614],[128.32321,35.36787],[128.32406,35.37171],[128.31987,35.37383],[128.31484,35.3721]]]}},{"type":"Feature","properties":{"h3":"8830c1c903fffff","emd_code":"4872036000","emd_name":"정곡면","area_km2":0.5404,"edge":false,"slope_mean":7.75,"elev_mean":18.3,"flood_hist_n":0,"flood_depth_max_m":null,"flood_risk_100y":null,"semi_basement_r":null,"elderly_alone_r":0.4069,"bldg_age30_r":null,"shelter_min_walk":84,"pop":1287,"hh":875,"elderly65_r":0.5789,"single_hh_r":0.6366,"source_level":"emd","flood_years":[],"landslide_hist_n":0},"geometry":{"type":"Polygon","coordinates":[[[128.32406,35.37171],[128.32321,35.36787],[128.3274,35.36575],[128.33243,35.36748],[128.33328,35.37132],[128.32909,35.37344],[128.32406,35.37171]]]}},{"type":"Feature","properties":{"h3":"8830c1c905fffff","emd_code":"4872036000","emd_name":"정곡면","area_km2":0.5405,"edge":false,"slope_mean":17.41,"elev_mean":65.1,"flood_hist_n":0,"flood_depth_max_m":null,"flood_risk_100y":null,"semi_basement_r":null,"elderly_alone_r":0.4069,"bldg_age30_r":null,"shelter_min_walk":94,"pop":1287,"hh":875,"elderly65_r":0.5789,"single_hh_r":0.6366,"source_level":"emd","flood_years":[],"landslide_hist_n":0},"geometry":{"type":"Polygon","coordinates":[[[128.30896,35.36653],[128.30811,35.36268],[128.3123,35.36057],[128.31733,35.3623],[128.31818,35.36614],[128.31399,35.36826],[128.30896,35.36653]]]}},{"type":"Feature","properties":{"h3":"8830c1c907fffff","emd_code":"4872036000","emd_name":"정곡면","area_km2":0.5405,"edge":false,"slope_mean":11.08,"elev_mean":28.2,"flood_hist_n":0,"flood_depth_max_m":null,"flood_risk_100y":null,"semi_basement_r":null,"elderly_alone_r":0.4069,"bldg_age30_r":null,"shelter_min_walk":94,"pop":1287,"hh":875,"elderly65_r":0.5789,"single_hh_r":0.6366,"source_level":"emd","flood_years":[],"landslide_hist_n":0},"geometry":{"type":"Polygon","coordinates":[[[128.31818,35.36614],[128.31733,35.3623],[128.32152,35.36018],[128.32655,35.36191],[128.3274,35.36575],[128.32321,35.36787],[128.31818,35.36614]]]}},{"type":"Feature","properties":{"h3":"8830c1c909fffff","emd_code":"4872036000","emd_name":"정곡면","area_km2":0.5403,"edge":false,"slope_mean":21.02,"elev_mean":127.1,"flood_hist_n":0,"flood_depth_max_m":null,"flood_risk_100y":null,"semi_basement_r":null,"elderly_alone_r":0.4069,"bldg_age30_r":null,"shelter_min_walk":99,"pop":1287,"hh":875,"elderly65_r":0.5789,"single_hh_r":0.6366,"source_level":"emd","flood_years":[],"landslide_hist_n":0},"geometry":{"type":"Polygon","coordinates":[[[128.31149,35.37805],[128.31065,35.37421],[128.31484,35.3721],[128.31987,35.37383],[128.32071,35.37767],[128.31653,35.37978],[128.31149,35.37805]]]}},{"type":"Feature","properties":{"h3":"8830c1c90bfffff","emd_code":"4872036000","emd_name":"정곡면","area_km2":0.5403,"edge":false,"slope_mean":13.8,"elev_mean":45.2,"flood_hist_n":0,"flood_depth_max_m":null,"flood_risk_100y":null,"semi_basement_r":null,"elderly_alone_r":0.4069,"bldg_age30_r":null,"shelter_min_walk":87,"pop":1287,"hh":875,"elderly65_r":0.5789,"single_hh_r":0.6366,"source_level":"emd","flood_years":[],"landslide_hist_n":0},"geometry":{"type":"Polygon","coordinates":[[[128.32071,35.37767],[128.31987,35.37383],[128.32406,35.37171],[128.32909,35.37344],[128.32993,35.37728],[128.32575,35.37939],[128.32071,35.37767]]]}},{"type":"Feature","properties":{"h3":"8830c1c90dfffff","emd_code":"4872036000","emd_name":"정곡면","area_km2":0.5403,"edge":false,"slope_mean":17.1,"elev_mean":54.8,"flood_hist_n":0,"flood_depth_max_m":null,"flood_risk_100y":null,"semi_basement_r":null,"elderly_alone_r":0.4069,"bldg_age30_r":null,"shelter_min_walk":99,"pop":1287,"hh":875,"elderly65_r":0.5789,"single_hh_r":0.6366,"source_level":"emd","flood_years":[],"landslide_hist_n":0},"geometry":{"type":"Polygon","coordinates":[[[128.30562,35.37248],[128.30477,35.36864],[128.30896,35.36653],[128.31399,35.36826],[128.31484,35.3721],[128.31065,35.37421],[128.30562,35.37248]]]}},{"type":"Feature","properties":{"h3":"8830c1c911fffff","emd_code":"4872036000","emd_name":"정곡면","area_km2":0.5404,"edge":false,"slope_mean":22.29,"elev_mean":96.3,"flood_hist_n":0,"flood_depth_max_m":null,"flood_risk_100y":null,"semi_basement_r":null,"elderly_alone_r":0.4069,"bldg_age30_r":null,"shelter_min_walk":62,"pop":1287,"hh":875,"elderly65_r":0.5789,"single_hh_r":0.6366,"source_level":"emd","flood_years":[],"landslide_hist_n":0},"geometry":{"type":"Polygon","coordinates":[[[128.33915,35.37689],[128.33831,35.37305],[128.3425,35.37093],[128.34753,35.37266],[128.34838,35.3765],[128.34419,35.37862],[128.33915,35.37689]]]}},{"type":"Feature","properties":{"h3":"8830c1c913fffff","emd_code":"4872037000","emd_name":"지정면","area_km2":0.5405,"edge":false,"slope_mean":24.52,"elev_mean":127.2,"flood_hist_n":0,"flood_depth_max_m":null,"flood_risk_100y":null,"semi_basement_r":null,"elderly_alone_r":0.4002,"bldg_age30_r":null,"shelter_min_walk":50,"pop":1708,"hh":1132,"elderly65_r":0.5726,"single_hh_r":0.6246,"source_level":"emd","flood_years":[],"landslide_hist_n":0},"geometry":{"type":"Polygon","coordinates":[[[128.34838,35.3765],[128.34753,35.37266],[128.35172,35.37054],[128.35675,35.37227],[128.3576,35.37611],[128.35341,35.37823],[128.34838,35.3765]]]}},{"type":"Feature","properties":{"h3":"8830c1c915fffff","emd_code":"4872036000","emd_name":"정곡면","area_km2":0.5405,"edge":false,"slope_mean":11.6,"elev_mean":28.8,"flood_hist_n":0,"flood_depth_max_m":null,"flood_risk_100y":null,"semi_basement_r":null,"elderly_alone_r":0.4069,"bldg_age30_r":null,"shelter_min_walk":72,"pop":1287,"hh":875,"elderly65_r":0.5789,"single_hh_r":0.6366,"source_level":"emd","flood_years":[],"landslide_hist_n":0},"geometry":{"type":"Polygon","coordinates":[[[128.33328,35.37132],[128.33243,35.36748],[128.33662,35.36536],[128.34165,35.36709],[128.3425,35.37093],[128.33831,35.37305],[128.33328,35.37132]]]}},{"type":"Feature","properties":{"h3":"8830c1c917fffff","emd_code":"4872036000","emd_name":"정곡면","area_km2":0.5405,"edge":false,"slope_mean":21.58,"elev_mean":75.1,"flood_hist_n":0,"flood_depth_max_m":null,"flood_risk_100y":null,"semi_basement_r":null,"elderly_alone_r":0.4069,"bldg_age30_r":null,"shelter_min_walk":61,"pop":1287,"hh":875,"elderly65_r":0.5789,"single_hh_r":0.6366,"source_level":"emd","flood_years":[],"landslide_hist_n":0},"geometry":{"type":"Polygon","coordinates":[[[128.3425,35.37093],[128.34165,35.36709],[128.34584,35.36497],[128.35087,35.3667],[128.35172,35.37054],[128.34753,35.37266],[128.3425,35.37093]]]}},{"type":"Feature","properties":{"h3":"8830c1c919fffff","emd_code":"4872036000","emd_name":"정곡면","area_km2":0.5403,"edge":false,"slope_mean":17.98,"elev_mean":61.6,"flood_hist_n":0,"flood_depth_max_m":null,"flood_risk_100y":null,"semi_basement_r":null,"elderly_alone_r":0.4069,"bldg_age30_r":null,"shelter_min_walk":66,"pop":1287,"hh":875,"elderly65_r":0.5789,"single_hh_r":0.6366,"source_level":"emd","flood_years":[],"landslide_hist_n":0},"geometry":{"type":"Polygon","coordinates":[[[128.33581,35.38285],[128.33497,35.37901],[128.33915,35.37689],[128.34419,35.37862],[128.34503,35.38246],[128.34084,35.38457],[128.33581,35.38285]]]}},{"type":"Feature","properties":{"h3":"8830c1c91bfffff","emd_code":"4872036000","emd_name":"정곡면","area_km2":0.5404,"edge":false,"slope_mean":21.71,"elev_mean":115.1,"flood_hist_n":0,"flood_depth_max_m":null,"flood_risk_100y":null,"semi_basement_r":null,"elderly_alone_r":0.4069,"bldg_age30_r":null,"shelter_min_walk":53,"pop":1287,"hh":875,"elderly65_r":0.5789,"single_hh_r":0.6366,"source_level":"emd","flood_years":[],"landslide_hist_n":0},"geometry":{"type":"Polygon","coordinates":[[[128.34503,35.38246],[128.34419,35.37862],[128.34838,35.3765],[128.35341,35.37823],[128.35425,35.38207],[128.35007,35.38419],[128.34503,35.38246]]]}},{"type":"Feature","properties":{"h3":"8830c1c91dfffff","emd_code":"4872036000","emd_name":"정곡면","area_km2":0.5404,"edge":false,"slope_mean":12.61,"elev_mean":40.6,"flood_hist_n":0,"flood_depth_max_m":null,"flood_risk_100y":null,"semi_basement_r":null,"elderly_alone_r":0.4069,"bldg_age30_r":null,"shelter_min_walk":74,"pop":1287,"hh":875,"elderly65_r":0.5789,"single_hh_r":0.6366,"source_level":"emd","flood_years":[],"landslide_hist_n":0},"geometry":{"type":"Polygon","coordinates":[[[128.32993,35.37728],[128.32909,35.37344],[128.33328,35.37132],[128.33831,35.37305],[128.33915,35.37689],[128.33497,35.37901],[128.32993,35.37728]]]}},{"type":"Feature","properties":{"h3":"8830c1c921fffff","emd_code":"4872035000","emd_name":"용덕면","area_km2":0.5406,"edge":false,"slope_mean":4.74,"elev_mean":13.0,"flood_hist_n":0,"flood_depth_max_m":null,"flood_risk_100y":null,"semi_basement_r":null,"elderly_alone_r":0.3566,"bldg_age30_r":null,"shelter_min_walk":77,"pop":1371,"hh":889,"elderly65_r":0.5383,"single_hh_r":0.6029,"source_level":"emd","flood_years":[],"landslide_hist_n":0},"geometry":{"type":"Polygon","coordinates":[[[128.30642,35.355],[128.30558,35.35115],[128.30977,35.34904],[128.3148,35.35077],[128.31564,35.35461],[128.31146,35.35673],[128.30642,35.355]]]}},{"type":"Feature","properties":{"h3":"8830c1c925fffff","emd_code":"4872035000","emd_name":"용덕면","area_km2":0.5407,"edge":false,"slope_mean":11.68,"elev_mean":36.8,"flood_hist_n":0,"flood_depth_max_m":null,"flood_risk_100y":null,"semi_basement_r":null,"elderly_alone_r":0.3566,"bldg_age30_r":null,"shelter_min_walk":65,"pop":1371,"hh":889,"elderly65_r":0.5383,"single_hh_r":0.6029,"source_level":"emd","flood_years":[],"landslide_hist_n":0},"geometry":{"type":"Polygon","coordinates":[[[128.30055,35.34943],[128.2997,35.34558],[128.30389,35.34347],[128.30892,35.34519],[128.30977,35.34904],[128.30558,35.35115],[128.30055,35.34943]]]}},{"type":"Feature","properties":{"h3":"8830c1c927fffff","emd_code":"4872035000","emd_name":"용덕면","area_km2":0.5407,"edge":true,"slope_mean":6.46,"elev_mean":18.4,"flood_hist_n":0,"flood_depth_max_m":null,"flood_risk_100y":null,"semi_basement_r":null,"elderly_alone_r":0.3566,"bldg_age30_r":null,"shelter_min_walk":74,"pop":1371,"hh":889,"elderly65_r":0.5383,"single_hh_r":0.6029,"source_level":"emd","flood_years":[],"landslide_hist_n":0},"geometry":{"type":"Polygon","coordinates":[[[128.30977,35.34904],[128.30892,35.34519],[128.31311,35.34308],[128.31814,35.34481],[128.31898,35.34865],[128.3148,35.35077],[128.30977,35.34904]]]}},{"type":"Feature","properties":{"h3":"8830c1c929fffff","emd_code":"4872035000","emd_name":"용덕면","area_km2":0.5405,"edge":false,"slope_mean":17.04,"elev_mean":70.9,"flood_hist_n":0,"flood_depth_max_m":null,"flood_risk_100y":null,"semi_basement_r":null,"elderly_alone_r":0.3566,"bldg_age30_r":null,"shelter_min_walk":81,"pop":1371,"hh":889,"elderly65_r":0.5383,"single_hh_r":0.6029,"source_level":"emd","flood_years":[],"landslide_hist_n":0},"geometry":{"type":"Polygon","coordinates":[[[128.30308,35.36096],[128.30224,35.35711],[128.30642,35.355],[128.31146,35.35673],[128.3123,35.36057],[128.30811,35.36268],[128.30308,35.36096]]]}},{"type":"Feature","properties":{"h3":"8830c1c92bfffff","emd_code":"4872035000","emd_name":"용덕면","area_km2":0.5406,"edge":true,"slope_mean":3.41,"elev_mean":12.1,"flood_hist_n":0,"flood_depth_max_m":null,"flood_risk_100y":null,"semi_basement_r":null,"elderly_alone_r":0.3566,"bldg_age30_r":null,"shelter_min_walk":89,"pop":1371,"hh":889,"elderly65_r":0.5383,"single_hh_r":0.6029,"source_level":"emd","flood_years":[],"landslide_hist_n":0},"geometry":{"type":"Polygon","coordinates":[[[128.3123,35.36057],[128.31146,35.35673],[128.31564,35.35461],[128.32067,35.35634],[128.32152,35.36018],[128.31733,35.3623],[128.3123,35.36057]]]}},{"type":"Feature","properties":{"h3":"8830c1c92dfffff","emd_code":"4872035000","emd_name":"용덕면","area_km2":0.5406,"edge":false,"slope_mean":16.07,"elev_mean":65.7,"flood_hist_n":0,"flood_depth_max_m":null,"flood_risk_100y":null,"semi_basement_r":null,"elderly_alone_r":0.3566,"bldg_age30_r":null,"shelter_min_walk":69,"pop":1371,"hh":889,"elderly65_r":0.5383,"single_hh_r":0.6029,"source_level":"emd","flood_years":[],"landslide_hist_n":0},"geometry":{"type":"Polygon","coordinates":[[[128.2972,35.35539],[128.29636,35.35154],[128.30055,35.34943],[128.30558,35.35115],[128.30642,35.355],[128.30224,35.35711],[128.2972,35.35539]]]}},{"type":"Feature","properties":{"h3":"8830c1c931fffff","emd_code":"4872036000","emd_name":"정곡면","area_km2":0.5407,"edge":true,"slope_mean":1.78,"elev_mean":9.9,"flood_hist_n":0,"flood_depth_max_m":null,"flood_risk_100y":null,"semi_basement_r":null,"elderly_alone_r":0.4069,"bldg_age30_r":null,"shelter_min_walk":83,"pop":1287,"hh":875,"elderly65_r":0.5789,"single_hh_r":0.6366,"source_level":"emd","flood_years":[],"landslide_hist_n":0},"geometry":{"type":"Polygon","coordinates":[[[128.33074,35.35979],[128.32989,35.35595],[128.33408,35.35383],[128.33911,35.35556],[128.33996,35.3594],[128.33577,35.36152],[128.33074,35.35979]]]}},{"type":"Feature","properties":{"h3":"8830c1c933fffff","emd_code":"4872036000","emd_name":"정곡면","area_km2":0.5407,"edge":false,"slope_mean":12.55,"elev_mean":38.3,"flood_hist_n":0,"flood_depth_max_m":null,"flood_risk_100y":null,"semi_basement_r":null,"elderly_alone_r":0.4069,"bldg_age30_r":null,"shelter_min_walk":73,"pop":1287,"hh":875,"elderly65_r":0.5789,"single_hh_r":0.6366,"source_level":"emd","flood_years":[],"landslide_hist_n":0},"geometry":{"type":"Polygon","coordinates":[[[128.33996,35.3594],[128.33911,35.35556],[128.3433,35.35344],[128.34834,35.35517],[128.34918,35.35901],[128.34499,35.36113],[128.33996,35.3594]]]}},{"type":"Feature","properties":{"h3":"8830c1c939fffff","emd_code":"4872036000","emd_name":"정곡면","area_km2":0.5406,"edge":false,"slope_mean":6.66,"elev_mean":16.1,"flood_hist_n":0,"flood_depth_max_m":null,"flood_risk_100y":null,"semi_basement_r":null,"elderly_alone_r":0.4069,"bldg_age30_r":null,"shelter_min_walk":83,"pop":1287,"hh":875,"elderly65_r":0.5789,"single_hh_r":0.6366,"source_level":"emd","flood_years":[],"landslide_hist_n":0},"geometry":{"type":"Polygon","coordinates":[[[128.3274,35.36575],[128.32655,35.36191],[128.33074,35.35979],[128.33577,35.36152],[128.33662,35.36536],[128.33243,35.36748],[128.3274,35.36575]]]}},{"type":"Feature","properties":{"h3":"8830c1c93bfffff","emd_code":"4872036000","emd_name":"정곡면","area_km2":0.5406,"edge":false,"slope_mean":10.46,"elev_mean":26.9,"flood_hist_n":0,"flood_depth_max_m":null,"flood_risk_100y":null,"semi_basement_r":null,"elderly_alone_r":0.4069,"bldg_age30_r":null,"shelter_min_walk":72,"pop":1287,"hh":875,"elderly65_r":0.5789,"single_hh_r":0.6366,"source_level":"emd","flood_years":[],"landslide_hist_n":0},"geometry":{"type":"Polygon","coordinates":[[[128.33662,35.36536],[128.33577,35.36152],[128.33996,35.3594],[128.34499,35.36113],[128.34584,35.36497],[128.34165,35.36709],[128.33662,35.36536]]]}},{"type":"Feature","properties":{"h3":"8830c1c941fffff","emd_code":"4872036000","emd_name":"정곡면","area_km2":0.5401,"edge":false,"slope_mean":24.48,"elev_mean":183.6,"flood_hist_n":0,"flood_depth_max_m":null,"flood_risk_100y":null,"semi_basement_r":null,"elderly_alone_r":0.4069,"bldg_age30_r":null,"shelter_min_walk":112,"pop":1287,"hh":875,"elderly65_r":0.5789,"single_hh_r":0.6366,"source_level":"emd","flood_years":[],"landslide_hist_n":0},"geometry":{"type":"Polygon","coordinates":[[[128.29893,35.3844],[128.29809,35.38055],[128.30227,35.37844],[128.30731,35.38017],[128.30815,35.38401],[128.30396,35.38612],[128.29893,35.3844]]]}},{"type":"Feature","properties":{"h3":"8830c1c943fffff","emd_code":"4872036000","emd_name":"정곡면","area_km2":0.5402,"edge":false,"slope_mean":23.64,"elev_mean":142.9,"flood_hist_n":0,"flood_depth_max_m":null,"flood_risk_100y":null,"semi_basement_r":null,"elderly_alone_r":0.4069,"bldg_age30_r":null,"shelter_min_walk":103,"pop":1287,"hh":875,"elderly65_r":0.5789,"single_hh_r":0.6366,"source_level":"emd","flood_years":[],"landslide_hist_n":0},"geometry":{"type":"Polygon","coordinates":[[[128.30815,35.38401],[128.30731,35.38017],[128.31149,35.37805],[128.31653,35.37978],[128.31737,35.38362],[128.31318,35.38574],[128.30815,35.38401]]]}},{"type":"Feature","properties":{"h3":"8830c1c945fffff","emd_code":"4872036000","emd_name":"정곡면","area_km2":0.5402,"edge":false,"slope_mean":21.99,"elev_mean":120.1,"flood_hist_n":0,"flood_depth_max_m":null,"flood_risk_100y":null,"semi_basement_r":null,"elderly_alone_r":0.4069,"bldg_age30_r":null,"shelter_min_walk":100,"pop":1287,"hh":875,"elderly65_r":0.5789,"single_hh_r":0.6366,"source_level":"emd","flood_years":[],"landslide_hist_n":0},"geometry":{"type":"Polygon","coordinates":[[[128.29305,35.37883],[128.29221,35.37498],[128.2964,35.37287],[128.30143,35.3746],[128.30227,35.37844],[128.29809,35.38055],[128.29305,35.37883]]]}},{"type":"Feature","properties":{"h3":"8830c1c947fffff","emd_code":"4872036000","emd_name":"정곡면","area_km2":0.5402,"edge":false,"slope_mean":23.17,"elev_mean":103.6,"flood_hist_n":0,"flood_depth_max_m":null,"flood_risk_100y":null,"semi_basement_r":null,"elderly_alone_r":0.4069,"bldg_age30_r":null,"shelter_min_walk":105,"pop":1287,"hh":875,"elderly65_r":0.5789,"single_hh_r":0.6366,"source_level":"emd","flood_years":[],"landslide_hist_n":0},"geometry":{"type":"Polygon","coordinates":[[[128.30227,35.37844],[128.30143,35.3746],[128.30562,35.37248],[128.31065,35.37421],[128.31149,35.37805],[128.30731,35.38017],[128.30227,35.37844]]]}},{"type":"Feature","properties":{"h3":"8830c1c949fffff","emd_code":"4872036000","emd_name":"정곡면","area_km2":0.54,"edge":false,"slope_mean":23.14,"elev_mean":202.2,"flood_hist_n":0,"flood_depth_max_m":null,"flood_risk_100y":null,"semi_basement_r":null,"elderly_alone_r":0.4069,"bldg_age30_r":null,"shelter_min_walk":119,"pop":1287,"hh":875,"elderly65_r":0.5789,"single_hh_r":0.6366,"source_level":"emd","flood_years":[],"landslide_hist_n":0},"geometry":{"type":"Polygon","coordinates":[[[128.29559,35.39035],[128.29474,35.38651],[128.29893,35.3844],[128.30396,35.38612],[128.30481,35.38997],[128.30062,35.39208],[128.29559,35.39035]]]}},{"type":"Feature","properties":{"h3":"8830c1c94bfffff","emd_code":"4872036000","emd_name":"정곡면","area_km2":0.54,"edge":false,"slope_mean":23.38,"elev_mean":123.4,"flood_hist_n":0,"flood_depth_max_m":null,"flood_risk_100y":null,"semi_basement_r":null,"elderly_alone_r":0.4069,"bldg_age30_r":null,"shelter_min_walk":108,"pop":1287,"hh":875,"elderly65_r":0.5789,"single_hh_r":0.6366,"source_level":"emd","flood_years":[],"landslide_hist_n":0},"geometry":{"type":"Polygon","coordinates":[[[128.30481,35.38997],[128.30396,35.38612],[128.30815,35.38401],[128.31318,35.38574],[128.31403,35.38958],[128.30984,35.39169],[128.30481,35.38997]]]}},{"type":"Feature","properties":{"h3":"8830c1c94dfffff","emd_code":"4872036000","emd_name":"정곡면","area_km2":0.5401,"edge":false,"slope_mean":23.16,"elev_mean":144.3,"flood_hist_n":0,"flood_depth_max_m":null,"flood_risk_100y":null,"semi_basement_r":null,"elderly_alone_r":0.4069,"bldg_age30_r":null,"shelter_min_walk":108,"pop":1287,"hh":875,"elderly65_r":0.5789,"single_hh_r":0.6366,"source_level":"emd","flood_years":[],"landslide_hist_n":0},"geometry":{"type":"Polygon","coordinates":[[[128.28971,35.38478],[128.28887,35.38094],[128.29305,35.37883],[128.29809,35.38055],[128.29893,35.3844],[128.29474,35.38651],[128.28971,35.38478]]]}},{"type":"Feature","properties":{"h3":"8830c1c951fffff","emd_code":"4872036000","emd_name":"정곡면","area_km2":0.5401,"edge":false,"slope_mean":15.16,"elev_mean":55.9,"flood_hist_n":0,"flood_depth_max_m":null,"flood_risk_100y":null,"semi_basement_r":null,"elderly_alone_r":0.4069,"bldg_age30_r":null,"shelter_min_walk":83,"pop":1287,"hh":875,"elderly65_r":0.5789,"single_hh_r":0.6366,"source_level":"emd","flood_years":[],"landslide_hist_n":0},"geometry":{"type":"Polygon","coordinates":[[[128.32325,35.38919],[128.3224,35.38535],[128.32659,35.38324],[128.33162,35.38496],[128.33247,35.3888],[128.32828,35.39092],[128.32325,35.38919]]]}},{"type":"Feature","properties":{"h3":"8830c1c953fffff","emd_code":"4872036000","emd_name":"정곡면","area_km2":0.5402,"edge":false,"slope_mean":15.75,"elev_mean":50.0,"flood_hist_n":0,"flood_depth_max_m":null,"flood_risk_100y":null,"semi_basement_r":null,"elderly_alone_r":0.4069,"bldg_age30_r":null,"shelter_min_walk":70,"pop":1287,"hh":875,"elderly65_r":0.5789,"single_hh_r":0.6366,"source_level":"emd","flood_years":[],"landslide_hist_n":0},"geometry":{"type":"Polygon","coordinates":[[[128.33247,35.3888],[128.33162,35.38496],[128.33581,35.38285],[128.34084,35.38457],[128.34169,35.38842],[128.3375,35.39053],[128.33247,35.3888]]]}},{"type":"Feature","properties":{"h3":"8830c1c955fffff","emd_code":"4872036000","emd_name":"정곡면","area_km2":0.5402,"edge":false,"slope_mean":15.63,"elev_mean":56.1,"flood_hist_n":0,"flood_depth_max_m":null,"flood_risk_100y":null,"semi_basement_r":null,"elderly_alone_r":0.4069,"bldg_age30_r":null,"shelter_min_walk":90,"pop":1287,"hh":875,"elderly65_r":0.5789,"single_hh_r":0.6366,"source_level":"emd","flood_years":[],"landslide_hist_n":0},"geometry":{"type":"Polygon","coordinates":[[[128.31737,35.38362],[128.31653,35.37978],[128.32071,35.37767],[128.32575,35.37939],[128.32659,35.38324],[128.3224,35.38535],[128.31737,35.38362]]]}},{"type":"Feature","properties":{"h3":"8830c1c957fffff","emd_code":"4872036000","emd_name":"정곡면","area_km2":0.5403,"edge":false,"slope_mean":9.27,"elev_mean":24.2,"flood_hist_n":0,"flood_depth_max_m":null,"flood_risk_100y":null,"semi_basement_r":null,"elderly_alone_r":0.4069,"bldg_age30_r":null,"shelter_min_walk":78,"pop":1287,"hh":875,"elderly65_r":0.5789,"single_hh_r":0.6366,"source_level":"emd","flood_years":[],"landslide_hist_n":0},"geometry":{"type":"Polygon","coordinates":[[[128.32659,35.38324],[128.32575,35.37939],[128.32993,35.37728],[128.33497,35.37901],[128.33581,35.38285],[128.33162,35.38496],[128.32659,35.38324]]]}},{"type":"Feature","properties":{"h3":"8830c1c959fffff","emd_code":"4872036000","emd_name":"정곡면","area_km2":0.54,"edge":false,"slope_mean":21.75,"elev_mean":111.0,"flood_hist_n":0,"flood_depth_max_m":null,"flood_risk_100y":null,"semi_basement_r":null,"elderly_alone_r":0.4069,"bldg_age30_r":null,"shelter_min_walk":89,"pop":1287,"hh":875,"elderly65_r":0.5789,"single_hh_r":0.6366,"source_level":"emd","flood_years":[],"landslide_hist_n":0},"geometry":{"type":"Polygon","coordinates":[[[128.31991,35.39515],[128.31906,35.39131],[128.32325,35.38919],[128.32828,35.39092],[128.32913,35.39476],[128.32494,35.39687],[128.31991,35.39515]]]}},{"type":"Feature","properties":{"h3":"8830c1c95bfffff","emd_code":"4872036000","emd_name":"정곡면","area_km2":0.5401,"edge":false,"slope_mean":16.78,"elev_mean":69.2,"flood_hist_n":0,"flood_depth_max_m":null,"flood_risk_100y":null,"semi_basement_r":null,"elderly_alone_r":0.4069,"bldg_age30_r":null,"shelter_min_walk":77,"pop":1287,"hh":875,"elderly65_r":0.5789,"single_hh_r":0.6366,"source_level":"emd","flood_years":[],"landslide_hist_n":0},"geometry":{"type":"Polygon","coordinates":[[[128.32913,35.39476],[128.32828,35.39092],[128.33247,35.3888],[128.3375,35.39053],[128.33835,35.39437],[128.33416,35.39649],[128.32913,35.39476]]]}},{"type":"Feature","properties":{"h3":"8830c1c95dfffff","emd_code":"4872036000","emd_name":"정곡면","area_km2":0.5401,"edge":false,"slope_mean":21.34,"elev_mean":94.0,"flood_hist_n":0,"flood_depth_max_m":null,"flood_risk_100y":null,"semi_basement_r":null,"elderly_alone_r":0.4069,"bldg_age30_r":null,"shelter_min_walk":95,"pop":1287,"hh":875,"elderly65_r":0.5789,"single_hh_r":0.6366,"source_level":"emd","flood_years":[],"landslide_hist_n":0},"geometry":{"type":"Polygon","coordinates":[[[128.31403,35.38958],[128.31318,35.38574],[128.31737,35.38362],[128.3224,35.38535],[128.32325,35.38919],[128.31906,35.39131],[128.31403,35.38958]]]}},{"type":"Feature","properties":{"h3":"8830c1c961fffff","emd_code":"4872036000","emd_name":"정곡면","area_km2":0.5404,"edge":false,"slope_mean":20.21,"elev_mean":135.8,"flood_hist_n":0,"flood_depth_max_m":null,"flood_risk_100y":null,"semi_basement_r":null,"elderly_alone_r":0.4069,"bldg_age30_r":null,"shelter_min_walk":81,"pop":1287,"hh":875,"elderly65_r":0.5789,"single_hh_r":0.6366,"source_level":"emd","flood_years":[],"landslide_hist_n":0},"geometry":{"type":"Polygon","coordinates":[[[128.29052,35.3673],[128.28968,35.36346],[128.29386,35.36134],[128.29889,35.36307],[128.29974,35.36691],[128.29555,35.36903],[128.29052,35.3673]]]}},{"type":"Feature","properties":{"h3":"8830c1c963fffff","emd_code":"4872036000","emd_name":"정곡면","area_km2":0.5404,"edge":false,"slope_mean":19.04,"elev_mean":113.3,"flood_hist_n":0,"flood_depth_max_m":null,"flood_risk_100y":null,"semi_basement_r":null,"elderly_alone_r":0.4069,"bldg_age30_r":null,"shelter_min_walk":87,"pop":1287,"hh":875,"elderly65_r":0.5789,"single_hh_r":0.6366,"source_level":"emd","flood_years":[],"landslide_hist_n":0},"geometry":{"type":"Polygon","coordinates":[[[128.29974,35.36691],[128.29889,35.36307],[128.30308,35.36096],[128.30811,35.36268],[128.30896,35.36653],[128.30477,35.36864],[128.29974,35.36691]]]}},{"type":"Feature","properties":{"h3":"8830c1c965fffff","emd_code":"4872035000","emd_name":"용덕면","area_km2":0.5404,"edge":false,"slope_mean":19.49,"elev_mean":85.0,"flood_hist_n":0,"flood_depth_max_m":null,"flood_risk_100y":null,"semi_basement_r":null,"elderly_alone_r":0.3566,"bldg_age30_r":null,"shelter_min_walk":70,"pop":1371,"hh":889,"elderly65_r":0.5383,"single_hh_r":0.6029,"source_level":"emd","flood_years":[],"landslide_hist_n":0},"geometry":{"type":"Polygon","coordinates":[[[128.28464,35.36173],[128.2838,35.35789],[128.28799,35.35577],[128.29302,35.3575],[128.29386,35.36134],[128.28968,35.36346],[128.28464,35.36173]]]}},{"type":"Feature","properties":{"h3":"8830c1c967fffff","emd_code":"4872035000","emd_name":"용덕면","area_km2":0.5405,"edge":false,"slope_mean":18.68,"elev_mean":118.8,"flood_hist_n":0,"flood_depth_max_m":null,"flood_risk_100y":null,"semi_basement_r":null,"elderly_alone_r":0.3566,"bldg_age30_r":null,"shelter_min_walk":75,"pop":1371,"hh":889,"elderly65_r":0.5383,"single_hh_r":0.6029,"source_level":"emd","flood_years":[],"landslide_hist_n":0},"geometry":{"type":"Polygon","coordinates":[[[128.29386,35.36134],[128.29302,35.3575],[128.2972,35.35539],[128.30224,35.35711],[128.30308,35.36096],[128.29889,35.36307],[128.29386,35.36134]]]}},{"type":"Feature","properties":{"h3":"8830c1c969fffff","emd_code":"4872036000","emd_name":"정곡면","area_km2":0.5402,"edge":false,"slope_mean":21.33,"elev_mean":130.9,"flood_hist_n":0,"flood_depth_max_m":null,"flood_risk_100y":null,"semi_basement_r":null,"elderly_alone_r":0.4069,"bldg_age30_r":null,"shelter_min_walk":89,"pop":1287,"hh":875,"elderly65_r":0.5789,"single_hh_r":0.6366,"source_level":"emd","flood_years":[],"landslide_hist_n":0},"geometry":{"type":"Polygon","coordinates":[[[128.28718,35.37326],[128.28633,35.36941],[128.29052,35.3673],[128.29555,35.36903],[128.2964,35.37287],[128.29221,35.37498],[128.28718,35.37326]]]}},{"type":"Feature","properties":{"h3":"8830c1c96bfffff","emd_code":"4872036000","emd_name":"정곡면","area_km2":0.5403,"edge":false,"slope_mean":19.78,"elev_mean":92.8,"flood_hist_n":0,"flood_depth_max_m":null,"flood_risk_100y":null,"semi_basement_r":null,"elderly_alone_r":0.4069,"bldg_age30_r":null,"shelter_min_walk":93,"pop":1287,"hh":875,"elderly65_r":0.5789,"single_hh_r":0.6366,"source_level":"emd","flood_years":[],"landslide_hist_n":0},"geometry":{"type":"Polygon","coordinates":[[[128.2964,35.37287],[128.29555,35.36903],[128.29974,35.36691],[128.30477,35.36864],[128.30562,35.37248],[128.30143,35.3746],[128.2964,35.37287]]]}},{"type":"Feature","properties":{"h3":"8830c1c96dfffff","emd_code":"4872035000","emd_name":"용덕면","area_km2":0.5403,"edge":false,"slope_mean":20.11,"elev_mean":96.1,"flood_hist_n":0,"flood_depth_max_m":null,"flood_risk_100y":null,"semi_basement_r":null,"elderly_alone_r":0.3566,"bldg_age30_r":null,"shelter_min_walk":77,"pop":1371,"hh":889,"elderly65_r":0.5383,"single_hh_r":0.6029,"source_level":"emd","flood_years":[],"landslide_hist_n":0},"geometry":{"type":"Polygon","coordinates":[[[128.2813,35.36769],[128.28046,35.36384],[128.28464,35.36173],[128.28968,35.36346],[128.29052,35.3673],[128.28633,35.36941],[128.2813,35.36769]]]}},{"type":"Feature","properties":{"h3":"8830c1c981fffff","emd_code":"4872037000","emd_name":"지정면","area_km2":0.5407,"edge":false,"slope_mean":20.09,"elev_mean":67.9,"flood_hist_n":0,"flood_depth_max_m":null,"flood_risk_100y":null,"semi_basement_r":null,"elderly_alone_r":0.4002,"bldg_age30_r":null,"shelter_min_walk":25,"pop":1708,"hh":1132,"elderly65_r":0.5726,"single_hh_r":0.6246,"source_level":"emd","flood_years":[],"landslide_hist_n":0},"geometry":{"type":"Polygon","coordinates":[[[128.37938,35.36937],[128.37854,35.36553],[128.38273,35.36341],[128.38776,35.36513],[128.38861,35.36898],[128.38442,35.3711],[128.37938,35.36937]]]}},{"type":"Feature","properties":{"h3":"8830c1c983fffff","emd_code":"4872037000","emd_name":"지정면","area_km2":0.5408,"edge":false,"slope_mean":15.94,"elev_mean":61.4,"flood_hist_n":0,"flood_depth_max_m":null,"flood_risk_100y":null,"semi_basement_r":null,"elderly_alone_r":0.4002,"bldg_age30_r":null,"shelter_min_walk":26,"pop":1708,"hh":1132,"elderly65_r":0.5726,"single_hh_r":0.6246,"source_level":"emd","flood_years":[],"landslide_hist_n":0},"geometry":{"type":"Polygon","coordinates":[[[128.38861,35.36898],[128.38776,35.36513],[128.39195,35.36302],[128.39699,35.36474],[128.39783,35.36858],[128.39364,35.3707],[128.38861,35.36898]]]}},{"type":"Feature","properties":{"h3":"8830c1c985fffff","emd_code":"4872037000","emd_name":"지정면","area_km2":0.5408,"edge":false,"slope_mean":15.75,"elev_mean":41.3,"flood_hist_n":0,"flood_depth_max_m":null,"flood_risk_100y":null,"semi_basement_r":null,"elderly_alone_r":0.4002,"bldg_age30_r":null,"shelter_min_walk":37,"pop":1708,"hh":1132,"elderly65_r":0.5726,"single_hh_r":0.6246,"source_level":"emd","flood_years":[],"landslide_hist_n":0},"geometry":{"type":"Polygon","coordinates":[[[128.3735,35.3638],[128.37266,35.35996],[128.37685,35.35784],[128.38188,35.35957],[128.38273,35.36341],[128.37854,35.36553],[128.3735,35.3638]]]}},{"type":"Feature","properties":{"h3":"8830c1c987fffff","emd_code":"4872037000","emd_name":"지정면","area_km2":0.5409,"edge":false,"slope_mean":9.44,"elev_mean":17.1,"flood_hist_n":0,"flood_depth_max_m":null,"flood_risk_100y":null,"semi_basement_r":null,"elderly_alone_r":0.4002,"bldg_age30_r":null,"shelter_min_walk":35,"pop":1708,"hh":1132,"elderly65_r":0.5726,"single_hh_r":0.6246,"source_level":"emd","flood_years":[],"landslide_hist_n":0},"geometry":{"type":"Polygon","coordinates":[[[128.38273,35.36341],[128.38188,35.35957],[128.38607,35.35745],[128.3911,35.35917],[128.39195,35.36302],[128.38776,35.36513],[128.38273,35.36341]]]}},{"type":"Feature","properties":{"h3":"8830c1c989fffff","emd_code":"4872037000","emd_name":"지정면","area_km2":0.5406,"edge":false,"slope_mean":24.37,"elev_mean":146.2,"flood_hist_n":0,"flood_depth_max_m":null,"flood_risk_100y":null,"semi_basement_r":null,"elderly_alone_r":0.4002,"bldg_age30_r":null,"shelter_min_walk":18,"pop":1708,"hh":1132,"elderly65_r":0.5726,"single_hh_r":0.6246,"source_level":"emd","flood_years":[],"landslide_hist_n":0},"geometry":{"type":"Polygon","coordinates":[[[128.37604,35.37533],[128.3752,35.37149],[128.37938,35.36937],[128.38442,35.3711],[128.38526,35.37494],[128.38108,35.37706],[128.37604,35.37533]]]}},{"type":"Feature","properties":{"h3":"8830c1c98bfffff","emd_code":"4872037000","emd_name":"지정면","area_km2":0.5407,"edge":false,"slope_mean":19.64,"elev_mean":97.3,"flood_hist_n":0,"flood_depth_max_m":null,"flood_risk_100y":null,"semi_basement_r":null,"elderly_alone_r":0.4002,"bldg_age30_r":null,"shelter_min_walk":15,"pop":1708,"hh":1132,"elderly65_r":0.5726,"single_hh_r":0.6246,"source_level":"emd","flood_years":[],"landslide_hist_n":0},"geometry":{"type":"Polygon","coordinates":[[[128.38526,35.37494],[128.38442,35.3711],[128.38861,35.36898],[128.39364,35.3707],[128.39449,35.37454],[128.3903,35.37666],[128.38526,35.37494]]]}},{"type":"Feature","properties":{"h3":"8830c1c98dfffff","emd_code":"4872037000","emd_name":"지정면","area_km2":0.5407,"edge":false,"slope_mean":18.87,"elev_mean":64.0,"flood_hist_n":0,"flood_depth_max_m":null,"flood_risk_100y":null,"semi_basement_r":null,"elderly_alone_r":0.4002,"bldg_age30_r":null,"shelter_min_walk":31,"pop":1708,"hh":1132,"elderly65_r":0.5726,"single_hh_r":0.6246,"source_level":"emd","flood_years":[],"landslide_hist_n":0},"geometry":{"type":"Polygon","coordinates":[[[128.37016,35.36976],[128.36932,35.36592],[128.3735,35.3638],[128.37854,35.36553],[128.37938,35.36937],[128.3752,35.37149],[128.37016,35.36976]]]}},{"type":"Feature","properties":{"h3":"8830c1c991fffff","emd_code":"4872037000","emd_name":"지정면","area_km2":0.5408,"edge":false,"slope_mean":12.72,"elev_mean":30.8,"flood_hist_n":0,"flood_depth_max_m":null,"flood_risk_100y":null,"semi_basement_r":null,"elderly_alone_r":0.4002,"bldg_age30_r":null,"shelter_min_walk":31,"pop":1708,"hh":1132,"elderly65_r":0.5726,"single_hh_r":0.6246,"source_level":"emd","flood_years":[],"landslide_hist_n":0},"geometry":{"type":"Polygon","coordinates":[[[128.40371,35.37415],[128.40287,35.37031],[128.40706,35.36819],[128.41209,35.36991],[128.41294,35.37376],[128.40875,35.37588],[128.40371,35.37415]]]}},{"type":"Feature","properties":{"h3":"8830c1c993fffff","emd_code":"4872037000","emd_name":"지정면","area_km2":0.5408,"edge":false,"slope_mean":12.05,"elev_mean":23.9,"flood_hist_n":0,"flood_depth_max_m":null,"flood_risk_100y":null,"semi_basement_r":null,"elderly_alone_r":0.4002,"bldg_age30_r":null,"shelter_min_walk":43,"pop":1708,"hh":1132,"elderly65_r":0.5726,"single_hh_r":0.6246,"source_level":"emd","flood_years":[],"landslide_hist_n":0},"geometry":{"type":"Polygon","coordinates":[[[128.41294,35.37376],[128.41209,35.36991],[128.41628,35.3678],[128.42132,35.36952],[128.42216,35.37336],[128.41797,35.37548],[128.41294,35.37376]]]}},{"type":"Feature","properties":{"h3":"8830c1c995fffff","emd_code":"4872037000","emd_name":"지정면","area_km2":0.5408,"edge":false,"slope_mean":16.15,"elev_mean":41.3,"flood_hist_n":0,"flood_depth_max_m":null,"flood_risk_100y":null,"semi_basement_r":null,"elderly_alone_r":0.4002,"bldg_age30_r":null,"shelter_min_walk":32,"pop":1708,"hh":1132,"elderly65_r":0.5726,"single_hh_r":0.6246,"source_level":"emd","flood_years":[],"landslide_hist_n":0},"geometry":{"type":"Polygon","coordinates":[[[128.39783,35.36858],[128.39699,35.36474],[128.40117,35.36262],[128.40621,35.36435],[128.40706,35.36819],[128.40287,35.37031],[128.39783,35.36858]]]}},{"type":"Feature","properties":{"h3":"8830c1c997fffff","emd_code":"4872037000","emd_name":"지정면","area_km2":0.5409,"edge":false,"slope_mean":8.01,"elev_mean":20.4,"flood_hist_n":0,"flood_depth_max_m":null,"flood_risk_100y":null,"semi_basement_r":null,"elderly_alone_r":0.4002,"bldg_age30_r":null,"shelter_min_walk":41,"pop":1708,"hh":1132,"elderly65_r":0.5726,"single_hh_r":0.6246,"source_level":"emd","flood_years":[],"landslide_hist_n":0},"geometry":{"type":"Polygon","coordinates":[[[128.40706,35.36819],[128.40621,35.36435],[128.4104,35.36223],[128.41543,35.36395],[128.41628,35.3678],[128.41209,35.36991],[128.40706,35.36819]]]}},{"type":"Feature","properties":{"h3":"8830c1c999fffff","emd_code":"4872037000","emd_name":"지정면","area_km2":0.5407,"edge":false,"slope_mean":13.02,"elev_mean":34.1,"flood_hist_n":0,"flood_depth_max_m":null,"flood_risk_100y":null,"semi_basement_r":null,"elderly_alone_r":0.4002,"bldg_age30_r":null,"shelter_min_walk":23,"pop":1708,"hh":1132,"elderly65_r":0.5726,"single_hh_r":0.6246,"source_level":"emd","flood_years":[],"landslide_hist_n":0},"geometry":{"type":"Polygon","coordinates":[[[128.40037,35.38011],[128.39952,35.37627],[128.40371,35.37415],[128.40875,35.37588],[128.40959,35.37972],[128.4054,35.38184],[128.40037,35.38011]]]}},{"type":"Feature","properties":{"h3":"8830c1c99bfffff","emd_code":"4872037000","emd_name":"지정면","area_km2":0.5407,"edge":false,"slope_mean":15.85,"elev_mean":43.8,"flood_hist_n":0,"flood_depth_max_m":null,"flood_risk_100y":null,"semi_basement_r":null,"elderly_alone_r":0.4002,"bldg_age30_r":null,"shelter_min_walk":35,"pop":1708,"hh":1132,"elderly65_r":0.5726,"single_hh_r":0.6246,"source_level":"emd","flood_years":[],"landslide_hist_n":0},"geometry":{"type":"Polygon","coordinates":[[[128.40959,35.37972],[128.40875,35.37588],[128.41294,35.37376],[128.41797,35.37548],[128.41882,35.37932],[128.41463,35.38144],[128.40959,35.37972]]]}},{"type":"Feature","properties":{"h3":"8830c1c99dfffff","emd_code":"4872037000","emd_name":"지정면","area_km2":0.5407,"edge":false,"slope_mean":16.09,"elev_mean":46.1,"flood_hist_n":0,"flood_depth_max_m":null,"flood_risk_100y":null,"semi_basement_r":null,"elderly_alone_r":0.4002,"bldg_age30_r":null,"shelter_min_walk":21,"pop":1708,"hh":1132,"elderly65_r":0.5726,"single_hh_r":0.6246,"source_level":"emd","flood_years":[],"landslide_hist_n":0},"geometry":{"type":"Polygon","coordinates":[[[128.39449,35.37454],[128.39364,35.3707],[128.39783,35.36858],[128.40287,35.37031],[128.40371,35.37415],[128.39952,35.37627],[128.39449,35.37454]]]}},{"type":"Feature","properties":{"h3":"8830c1c9a1fffff","emd_code":"4872036000","emd_name":"정곡면","area_km2":0.541,"edge":false,"slope_mean":24.74,"elev_mean":94.7,"flood_hist_n":0,"flood_depth_max_m":null,"flood_risk_100y":null,"semi_basement_r":null,"elderly_alone_r":0.4069,"bldg_age30_r":null,"shelter_min_walk":56,"pop":1287,"hh":875,"elderly65_r":0.5789,"single_hh_r":0.6366,"source_level":"emd","flood_years":[],"landslide_hist_n":0},"geometry":{"type":"Polygon","coordinates":[[[128.37097,35.35227],[128.37012,35.34843],[128.37431,35.34631],[128.37934,35.34803],[128.38019,35.35188],[128.376,35.354],[128.37097,35.35227]]]}},{"type":"Feature","properties":{"h3":"8830c1c9a3fffff","emd_code":"4872036000","emd_name":"정곡면","area_km2":0.541,"edge":true,"slope_mean":6.05,"elev_mean":14.3,"flood_hist_n":0,"flood_depth_max_m":null,"flood_risk_100y":null,"semi_basement_r":null,"elderly_alone_r":0.4069,"bldg_age30_r":null,"shelter_min_walk":54,"pop":1287,"hh":875,"elderly65_r":0.5789,"single_hh_r":0.6366,"source_level":"emd","flood_years":[],"landslide_hist_n":0},"geometry":{"type":"Polygon","coordinates":[[[128.38019,35.35188],[128.37934,35.34803],[128.38353,35.34592],[128.38857,35.34764],[128.38941,35.35148],[128.38522,35.3536],[128.38019,35.35188]]]}},{"type":"Feature","properties":{"h3":"8830c1c9a5fffff","emd_code":"4872036000","emd_name":"정곡면","area_km2":0.541,"edge":false,"slope_mean":16.11,"elev_mean":36.1,"flood_hist_n":0,"flood_depth_max_m":null,"flood_risk_100y":null,"semi_basement_r":null,"elderly_alone_r":0.4069,"bldg_age30_r":null,"shelter_min_walk":67,"pop":1287,"hh":875,"elderly65_r":0.5789,"single_hh_r":0.6366,"source_level":"emd","flood_years":[],"landslide_hist_n":0},"geometry":{"type":"Polygon","coordinates":[[[128.36509,35.3467],[128.36424,35.34286],[128.36843,35.34074],[128.37346,35.34246],[128.37431,35.34631],[128.37012,35.34843],[128.36509,35.3467]]]}},{"type":"Feature","properties":{"h3":"8830c1c9a7fffff","emd_code":"4872036000","emd_name":"정곡면","area_km2":0.5411,"edge":false,"slope_mean":15.92,"elev_mean":40.9,"flood_hist_n":0,"flood_depth_max_m":null,"flood_risk_100y":null,"semi_basement_r":null,"elderly_alone_r":0.4069,"bldg_age30_r":null,"shelter_min_walk":64,"pop":1287,"hh":875,"elderly65_r":0.5789,"single_hh_r":0.6366,"source_level":"emd","flood_years":[],"landslide_hist_n":0},"geometry":{"type":"Polygon","coordinates":[[[128.37431,35.34631],[128.37346,35.34246],[128.37765,35.34034],[128.38269,35.34207],[128.38353,35.34592],[128.37934,35.34803],[128.37431,35.34631]]]}},{"type":"Feature","properties":{"h3":"8830c1c9a9fffff","emd_code":"4872036000","emd_name":"정곡면","area_km2":0.5409,"edge":false,"slope_mean":20.41,"elev_mean":79.0,"flood_hist_n":0,"flood_depth_max_m":null,"flood_risk_100y":null,"semi_basement_r":null,"elderly_alone_r":0.4069,"bldg_age30_r":null,"shelter_min_walk":49,"pop":1287,"hh":875,"elderly65_r":0.5789,"single_hh_r":0.6366,"source_level":"emd","flood_years":[],"landslide_hist_n":0},"geometry":{"type":"Polygon","coordinates":[[[128.36762,35.35823],[128.36678,35.35439],[128.37097,35.35227],[128.376,35.354],[128.37685,35.35784],[128.37266,35.35996],[128.36762,35.35823]]]}},{"type":"Feature","properties":{"h3":"8830c1c9abfffff","emd_code":"4872037000","emd_name":"지정면","area_km2":0.5409,"edge":false,"slope_mean":12.76,"elev_mean":32.9,"flood_hist_n":0,"flood_depth_max_m":null,"flood_risk_100y":null,"semi_basement_r":null,"elderly_alone_r":0.4002,"bldg_age30_r":null,"shelter_min_walk":45,"pop":1708,"hh":1132,"elderly65_r":0.5726,"single_hh_r":0.6246,"source_level":"emd","flood_years":[],"landslide_hist_n":0},"geometry":{"type":"Polygon","coordinates":[[[128.37685,35.35784],[128.376,35.354],[128.38019,35.35188],[128.38522,35.3536],[128.38607,35.35745],[128.38188,35.35957],[128.37685,35.35784]]]}},{"type":"Feature","properties":{"h3":"8830c1c9adfffff","emd_code":"4872036000","emd_name":"정곡면","area_km2":0.5409,"edge":false,"slope_mean":13.35,"elev_mean":40.2,"flood_hist_n":0,"flood_depth_max_m":null,"flood_risk_100y":null,"semi_basement_r":null,"elderly_alone_r":0.4069,"bldg_age30_r":null,"shelter_min_walk":61,"pop":1287,"hh":875,"elderly65_r":0.5789,"single_hh_r":0.6366,"source_level":"emd","flood_years":[],"landslide_hist_n":0},"geometry":{"type":"Polygon","coordinates":[[[128.36175,35.35266],[128.3609,35.34882],[128.36509,35.3467],[128.37012,35.34843],[128.37097,35.35227],[128.36678,35.35439],[128.36175,35.35266]]]}},{"type":"Feature","properties":{"h3":"8830c1c9b9fffff","emd_code":"4872037000","emd_name":"지정면","area_km2":0.5409,"edge":false,"slope_mean":8.05,"elev_mean":19.3,"flood_hist_n":0,"flood_depth_max_m":null,"flood_risk_100y":null,"semi_basement_r":null,"elderly_alone_r":0.4002,"bldg_age30_r":null,"shelter_min_walk":37,"pop":1708,"hh":1132,"elderly65_r":0.5726,"single_hh_r":0.6246,"source_level":"emd","flood_years":[],"landslide_hist_n":0},"geometry":{"type":"Polygon","coordinates":[[[128.39195,35.36302],[128.3911,35.35917],[128.39529,35.35705],[128.40033,35.35878],[128.40117,35.36262],[128.39699,35.36474],[128.39195,35.36302]]]}},{"type":"Feature","properties":{"h3":"8830c1c9bbfffff","emd_code":"4872037000","emd_name":"지정면","area_km2":0.541,"edge":true,"slope_mean":8.99,"elev_mean":22.4,"flood_hist_n":0,"flood_depth_max_m":null,"flood_risk_100y":null,"semi_basement_r":null,"elderly_alone_r":0.4002,"bldg_age30_r":null,"shelter_min_walk":43,"pop":1708,"hh":1132,"elderly65_r":0.5726,"single_hh_r":0.6246,"source_level":"emd","flood_years":[],"landslide_hist_n":0},"geometry":{"type":"Polygon","coordinates":[[[128.40117,35.36262],[128.40033,35.35878],[128.40452,35.35666],[128.40955,35.35838],[128.4104,35.36223],[128.40621,35.36435],[128.40117,35.36262]]]}},{"type":"Feature","properties":{"h3":"8830c1c9c1fffff","emd_code":"4872037000","emd_name":"지정면","area_km2":0.5405,"edge":false,"slope_mean":19.54,"elev_mean":80.9,"flood_hist_n":0,"flood_depth_max_m":null,"flood_risk_100y":null,"semi_basement_r":null,"elderly_alone_r":0.4002,"bldg_age30_r":null,"shelter_min_walk":28,"pop":1708,"hh":1132,"elderly65_r":0.5726,"single_hh_r":0.6246,"source_level":"emd","flood_years":[],"landslide_hist_n":0},"geometry":{"type":"Polygon","coordinates":[[[128.36348,35.38168],[128.36263,35.37784],[128.36682,35.37572],[128.37185,35.37745],[128.3727,35.38129],[128.36851,35.38341],[128.36348,35.38168]]]}},{"type":"Feature","properties":{"h3":"8830c1c9c3fffff","emd_code":"4872037000","emd_name":"지정면","area_km2":0.5405,"edge":false,"slope_mean":23.69,"elev_mean":150.1,"flood_hist_n":0,"flood_depth_max_m":null,"flood_risk_100y":null,"semi_basement_r":null,"elderly_alone_r":0.4002,"bldg_age30_r":null,"shelter_min_walk":16,"pop":1708,"hh":1132,"elderly65_r":0.5726,"single_hh_r":0.6246,"source_level":"emd","flood_years":[],"landslide_hist_n":0},"geometry":{"type":"Polygon","coordinates":[[[128.3727,35.38129],[128.37185,35.37745],[128.37604,35.37533],[128.38108,35.37706],[128.38192,35.3809],[128.37773,35.38301],[128.3727,35.38129]]]}},{"type":"Feature","properties":{"h3":"8830c1c9c5fffff","emd_code":"4872037000","emd_name":"지정면","area_km2":0.5405,"edge":false,"slope_mean":22.84,"elev_mean":108.4,"flood_hist_n":0,"flood_depth_max_m":null,"flood_risk_100y":null,"semi_basement_r":null,"elderly_alone_r":0.4002,"bldg_age30_r":null,"shelter_min_walk":38,"pop":1708,"hh":1132,"elderly65_r":0.5726,"single_hh_r":0.6246,"source_level":"emd","flood_years":[],"landslide_hist_n":0},"geometry":{"type":"Polygon","coordinates":[[[128.3576,35.37611],[128.35675,35.37227],[128.36094,35.37015],[128.36597,35.37188],[128.36682,35.37572],[128.36263,35.37784],[128.3576,35.37611]]]}},{"type":"Feature","properties":{"h3":"8830c1c9c7fffff","emd_code":"4872037000","emd_name":"지정면","area_km2":0.5406,"edge":false,"slope_mean":19.75,"elev_mean":74.8,"flood_hist_n":0,"flood_depth_max_m":null,"flood_risk_100y":null,"semi_basement_r":null,"elderly_alone_r":0.4002,"bldg_age30_r":null,"shelter_min_walk":27,"pop":1708,"hh":1132,"elderly65_r":0.5726,"single_hh_r":0.6246,"source_level":"emd","flood_years":[],"landslide_hist_n":0},"geometry":{"type":"Polygon","coordinates":[[[128.36682,35.37572],[128.36597,35.37188],[128.37016,35.36976],[128.3752,35.37149],[128.37604,35.37533],[128.37185,35.37745],[128.36682,35.37572]]]}},{"type":"Feature","properties":{"h3":"8830c1c9c9fffff","emd_code":"4872037000","emd_name":"지정면","area_km2":0.5403,"edge":false,"slope_mean":21.7,"elev_mean":108.2,"flood_hist_n":0,"flood_depth_max_m":null,"flood_risk_100y":null,"semi_basement_r":null,"elderly_alone_r":0.4002,"bldg_age30_r":null,"shelter_min_walk":33,"pop":1708,"hh":1132,"elderly65_r":0.5726,"single_hh_r":0.6246,"source_level":"emd","flood_years":[],"landslide_hist_n":0},"geometry":{"type":"Polygon","coordinates":[[[128.36013,35.38764],[128.35929,35.3838],[128.36348,35.38168],[128.36851,35.38341],[128.36936,35.38725],[128.36517,35.38936],[128.36013,35.38764]]]}},{"type":"Feature","properties":{"h3":"8830c1c9cbfffff","emd_code":"4872037000","emd_name":"지정면","area_km2":0.5404,"edge":false,"slope_mean":23.97,"elev_mean":136.8,"flood_hist_n":0,"flood_depth_max_m":null,"flood_risk_100y":null,"semi_basement_r":null,"elderly_alone_r":0.4002,"bldg_age30_r":null,"shelter_min_walk":21,"pop":1708,"hh":1132,"elderly65_r":0.5726,"single_hh_r":0.6246,"source_level":"emd","flood_years":[],"landslide_hist_n":0},"geometry":{"type":"Polygon","coordinates":[[[128.36936,35.38725],[128.36851,35.38341],[128.3727,35.38129],[128.37773,35.38301],[128.37858,35.38686],[128.37439,35.38897],[128.36936,35.38725]]]}},{"type":"Feature","properties":{"h3":"8830c1c9cdfffff","emd_code":"4872037000","emd_name":"지정면","area_km2":0.5404,"edge":false,"slope_mean":24.15,"elev_mean":152.3,"flood_hist_n":0,"flood_depth_max_m":null,"flood_risk_100y":null,"semi_basement_r":null,"elderly_alone_r":0.4002,"bldg_age30_r":null,"shelter_min_walk":41,"pop":1708,"hh":1132,"elderly65_r":0.5726,"single_hh_r":0.6246,"source_level":"emd","flood_years":[],"landslide_hist_n":0},"geometry":{"type":"Polygon","coordinates":[[[128.35425,35.38207],[128.35341,35.37823],[128.3576,35.37611],[128.36263,35.37784],[128.36348,35.38168],[128.35929,35.3838],[128.35425,35.38207]]]}},{"type":"Feature","properties":{"h3":"8830c1c9d1fffff","emd_code":"4872037000","emd_name":"지정면","area_km2":0.5405,"edge":false,"slope_mean":16.97,"elev_mean":55.3,"flood_hist_n":0,"flood_depth_max_m":null,"flood_risk_100y":null,"semi_basement_r":null,"elderly_alone_r":0.4002,"bldg_age30_r":null,"shelter_min_walk":6,"pop":1708,"hh":1132,"elderly65_r":0.5726,"single_hh_r":0.6246,"source_level":"emd","flood_years":[],"landslide_hist_n":0},"geometry":{"type":"Polygon","coordinates":[[[128.3878,35.38646],[128.38696,35.38262],[128.39115,35.3805],[128.39618,35.38223],[128.39703,35.38607],[128.39284,35.38819],[128.3878,35.38646]]]}},{"type":"Feature","properties":{"h3":"8830c1c9d3fffff","emd_code":"4872037000","emd_name":"지정면","area_km2":0.5405,"edge":false,"slope_mean":10.36,"elev_mean":29.6,"flood_hist_n":0,"flood_depth_max_m":null,"flood_risk_100y":null,"semi_basement_r":null,"elderly_alone_r":0.4002,"bldg_age30_r":null,"shelter_min_walk":18,"pop":1708,"hh":1132,"elderly65_r":0.5726,"single_hh_r":0.6246,"source_level":"emd","flood_years":[],"landslide_hist_n":0},"geometry":{"type":"Polygon","coordinates":[[[128.39703,35.38607],[128.39618,35.38223],[128.40037,35.38011],[128.4054,35.38184],[128.40625,35.38568],[128.40206,35.38779],[128.39703,35.38607]]]}},{"type":"Feature","properties":{"h3":"8830c1c9d5fffff","emd_code":"4872037000","emd_name":"지정면","area_km2":0.5406,"edge":false,"slope_mean":18.8,"elev_mean":77.9,"flood_hist_n":0,"flood_depth_max_m":null,"flood_risk_100y":null,"semi_basement_r":null,"elderly_alone_r":0.4002,"bldg_age30_r":null,"shelter_min_walk":6,"pop":1708,"hh":1132,"elderly65_r":0.5726,"single_hh_r":0.6246,"source_level":"emd","flood_years":[],"landslide_hist_n":0},"geometry":{"type":"Polygon","coordinates":[[[128.38192,35.3809],[128.38108,35.37706],[128.38526,35.37494],[128.3903,35.37666],[128.39115,35.3805],[128.38696,35.38262],[128.38192,35.3809]]]}},{"type":"Feature","properties":{"h3":"8830c1c9d7fffff","emd_code":"4872037000","emd_name":"지정면","area_km2":0.5406,"edge":false,"slope_mean":13.39,"elev_mean":34.0,"flood_hist_n":0,"flood_depth_max_m":null,"flood_risk_100y":null,"semi_basement_r":null,"elderly_alone_r":0.4002,"bldg_age30_r":null,"shelter_min_walk":11,"pop":1708,"hh":1132,"elderly65_r":0.5726,"single_hh_r":0.6246,"source_level":"emd","flood_years":[],"landslide_hist_n":0},"geometry":{"type":"Polygon","coordinates":[[[128.39115,35.3805],[128.3903,35.37666],[128.39449,35.37454],[128.39952,35.37627],[128.40037,35.38011],[128.39618,35.38223],[128.39115,35.3805]]]}},{"type":"Feature","properties":{"h3":"8830c1c9d9fffff","emd_code":"4872037000","emd_name":"지정면","area_km2":0.5404,"edge":false,"slope_mean":22.42,"elev_mean":94.1,"flood_hist_n":0,"flood_depth_max_m":null,"flood_risk_100y":null,"semi_basement_r":null,"elderly_alone_r":0.4002,"bldg_age30_r":null,"shelter_min_walk":14,"pop":1708,"hh":1132,"elderly65_r":0.5726,"single_hh_r":0.6246,"source_level":"emd","flood_years":[],"landslide_hist_n":0},"geometry":{"type":"Polygon","coordinates":[[[128.38446,35.39242],[128.38361,35.38858],[128.3878,35.38646],[128.39284,35.38819],[128.39368,35.39203],[128.38949,35.39415],[128.38446,35.39242]]]}},{"type":"Feature","properties":{"h3":"8830c1c9dbfffff","emd_code":"4872037000","emd_name":"지정면","area_km2":0.5404,"edge":false,"slope_mean":20.37,"elev_mean":89.5,"flood_hist_n":0,"flood_depth_max_m":null,"flood_risk_100y":null,"semi_basement_r":null,"elderly_alone_r":0.4002,"bldg_age30_r":null,"shelter_min_walk":18,"pop":1708,"hh":1132,"elderly65_r":0.5726,"single_hh_r":0.6246,"source_level":"emd","flood_years":[],"landslide_hist_n":0},"geometry":{"type":"Polygon","coordinates":[[[128.39368,35.39203],[128.39284,35.38819],[128.39703,35.38607],[128.40206,35.38779],[128.40291,35.39164],[128.39872,35.39375],[128.39368,35.39203]]]}},{"type":"Feature","properties":{"h3":"8830c1c9ddfffff","emd_code":"4872037000","emd_name":"지정면","area_km2":0.5404,"edge":false,"slope_mean":17.2,"elev_mean":67.1,"flood_hist_n":0,"flood_depth_max_m":null,"flood_risk_100y":null,"semi_basement_r":null,"elderly_alone_r":0.4002,"bldg_age30_r":null,"shelter_min_walk":9,"pop":1708,"hh":1132,"elderly65_r":0.5726,"single_hh_r":0.6246,"source_level":"emd","flood_years":[],"landslide_hist_n":0},"geometry":{"type":"Polygon","coordinates":[[[128.37858,35.38686],[128.37773,35.38301],[128.38192,35.3809],[128.38696,35.38262],[128.3878,35.38646],[128.38361,35.38858],[128.37858,35.38686]]]}},{"type":"Feature","properties":{"h3":"8830c1c9e1fffff","emd_code":"4872036000","emd_name":"정곡면","area_km2":0.5407,"edge":false,"slope_mean":19.42,"elev_mean":105.5,"flood_hist_n":0,"flood_depth_max_m":null,"flood_risk_100y":null,"semi_basement_r":null,"elderly_alone_r":0.4069,"bldg_age30_r":null,"shelter_min_walk":51,"pop":1287,"hh":875,"elderly65_r":0.5789,"single_hh_r":0.6366,"source_level":"emd","flood_years":[],"landslide_hist_n":0},"geometry":{"type":"Polygon","coordinates":[[[128.35506,35.36458],[128.35421,35.36074],[128.3584,35.35862],[128.36344,35.36035],[128.36428,35.36419],[128.36009,35.36631],[128.35506,35.36458]]]}},{"type":"Feature","properties":{"h3":"8830c1c9e3fffff","emd_code":"4872037000","emd_name":"지정면","area_km2":0.5408,"edge":false,"slope_mean":17.82,"elev_mean":86.3,"flood_hist_n":0,"flood_depth_max_m":null,"flood_risk_100y":null,"semi_basement_r":null,"elderly_alone_r":0.4002,"bldg_age30_r":null,"shelter_min_walk":43,"pop":1708,"hh":1132,"elderly65_r":0.5726,"single_hh_r":0.6246,"source_level":"emd","flood_years":[],"landslide_hist_n":0},"geometry":{"type":"Polygon","coordinates":[[[128.36428,35.36419],[128.36344,35.36035],[128.36762,35.35823],[128.37266,35.35996],[128.3735,35.3638],[128.36932,35.36592],[128.36428,35.36419]]]}},{"type":"Feature","properties":{"h3":"8830c1c9e5fffff","emd_code":"4872036000","emd_name":"정곡면","area_km2":0.5408,"edge":false,"slope_mean":15.03,"elev_mean":52.1,"flood_hist_n":0,"flood_depth_max_m":null,"flood_risk_100y":null,"semi_basement_r":null,"elderly_alone_r":0.4069,"bldg_age30_r":null,"shelter_min_walk":63,"pop":1287,"hh":875,"elderly65_r":0.5789,"single_hh_r":0.6366,"source_level":"emd","flood_years":[],"landslide_hist_n":0},"geometry":{"type":"Polygon","coordinates":[[[128.34918,35.35901],[128.34834,35.35517],[128.35252,35.35305],[128.35756,35.35478],[128.3584,35.35862],[128.35421,35.36074],[128.34918,35.35901]]]}},{"type":"Feature","properties":{"h3":"8830c1c9e7fffff","emd_code":"4872036000","emd_name":"정곡면","area_km2":0.5408,"edge":false,"slope_mean":16.04,"elev_mean":54.3,"flood_hist_n":0,"flood_depth_max_m":null,"flood_risk_100y":null,"semi_basement_r":null,"elderly_alone_r":0.4069,"bldg_age30_r":null,"shelter_min_walk":55,"pop":1287,"hh":875,"elderly65_r":0.5789,"single_hh_r":0.6366,"source_level":"emd","flood_years":[],"landslide_hist_n":0},"geometry":{"type":"Polygon","coordinates":[[[128.3584,35.35862],[128.35756,35.35478],[128.36175,35.35266],[128.36678,35.35439],[128.36762,35.35823],[128.36344,35.36035],[128.3584,35.35862]]]}},{"type":"Feature","properties":{"h3":"8830c1c9e9fffff","emd_code":"4872036000","emd_name":"정곡면","area_km2":0.5406,"edge":false,"slope_mean":22.71,"elev_mean":103.7,"flood_hist_n":0,"flood_depth_max_m":null,"flood_risk_100y":null,"semi_basement_r":null,"elderly_alone_r":0.4069,"bldg_age30_r":null,"shelter_min_walk":49,"pop":1287,"hh":875,"elderly65_r":0.5789,"single_hh_r":0.6366,"source_level":"emd","flood_years":[],"landslide_hist_n":0},"geometry":{"type":"Polygon","coordinates":[[[128.35172,35.37054],[128.35087,35.3667],[128.35506,35.36458],[128.36009,35.36631],[128.36094,35.37015],[128.35675,35.37227],[128.35172,35.37054]]]}},{"type":"Feature","properties":{"h3":"8830c1c9ebfffff","emd_code":"4872037000","emd_name":"지정면","area_km2":0.5406,"edge":false,"slope_mean":20.06,"elev_mean":76.9,"flood_hist_n":0,"flood_depth_max_m":null,"flood_risk_100y":null,"semi_basement_r":null,"elderly_alone_r":0.4002,"bldg_age30_r":null,"shelter_min_walk":39,"pop":1708,"hh":1132,"elderly65_r":0.5726,"single_hh_r":0.6246,"source_level":"emd","flood_years":[],"landslide_hist_n":0},"geometry":{"type":"Polygon","coordinates":[[[128.36094,35.37015],[128.36009,35.36631],[128.36428,35.36419],[128.36932,35.36592],[128.37016,35.36976],[128.36597,35.37188],[128.36094,35.37015]]]}},{"type":"Feature","properties":{"h3":"8830c1c9edfffff","emd_code":"4872036000","emd_name":"정곡면","area_km2":0.5407,"edge":false,"slope_mean":18.12,"elev_mean":65.0,"flood_hist_n":0,"flood_depth_max_m":null,"flood_risk_100y":null,"semi_basement_r":null,"elderly_alone_r":0.4069,"bldg_age30_r":null,"shelter_min_walk":61,"pop":1287,"hh":875,"elderly65_r":0.5789,"single_hh_r":0.6366,"source_level":"emd","flood_years":[],"landslide_hist_n":0},"geometry":{"type":"Polygon","coordinates":[[[128.34584,35.36497],[128.34499,35.36113],[128.34918,35.35901],[128.35421,35.36074],[128.35506,35.36458],[128.35087,35.3667],[128.34584,35.36497]]]}},{"type":"Feature","properties":{"h3":"8830c1ca01fffff","emd_code":"4872039000","emd_name":"부림면","area_km2":0.5391,"edge":false,"slope_mean":13.53,"elev_mean":69.4,"flood_hist_n":0,"flood_depth_max_m":null,"flood_risk_100y":null,"semi_basement_r":null,"elderly_alone_r":0.3724,"bldg_age30_r":null,"shelter_min_walk":133,"pop":2522,"hh":1603,"elderly65_r":0.4889,"single_hh_r":0.6138,"source_level":"emd","flood_years":[],"landslide_hist_n":0},"geometry":{"type":"Polygon","coordinates":[[[128.33258,35.45272],[128.33174,35.44889],[128.33593,35.44677],[128.34096,35.4485],[128.34181,35.45234],[128.33762,35.45445],[128.33258,35.45272]]]}},{"type":"Feature","properties":{"h3":"8830c1ca03fffff","emd_code":"4872039000","emd_name":"부림면","area_km2":0.5392,"edge":false,"slope_mean":21.32,"elev_mean":113.0,"flood_hist_n":0,"flood_depth_max_m":null,"flood_risk_100y":null,"semi_basement_r":null,"elderly_alone_r":0.3724,"bldg_age30_r":null,"shelter_min_walk":127,"pop":2522,"hh":1603,"elderly65_r":0.4889,"single_hh_r":0.6138,"source_level":"emd","flood_years":[],"landslide_hist_n":0},"geometry":{"type":"Polygon","coordinates":[[[128.34181,35.45234],[128.34096,35.4485],[128.34515,35.44639],[128.35018,35.44811],[128.35103,35.45195],[128.34684,35.45406],[128.34181,35.45234]]]}},{"type":"Feature","properties":{"h3":"8830c1ca05fffff","emd_code":"4872042000","emd_name":"유곡면","area_km2":0.5392,"edge":false,"slope_mean":20.82,"elev_mean":112.5,"flood_hist_n":0,"flood_depth_max_m":null,"flood_risk_100y":null,"semi_basement_r":null,"elderly_alone_r":0.4383,"bldg_age30_r":null,"shelter_min_walk":130,"pop":1075,"hh":737,"elderly65_r":0.6037,"single_hh_r":0.6472,"source_level":"emd","flood_years":[],"landslide_hist_n":0},"geometry":{"type":"Polygon","coordinates":[[[128.32671,35.44716],[128.32586,35.44332],[128.33005,35.44121],[128.33508,35.44294],[128.33593,35.44677],[128.33174,35.44889],[128.32671,35.44716]]]}},{"type":"Feature","properties":{"h3":"8830c1ca07fffff","emd_code":"4872042000","emd_name":"유곡면","area_km2":0.5392,"edge":false,"slope_mean":19.93,"elev_mean":100.6,"flood_hist_n":0,"flood_depth_max_m":null,"flood_risk_100y":null,"semi_basement_r":null,"elderly_alone_r":0.4383,"bldg_age30_r":null,"shelter_min_walk":123,"pop":1075,"hh":737,"elderly65_r":0.6037,"single_hh_r":0.6472,"source_level":"emd","flood_years":[],"landslide_hist_n":0},"geometry":{"type":"Polygon","coordinates":[[[128.33593,35.44677],[128.33508,35.44294],[128.33927,35.44083],[128.3443,35.44255],[128.34515,35.44639],[128.34096,35.4485],[128.33593,35.44677]]]}},{"type":"Feature","properties":{"h3":"8830c1ca09fffff","emd_code":"4872039000","emd_name":"부림면","area_km2":0.539,"edge":false,"slope_mean":16.22,"elev_mean":77.2,"flood_hist_n":0,"flood_depth_max_m":null,"flood_risk_100y":null,"semi_basement_r":null,"elderly_alone_r":0.3724,"bldg_age30_r":null,"shelter_min_walk":144,"pop":2522,"hh":1603,"elderly65_r":0.4889,"single_hh_r":0.6138,"source_level":"emd","flood_years":[],"landslide_hist_n":0},"geometry":{"type":"Polygon","coordinates":[[[128.32924,35.45867],[128.3284,35.45483],[128.33258,35.45272],[128.33762,35.45445],[128.33846,35.45828],[128.33428,35.46039],[128.32924,35.45867]]]}},{"type":"Feature","properties":{"h3":"8830c1ca0bfffff","emd_code":"4872039000","emd_name":"부림면","area_km2":0.5391,"edge":false,"slope_mean":18.77,"elev_mean":94.4,"flood_hist_n":0,"flood_depth_max_m":null,"flood_risk_100y":null,"semi_basement_r":null,"elderly_alone_r":0.3724,"bldg_age30_r":null,"shelter_min_walk":138,"pop":2522,"hh":1603,"elderly65_r":0.4889,"single_hh_r":0.6138,"source_level":"emd","flood_years":[],"landslide_hist_n":0},"geometry":{"type":"Polygon","coordinates":[[[128.33846,35.45828],[128.33762,35.45445],[128.34181,35.45234],[128.34684,35.45406],[128.34769,35.4579],[128.3435,35.46001],[128.33846,35.45828]]]}},{"type":"Feature","properties":{"h3":"8830c1ca0dfffff","emd_code":"4872039000","emd_name":"부림면","area_km2":0.5391,"edge":false,"slope_mean":19.06,"elev_mean":100.7,"flood_hist_n":0,"flood_depth_max_m":null,"flood_risk_100y":null,"semi_basement_r":null,"elderly_alone_r":0.3724,"bldg_age30_r":null,"shelter_min_walk":141,"pop":2522,"hh":1603,"elderly65_r":0.4889,"single_hh_r":0.6138,"source_level":"emd","flood_years":[],"landslide_hist_n":0},"geometry":{"type":"Polygon","coordinates":[[[128.32336,35.45311],[128.32252,35.44927],[128.32671,35.44716],[128.33174,35.44889],[128.33258,35.45272],[128.3284,35.45483],[128.32336,35.45311]]]}},{"type":"Feature","properties":{"h3":"8830c1ca11fffff","emd_code":"4872039000","emd_name":"부림면","area_km2":0.5392,"edge":false,"slope_mean":19.35,"elev_mean":111.2,"flood_hist_n":0,"flood_depth_max_m":null,"flood_risk_100y":null,"semi_basement_r":null,"elderly_alone_r":0.3724,"bldg_age30_r":null,"shelter_min_walk":127,"pop":2522,"hh":1603,"elderly65_r":0.4889,"single_hh_r":0.6138,"source_level":"emd","flood_years":[],"landslide_hist_n":0},"geometry":{"type":"Polygon","coordinates":[[[128.35691,35.45751],[128.35606,35.45367],[128.36025,35.45156],[128.36529,35.45329],[128.36613,35.45712],[128.36194,35.45923],[128.35691,35.45751]]]}},{"type":"Feature","properties":{"h3":"8830c1ca13fffff","emd_code":"4872038000","emd_name":"낙서면","area_km2":0.5392,"edge":false,"slope_mean":24.4,"elev_mean":106.8,"flood_hist_n":0,"flood_depth_max_m":null,"flood_risk_100y":null,"semi_basement_r":null,"elderly_alone_r":0.4853,"bldg_age30_r":null,"shelter_min_walk":123,"pop":653,"hh":443,"elderly65_r":0.6309,"single_hh_r":0.6637,"source_level":"emd","flood_years":[],"landslide_hist_n":0},"geometry":{"type":"Polygon","coordinates":[[[128.36613,35.45712],[128.36529,35.45329],[128.36948,35.45117],[128.37451,35.4529],[128.37536,35.45673],[128.37117,35.45884],[128.36613,35.45712]]]}},{"type":"Feature","properties":{"h3":"8830c1ca15fffff","emd_code":"4872039000","emd_name":"부림면","area_km2":0.5392,"edge":false,"slope_mean":6.8,"elev_mean":34.4,"flood_hist_n":0,"flood_depth_max_m":null,"flood_risk_100y":null,"semi_basement_r":null,"elderly_alone_r":0.3724,"bldg_age30_r":null,"shelter_min_walk":121,"pop":2522,"hh":1603,"elderly65_r":0.4889,"single_hh_r":0.6138,"source_level":"emd","flood_years":[],"landslide_hist_n":0},"geometry":{"type":"Polygon","coordinates":[[[128.35103,35.45195],[128.35018,35.44811],[128.35437,35.446],[128.35941,35.44772],[128.36025,35.45156],[128.35606,35.45367],[128.35103,35.45195]]]}},{"type":"Feature","properties":{"h3":"8830c1ca17fffff","emd_code":"4872039000","emd_name":"부림면","area_km2":0.5393,"edge":false,"slope_mean":24.77,"elev_mean":129.4,"flood_hist_n":0,"flood_depth_max_m":null,"flood_risk_100y":null,"semi_basement_r":null,"elderly_alone_r":0.3724,"bldg_age30_r":null,"shelter_min_walk":116,"pop":2522,"hh":1603,"elderly65_r":0.4889,"single_hh_r":0.6138,"source_level":"emd","flood_years":[],"landslide_hist_n":0},"geometry":{"type":"Polygon","coordinates":[[[128.36025,35.45156],[128.35941,35.44772],[128.3636,35.44561],[128.36863,35.44734],[128.36948,35.45117],[128.36529,35.45329],[128.36025,35.45156]]]}},{"type":"Feature","properties":{"h3":"8830c1ca19fffff","emd_code":"4872039000","emd_name":"부림면","area_km2":0.539,"edge":false,"slope_mean":14.02,"elev_mean":56.8,"flood_hist_n":0,"flood_depth_max_m":null,"flood_risk_100y":null,"semi_basement_r":null,"elderly_alone_r":0.3724,"bldg_age30_r":null,"shelter_min_walk":138,"pop":2522,"hh":1603,"elderly65_r":0.4889,"single_hh_r":0.6138,"source_level":"emd","flood_years":[],"landslide_hist_n":0},"geometry":{"type":"Polygon","coordinates":[[[128.35357,35.46346],[128.35272,35.45962],[128.35691,35.45751],[128.36194,35.45923],[128.36279,35.46307],[128.3586,35.46518],[128.35357,35.46346]]]}},{"type":"Feature","properties":{"h3":"8830c1ca1bfffff","emd_code":"4872038000","emd_name":"낙서면","area_km2":0.5391,"edge":false,"slope_mean":25.04,"elev_mean":124.0,"flood_hist_n":0,"flood_depth_max_m":null,"flood_risk_100y":null,"semi_basement_r":null,"elderly_alone_r":0.4853,"bldg_age30_r":null,"shelter_min_walk":134,"pop":653,"hh":443,"elderly65_r":0.6309,"single_hh_r":0.6637,"source_level":"emd","flood_years":[],"landslide_hist_n":0},"geometry":{"type":"Polygon","coordinates":[[[128.36279,35.46307],[128.36194,35.45923],[128.36613,35.45712],[128.37117,35.45884],[128.37201,35.46268],[128.36783,35.46479],[128.36279,35.46307]]]}},{"type":"Feature","properties":{"h3":"8830c1ca1dfffff","emd_code":"4872039000","emd_name":"부림면","area_km2":0.5391,"edge":false,"slope_mean":8.55,"elev_mean":38.6,"flood_hist_n":0,"flood_depth_max_m":null,"flood_risk_100y":null,"semi_basement_r":null,"elderly_alone_r":0.3724,"bldg_age30_r":null,"shelter_min_walk":132,"pop":2522,"hh":1603,"elderly65_r":0.4889,"single_hh_r":0.6138,"source_level":"emd","flood_years":[],"landslide_hist_n":0},"geometry":{"type":"Polygon","coordinates":[[[128.34769,35.4579],[128.34684,35.45406],[128.35103,35.45195],[128.35606,35.45367],[128.35691,35.45751],[128.35272,35.45962],[128.34769,35.4579]]]}},{"type":"Feature","properties":{"h3":"8830c1ca21fffff","emd_code":"4872042000","emd_name":"유곡면","area_km2":0.5394,"edge":false,"slope_mean":19.24,"elev_mean":106.1,"flood_hist_n":0,"flood_depth_max_m":null,"flood_risk_100y":null,"semi_basement_r":null,"elderly_alone_r":0.4383,"bldg_age30_r":null,"shelter_min_walk":118,"pop":1075,"hh":737,"elderly65_r":0.6037,"single_hh_r":0.6472,"source_level":"emd","flood_years":[],"landslide_hist_n":0},"geometry":{"type":"Polygon","coordinates":[[[128.32417,35.43565],[128.32332,35.43181],[128.32751,35.4297],[128.33255,35.43143],[128.33339,35.43526],[128.3292,35.43737],[128.32417,35.43565]]]}},{"type":"Feature","properties":{"h3":"8830c1ca23fffff","emd_code":"4872042000","emd_name":"유곡면","area_km2":0.5394,"edge":false,"slope_mean":13.57,"elev_mean":60.6,"flood_hist_n":0,"flood_depth_max_m":null,"flood_risk_100y":null,"semi_basement_r":null,"elderly_alone_r":0.4383,"bldg_age30_r":null,"shelter_min_walk":109,"pop":1075,"hh":737,"elderly65_r":0.6037,"single_hh_r":0.6472,"source_level":"emd","flood_years":[],"landslide_hist_n":0},"geometry":{"type":"Polygon","coordinates":[[[128.33339,35.43526],[128.33255,35.43143],[128.33673,35.42931],[128.34177,35.43104],[128.34261,35.43488],[128.33843,35.43699],[128.33339,35.43526]]]}},{"type":"Feature","properties":{"h3":"8830c1ca25fffff","emd_code":"4872042000","emd_name":"유곡면","area_km2":0.5394,"edge":false,"slope_mean":24.22,"elev_mean":176.2,"flood_hist_n":0,"flood_depth_max_m":null,"flood_risk_100y":null,"semi_basement_r":null,"elderly_alone_r":0.4383,"bldg_age30_r":null,"shelter_min_walk":117,"pop":1075,"hh":737,"elderly65_r":0.6037,"single_hh_r":0.6472,"source_level":"emd","flood_years":[],"landslide_hist_n":0},"geometry":{"type":"Polygon","coordinates":[[[128.31829,35.43009],[128.31745,35.42625],[128.32163,35.42414],[128.32667,35.42586],[128.32751,35.4297],[128.32332,35.43181],[128.31829,35.43009]]]}},{"type":"Feature","properties":{"h3":"8830c1ca27fffff","emd_code":"4872042000","emd_name":"유곡면","area_km2":0.5395,"edge":false,"slope_mean":22.82,"elev_mean":210.5,"flood_hist_n":0,"flood_depth_max_m":null,"flood_risk_100y":null,"semi_basement_r":null,"elderly_alone_r":0.4383,"bldg_age30_r":null,"shelter_min_walk":108,"pop":1075,"hh":737,"elderly65_r":0.6037,"single_hh_r":0.6472,"source_level":"emd","flood_years":[],"landslide_hist_n":0},"geometry":{"type":"Polygon","coordinates":[[[128.32751,35.4297],[128.32667,35.42586],[128.33086,35.42375],[128.33589,35.42548],[128.33673,35.42931],[128.33255,35.43143],[128.32751,35.4297]]]}},{"type":"Feature","properties":{"h3":"8830c1ca29fffff","emd_code":"4872042000","emd_name":"유곡면","area_km2":0.5393,"edge":false,"slope_mean":16.62,"elev_mean":73.6,"flood_hist_n":0,"flood_depth_max_m":null,"flood_risk_100y":null,"semi_basement_r":null,"elderly_alone_r":0.4383,"bldg_age30_r":null,"shelter_min_walk":128,"pop":1075,"hh":737,"elderly65_r":0.6037,"single_hh_r":0.6472,"source_level":"emd","flood_years":[],"landslide_hist_n":0},"geometry":{"type":"Polygon","coordinates":[[[128.32083,35.4416],[128.31998,35.43776],[128.32417,35.43565],[128.3292,35.43737],[128.33005,35.44121],[128.32586,35.44332],[128.32083,35.4416]]]}},{"type":"Feature","properties":{"h3":"8830c1ca2bfffff","emd_code":"4872042000","emd_name":"유곡면","area_km2":0.5393,"edge":false,"slope_mean":22.31,"elev_mean":135.4,"flood_hist_n":0,"flood_depth_max_m":null,"flood_risk_100y":null,"semi_basement_r":null,"elderly_alone_r":0.4383,"bldg_age30_r":null,"shelter_min_walk":120,"pop":1075,"hh":737,"elderly65_r":0.6037,"single_hh_r":0.6472,"source_level":"emd","flood_years":[],"landslide_hist_n":0},"geometry":{"type":"Polygon","coordinates":[[[128.33005,35.44121],[128.3292,35.43737],[128.33339,35.43526],[128.33843,35.43699],[128.33927,35.44083],[128.33508,35.44294],[128.33005,35.44121]]]}},{"type":"Feature","properties":{"h3":"8830c1ca2dfffff","emd_code":"4872042000","emd_name":"유곡면","area_km2":0.5393,"edge":false,"slope_mean":8.79,"elev_mean":56.4,"flood_hist_n":0,"flood_depth_max_m":null,"flood_risk_100y":null,"semi_basement_r":null,"elderly_alone_r":0.4383,"bldg_age30_r":null,"shelter_min_walk":127,"pop":1075,"hh":737,"elderly65_r":0.6037,"single_hh_r":0.6472,"source_level":"emd","flood_years":[],"landslide_hist_n":0},"geometry":{"type":"Polygon","coordinates":[[[128.31495,35.43603],[128.3141,35.4322],[128.31829,35.43009],[128.32332,35.43181],[128.32417,35.43565],[128.31998,35.43776],[128.31495,35.43603]]]}},{"type":"Feature","properties":{"h3":"8830c1ca31fffff","emd_code":"4872042000","emd_name":"유곡면","area_km2":0.5394,"edge":false,"slope_mean":19.36,"elev_mean":96.8,"flood_hist_n":0,"flood_depth_max_m":null,"flood_risk_100y":null,"semi_basement_r":null,"elderly_alone_r":0.4383,"bldg_age30_r":null,"shelter_min_walk":105,"pop":1075,"hh":737,"elderly65_r":0.6037,"single_hh_r":0.6472,"source_level":"emd","flood_years":[],"landslide_hist_n":0},"geometry":{"type":"Polygon","coordinates":[[[128.34849,35.44044],[128.34765,35.4366],[128.35184,35.43449],[128.35687,35.43621],[128.35772,35.44005],[128.35353,35.44216],[128.34849,35.44044]]]}},{"type":"Feature","properties":{"h3":"8830c1ca33fffff","emd_code":"4872039000","emd_name":"부림면","area_km2":0.5395,"edge":false,"slope_mean":24.06,"elev_mean":145.6,"flood_hist_n":0,"flood_depth_max_m":null,"flood_risk_100y":null,"semi_basement_r":null,"elderly_alone_r":0.3724,"bldg_age30_r":null,"shelter_min_walk":99,"pop":2522,"hh":1603,"elderly65_r":0.4889,"single_hh_r":0.6138,"source_level":"emd","flood_years":[],"landslide_hist_n":0},"geometry":{"type":"Polygon","coordinates":[[[128.35772,35.44005],[128.35687,35.43621],[128.36106,35.4341],[128.36609,35.43582],[128.36694,35.43966],[128.36275,35.44178],[128.35772,35.44005]]]}},{"type":"Feature","properties":{"h3":"8830c1ca35fffff","emd_code":"4872042000","emd_name":"유곡면","area_km2":0.5395,"edge":false,"slope_mean":15.36,"elev_mean":64.9,"flood_hist_n":0,"flood_depth_max_m":null,"flood_risk_100y":null,"semi_basement_r":null,"elderly_alone_r":0.4383,"bldg_age30_r":null,"shelter_min_walk":101,"pop":1075,"hh":737,"elderly65_r":0.6037,"single_hh_r":0.6472,"source_level":"emd","flood_years":[],"landslide_hist_n":0},"geometry":{"type":"Polygon","coordinates":[[[128.34261,35.43488],[128.34177,35.43104],[128.34596,35.42893],[128.35099,35.43065],[128.35184,35.43449],[128.34765,35.4366],[128.34261,35.43488]]]}},{"type":"Feature","properties":{"h3":"8830c1ca37fffff","emd_code":"4872039000","emd_name":"부림면","area_km2":0.5395,"edge":false,"slope_mean":24.7,"elev_mean":170.6,"flood_hist_n":0,"flood_depth_max_m":null,"flood_risk_100y":null,"semi_basement_r":null,"elderly_alone_r":0.3724,"bldg_age30_r":null,"shelter_min_walk":94,"pop":2522,"hh":1603,"elderly65_r":0.4889,"single_hh_r":0.6138,"source_level":"emd","flood_years":[],"landslide_hist_n":0},"geometry":{"type":"Polygon","coordinates":[[[128.35184,35.43449],[128.35099,35.43065],[128.35518,35.42854],[128.36021,35.43026],[128.36106,35.4341],[128.35687,35.43621],[128.35184,35.43449]]]}},{"type":"Feature","properties":{"h3":"8830c1ca39fffff","emd_code":"4872042000","emd_name":"유곡면","area_km2":0.5393,"edge":false,"slope_mean":16.45,"elev_mean":60.0,"flood_hist_n":0,"flood_depth_max_m":null,"flood_risk_100y":null,"semi_basement_r":null,"elderly_alone_r":0.4383,"bldg_age30_r":null,"shelter_min_walk":116,"pop":1075,"hh":737,"elderly65_r":0.6037,"single_hh_r":0.6472,"source_level":"emd","flood_years":[],"landslide_hist_n":0},"geometry":{"type":"Polygon","coordinates":[[[128.34515,35.44639],[128.3443,35.44255],[128.34849,35.44044],[128.35353,35.44216],[128.35437,35.446],[128.35018,35.44811],[128.34515,35.44639]]]}},{"type":"Feature","properties":{"h3":"8830c1ca3bfffff","emd_code":"4872039000","emd_name":"부림면","area_km2":0.5393,"edge":false,"slope_mean":16.97,"elev_mean":78.9,"flood_hist_n":0,"flood_depth_max_m":null,"flood_risk_100y":null,"semi_basement_r":null,"elderly_alone_r":0.3724,"bldg_age30_r":null,"shelter_min_walk":110,"pop":2522,"hh":1603,"elderly65_r":0.4889,"single_hh_r":0.6138,"source_level":"emd","flood_years":[],"landslide_hist_n":0},"geometry":{"type":"Polygon","coordinates":[[[128.35437,35.446],[128.35353,35.44216],[128.35772,35.44005],[128.36275,35.44178],[128.3636,35.44561],[128.35941,35.44772],[128.35437,35.446]]]}},{"type":"Feature","properties":{"h3":"8830c1ca3dfffff","emd_code":"4872042000","emd_name":"유곡면","area_km2":0.5394,"edge":false,"slope_mean":14.42,"elev_mean":63.9,"flood_hist_n":0,"flood_depth_max_m":null,"flood_risk_100y":null,"semi_basement_r":null,"elderly_alone_r":0.4383,"bldg_age30_r":null,"shelter_min_walk":112,"pop":1075,"hh":737,"elderly65_r":0.6037,"single_hh_r":0.6472,"source_level":"emd","flood_years":[],"landslide_hist_n":0},"geometry":{"type":"Polygon","coordinates":[[[128.33927,35.44083],[128.33843,35.43699],[128.34261,35.43488],[128.34765,35.4366],[128.34849,35.44044],[128.3443,35.44255],[128.33927,35.44083]]]}},{"type":"Feature","properties":{"h3":"8830c1ca41fffff","emd_code":"4872039000","emd_name":"부림면","area_km2":0.5388,"edge":false,"slope_mean":7.69,"elev_mean":36.1,"flood_hist_n":0,"flood_depth_max_m":null,"flood_risk_100y":null,"semi_basement_r":null,"elderly_alone_r":0.3724,"bldg_age30_r":null,"shelter_min_walk":162,"pop":2522,"hh":1603,"elderly65_r":0.4889,"single_hh_r":0.6138,"source_level":"emd","flood_years":[],"landslide_hist_n":0},"geometry":{"type":"Polygon","coordinates":[[[128.31668,35.465],[128.31583,35.46116],[128.32002,35.45905],[128.32505,35.46078],[128.3259,35.46461],[128.32171,35.46672],[128.31668,35.465]]]}},{"type":"Feature","properties":{"h3":"8830c1ca43fffff","emd_code":"4872039000","emd_name":"부림면","area_km2":0.5389,"edge":false,"slope_mean":16.73,"elev_mean":76.3,"flood_hist_n":0,"flood_depth_max_m":null,"flood_risk_100y":null,"semi_basement_r":null,"elderly_alone_r":0.3724,"bldg_age30_r":null,"shelter_min_walk":155,"pop":2522,"hh":1603,"elderly65_r":0.4889,"single_hh_r":0.6138,"source_level":"emd","flood_years":[],"landslide_hist_n":0},"geometry":{"type":"Polygon","coordinates":[[[128.3259,35.46461],[128.32505,35.46078],[128.32924,35.45867],[128.33428,35.46039],[128.33512,35.46423],[128.33093,35.46634],[128.3259,35.46461]]]}},{"type":"Feature","properties":{"h3":"8830c1ca45fffff","emd_code":"4872039000","emd_name":"부림면","area_km2":0.5389,"edge":false,"slope_mean":16.23,"elev_mean":72.5,"flood_hist_n":0,"flood_depth_max_m":null,"flood_risk_100y":null,"semi_basement_r":null,"elderly_alone_r":0.3724,"bldg_age30_r":null,"shelter_min_walk":160,"pop":2522,"hh":1603,"elderly65_r":0.4889,"single_hh_r":0.6138,"source_level":"emd","flood_years":[],"landslide_hist_n":0},"geometry":{"type":"Polygon","coordinates":[[[128.3108,35.45944],[128.30995,35.4556],[128.31414,35.45349],[128.31917,35.45522],[128.32002,35.45905],[128.31583,35.46116],[128.3108,35.45944]]]}},{"type":"Feature","properties":{"h3":"8830c1ca47fffff","emd_code":"4872039000","emd_name":"부림면","area_km2":0.539,"edge":false,"slope_mean":22.16,"elev_mean":102.3,"flood_hist_n":0,"flood_depth_max_m":null,"flood_risk_100y":null,"semi_basement_r":null,"elderly_alone_r":0.3724,"bldg_age30_r":null,"shelter_min_walk":152,"pop":2522,"hh":1603,"elderly65_r":0.4889,"single_hh_r":0.6138,"source_level":"emd","flood_years":[],"landslide_hist_n":0},"geometry":{"type":"Polygon","coordinates":[[[128.32002,35.45905],[128.31917,35.45522],[128.32336,35.45311],[128.3284,35.45483],[128.32924,35.45867],[128.32505,35.46078],[128.32002,35.45905]]]}},{"type":"Feature","properties":{"h3":"8830c1ca49fffff","emd_code":"4872039000","emd_name":"부림면","area_km2":0.5387,"edge":false,"slope_mean":18.06,"elev_mean":83.0,"flood_hist_n":0,"flood_depth_max_m":null,"flood_risk_100y":null,"semi_basement_r":null,"elderly_alone_r":0.3724,"bldg_age30_r":null,"shelter_min_walk":173,"pop":2522,"hh":1603,"elderly65_r":0.4889,"single_hh_r":0.6138,"source_level":"emd","flood_years":[],"landslide_hist_n":0},"geometry":{"type":"Polygon","coordinates":[[[128.31333,35.47094],[128.31249,35.46711],[128.31668,35.465],[128.32171,35.46672],[128.32256,35.47056],[128.31837,35.47267],[128.31333,35.47094]]]}},{"type":"Feature","properties":{"h3":"8830c1ca4bfffff","emd_code":"4872039000","emd_name":"부림면","area_km2":0.5388,"edge":false,"slope_mean":7.19,"elev_mean":32.5,"flood_hist_n":1,"flood_depth_max_m":0.357,"flood_risk_100y":null,"semi_basement_r":null,"elderly_alone_r":0.3724,"bldg_age30_r":null,"shelter_min_walk":166,"pop":2522,"hh":1603,"elderly65_r":0.4889,"single_hh_r":0.6138,"source_level":"emd","flood_years":[2012],"landslide_hist_n":0},"geometry":{"type":"Polygon","coordinates":[[[128.32256,35.47056],[128.32171,35.46672],[128.3259,35.46461],[128.33093,35.46634],[128.33178,35.47017],[128.32759,35.47228],[128.32256,35.47056]]]}},{"type":"Feature","properties":{"h3":"8830c1ca4dfffff","emd_code":"4872040000","emd_name":"봉수면","area_km2":0.5388,"edge":false,"slope_mean":7.82,"elev_mean":42.5,"flood_hist_n":0,"flood_depth_max_m":null,"flood_risk_100y":null,"semi_basement_r":null,"elderly_alone_r":0.4016,"bldg_age30_r":null,"shelter_min_walk":170,"pop":934,"hh":640,"elderly65_r":0.5749,"single_hh_r":0.6609,"source_level":"emd","flood_years":[],"landslide_hist_n":0},"geometry":{"type":"Polygon","coordinates":[[[128.30746,35.46538],[128.30661,35.46155],[128.3108,35.45944],[128.31583,35.46116],[128.31668,35.465],[128.31249,35.46711],[128.30746,35.46538]]]}},{"type":"Feature","properties":{"h3":"8830c1ca51fffff","emd_code":"4872039000","emd_name":"부림면","area_km2":0.5389,"edge":false,"slope_mean":15.45,"elev_mean":58.5,"flood_hist_n":0,"flood_depth_max_m":null,"flood_risk_100y":null,"semi_basement_r":null,"elderly_alone_r":0.3724,"bldg_age30_r":null,"shelter_min_walk":154,"pop":2522,"hh":1603,"elderly65_r":0.4889,"single_hh_r":0.6138,"source_level":"emd","flood_years":[],"landslide_hist_n":0},"geometry":{"type":"Polygon","coordinates":[[[128.341,35.46979],[128.34016,35.46595],[128.34434,35.46384],[128.34938,35.46557],[128.35022,35.4694],[128.34603,35.47151],[128.341,35.46979]]]}},{"type":"Feature","properties":{"h3":"8830c1ca53fffff","emd_code":"4872039000","emd_name":"부림면","area_km2":0.5389,"edge":false,"slope_mean":10.08,"elev_mean":33.6,"flood_hist_n":0,"flood_depth_max_m":null,"flood_risk_100y":null,"semi_basement_r":null,"elderly_alone_r":0.3724,"bldg_age30_r":null,"shelter_min_walk":149,"pop":2522,"hh":1603,"elderly65_r":0.4889,"single_hh_r":0.6138,"source_level":"emd","flood_years":[],"landslide_hist_n":0},"geometry":{"type":"Polygon","coordinates":[[[128.35022,35.4694],[128.34938,35.46557],[128.35357,35.46346],[128.3586,35.46518],[128.35945,35.46902],[128.35526,35.47113],[128.35022,35.4694]]]}},{"type":"Feature","properties":{"h3":"8830c1ca55fffff","emd_code":"4872039000","emd_name":"부림면","area_km2":0.5389,"edge":false,"slope_mean":14.48,"elev_mean":68.4,"flood_hist_n":0,"flood_depth_max_m":null,"flood_risk_100y":null,"semi_basement_r":null,"elderly_alone_r":0.3724,"bldg_age30_r":null,"shelter_min_walk":149,"pop":2522,"hh":1603,"elderly65_r":0.4889,"single_hh_r":0.6138,"source_level":"emd","flood_years":[],"landslide_hist_n":0},"geometry":{"type":"Polygon","coordinates":[[[128.33512,35.46423],[128.33428,35.46039],[128.33846,35.45828],[128.3435,35.46001],[128.34434,35.46384],[128.34016,35.46595],[128.33512,35.46423]]]}},{"type":"Feature","properties":{"h3":"8830c1ca57fffff","emd_code":"4872039000","emd_name":"부림면","area_km2":0.539,"edge":false,"slope_mean":9.52,"elev_mean":33.4,"flood_hist_n":0,"flood_depth_max_m":null,"flood_risk_100y":null,"semi_basement_r":null,"elderly_alone_r":0.3724,"bldg_age30_r":null,"shelter_min_walk":143,"pop":2522,"hh":1603,"elderly65_r":0.4889,"single_hh_r":0.6138,"source_level":"emd","flood_years":[],"landslide_hist_n":0},"geometry":{"type":"Polygon","coordinates":[[[128.34434,35.46384],[128.3435,35.46001],[128.34769,35.4579],[128.35272,35.45962],[128.35357,35.46346],[128.34938,35.46557],[128.34434,35.46384]]]}},{"type":"Feature","properties":{"h3":"8830c1ca59fffff","emd_code":"4872039000","emd_name":"부림면","area_km2":0.5388,"edge":false,"slope_mean":12.21,"elev_mean":48.1,"flood_hist_n":0,"flood_depth_max_m":null,"flood_risk_100y":null,"semi_basement_r":null,"elderly_alone_r":0.3724,"bldg_age30_r":null,"shelter_min_walk":164,"pop":2522,"hh":1603,"elderly65_r":0.4889,"single_hh_r":0.6138,"source_level":"emd","flood_years":[],"landslide_hist_n":0},"geometry":{"type":"Polygon","coordinates":[[[128.33766,35.47573],[128.33681,35.4719],[128.341,35.46979],[128.34603,35.47151],[128.34688,35.47535],[128.34269,35.47746],[128.33766,35.47573]]]}},{"type":"Feature","properties":{"h3":"8830c1ca5bfffff","emd_code":"4872039000","emd_name":"부림면","area_km2":0.5388,"edge":false,"slope_mean":12.86,"elev_mean":45.9,"flood_hist_n":0,"flood_depth_max_m":null,"flood_risk_100y":null,"semi_basement_r":null,"elderly_alone_r":0.3724,"bldg_age30_r":null,"shelter_min_walk":160,"pop":2522,"hh":1603,"elderly65_r":0.4889,"single_hh_r":0.6138,"source_level":"emd","flood_years":[],"landslide_hist_n":0},"geometry":{"type":"Polygon","coordinates":[[[128.34688,35.47535],[128.34603,35.47151],[128.35022,35.4694],[128.35526,35.47113],[128.3561,35.47496],[128.35192,35.47707],[128.34688,35.47535]]]}},{"type":"Feature","properties":{"h3":"8830c1ca5dfffff","emd_code":"4872039000","emd_name":"부림면","area_km2":0.5388,"edge":false,"slope_mean":16.28,"elev_mean":77.9,"flood_hist_n":0,"flood_depth_max_m":null,"flood_risk_100y":null,"semi_basement_r":null,"elderly_alone_r":0.3724,"bldg_age30_r":null,"shelter_min_walk":159,"pop":2522,"hh":1603,"elderly65_r":0.4889,"single_hh_r":0.6138,"source_level":"emd","flood_years":[],"landslide_hist_n":0},"geometry":{"type":"Polygon","coordinates":[[[128.33178,35.47017],[128.33093,35.46634],[128.33512,35.46423],[128.34016,35.46595],[128.341,35.46979],[128.33681,35.4719],[128.33178,35.47017]]]}},{"type":"Feature","properties":{"h3":"8830c1ca61fffff","emd_code":"4872042000","emd_name":"유곡면","area_km2":0.5391,"edge":false,"slope_mean":23.58,"elev_mean":157.0,"flood_hist_n":0,"flood_depth_max_m":null,"flood_risk_100y":null,"semi_basement_r":null,"elderly_alone_r":0.4383,"bldg_age30_r":null,"shelter_min_walk":147,"pop":1075,"hh":737,"elderly65_r":0.6037,"single_hh_r":0.6472,"source_level":"emd","flood_years":[],"landslide_hist_n":0},"geometry":{"type":"Polygon","coordinates":[[[128.30826,35.44793],[128.30742,35.44409],[128.31161,35.44198],[128.31664,35.44371],[128.31748,35.44755],[128.3133,35.44966],[128.30826,35.44793]]]}},{"type":"Feature","properties":{"h3":"8830c1ca63fffff","emd_code":"4872042000","emd_name":"유곡면","area_km2":0.5391,"edge":false,"slope_mean":24.46,"elev_mean":148.3,"flood_hist_n":0,"flood_depth_max_m":null,"flood_risk_100y":null,"semi_basement_r":null,"elderly_alone_r":0.4383,"bldg_age30_r":null,"shelter_min_walk":139,"pop":1075,"hh":737,"elderly65_r":0.6037,"single_hh_r":0.6472,"source_level":"emd","flood_years":[],"landslide_hist_n":0},"geometry":{"type":"Polygon","coordinates":[[[128.31748,35.44755],[128.31664,35.44371],[128.32083,35.4416],[128.32586,35.44332],[128.32671,35.44716],[128.32252,35.44927],[128.31748,35.44755]]]}},{"type":"Feature","properties":{"h3":"8830c1ca65fffff","emd_code":"4872042000","emd_name":"유곡면","area_km2":0.5392,"edge":false,"slope_mean":17.39,"elev_mean":87.1,"flood_hist_n":0,"flood_depth_max_m":null,"flood_risk_100y":null,"semi_basement_r":null,"elderly_alone_r":0.4383,"bldg_age30_r":null,"shelter_min_walk":147,"pop":1075,"hh":737,"elderly65_r":0.6037,"single_hh_r":0.6472,"source_level":"emd","flood_years":[],"landslide_hist_n":0},"geometry":{"type":"Polygon","coordinates":[[[128.30239,35.44237],[128.30154,35.43853],[128.30573,35.43642],[128.31076,35.43815],[128.31161,35.44198],[128.30742,35.44409],[128.30239,35.44237]]]}},{"type":"Feature","properties":{"h3":"8830c1ca67fffff","emd_code":"4872042000","emd_name":"유곡면","area_km2":0.5392,"edge":false,"slope_mean":22.77,"elev_mean":129.9,"flood_hist_n":0,"flood_depth_max_m":null,"flood_risk_100y":null,"semi_basement_r":null,"elderly_alone_r":0.4383,"bldg_age30_r":null,"shelter_min_walk":137,"pop":1075,"hh":737,"elderly65_r":0.6037,"single_hh_r":0.6472,"source_level":"emd","flood_years":[],"landslide_hist_n":0},"geometry":{"type":"Polygon","coordinates":[[[128.31161,35.44198],[128.31076,35.43815],[128.31495,35.43603],[128.31998,35.43776],[128.32083,35.4416],[128.31664,35.44371],[128.31161,35.44198]]]}},{"type":"Feature","properties":{"h3":"8830c1ca69fffff","emd_code":"4872040000","emd_name":"봉수면","area_km2":0.539,"edge":false,"slope_mean":20.87,"elev_mean":113.9,"flood_hist_n":0,"flood_depth_max_m":null,"flood_risk_100y":null,"semi_basement_r":null,"elderly_alone_r":0.4016,"bldg_age30_r":null,"shelter_min_walk":158,"pop":934,"hh":640,"elderly65_r":0.5749,"single_hh_r":0.6609,"source_level":"emd","flood_years":[],"landslide_hist_n":0},"geometry":{"type":"Polygon","coordinates":[[[128.30492,35.45388],[128.30408,35.45004],[128.30826,35.44793],[128.3133,35.44966],[128.31414,35.45349],[128.30995,35.4556],[128.30492,35.45388]]]}},{"type":"Feature","properties":{"h3":"8830c1ca6bfffff","emd_code":"4872039000","emd_name":"부림면","area_km2":0.539,"edge":false,"slope_mean":23.33,"elev_mean":147.2,"flood_hist_n":0,"flood_depth_max_m":null,"flood_risk_100y":null,"semi_basement_r":null,"elderly_alone_r":0.3724,"bldg_age30_r":null,"shelter_min_walk":149,"pop":2522,"hh":1603,"elderly65_r":0.4889,"single_hh_r":0.6138,"source_level":"emd","flood_years":[],"landslide_hist_n":0},"geometry":{"type":"Polygon","coordinates":[[[128.31414,35.45349],[128.3133,35.44966],[128.31748,35.44755],[128.32252,35.44927],[128.32336,35.45311],[128.31917,35.45522],[128.31414,35.45349]]]}},{"type":"Feature","properties":{"h3":"8830c1ca6dfffff","emd_code":"4872042000","emd_name":"유곡면","area_km2":0.539,"edge":false,"slope_mean":24.9,"elev_mean":171.0,"flood_hist_n":0,"flood_depth_max_m":null,"flood_risk_100y":null,"semi_basement_r":null,"elderly_alone_r":0.4383,"bldg_age30_r":null,"shelter_min_walk":157,"pop":1075,"hh":737,"elderly65_r":0.6037,"single_hh_r":0.6472,"source_level":"emd","flood_years":[],"landslide_hist_n":0},"geometry":{"type":"Polygon","coordinates":[[[128.29904,35.44831],[128.2982,35.44448],[128.30239,35.44237],[128.30742,35.44409],[128.30826,35.44793],[128.30408,35.45004],[128.29904,35.44831]]]}},{"type":"Feature","properties":{"h3":"8830c1caa5fffff","emd_code":"4872037000","emd_name":"지정면","area_km2":0.5398,"edge":false,"slope_mean":13.71,"elev_mean":36.3,"flood_hist_n":0,"flood_depth_max_m":null,"flood_risk_100y":null,"semi_basement_r":null,"elderly_alone_r":0.4002,"bldg_age30_r":null,"shelter_min_walk":72,"pop":1708,"hh":1132,"elderly65_r":0.5726,"single_hh_r":0.6246,"source_level":"emd","flood_years":[],"landslide_hist_n":0},"geometry":{"type":"Polygon","coordinates":[[[128.38285,35.42737],[128.382,35.42353],[128.38619,35.42142],[128.39123,35.42314],[128.39207,35.42698],[128.38788,35.42909],[128.38285,35.42737]]]}},{"type":"Feature","properties":{"h3":"8830c1caa7fffff","emd_code":"4872037000","emd_name":"지정면","area_km2":0.5398,"edge":true,"slope_mean":5.43,"elev_mean":13.8,"flood_hist_n":0,"flood_depth_max_m":null,"flood_risk_100y":null,"semi_basement_r":null,"elderly_alone_r":0.4002,"bldg_age30_r":null,"shelter_min_walk":72,"pop":1708,"hh":1132,"elderly65_r":0.5726,"single_hh_r":0.6246,"source_level":"emd","flood_years":[],"landslide_hist_n":0},"geometry":{"type":"Polygon","coordinates":[[[128.39207,35.42698],[128.39123,35.42314],[128.39542,35.42102],[128.40045,35.42275],[128.4013,35.42659],[128.39711,35.4287],[128.39207,35.42698]]]}},{"type":"Feature","properties":{"h3":"8830c1caadfffff","emd_code":"4872037000","emd_name":"지정면","area_km2":0.5397,"edge":true,"slope_mean":3.8,"elev_mean":10.5,"flood_hist_n":0,"flood_depth_max_m":null,"flood_risk_100y":null,"semi_basement_r":null,"elderly_alone_r":0.4002,"bldg_age30_r":null,"shelter_min_walk":82,"pop":1708,"hh":1132,"elderly65_r":0.5726,"single_hh_r":0.6246,"source_level":"emd","flood_years":[],"landslide_hist_n":0},"geometry":{"type":"Polygon","coordinates":[[[128.37951,35.43332],[128.37866,35.42948],[128.38285,35.42737],[128.38788,35.42909],[128.38873,35.43293],[128.38454,35.43505],[128.37951,35.43332]]]}},{"type":"Feature","properties":{"h3":"8830c1cac1fffff","emd_code":"4872038000","emd_name":"낙서면","area_km2":0.5392,"edge":false,"slope_mean":1.94,"elev_mean":7.1,"flood_hist_n":0,"flood_depth_max_m":null,"flood_risk_100y":null,"semi_basement_r":null,"elderly_alone_r":0.4853,"bldg_age30_r":null,"shelter_min_walk":130,"pop":653,"hh":443,"elderly65_r":0.6309,"single_hh_r":0.6637,"source_level":"emd","flood_years":[],"landslide_hist_n":0},"geometry":{"type":"Polygon","coordinates":[[[128.38124,35.46229],[128.38039,35.45846],[128.38458,35.45634],[128.38962,35.45807],[128.39046,35.4619],[128.38627,35.46401],[128.38124,35.46229]]]}},{"type":"Feature","properties":{"h3":"8830c1cac3fffff","emd_code":"4872038000","emd_name":"낙서면","area_km2":0.5392,"edge":true,"slope_mean":11.77,"elev_mean":31.5,"flood_hist_n":1,"flood_depth_max_m":1.99,"flood_risk_100y":null,"semi_basement_r":null,"elderly_alone_r":0.4853,"bldg_age30_r":null,"shelter_min_walk":129,"pop":653,"hh":443,"elderly65_r":0.6309,"single_hh_r":0.6637,"source_level":"emd","flood_years":[2012],"landslide_hist_n":0},"geometry":{"type":"Polygon","coordinates":[[[128.39046,35.4619],[128.38962,35.45807],[128.39381,35.45595],[128.39884,35.45768],[128.39969,35.46151],[128.3955,35.46362],[128.39046,35.4619]]]}},{"type":"Feature","properties":{"h3":"8830c1cac5fffff","emd_code":"4872038000","emd_name":"낙서면","area_km2":0.5393,"edge":true,"slope_mean":2.53,"elev_mean":8.0,"flood_hist_n":1,"flood_depth_max_m":1.99,"flood_risk_100y":null,"semi_basement_r":null,"elderly_alone_r":0.4853,"bldg_age30_r":null,"shelter_min_walk":121,"pop":653,"hh":443,"elderly65_r":0.6309,"single_hh_r":0.6637,"source_level":"emd","flood_years":[2012],"landslide_hist_n":0},"geometry":{"type":"Polygon","coordinates":[[[128.37536,35.45673],[128.37451,35.4529],[128.3787,35.45078],[128.38374,35.45251],[128.38458,35.45634],[128.38039,35.45846],[128.37536,35.45673]]]}},{"type":"Feature","properties":{"h3":"8830c1cac9fffff","emd_code":"4872038000","emd_name":"낙서면","area_km2":0.5391,"edge":false,"slope_mean":8.45,"elev_mean":20.4,"flood_hist_n":0,"flood_depth_max_m":null,"flood_risk_100y":null,"semi_basement_r":null,"elderly_alone_r":0.4853,"bldg_age30_r":null,"shelter_min_walk":140,"pop":653,"hh":443,"elderly65_r":0.6309,"single_hh_r":0.6637,"source_level":"emd","flood_years":[],"landslide_hist_n":0},"geometry":{"type":"Polygon","coordinates":[[[128.3779,35.46824],[128.37705,35.4644],[128.38124,35.46229],[128.38627,35.46401],[128.38712,35.46785],[128.38293,35.46996],[128.3779,35.46824]]]}},{"type":"Feature","properties":{"h3":"8830c1cacbfffff","emd_code":"4872038000","emd_name":"낙서면","area_km2":0.5391,"edge":false,"slope_mean":5.26,"elev_mean":14.7,"flood_hist_n":0,"flood_depth_max_m":null,"flood_risk_100y":null,"semi_basement_r":null,"elderly_alone_r":0.4853,"bldg_age30_r":null,"shelter_min_walk":139,"pop":653,"hh":443,"elderly65_r":0.6309,"single_hh_r":0.6637,"source_level":"emd","flood_years":[],"landslide_hist_n":0},"geometry":{"type":"Polygon","coordinates":[[[128.38712,35.46785],[128.38627,35.46401],[128.39046,35.4619],[128.3955,35.46362],[128.39635,35.46746],[128.39216,35.46957],[128.38712,35.46785]]]}},{"type":"Feature","properties":{"h3":"8830c1cacdfffff","emd_code":"4872038000","emd_name":"낙서면","area_km2":0.5391,"edge":false,"slope_mean":14.37,"elev_mean":39.7,"flood_hist_n":0,"flood_depth_max_m":null,"flood_risk_100y":null,"semi_basement_r":null,"elderly_alone_r":0.4853,"bldg_age30_r":null,"shelter_min_walk":131,"pop":653,"hh":443,"elderly65_r":0.6309,"single_hh_r":0.6637,"source_level":"emd","flood_years":[],"landslide_hist_n":0},"geometry":{"type":"Polygon","coordinates":[[[128.37201,35.46268],[128.37117,35.45884],[128.37536,35.45673],[128.38039,35.45846],[128.38124,35.46229],[128.37705,35.4644],[128.37201,35.46268]]]}},{"type":"Feature","properties":{"h3":"8830c1cad1fffff","emd_code":"4872038000","emd_name":"낙서면","area_km2":0.5392,"edge":true,"slope_mean":19.48,"elev_mean":98.0,"flood_hist_n":0,"flood_depth_max_m":null,"flood_risk_100y":null,"semi_basement_r":null,"elderly_alone_r":0.4853,"bldg_age30_r":null,"shelter_min_walk":141,"pop":653,"hh":443,"elderly65_r":0.6309,"single_hh_r":0.6637,"source_level":"emd","flood_years":[],"landslide_hist_n":0},"geometry":{"type":"Polygon","coordinates":[[[128.40557,35.46707],[128.40473,35.46323],[128.40892,35.46112],[128.41395,35.46284],[128.4148,35.46668],[128.41061,35.46879],[128.40557,35.46707]]]}},{"type":"Feature","properties":{"h3":"8830c1cad9fffff","emd_code":"4872038000","emd_name":"낙서면","area_km2":0.5391,"edge":false,"slope_mean":5.51,"elev_mean":14.4,"flood_hist_n":0,"flood_depth_max_m":null,"flood_risk_100y":null,"semi_basement_r":null,"elderly_alone_r":0.4853,"bldg_age30_r":null,"shelter_min_walk":149,"pop":653,"hh":443,"elderly65_r":0.6309,"single_hh_r":0.6637,"source_level":"emd","flood_years":[],"landslide_hist_n":0},"geometry":{"type":"Polygon","coordinates":[[[128.40223,35.47302],[128.40138,35.46918],[128.40557,35.46707],[128.41061,35.46879],[128.41145,35.47263],[128.40726,35.47474],[128.40223,35.47302]]]}},{"type":"Feature","properties":{"h3":"8830c1cadbfffff","emd_code":"4872038000","emd_name":"낙서면","area_km2":0.5392,"edge":true,"slope_mean":13.58,"elev_mean":41.9,"flood_hist_n":0,"flood_depth_max_m":null,"flood_risk_100y":null,"semi_basement_r":null,"elderly_alone_r":0.4853,"bldg_age30_r":null,"shelter_min_walk":151,"pop":653,"hh":443,"elderly65_r":0.6309,"single_hh_r":0.6637,"source_level":"emd","flood_years":[],"landslide_hist_n":0},"geometry":{"type":"Polygon","coordinates":[[[128.41145,35.47263],[128.41061,35.46879],[128.4148,35.46668],[128.41983,35.4684],[128.42068,35.47224],[128.41649,35.47435],[128.41145,35.47263]]]}},{"type":"Feature","properties":{"h3":"8830c1caddfffff","emd_code":"4872038000","emd_name":"낙서면","area_km2":0.5392,"edge":false,"slope_mean":7.51,"elev_mean":19.6,"flood_hist_n":1,"flood_depth_max_m":1.5,"flood_risk_100y":null,"semi_basement_r":null,"elderly_alone_r":0.4853,"bldg_age30_r":null,"shelter_min_walk":139,"pop":653,"hh":443,"elderly65_r":0.6309,"single_hh_r":0.6637,"source_level":"emd","flood_years":[2012],"landslide_hist_n":0},"geometry":{"type":"Polygon","coordinates":[[[128.39635,35.46746],[128.3955,35.46362],[128.39969,35.46151],[128.40473,35.46323],[128.40557,35.46707],[128.40138,35.46918],[128.39635,35.46746]]]}},{"type":"Feature","properties":{"h3":"8830c1cae1fffff","emd_code":"4872039000","emd_name":"부림면","area_km2":0.5394,"edge":true,"slope_mean":6.1,"elev_mean":16.0,"flood_hist_n":1,"flood_depth_max_m":1.99,"flood_risk_100y":null,"semi_basement_r":null,"elderly_alone_r":0.3724,"bldg_age30_r":null,"shelter_min_walk":102,"pop":2522,"hh":1603,"elderly65_r":0.4889,"single_hh_r":0.6138,"source_level":"emd","flood_years":[2012],"landslide_hist_n":0},"geometry":{"type":"Polygon","coordinates":[[[128.37282,35.44522],[128.37197,35.44139],[128.37616,35.43927],[128.3812,35.441],[128.38204,35.44483],[128.37786,35.44695],[128.37282,35.44522]]]}},{"type":"Feature","properties":{"h3":"8830c1cae5fffff","emd_code":"4872039000","emd_name":"부림면","area_km2":0.5395,"edge":false,"slope_mean":23.92,"elev_mean":82.5,"flood_hist_n":0,"flood_depth_max_m":null,"flood_risk_100y":null,"semi_basement_r":null,"elderly_alone_r":0.3724,"bldg_age30_r":null,"shelter_min_walk":95,"pop":2522,"hh":1603,"elderly65_r":0.4889,"single_hh_r":0.6138,"source_level":"emd","flood_years":[],"landslide_hist_n":0},"geometry":{"type":"Polygon","coordinates":[[[128.36694,35.43966],[128.36609,35.43582],[128.37028,35.43371],[128.37532,35.43544],[128.37616,35.43927],[128.37197,35.44139],[128.36694,35.43966]]]}},{"type":"Feature","properties":{"h3":"8830c1cae7fffff","emd_code":"4872037000","emd_name":"지정면","area_km2":0.5396,"edge":true,"slope_mean":7.76,"elev_mean":23.8,"flood_hist_n":1,"flood_depth_max_m":1.99,"flood_risk_100y":null,"semi_basement_r":null,"elderly_alone_r":0.4002,"bldg_age30_r":null,"shelter_min_walk":92,"pop":1708,"hh":1132,"elderly65_r":0.5726,"single_hh_r":0.6246,"source_level":"emd","flood_years":[2012],"landslide_hist_n":0},"geometry":{"type":"Polygon","coordinates":[[[128.37616,35.43927],[128.37532,35.43544],[128.37951,35.43332],[128.38454,35.43505],[128.38539,35.43888],[128.3812,35.441],[128.37616,35.43927]]]}},{"type":"Feature","properties":{"h3":"8830c1cae9fffff","emd_code":"4872039000","emd_name":"부림면","area_km2":0.5393,"edge":false,"slope_mean":14.99,"elev_mean":53.6,"flood_hist_n":0,"flood_depth_max_m":null,"flood_risk_100y":null,"semi_basement_r":null,"elderly_alone_r":0.3724,"bldg_age30_r":null,"shelter_min_walk":113,"pop":2522,"hh":1603,"elderly65_r":0.4889,"single_hh_r":0.6138,"source_level":"emd","flood_years":[],"landslide_hist_n":0},"geometry":{"type":"Polygon","coordinates":[[[128.36948,35.45117],[128.36863,35.44734],[128.37282,35.44522],[128.37786,35.44695],[128.3787,35.45078],[128.37451,35.4529],[128.36948,35.45117]]]}},{"type":"Feature","properties":{"h3":"8830c1caedfffff","emd_code":"4872039000","emd_name":"부림면","area_km2":0.5394,"edge":false,"slope_mean":23.41,"elev_mean":89.0,"flood_hist_n":0,"flood_depth_max_m":null,"flood_risk_100y":null,"semi_basement_r":null,"elderly_alone_r":0.3724,"bldg_age30_r":null,"shelter_min_walk":106,"pop":2522,"hh":1603,"elderly65_r":0.4889,"single_hh_r":0.6138,"source_level":"emd","flood_years":[],"landslide_hist_n":0},"geometry":{"type":"Polygon","coordinates":[[[128.3636,35.44561],[128.36275,35.44178],[128.36694,35.43966],[128.37197,35.44139],[128.37282,35.44522],[128.36863,35.44734],[128.3636,35.44561]]]}},{"type":"Feature","properties":{"h3":"8830c1cb01fffff","emd_code":"4872042000","emd_name":"유곡면","area_km2":0.5396,"edge":false,"slope_mean":17.98,"elev_mean":119.5,"flood_hist_n":0,"flood_depth_max_m":null,"flood_risk_100y":null,"semi_basement_r":null,"elderly_alone_r":0.4383,"bldg_age30_r":null,"shelter_min_walk":135,"pop":1075,"hh":737,"elderly65_r":0.6037,"single_hh_r":0.6472,"source_level":"emd","flood_years":[],"landslide_hist_n":0},"geometry":{"type":"Polygon","coordinates":[[[128.29144,35.41377],[128.29059,35.40994],[128.29478,35.40782],[128.29981,35.40955],[128.30066,35.41339],[128.29647,35.4155],[128.29144,35.41377]]]}},{"type":"Feature","properties":{"h3":"8830c1cb03fffff","emd_code":"4872042000","emd_name":"유곡면","area_km2":0.5396,"edge":false,"slope_mean":19.9,"elev_mean":140.1,"flood_hist_n":0,"flood_depth_max_m":null,"flood_risk_100y":null,"semi_basement_r":null,"elderly_alone_r":0.4383,"bldg_age30_r":null,"shelter_min_walk":123,"pop":1075,"hh":737,"elderly65_r":0.6037,"single_hh_r":0.6472,"source_level":"emd","flood_years":[],"landslide_hist_n":0},"geometry":{"type":"Polygon","coordinates":[[[128.30066,35.41339],[128.29981,35.40955],[128.304,35.40744],[128.30903,35.40917],[128.30988,35.41301],[128.30569,35.41512],[128.30066,35.41339]]]}},{"type":"Feature","properties":{"h3":"8830c1cb05fffff","emd_code":"4872042000","emd_name":"유곡면","area_km2":0.5396,"edge":false,"slope_mean":21.73,"elev_mean":149.2,"flood_hist_n":0,"flood_depth_max_m":null,"flood_risk_100y":null,"semi_basement_r":null,"elderly_alone_r":0.4383,"bldg_age30_r":null,"shelter_min_walk":139,"pop":1075,"hh":737,"elderly65_r":0.6037,"single_hh_r":0.6472,"source_level":"emd","flood_years":[],"landslide_hist_n":0},"geometry":{"type":"Polygon","coordinates":[[[128.28556,35.40821],[128.28472,35.40437],[128.2889,35.40226],[128.29394,35.40398],[128.29478,35.40782],[128.29059,35.40994],[128.28556,35.40821]]]}},{"type":"Feature","properties":{"h3":"8830c1cb07fffff","emd_code":"4872042000","emd_name":"유곡면","area_km2":0.5397,"edge":false,"slope_mean":24.01,"elev_mean":201.8,"flood_hist_n":0,"flood_depth_max_m":null,"flood_risk_100y":null,"semi_basement_r":null,"elderly_alone_r":0.4383,"bldg_age30_r":null,"shelter_min_walk":127,"pop":1075,"hh":737,"elderly65_r":0.6037,"single_hh_r":0.6472,"source_level":"emd","flood_years":[],"landslide_hist_n":0},"geometry":{"type":"Polygon","coordinates":[[[128.29478,35.40782],[128.29394,35.40398],[128.29812,35.40187],[128.30316,35.4036],[128.304,35.40744],[128.29981,35.40955],[128.29478,35.40782]]]}},{"type":"Feature","properties":{"h3":"8830c1cb09fffff","emd_code":"4872042000","emd_name":"유곡면","area_km2":0.5395,"edge":false,"slope_mean":11.57,"elev_mean":90.7,"flood_hist_n":0,"flood_depth_max_m":null,"flood_risk_100y":null,"semi_basement_r":null,"elderly_alone_r":0.4383,"bldg_age30_r":null,"shelter_min_walk":143,"pop":1075,"hh":737,"elderly65_r":0.6037,"single_hh_r":0.6472,"source_level":"emd","flood_years":[],"landslide_hist_n":0},"geometry":{"type":"Polygon","coordinates":[[[128.2881,35.41972],[128.28725,35.41589],[128.29144,35.41377],[128.29647,35.4155],[128.29732,35.41934],[128.29313,35.42145],[128.2881,35.41972]]]}},{"type":"Feature","properties":{"h3":"8830c1cb0bfffff","emd_code":"4872042000","emd_name":"유곡면","area_km2":0.5395,"edge":false,"slope_mean":16.35,"elev_mean":106.1,"flood_hist_n":0,"flood_depth_max_m":null,"flood_risk_100y":null,"semi_basement_r":null,"elderly_alone_r":0.4383,"bldg_age30_r":null,"shelter_min_walk":131,"pop":1075,"hh":737,"elderly65_r":0.6037,"single_hh_r":0.6472,"source_level":"emd","flood_years":[],"landslide_hist_n":0},"geometry":{"type":"Polygon","coordinates":[[[128.29732,35.41934],[128.29647,35.4155],[128.30066,35.41339],[128.30569,35.41512],[128.30654,35.41896],[128.30235,35.42107],[128.29732,35.41934]]]}},{"type":"Feature","properties":{"h3":"8830c1cb0dfffff","emd_code":"4872042000","emd_name":"유곡면","area_km2":0.5395,"edge":false,"slope_mean":19.46,"elev_mean":128.7,"flood_hist_n":0,"flood_depth_max_m":null,"flood_risk_100y":null,"semi_basement_r":null,"elderly_alone_r":0.4383,"bldg_age30_r":null,"shelter_min_walk":147,"pop":1075,"hh":737,"elderly65_r":0.6037,"single_hh_r":0.6472,"source_level":"emd","flood_years":[],"landslide_hist_n":0},"geometry":{"type":"Polygon","coordinates":[[[128.28222,35.41416],[128.28137,35.41032],[128.28556,35.40821],[128.29059,35.40994],[128.29144,35.41377],[128.28725,35.41589],[128.28222,35.41416]]]}},{"type":"Feature","properties":{"h3":"8830c1cb11fffff","emd_code":"4872042000","emd_name":"유곡면","area_km2":0.5396,"edge":false,"slope_mean":22.34,"elev_mean":219.0,"flood_hist_n":0,"flood_depth_max_m":null,"flood_risk_100y":null,"semi_basement_r":null,"elderly_alone_r":0.4383,"bldg_age30_r":null,"shelter_min_walk":109,"pop":1075,"hh":737,"elderly65_r":0.6037,"single_hh_r":0.6472,"source_level":"emd","flood_years":[],"landslide_hist_n":0},"geometry":{"type":"Polygon","coordinates":[[[128.31576,35.41857],[128.31491,35.41473],[128.3191,35.41262],[128.32413,35.41435],[128.32498,35.41818],[128.32079,35.4203],[128.31576,35.41857]]]}},{"type":"Feature","properties":{"h3":"8830c1cb13fffff","emd_code":"4872036000","emd_name":"정곡면","area_km2":0.5397,"edge":false,"slope_mean":22.57,"elev_mean":191.5,"flood_hist_n":0,"flood_depth_max_m":null,"flood_risk_100y":null,"semi_basement_r":null,"elderly_alone_r":0.4069,"bldg_age30_r":null,"shelter_min_walk":98,"pop":1287,"hh":875,"elderly65_r":0.5789,"single_hh_r":0.6366,"source_level":"emd","flood_years":[],"landslide_hist_n":0},"geometry":{"type":"Polygon","coordinates":[[[128.32498,35.41818],[128.32413,35.41435],[128.32832,35.41223],[128.33335,35.41396],[128.3342,35.4178],[128.33001,35.41991],[128.32498,35.41818]]]}},{"type":"Feature","properties":{"h3":"8830c1cb15fffff","emd_code":"4872042000","emd_name":"유곡면","area_km2":0.5397,"edge":false,"slope_mean":22.69,"elev_mean":218.4,"flood_hist_n":0,"flood_depth_max_m":null,"flood_risk_100y":null,"semi_basement_r":null,"elderly_alone_r":0.4383,"bldg_age30_r":null,"shelter_min_walk":111,"pop":1075,"hh":737,"elderly65_r":0.6037,"single_hh_r":0.6472,"source_level":"emd","flood_years":[],"landslide_hist_n":0},"geometry":{"type":"Polygon","coordinates":[[[128.30988,35.41301],[128.30903,35.40917],[128.31322,35.40705],[128.31825,35.40878],[128.3191,35.41262],[128.31491,35.41473],[128.30988,35.41301]]]}},{"type":"Feature","properties":{"h3":"8830c1cb17fffff","emd_code":"4872036000","emd_name":"정곡면","area_km2":0.5397,"edge":false,"slope_mean":21.67,"elev_mean":214.7,"flood_hist_n":0,"flood_depth_max_m":null,"flood_risk_100y":null,"semi_basement_r":null,"elderly_alone_r":0.4069,"bldg_age30_r":null,"shelter_min_walk":100,"pop":1287,"hh":875,"elderly65_r":0.5789,"single_hh_r":0.6366,"source_level":"emd","flood_years":[],"landslide_hist_n":0},"geometry":{"type":"Polygon","coordinates":[[[128.3191,35.41262],[128.31825,35.40878],[128.32244,35.40667],[128.32747,35.40839],[128.32832,35.41223],[128.32413,35.41435],[128.3191,35.41262]]]}},{"type":"Feature","properties":{"h3":"8830c1cb19fffff","emd_code":"4872042000","emd_name":"유곡면","area_km2":0.5395,"edge":false,"slope_mean":22.71,"elev_mean":138.8,"flood_hist_n":0,"flood_depth_max_m":null,"flood_risk_100y":null,"semi_basement_r":null,"elderly_alone_r":0.4383,"bldg_age30_r":null,"shelter_min_walk":118,"pop":1075,"hh":737,"elderly65_r":0.6037,"single_hh_r":0.6472,"source_level":"emd","flood_years":[],"landslide_hist_n":0},"geometry":{"type":"Polygon","coordinates":[[[128.31241,35.42452],[128.31157,35.42068],[128.31576,35.41857],[128.32079,35.4203],[128.32163,35.42414],[128.31745,35.42625],[128.31241,35.42452]]]}},{"type":"Feature","properties":{"h3":"8830c1cb1bfffff","emd_code":"4872042000","emd_name":"유곡면","area_km2":0.5395,"edge":false,"slope_mean":22.54,"elev_mean":233.8,"flood_hist_n":0,"flood_depth_max_m":null,"flood_risk_100y":null,"semi_basement_r":null,"elderly_alone_r":0.4383,"bldg_age30_r":null,"shelter_min_walk":108,"pop":1075,"hh":737,"elderly65_r":0.6037,"single_hh_r":0.6472,"source_level":"emd","flood_years":[],"landslide_hist_n":0},"geometry":{"type":"Polygon","coordinates":[[[128.32163,35.42414],[128.32079,35.4203],[128.32498,35.41818],[128.33001,35.41991],[128.33086,35.42375],[128.32667,35.42586],[128.32163,35.42414]]]}},{"type":"Feature","properties":{"h3":"8830c1cb1dfffff","emd_code":"4872042000","emd_name":"유곡면","area_km2":0.5396,"edge":false,"slope_mean":21.67,"elev_mean":160.1,"flood_hist_n":0,"flood_depth_max_m":null,"flood_risk_100y":null,"semi_basement_r":null,"elderly_alone_r":0.4383,"bldg_age30_r":null,"shelter_min_walk":120,"pop":1075,"hh":737,"elderly65_r":0.6037,"single_hh_r":0.6472,"source_level":"emd","flood_years":[],"landslide_hist_n":0},"geometry":{"type":"Polygon","coordinates":[[[128.30654,35.41896],[128.30569,35.41512],[128.30988,35.41301],[128.31491,35.41473],[128.31576,35.41857],[128.31157,35.42068],[128.30654,35.41896]]]}},{"type":"Feature","properties":{"h3":"8830c1cb21fffff","emd_code":"4872042000","emd_name":"유곡면","area_km2":0.5398,"edge":false,"slope_mean":23.03,"elev_mean":232.4,"flood_hist_n":0,"flood_depth_max_m":null,"flood_risk_100y":null,"semi_basement_r":null,"elderly_alone_r":0.4383,"bldg_age30_r":null,"shelter_min_walk":125,"pop":1075,"hh":737,"elderly65_r":0.6037,"single_hh_r":0.6472,"source_level":"emd","flood_years":[],"landslide_hist_n":0},"geometry":{"type":"Polygon","coordinates":[[[128.28303,35.39669],[128.28218,35.39285],[128.28637,35.39074],[128.2914,35.39246],[128.29225,35.3963],[128.28806,35.39842],[128.28303,35.39669]]]}},{"type":"Feature","properties":{"h3":"8830c1cb23fffff","emd_code":"4872042000","emd_name":"유곡면","area_km2":0.5399,"edge":false,"slope_mean":23.94,"elev_mean":261.6,"flood_hist_n":0,"flood_depth_max_m":null,"flood_risk_100y":null,"semi_basement_r":null,"elderly_alone_r":0.4383,"bldg_age30_r":null,"shelter_min_walk":126,"pop":1075,"hh":737,"elderly65_r":0.6037,"single_hh_r":0.6472,"source_level":"emd","flood_years":[],"landslide_hist_n":0},"geometry":{"type":"Polygon","coordinates":[[[128.29225,35.3963],[128.2914,35.39246],[128.29559,35.39035],[128.30062,35.39208],[128.30147,35.39592],[128.29728,35.39803],[128.29225,35.3963]]]}},{"type":"Feature","properties":{"h3":"8830c1cb25fffff","emd_code":"4872035000","emd_name":"용덕면","area_km2":0.5399,"edge":false,"slope_mean":23.92,"elev_mean":274.1,"flood_hist_n":0,"flood_depth_max_m":null,"flood_risk_100y":null,"semi_basement_r":null,"elderly_alone_r":0.3566,"bldg_age30_r":null,"shelter_min_walk":114,"pop":1371,"hh":889,"elderly65_r":0.5383,"single_hh_r":0.6029,"source_level":"emd","flood_years":[],"landslide_hist_n":0},"geometry":{"type":"Polygon","coordinates":[[[128.27715,35.39112],[128.27631,35.38728],[128.28049,35.38517],[128.28553,35.38689],[128.28637,35.39074],[128.28218,35.39285],[128.27715,35.39112]]]}},{"type":"Feature","properties":{"h3":"8830c1cb27fffff","emd_code":"4872036000","emd_name":"정곡면","area_km2":0.5399,"edge":false,"slope_mean":24.1,"elev_mean":234.3,"flood_hist_n":0,"flood_depth_max_m":null,"flood_risk_100y":null,"semi_basement_r":null,"elderly_alone_r":0.4069,"bldg_age30_r":null,"shelter_min_walk":116,"pop":1287,"hh":875,"elderly65_r":0.5789,"single_hh_r":0.6366,"source_level":"emd","flood_years":[],"landslide_hist_n":0},"geometry":{"type":"Polygon","coordinates":[[[128.28637,35.39074],[128.28553,35.38689],[128.28971,35.38478],[128.29474,35.38651],[128.29559,35.39035],[128.2914,35.39246],[128.28637,35.39074]]]}},{"type":"Feature","properties":{"h3":"8830c1cb29fffff","emd_code":"4872042000","emd_name":"유곡면","area_km2":0.5397,"edge":false,"slope_mean":18.86,"elev_mean":208.0,"flood_hist_n":0,"flood_depth_max_m":null,"flood_risk_100y":null,"semi_basement_r":null,"elderly_alone_r":0.4383,"bldg_age30_r":null,"shelter_min_walk":134,"pop":1075,"hh":737,"elderly65_r":0.6037,"single_hh_r":0.6472,"source_level":"emd","flood_years":[],"landslide_hist_n":0},"geometry":{"type":"Polygon","coordinates":[[[128.27969,35.40264],[128.27884,35.3988],[128.28303,35.39669],[128.28806,35.39842],[128.2889,35.40226],[128.28472,35.40437],[128.27969,35.40264]]]}},{"type":"Feature","properties":{"h3":"8830c1cb2bfffff","emd_code":"4872042000","emd_name":"유곡면","area_km2":0.5398,"edge":false,"slope_mean":22.73,"elev_mean":184.1,"flood_hist_n":0,"flood_depth_max_m":null,"flood_risk_100y":null,"semi_basement_r":null,"elderly_alone_r":0.4383,"bldg_age30_r":null,"shelter_min_walk":132,"pop":1075,"hh":737,"elderly65_r":0.6037,"single_hh_r":0.6472,"source_level":"emd","flood_years":[],"landslide_hist_n":0},"geometry":{"type":"Polygon","coordinates":[[[128.2889,35.40226],[128.28806,35.39842],[128.29225,35.3963],[128.29728,35.39803],[128.29812,35.40187],[128.29394,35.40398],[128.2889,35.40226]]]}},{"type":"Feature","properties":{"h3":"8830c1cb2dfffff","emd_code":"4872042000","emd_name":"유곡면","area_km2":0.5398,"edge":false,"slope_mean":19.52,"elev_mean":252.7,"flood_hist_n":0,"flood_depth_max_m":null,"flood_risk_100y":null,"semi_basement_r":null,"elderly_alone_r":0.4383,"bldg_age30_r":null,"shelter_min_walk":123,"pop":1075,"hh":737,"elderly65_r":0.6037,"single_hh_r":0.6472,"source_level":"emd","flood_years":[],"landslide_hist_n":0},"geometry":{"type":"Polygon","coordinates":[[[128.27381,35.39707],[128.27296,35.39323],[128.27715,35.39112],[128.28218,35.39285],[128.28303,35.39669],[128.27884,35.3988],[128.27381,35.39707]]]}},{"type":"Feature","properties":{"h3":"8830c1cb31fffff","emd_code":"4872036000","emd_name":"정곡면","area_km2":0.5399,"edge":false,"slope_mean":24.47,"elev_mean":193.8,"flood_hist_n":0,"flood_depth_max_m":null,"flood_risk_100y":null,"semi_basement_r":null,"elderly_alone_r":0.4069,"bldg_age30_r":null,"shelter_min_walk":108,"pop":1287,"hh":875,"elderly65_r":0.5789,"single_hh_r":0.6366,"source_level":"emd","flood_years":[],"landslide_hist_n":0},"geometry":{"type":"Polygon","coordinates":[[[128.30734,35.40149],[128.3065,35.39765],[128.31069,35.39553],[128.31572,35.39726],[128.31656,35.4011],[128.31238,35.40321],[128.30734,35.40149]]]}},{"type":"Feature","properties":{"h3":"8830c1cb33fffff","emd_code":"4872036000","emd_name":"정곡면","area_km2":0.5399,"edge":false,"slope_mean":22.93,"elev_mean":130.9,"flood_hist_n":0,"flood_depth_max_m":null,"flood_risk_100y":null,"semi_basement_r":null,"elderly_alone_r":0.4069,"bldg_age30_r":null,"shelter_min_walk":96,"pop":1287,"hh":875,"elderly65_r":0.5789,"single_hh_r":0.6366,"source_level":"emd","flood_years":[],"landslide_hist_n":0},"geometry":{"type":"Polygon","coordinates":[[[128.31656,35.4011],[128.31572,35.39726],[128.31991,35.39515],[128.32494,35.39687],[128.32578,35.40071],[128.3216,35.40283],[128.31656,35.4011]]]}},{"type":"Feature","properties":{"h3":"8830c1cb35fffff","emd_code":"4872036000","emd_name":"정곡면","area_km2":0.5399,"edge":false,"slope_mean":22.51,"elev_mean":142.6,"flood_hist_n":0,"flood_depth_max_m":null,"flood_risk_100y":null,"semi_basement_r":null,"elderly_alone_r":0.4069,"bldg_age30_r":null,"shelter_min_walk":114,"pop":1287,"hh":875,"elderly65_r":0.5789,"single_hh_r":0.6366,"source_level":"emd","flood_years":[],"landslide_hist_n":0},"geometry":{"type":"Polygon","coordinates":[[[128.30147,35.39592],[128.30062,35.39208],[128.30481,35.38997],[128.30984,35.39169],[128.31069,35.39553],[128.3065,35.39765],[128.30147,35.39592]]]}},{"type":"Feature","properties":{"h3":"8830c1cb37fffff","emd_code":"4872036000","emd_name":"정곡면","area_km2":0.54,"edge":false,"slope_mean":23.12,"elev_mean":157.1,"flood_hist_n":0,"flood_depth_max_m":null,"flood_risk_100y":null,"semi_basement_r":null,"elderly_alone_r":0.4069,"bldg_age30_r":null,"shelter_min_walk":101,"pop":1287,"hh":875,"elderly65_r":0.5789,"single_hh_r":0.6366,"source_level":"emd","flood_years":[],"landslide_hist_n":0},"geometry":{"type":"Polygon","coordinates":[[[128.31069,35.39553],[128.30984,35.39169],[128.31403,35.38958],[128.31906,35.39131],[128.31991,35.39515],[128.31572,35.39726],[128.31069,35.39553]]]}},{"type":"Feature","properties":{"h3":"8830c1cb39fffff","emd_code":"4872042000","emd_name":"유곡면","area_km2":0.5397,"edge":false,"slope_mean":23.16,"elev_mean":232.2,"flood_hist_n":0,"flood_depth_max_m":null,"flood_risk_100y":null,"semi_basement_r":null,"elderly_alone_r":0.4383,"bldg_age30_r":null,"shelter_min_walk":115,"pop":1075,"hh":737,"elderly65_r":0.6037,"single_hh_r":0.6472,"source_level":"emd","flood_years":[],"landslide_hist_n":0},"geometry":{"type":"Polygon","coordinates":[[[128.304,35.40744],[128.30316,35.4036],[128.30734,35.40149],[128.31238,35.40321],[128.31322,35.40705],[128.30903,35.40917],[128.304,35.40744]]]}},{"type":"Feature","properties":{"h3":"8830c1cb3bfffff","emd_code":"4872036000","emd_name":"정곡면","area_km2":0.5398,"edge":false,"slope_mean":22.91,"elev_mean":205.1,"flood_hist_n":0,"flood_depth_max_m":null,"flood_risk_100y":null,"semi_basement_r":null,"elderly_alone_r":0.4069,"bldg_age30_r":null,"shelter_min_walk":103,"pop":1287,"hh":875,"elderly65_r":0.5789,"single_hh_r":0.6366,"source_level":"emd","flood_years":[],"landslide_hist_n":0},"geometry":{"type":"Polygon","coordinates":[[[128.31322,35.40705],[128.31238,35.40321],[128.31656,35.4011],[128.3216,35.40283],[128.32244,35.40667],[128.31825,35.40878],[128.31322,35.40705]]]}},{"type":"Feature","properties":{"h3":"8830c1cb3dfffff","emd_code":"4872036000","emd_name":"정곡면","area_km2":0.5398,"edge":false,"slope_mean":22.53,"elev_mean":183.1,"flood_hist_n":0,"flood_depth_max_m":null,"flood_risk_100y":null,"semi_basement_r":null,"elderly_alone_r":0.4069,"bldg_age30_r":null,"shelter_min_walk":120,"pop":1287,"hh":875,"elderly65_r":0.5789,"single_hh_r":0.6366,"source_level":"emd","flood_years":[],"landslide_hist_n":0},"geometry":{"type":"Polygon","coordinates":[[[128.29812,35.40187],[128.29728,35.39803],[128.30147,35.39592],[128.3065,35.39765],[128.30734,35.40149],[128.30316,35.4036],[128.29812,35.40187]]]}},{"type":"Feature","properties":{"h3":"8830c1cb41fffff","emd_code":"4872042000","emd_name":"유곡면","area_km2":0.5393,"edge":false,"slope_mean":15.98,"elev_mean":131.6,"flood_hist_n":0,"flood_depth_max_m":null,"flood_risk_100y":null,"semi_basement_r":null,"elderly_alone_r":0.4383,"bldg_age30_r":null,"shelter_min_walk":163,"pop":1075,"hh":737,"elderly65_r":0.6037,"single_hh_r":0.6472,"source_level":"emd","flood_years":[],"landslide_hist_n":0},"geometry":{"type":"Polygon","coordinates":[[[128.27553,35.42606],[128.27469,35.42222],[128.27888,35.42011],[128.28391,35.42184],[128.28475,35.42567],[128.28057,35.42778],[128.27553,35.42606]]]}},{"type":"Feature","properties":{"h3":"8830c1cb43fffff","emd_code":"4872042000","emd_name":"유곡면","area_km2":0.5393,"edge":false,"slope_mean":11.14,"elev_mean":93.0,"flood_hist_n":0,"flood_depth_max_m":null,"flood_risk_100y":null,"semi_basement_r":null,"elderly_alone_r":0.4383,"bldg_age30_r":null,"shelter_min_walk":151,"pop":1075,"hh":737,"elderly65_r":0.6037,"single_hh_r":0.6472,"source_level":"emd","flood_years":[],"landslide_hist_n":0},"geometry":{"type":"Polygon","coordinates":[[[128.28475,35.42567],[128.28391,35.42184],[128.2881,35.41972],[128.29313,35.42145],[128.29397,35.42529],[128.28979,35.4274],[128.28475,35.42567]]]}},{"type":"Feature","properties":{"h3":"8830c1cb45fffff","emd_code":"4872042000","emd_name":"유곡면","area_km2":0.5394,"edge":false,"slope_mean":21.89,"elev_mean":157.8,"flood_hist_n":0,"flood_depth_max_m":null,"flood_risk_100y":null,"semi_basement_r":null,"elderly_alone_r":0.4383,"bldg_age30_r":null,"shelter_min_walk":161,"pop":1075,"hh":737,"elderly65_r":0.6037,"single_hh_r":0.6472,"source_level":"emd","flood_years":[],"landslide_hist_n":0},"geometry":{"type":"Polygon","coordinates":[[[128.26966,35.42049],[128.26881,35.41665],[128.273,35.41454],[128.27803,35.41627],[128.27888,35.42011],[128.27469,35.42222],[128.26966,35.42049]]]}},{"type":"Feature","properties":{"h3":"8830c1cb47fffff","emd_code":"4872042000","emd_name":"유곡면","area_km2":0.5394,"edge":false,"slope_mean":12.17,"elev_mean":104.1,"flood_hist_n":0,"flood_depth_max_m":null,"flood_risk_100y":null,"semi_basement_r":null,"elderly_alone_r":0.4383,"bldg_age30_r":null,"shelter_min_walk":154,"pop":1075,"hh":737,"elderly65_r":0.6037,"single_hh_r":0.6472,"source_level":"emd","flood_years":[],"landslide_hist_n":0},"geometry":{"type":"Polygon","coordinates":[[[128.27888,35.42011],[128.27803,35.41627],[128.28222,35.41416],[128.28725,35.41589],[128.2881,35.41972],[128.28391,35.42184],[128.27888,35.42011]]]}},{"type":"Feature","properties":{"h3":"8830c1cb49fffff","emd_code":"4872042000","emd_name":"유곡면","area_km2":0.5392,"edge":false,"slope_mean":10.39,"elev_mean":100.4,"flood_hist_n":0,"flood_depth_max_m":null,"flood_risk_100y":null,"semi_basement_r":null,"elderly_alone_r":0.4383,"bldg_age30_r":null,"shelter_min_walk":171,"pop":1075,"hh":737,"elderly65_r":0.6037,"single_hh_r":0.6472,"source_level":"emd","flood_years":[],"landslide_hist_n":0},"geometry":{"type":"Polygon","coordinates":[[[128.27219,35.432],[128.27135,35.42817],[128.27553,35.42606],[128.28057,35.42778],[128.28141,35.43162],[128.27722,35.43373],[128.27219,35.432]]]}},{"type":"Feature","properties":{"h3":"8830c1cb4bfffff","emd_code":"4872042000","emd_name":"유곡면","area_km2":0.5392,"edge":false,"slope_mean":17.0,"elev_mean":121.0,"flood_hist_n":0,"flood_depth_max_m":null,"flood_risk_100y":null,"semi_basement_r":null,"elderly_alone_r":0.4383,"bldg_age30_r":null,"shelter_min_walk":160,"pop":1075,"hh":737,"elderly65_r":0.6037,"single_hh_r":0.6472,"source_level":"emd","flood_years":[],"landslide_hist_n":0},"geometry":{"type":"Polygon","coordinates":[[[128.28141,35.43162],[128.28057,35.42778],[128.28475,35.42567],[128.28979,35.4274],[128.29063,35.43124],[128.28644,35.43335],[128.28141,35.43162]]]}},{"type":"Feature","properties":{"h3":"8830c1cb4dfffff","emd_code":"4872041500","emd_name":"궁류면","area_km2":0.5392,"edge":false,"slope_mean":25.66,"elev_mean":246.0,"flood_hist_n":0,"flood_depth_max_m":null,"flood_risk_100y":null,"semi_basement_r":null,"elderly_alone_r":0.4923,"bldg_age30_r":null,"shelter_min_walk":170,"pop":1006,"hh":717,"elderly65_r":0.6829,"single_hh_r":0.6681,"source_level":"emd","flood_years":[],"landslide_hist_n":0},"geometry":{"type":"Polygon","coordinates":[[[128.26632,35.42644],[128.26547,35.4226],[128.26966,35.42049],[128.27469,35.42222],[128.27553,35.42606],[128.27135,35.42817],[128.26632,35.42644]]]}},{"type":"Feature","properties":{"h3":"8830c1cb51fffff","emd_code":"4872042000","emd_name":"유곡면","area_km2":0.5393,"edge":false,"slope_mean":17.63,"elev_mean":100.2,"flood_hist_n":0,"flood_depth_max_m":null,"flood_risk_100y":null,"semi_basement_r":null,"elderly_alone_r":0.4383,"bldg_age30_r":null,"shelter_min_walk":138,"pop":1075,"hh":737,"elderly65_r":0.6037,"single_hh_r":0.6472,"source_level":"emd","flood_years":[],"landslide_hist_n":0},"geometry":{"type":"Polygon","coordinates":[[[128.29985,35.43086],[128.29901,35.42702],[128.30319,35.42491],[128.30823,35.42663],[128.30907,35.43047],[128.30488,35.43258],[128.29985,35.43086]]]}},{"type":"Feature","properties":{"h3":"8830c1cb53fffff","emd_code":"4872042000","emd_name":"유곡면","area_km2":0.5394,"edge":false,"slope_mean":10.16,"elev_mean":60.1,"flood_hist_n":0,"flood_depth_max_m":null,"flood_risk_100y":null,"semi_basement_r":null,"elderly_alone_r":0.4383,"bldg_age30_r":null,"shelter_min_walk":127,"pop":1075,"hh":737,"elderly65_r":0.6037,"single_hh_r":0.6472,"source_level":"emd","flood_years":[],"landslide_hist_n":0},"geometry":{"type":"Polygon","coordinates":[[[128.30907,35.43047],[128.30823,35.42663],[128.31241,35.42452],[128.31745,35.42625],[128.31829,35.43009],[128.3141,35.4322],[128.30907,35.43047]]]}},{"type":"Feature","properties":{"h3":"8830c1cb55fffff","emd_code":"4872042000","emd_name":"유곡면","area_km2":0.5394,"edge":false,"slope_mean":21.98,"elev_mean":130.4,"flood_hist_n":0,"flood_depth_max_m":null,"flood_risk_100y":null,"semi_basement_r":null,"elderly_alone_r":0.4383,"bldg_age30_r":null,"shelter_min_walk":140,"pop":1075,"hh":737,"elderly65_r":0.6037,"single_hh_r":0.6472,"source_level":"emd","flood_years":[],"landslide_hist_n":0},"geometry":{"type":"Polygon","coordinates":[[[128.29397,35.42529],[128.29313,35.42145],[128.29732,35.41934],[128.30235,35.42107],[128.30319,35.42491],[128.29901,35.42702],[128.29397,35.42529]]]}},{"type":"Feature","properties":{"h3":"8830c1cb57fffff","emd_code":"4872042000","emd_name":"유곡면","area_km2":0.5394,"edge":false,"slope_mean":14.87,"elev_mean":82.0,"flood_hist_n":0,"flood_depth_max_m":null,"flood_risk_100y":null,"semi_basement_r":null,"elderly_alone_r":0.4383,"bldg_age30_r":null,"shelter_min_walk":129,"pop":1075,"hh":737,"elderly65_r":0.6037,"single_hh_r":0.6472,"source_level":"emd","flood_years":[],"landslide_hist_n":0},"geometry":{"type":"Polygon","coordinates":[[[128.30319,35.42491],[128.30235,35.42107],[128.30654,35.41896],[128.31157,35.42068],[128.31241,35.42452],[128.30823,35.42663],[128.30319,35.42491]]]}},{"type":"Feature","properties":{"h3":"8830c1cb59fffff","emd_code":"4872042000","emd_name":"유곡면","area_km2":0.5392,"edge":false,"slope_mean":21.91,"elev_mean":136.1,"flood_hist_n":0,"flood_depth_max_m":null,"flood_risk_100y":null,"semi_basement_r":null,"elderly_alone_r":0.4383,"bldg_age30_r":null,"shelter_min_walk":147,"pop":1075,"hh":737,"elderly65_r":0.6037,"single_hh_r":0.6472,"source_level":"emd","flood_years":[],"landslide_hist_n":0},"geometry":{"type":"Polygon","coordinates":[[[128.29651,35.4368],[128.29566,35.43297],[128.29985,35.43086],[128.30488,35.43258],[128.30573,35.43642],[128.30154,35.43853],[128.29651,35.4368]]]}},{"type":"Feature","properties":{"h3":"8830c1cb5bfffff","emd_code":"4872042000","emd_name":"유곡면","area_km2":0.5393,"edge":false,"slope_mean":13.64,"elev_mean":76.8,"flood_hist_n":0,"flood_depth_max_m":null,"flood_risk_100y":null,"semi_basement_r":null,"elderly_alone_r":0.4383,"bldg_age30_r":null,"shelter_min_walk":137,"pop":1075,"hh":737,"elderly65_r":0.6037,"single_hh_r":0.6472,"source_level":"emd","flood_years":[],"landslide_hist_n":0},"geometry":{"type":"Polygon","coordinates":[[[128.30573,35.43642],[128.30488,35.43258],[128.30907,35.43047],[128.3141,35.4322],[128.31495,35.43603],[128.31076,35.43815],[128.30573,35.43642]]]}},{"type":"Feature","properties":{"h3":"8830c1cb5dfffff","emd_code":"4872042000","emd_name":"유곡면","area_km2":0.5393,"edge":false,"slope_mean":23.11,"elev_mean":130.3,"flood_hist_n":0,"flood_depth_max_m":null,"flood_risk_100y":null,"semi_basement_r":null,"elderly_alone_r":0.4383,"bldg_age30_r":null,"shelter_min_walk":149,"pop":1075,"hh":737,"elderly65_r":0.6037,"single_hh_r":0.6472,"source_level":"emd","flood_years":[],"landslide_hist_n":0},"geometry":{"type":"Polygon","coordinates":[[[128.29063,35.43124],[128.28979,35.4274],[128.29397,35.42529],[128.29901,35.42702],[128.29985,35.43086],[128.29566,35.43297],[128.29063,35.43124]]]}},{"type":"Feature","properties":{"h3":"8830c1cb61fffff","emd_code":"4872042000","emd_name":"유곡면","area_km2":0.5395,"edge":false,"slope_mean":16.98,"elev_mean":155.1,"flood_hist_n":0,"flood_depth_max_m":null,"flood_risk_100y":null,"semi_basement_r":null,"elderly_alone_r":0.4383,"bldg_age30_r":null,"shelter_min_walk":142,"pop":1075,"hh":737,"elderly65_r":0.6037,"single_hh_r":0.6472,"source_level":"emd","flood_years":[],"landslide_hist_n":0},"geometry":{"type":"Polygon","coordinates":[[[128.26712,35.40897],[128.26628,35.40513],[128.27047,35.40302],[128.2755,35.40475],[128.27634,35.40859],[128.27216,35.4107],[128.26712,35.40897]]]}},{"type":"Feature","properties":{"h3":"8830c1cb63fffff","emd_code":"4872042000","emd_name":"유곡면","area_km2":0.5396,"edge":false,"slope_mean":20.49,"elev_mean":174.9,"flood_hist_n":0,"flood_depth_max_m":null,"flood_risk_100y":null,"semi_basement_r":null,"elderly_alone_r":0.4383,"bldg_age30_r":null,"shelter_min_walk":143,"pop":1075,"hh":737,"elderly65_r":0.6037,"single_hh_r":0.6472,"source_level":"emd","flood_years":[],"landslide_hist_n":0},"geometry":{"type":"Polygon","coordinates":[[[128.27634,35.40859],[128.2755,35.40475],[128.27969,35.40264],[128.28472,35.40437],[128.28556,35.40821],[128.28137,35.41032],[128.27634,35.40859]]]}},{"type":"Feature","properties":{"h3":"8830c1cb65fffff","emd_code":"4872042000","emd_name":"유곡면","area_km2":0.5396,"edge":false,"slope_mean":19.31,"elev_mean":206.4,"flood_hist_n":0,"flood_depth_max_m":null,"flood_risk_100y":null,"semi_basement_r":null,"elderly_alone_r":0.4383,"bldg_age30_r":null,"shelter_min_walk":132,"pop":1075,"hh":737,"elderly65_r":0.6037,"single_hh_r":0.6472,"source_level":"emd","flood_years":[],"landslide_hist_n":0},"geometry":{"type":"Polygon","coordinates":[[[128.26125,35.40341],[128.2604,35.39957],[128.26459,35.39745],[128.26962,35.39918],[128.27047,35.40302],[128.26628,35.40513],[128.26125,35.40341]]]}},{"type":"Feature","properties":{"h3":"8830c1cb67fffff","emd_code":"4872042000","emd_name":"유곡면","area_km2":0.5397,"edge":false,"slope_mean":20.08,"elev_mean":246.0,"flood_hist_n":0,"flood_depth_max_m":null,"flood_risk_100y":null,"semi_basement_r":null,"elderly_alone_r":0.4383,"bldg_age30_r":null,"shelter_min_walk":132,"pop":1075,"hh":737,"elderly65_r":0.6037,"single_hh_r":0.6472,"source_level":"emd","flood_years":[],"landslide_hist_n":0},"geometry":{"type":"Polygon","coordinates":[[[128.27047,35.40302],[128.26962,35.39918],[128.27381,35.39707],[128.27884,35.3988],[128.27969,35.40264],[128.2755,35.40475],[128.27047,35.40302]]]}},{"type":"Feature","properties":{"h3":"8830c1cb69fffff","emd_code":"4872042000","emd_name":"유곡면","area_km2":0.5394,"edge":false,"slope_mean":23.2,"elev_mean":179.8,"flood_hist_n":0,"flood_depth_max_m":null,"flood_risk_100y":null,"semi_basement_r":null,"elderly_alone_r":0.4383,"bldg_age30_r":null,"shelter_min_walk":151,"pop":1075,"hh":737,"elderly65_r":0.6037,"single_hh_r":0.6472,"source_level":"emd","flood_years":[],"landslide_hist_n":0},"geometry":{"type":"Polygon","coordinates":[[[128.26378,35.41492],[128.26294,35.41108],[128.26712,35.40897],[128.27216,35.4107],[128.273,35.41454],[128.26881,35.41665],[128.26378,35.41492]]]}},{"type":"Feature","properties":{"h3":"8830c1cb6bfffff","emd_code":"4872042000","emd_name":"유곡면","area_km2":0.5395,"edge":false,"slope_mean":19.13,"elev_mean":146.0,"flood_hist_n":0,"flood_depth_max_m":null,"flood_risk_100y":null,"semi_basement_r":null,"elderly_alone_r":0.4383,"bldg_age30_r":null,"shelter_min_walk":152,"pop":1075,"hh":737,"elderly65_r":0.6037,"single_hh_r":0.6472,"source_level":"emd","flood_years":[],"landslide_hist_n":0},"geometry":{"type":"Polygon","coordinates":[[[128.273,35.41454],[128.27216,35.4107],[128.27634,35.40859],[128.28137,35.41032],[128.28222,35.41416],[128.27803,35.41627],[128.273,35.41454]]]}},{"type":"Feature","properties":{"h3":"8830c1cb6dfffff","emd_code":"4872042000","emd_name":"유곡면","area_km2":0.5395,"edge":false,"slope_mean":23.27,"elev_mean":224.5,"flood_hist_n":0,"flood_depth_max_m":null,"flood_risk_100y":null,"semi_basement_r":null,"elderly_alone_r":0.4383,"bldg_age30_r":null,"shelter_min_walk":142,"pop":1075,"hh":737,"elderly65_r":0.6037,"single_hh_r":0.6472,"source_level":"emd","flood_years":[],"landslide_hist_n":0},"geometry":{"type":"Polygon","coordinates":[[[128.25791,35.40936],[128.25706,35.40552],[128.26125,35.40341],[128.26628,35.40513],[128.26712,35.40897],[128.26294,35.41108],[128.25791,35.40936]]]}},{"type":"Feature","properties":{"h3":"8830c1d801fffff","emd_code":"4872040000","emd_name":"봉수면","area_km2":0.538,"edge":true,"slope_mean":30.93,"elev_mean":538.8,"flood_hist_n":0,"flood_depth_max_m":null,"flood_risk_100y":null,"semi_basement_r":null,"elderly_alone_r":0.4016,"bldg_age30_r":null,"shelter_min_walk":157,"pop":934,"hh":640,"elderly65_r":0.5749,"single_hh_r":0.6609,"source_level":"emd","flood_years":[],"landslide_hist_n":0},"geometry":{"type":"Polygon","coordinates":[[[128.24464,35.49699],[128.2438,35.49316],[128.24799,35.49105],[128.25302,35.49278],[128.25386,35.49661],[128.24967,35.49872],[128.24464,35.49699]]]}},{"type":"Feature","properties":{"h3":"8830c1d803fffff","emd_code":"4872040000","emd_name":"봉수면","area_km2":0.538,"edge":false,"slope_mean":22.81,"elev_mean":591.8,"flood_hist_n":0,"flood_depth_max_m":null,"flood_risk_100y":null,"semi_basement_r":null,"elderly_alone_r":0.4016,"bldg_age30_r":null,"shelter_min_walk":166,"pop":934,"hh":640,"elderly65_r":0.5749,"single_hh_r":0.6609,"source_level":"emd","flood_years":[],"landslide_hist_n":0},"geometry":{"type":"Polygon","coordinates":[[[128.25386,35.49661],[128.25302,35.49278],[128.2572,35.49067],[128.26224,35.4924],[128.26308,35.49623],[128.25889,35.49834],[128.25386,35.49661]]]}},{"type":"Feature","properties":{"h3":"8830c1d805fffff","emd_code":"4872040000","emd_name":"봉수면","area_km2":0.538,"edge":false,"slope_mean":28.75,"elev_mean":363.5,"flood_hist_n":0,"flood_depth_max_m":null,"flood_risk_100y":null,"semi_basement_r":null,"elderly_alone_r":0.4016,"bldg_age30_r":null,"shelter_min_walk":158,"pop":934,"hh":640,"elderly65_r":0.5749,"single_hh_r":0.6609,"source_level":"emd","flood_years":[],"landslide_hist_n":0},"geometry":{"type":"Polygon","coordinates":[[[128.23877,35.49143],[128.23792,35.4876],[128.24211,35.48549],[128.24714,35.48722],[128.24799,35.49105],[128.2438,35.49316],[128.23877,35.49143]]]}},{"type":"Feature","properties":{"h3":"8830c1d807fffff","emd_code":"4872040000","emd_name":"봉수면","area_km2":0.5381,"edge":false,"slope_mean":27.35,"elev_mean":475.5,"flood_hist_n":0,"flood_depth_max_m":null,"flood_risk_100y":null,"semi_basement_r":null,"elderly_alone_r":0.4016,"bldg_age30_r":null,"shelter_min_walk":167,"pop":934,"hh":640,"elderly65_r":0.5749,"single_hh_r":0.6609,"source_level":"emd","flood_years":[],"landslide_hist_n":0},"geometry":{"type":"Polygon","coordinates":[[[128.24799,35.49105],[128.24714,35.48722],[128.25133,35.48511],[128.25636,35.48684],[128.2572,35.49067],[128.25302,35.49278],[128.24799,35.49105]]]}},{"type":"Feature","properties":{"h3":"8830c1d80dfffff","emd_code":"4872040000","emd_name":"봉수면","area_km2":0.5379,"edge":true,"slope_mean":30.31,"elev_mean":381.7,"flood_hist_n":0,"flood_depth_max_m":null,"flood_risk_100y":null,"semi_basement_r":null,"elderly_alone_r":0.4016,"bldg_age30_r":null,"shelter_min_walk":148,"pop":934,"hh":640,"elderly65_r":0.5749,"single_hh_r":0.6609,"source_level":"emd","flood_years":[],"landslide_hist_n":0},"geometry":{"type":"Polygon","coordinates":[[[128.23542,35.49737],[128.23458,35.49353],[128.23877,35.49143],[128.2438,35.49316],[128.24464,35.49699],[128.24046,35.49909],[128.23542,35.49737]]]}},{"type":"Feature","properties":{"h3":"8830c1d811fffff","emd_code":"4872039000","emd_name":"부림면","area_km2":0.538,"edge":false,"slope_mean":18.78,"elev_mean":306.0,"flood_hist_n":0,"flood_depth_max_m":null,"flood_risk_100y":null,"semi_basement_r":null,"elderly_alone_r":0.3724,"bldg_age30_r":null,"shelter_min_walk":176,"pop":2522,"hh":1603,"elderly65_r":0.4889,"single_hh_r":0.6138,"source_level":"emd","flood_years":[],"landslide_hist_n":0},"geometry":{"type":"Polygon","coordinates":[[[128.26896,35.50179],[128.26811,35.49796],[128.2723,35.49585],[128.27733,35.49758],[128.27818,35.50141],[128.27399,35.50352],[128.26896,35.50179]]]}},{"type":"Feature","properties":{"h3":"8830c1d813fffff","emd_code":"4872039000","emd_name":"부림면","area_km2":0.538,"edge":false,"slope_mean":19.31,"elev_mean":229.3,"flood_hist_n":0,"flood_depth_max_m":null,"flood_risk_100y":null,"semi_basement_r":null,"elderly_alone_r":0.3724,"bldg_age30_r":null,"shelter_min_walk":186,"pop":2522,"hh":1603,"elderly65_r":0.4889,"single_hh_r":0.6138,"source_level":"emd","flood_years":[],"landslide_hist_n":0},"geometry":{"type":"Polygon","coordinates":[[[128.27818,35.50141],[128.27733,35.49758],[128.28152,35.49547],[128.28655,35.4972],[128.2874,35.50103],[128.28321,35.50314],[128.27818,35.50141]]]}},{"type":"Feature","properties":{"h3":"8830c1d815fffff","emd_code":"4872040000","emd_name":"봉수면","area_km2":0.5381,"edge":false,"slope_mean":24.61,"elev_mean":478.7,"flood_hist_n":0,"flood_depth_max_m":null,"flood_risk_100y":null,"semi_basement_r":null,"elderly_alone_r":0.4016,"bldg_age30_r":null,"shelter_min_walk":175,"pop":934,"hh":640,"elderly65_r":0.5749,"single_hh_r":0.6609,"source_level":"emd","flood_years":[],"landslide_hist_n":0},"geometry":{"type":"Polygon","coordinates":[[[128.26308,35.49623],[128.26224,35.4924],[128.26642,35.49029],[128.27146,35.49202],[128.2723,35.49585],[128.26811,35.49796],[128.26308,35.49623]]]}},{"type":"Feature","properties":{"h3":"8830c1d817fffff","emd_code":"4872039000","emd_name":"부림면","area_km2":0.5381,"edge":false,"slope_mean":21.93,"elev_mean":392.4,"flood_hist_n":0,"flood_depth_max_m":null,"flood_risk_100y":null,"semi_basement_r":null,"elderly_alone_r":0.3724,"bldg_age30_r":null,"shelter_min_walk":185,"pop":2522,"hh":1603,"elderly65_r":0.4889,"single_hh_r":0.6138,"source_level":"emd","flood_years":[],"landslide_hist_n":0},"geometry":{"type":"Polygon","coordinates":[[[128.2723,35.49585],[128.27146,35.49202],[128.27564,35.48991],[128.28068,35.49164],[128.28152,35.49547],[128.27733,35.49758],[128.2723,35.49585]]]}},{"type":"Feature","properties":{"h3":"8830c1d819fffff","emd_code":"4872039000","emd_name":"부림면","area_km2":0.5379,"edge":false,"slope_mean":25.8,"elev_mean":451.2,"flood_hist_n":0,"flood_depth_max_m":null,"flood_risk_100y":null,"semi_basement_r":null,"elderly_alone_r":0.3724,"bldg_age30_r":null,"shelter_min_walk":166,"pop":2522,"hh":1603,"elderly65_r":0.4889,"single_hh_r":0.6138,"source_level":"emd","flood_years":[],"landslide_hist_n":0},"geometry":{"type":"Polygon","coordinates":[[[128.26561,35.50773],[128.26477,35.5039],[128.26896,35.50179],[128.27399,35.50352],[128.27483,35.50735],[128.27065,35.50945],[128.26561,35.50773]]]}},{"type":"Feature","properties":{"h3":"8830c1d81bfffff","emd_code":"4872039000","emd_name":"부림면","area_km2":0.5379,"edge":false,"slope_mean":26.06,"elev_mean":335.5,"flood_hist_n":0,"flood_depth_max_m":null,"flood_risk_100y":null,"semi_basement_r":null,"elderly_alone_r":0.3724,"bldg_age30_r":null,"shelter_min_walk":177,"pop":2522,"hh":1603,"elderly65_r":0.4889,"single_hh_r":0.6138,"source_level":"emd","flood_years":[],"landslide_hist_n":0},"geometry":{"type":"Polygon","coordinates":[[[128.27483,35.50735],[128.27399,35.50352],[128.27818,35.50141],[128.28321,35.50314],[128.28406,35.50697],[128.27987,35.50908],[128.27483,35.50735]]]}},{"type":"Feature","properties":{"h3":"8830c1d81dfffff","emd_code":"4872039000","emd_name":"부림면","area_km2":0.5379,"edge":false,"slope_mean":24.61,"elev_mean":518.2,"flood_hist_n":0,"flood_depth_max_m":null,"flood_risk_100y":null,"semi_basement_r":null,"elderly_alone_r":0.3724,"bldg_age30_r":null,"shelter_min_walk":166,"pop":2522,"hh":1603,"elderly65_r":0.4889,"single_hh_r":0.6138,"source_level":"emd","flood_years":[],"landslide_hist_n":0},"geometry":{"type":"Polygon","coordinates":[[[128.25974,35.50217],[128.25889,35.49834],[128.26308,35.49623],[128.26811,35.49796],[128.26896,35.50179],[128.26477,35.5039],[128.25974,35.50217]]]}},{"type":"Feature","properties":{"h3":"8830c1d821fffff","emd_code":"4872040000","emd_name":"봉수면","area_km2":0.5382,"edge":false,"slope_mean":15.16,"elev_mean":134.0,"flood_hist_n":0,"flood_depth_max_m":null,"flood_risk_100y":null,"semi_basement_r":null,"elderly_alone_r":0.4016,"bldg_age30_r":null,"shelter_min_walk":172,"pop":934,"hh":640,"elderly65_r":0.5749,"single_hh_r":0.6609,"source_level":"emd","flood_years":[],"landslide_hist_n":0},"geometry":{"type":"Polygon","coordinates":[[[128.23623,35.47993],[128.23539,35.4761],[128.23958,35.47399],[128.24461,35.47572],[128.24545,35.47955],[128.24127,35.48166],[128.23623,35.47993]]]}},{"type":"Feature","properties":{"h3":"8830c1d823fffff","emd_code":"4872040000","emd_name":"봉수면","area_km2":0.5383,"edge":false,"slope_mean":18.9,"elev_mean":143.5,"flood_hist_n":0,"flood_depth_max_m":null,"flood_risk_100y":null,"semi_basement_r":null,"elderly_alone_r":0.4016,"bldg_age30_r":null,"shelter_min_walk":179,"pop":934,"hh":640,"elderly65_r":0.5749,"single_hh_r":0.6609,"source_level":"emd","flood_years":[],"landslide_hist_n":0},"geometry":{"type":"Polygon","coordinates":[[[128.24545,35.47955],[128.24461,35.47572],[128.2488,35.47361],[128.25383,35.47534],[128.25467,35.47917],[128.25048,35.48128],[128.24545,35.47955]]]}},{"type":"Feature","properties":{"h3":"8830c1d825fffff","emd_code":"4872040000","emd_name":"봉수면","area_km2":0.5383,"edge":false,"slope_mean":29.58,"elev_mean":326.6,"flood_hist_n":0,"flood_depth_max_m":null,"flood_risk_100y":null,"semi_basement_r":null,"elderly_alone_r":0.4016,"bldg_age30_r":null,"shelter_min_walk":175,"pop":934,"hh":640,"elderly65_r":0.5749,"single_hh_r":0.6609,"source_level":"emd","flood_years":[],"landslide_hist_n":0},"geometry":{"type":"Polygon","coordinates":[[[128.23036,35.47437],[128.22952,35.47053],[128.2337,35.46843],[128.23873,35.47016],[128.23958,35.47399],[128.23539,35.4761],[128.23036,35.47437]]]}},{"type":"Feature","properties":{"h3":"8830c1d827fffff","emd_code":"4872040000","emd_name":"봉수면","area_km2":0.5383,"edge":false,"slope_mean":24.88,"elev_mean":236.6,"flood_hist_n":0,"flood_depth_max_m":null,"flood_risk_100y":null,"semi_basement_r":null,"elderly_alone_r":0.4016,"bldg_age30_r":null,"shelter_min_walk":182,"pop":934,"hh":640,"elderly65_r":0.5749,"single_hh_r":0.6609,"source_level":"emd","flood_years":[],"landslide_hist_n":0},"geometry":{"type":"Polygon","coordinates":[[[128.23958,35.47399],[128.23873,35.47016],[128.24292,35.46805],[128.24795,35.46978],[128.2488,35.47361],[128.24461,35.47572],[128.23958,35.47399]]]}},{"type":"Feature","properties":{"h3":"8830c1d829fffff","emd_code":"4872040000","emd_name":"봉수면","area_km2":0.5381,"edge":false,"slope_mean":16.75,"elev_mean":149.4,"flood_hist_n":0,"flood_depth_max_m":null,"flood_risk_100y":null,"semi_basement_r":null,"elderly_alone_r":0.4016,"bldg_age30_r":null,"shelter_min_walk":161,"pop":934,"hh":640,"elderly65_r":0.5749,"single_hh_r":0.6609,"source_level":"emd","flood_years":[],"landslide_hist_n":0},"geometry":{"type":"Polygon","coordinates":[[[128.23289,35.48587],[128.23205,35.48203],[128.23623,35.47993],[128.24127,35.48166],[128.24211,35.48549],[128.23792,35.4876],[128.23289,35.48587]]]}},{"type":"Feature","properties":{"h3":"8830c1d82bfffff","emd_code":"4872040000","emd_name":"봉수면","area_km2":0.5381,"edge":false,"slope_mean":26.65,"elev_mean":276.1,"flood_hist_n":0,"flood_depth_max_m":null,"flood_risk_100y":null,"semi_basement_r":null,"elderly_alone_r":0.4016,"bldg_age30_r":null,"shelter_min_walk":169,"pop":934,"hh":640,"elderly65_r":0.5749,"single_hh_r":0.6609,"source_level":"emd","flood_years":[],"landslide_hist_n":0},"geometry":{"type":"Polygon","coordinates":[[[128.24211,35.48549],[128.24127,35.48166],[128.24545,35.47955],[128.25048,35.48128],[128.25133,35.48511],[128.24714,35.48722],[128.24211,35.48549]]]}},{"type":"Feature","properties":{"h3":"8830c1d82dfffff","emd_code":"4872040000","emd_name":"봉수면","area_km2":0.5382,"edge":false,"slope_mean":18.64,"elev_mean":158.3,"flood_hist_n":0,"flood_depth_max_m":null,"flood_risk_100y":null,"semi_basement_r":null,"elderly_alone_r":0.4016,"bldg_age30_r":null,"shelter_min_walk":165,"pop":934,"hh":640,"elderly65_r":0.5749,"single_hh_r":0.6609,"source_level":"emd","flood_years":[],"landslide_hist_n":0},"geometry":{"type":"Polygon","coordinates":[[[128.22702,35.48031],[128.22617,35.47647],[128.23036,35.47437],[128.23539,35.4761],[128.23623,35.47993],[128.23205,35.48203],[128.22702,35.48031]]]}},{"type":"Feature","properties":{"h3":"8830c1d831fffff","emd_code":"4872040000","emd_name":"봉수면","area_km2":0.5382,"edge":false,"slope_mean":27.24,"elev_mean":344.7,"flood_hist_n":0,"flood_depth_max_m":null,"flood_risk_100y":null,"semi_basement_r":null,"elderly_alone_r":0.4016,"bldg_age30_r":null,"shelter_min_walk":186,"pop":934,"hh":640,"elderly65_r":0.5749,"single_hh_r":0.6609,"source_level":"emd","flood_years":[],"landslide_hist_n":0},"geometry":{"type":"Polygon","coordinates":[[[128.26055,35.48473],[128.2597,35.4809],[128.26389,35.47879],[128.26892,35.48052],[128.26977,35.48435],[128.26558,35.48646],[128.26055,35.48473]]]}},{"type":"Feature","properties":{"h3":"8830c1d833fffff","emd_code":"4872040000","emd_name":"봉수면","area_km2":0.5383,"edge":false,"slope_mean":25.29,"elev_mean":276.7,"flood_hist_n":0,"flood_depth_max_m":null,"flood_risk_100y":null,"semi_basement_r":null,"elderly_alone_r":0.4016,"bldg_age30_r":null,"shelter_min_walk":195,"pop":934,"hh":640,"elderly65_r":0.5749,"single_hh_r":0.6609,"source_level":"emd","flood_years":[],"landslide_hist_n":0},"geometry":{"type":"Polygon","coordinates":[[[128.26977,35.48435],[128.26892,35.48052],[128.27311,35.47841],[128.27814,35.48014],[128.27899,35.48397],[128.2748,35.48608],[128.26977,35.48435]]]}},{"type":"Feature","properties":{"h3":"8830c1d835fffff","emd_code":"4872040000","emd_name":"봉수면","area_km2":0.5383,"edge":false,"slope_mean":18.8,"elev_mean":164.2,"flood_hist_n":0,"flood_depth_max_m":null,"flood_risk_100y":null,"semi_basement_r":null,"elderly_alone_r":0.4016,"bldg_age30_r":null,"shelter_min_walk":188,"pop":934,"hh":640,"elderly65_r":0.5749,"single_hh_r":0.6609,"source_level":"emd","flood_years":[],"landslide_hist_n":0},"geometry":{"type":"Polygon","coordinates":[[[128.25467,35.47917],[128.25383,35.47534],[128.25801,35.47323],[128.26305,35.47496],[128.26389,35.47879],[128.2597,35.4809],[128.25467,35.47917]]]}},{"type":"Feature","properties":{"h3":"8830c1d837fffff","emd_code":"4872040000","emd_name":"봉수면","area_km2":0.5384,"edge":false,"slope_mean":25.27,"elev_mean":180.2,"flood_hist_n":0,"flood_depth_max_m":null,"flood_risk_100y":null,"semi_basement_r":null,"elderly_alone_r":0.4016,"bldg_age30_r":null,"shelter_min_walk":196,"pop":934,"hh":640,"elderly65_r":0.5749,"single_hh_r":0.6609,"source_level":"emd","flood_years":[],"landslide_hist_n":0},"geometry":{"type":"Polygon","coordinates":[[[128.26389,35.47879],[128.26305,35.47496],[128.26723,35.47285],[128.27226,35.47458],[128.27311,35.47841],[128.26892,35.48052],[128.26389,35.47879]]]}},{"type":"Feature","properties":{"h3":"8830c1d839fffff","emd_code":"4872040000","emd_name":"봉수면","area_km2":0.5381,"edge":false,"slope_mean":25.14,"elev_mean":466.8,"flood_hist_n":0,"flood_depth_max_m":null,"flood_risk_100y":null,"semi_basement_r":null,"elderly_alone_r":0.4016,"bldg_age30_r":null,"shelter_min_walk":176,"pop":934,"hh":640,"elderly65_r":0.5749,"single_hh_r":0.6609,"source_level":"emd","flood_years":[],"landslide_hist_n":0},"geometry":{"type":"Polygon","coordinates":[[[128.2572,35.49067],[128.25636,35.48684],[128.26055,35.48473],[128.26558,35.48646],[128.26642,35.49029],[128.26224,35.4924],[128.2572,35.49067]]]}},{"type":"Feature","properties":{"h3":"8830c1d83bfffff","emd_code":"4872040000","emd_name":"봉수면","area_km2":0.5382,"edge":false,"slope_mean":24.49,"elev_mean":350.7,"flood_hist_n":0,"flood_depth_max_m":null,"flood_risk_100y":null,"semi_basement_r":null,"elderly_alone_r":0.4016,"bldg_age30_r":null,"shelter_min_walk":185,"pop":934,"hh":640,"elderly65_r":0.5749,"single_hh_r":0.6609,"source_level":"emd","flood_years":[],"landslide_hist_n":0},"geometry":{"type":"Polygon","coordinates":[[[128.26642,35.49029],[128.26558,35.48646],[128.26977,35.48435],[128.2748,35.48608],[128.27564,35.48991],[128.27146,35.49202],[128.26642,35.49029]]]}},{"type":"Feature","properties":{"h3":"8830c1d83dfffff","emd_code":"4872040000","emd_name":"봉수면","area_km2":0.5382,"edge":false,"slope_mean":26.79,"elev_mean":281.3,"flood_hist_n":0,"flood_depth_max_m":null,"flood_risk_100y":null,"semi_basement_r":null,"elderly_alone_r":0.4016,"bldg_age30_r":null,"shelter_min_walk":177,"pop":934,"hh":640,"elderly65_r":0.5749,"single_hh_r":0.6609,"source_level":"emd","flood_years":[],"landslide_hist_n":0},"geometry":{"type":"Polygon","coordinates":[[[128.25133,35.48511],[128.25048,35.48128],[128.25467,35.47917],[128.2597,35.4809],[128.26055,35.48473],[128.25636,35.48684],[128.25133,35.48511]]]}},{"type":"Feature","properties":{"h3":"8830c1d853fffff","emd_code":"4872039000","emd_name":"부림면","area_km2":0.5378,"edge":true,"slope_mean":31.16,"elev_mean":506.2,"flood_hist_n":0,"flood_depth_max_m":null,"flood_risk_100y":null,"semi_basement_r":null,"elderly_alone_r":0.3724,"bldg_age30_r":null,"shelter_min_walk":157,"pop":2522,"hh":1603,"elderly65_r":0.4889,"single_hh_r":0.6138,"source_level":"emd","flood_years":[],"landslide_hist_n":0},"geometry":{"type":"Polygon","coordinates":[[[128.26227,35.51366],[128.26143,35.50983],[128.26561,35.50773],[128.27065,35.50945],[128.27149,35.51329],[128.2673,35.51539],[128.26227,35.51366]]]}},{"type":"Feature","properties":{"h3":"8830c1d857fffff","emd_code":"4872039000","emd_name":"부림면","area_km2":0.5378,"edge":true,"slope_mean":30.13,"elev_mean":538.6,"flood_hist_n":0,"flood_depth_max_m":null,"flood_risk_100y":null,"semi_basement_r":null,"elderly_alone_r":0.3724,"bldg_age30_r":null,"shelter_min_walk":156,"pop":2522,"hh":1603,"elderly65_r":0.4889,"single_hh_r":0.6138,"source_level":"emd","flood_years":[],"landslide_hist_n":0},"geometry":{"type":"Polygon","coordinates":[[[128.2564,35.50811],[128.25555,35.50428],[128.25974,35.50217],[128.26477,35.5039],[128.26561,35.50773],[128.26143,35.50983],[128.2564,35.50811]]]}},{"type":"Feature","properties":{"h3":"8830c1d861fffff","emd_code":"4872040000","emd_name":"봉수면","area_km2":0.5379,"edge":true,"slope_mean":14.47,"elev_mean":148.5,"flood_hist_n":0,"flood_depth_max_m":null,"flood_risk_100y":null,"semi_basement_r":null,"elderly_alone_r":0.4016,"bldg_age30_r":null,"shelter_min_walk":143,"pop":934,"hh":640,"elderly65_r":0.5749,"single_hh_r":0.6609,"source_level":"emd","flood_years":[],"landslide_hist_n":0},"geometry":{"type":"Polygon","coordinates":[[[128.22033,35.49218],[128.21949,35.48835],[128.22367,35.48624],[128.22871,35.48797],[128.22955,35.49181],[128.22536,35.49391],[128.22033,35.49218]]]}},{"type":"Feature","properties":{"h3":"8830c1d863fffff","emd_code":"4872040000","emd_name":"봉수면","area_km2":0.538,"edge":false,"slope_mean":21.56,"elev_mean":218.5,"flood_hist_n":0,"flood_depth_max_m":null,"flood_risk_100y":null,"semi_basement_r":null,"elderly_alone_r":0.4016,"bldg_age30_r":null,"shelter_min_walk":150,"pop":934,"hh":640,"elderly65_r":0.5749,"single_hh_r":0.6609,"source_level":"emd","flood_years":[],"landslide_hist_n":0},"geometry":{"type":"Polygon","coordinates":[[[128.22955,35.49181],[128.22871,35.48797],[128.23289,35.48587],[128.23792,35.4876],[128.23877,35.49143],[128.23458,35.49353],[128.22955,35.49181]]]}},{"type":"Feature","properties":{"h3":"8830c1d865fffff","emd_code":"4872040000","emd_name":"봉수면","area_km2":0.538,"edge":false,"slope_mean":24.51,"elev_mean":285.5,"flood_hist_n":0,"flood_depth_max_m":null,"flood_risk_100y":null,"semi_basement_r":null,"elderly_alone_r":0.4016,"bldg_age30_r":null,"shelter_min_walk":147,"pop":934,"hh":640,"elderly65_r":0.5749,"single_hh_r":0.6609,"source_level":"emd","flood_years":[],"landslide_hist_n":0},"geometry":{"type":"Polygon","coordinates":[[[128.21446,35.48662],[128.21361,35.48279],[128.2178,35.48068],[128.22283,35.48241],[128.22367,35.48624],[128.21949,35.48835],[128.21446,35.48662]]]}},{"type":"Feature","properties":{"h3":"8830c1d867fffff","emd_code":"4872040000","emd_name":"봉수면","area_km2":0.538,"edge":false,"slope_mean":18.47,"elev_mean":171.5,"flood_hist_n":0,"flood_depth_max_m":null,"flood_risk_100y":null,"semi_basement_r":null,"elderly_alone_r":0.4016,"bldg_age30_r":null,"shelter_min_walk":154,"pop":934,"hh":640,"elderly65_r":0.5749,"single_hh_r":0.6609,"source_level":"emd","flood_years":[],"landslide_hist_n":0},"geometry":{"type":"Polygon","coordinates":[[[128.22367,35.48624],[128.22283,35.48241],[128.22702,35.48031],[128.23205,35.48203],[128.23289,35.48587],[128.22871,35.48797],[128.22367,35.48624]]]}},{"type":"Feature","properties":{"h3":"8830c1d881fffff","emd_code":"4872039000","emd_name":"부림면","area_km2":0.5383,"edge":false,"slope_mean":20.76,"elev_mean":254.0,"flood_hist_n":0,"flood_depth_max_m":null,"flood_risk_100y":null,"semi_basement_r":null,"elderly_alone_r":0.3724,"bldg_age30_r":null,"shelter_min_walk":209,"pop":2522,"hh":1603,"elderly65_r":0.4889,"single_hh_r":0.6138,"source_level":"emd","flood_years":[],"landslide_hist_n":0},"geometry":{"type":"Polygon","coordinates":[[[128.30918,35.49433],[128.30834,35.4905],[128.31253,35.48839],[128.31756,35.49011],[128.31841,35.49395],[128.31422,35.49605],[128.30918,35.49433]]]}},{"type":"Feature","properties":{"h3":"8830c1d883fffff","emd_code":"4872039000","emd_name":"부림면","area_km2":0.5384,"edge":false,"slope_mean":25.12,"elev_mean":170.9,"flood_hist_n":0,"flood_depth_max_m":null,"flood_risk_100y":null,"semi_basement_r":null,"elderly_alone_r":0.3724,"bldg_age30_r":null,"shelter_min_walk":203,"pop":2522,"hh":1603,"elderly65_r":0.4889,"single_hh_r":0.6138,"source_level":"emd","flood_years":[],"landslide_hist_n":0},"geometry":{"type":"Polygon","coordinates":[[[128.31841,35.49395],[128.31756,35.49011],[128.32175,35.488],[128.32678,35.48973],[128.32763,35.49356],[128.32344,35.49567],[128.31841,35.49395]]]}},{"type":"Feature","properties":{"h3":"8830c1d885fffff","emd_code":"4872040000","emd_name":"봉수면","area_km2":0.5384,"edge":false,"slope_mean":19.47,"elev_mean":142.4,"flood_hist_n":0,"flood_depth_max_m":null,"flood_risk_100y":null,"semi_basement_r":null,"elderly_alone_r":0.4016,"bldg_age30_r":null,"shelter_min_walk":205,"pop":934,"hh":640,"elderly65_r":0.5749,"single_hh_r":0.6609,"source_level":"emd","flood_years":[],"landslide_hist_n":0},"geometry":{"type":"Polygon","coordinates":[[[128.30331,35.48877],[128.30246,35.48494],[128.30665,35.48283],[128.31168,35.48455],[128.31253,35.48839],[128.30834,35.4905],[128.30331,35.48877]]]}},{"type":"Feature","properties":{"h3":"8830c1d887fffff","emd_code":"4872039000","emd_name":"부림면","area_km2":0.5384,"edge":false,"slope_mean":22.5,"elev_mean":154.1,"flood_hist_n":0,"flood_depth_max_m":null,"flood_risk_100y":null,"semi_basement_r":null,"elderly_alone_r":0.3724,"bldg_age30_r":null,"shelter_min_walk":198,"pop":2522,"hh":1603,"elderly65_r":0.4889,"single_hh_r":0.6138,"source_level":"emd","flood_years":[],"landslide_hist_n":0},"geometry":{"type":"Polygon","coordinates":[[[128.31253,35.48839],[128.31168,35.48455],[128.31587,35.48245],[128.3209,35.48417],[128.32175,35.488],[128.31756,35.49011],[128.31253,35.48839]]]}},{"type":"Feature","properties":{"h3":"8830c1d889fffff","emd_code":"4872039000","emd_name":"부림면","area_km2":0.5382,"edge":false,"slope_mean":18.34,"elev_mean":328.6,"flood_hist_n":0,"flood_depth_max_m":null,"flood_risk_100y":null,"semi_basement_r":null,"elderly_alone_r":0.3724,"bldg_age30_r":null,"shelter_min_walk":219,"pop":2522,"hh":1603,"elderly65_r":0.4889,"single_hh_r":0.6138,"source_level":"emd","flood_years":[],"landslide_hist_n":0},"geometry":{"type":"Polygon","coordinates":[[[128.30584,35.50027],[128.305,35.49644],[128.30918,35.49433],[128.31422,35.49605],[128.31506,35.49989],[128.31087,35.50199],[128.30584,35.50027]]]}},{"type":"Feature","properties":{"h3":"8830c1d88bfffff","emd_code":"4872039000","emd_name":"부림면","area_km2":0.5382,"edge":false,"slope_mean":22.74,"elev_mean":248.0,"flood_hist_n":0,"flood_depth_max_m":null,"flood_risk_100y":null,"semi_basement_r":null,"elderly_alone_r":0.3724,"bldg_age30_r":null,"shelter_min_walk":214,"pop":2522,"hh":1603,"elderly65_r":0.4889,"single_hh_r":0.6138,"source_level":"emd","flood_years":[],"landslide_hist_n":0},"geometry":{"type":"Polygon","coordinates":[[[128.31506,35.49989],[128.31422,35.49605],[128.31841,35.49395],[128.32344,35.49567],[128.32428,35.4995],[128.3201,35.50161],[128.31506,35.49989]]]}},{"type":"Feature","properties":{"h3":"8830c1d88dfffff","emd_code":"4872040000","emd_name":"봉수면","area_km2":0.5383,"edge":false,"slope_mean":22.84,"elev_mean":198.5,"flood_hist_n":0,"flood_depth_max_m":null,"flood_risk_100y":null,"semi_basement_r":null,"elderly_alone_r":0.4016,"bldg_age30_r":null,"shelter_min_walk":216,"pop":934,"hh":640,"elderly65_r":0.5749,"single_hh_r":0.6609,"source_level":"emd","flood_years":[],"landslide_hist_n":0},"geometry":{"type":"Polygon","coordinates":[[[128.29996,35.49471],[128.29912,35.49088],[128.30331,35.48877],[128.30834,35.4905],[128.30918,35.49433],[128.305,35.49644],[128.29996,35.49471]]]}},{"type":"Feature","properties":{"h3":"8830c1d891fffff","emd_code":"4872039000","emd_name":"부림면","area_km2":0.5383,"edge":false,"slope_mean":24.34,"elev_mean":149.6,"flood_hist_n":0,"flood_depth_max_m":null,"flood_risk_100y":null,"semi_basement_r":null,"elderly_alone_r":0.3724,"bldg_age30_r":null,"shelter_min_walk":203,"pop":2522,"hh":1603,"elderly65_r":0.4889,"single_hh_r":0.6138,"source_level":"emd","flood_years":[],"landslide_hist_n":0},"geometry":{"type":"Polygon","coordinates":[[[128.33351,35.49912],[128.33266,35.49529],[128.33685,35.49318],[128.34189,35.4949],[128.34273,35.49873],[128.33854,35.50084],[128.33351,35.49912]]]}},{"type":"Feature","properties":{"h3":"8830c1d893fffff","emd_code":"4872039000","emd_name":"부림면","area_km2":0.5384,"edge":false,"slope_mean":13.1,"elev_mean":38.2,"flood_hist_n":0,"flood_depth_max_m":null,"flood_risk_100y":null,"semi_basement_r":null,"elderly_alone_r":0.3724,"bldg_age30_r":null,"shelter_min_walk":198,"pop":2522,"hh":1603,"elderly65_r":0.4889,"single_hh_r":0.6138,"source_level":"emd","flood_years":[],"landslide_hist_n":0},"geometry":{"type":"Polygon","coordinates":[[[128.34273,35.49873],[128.34189,35.4949],[128.34607,35.49279],[128.35111,35.49452],[128.35195,35.49835],[128.34777,35.50046],[128.34273,35.49873]]]}},{"type":"Feature","properties":{"h3":"8830c1d895fffff","emd_code":"4872039000","emd_name":"부림면","area_km2":0.5384,"edge":false,"slope_mean":23.59,"elev_mean":107.6,"flood_hist_n":0,"flood_depth_max_m":null,"flood_risk_100y":null,"semi_basement_r":null,"elderly_alone_r":0.3724,"bldg_age30_r":null,"shelter_min_walk":197,"pop":2522,"hh":1603,"elderly65_r":0.4889,"single_hh_r":0.6138,"source_level":"emd","flood_years":[],"landslide_hist_n":0},"geometry":{"type":"Polygon","coordinates":[[[128.32763,35.49356],[128.32678,35.48973],[128.33097,35.48762],[128.33601,35.48934],[128.33685,35.49318],[128.33266,35.49529],[128.32763,35.49356]]]}},{"type":"Feature","properties":{"h3":"8830c1d897fffff","emd_code":"4872039000","emd_name":"부림면","area_km2":0.5385,"edge":false,"slope_mean":19.01,"elev_mean":66.3,"flood_hist_n":0,"flood_depth_max_m":null,"flood_risk_100y":null,"semi_basement_r":null,"elderly_alone_r":0.3724,"bldg_age30_r":null,"shelter_min_walk":192,"pop":2522,"hh":1603,"elderly65_r":0.4889,"single_hh_r":0.6138,"source_level":"emd","flood_years":[],"landslide_hist_n":0},"geometry":{"type":"Polygon","coordinates":[[[128.33685,35.49318],[128.33601,35.48934],[128.34019,35.48724],[128.34523,35.48896],[128.34607,35.49279],[128.34189,35.4949],[128.33685,35.49318]]]}},{"type":"Feature","properties":{"h3":"8830c1d899fffff","emd_code":"4872039000","emd_name":"부림면","area_km2":0.5382,"edge":false,"slope_mean":23.2,"elev_mean":119.7,"flood_hist_n":0,"flood_depth_max_m":null,"flood_risk_100y":null,"semi_basement_r":null,"elderly_alone_r":0.3724,"bldg_age30_r":null,"shelter_min_walk":214,"pop":2522,"hh":1603,"elderly65_r":0.4889,"single_hh_r":0.6138,"source_level":"emd","flood_years":[],"landslide_hist_n":0},"geometry":{"type":"Polygon","coordinates":[[[128.33016,35.50506],[128.32932,35.50123],[128.33351,35.49912],[128.33854,35.50084],[128.33939,35.50468],[128.3352,35.50678],[128.33016,35.50506]]]}},{"type":"Feature","properties":{"h3":"8830c1d89bfffff","emd_code":"4872039000","emd_name":"부림면","area_km2":0.5383,"edge":false,"slope_mean":20.9,"elev_mean":74.4,"flood_hist_n":0,"flood_depth_max_m":null,"flood_risk_100y":null,"semi_basement_r":null,"elderly_alone_r":0.3724,"bldg_age30_r":null,"shelter_min_walk":208,"pop":2522,"hh":1603,"elderly65_r":0.4889,"single_hh_r":0.6138,"source_level":"emd","flood_years":[],"landslide_hist_n":0},"geometry":{"type":"Polygon","coordinates":[[[128.33939,35.50468],[128.33854,35.50084],[128.34273,35.49873],[128.34777,35.50046],[128.34861,35.50429],[128.34442,35.5064],[128.33939,35.50468]]]}},{"type":"Feature","properties":{"h3":"8830c1d89dfffff","emd_code":"4872039000","emd_name":"부림면","area_km2":0.5383,"edge":false,"slope_mean":26.02,"elev_mean":154.7,"flood_hist_n":0,"flood_depth_max_m":null,"flood_risk_100y":null,"semi_basement_r":null,"elderly_alone_r":0.3724,"bldg_age30_r":null,"shelter_min_walk":208,"pop":2522,"hh":1603,"elderly65_r":0.4889,"single_hh_r":0.6138,"source_level":"emd","flood_years":[],"landslide_hist_n":0},"geometry":{"type":"Polygon","coordinates":[[[128.32428,35.4995],[128.32344,35.49567],[128.32763,35.49356],[128.33266,35.49529],[128.33351,35.49912],[128.32932,35.50123],[128.32428,35.4995]]]}},{"type":"Feature","properties":{"h3":"8830c1d8a1fffff","emd_code":"4872040000","emd_name":"봉수면","area_km2":0.5386,"edge":false,"slope_mean":21.14,"elev_mean":139.3,"flood_hist_n":0,"flood_depth_max_m":null,"flood_risk_100y":null,"semi_basement_r":null,"elderly_alone_r":0.4016,"bldg_age30_r":null,"shelter_min_walk":191,"pop":934,"hh":640,"elderly65_r":0.5749,"single_hh_r":0.6609,"source_level":"emd","flood_years":[],"landslide_hist_n":0},"geometry":{"type":"Polygon","coordinates":[[[128.30077,35.47727],[128.29992,35.47343],[128.30411,35.47133],[128.30915,35.47305],[128.30999,35.47689],[128.3058,35.47899],[128.30077,35.47727]]]}},{"type":"Feature","properties":{"h3":"8830c1d8a3fffff","emd_code":"4872039000","emd_name":"부림면","area_km2":0.5386,"edge":false,"slope_mean":19.95,"elev_mean":106.7,"flood_hist_n":0,"flood_depth_max_m":null,"flood_risk_100y":null,"semi_basement_r":null,"elderly_alone_r":0.3724,"bldg_age30_r":null,"shelter_min_walk":184,"pop":2522,"hh":1603,"elderly65_r":0.4889,"single_hh_r":0.6138,"source_level":"emd","flood_years":[],"landslide_hist_n":0},"geometry":{"type":"Polygon","coordinates":[[[128.30999,35.47689],[128.30915,35.47305],[128.31333,35.47094],[128.31837,35.47267],[128.31921,35.4765],[128.31502,35.47861],[128.30999,35.47689]]]}},{"type":"Feature","properties":{"h3":"8830c1d8a5fffff","emd_code":"4872040000","emd_name":"봉수면","area_km2":0.5386,"edge":false,"slope_mean":23.63,"elev_mean":144.6,"flood_hist_n":0,"flood_depth_max_m":null,"flood_risk_100y":null,"semi_basement_r":null,"elderly_alone_r":0.4016,"bldg_age30_r":null,"shelter_min_walk":189,"pop":934,"hh":640,"elderly65_r":0.5749,"single_hh_r":0.6609,"source_level":"emd","flood_years":[],"landslide_hist_n":0},"geometry":{"type":"Polygon","coordinates":[[[128.29489,35.47171],[128.29405,35.46787],[128.29823,35.46577],[128.30327,35.46749],[128.30411,35.47133],[128.29992,35.47343],[128.29489,35.47171]]]}},{"type":"Feature","properties":{"h3":"8830c1d8a7fffff","emd_code":"4872040000","emd_name":"봉수면","area_km2":0.5387,"edge":false,"slope_mean":18.32,"elev_mean":91.5,"flood_hist_n":0,"flood_depth_max_m":null,"flood_risk_100y":null,"semi_basement_r":null,"elderly_alone_r":0.4016,"bldg_age30_r":null,"shelter_min_walk":181,"pop":934,"hh":640,"elderly65_r":0.5749,"single_hh_r":0.6609,"source_level":"emd","flood_years":[],"landslide_hist_n":0},"geometry":{"type":"Polygon","coordinates":[[[128.30411,35.47133],[128.30327,35.46749],[128.30746,35.46538],[128.31249,35.46711],[128.31333,35.47094],[128.30915,35.47305],[128.30411,35.47133]]]}},{"type":"Feature","properties":{"h3":"8830c1d8a9fffff","emd_code":"4872040000","emd_name":"봉수면","area_km2":0.5384,"edge":false,"slope_mean":23.64,"elev_mean":212.3,"flood_hist_n":0,"flood_depth_max_m":null,"flood_risk_100y":null,"semi_basement_r":null,"elderly_alone_r":0.4016,"bldg_age30_r":null,"shelter_min_walk":202,"pop":934,"hh":640,"elderly65_r":0.5749,"single_hh_r":0.6609,"source_level":"emd","flood_years":[],"landslide_hist_n":0},"geometry":{"type":"Polygon","coordinates":[[[128.29743,35.48321],[128.29658,35.47938],[128.30077,35.47727],[128.3058,35.47899],[128.30665,35.48283],[128.30246,35.48494],[128.29743,35.48321]]]}},{"type":"Feature","properties":{"h3":"8830c1d8abfffff","emd_code":"4872039000","emd_name":"부림면","area_km2":0.5385,"edge":false,"slope_mean":21.06,"elev_mean":138.0,"flood_hist_n":0,"flood_depth_max_m":null,"flood_risk_100y":null,"semi_basement_r":null,"elderly_alone_r":0.3724,"bldg_age30_r":null,"shelter_min_walk":194,"pop":2522,"hh":1603,"elderly65_r":0.4889,"single_hh_r":0.6138,"source_level":"emd","flood_years":[],"landslide_hist_n":0},"geometry":{"type":"Polygon","coordinates":[[[128.30665,35.48283],[128.3058,35.47899],[128.30999,35.47689],[128.31502,35.47861],[128.31587,35.48245],[128.31168,35.48455],[128.30665,35.48283]]]}},{"type":"Feature","properties":{"h3":"8830c1d8adfffff","emd_code":"4872040000","emd_name":"봉수면","area_km2":0.5385,"edge":false,"slope_mean":27.21,"elev_mean":211.0,"flood_hist_n":0,"flood_depth_max_m":null,"flood_risk_100y":null,"semi_basement_r":null,"elderly_alone_r":0.4016,"bldg_age30_r":null,"shelter_min_walk":199,"pop":934,"hh":640,"elderly65_r":0.5749,"single_hh_r":0.6609,"source_level":"emd","flood_years":[],"landslide_hist_n":0},"geometry":{"type":"Polygon","coordinates":[[[128.29155,35.47765],[128.2907,35.47382],[128.29489,35.47171],[128.29992,35.47343],[128.30077,35.47727],[128.29658,35.47938],[128.29155,35.47765]]]}},{"type":"Feature","properties":{"h3":"8830c1d8b1fffff","emd_code":"4872039000","emd_name":"부림면","area_km2":0.5386,"edge":false,"slope_mean":21.95,"elev_mean":118.1,"flood_hist_n":0,"flood_depth_max_m":null,"flood_risk_100y":null,"semi_basement_r":null,"elderly_alone_r":0.3724,"bldg_age30_r":null,"shelter_min_walk":181,"pop":2522,"hh":1603,"elderly65_r":0.4889,"single_hh_r":0.6138,"source_level":"emd","flood_years":[],"landslide_hist_n":0},"geometry":{"type":"Polygon","coordinates":[[[128.32509,35.48206],[128.32425,35.47823],[128.32843,35.47612],[128.33347,35.47784],[128.33431,35.48168],[128.33013,35.48379],[128.32509,35.48206]]]}},{"type":"Feature","properties":{"h3":"8830c1d8b3fffff","emd_code":"4872039000","emd_name":"부림면","area_km2":0.5386,"edge":false,"slope_mean":11.57,"elev_mean":39.8,"flood_hist_n":0,"flood_depth_max_m":null,"flood_risk_100y":null,"semi_basement_r":null,"elderly_alone_r":0.3724,"bldg_age30_r":null,"shelter_min_walk":175,"pop":2522,"hh":1603,"elderly65_r":0.4889,"single_hh_r":0.6138,"source_level":"emd","flood_years":[],"landslide_hist_n":0},"geometry":{"type":"Polygon","coordinates":[[[128.33431,35.48168],[128.33347,35.47784],[128.33766,35.47573],[128.34269,35.47746],[128.34354,35.48129],[128.33935,35.4834],[128.33431,35.48168]]]}},{"type":"Feature","properties":{"h3":"8830c1d8b5fffff","emd_code":"4872039000","emd_name":"부림면","area_km2":0.5387,"edge":false,"slope_mean":18.11,"elev_mean":84.6,"flood_hist_n":0,"flood_depth_max_m":null,"flood_risk_100y":null,"semi_basement_r":null,"elderly_alone_r":0.3724,"bldg_age30_r":null,"shelter_min_walk":177,"pop":2522,"hh":1603,"elderly65_r":0.4889,"single_hh_r":0.6138,"source_level":"emd","flood_years":[],"landslide_hist_n":0},"geometry":{"type":"Polygon","coordinates":[[[128.31921,35.4765],[128.31837,35.47267],[128.32256,35.47056],[128.32759,35.47228],[128.32843,35.47612],[128.32425,35.47823],[128.31921,35.4765]]]}},{"type":"Feature","properties":{"h3":"8830c1d8b7fffff","emd_code":"4872039000","emd_name":"부림면","area_km2":0.5387,"edge":false,"slope_mean":11.27,"elev_mean":37.3,"flood_hist_n":0,"flood_depth_max_m":null,"flood_risk_100y":null,"semi_basement_r":null,"elderly_alone_r":0.3724,"bldg_age30_r":null,"shelter_min_walk":170,"pop":2522,"hh":1603,"elderly65_r":0.4889,"single_hh_r":0.6138,"source_level":"emd","flood_years":[],"landslide_hist_n":0},"geometry":{"type":"Polygon","coordinates":[[[128.32843,35.47612],[128.32759,35.47228],[128.33178,35.47017],[128.33681,35.4719],[128.33766,35.47573],[128.33347,35.47784],[128.32843,35.47612]]]}},{"type":"Feature","properties":{"h3":"8830c1d8b9fffff","emd_code":"4872039000","emd_name":"부림면","area_km2":0.5385,"edge":false,"slope_mean":22.28,"elev_mean":152.9,"flood_hist_n":0,"flood_depth_max_m":null,"flood_risk_100y":null,"semi_basement_r":null,"elderly_alone_r":0.3724,"bldg_age30_r":null,"shelter_min_walk":192,"pop":2522,"hh":1603,"elderly65_r":0.4889,"single_hh_r":0.6138,"source_level":"emd","flood_years":[],"landslide_hist_n":0},"geometry":{"type":"Polygon","coordinates":[[[128.32175,35.488],[128.3209,35.48417],[128.32509,35.48206],[128.33013,35.48379],[128.33097,35.48762],[128.32678,35.48973],[128.32175,35.488]]]}},{"type":"Feature","properties":{"h3":"8830c1d8bbfffff","emd_code":"4872039000","emd_name":"부림면","area_km2":0.5385,"edge":false,"slope_mean":22.02,"elev_mean":151.5,"flood_hist_n":0,"flood_depth_max_m":null,"flood_risk_100y":null,"semi_basement_r":null,"elderly_alone_r":0.3724,"bldg_age30_r":null,"shelter_min_walk":186,"pop":2522,"hh":1603,"elderly65_r":0.4889,"single_hh_r":0.6138,"source_level":"emd","flood_years":[],"landslide_hist_n":0},"geometry":{"type":"Polygon","coordinates":[[[128.33097,35.48762],[128.33013,35.48379],[128.33431,35.48168],[128.33935,35.4834],[128.34019,35.48724],[128.33601,35.48934],[128.33097,35.48762]]]}},{"type":"Feature","properties":{"h3":"8830c1d8bdfffff","emd_code":"4872039000","emd_name":"부림면","area_km2":0.5385,"edge":false,"slope_mean":20.24,"elev_mean":145.6,"flood_hist_n":0,"flood_depth_max_m":null,"flood_risk_100y":null,"semi_basement_r":null,"elderly_alone_r":0.3724,"bldg_age30_r":null,"shelter_min_walk":187,"pop":2522,"hh":1603,"elderly65_r":0.4889,"single_hh_r":0.6138,"source_level":"emd","flood_years":[],"landslide_hist_n":0},"geometry":{"type":"Polygon","coordinates":[[[128.31587,35.48245],[128.31502,35.47861],[128.31921,35.4765],[128.32425,35.47823],[128.32509,35.48206],[128.3209,35.48417],[128.31587,35.48245]]]}},{"type":"Feature","properties":{"h3":"8830c1d8c1fffff","emd_code":"4872039000","emd_name":"부림면","area_km2":0.538,"edge":false,"slope_mean":24.29,"elev_mean":364.1,"flood_hist_n":0,"flood_depth_max_m":null,"flood_risk_100y":null,"semi_basement_r":null,"elderly_alone_r":0.3724,"bldg_age30_r":null,"shelter_min_walk":199,"pop":2522,"hh":1603,"elderly65_r":0.4889,"single_hh_r":0.6138,"source_level":"emd","flood_years":[],"landslide_hist_n":0},"geometry":{"type":"Polygon","coordinates":[[[128.29328,35.50659],[128.29243,35.50276],[128.29662,35.50065],[128.30165,35.50238],[128.3025,35.50621],[128.29831,35.50831],[128.29328,35.50659]]]}},{"type":"Feature","properties":{"h3":"8830c1d8c3fffff","emd_code":"4872039000","emd_name":"부림면","area_km2":0.5381,"edge":false,"slope_mean":20.87,"elev_mean":329.8,"flood_hist_n":0,"flood_depth_max_m":null,"flood_risk_100y":null,"semi_basement_r":null,"elderly_alone_r":0.3724,"bldg_age30_r":null,"shelter_min_walk":210,"pop":2522,"hh":1603,"elderly65_r":0.4889,"single_hh_r":0.6138,"source_level":"emd","flood_years":[],"landslide_hist_n":0},"geometry":{"type":"Polygon","coordinates":[[[128.3025,35.50621],[128.30165,35.50238],[128.30584,35.50027],[128.31087,35.50199],[128.31172,35.50583],[128.30753,35.50793],[128.3025,35.50621]]]}},{"type":"Feature","properties":{"h3":"8830c1d8c5fffff","emd_code":"4872039000","emd_name":"부림면","area_km2":0.5381,"edge":false,"slope_mean":24.42,"elev_mean":215.7,"flood_hist_n":0,"flood_depth_max_m":null,"flood_risk_100y":null,"semi_basement_r":null,"elderly_alone_r":0.3724,"bldg_age30_r":null,"shelter_min_walk":197,"pop":2522,"hh":1603,"elderly65_r":0.4889,"single_hh_r":0.6138,"source_level":"emd","flood_years":[],"landslide_hist_n":0},"geometry":{"type":"Polygon","coordinates":[[[128.2874,35.50103],[128.28655,35.4972],[128.29074,35.49509],[128.29577,35.49682],[128.29662,35.50065],[128.29243,35.50276],[128.2874,35.50103]]]}},{"type":"Feature","properties":{"h3":"8830c1d8c7fffff","emd_code":"4872039000","emd_name":"부림면","area_km2":0.5381,"edge":false,"slope_mean":22.3,"elev_mean":282.5,"flood_hist_n":0,"flood_depth_max_m":null,"flood_risk_100y":null,"semi_basement_r":null,"elderly_alone_r":0.3724,"bldg_age30_r":null,"shelter_min_walk":208,"pop":2522,"hh":1603,"elderly65_r":0.4889,"single_hh_r":0.6138,"source_level":"emd","flood_years":[],"landslide_hist_n":0},"geometry":{"type":"Polygon","coordinates":[[[128.29662,35.50065],[128.29577,35.49682],[128.29996,35.49471],[128.305,35.49644],[128.30584,35.50027],[128.30165,35.50238],[128.29662,35.50065]]]}},{"type":"Feature","properties":{"h3":"8830c1d8c9fffff","emd_code":"4872039000","emd_name":"부림면","area_km2":0.5379,"edge":false,"slope_mean":22.22,"elev_mean":482.9,"flood_hist_n":0,"flood_depth_max_m":null,"flood_risk_100y":null,"semi_basement_r":null,"elderly_alone_r":0.3724,"bldg_age30_r":null,"shelter_min_walk":190,"pop":2522,"hh":1603,"elderly65_r":0.4889,"single_hh_r":0.6138,"source_level":"emd","flood_years":[],"landslide_hist_n":0},"geometry":{"type":"Polygon","coordinates":[[[128.28993,35.51253],[128.28909,35.5087],[128.29328,35.50659],[128.29831,35.50831],[128.29915,35.51215],[128.29497,35.51425],[128.28993,35.51253]]]}},{"type":"Feature","properties":{"h3":"8830c1d8cbfffff","emd_code":"4872039000","emd_name":"부림면","area_km2":0.538,"edge":false,"slope_mean":20.12,"elev_mean":376.3,"flood_hist_n":0,"flood_depth_max_m":null,"flood_risk_100y":null,"semi_basement_r":null,"elderly_alone_r":0.3724,"bldg_age30_r":null,"shelter_min_walk":202,"pop":2522,"hh":1603,"elderly65_r":0.4889,"single_hh_r":0.6138,"source_level":"emd","flood_years":[],"landslide_hist_n":0},"geometry":{"type":"Polygon","coordinates":[[[128.29915,35.51215],[128.29831,35.50831],[128.3025,35.50621],[128.30753,35.50793],[128.30838,35.51176],[128.30419,35.51387],[128.29915,35.51215]]]}},{"type":"Feature","properties":{"h3":"8830c1d8cdfffff","emd_code":"4872039000","emd_name":"부림면","area_km2":0.538,"edge":false,"slope_mean":25.16,"elev_mean":325.5,"flood_hist_n":0,"flood_depth_max_m":null,"flood_risk_100y":null,"semi_basement_r":null,"elderly_alone_r":0.3724,"bldg_age30_r":null,"shelter_min_walk":188,"pop":2522,"hh":1603,"elderly65_r":0.4889,"single_hh_r":0.6138,"source_level":"emd","flood_years":[],"landslide_hist_n":0},"geometry":{"type":"Polygon","coordinates":[[[128.28406,35.50697],[128.28321,35.50314],[128.2874,35.50103],[128.29243,35.50276],[128.29328,35.50659],[128.28909,35.5087],[128.28406,35.50697]]]}},{"type":"Feature","properties":{"h3":"8830c1d8d1fffff","emd_code":"4872039000","emd_name":"부림면","area_km2":0.5381,"edge":true,"slope_mean":26.7,"elev_mean":269.9,"flood_hist_n":0,"flood_depth_max_m":null,"flood_risk_100y":null,"semi_basement_r":null,"elderly_alone_r":0.3724,"bldg_age30_r":null,"shelter_min_walk":225,"pop":2522,"hh":1603,"elderly65_r":0.4889,"single_hh_r":0.6138,"source_level":"emd","flood_years":[],"landslide_hist_n":0},"geometry":{"type":"Polygon","coordinates":[[[128.3176,35.51138],[128.31675,35.50755],[128.32094,35.50544],[128.32598,35.50717],[128.32682,35.511],[128.32263,35.51311],[128.3176,35.51138]]]}},{"type":"Feature","properties":{"h3":"8830c1d8d3fffff","emd_code":"4872039000","emd_name":"부림면","area_km2":0.5381,"edge":true,"slope_mean":24.68,"elev_mean":144.1,"flood_hist_n":0,"flood_depth_max_m":null,"flood_risk_100y":null,"semi_basement_r":null,"elderly_alone_r":0.3724,"bldg_age30_r":null,"shelter_min_walk":221,"pop":2522,"hh":1603,"elderly65_r":0.4889,"single_hh_r":0.6138,"source_level":"emd","flood_years":[],"landslide_hist_n":0},"geometry":{"type":"Polygon","coordinates":[[[128.32682,35.511],[128.32598,35.50717],[128.33016,35.50506],[128.3352,35.50678],[128.33604,35.51062],[128.33186,35.51272],[128.32682,35.511]]]}},{"type":"Feature","properties":{"h3":"8830c1d8d5fffff","emd_code":"4872039000","emd_name":"부림면","area_km2":0.5381,"edge":false,"slope_mean":27.12,"elev_mean":217.6,"flood_hist_n":0,"flood_depth_max_m":null,"flood_risk_100y":null,"semi_basement_r":null,"elderly_alone_r":0.3724,"bldg_age30_r":null,"shelter_min_walk":221,"pop":2522,"hh":1603,"elderly65_r":0.4889,"single_hh_r":0.6138,"source_level":"emd","flood_years":[],"landslide_hist_n":0},"geometry":{"type":"Polygon","coordinates":[[[128.31172,35.50583],[128.31087,35.50199],[128.31506,35.49989],[128.3201,35.50161],[128.32094,35.50544],[128.31675,35.50755],[128.31172,35.50583]]]}},{"type":"Feature","properties":{"h3":"8830c1d8d7fffff","emd_code":"4872039000","emd_name":"부림면","area_km2":0.5382,"edge":false,"slope_mean":26.91,"elev_mean":161.2,"flood_hist_n":0,"flood_depth_max_m":null,"flood_risk_100y":null,"semi_basement_r":null,"elderly_alone_r":0.3724,"bldg_age30_r":null,"shelter_min_walk":219,"pop":2522,"hh":1603,"elderly65_r":0.4889,"single_hh_r":0.6138,"source_level":"emd","flood_years":[],"landslide_hist_n":0},"geometry":{"type":"Polygon","coordinates":[[[128.32094,35.50544],[128.3201,35.50161],[128.32428,35.4995],[128.32932,35.50123],[128.33016,35.50506],[128.32598,35.50717],[128.32094,35.50544]]]}},{"type":"Feature","properties":{"h3":"8830c1d8d9fffff","emd_code":"4872039000","emd_name":"부림면","area_km2":0.538,"edge":true,"slope_mean":26.91,"elev_mean":261.4,"flood_hist_n":0,"flood_depth_max_m":null,"flood_risk_100y":null,"semi_basement_r":null,"elderly_alone_r":0.3724,"bldg_age30_r":null,"shelter_min_walk":217,"pop":2522,"hh":1603,"elderly65_r":0.4889,"single_hh_r":0.6138,"source_level":"emd","flood_years":[],"landslide_hist_n":0},"geometry":{"type":"Polygon","coordinates":[[[128.31426,35.51732],[128.31341,35.51349],[128.3176,35.51138],[128.32263,35.51311],[128.32348,35.51694],[128.31929,35.51904],[128.31426,35.51732]]]}},{"type":"Feature","properties":{"h3":"8830c1d8ddfffff","emd_code":"4872039000","emd_name":"부림면","area_km2":0.538,"edge":false,"slope_mean":22.91,"elev_mean":284.9,"flood_hist_n":0,"flood_depth_max_m":null,"flood_risk_100y":null,"semi_basement_r":null,"elderly_alone_r":0.3724,"bldg_age30_r":null,"shelter_min_walk":213,"pop":2522,"hh":1603,"elderly65_r":0.4889,"single_hh_r":0.6138,"source_level":"emd","flood_years":[],"landslide_hist_n":0},"geometry":{"type":"Polygon","coordinates":[[[128.30838,35.51176],[128.30753,35.50793],[128.31172,35.50583],[128.31675,35.50755],[128.3176,35.51138],[128.31341,35.51349],[128.30838,35.51176]]]}},{"type":"Feature","properties":{"h3":"8830c1d8e1fffff","emd_code":"4872040000","emd_name":"봉수면","area_km2":0.5383,"edge":false,"slope_mean":18.89,"elev_mean":374.1,"flood_hist_n":0,"flood_depth_max_m":null,"flood_risk_100y":null,"semi_basement_r":null,"elderly_alone_r":0.4016,"bldg_age30_r":null,"shelter_min_walk":205,"pop":934,"hh":640,"elderly65_r":0.5749,"single_hh_r":0.6609,"source_level":"emd","flood_years":[],"landslide_hist_n":0},"geometry":{"type":"Polygon","coordinates":[[[128.28486,35.48953],[128.28402,35.4857],[128.28821,35.48359],[128.29324,35.48532],[128.29408,35.48915],[128.2899,35.49126],[128.28486,35.48953]]]}},{"type":"Feature","properties":{"h3":"8830c1d8e3fffff","emd_code":"4872040000","emd_name":"봉수면","area_km2":0.5383,"edge":false,"slope_mean":23.49,"elev_mean":234.9,"flood_hist_n":0,"flood_depth_max_m":null,"flood_risk_100y":null,"semi_basement_r":null,"elderly_alone_r":0.4016,"bldg_age30_r":null,"shelter_min_walk":213,"pop":934,"hh":640,"elderly65_r":0.5749,"single_hh_r":0.6609,"source_level":"emd","flood_years":[],"landslide_hist_n":0},"geometry":{"type":"Polygon","coordinates":[[[128.29408,35.48915],[128.29324,35.48532],[128.29743,35.48321],[128.30246,35.48494],[128.30331,35.48877],[128.29912,35.49088],[128.29408,35.48915]]]}},{"type":"Feature","properties":{"h3":"8830c1d8e5fffff","emd_code":"4872040000","emd_name":"봉수면","area_km2":0.5383,"edge":false,"slope_mean":21.65,"elev_mean":352.8,"flood_hist_n":0,"flood_depth_max_m":null,"flood_risk_100y":null,"semi_basement_r":null,"elderly_alone_r":0.4016,"bldg_age30_r":null,"shelter_min_walk":205,"pop":934,"hh":640,"elderly65_r":0.5749,"single_hh_r":0.6609,"source_level":"emd","flood_years":[],"landslide_hist_n":0},"geometry":{"type":"Polygon","coordinates":[[[128.27899,35.48397],[128.27814,35.48014],[128.28233,35.47803],[128.28736,35.47976],[128.28821,35.48359],[128.28402,35.4857],[128.27899,35.48397]]]}},{"type":"Feature","properties":{"h3":"8830c1d8e7fffff","emd_code":"4872040000","emd_name":"봉수면","area_km2":0.5384,"edge":false,"slope_mean":24.99,"elev_mean":303.6,"flood_hist_n":0,"flood_depth_max_m":null,"flood_risk_100y":null,"semi_basement_r":null,"elderly_alone_r":0.4016,"bldg_age30_r":null,"shelter_min_walk":210,"pop":934,"hh":640,"elderly65_r":0.5749,"single_hh_r":0.6609,"source_level":"emd","flood_years":[],"landslide_hist_n":0},"geometry":{"type":"Polygon","coordinates":[[[128.28821,35.48359],[128.28736,35.47976],[128.29155,35.47765],[128.29658,35.47938],[128.29743,35.48321],[128.29324,35.48532],[128.28821,35.48359]]]}},{"type":"Feature","properties":{"h3":"8830c1d8e9fffff","emd_code":"4872039000","emd_name":"부림면","area_km2":0.5382,"edge":false,"slope_mean":23.31,"elev_mean":368.0,"flood_hist_n":0,"flood_depth_max_m":null,"flood_risk_100y":null,"semi_basement_r":null,"elderly_alone_r":0.3724,"bldg_age30_r":null,"shelter_min_walk":196,"pop":2522,"hh":1603,"elderly65_r":0.4889,"single_hh_r":0.6138,"source_level":"emd","flood_years":[],"landslide_hist_n":0},"geometry":{"type":"Polygon","coordinates":[[[128.28152,35.49547],[128.28068,35.49164],[128.28486,35.48953],[128.2899,35.49126],[128.29074,35.49509],[128.28655,35.4972],[128.28152,35.49547]]]}},{"type":"Feature","properties":{"h3":"8830c1d8ebfffff","emd_code":"4872040000","emd_name":"봉수면","area_km2":0.5382,"edge":false,"slope_mean":23.09,"elev_mean":253.5,"flood_hist_n":0,"flood_depth_max_m":null,"flood_risk_100y":null,"semi_basement_r":null,"elderly_alone_r":0.4016,"bldg_age30_r":null,"shelter_min_walk":206,"pop":934,"hh":640,"elderly65_r":0.5749,"single_hh_r":0.6609,"source_level":"emd","flood_years":[],"landslide_hist_n":0},"geometry":{"type":"Polygon","coordinates":[[[128.29074,35.49509],[128.2899,35.49126],[128.29408,35.48915],[128.29912,35.49088],[128.29996,35.49471],[128.29577,35.49682],[128.29074,35.49509]]]}},{"type":"Feature","properties":{"h3":"8830c1d8edfffff","emd_code":"4872040000","emd_name":"봉수면","area_km2":0.5382,"edge":false,"slope_mean":22.18,"elev_mean":445.5,"flood_hist_n":0,"flood_depth_max_m":null,"flood_risk_100y":null,"semi_basement_r":null,"elderly_alone_r":0.4016,"bldg_age30_r":null,"shelter_min_walk":195,"pop":934,"hh":640,"elderly65_r":0.5749,"single_hh_r":0.6609,"source_level":"emd","flood_years":[],"landslide_hist_n":0},"geometry":{"type":"Polygon","coordinates":[[[128.27564,35.48991],[128.2748,35.48608],[128.27899,35.48397],[128.28402,35.4857],[128.28486,35.48953],[128.28068,35.49164],[128.27564,35.48991]]]}},{"type":"Feature","properties":{"h3":"8830c1d901fffff","emd_code":"4872041500","emd_name":"궁류면","area_km2":0.5384,"edge":true,"slope_mean":26.87,"elev_mean":353.3,"flood_hist_n":0,"flood_depth_max_m":null,"flood_risk_100y":null,"semi_basement_r":null,"elderly_alone_r":0.4923,"bldg_age30_r":null,"shelter_min_walk":186,"pop":1006,"hh":717,"elderly65_r":0.6829,"single_hh_r":0.6681,"source_level":"emd","flood_years":[],"landslide_hist_n":0},"geometry":{"type":"Polygon","coordinates":[[[128.20352,35.45805],[128.20268,35.45422],[128.20686,35.45211],[128.21189,35.45384],[128.21274,35.45768],[128.20855,35.45978],[128.20352,35.45805]]]}},{"type":"Feature","properties":{"h3":"8830c1d903fffff","emd_code":"4872041500","emd_name":"궁류면","area_km2":0.5385,"edge":false,"slope_mean":26.91,"elev_mean":387.1,"flood_hist_n":0,"flood_depth_max_m":null,"flood_risk_100y":null,"semi_basement_r":null,"elderly_alone_r":0.4923,"bldg_age30_r":null,"shelter_min_walk":191,"pop":1006,"hh":717,"elderly65_r":0.6829,"single_hh_r":0.6681,"source_level":"emd","flood_years":[],"landslide_hist_n":0},"geometry":{"type":"Polygon","coordinates":[[[128.21274,35.45768],[128.21189,35.45384],[128.21608,35.45173],[128.22111,35.45346],[128.22195,35.4573],[128.21777,35.45941],[128.21274,35.45768]]]}},{"type":"Feature","properties":{"h3":"8830c1d907fffff","emd_code":"4872041500","emd_name":"궁류면","area_km2":0.5385,"edge":false,"slope_mean":26.07,"elev_mean":332.5,"flood_hist_n":0,"flood_depth_max_m":null,"flood_risk_100y":null,"semi_basement_r":null,"elderly_alone_r":0.4923,"bldg_age30_r":null,"shelter_min_walk":197,"pop":1006,"hh":717,"elderly65_r":0.6829,"single_hh_r":0.6681,"source_level":"emd","flood_years":[],"landslide_hist_n":0},"geometry":{"type":"Polygon","coordinates":[[[128.20686,35.45211],[128.20602,35.44828],[128.2102,35.44617],[128.21523,35.4479],[128.21608,35.45173],[128.21189,35.45384],[128.20686,35.45211]]]}},{"type":"Feature","properties":{"h3":"8830c1d909fffff","emd_code":"4872041500","emd_name":"궁류면","area_km2":0.5383,"edge":true,"slope_mean":25.28,"elev_mean":323.6,"flood_hist_n":0,"flood_depth_max_m":null,"flood_risk_100y":null,"semi_basement_r":null,"elderly_alone_r":0.4923,"bldg_age30_r":null,"shelter_min_walk":175,"pop":1006,"hh":717,"elderly65_r":0.6829,"single_hh_r":0.6681,"source_level":"emd","flood_years":[],"landslide_hist_n":0},"geometry":{"type":"Polygon","coordinates":[[[128.20018,35.46399],[128.19933,35.46016],[128.20352,35.45805],[128.20855,35.45978],[128.20939,35.46362],[128.20521,35.46572],[128.20018,35.46399]]]}},{"type":"Feature","properties":{"h3":"8830c1d90bfffff","emd_code":"4872041500","emd_name":"궁류면","area_km2":0.5384,"edge":false,"slope_mean":27.82,"elev_mean":431.9,"flood_hist_n":0,"flood_depth_max_m":null,"flood_risk_100y":null,"semi_basement_r":null,"elderly_alone_r":0.4923,"bldg_age30_r":null,"shelter_min_walk":180,"pop":1006,"hh":717,"elderly65_r":0.6829,"single_hh_r":0.6681,"source_level":"emd","flood_years":[],"landslide_hist_n":0},"geometry":{"type":"Polygon","coordinates":[[[128.20939,35.46362],[128.20855,35.45978],[128.21274,35.45768],[128.21777,35.45941],[128.21861,35.46324],[128.21442,35.46535],[128.20939,35.46362]]]}},{"type":"Feature","properties":{"h3":"8830c1d911fffff","emd_code":"4872041500","emd_name":"궁류면","area_km2":0.5385,"edge":false,"slope_mean":25.58,"elev_mean":408.4,"flood_hist_n":0,"flood_depth_max_m":null,"flood_risk_100y":null,"semi_basement_r":null,"elderly_alone_r":0.4923,"bldg_age30_r":null,"shelter_min_walk":191,"pop":1006,"hh":717,"elderly65_r":0.6829,"single_hh_r":0.6681,"source_level":"emd","flood_years":[],"landslide_hist_n":0},"geometry":{"type":"Polygon","coordinates":[[[128.22783,35.46286],[128.22698,35.45903],[128.23117,35.45692],[128.2362,35.45865],[128.23704,35.46249],[128.23286,35.46459],[128.22783,35.46286]]]}},{"type":"Feature","properties":{"h3":"8830c1d913fffff","emd_code":"4872041500","emd_name":"궁류면","area_km2":0.5385,"edge":false,"slope_mean":24.13,"elev_mean":298.5,"flood_hist_n":0,"flood_depth_max_m":null,"flood_risk_100y":null,"semi_basement_r":null,"elderly_alone_r":0.4923,"bldg_age30_r":null,"shelter_min_walk":197,"pop":1006,"hh":717,"elderly65_r":0.6829,"single_hh_r":0.6681,"source_level":"emd","flood_years":[],"landslide_hist_n":0},"geometry":{"type":"Polygon","coordinates":[[[128.23704,35.46249],[128.2362,35.45865],[128.24039,35.45654],[128.24542,35.45827],[128.24626,35.46211],[128.24208,35.46421],[128.23704,35.46249]]]}},{"type":"Feature","properties":{"h3":"8830c1d915fffff","emd_code":"4872041500","emd_name":"궁류면","area_km2":0.5385,"edge":false,"slope_mean":28.31,"elev_mean":471.8,"flood_hist_n":0,"flood_depth_max_m":null,"flood_risk_100y":null,"semi_basement_r":null,"elderly_alone_r":0.4923,"bldg_age30_r":null,"shelter_min_walk":196,"pop":1006,"hh":717,"elderly65_r":0.6829,"single_hh_r":0.6681,"source_level":"emd","flood_years":[],"landslide_hist_n":0},"geometry":{"type":"Polygon","coordinates":[[[128.22195,35.4573],[128.22111,35.45346],[128.22529,35.45136],[128.23033,35.45309],[128.23117,35.45692],[128.22698,35.45903],[128.22195,35.4573]]]}},{"type":"Feature","properties":{"h3":"8830c1d917fffff","emd_code":"4872041500","emd_name":"궁류면","area_km2":0.5386,"edge":false,"slope_mean":26.23,"elev_mean":299.7,"flood_hist_n":0,"flood_depth_max_m":null,"flood_risk_100y":null,"semi_basement_r":null,"elderly_alone_r":0.4923,"bldg_age30_r":null,"shelter_min_walk":201,"pop":1006,"hh":717,"elderly65_r":0.6829,"single_hh_r":0.6681,"source_level":"emd","flood_years":[],"landslide_hist_n":0},"geometry":{"type":"Polygon","coordinates":[[[128.23117,35.45692],[128.23033,35.45309],[128.23451,35.45098],[128.23954,35.45271],[128.24039,35.45654],[128.2362,35.45865],[128.23117,35.45692]]]}},{"type":"Feature","properties":{"h3":"8830c1d919fffff","emd_code":"4872040000","emd_name":"봉수면","area_km2":0.5383,"edge":false,"slope_mean":30.26,"elev_mean":467.0,"flood_hist_n":0,"flood_depth_max_m":null,"flood_risk_100y":null,"semi_basement_r":null,"elderly_alone_r":0.4016,"bldg_age30_r":null,"shelter_min_walk":180,"pop":934,"hh":640,"elderly65_r":0.5749,"single_hh_r":0.6609,"source_level":"emd","flood_years":[],"landslide_hist_n":0},"geometry":{"type":"Polygon","coordinates":[[[128.22448,35.4688],[128.22364,35.46497],[128.22783,35.46286],[128.23286,35.46459],[128.2337,35.46843],[128.22952,35.47053],[128.22448,35.4688]]]}},{"type":"Feature","properties":{"h3":"8830c1d91bfffff","emd_code":"4872040000","emd_name":"봉수면","area_km2":0.5384,"edge":false,"slope_mean":28.22,"elev_mean":432.3,"flood_hist_n":0,"flood_depth_max_m":null,"flood_risk_100y":null,"semi_basement_r":null,"elderly_alone_r":0.4016,"bldg_age30_r":null,"shelter_min_walk":186,"pop":934,"hh":640,"elderly65_r":0.5749,"single_hh_r":0.6609,"source_level":"emd","flood_years":[],"landslide_hist_n":0},"geometry":{"type":"Polygon","coordinates":[[[128.2337,35.46843],[128.23286,35.46459],[128.23704,35.46249],[128.24208,35.46421],[128.24292,35.46805],[128.23873,35.47016],[128.2337,35.46843]]]}},{"type":"Feature","properties":{"h3":"8830c1d91dfffff","emd_code":"4872041500","emd_name":"궁류면","area_km2":0.5384,"edge":false,"slope_mean":27.49,"elev_mean":474.8,"flood_hist_n":0,"flood_depth_max_m":null,"flood_risk_100y":null,"semi_basement_r":null,"elderly_alone_r":0.4923,"bldg_age30_r":null,"shelter_min_walk":185,"pop":1006,"hh":717,"elderly65_r":0.6829,"single_hh_r":0.6681,"source_level":"emd","flood_years":[],"landslide_hist_n":0},"geometry":{"type":"Polygon","coordinates":[[[128.21861,35.46324],[128.21777,35.45941],[128.22195,35.4573],[128.22698,35.45903],[128.22783,35.46286],[128.22364,35.46497],[128.21861,35.46324]]]}},{"type":"Feature","properties":{"h3":"8830c1d921fffff","emd_code":"4872041500","emd_name":"궁류면","area_km2":0.5387,"edge":true,"slope_mean":27.73,"elev_mean":365.2,"flood_hist_n":0,"flood_depth_max_m":null,"flood_risk_100y":null,"semi_basement_r":null,"elderly_alone_r":0.4923,"bldg_age30_r":null,"shelter_min_walk":210,"pop":1006,"hh":717,"elderly65_r":0.6829,"single_hh_r":0.6681,"source_level":"emd","flood_years":[],"landslide_hist_n":0},"geometry":{"type":"Polygon","coordinates":[[[128.19512,35.44098],[128.19427,35.43714],[128.19846,35.43504],[128.20349,35.43677],[128.20433,35.4406],[128.20015,35.44271],[128.19512,35.44098]]]}},{"type":"Feature","properties":{"h3":"8830c1d923fffff","emd_code":"4872041500","emd_name":"궁류면","area_km2":0.5387,"edge":false,"slope_mean":28.06,"elev_mean":414.6,"flood_hist_n":0,"flood_depth_max_m":null,"flood_risk_100y":null,"semi_basement_r":null,"elderly_alone_r":0.4923,"bldg_age30_r":null,"shelter_min_walk":206,"pop":1006,"hh":717,"elderly65_r":0.6829,"single_hh_r":0.6681,"source_level":"emd","flood_years":[],"landslide_hist_n":0},"geometry":{"type":"Polygon","coordinates":[[[128.20433,35.4406],[128.20349,35.43677],[128.20767,35.43466],[128.2127,35.43639],[128.21355,35.44023],[128.20936,35.44233],[128.20433,35.4406]]]}},{"type":"Feature","properties":{"h3":"8830c1d927fffff","emd_code":"4872041500","emd_name":"궁류면","area_km2":0.5388,"edge":false,"slope_mean":29.43,"elev_mean":488.7,"flood_hist_n":0,"flood_depth_max_m":null,"flood_risk_100y":null,"semi_basement_r":null,"elderly_alone_r":0.4923,"bldg_age30_r":null,"shelter_min_walk":201,"pop":1006,"hh":717,"elderly65_r":0.6829,"single_hh_r":0.6681,"source_level":"emd","flood_years":[],"landslide_hist_n":0},"geometry":{"type":"Polygon","coordinates":[[[128.19846,35.43504],[128.19761,35.4312],[128.2018,35.42909],[128.20683,35.43082],[128.20767,35.43466],[128.20349,35.43677],[128.19846,35.43504]]]}},{"type":"Feature","properties":{"h3":"8830c1d92bfffff","emd_code":"4872041500","emd_name":"궁류면","area_km2":0.5386,"edge":false,"slope_mean":22.92,"elev_mean":335.5,"flood_hist_n":0,"flood_depth_max_m":null,"flood_risk_100y":null,"semi_basement_r":null,"elderly_alone_r":0.4923,"bldg_age30_r":null,"shelter_min_walk":204,"pop":1006,"hh":717,"elderly65_r":0.6829,"single_hh_r":0.6681,"source_level":"emd","flood_years":[],"landslide_hist_n":0},"geometry":{"type":"Polygon","coordinates":[[[128.20099,35.44655],[128.20015,35.44271],[128.20433,35.4406],[128.20936,35.44233],[128.2102,35.44617],[128.20602,35.44828],[128.20099,35.44655]]]}},{"type":"Feature","properties":{"h3":"8830c1d931fffff","emd_code":"4872041500","emd_name":"궁류면","area_km2":0.5387,"edge":false,"slope_mean":26.35,"elev_mean":311.8,"flood_hist_n":0,"flood_depth_max_m":null,"flood_risk_100y":null,"semi_basement_r":null,"elderly_alone_r":0.4923,"bldg_age30_r":null,"shelter_min_walk":209,"pop":1006,"hh":717,"elderly65_r":0.6829,"single_hh_r":0.6681,"source_level":"emd","flood_years":[],"landslide_hist_n":0},"geometry":{"type":"Polygon","coordinates":[[[128.21942,35.44579],[128.21858,35.44196],[128.22276,35.43985],[128.22779,35.44158],[128.22864,35.44541],[128.22445,35.44752],[128.21942,35.44579]]]}},{"type":"Feature","properties":{"h3":"8830c1d933fffff","emd_code":"4872041500","emd_name":"궁류면","area_km2":0.5388,"edge":false,"slope_mean":24.55,"elev_mean":288.1,"flood_hist_n":0,"flood_depth_max_m":null,"flood_risk_100y":null,"semi_basement_r":null,"elderly_alone_r":0.4923,"bldg_age30_r":null,"shelter_min_walk":205,"pop":1006,"hh":717,"elderly65_r":0.6829,"single_hh_r":0.6681,"source_level":"emd","flood_years":[],"landslide_hist_n":0},"geometry":{"type":"Polygon","coordinates":[[[128.22864,35.44541],[128.22779,35.44158],[128.23198,35.43947],[128.23701,35.4412],[128.23785,35.44504],[128.23367,35.44714],[128.22864,35.44541]]]}},{"type":"Feature","properties":{"h3":"8830c1d935fffff","emd_code":"4872041500","emd_name":"궁류면","area_km2":0.5388,"edge":false,"slope_mean":27.86,"elev_mean":280.6,"flood_hist_n":0,"flood_depth_max_m":null,"flood_risk_100y":null,"semi_basement_r":null,"elderly_alone_r":0.4923,"bldg_age30_r":null,"shelter_min_walk":202,"pop":1006,"hh":717,"elderly65_r":0.6829,"single_hh_r":0.6681,"source_level":"emd","flood_years":[],"landslide_hist_n":0},"geometry":{"type":"Polygon","coordinates":[[[128.21355,35.44023],[128.2127,35.43639],[128.21689,35.43428],[128.22192,35.43601],[128.22276,35.43985],[128.21858,35.44196],[128.21355,35.44023]]]}},{"type":"Feature","properties":{"h3":"8830c1d937fffff","emd_code":"4872041500","emd_name":"궁류면","area_km2":0.5388,"edge":false,"slope_mean":20.72,"elev_mean":186.1,"flood_hist_n":0,"flood_depth_max_m":null,"flood_risk_100y":null,"semi_basement_r":null,"elderly_alone_r":0.4923,"bldg_age30_r":null,"shelter_min_walk":198,"pop":1006,"hh":717,"elderly65_r":0.6829,"single_hh_r":0.6681,"source_level":"emd","flood_years":[],"landslide_hist_n":0},"geometry":{"type":"Polygon","coordinates":[[[128.22276,35.43985],[128.22192,35.43601],[128.2261,35.4339],[128.23114,35.43563],[128.23198,35.43947],[128.22779,35.44158],[128.22276,35.43985]]]}},{"type":"Feature","properties":{"h3":"8830c1d939fffff","emd_code":"4872041500","emd_name":"궁류면","area_km2":0.5386,"edge":false,"slope_mean":27.31,"elev_mean":465.6,"flood_hist_n":0,"flood_depth_max_m":null,"flood_risk_100y":null,"semi_basement_r":null,"elderly_alone_r":0.4923,"bldg_age30_r":null,"shelter_min_walk":201,"pop":1006,"hh":717,"elderly65_r":0.6829,"single_hh_r":0.6681,"source_level":"emd","flood_years":[],"landslide_hist_n":0},"geometry":{"type":"Polygon","coordinates":[[[128.21608,35.45173],[128.21523,35.4479],[128.21942,35.44579],[128.22445,35.44752],[128.22529,35.45136],[128.22111,35.45346],[128.21608,35.45173]]]}},{"type":"Feature","properties":{"h3":"8830c1d93bfffff","emd_code":"4872041500","emd_name":"궁류면","area_km2":0.5386,"edge":false,"slope_mean":25.51,"elev_mean":406.2,"flood_hist_n":0,"flood_depth_max_m":null,"flood_risk_100y":null,"semi_basement_r":null,"elderly_alone_r":0.4923,"bldg_age30_r":null,"shelter_min_walk":207,"pop":1006,"hh":717,"elderly65_r":0.6829,"single_hh_r":0.6681,"source_level":"emd","flood_years":[],"landslide_hist_n":0},"geometry":{"type":"Polygon","coordinates":[[[128.22529,35.45136],[128.22445,35.44752],[128.22864,35.44541],[128.23367,35.44714],[128.23451,35.45098],[128.23033,35.45309],[128.22529,35.45136]]]}},{"type":"Feature","properties":{"h3":"8830c1d93dfffff","emd_code":"4872041500","emd_name":"궁류면","area_km2":0.5387,"edge":false,"slope_mean":25.74,"elev_mean":281.4,"flood_hist_n":0,"flood_depth_max_m":null,"flood_risk_100y":null,"semi_basement_r":null,"elderly_alone_r":0.4923,"bldg_age30_r":null,"shelter_min_walk":208,"pop":1006,"hh":717,"elderly65_r":0.6829,"single_hh_r":0.6681,"source_level":"emd","flood_years":[],"landslide_hist_n":0},"geometry":{"type":"Polygon","coordinates":[[[128.2102,35.44617],[128.20936,35.44233],[128.21355,35.44023],[128.21858,35.44196],[128.21942,35.44579],[128.21523,35.4479],[128.2102,35.44617]]]}},{"type":"Feature","properties":{"h3":"8830c1d94bfffff","emd_code":"4872040000","emd_name":"봉수면","area_km2":0.5381,"edge":true,"slope_mean":19.84,"elev_mean":255.1,"flood_hist_n":0,"flood_depth_max_m":null,"flood_risk_100y":null,"semi_basement_r":null,"elderly_alone_r":0.4016,"bldg_age30_r":null,"shelter_min_walk":154,"pop":934,"hh":640,"elderly65_r":0.5749,"single_hh_r":0.6609,"source_level":"emd","flood_years":[],"landslide_hist_n":0},"geometry":{"type":"Polygon","coordinates":[[[128.19349,35.47587],[128.19265,35.47204],[128.19684,35.46993],[128.20187,35.47166],[128.20271,35.4755],[128.19852,35.4776],[128.19349,35.47587]]]}},{"type":"Feature","properties":{"h3":"8830c1d951fffff","emd_code":"4872040000","emd_name":"봉수면","area_km2":0.5382,"edge":false,"slope_mean":22.27,"elev_mean":215.7,"flood_hist_n":0,"flood_depth_max_m":null,"flood_risk_100y":null,"semi_basement_r":null,"elderly_alone_r":0.4016,"bldg_age30_r":null,"shelter_min_walk":163,"pop":934,"hh":640,"elderly65_r":0.5749,"single_hh_r":0.6609,"source_level":"emd","flood_years":[],"landslide_hist_n":0},"geometry":{"type":"Polygon","coordinates":[[[128.21193,35.47512],[128.21108,35.47129],[128.21527,35.46918],[128.2203,35.47091],[128.22114,35.47474],[128.21696,35.47685],[128.21193,35.47512]]]}},{"type":"Feature","properties":{"h3":"8830c1d953fffff","emd_code":"4872040000","emd_name":"봉수면","area_km2":0.5382,"edge":false,"slope_mean":23.69,"elev_mean":231.3,"flood_hist_n":0,"flood_depth_max_m":null,"flood_risk_100y":null,"semi_basement_r":null,"elderly_alone_r":0.4016,"bldg_age30_r":null,"shelter_min_walk":169,"pop":934,"hh":640,"elderly65_r":0.5749,"single_hh_r":0.6609,"source_level":"emd","flood_years":[],"landslide_hist_n":0},"geometry":{"type":"Polygon","coordinates":[[[128.22114,35.47474],[128.2203,35.47091],[128.22448,35.4688],[128.22952,35.47053],[128.23036,35.47437],[128.22617,35.47647],[128.22114,35.47474]]]}},{"type":"Feature","properties":{"h3":"8830c1d955fffff","emd_code":"4872040000","emd_name":"봉수면","area_km2":0.5382,"edge":false,"slope_mean":26.56,"elev_mean":311.5,"flood_hist_n":0,"flood_depth_max_m":null,"flood_risk_100y":null,"semi_basement_r":null,"elderly_alone_r":0.4016,"bldg_age30_r":null,"shelter_min_walk":169,"pop":934,"hh":640,"elderly65_r":0.5749,"single_hh_r":0.6609,"source_level":"emd","flood_years":[],"landslide_hist_n":0},"geometry":{"type":"Polygon","coordinates":[[[128.20605,35.46956],[128.20521,35.46572],[128.20939,35.46362],[128.21442,35.46535],[128.21527,35.46918],[128.21108,35.47129],[128.20605,35.46956]]]}},{"type":"Feature","properties":{"h3":"8830c1d957fffff","emd_code":"4872040000","emd_name":"봉수면","area_km2":0.5383,"edge":false,"slope_mean":29.87,"elev_mean":354.1,"flood_hist_n":0,"flood_depth_max_m":null,"flood_risk_100y":null,"semi_basement_r":null,"elderly_alone_r":0.4016,"bldg_age30_r":null,"shelter_min_walk":174,"pop":934,"hh":640,"elderly65_r":0.5749,"single_hh_r":0.6609,"source_level":"emd","flood_years":[],"landslide_hist_n":0},"geometry":{"type":"Polygon","coordinates":[[[128.21527,35.46918],[128.21442,35.46535],[128.21861,35.46324],[128.22364,35.46497],[128.22448,35.4688],[128.2203,35.47091],[128.21527,35.46918]]]}},{"type":"Feature","properties":{"h3":"8830c1d959fffff","emd_code":"4872040000","emd_name":"봉수면","area_km2":0.5381,"edge":false,"slope_mean":22.41,"elev_mean":257.4,"flood_hist_n":0,"flood_depth_max_m":null,"flood_risk_100y":null,"semi_basement_r":null,"elderly_alone_r":0.4016,"bldg_age30_r":null,"shelter_min_walk":152,"pop":934,"hh":640,"elderly65_r":0.5749,"single_hh_r":0.6609,"source_level":"emd","flood_years":[],"landslide_hist_n":0},"geometry":{"type":"Polygon","coordinates":[[[128.20858,35.48106],[128.20774,35.47722],[128.21193,35.47512],[128.21696,35.47685],[128.2178,35.48068],[128.21361,35.48279],[128.20858,35.48106]]]}},{"type":"Feature","properties":{"h3":"8830c1d95bfffff","emd_code":"4872040000","emd_name":"봉수면","area_km2":0.5381,"edge":false,"slope_mean":21.13,"elev_mean":212.9,"flood_hist_n":0,"flood_depth_max_m":null,"flood_risk_100y":null,"semi_basement_r":null,"elderly_alone_r":0.4016,"bldg_age30_r":null,"shelter_min_walk":158,"pop":934,"hh":640,"elderly65_r":0.5749,"single_hh_r":0.6609,"source_level":"emd","flood_years":[],"landslide_hist_n":0},"geometry":{"type":"Polygon","coordinates":[[[128.2178,35.48068],[128.21696,35.47685],[128.22114,35.47474],[128.22617,35.47647],[128.22702,35.48031],[128.22283,35.48241],[128.2178,35.48068]]]}},{"type":"Feature","properties":{"h3":"8830c1d95dfffff","emd_code":"4872040000","emd_name":"봉수면","area_km2":0.5381,"edge":false,"slope_mean":20.96,"elev_mean":259.8,"flood_hist_n":0,"flood_depth_max_m":null,"flood_risk_100y":null,"semi_basement_r":null,"elderly_alone_r":0.4016,"bldg_age30_r":null,"shelter_min_walk":158,"pop":934,"hh":640,"elderly65_r":0.5749,"single_hh_r":0.6609,"source_level":"emd","flood_years":[],"landslide_hist_n":0},"geometry":{"type":"Polygon","coordinates":[[[128.20271,35.4755],[128.20187,35.47166],[128.20605,35.46956],[128.21108,35.47129],[128.21193,35.47512],[128.20774,35.47722],[128.20271,35.4755]]]}},{"type":"Feature","properties":{"h3":"8830c1d981fffff","emd_code":"4872042000","emd_name":"유곡면","area_km2":0.5388,"edge":false,"slope_mean":24.72,"elev_mean":287.2,"flood_hist_n":0,"flood_depth_max_m":null,"flood_risk_100y":null,"semi_basement_r":null,"elderly_alone_r":0.4383,"bldg_age30_r":null,"shelter_min_walk":197,"pop":1075,"hh":737,"elderly65_r":0.6037,"single_hh_r":0.6472,"source_level":"emd","flood_years":[],"landslide_hist_n":0},"geometry":{"type":"Polygon","coordinates":[[[128.26804,35.4554],[128.2672,35.45157],[128.27138,35.44946],[128.27642,35.45119],[128.27726,35.45502],[128.27307,35.45713],[128.26804,35.4554]]]}},{"type":"Feature","properties":{"h3":"8830c1d983fffff","emd_code":"4872042000","emd_name":"유곡면","area_km2":0.5388,"edge":false,"slope_mean":24.8,"elev_mean":235.6,"flood_hist_n":0,"flood_depth_max_m":null,"flood_risk_100y":null,"semi_basement_r":null,"elderly_alone_r":0.4383,"bldg_age30_r":null,"shelter_min_walk":186,"pop":1075,"hh":737,"elderly65_r":0.6037,"single_hh_r":0.6472,"source_level":"emd","flood_years":[],"landslide_hist_n":0},"geometry":{"type":"Polygon","coordinates":[[[128.27726,35.45502],[128.27642,35.45119],[128.2806,35.44908],[128.28564,35.45081],[128.28648,35.45464],[128.28229,35.45675],[128.27726,35.45502]]]}},{"type":"Feature","properties":{"h3":"8830c1d985fffff","emd_code":"4872041500","emd_name":"궁류면","area_km2":0.5388,"edge":false,"slope_mean":20.65,"elev_mean":174.0,"flood_hist_n":0,"flood_depth_max_m":null,"flood_risk_100y":null,"semi_basement_r":null,"elderly_alone_r":0.4923,"bldg_age30_r":null,"shelter_min_walk":198,"pop":1006,"hh":717,"elderly65_r":0.6829,"single_hh_r":0.6681,"source_level":"emd","flood_years":[],"landslide_hist_n":0},"geometry":{"type":"Polygon","coordinates":[[[128.26217,35.44984],[128.26132,35.44601],[128.26551,35.4439],[128.27054,35.44562],[128.27138,35.44946],[128.2672,35.45157],[128.26217,35.44984]]]}},{"type":"Feature","properties":{"h3":"8830c1d987fffff","emd_code":"4872042000","emd_name":"유곡면","area_km2":0.5389,"edge":false,"slope_mean":23.22,"elev_mean":215.9,"flood_hist_n":0,"flood_depth_max_m":null,"flood_risk_100y":null,"semi_basement_r":null,"elderly_alone_r":0.4383,"bldg_age30_r":null,"shelter_min_walk":187,"pop":1075,"hh":737,"elderly65_r":0.6037,"single_hh_r":0.6472,"source_level":"emd","flood_years":[],"landslide_hist_n":0},"geometry":{"type":"Polygon","coordinates":[[[128.27138,35.44946],[128.27054,35.44562],[128.27473,35.44352],[128.27976,35.44524],[128.2806,35.44908],[128.27642,35.45119],[128.27138,35.44946]]]}},{"type":"Feature","properties":{"h3":"8830c1d989fffff","emd_code":"4872041500","emd_name":"궁류면","area_km2":0.5387,"edge":false,"slope_mean":24.17,"elev_mean":275.5,"flood_hist_n":0,"flood_depth_max_m":null,"flood_risk_100y":null,"semi_basement_r":null,"elderly_alone_r":0.4923,"bldg_age30_r":null,"shelter_min_walk":206,"pop":1006,"hh":717,"elderly65_r":0.6829,"single_hh_r":0.6681,"source_level":"emd","flood_years":[],"landslide_hist_n":0},"geometry":{"type":"Polygon","coordinates":[[[128.2647,35.46135],[128.26385,35.45751],[128.26804,35.4554],[128.27307,35.45713],[128.27392,35.46097],[128.26973,35.46308],[128.2647,35.46135]]]}},{"type":"Feature","properties":{"h3":"8830c1d98bfffff","emd_code":"4872040000","emd_name":"봉수면","area_km2":0.5387,"edge":false,"slope_mean":26.26,"elev_mean":266.0,"flood_hist_n":0,"flood_depth_max_m":null,"flood_risk_100y":null,"semi_basement_r":null,"elderly_alone_r":0.4016,"bldg_age30_r":null,"shelter_min_walk":196,"pop":934,"hh":640,"elderly65_r":0.5749,"single_hh_r":0.6609,"source_level":"emd","flood_years":[],"landslide_hist_n":0},"geometry":{"type":"Polygon","coordinates":[[[128.27392,35.46097],[128.27307,35.45713],[128.27726,35.45502],[128.28229,35.45675],[128.28314,35.46059],[128.27895,35.46269],[128.27392,35.46097]]]}},{"type":"Feature","properties":{"h3":"8830c1d98dfffff","emd_code":"4872041500","emd_name":"궁류면","area_km2":0.5387,"edge":false,"slope_mean":21.87,"elev_mean":214.6,"flood_hist_n":0,"flood_depth_max_m":null,"flood_risk_100y":null,"semi_basement_r":null,"elderly_alone_r":0.4923,"bldg_age30_r":null,"shelter_min_walk":207,"pop":1006,"hh":717,"elderly65_r":0.6829,"single_hh_r":0.6681,"source_level":"emd","flood_years":[],"landslide_hist_n":0},"geometry":{"type":"Polygon","coordinates":[[[128.25882,35.45579],[128.25798,35.45195],[128.26217,35.44984],[128.2672,35.45157],[128.26804,35.4554],[128.26385,35.45751],[128.25882,35.45579]]]}},{"type":"Feature","properties":{"h3":"8830c1d991fffff","emd_code":"4872040000","emd_name":"봉수면","area_km2":0.5388,"edge":false,"slope_mean":28.0,"elev_mean":207.2,"flood_hist_n":0,"flood_depth_max_m":null,"flood_risk_100y":null,"semi_basement_r":null,"elderly_alone_r":0.4016,"bldg_age30_r":null,"shelter_min_walk":177,"pop":934,"hh":640,"elderly65_r":0.5749,"single_hh_r":0.6609,"source_level":"emd","flood_years":[],"landslide_hist_n":0},"geometry":{"type":"Polygon","coordinates":[[[128.29236,35.4602],[128.29151,35.45637],[128.2957,35.45426],[128.30073,35.45599],[128.30158,35.45982],[128.29739,35.46193],[128.29236,35.4602]]]}},{"type":"Feature","properties":{"h3":"8830c1d993fffff","emd_code":"4872040000","emd_name":"봉수면","area_km2":0.5389,"edge":false,"slope_mean":20.68,"elev_mean":102.2,"flood_hist_n":0,"flood_depth_max_m":null,"flood_risk_100y":null,"semi_basement_r":null,"elderly_alone_r":0.4016,"bldg_age30_r":null,"shelter_min_walk":168,"pop":934,"hh":640,"elderly65_r":0.5749,"single_hh_r":0.6609,"source_level":"emd","flood_years":[],"landslide_hist_n":0},"geometry":{"type":"Polygon","coordinates":[[[128.30158,35.45982],[128.30073,35.45599],[128.30492,35.45388],[128.30995,35.4556],[128.3108,35.45944],[128.30661,35.46155],[128.30158,35.45982]]]}},{"type":"Feature","properties":{"h3":"8830c1d995fffff","emd_code":"4872042000","emd_name":"유곡면","area_km2":0.5389,"edge":false,"slope_mean":26.48,"elev_mean":213.8,"flood_hist_n":0,"flood_depth_max_m":null,"flood_risk_100y":null,"semi_basement_r":null,"elderly_alone_r":0.4383,"bldg_age30_r":null,"shelter_min_walk":177,"pop":1075,"hh":737,"elderly65_r":0.6037,"single_hh_r":0.6472,"source_level":"emd","flood_years":[],"landslide_hist_n":0},"geometry":{"type":"Polygon","coordinates":[[[128.28648,35.45464],[128.28564,35.45081],[128.28982,35.4487],[128.29486,35.45042],[128.2957,35.45426],[128.29151,35.45637],[128.28648,35.45464]]]}},{"type":"Feature","properties":{"h3":"8830c1d997fffff","emd_code":"4872040000","emd_name":"봉수면","area_km2":0.5389,"edge":false,"slope_mean":26.4,"elev_mean":217.7,"flood_hist_n":0,"flood_depth_max_m":null,"flood_risk_100y":null,"semi_basement_r":null,"elderly_alone_r":0.4016,"bldg_age30_r":null,"shelter_min_walk":167,"pop":934,"hh":640,"elderly65_r":0.5749,"single_hh_r":0.6609,"source_level":"emd","flood_years":[],"landslide_hist_n":0},"geometry":{"type":"Polygon","coordinates":[[[128.2957,35.45426],[128.29486,35.45042],[128.29904,35.44831],[128.30408,35.45004],[128.30492,35.45388],[128.30073,35.45599],[128.2957,35.45426]]]}},{"type":"Feature","properties":{"h3":"8830c1d999fffff","emd_code":"4872040000","emd_name":"봉수면","area_km2":0.5387,"edge":false,"slope_mean":19.31,"elev_mean":101.1,"flood_hist_n":0,"flood_depth_max_m":null,"flood_risk_100y":null,"semi_basement_r":null,"elderly_alone_r":0.4016,"bldg_age30_r":null,"shelter_min_walk":187,"pop":934,"hh":640,"elderly65_r":0.5749,"single_hh_r":0.6609,"source_level":"emd","flood_years":[],"landslide_hist_n":0},"geometry":{"type":"Polygon","coordinates":[[[128.28901,35.46615],[128.28817,35.46231],[128.29236,35.4602],[128.29739,35.46193],[128.29823,35.46577],[128.29405,35.46787],[128.28901,35.46615]]]}},{"type":"Feature","properties":{"h3":"8830c1d99bfffff","emd_code":"4872040000","emd_name":"봉수면","area_km2":0.5387,"edge":false,"slope_mean":12.78,"elev_mean":58.5,"flood_hist_n":0,"flood_depth_max_m":null,"flood_risk_100y":null,"semi_basement_r":null,"elderly_alone_r":0.4016,"bldg_age30_r":null,"shelter_min_walk":178,"pop":934,"hh":640,"elderly65_r":0.5749,"single_hh_r":0.6609,"source_level":"emd","flood_years":[],"landslide_hist_n":0},"geometry":{"type":"Polygon","coordinates":[[[128.29823,35.46577],[128.29739,35.46193],[128.30158,35.45982],[128.30661,35.46155],[128.30746,35.46538],[128.30327,35.46749],[128.29823,35.46577]]]}},{"type":"Feature","properties":{"h3":"8830c1d99dfffff","emd_code":"4872042000","emd_name":"유곡면","area_km2":0.5388,"edge":false,"slope_mean":28.05,"elev_mean":246.2,"flood_hist_n":0,"flood_depth_max_m":null,"flood_risk_100y":null,"semi_basement_r":null,"elderly_alone_r":0.4383,"bldg_age30_r":null,"shelter_min_walk":186,"pop":1075,"hh":737,"elderly65_r":0.6037,"single_hh_r":0.6472,"source_level":"emd","flood_years":[],"landslide_hist_n":0},"geometry":{"type":"Polygon","coordinates":[[[128.28314,35.46059],[128.28229,35.45675],[128.28648,35.45464],[128.29151,35.45637],[128.29236,35.4602],[128.28817,35.46231],[128.28314,35.46059]]]}},{"type":"Feature","properties":{"h3":"8830c1d9a1fffff","emd_code":"4872041500","emd_name":"궁류면","area_km2":0.539,"edge":false,"slope_mean":17.77,"elev_mean":139.0,"flood_hist_n":0,"flood_depth_max_m":null,"flood_risk_100y":null,"semi_basement_r":null,"elderly_alone_r":0.4923,"bldg_age30_r":null,"shelter_min_walk":190,"pop":1006,"hh":717,"elderly65_r":0.6829,"single_hh_r":0.6681,"source_level":"emd","flood_years":[],"landslide_hist_n":0},"geometry":{"type":"Polygon","coordinates":[[[128.25963,35.43833],[128.25879,35.43449],[128.26297,35.43239],[128.26801,35.43411],[128.26885,35.43795],[128.26466,35.44006],[128.25963,35.43833]]]}},{"type":"Feature","properties":{"h3":"8830c1d9a3fffff","emd_code":"4872041500","emd_name":"궁류면","area_km2":0.5391,"edge":false,"slope_mean":16.63,"elev_mean":140.1,"flood_hist_n":0,"flood_depth_max_m":null,"flood_risk_100y":null,"semi_basement_r":null,"elderly_alone_r":0.4923,"bldg_age30_r":null,"shelter_min_walk":180,"pop":1006,"hh":717,"elderly65_r":0.6829,"single_hh_r":0.6681,"source_level":"emd","flood_years":[],"landslide_hist_n":0},"geometry":{"type":"Polygon","coordinates":[[[128.26885,35.43795],[128.26801,35.43411],[128.27219,35.432],[128.27722,35.43373],[128.27807,35.43757],[128.27388,35.43968],[128.26885,35.43795]]]}},{"type":"Feature","properties":{"h3":"8830c1d9a5fffff","emd_code":"4872041500","emd_name":"궁류면","area_km2":0.5391,"edge":false,"slope_mean":22.23,"elev_mean":188.7,"flood_hist_n":0,"flood_depth_max_m":null,"flood_risk_100y":null,"semi_basement_r":null,"elderly_alone_r":0.4923,"bldg_age30_r":null,"shelter_min_walk":181,"pop":1006,"hh":717,"elderly65_r":0.6829,"single_hh_r":0.6681,"source_level":"emd","flood_years":[],"landslide_hist_n":0},"geometry":{"type":"Polygon","coordinates":[[[128.25376,35.43277],[128.25291,35.42893],[128.2571,35.42682],[128.26213,35.42855],[128.26297,35.43239],[128.25879,35.43449],[128.25376,35.43277]]]}},{"type":"Feature","properties":{"h3":"8830c1d9a7fffff","emd_code":"4872041500","emd_name":"궁류면","area_km2":0.5391,"edge":false,"slope_mean":15.18,"elev_mean":139.4,"flood_hist_n":0,"flood_depth_max_m":null,"flood_risk_100y":null,"semi_basement_r":null,"elderly_alone_r":0.4923,"bldg_age30_r":null,"shelter_min_walk":180,"pop":1006,"hh":717,"elderly65_r":0.6829,"single_hh_r":0.6681,"source_level":"emd","flood_years":[],"landslide_hist_n":0},"geometry":{"type":"Polygon","coordinates":[[[128.26297,35.43239],[128.26213,35.42855],[128.26632,35.42644],[128.27135,35.42817],[128.27219,35.432],[128.26801,35.43411],[128.26297,35.43239]]]}},{"type":"Feature","properties":{"h3":"8830c1d9a9fffff","emd_code":"4872041500","emd_name":"궁류면","area_km2":0.5389,"edge":false,"slope_mean":23.7,"elev_mean":203.0,"flood_hist_n":0,"flood_depth_max_m":null,"flood_risk_100y":null,"semi_basement_r":null,"elderly_alone_r":0.4923,"bldg_age30_r":null,"shelter_min_walk":200,"pop":1006,"hh":717,"elderly65_r":0.6829,"single_hh_r":0.6681,"source_level":"emd","flood_years":[],"landslide_hist_n":0},"geometry":{"type":"Polygon","coordinates":[[[128.25629,35.44428],[128.25544,35.44044],[128.25963,35.43833],[128.26466,35.44006],[128.26551,35.4439],[128.26132,35.44601],[128.25629,35.44428]]]}},{"type":"Feature","properties":{"h3":"8830c1d9abfffff","emd_code":"4872041500","emd_name":"궁류면","area_km2":0.539,"edge":false,"slope_mean":20.52,"elev_mean":173.4,"flood_hist_n":0,"flood_depth_max_m":null,"flood_risk_100y":null,"semi_basement_r":null,"elderly_alone_r":0.4923,"bldg_age30_r":null,"shelter_min_walk":189,"pop":1006,"hh":717,"elderly65_r":0.6829,"single_hh_r":0.6681,"source_level":"emd","flood_years":[],"landslide_hist_n":0},"geometry":{"type":"Polygon","coordinates":[[[128.26551,35.4439],[128.26466,35.44006],[128.26885,35.43795],[128.27388,35.43968],[128.27473,35.44352],[128.27054,35.44562],[128.26551,35.4439]]]}},{"type":"Feature","properties":{"h3":"8830c1d9adfffff","emd_code":"4872041500","emd_name":"궁류면","area_km2":0.539,"edge":false,"slope_mean":17.58,"elev_mean":152.2,"flood_hist_n":0,"flood_depth_max_m":null,"flood_risk_100y":null,"semi_basement_r":null,"elderly_alone_r":0.4923,"bldg_age30_r":null,"shelter_min_walk":191,"pop":1006,"hh":717,"elderly65_r":0.6829,"single_hh_r":0.6681,"source_level":"emd","flood_years":[],"landslide_hist_n":0},"geometry":{"type":"Polygon","coordinates":[[[128.25041,35.43871],[128.24957,35.43487],[128.25376,35.43277],[128.25879,35.43449],[128.25963,35.43833],[128.25544,35.44044],[128.25041,35.43871]]]}},{"type":"Feature","properties":{"h3":"8830c1d9b1fffff","emd_code":"4872042000","emd_name":"유곡면","area_km2":0.5391,"edge":false,"slope_mean":23.32,"elev_mean":159.9,"flood_hist_n":0,"flood_depth_max_m":null,"flood_risk_100y":null,"semi_basement_r":null,"elderly_alone_r":0.4383,"bldg_age30_r":null,"shelter_min_walk":167,"pop":1075,"hh":737,"elderly65_r":0.6037,"single_hh_r":0.6472,"source_level":"emd","flood_years":[],"landslide_hist_n":0},"geometry":{"type":"Polygon","coordinates":[[[128.28395,35.44313],[128.2831,35.4393],[128.28729,35.43719],[128.29232,35.43891],[128.29317,35.44275],[128.28898,35.44486],[128.28395,35.44313]]]}},{"type":"Feature","properties":{"h3":"8830c1d9b3fffff","emd_code":"4872042000","emd_name":"유곡면","area_km2":0.5391,"edge":false,"slope_mean":21.12,"elev_mean":120.4,"flood_hist_n":0,"flood_depth_max_m":null,"flood_risk_100y":null,"semi_basement_r":null,"elderly_alone_r":0.4383,"bldg_age30_r":null,"shelter_min_walk":157,"pop":1075,"hh":737,"elderly65_r":0.6037,"single_hh_r":0.6472,"source_level":"emd","flood_years":[],"landslide_hist_n":0},"geometry":{"type":"Polygon","coordinates":[[[128.29317,35.44275],[128.29232,35.43891],[128.29651,35.4368],[128.30154,35.43853],[128.30239,35.44237],[128.2982,35.44448],[128.29317,35.44275]]]}},{"type":"Feature","properties":{"h3":"8830c1d9b5fffff","emd_code":"4872042000","emd_name":"유곡면","area_km2":0.5391,"edge":false,"slope_mean":25.84,"elev_mean":221.1,"flood_hist_n":0,"flood_depth_max_m":null,"flood_risk_100y":null,"semi_basement_r":null,"elderly_alone_r":0.4383,"bldg_age30_r":null,"shelter_min_walk":169,"pop":1075,"hh":737,"elderly65_r":0.6037,"single_hh_r":0.6472,"source_level":"emd","flood_years":[],"landslide_hist_n":0},"geometry":{"type":"Polygon","coordinates":[[[128.27807,35.43757],[128.27722,35.43373],[128.28141,35.43162],[128.28644,35.43335],[128.28729,35.43719],[128.2831,35.4393],[128.27807,35.43757]]]}},{"type":"Feature","properties":{"h3":"8830c1d9b7fffff","emd_code":"4872042000","emd_name":"유곡면","area_km2":0.5392,"edge":false,"slope_mean":24.93,"elev_mean":215.0,"flood_hist_n":0,"flood_depth_max_m":null,"flood_risk_100y":null,"semi_basement_r":null,"elderly_alone_r":0.4383,"bldg_age30_r":null,"shelter_min_walk":158,"pop":1075,"hh":737,"elderly65_r":0.6037,"single_hh_r":0.6472,"source_level":"emd","flood_years":[],"landslide_hist_n":0},"geometry":{"type":"Polygon","coordinates":[[[128.28729,35.43719],[128.28644,35.43335],[128.29063,35.43124],[128.29566,35.43297],[128.29651,35.4368],[128.29232,35.43891],[128.28729,35.43719]]]}},{"type":"Feature","properties":{"h3":"8830c1d9b9fffff","emd_code":"4872042000","emd_name":"유곡면","area_km2":0.5389,"edge":false,"slope_mean":24.45,"elev_mean":183.3,"flood_hist_n":0,"flood_depth_max_m":null,"flood_risk_100y":null,"semi_basement_r":null,"elderly_alone_r":0.4383,"bldg_age30_r":null,"shelter_min_walk":177,"pop":1075,"hh":737,"elderly65_r":0.6037,"single_hh_r":0.6472,"source_level":"emd","flood_years":[],"landslide_hist_n":0},"geometry":{"type":"Polygon","coordinates":[[[128.2806,35.44908],[128.27976,35.44524],[128.28395,35.44313],[128.28898,35.44486],[128.28982,35.4487],[128.28564,35.45081],[128.2806,35.44908]]]}},{"type":"Feature","properties":{"h3":"8830c1d9bbfffff","emd_code":"4872042000","emd_name":"유곡면","area_km2":0.539,"edge":false,"slope_mean":23.8,"elev_mean":142.4,"flood_hist_n":0,"flood_depth_max_m":null,"flood_risk_100y":null,"semi_basement_r":null,"elderly_alone_r":0.4383,"bldg_age30_r":null,"shelter_min_walk":167,"pop":1075,"hh":737,"elderly65_r":0.6037,"single_hh_r":0.6472,"source_level":"emd","flood_years":[],"landslide_hist_n":0},"geometry":{"type":"Polygon","coordinates":[[[128.28982,35.4487],[128.28898,35.44486],[128.29317,35.44275],[128.2982,35.44448],[128.29904,35.44831],[128.29486,35.45042],[128.28982,35.4487]]]}},{"type":"Feature","properties":{"h3":"8830c1d9bdfffff","emd_code":"4872042000","emd_name":"유곡면","area_km2":0.539,"edge":false,"slope_mean":24.49,"elev_mean":240.4,"flood_hist_n":0,"flood_depth_max_m":null,"flood_risk_100y":null,"semi_basement_r":null,"elderly_alone_r":0.4383,"bldg_age30_r":null,"shelter_min_walk":178,"pop":1075,"hh":737,"elderly65_r":0.6037,"single_hh_r":0.6472,"source_level":"emd","flood_years":[],"landslide_hist_n":0},"geometry":{"type":"Polygon","coordinates":[[[128.27473,35.44352],[128.27388,35.43968],[128.27807,35.43757],[128.2831,35.4393],[128.28395,35.44313],[128.27976,35.44524],[128.27473,35.44352]]]}},{"type":"Feature","properties":{"h3":"8830c1d9c1fffff","emd_code":"4872041500","emd_name":"궁류면","area_km2":0.5385,"edge":false,"slope_mean":20.48,"elev_mean":219.3,"flood_hist_n":0,"flood_depth_max_m":null,"flood_risk_100y":null,"semi_basement_r":null,"elderly_alone_r":0.4923,"bldg_age30_r":null,"shelter_min_walk":201,"pop":1006,"hh":717,"elderly65_r":0.6829,"single_hh_r":0.6681,"source_level":"emd","flood_years":[],"landslide_hist_n":0},"geometry":{"type":"Polygon","coordinates":[[[128.25214,35.46767],[128.25129,35.46384],[128.25548,35.46173],[128.26051,35.46346],[128.26136,35.46729],[128.25717,35.4694],[128.25214,35.46767]]]}},{"type":"Feature","properties":{"h3":"8830c1d9c3fffff","emd_code":"4872040000","emd_name":"봉수면","area_km2":0.5385,"edge":false,"slope_mean":24.64,"elev_mean":243.6,"flood_hist_n":0,"flood_depth_max_m":null,"flood_risk_100y":null,"semi_basement_r":null,"elderly_alone_r":0.4016,"bldg_age30_r":null,"shelter_min_walk":209,"pop":934,"hh":640,"elderly65_r":0.5749,"single_hh_r":0.6609,"source_level":"emd","flood_years":[],"landslide_hist_n":0},"geometry":{"type":"Polygon","coordinates":[[[128.26136,35.46729],[128.26051,35.46346],[128.2647,35.46135],[128.26973,35.46308],[128.27058,35.46691],[128.26639,35.46902],[128.26136,35.46729]]]}},{"type":"Feature","properties":{"h3":"8830c1d9c5fffff","emd_code":"4872041500","emd_name":"궁류면","area_km2":0.5386,"edge":false,"slope_mean":7.63,"elev_mean":152.2,"flood_hist_n":0,"flood_depth_max_m":null,"flood_risk_100y":null,"semi_basement_r":null,"elderly_alone_r":0.4923,"bldg_age30_r":null,"shelter_min_walk":204,"pop":1006,"hh":717,"elderly65_r":0.6829,"single_hh_r":0.6681,"source_level":"emd","flood_years":[],"landslide_hist_n":0},"geometry":{"type":"Polygon","coordinates":[[[128.24626,35.46211],[128.24542,35.45827],[128.2496,35.45616],[128.25464,35.45789],[128.25548,35.46173],[128.25129,35.46384],[128.24626,35.46211]]]}},{"type":"Feature","properties":{"h3":"8830c1d9c7fffff","emd_code":"4872041500","emd_name":"궁류면","area_km2":0.5386,"edge":false,"slope_mean":15.29,"elev_mean":178.1,"flood_hist_n":0,"flood_depth_max_m":null,"flood_risk_100y":null,"semi_basement_r":null,"elderly_alone_r":0.4923,"bldg_age30_r":null,"shelter_min_walk":211,"pop":1006,"hh":717,"elderly65_r":0.6829,"single_hh_r":0.6681,"source_level":"emd","flood_years":[],"landslide_hist_n":0},"geometry":{"type":"Polygon","coordinates":[[[128.25548,35.46173],[128.25464,35.45789],[128.25882,35.45579],[128.26385,35.45751],[128.2647,35.46135],[128.26051,35.46346],[128.25548,35.46173]]]}},{"type":"Feature","properties":{"h3":"8830c1d9c9fffff","emd_code":"4872040000","emd_name":"봉수면","area_km2":0.5384,"edge":false,"slope_mean":25.01,"elev_mean":215.5,"flood_hist_n":0,"flood_depth_max_m":null,"flood_risk_100y":null,"semi_basement_r":null,"elderly_alone_r":0.4016,"bldg_age30_r":null,"shelter_min_walk":190,"pop":934,"hh":640,"elderly65_r":0.5749,"single_hh_r":0.6609,"source_level":"emd","flood_years":[],"landslide_hist_n":0},"geometry":{"type":"Polygon","coordinates":[[[128.2488,35.47361],[128.24795,35.46978],[128.25214,35.46767],[128.25717,35.4694],[128.25801,35.47323],[128.25383,35.47534],[128.2488,35.47361]]]}},{"type":"Feature","properties":{"h3":"8830c1d9cbfffff","emd_code":"4872040000","emd_name":"봉수면","area_km2":0.5384,"edge":false,"slope_mean":19.33,"elev_mean":143.0,"flood_hist_n":0,"flood_depth_max_m":null,"flood_risk_100y":null,"semi_basement_r":null,"elderly_alone_r":0.4016,"bldg_age30_r":null,"shelter_min_walk":198,"pop":934,"hh":640,"elderly65_r":0.5749,"single_hh_r":0.6609,"source_level":"emd","flood_years":[],"landslide_hist_n":0},"geometry":{"type":"Polygon","coordinates":[[[128.25801,35.47323],[128.25717,35.4694],[128.26136,35.46729],[128.26639,35.46902],[128.26723,35.47285],[128.26305,35.47496],[128.25801,35.47323]]]}},{"type":"Feature","properties":{"h3":"8830c1d9cdfffff","emd_code":"4872041500","emd_name":"궁류면","area_km2":0.5384,"edge":false,"slope_mean":21.0,"elev_mean":251.8,"flood_hist_n":0,"flood_depth_max_m":null,"flood_risk_100y":null,"semi_basement_r":null,"elderly_alone_r":0.4923,"bldg_age30_r":null,"shelter_min_walk":193,"pop":1006,"hh":717,"elderly65_r":0.6829,"single_hh_r":0.6681,"source_level":"emd","flood_years":[],"landslide_hist_n":0},"geometry":{"type":"Polygon","coordinates":[[[128.24292,35.46805],[128.24208,35.46421],[128.24626,35.46211],[128.25129,35.46384],[128.25214,35.46767],[128.24795,35.46978],[128.24292,35.46805]]]}},{"type":"Feature","properties":{"h3":"8830c1d9d1fffff","emd_code":"4872040000","emd_name":"봉수면","area_km2":0.5385,"edge":false,"slope_mean":24.16,"elev_mean":131.9,"flood_hist_n":0,"flood_depth_max_m":null,"flood_risk_100y":null,"semi_basement_r":null,"elderly_alone_r":0.4016,"bldg_age30_r":null,"shelter_min_walk":207,"pop":934,"hh":640,"elderly65_r":0.5749,"single_hh_r":0.6609,"source_level":"emd","flood_years":[],"landslide_hist_n":0},"geometry":{"type":"Polygon","coordinates":[[[128.27645,35.47247],[128.27561,35.46864],[128.27979,35.46653],[128.28483,35.46826],[128.28567,35.47209],[128.28148,35.4742],[128.27645,35.47247]]]}},{"type":"Feature","properties":{"h3":"8830c1d9d3fffff","emd_code":"4872040000","emd_name":"봉수면","area_km2":0.5386,"edge":false,"slope_mean":21.8,"elev_mean":117.9,"flood_hist_n":0,"flood_depth_max_m":null,"flood_risk_100y":null,"semi_basement_r":null,"elderly_alone_r":0.4016,"bldg_age30_r":null,"shelter_min_walk":198,"pop":934,"hh":640,"elderly65_r":0.5749,"single_hh_r":0.6609,"source_level":"emd","flood_years":[],"landslide_hist_n":0},"geometry":{"type":"Polygon","coordinates":[[[128.28567,35.47209],[128.28483,35.46826],[128.28901,35.46615],[128.29405,35.46787],[128.29489,35.47171],[128.2907,35.47382],[128.28567,35.47209]]]}},{"type":"Feature","properties":{"h3":"8830c1d9d5fffff","emd_code":"4872040000","emd_name":"봉수면","area_km2":0.5386,"edge":false,"slope_mean":24.53,"elev_mean":162.8,"flood_hist_n":0,"flood_depth_max_m":null,"flood_risk_100y":null,"semi_basement_r":null,"elderly_alone_r":0.4016,"bldg_age30_r":null,"shelter_min_walk":206,"pop":934,"hh":640,"elderly65_r":0.5749,"single_hh_r":0.6609,"source_level":"emd","flood_years":[],"landslide_hist_n":0},"geometry":{"type":"Polygon","coordinates":[[[128.27058,35.46691],[128.26973,35.46308],[128.27392,35.46097],[128.27895,35.46269],[128.27979,35.46653],[128.27561,35.46864],[128.27058,35.46691]]]}},{"type":"Feature","properties":{"h3":"8830c1d9d7fffff","emd_code":"4872040000","emd_name":"봉수면","area_km2":0.5386,"edge":false,"slope_mean":28.01,"elev_mean":197.7,"flood_hist_n":0,"flood_depth_max_m":null,"flood_risk_100y":null,"semi_basement_r":null,"elderly_alone_r":0.4016,"bldg_age30_r":null,"shelter_min_walk":197,"pop":934,"hh":640,"elderly65_r":0.5749,"single_hh_r":0.6609,"source_level":"emd","flood_years":[],"landslide_hist_n":0},"geometry":{"type":"Polygon","coordinates":[[[128.27979,35.46653],[128.27895,35.46269],[128.28314,35.46059],[128.28817,35.46231],[128.28901,35.46615],[128.28483,35.46826],[128.27979,35.46653]]]}},{"type":"Feature","properties":{"h3":"8830c1d9d9fffff","emd_code":"4872040000","emd_name":"봉수면","area_km2":0.5384,"edge":false,"slope_mean":26.97,"elev_mean":219.8,"flood_hist_n":0,"flood_depth_max_m":null,"flood_risk_100y":null,"semi_basement_r":null,"elderly_alone_r":0.4016,"bldg_age30_r":null,"shelter_min_walk":206,"pop":934,"hh":640,"elderly65_r":0.5749,"single_hh_r":0.6609,"source_level":"emd","flood_years":[],"landslide_hist_n":0},"geometry":{"type":"Polygon","coordinates":[[[128.27311,35.47841],[128.27226,35.47458],[128.27645,35.47247],[128.28148,35.4742],[128.28233,35.47803],[128.27814,35.48014],[128.27311,35.47841]]]}},{"type":"Feature","properties":{"h3":"8830c1d9dbfffff","emd_code":"4872040000","emd_name":"봉수면","area_km2":0.5385,"edge":false,"slope_mean":25.74,"elev_mean":245.7,"flood_hist_n":0,"flood_depth_max_m":null,"flood_risk_100y":null,"semi_basement_r":null,"elderly_alone_r":0.4016,"bldg_age30_r":null,"shelter_min_walk":208,"pop":934,"hh":640,"elderly65_r":0.5749,"single_hh_r":0.6609,"source_level":"emd","flood_years":[],"landslide_hist_n":0},"geometry":{"type":"Polygon","coordinates":[[[128.28233,35.47803],[128.28148,35.4742],[128.28567,35.47209],[128.2907,35.47382],[128.29155,35.47765],[128.28736,35.47976],[128.28233,35.47803]]]}},{"type":"Feature","properties":{"h3":"8830c1d9ddfffff","emd_code":"4872040000","emd_name":"봉수면","area_km2":0.5385,"edge":false,"slope_mean":20.31,"elev_mean":119.3,"flood_hist_n":0,"flood_depth_max_m":null,"flood_risk_100y":null,"semi_basement_r":null,"elderly_alone_r":0.4016,"bldg_age30_r":null,"shelter_min_walk":207,"pop":934,"hh":640,"elderly65_r":0.5749,"single_hh_r":0.6609,"source_level":"emd","flood_years":[],"landslide_hist_n":0},"geometry":{"type":"Polygon","coordinates":[[[128.26723,35.47285],[128.26639,35.46902],[128.27058,35.46691],[128.27561,35.46864],[128.27645,35.47247],[128.27226,35.47458],[128.26723,35.47285]]]}},{"type":"Feature","properties":{"h3":"8830c1d9e1fffff","emd_code":"4872041500","emd_name":"궁류면","area_km2":0.5387,"edge":false,"slope_mean":9.73,"elev_mean":149.1,"flood_hist_n":0,"flood_depth_max_m":null,"flood_risk_100y":null,"semi_basement_r":null,"elderly_alone_r":0.4923,"bldg_age30_r":null,"shelter_min_walk":211,"pop":1006,"hh":717,"elderly65_r":0.6829,"single_hh_r":0.6681,"source_level":"emd","flood_years":[],"landslide_hist_n":0},"geometry":{"type":"Polygon","coordinates":[[[128.24373,35.4506],[128.24288,35.44676],[128.24707,35.44466],[128.2521,35.44639],[128.25295,35.45022],[128.24876,35.45233],[128.24373,35.4506]]]}},{"type":"Feature","properties":{"h3":"8830c1d9e3fffff","emd_code":"4872041500","emd_name":"궁류면","area_km2":0.5388,"edge":false,"slope_mean":19.51,"elev_mean":181.8,"flood_hist_n":0,"flood_depth_max_m":null,"flood_risk_100y":null,"semi_basement_r":null,"elderly_alone_r":0.4923,"bldg_age30_r":null,"shelter_min_walk":209,"pop":1006,"hh":717,"elderly65_r":0.6829,"single_hh_r":0.6681,"source_level":"emd","flood_years":[],"landslide_hist_n":0},"geometry":{"type":"Polygon","coordinates":[[[128.25295,35.45022],[128.2521,35.44639],[128.25629,35.44428],[128.26132,35.44601],[128.26217,35.44984],[128.25798,35.45195],[128.25295,35.45022]]]}},{"type":"Feature","properties":{"h3":"8830c1d9e5fffff","emd_code":"4872041500","emd_name":"궁류면","area_km2":0.5388,"edge":false,"slope_mean":23.79,"elev_mean":236.7,"flood_hist_n":0,"flood_depth_max_m":null,"flood_risk_100y":null,"semi_basement_r":null,"elderly_alone_r":0.4923,"bldg_age30_r":null,"shelter_min_walk":203,"pop":1006,"hh":717,"elderly65_r":0.6829,"single_hh_r":0.6681,"source_level":"emd","flood_years":[],"landslide_hist_n":0},"geometry":{"type":"Polygon","coordinates":[[[128.23785,35.44504],[128.23701,35.4412],[128.2412,35.43909],[128.24623,35.44082],[128.24707,35.44466],[128.24288,35.44676],[128.23785,35.44504]]]}},{"type":"Feature","properties":{"h3":"8830c1d9e7fffff","emd_code":"4872041500","emd_name":"궁류면","area_km2":0.5389,"edge":false,"slope_mean":18.55,"elev_mean":167.7,"flood_hist_n":0,"flood_depth_max_m":null,"flood_risk_100y":null,"semi_basement_r":null,"elderly_alone_r":0.4923,"bldg_age30_r":null,"shelter_min_walk":201,"pop":1006,"hh":717,"elderly65_r":0.6829,"single_hh_r":0.6681,"source_level":"emd","flood_years":[],"landslide_hist_n":0},"geometry":{"type":"Polygon","coordinates":[[[128.24707,35.44466],[128.24623,35.44082],[128.25041,35.43871],[128.25544,35.44044],[128.25629,35.44428],[128.2521,35.44639],[128.24707,35.44466]]]}},{"type":"Feature","properties":{"h3":"8830c1d9e9fffff","emd_code":"4872041500","emd_name":"궁류면","area_km2":0.5386,"edge":false,"slope_mean":16.89,"elev_mean":217.1,"flood_hist_n":0,"flood_depth_max_m":null,"flood_risk_100y":null,"semi_basement_r":null,"elderly_alone_r":0.4923,"bldg_age30_r":null,"shelter_min_walk":208,"pop":1006,"hh":717,"elderly65_r":0.6829,"single_hh_r":0.6681,"source_level":"emd","flood_years":[],"landslide_hist_n":0},"geometry":{"type":"Polygon","coordinates":[[[128.24039,35.45654],[128.23954,35.45271],[128.24373,35.4506],[128.24876,35.45233],[128.2496,35.45616],[128.24542,35.45827],[128.24039,35.45654]]]}},{"type":"Feature","properties":{"h3":"8830c1d9ebfffff","emd_code":"4872041500","emd_name":"궁류면","area_km2":0.5387,"edge":false,"slope_mean":6.06,"elev_mean":129.1,"flood_hist_n":0,"flood_depth_max_m":null,"flood_risk_100y":null,"semi_basement_r":null,"elderly_alone_r":0.4923,"bldg_age30_r":null,"shelter_min_walk":215,"pop":1006,"hh":717,"elderly65_r":0.6829,"single_hh_r":0.6681,"source_level":"emd","flood_years":[],"landslide_hist_n":0},"geometry":{"type":"Polygon","coordinates":[[[128.2496,35.45616],[128.24876,35.45233],[128.25295,35.45022],[128.25798,35.45195],[128.25882,35.45579],[128.25464,35.45789],[128.2496,35.45616]]]}},{"type":"Feature","properties":{"h3":"8830c1d9edfffff","emd_code":"4872041500","emd_name":"궁류면","area_km2":0.5387,"edge":false,"slope_mean":22.96,"elev_mean":233.8,"flood_hist_n":0,"flood_depth_max_m":null,"flood_risk_100y":null,"semi_basement_r":null,"elderly_alone_r":0.4923,"bldg_age30_r":null,"shelter_min_walk":212,"pop":1006,"hh":717,"elderly65_r":0.6829,"single_hh_r":0.6681,"source_level":"emd","flood_years":[],"landslide_hist_n":0},"geometry":{"type":"Polygon","coordinates":[[[128.23451,35.45098],[128.23367,35.44714],[128.23785,35.44504],[128.24288,35.44676],[128.24373,35.4506],[128.23954,35.45271],[128.23451,35.45098]]]}},{"type":"Feature","properties":{"h3":"8830c1daa3fffff","emd_code":"4872039000","emd_name":"부림면","area_km2":0.5378,"edge":true,"slope_mean":27.21,"elev_mean":555.1,"flood_hist_n":0,"flood_depth_max_m":null,"flood_risk_100y":null,"semi_basement_r":null,"elderly_alone_r":0.3724,"bldg_age30_r":null,"shelter_min_walk":182,"pop":2522,"hh":1603,"elderly65_r":0.4889,"single_hh_r":0.6138,"source_level":"emd","flood_years":[],"landslide_hist_n":0},"geometry":{"type":"Polygon","coordinates":[[[128.28659,35.51846],[128.28575,35.51463],[128.28993,35.51253],[128.29497,35.51425],[128.29581,35.51808],[128.29162,35.52019],[128.28659,35.51846]]]}},{"type":"Feature","properties":{"h3":"8830c1daa5fffff","emd_code":"4872039000","emd_name":"부림면","area_km2":0.5378,"edge":true,"slope_mean":27.25,"elev_mean":447.6,"flood_hist_n":0,"flood_depth_max_m":null,"flood_risk_100y":null,"semi_basement_r":null,"elderly_alone_r":0.3724,"bldg_age30_r":null,"shelter_min_walk":168,"pop":2522,"hh":1603,"elderly65_r":0.4889,"single_hh_r":0.6138,"source_level":"emd","flood_years":[],"landslide_hist_n":0},"geometry":{"type":"Polygon","coordinates":[[[128.27149,35.51329],[128.27065,35.50945],[128.27483,35.50735],[128.27987,35.50908],[128.28071,35.51291],[128.27652,35.51501],[128.27149,35.51329]]]}},{"type":"Feature","properties":{"h3":"8830c1daa7fffff","emd_code":"4872039000","emd_name":"부림면","area_km2":0.5379,"edge":false,"slope_mean":24.83,"elev_mean":465.0,"flood_hist_n":0,"flood_depth_max_m":null,"flood_risk_100y":null,"semi_basement_r":null,"elderly_alone_r":0.3724,"bldg_age30_r":null,"shelter_min_walk":179,"pop":2522,"hh":1603,"elderly65_r":0.4889,"single_hh_r":0.6138,"source_level":"emd","flood_years":[],"landslide_hist_n":0},"geometry":{"type":"Polygon","coordinates":[[[128.28071,35.51291],[128.27987,35.50908],[128.28406,35.50697],[128.28909,35.5087],[128.28993,35.51253],[128.28575,35.51463],[128.28071,35.51291]]]}},{"type":"Feature","properties":{"h3":"8830c1dab5fffff","emd_code":"4872039000","emd_name":"부림면","area_km2":0.5379,"edge":true,"slope_mean":24.71,"elev_mean":429.4,"flood_hist_n":0,"flood_depth_max_m":null,"flood_risk_100y":null,"semi_basement_r":null,"elderly_alone_r":0.3724,"bldg_age30_r":null,"shelter_min_walk":193,"pop":2522,"hh":1603,"elderly65_r":0.4889,"single_hh_r":0.6138,"source_level":"emd","flood_years":[],"landslide_hist_n":0},"geometry":{"type":"Polygon","coordinates":[[[128.29581,35.51808],[128.29497,35.51425],[128.29915,35.51215],[128.30419,35.51387],[128.30503,35.5177],[128.30084,35.51981],[128.29581,35.51808]]]}},{"type":"Feature","properties":{"h3":"8830c1dab7fffff","emd_code":"4872039000","emd_name":"부림면","area_km2":0.5379,"edge":false,"slope_mean":23.26,"elev_mean":322.6,"flood_hist_n":0,"flood_depth_max_m":null,"flood_risk_100y":null,"semi_basement_r":null,"elderly_alone_r":0.3724,"bldg_age30_r":null,"shelter_min_walk":205,"pop":2522,"hh":1603,"elderly65_r":0.4889,"single_hh_r":0.6138,"source_level":"emd","flood_years":[],"landslide_hist_n":0},"geometry":{"type":"Polygon","coordinates":[[[128.30503,35.5177],[128.30419,35.51387],[128.30838,35.51176],[128.31341,35.51349],[128.31426,35.51732],[128.31007,35.51943],[128.30503,35.5177]]]}},{"type":"Feature","properties":{"h3":"8830c1db33fffff","emd_code":"4872040000","emd_name":"봉수면","area_km2":0.5379,"edge":true,"slope_mean":23.4,"elev_mean":299.8,"flood_hist_n":0,"flood_depth_max_m":null,"flood_risk_100y":null,"semi_basement_r":null,"elderly_alone_r":0.4016,"bldg_age30_r":null,"shelter_min_walk":142,"pop":934,"hh":640,"elderly65_r":0.5749,"single_hh_r":0.6609,"source_level":"emd","flood_years":[],"landslide_hist_n":0},"geometry":{"type":"Polygon","coordinates":[[[128.20524,35.487],[128.2044,35.48316],[128.20858,35.48106],[128.21361,35.48279],[128.21446,35.48662],[128.21027,35.48872],[128.20524,35.487]]]}},{"type":"Feature","properties":{"h3":"8830c1db37fffff","emd_code":"4872040000","emd_name":"봉수면","area_km2":0.538,"edge":true,"slope_mean":22.09,"elev_mean":292.6,"flood_hist_n":0,"flood_depth_max_m":null,"flood_risk_100y":null,"semi_basement_r":null,"elderly_alone_r":0.4016,"bldg_age30_r":null,"shelter_min_walk":147,"pop":934,"hh":640,"elderly65_r":0.5749,"single_hh_r":0.6609,"source_level":"emd","flood_years":[],"landslide_hist_n":0},"geometry":{"type":"Polygon","coordinates":[[[128.19937,35.48143],[128.19852,35.4776],[128.20271,35.4755],[128.20774,35.47722],[128.20858,35.48106],[128.2044,35.48316],[128.19937,35.48143]]]}}]}