{"type":"FeatureCollection","name":"grid_52730_h3r8","meta":{"sgg_code":"52730","h3_res":8,"n_cells":1305,"dem":"Copernicus GLO-30 (bbox-mean)","crs":"EPSG:4326","jumin_basis":"2026-07","flood_src":"행안부 침수흔적도(전국, 재난안전데이터공유플랫폼)","landslide_src":"행안부 산사태 발생이력"},"features":[{"type":"Feature","properties":{"h3":"8830c42481fffff","emd_code":"5273035000","emd_name":"부남면","area_km2":0.5283,"edge":false,"slope_mean":22.91,"elev_mean":518.6,"flood_hist_n":0,"flood_depth_max_m":null,"flood_risk_100y":null,"semi_basement_r":null,"elderly_alone_r":0.3849,"bldg_age30_r":null,"shelter_min_walk":94,"pop":1343,"hh":873,"elderly65_r":0.5681,"single_hh_r":0.6163,"source_level":"emd","flood_years":[],"landslide_hist_n":1},"geometry":{"type":"Polygon","coordinates":[[[127.5831,35.88539],[127.58227,35.88159],[127.58644,35.87953],[127.59146,35.88127],[127.59229,35.88507],[127.58812,35.88713],[127.5831,35.88539]]]}},{"type":"Feature","properties":{"h3":"8830c42483fffff","emd_code":"5273035000","emd_name":"부남면","area_km2":0.5284,"edge":false,"slope_mean":19.72,"elev_mean":515.6,"flood_hist_n":0,"flood_depth_max_m":null,"flood_risk_100y":null,"semi_basement_r":null,"elderly_alone_r":0.3849,"bldg_age30_r":null,"shelter_min_walk":82,"pop":1343,"hh":873,"elderly65_r":0.5681,"single_hh_r":0.6163,"source_level":"emd","flood_years":[],"landslide_hist_n":0},"geometry":{"type":"Polygon","coordinates":[[[127.59229,35.88507],[127.59146,35.88127],[127.59563,35.87922],[127.60065,35.88096],[127.60148,35.88476],[127.59731,35.88682],[127.59229,35.88507]]]}},{"type":"Feature","properties":{"h3":"8830c42485fffff","emd_code":"5273035000","emd_name":"부남면","area_km2":0.5284,"edge":false,"slope_mean":25.91,"elev_mean":616.1,"flood_hist_n":0,"flood_depth_max_m":null,"flood_risk_100y":null,"semi_basement_r":null,"elderly_alone_r":0.3849,"bldg_age30_r":null,"shelter_min_walk":99,"pop":1343,"hh":873,"elderly65_r":0.5681,"single_hh_r":0.6163,"source_level":"emd","flood_years":[],"landslide_hist_n":0},"geometry":{"type":"Polygon","coordinates":[[[127.57725,35.87984],[127.57642,35.87604],[127.58059,35.87399],[127.58561,35.87573],[127.58644,35.87953],[127.58227,35.88159],[127.57725,35.87984]]]}},{"type":"Feature","properties":{"h3":"8830c42487fffff","emd_code":"5273035000","emd_name":"부남면","area_km2":0.5284,"edge":true,"slope_mean":22.39,"elev_mean":578.5,"flood_hist_n":0,"flood_depth_max_m":null,"flood_risk_100y":null,"semi_basement_r":null,"elderly_alone_r":0.3849,"bldg_age30_r":null,"shelter_min_walk":87,"pop":1343,"hh":873,"elderly65_r":0.5681,"single_hh_r":0.6163,"source_level":"emd","flood_years":[],"landslide_hist_n":1},"geometry":{"type":"Polygon","coordinates":[[[127.58644,35.87953],[127.58561,35.87573],[127.58978,35.87367],[127.5948,35.87542],[127.59563,35.87922],[127.59146,35.88127],[127.58644,35.87953]]]}},{"type":"Feature","properties":{"h3":"8830c42489fffff","emd_code":"5273035000","emd_name":"부남면","area_km2":0.5282,"edge":false,"slope_mean":23.35,"elev_mean":512.5,"flood_hist_n":0,"flood_depth_max_m":null,"flood_risk_100y":null,"semi_basement_r":null,"elderly_alone_r":0.3849,"bldg_age30_r":null,"shelter_min_walk":102,"pop":1343,"hh":873,"elderly65_r":0.5681,"single_hh_r":0.6163,"source_level":"emd","flood_years":[],"landslide_hist_n":0},"geometry":{"type":"Polygon","coordinates":[[[127.57976,35.89124],[127.57893,35.88744],[127.5831,35.88539],[127.58812,35.88713],[127.58895,35.89093],[127.58478,35.89298],[127.57976,35.89124]]]}},{"type":"Feature","properties":{"h3":"8830c4248bfffff","emd_code":"5273035000","emd_name":"부남면","area_km2":0.5282,"edge":false,"slope_mean":16.31,"elev_mean":421.0,"flood_hist_n":1,"flood_depth_max_m":1.0,"flood_risk_100y":null,"semi_basement_r":null,"elderly_alone_r":0.3849,"bldg_age30_r":null,"shelter_min_walk":91,"pop":1343,"hh":873,"elderly65_r":0.5681,"single_hh_r":0.6163,"source_level":"emd","flood_years":[2020],"landslide_hist_n":0},"geometry":{"type":"Polygon","coordinates":[[[127.58895,35.89093],[127.58812,35.88713],[127.59229,35.88507],[127.59731,35.88682],[127.59814,35.89061],[127.59397,35.89267],[127.58895,35.89093]]]}},{"type":"Feature","properties":{"h3":"8830c4248dfffff","emd_code":"5273035000","emd_name":"부남면","area_km2":0.5283,"edge":false,"slope_mean":23.93,"elev_mean":564.0,"flood_hist_n":0,"flood_depth_max_m":null,"flood_risk_100y":null,"semi_basement_r":null,"elderly_alone_r":0.3849,"bldg_age30_r":null,"shelter_min_walk":106,"pop":1343,"hh":873,"elderly65_r":0.5681,"single_hh_r":0.6163,"source_level":"emd","flood_years":[],"landslide_hist_n":0},"geometry":{"type":"Polygon","coordinates":[[[127.57391,35.8857],[127.57308,35.8819],[127.57725,35.87984],[127.58227,35.88159],[127.5831,35.88539],[127.57893,35.88744],[127.57391,35.8857]]]}},{"type":"Feature","properties":{"h3":"8830c42491fffff","emd_code":"5273033000","emd_name":"적상면","area_km2":0.5283,"edge":false,"slope_mean":19.64,"elev_mean":558.2,"flood_hist_n":0,"flood_depth_max_m":null,"flood_risk_100y":null,"semi_basement_r":null,"elderly_alone_r":0.3444,"bldg_age30_r":null,"shelter_min_walk":69,"pop":2557,"hh":1591,"elderly65_r":0.5108,"single_hh_r":0.5827,"source_level":"emd","flood_years":[],"landslide_hist_n":1},"geometry":{"type":"Polygon","coordinates":[[[127.60734,35.8903],[127.6065,35.8865],[127.61068,35.88444],[127.61569,35.88619],[127.61653,35.88998],[127.61235,35.89204],[127.60734,35.8903]]]}},{"type":"Feature","properties":{"h3":"8830c42493fffff","emd_code":"5273033000","emd_name":"적상면","area_km2":0.5284,"edge":false,"slope_mean":26.76,"elev_mean":673.2,"flood_hist_n":0,"flood_depth_max_m":null,"flood_risk_100y":null,"semi_basement_r":null,"elderly_alone_r":0.3444,"bldg_age30_r":null,"shelter_min_walk":59,"pop":2557,"hh":1591,"elderly65_r":0.5108,"single_hh_r":0.5827,"source_level":"emd","flood_years":[],"landslide_hist_n":2},"geometry":{"type":"Polygon","coordinates":[[[127.61653,35.88998],[127.61569,35.88619],[127.61987,35.88413],[127.62488,35.88587],[127.62572,35.88967],[127.62154,35.89173],[127.61653,35.88998]]]}},{"type":"Feature","properties":{"h3":"8830c42495fffff","emd_code":"5273034000","emd_name":"안성면","area_km2":0.5284,"edge":false,"slope_mean":22.13,"elev_mean":591.0,"flood_hist_n":0,"flood_depth_max_m":null,"flood_risk_100y":null,"semi_basement_r":null,"elderly_alone_r":0.3114,"bldg_age30_r":null,"shelter_min_walk":71,"pop":4034,"hh":2489,"elderly65_r":0.4859,"single_hh_r":0.5745,"source_level":"emd","flood_years":[],"landslide_hist_n":0},"geometry":{"type":"Polygon","coordinates":[[[127.60148,35.88476],[127.60065,35.88096],[127.60483,35.8789],[127.60984,35.88064],[127.61068,35.88444],[127.6065,35.8865],[127.60148,35.88476]]]}},{"type":"Feature","properties":{"h3":"8830c42497fffff","emd_code":"5273034000","emd_name":"안성면","area_km2":0.5285,"edge":false,"slope_mean":20.68,"elev_mean":602.2,"flood_hist_n":0,"flood_depth_max_m":null,"flood_risk_100y":null,"semi_basement_r":null,"elderly_alone_r":0.3114,"bldg_age30_r":null,"shelter_min_walk":60,"pop":4034,"hh":2489,"elderly65_r":0.4859,"single_hh_r":0.5745,"source_level":"emd","flood_years":[],"landslide_hist_n":0},"geometry":{"type":"Polygon","coordinates":[[[127.61068,35.88444],[127.60984,35.88064],[127.61402,35.87859],[127.61903,35.88033],[127.61987,35.88413],[127.61569,35.88619],[127.61068,35.88444]]]}},{"type":"Feature","properties":{"h3":"8830c42499fffff","emd_code":"5273033000","emd_name":"적상면","area_km2":0.5282,"edge":false,"slope_mean":20.32,"elev_mean":481.2,"flood_hist_n":0,"flood_depth_max_m":null,"flood_risk_100y":null,"semi_basement_r":null,"elderly_alone_r":0.3444,"bldg_age30_r":null,"shelter_min_walk":79,"pop":2557,"hh":1591,"elderly65_r":0.5108,"single_hh_r":0.5827,"source_level":"emd","flood_years":[],"landslide_hist_n":0},"geometry":{"type":"Polygon","coordinates":[[[127.604,35.89616],[127.60316,35.89236],[127.60734,35.8903],[127.61235,35.89204],[127.61319,35.89584],[127.60901,35.8979],[127.604,35.89616]]]}},{"type":"Feature","properties":{"h3":"8830c4249bfffff","emd_code":"5273033000","emd_name":"적상면","area_km2":0.5283,"edge":false,"slope_mean":25.62,"elev_mean":577.0,"flood_hist_n":0,"flood_depth_max_m":null,"flood_risk_100y":null,"semi_basement_r":null,"elderly_alone_r":0.3444,"bldg_age30_r":null,"shelter_min_walk":69,"pop":2557,"hh":1591,"elderly65_r":0.5108,"single_hh_r":0.5827,"source_level":"emd","flood_years":[],"landslide_hist_n":0},"geometry":{"type":"Polygon","coordinates":[[[127.61319,35.89584],[127.61235,35.89204],[127.61653,35.88998],[127.62154,35.89173],[127.62238,35.89553],[127.6182,35.89758],[127.61319,35.89584]]]}},{"type":"Feature","properties":{"h3":"8830c4249dfffff","emd_code":"5273033000","emd_name":"적상면","area_km2":0.5283,"edge":false,"slope_mean":22.78,"elev_mean":531.3,"flood_hist_n":0,"flood_depth_max_m":null,"flood_risk_100y":null,"semi_basement_r":null,"elderly_alone_r":0.3444,"bldg_age30_r":null,"shelter_min_walk":80,"pop":2557,"hh":1591,"elderly65_r":0.5108,"single_hh_r":0.5827,"source_level":"emd","flood_years":[],"landslide_hist_n":1},"geometry":{"type":"Polygon","coordinates":[[[127.59814,35.89061],[127.59731,35.88682],[127.60148,35.88476],[127.6065,35.8865],[127.60734,35.8903],[127.60316,35.89236],[127.59814,35.89061]]]}},{"type":"Feature","properties":{"h3":"8830c424b1fffff","emd_code":"5273034000","emd_name":"안성면","area_km2":0.5286,"edge":false,"slope_mean":17.92,"elev_mean":422.3,"flood_hist_n":0,"flood_depth_max_m":null,"flood_risk_100y":null,"semi_basement_r":null,"elderly_alone_r":0.3114,"bldg_age30_r":null,"shelter_min_walk":68,"pop":4034,"hh":2489,"elderly65_r":0.4859,"single_hh_r":0.5745,"source_level":"emd","flood_years":[],"landslide_hist_n":2},"geometry":{"type":"Polygon","coordinates":[[[127.59897,35.87336],[127.59814,35.86956],[127.60231,35.8675],[127.60733,35.86924],[127.60817,35.87304],[127.60399,35.8751],[127.59897,35.87336]]]}},{"type":"Feature","properties":{"h3":"8830c424b3fffff","emd_code":"5273034000","emd_name":"안성면","area_km2":0.5286,"edge":false,"slope_mean":25.0,"elev_mean":454.0,"flood_hist_n":0,"flood_depth_max_m":null,"flood_risk_100y":null,"semi_basement_r":null,"elderly_alone_r":0.3114,"bldg_age30_r":null,"shelter_min_walk":56,"pop":4034,"hh":2489,"elderly65_r":0.4859,"single_hh_r":0.5745,"source_level":"emd","flood_years":[],"landslide_hist_n":1},"geometry":{"type":"Polygon","coordinates":[[[127.60817,35.87304],[127.60733,35.86924],[127.61151,35.86718],[127.61652,35.86893],[127.61736,35.87273],[127.61318,35.87479],[127.60817,35.87304]]]}},{"type":"Feature","properties":{"h3":"8830c424b7fffff","emd_code":"5273034000","emd_name":"안성면","area_km2":0.5287,"edge":true,"slope_mean":15.96,"elev_mean":391.8,"flood_hist_n":1,"flood_depth_max_m":1.0,"flood_risk_100y":null,"semi_basement_r":null,"elderly_alone_r":0.3114,"bldg_age30_r":null,"shelter_min_walk":62,"pop":4034,"hh":2489,"elderly65_r":0.4859,"single_hh_r":0.5745,"source_level":"emd","flood_years":[2020],"landslide_hist_n":0},"geometry":{"type":"Polygon","coordinates":[[[127.60231,35.8675],[127.60148,35.8637],[127.60565,35.86164],[127.61067,35.86338],[127.61151,35.86718],[127.60733,35.86924],[127.60231,35.8675]]]}},{"type":"Feature","properties":{"h3":"8830c424b9fffff","emd_code":"5273034000","emd_name":"안성면","area_km2":0.5285,"edge":false,"slope_mean":18.89,"elev_mean":492.7,"flood_hist_n":0,"flood_depth_max_m":null,"flood_risk_100y":null,"semi_basement_r":null,"elderly_alone_r":0.3114,"bldg_age30_r":null,"shelter_min_walk":75,"pop":4034,"hh":2489,"elderly65_r":0.4859,"single_hh_r":0.5745,"source_level":"emd","flood_years":[],"landslide_hist_n":0},"geometry":{"type":"Polygon","coordinates":[[[127.59563,35.87922],[127.5948,35.87542],[127.59897,35.87336],[127.60399,35.8751],[127.60483,35.8789],[127.60065,35.88096],[127.59563,35.87922]]]}},{"type":"Feature","properties":{"h3":"8830c424bbfffff","emd_code":"5273034000","emd_name":"안성면","area_km2":0.5285,"edge":false,"slope_mean":21.49,"elev_mean":510.4,"flood_hist_n":0,"flood_depth_max_m":null,"flood_risk_100y":null,"semi_basement_r":null,"elderly_alone_r":0.3114,"bldg_age30_r":null,"shelter_min_walk":63,"pop":4034,"hh":2489,"elderly65_r":0.4859,"single_hh_r":0.5745,"source_level":"emd","flood_years":[],"landslide_hist_n":0},"geometry":{"type":"Polygon","coordinates":[[[127.60483,35.8789],[127.60399,35.8751],[127.60817,35.87304],[127.61318,35.87479],[127.61402,35.87859],[127.60984,35.88064],[127.60483,35.8789]]]}},{"type":"Feature","properties":{"h3":"8830c424bdfffff","emd_code":"5273034000","emd_name":"안성면","area_km2":0.5285,"edge":true,"slope_mean":18.98,"elev_mean":457.1,"flood_hist_n":0,"flood_depth_max_m":null,"flood_risk_100y":null,"semi_basement_r":null,"elderly_alone_r":0.3114,"bldg_age30_r":null,"shelter_min_walk":80,"pop":4034,"hh":2489,"elderly65_r":0.4859,"single_hh_r":0.5745,"source_level":"emd","flood_years":[],"landslide_hist_n":0},"geometry":{"type":"Polygon","coordinates":[[[127.58978,35.87367],[127.58895,35.86987],[127.59312,35.86782],[127.59814,35.86956],[127.59897,35.87336],[127.5948,35.87542],[127.58978,35.87367]]]}},{"type":"Feature","properties":{"h3":"8830c424c3fffff","emd_code":"5273035000","emd_name":"부남면","area_km2":0.5281,"edge":true,"slope_mean":18.97,"elev_mean":459.1,"flood_hist_n":0,"flood_depth_max_m":null,"flood_risk_100y":null,"semi_basement_r":null,"elderly_alone_r":0.3849,"bldg_age30_r":null,"shelter_min_walk":110,"pop":1343,"hh":873,"elderly65_r":0.5681,"single_hh_r":0.6163,"source_level":"emd","flood_years":[],"landslide_hist_n":0},"geometry":{"type":"Polygon","coordinates":[[[127.57642,35.8971],[127.57559,35.8933],[127.57976,35.89124],[127.58478,35.89298],[127.58561,35.89678],[127.58144,35.89884],[127.57642,35.8971]]]}},{"type":"Feature","properties":{"h3":"8830c424c7fffff","emd_code":"5273035000","emd_name":"부남면","area_km2":0.5282,"edge":true,"slope_mean":23.22,"elev_mean":521.6,"flood_hist_n":0,"flood_depth_max_m":null,"flood_risk_100y":null,"semi_basement_r":null,"elderly_alone_r":0.3849,"bldg_age30_r":null,"shelter_min_walk":114,"pop":1343,"hh":873,"elderly65_r":0.5681,"single_hh_r":0.6163,"source_level":"emd","flood_years":[],"landslide_hist_n":0},"geometry":{"type":"Polygon","coordinates":[[[127.57057,35.89155],[127.56974,35.88775],[127.57391,35.8857],[127.57893,35.88744],[127.57976,35.89124],[127.57559,35.8933],[127.57057,35.89155]]]}},{"type":"Feature","properties":{"h3":"8830c424d1fffff","emd_code":"5273035000","emd_name":"부남면","area_km2":0.5281,"edge":false,"slope_mean":19.27,"elev_mean":421.9,"flood_hist_n":1,"flood_depth_max_m":0.5,"flood_risk_100y":null,"semi_basement_r":null,"elderly_alone_r":0.3849,"bldg_age30_r":null,"shelter_min_walk":98,"pop":1343,"hh":873,"elderly65_r":0.5681,"single_hh_r":0.6163,"source_level":"emd","flood_years":[2020],"landslide_hist_n":0},"geometry":{"type":"Polygon","coordinates":[[[127.59146,35.90232],[127.59063,35.89853],[127.5948,35.89647],[127.59982,35.89821],[127.60066,35.90201],[127.59648,35.90407],[127.59146,35.90232]]]}},{"type":"Feature","properties":{"h3":"8830c424d3fffff","emd_code":"5273033000","emd_name":"적상면","area_km2":0.5281,"edge":false,"slope_mean":21.3,"elev_mean":515.7,"flood_hist_n":0,"flood_depth_max_m":null,"flood_risk_100y":null,"semi_basement_r":null,"elderly_alone_r":0.3444,"bldg_age30_r":null,"shelter_min_walk":88,"pop":2557,"hh":1591,"elderly65_r":0.5108,"single_hh_r":0.5827,"source_level":"emd","flood_years":[],"landslide_hist_n":0},"geometry":{"type":"Polygon","coordinates":[[[127.60066,35.90201],[127.59982,35.89821],[127.604,35.89616],[127.60901,35.8979],[127.60985,35.9017],[127.60567,35.90375],[127.60066,35.90201]]]}},{"type":"Feature","properties":{"h3":"8830c424d5fffff","emd_code":"5273035000","emd_name":"부남면","area_km2":0.5281,"edge":false,"slope_mean":18.59,"elev_mean":407.4,"flood_hist_n":1,"flood_depth_max_m":1.0,"flood_risk_100y":null,"semi_basement_r":null,"elderly_alone_r":0.3849,"bldg_age30_r":null,"shelter_min_walk":99,"pop":1343,"hh":873,"elderly65_r":0.5681,"single_hh_r":0.6163,"source_level":"emd","flood_years":[2020],"landslide_hist_n":0},"geometry":{"type":"Polygon","coordinates":[[[127.58561,35.89678],[127.58478,35.89298],[127.58895,35.89093],[127.59397,35.89267],[127.5948,35.89647],[127.59063,35.89853],[127.58561,35.89678]]]}},{"type":"Feature","properties":{"h3":"8830c424d7fffff","emd_code":"5273035000","emd_name":"부남면","area_km2":0.5282,"edge":false,"slope_mean":19.67,"elev_mean":480.4,"flood_hist_n":0,"flood_depth_max_m":null,"flood_risk_100y":null,"semi_basement_r":null,"elderly_alone_r":0.3849,"bldg_age30_r":null,"shelter_min_walk":89,"pop":1343,"hh":873,"elderly65_r":0.5681,"single_hh_r":0.6163,"source_level":"emd","flood_years":[],"landslide_hist_n":1},"geometry":{"type":"Polygon","coordinates":[[[127.5948,35.89647],[127.59397,35.89267],[127.59814,35.89061],[127.60316,35.89236],[127.604,35.89616],[127.59982,35.89821],[127.5948,35.89647]]]}},{"type":"Feature","properties":{"h3":"8830c424d9fffff","emd_code":"5273035000","emd_name":"부남면","area_km2":0.528,"edge":false,"slope_mean":15.39,"elev_mean":360.6,"flood_hist_n":1,"flood_depth_max_m":1.0,"flood_risk_100y":null,"semi_basement_r":null,"elderly_alone_r":0.3849,"bldg_age30_r":null,"shelter_min_walk":108,"pop":1343,"hh":873,"elderly65_r":0.5681,"single_hh_r":0.6163,"source_level":"emd","flood_years":[2020],"landslide_hist_n":0},"geometry":{"type":"Polygon","coordinates":[[[127.58812,35.90818],[127.58729,35.90438],[127.59146,35.90232],[127.59648,35.90407],[127.59731,35.90786],[127.59314,35.90992],[127.58812,35.90818]]]}},{"type":"Feature","properties":{"h3":"8830c424dbfffff","emd_code":"5273035000","emd_name":"부남면","area_km2":0.528,"edge":false,"slope_mean":23.69,"elev_mean":484.2,"flood_hist_n":0,"flood_depth_max_m":null,"flood_risk_100y":null,"semi_basement_r":null,"elderly_alone_r":0.3849,"bldg_age30_r":null,"shelter_min_walk":98,"pop":1343,"hh":873,"elderly65_r":0.5681,"single_hh_r":0.6163,"source_level":"emd","flood_years":[],"landslide_hist_n":0},"geometry":{"type":"Polygon","coordinates":[[[127.59731,35.90786],[127.59648,35.90407],[127.60066,35.90201],[127.60567,35.90375],[127.60651,35.90755],[127.60233,35.90961],[127.59731,35.90786]]]}},{"type":"Feature","properties":{"h3":"8830c424ddfffff","emd_code":"5273035000","emd_name":"부남면","area_km2":0.528,"edge":false,"slope_mean":13.7,"elev_mean":379.5,"flood_hist_n":1,"flood_depth_max_m":0.5,"flood_risk_100y":null,"semi_basement_r":null,"elderly_alone_r":0.3849,"bldg_age30_r":null,"shelter_min_walk":108,"pop":1343,"hh":873,"elderly65_r":0.5681,"single_hh_r":0.6163,"source_level":"emd","flood_years":[2020],"landslide_hist_n":0},"geometry":{"type":"Polygon","coordinates":[[[127.58227,35.90264],[127.58144,35.89884],[127.58561,35.89678],[127.59063,35.89853],[127.59146,35.90232],[127.58729,35.90438],[127.58227,35.90264]]]}},{"type":"Feature","properties":{"h3":"8830c424e3fffff","emd_code":"5273035000","emd_name":"부남면","area_km2":0.5283,"edge":true,"slope_mean":24.03,"elev_mean":564.7,"flood_hist_n":0,"flood_depth_max_m":null,"flood_risk_100y":null,"semi_basement_r":null,"elderly_alone_r":0.3849,"bldg_age30_r":null,"shelter_min_walk":111,"pop":1343,"hh":873,"elderly65_r":0.5681,"single_hh_r":0.6163,"source_level":"emd","flood_years":[],"landslide_hist_n":0},"geometry":{"type":"Polygon","coordinates":[[[127.56806,35.88016],[127.56723,35.87636],[127.5714,35.8743],[127.57642,35.87604],[127.57725,35.87984],[127.57308,35.8819],[127.56806,35.88016]]]}},{"type":"Feature","properties":{"h3":"8830c42681fffff","emd_code":"5273035000","emd_name":"부남면","area_km2":0.5275,"edge":false,"slope_mean":27.19,"elev_mean":408.1,"flood_hist_n":0,"flood_depth_max_m":null,"flood_risk_100y":null,"semi_basement_r":null,"elderly_alone_r":0.3849,"bldg_age30_r":null,"shelter_min_walk":156,"pop":1343,"hh":873,"elderly65_r":0.5681,"single_hh_r":0.6163,"source_level":"emd","flood_years":[],"landslide_hist_n":0},"geometry":{"type":"Polygon","coordinates":[[[127.55972,35.92635],[127.55888,35.92256],[127.56306,35.9205],[127.56808,35.92225],[127.56891,35.92604],[127.56473,35.9281],[127.55972,35.92635]]]}},{"type":"Feature","properties":{"h3":"8830c42683fffff","emd_code":"5273035000","emd_name":"부남면","area_km2":0.5276,"edge":false,"slope_mean":25.08,"elev_mean":352.7,"flood_hist_n":0,"flood_depth_max_m":null,"flood_risk_100y":null,"semi_basement_r":null,"elderly_alone_r":0.3849,"bldg_age30_r":null,"shelter_min_walk":147,"pop":1343,"hh":873,"elderly65_r":0.5681,"single_hh_r":0.6163,"source_level":"emd","flood_years":[],"landslide_hist_n":0},"geometry":{"type":"Polygon","coordinates":[[[127.56891,35.92604],[127.56808,35.92225],[127.57225,35.92019],[127.57727,35.92193],[127.5781,35.92573],[127.57393,35.92778],[127.56891,35.92604]]]}},{"type":"Feature","properties":{"h3":"8830c42687fffff","emd_code":"5273035000","emd_name":"부남면","area_km2":0.5276,"edge":false,"slope_mean":24.83,"elev_mean":463.6,"flood_hist_n":0,"flood_depth_max_m":null,"flood_risk_100y":null,"semi_basement_r":null,"elderly_alone_r":0.3849,"bldg_age30_r":null,"shelter_min_walk":147,"pop":1343,"hh":873,"elderly65_r":0.5681,"single_hh_r":0.6163,"source_level":"emd","flood_years":[],"landslide_hist_n":0},"geometry":{"type":"Polygon","coordinates":[[[127.56306,35.9205],[127.56223,35.91671],[127.5664,35.91465],[127.57142,35.9164],[127.57225,35.92019],[127.56808,35.92225],[127.56306,35.9205]]]}},{"type":"Feature","properties":{"h3":"8830c42689fffff","emd_code":"5273035000","emd_name":"부남면","area_km2":0.5274,"edge":false,"slope_mean":28.18,"elev_mean":368.4,"flood_hist_n":0,"flood_depth_max_m":null,"flood_risk_100y":null,"semi_basement_r":null,"elderly_alone_r":0.3849,"bldg_age30_r":null,"shelter_min_walk":166,"pop":1343,"hh":873,"elderly65_r":0.5681,"single_hh_r":0.6163,"source_level":"emd","flood_years":[],"landslide_hist_n":0},"geometry":{"type":"Polygon","coordinates":[[[127.55638,35.9322],[127.55554,35.92841],[127.55972,35.92635],[127.56473,35.9281],[127.56557,35.93189],[127.56139,35.93394],[127.55638,35.9322]]]}},{"type":"Feature","properties":{"h3":"8830c4268bfffff","emd_code":"5273035000","emd_name":"부남면","area_km2":0.5275,"edge":false,"slope_mean":24.47,"elev_mean":319.0,"flood_hist_n":1,"flood_depth_max_m":1.0,"flood_risk_100y":null,"semi_basement_r":null,"elderly_alone_r":0.3849,"bldg_age30_r":null,"shelter_min_walk":157,"pop":1343,"hh":873,"elderly65_r":0.5681,"single_hh_r":0.6163,"source_level":"emd","flood_years":[2020],"landslide_hist_n":0},"geometry":{"type":"Polygon","coordinates":[[[127.56557,35.93189],[127.56473,35.9281],[127.56891,35.92604],[127.57393,35.92778],[127.57476,35.93158],[127.57058,35.93363],[127.56557,35.93189]]]}},{"type":"Feature","properties":{"h3":"8830c4268dfffff","emd_code":"5273035000","emd_name":"부남면","area_km2":0.5275,"edge":false,"slope_mean":27.53,"elev_mean":489.7,"flood_hist_n":0,"flood_depth_max_m":null,"flood_risk_100y":null,"semi_basement_r":null,"elderly_alone_r":0.3849,"bldg_age30_r":null,"shelter_min_walk":166,"pop":1343,"hh":873,"elderly65_r":0.5681,"single_hh_r":0.6163,"source_level":"emd","flood_years":[],"landslide_hist_n":0},"geometry":{"type":"Polygon","coordinates":[[[127.55053,35.92666],[127.5497,35.92287],[127.55387,35.92081],[127.55888,35.92256],[127.55972,35.92635],[127.55554,35.92841],[127.55053,35.92666]]]}},{"type":"Feature","properties":{"h3":"8830c42691fffff","emd_code":"5273035000","emd_name":"부남면","area_km2":0.5276,"edge":false,"slope_mean":26.9,"elev_mean":564.9,"flood_hist_n":0,"flood_depth_max_m":null,"flood_risk_100y":null,"semi_basement_r":null,"elderly_alone_r":0.3849,"bldg_age30_r":null,"shelter_min_walk":140,"pop":1343,"hh":873,"elderly65_r":0.5681,"single_hh_r":0.6163,"source_level":"emd","flood_years":[],"landslide_hist_n":0},"geometry":{"type":"Polygon","coordinates":[[[127.58395,35.93127],[127.58312,35.92747],[127.58729,35.92542],[127.59231,35.92716],[127.59314,35.93096],[127.58897,35.93301],[127.58395,35.93127]]]}},{"type":"Feature","properties":{"h3":"8830c42693fffff","emd_code":"5273033000","emd_name":"적상면","area_km2":0.5276,"edge":false,"slope_mean":26.56,"elev_mean":552.0,"flood_hist_n":0,"flood_depth_max_m":null,"flood_risk_100y":null,"semi_basement_r":null,"elderly_alone_r":0.3444,"bldg_age30_r":null,"shelter_min_walk":132,"pop":2557,"hh":1591,"elderly65_r":0.5108,"single_hh_r":0.5827,"source_level":"emd","flood_years":[],"landslide_hist_n":0},"geometry":{"type":"Polygon","coordinates":[[[127.59314,35.93096],[127.59231,35.92716],[127.59649,35.92511],[127.6015,35.92685],[127.60234,35.93064],[127.59816,35.9327],[127.59314,35.93096]]]}},{"type":"Feature","properties":{"h3":"8830c42695fffff","emd_code":"5273035000","emd_name":"부남면","area_km2":0.5276,"edge":false,"slope_mean":28.11,"elev_mean":420.2,"flood_hist_n":0,"flood_depth_max_m":null,"flood_risk_100y":null,"semi_basement_r":null,"elderly_alone_r":0.3849,"bldg_age30_r":null,"shelter_min_walk":138,"pop":1343,"hh":873,"elderly65_r":0.5681,"single_hh_r":0.6163,"source_level":"emd","flood_years":[],"landslide_hist_n":0},"geometry":{"type":"Polygon","coordinates":[[[127.5781,35.92573],[127.57727,35.92193],[127.58144,35.91988],[127.58646,35.92162],[127.58729,35.92542],[127.58312,35.92747],[127.5781,35.92573]]]}},{"type":"Feature","properties":{"h3":"8830c42697fffff","emd_code":"5273035000","emd_name":"부남면","area_km2":0.5277,"edge":false,"slope_mean":29.76,"elev_mean":584.0,"flood_hist_n":0,"flood_depth_max_m":null,"flood_risk_100y":null,"semi_basement_r":null,"elderly_alone_r":0.3849,"bldg_age30_r":null,"shelter_min_walk":129,"pop":1343,"hh":873,"elderly65_r":0.5681,"single_hh_r":0.6163,"source_level":"emd","flood_years":[],"landslide_hist_n":0},"geometry":{"type":"Polygon","coordinates":[[[127.58729,35.92542],[127.58646,35.92162],[127.59063,35.91957],[127.59565,35.92131],[127.59649,35.92511],[127.59231,35.92716],[127.58729,35.92542]]]}},{"type":"Feature","properties":{"h3":"8830c42699fffff","emd_code":"5273035000","emd_name":"부남면","area_km2":0.5274,"edge":false,"slope_mean":28.5,"elev_mean":578.7,"flood_hist_n":0,"flood_depth_max_m":null,"flood_risk_100y":null,"semi_basement_r":null,"elderly_alone_r":0.3849,"bldg_age30_r":null,"shelter_min_walk":149,"pop":1343,"hh":873,"elderly65_r":0.5681,"single_hh_r":0.6163,"source_level":"emd","flood_years":[],"landslide_hist_n":0},"geometry":{"type":"Polygon","coordinates":[[[127.58061,35.93712],[127.57978,35.93332],[127.58395,35.93127],[127.58897,35.93301],[127.5898,35.93681],[127.58563,35.93886],[127.58061,35.93712]]]}},{"type":"Feature","properties":{"h3":"8830c4269bfffff","emd_code":"5273033000","emd_name":"적상면","area_km2":0.5275,"edge":false,"slope_mean":27.17,"elev_mean":564.8,"flood_hist_n":0,"flood_depth_max_m":null,"flood_risk_100y":null,"semi_basement_r":null,"elderly_alone_r":0.3444,"bldg_age30_r":null,"shelter_min_walk":142,"pop":2557,"hh":1591,"elderly65_r":0.5108,"single_hh_r":0.5827,"source_level":"emd","flood_years":[],"landslide_hist_n":0},"geometry":{"type":"Polygon","coordinates":[[[127.5898,35.93681],[127.58897,35.93301],[127.59314,35.93096],[127.59816,35.9327],[127.599,35.93649],[127.59482,35.93855],[127.5898,35.93681]]]}},{"type":"Feature","properties":{"h3":"8830c4269dfffff","emd_code":"5273035000","emd_name":"부남면","area_km2":0.5275,"edge":false,"slope_mean":25.78,"elev_mean":428.8,"flood_hist_n":0,"flood_depth_max_m":null,"flood_risk_100y":null,"semi_basement_r":null,"elderly_alone_r":0.3849,"bldg_age30_r":null,"shelter_min_walk":148,"pop":1343,"hh":873,"elderly65_r":0.5681,"single_hh_r":0.6163,"source_level":"emd","flood_years":[],"landslide_hist_n":0},"geometry":{"type":"Polygon","coordinates":[[[127.57476,35.93158],[127.57393,35.92778],[127.5781,35.92573],[127.58312,35.92747],[127.58395,35.93127],[127.57978,35.93332],[127.57476,35.93158]]]}},{"type":"Feature","properties":{"h3":"8830c426b1fffff","emd_code":"5273035000","emd_name":"부남면","area_km2":0.5278,"edge":false,"slope_mean":21.92,"elev_mean":423.4,"flood_hist_n":0,"flood_depth_max_m":null,"flood_risk_100y":null,"semi_basement_r":null,"elderly_alone_r":0.3849,"bldg_age30_r":null,"shelter_min_walk":127,"pop":1343,"hh":873,"elderly65_r":0.5681,"single_hh_r":0.6163,"source_level":"emd","flood_years":[],"landslide_hist_n":0},"geometry":{"type":"Polygon","coordinates":[[[127.57559,35.91434],[127.57476,35.91054],[127.57893,35.90849],[127.58395,35.91023],[127.58478,35.91403],[127.58061,35.91608],[127.57559,35.91434]]]}},{"type":"Feature","properties":{"h3":"8830c426b3fffff","emd_code":"5273035000","emd_name":"부남면","area_km2":0.5278,"edge":false,"slope_mean":15.53,"elev_mean":336.1,"flood_hist_n":1,"flood_depth_max_m":1.0,"flood_risk_100y":null,"semi_basement_r":null,"elderly_alone_r":0.3849,"bldg_age30_r":null,"shelter_min_walk":118,"pop":1343,"hh":873,"elderly65_r":0.5681,"single_hh_r":0.6163,"source_level":"emd","flood_years":[2020],"landslide_hist_n":2},"geometry":{"type":"Polygon","coordinates":[[[127.58478,35.91403],[127.58395,35.91023],[127.58812,35.90818],[127.59314,35.90992],[127.59397,35.91372],[127.5898,35.91577],[127.58478,35.91403]]]}},{"type":"Feature","properties":{"h3":"8830c426b5fffff","emd_code":"5273035000","emd_name":"부남면","area_km2":0.5279,"edge":true,"slope_mean":20.75,"elev_mean":462.9,"flood_hist_n":0,"flood_depth_max_m":null,"flood_risk_100y":null,"semi_basement_r":null,"elderly_alone_r":0.3849,"bldg_age30_r":null,"shelter_min_walk":128,"pop":1343,"hh":873,"elderly65_r":0.5681,"single_hh_r":0.6163,"source_level":"emd","flood_years":[],"landslide_hist_n":0},"geometry":{"type":"Polygon","coordinates":[[[127.56974,35.9088],[127.56891,35.905],[127.57308,35.90295],[127.5781,35.90469],[127.57893,35.90849],[127.57476,35.91054],[127.56974,35.9088]]]}},{"type":"Feature","properties":{"h3":"8830c426b7fffff","emd_code":"5273035000","emd_name":"부남면","area_km2":0.5279,"edge":false,"slope_mean":17.55,"elev_mean":401.9,"flood_hist_n":0,"flood_depth_max_m":null,"flood_risk_100y":null,"semi_basement_r":null,"elderly_alone_r":0.3849,"bldg_age30_r":null,"shelter_min_walk":118,"pop":1343,"hh":873,"elderly65_r":0.5681,"single_hh_r":0.6163,"source_level":"emd","flood_years":[],"landslide_hist_n":2},"geometry":{"type":"Polygon","coordinates":[[[127.57893,35.90849],[127.5781,35.90469],[127.58227,35.90264],[127.58729,35.90438],[127.58812,35.90818],[127.58395,35.91023],[127.57893,35.90849]]]}},{"type":"Feature","properties":{"h3":"8830c426b9fffff","emd_code":"5273035000","emd_name":"부남면","area_km2":0.5277,"edge":false,"slope_mean":26.39,"elev_mean":384.6,"flood_hist_n":0,"flood_depth_max_m":null,"flood_risk_100y":null,"semi_basement_r":null,"elderly_alone_r":0.3849,"bldg_age30_r":null,"shelter_min_walk":137,"pop":1343,"hh":873,"elderly65_r":0.5681,"single_hh_r":0.6163,"source_level":"emd","flood_years":[],"landslide_hist_n":0},"geometry":{"type":"Polygon","coordinates":[[[127.57225,35.92019],[127.57142,35.9164],[127.57559,35.91434],[127.58061,35.91608],[127.58144,35.91988],[127.57727,35.92193],[127.57225,35.92019]]]}},{"type":"Feature","properties":{"h3":"8830c426bbfffff","emd_code":"5273035000","emd_name":"부남면","area_km2":0.5277,"edge":false,"slope_mean":23.28,"elev_mean":361.9,"flood_hist_n":1,"flood_depth_max_m":0.5,"flood_risk_100y":null,"semi_basement_r":null,"elderly_alone_r":0.3849,"bldg_age30_r":null,"shelter_min_walk":128,"pop":1343,"hh":873,"elderly65_r":0.5681,"single_hh_r":0.6163,"source_level":"emd","flood_years":[2020],"landslide_hist_n":0},"geometry":{"type":"Polygon","coordinates":[[[127.58144,35.91988],[127.58061,35.91608],[127.58478,35.91403],[127.5898,35.91577],[127.59063,35.91957],[127.58646,35.92162],[127.58144,35.91988]]]}},{"type":"Feature","properties":{"h3":"8830c426bdfffff","emd_code":"5273035000","emd_name":"부남면","area_km2":0.5277,"edge":false,"slope_mean":27.33,"elev_mean":539.9,"flood_hist_n":0,"flood_depth_max_m":null,"flood_risk_100y":null,"semi_basement_r":null,"elderly_alone_r":0.3849,"bldg_age30_r":null,"shelter_min_walk":137,"pop":1343,"hh":873,"elderly65_r":0.5681,"single_hh_r":0.6163,"source_level":"emd","flood_years":[],"landslide_hist_n":0},"geometry":{"type":"Polygon","coordinates":[[[127.5664,35.91465],[127.56557,35.91086],[127.56974,35.9088],[127.57476,35.91054],[127.57559,35.91434],[127.57142,35.9164],[127.5664,35.91465]]]}},{"type":"Feature","properties":{"h3":"8830c426c1fffff","emd_code":"5273035000","emd_name":"부남면","area_km2":0.5272,"edge":true,"slope_mean":30.19,"elev_mean":557.4,"flood_hist_n":0,"flood_depth_max_m":null,"flood_risk_100y":null,"semi_basement_r":null,"elderly_alone_r":0.3849,"bldg_age30_r":null,"shelter_min_walk":183,"pop":1343,"hh":873,"elderly65_r":0.5681,"single_hh_r":0.6163,"source_level":"emd","flood_years":[],"landslide_hist_n":0},"geometry":{"type":"Polygon","coordinates":[[[127.54385,35.93836],[127.54302,35.93456],[127.54719,35.93251],[127.5522,35.93425],[127.55304,35.93805],[127.54886,35.9401],[127.54385,35.93836]]]}},{"type":"Feature","properties":{"h3":"8830c426c3fffff","emd_code":"5273035000","emd_name":"부남면","area_km2":0.5273,"edge":false,"slope_mean":29.98,"elev_mean":464.4,"flood_hist_n":0,"flood_depth_max_m":null,"flood_risk_100y":null,"semi_basement_r":null,"elderly_alone_r":0.3849,"bldg_age30_r":null,"shelter_min_walk":174,"pop":1343,"hh":873,"elderly65_r":0.5681,"single_hh_r":0.6163,"source_level":"emd","flood_years":[],"landslide_hist_n":0},"geometry":{"type":"Polygon","coordinates":[[[127.55304,35.93805],[127.5522,35.93425],[127.55638,35.9322],[127.56139,35.93394],[127.56223,35.93774],[127.55805,35.93979],[127.55304,35.93805]]]}},{"type":"Feature","properties":{"h3":"8830c426c7fffff","emd_code":"5273035000","emd_name":"부남면","area_km2":0.5274,"edge":false,"slope_mean":30.08,"elev_mean":544.1,"flood_hist_n":0,"flood_depth_max_m":null,"flood_risk_100y":null,"semi_basement_r":null,"elderly_alone_r":0.3849,"bldg_age30_r":null,"shelter_min_walk":176,"pop":1343,"hh":873,"elderly65_r":0.5681,"single_hh_r":0.6163,"source_level":"emd","flood_years":[],"landslide_hist_n":0},"geometry":{"type":"Polygon","coordinates":[[[127.54719,35.93251],[127.54636,35.92871],[127.55053,35.92666],[127.55554,35.92841],[127.55638,35.9322],[127.5522,35.93425],[127.54719,35.93251]]]}},{"type":"Feature","properties":{"h3":"8830c426cbfffff","emd_code":"5273035000","emd_name":"부남면","area_km2":0.5272,"edge":false,"slope_mean":31.32,"elev_mean":603.8,"flood_hist_n":0,"flood_depth_max_m":null,"flood_risk_100y":null,"semi_basement_r":null,"elderly_alone_r":0.3849,"bldg_age30_r":null,"shelter_min_walk":171,"pop":1343,"hh":873,"elderly65_r":0.5681,"single_hh_r":0.6163,"source_level":"emd","flood_years":[],"landslide_hist_n":0},"geometry":{"type":"Polygon","coordinates":[[[127.5497,35.9439],[127.54886,35.9401],[127.55304,35.93805],[127.55805,35.93979],[127.55889,35.94359],[127.55471,35.94564],[127.5497,35.9439]]]}},{"type":"Feature","properties":{"h3":"8830c426d1fffff","emd_code":"5273035000","emd_name":"부남면","area_km2":0.5273,"edge":false,"slope_mean":27.41,"elev_mean":353.3,"flood_hist_n":0,"flood_depth_max_m":null,"flood_risk_100y":null,"semi_basement_r":null,"elderly_alone_r":0.3849,"bldg_age30_r":null,"shelter_min_walk":153,"pop":1343,"hh":873,"elderly65_r":0.5681,"single_hh_r":0.6163,"source_level":"emd","flood_years":[],"landslide_hist_n":0},"geometry":{"type":"Polygon","coordinates":[[[127.56808,35.94328],[127.56724,35.93948],[127.57142,35.93743],[127.57644,35.93917],[127.57727,35.94297],[127.57309,35.94502],[127.56808,35.94328]]]}},{"type":"Feature","properties":{"h3":"8830c426d3fffff","emd_code":"5273035000","emd_name":"부남면","area_km2":0.5273,"edge":false,"slope_mean":30.0,"elev_mean":449.2,"flood_hist_n":0,"flood_depth_max_m":null,"flood_risk_100y":null,"semi_basement_r":null,"elderly_alone_r":0.3849,"bldg_age30_r":null,"shelter_min_walk":145,"pop":1343,"hh":873,"elderly65_r":0.5681,"single_hh_r":0.6163,"source_level":"emd","flood_years":[],"landslide_hist_n":0},"geometry":{"type":"Polygon","coordinates":[[[127.57727,35.94297],[127.57644,35.93917],[127.58061,35.93712],[127.58563,35.93886],[127.58646,35.94266],[127.58229,35.94471],[127.57727,35.94297]]]}},{"type":"Feature","properties":{"h3":"8830c426d5fffff","emd_code":"5273035000","emd_name":"부남면","area_km2":0.5273,"edge":false,"slope_mean":24.48,"elev_mean":310.0,"flood_hist_n":1,"flood_depth_max_m":1.0,"flood_risk_100y":null,"semi_basement_r":null,"elderly_alone_r":0.3849,"bldg_age30_r":null,"shelter_min_walk":165,"pop":1343,"hh":873,"elderly65_r":0.5681,"single_hh_r":0.6163,"source_level":"emd","flood_years":[2020],"landslide_hist_n":0},"geometry":{"type":"Polygon","coordinates":[[[127.56223,35.93774],[127.56139,35.93394],[127.56557,35.93189],[127.57058,35.93363],[127.57142,35.93743],[127.56724,35.93948],[127.56223,35.93774]]]}},{"type":"Feature","properties":{"h3":"8830c426d7fffff","emd_code":"5273035000","emd_name":"부남면","area_km2":0.5274,"edge":false,"slope_mean":29.6,"elev_mean":467.1,"flood_hist_n":0,"flood_depth_max_m":null,"flood_risk_100y":null,"semi_basement_r":null,"elderly_alone_r":0.3849,"bldg_age30_r":null,"shelter_min_walk":157,"pop":1343,"hh":873,"elderly65_r":0.5681,"single_hh_r":0.6163,"source_level":"emd","flood_years":[],"landslide_hist_n":0},"geometry":{"type":"Polygon","coordinates":[[[127.57142,35.93743],[127.57058,35.93363],[127.57476,35.93158],[127.57978,35.93332],[127.58061,35.93712],[127.57644,35.93917],[127.57142,35.93743]]]}},{"type":"Feature","properties":{"h3":"8830c426d9fffff","emd_code":"5273035000","emd_name":"부남면","area_km2":0.5272,"edge":false,"slope_mean":24.69,"elev_mean":301.7,"flood_hist_n":1,"flood_depth_max_m":1.0,"flood_risk_100y":null,"semi_basement_r":null,"elderly_alone_r":0.3849,"bldg_age30_r":null,"shelter_min_walk":150,"pop":1343,"hh":873,"elderly65_r":0.5681,"single_hh_r":0.6163,"source_level":"emd","flood_years":[2020],"landslide_hist_n":0},"geometry":{"type":"Polygon","coordinates":[[[127.56474,35.94912],[127.5639,35.94533],[127.56808,35.94328],[127.57309,35.94502],[127.57393,35.94881],[127.56975,35.95087],[127.56474,35.94912]]]}},{"type":"Feature","properties":{"h3":"8830c426dbfffff","emd_code":"5273035000","emd_name":"부남면","area_km2":0.5272,"edge":false,"slope_mean":27.38,"elev_mean":405.3,"flood_hist_n":0,"flood_depth_max_m":null,"flood_risk_100y":null,"semi_basement_r":null,"elderly_alone_r":0.3849,"bldg_age30_r":null,"shelter_min_walk":141,"pop":1343,"hh":873,"elderly65_r":0.5681,"single_hh_r":0.6163,"source_level":"emd","flood_years":[],"landslide_hist_n":0},"geometry":{"type":"Polygon","coordinates":[[[127.57393,35.94881],[127.57309,35.94502],[127.57727,35.94297],[127.58229,35.94471],[127.58312,35.9485],[127.57895,35.95056],[127.57393,35.94881]]]}},{"type":"Feature","properties":{"h3":"8830c426ddfffff","emd_code":"5273035000","emd_name":"부남면","area_km2":0.5272,"edge":false,"slope_mean":24.37,"elev_mean":336.0,"flood_hist_n":1,"flood_depth_max_m":1.0,"flood_risk_100y":null,"semi_basement_r":null,"elderly_alone_r":0.3849,"bldg_age30_r":null,"shelter_min_walk":162,"pop":1343,"hh":873,"elderly65_r":0.5681,"single_hh_r":0.6163,"source_level":"emd","flood_years":[2020],"landslide_hist_n":0},"geometry":{"type":"Polygon","coordinates":[[[127.55889,35.94359],[127.55805,35.93979],[127.56223,35.93774],[127.56724,35.93948],[127.56808,35.94328],[127.5639,35.94533],[127.55889,35.94359]]]}},{"type":"Feature","properties":{"h3":"8830c51921fffff","emd_code":"5273032000","emd_name":"설천면","area_km2":0.5274,"edge":false,"slope_mean":28.18,"elev_mean":966.4,"flood_hist_n":0,"flood_depth_max_m":null,"flood_risk_100y":null,"semi_basement_r":null,"elderly_alone_r":0.2626,"bldg_age30_r":null,"shelter_min_walk":86,"pop":3889,"hh":2323,"elderly65_r":0.4009,"single_hh_r":0.5751,"source_level":"emd","flood_years":[],"landslide_hist_n":0},"geometry":{"type":"Polygon","coordinates":[[[127.86754,36.01884],[127.86669,36.01505],[127.87088,36.01299],[127.8759,36.01472],[127.87674,36.01851],[127.87256,36.02057],[127.86754,36.01884]]]}},{"type":"Feature","properties":{"h3":"8830c51925fffff","emd_code":"5273032000","emd_name":"설천면","area_km2":0.5275,"edge":false,"slope_mean":28.08,"elev_mean":809.4,"flood_hist_n":0,"flood_depth_max_m":null,"flood_risk_100y":null,"semi_basement_r":null,"elderly_alone_r":0.2626,"bldg_age30_r":null,"shelter_min_walk":74,"pop":3889,"hh":2323,"elderly65_r":0.4009,"single_hh_r":0.5751,"source_level":"emd","flood_years":[],"landslide_hist_n":3},"geometry":{"type":"Polygon","coordinates":[[[127.86167,36.01332],[127.86083,36.00953],[127.86501,36.00747],[127.87004,36.0092],[127.87088,36.01299],[127.86669,36.01505],[127.86167,36.01332]]]}},{"type":"Feature","properties":{"h3":"8830c51927fffff","emd_code":"5273032000","emd_name":"설천면","area_km2":0.5276,"edge":false,"slope_mean":31.78,"elev_mean":985.7,"flood_hist_n":0,"flood_depth_max_m":null,"flood_risk_100y":null,"semi_basement_r":null,"elderly_alone_r":0.2626,"bldg_age30_r":null,"shelter_min_walk":80,"pop":3889,"hh":2323,"elderly65_r":0.4009,"single_hh_r":0.5751,"source_level":"emd","flood_years":[],"landslide_hist_n":0},"geometry":{"type":"Polygon","coordinates":[[[127.87088,36.01299],[127.87004,36.0092],[127.87422,36.00713],[127.87925,36.00886],[127.88009,36.01265],[127.8759,36.01472],[127.87088,36.01299]]]}},{"type":"Feature","properties":{"h3":"8830c51929fffff","emd_code":"5273032000","emd_name":"설천면","area_km2":0.5273,"edge":false,"slope_mean":27.4,"elev_mean":1079.6,"flood_hist_n":0,"flood_depth_max_m":null,"flood_risk_100y":null,"semi_basement_r":null,"elderly_alone_r":0.2626,"bldg_age30_r":null,"shelter_min_walk":93,"pop":3889,"hh":2323,"elderly65_r":0.4009,"single_hh_r":0.5751,"source_level":"emd","flood_years":[],"landslide_hist_n":0},"geometry":{"type":"Polygon","coordinates":[[[127.86419,36.02469],[127.86335,36.0209],[127.86754,36.01884],[127.87256,36.02057],[127.8734,36.02436],[127.86922,36.02642],[127.86419,36.02469]]]}},{"type":"Feature","properties":{"h3":"8830c5192bfffff","emd_code":"5273032000","emd_name":"설천면","area_km2":0.5274,"edge":true,"slope_mean":28.61,"elev_mean":1035.3,"flood_hist_n":0,"flood_depth_max_m":null,"flood_risk_100y":null,"semi_basement_r":null,"elderly_alone_r":0.2626,"bldg_age30_r":null,"shelter_min_walk":98,"pop":3889,"hh":2323,"elderly65_r":0.4009,"single_hh_r":0.5751,"source_level":"emd","flood_years":[],"landslide_hist_n":0},"geometry":{"type":"Polygon","coordinates":[[[127.8734,36.02436],[127.87256,36.02057],[127.87674,36.01851],[127.88177,36.02024],[127.88261,36.02403],[127.87843,36.02609],[127.8734,36.02436]]]}},{"type":"Feature","properties":{"h3":"8830c5192dfffff","emd_code":"5273032000","emd_name":"설천면","area_km2":0.5274,"edge":false,"slope_mean":28.74,"elev_mean":930.3,"flood_hist_n":0,"flood_depth_max_m":null,"flood_risk_100y":null,"semi_basement_r":null,"elderly_alone_r":0.2626,"bldg_age30_r":null,"shelter_min_walk":82,"pop":3889,"hh":2323,"elderly65_r":0.4009,"single_hh_r":0.5751,"source_level":"emd","flood_years":[],"landslide_hist_n":0},"geometry":{"type":"Polygon","coordinates":[[[127.85833,36.01917],[127.85749,36.01538],[127.86167,36.01332],[127.86669,36.01505],[127.86754,36.01884],[127.86335,36.0209],[127.85833,36.01917]]]}},{"type":"Feature","properties":{"h3":"8830c51945fffff","emd_code":"5273032000","emd_name":"설천면","area_km2":0.527,"edge":true,"slope_mean":27.48,"elev_mean":974.2,"flood_hist_n":0,"flood_depth_max_m":null,"flood_risk_100y":null,"semi_basement_r":null,"elderly_alone_r":0.2626,"bldg_age30_r":null,"shelter_min_walk":107,"pop":3889,"hh":2323,"elderly65_r":0.4009,"single_hh_r":0.5751,"source_level":"emd","flood_years":[],"landslide_hist_n":0},"geometry":{"type":"Polygon","coordinates":[[[127.85416,36.04223],[127.85332,36.03844],[127.85751,36.03638],[127.86253,36.03811],[127.86337,36.0419],[127.85919,36.04396],[127.85416,36.04223]]]}},{"type":"Feature","properties":{"h3":"8830c51961fffff","emd_code":"5273032000","emd_name":"설천면","area_km2":0.5272,"edge":false,"slope_mean":27.21,"elev_mean":1001.8,"flood_hist_n":0,"flood_depth_max_m":null,"flood_risk_100y":null,"semi_basement_r":null,"elderly_alone_r":0.2626,"bldg_age30_r":null,"shelter_min_walk":96,"pop":3889,"hh":2323,"elderly65_r":0.4009,"single_hh_r":0.5751,"source_level":"emd","flood_years":[],"landslide_hist_n":0},"geometry":{"type":"Polygon","coordinates":[[[127.85164,36.03087],[127.8508,36.02708],[127.85498,36.02502],[127.86001,36.02675],[127.86085,36.03054],[127.85666,36.0326],[127.85164,36.03087]]]}},{"type":"Feature","properties":{"h3":"8830c51963fffff","emd_code":"5273032000","emd_name":"설천면","area_km2":0.5272,"edge":true,"slope_mean":26.34,"elev_mean":1076.2,"flood_hist_n":0,"flood_depth_max_m":null,"flood_risk_100y":null,"semi_basement_r":null,"elderly_alone_r":0.2626,"bldg_age30_r":null,"shelter_min_walk":101,"pop":3889,"hh":2323,"elderly65_r":0.4009,"single_hh_r":0.5751,"source_level":"emd","flood_years":[],"landslide_hist_n":0},"geometry":{"type":"Polygon","coordinates":[[[127.86085,36.03054],[127.86001,36.02675],[127.86419,36.02469],[127.86922,36.02642],[127.87006,36.03021],[127.86587,36.03227],[127.86085,36.03054]]]}},{"type":"Feature","properties":{"h3":"8830c51965fffff","emd_code":"5273032000","emd_name":"설천면","area_km2":0.5272,"edge":false,"slope_mean":26.28,"elev_mean":783.7,"flood_hist_n":0,"flood_depth_max_m":null,"flood_risk_100y":null,"semi_basement_r":null,"elderly_alone_r":0.2626,"bldg_age30_r":null,"shelter_min_walk":86,"pop":3889,"hh":2323,"elderly65_r":0.4009,"single_hh_r":0.5751,"source_level":"emd","flood_years":[],"landslide_hist_n":0},"geometry":{"type":"Polygon","coordinates":[[[127.84578,36.02535],[127.84494,36.02156],[127.84912,36.0195],[127.85414,36.02123],[127.85498,36.02502],[127.8508,36.02708],[127.84578,36.02535]]]}},{"type":"Feature","properties":{"h3":"8830c51967fffff","emd_code":"5273032000","emd_name":"설천면","area_km2":0.5273,"edge":false,"slope_mean":29.19,"elev_mean":991.7,"flood_hist_n":0,"flood_depth_max_m":null,"flood_risk_100y":null,"semi_basement_r":null,"elderly_alone_r":0.2626,"bldg_age30_r":null,"shelter_min_walk":90,"pop":3889,"hh":2323,"elderly65_r":0.4009,"single_hh_r":0.5751,"source_level":"emd","flood_years":[],"landslide_hist_n":0},"geometry":{"type":"Polygon","coordinates":[[[127.85498,36.02502],[127.85414,36.02123],[127.85833,36.01917],[127.86335,36.0209],[127.86419,36.02469],[127.86001,36.02675],[127.85498,36.02502]]]}},{"type":"Feature","properties":{"h3":"8830c51969fffff","emd_code":"5273032000","emd_name":"설천면","area_km2":0.527,"edge":false,"slope_mean":28.26,"elev_mean":1060.8,"flood_hist_n":0,"flood_depth_max_m":null,"flood_risk_100y":null,"semi_basement_r":null,"elderly_alone_r":0.2626,"bldg_age30_r":null,"shelter_min_walk":96,"pop":3889,"hh":2323,"elderly65_r":0.4009,"single_hh_r":0.5751,"source_level":"emd","flood_years":[],"landslide_hist_n":0},"geometry":{"type":"Polygon","coordinates":[[[127.8483,36.03671],[127.84746,36.03292],[127.85164,36.03087],[127.85666,36.0326],[127.85751,36.03638],[127.85332,36.03844],[127.8483,36.03671]]]}},{"type":"Feature","properties":{"h3":"8830c5196bfffff","emd_code":"5273032000","emd_name":"설천면","area_km2":0.5271,"edge":true,"slope_mean":27.16,"elev_mean":1011.8,"flood_hist_n":0,"flood_depth_max_m":null,"flood_risk_100y":null,"semi_basement_r":null,"elderly_alone_r":0.2626,"bldg_age30_r":null,"shelter_min_walk":107,"pop":3889,"hh":2323,"elderly65_r":0.4009,"single_hh_r":0.5751,"source_level":"emd","flood_years":[],"landslide_hist_n":0},"geometry":{"type":"Polygon","coordinates":[[[127.85751,36.03638],[127.85666,36.0326],[127.86085,36.03054],[127.86587,36.03227],[127.86671,36.03605],[127.86253,36.03811],[127.85751,36.03638]]]}},{"type":"Feature","properties":{"h3":"8830c5196dfffff","emd_code":"5273032000","emd_name":"설천면","area_km2":0.5271,"edge":false,"slope_mean":26.63,"elev_mean":894.0,"flood_hist_n":0,"flood_depth_max_m":null,"flood_risk_100y":null,"semi_basement_r":null,"elderly_alone_r":0.2626,"bldg_age30_r":null,"shelter_min_walk":85,"pop":3889,"hh":2323,"elderly65_r":0.4009,"single_hh_r":0.5751,"source_level":"emd","flood_years":[],"landslide_hist_n":0},"geometry":{"type":"Polygon","coordinates":[[[127.84243,36.03119],[127.84159,36.0274],[127.84578,36.02535],[127.8508,36.02708],[127.85164,36.03087],[127.84746,36.03292],[127.84243,36.03119]]]}},{"type":"Feature","properties":{"h3":"8830c54045fffff","emd_code":"5273032000","emd_name":"설천면","area_km2":0.5299,"edge":true,"slope_mean":30.47,"elev_mean":1026.0,"flood_hist_n":0,"flood_depth_max_m":null,"flood_risk_100y":null,"semi_basement_r":null,"elderly_alone_r":0.2626,"bldg_age30_r":null,"shelter_min_walk":177,"pop":3889,"hh":2323,"elderly65_r":0.4009,"single_hh_r":0.5751,"source_level":"emd","flood_years":[],"landslide_hist_n":0},"geometry":{"type":"Polygon","coordinates":[[[127.77786,35.8441],[127.77702,35.8403],[127.7812,35.83823],[127.78622,35.83997],[127.78706,35.84377],[127.78288,35.84584],[127.77786,35.8441]]]}},{"type":"Feature","properties":{"h3":"8830c54049fffff","emd_code":"5273032000","emd_name":"설천면","area_km2":0.5298,"edge":false,"slope_mean":26.99,"elev_mean":1188.8,"flood_hist_n":0,"flood_depth_max_m":null,"flood_risk_100y":null,"semi_basement_r":null,"elderly_alone_r":0.2626,"bldg_age30_r":null,"shelter_min_walk":178,"pop":3889,"hh":2323,"elderly65_r":0.4009,"single_hh_r":0.5751,"source_level":"emd","flood_years":[],"landslide_hist_n":0},"geometry":{"type":"Polygon","coordinates":[[[127.78038,35.85551],[127.77954,35.85171],[127.78372,35.84964],[127.78874,35.85138],[127.78958,35.85518],[127.7854,35.85725],[127.78038,35.85551]]]}},{"type":"Feature","properties":{"h3":"8830c5404bfffff","emd_code":"5273032000","emd_name":"설천면","area_km2":0.5298,"edge":false,"slope_mean":27.93,"elev_mean":1056.3,"flood_hist_n":0,"flood_depth_max_m":null,"flood_risk_100y":null,"semi_basement_r":null,"elderly_alone_r":0.2626,"bldg_age30_r":null,"shelter_min_walk":190,"pop":3889,"hh":2323,"elderly65_r":0.4009,"single_hh_r":0.5751,"source_level":"emd","flood_years":[],"landslide_hist_n":0},"geometry":{"type":"Polygon","coordinates":[[[127.78958,35.85518],[127.78874,35.85138],[127.79292,35.84931],[127.79794,35.85105],[127.79878,35.85485],[127.7946,35.85692],[127.78958,35.85518]]]}},{"type":"Feature","properties":{"h3":"8830c5404dfffff","emd_code":"5273032000","emd_name":"설천면","area_km2":0.5298,"edge":false,"slope_mean":25.01,"elev_mean":1189.4,"flood_hist_n":0,"flood_depth_max_m":null,"flood_risk_100y":null,"semi_basement_r":null,"elderly_alone_r":0.2626,"bldg_age30_r":null,"shelter_min_walk":171,"pop":3889,"hh":2323,"elderly65_r":0.4009,"single_hh_r":0.5751,"source_level":"emd","flood_years":[],"landslide_hist_n":0},"geometry":{"type":"Polygon","coordinates":[[[127.77452,35.84997],[127.77368,35.84617],[127.77786,35.8441],[127.78288,35.84584],[127.78372,35.84964],[127.77954,35.85171],[127.77452,35.84997]]]}},{"type":"Feature","properties":{"h3":"8830c54051fffff","emd_code":"5273031000","emd_name":"무풍면","area_km2":0.5299,"edge":true,"slope_mean":29.37,"elev_mean":1076.8,"flood_hist_n":0,"flood_depth_max_m":null,"flood_risk_100y":null,"semi_basement_r":null,"elderly_alone_r":0.3256,"bldg_age30_r":null,"shelter_min_walk":200,"pop":2102,"hh":1330,"elderly65_r":0.4957,"single_hh_r":0.585,"source_level":"emd","flood_years":[],"landslide_hist_n":0},"geometry":{"type":"Polygon","coordinates":[[[127.80798,35.85452],[127.80714,35.85072],[127.81132,35.84865],[127.81634,35.85038],[127.81718,35.85419],[127.813,35.85626],[127.80798,35.85452]]]}},{"type":"Feature","properties":{"h3":"8830c54059fffff","emd_code":"5273031000","emd_name":"무풍면","area_km2":0.5298,"edge":false,"slope_mean":24.7,"elev_mean":1092.8,"flood_hist_n":0,"flood_depth_max_m":null,"flood_risk_100y":null,"semi_basement_r":null,"elderly_alone_r":0.3256,"bldg_age30_r":null,"shelter_min_walk":191,"pop":2102,"hh":1330,"elderly65_r":0.4957,"single_hh_r":0.585,"source_level":"emd","flood_years":[],"landslide_hist_n":0},"geometry":{"type":"Polygon","coordinates":[[[127.80464,35.86039],[127.8038,35.85659],[127.80798,35.85452],[127.813,35.85626],[127.81384,35.86006],[127.80966,35.86212],[127.80464,35.86039]]]}},{"type":"Feature","properties":{"h3":"8830c5405bfffff","emd_code":"5273031000","emd_name":"무풍면","area_km2":0.5298,"edge":true,"slope_mean":23.98,"elev_mean":950.1,"flood_hist_n":0,"flood_depth_max_m":null,"flood_risk_100y":null,"semi_basement_r":null,"elderly_alone_r":0.3256,"bldg_age30_r":null,"shelter_min_walk":189,"pop":2102,"hh":1330,"elderly65_r":0.4957,"single_hh_r":0.585,"source_level":"emd","flood_years":[],"landslide_hist_n":0},"geometry":{"type":"Polygon","coordinates":[[[127.81384,35.86006],[127.813,35.85626],[127.81718,35.85419],[127.8222,35.85592],[127.82304,35.85973],[127.81886,35.86179],[127.81384,35.86006]]]}},{"type":"Feature","properties":{"h3":"8830c5405dfffff","emd_code":"5273032000","emd_name":"설천면","area_km2":0.5299,"edge":true,"slope_mean":29.27,"elev_mean":1039.9,"flood_hist_n":0,"flood_depth_max_m":null,"flood_risk_100y":null,"semi_basement_r":null,"elderly_alone_r":0.2626,"bldg_age30_r":null,"shelter_min_walk":202,"pop":3889,"hh":2323,"elderly65_r":0.4009,"single_hh_r":0.5751,"source_level":"emd","flood_years":[],"landslide_hist_n":0},"geometry":{"type":"Polygon","coordinates":[[[127.79878,35.85485],[127.79794,35.85105],[127.80212,35.84898],[127.80714,35.85072],[127.80798,35.85452],[127.8038,35.85659],[127.79878,35.85485]]]}},{"type":"Feature","properties":{"h3":"8830c54201fffff","emd_code":"5273032000","emd_name":"설천면","area_km2":0.5294,"edge":false,"slope_mean":20.99,"elev_mean":770.8,"flood_hist_n":0,"flood_depth_max_m":null,"flood_risk_100y":null,"semi_basement_r":null,"elderly_alone_r":0.2626,"bldg_age30_r":null,"shelter_min_walk":173,"pop":3889,"hh":2323,"elderly65_r":0.4009,"single_hh_r":0.5751,"source_level":"emd","flood_years":[],"landslide_hist_n":0},"geometry":{"type":"Polygon","coordinates":[[[127.77621,35.87865],[127.77537,35.87485],[127.77955,35.87278],[127.78457,35.87452],[127.78541,35.87832],[127.78123,35.88039],[127.77621,35.87865]]]}},{"type":"Feature","properties":{"h3":"8830c54203fffff","emd_code":"5273032000","emd_name":"설천면","area_km2":0.5294,"edge":false,"slope_mean":24.28,"elev_mean":908.1,"flood_hist_n":0,"flood_depth_max_m":null,"flood_risk_100y":null,"semi_basement_r":null,"elderly_alone_r":0.2626,"bldg_age30_r":null,"shelter_min_walk":172,"pop":3889,"hh":2323,"elderly65_r":0.4009,"single_hh_r":0.5751,"source_level":"emd","flood_years":[],"landslide_hist_n":0},"geometry":{"type":"Polygon","coordinates":[[[127.78541,35.87832],[127.78457,35.87452],[127.78875,35.87246],[127.79377,35.87419],[127.79461,35.87799],[127.79043,35.88006],[127.78541,35.87832]]]}},{"type":"Feature","properties":{"h3":"8830c54205fffff","emd_code":"5273032000","emd_name":"설천면","area_km2":0.5294,"edge":false,"slope_mean":25.82,"elev_mean":871.6,"flood_hist_n":0,"flood_depth_max_m":null,"flood_risk_100y":null,"semi_basement_r":null,"elderly_alone_r":0.2626,"bldg_age30_r":null,"shelter_min_walk":164,"pop":3889,"hh":2323,"elderly65_r":0.4009,"single_hh_r":0.5751,"source_level":"emd","flood_years":[],"landslide_hist_n":0},"geometry":{"type":"Polygon","coordinates":[[[127.77035,35.87311],[127.76951,35.86931],[127.77369,35.86725],[127.77871,35.86898],[127.77955,35.87278],[127.77537,35.87485],[127.77035,35.87311]]]}},{"type":"Feature","properties":{"h3":"8830c54207fffff","emd_code":"5273032000","emd_name":"설천면","area_km2":0.5295,"edge":false,"slope_mean":22.81,"elev_mean":850.9,"flood_hist_n":0,"flood_depth_max_m":null,"flood_risk_100y":null,"semi_basement_r":null,"elderly_alone_r":0.2626,"bldg_age30_r":null,"shelter_min_walk":176,"pop":3889,"hh":2323,"elderly65_r":0.4009,"single_hh_r":0.5751,"source_level":"emd","flood_years":[],"landslide_hist_n":0},"geometry":{"type":"Polygon","coordinates":[[[127.77955,35.87278],[127.77871,35.86898],[127.78289,35.86692],[127.78792,35.86865],[127.78875,35.87246],[127.78457,35.87452],[127.77955,35.87278]]]}},{"type":"Feature","properties":{"h3":"8830c54209fffff","emd_code":"5273032000","emd_name":"설천면","area_km2":0.5292,"edge":false,"slope_mean":19.75,"elev_mean":739.3,"flood_hist_n":0,"flood_depth_max_m":null,"flood_risk_100y":null,"semi_basement_r":null,"elderly_alone_r":0.2626,"bldg_age30_r":null,"shelter_min_walk":170,"pop":3889,"hh":2323,"elderly65_r":0.4009,"single_hh_r":0.5751,"source_level":"emd","flood_years":[],"landslide_hist_n":0},"geometry":{"type":"Polygon","coordinates":[[[127.77287,35.88451],[127.77203,35.88071],[127.77621,35.87865],[127.78123,35.88039],[127.78207,35.88419],[127.77789,35.88625],[127.77287,35.88451]]]}},{"type":"Feature","properties":{"h3":"8830c5420bfffff","emd_code":"5273032000","emd_name":"설천면","area_km2":0.5293,"edge":false,"slope_mean":25.15,"elev_mean":887.4,"flood_hist_n":0,"flood_depth_max_m":null,"flood_risk_100y":null,"semi_basement_r":null,"elderly_alone_r":0.2626,"bldg_age30_r":null,"shelter_min_walk":165,"pop":3889,"hh":2323,"elderly65_r":0.4009,"single_hh_r":0.5751,"source_level":"emd","flood_years":[],"landslide_hist_n":0},"geometry":{"type":"Polygon","coordinates":[[[127.78207,35.88419],[127.78123,35.88039],[127.78541,35.87832],[127.79043,35.88006],[127.79127,35.88386],[127.78709,35.88592],[127.78207,35.88419]]]}},{"type":"Feature","properties":{"h3":"8830c5420dfffff","emd_code":"5273032000","emd_name":"설천면","area_km2":0.5293,"edge":false,"slope_mean":28.13,"elev_mean":923.7,"flood_hist_n":0,"flood_depth_max_m":null,"flood_risk_100y":null,"semi_basement_r":null,"elderly_alone_r":0.2626,"bldg_age30_r":null,"shelter_min_walk":161,"pop":3889,"hh":2323,"elderly65_r":0.4009,"single_hh_r":0.5751,"source_level":"emd","flood_years":[],"landslide_hist_n":0},"geometry":{"type":"Polygon","coordinates":[[[127.76701,35.87898],[127.76617,35.87518],[127.77035,35.87311],[127.77537,35.87485],[127.77621,35.87865],[127.77203,35.88071],[127.76701,35.87898]]]}},{"type":"Feature","properties":{"h3":"8830c54211fffff","emd_code":"5273031000","emd_name":"무풍면","area_km2":0.5294,"edge":false,"slope_mean":26.18,"elev_mean":1019.9,"flood_hist_n":0,"flood_depth_max_m":null,"flood_risk_100y":null,"semi_basement_r":null,"elderly_alone_r":0.3256,"bldg_age30_r":null,"shelter_min_walk":156,"pop":2102,"hh":1330,"elderly65_r":0.4957,"single_hh_r":0.585,"source_level":"emd","flood_years":[],"landslide_hist_n":0},"geometry":{"type":"Polygon","coordinates":[[[127.80047,35.88353],[127.79963,35.87973],[127.80382,35.87766],[127.80884,35.8794],[127.80968,35.8832],[127.8055,35.88526],[127.80047,35.88353]]]}},{"type":"Feature","properties":{"h3":"8830c54213fffff","emd_code":"5273031000","emd_name":"무풍면","area_km2":0.5294,"edge":false,"slope_mean":26.84,"elev_mean":916.4,"flood_hist_n":0,"flood_depth_max_m":null,"flood_risk_100y":null,"semi_basement_r":null,"elderly_alone_r":0.3256,"bldg_age30_r":null,"shelter_min_walk":153,"pop":2102,"hh":1330,"elderly65_r":0.4957,"single_hh_r":0.585,"source_level":"emd","flood_years":[],"landslide_hist_n":0},"geometry":{"type":"Polygon","coordinates":[[[127.80968,35.8832],[127.80884,35.8794],[127.81302,35.87733],[127.81804,35.87907],[127.81888,35.88287],[127.8147,35.88493],[127.80968,35.8832]]]}},{"type":"Feature","properties":{"h3":"8830c54215fffff","emd_code":"5273032000","emd_name":"설천면","area_km2":0.5295,"edge":false,"slope_mean":26.84,"elev_mean":1121.3,"flood_hist_n":0,"flood_depth_max_m":null,"flood_risk_100y":null,"semi_basement_r":null,"elderly_alone_r":0.2626,"bldg_age30_r":null,"shelter_min_walk":168,"pop":3889,"hh":2323,"elderly65_r":0.4009,"single_hh_r":0.5751,"source_level":"emd","flood_years":[],"landslide_hist_n":0},"geometry":{"type":"Polygon","coordinates":[[[127.79461,35.87799],[127.79377,35.87419],[127.79796,35.87213],[127.80298,35.87386],[127.80382,35.87766],[127.79963,35.87973],[127.79461,35.87799]]]}},{"type":"Feature","properties":{"h3":"8830c54217fffff","emd_code":"5273031000","emd_name":"무풍면","area_km2":0.5295,"edge":false,"slope_mean":28.08,"elev_mean":1077.7,"flood_hist_n":0,"flood_depth_max_m":null,"flood_risk_100y":null,"semi_basement_r":null,"elderly_alone_r":0.3256,"bldg_age30_r":null,"shelter_min_walk":164,"pop":2102,"hh":1330,"elderly65_r":0.4957,"single_hh_r":0.585,"source_level":"emd","flood_years":[],"landslide_hist_n":0},"geometry":{"type":"Polygon","coordinates":[[[127.80382,35.87766],[127.80298,35.87386],[127.80716,35.87179],[127.81218,35.87353],[127.81302,35.87733],[127.80884,35.8794],[127.80382,35.87766]]]}},{"type":"Feature","properties":{"h3":"8830c54219fffff","emd_code":"5273031000","emd_name":"무풍면","area_km2":0.5293,"edge":false,"slope_mean":24.75,"elev_mean":894.3,"flood_hist_n":0,"flood_depth_max_m":null,"flood_risk_100y":null,"semi_basement_r":null,"elderly_alone_r":0.3256,"bldg_age30_r":null,"shelter_min_walk":149,"pop":2102,"hh":1330,"elderly65_r":0.4957,"single_hh_r":0.585,"source_level":"emd","flood_years":[],"landslide_hist_n":0},"geometry":{"type":"Polygon","coordinates":[[[127.79713,35.88939],[127.79629,35.88559],[127.80047,35.88353],[127.8055,35.88526],[127.80633,35.88906],[127.80215,35.89113],[127.79713,35.88939]]]}},{"type":"Feature","properties":{"h3":"8830c5421bfffff","emd_code":"5273031000","emd_name":"무풍면","area_km2":0.5293,"edge":false,"slope_mean":24.72,"elev_mean":895.1,"flood_hist_n":0,"flood_depth_max_m":null,"flood_risk_100y":null,"semi_basement_r":null,"elderly_alone_r":0.3256,"bldg_age30_r":null,"shelter_min_walk":145,"pop":2102,"hh":1330,"elderly65_r":0.4957,"single_hh_r":0.585,"source_level":"emd","flood_years":[],"landslide_hist_n":0},"geometry":{"type":"Polygon","coordinates":[[[127.80633,35.88906],[127.8055,35.88526],[127.80968,35.8832],[127.8147,35.88493],[127.81554,35.88873],[127.81136,35.8908],[127.80633,35.88906]]]}},{"type":"Feature","properties":{"h3":"8830c5421dfffff","emd_code":"5273031000","emd_name":"무풍면","area_km2":0.5293,"edge":false,"slope_mean":26.15,"elev_mean":1041.3,"flood_hist_n":0,"flood_depth_max_m":null,"flood_risk_100y":null,"semi_basement_r":null,"elderly_alone_r":0.3256,"bldg_age30_r":null,"shelter_min_walk":160,"pop":2102,"hh":1330,"elderly65_r":0.4957,"single_hh_r":0.585,"source_level":"emd","flood_years":[],"landslide_hist_n":0},"geometry":{"type":"Polygon","coordinates":[[[127.79127,35.88386],[127.79043,35.88006],[127.79461,35.87799],[127.79963,35.87973],[127.80047,35.88353],[127.79629,35.88559],[127.79127,35.88386]]]}},{"type":"Feature","properties":{"h3":"8830c54221fffff","emd_code":"5273032000","emd_name":"설천면","area_km2":0.5296,"edge":false,"slope_mean":24.94,"elev_mean":961.9,"flood_hist_n":0,"flood_depth_max_m":null,"flood_risk_100y":null,"semi_basement_r":null,"elderly_alone_r":0.2626,"bldg_age30_r":null,"shelter_min_walk":160,"pop":3889,"hh":2323,"elderly65_r":0.4009,"single_hh_r":0.5751,"source_level":"emd","flood_years":[],"landslide_hist_n":0},"geometry":{"type":"Polygon","coordinates":[[[127.76784,35.86171],[127.767,35.85791],[127.77118,35.85584],[127.7762,35.85758],[127.77704,35.86138],[127.77286,35.86344],[127.76784,35.86171]]]}},{"type":"Feature","properties":{"h3":"8830c54223fffff","emd_code":"5273032000","emd_name":"설천면","area_km2":0.5296,"edge":false,"slope_mean":25.92,"elev_mean":1048.8,"flood_hist_n":0,"flood_depth_max_m":null,"flood_risk_100y":null,"semi_basement_r":null,"elderly_alone_r":0.2626,"bldg_age30_r":null,"shelter_min_walk":173,"pop":3889,"hh":2323,"elderly65_r":0.4009,"single_hh_r":0.5751,"source_level":"emd","flood_years":[],"landslide_hist_n":0},"geometry":{"type":"Polygon","coordinates":[[[127.77704,35.86138],[127.7762,35.85758],[127.78038,35.85551],[127.7854,35.85725],[127.78624,35.86105],[127.78206,35.86312],[127.77704,35.86138]]]}},{"type":"Feature","properties":{"h3":"8830c54225fffff","emd_code":"5273032000","emd_name":"설천면","area_km2":0.5297,"edge":false,"slope_mean":24.21,"elev_mean":1074.9,"flood_hist_n":0,"flood_depth_max_m":null,"flood_risk_100y":null,"semi_basement_r":null,"elderly_alone_r":0.2626,"bldg_age30_r":null,"shelter_min_walk":153,"pop":3889,"hh":2323,"elderly65_r":0.4009,"single_hh_r":0.5751,"source_level":"emd","flood_years":[],"landslide_hist_n":0},"geometry":{"type":"Polygon","coordinates":[[[127.76198,35.85617],[127.76114,35.85237],[127.76532,35.8503],[127.77034,35.85204],[127.77118,35.85584],[127.767,35.85791],[127.76198,35.85617]]]}},{"type":"Feature","properties":{"h3":"8830c54227fffff","emd_code":"5273032000","emd_name":"설천면","area_km2":0.5297,"edge":false,"slope_mean":25.27,"elev_mean":1100.3,"flood_hist_n":0,"flood_depth_max_m":null,"flood_risk_100y":null,"semi_basement_r":null,"elderly_alone_r":0.2626,"bldg_age30_r":null,"shelter_min_walk":166,"pop":3889,"hh":2323,"elderly65_r":0.4009,"single_hh_r":0.5751,"source_level":"emd","flood_years":[],"landslide_hist_n":0},"geometry":{"type":"Polygon","coordinates":[[[127.77118,35.85584],[127.77034,35.85204],[127.77452,35.84997],[127.77954,35.85171],[127.78038,35.85551],[127.7762,35.85758],[127.77118,35.85584]]]}},{"type":"Feature","properties":{"h3":"8830c54229fffff","emd_code":"5273032000","emd_name":"설천면","area_km2":0.5295,"edge":false,"slope_mean":23.06,"elev_mean":920.7,"flood_hist_n":0,"flood_depth_max_m":null,"flood_risk_100y":null,"semi_basement_r":null,"elderly_alone_r":0.2626,"bldg_age30_r":null,"shelter_min_walk":156,"pop":3889,"hh":2323,"elderly65_r":0.4009,"single_hh_r":0.5751,"source_level":"emd","flood_years":[],"landslide_hist_n":0},"geometry":{"type":"Polygon","coordinates":[[[127.76449,35.86757],[127.76365,35.86377],[127.76784,35.86171],[127.77286,35.86344],[127.77369,35.86725],[127.76951,35.86931],[127.76449,35.86757]]]}},{"type":"Feature","properties":{"h3":"8830c5422bfffff","emd_code":"5273032000","emd_name":"설천면","area_km2":0.5295,"edge":false,"slope_mean":25.74,"elev_mean":965.2,"flood_hist_n":0,"flood_depth_max_m":null,"flood_risk_100y":null,"semi_basement_r":null,"elderly_alone_r":0.2626,"bldg_age30_r":null,"shelter_min_walk":168,"pop":3889,"hh":2323,"elderly65_r":0.4009,"single_hh_r":0.5751,"source_level":"emd","flood_years":[],"landslide_hist_n":0},"geometry":{"type":"Polygon","coordinates":[[[127.77369,35.86725],[127.77286,35.86344],[127.77704,35.86138],[127.78206,35.86312],[127.78289,35.86692],[127.77871,35.86898],[127.77369,35.86725]]]}},{"type":"Feature","properties":{"h3":"8830c5422dfffff","emd_code":"5273032000","emd_name":"설천면","area_km2":0.5295,"edge":false,"slope_mean":24.39,"elev_mean":1056.3,"flood_hist_n":0,"flood_depth_max_m":null,"flood_risk_100y":null,"semi_basement_r":null,"elderly_alone_r":0.2626,"bldg_age30_r":null,"shelter_min_walk":148,"pop":3889,"hh":2323,"elderly65_r":0.4009,"single_hh_r":0.5751,"source_level":"emd","flood_years":[],"landslide_hist_n":0},"geometry":{"type":"Polygon","coordinates":[[[127.75864,35.86204],[127.7578,35.85823],[127.76198,35.85617],[127.767,35.85791],[127.76784,35.86171],[127.76365,35.86377],[127.75864,35.86204]]]}},{"type":"Feature","properties":{"h3":"8830c54231fffff","emd_code":"5273032000","emd_name":"설천면","area_km2":0.5296,"edge":false,"slope_mean":27.38,"elev_mean":1043.0,"flood_hist_n":0,"flood_depth_max_m":null,"flood_risk_100y":null,"semi_basement_r":null,"elderly_alone_r":0.2626,"bldg_age30_r":null,"shelter_min_walk":186,"pop":3889,"hh":2323,"elderly65_r":0.4009,"single_hh_r":0.5751,"source_level":"emd","flood_years":[],"landslide_hist_n":0},"geometry":{"type":"Polygon","coordinates":[[[127.7921,35.86659],[127.79126,35.86279],[127.79544,35.86072],[127.80046,35.86246],[127.8013,35.86626],[127.79712,35.86832],[127.7921,35.86659]]]}},{"type":"Feature","properties":{"h3":"8830c54233fffff","emd_code":"5273031000","emd_name":"무풍면","area_km2":0.5297,"edge":false,"slope_mean":27.22,"elev_mean":1136.3,"flood_hist_n":0,"flood_depth_max_m":null,"flood_risk_100y":null,"semi_basement_r":null,"elderly_alone_r":0.3256,"bldg_age30_r":null,"shelter_min_walk":183,"pop":2102,"hh":1330,"elderly65_r":0.4957,"single_hh_r":0.585,"source_level":"emd","flood_years":[],"landslide_hist_n":0},"geometry":{"type":"Polygon","coordinates":[[[127.8013,35.86626],[127.80046,35.86246],[127.80464,35.86039],[127.80966,35.86212],[127.8105,35.86593],[127.80632,35.86799],[127.8013,35.86626]]]}},{"type":"Feature","properties":{"h3":"8830c54235fffff","emd_code":"5273032000","emd_name":"설천면","area_km2":0.5297,"edge":false,"slope_mean":24.78,"elev_mean":974.4,"flood_hist_n":0,"flood_depth_max_m":null,"flood_risk_100y":null,"semi_basement_r":null,"elderly_alone_r":0.2626,"bldg_age30_r":null,"shelter_min_walk":185,"pop":3889,"hh":2323,"elderly65_r":0.4009,"single_hh_r":0.5751,"source_level":"emd","flood_years":[],"landslide_hist_n":0},"geometry":{"type":"Polygon","coordinates":[[[127.78624,35.86105],[127.7854,35.85725],[127.78958,35.85518],[127.7946,35.85692],[127.79544,35.86072],[127.79126,35.86279],[127.78624,35.86105]]]}},{"type":"Feature","properties":{"h3":"8830c54237fffff","emd_code":"5273032000","emd_name":"설천면","area_km2":0.5297,"edge":false,"slope_mean":25.56,"elev_mean":1107.5,"flood_hist_n":0,"flood_depth_max_m":null,"flood_risk_100y":null,"semi_basement_r":null,"elderly_alone_r":0.2626,"bldg_age30_r":null,"shelter_min_walk":194,"pop":3889,"hh":2323,"elderly65_r":0.4009,"single_hh_r":0.5751,"source_level":"emd","flood_years":[],"landslide_hist_n":0},"geometry":{"type":"Polygon","coordinates":[[[127.79544,35.86072],[127.7946,35.85692],[127.79878,35.85485],[127.8038,35.85659],[127.80464,35.86039],[127.80046,35.86246],[127.79544,35.86072]]]}},{"type":"Feature","properties":{"h3":"8830c54239fffff","emd_code":"5273032000","emd_name":"설천면","area_km2":0.5295,"edge":false,"slope_mean":26.45,"elev_mean":975.5,"flood_hist_n":0,"flood_depth_max_m":null,"flood_risk_100y":null,"semi_basement_r":null,"elderly_alone_r":0.2626,"bldg_age30_r":null,"shelter_min_walk":179,"pop":3889,"hh":2323,"elderly65_r":0.4009,"single_hh_r":0.5751,"source_level":"emd","flood_years":[],"landslide_hist_n":0},"geometry":{"type":"Polygon","coordinates":[[[127.78875,35.87246],[127.78792,35.86865],[127.7921,35.86659],[127.79712,35.86832],[127.79796,35.87213],[127.79377,35.87419],[127.78875,35.87246]]]}},{"type":"Feature","properties":{"h3":"8830c5423bfffff","emd_code":"5273031000","emd_name":"무풍면","area_km2":0.5296,"edge":false,"slope_mean":28.02,"elev_mean":1150.6,"flood_hist_n":0,"flood_depth_max_m":null,"flood_risk_100y":null,"semi_basement_r":null,"elderly_alone_r":0.3256,"bldg_age30_r":null,"shelter_min_walk":175,"pop":2102,"hh":1330,"elderly65_r":0.4957,"single_hh_r":0.585,"source_level":"emd","flood_years":[],"landslide_hist_n":0},"geometry":{"type":"Polygon","coordinates":[[[127.79796,35.87213],[127.79712,35.86832],[127.8013,35.86626],[127.80632,35.86799],[127.80716,35.87179],[127.80298,35.87386],[127.79796,35.87213]]]}},{"type":"Feature","properties":{"h3":"8830c5423dfffff","emd_code":"5273032000","emd_name":"설천면","area_km2":0.5296,"edge":false,"slope_mean":22.38,"elev_mean":880.4,"flood_hist_n":0,"flood_depth_max_m":null,"flood_risk_100y":null,"semi_basement_r":null,"elderly_alone_r":0.2626,"bldg_age30_r":null,"shelter_min_walk":181,"pop":3889,"hh":2323,"elderly65_r":0.4009,"single_hh_r":0.5751,"source_level":"emd","flood_years":[],"landslide_hist_n":0},"geometry":{"type":"Polygon","coordinates":[[[127.78289,35.86692],[127.78206,35.86312],[127.78624,35.86105],[127.79126,35.86279],[127.7921,35.86659],[127.78792,35.86865],[127.78289,35.86692]]]}},{"type":"Feature","properties":{"h3":"8830c54241fffff","emd_code":"5273032000","emd_name":"설천면","area_km2":0.5291,"edge":false,"slope_mean":23.13,"elev_mean":904.0,"flood_hist_n":0,"flood_depth_max_m":null,"flood_risk_100y":null,"semi_basement_r":null,"elderly_alone_r":0.2626,"bldg_age30_r":null,"shelter_min_walk":156,"pop":3889,"hh":2323,"elderly65_r":0.4009,"single_hh_r":0.5751,"source_level":"emd","flood_years":[],"landslide_hist_n":0},"geometry":{"type":"Polygon","coordinates":[[[127.76033,35.89071],[127.75949,35.88691],[127.76367,35.88484],[127.76869,35.88658],[127.76953,35.89038],[127.76535,35.89244],[127.76033,35.89071]]]}},{"type":"Feature","properties":{"h3":"8830c54243fffff","emd_code":"5273032000","emd_name":"설천면","area_km2":0.5291,"edge":false,"slope_mean":15.5,"elev_mean":721.1,"flood_hist_n":0,"flood_depth_max_m":null,"flood_risk_100y":null,"semi_basement_r":null,"elderly_alone_r":0.2626,"bldg_age30_r":null,"shelter_min_walk":165,"pop":3889,"hh":2323,"elderly65_r":0.4009,"single_hh_r":0.5751,"source_level":"emd","flood_years":[],"landslide_hist_n":0},"geometry":{"type":"Polygon","coordinates":[[[127.76953,35.89038],[127.76869,35.88658],[127.77287,35.88451],[127.77789,35.88625],[127.77873,35.89005],[127.77455,35.89211],[127.76953,35.89038]]]}},{"type":"Feature","properties":{"h3":"8830c54245fffff","emd_code":"5273032000","emd_name":"설천면","area_km2":0.5291,"edge":false,"slope_mean":29.61,"elev_mean":1096.8,"flood_hist_n":0,"flood_depth_max_m":null,"flood_risk_100y":null,"semi_basement_r":null,"elderly_alone_r":0.2626,"bldg_age30_r":null,"shelter_min_walk":146,"pop":3889,"hh":2323,"elderly65_r":0.4009,"single_hh_r":0.5751,"source_level":"emd","flood_years":[],"landslide_hist_n":0},"geometry":{"type":"Polygon","coordinates":[[[127.75447,35.88517],[127.75363,35.88137],[127.75781,35.87931],[127.76283,35.88104],[127.76367,35.88484],[127.75949,35.88691],[127.75447,35.88517]]]}},{"type":"Feature","properties":{"h3":"8830c54247fffff","emd_code":"5273032000","emd_name":"설천면","area_km2":0.5292,"edge":false,"slope_mean":26.36,"elev_mean":935.2,"flood_hist_n":0,"flood_depth_max_m":null,"flood_risk_100y":null,"semi_basement_r":null,"elderly_alone_r":0.2626,"bldg_age30_r":null,"shelter_min_walk":158,"pop":3889,"hh":2323,"elderly65_r":0.4009,"single_hh_r":0.5751,"source_level":"emd","flood_years":[],"landslide_hist_n":0},"geometry":{"type":"Polygon","coordinates":[[[127.76367,35.88484],[127.76283,35.88104],[127.76701,35.87898],[127.77203,35.88071],[127.77287,35.88451],[127.76869,35.88658],[127.76367,35.88484]]]}},{"type":"Feature","properties":{"h3":"8830c54249fffff","emd_code":"5273032000","emd_name":"설천면","area_km2":0.529,"edge":false,"slope_mean":24.87,"elev_mean":862.0,"flood_hist_n":0,"flood_depth_max_m":null,"flood_risk_100y":null,"semi_basement_r":null,"elderly_alone_r":0.2626,"bldg_age30_r":null,"shelter_min_walk":154,"pop":3889,"hh":2323,"elderly65_r":0.4009,"single_hh_r":0.5751,"source_level":"emd","flood_years":[],"landslide_hist_n":0},"geometry":{"type":"Polygon","coordinates":[[[127.75699,35.89657],[127.75615,35.89277],[127.76033,35.89071],[127.76535,35.89244],[127.76619,35.89624],[127.76201,35.8983],[127.75699,35.89657]]]}},{"type":"Feature","properties":{"h3":"8830c5424bfffff","emd_code":"5273032000","emd_name":"설천면","area_km2":0.529,"edge":false,"slope_mean":17.23,"elev_mean":725.5,"flood_hist_n":0,"flood_depth_max_m":null,"flood_risk_100y":null,"semi_basement_r":null,"elderly_alone_r":0.2626,"bldg_age30_r":null,"shelter_min_walk":160,"pop":3889,"hh":2323,"elderly65_r":0.4009,"single_hh_r":0.5751,"source_level":"emd","flood_years":[],"landslide_hist_n":0},"geometry":{"type":"Polygon","coordinates":[[[127.76619,35.89624],[127.76535,35.89244],[127.76953,35.89038],[127.77455,35.89211],[127.77539,35.89591],[127.77121,35.89798],[127.76619,35.89624]]]}},{"type":"Feature","properties":{"h3":"8830c5424dfffff","emd_code":"5273032000","emd_name":"설천면","area_km2":0.529,"edge":false,"slope_mean":24.77,"elev_mean":913.4,"flood_hist_n":0,"flood_depth_max_m":null,"flood_risk_100y":null,"semi_basement_r":null,"elderly_alone_r":0.2626,"bldg_age30_r":null,"shelter_min_walk":144,"pop":3889,"hh":2323,"elderly65_r":0.4009,"single_hh_r":0.5751,"source_level":"emd","flood_years":[],"landslide_hist_n":0},"geometry":{"type":"Polygon","coordinates":[[[127.75113,35.89103],[127.75029,35.88723],[127.75447,35.88517],[127.75949,35.88691],[127.76033,35.89071],[127.75615,35.89277],[127.75113,35.89103]]]}},{"type":"Feature","properties":{"h3":"8830c54251fffff","emd_code":"5273032000","emd_name":"설천면","area_km2":0.5291,"edge":false,"slope_mean":24.08,"elev_mean":850.1,"flood_hist_n":0,"flood_depth_max_m":null,"flood_risk_100y":null,"semi_basement_r":null,"elderly_alone_r":0.2626,"bldg_age30_r":null,"shelter_min_walk":147,"pop":3889,"hh":2323,"elderly65_r":0.4009,"single_hh_r":0.5751,"source_level":"emd","flood_years":[],"landslide_hist_n":0},"geometry":{"type":"Polygon","coordinates":[[[127.78459,35.89559],[127.78375,35.89179],[127.78793,35.88972],[127.79295,35.89146],[127.79379,35.89526],[127.78961,35.89732],[127.78459,35.89559]]]}},{"type":"Feature","properties":{"h3":"8830c54253fffff","emd_code":"5273032000","emd_name":"설천면","area_km2":0.5292,"edge":false,"slope_mean":23.97,"elev_mean":862.9,"flood_hist_n":0,"flood_depth_max_m":null,"flood_risk_100y":null,"semi_basement_r":null,"elderly_alone_r":0.2626,"bldg_age30_r":null,"shelter_min_walk":142,"pop":3889,"hh":2323,"elderly65_r":0.4009,"single_hh_r":0.5751,"source_level":"emd","flood_years":[],"landslide_hist_n":0},"geometry":{"type":"Polygon","coordinates":[[[127.79379,35.89526],[127.79295,35.89146],[127.79713,35.88939],[127.80215,35.89113],[127.80299,35.89493],[127.79881,35.89699],[127.79379,35.89526]]]}},{"type":"Feature","properties":{"h3":"8830c54255fffff","emd_code":"5273032000","emd_name":"설천면","area_km2":0.5292,"edge":false,"slope_mean":25.84,"elev_mean":819.7,"flood_hist_n":0,"flood_depth_max_m":null,"flood_risk_100y":null,"semi_basement_r":null,"elderly_alone_r":0.2626,"bldg_age30_r":null,"shelter_min_walk":159,"pop":3889,"hh":2323,"elderly65_r":0.4009,"single_hh_r":0.5751,"source_level":"emd","flood_years":[],"landslide_hist_n":0},"geometry":{"type":"Polygon","coordinates":[[[127.77873,35.89005],[127.77789,35.88625],[127.78207,35.88419],[127.78709,35.88592],[127.78793,35.88972],[127.78375,35.89179],[127.77873,35.89005]]]}},{"type":"Feature","properties":{"h3":"8830c54257fffff","emd_code":"5273032000","emd_name":"설천면","area_km2":0.5292,"edge":false,"slope_mean":26.72,"elev_mean":1000.2,"flood_hist_n":0,"flood_depth_max_m":null,"flood_risk_100y":null,"semi_basement_r":null,"elderly_alone_r":0.2626,"bldg_age30_r":null,"shelter_min_walk":154,"pop":3889,"hh":2323,"elderly65_r":0.4009,"single_hh_r":0.5751,"source_level":"emd","flood_years":[],"landslide_hist_n":0},"geometry":{"type":"Polygon","coordinates":[[[127.78793,35.88972],[127.78709,35.88592],[127.79127,35.88386],[127.79629,35.88559],[127.79713,35.88939],[127.79295,35.89146],[127.78793,35.88972]]]}},{"type":"Feature","properties":{"h3":"8830c54259fffff","emd_code":"5273032000","emd_name":"설천면","area_km2":0.529,"edge":false,"slope_mean":18.01,"elev_mean":696.5,"flood_hist_n":0,"flood_depth_max_m":null,"flood_risk_100y":null,"semi_basement_r":null,"elderly_alone_r":0.2626,"bldg_age30_r":null,"shelter_min_walk":141,"pop":3889,"hh":2323,"elderly65_r":0.4009,"single_hh_r":0.5751,"source_level":"emd","flood_years":[],"landslide_hist_n":0},"geometry":{"type":"Polygon","coordinates":[[[127.78125,35.90145],[127.78041,35.89765],[127.78459,35.89559],[127.78961,35.89732],[127.79045,35.90112],[127.78627,35.90318],[127.78125,35.90145]]]}},{"type":"Feature","properties":{"h3":"8830c5425bfffff","emd_code":"5273032000","emd_name":"설천면","area_km2":0.529,"edge":false,"slope_mean":18.29,"elev_mean":709.1,"flood_hist_n":0,"flood_depth_max_m":null,"flood_risk_100y":null,"semi_basement_r":null,"elderly_alone_r":0.2626,"bldg_age30_r":null,"shelter_min_walk":135,"pop":3889,"hh":2323,"elderly65_r":0.4009,"single_hh_r":0.5751,"source_level":"emd","flood_years":[],"landslide_hist_n":0},"geometry":{"type":"Polygon","coordinates":[[[127.79045,35.90112],[127.78961,35.89732],[127.79379,35.89526],[127.79881,35.89699],[127.79965,35.90079],[127.79547,35.90286],[127.79045,35.90112]]]}},{"type":"Feature","properties":{"h3":"8830c5425dfffff","emd_code":"5273032000","emd_name":"설천면","area_km2":0.5291,"edge":false,"slope_mean":21.64,"elev_mean":724.7,"flood_hist_n":0,"flood_depth_max_m":null,"flood_risk_100y":null,"semi_basement_r":null,"elderly_alone_r":0.2626,"bldg_age30_r":null,"shelter_min_walk":153,"pop":3889,"hh":2323,"elderly65_r":0.4009,"single_hh_r":0.5751,"source_level":"emd","flood_years":[],"landslide_hist_n":0},"geometry":{"type":"Polygon","coordinates":[[[127.77539,35.89591],[127.77455,35.89211],[127.77873,35.89005],[127.78375,35.89179],[127.78459,35.89559],[127.78041,35.89765],[127.77539,35.89591]]]}},{"type":"Feature","properties":{"h3":"8830c54261fffff","emd_code":"5273032000","emd_name":"설천면","area_km2":0.5293,"edge":false,"slope_mean":24.26,"elev_mean":1200.7,"flood_hist_n":0,"flood_depth_max_m":null,"flood_risk_100y":null,"semi_basement_r":null,"elderly_alone_r":0.2626,"bldg_age30_r":null,"shelter_min_walk":140,"pop":3889,"hh":2323,"elderly65_r":0.4009,"single_hh_r":0.5751,"source_level":"emd","flood_years":[],"landslide_hist_n":0},"geometry":{"type":"Polygon","coordinates":[[[127.75195,35.87377],[127.75111,35.86997],[127.75529,35.8679],[127.76031,35.86964],[127.76115,35.87344],[127.75697,35.8755],[127.75195,35.87377]]]}},{"type":"Feature","properties":{"h3":"8830c54263fffff","emd_code":"5273032000","emd_name":"설천면","area_km2":0.5294,"edge":false,"slope_mean":26.21,"elev_mean":1066.8,"flood_hist_n":0,"flood_depth_max_m":null,"flood_risk_100y":null,"semi_basement_r":null,"elderly_alone_r":0.2626,"bldg_age30_r":null,"shelter_min_walk":152,"pop":3889,"hh":2323,"elderly65_r":0.4009,"single_hh_r":0.5751,"source_level":"emd","flood_years":[],"landslide_hist_n":0},"geometry":{"type":"Polygon","coordinates":[[[127.76115,35.87344],[127.76031,35.86964],[127.76449,35.86757],[127.76951,35.86931],[127.77035,35.87311],[127.76617,35.87518],[127.76115,35.87344]]]}},{"type":"Feature","properties":{"h3":"8830c54265fffff","emd_code":"5273032000","emd_name":"설천면","area_km2":0.5294,"edge":false,"slope_mean":23.11,"elev_mean":1337.8,"flood_hist_n":0,"flood_depth_max_m":null,"flood_risk_100y":null,"semi_basement_r":null,"elderly_alone_r":0.2626,"bldg_age30_r":null,"shelter_min_walk":131,"pop":3889,"hh":2323,"elderly65_r":0.4009,"single_hh_r":0.5751,"source_level":"emd","flood_years":[],"landslide_hist_n":0},"geometry":{"type":"Polygon","coordinates":[[[127.74609,35.86823],[127.74526,35.86443],[127.74944,35.86236],[127.75446,35.8641],[127.75529,35.8679],[127.75111,35.86997],[127.74609,35.86823]]]}},{"type":"Feature","properties":{"h3":"8830c54267fffff","emd_code":"5273032000","emd_name":"설천면","area_km2":0.5294,"edge":false,"slope_mean":23.29,"elev_mean":1120.5,"flood_hist_n":0,"flood_depth_max_m":null,"flood_risk_100y":null,"semi_basement_r":null,"elderly_alone_r":0.2626,"bldg_age30_r":null,"shelter_min_walk":143,"pop":3889,"hh":2323,"elderly65_r":0.4009,"single_hh_r":0.5751,"source_level":"emd","flood_years":[],"landslide_hist_n":0},"geometry":{"type":"Polygon","coordinates":[[[127.75529,35.8679],[127.75446,35.8641],[127.75864,35.86204],[127.76365,35.86377],[127.76449,35.86757],[127.76031,35.86964],[127.75529,35.8679]]]}},{"type":"Feature","properties":{"h3":"8830c54269fffff","emd_code":"5273032000","emd_name":"설천면","area_km2":0.5292,"edge":false,"slope_mean":27.05,"elev_mean":1072.3,"flood_hist_n":0,"flood_depth_max_m":null,"flood_risk_100y":null,"semi_basement_r":null,"elderly_alone_r":0.2626,"bldg_age30_r":null,"shelter_min_walk":136,"pop":3889,"hh":2323,"elderly65_r":0.4009,"single_hh_r":0.5751,"source_level":"emd","flood_years":[],"landslide_hist_n":0},"geometry":{"type":"Polygon","coordinates":[[[127.74861,35.87963],[127.74777,35.87583],[127.75195,35.87377],[127.75697,35.8755],[127.75781,35.87931],[127.75363,35.88137],[127.74861,35.87963]]]}},{"type":"Feature","properties":{"h3":"8830c5426bfffff","emd_code":"5273032000","emd_name":"설천면","area_km2":0.5293,"edge":false,"slope_mean":26.45,"elev_mean":1200.2,"flood_hist_n":0,"flood_depth_max_m":null,"flood_risk_100y":null,"semi_basement_r":null,"elderly_alone_r":0.2626,"bldg_age30_r":null,"shelter_min_walk":149,"pop":3889,"hh":2323,"elderly65_r":0.4009,"single_hh_r":0.5751,"source_level":"emd","flood_years":[],"landslide_hist_n":0},"geometry":{"type":"Polygon","coordinates":[[[127.75781,35.87931],[127.75697,35.8755],[127.76115,35.87344],[127.76617,35.87518],[127.76701,35.87898],[127.76283,35.88104],[127.75781,35.87931]]]}},{"type":"Feature","properties":{"h3":"8830c5426dfffff","emd_code":"5273032000","emd_name":"설천면","area_km2":0.5293,"edge":false,"slope_mean":26.22,"elev_mean":1253.4,"flood_hist_n":0,"flood_depth_max_m":null,"flood_risk_100y":null,"semi_basement_r":null,"elderly_alone_r":0.2626,"bldg_age30_r":null,"shelter_min_walk":127,"pop":3889,"hh":2323,"elderly65_r":0.4009,"single_hh_r":0.5751,"source_level":"emd","flood_years":[],"landslide_hist_n":0},"geometry":{"type":"Polygon","coordinates":[[[127.74275,35.87409],[127.74191,35.87029],[127.74609,35.86823],[127.75111,35.86997],[127.75195,35.87377],[127.74777,35.87583],[127.74275,35.87409]]]}},{"type":"Feature","properties":{"h3":"8830c54281fffff","emd_code":"5273031000","emd_name":"무풍면","area_km2":0.5297,"edge":true,"slope_mean":24.52,"elev_mean":1063.9,"flood_hist_n":0,"flood_depth_max_m":null,"flood_risk_100y":null,"semi_basement_r":null,"elderly_alone_r":0.3256,"bldg_age30_r":null,"shelter_min_walk":159,"pop":2102,"hh":1330,"elderly65_r":0.4957,"single_hh_r":0.585,"source_level":"emd","flood_years":[],"landslide_hist_n":0},"geometry":{"type":"Polygon","coordinates":[[[127.84063,35.87633],[127.83979,35.87253],[127.84397,35.87047],[127.84899,35.8722],[127.84983,35.876],[127.84565,35.87807],[127.84063,35.87633]]]}},{"type":"Feature","properties":{"h3":"8830c54285fffff","emd_code":"5273031000","emd_name":"무풍면","area_km2":0.5298,"edge":false,"slope_mean":18.19,"elev_mean":1004.2,"flood_hist_n":0,"flood_depth_max_m":null,"flood_risk_100y":null,"semi_basement_r":null,"elderly_alone_r":0.3256,"bldg_age30_r":null,"shelter_min_walk":168,"pop":2102,"hh":1330,"elderly65_r":0.4957,"single_hh_r":0.585,"source_level":"emd","flood_years":[],"landslide_hist_n":0},"geometry":{"type":"Polygon","coordinates":[[[127.83477,35.8708],[127.83393,35.867],[127.83811,35.86493],[127.84313,35.86666],[127.84397,35.87047],[127.83979,35.87253],[127.83477,35.8708]]]}},{"type":"Feature","properties":{"h3":"8830c54287fffff","emd_code":"5273031000","emd_name":"무풍면","area_km2":0.5298,"edge":true,"slope_mean":24.13,"elev_mean":913.4,"flood_hist_n":0,"flood_depth_max_m":null,"flood_risk_100y":null,"semi_basement_r":null,"elderly_alone_r":0.3256,"bldg_age30_r":null,"shelter_min_walk":169,"pop":2102,"hh":1330,"elderly65_r":0.4957,"single_hh_r":0.585,"source_level":"emd","flood_years":[],"landslide_hist_n":0},"geometry":{"type":"Polygon","coordinates":[[[127.84397,35.87047],[127.84313,35.86666],[127.84731,35.8646],[127.85234,35.86633],[127.85318,35.87013],[127.84899,35.8722],[127.84397,35.87047]]]}},{"type":"Feature","properties":{"h3":"8830c54289fffff","emd_code":"5273031000","emd_name":"무풍면","area_km2":0.5296,"edge":false,"slope_mean":22.73,"elev_mean":1048.2,"flood_hist_n":0,"flood_depth_max_m":null,"flood_risk_100y":null,"semi_basement_r":null,"elderly_alone_r":0.3256,"bldg_age30_r":null,"shelter_min_walk":149,"pop":2102,"hh":1330,"elderly65_r":0.4957,"single_hh_r":0.585,"source_level":"emd","flood_years":[],"landslide_hist_n":0},"geometry":{"type":"Polygon","coordinates":[[[127.83729,35.8822],[127.83645,35.8784],[127.84063,35.87633],[127.84565,35.87807],[127.84649,35.88187],[127.84231,35.88394],[127.83729,35.8822]]]}},{"type":"Feature","properties":{"h3":"8830c5428bfffff","emd_code":"5273031000","emd_name":"무풍면","area_km2":0.5296,"edge":false,"slope_mean":27.23,"elev_mean":1081.2,"flood_hist_n":0,"flood_depth_max_m":null,"flood_risk_100y":null,"semi_basement_r":null,"elderly_alone_r":0.3256,"bldg_age30_r":null,"shelter_min_walk":150,"pop":2102,"hh":1330,"elderly65_r":0.4957,"single_hh_r":0.585,"source_level":"emd","flood_years":[],"landslide_hist_n":0},"geometry":{"type":"Polygon","coordinates":[[[127.84649,35.88187],[127.84565,35.87807],[127.84983,35.876],[127.85486,35.87773],[127.8557,35.88153],[127.85151,35.8836],[127.84649,35.88187]]]}},{"type":"Feature","properties":{"h3":"8830c5428dfffff","emd_code":"5273031000","emd_name":"무풍면","area_km2":0.5296,"edge":false,"slope_mean":18.86,"elev_mean":975.5,"flood_hist_n":0,"flood_depth_max_m":null,"flood_risk_100y":null,"semi_basement_r":null,"elderly_alone_r":0.3256,"bldg_age30_r":null,"shelter_min_walk":159,"pop":2102,"hh":1330,"elderly65_r":0.4957,"single_hh_r":0.585,"source_level":"emd","flood_years":[],"landslide_hist_n":0},"geometry":{"type":"Polygon","coordinates":[[[127.83143,35.87667],[127.83059,35.87287],[127.83477,35.8708],[127.83979,35.87253],[127.84063,35.87633],[127.83645,35.8784],[127.83143,35.87667]]]}},{"type":"Feature","properties":{"h3":"8830c542c1fffff","emd_code":"5273031000","emd_name":"무풍면","area_km2":0.5294,"edge":false,"slope_mean":20.53,"elev_mean":795.1,"flood_hist_n":0,"flood_depth_max_m":null,"flood_risk_100y":null,"semi_basement_r":null,"elderly_alone_r":0.3256,"bldg_age30_r":null,"shelter_min_walk":140,"pop":2102,"hh":1330,"elderly65_r":0.4957,"single_hh_r":0.585,"source_level":"emd","flood_years":[],"landslide_hist_n":0},"geometry":{"type":"Polygon","coordinates":[[[127.82474,35.8884],[127.8239,35.8846],[127.82808,35.88253],[127.8331,35.88427],[127.83394,35.88807],[127.82976,35.89014],[127.82474,35.8884]]]}},{"type":"Feature","properties":{"h3":"8830c542c3fffff","emd_code":"5273031000","emd_name":"무풍면","area_km2":0.5295,"edge":false,"slope_mean":21.9,"elev_mean":884.1,"flood_hist_n":0,"flood_depth_max_m":null,"flood_risk_100y":null,"semi_basement_r":null,"elderly_alone_r":0.3256,"bldg_age30_r":null,"shelter_min_walk":139,"pop":2102,"hh":1330,"elderly65_r":0.4957,"single_hh_r":0.585,"source_level":"emd","flood_years":[],"landslide_hist_n":0},"geometry":{"type":"Polygon","coordinates":[[[127.83394,35.88807],[127.8331,35.88427],[127.83729,35.8822],[127.84231,35.88394],[127.84315,35.88774],[127.83897,35.8898],[127.83394,35.88807]]]}},{"type":"Feature","properties":{"h3":"8830c542c5fffff","emd_code":"5273031000","emd_name":"무풍면","area_km2":0.5295,"edge":false,"slope_mean":18.7,"elev_mean":781.6,"flood_hist_n":0,"flood_depth_max_m":null,"flood_risk_100y":null,"semi_basement_r":null,"elderly_alone_r":0.3256,"bldg_age30_r":null,"shelter_min_walk":151,"pop":2102,"hh":1330,"elderly65_r":0.4957,"single_hh_r":0.585,"source_level":"emd","flood_years":[],"landslide_hist_n":0},"geometry":{"type":"Polygon","coordinates":[[[127.81888,35.88287],[127.81804,35.87907],[127.82222,35.877],[127.82724,35.87873],[127.82808,35.88253],[127.8239,35.8846],[127.81888,35.88287]]]}},{"type":"Feature","properties":{"h3":"8830c542c7fffff","emd_code":"5273031000","emd_name":"무풍면","area_km2":0.5295,"edge":false,"slope_mean":20.73,"elev_mean":890.5,"flood_hist_n":0,"flood_depth_max_m":null,"flood_risk_100y":null,"semi_basement_r":null,"elderly_alone_r":0.3256,"bldg_age30_r":null,"shelter_min_walk":149,"pop":2102,"hh":1330,"elderly65_r":0.4957,"single_hh_r":0.585,"source_level":"emd","flood_years":[],"landslide_hist_n":0},"geometry":{"type":"Polygon","coordinates":[[[127.82808,35.88253],[127.82724,35.87873],[127.83143,35.87667],[127.83645,35.8784],[127.83729,35.8822],[127.8331,35.88427],[127.82808,35.88253]]]}},{"type":"Feature","properties":{"h3":"8830c542c9fffff","emd_code":"5273031000","emd_name":"무풍면","area_km2":0.5293,"edge":false,"slope_mean":20.69,"elev_mean":767.4,"flood_hist_n":0,"flood_depth_max_m":null,"flood_risk_100y":null,"semi_basement_r":null,"elderly_alone_r":0.3256,"bldg_age30_r":null,"shelter_min_walk":131,"pop":2102,"hh":1330,"elderly65_r":0.4957,"single_hh_r":0.585,"source_level":"emd","flood_years":[],"landslide_hist_n":0},"geometry":{"type":"Polygon","coordinates":[[[127.8214,35.89427],[127.82056,35.89047],[127.82474,35.8884],[127.82976,35.89014],[127.8306,35.89394],[127.82642,35.896],[127.8214,35.89427]]]}},{"type":"Feature","properties":{"h3":"8830c542cbfffff","emd_code":"5273031000","emd_name":"무풍면","area_km2":0.5294,"edge":false,"slope_mean":21.54,"elev_mean":822.1,"flood_hist_n":0,"flood_depth_max_m":null,"flood_risk_100y":null,"semi_basement_r":null,"elderly_alone_r":0.3256,"bldg_age30_r":null,"shelter_min_walk":130,"pop":2102,"hh":1330,"elderly65_r":0.4957,"single_hh_r":0.585,"source_level":"emd","flood_years":[],"landslide_hist_n":0},"geometry":{"type":"Polygon","coordinates":[[[127.8306,35.89394],[127.82976,35.89014],[127.83394,35.88807],[127.83897,35.8898],[127.83981,35.8936],[127.83562,35.89567],[127.8306,35.89394]]]}},{"type":"Feature","properties":{"h3":"8830c542cdfffff","emd_code":"5273031000","emd_name":"무풍면","area_km2":0.5294,"edge":false,"slope_mean":18.84,"elev_mean":736.3,"flood_hist_n":1,"flood_depth_max_m":1.0,"flood_risk_100y":null,"semi_basement_r":null,"elderly_alone_r":0.3256,"bldg_age30_r":null,"shelter_min_walk":142,"pop":2102,"hh":1330,"elderly65_r":0.4957,"single_hh_r":0.585,"source_level":"emd","flood_years":[2020],"landslide_hist_n":0},"geometry":{"type":"Polygon","coordinates":[[[127.81554,35.88873],[127.8147,35.88493],[127.81888,35.88287],[127.8239,35.8846],[127.82474,35.8884],[127.82056,35.89047],[127.81554,35.88873]]]}},{"type":"Feature","properties":{"h3":"8830c542d1fffff","emd_code":"5273031000","emd_name":"무풍면","area_km2":0.5295,"edge":true,"slope_mean":28.23,"elev_mean":1023.7,"flood_hist_n":0,"flood_depth_max_m":null,"flood_risk_100y":null,"semi_basement_r":null,"elderly_alone_r":0.3256,"bldg_age30_r":null,"shelter_min_walk":131,"pop":2102,"hh":1330,"elderly65_r":0.4957,"single_hh_r":0.585,"source_level":"emd","flood_years":[],"landslide_hist_n":0},"geometry":{"type":"Polygon","coordinates":[[[127.84901,35.89327],[127.84817,35.88947],[127.85235,35.8874],[127.85738,35.88914],[127.85822,35.89294],[127.85403,35.895],[127.84901,35.89327]]]}},{"type":"Feature","properties":{"h3":"8830c542d5fffff","emd_code":"5273031000","emd_name":"무풍면","area_km2":0.5295,"edge":false,"slope_mean":24.76,"elev_mean":1099.6,"flood_hist_n":0,"flood_depth_max_m":null,"flood_risk_100y":null,"semi_basement_r":null,"elderly_alone_r":0.3256,"bldg_age30_r":null,"shelter_min_walk":140,"pop":2102,"hh":1330,"elderly65_r":0.4957,"single_hh_r":0.585,"source_level":"emd","flood_years":[],"landslide_hist_n":1},"geometry":{"type":"Polygon","coordinates":[[[127.84315,35.88774],[127.84231,35.88394],[127.84649,35.88187],[127.85151,35.8836],[127.85235,35.8874],[127.84817,35.88947],[127.84315,35.88774]]]}},{"type":"Feature","properties":{"h3":"8830c542d7fffff","emd_code":"5273031000","emd_name":"무풍면","area_km2":0.5296,"edge":true,"slope_mean":30.36,"elev_mean":1012.4,"flood_hist_n":0,"flood_depth_max_m":null,"flood_risk_100y":null,"semi_basement_r":null,"elderly_alone_r":0.3256,"bldg_age30_r":null,"shelter_min_walk":141,"pop":2102,"hh":1330,"elderly65_r":0.4957,"single_hh_r":0.585,"source_level":"emd","flood_years":[],"landslide_hist_n":0},"geometry":{"type":"Polygon","coordinates":[[[127.85235,35.8874],[127.85151,35.8836],[127.8557,35.88153],[127.86072,35.88327],[127.86156,35.88707],[127.85738,35.88914],[127.85235,35.8874]]]}},{"type":"Feature","properties":{"h3":"8830c542d9fffff","emd_code":"5273031000","emd_name":"무풍면","area_km2":0.5293,"edge":false,"slope_mean":25.44,"elev_mean":885.0,"flood_hist_n":0,"flood_depth_max_m":null,"flood_risk_100y":null,"semi_basement_r":null,"elderly_alone_r":0.3256,"bldg_age30_r":null,"shelter_min_walk":121,"pop":2102,"hh":1330,"elderly65_r":0.4957,"single_hh_r":0.585,"source_level":"emd","flood_years":[],"landslide_hist_n":0},"geometry":{"type":"Polygon","coordinates":[[[127.84567,35.89914],[127.84483,35.89534],[127.84901,35.89327],[127.85403,35.895],[127.85487,35.8988],[127.85069,35.90087],[127.84567,35.89914]]]}},{"type":"Feature","properties":{"h3":"8830c542dbfffff","emd_code":"5273031000","emd_name":"무풍면","area_km2":0.5294,"edge":true,"slope_mean":16.87,"elev_mean":770.5,"flood_hist_n":0,"flood_depth_max_m":null,"flood_risk_100y":null,"semi_basement_r":null,"elderly_alone_r":0.3256,"bldg_age30_r":null,"shelter_min_walk":123,"pop":2102,"hh":1330,"elderly65_r":0.4957,"single_hh_r":0.585,"source_level":"emd","flood_years":[],"landslide_hist_n":0},"geometry":{"type":"Polygon","coordinates":[[[127.85487,35.8988],[127.85403,35.895],[127.85822,35.89294],[127.86324,35.89467],[127.86408,35.89847],[127.8599,35.90054],[127.85487,35.8988]]]}},{"type":"Feature","properties":{"h3":"8830c542ddfffff","emd_code":"5273031000","emd_name":"무풍면","area_km2":0.5294,"edge":false,"slope_mean":21.45,"elev_mean":977.0,"flood_hist_n":0,"flood_depth_max_m":null,"flood_risk_100y":null,"semi_basement_r":null,"elderly_alone_r":0.3256,"bldg_age30_r":null,"shelter_min_walk":130,"pop":2102,"hh":1330,"elderly65_r":0.4957,"single_hh_r":0.585,"source_level":"emd","flood_years":[],"landslide_hist_n":1},"geometry":{"type":"Polygon","coordinates":[[[127.83981,35.8936],[127.83897,35.8898],[127.84315,35.88774],[127.84817,35.88947],[127.84901,35.89327],[127.84483,35.89534],[127.83981,35.8936]]]}},{"type":"Feature","properties":{"h3":"8830c542e1fffff","emd_code":"5273031000","emd_name":"무풍면","area_km2":0.5297,"edge":false,"slope_mean":21.3,"elev_mean":865.9,"flood_hist_n":0,"flood_depth_max_m":null,"flood_risk_100y":null,"semi_basement_r":null,"elderly_alone_r":0.3256,"bldg_age30_r":null,"shelter_min_walk":170,"pop":2102,"hh":1330,"elderly65_r":0.4957,"single_hh_r":0.585,"source_level":"emd","flood_years":[],"landslide_hist_n":1},"geometry":{"type":"Polygon","coordinates":[[[127.81636,35.87146],[127.81552,35.86766],[127.8197,35.86559],[127.82472,35.86733],[127.82556,35.87113],[127.82138,35.8732],[127.81636,35.87146]]]}},{"type":"Feature","properties":{"h3":"8830c542e3fffff","emd_code":"5273031000","emd_name":"무풍면","area_km2":0.5297,"edge":true,"slope_mean":21.95,"elev_mean":921.7,"flood_hist_n":0,"flood_depth_max_m":null,"flood_risk_100y":null,"semi_basement_r":null,"elderly_alone_r":0.3256,"bldg_age30_r":null,"shelter_min_walk":169,"pop":2102,"hh":1330,"elderly65_r":0.4957,"single_hh_r":0.585,"source_level":"emd","flood_years":[],"landslide_hist_n":0},"geometry":{"type":"Polygon","coordinates":[[[127.82556,35.87113],[127.82472,35.86733],[127.82891,35.86526],[127.83393,35.867],[127.83477,35.8708],[127.83059,35.87287],[127.82556,35.87113]]]}},{"type":"Feature","properties":{"h3":"8830c542e5fffff","emd_code":"5273031000","emd_name":"무풍면","area_km2":0.5297,"edge":false,"slope_mean":23.01,"elev_mean":949.3,"flood_hist_n":0,"flood_depth_max_m":null,"flood_risk_100y":null,"semi_basement_r":null,"elderly_alone_r":0.3256,"bldg_age30_r":null,"shelter_min_walk":180,"pop":2102,"hh":1330,"elderly65_r":0.4957,"single_hh_r":0.585,"source_level":"emd","flood_years":[],"landslide_hist_n":0},"geometry":{"type":"Polygon","coordinates":[[[127.8105,35.86593],[127.80966,35.86212],[127.81384,35.86006],[127.81886,35.86179],[127.8197,35.86559],[127.81552,35.86766],[127.8105,35.86593]]]}},{"type":"Feature","properties":{"h3":"8830c542e7fffff","emd_code":"5273031000","emd_name":"무풍면","area_km2":0.5298,"edge":true,"slope_mean":25.06,"elev_mean":865.7,"flood_hist_n":0,"flood_depth_max_m":null,"flood_risk_100y":null,"semi_basement_r":null,"elderly_alone_r":0.3256,"bldg_age30_r":null,"shelter_min_walk":179,"pop":2102,"hh":1330,"elderly65_r":0.4957,"single_hh_r":0.585,"source_level":"emd","flood_years":[],"landslide_hist_n":0},"geometry":{"type":"Polygon","coordinates":[[[127.8197,35.86559],[127.81886,35.86179],[127.82304,35.85973],[127.82807,35.86146],[127.82891,35.86526],[127.82472,35.86733],[127.8197,35.86559]]]}},{"type":"Feature","properties":{"h3":"8830c542e9fffff","emd_code":"5273031000","emd_name":"무풍면","area_km2":0.5295,"edge":false,"slope_mean":21.9,"elev_mean":846.2,"flood_hist_n":0,"flood_depth_max_m":null,"flood_risk_100y":null,"semi_basement_r":null,"elderly_alone_r":0.3256,"bldg_age30_r":null,"shelter_min_walk":161,"pop":2102,"hh":1330,"elderly65_r":0.4957,"single_hh_r":0.585,"source_level":"emd","flood_years":[],"landslide_hist_n":0},"geometry":{"type":"Polygon","coordinates":[[[127.81302,35.87733],[127.81218,35.87353],[127.81636,35.87146],[127.82138,35.8732],[127.82222,35.877],[127.81804,35.87907],[127.81302,35.87733]]]}},{"type":"Feature","properties":{"h3":"8830c542ebfffff","emd_code":"5273031000","emd_name":"무풍면","area_km2":0.5296,"edge":false,"slope_mean":17.95,"elev_mean":842.0,"flood_hist_n":0,"flood_depth_max_m":null,"flood_risk_100y":null,"semi_basement_r":null,"elderly_alone_r":0.3256,"bldg_age30_r":null,"shelter_min_walk":159,"pop":2102,"hh":1330,"elderly65_r":0.4957,"single_hh_r":0.585,"source_level":"emd","flood_years":[],"landslide_hist_n":0},"geometry":{"type":"Polygon","coordinates":[[[127.82222,35.877],[127.82138,35.8732],[127.82556,35.87113],[127.83059,35.87287],[127.83143,35.87667],[127.82724,35.87873],[127.82222,35.877]]]}},{"type":"Feature","properties":{"h3":"8830c542edfffff","emd_code":"5273031000","emd_name":"무풍면","area_km2":0.5296,"edge":false,"slope_mean":25.43,"elev_mean":950.4,"flood_hist_n":0,"flood_depth_max_m":null,"flood_risk_100y":null,"semi_basement_r":null,"elderly_alone_r":0.3256,"bldg_age30_r":null,"shelter_min_walk":172,"pop":2102,"hh":1330,"elderly65_r":0.4957,"single_hh_r":0.585,"source_level":"emd","flood_years":[],"landslide_hist_n":0},"geometry":{"type":"Polygon","coordinates":[[[127.80716,35.87179],[127.80632,35.86799],[127.8105,35.86593],[127.81552,35.86766],[127.81636,35.87146],[127.81218,35.87353],[127.80716,35.87179]]]}},{"type":"Feature","properties":{"h3":"8830c54301fffff","emd_code":"5273034000","emd_name":"안성면","area_km2":0.5298,"edge":false,"slope_mean":26.41,"elev_mean":1253.6,"flood_hist_n":0,"flood_depth_max_m":null,"flood_risk_100y":null,"semi_basement_r":null,"elderly_alone_r":0.3114,"bldg_age30_r":null,"shelter_min_walk":124,"pop":4034,"hh":2489,"elderly65_r":0.4859,"single_hh_r":0.5745,"source_level":"emd","flood_years":[],"landslide_hist_n":0},"geometry":{"type":"Polygon","coordinates":[[[127.73521,35.83987],[127.73437,35.83607],[127.73855,35.834],[127.74357,35.83574],[127.7444,35.83955],[127.74022,35.84161],[127.73521,35.83987]]]}},{"type":"Feature","properties":{"h3":"8830c54303fffff","emd_code":"5273032000","emd_name":"설천면","area_km2":0.5299,"edge":true,"slope_mean":28.29,"elev_mean":1225.1,"flood_hist_n":0,"flood_depth_max_m":null,"flood_risk_100y":null,"semi_basement_r":null,"elderly_alone_r":0.2626,"bldg_age30_r":null,"shelter_min_walk":136,"pop":3889,"hh":2323,"elderly65_r":0.4009,"single_hh_r":0.5751,"source_level":"emd","flood_years":[],"landslide_hist_n":0},"geometry":{"type":"Polygon","coordinates":[[[127.7444,35.83955],[127.74357,35.83574],[127.74775,35.83368],[127.75276,35.83542],[127.7536,35.83922],[127.74942,35.84128],[127.7444,35.83955]]]}},{"type":"Feature","properties":{"h3":"8830c54305fffff","emd_code":"5273034000","emd_name":"안성면","area_km2":0.5299,"edge":false,"slope_mean":24.13,"elev_mean":1158.3,"flood_hist_n":0,"flood_depth_max_m":null,"flood_risk_100y":null,"semi_basement_r":null,"elderly_alone_r":0.3114,"bldg_age30_r":null,"shelter_min_walk":120,"pop":4034,"hh":2489,"elderly65_r":0.4859,"single_hh_r":0.5745,"source_level":"emd","flood_years":[],"landslide_hist_n":0},"geometry":{"type":"Polygon","coordinates":[[[127.72935,35.83433],[127.72851,35.83053],[127.73269,35.82846],[127.73771,35.8302],[127.73855,35.834],[127.73437,35.83607],[127.72935,35.83433]]]}},{"type":"Feature","properties":{"h3":"8830c54307fffff","emd_code":"5273034000","emd_name":"안성면","area_km2":0.5299,"edge":true,"slope_mean":28.07,"elev_mean":1162.0,"flood_hist_n":0,"flood_depth_max_m":null,"flood_risk_100y":null,"semi_basement_r":null,"elderly_alone_r":0.3114,"bldg_age30_r":null,"shelter_min_walk":132,"pop":4034,"hh":2489,"elderly65_r":0.4859,"single_hh_r":0.5745,"source_level":"emd","flood_years":[],"landslide_hist_n":0},"geometry":{"type":"Polygon","coordinates":[[[127.73855,35.834],[127.73771,35.8302],[127.74189,35.82813],[127.74691,35.82987],[127.74775,35.83368],[127.74357,35.83574],[127.73855,35.834]]]}},{"type":"Feature","properties":{"h3":"8830c54309fffff","emd_code":"5273034000","emd_name":"안성면","area_km2":0.5297,"edge":false,"slope_mean":25.63,"elev_mean":1203.7,"flood_hist_n":0,"flood_depth_max_m":null,"flood_risk_100y":null,"semi_basement_r":null,"elderly_alone_r":0.3114,"bldg_age30_r":null,"shelter_min_walk":117,"pop":4034,"hh":2489,"elderly65_r":0.4859,"single_hh_r":0.5745,"source_level":"emd","flood_years":[],"landslide_hist_n":0},"geometry":{"type":"Polygon","coordinates":[[[127.73186,35.84574],[127.73103,35.84194],[127.73521,35.83987],[127.74022,35.84161],[127.74106,35.84542],[127.73688,35.84748],[127.73186,35.84574]]]}},{"type":"Feature","properties":{"h3":"8830c5430bfffff","emd_code":"5273032000","emd_name":"설천면","area_km2":0.5297,"edge":true,"slope_mean":26.96,"elev_mean":1377.6,"flood_hist_n":0,"flood_depth_max_m":null,"flood_risk_100y":null,"semi_basement_r":null,"elderly_alone_r":0.2626,"bldg_age30_r":null,"shelter_min_walk":129,"pop":3889,"hh":2323,"elderly65_r":0.4009,"single_hh_r":0.5751,"source_level":"emd","flood_years":[],"landslide_hist_n":0},"geometry":{"type":"Polygon","coordinates":[[[127.74106,35.84542],[127.74022,35.84161],[127.7444,35.83955],[127.74942,35.84128],[127.75026,35.84509],[127.74608,35.84715],[127.74106,35.84542]]]}},{"type":"Feature","properties":{"h3":"8830c5430dfffff","emd_code":"5273034000","emd_name":"안성면","area_km2":0.5298,"edge":false,"slope_mean":24.42,"elev_mean":1052.2,"flood_hist_n":0,"flood_depth_max_m":null,"flood_risk_100y":null,"semi_basement_r":null,"elderly_alone_r":0.3114,"bldg_age30_r":null,"shelter_min_walk":112,"pop":4034,"hh":2489,"elderly65_r":0.4859,"single_hh_r":0.5745,"source_level":"emd","flood_years":[],"landslide_hist_n":0},"geometry":{"type":"Polygon","coordinates":[[[127.72601,35.8402],[127.72517,35.8364],[127.72935,35.83433],[127.73437,35.83607],[127.73521,35.83987],[127.73103,35.84194],[127.72601,35.8402]]]}},{"type":"Feature","properties":{"h3":"8830c54311fffff","emd_code":"5273032000","emd_name":"설천면","area_km2":0.5298,"edge":false,"slope_mean":23.69,"elev_mean":1219.9,"flood_hist_n":0,"flood_depth_max_m":null,"flood_risk_100y":null,"semi_basement_r":null,"elderly_alone_r":0.2626,"bldg_age30_r":null,"shelter_min_walk":153,"pop":3889,"hh":2323,"elderly65_r":0.4009,"single_hh_r":0.5751,"source_level":"emd","flood_years":[],"landslide_hist_n":0},"geometry":{"type":"Polygon","coordinates":[[[127.75946,35.84476],[127.75862,35.84096],[127.7628,35.83889],[127.76782,35.84063],[127.76866,35.84443],[127.76448,35.8465],[127.75946,35.84476]]]}},{"type":"Feature","properties":{"h3":"8830c54313fffff","emd_code":"5273032000","emd_name":"설천면","area_km2":0.5299,"edge":false,"slope_mean":22.93,"elev_mean":1207.2,"flood_hist_n":0,"flood_depth_max_m":null,"flood_risk_100y":null,"semi_basement_r":null,"elderly_alone_r":0.2626,"bldg_age30_r":null,"shelter_min_walk":165,"pop":3889,"hh":2323,"elderly65_r":0.4009,"single_hh_r":0.5751,"source_level":"emd","flood_years":[],"landslide_hist_n":0},"geometry":{"type":"Polygon","coordinates":[[[127.76866,35.84443],[127.76782,35.84063],[127.772,35.83856],[127.77702,35.8403],[127.77786,35.8441],[127.77368,35.84617],[127.76866,35.84443]]]}},{"type":"Feature","properties":{"h3":"8830c54315fffff","emd_code":"5273032000","emd_name":"설천면","area_km2":0.5299,"edge":false,"slope_mean":27.67,"elev_mean":1280.3,"flood_hist_n":0,"flood_depth_max_m":null,"flood_risk_100y":null,"semi_basement_r":null,"elderly_alone_r":0.2626,"bldg_age30_r":null,"shelter_min_walk":148,"pop":3889,"hh":2323,"elderly65_r":0.4009,"single_hh_r":0.5751,"source_level":"emd","flood_years":[],"landslide_hist_n":0},"geometry":{"type":"Polygon","coordinates":[[[127.7536,35.83922],[127.75276,35.83542],[127.75694,35.83335],[127.76196,35.83509],[127.7628,35.83889],[127.75862,35.84096],[127.7536,35.83922]]]}},{"type":"Feature","properties":{"h3":"8830c54317fffff","emd_code":"5273032000","emd_name":"설천면","area_km2":0.53,"edge":true,"slope_mean":26.97,"elev_mean":1249.0,"flood_hist_n":0,"flood_depth_max_m":null,"flood_risk_100y":null,"semi_basement_r":null,"elderly_alone_r":0.2626,"bldg_age30_r":null,"shelter_min_walk":160,"pop":3889,"hh":2323,"elderly65_r":0.4009,"single_hh_r":0.5751,"source_level":"emd","flood_years":[],"landslide_hist_n":0},"geometry":{"type":"Polygon","coordinates":[[[127.7628,35.83889],[127.76196,35.83509],[127.76614,35.83302],[127.77116,35.83476],[127.772,35.83856],[127.76782,35.84063],[127.7628,35.83889]]]}},{"type":"Feature","properties":{"h3":"8830c54319fffff","emd_code":"5273032000","emd_name":"설천면","area_km2":0.5297,"edge":false,"slope_mean":24.66,"elev_mean":1220.4,"flood_hist_n":0,"flood_depth_max_m":null,"flood_risk_100y":null,"semi_basement_r":null,"elderly_alone_r":0.2626,"bldg_age30_r":null,"shelter_min_walk":147,"pop":3889,"hh":2323,"elderly65_r":0.4009,"single_hh_r":0.5751,"source_level":"emd","flood_years":[],"landslide_hist_n":0},"geometry":{"type":"Polygon","coordinates":[[[127.75612,35.85063],[127.75528,35.84683],[127.75946,35.84476],[127.76448,35.8465],[127.76532,35.8503],[127.76114,35.85237],[127.75612,35.85063]]]}},{"type":"Feature","properties":{"h3":"8830c5431bfffff","emd_code":"5273032000","emd_name":"설천면","area_km2":0.5298,"edge":false,"slope_mean":22.06,"elev_mean":1088.0,"flood_hist_n":0,"flood_depth_max_m":null,"flood_risk_100y":null,"semi_basement_r":null,"elderly_alone_r":0.2626,"bldg_age30_r":null,"shelter_min_walk":159,"pop":3889,"hh":2323,"elderly65_r":0.4009,"single_hh_r":0.5751,"source_level":"emd","flood_years":[],"landslide_hist_n":0},"geometry":{"type":"Polygon","coordinates":[[[127.76532,35.8503],[127.76448,35.8465],[127.76866,35.84443],[127.77368,35.84617],[127.77452,35.84997],[127.77034,35.85204],[127.76532,35.8503]]]}},{"type":"Feature","properties":{"h3":"8830c5431dfffff","emd_code":"5273032000","emd_name":"설천면","area_km2":0.5298,"edge":false,"slope_mean":24.87,"elev_mean":1307.9,"flood_hist_n":0,"flood_depth_max_m":null,"flood_risk_100y":null,"semi_basement_r":null,"elderly_alone_r":0.2626,"bldg_age30_r":null,"shelter_min_walk":141,"pop":3889,"hh":2323,"elderly65_r":0.4009,"single_hh_r":0.5751,"source_level":"emd","flood_years":[],"landslide_hist_n":0},"geometry":{"type":"Polygon","coordinates":[[[127.75026,35.84509],[127.74942,35.84128],[127.7536,35.83922],[127.75862,35.84096],[127.75946,35.84476],[127.75528,35.84683],[127.75026,35.84509]]]}},{"type":"Feature","properties":{"h3":"8830c54321fffff","emd_code":"5273034000","emd_name":"안성면","area_km2":0.53,"edge":false,"slope_mean":24.62,"elev_mean":1228.6,"flood_hist_n":0,"flood_depth_max_m":null,"flood_risk_100y":null,"semi_basement_r":null,"elderly_alone_r":0.3114,"bldg_age30_r":null,"shelter_min_walk":127,"pop":4034,"hh":2489,"elderly65_r":0.4859,"single_hh_r":0.5745,"source_level":"emd","flood_years":[],"landslide_hist_n":0},"geometry":{"type":"Polygon","coordinates":[[[127.72683,35.82292],[127.726,35.81911],[127.73017,35.81705],[127.73519,35.81879],[127.73603,35.82259],[127.73185,35.82466],[127.72683,35.82292]]]}},{"type":"Feature","properties":{"h3":"8830c54325fffff","emd_code":"5273034000","emd_name":"안성면","area_km2":0.5301,"edge":false,"slope_mean":25.09,"elev_mean":1301.3,"flood_hist_n":0,"flood_depth_max_m":null,"flood_risk_100y":null,"semi_basement_r":null,"elderly_alone_r":0.3114,"bldg_age30_r":null,"shelter_min_walk":126,"pop":4034,"hh":2489,"elderly65_r":0.4859,"single_hh_r":0.5745,"source_level":"emd","flood_years":[],"landslide_hist_n":0},"geometry":{"type":"Polygon","coordinates":[[[127.72098,35.81737],[127.72014,35.81357],[127.72432,35.8115],[127.72934,35.81324],[127.73017,35.81705],[127.726,35.81911],[127.72098,35.81737]]]}},{"type":"Feature","properties":{"h3":"8830c54327fffff","emd_code":"5273034000","emd_name":"안성면","area_km2":0.5302,"edge":true,"slope_mean":26.14,"elev_mean":1254.8,"flood_hist_n":0,"flood_depth_max_m":null,"flood_risk_100y":null,"semi_basement_r":null,"elderly_alone_r":0.3114,"bldg_age30_r":null,"shelter_min_walk":136,"pop":4034,"hh":2489,"elderly65_r":0.4859,"single_hh_r":0.5745,"source_level":"emd","flood_years":[],"landslide_hist_n":0},"geometry":{"type":"Polygon","coordinates":[[[127.73017,35.81705],[127.72934,35.81324],[127.73352,35.81118],[127.73853,35.81291],[127.73937,35.81672],[127.73519,35.81879],[127.73017,35.81705]]]}},{"type":"Feature","properties":{"h3":"8830c54329fffff","emd_code":"5273034000","emd_name":"안성면","area_km2":0.5299,"edge":false,"slope_mean":26.34,"elev_mean":1063.0,"flood_hist_n":0,"flood_depth_max_m":null,"flood_risk_100y":null,"semi_basement_r":null,"elderly_alone_r":0.3114,"bldg_age30_r":null,"shelter_min_walk":118,"pop":4034,"hh":2489,"elderly65_r":0.4859,"single_hh_r":0.5745,"source_level":"emd","flood_years":[],"landslide_hist_n":0},"geometry":{"type":"Polygon","coordinates":[[[127.72349,35.82879],[127.72265,35.82498],[127.72683,35.82292],[127.73185,35.82466],[127.73269,35.82846],[127.72851,35.83053],[127.72349,35.82879]]]}},{"type":"Feature","properties":{"h3":"8830c5432bfffff","emd_code":"5273034000","emd_name":"안성면","area_km2":0.53,"edge":false,"slope_mean":25.79,"elev_mean":1233.1,"flood_hist_n":0,"flood_depth_max_m":null,"flood_risk_100y":null,"semi_basement_r":null,"elderly_alone_r":0.3114,"bldg_age30_r":null,"shelter_min_walk":129,"pop":4034,"hh":2489,"elderly65_r":0.4859,"single_hh_r":0.5745,"source_level":"emd","flood_years":[],"landslide_hist_n":0},"geometry":{"type":"Polygon","coordinates":[[[127.73269,35.82846],[127.73185,35.82466],[127.73603,35.82259],[127.74105,35.82433],[127.74189,35.82813],[127.73771,35.8302],[127.73269,35.82846]]]}},{"type":"Feature","properties":{"h3":"8830c5432dfffff","emd_code":"5273034000","emd_name":"안성면","area_km2":0.53,"edge":false,"slope_mean":25.17,"elev_mean":1098.8,"flood_hist_n":0,"flood_depth_max_m":null,"flood_risk_100y":null,"semi_basement_r":null,"elderly_alone_r":0.3114,"bldg_age30_r":null,"shelter_min_walk":116,"pop":4034,"hh":2489,"elderly65_r":0.4859,"single_hh_r":0.5745,"source_level":"emd","flood_years":[],"landslide_hist_n":0},"geometry":{"type":"Polygon","coordinates":[[[127.71764,35.82324],[127.7168,35.81944],[127.72098,35.81737],[127.726,35.81911],[127.72683,35.82292],[127.72265,35.82498],[127.71764,35.82324]]]}},{"type":"Feature","properties":{"h3":"8830c54341fffff","emd_code":"5273034000","emd_name":"안성면","area_km2":0.5295,"edge":false,"slope_mean":25.15,"elev_mean":1122.9,"flood_hist_n":0,"flood_depth_max_m":null,"flood_risk_100y":null,"semi_basement_r":null,"elderly_alone_r":0.3114,"bldg_age30_r":null,"shelter_min_walk":98,"pop":4034,"hh":2489,"elderly65_r":0.4859,"single_hh_r":0.5745,"source_level":"emd","flood_years":[],"landslide_hist_n":0},"geometry":{"type":"Polygon","coordinates":[[[127.71933,35.85193],[127.71849,35.84813],[127.72267,35.84607],[127.72769,35.84781],[127.72852,35.85161],[127.72434,35.85367],[127.71933,35.85193]]]}},{"type":"Feature","properties":{"h3":"8830c54343fffff","emd_code":"5273034000","emd_name":"안성면","area_km2":0.5296,"edge":false,"slope_mean":27.83,"elev_mean":1209.1,"flood_hist_n":0,"flood_depth_max_m":null,"flood_risk_100y":null,"semi_basement_r":null,"elderly_alone_r":0.3114,"bldg_age30_r":null,"shelter_min_walk":110,"pop":4034,"hh":2489,"elderly65_r":0.4859,"single_hh_r":0.5745,"source_level":"emd","flood_years":[],"landslide_hist_n":0},"geometry":{"type":"Polygon","coordinates":[[[127.72852,35.85161],[127.72769,35.84781],[127.73186,35.84574],[127.73688,35.84748],[127.73772,35.85128],[127.73354,35.85335],[127.72852,35.85161]]]}},{"type":"Feature","properties":{"h3":"8830c54345fffff","emd_code":"5273034000","emd_name":"안성면","area_km2":0.5296,"edge":false,"slope_mean":23.89,"elev_mean":1018.3,"flood_hist_n":0,"flood_depth_max_m":null,"flood_risk_100y":null,"semi_basement_r":null,"elderly_alone_r":0.3114,"bldg_age30_r":null,"shelter_min_walk":93,"pop":4034,"hh":2489,"elderly65_r":0.4859,"single_hh_r":0.5745,"source_level":"emd","flood_years":[],"landslide_hist_n":0},"geometry":{"type":"Polygon","coordinates":[[[127.71347,35.84639],[127.71263,35.84259],[127.71681,35.84053],[127.72183,35.84226],[127.72267,35.84607],[127.71849,35.84813],[127.71347,35.84639]]]}},{"type":"Feature","properties":{"h3":"8830c54347fffff","emd_code":"5273034000","emd_name":"안성면","area_km2":0.5296,"edge":false,"slope_mean":26.64,"elev_mean":1123.1,"flood_hist_n":0,"flood_depth_max_m":null,"flood_risk_100y":null,"semi_basement_r":null,"elderly_alone_r":0.3114,"bldg_age30_r":null,"shelter_min_walk":105,"pop":4034,"hh":2489,"elderly65_r":0.4859,"single_hh_r":0.5745,"source_level":"emd","flood_years":[],"landslide_hist_n":0},"geometry":{"type":"Polygon","coordinates":[[[127.72267,35.84607],[127.72183,35.84226],[127.72601,35.8402],[127.73103,35.84194],[127.73186,35.84574],[127.72769,35.84781],[127.72267,35.84607]]]}},{"type":"Feature","properties":{"h3":"8830c54349fffff","emd_code":"5273034000","emd_name":"안성면","area_km2":0.5294,"edge":false,"slope_mean":25.99,"elev_mean":991.4,"flood_hist_n":0,"flood_depth_max_m":null,"flood_risk_100y":null,"semi_basement_r":null,"elderly_alone_r":0.3114,"bldg_age30_r":null,"shelter_min_walk":91,"pop":4034,"hh":2489,"elderly65_r":0.4859,"single_hh_r":0.5745,"source_level":"emd","flood_years":[],"landslide_hist_n":0},"geometry":{"type":"Polygon","coordinates":[[[127.71598,35.8578],[127.71515,35.854],[127.71933,35.85193],[127.72434,35.85367],[127.72518,35.85748],[127.721,35.85954],[127.71598,35.8578]]]}},{"type":"Feature","properties":{"h3":"8830c5434bfffff","emd_code":"5273034000","emd_name":"안성면","area_km2":0.5295,"edge":false,"slope_mean":26.65,"elev_mean":1021.0,"flood_hist_n":0,"flood_depth_max_m":null,"flood_risk_100y":null,"semi_basement_r":null,"elderly_alone_r":0.3114,"bldg_age30_r":null,"shelter_min_walk":104,"pop":4034,"hh":2489,"elderly65_r":0.4859,"single_hh_r":0.5745,"source_level":"emd","flood_years":[],"landslide_hist_n":0},"geometry":{"type":"Polygon","coordinates":[[[127.72518,35.85748],[127.72434,35.85367],[127.72852,35.85161],[127.73354,35.85335],[127.73438,35.85715],[127.7302,35.85921],[127.72518,35.85748]]]}},{"type":"Feature","properties":{"h3":"8830c5434dfffff","emd_code":"5273034000","emd_name":"안성면","area_km2":0.5295,"edge":false,"slope_mean":25.52,"elev_mean":1054.0,"flood_hist_n":0,"flood_depth_max_m":null,"flood_risk_100y":null,"semi_basement_r":null,"elderly_alone_r":0.3114,"bldg_age30_r":null,"shelter_min_walk":86,"pop":4034,"hh":2489,"elderly65_r":0.4859,"single_hh_r":0.5745,"source_level":"emd","flood_years":[],"landslide_hist_n":0},"geometry":{"type":"Polygon","coordinates":[[[127.71013,35.85226],[127.70929,35.84846],[127.71347,35.84639],[127.71849,35.84813],[127.71933,35.85193],[127.71515,35.854],[127.71013,35.85226]]]}},{"type":"Feature","properties":{"h3":"8830c54351fffff","emd_code":"5273032000","emd_name":"설천면","area_km2":0.5296,"edge":false,"slope_mean":24.49,"elev_mean":1483.7,"flood_hist_n":0,"flood_depth_max_m":null,"flood_risk_100y":null,"semi_basement_r":null,"elderly_alone_r":0.2626,"bldg_age30_r":null,"shelter_min_walk":128,"pop":3889,"hh":2323,"elderly65_r":0.4009,"single_hh_r":0.5751,"source_level":"emd","flood_years":[],"landslide_hist_n":0},"geometry":{"type":"Polygon","coordinates":[[[127.74358,35.85682],[127.74274,35.85302],[127.74692,35.85096],[127.75194,35.85269],[127.75278,35.8565],[127.7486,35.85856],[127.74358,35.85682]]]}},{"type":"Feature","properties":{"h3":"8830c54353fffff","emd_code":"5273032000","emd_name":"설천면","area_km2":0.5296,"edge":false,"slope_mean":22.84,"elev_mean":1297.2,"flood_hist_n":0,"flood_depth_max_m":null,"flood_risk_100y":null,"semi_basement_r":null,"elderly_alone_r":0.2626,"bldg_age30_r":null,"shelter_min_walk":141,"pop":3889,"hh":2323,"elderly65_r":0.4009,"single_hh_r":0.5751,"source_level":"emd","flood_years":[],"landslide_hist_n":0},"geometry":{"type":"Polygon","coordinates":[[[127.75278,35.8565],[127.75194,35.85269],[127.75612,35.85063],[127.76114,35.85237],[127.76198,35.85617],[127.7578,35.85823],[127.75278,35.8565]]]}},{"type":"Feature","properties":{"h3":"8830c54355fffff","emd_code":"5273034000","emd_name":"안성면","area_km2":0.5296,"edge":false,"slope_mean":26.84,"elev_mean":1369.6,"flood_hist_n":0,"flood_depth_max_m":null,"flood_risk_100y":null,"semi_basement_r":null,"elderly_alone_r":0.3114,"bldg_age30_r":null,"shelter_min_walk":122,"pop":4034,"hh":2489,"elderly65_r":0.4859,"single_hh_r":0.5745,"source_level":"emd","flood_years":[],"landslide_hist_n":0},"geometry":{"type":"Polygon","coordinates":[[[127.73772,35.85128],[127.73688,35.84748],[127.74106,35.84542],[127.74608,35.84715],[127.74692,35.85096],[127.74274,35.85302],[127.73772,35.85128]]]}},{"type":"Feature","properties":{"h3":"8830c54357fffff","emd_code":"5273032000","emd_name":"설천면","area_km2":0.5297,"edge":false,"slope_mean":22.65,"elev_mean":1427.1,"flood_hist_n":0,"flood_depth_max_m":null,"flood_risk_100y":null,"semi_basement_r":null,"elderly_alone_r":0.2626,"bldg_age30_r":null,"shelter_min_walk":134,"pop":3889,"hh":2323,"elderly65_r":0.4009,"single_hh_r":0.5751,"source_level":"emd","flood_years":[],"landslide_hist_n":0},"geometry":{"type":"Polygon","coordinates":[[[127.74692,35.85096],[127.74608,35.84715],[127.75026,35.84509],[127.75528,35.84683],[127.75612,35.85063],[127.75194,35.85269],[127.74692,35.85096]]]}},{"type":"Feature","properties":{"h3":"8830c54359fffff","emd_code":"5273034000","emd_name":"안성면","area_km2":0.5294,"edge":false,"slope_mean":29.48,"elev_mean":1454.7,"flood_hist_n":0,"flood_depth_max_m":null,"flood_risk_100y":null,"semi_basement_r":null,"elderly_alone_r":0.3114,"bldg_age30_r":null,"shelter_min_walk":123,"pop":4034,"hh":2489,"elderly65_r":0.4859,"single_hh_r":0.5745,"source_level":"emd","flood_years":[],"landslide_hist_n":0},"geometry":{"type":"Polygon","coordinates":[[[127.74024,35.86269],[127.7394,35.85889],[127.74358,35.85682],[127.7486,35.85856],[127.74944,35.86236],[127.74526,35.86443],[127.74024,35.86269]]]}},{"type":"Feature","properties":{"h3":"8830c5435bfffff","emd_code":"5273032000","emd_name":"설천면","area_km2":0.5295,"edge":false,"slope_mean":25.21,"elev_mean":1337.6,"flood_hist_n":0,"flood_depth_max_m":null,"flood_risk_100y":null,"semi_basement_r":null,"elderly_alone_r":0.2626,"bldg_age30_r":null,"shelter_min_walk":136,"pop":3889,"hh":2323,"elderly65_r":0.4009,"single_hh_r":0.5751,"source_level":"emd","flood_years":[],"landslide_hist_n":0},"geometry":{"type":"Polygon","coordinates":[[[127.74944,35.86236],[127.7486,35.85856],[127.75278,35.8565],[127.7578,35.85823],[127.75864,35.86204],[127.75446,35.8641],[127.74944,35.86236]]]}},{"type":"Feature","properties":{"h3":"8830c5435dfffff","emd_code":"5273034000","emd_name":"안성면","area_km2":0.5295,"edge":false,"slope_mean":29.33,"elev_mean":1236.7,"flood_hist_n":0,"flood_depth_max_m":null,"flood_risk_100y":null,"semi_basement_r":null,"elderly_alone_r":0.3114,"bldg_age30_r":null,"shelter_min_walk":116,"pop":4034,"hh":2489,"elderly65_r":0.4859,"single_hh_r":0.5745,"source_level":"emd","flood_years":[],"landslide_hist_n":0},"geometry":{"type":"Polygon","coordinates":[[[127.73438,35.85715],[127.73354,35.85335],[127.73772,35.85128],[127.74274,35.85302],[127.74358,35.85682],[127.7394,35.85889],[127.73438,35.85715]]]}},{"type":"Feature","properties":{"h3":"8830c54361fffff","emd_code":"5273034000","emd_name":"안성면","area_km2":0.5298,"edge":false,"slope_mean":24.14,"elev_mean":798.7,"flood_hist_n":0,"flood_depth_max_m":null,"flood_risk_100y":null,"semi_basement_r":null,"elderly_alone_r":0.3114,"bldg_age30_r":null,"shelter_min_walk":98,"pop":4034,"hh":2489,"elderly65_r":0.4859,"single_hh_r":0.5745,"source_level":"emd","flood_years":[],"landslide_hist_n":0},"geometry":{"type":"Polygon","coordinates":[[[127.71096,35.83498],[127.71012,35.83118],[127.7143,35.82911],[127.71931,35.83085],[127.72015,35.83466],[127.71597,35.83672],[127.71096,35.83498]]]}},{"type":"Feature","properties":{"h3":"8830c54363fffff","emd_code":"5273034000","emd_name":"안성면","area_km2":0.5298,"edge":false,"slope_mean":22.24,"elev_mean":934.7,"flood_hist_n":0,"flood_depth_max_m":null,"flood_risk_100y":null,"semi_basement_r":null,"elderly_alone_r":0.3114,"bldg_age30_r":null,"shelter_min_walk":109,"pop":4034,"hh":2489,"elderly65_r":0.4859,"single_hh_r":0.5745,"source_level":"emd","flood_years":[],"landslide_hist_n":0},"geometry":{"type":"Polygon","coordinates":[[[127.72015,35.83466],[127.71931,35.83085],[127.72349,35.82879],[127.72851,35.83053],[127.72935,35.83433],[127.72517,35.8364],[127.72015,35.83466]]]}},{"type":"Feature","properties":{"h3":"8830c54365fffff","emd_code":"5273034000","emd_name":"안성면","area_km2":0.5298,"edge":false,"slope_mean":23.41,"elev_mean":873.5,"flood_hist_n":0,"flood_depth_max_m":null,"flood_risk_100y":null,"semi_basement_r":null,"elderly_alone_r":0.3114,"bldg_age30_r":null,"shelter_min_walk":97,"pop":4034,"hh":2489,"elderly65_r":0.4859,"single_hh_r":0.5745,"source_level":"emd","flood_years":[],"landslide_hist_n":0},"geometry":{"type":"Polygon","coordinates":[[[127.7051,35.82944],[127.70426,35.82563],[127.70844,35.82357],[127.71346,35.82531],[127.7143,35.82911],[127.71012,35.83118],[127.7051,35.82944]]]}},{"type":"Feature","properties":{"h3":"8830c54367fffff","emd_code":"5273034000","emd_name":"안성면","area_km2":0.5299,"edge":false,"slope_mean":25.05,"elev_mean":937.4,"flood_hist_n":0,"flood_depth_max_m":null,"flood_risk_100y":null,"semi_basement_r":null,"elderly_alone_r":0.3114,"bldg_age30_r":null,"shelter_min_walk":107,"pop":4034,"hh":2489,"elderly65_r":0.4859,"single_hh_r":0.5745,"source_level":"emd","flood_years":[],"landslide_hist_n":0},"geometry":{"type":"Polygon","coordinates":[[[127.7143,35.82911],[127.71346,35.82531],[127.71764,35.82324],[127.72265,35.82498],[127.72349,35.82879],[127.71931,35.83085],[127.7143,35.82911]]]}},{"type":"Feature","properties":{"h3":"8830c54369fffff","emd_code":"5273034000","emd_name":"안성면","area_km2":0.5297,"edge":false,"slope_mean":24.85,"elev_mean":810.4,"flood_hist_n":0,"flood_depth_max_m":null,"flood_risk_100y":null,"semi_basement_r":null,"elderly_alone_r":0.3114,"bldg_age30_r":null,"shelter_min_walk":89,"pop":4034,"hh":2489,"elderly65_r":0.4859,"single_hh_r":0.5745,"source_level":"emd","flood_years":[],"landslide_hist_n":0},"geometry":{"type":"Polygon","coordinates":[[[127.70761,35.84085],[127.70678,35.83705],[127.71096,35.83498],[127.71597,35.83672],[127.71681,35.84053],[127.71263,35.84259],[127.70761,35.84085]]]}},{"type":"Feature","properties":{"h3":"8830c5436bfffff","emd_code":"5273034000","emd_name":"안성면","area_km2":0.5297,"edge":false,"slope_mean":25.13,"elev_mean":922.2,"flood_hist_n":0,"flood_depth_max_m":null,"flood_risk_100y":null,"semi_basement_r":null,"elderly_alone_r":0.3114,"bldg_age30_r":null,"shelter_min_walk":101,"pop":4034,"hh":2489,"elderly65_r":0.4859,"single_hh_r":0.5745,"source_level":"emd","flood_years":[],"landslide_hist_n":0},"geometry":{"type":"Polygon","coordinates":[[[127.71681,35.84053],[127.71597,35.83672],[127.72015,35.83466],[127.72517,35.8364],[127.72601,35.8402],[127.72183,35.84226],[127.71681,35.84053]]]}},{"type":"Feature","properties":{"h3":"8830c5436dfffff","emd_code":"5273034000","emd_name":"안성면","area_km2":0.5297,"edge":false,"slope_mean":24.22,"elev_mean":767.6,"flood_hist_n":0,"flood_depth_max_m":null,"flood_risk_100y":null,"semi_basement_r":null,"elderly_alone_r":0.3114,"bldg_age30_r":null,"shelter_min_walk":87,"pop":4034,"hh":2489,"elderly65_r":0.4859,"single_hh_r":0.5745,"source_level":"emd","flood_years":[],"landslide_hist_n":0},"geometry":{"type":"Polygon","coordinates":[[[127.70176,35.83531],[127.70092,35.8315],[127.7051,35.82944],[127.71012,35.83118],[127.71096,35.83498],[127.70678,35.83705],[127.70176,35.83531]]]}},{"type":"Feature","properties":{"h3":"8830c55001fffff","emd_code":"5273033000","emd_name":"적상면","area_km2":0.5282,"edge":false,"slope_mean":24.75,"elev_mean":512.6,"flood_hist_n":0,"flood_depth_max_m":null,"flood_risk_100y":null,"semi_basement_r":null,"elderly_alone_r":0.3444,"bldg_age30_r":null,"shelter_min_walk":108,"pop":2557,"hh":1591,"elderly65_r":0.5108,"single_hh_r":0.5827,"source_level":"emd","flood_years":[],"landslide_hist_n":1},"geometry":{"type":"Polygon","coordinates":[[[127.68843,35.92194],[127.68759,35.91814],[127.69177,35.91609],[127.69679,35.91782],[127.69763,35.92162],[127.69345,35.92368],[127.68843,35.92194]]]}},{"type":"Feature","properties":{"h3":"8830c55003fffff","emd_code":"5273033000","emd_name":"적상면","area_km2":0.5283,"edge":false,"slope_mean":24.06,"elev_mean":534.8,"flood_hist_n":0,"flood_depth_max_m":null,"flood_risk_100y":null,"semi_basement_r":null,"elderly_alone_r":0.3444,"bldg_age30_r":null,"shelter_min_walk":114,"pop":2557,"hh":1591,"elderly65_r":0.5108,"single_hh_r":0.5827,"source_level":"emd","flood_years":[],"landslide_hist_n":0},"geometry":{"type":"Polygon","coordinates":[[[127.69763,35.92162],[127.69679,35.91782],[127.70097,35.91577],[127.70599,35.9175],[127.70682,35.9213],[127.70264,35.92336],[127.69763,35.92162]]]}},{"type":"Feature","properties":{"h3":"8830c55005fffff","emd_code":"5273033000","emd_name":"적상면","area_km2":0.5283,"edge":false,"slope_mean":19.39,"elev_mean":409.8,"flood_hist_n":0,"flood_depth_max_m":null,"flood_risk_100y":null,"semi_basement_r":null,"elderly_alone_r":0.3444,"bldg_age30_r":null,"shelter_min_walk":96,"pop":2557,"hh":1591,"elderly65_r":0.5108,"single_hh_r":0.5827,"source_level":"emd","flood_years":[],"landslide_hist_n":0},"geometry":{"type":"Polygon","coordinates":[[[127.68257,35.91641],[127.68174,35.91261],[127.68591,35.91055],[127.69093,35.91229],[127.69177,35.91609],[127.68759,35.91814],[127.68257,35.91641]]]}},{"type":"Feature","properties":{"h3":"8830c55007fffff","emd_code":"5273033000","emd_name":"적상면","area_km2":0.5283,"edge":false,"slope_mean":25.81,"elev_mean":572.6,"flood_hist_n":0,"flood_depth_max_m":null,"flood_risk_100y":null,"semi_basement_r":null,"elderly_alone_r":0.3444,"bldg_age30_r":null,"shelter_min_walk":102,"pop":2557,"hh":1591,"elderly65_r":0.5108,"single_hh_r":0.5827,"source_level":"emd","flood_years":[],"landslide_hist_n":0},"geometry":{"type":"Polygon","coordinates":[[[127.69177,35.91609],[127.69093,35.91229],[127.69511,35.91023],[127.70013,35.91197],[127.70097,35.91577],[127.69679,35.91782],[127.69177,35.91609]]]}},{"type":"Feature","properties":{"h3":"8830c55009fffff","emd_code":"5273033000","emd_name":"적상면","area_km2":0.5281,"edge":false,"slope_mean":24.29,"elev_mean":479.3,"flood_hist_n":0,"flood_depth_max_m":null,"flood_risk_100y":null,"semi_basement_r":null,"elderly_alone_r":0.3444,"bldg_age30_r":null,"shelter_min_walk":114,"pop":2557,"hh":1591,"elderly65_r":0.5108,"single_hh_r":0.5827,"source_level":"emd","flood_years":[],"landslide_hist_n":0},"geometry":{"type":"Polygon","coordinates":[[[127.68509,35.9278],[127.68425,35.924],[127.68843,35.92194],[127.69345,35.92368],[127.69428,35.92748],[127.69011,35.92954],[127.68509,35.9278]]]}},{"type":"Feature","properties":{"h3":"8830c5500bfffff","emd_code":"5273033000","emd_name":"적상면","area_km2":0.5281,"edge":false,"slope_mean":19.18,"elev_mean":429.4,"flood_hist_n":0,"flood_depth_max_m":null,"flood_risk_100y":null,"semi_basement_r":null,"elderly_alone_r":0.3444,"bldg_age30_r":null,"shelter_min_walk":120,"pop":2557,"hh":1591,"elderly65_r":0.5108,"single_hh_r":0.5827,"source_level":"emd","flood_years":[],"landslide_hist_n":0},"geometry":{"type":"Polygon","coordinates":[[[127.69428,35.92748],[127.69345,35.92368],[127.69763,35.92162],[127.70264,35.92336],[127.70348,35.92716],[127.6993,35.92922],[127.69428,35.92748]]]}},{"type":"Feature","properties":{"h3":"8830c5500dfffff","emd_code":"5273033000","emd_name":"적상면","area_km2":0.5282,"edge":false,"slope_mean":16.0,"elev_mean":362.1,"flood_hist_n":0,"flood_depth_max_m":null,"flood_risk_100y":null,"semi_basement_r":null,"elderly_alone_r":0.3444,"bldg_age30_r":null,"shelter_min_walk":103,"pop":2557,"hh":1591,"elderly65_r":0.5108,"single_hh_r":0.5827,"source_level":"emd","flood_years":[],"landslide_hist_n":1},"geometry":{"type":"Polygon","coordinates":[[[127.67923,35.92226],[127.67839,35.91846],[127.68257,35.91641],[127.68759,35.91814],[127.68843,35.92194],[127.68425,35.924],[127.67923,35.92226]]]}},{"type":"Feature","properties":{"h3":"8830c55011fffff","emd_code":"5273033000","emd_name":"적상면","area_km2":0.5282,"edge":false,"slope_mean":20.16,"elev_mean":382.4,"flood_hist_n":1,"flood_depth_max_m":0.5,"flood_risk_100y":null,"semi_basement_r":null,"elderly_alone_r":0.3444,"bldg_age30_r":null,"shelter_min_walk":133,"pop":2557,"hh":1591,"elderly65_r":0.5108,"single_hh_r":0.5827,"source_level":"emd","flood_years":[2020],"landslide_hist_n":0},"geometry":{"type":"Polygon","coordinates":[[[127.71268,35.92683],[127.71184,35.92304],[127.71602,35.92098],[127.72104,35.92272],[127.72188,35.92651],[127.7177,35.92857],[127.71268,35.92683]]]}},{"type":"Feature","properties":{"h3":"8830c55013fffff","emd_code":"5273033000","emd_name":"적상면","area_km2":0.5283,"edge":false,"slope_mean":22.67,"elev_mean":417.6,"flood_hist_n":0,"flood_depth_max_m":null,"flood_risk_100y":null,"semi_basement_r":null,"elderly_alone_r":0.3444,"bldg_age30_r":null,"shelter_min_walk":141,"pop":2557,"hh":1591,"elderly65_r":0.5108,"single_hh_r":0.5827,"source_level":"emd","flood_years":[],"landslide_hist_n":1},"geometry":{"type":"Polygon","coordinates":[[[127.72188,35.92651],[127.72104,35.92272],[127.72522,35.92066],[127.73024,35.92239],[127.73108,35.92619],[127.7269,35.92825],[127.72188,35.92651]]]}},{"type":"Feature","properties":{"h3":"8830c55015fffff","emd_code":"5273033000","emd_name":"적상면","area_km2":0.5283,"edge":false,"slope_mean":26.39,"elev_mean":542.1,"flood_hist_n":0,"flood_depth_max_m":null,"flood_risk_100y":null,"semi_basement_r":null,"elderly_alone_r":0.3444,"bldg_age30_r":null,"shelter_min_walk":121,"pop":2557,"hh":1591,"elderly65_r":0.5108,"single_hh_r":0.5827,"source_level":"emd","flood_years":[],"landslide_hist_n":0},"geometry":{"type":"Polygon","coordinates":[[[127.70682,35.9213],[127.70599,35.9175],[127.71017,35.91544],[127.71518,35.91718],[127.71602,35.92098],[127.71184,35.92304],[127.70682,35.9213]]]}},{"type":"Feature","properties":{"h3":"8830c55017fffff","emd_code":"5273033000","emd_name":"적상면","area_km2":0.5284,"edge":false,"slope_mean":22.73,"elev_mean":409.5,"flood_hist_n":0,"flood_depth_max_m":null,"flood_risk_100y":null,"semi_basement_r":null,"elderly_alone_r":0.3444,"bldg_age30_r":null,"shelter_min_walk":129,"pop":2557,"hh":1591,"elderly65_r":0.5108,"single_hh_r":0.5827,"source_level":"emd","flood_years":[],"landslide_hist_n":0},"geometry":{"type":"Polygon","coordinates":[[[127.71602,35.92098],[127.71518,35.91718],[127.71936,35.91512],[127.72438,35.91686],[127.72522,35.92066],[127.72104,35.92272],[127.71602,35.92098]]]}},{"type":"Feature","properties":{"h3":"8830c55019fffff","emd_code":"5273033000","emd_name":"적상면","area_km2":0.5281,"edge":false,"slope_mean":10.42,"elev_mean":333.4,"flood_hist_n":1,"flood_depth_max_m":1.0,"flood_risk_100y":null,"semi_basement_r":null,"elderly_alone_r":0.3444,"bldg_age30_r":null,"shelter_min_walk":137,"pop":2557,"hh":1591,"elderly65_r":0.5108,"single_hh_r":0.5827,"source_level":"emd","flood_years":[2020],"landslide_hist_n":0},"geometry":{"type":"Polygon","coordinates":[[[127.70934,35.93269],[127.7085,35.92889],[127.71268,35.92683],[127.7177,35.92857],[127.71854,35.93237],[127.71436,35.93443],[127.70934,35.93269]]]}},{"type":"Feature","properties":{"h3":"8830c5501bfffff","emd_code":"5273033000","emd_name":"적상면","area_km2":0.5282,"edge":false,"slope_mean":25.54,"elev_mean":443.8,"flood_hist_n":0,"flood_depth_max_m":null,"flood_risk_100y":null,"semi_basement_r":null,"elderly_alone_r":0.3444,"bldg_age30_r":null,"shelter_min_walk":143,"pop":2557,"hh":1591,"elderly65_r":0.5108,"single_hh_r":0.5827,"source_level":"emd","flood_years":[],"landslide_hist_n":2},"geometry":{"type":"Polygon","coordinates":[[[127.71854,35.93237],[127.7177,35.92857],[127.72188,35.92651],[127.7269,35.92825],[127.72774,35.93205],[127.72356,35.93411],[127.71854,35.93237]]]}},{"type":"Feature","properties":{"h3":"8830c5501dfffff","emd_code":"5273033000","emd_name":"적상면","area_km2":0.5282,"edge":false,"slope_mean":19.3,"elev_mean":430.2,"flood_hist_n":0,"flood_depth_max_m":null,"flood_risk_100y":null,"semi_basement_r":null,"elderly_alone_r":0.3444,"bldg_age30_r":null,"shelter_min_walk":126,"pop":2557,"hh":1591,"elderly65_r":0.5108,"single_hh_r":0.5827,"source_level":"emd","flood_years":[],"landslide_hist_n":0},"geometry":{"type":"Polygon","coordinates":[[[127.70348,35.92716],[127.70264,35.92336],[127.70682,35.9213],[127.71184,35.92304],[127.71268,35.92683],[127.7085,35.92889],[127.70348,35.92716]]]}},{"type":"Feature","properties":{"h3":"8830c55021fffff","emd_code":"5273033000","emd_name":"적상면","area_km2":0.5285,"edge":false,"slope_mean":21.9,"elev_mean":453.3,"flood_hist_n":0,"flood_depth_max_m":null,"flood_risk_100y":null,"semi_basement_r":null,"elderly_alone_r":0.3444,"bldg_age30_r":null,"shelter_min_walk":78,"pop":2557,"hh":1591,"elderly65_r":0.5108,"single_hh_r":0.5827,"source_level":"emd","flood_years":[],"landslide_hist_n":0},"geometry":{"type":"Polygon","coordinates":[[[127.68006,35.90501],[127.67922,35.90121],[127.6834,35.89916],[127.68842,35.90089],[127.68926,35.90469],[127.68508,35.90675],[127.68006,35.90501]]]}},{"type":"Feature","properties":{"h3":"8830c55023fffff","emd_code":"5273033000","emd_name":"적상면","area_km2":0.5285,"edge":false,"slope_mean":21.46,"elev_mean":613.5,"flood_hist_n":0,"flood_depth_max_m":null,"flood_risk_100y":null,"semi_basement_r":null,"elderly_alone_r":0.3444,"bldg_age30_r":null,"shelter_min_walk":85,"pop":2557,"hh":1591,"elderly65_r":0.5108,"single_hh_r":0.5827,"source_level":"emd","flood_years":[],"landslide_hist_n":0},"geometry":{"type":"Polygon","coordinates":[[[127.68926,35.90469],[127.68842,35.90089],[127.6926,35.89883],[127.69761,35.90057],[127.69845,35.90437],[127.69427,35.90643],[127.68926,35.90469]]]}},{"type":"Feature","properties":{"h3":"8830c55025fffff","emd_code":"5273033000","emd_name":"적상면","area_km2":0.5285,"edge":false,"slope_mean":25.25,"elev_mean":513.3,"flood_hist_n":0,"flood_depth_max_m":null,"flood_risk_100y":null,"semi_basement_r":null,"elderly_alone_r":0.3444,"bldg_age30_r":null,"shelter_min_walk":66,"pop":2557,"hh":1591,"elderly65_r":0.5108,"single_hh_r":0.5827,"source_level":"emd","flood_years":[],"landslide_hist_n":0},"geometry":{"type":"Polygon","coordinates":[[[127.6742,35.89948],[127.67337,35.89568],[127.67755,35.89362],[127.68256,35.89536],[127.6834,35.89916],[127.67922,35.90121],[127.6742,35.89948]]]}},{"type":"Feature","properties":{"h3":"8830c55027fffff","emd_code":"5273033000","emd_name":"적상면","area_km2":0.5286,"edge":false,"slope_mean":22.8,"elev_mean":501.9,"flood_hist_n":0,"flood_depth_max_m":null,"flood_risk_100y":null,"semi_basement_r":null,"elderly_alone_r":0.3444,"bldg_age30_r":null,"shelter_min_walk":73,"pop":2557,"hh":1591,"elderly65_r":0.5108,"single_hh_r":0.5827,"source_level":"emd","flood_years":[],"landslide_hist_n":0},"geometry":{"type":"Polygon","coordinates":[[[127.6834,35.89916],[127.68256,35.89536],[127.68674,35.8933],[127.69176,35.89504],[127.6926,35.89883],[127.68842,35.90089],[127.6834,35.89916]]]}},{"type":"Feature","properties":{"h3":"8830c55029fffff","emd_code":"5273033000","emd_name":"적상면","area_km2":0.5283,"edge":false,"slope_mean":19.91,"elev_mean":401.6,"flood_hist_n":1,"flood_depth_max_m":1.0,"flood_risk_100y":null,"semi_basement_r":null,"elderly_alone_r":0.3444,"bldg_age30_r":null,"shelter_min_walk":84,"pop":2557,"hh":1591,"elderly65_r":0.5108,"single_hh_r":0.5827,"source_level":"emd","flood_years":[2020],"landslide_hist_n":0},"geometry":{"type":"Polygon","coordinates":[[[127.67672,35.91087],[127.67588,35.90707],[127.68006,35.90501],[127.68508,35.90675],[127.68591,35.91055],[127.68174,35.91261],[127.67672,35.91087]]]}},{"type":"Feature","properties":{"h3":"8830c5502bfffff","emd_code":"5273033000","emd_name":"적상면","area_km2":0.5284,"edge":false,"slope_mean":22.63,"elev_mean":486.1,"flood_hist_n":0,"flood_depth_max_m":null,"flood_risk_100y":null,"semi_basement_r":null,"elderly_alone_r":0.3444,"bldg_age30_r":null,"shelter_min_walk":90,"pop":2557,"hh":1591,"elderly65_r":0.5108,"single_hh_r":0.5827,"source_level":"emd","flood_years":[],"landslide_hist_n":0},"geometry":{"type":"Polygon","coordinates":[[[127.68591,35.91055],[127.68508,35.90675],[127.68926,35.90469],[127.69427,35.90643],[127.69511,35.91023],[127.69093,35.91229],[127.68591,35.91055]]]}},{"type":"Feature","properties":{"h3":"8830c5502dfffff","emd_code":"5273033000","emd_name":"적상면","area_km2":0.5284,"edge":false,"slope_mean":24.73,"elev_mean":509.6,"flood_hist_n":0,"flood_depth_max_m":null,"flood_risk_100y":null,"semi_basement_r":null,"elderly_alone_r":0.3444,"bldg_age30_r":null,"shelter_min_walk":72,"pop":2557,"hh":1591,"elderly65_r":0.5108,"single_hh_r":0.5827,"source_level":"emd","flood_years":[],"landslide_hist_n":0},"geometry":{"type":"Polygon","coordinates":[[[127.67086,35.90533],[127.67003,35.90153],[127.6742,35.89948],[127.67922,35.90121],[127.68006,35.90501],[127.67588,35.90707],[127.67086,35.90533]]]}},{"type":"Feature","properties":{"h3":"8830c55031fffff","emd_code":"5273033000","emd_name":"적상면","area_km2":0.5285,"edge":false,"slope_mean":24.03,"elev_mean":536.6,"flood_hist_n":0,"flood_depth_max_m":null,"flood_risk_100y":null,"semi_basement_r":null,"elderly_alone_r":0.3444,"bldg_age30_r":null,"shelter_min_walk":105,"pop":2557,"hh":1591,"elderly65_r":0.5108,"single_hh_r":0.5827,"source_level":"emd","flood_years":[],"landslide_hist_n":0},"geometry":{"type":"Polygon","coordinates":[[[127.70431,35.90991],[127.70347,35.90611],[127.70765,35.90405],[127.71267,35.90579],[127.71351,35.90959],[127.70933,35.91165],[127.70431,35.90991]]]}},{"type":"Feature","properties":{"h3":"8830c55033fffff","emd_code":"5273033000","emd_name":"적상면","area_km2":0.5285,"edge":false,"slope_mean":22.65,"elev_mean":483.8,"flood_hist_n":0,"flood_depth_max_m":null,"flood_risk_100y":null,"semi_basement_r":null,"elderly_alone_r":0.3444,"bldg_age30_r":null,"shelter_min_walk":114,"pop":2557,"hh":1591,"elderly65_r":0.5108,"single_hh_r":0.5827,"source_level":"emd","flood_years":[],"landslide_hist_n":0},"geometry":{"type":"Polygon","coordinates":[[[127.71351,35.90959],[127.71267,35.90579],[127.71685,35.90373],[127.72187,35.90546],[127.7227,35.90926],[127.71852,35.91132],[127.71351,35.90959]]]}},{"type":"Feature","properties":{"h3":"8830c55035fffff","emd_code":"5273033000","emd_name":"적상면","area_km2":0.5286,"edge":false,"slope_mean":24.27,"elev_mean":661.9,"flood_hist_n":0,"flood_depth_max_m":null,"flood_risk_100y":null,"semi_basement_r":null,"elderly_alone_r":0.3444,"bldg_age30_r":null,"shelter_min_walk":93,"pop":2557,"hh":1591,"elderly65_r":0.5108,"single_hh_r":0.5827,"source_level":"emd","flood_years":[],"landslide_hist_n":0},"geometry":{"type":"Polygon","coordinates":[[[127.69845,35.90437],[127.69761,35.90057],[127.70179,35.89851],[127.70681,35.90025],[127.70765,35.90405],[127.70347,35.90611],[127.69845,35.90437]]]}},{"type":"Feature","properties":{"h3":"8830c55037fffff","emd_code":"5273033000","emd_name":"적상면","area_km2":0.5286,"edge":false,"slope_mean":24.79,"elev_mean":569.9,"flood_hist_n":0,"flood_depth_max_m":null,"flood_risk_100y":null,"semi_basement_r":null,"elderly_alone_r":0.3444,"bldg_age30_r":null,"shelter_min_walk":102,"pop":2557,"hh":1591,"elderly65_r":0.5108,"single_hh_r":0.5827,"source_level":"emd","flood_years":[],"landslide_hist_n":0},"geometry":{"type":"Polygon","coordinates":[[[127.70765,35.90405],[127.70681,35.90025],[127.71099,35.89819],[127.71601,35.89993],[127.71685,35.90373],[127.71267,35.90579],[127.70765,35.90405]]]}},{"type":"Feature","properties":{"h3":"8830c55039fffff","emd_code":"5273033000","emd_name":"적상면","area_km2":0.5284,"edge":false,"slope_mean":27.02,"elev_mean":640.0,"flood_hist_n":0,"flood_depth_max_m":null,"flood_risk_100y":null,"semi_basement_r":null,"elderly_alone_r":0.3444,"bldg_age30_r":null,"shelter_min_walk":109,"pop":2557,"hh":1591,"elderly65_r":0.5108,"single_hh_r":0.5827,"source_level":"emd","flood_years":[],"landslide_hist_n":0},"geometry":{"type":"Polygon","coordinates":[[[127.70097,35.91577],[127.70013,35.91197],[127.70431,35.90991],[127.70933,35.91165],[127.71017,35.91544],[127.70599,35.9175],[127.70097,35.91577]]]}},{"type":"Feature","properties":{"h3":"8830c5503bfffff","emd_code":"5273033000","emd_name":"적상면","area_km2":0.5284,"edge":false,"slope_mean":24.03,"elev_mean":459.1,"flood_hist_n":1,"flood_depth_max_m":0.5,"flood_risk_100y":null,"semi_basement_r":null,"elderly_alone_r":0.3444,"bldg_age30_r":null,"shelter_min_walk":117,"pop":2557,"hh":1591,"elderly65_r":0.5108,"single_hh_r":0.5827,"source_level":"emd","flood_years":[2020],"landslide_hist_n":0},"geometry":{"type":"Polygon","coordinates":[[[127.71017,35.91544],[127.70933,35.91165],[127.71351,35.90959],[127.71852,35.91132],[127.71936,35.91512],[127.71518,35.91718],[127.71017,35.91544]]]}},{"type":"Feature","properties":{"h3":"8830c5503dfffff","emd_code":"5273033000","emd_name":"적상면","area_km2":0.5284,"edge":false,"slope_mean":24.86,"elev_mean":621.2,"flood_hist_n":0,"flood_depth_max_m":null,"flood_risk_100y":null,"semi_basement_r":null,"elderly_alone_r":0.3444,"bldg_age30_r":null,"shelter_min_walk":97,"pop":2557,"hh":1591,"elderly65_r":0.5108,"single_hh_r":0.5827,"source_level":"emd","flood_years":[],"landslide_hist_n":0},"geometry":{"type":"Polygon","coordinates":[[[127.69511,35.91023],[127.69427,35.90643],[127.69845,35.90437],[127.70347,35.90611],[127.70431,35.90991],[127.70013,35.91197],[127.69511,35.91023]]]}},{"type":"Feature","properties":{"h3":"8830c55041fffff","emd_code":"5273033000","emd_name":"적상면","area_km2":0.5279,"edge":false,"slope_mean":21.57,"elev_mean":353.5,"flood_hist_n":1,"flood_depth_max_m":1.0,"flood_risk_100y":null,"semi_basement_r":null,"elderly_alone_r":0.3444,"bldg_age30_r":null,"shelter_min_walk":118,"pop":2557,"hh":1591,"elderly65_r":0.5108,"single_hh_r":0.5827,"source_level":"emd","flood_years":[2020],"landslide_hist_n":0},"geometry":{"type":"Polygon","coordinates":[[[127.67255,35.93397],[127.67171,35.93017],[127.67589,35.92812],[127.68091,35.92985],[127.68175,35.93365],[127.67757,35.93571],[127.67255,35.93397]]]}},{"type":"Feature","properties":{"h3":"8830c55043fffff","emd_code":"5273033000","emd_name":"적상면","area_km2":0.528,"edge":false,"slope_mean":28.18,"elev_mean":525.8,"flood_hist_n":0,"flood_depth_max_m":null,"flood_risk_100y":null,"semi_basement_r":null,"elderly_alone_r":0.3444,"bldg_age30_r":null,"shelter_min_walk":121,"pop":2557,"hh":1591,"elderly65_r":0.5108,"single_hh_r":0.5827,"source_level":"emd","flood_years":[],"landslide_hist_n":0},"geometry":{"type":"Polygon","coordinates":[[[127.68175,35.93365],[127.68091,35.92985],[127.68509,35.9278],[127.69011,35.92954],[127.69094,35.93333],[127.68676,35.93539],[127.68175,35.93365]]]}},{"type":"Feature","properties":{"h3":"8830c55045fffff","emd_code":"5273033000","emd_name":"적상면","area_km2":0.528,"edge":false,"slope_mean":19.21,"elev_mean":393.9,"flood_hist_n":1,"flood_depth_max_m":1.0,"flood_risk_100y":null,"semi_basement_r":null,"elderly_alone_r":0.3444,"bldg_age30_r":null,"shelter_min_walk":107,"pop":2557,"hh":1591,"elderly65_r":0.5108,"single_hh_r":0.5827,"source_level":"emd","flood_years":[2020],"landslide_hist_n":0},"geometry":{"type":"Polygon","coordinates":[[[127.6667,35.92843],[127.66586,35.92464],[127.67004,35.92258],[127.67505,35.92432],[127.67589,35.92812],[127.67171,35.93017],[127.6667,35.92843]]]}},{"type":"Feature","properties":{"h3":"8830c55047fffff","emd_code":"5273033000","emd_name":"적상면","area_km2":0.528,"edge":false,"slope_mean":15.61,"elev_mean":345.3,"flood_hist_n":1,"flood_depth_max_m":1.0,"flood_risk_100y":null,"semi_basement_r":null,"elderly_alone_r":0.3444,"bldg_age30_r":null,"shelter_min_walk":110,"pop":2557,"hh":1591,"elderly65_r":0.5108,"single_hh_r":0.5827,"source_level":"emd","flood_years":[2020],"landslide_hist_n":0},"geometry":{"type":"Polygon","coordinates":[[[127.67589,35.92812],[127.67505,35.92432],[127.67923,35.92226],[127.68425,35.924],[127.68509,35.9278],[127.68091,35.92985],[127.67589,35.92812]]]}},{"type":"Feature","properties":{"h3":"8830c55049fffff","emd_code":"5273033000","emd_name":"적상면","area_km2":0.5278,"edge":false,"slope_mean":20.68,"elev_mean":354.0,"flood_hist_n":0,"flood_depth_max_m":null,"flood_risk_100y":null,"semi_basement_r":null,"elderly_alone_r":0.3444,"bldg_age30_r":null,"shelter_min_walk":113,"pop":2557,"hh":1591,"elderly65_r":0.5108,"single_hh_r":0.5827,"source_level":"emd","flood_years":[],"landslide_hist_n":0},"geometry":{"type":"Polygon","coordinates":[[[127.66921,35.93982],[127.66837,35.93603],[127.67255,35.93397],[127.67757,35.93571],[127.67841,35.9395],[127.67423,35.94156],[127.66921,35.93982]]]}},{"type":"Feature","properties":{"h3":"8830c5504bfffff","emd_code":"5273033000","emd_name":"적상면","area_km2":0.5279,"edge":false,"slope_mean":31.41,"elev_mean":597.0,"flood_hist_n":0,"flood_depth_max_m":null,"flood_risk_100y":null,"semi_basement_r":null,"elderly_alone_r":0.3444,"bldg_age30_r":null,"shelter_min_walk":114,"pop":2557,"hh":1591,"elderly65_r":0.5108,"single_hh_r":0.5827,"source_level":"emd","flood_years":[],"landslide_hist_n":0},"geometry":{"type":"Polygon","coordinates":[[[127.67841,35.9395],[127.67757,35.93571],[127.68175,35.93365],[127.68676,35.93539],[127.6876,35.93919],[127.68342,35.94124],[127.67841,35.9395]]]}},{"type":"Feature","properties":{"h3":"8830c5504dfffff","emd_code":"5273033000","emd_name":"적상면","area_km2":0.5279,"edge":false,"slope_mean":16.7,"elev_mean":390.7,"flood_hist_n":0,"flood_depth_max_m":null,"flood_risk_100y":null,"semi_basement_r":null,"elderly_alone_r":0.3444,"bldg_age30_r":null,"shelter_min_walk":116,"pop":2557,"hh":1591,"elderly65_r":0.5108,"single_hh_r":0.5827,"source_level":"emd","flood_years":[],"landslide_hist_n":1},"geometry":{"type":"Polygon","coordinates":[[[127.66335,35.93429],[127.66252,35.93049],[127.6667,35.92843],[127.67171,35.93017],[127.67255,35.93397],[127.66837,35.93603],[127.66335,35.93429]]]}},{"type":"Feature","properties":{"h3":"8830c55051fffff","emd_code":"5273033000","emd_name":"적상면","area_km2":0.528,"edge":false,"slope_mean":27.87,"elev_mean":520.8,"flood_hist_n":0,"flood_depth_max_m":null,"flood_risk_100y":null,"semi_basement_r":null,"elderly_alone_r":0.3444,"bldg_age30_r":null,"shelter_min_walk":121,"pop":2557,"hh":1591,"elderly65_r":0.5108,"single_hh_r":0.5827,"source_level":"emd","flood_years":[],"landslide_hist_n":0},"geometry":{"type":"Polygon","coordinates":[[[127.6968,35.93887],[127.69596,35.93507],[127.70014,35.93301],[127.70516,35.93475],[127.706,35.93854],[127.70182,35.9406],[127.6968,35.93887]]]}},{"type":"Feature","properties":{"h3":"8830c55053fffff","emd_code":"5273033000","emd_name":"적상면","area_km2":0.528,"edge":false,"slope_mean":15.99,"elev_mean":352.0,"flood_hist_n":1,"flood_depth_max_m":1.0,"flood_risk_100y":null,"semi_basement_r":null,"elderly_alone_r":0.3444,"bldg_age30_r":null,"shelter_min_walk":126,"pop":2557,"hh":1591,"elderly65_r":0.5108,"single_hh_r":0.5827,"source_level":"emd","flood_years":[2020],"landslide_hist_n":0},"geometry":{"type":"Polygon","coordinates":[[[127.706,35.93854],[127.70516,35.93475],[127.70934,35.93269],[127.71436,35.93443],[127.7152,35.93822],[127.71102,35.94028],[127.706,35.93854]]]}},{"type":"Feature","properties":{"h3":"8830c55055fffff","emd_code":"5273033000","emd_name":"적상면","area_km2":0.528,"edge":false,"slope_mean":26.37,"elev_mean":523.3,"flood_hist_n":0,"flood_depth_max_m":null,"flood_risk_100y":null,"semi_basement_r":null,"elderly_alone_r":0.3444,"bldg_age30_r":null,"shelter_min_walk":126,"pop":2557,"hh":1591,"elderly65_r":0.5108,"single_hh_r":0.5827,"source_level":"emd","flood_years":[],"landslide_hist_n":0},"geometry":{"type":"Polygon","coordinates":[[[127.69094,35.93333],[127.69011,35.92954],[127.69428,35.92748],[127.6993,35.92922],[127.70014,35.93301],[127.69596,35.93507],[127.69094,35.93333]]]}},{"type":"Feature","properties":{"h3":"8830c55057fffff","emd_code":"5273033000","emd_name":"적상면","area_km2":0.5281,"edge":false,"slope_mean":15.96,"elev_mean":375.9,"flood_hist_n":0,"flood_depth_max_m":null,"flood_risk_100y":null,"semi_basement_r":null,"elderly_alone_r":0.3444,"bldg_age30_r":null,"shelter_min_walk":132,"pop":2557,"hh":1591,"elderly65_r":0.5108,"single_hh_r":0.5827,"source_level":"emd","flood_years":[],"landslide_hist_n":0},"geometry":{"type":"Polygon","coordinates":[[[127.70014,35.93301],[127.6993,35.92922],[127.70348,35.92716],[127.7085,35.92889],[127.70934,35.93269],[127.70516,35.93475],[127.70014,35.93301]]]}},{"type":"Feature","properties":{"h3":"8830c55059fffff","emd_code":"5273033000","emd_name":"적상면","area_km2":0.5279,"edge":false,"slope_mean":33.06,"elev_mean":740.7,"flood_hist_n":0,"flood_depth_max_m":null,"flood_risk_100y":null,"semi_basement_r":null,"elderly_alone_r":0.3444,"bldg_age30_r":null,"shelter_min_walk":110,"pop":2557,"hh":1591,"elderly65_r":0.5108,"single_hh_r":0.5827,"source_level":"emd","flood_years":[],"landslide_hist_n":0},"geometry":{"type":"Polygon","coordinates":[[[127.69346,35.94472],[127.69262,35.94092],[127.6968,35.93887],[127.70182,35.9406],[127.70266,35.9444],[127.69848,35.94646],[127.69346,35.94472]]]}},{"type":"Feature","properties":{"h3":"8830c5505bfffff","emd_code":"5273033000","emd_name":"적상면","area_km2":0.5279,"edge":false,"slope_mean":22.83,"elev_mean":420.1,"flood_hist_n":0,"flood_depth_max_m":null,"flood_risk_100y":null,"semi_basement_r":null,"elderly_alone_r":0.3444,"bldg_age30_r":null,"shelter_min_walk":115,"pop":2557,"hh":1591,"elderly65_r":0.5108,"single_hh_r":0.5827,"source_level":"emd","flood_years":[],"landslide_hist_n":0},"geometry":{"type":"Polygon","coordinates":[[[127.70266,35.9444],[127.70182,35.9406],[127.706,35.93854],[127.71102,35.94028],[127.71185,35.94408],[127.70767,35.94614],[127.70266,35.9444]]]}},{"type":"Feature","properties":{"h3":"8830c5505dfffff","emd_code":"5273033000","emd_name":"적상면","area_km2":0.5279,"edge":false,"slope_mean":32.48,"elev_mean":748.1,"flood_hist_n":0,"flood_depth_max_m":null,"flood_risk_100y":null,"semi_basement_r":null,"elderly_alone_r":0.3444,"bldg_age30_r":null,"shelter_min_walk":117,"pop":2557,"hh":1591,"elderly65_r":0.5108,"single_hh_r":0.5827,"source_level":"emd","flood_years":[],"landslide_hist_n":0},"geometry":{"type":"Polygon","coordinates":[[[127.6876,35.93919],[127.68676,35.93539],[127.69094,35.93333],[127.69596,35.93507],[127.6968,35.93887],[127.69262,35.94092],[127.6876,35.93919]]]}},{"type":"Feature","properties":{"h3":"8830c55061fffff","emd_code":"5273033000","emd_name":"적상면","area_km2":0.5282,"edge":false,"slope_mean":22.51,"elev_mean":408.8,"flood_hist_n":0,"flood_depth_max_m":null,"flood_risk_100y":null,"semi_basement_r":null,"elderly_alone_r":0.3444,"bldg_age30_r":null,"shelter_min_walk":88,"pop":2557,"hh":1591,"elderly65_r":0.5108,"single_hh_r":0.5827,"source_level":"emd","flood_years":[],"landslide_hist_n":0},"geometry":{"type":"Polygon","coordinates":[[[127.66418,35.91704],[127.66334,35.91325],[127.66752,35.91119],[127.67254,35.91293],[127.67338,35.91673],[127.6692,35.91878],[127.66418,35.91704]]]}},{"type":"Feature","properties":{"h3":"8830c55063fffff","emd_code":"5273033000","emd_name":"적상면","area_km2":0.5282,"edge":false,"slope_mean":19.53,"elev_mean":374.8,"flood_hist_n":1,"flood_depth_max_m":1.0,"flood_risk_100y":null,"semi_basement_r":null,"elderly_alone_r":0.3444,"bldg_age30_r":null,"shelter_min_walk":91,"pop":2557,"hh":1591,"elderly65_r":0.5108,"single_hh_r":0.5827,"source_level":"emd","flood_years":[2020],"landslide_hist_n":0},"geometry":{"type":"Polygon","coordinates":[[[127.67338,35.91673],[127.67254,35.91293],[127.67672,35.91087],[127.68174,35.91261],[127.68257,35.91641],[127.67839,35.91846],[127.67338,35.91673]]]}},{"type":"Feature","properties":{"h3":"8830c55065fffff","emd_code":"5273033000","emd_name":"적상면","area_km2":0.5282,"edge":false,"slope_mean":12.48,"elev_mean":338.2,"flood_hist_n":1,"flood_depth_max_m":0.5,"flood_risk_100y":null,"semi_basement_r":null,"elderly_alone_r":0.3444,"bldg_age30_r":null,"shelter_min_walk":77,"pop":2557,"hh":1591,"elderly65_r":0.5108,"single_hh_r":0.5827,"source_level":"emd","flood_years":[2020],"landslide_hist_n":0},"geometry":{"type":"Polygon","coordinates":[[[127.65833,35.91151],[127.65749,35.90771],[127.66167,35.90565],[127.66668,35.90739],[127.66752,35.91119],[127.66334,35.91325],[127.65833,35.91151]]]}},{"type":"Feature","properties":{"h3":"8830c55067fffff","emd_code":"5273033000","emd_name":"적상면","area_km2":0.5283,"edge":false,"slope_mean":23.86,"elev_mean":472.1,"flood_hist_n":0,"flood_depth_max_m":null,"flood_risk_100y":null,"semi_basement_r":null,"elderly_alone_r":0.3444,"bldg_age30_r":null,"shelter_min_walk":80,"pop":2557,"hh":1591,"elderly65_r":0.5108,"single_hh_r":0.5827,"source_level":"emd","flood_years":[],"landslide_hist_n":0},"geometry":{"type":"Polygon","coordinates":[[[127.66752,35.91119],[127.66668,35.90739],[127.67086,35.90533],[127.67588,35.90707],[127.67672,35.91087],[127.67254,35.91293],[127.66752,35.91119]]]}},{"type":"Feature","properties":{"h3":"8830c55069fffff","emd_code":"5273033000","emd_name":"적상면","area_km2":0.5281,"edge":false,"slope_mean":23.31,"elev_mean":392.8,"flood_hist_n":0,"flood_depth_max_m":null,"flood_risk_100y":null,"semi_basement_r":null,"elderly_alone_r":0.3444,"bldg_age30_r":null,"shelter_min_walk":97,"pop":2557,"hh":1591,"elderly65_r":0.5108,"single_hh_r":0.5827,"source_level":"emd","flood_years":[],"landslide_hist_n":0},"geometry":{"type":"Polygon","coordinates":[[[127.66084,35.9229],[127.66,35.9191],[127.66418,35.91704],[127.6692,35.91878],[127.67004,35.92258],[127.66586,35.92464],[127.66084,35.9229]]]}},{"type":"Feature","properties":{"h3":"8830c5506bfffff","emd_code":"5273033000","emd_name":"적상면","area_km2":0.5281,"edge":false,"slope_mean":16.45,"elev_mean":351.8,"flood_hist_n":1,"flood_depth_max_m":1.0,"flood_risk_100y":null,"semi_basement_r":null,"elderly_alone_r":0.3444,"bldg_age30_r":null,"shelter_min_walk":99,"pop":2557,"hh":1591,"elderly65_r":0.5108,"single_hh_r":0.5827,"source_level":"emd","flood_years":[2020],"landslide_hist_n":0},"geometry":{"type":"Polygon","coordinates":[[[127.67004,35.92258],[127.6692,35.91878],[127.67338,35.91673],[127.67839,35.91846],[127.67923,35.92226],[127.67505,35.92432],[127.67004,35.92258]]]}},{"type":"Feature","properties":{"h3":"8830c5506dfffff","emd_code":"5273033000","emd_name":"적상면","area_km2":0.5281,"edge":false,"slope_mean":17.53,"elev_mean":330.1,"flood_hist_n":0,"flood_depth_max_m":null,"flood_risk_100y":null,"semi_basement_r":null,"elderly_alone_r":0.3444,"bldg_age30_r":null,"shelter_min_walk":86,"pop":2557,"hh":1591,"elderly65_r":0.5108,"single_hh_r":0.5827,"source_level":"emd","flood_years":[],"landslide_hist_n":0},"geometry":{"type":"Polygon","coordinates":[[[127.65499,35.91736],[127.65415,35.91357],[127.65833,35.91151],[127.66334,35.91325],[127.66418,35.91704],[127.66,35.9191],[127.65499,35.91736]]]}},{"type":"Feature","properties":{"h3":"8830c55081fffff","emd_code":"5273032000","emd_name":"설천면","area_km2":0.5286,"edge":false,"slope_mean":14.89,"elev_mean":573.7,"flood_hist_n":1,"flood_depth_max_m":1.0,"flood_risk_100y":null,"semi_basement_r":null,"elderly_alone_r":0.2626,"bldg_age30_r":null,"shelter_min_walk":146,"pop":3889,"hh":2323,"elderly65_r":0.4009,"single_hh_r":0.5751,"source_level":"emd","flood_years":[2020],"landslide_hist_n":0},"geometry":{"type":"Polygon","coordinates":[[[127.75282,35.91968],[127.75198,35.91589],[127.75616,35.91382],[127.76118,35.91556],[127.76202,35.91936],[127.75784,35.92142],[127.75282,35.91968]]]}},{"type":"Feature","properties":{"h3":"8830c55083fffff","emd_code":"5273032000","emd_name":"설천면","area_km2":0.5286,"edge":false,"slope_mean":27.61,"elev_mean":707.6,"flood_hist_n":0,"flood_depth_max_m":null,"flood_risk_100y":null,"semi_basement_r":null,"elderly_alone_r":0.2626,"bldg_age30_r":null,"shelter_min_walk":137,"pop":3889,"hh":2323,"elderly65_r":0.4009,"single_hh_r":0.5751,"source_level":"emd","flood_years":[],"landslide_hist_n":0},"geometry":{"type":"Polygon","coordinates":[[[127.76202,35.91936],[127.76118,35.91556],[127.76536,35.9135],[127.77038,35.91523],[127.77122,35.91903],[127.76704,35.92109],[127.76202,35.91936]]]}},{"type":"Feature","properties":{"h3":"8830c55085fffff","emd_code":"5273032000","emd_name":"설천면","area_km2":0.5286,"edge":false,"slope_mean":18.17,"elev_mean":646.7,"flood_hist_n":0,"flood_depth_max_m":null,"flood_risk_100y":null,"semi_basement_r":null,"elderly_alone_r":0.2626,"bldg_age30_r":null,"shelter_min_walk":155,"pop":3889,"hh":2323,"elderly65_r":0.4009,"single_hh_r":0.5751,"source_level":"emd","flood_years":[],"landslide_hist_n":0},"geometry":{"type":"Polygon","coordinates":[[[127.74696,35.91415],[127.74612,35.91035],[127.7503,35.90829],[127.75532,35.91003],[127.75616,35.91382],[127.75198,35.91589],[127.74696,35.91415]]]}},{"type":"Feature","properties":{"h3":"8830c55087fffff","emd_code":"5273032000","emd_name":"설천면","area_km2":0.5287,"edge":false,"slope_mean":19.11,"elev_mean":595.7,"flood_hist_n":1,"flood_depth_max_m":1.0,"flood_risk_100y":null,"semi_basement_r":null,"elderly_alone_r":0.2626,"bldg_age30_r":null,"shelter_min_walk":149,"pop":3889,"hh":2323,"elderly65_r":0.4009,"single_hh_r":0.5751,"source_level":"emd","flood_years":[2020],"landslide_hist_n":0},"geometry":{"type":"Polygon","coordinates":[[[127.75616,35.91382],[127.75532,35.91003],[127.7595,35.90796],[127.76452,35.9097],[127.76536,35.9135],[127.76118,35.91556],[127.75616,35.91382]]]}},{"type":"Feature","properties":{"h3":"8830c55089fffff","emd_code":"5273032000","emd_name":"설천면","area_km2":0.5284,"edge":false,"slope_mean":23.77,"elev_mean":647.2,"flood_hist_n":0,"flood_depth_max_m":null,"flood_risk_100y":null,"semi_basement_r":null,"elderly_alone_r":0.2626,"bldg_age30_r":null,"shelter_min_walk":144,"pop":3889,"hh":2323,"elderly65_r":0.4009,"single_hh_r":0.5751,"source_level":"emd","flood_years":[],"landslide_hist_n":0},"geometry":{"type":"Polygon","coordinates":[[[127.74948,35.92554],[127.74864,35.92174],[127.75282,35.91968],[127.75784,35.92142],[127.75868,35.92522],[127.7545,35.92728],[127.74948,35.92554]]]}},{"type":"Feature","properties":{"h3":"8830c5508bfffff","emd_code":"5273032000","emd_name":"설천면","area_km2":0.5285,"edge":false,"slope_mean":23.87,"elev_mean":640.1,"flood_hist_n":0,"flood_depth_max_m":null,"flood_risk_100y":null,"semi_basement_r":null,"elderly_alone_r":0.2626,"bldg_age30_r":null,"shelter_min_walk":134,"pop":3889,"hh":2323,"elderly65_r":0.4009,"single_hh_r":0.5751,"source_level":"emd","flood_years":[],"landslide_hist_n":0},"geometry":{"type":"Polygon","coordinates":[[[127.75868,35.92522],[127.75784,35.92142],[127.76202,35.91936],[127.76704,35.92109],[127.76788,35.92489],[127.7637,35.92695],[127.75868,35.92522]]]}},{"type":"Feature","properties":{"h3":"8830c5508dfffff","emd_code":"5273032000","emd_name":"설천면","area_km2":0.5285,"edge":false,"slope_mean":23.28,"elev_mean":686.9,"flood_hist_n":0,"flood_depth_max_m":null,"flood_risk_100y":null,"semi_basement_r":null,"elderly_alone_r":0.2626,"bldg_age30_r":null,"shelter_min_walk":156,"pop":3889,"hh":2323,"elderly65_r":0.4009,"single_hh_r":0.5751,"source_level":"emd","flood_years":[],"landslide_hist_n":0},"geometry":{"type":"Polygon","coordinates":[[[127.74362,35.92001],[127.74278,35.91621],[127.74696,35.91415],[127.75198,35.91589],[127.75282,35.91968],[127.74864,35.92174],[127.74362,35.92001]]]}},{"type":"Feature","properties":{"h3":"8830c55091fffff","emd_code":"5273032000","emd_name":"설천면","area_km2":0.5286,"edge":false,"slope_mean":23.21,"elev_mean":844.1,"flood_hist_n":0,"flood_depth_max_m":null,"flood_risk_100y":null,"semi_basement_r":null,"elderly_alone_r":0.2626,"bldg_age30_r":null,"shelter_min_walk":116,"pop":3889,"hh":2323,"elderly65_r":0.4009,"single_hh_r":0.5751,"source_level":"emd","flood_years":[],"landslide_hist_n":0},"geometry":{"type":"Polygon","coordinates":[[[127.77708,35.92456],[127.77624,35.92077],[127.78042,35.91871],[127.78544,35.92044],[127.78628,35.92424],[127.7821,35.9263],[127.77708,35.92456]]]}},{"type":"Feature","properties":{"h3":"8830c55093fffff","emd_code":"5273032000","emd_name":"설천면","area_km2":0.5286,"edge":false,"slope_mean":25.42,"elev_mean":875.4,"flood_hist_n":0,"flood_depth_max_m":null,"flood_risk_100y":null,"semi_basement_r":null,"elderly_alone_r":0.2626,"bldg_age30_r":null,"shelter_min_walk":107,"pop":3889,"hh":2323,"elderly65_r":0.4009,"single_hh_r":0.5751,"source_level":"emd","flood_years":[],"landslide_hist_n":0},"geometry":{"type":"Polygon","coordinates":[[[127.78628,35.92424],[127.78544,35.92044],[127.78962,35.91838],[127.79465,35.92011],[127.79548,35.92391],[127.7913,35.92597],[127.78628,35.92424]]]}},{"type":"Feature","properties":{"h3":"8830c55095fffff","emd_code":"5273032000","emd_name":"설천면","area_km2":0.5287,"edge":false,"slope_mean":22.61,"elev_mean":741.3,"flood_hist_n":0,"flood_depth_max_m":null,"flood_risk_100y":null,"semi_basement_r":null,"elderly_alone_r":0.2626,"bldg_age30_r":null,"shelter_min_walk":128,"pop":3889,"hh":2323,"elderly65_r":0.4009,"single_hh_r":0.5751,"source_level":"emd","flood_years":[],"landslide_hist_n":0},"geometry":{"type":"Polygon","coordinates":[[[127.77122,35.91903],[127.77038,35.91523],[127.77456,35.91317],[127.77958,35.91491],[127.78042,35.91871],[127.77624,35.92077],[127.77122,35.91903]]]}},{"type":"Feature","properties":{"h3":"8830c55097fffff","emd_code":"5273032000","emd_name":"설천면","area_km2":0.5287,"edge":false,"slope_mean":21.25,"elev_mean":719.3,"flood_hist_n":0,"flood_depth_max_m":null,"flood_risk_100y":null,"semi_basement_r":null,"elderly_alone_r":0.2626,"bldg_age30_r":null,"shelter_min_walk":119,"pop":3889,"hh":2323,"elderly65_r":0.4009,"single_hh_r":0.5751,"source_level":"emd","flood_years":[],"landslide_hist_n":0},"geometry":{"type":"Polygon","coordinates":[[[127.78042,35.91871],[127.77958,35.91491],[127.78376,35.91284],[127.78879,35.91458],[127.78962,35.91838],[127.78544,35.92044],[127.78042,35.91871]]]}},{"type":"Feature","properties":{"h3":"8830c55099fffff","emd_code":"5273032000","emd_name":"설천면","area_km2":0.5285,"edge":false,"slope_mean":28.5,"elev_mean":958.2,"flood_hist_n":0,"flood_depth_max_m":null,"flood_risk_100y":null,"semi_basement_r":null,"elderly_alone_r":0.2626,"bldg_age30_r":null,"shelter_min_walk":113,"pop":3889,"hh":2323,"elderly65_r":0.4009,"single_hh_r":0.5751,"source_level":"emd","flood_years":[],"landslide_hist_n":0},"geometry":{"type":"Polygon","coordinates":[[[127.77374,35.93042],[127.7729,35.92663],[127.77708,35.92456],[127.7821,35.9263],[127.78294,35.9301],[127.77876,35.93216],[127.77374,35.93042]]]}},{"type":"Feature","properties":{"h3":"8830c5509bfffff","emd_code":"5273032000","emd_name":"설천면","area_km2":0.5285,"edge":false,"slope_mean":25.08,"elev_mean":1002.8,"flood_hist_n":0,"flood_depth_max_m":null,"flood_risk_100y":null,"semi_basement_r":null,"elderly_alone_r":0.2626,"bldg_age30_r":null,"shelter_min_walk":104,"pop":3889,"hh":2323,"elderly65_r":0.4009,"single_hh_r":0.5751,"source_level":"emd","flood_years":[],"landslide_hist_n":0},"geometry":{"type":"Polygon","coordinates":[[[127.78294,35.9301],[127.7821,35.9263],[127.78628,35.92424],[127.7913,35.92597],[127.79214,35.92977],[127.78796,35.93183],[127.78294,35.9301]]]}},{"type":"Feature","properties":{"h3":"8830c5509dfffff","emd_code":"5273032000","emd_name":"설천면","area_km2":0.5285,"edge":false,"slope_mean":27.94,"elev_mean":860.3,"flood_hist_n":0,"flood_depth_max_m":null,"flood_risk_100y":null,"semi_basement_r":null,"elderly_alone_r":0.2626,"bldg_age30_r":null,"shelter_min_walk":125,"pop":3889,"hh":2323,"elderly65_r":0.4009,"single_hh_r":0.5751,"source_level":"emd","flood_years":[],"landslide_hist_n":0},"geometry":{"type":"Polygon","coordinates":[[[127.76788,35.92489],[127.76704,35.92109],[127.77122,35.91903],[127.77624,35.92077],[127.77708,35.92456],[127.7729,35.92663],[127.76788,35.92489]]]}},{"type":"Feature","properties":{"h3":"8830c550a1fffff","emd_code":"5273032000","emd_name":"설천면","area_km2":0.5288,"edge":false,"slope_mean":20.83,"elev_mean":683.0,"flood_hist_n":0,"flood_depth_max_m":null,"flood_risk_100y":null,"semi_basement_r":null,"elderly_alone_r":0.2626,"bldg_age30_r":null,"shelter_min_walk":143,"pop":3889,"hh":2323,"elderly65_r":0.4009,"single_hh_r":0.5751,"source_level":"emd","flood_years":[],"landslide_hist_n":0},"geometry":{"type":"Polygon","coordinates":[[[127.74444,35.90276],[127.74361,35.89896],[127.74779,35.89689],[127.75281,35.89863],[127.75364,35.90243],[127.74946,35.90449],[127.74444,35.90276]]]}},{"type":"Feature","properties":{"h3":"8830c550a3fffff","emd_code":"5273032000","emd_name":"설천면","area_km2":0.5288,"edge":false,"slope_mean":23.6,"elev_mean":715.9,"flood_hist_n":0,"flood_depth_max_m":null,"flood_risk_100y":null,"semi_basement_r":null,"elderly_alone_r":0.2626,"bldg_age30_r":null,"shelter_min_walk":154,"pop":3889,"hh":2323,"elderly65_r":0.4009,"single_hh_r":0.5751,"source_level":"emd","flood_years":[],"landslide_hist_n":0},"geometry":{"type":"Polygon","coordinates":[[[127.75364,35.90243],[127.75281,35.89863],[127.75699,35.89657],[127.76201,35.8983],[127.76284,35.9021],[127.75866,35.90417],[127.75364,35.90243]]]}},{"type":"Feature","properties":{"h3":"8830c550a5fffff","emd_code":"5273032000","emd_name":"설천면","area_km2":0.5289,"edge":false,"slope_mean":14.78,"elev_mean":715.5,"flood_hist_n":0,"flood_depth_max_m":null,"flood_risk_100y":null,"semi_basement_r":null,"elderly_alone_r":0.2626,"bldg_age30_r":null,"shelter_min_walk":132,"pop":3889,"hh":2323,"elderly65_r":0.4009,"single_hh_r":0.5751,"source_level":"emd","flood_years":[],"landslide_hist_n":0},"geometry":{"type":"Polygon","coordinates":[[[127.73859,35.89722],[127.73775,35.89342],[127.74193,35.89136],[127.74695,35.89309],[127.74779,35.89689],[127.74361,35.89896],[127.73859,35.89722]]]}},{"type":"Feature","properties":{"h3":"8830c550a7fffff","emd_code":"5273032000","emd_name":"설천면","area_km2":0.5289,"edge":false,"slope_mean":20.01,"elev_mean":738.0,"flood_hist_n":0,"flood_depth_max_m":null,"flood_risk_100y":null,"semi_basement_r":null,"elderly_alone_r":0.2626,"bldg_age30_r":null,"shelter_min_walk":143,"pop":3889,"hh":2323,"elderly65_r":0.4009,"single_hh_r":0.5751,"source_level":"emd","flood_years":[],"landslide_hist_n":0},"geometry":{"type":"Polygon","coordinates":[[[127.74779,35.89689],[127.74695,35.89309],[127.75113,35.89103],[127.75615,35.89277],[127.75699,35.89657],[127.75281,35.89863],[127.74779,35.89689]]]}},{"type":"Feature","properties":{"h3":"8830c550a9fffff","emd_code":"5273032000","emd_name":"설천면","area_km2":0.5287,"edge":false,"slope_mean":22.89,"elev_mean":737.9,"flood_hist_n":0,"flood_depth_max_m":null,"flood_risk_100y":null,"semi_basement_r":null,"elderly_alone_r":0.2626,"bldg_age30_r":null,"shelter_min_walk":143,"pop":3889,"hh":2323,"elderly65_r":0.4009,"single_hh_r":0.5751,"source_level":"emd","flood_years":[],"landslide_hist_n":0},"geometry":{"type":"Polygon","coordinates":[[[127.7411,35.90862],[127.74026,35.90482],[127.74444,35.90276],[127.74946,35.90449],[127.7503,35.90829],[127.74612,35.91035],[127.7411,35.90862]]]}},{"type":"Feature","properties":{"h3":"8830c550abfffff","emd_code":"5273032000","emd_name":"설천면","area_km2":0.5287,"edge":false,"slope_mean":17.72,"elev_mean":611.6,"flood_hist_n":0,"flood_depth_max_m":null,"flood_risk_100y":null,"semi_basement_r":null,"elderly_alone_r":0.2626,"bldg_age30_r":null,"shelter_min_walk":154,"pop":3889,"hh":2323,"elderly65_r":0.4009,"single_hh_r":0.5751,"source_level":"emd","flood_years":[],"landslide_hist_n":0},"geometry":{"type":"Polygon","coordinates":[[[127.7503,35.90829],[127.74946,35.90449],[127.75364,35.90243],[127.75866,35.90417],[127.7595,35.90796],[127.75532,35.91003],[127.7503,35.90829]]]}},{"type":"Feature","properties":{"h3":"8830c550adfffff","emd_code":"5273033000","emd_name":"적상면","area_km2":0.5287,"edge":false,"slope_mean":25.11,"elev_mean":784.6,"flood_hist_n":0,"flood_depth_max_m":null,"flood_risk_100y":null,"semi_basement_r":null,"elderly_alone_r":0.3444,"bldg_age30_r":null,"shelter_min_walk":132,"pop":2557,"hh":1591,"elderly65_r":0.5108,"single_hh_r":0.5827,"source_level":"emd","flood_years":[],"landslide_hist_n":0},"geometry":{"type":"Polygon","coordinates":[[[127.73525,35.90308],[127.73441,35.89928],[127.73859,35.89722],[127.74361,35.89896],[127.74444,35.90276],[127.74026,35.90482],[127.73525,35.90308]]]}},{"type":"Feature","properties":{"h3":"8830c550b1fffff","emd_code":"5273032000","emd_name":"설천면","area_km2":0.5288,"edge":false,"slope_mean":17.34,"elev_mean":618.6,"flood_hist_n":1,"flood_depth_max_m":1.0,"flood_risk_100y":null,"semi_basement_r":null,"elderly_alone_r":0.2626,"bldg_age30_r":null,"shelter_min_walk":144,"pop":3889,"hh":2323,"elderly65_r":0.4009,"single_hh_r":0.5751,"source_level":"emd","flood_years":[2020],"landslide_hist_n":0},"geometry":{"type":"Polygon","coordinates":[[[127.7687,35.90764],[127.76786,35.90384],[127.77205,35.90178],[127.77707,35.90351],[127.7779,35.90731],[127.77372,35.90937],[127.7687,35.90764]]]}},{"type":"Feature","properties":{"h3":"8830c550b3fffff","emd_code":"5273032000","emd_name":"설천면","area_km2":0.5289,"edge":false,"slope_mean":16.62,"elev_mean":615.6,"flood_hist_n":0,"flood_depth_max_m":null,"flood_risk_100y":null,"semi_basement_r":null,"elderly_alone_r":0.2626,"bldg_age30_r":null,"shelter_min_walk":136,"pop":3889,"hh":2323,"elderly65_r":0.4009,"single_hh_r":0.5751,"source_level":"emd","flood_years":[],"landslide_hist_n":0},"geometry":{"type":"Polygon","coordinates":[[[127.7779,35.90731],[127.77707,35.90351],[127.78125,35.90145],[127.78627,35.90318],[127.78711,35.90698],[127.78293,35.90905],[127.7779,35.90731]]]}},{"type":"Feature","properties":{"h3":"8830c550b5fffff","emd_code":"5273032000","emd_name":"설천면","area_km2":0.5289,"edge":false,"slope_mean":22.99,"elev_mean":732.9,"flood_hist_n":0,"flood_depth_max_m":null,"flood_risk_100y":null,"semi_basement_r":null,"elderly_alone_r":0.2626,"bldg_age30_r":null,"shelter_min_walk":156,"pop":3889,"hh":2323,"elderly65_r":0.4009,"single_hh_r":0.5751,"source_level":"emd","flood_years":[],"landslide_hist_n":0},"geometry":{"type":"Polygon","coordinates":[[[127.76284,35.9021],[127.76201,35.8983],[127.76619,35.89624],[127.77121,35.89798],[127.77205,35.90178],[127.76786,35.90384],[127.76284,35.9021]]]}},{"type":"Feature","properties":{"h3":"8830c550b7fffff","emd_code":"5273032000","emd_name":"설천면","area_km2":0.5289,"edge":false,"slope_mean":18.33,"elev_mean":662.2,"flood_hist_n":0,"flood_depth_max_m":null,"flood_risk_100y":null,"semi_basement_r":null,"elderly_alone_r":0.2626,"bldg_age30_r":null,"shelter_min_walk":148,"pop":3889,"hh":2323,"elderly65_r":0.4009,"single_hh_r":0.5751,"source_level":"emd","flood_years":[],"landslide_hist_n":0},"geometry":{"type":"Polygon","coordinates":[[[127.77205,35.90178],[127.77121,35.89798],[127.77539,35.89591],[127.78041,35.89765],[127.78125,35.90145],[127.77707,35.90351],[127.77205,35.90178]]]}},{"type":"Feature","properties":{"h3":"8830c550b9fffff","emd_code":"5273032000","emd_name":"설천면","area_km2":0.5287,"edge":false,"slope_mean":21.75,"elev_mean":644.2,"flood_hist_n":1,"flood_depth_max_m":1.0,"flood_risk_100y":null,"semi_basement_r":null,"elderly_alone_r":0.2626,"bldg_age30_r":null,"shelter_min_walk":140,"pop":3889,"hh":2323,"elderly65_r":0.4009,"single_hh_r":0.5751,"source_level":"emd","flood_years":[2020],"landslide_hist_n":0},"geometry":{"type":"Polygon","coordinates":[[[127.76536,35.9135],[127.76452,35.9097],[127.7687,35.90764],[127.77372,35.90937],[127.77456,35.91317],[127.77038,35.91523],[127.76536,35.9135]]]}},{"type":"Feature","properties":{"h3":"8830c550bbfffff","emd_code":"5273032000","emd_name":"설천면","area_km2":0.5288,"edge":false,"slope_mean":19.7,"elev_mean":626.8,"flood_hist_n":0,"flood_depth_max_m":null,"flood_risk_100y":null,"semi_basement_r":null,"elderly_alone_r":0.2626,"bldg_age30_r":null,"shelter_min_walk":132,"pop":3889,"hh":2323,"elderly65_r":0.4009,"single_hh_r":0.5751,"source_level":"emd","flood_years":[],"landslide_hist_n":0},"geometry":{"type":"Polygon","coordinates":[[[127.77456,35.91317],[127.77372,35.90937],[127.7779,35.90731],[127.78293,35.90905],[127.78376,35.91284],[127.77958,35.91491],[127.77456,35.91317]]]}},{"type":"Feature","properties":{"h3":"8830c550bdfffff","emd_code":"5273032000","emd_name":"설천면","area_km2":0.5288,"edge":false,"slope_mean":18.17,"elev_mean":605.7,"flood_hist_n":1,"flood_depth_max_m":1.0,"flood_risk_100y":null,"semi_basement_r":null,"elderly_alone_r":0.2626,"bldg_age30_r":null,"shelter_min_walk":152,"pop":3889,"hh":2323,"elderly65_r":0.4009,"single_hh_r":0.5751,"source_level":"emd","flood_years":[2020],"landslide_hist_n":0},"geometry":{"type":"Polygon","coordinates":[[[127.7595,35.90796],[127.75866,35.90417],[127.76284,35.9021],[127.76786,35.90384],[127.7687,35.90764],[127.76452,35.9097],[127.7595,35.90796]]]}},{"type":"Feature","properties":{"h3":"8830c550c1fffff","emd_code":"5273032000","emd_name":"설천면","area_km2":0.5283,"edge":false,"slope_mean":30.81,"elev_mean":790.7,"flood_hist_n":0,"flood_depth_max_m":null,"flood_risk_100y":null,"semi_basement_r":null,"elderly_alone_r":0.2626,"bldg_age30_r":null,"shelter_min_walk":145,"pop":3889,"hh":2323,"elderly65_r":0.4009,"single_hh_r":0.5751,"source_level":"emd","flood_years":[],"landslide_hist_n":0},"geometry":{"type":"Polygon","coordinates":[[[127.73694,35.93172],[127.7361,35.92793],[127.74028,35.92587],[127.7453,35.9276],[127.74614,35.9314],[127.74196,35.93346],[127.73694,35.93172]]]}},{"type":"Feature","properties":{"h3":"8830c550c3fffff","emd_code":"5273032000","emd_name":"설천면","area_km2":0.5283,"edge":false,"slope_mean":26.42,"elev_mean":618.7,"flood_hist_n":0,"flood_depth_max_m":null,"flood_risk_100y":null,"semi_basement_r":null,"elderly_alone_r":0.2626,"bldg_age30_r":null,"shelter_min_walk":141,"pop":3889,"hh":2323,"elderly65_r":0.4009,"single_hh_r":0.5751,"source_level":"emd","flood_years":[],"landslide_hist_n":0},"geometry":{"type":"Polygon","coordinates":[[[127.74614,35.9314],[127.7453,35.9276],[127.74948,35.92554],[127.7545,35.92728],[127.75534,35.93107],[127.75116,35.93314],[127.74614,35.9314]]]}},{"type":"Feature","properties":{"h3":"8830c550c5fffff","emd_code":"5273033000","emd_name":"적상면","area_km2":0.5283,"edge":false,"slope_mean":29.02,"elev_mean":589.7,"flood_hist_n":0,"flood_depth_max_m":null,"flood_risk_100y":null,"semi_basement_r":null,"elderly_alone_r":0.3444,"bldg_age30_r":null,"shelter_min_walk":150,"pop":2557,"hh":1591,"elderly65_r":0.5108,"single_hh_r":0.5827,"source_level":"emd","flood_years":[],"landslide_hist_n":0},"geometry":{"type":"Polygon","coordinates":[[[127.73108,35.92619],[127.73024,35.92239],[127.73442,35.92033],[127.73944,35.92207],[127.74028,35.92587],[127.7361,35.92793],[127.73108,35.92619]]]}},{"type":"Feature","properties":{"h3":"8830c550c7fffff","emd_code":"5273032000","emd_name":"설천면","area_km2":0.5284,"edge":false,"slope_mean":30.88,"elev_mean":805.2,"flood_hist_n":0,"flood_depth_max_m":null,"flood_risk_100y":null,"semi_basement_r":null,"elderly_alone_r":0.2626,"bldg_age30_r":null,"shelter_min_walk":152,"pop":3889,"hh":2323,"elderly65_r":0.4009,"single_hh_r":0.5751,"source_level":"emd","flood_years":[],"landslide_hist_n":0},"geometry":{"type":"Polygon","coordinates":[[[127.74028,35.92587],[127.73944,35.92207],[127.74362,35.92001],[127.74864,35.92174],[127.74948,35.92554],[127.7453,35.9276],[127.74028,35.92587]]]}},{"type":"Feature","properties":{"h3":"8830c550c9fffff","emd_code":"5273033000","emd_name":"적상면","area_km2":0.5282,"edge":false,"slope_mean":29.38,"elev_mean":858.4,"flood_hist_n":0,"flood_depth_max_m":null,"flood_risk_100y":null,"semi_basement_r":null,"elderly_alone_r":0.3444,"bldg_age30_r":null,"shelter_min_walk":139,"pop":2557,"hh":1591,"elderly65_r":0.5108,"single_hh_r":0.5827,"source_level":"emd","flood_years":[],"landslide_hist_n":0},"geometry":{"type":"Polygon","coordinates":[[[127.73359,35.93758],[127.73276,35.93378],[127.73694,35.93172],[127.74196,35.93346],[127.74279,35.93726],[127.73861,35.93932],[127.73359,35.93758]]]}},{"type":"Feature","properties":{"h3":"8830c550cbfffff","emd_code":"5273032000","emd_name":"설천면","area_km2":0.5282,"edge":false,"slope_mean":28.94,"elev_mean":697.0,"flood_hist_n":0,"flood_depth_max_m":null,"flood_risk_100y":null,"semi_basement_r":null,"elderly_alone_r":0.2626,"bldg_age30_r":null,"shelter_min_walk":133,"pop":3889,"hh":2323,"elderly65_r":0.4009,"single_hh_r":0.5751,"source_level":"emd","flood_years":[],"landslide_hist_n":0},"geometry":{"type":"Polygon","coordinates":[[[127.74279,35.93726],[127.74196,35.93346],[127.74614,35.9314],[127.75116,35.93314],[127.75199,35.93693],[127.74781,35.93899],[127.74279,35.93726]]]}},{"type":"Feature","properties":{"h3":"8830c550cdfffff","emd_code":"5273033000","emd_name":"적상면","area_km2":0.5282,"edge":false,"slope_mean":30.19,"elev_mean":640.9,"flood_hist_n":0,"flood_depth_max_m":null,"flood_risk_100y":null,"semi_basement_r":null,"elderly_alone_r":0.3444,"bldg_age30_r":null,"shelter_min_walk":149,"pop":2557,"hh":1591,"elderly65_r":0.5108,"single_hh_r":0.5827,"source_level":"emd","flood_years":[],"landslide_hist_n":0},"geometry":{"type":"Polygon","coordinates":[[[127.72774,35.93205],[127.7269,35.92825],[127.73108,35.92619],[127.7361,35.92793],[127.73694,35.93172],[127.73276,35.93378],[127.72774,35.93205]]]}},{"type":"Feature","properties":{"h3":"8830c550d1fffff","emd_code":"5273032000","emd_name":"설천면","area_km2":0.5283,"edge":false,"slope_mean":20.83,"elev_mean":672.2,"flood_hist_n":0,"flood_depth_max_m":null,"flood_risk_100y":null,"semi_basement_r":null,"elderly_alone_r":0.2626,"bldg_age30_r":null,"shelter_min_walk":121,"pop":3889,"hh":2323,"elderly65_r":0.4009,"single_hh_r":0.5751,"source_level":"emd","flood_years":[],"landslide_hist_n":0},"geometry":{"type":"Polygon","coordinates":[[[127.7612,35.93661],[127.76036,35.93281],[127.76454,35.93075],[127.76956,35.93248],[127.7704,35.93628],[127.76622,35.93834],[127.7612,35.93661]]]}},{"type":"Feature","properties":{"h3":"8830c550d3fffff","emd_code":"5273032000","emd_name":"설천면","area_km2":0.5284,"edge":false,"slope_mean":21.35,"elev_mean":797.8,"flood_hist_n":0,"flood_depth_max_m":null,"flood_risk_100y":null,"semi_basement_r":null,"elderly_alone_r":0.2626,"bldg_age30_r":null,"shelter_min_walk":111,"pop":3889,"hh":2323,"elderly65_r":0.4009,"single_hh_r":0.5751,"source_level":"emd","flood_years":[],"landslide_hist_n":0},"geometry":{"type":"Polygon","coordinates":[[[127.7704,35.93628],[127.76956,35.93248],[127.77374,35.93042],[127.77876,35.93216],[127.7796,35.93595],[127.77542,35.93802],[127.7704,35.93628]]]}},{"type":"Feature","properties":{"h3":"8830c550d5fffff","emd_code":"5273032000","emd_name":"설천면","area_km2":0.5284,"edge":false,"slope_mean":20.27,"elev_mean":575.2,"flood_hist_n":0,"flood_depth_max_m":null,"flood_risk_100y":null,"semi_basement_r":null,"elderly_alone_r":0.2626,"bldg_age30_r":null,"shelter_min_walk":133,"pop":3889,"hh":2323,"elderly65_r":0.4009,"single_hh_r":0.5751,"source_level":"emd","flood_years":[],"landslide_hist_n":0},"geometry":{"type":"Polygon","coordinates":[[[127.75534,35.93107],[127.7545,35.92728],[127.75868,35.92522],[127.7637,35.92695],[127.76454,35.93075],[127.76036,35.93281],[127.75534,35.93107]]]}},{"type":"Feature","properties":{"h3":"8830c550d7fffff","emd_code":"5273032000","emd_name":"설천면","area_km2":0.5284,"edge":false,"slope_mean":24.36,"elev_mean":733.9,"flood_hist_n":0,"flood_depth_max_m":null,"flood_risk_100y":null,"semi_basement_r":null,"elderly_alone_r":0.2626,"bldg_age30_r":null,"shelter_min_walk":123,"pop":3889,"hh":2323,"elderly65_r":0.4009,"single_hh_r":0.5751,"source_level":"emd","flood_years":[],"landslide_hist_n":0},"geometry":{"type":"Polygon","coordinates":[[[127.76454,35.93075],[127.7637,35.92695],[127.76788,35.92489],[127.7729,35.92663],[127.77374,35.93042],[127.76956,35.93248],[127.76454,35.93075]]]}},{"type":"Feature","properties":{"h3":"8830c550d9fffff","emd_code":"5273032000","emd_name":"설천면","area_km2":0.5282,"edge":false,"slope_mean":28.15,"elev_mean":703.7,"flood_hist_n":0,"flood_depth_max_m":null,"flood_risk_100y":null,"semi_basement_r":null,"elderly_alone_r":0.2626,"bldg_age30_r":null,"shelter_min_walk":118,"pop":3889,"hh":2323,"elderly65_r":0.4009,"single_hh_r":0.5751,"source_level":"emd","flood_years":[],"landslide_hist_n":0},"geometry":{"type":"Polygon","coordinates":[[[127.75785,35.94246],[127.75701,35.93867],[127.7612,35.93661],[127.76622,35.93834],[127.76705,35.94214],[127.76287,35.9442],[127.75785,35.94246]]]}},{"type":"Feature","properties":{"h3":"8830c550dbfffff","emd_code":"5273032000","emd_name":"설천면","area_km2":0.5282,"edge":false,"slope_mean":25.29,"elev_mean":893.9,"flood_hist_n":0,"flood_depth_max_m":null,"flood_risk_100y":null,"semi_basement_r":null,"elderly_alone_r":0.2626,"bldg_age30_r":null,"shelter_min_walk":110,"pop":3889,"hh":2323,"elderly65_r":0.4009,"single_hh_r":0.5751,"source_level":"emd","flood_years":[],"landslide_hist_n":0},"geometry":{"type":"Polygon","coordinates":[[[127.76705,35.94214],[127.76622,35.93834],[127.7704,35.93628],[127.77542,35.93802],[127.77626,35.94181],[127.77207,35.94387],[127.76705,35.94214]]]}},{"type":"Feature","properties":{"h3":"8830c550ddfffff","emd_code":"5273032000","emd_name":"설천면","area_km2":0.5283,"edge":false,"slope_mean":20.41,"elev_mean":540.5,"flood_hist_n":0,"flood_depth_max_m":null,"flood_risk_100y":null,"semi_basement_r":null,"elderly_alone_r":0.2626,"bldg_age30_r":null,"shelter_min_walk":129,"pop":3889,"hh":2323,"elderly65_r":0.4009,"single_hh_r":0.5751,"source_level":"emd","flood_years":[],"landslide_hist_n":0},"geometry":{"type":"Polygon","coordinates":[[[127.75199,35.93693],[127.75116,35.93314],[127.75534,35.93107],[127.76036,35.93281],[127.7612,35.93661],[127.75701,35.93867],[127.75199,35.93693]]]}},{"type":"Feature","properties":{"h3":"8830c550e1fffff","emd_code":"5273033000","emd_name":"적상면","area_km2":0.5285,"edge":false,"slope_mean":24.68,"elev_mean":531.2,"flood_hist_n":0,"flood_depth_max_m":null,"flood_risk_100y":null,"semi_basement_r":null,"elderly_alone_r":0.3444,"bldg_age30_r":null,"shelter_min_walk":135,"pop":2557,"hh":1591,"elderly65_r":0.5108,"single_hh_r":0.5827,"source_level":"emd","flood_years":[],"landslide_hist_n":0},"geometry":{"type":"Polygon","coordinates":[[[127.72856,35.9148],[127.72772,35.911],[127.7319,35.90894],[127.73692,35.91068],[127.73776,35.91447],[127.73358,35.91654],[127.72856,35.9148]]]}},{"type":"Feature","properties":{"h3":"8830c550e3fffff","emd_code":"5273033000","emd_name":"적상면","area_km2":0.5286,"edge":false,"slope_mean":23.59,"elev_mean":636.3,"flood_hist_n":0,"flood_depth_max_m":null,"flood_risk_100y":null,"semi_basement_r":null,"elderly_alone_r":0.3444,"bldg_age30_r":null,"shelter_min_walk":145,"pop":2557,"hh":1591,"elderly65_r":0.5108,"single_hh_r":0.5827,"source_level":"emd","flood_years":[],"landslide_hist_n":0},"geometry":{"type":"Polygon","coordinates":[[[127.73776,35.91447],[127.73692,35.91068],[127.7411,35.90862],[127.74612,35.91035],[127.74696,35.91415],[127.74278,35.91621],[127.73776,35.91447]]]}},{"type":"Feature","properties":{"h3":"8830c550e5fffff","emd_code":"5273033000","emd_name":"적상면","area_km2":0.5286,"edge":false,"slope_mean":25.78,"elev_mean":609.5,"flood_hist_n":0,"flood_depth_max_m":null,"flood_risk_100y":null,"semi_basement_r":null,"elderly_alone_r":0.3444,"bldg_age30_r":null,"shelter_min_walk":123,"pop":2557,"hh":1591,"elderly65_r":0.5108,"single_hh_r":0.5827,"source_level":"emd","flood_years":[],"landslide_hist_n":0},"geometry":{"type":"Polygon","coordinates":[[[127.7227,35.90926],[127.72187,35.90546],[127.72605,35.9034],[127.73107,35.90514],[127.7319,35.90894],[127.72772,35.911],[127.7227,35.90926]]]}},{"type":"Feature","properties":{"h3":"8830c550e7fffff","emd_code":"5273033000","emd_name":"적상면","area_km2":0.5286,"edge":false,"slope_mean":24.3,"elev_mean":652.2,"flood_hist_n":0,"flood_depth_max_m":null,"flood_risk_100y":null,"semi_basement_r":null,"elderly_alone_r":0.3444,"bldg_age30_r":null,"shelter_min_walk":133,"pop":2557,"hh":1591,"elderly65_r":0.5108,"single_hh_r":0.5827,"source_level":"emd","flood_years":[],"landslide_hist_n":1},"geometry":{"type":"Polygon","coordinates":[[[127.7319,35.90894],[127.73107,35.90514],[127.73525,35.90308],[127.74026,35.90482],[127.7411,35.90862],[127.73692,35.91068],[127.7319,35.90894]]]}},{"type":"Feature","properties":{"h3":"8830c550e9fffff","emd_code":"5273033000","emd_name":"적상면","area_km2":0.5284,"edge":false,"slope_mean":22.61,"elev_mean":447.3,"flood_hist_n":0,"flood_depth_max_m":null,"flood_risk_100y":null,"semi_basement_r":null,"elderly_alone_r":0.3444,"bldg_age30_r":null,"shelter_min_walk":138,"pop":2557,"hh":1591,"elderly65_r":0.5108,"single_hh_r":0.5827,"source_level":"emd","flood_years":[],"landslide_hist_n":0},"geometry":{"type":"Polygon","coordinates":[[[127.72522,35.92066],[127.72438,35.91686],[127.72856,35.9148],[127.73358,35.91654],[127.73442,35.92033],[127.73024,35.92239],[127.72522,35.92066]]]}},{"type":"Feature","properties":{"h3":"8830c550ebfffff","emd_code":"5273033000","emd_name":"적상면","area_km2":0.5285,"edge":false,"slope_mean":26.69,"elev_mean":579.2,"flood_hist_n":0,"flood_depth_max_m":null,"flood_risk_100y":null,"semi_basement_r":null,"elderly_alone_r":0.3444,"bldg_age30_r":null,"shelter_min_walk":147,"pop":2557,"hh":1591,"elderly65_r":0.5108,"single_hh_r":0.5827,"source_level":"emd","flood_years":[],"landslide_hist_n":0},"geometry":{"type":"Polygon","coordinates":[[[127.73442,35.92033],[127.73358,35.91654],[127.73776,35.91447],[127.74278,35.91621],[127.74362,35.92001],[127.73944,35.92207],[127.73442,35.92033]]]}},{"type":"Feature","properties":{"h3":"8830c550edfffff","emd_code":"5273033000","emd_name":"적상면","area_km2":0.5285,"edge":false,"slope_mean":25.09,"elev_mean":499.5,"flood_hist_n":0,"flood_depth_max_m":null,"flood_risk_100y":null,"semi_basement_r":null,"elderly_alone_r":0.3444,"bldg_age30_r":null,"shelter_min_walk":126,"pop":2557,"hh":1591,"elderly65_r":0.5108,"single_hh_r":0.5827,"source_level":"emd","flood_years":[],"landslide_hist_n":1},"geometry":{"type":"Polygon","coordinates":[[[127.71936,35.91512],[127.71852,35.91132],[127.7227,35.90926],[127.72772,35.911],[127.72856,35.9148],[127.72438,35.91686],[127.71936,35.91512]]]}},{"type":"Feature","properties":{"h3":"8830c55101fffff","emd_code":"5273034000","emd_name":"안성면","area_km2":0.5287,"edge":false,"slope_mean":22.71,"elev_mean":549.1,"flood_hist_n":0,"flood_depth_max_m":null,"flood_risk_100y":null,"semi_basement_r":null,"elderly_alone_r":0.3114,"bldg_age30_r":null,"shelter_min_walk":29,"pop":4034,"hh":2489,"elderly65_r":0.4859,"single_hh_r":0.5745,"source_level":"emd","flood_years":[],"landslide_hist_n":1},"geometry":{"type":"Polygon","coordinates":[[[127.64745,35.88318],[127.64661,35.87938],[127.65079,35.87732],[127.6558,35.87906],[127.65664,35.88286],[127.65246,35.88492],[127.64745,35.88318]]]}},{"type":"Feature","properties":{"h3":"8830c55103fffff","emd_code":"5273033000","emd_name":"적상면","area_km2":0.5287,"edge":false,"slope_mean":23.22,"elev_mean":562.3,"flood_hist_n":0,"flood_depth_max_m":null,"flood_risk_100y":null,"semi_basement_r":null,"elderly_alone_r":0.3444,"bldg_age30_r":null,"shelter_min_walk":31,"pop":2557,"hh":1591,"elderly65_r":0.5108,"single_hh_r":0.5827,"source_level":"emd","flood_years":[],"landslide_hist_n":0},"geometry":{"type":"Polygon","coordinates":[[[127.65664,35.88286],[127.6558,35.87906],[127.65998,35.877],[127.665,35.87874],[127.66584,35.88254],[127.66166,35.8846],[127.65664,35.88286]]]}},{"type":"Feature","properties":{"h3":"8830c55105fffff","emd_code":"5273034000","emd_name":"안성면","area_km2":0.5287,"edge":false,"slope_mean":19.81,"elev_mean":463.4,"flood_hist_n":0,"flood_depth_max_m":null,"flood_risk_100y":null,"semi_basement_r":null,"elderly_alone_r":0.3114,"bldg_age30_r":null,"shelter_min_walk":22,"pop":4034,"hh":2489,"elderly65_r":0.4859,"single_hh_r":0.5745,"source_level":"emd","flood_years":[],"landslide_hist_n":1},"geometry":{"type":"Polygon","coordinates":[[[127.6416,35.87764],[127.64076,35.87383],[127.64494,35.87178],[127.64995,35.87352],[127.65079,35.87732],[127.64661,35.87938],[127.6416,35.87764]]]}},{"type":"Feature","properties":{"h3":"8830c55107fffff","emd_code":"5273034000","emd_name":"안성면","area_km2":0.5288,"edge":false,"slope_mean":20.44,"elev_mean":500.4,"flood_hist_n":0,"flood_depth_max_m":null,"flood_risk_100y":null,"semi_basement_r":null,"elderly_alone_r":0.3114,"bldg_age30_r":null,"shelter_min_walk":20,"pop":4034,"hh":2489,"elderly65_r":0.4859,"single_hh_r":0.5745,"source_level":"emd","flood_years":[],"landslide_hist_n":2},"geometry":{"type":"Polygon","coordinates":[[[127.65079,35.87732],[127.64995,35.87352],[127.65413,35.87146],[127.65915,35.8732],[127.65998,35.877],[127.6558,35.87906],[127.65079,35.87732]]]}},{"type":"Feature","properties":{"h3":"8830c55109fffff","emd_code":"5273033000","emd_name":"적상면","area_km2":0.5285,"edge":false,"slope_mean":26.08,"elev_mean":639.0,"flood_hist_n":0,"flood_depth_max_m":null,"flood_risk_100y":null,"semi_basement_r":null,"elderly_alone_r":0.3444,"bldg_age30_r":null,"shelter_min_walk":39,"pop":2557,"hh":1591,"elderly65_r":0.5108,"single_hh_r":0.5827,"source_level":"emd","flood_years":[],"landslide_hist_n":0},"geometry":{"type":"Polygon","coordinates":[[[127.64411,35.88903],[127.64327,35.88524],[127.64745,35.88318],[127.65246,35.88492],[127.6533,35.88872],[127.64912,35.89078],[127.64411,35.88903]]]}},{"type":"Feature","properties":{"h3":"8830c5510bfffff","emd_code":"5273033000","emd_name":"적상면","area_km2":0.5286,"edge":false,"slope_mean":19.02,"elev_mean":476.9,"flood_hist_n":0,"flood_depth_max_m":null,"flood_risk_100y":null,"semi_basement_r":null,"elderly_alone_r":0.3444,"bldg_age30_r":null,"shelter_min_walk":39,"pop":2557,"hh":1591,"elderly65_r":0.5108,"single_hh_r":0.5827,"source_level":"emd","flood_years":[],"landslide_hist_n":1},"geometry":{"type":"Polygon","coordinates":[[[127.6533,35.88872],[127.65246,35.88492],[127.65664,35.88286],[127.66166,35.8846],[127.6625,35.8884],[127.65832,35.89046],[127.6533,35.88872]]]}},{"type":"Feature","properties":{"h3":"8830c5510dfffff","emd_code":"5273034000","emd_name":"안성면","area_km2":0.5286,"edge":false,"slope_mean":24.0,"elev_mean":557.7,"flood_hist_n":0,"flood_depth_max_m":null,"flood_risk_100y":null,"semi_basement_r":null,"elderly_alone_r":0.3114,"bldg_age30_r":null,"shelter_min_walk":33,"pop":4034,"hh":2489,"elderly65_r":0.4859,"single_hh_r":0.5745,"source_level":"emd","flood_years":[],"landslide_hist_n":0},"geometry":{"type":"Polygon","coordinates":[[[127.63825,35.88349],[127.63742,35.87969],[127.6416,35.87764],[127.64661,35.87938],[127.64745,35.88318],[127.64327,35.88524],[127.63825,35.88349]]]}},{"type":"Feature","properties":{"h3":"8830c55111fffff","emd_code":"5273033000","emd_name":"적상면","area_km2":0.5287,"edge":false,"slope_mean":22.69,"elev_mean":608.5,"flood_hist_n":0,"flood_depth_max_m":null,"flood_risk_100y":null,"semi_basement_r":null,"elderly_alone_r":0.3444,"bldg_age30_r":null,"shelter_min_walk":48,"pop":2557,"hh":1591,"elderly65_r":0.5108,"single_hh_r":0.5827,"source_level":"emd","flood_years":[],"landslide_hist_n":0},"geometry":{"type":"Polygon","coordinates":[[[127.67169,35.88808],[127.67085,35.88428],[127.67503,35.88222],[127.68005,35.88396],[127.68089,35.88776],[127.67671,35.88982],[127.67169,35.88808]]]}},{"type":"Feature","properties":{"h3":"8830c55113fffff","emd_code":"5273034000","emd_name":"안성면","area_km2":0.5287,"edge":false,"slope_mean":15.0,"elev_mean":516.3,"flood_hist_n":0,"flood_depth_max_m":null,"flood_risk_100y":null,"semi_basement_r":null,"elderly_alone_r":0.3114,"bldg_age30_r":null,"shelter_min_walk":57,"pop":4034,"hh":2489,"elderly65_r":0.4859,"single_hh_r":0.5745,"source_level":"emd","flood_years":[],"landslide_hist_n":0},"geometry":{"type":"Polygon","coordinates":[[[127.68089,35.88776],[127.68005,35.88396],[127.68423,35.8819],[127.68924,35.88364],[127.69008,35.88744],[127.6859,35.8895],[127.68089,35.88776]]]}},{"type":"Feature","properties":{"h3":"8830c55115fffff","emd_code":"5273034000","emd_name":"안성면","area_km2":0.5288,"edge":false,"slope_mean":18.97,"elev_mean":540.0,"flood_hist_n":0,"flood_depth_max_m":null,"flood_risk_100y":null,"semi_basement_r":null,"elderly_alone_r":0.3114,"bldg_age30_r":null,"shelter_min_walk":36,"pop":4034,"hh":2489,"elderly65_r":0.4859,"single_hh_r":0.5745,"source_level":"emd","flood_years":[],"landslide_hist_n":0},"geometry":{"type":"Polygon","coordinates":[[[127.66584,35.88254],[127.665,35.87874],[127.66918,35.87668],[127.67419,35.87842],[127.67503,35.88222],[127.67085,35.88428],[127.66584,35.88254]]]}},{"type":"Feature","properties":{"h3":"8830c55117fffff","emd_code":"5273034000","emd_name":"안성면","area_km2":0.5288,"edge":false,"slope_mean":15.71,"elev_mean":500.8,"flood_hist_n":0,"flood_depth_max_m":null,"flood_risk_100y":null,"semi_basement_r":null,"elderly_alone_r":0.3114,"bldg_age30_r":null,"shelter_min_walk":45,"pop":4034,"hh":2489,"elderly65_r":0.4859,"single_hh_r":0.5745,"source_level":"emd","flood_years":[],"landslide_hist_n":0},"geometry":{"type":"Polygon","coordinates":[[[127.67503,35.88222],[127.67419,35.87842],[127.67837,35.87636],[127.68339,35.8781],[127.68423,35.8819],[127.68005,35.88396],[127.67503,35.88222]]]}},{"type":"Feature","properties":{"h3":"8830c55119fffff","emd_code":"5273033000","emd_name":"적상면","area_km2":0.5286,"edge":false,"slope_mean":27.84,"elev_mean":591.6,"flood_hist_n":0,"flood_depth_max_m":null,"flood_risk_100y":null,"semi_basement_r":null,"elderly_alone_r":0.3444,"bldg_age30_r":null,"shelter_min_walk":54,"pop":2557,"hh":1591,"elderly65_r":0.5108,"single_hh_r":0.5827,"source_level":"emd","flood_years":[],"landslide_hist_n":0},"geometry":{"type":"Polygon","coordinates":[[[127.66835,35.89394],[127.66751,35.89014],[127.67169,35.88808],[127.67671,35.88982],[127.67755,35.89362],[127.67337,35.89568],[127.66835,35.89394]]]}},{"type":"Feature","properties":{"h3":"8830c5511bfffff","emd_code":"5273033000","emd_name":"적상면","area_km2":0.5286,"edge":false,"slope_mean":23.35,"elev_mean":510.5,"flood_hist_n":0,"flood_depth_max_m":null,"flood_risk_100y":null,"semi_basement_r":null,"elderly_alone_r":0.3444,"bldg_age30_r":null,"shelter_min_walk":61,"pop":2557,"hh":1591,"elderly65_r":0.5108,"single_hh_r":0.5827,"source_level":"emd","flood_years":[],"landslide_hist_n":0},"geometry":{"type":"Polygon","coordinates":[[[127.67755,35.89362],[127.67671,35.88982],[127.68089,35.88776],[127.6859,35.8895],[127.68674,35.8933],[127.68256,35.89536],[127.67755,35.89362]]]}},{"type":"Feature","properties":{"h3":"8830c5511dfffff","emd_code":"5273033000","emd_name":"적상면","area_km2":0.5286,"edge":false,"slope_mean":25.42,"elev_mean":549.4,"flood_hist_n":0,"flood_depth_max_m":null,"flood_risk_100y":null,"semi_basement_r":null,"elderly_alone_r":0.3444,"bldg_age30_r":null,"shelter_min_walk":42,"pop":2557,"hh":1591,"elderly65_r":0.5108,"single_hh_r":0.5827,"source_level":"emd","flood_years":[],"landslide_hist_n":0},"geometry":{"type":"Polygon","coordinates":[[[127.6625,35.8884],[127.66166,35.8846],[127.66584,35.88254],[127.67085,35.88428],[127.67169,35.88808],[127.66751,35.89014],[127.6625,35.8884]]]}},{"type":"Feature","properties":{"h3":"8830c55121fffff","emd_code":"5273034000","emd_name":"안성면","area_km2":0.5289,"edge":false,"slope_mean":18.68,"elev_mean":500.0,"flood_hist_n":1,"flood_depth_max_m":0.5,"flood_risk_100y":null,"semi_basement_r":null,"elderly_alone_r":0.3114,"bldg_age30_r":null,"shelter_min_walk":13,"pop":4034,"hh":2489,"elderly65_r":0.4859,"single_hh_r":0.5745,"source_level":"emd","flood_years":[2020],"landslide_hist_n":3},"geometry":{"type":"Polygon","coordinates":[[[127.63908,35.86623],[127.63825,35.86243],[127.64242,35.86037],[127.64744,35.86211],[127.64828,35.86591],[127.6441,35.86797],[127.63908,35.86623]]]}},{"type":"Feature","properties":{"h3":"8830c55123fffff","emd_code":"5273034000","emd_name":"안성면","area_km2":0.529,"edge":false,"slope_mean":6.23,"elev_mean":421.9,"flood_hist_n":1,"flood_depth_max_m":1.0,"flood_risk_100y":null,"semi_basement_r":null,"elderly_alone_r":0.3114,"bldg_age30_r":null,"shelter_min_walk":1,"pop":4034,"hh":2489,"elderly65_r":0.4859,"single_hh_r":0.5745,"source_level":"emd","flood_years":[2020],"landslide_hist_n":1},"geometry":{"type":"Polygon","coordinates":[[[127.64828,35.86591],[127.64744,35.86211],[127.65162,35.86005],[127.65663,35.86179],[127.65747,35.8656],[127.65329,35.86766],[127.64828,35.86591]]]}},{"type":"Feature","properties":{"h3":"8830c55125fffff","emd_code":"5273034000","emd_name":"안성면","area_km2":0.529,"edge":false,"slope_mean":22.35,"elev_mean":566.9,"flood_hist_n":0,"flood_depth_max_m":null,"flood_risk_100y":null,"semi_basement_r":null,"elderly_alone_r":0.3114,"bldg_age30_r":null,"shelter_min_walk":22,"pop":4034,"hh":2489,"elderly65_r":0.4859,"single_hh_r":0.5745,"source_level":"emd","flood_years":[],"landslide_hist_n":4},"geometry":{"type":"Polygon","coordinates":[[[127.63323,35.86069],[127.63239,35.85689],[127.63657,35.85483],[127.64159,35.85657],[127.64242,35.86037],[127.63825,35.86243],[127.63323,35.86069]]]}},{"type":"Feature","properties":{"h3":"8830c55127fffff","emd_code":"5273034000","emd_name":"안성면","area_km2":0.529,"edge":false,"slope_mean":16.25,"elev_mean":478.7,"flood_hist_n":1,"flood_depth_max_m":1.0,"flood_risk_100y":null,"semi_basement_r":null,"elderly_alone_r":0.3114,"bldg_age30_r":null,"shelter_min_walk":12,"pop":4034,"hh":2489,"elderly65_r":0.4859,"single_hh_r":0.5745,"source_level":"emd","flood_years":[2020],"landslide_hist_n":11},"geometry":{"type":"Polygon","coordinates":[[[127.64242,35.86037],[127.64159,35.85657],[127.64576,35.85451],[127.65078,35.85625],[127.65162,35.86005],[127.64744,35.86211],[127.64242,35.86037]]]}},{"type":"Feature","properties":{"h3":"8830c55129fffff","emd_code":"5273034000","emd_name":"안성면","area_km2":0.5288,"edge":false,"slope_mean":11.8,"elev_mean":421.1,"flood_hist_n":1,"flood_depth_max_m":1.0,"flood_risk_100y":null,"semi_basement_r":null,"elderly_alone_r":0.3114,"bldg_age30_r":null,"shelter_min_walk":20,"pop":4034,"hh":2489,"elderly65_r":0.4859,"single_hh_r":0.5745,"source_level":"emd","flood_years":[2020],"landslide_hist_n":0},"geometry":{"type":"Polygon","coordinates":[[[127.63574,35.87209],[127.6349,35.86829],[127.63908,35.86623],[127.6441,35.86797],[127.64494,35.87178],[127.64076,35.87383],[127.63574,35.87209]]]}},{"type":"Feature","properties":{"h3":"8830c5512bfffff","emd_code":"5273034000","emd_name":"안성면","area_km2":0.5288,"edge":false,"slope_mean":8.64,"elev_mean":418.7,"flood_hist_n":1,"flood_depth_max_m":1.0,"flood_risk_100y":null,"semi_basement_r":null,"elderly_alone_r":0.3114,"bldg_age30_r":null,"shelter_min_walk":11,"pop":4034,"hh":2489,"elderly65_r":0.4859,"single_hh_r":0.5745,"source_level":"emd","flood_years":[2020],"landslide_hist_n":0},"geometry":{"type":"Polygon","coordinates":[[[127.64494,35.87178],[127.6441,35.86797],[127.64828,35.86591],[127.65329,35.86766],[127.65413,35.87146],[127.64995,35.87352],[127.64494,35.87178]]]}},{"type":"Feature","properties":{"h3":"8830c5512dfffff","emd_code":"5273034000","emd_name":"안성면","area_km2":0.5289,"edge":false,"slope_mean":16.62,"elev_mean":447.7,"flood_hist_n":1,"flood_depth_max_m":1.0,"flood_risk_100y":null,"semi_basement_r":null,"elderly_alone_r":0.3114,"bldg_age30_r":null,"shelter_min_walk":25,"pop":4034,"hh":2489,"elderly65_r":0.4859,"single_hh_r":0.5745,"source_level":"emd","flood_years":[2020],"landslide_hist_n":1},"geometry":{"type":"Polygon","coordinates":[[[127.62989,35.86655],[127.62905,35.86275],[127.63323,35.86069],[127.63825,35.86243],[127.63908,35.86623],[127.6349,35.86829],[127.62989,35.86655]]]}},{"type":"Feature","properties":{"h3":"8830c55131fffff","emd_code":"5273034000","emd_name":"안성면","area_km2":0.5289,"edge":false,"slope_mean":6.88,"elev_mean":436.5,"flood_hist_n":1,"flood_depth_max_m":1.0,"flood_risk_100y":null,"semi_basement_r":null,"elderly_alone_r":0.3114,"bldg_age30_r":null,"shelter_min_walk":22,"pop":4034,"hh":2489,"elderly65_r":0.4859,"single_hh_r":0.5745,"source_level":"emd","flood_years":[2020],"landslide_hist_n":0},"geometry":{"type":"Polygon","coordinates":[[[127.66332,35.87114],[127.66249,35.86734],[127.66666,35.86528],[127.67168,35.86702],[127.67252,35.87082],[127.66834,35.87288],[127.66332,35.87114]]]}},{"type":"Feature","properties":{"h3":"8830c55133fffff","emd_code":"5273034000","emd_name":"안성면","area_km2":0.529,"edge":false,"slope_mean":7.59,"elev_mean":472.8,"flood_hist_n":1,"flood_depth_max_m":1.0,"flood_risk_100y":null,"semi_basement_r":null,"elderly_alone_r":0.3114,"bldg_age30_r":null,"shelter_min_walk":33,"pop":4034,"hh":2489,"elderly65_r":0.4859,"single_hh_r":0.5745,"source_level":"emd","flood_years":[2020],"landslide_hist_n":0},"geometry":{"type":"Polygon","coordinates":[[[127.67252,35.87082],[127.67168,35.86702],[127.67586,35.86495],[127.68088,35.86669],[127.68171,35.8705],[127.67754,35.87256],[127.67252,35.87082]]]}},{"type":"Feature","properties":{"h3":"8830c55135fffff","emd_code":"5273034000","emd_name":"안성면","area_km2":0.529,"edge":false,"slope_mean":8.08,"elev_mean":435.2,"flood_hist_n":1,"flood_depth_max_m":1.0,"flood_risk_100y":null,"semi_basement_r":null,"elderly_alone_r":0.3114,"bldg_age30_r":null,"shelter_min_walk":12,"pop":4034,"hh":2489,"elderly65_r":0.4859,"single_hh_r":0.5745,"source_level":"emd","flood_years":[2020],"landslide_hist_n":2},"geometry":{"type":"Polygon","coordinates":[[[127.65747,35.8656],[127.65663,35.86179],[127.66081,35.85973],[127.66583,35.86147],[127.66666,35.86528],[127.66249,35.86734],[127.65747,35.8656]]]}},{"type":"Feature","properties":{"h3":"8830c55137fffff","emd_code":"5273034000","emd_name":"안성면","area_km2":0.5291,"edge":false,"slope_mean":4.39,"elev_mean":445.9,"flood_hist_n":1,"flood_depth_max_m":1.0,"flood_risk_100y":null,"semi_basement_r":null,"elderly_alone_r":0.3114,"bldg_age30_r":null,"shelter_min_walk":24,"pop":4034,"hh":2489,"elderly65_r":0.4859,"single_hh_r":0.5745,"source_level":"emd","flood_years":[2020],"landslide_hist_n":2},"geometry":{"type":"Polygon","coordinates":[[[127.66666,35.86528],[127.66583,35.86147],[127.67001,35.85941],[127.67502,35.86115],[127.67586,35.86495],[127.67168,35.86702],[127.66666,35.86528]]]}},{"type":"Feature","properties":{"h3":"8830c55139fffff","emd_code":"5273034000","emd_name":"안성면","area_km2":0.5288,"edge":false,"slope_mean":15.39,"elev_mean":481.9,"flood_hist_n":0,"flood_depth_max_m":null,"flood_risk_100y":null,"semi_basement_r":null,"elderly_alone_r":0.3114,"bldg_age30_r":null,"shelter_min_walk":24,"pop":4034,"hh":2489,"elderly65_r":0.4859,"single_hh_r":0.5745,"source_level":"emd","flood_years":[],"landslide_hist_n":1},"geometry":{"type":"Polygon","coordinates":[[[127.65998,35.877],[127.65915,35.8732],[127.66332,35.87114],[127.66834,35.87288],[127.66918,35.87668],[127.665,35.87874],[127.65998,35.877]]]}},{"type":"Feature","properties":{"h3":"8830c5513bfffff","emd_code":"5273034000","emd_name":"안성면","area_km2":0.5289,"edge":false,"slope_mean":11.62,"elev_mean":456.4,"flood_hist_n":1,"flood_depth_max_m":1.0,"flood_risk_100y":null,"semi_basement_r":null,"elderly_alone_r":0.3114,"bldg_age30_r":null,"shelter_min_walk":33,"pop":4034,"hh":2489,"elderly65_r":0.4859,"single_hh_r":0.5745,"source_level":"emd","flood_years":[2020],"landslide_hist_n":1},"geometry":{"type":"Polygon","coordinates":[[[127.66918,35.87668],[127.66834,35.87288],[127.67252,35.87082],[127.67754,35.87256],[127.67837,35.87636],[127.67419,35.87842],[127.66918,35.87668]]]}},{"type":"Feature","properties":{"h3":"8830c5513dfffff","emd_code":"5273034000","emd_name":"안성면","area_km2":0.5289,"edge":false,"slope_mean":8.55,"elev_mean":429.9,"flood_hist_n":1,"flood_depth_max_m":1.0,"flood_risk_100y":null,"semi_basement_r":null,"elderly_alone_r":0.3114,"bldg_age30_r":null,"shelter_min_walk":12,"pop":4034,"hh":2489,"elderly65_r":0.4859,"single_hh_r":0.5745,"source_level":"emd","flood_years":[2020],"landslide_hist_n":0},"geometry":{"type":"Polygon","coordinates":[[[127.65413,35.87146],[127.65329,35.86766],[127.65747,35.8656],[127.66249,35.86734],[127.66332,35.87114],[127.65915,35.8732],[127.65413,35.87146]]]}},{"type":"Feature","properties":{"h3":"8830c55141fffff","emd_code":"5273033000","emd_name":"적상면","area_km2":0.5284,"edge":false,"slope_mean":28.11,"elev_mean":681.4,"flood_hist_n":0,"flood_depth_max_m":null,"flood_risk_100y":null,"semi_basement_r":null,"elderly_alone_r":0.3444,"bldg_age30_r":null,"shelter_min_walk":54,"pop":2557,"hh":1591,"elderly65_r":0.5108,"single_hh_r":0.5827,"source_level":"emd","flood_years":[],"landslide_hist_n":0},"geometry":{"type":"Polygon","coordinates":[[[127.63157,35.89521],[127.63074,35.89141],[127.63491,35.88935],[127.63993,35.89109],[127.64077,35.89489],[127.63659,35.89695],[127.63157,35.89521]]]}},{"type":"Feature","properties":{"h3":"8830c55143fffff","emd_code":"5273033000","emd_name":"적상면","area_km2":0.5284,"edge":false,"slope_mean":28.94,"elev_mean":718.6,"flood_hist_n":0,"flood_depth_max_m":null,"flood_risk_100y":null,"semi_basement_r":null,"elderly_alone_r":0.3444,"bldg_age30_r":null,"shelter_min_walk":50,"pop":2557,"hh":1591,"elderly65_r":0.5108,"single_hh_r":0.5827,"source_level":"emd","flood_years":[],"landslide_hist_n":0},"geometry":{"type":"Polygon","coordinates":[[[127.64077,35.89489],[127.63993,35.89109],[127.64411,35.88903],[127.64912,35.89078],[127.64996,35.89457],[127.64578,35.89663],[127.64077,35.89489]]]}},{"type":"Feature","properties":{"h3":"8830c55145fffff","emd_code":"5273034000","emd_name":"안성면","area_km2":0.5284,"edge":false,"slope_mean":27.41,"elev_mean":665.5,"flood_hist_n":0,"flood_depth_max_m":null,"flood_risk_100y":null,"semi_basement_r":null,"elderly_alone_r":0.3114,"bldg_age30_r":null,"shelter_min_walk":51,"pop":4034,"hh":2489,"elderly65_r":0.4859,"single_hh_r":0.5745,"source_level":"emd","flood_years":[],"landslide_hist_n":0},"geometry":{"type":"Polygon","coordinates":[[[127.62572,35.88967],[127.62488,35.88587],[127.62906,35.88381],[127.63408,35.88555],[127.63491,35.88935],[127.63074,35.89141],[127.62572,35.88967]]]}},{"type":"Feature","properties":{"h3":"8830c55147fffff","emd_code":"5273034000","emd_name":"안성면","area_km2":0.5285,"edge":false,"slope_mean":26.8,"elev_mean":676.0,"flood_hist_n":0,"flood_depth_max_m":null,"flood_risk_100y":null,"semi_basement_r":null,"elderly_alone_r":0.3114,"bldg_age30_r":null,"shelter_min_walk":44,"pop":4034,"hh":2489,"elderly65_r":0.4859,"single_hh_r":0.5745,"source_level":"emd","flood_years":[],"landslide_hist_n":0},"geometry":{"type":"Polygon","coordinates":[[[127.63491,35.88935],[127.63408,35.88555],[127.63825,35.88349],[127.64327,35.88524],[127.64411,35.88903],[127.63993,35.89109],[127.63491,35.88935]]]}},{"type":"Feature","properties":{"h3":"8830c55149fffff","emd_code":"5273033000","emd_name":"적상면","area_km2":0.5283,"edge":false,"slope_mean":28.81,"elev_mean":647.4,"flood_hist_n":0,"flood_depth_max_m":null,"flood_risk_100y":null,"semi_basement_r":null,"elderly_alone_r":0.3444,"bldg_age30_r":null,"shelter_min_walk":65,"pop":2557,"hh":1591,"elderly65_r":0.5108,"single_hh_r":0.5827,"source_level":"emd","flood_years":[],"landslide_hist_n":0},"geometry":{"type":"Polygon","coordinates":[[[127.62823,35.90106],[127.6274,35.89727],[127.63157,35.89521],[127.63659,35.89695],[127.63743,35.90075],[127.63325,35.90281],[127.62823,35.90106]]]}},{"type":"Feature","properties":{"h3":"8830c5514bfffff","emd_code":"5273033000","emd_name":"적상면","area_km2":0.5283,"edge":false,"slope_mean":29.28,"elev_mean":745.3,"flood_hist_n":0,"flood_depth_max_m":null,"flood_risk_100y":null,"semi_basement_r":null,"elderly_alone_r":0.3444,"bldg_age30_r":null,"shelter_min_walk":60,"pop":2557,"hh":1591,"elderly65_r":0.5108,"single_hh_r":0.5827,"source_level":"emd","flood_years":[],"landslide_hist_n":0},"geometry":{"type":"Polygon","coordinates":[[[127.63743,35.90075],[127.63659,35.89695],[127.64077,35.89489],[127.64578,35.89663],[127.64662,35.90043],[127.64244,35.90249],[127.63743,35.90075]]]}},{"type":"Feature","properties":{"h3":"8830c5514dfffff","emd_code":"5273033000","emd_name":"적상면","area_km2":0.5283,"edge":false,"slope_mean":26.55,"elev_mean":590.5,"flood_hist_n":0,"flood_depth_max_m":null,"flood_risk_100y":null,"semi_basement_r":null,"elderly_alone_r":0.3444,"bldg_age30_r":null,"shelter_min_walk":61,"pop":2557,"hh":1591,"elderly65_r":0.5108,"single_hh_r":0.5827,"source_level":"emd","flood_years":[],"landslide_hist_n":0},"geometry":{"type":"Polygon","coordinates":[[[127.62238,35.89553],[127.62154,35.89173],[127.62572,35.88967],[127.63074,35.89141],[127.63157,35.89521],[127.6274,35.89727],[127.62238,35.89553]]]}},{"type":"Feature","properties":{"h3":"8830c55151fffff","emd_code":"5273033000","emd_name":"적상면","area_km2":0.5284,"edge":false,"slope_mean":12.75,"elev_mean":376.8,"flood_hist_n":0,"flood_depth_max_m":null,"flood_risk_100y":null,"semi_basement_r":null,"elderly_alone_r":0.3444,"bldg_age30_r":null,"shelter_min_walk":58,"pop":2557,"hh":1591,"elderly65_r":0.5108,"single_hh_r":0.5827,"source_level":"emd","flood_years":[],"landslide_hist_n":0},"geometry":{"type":"Polygon","coordinates":[[[127.65581,35.90011],[127.65498,35.89631],[127.65916,35.89426],[127.66417,35.896],[127.66501,35.89979],[127.66083,35.90185],[127.65581,35.90011]]]}},{"type":"Feature","properties":{"h3":"8830c55153fffff","emd_code":"5273033000","emd_name":"적상면","area_km2":0.5285,"edge":false,"slope_mean":24.45,"elev_mean":504.5,"flood_hist_n":0,"flood_depth_max_m":null,"flood_risk_100y":null,"semi_basement_r":null,"elderly_alone_r":0.3444,"bldg_age30_r":null,"shelter_min_walk":61,"pop":2557,"hh":1591,"elderly65_r":0.5108,"single_hh_r":0.5827,"source_level":"emd","flood_years":[],"landslide_hist_n":0},"geometry":{"type":"Polygon","coordinates":[[[127.66501,35.89979],[127.66417,35.896],[127.66835,35.89394],[127.67337,35.89568],[127.6742,35.89948],[127.67003,35.90153],[127.66501,35.89979]]]}},{"type":"Feature","properties":{"h3":"8830c55155fffff","emd_code":"5273033000","emd_name":"적상면","area_km2":0.5285,"edge":false,"slope_mean":22.26,"elev_mean":501.5,"flood_hist_n":0,"flood_depth_max_m":null,"flood_risk_100y":null,"semi_basement_r":null,"elderly_alone_r":0.3444,"bldg_age30_r":null,"shelter_min_walk":48,"pop":2557,"hh":1591,"elderly65_r":0.5108,"single_hh_r":0.5827,"source_level":"emd","flood_years":[],"landslide_hist_n":0},"geometry":{"type":"Polygon","coordinates":[[[127.64996,35.89457],[127.64912,35.89078],[127.6533,35.88872],[127.65832,35.89046],[127.65916,35.89426],[127.65498,35.89631],[127.64996,35.89457]]]}},{"type":"Feature","properties":{"h3":"8830c55157fffff","emd_code":"5273033000","emd_name":"적상면","area_km2":0.5285,"edge":false,"slope_mean":19.75,"elev_mean":442.8,"flood_hist_n":0,"flood_depth_max_m":null,"flood_risk_100y":null,"semi_basement_r":null,"elderly_alone_r":0.3444,"bldg_age30_r":null,"shelter_min_walk":50,"pop":2557,"hh":1591,"elderly65_r":0.5108,"single_hh_r":0.5827,"source_level":"emd","flood_years":[],"landslide_hist_n":2},"geometry":{"type":"Polygon","coordinates":[[[127.65916,35.89426],[127.65832,35.89046],[127.6625,35.8884],[127.66751,35.89014],[127.66835,35.89394],[127.66417,35.896],[127.65916,35.89426]]]}},{"type":"Feature","properties":{"h3":"8830c55159fffff","emd_code":"5273033000","emd_name":"적상면","area_km2":0.5283,"edge":false,"slope_mean":12.69,"elev_mean":378.3,"flood_hist_n":0,"flood_depth_max_m":null,"flood_risk_100y":null,"semi_basement_r":null,"elderly_alone_r":0.3444,"bldg_age30_r":null,"shelter_min_walk":67,"pop":2557,"hh":1591,"elderly65_r":0.5108,"single_hh_r":0.5827,"source_level":"emd","flood_years":[],"landslide_hist_n":1},"geometry":{"type":"Polygon","coordinates":[[[127.65247,35.90597],[127.65164,35.90217],[127.65581,35.90011],[127.66083,35.90185],[127.66167,35.90565],[127.65749,35.90771],[127.65247,35.90597]]]}},{"type":"Feature","properties":{"h3":"8830c5515bfffff","emd_code":"5273033000","emd_name":"적상면","area_km2":0.5284,"edge":false,"slope_mean":18.15,"elev_mean":410.9,"flood_hist_n":0,"flood_depth_max_m":null,"flood_risk_100y":null,"semi_basement_r":null,"elderly_alone_r":0.3444,"bldg_age30_r":null,"shelter_min_walk":69,"pop":2557,"hh":1591,"elderly65_r":0.5108,"single_hh_r":0.5827,"source_level":"emd","flood_years":[],"landslide_hist_n":2},"geometry":{"type":"Polygon","coordinates":[[[127.66167,35.90565],[127.66083,35.90185],[127.66501,35.89979],[127.67003,35.90153],[127.67086,35.90533],[127.66668,35.90739],[127.66167,35.90565]]]}},{"type":"Feature","properties":{"h3":"8830c5515dfffff","emd_code":"5273033000","emd_name":"적상면","area_km2":0.5284,"edge":false,"slope_mean":23.75,"elev_mean":525.8,"flood_hist_n":0,"flood_depth_max_m":null,"flood_risk_100y":null,"semi_basement_r":null,"elderly_alone_r":0.3444,"bldg_age30_r":null,"shelter_min_walk":58,"pop":2557,"hh":1591,"elderly65_r":0.5108,"single_hh_r":0.5827,"source_level":"emd","flood_years":[],"landslide_hist_n":0},"geometry":{"type":"Polygon","coordinates":[[[127.64662,35.90043],[127.64578,35.89663],[127.64996,35.89457],[127.65498,35.89631],[127.65581,35.90011],[127.65164,35.90217],[127.64662,35.90043]]]}},{"type":"Feature","properties":{"h3":"8830c55161fffff","emd_code":"5273034000","emd_name":"안성면","area_km2":0.5286,"edge":false,"slope_mean":26.6,"elev_mean":508.4,"flood_hist_n":0,"flood_depth_max_m":null,"flood_risk_100y":null,"semi_basement_r":null,"elderly_alone_r":0.3114,"bldg_age30_r":null,"shelter_min_walk":40,"pop":4034,"hh":2489,"elderly65_r":0.4859,"single_hh_r":0.5745,"source_level":"emd","flood_years":[],"landslide_hist_n":0},"geometry":{"type":"Polygon","coordinates":[[[127.62321,35.87827],[127.62237,35.87447],[127.62655,35.87241],[127.63156,35.87415],[127.6324,35.87795],[127.62822,35.88001],[127.62321,35.87827]]]}},{"type":"Feature","properties":{"h3":"8830c55163fffff","emd_code":"5273034000","emd_name":"안성면","area_km2":0.5287,"edge":false,"slope_mean":24.26,"elev_mean":525.1,"flood_hist_n":0,"flood_depth_max_m":null,"flood_risk_100y":null,"semi_basement_r":null,"elderly_alone_r":0.3114,"bldg_age30_r":null,"shelter_min_walk":30,"pop":4034,"hh":2489,"elderly65_r":0.4859,"single_hh_r":0.5745,"source_level":"emd","flood_years":[],"landslide_hist_n":0},"geometry":{"type":"Polygon","coordinates":[[[127.6324,35.87795],[127.63156,35.87415],[127.63574,35.87209],[127.64076,35.87383],[127.6416,35.87764],[127.63742,35.87969],[127.6324,35.87795]]]}},{"type":"Feature","properties":{"h3":"8830c55165fffff","emd_code":"5273034000","emd_name":"안성면","area_km2":0.5287,"edge":false,"slope_mean":20.85,"elev_mean":419.4,"flood_hist_n":1,"flood_depth_max_m":1.0,"flood_risk_100y":null,"semi_basement_r":null,"elderly_alone_r":0.3114,"bldg_age30_r":null,"shelter_min_walk":44,"pop":4034,"hh":2489,"elderly65_r":0.4859,"single_hh_r":0.5745,"source_level":"emd","flood_years":[2020],"landslide_hist_n":0},"geometry":{"type":"Polygon","coordinates":[[[127.61736,35.87273],[127.61652,35.86893],[127.6207,35.86687],[127.62571,35.86861],[127.62655,35.87241],[127.62237,35.87447],[127.61736,35.87273]]]}},{"type":"Feature","properties":{"h3":"8830c55167fffff","emd_code":"5273034000","emd_name":"안성면","area_km2":0.5287,"edge":false,"slope_mean":19.11,"elev_mean":453.2,"flood_hist_n":0,"flood_depth_max_m":null,"flood_risk_100y":null,"semi_basement_r":null,"elderly_alone_r":0.3114,"bldg_age30_r":null,"shelter_min_walk":32,"pop":4034,"hh":2489,"elderly65_r":0.4859,"single_hh_r":0.5745,"source_level":"emd","flood_years":[],"landslide_hist_n":1},"geometry":{"type":"Polygon","coordinates":[[[127.62655,35.87241],[127.62571,35.86861],[127.62989,35.86655],[127.6349,35.86829],[127.63574,35.87209],[127.63156,35.87415],[127.62655,35.87241]]]}},{"type":"Feature","properties":{"h3":"8830c55169fffff","emd_code":"5273034000","emd_name":"안성면","area_km2":0.5285,"edge":false,"slope_mean":25.64,"elev_mean":599.0,"flood_hist_n":0,"flood_depth_max_m":null,"flood_risk_100y":null,"semi_basement_r":null,"elderly_alone_r":0.3114,"bldg_age30_r":null,"shelter_min_walk":49,"pop":4034,"hh":2489,"elderly65_r":0.4859,"single_hh_r":0.5745,"source_level":"emd","flood_years":[],"landslide_hist_n":0},"geometry":{"type":"Polygon","coordinates":[[[127.61987,35.88413],[127.61903,35.88033],[127.62321,35.87827],[127.62822,35.88001],[127.62906,35.88381],[127.62488,35.88587],[127.61987,35.88413]]]}},{"type":"Feature","properties":{"h3":"8830c5516bfffff","emd_code":"5273034000","emd_name":"안성면","area_km2":0.5286,"edge":false,"slope_mean":27.81,"elev_mean":602.6,"flood_hist_n":0,"flood_depth_max_m":null,"flood_risk_100y":null,"semi_basement_r":null,"elderly_alone_r":0.3114,"bldg_age30_r":null,"shelter_min_walk":40,"pop":4034,"hh":2489,"elderly65_r":0.4859,"single_hh_r":0.5745,"source_level":"emd","flood_years":[],"landslide_hist_n":0},"geometry":{"type":"Polygon","coordinates":[[[127.62906,35.88381],[127.62822,35.88001],[127.6324,35.87795],[127.63742,35.87969],[127.63825,35.88349],[127.63408,35.88555],[127.62906,35.88381]]]}},{"type":"Feature","properties":{"h3":"8830c5516dfffff","emd_code":"5273034000","emd_name":"안성면","area_km2":0.5286,"edge":false,"slope_mean":27.58,"elev_mean":568.8,"flood_hist_n":0,"flood_depth_max_m":null,"flood_risk_100y":null,"semi_basement_r":null,"elderly_alone_r":0.3114,"bldg_age30_r":null,"shelter_min_walk":51,"pop":4034,"hh":2489,"elderly65_r":0.4859,"single_hh_r":0.5745,"source_level":"emd","flood_years":[],"landslide_hist_n":0},"geometry":{"type":"Polygon","coordinates":[[[127.61402,35.87859],[127.61318,35.87479],[127.61736,35.87273],[127.62237,35.87447],[127.62321,35.87827],[127.61903,35.88033],[127.61402,35.87859]]]}},{"type":"Feature","properties":{"h3":"8830c55181fffff","emd_code":"5273034000","emd_name":"안성면","area_km2":0.529,"edge":false,"slope_mean":27.17,"elev_mean":892.1,"flood_hist_n":0,"flood_depth_max_m":null,"flood_risk_100y":null,"semi_basement_r":null,"elderly_alone_r":0.3114,"bldg_age30_r":null,"shelter_min_walk":89,"pop":4034,"hh":2489,"elderly65_r":0.4859,"single_hh_r":0.5745,"source_level":"emd","flood_years":[],"landslide_hist_n":0},"geometry":{"type":"Polygon","coordinates":[[[127.71182,35.88093],[127.71098,35.87713],[127.71516,35.87507],[127.72018,35.87681],[127.72102,35.88061],[127.71684,35.88267],[127.71182,35.88093]]]}},{"type":"Feature","properties":{"h3":"8830c55183fffff","emd_code":"5273032000","emd_name":"설천면","area_km2":0.5291,"edge":false,"slope_mean":19.36,"elev_mean":964.5,"flood_hist_n":0,"flood_depth_max_m":null,"flood_risk_100y":null,"semi_basement_r":null,"elderly_alone_r":0.2626,"bldg_age30_r":null,"shelter_min_walk":100,"pop":3889,"hh":2323,"elderly65_r":0.4009,"single_hh_r":0.5751,"source_level":"emd","flood_years":[],"landslide_hist_n":0},"geometry":{"type":"Polygon","coordinates":[[[127.72102,35.88061],[127.72018,35.87681],[127.72436,35.87474],[127.72937,35.87648],[127.73021,35.88028],[127.72603,35.88235],[127.72102,35.88061]]]}},{"type":"Feature","properties":{"h3":"8830c55185fffff","emd_code":"5273034000","emd_name":"안성면","area_km2":0.5291,"edge":false,"slope_mean":22.22,"elev_mean":701.2,"flood_hist_n":0,"flood_depth_max_m":null,"flood_risk_100y":null,"semi_basement_r":null,"elderly_alone_r":0.3114,"bldg_age30_r":null,"shelter_min_walk":79,"pop":4034,"hh":2489,"elderly65_r":0.4859,"single_hh_r":0.5745,"source_level":"emd","flood_years":[],"landslide_hist_n":1},"geometry":{"type":"Polygon","coordinates":[[[127.70596,35.87539],[127.70512,35.87159],[127.7093,35.86953],[127.71432,35.87127],[127.71516,35.87507],[127.71098,35.87713],[127.70596,35.87539]]]}},{"type":"Feature","properties":{"h3":"8830c55187fffff","emd_code":"5273034000","emd_name":"안성면","area_km2":0.5291,"edge":false,"slope_mean":28.25,"elev_mean":831.3,"flood_hist_n":0,"flood_depth_max_m":null,"flood_risk_100y":null,"semi_basement_r":null,"elderly_alone_r":0.3114,"bldg_age30_r":null,"shelter_min_walk":91,"pop":4034,"hh":2489,"elderly65_r":0.4859,"single_hh_r":0.5745,"source_level":"emd","flood_years":[],"landslide_hist_n":0},"geometry":{"type":"Polygon","coordinates":[[[127.71516,35.87507],[127.71432,35.87127],[127.7185,35.8692],[127.72352,35.87094],[127.72436,35.87474],[127.72018,35.87681],[127.71516,35.87507]]]}},{"type":"Feature","properties":{"h3":"8830c55189fffff","emd_code":"5273034000","emd_name":"안성면","area_km2":0.5289,"edge":false,"slope_mean":25.38,"elev_mean":850.7,"flood_hist_n":0,"flood_depth_max_m":null,"flood_risk_100y":null,"semi_basement_r":null,"elderly_alone_r":0.3114,"bldg_age30_r":null,"shelter_min_walk":88,"pop":4034,"hh":2489,"elderly65_r":0.4859,"single_hh_r":0.5745,"source_level":"emd","flood_years":[],"landslide_hist_n":0},"geometry":{"type":"Polygon","coordinates":[[[127.70848,35.88679],[127.70764,35.88299],[127.71182,35.88093],[127.71684,35.88267],[127.71767,35.88647],[127.71349,35.88853],[127.70848,35.88679]]]}},{"type":"Feature","properties":{"h3":"8830c5518bfffff","emd_code":"5273032000","emd_name":"설천면","area_km2":0.5289,"edge":false,"slope_mean":15.07,"elev_mean":945.2,"flood_hist_n":0,"flood_depth_max_m":null,"flood_risk_100y":null,"semi_basement_r":null,"elderly_alone_r":0.2626,"bldg_age30_r":null,"shelter_min_walk":99,"pop":3889,"hh":2323,"elderly65_r":0.4009,"single_hh_r":0.5751,"source_level":"emd","flood_years":[],"landslide_hist_n":0},"geometry":{"type":"Polygon","coordinates":[[[127.71767,35.88647],[127.71684,35.88267],[127.72102,35.88061],[127.72603,35.88235],[127.72687,35.88615],[127.72269,35.88821],[127.71767,35.88647]]]}},{"type":"Feature","properties":{"h3":"8830c5518dfffff","emd_code":"5273034000","emd_name":"안성면","area_km2":0.529,"edge":false,"slope_mean":18.13,"elev_mean":661.3,"flood_hist_n":0,"flood_depth_max_m":null,"flood_risk_100y":null,"semi_basement_r":null,"elderly_alone_r":0.3114,"bldg_age30_r":null,"shelter_min_walk":77,"pop":4034,"hh":2489,"elderly65_r":0.4859,"single_hh_r":0.5745,"source_level":"emd","flood_years":[],"landslide_hist_n":0},"geometry":{"type":"Polygon","coordinates":[[[127.70262,35.88125],[127.70178,35.87745],[127.70596,35.87539],[127.71098,35.87713],[127.71182,35.88093],[127.70764,35.88299],[127.70262,35.88125]]]}},{"type":"Feature","properties":{"h3":"8830c55191fffff","emd_code":"5273032000","emd_name":"설천면","area_km2":0.529,"edge":false,"slope_mean":22.92,"elev_mean":902.6,"flood_hist_n":0,"flood_depth_max_m":null,"flood_risk_100y":null,"semi_basement_r":null,"elderly_alone_r":0.2626,"bldg_age30_r":null,"shelter_min_walk":122,"pop":3889,"hh":2323,"elderly65_r":0.4009,"single_hh_r":0.5751,"source_level":"emd","flood_years":[],"landslide_hist_n":0},"geometry":{"type":"Polygon","coordinates":[[[127.73607,35.88582],[127.73523,35.88202],[127.73941,35.87996],[127.74443,35.8817],[127.74527,35.8855],[127.74109,35.88756],[127.73607,35.88582]]]}},{"type":"Feature","properties":{"h3":"8830c55193fffff","emd_code":"5273032000","emd_name":"설천면","area_km2":0.5291,"edge":false,"slope_mean":21.64,"elev_mean":884.1,"flood_hist_n":0,"flood_depth_max_m":null,"flood_risk_100y":null,"semi_basement_r":null,"elderly_alone_r":0.2626,"bldg_age30_r":null,"shelter_min_walk":134,"pop":3889,"hh":2323,"elderly65_r":0.4009,"single_hh_r":0.5751,"source_level":"emd","flood_years":[],"landslide_hist_n":0},"geometry":{"type":"Polygon","coordinates":[[[127.74527,35.8855],[127.74443,35.8817],[127.74861,35.87963],[127.75363,35.88137],[127.75447,35.88517],[127.75029,35.88723],[127.74527,35.8855]]]}},{"type":"Feature","properties":{"h3":"8830c55195fffff","emd_code":"5273032000","emd_name":"설천면","area_km2":0.5291,"edge":false,"slope_mean":24.62,"elev_mean":1097.0,"flood_hist_n":0,"flood_depth_max_m":null,"flood_risk_100y":null,"semi_basement_r":null,"elderly_alone_r":0.2626,"bldg_age30_r":null,"shelter_min_walk":112,"pop":3889,"hh":2323,"elderly65_r":0.4009,"single_hh_r":0.5751,"source_level":"emd","flood_years":[],"landslide_hist_n":0},"geometry":{"type":"Polygon","coordinates":[[[127.73021,35.88028],[127.72937,35.87648],[127.73355,35.87442],[127.73857,35.87616],[127.73941,35.87996],[127.73523,35.88202],[127.73021,35.88028]]]}},{"type":"Feature","properties":{"h3":"8830c55197fffff","emd_code":"5273032000","emd_name":"설천면","area_km2":0.5292,"edge":false,"slope_mean":27.23,"elev_mean":1037.0,"flood_hist_n":0,"flood_depth_max_m":null,"flood_risk_100y":null,"semi_basement_r":null,"elderly_alone_r":0.2626,"bldg_age30_r":null,"shelter_min_walk":124,"pop":3889,"hh":2323,"elderly65_r":0.4009,"single_hh_r":0.5751,"source_level":"emd","flood_years":[],"landslide_hist_n":0},"geometry":{"type":"Polygon","coordinates":[[[127.73941,35.87996],[127.73857,35.87616],[127.74275,35.87409],[127.74777,35.87583],[127.74861,35.87963],[127.74443,35.8817],[127.73941,35.87996]]]}},{"type":"Feature","properties":{"h3":"8830c55199fffff","emd_code":"5273032000","emd_name":"설천면","area_km2":0.5289,"edge":false,"slope_mean":15.03,"elev_mean":791.1,"flood_hist_n":0,"flood_depth_max_m":null,"flood_risk_100y":null,"semi_basement_r":null,"elderly_alone_r":0.2626,"bldg_age30_r":null,"shelter_min_walk":121,"pop":3889,"hh":2323,"elderly65_r":0.4009,"single_hh_r":0.5751,"source_level":"emd","flood_years":[],"landslide_hist_n":0},"geometry":{"type":"Polygon","coordinates":[[[127.73273,35.89168],[127.73189,35.88788],[127.73607,35.88582],[127.74109,35.88756],[127.74193,35.89136],[127.73775,35.89342],[127.73273,35.89168]]]}},{"type":"Feature","properties":{"h3":"8830c5519bfffff","emd_code":"5273032000","emd_name":"설천면","area_km2":0.529,"edge":false,"slope_mean":14.09,"elev_mean":754.2,"flood_hist_n":0,"flood_depth_max_m":null,"flood_risk_100y":null,"semi_basement_r":null,"elderly_alone_r":0.2626,"bldg_age30_r":null,"shelter_min_walk":132,"pop":3889,"hh":2323,"elderly65_r":0.4009,"single_hh_r":0.5751,"source_level":"emd","flood_years":[],"landslide_hist_n":0},"geometry":{"type":"Polygon","coordinates":[[[127.74193,35.89136],[127.74109,35.88756],[127.74527,35.8855],[127.75029,35.88723],[127.75113,35.89103],[127.74695,35.89309],[127.74193,35.89136]]]}},{"type":"Feature","properties":{"h3":"8830c5519dfffff","emd_code":"5273032000","emd_name":"설천면","area_km2":0.529,"edge":false,"slope_mean":18.81,"elev_mean":944.7,"flood_hist_n":0,"flood_depth_max_m":null,"flood_risk_100y":null,"semi_basement_r":null,"elderly_alone_r":0.2626,"bldg_age30_r":null,"shelter_min_walk":111,"pop":3889,"hh":2323,"elderly65_r":0.4009,"single_hh_r":0.5751,"source_level":"emd","flood_years":[],"landslide_hist_n":0},"geometry":{"type":"Polygon","coordinates":[[[127.72687,35.88615],[127.72603,35.88235],[127.73021,35.88028],[127.73523,35.88202],[127.73607,35.88582],[127.73189,35.88788],[127.72687,35.88615]]]}},{"type":"Feature","properties":{"h3":"8830c551a1fffff","emd_code":"5273034000","emd_name":"안성면","area_km2":0.5292,"edge":false,"slope_mean":20.57,"elev_mean":702.8,"flood_hist_n":0,"flood_depth_max_m":null,"flood_risk_100y":null,"semi_basement_r":null,"elderly_alone_r":0.3114,"bldg_age30_r":null,"shelter_min_walk":74,"pop":4034,"hh":2489,"elderly65_r":0.4859,"single_hh_r":0.5745,"source_level":"emd","flood_years":[],"landslide_hist_n":4},"geometry":{"type":"Polygon","coordinates":[[[127.70345,35.86399],[127.70261,35.86019],[127.70679,35.85812],[127.71181,35.85986],[127.71264,35.86366],[127.70846,35.86573],[127.70345,35.86399]]]}},{"type":"Feature","properties":{"h3":"8830c551a3fffff","emd_code":"5273034000","emd_name":"안성면","area_km2":0.5293,"edge":false,"slope_mean":25.85,"elev_mean":818.8,"flood_hist_n":0,"flood_depth_max_m":null,"flood_risk_100y":null,"semi_basement_r":null,"elderly_alone_r":0.3114,"bldg_age30_r":null,"shelter_min_walk":86,"pop":4034,"hh":2489,"elderly65_r":0.4859,"single_hh_r":0.5745,"source_level":"emd","flood_years":[],"landslide_hist_n":0},"geometry":{"type":"Polygon","coordinates":[[[127.71264,35.86366],[127.71181,35.85986],[127.71598,35.8578],[127.721,35.85954],[127.72184,35.86334],[127.71766,35.8654],[127.71264,35.86366]]]}},{"type":"Feature","properties":{"h3":"8830c551a5fffff","emd_code":"5273034000","emd_name":"안성면","area_km2":0.5293,"edge":false,"slope_mean":21.08,"elev_mean":681.6,"flood_hist_n":0,"flood_depth_max_m":null,"flood_risk_100y":null,"semi_basement_r":null,"elderly_alone_r":0.3114,"bldg_age30_r":null,"shelter_min_walk":67,"pop":4034,"hh":2489,"elderly65_r":0.4859,"single_hh_r":0.5745,"source_level":"emd","flood_years":[],"landslide_hist_n":2},"geometry":{"type":"Polygon","coordinates":[[[127.69759,35.85845],[127.69675,35.85465],[127.70093,35.85258],[127.70595,35.85432],[127.70679,35.85812],[127.70261,35.86019],[127.69759,35.85845]]]}},{"type":"Feature","properties":{"h3":"8830c551a7fffff","emd_code":"5273034000","emd_name":"안성면","area_km2":0.5294,"edge":false,"slope_mean":27.77,"elev_mean":900.7,"flood_hist_n":0,"flood_depth_max_m":null,"flood_risk_100y":null,"semi_basement_r":null,"elderly_alone_r":0.3114,"bldg_age30_r":null,"shelter_min_walk":79,"pop":4034,"hh":2489,"elderly65_r":0.4859,"single_hh_r":0.5745,"source_level":"emd","flood_years":[],"landslide_hist_n":1},"geometry":{"type":"Polygon","coordinates":[[[127.70679,35.85812],[127.70595,35.85432],[127.71013,35.85226],[127.71515,35.854],[127.71598,35.8578],[127.71181,35.85986],[127.70679,35.85812]]]}},{"type":"Feature","properties":{"h3":"8830c551a9fffff","emd_code":"5273034000","emd_name":"안성면","area_km2":0.5291,"edge":false,"slope_mean":12.09,"elev_mean":586.8,"flood_hist_n":0,"flood_depth_max_m":null,"flood_risk_100y":null,"semi_basement_r":null,"elderly_alone_r":0.3114,"bldg_age30_r":null,"shelter_min_walk":70,"pop":4034,"hh":2489,"elderly65_r":0.4859,"single_hh_r":0.5745,"source_level":"emd","flood_years":[],"landslide_hist_n":2},"geometry":{"type":"Polygon","coordinates":[[[127.70011,35.86985],[127.69927,35.86605],[127.70345,35.86399],[127.70846,35.86573],[127.7093,35.86953],[127.70512,35.87159],[127.70011,35.86985]]]}},{"type":"Feature","properties":{"h3":"8830c551abfffff","emd_code":"5273034000","emd_name":"안성면","area_km2":0.5292,"edge":false,"slope_mean":18.27,"elev_mean":672.4,"flood_hist_n":0,"flood_depth_max_m":null,"flood_risk_100y":null,"semi_basement_r":null,"elderly_alone_r":0.3114,"bldg_age30_r":null,"shelter_min_walk":82,"pop":4034,"hh":2489,"elderly65_r":0.4859,"single_hh_r":0.5745,"source_level":"emd","flood_years":[],"landslide_hist_n":1},"geometry":{"type":"Polygon","coordinates":[[[127.7093,35.86953],[127.70846,35.86573],[127.71264,35.86366],[127.71766,35.8654],[127.7185,35.8692],[127.71432,35.87127],[127.7093,35.86953]]]}},{"type":"Feature","properties":{"h3":"8830c551adfffff","emd_code":"5273034000","emd_name":"안성면","area_km2":0.5292,"edge":false,"slope_mean":12.22,"elev_mean":588.3,"flood_hist_n":0,"flood_depth_max_m":null,"flood_risk_100y":null,"semi_basement_r":null,"elderly_alone_r":0.3114,"bldg_age30_r":null,"shelter_min_walk":61,"pop":4034,"hh":2489,"elderly65_r":0.4859,"single_hh_r":0.5745,"source_level":"emd","flood_years":[],"landslide_hist_n":1},"geometry":{"type":"Polygon","coordinates":[[[127.69425,35.86431],[127.69341,35.86051],[127.69759,35.85845],[127.70261,35.86019],[127.70345,35.86399],[127.69927,35.86605],[127.69425,35.86431]]]}},{"type":"Feature","properties":{"h3":"8830c551b1fffff","emd_code":"5273034000","emd_name":"안성면","area_km2":0.5293,"edge":false,"slope_mean":27.58,"elev_mean":1000.9,"flood_hist_n":0,"flood_depth_max_m":null,"flood_risk_100y":null,"semi_basement_r":null,"elderly_alone_r":0.3114,"bldg_age30_r":null,"shelter_min_walk":106,"pop":4034,"hh":2489,"elderly65_r":0.4859,"single_hh_r":0.5745,"source_level":"emd","flood_years":[],"landslide_hist_n":0},"geometry":{"type":"Polygon","coordinates":[[[127.7277,35.86888],[127.72686,35.86508],[127.73104,35.86302],[127.73606,35.86475],[127.7369,35.86856],[127.73272,35.87062],[127.7277,35.86888]]]}},{"type":"Feature","properties":{"h3":"8830c551b3fffff","emd_code":"5273034000","emd_name":"안성면","area_km2":0.5293,"edge":false,"slope_mean":30.58,"elev_mean":1350.2,"flood_hist_n":0,"flood_depth_max_m":null,"flood_risk_100y":null,"semi_basement_r":null,"elderly_alone_r":0.3114,"bldg_age30_r":null,"shelter_min_walk":119,"pop":4034,"hh":2489,"elderly65_r":0.4859,"single_hh_r":0.5745,"source_level":"emd","flood_years":[],"landslide_hist_n":0},"geometry":{"type":"Polygon","coordinates":[[[127.7369,35.86856],[127.73606,35.86475],[127.74024,35.86269],[127.74526,35.86443],[127.74609,35.86823],[127.74191,35.87029],[127.7369,35.86856]]]}},{"type":"Feature","properties":{"h3":"8830c551b5fffff","emd_code":"5273034000","emd_name":"안성면","area_km2":0.5293,"edge":false,"slope_mean":25.85,"elev_mean":893.8,"flood_hist_n":0,"flood_depth_max_m":null,"flood_risk_100y":null,"semi_basement_r":null,"elderly_alone_r":0.3114,"bldg_age30_r":null,"shelter_min_walk":98,"pop":4034,"hh":2489,"elderly65_r":0.4859,"single_hh_r":0.5745,"source_level":"emd","flood_years":[],"landslide_hist_n":0},"geometry":{"type":"Polygon","coordinates":[[[127.72184,35.86334],[127.721,35.85954],[127.72518,35.85748],[127.7302,35.85921],[127.73104,35.86302],[127.72686,35.86508],[127.72184,35.86334]]]}},{"type":"Feature","properties":{"h3":"8830c551b7fffff","emd_code":"5273034000","emd_name":"안성면","area_km2":0.5294,"edge":false,"slope_mean":28.42,"elev_mean":1095.5,"flood_hist_n":0,"flood_depth_max_m":null,"flood_risk_100y":null,"semi_basement_r":null,"elderly_alone_r":0.3114,"bldg_age30_r":null,"shelter_min_walk":111,"pop":4034,"hh":2489,"elderly65_r":0.4859,"single_hh_r":0.5745,"source_level":"emd","flood_years":[],"landslide_hist_n":0},"geometry":{"type":"Polygon","coordinates":[[[127.73104,35.86302],[127.7302,35.85921],[127.73438,35.85715],[127.7394,35.85889],[127.74024,35.86269],[127.73606,35.86475],[127.73104,35.86302]]]}},{"type":"Feature","properties":{"h3":"8830c551b9fffff","emd_code":"5273034000","emd_name":"안성면","area_km2":0.5292,"edge":false,"slope_mean":27.36,"elev_mean":989.5,"flood_hist_n":0,"flood_depth_max_m":null,"flood_risk_100y":null,"semi_basement_r":null,"elderly_alone_r":0.3114,"bldg_age30_r":null,"shelter_min_walk":103,"pop":4034,"hh":2489,"elderly65_r":0.4859,"single_hh_r":0.5745,"source_level":"emd","flood_years":[],"landslide_hist_n":0},"geometry":{"type":"Polygon","coordinates":[[[127.72436,35.87474],[127.72352,35.87094],[127.7277,35.86888],[127.73272,35.87062],[127.73355,35.87442],[127.72937,35.87648],[127.72436,35.87474]]]}},{"type":"Feature","properties":{"h3":"8830c551bbfffff","emd_code":"5273034000","emd_name":"안성면","area_km2":0.5292,"edge":false,"slope_mean":28.57,"elev_mean":1199.0,"flood_hist_n":0,"flood_depth_max_m":null,"flood_risk_100y":null,"semi_basement_r":null,"elderly_alone_r":0.3114,"bldg_age30_r":null,"shelter_min_walk":115,"pop":4034,"hh":2489,"elderly65_r":0.4859,"single_hh_r":0.5745,"source_level":"emd","flood_years":[],"landslide_hist_n":0},"geometry":{"type":"Polygon","coordinates":[[[127.73355,35.87442],[127.73272,35.87062],[127.7369,35.86856],[127.74191,35.87029],[127.74275,35.87409],[127.73857,35.87616],[127.73355,35.87442]]]}},{"type":"Feature","properties":{"h3":"8830c551bdfffff","emd_code":"5273034000","emd_name":"안성면","area_km2":0.5292,"edge":false,"slope_mean":26.26,"elev_mean":813.4,"flood_hist_n":0,"flood_depth_max_m":null,"flood_risk_100y":null,"semi_basement_r":null,"elderly_alone_r":0.3114,"bldg_age30_r":null,"shelter_min_walk":94,"pop":4034,"hh":2489,"elderly65_r":0.4859,"single_hh_r":0.5745,"source_level":"emd","flood_years":[],"landslide_hist_n":0},"geometry":{"type":"Polygon","coordinates":[[[127.7185,35.8692],[127.71766,35.8654],[127.72184,35.86334],[127.72686,35.86508],[127.7277,35.86888],[127.72352,35.87094],[127.7185,35.8692]]]}},{"type":"Feature","properties":{"h3":"8830c551c1fffff","emd_code":"5273034000","emd_name":"안성면","area_km2":0.5287,"edge":false,"slope_mean":25.37,"elev_mean":719.2,"flood_hist_n":0,"flood_depth_max_m":null,"flood_risk_100y":null,"semi_basement_r":null,"elderly_alone_r":0.3114,"bldg_age30_r":null,"shelter_min_walk":78,"pop":4034,"hh":2489,"elderly65_r":0.4859,"single_hh_r":0.5745,"source_level":"emd","flood_years":[],"landslide_hist_n":1},"geometry":{"type":"Polygon","coordinates":[[[127.69594,35.89298],[127.6951,35.88918],[127.69928,35.88711],[127.7043,35.88885],[127.70514,35.89265],[127.70096,35.89471],[127.69594,35.89298]]]}},{"type":"Feature","properties":{"h3":"8830c551c3fffff","emd_code":"5273033000","emd_name":"적상면","area_km2":0.5288,"edge":false,"slope_mean":25.98,"elev_mean":752.3,"flood_hist_n":0,"flood_depth_max_m":null,"flood_risk_100y":null,"semi_basement_r":null,"elderly_alone_r":0.3444,"bldg_age30_r":null,"shelter_min_walk":88,"pop":2557,"hh":1591,"elderly65_r":0.5108,"single_hh_r":0.5827,"source_level":"emd","flood_years":[],"landslide_hist_n":0},"geometry":{"type":"Polygon","coordinates":[[[127.70514,35.89265],[127.7043,35.88885],[127.70848,35.88679],[127.71349,35.88853],[127.71433,35.89233],[127.71015,35.89439],[127.70514,35.89265]]]}},{"type":"Feature","properties":{"h3":"8830c551c5fffff","emd_code":"5273034000","emd_name":"안성면","area_km2":0.5288,"edge":false,"slope_mean":16.31,"elev_mean":559.8,"flood_hist_n":0,"flood_depth_max_m":null,"flood_risk_100y":null,"semi_basement_r":null,"elderly_alone_r":0.3114,"bldg_age30_r":null,"shelter_min_walk":66,"pop":4034,"hh":2489,"elderly65_r":0.4859,"single_hh_r":0.5745,"source_level":"emd","flood_years":[],"landslide_hist_n":2},"geometry":{"type":"Polygon","coordinates":[[[127.69008,35.88744],[127.68924,35.88364],[127.69342,35.88158],[127.69844,35.88332],[127.69928,35.88711],[127.6951,35.88918],[127.69008,35.88744]]]}},{"type":"Feature","properties":{"h3":"8830c551c7fffff","emd_code":"5273034000","emd_name":"안성면","area_km2":0.5288,"edge":false,"slope_mean":21.32,"elev_mean":679.6,"flood_hist_n":0,"flood_depth_max_m":null,"flood_risk_100y":null,"semi_basement_r":null,"elderly_alone_r":0.3114,"bldg_age30_r":null,"shelter_min_walk":77,"pop":4034,"hh":2489,"elderly65_r":0.4859,"single_hh_r":0.5745,"source_level":"emd","flood_years":[],"landslide_hist_n":2},"geometry":{"type":"Polygon","coordinates":[[[127.69928,35.88711],[127.69844,35.88332],[127.70262,35.88125],[127.70764,35.88299],[127.70848,35.88679],[127.7043,35.88885],[127.69928,35.88711]]]}},{"type":"Feature","properties":{"h3":"8830c551c9fffff","emd_code":"5273033000","emd_name":"적상면","area_km2":0.5286,"edge":false,"slope_mean":22.0,"elev_mean":658.0,"flood_hist_n":0,"flood_depth_max_m":null,"flood_risk_100y":null,"semi_basement_r":null,"elderly_alone_r":0.3444,"bldg_age30_r":null,"shelter_min_walk":81,"pop":2557,"hh":1591,"elderly65_r":0.5108,"single_hh_r":0.5827,"source_level":"emd","flood_years":[],"landslide_hist_n":0},"geometry":{"type":"Polygon","coordinates":[[[127.6926,35.89883],[127.69176,35.89504],[127.69594,35.89298],[127.70096,35.89471],[127.70179,35.89851],[127.69761,35.90057],[127.6926,35.89883]]]}},{"type":"Feature","properties":{"h3":"8830c551cbfffff","emd_code":"5273033000","emd_name":"적상면","area_km2":0.5287,"edge":false,"slope_mean":27.44,"elev_mean":716.8,"flood_hist_n":0,"flood_depth_max_m":null,"flood_risk_100y":null,"semi_basement_r":null,"elderly_alone_r":0.3444,"bldg_age30_r":null,"shelter_min_walk":90,"pop":2557,"hh":1591,"elderly65_r":0.5108,"single_hh_r":0.5827,"source_level":"emd","flood_years":[],"landslide_hist_n":0},"geometry":{"type":"Polygon","coordinates":[[[127.70179,35.89851],[127.70096,35.89471],[127.70514,35.89265],[127.71015,35.89439],[127.71099,35.89819],[127.70681,35.90025],[127.70179,35.89851]]]}},{"type":"Feature","properties":{"h3":"8830c551cdfffff","emd_code":"5273033000","emd_name":"적상면","area_km2":0.5287,"edge":false,"slope_mean":20.44,"elev_mean":558.8,"flood_hist_n":0,"flood_depth_max_m":null,"flood_risk_100y":null,"semi_basement_r":null,"elderly_alone_r":0.3444,"bldg_age30_r":null,"shelter_min_walk":69,"pop":2557,"hh":1591,"elderly65_r":0.5108,"single_hh_r":0.5827,"source_level":"emd","flood_years":[],"landslide_hist_n":0},"geometry":{"type":"Polygon","coordinates":[[[127.68674,35.8933],[127.6859,35.8895],[127.69008,35.88744],[127.6951,35.88918],[127.69594,35.89298],[127.69176,35.89504],[127.68674,35.8933]]]}},{"type":"Feature","properties":{"h3":"8830c551d1fffff","emd_code":"5273033000","emd_name":"적상면","area_km2":0.5288,"edge":false,"slope_mean":24.34,"elev_mean":752.4,"flood_hist_n":0,"flood_depth_max_m":null,"flood_risk_100y":null,"semi_basement_r":null,"elderly_alone_r":0.3444,"bldg_age30_r":null,"shelter_min_walk":110,"pop":2557,"hh":1591,"elderly65_r":0.5108,"single_hh_r":0.5827,"source_level":"emd","flood_years":[],"landslide_hist_n":0},"geometry":{"type":"Polygon","coordinates":[[[127.72019,35.89787],[127.71935,35.89407],[127.72353,35.89201],[127.72855,35.89374],[127.72939,35.89754],[127.72521,35.89961],[127.72019,35.89787]]]}},{"type":"Feature","properties":{"h3":"8830c551d3fffff","emd_code":"5273032000","emd_name":"설천면","area_km2":0.5288,"edge":false,"slope_mean":22.29,"elev_mean":837.2,"flood_hist_n":0,"flood_depth_max_m":null,"flood_risk_100y":null,"semi_basement_r":null,"elderly_alone_r":0.2626,"bldg_age30_r":null,"shelter_min_walk":121,"pop":3889,"hh":2323,"elderly65_r":0.4009,"single_hh_r":0.5751,"source_level":"emd","flood_years":[],"landslide_hist_n":0},"geometry":{"type":"Polygon","coordinates":[[[127.72939,35.89754],[127.72855,35.89374],[127.73273,35.89168],[127.73775,35.89342],[127.73859,35.89722],[127.73441,35.89928],[127.72939,35.89754]]]}},{"type":"Feature","properties":{"h3":"8830c551d5fffff","emd_code":"5273033000","emd_name":"적상면","area_km2":0.5288,"edge":false,"slope_mean":24.62,"elev_mean":824.9,"flood_hist_n":0,"flood_depth_max_m":null,"flood_risk_100y":null,"semi_basement_r":null,"elderly_alone_r":0.3444,"bldg_age30_r":null,"shelter_min_walk":99,"pop":2557,"hh":1591,"elderly65_r":0.5108,"single_hh_r":0.5827,"source_level":"emd","flood_years":[],"landslide_hist_n":0},"geometry":{"type":"Polygon","coordinates":[[[127.71433,35.89233],[127.71349,35.88853],[127.71767,35.88647],[127.72269,35.88821],[127.72353,35.89201],[127.71935,35.89407],[127.71433,35.89233]]]}},{"type":"Feature","properties":{"h3":"8830c551d7fffff","emd_code":"5273032000","emd_name":"설천면","area_km2":0.5289,"edge":false,"slope_mean":19.18,"elev_mean":872.6,"flood_hist_n":0,"flood_depth_max_m":null,"flood_risk_100y":null,"semi_basement_r":null,"elderly_alone_r":0.2626,"bldg_age30_r":null,"shelter_min_walk":110,"pop":3889,"hh":2323,"elderly65_r":0.4009,"single_hh_r":0.5751,"source_level":"emd","flood_years":[],"landslide_hist_n":0},"geometry":{"type":"Polygon","coordinates":[[[127.72353,35.89201],[127.72269,35.88821],[127.72687,35.88615],[127.73189,35.88788],[127.73273,35.89168],[127.72855,35.89374],[127.72353,35.89201]]]}},{"type":"Feature","properties":{"h3":"8830c551d9fffff","emd_code":"5273033000","emd_name":"적상면","area_km2":0.5286,"edge":false,"slope_mean":23.07,"elev_mean":594.3,"flood_hist_n":0,"flood_depth_max_m":null,"flood_risk_100y":null,"semi_basement_r":null,"elderly_alone_r":0.3444,"bldg_age30_r":null,"shelter_min_walk":111,"pop":2557,"hh":1591,"elderly65_r":0.5108,"single_hh_r":0.5827,"source_level":"emd","flood_years":[],"landslide_hist_n":0},"geometry":{"type":"Polygon","coordinates":[[[127.71685,35.90373],[127.71601,35.89993],[127.72019,35.89787],[127.72521,35.89961],[127.72605,35.9034],[127.72187,35.90546],[127.71685,35.90373]]]}},{"type":"Feature","properties":{"h3":"8830c551dbfffff","emd_code":"5273033000","emd_name":"적상면","area_km2":0.5287,"edge":false,"slope_mean":26.7,"elev_mean":740.8,"flood_hist_n":0,"flood_depth_max_m":null,"flood_risk_100y":null,"semi_basement_r":null,"elderly_alone_r":0.3444,"bldg_age30_r":null,"shelter_min_walk":122,"pop":2557,"hh":1591,"elderly65_r":0.5108,"single_hh_r":0.5827,"source_level":"emd","flood_years":[],"landslide_hist_n":0},"geometry":{"type":"Polygon","coordinates":[[[127.72605,35.9034],[127.72521,35.89961],[127.72939,35.89754],[127.73441,35.89928],[127.73525,35.90308],[127.73107,35.90514],[127.72605,35.9034]]]}},{"type":"Feature","properties":{"h3":"8830c551ddfffff","emd_code":"5273033000","emd_name":"적상면","area_km2":0.5287,"edge":false,"slope_mean":22.32,"elev_mean":625.4,"flood_hist_n":0,"flood_depth_max_m":null,"flood_risk_100y":null,"semi_basement_r":null,"elderly_alone_r":0.3444,"bldg_age30_r":null,"shelter_min_walk":100,"pop":2557,"hh":1591,"elderly65_r":0.5108,"single_hh_r":0.5827,"source_level":"emd","flood_years":[],"landslide_hist_n":0},"geometry":{"type":"Polygon","coordinates":[[[127.71099,35.89819],[127.71015,35.89439],[127.71433,35.89233],[127.71935,35.89407],[127.72019,35.89787],[127.71601,35.89993],[127.71099,35.89819]]]}},{"type":"Feature","properties":{"h3":"8830c551e1fffff","emd_code":"5273034000","emd_name":"안성면","area_km2":0.529,"edge":false,"slope_mean":10.82,"elev_mean":499.8,"flood_hist_n":1,"flood_depth_max_m":1.0,"flood_risk_100y":null,"semi_basement_r":null,"elderly_alone_r":0.3114,"bldg_age30_r":null,"shelter_min_walk":55,"pop":4034,"hh":2489,"elderly65_r":0.4859,"single_hh_r":0.5745,"source_level":"emd","flood_years":[2020],"landslide_hist_n":1},"geometry":{"type":"Polygon","coordinates":[[[127.68757,35.87604],[127.68673,35.87224],[127.69091,35.87017],[127.69593,35.87191],[127.69676,35.87571],[127.69259,35.87778],[127.68757,35.87604]]]}},{"type":"Feature","properties":{"h3":"8830c551e3fffff","emd_code":"5273034000","emd_name":"안성면","area_km2":0.529,"edge":false,"slope_mean":13.25,"elev_mean":559.5,"flood_hist_n":0,"flood_depth_max_m":null,"flood_risk_100y":null,"semi_basement_r":null,"elderly_alone_r":0.3114,"bldg_age30_r":null,"shelter_min_walk":67,"pop":4034,"hh":2489,"elderly65_r":0.4859,"single_hh_r":0.5745,"source_level":"emd","flood_years":[],"landslide_hist_n":0},"geometry":{"type":"Polygon","coordinates":[[[127.69676,35.87571],[127.69593,35.87191],[127.70011,35.86985],[127.70512,35.87159],[127.70596,35.87539],[127.70178,35.87745],[127.69676,35.87571]]]}},{"type":"Feature","properties":{"h3":"8830c551e5fffff","emd_code":"5273034000","emd_name":"안성면","area_km2":0.529,"edge":false,"slope_mean":8.59,"elev_mean":497.8,"flood_hist_n":1,"flood_depth_max_m":1.0,"flood_risk_100y":null,"semi_basement_r":null,"elderly_alone_r":0.3114,"bldg_age30_r":null,"shelter_min_walk":45,"pop":4034,"hh":2489,"elderly65_r":0.4859,"single_hh_r":0.5745,"source_level":"emd","flood_years":[2020],"landslide_hist_n":2},"geometry":{"type":"Polygon","coordinates":[[[127.68171,35.8705],[127.68088,35.86669],[127.68505,35.86463],[127.69007,35.86637],[127.69091,35.87017],[127.68673,35.87224],[127.68171,35.8705]]]}},{"type":"Feature","properties":{"h3":"8830c551e7fffff","emd_code":"5273034000","emd_name":"안성면","area_km2":0.5291,"edge":false,"slope_mean":9.77,"elev_mean":531.8,"flood_hist_n":0,"flood_depth_max_m":null,"flood_risk_100y":null,"semi_basement_r":null,"elderly_alone_r":0.3114,"bldg_age30_r":null,"shelter_min_walk":57,"pop":4034,"hh":2489,"elderly65_r":0.4859,"single_hh_r":0.5745,"source_level":"emd","flood_years":[],"landslide_hist_n":2},"geometry":{"type":"Polygon","coordinates":[[[127.69091,35.87017],[127.69007,35.86637],[127.69425,35.86431],[127.69927,35.86605],[127.70011,35.86985],[127.69593,35.87191],[127.69091,35.87017]]]}},{"type":"Feature","properties":{"h3":"8830c551e9fffff","emd_code":"5273034000","emd_name":"안성면","area_km2":0.5289,"edge":false,"slope_mean":10.7,"elev_mean":484.6,"flood_hist_n":1,"flood_depth_max_m":1.0,"flood_risk_100y":null,"semi_basement_r":null,"elderly_alone_r":0.3114,"bldg_age30_r":null,"shelter_min_walk":55,"pop":4034,"hh":2489,"elderly65_r":0.4859,"single_hh_r":0.5745,"source_level":"emd","flood_years":[2020],"landslide_hist_n":3},"geometry":{"type":"Polygon","coordinates":[[[127.68423,35.8819],[127.68339,35.8781],[127.68757,35.87604],[127.69259,35.87778],[127.69342,35.88158],[127.68924,35.88364],[127.68423,35.8819]]]}},{"type":"Feature","properties":{"h3":"8830c551ebfffff","emd_code":"5273034000","emd_name":"안성면","area_km2":0.5289,"edge":false,"slope_mean":12.84,"elev_mean":536.8,"flood_hist_n":0,"flood_depth_max_m":null,"flood_risk_100y":null,"semi_basement_r":null,"elderly_alone_r":0.3114,"bldg_age30_r":null,"shelter_min_walk":66,"pop":4034,"hh":2489,"elderly65_r":0.4859,"single_hh_r":0.5745,"source_level":"emd","flood_years":[],"landslide_hist_n":3},"geometry":{"type":"Polygon","coordinates":[[[127.69342,35.88158],[127.69259,35.87778],[127.69676,35.87571],[127.70178,35.87745],[127.70262,35.88125],[127.69844,35.88332],[127.69342,35.88158]]]}},{"type":"Feature","properties":{"h3":"8830c551edfffff","emd_code":"5273034000","emd_name":"안성면","area_km2":0.5289,"edge":false,"slope_mean":12.34,"elev_mean":470.0,"flood_hist_n":1,"flood_depth_max_m":1.0,"flood_risk_100y":null,"semi_basement_r":null,"elderly_alone_r":0.3114,"bldg_age30_r":null,"shelter_min_walk":44,"pop":4034,"hh":2489,"elderly65_r":0.4859,"single_hh_r":0.5745,"source_level":"emd","flood_years":[2020],"landslide_hist_n":1},"geometry":{"type":"Polygon","coordinates":[[[127.67837,35.87636],[127.67754,35.87256],[127.68171,35.8705],[127.68673,35.87224],[127.68757,35.87604],[127.68339,35.8781],[127.67837,35.87636]]]}},{"type":"Feature","properties":{"h3":"8830c55201fffff","emd_code":"5273033000","emd_name":"적상면","area_km2":0.5274,"edge":false,"slope_mean":20.78,"elev_mean":350.4,"flood_hist_n":0,"flood_depth_max_m":null,"flood_risk_100y":null,"semi_basement_r":null,"elderly_alone_r":0.3444,"bldg_age30_r":null,"shelter_min_walk":74,"pop":2557,"hh":1591,"elderly65_r":0.5108,"single_hh_r":0.5827,"source_level":"emd","flood_years":[],"landslide_hist_n":0},"geometry":{"type":"Polygon","coordinates":[[[127.66504,35.96291],[127.6642,35.95911],[127.66838,35.95706],[127.6734,35.9588],[127.67424,35.96259],[127.67006,35.96465],[127.66504,35.96291]]]}},{"type":"Feature","properties":{"h3":"8830c55203fffff","emd_code":"5273033000","emd_name":"적상면","area_km2":0.5275,"edge":false,"slope_mean":22.91,"elev_mean":522.7,"flood_hist_n":0,"flood_depth_max_m":null,"flood_risk_100y":null,"semi_basement_r":null,"elderly_alone_r":0.3444,"bldg_age30_r":null,"shelter_min_walk":76,"pop":2557,"hh":1591,"elderly65_r":0.5108,"single_hh_r":0.5827,"source_level":"emd","flood_years":[],"landslide_hist_n":0},"geometry":{"type":"Polygon","coordinates":[[[127.67424,35.96259],[127.6734,35.9588],[127.67758,35.95674],[127.6826,35.95848],[127.68343,35.96227],[127.67925,35.96433],[127.67424,35.96259]]]}},{"type":"Feature","properties":{"h3":"8830c55205fffff","emd_code":"5273033000","emd_name":"적상면","area_km2":0.5275,"edge":false,"slope_mean":20.13,"elev_mean":287.7,"flood_hist_n":0,"flood_depth_max_m":null,"flood_risk_100y":null,"semi_basement_r":null,"elderly_alone_r":0.3444,"bldg_age30_r":null,"shelter_min_walk":83,"pop":2557,"hh":1591,"elderly65_r":0.5108,"single_hh_r":0.5827,"source_level":"emd","flood_years":[],"landslide_hist_n":1},"geometry":{"type":"Polygon","coordinates":[[[127.65918,35.95737],[127.65835,35.95358],[127.66253,35.95153],[127.66754,35.95326],[127.66838,35.95706],[127.6642,35.95911],[127.65918,35.95737]]]}},{"type":"Feature","properties":{"h3":"8830c55207fffff","emd_code":"5273033000","emd_name":"적상면","area_km2":0.5275,"edge":false,"slope_mean":21.28,"elev_mean":395.3,"flood_hist_n":0,"flood_depth_max_m":null,"flood_risk_100y":null,"semi_basement_r":null,"elderly_alone_r":0.3444,"bldg_age30_r":null,"shelter_min_walk":84,"pop":2557,"hh":1591,"elderly65_r":0.5108,"single_hh_r":0.5827,"source_level":"emd","flood_years":[],"landslide_hist_n":0},"geometry":{"type":"Polygon","coordinates":[[[127.66838,35.95706],[127.66754,35.95326],[127.67172,35.95121],[127.67674,35.95295],[127.67758,35.95674],[127.6734,35.9588],[127.66838,35.95706]]]}},{"type":"Feature","properties":{"h3":"8830c55209fffff","emd_code":"5273033000","emd_name":"적상면","area_km2":0.5273,"edge":false,"slope_mean":25.33,"elev_mean":363.2,"flood_hist_n":0,"flood_depth_max_m":null,"flood_risk_100y":null,"semi_basement_r":null,"elderly_alone_r":0.3444,"bldg_age30_r":null,"shelter_min_walk":64,"pop":2557,"hh":1591,"elderly65_r":0.5108,"single_hh_r":0.5827,"source_level":"emd","flood_years":[],"landslide_hist_n":0},"geometry":{"type":"Polygon","coordinates":[[[127.6617,35.96876],[127.66086,35.96496],[127.66504,35.96291],[127.67006,35.96465],[127.67089,35.96844],[127.66672,35.97049],[127.6617,35.96876]]]}},{"type":"Feature","properties":{"h3":"8830c5520bfffff","emd_code":"5273033000","emd_name":"적상면","area_km2":0.5273,"edge":false,"slope_mean":22.87,"elev_mean":489.4,"flood_hist_n":0,"flood_depth_max_m":null,"flood_risk_100y":null,"semi_basement_r":null,"elderly_alone_r":0.3444,"bldg_age30_r":null,"shelter_min_walk":65,"pop":2557,"hh":1591,"elderly65_r":0.5108,"single_hh_r":0.5827,"source_level":"emd","flood_years":[],"landslide_hist_n":0},"geometry":{"type":"Polygon","coordinates":[[[127.67089,35.96844],[127.67006,35.96465],[127.67424,35.96259],[127.67925,35.96433],[127.68009,35.96812],[127.67591,35.97018],[127.67089,35.96844]]]}},{"type":"Feature","properties":{"h3":"8830c5520dfffff","emd_code":"5273033000","emd_name":"적상면","area_km2":0.5274,"edge":false,"slope_mean":18.21,"elev_mean":267.7,"flood_hist_n":0,"flood_depth_max_m":null,"flood_risk_100y":null,"semi_basement_r":null,"elderly_alone_r":0.3444,"bldg_age30_r":null,"shelter_min_walk":74,"pop":2557,"hh":1591,"elderly65_r":0.5108,"single_hh_r":0.5827,"source_level":"emd","flood_years":[],"landslide_hist_n":0},"geometry":{"type":"Polygon","coordinates":[[[127.65584,35.96322],[127.65501,35.95943],[127.65918,35.95737],[127.6642,35.95911],[127.66504,35.96291],[127.66086,35.96496],[127.65584,35.96322]]]}},{"type":"Feature","properties":{"h3":"8830c55211fffff","emd_code":"5273033000","emd_name":"적상면","area_km2":0.5274,"edge":false,"slope_mean":23.69,"elev_mean":531.5,"flood_hist_n":0,"flood_depth_max_m":null,"flood_risk_100y":null,"semi_basement_r":null,"elderly_alone_r":0.3444,"bldg_age30_r":null,"shelter_min_walk":72,"pop":2557,"hh":1591,"elderly65_r":0.5108,"single_hh_r":0.5827,"source_level":"emd","flood_years":[],"landslide_hist_n":0},"geometry":{"type":"Polygon","coordinates":[[[127.68929,35.9678],[127.68845,35.96401],[127.69263,35.96195],[127.69765,35.96369],[127.69849,35.96748],[127.69431,35.96954],[127.68929,35.9678]]]}},{"type":"Feature","properties":{"h3":"8830c55213fffff","emd_code":"5273033000","emd_name":"적상면","area_km2":0.5275,"edge":false,"slope_mean":27.14,"elev_mean":422.9,"flood_hist_n":0,"flood_depth_max_m":null,"flood_risk_100y":null,"semi_basement_r":null,"elderly_alone_r":0.3444,"bldg_age30_r":null,"shelter_min_walk":79,"pop":2557,"hh":1591,"elderly65_r":0.5108,"single_hh_r":0.5827,"source_level":"emd","flood_years":[],"landslide_hist_n":0},"geometry":{"type":"Polygon","coordinates":[[[127.69849,35.96748],[127.69765,35.96369],[127.70183,35.96163],[127.70685,35.96337],[127.70769,35.96716],[127.70351,35.96922],[127.69849,35.96748]]]}},{"type":"Feature","properties":{"h3":"8830c55215fffff","emd_code":"5273033000","emd_name":"적상면","area_km2":0.5275,"edge":false,"slope_mean":34.57,"elev_mean":805.3,"flood_hist_n":0,"flood_depth_max_m":null,"flood_risk_100y":null,"semi_basement_r":null,"elderly_alone_r":0.3444,"bldg_age30_r":null,"shelter_min_walk":78,"pop":2557,"hh":1591,"elderly65_r":0.5108,"single_hh_r":0.5827,"source_level":"emd","flood_years":[],"landslide_hist_n":0},"geometry":{"type":"Polygon","coordinates":[[[127.68343,35.96227],[127.6826,35.95848],[127.68678,35.95642],[127.69179,35.95816],[127.69263,35.96195],[127.68845,35.96401],[127.68343,35.96227]]]}},{"type":"Feature","properties":{"h3":"8830c55217fffff","emd_code":"5273033000","emd_name":"적상면","area_km2":0.5276,"edge":false,"slope_mean":29.64,"elev_mean":658.2,"flood_hist_n":0,"flood_depth_max_m":null,"flood_risk_100y":null,"semi_basement_r":null,"elderly_alone_r":0.3444,"bldg_age30_r":null,"shelter_min_walk":83,"pop":2557,"hh":1591,"elderly65_r":0.5108,"single_hh_r":0.5827,"source_level":"emd","flood_years":[],"landslide_hist_n":0},"geometry":{"type":"Polygon","coordinates":[[[127.69263,35.96195],[127.69179,35.95816],[127.69597,35.9561],[127.70099,35.95784],[127.70183,35.96163],[127.69765,35.96369],[127.69263,35.96195]]]}},{"type":"Feature","properties":{"h3":"8830c55219fffff","emd_code":"5273033000","emd_name":"적상면","area_km2":0.5273,"edge":false,"slope_mean":22.5,"elev_mean":431.3,"flood_hist_n":0,"flood_depth_max_m":null,"flood_risk_100y":null,"semi_basement_r":null,"elderly_alone_r":0.3444,"bldg_age30_r":null,"shelter_min_walk":62,"pop":2557,"hh":1591,"elderly65_r":0.5108,"single_hh_r":0.5827,"source_level":"emd","flood_years":[],"landslide_hist_n":0},"geometry":{"type":"Polygon","coordinates":[[[127.68595,35.97365],[127.68511,35.96986],[127.68929,35.9678],[127.69431,35.96954],[127.69515,35.97333],[127.69097,35.97539],[127.68595,35.97365]]]}},{"type":"Feature","properties":{"h3":"8830c5521bfffff","emd_code":"5273033000","emd_name":"적상면","area_km2":0.5274,"edge":false,"slope_mean":26.19,"elev_mean":395.7,"flood_hist_n":0,"flood_depth_max_m":null,"flood_risk_100y":null,"semi_basement_r":null,"elderly_alone_r":0.3444,"bldg_age30_r":null,"shelter_min_walk":68,"pop":2557,"hh":1591,"elderly65_r":0.5108,"single_hh_r":0.5827,"source_level":"emd","flood_years":[],"landslide_hist_n":0},"geometry":{"type":"Polygon","coordinates":[[[127.69515,35.97333],[127.69431,35.96954],[127.69849,35.96748],[127.70351,35.96922],[127.70434,35.97301],[127.70016,35.97507],[127.69515,35.97333]]]}},{"type":"Feature","properties":{"h3":"8830c5521dfffff","emd_code":"5273033000","emd_name":"적상면","area_km2":0.5274,"edge":false,"slope_mean":30.5,"elev_mean":611.9,"flood_hist_n":0,"flood_depth_max_m":null,"flood_risk_100y":null,"semi_basement_r":null,"elderly_alone_r":0.3444,"bldg_age30_r":null,"shelter_min_walk":68,"pop":2557,"hh":1591,"elderly65_r":0.5108,"single_hh_r":0.5827,"source_level":"emd","flood_years":[],"landslide_hist_n":0},"geometry":{"type":"Polygon","coordinates":[[[127.68009,35.96812],[127.67925,35.96433],[127.68343,35.96227],[127.68845,35.96401],[127.68929,35.9678],[127.68511,35.96986],[127.68009,35.96812]]]}},{"type":"Feature","properties":{"h3":"8830c55221fffff","emd_code":"5273033000","emd_name":"적상면","area_km2":0.5277,"edge":false,"slope_mean":14.26,"elev_mean":284.0,"flood_hist_n":1,"flood_depth_max_m":0.5,"flood_risk_100y":null,"semi_basement_r":null,"elderly_alone_r":0.3444,"bldg_age30_r":null,"shelter_min_walk":102,"pop":2557,"hh":1591,"elderly65_r":0.5108,"single_hh_r":0.5827,"source_level":"emd","flood_years":[2020],"landslide_hist_n":0},"geometry":{"type":"Polygon","coordinates":[[[127.65667,35.94599],[127.65583,35.9422],[127.66001,35.94014],[127.66503,35.94188],[127.66587,35.94567],[127.66169,35.94773],[127.65667,35.94599]]]}},{"type":"Feature","properties":{"h3":"8830c55223fffff","emd_code":"5273033000","emd_name":"적상면","area_km2":0.5277,"edge":false,"slope_mean":19.24,"elev_mean":359.8,"flood_hist_n":0,"flood_depth_max_m":null,"flood_risk_100y":null,"semi_basement_r":null,"elderly_alone_r":0.3444,"bldg_age30_r":null,"shelter_min_walk":103,"pop":2557,"hh":1591,"elderly65_r":0.5108,"single_hh_r":0.5827,"source_level":"emd","flood_years":[],"landslide_hist_n":0},"geometry":{"type":"Polygon","coordinates":[[[127.66587,35.94567],[127.66503,35.94188],[127.66921,35.93982],[127.67423,35.94156],[127.67506,35.94536],[127.67088,35.94741],[127.66587,35.94567]]]}},{"type":"Feature","properties":{"h3":"8830c55225fffff","emd_code":"5273033000","emd_name":"적상면","area_km2":0.5277,"edge":false,"slope_mean":23.81,"elev_mean":339.1,"flood_hist_n":1,"flood_depth_max_m":0.5,"flood_risk_100y":null,"semi_basement_r":null,"elderly_alone_r":0.3444,"bldg_age30_r":null,"shelter_min_walk":112,"pop":2557,"hh":1591,"elderly65_r":0.5108,"single_hh_r":0.5827,"source_level":"emd","flood_years":[2020],"landslide_hist_n":0},"geometry":{"type":"Polygon","coordinates":[[[127.65082,35.94046],[127.64998,35.93666],[127.65416,35.93461],[127.65918,35.93634],[127.66001,35.94014],[127.65583,35.9422],[127.65082,35.94046]]]}},{"type":"Feature","properties":{"h3":"8830c55227fffff","emd_code":"5273033000","emd_name":"적상면","area_km2":0.5278,"edge":false,"slope_mean":14.8,"elev_mean":298.8,"flood_hist_n":1,"flood_depth_max_m":0.5,"flood_risk_100y":null,"semi_basement_r":null,"elderly_alone_r":0.3444,"bldg_age30_r":null,"shelter_min_walk":112,"pop":2557,"hh":1591,"elderly65_r":0.5108,"single_hh_r":0.5827,"source_level":"emd","flood_years":[2020],"landslide_hist_n":0},"geometry":{"type":"Polygon","coordinates":[[[127.66001,35.94014],[127.65918,35.93634],[127.66335,35.93429],[127.66837,35.93603],[127.66921,35.93982],[127.66503,35.94188],[127.66001,35.94014]]]}},{"type":"Feature","properties":{"h3":"8830c55229fffff","emd_code":"5273033000","emd_name":"적상면","area_km2":0.5275,"edge":false,"slope_mean":19.11,"elev_mean":291.4,"flood_hist_n":1,"flood_depth_max_m":1.0,"flood_risk_100y":null,"semi_basement_r":null,"elderly_alone_r":0.3444,"bldg_age30_r":null,"shelter_min_walk":93,"pop":2557,"hh":1591,"elderly65_r":0.5108,"single_hh_r":0.5827,"source_level":"emd","flood_years":[2020],"landslide_hist_n":0},"geometry":{"type":"Polygon","coordinates":[[[127.65333,35.95184],[127.65249,35.94805],[127.65667,35.94599],[127.66169,35.94773],[127.66253,35.95153],[127.65835,35.95358],[127.65333,35.95184]]]}},{"type":"Feature","properties":{"h3":"8830c5522bfffff","emd_code":"5273033000","emd_name":"적상면","area_km2":0.5276,"edge":false,"slope_mean":17.28,"elev_mean":316.6,"flood_hist_n":0,"flood_depth_max_m":null,"flood_risk_100y":null,"semi_basement_r":null,"elderly_alone_r":0.3444,"bldg_age30_r":null,"shelter_min_walk":93,"pop":2557,"hh":1591,"elderly65_r":0.5108,"single_hh_r":0.5827,"source_level":"emd","flood_years":[],"landslide_hist_n":1},"geometry":{"type":"Polygon","coordinates":[[[127.66253,35.95153],[127.66169,35.94773],[127.66587,35.94567],[127.67088,35.94741],[127.67172,35.95121],[127.66754,35.95326],[127.66253,35.95153]]]}},{"type":"Feature","properties":{"h3":"8830c5522dfffff","emd_code":"5273033000","emd_name":"적상면","area_km2":0.5276,"edge":false,"slope_mean":27.22,"elev_mean":349.1,"flood_hist_n":0,"flood_depth_max_m":null,"flood_risk_100y":null,"semi_basement_r":null,"elderly_alone_r":0.3444,"bldg_age30_r":null,"shelter_min_walk":103,"pop":2557,"hh":1591,"elderly65_r":0.5108,"single_hh_r":0.5827,"source_level":"emd","flood_years":[],"landslide_hist_n":0},"geometry":{"type":"Polygon","coordinates":[[[127.64748,35.94631],[127.64664,35.94251],[127.65082,35.94046],[127.65583,35.9422],[127.65667,35.94599],[127.65249,35.94805],[127.64748,35.94631]]]}},{"type":"Feature","properties":{"h3":"8830c55231fffff","emd_code":"5273033000","emd_name":"적상면","area_km2":0.5277,"edge":false,"slope_mean":32.13,"elev_mean":807.0,"flood_hist_n":0,"flood_depth_max_m":null,"flood_risk_100y":null,"semi_basement_r":null,"elderly_alone_r":0.3444,"bldg_age30_r":null,"shelter_min_walk":96,"pop":2557,"hh":1591,"elderly65_r":0.5108,"single_hh_r":0.5827,"source_level":"emd","flood_years":[],"landslide_hist_n":0},"geometry":{"type":"Polygon","coordinates":[[[127.68092,35.95089],[127.68008,35.94709],[127.68426,35.94504],[127.68928,35.94678],[127.69012,35.95057],[127.68594,35.95263],[127.68092,35.95089]]]}},{"type":"Feature","properties":{"h3":"8830c55233fffff","emd_code":"5273033000","emd_name":"적상면","area_km2":0.5277,"edge":false,"slope_mean":19.33,"elev_mean":892.3,"flood_hist_n":0,"flood_depth_max_m":null,"flood_risk_100y":null,"semi_basement_r":null,"elderly_alone_r":0.3444,"bldg_age30_r":null,"shelter_min_walk":100,"pop":2557,"hh":1591,"elderly65_r":0.5108,"single_hh_r":0.5827,"source_level":"emd","flood_years":[],"landslide_hist_n":0},"geometry":{"type":"Polygon","coordinates":[[[127.69012,35.95057],[127.68928,35.94678],[127.69346,35.94472],[127.69848,35.94646],[127.69931,35.95025],[127.69513,35.95231],[127.69012,35.95057]]]}},{"type":"Feature","properties":{"h3":"8830c55235fffff","emd_code":"5273033000","emd_name":"적상면","area_km2":0.5278,"edge":false,"slope_mean":30.44,"elev_mean":583.5,"flood_hist_n":0,"flood_depth_max_m":null,"flood_risk_100y":null,"semi_basement_r":null,"elderly_alone_r":0.3444,"bldg_age30_r":null,"shelter_min_walk":104,"pop":2557,"hh":1591,"elderly65_r":0.5108,"single_hh_r":0.5827,"source_level":"emd","flood_years":[],"landslide_hist_n":0},"geometry":{"type":"Polygon","coordinates":[[[127.67506,35.94536],[127.67423,35.94156],[127.67841,35.9395],[127.68342,35.94124],[127.68426,35.94504],[127.68008,35.94709],[127.67506,35.94536]]]}},{"type":"Feature","properties":{"h3":"8830c55237fffff","emd_code":"5273033000","emd_name":"적상면","area_km2":0.5278,"edge":false,"slope_mean":29.96,"elev_mean":898.9,"flood_hist_n":0,"flood_depth_max_m":null,"flood_risk_100y":null,"semi_basement_r":null,"elderly_alone_r":0.3444,"bldg_age30_r":null,"shelter_min_walk":107,"pop":2557,"hh":1591,"elderly65_r":0.5108,"single_hh_r":0.5827,"source_level":"emd","flood_years":[],"landslide_hist_n":0},"geometry":{"type":"Polygon","coordinates":[[[127.68426,35.94504],[127.68342,35.94124],[127.6876,35.93919],[127.69262,35.94092],[127.69346,35.94472],[127.68928,35.94678],[127.68426,35.94504]]]}},{"type":"Feature","properties":{"h3":"8830c55239fffff","emd_code":"5273033000","emd_name":"적상면","area_km2":0.5276,"edge":false,"slope_mean":31.91,"elev_mean":687.0,"flood_hist_n":0,"flood_depth_max_m":null,"flood_risk_100y":null,"semi_basement_r":null,"elderly_alone_r":0.3444,"bldg_age30_r":null,"shelter_min_walk":86,"pop":2557,"hh":1591,"elderly65_r":0.5108,"single_hh_r":0.5827,"source_level":"emd","flood_years":[],"landslide_hist_n":0},"geometry":{"type":"Polygon","coordinates":[[[127.67758,35.95674],[127.67674,35.95295],[127.68092,35.95089],[127.68594,35.95263],[127.68678,35.95642],[127.6826,35.95848],[127.67758,35.95674]]]}},{"type":"Feature","properties":{"h3":"8830c5523bfffff","emd_code":"5273033000","emd_name":"적상면","area_km2":0.5276,"edge":false,"slope_mean":22.35,"elev_mean":890.8,"flood_hist_n":0,"flood_depth_max_m":null,"flood_risk_100y":null,"semi_basement_r":null,"elderly_alone_r":0.3444,"bldg_age30_r":null,"shelter_min_walk":89,"pop":2557,"hh":1591,"elderly65_r":0.5108,"single_hh_r":0.5827,"source_level":"emd","flood_years":[],"landslide_hist_n":0},"geometry":{"type":"Polygon","coordinates":[[[127.68678,35.95642],[127.68594,35.95263],[127.69012,35.95057],[127.69513,35.95231],[127.69597,35.9561],[127.69179,35.95816],[127.68678,35.95642]]]}},{"type":"Feature","properties":{"h3":"8830c5523dfffff","emd_code":"5273033000","emd_name":"적상면","area_km2":0.5276,"edge":false,"slope_mean":22.52,"elev_mean":452.8,"flood_hist_n":0,"flood_depth_max_m":null,"flood_risk_100y":null,"semi_basement_r":null,"elderly_alone_r":0.3444,"bldg_age30_r":null,"shelter_min_walk":94,"pop":2557,"hh":1591,"elderly65_r":0.5108,"single_hh_r":0.5827,"source_level":"emd","flood_years":[],"landslide_hist_n":0},"geometry":{"type":"Polygon","coordinates":[[[127.67172,35.95121],[127.67088,35.94741],[127.67506,35.94536],[127.68008,35.94709],[127.68092,35.95089],[127.67674,35.95295],[127.67172,35.95121]]]}},{"type":"Feature","properties":{"h3":"8830c55241fffff","emd_code":"5273025000","emd_name":"무주읍","area_km2":0.5271,"edge":false,"slope_mean":14.83,"elev_mean":236.5,"flood_hist_n":1,"flood_depth_max_m":1.0,"flood_risk_100y":null,"semi_basement_r":null,"elderly_alone_r":0.209,"bldg_age30_r":null,"shelter_min_walk":56,"pop":9487,"hh":4828,"elderly65_r":0.289,"single_hh_r":0.4816,"source_level":"emd","flood_years":[2020],"landslide_hist_n":0},"geometry":{"type":"Polygon","coordinates":[[[127.64916,35.97492],[127.64832,35.97113],[127.6525,35.96907],[127.65752,35.97081],[127.65836,35.9746],[127.65418,35.97666],[127.64916,35.97492]]]}},{"type":"Feature","properties":{"h3":"8830c55243fffff","emd_code":"5273025000","emd_name":"무주읍","area_km2":0.5272,"edge":false,"slope_mean":27.84,"elev_mean":375.4,"flood_hist_n":1,"flood_depth_max_m":1.0,"flood_risk_100y":null,"semi_basement_r":null,"elderly_alone_r":0.209,"bldg_age30_r":null,"shelter_min_walk":55,"pop":9487,"hh":4828,"elderly65_r":0.289,"single_hh_r":0.4816,"source_level":"emd","flood_years":[2020],"landslide_hist_n":0},"geometry":{"type":"Polygon","coordinates":[[[127.65836,35.9746],[127.65752,35.97081],[127.6617,35.96876],[127.66672,35.97049],[127.66755,35.97429],[127.66337,35.97634],[127.65836,35.9746]]]}},{"type":"Feature","properties":{"h3":"8830c55245fffff","emd_code":"5273025000","emd_name":"무주읍","area_km2":0.5272,"edge":false,"slope_mean":23.21,"elev_mean":309.4,"flood_hist_n":0,"flood_depth_max_m":null,"flood_risk_100y":null,"semi_basement_r":null,"elderly_alone_r":0.209,"bldg_age30_r":null,"shelter_min_walk":65,"pop":9487,"hh":4828,"elderly65_r":0.289,"single_hh_r":0.4816,"source_level":"emd","flood_years":[],"landslide_hist_n":0},"geometry":{"type":"Polygon","coordinates":[[[127.64331,35.96939],[127.64247,35.96559],[127.64665,35.96354],[127.65166,35.96528],[127.6525,35.96907],[127.64832,35.97113],[127.64331,35.96939]]]}},{"type":"Feature","properties":{"h3":"8830c55247fffff","emd_code":"5273025000","emd_name":"무주읍","area_km2":0.5272,"edge":false,"slope_mean":19.31,"elev_mean":262.9,"flood_hist_n":0,"flood_depth_max_m":null,"flood_risk_100y":null,"semi_basement_r":null,"elderly_alone_r":0.209,"bldg_age30_r":null,"shelter_min_walk":65,"pop":9487,"hh":4828,"elderly65_r":0.289,"single_hh_r":0.4816,"source_level":"emd","flood_years":[],"landslide_hist_n":0},"geometry":{"type":"Polygon","coordinates":[[[127.6525,35.96907],[127.65166,35.96528],[127.65584,35.96322],[127.66086,35.96496],[127.6617,35.96876],[127.65752,35.97081],[127.6525,35.96907]]]}},{"type":"Feature","properties":{"h3":"8830c55249fffff","emd_code":"5273025000","emd_name":"무주읍","area_km2":0.527,"edge":false,"slope_mean":13.09,"elev_mean":230.5,"flood_hist_n":1,"flood_depth_max_m":1.0,"flood_risk_100y":null,"semi_basement_r":null,"elderly_alone_r":0.209,"bldg_age30_r":null,"shelter_min_walk":46,"pop":9487,"hh":4828,"elderly65_r":0.289,"single_hh_r":0.4816,"source_level":"emd","flood_years":[2020],"landslide_hist_n":0},"geometry":{"type":"Polygon","coordinates":[[[127.64582,35.98076],[127.64498,35.97697],[127.64916,35.97492],[127.65418,35.97666],[127.65502,35.98045],[127.65084,35.9825],[127.64582,35.98076]]]}},{"type":"Feature","properties":{"h3":"8830c5524bfffff","emd_code":"5273025000","emd_name":"무주읍","area_km2":0.5271,"edge":false,"slope_mean":28.55,"elev_mean":415.3,"flood_hist_n":0,"flood_depth_max_m":null,"flood_risk_100y":null,"semi_basement_r":null,"elderly_alone_r":0.209,"bldg_age30_r":null,"shelter_min_walk":46,"pop":9487,"hh":4828,"elderly65_r":0.289,"single_hh_r":0.4816,"source_level":"emd","flood_years":[],"landslide_hist_n":0},"geometry":{"type":"Polygon","coordinates":[[[127.65502,35.98045],[127.65418,35.97666],[127.65836,35.9746],[127.66337,35.97634],[127.66421,35.98013],[127.66003,35.98219],[127.65502,35.98045]]]}},{"type":"Feature","properties":{"h3":"8830c5524dfffff","emd_code":"5273025000","emd_name":"무주읍","area_km2":0.5271,"edge":false,"slope_mean":20.22,"elev_mean":288.6,"flood_hist_n":0,"flood_depth_max_m":null,"flood_risk_100y":null,"semi_basement_r":null,"elderly_alone_r":0.209,"bldg_age30_r":null,"shelter_min_walk":56,"pop":9487,"hh":4828,"elderly65_r":0.289,"single_hh_r":0.4816,"source_level":"emd","flood_years":[],"landslide_hist_n":0},"geometry":{"type":"Polygon","coordinates":[[[127.63997,35.97523],[127.63913,35.97144],[127.64331,35.96939],[127.64832,35.97113],[127.64916,35.97492],[127.64498,35.97697],[127.63997,35.97523]]]}},{"type":"Feature","properties":{"h3":"8830c55251fffff","emd_code":"5273025000","emd_name":"무주읍","area_km2":0.5272,"edge":false,"slope_mean":26.2,"elev_mean":498.4,"flood_hist_n":0,"flood_depth_max_m":null,"flood_risk_100y":null,"semi_basement_r":null,"elderly_alone_r":0.209,"bldg_age30_r":null,"shelter_min_walk":47,"pop":9487,"hh":4828,"elderly65_r":0.289,"single_hh_r":0.4816,"source_level":"emd","flood_years":[],"landslide_hist_n":0},"geometry":{"type":"Polygon","coordinates":[[[127.67341,35.97982],[127.67257,35.97602],[127.67675,35.97397],[127.68177,35.97571],[127.68261,35.9795],[127.67843,35.98155],[127.67341,35.97982]]]}},{"type":"Feature","properties":{"h3":"8830c55253fffff","emd_code":"5273033000","emd_name":"적상면","area_km2":0.5272,"edge":false,"slope_mean":22.27,"elev_mean":405.2,"flood_hist_n":0,"flood_depth_max_m":null,"flood_risk_100y":null,"semi_basement_r":null,"elderly_alone_r":0.3444,"bldg_age30_r":null,"shelter_min_walk":51,"pop":2557,"hh":1591,"elderly65_r":0.5108,"single_hh_r":0.5827,"source_level":"emd","flood_years":[],"landslide_hist_n":1},"geometry":{"type":"Polygon","coordinates":[[[127.68261,35.9795],[127.68177,35.97571],[127.68595,35.97365],[127.69097,35.97539],[127.6918,35.97918],[127.68762,35.98124],[127.68261,35.9795]]]}},{"type":"Feature","properties":{"h3":"8830c55255fffff","emd_code":"5273033000","emd_name":"적상면","area_km2":0.5272,"edge":false,"slope_mean":27.17,"elev_mean":574.0,"flood_hist_n":0,"flood_depth_max_m":null,"flood_risk_100y":null,"semi_basement_r":null,"elderly_alone_r":0.3444,"bldg_age30_r":null,"shelter_min_walk":56,"pop":2557,"hh":1591,"elderly65_r":0.5108,"single_hh_r":0.5827,"source_level":"emd","flood_years":[],"landslide_hist_n":0},"geometry":{"type":"Polygon","coordinates":[[[127.66755,35.97429],[127.66672,35.97049],[127.67089,35.96844],[127.67591,35.97018],[127.67675,35.97397],[127.67257,35.97602],[127.66755,35.97429]]]}},{"type":"Feature","properties":{"h3":"8830c55257fffff","emd_code":"5273025000","emd_name":"무주읍","area_km2":0.5273,"edge":false,"slope_mean":23.39,"elev_mean":556.2,"flood_hist_n":0,"flood_depth_max_m":null,"flood_risk_100y":null,"semi_basement_r":null,"elderly_alone_r":0.209,"bldg_age30_r":null,"shelter_min_walk":57,"pop":9487,"hh":4828,"elderly65_r":0.289,"single_hh_r":0.4816,"source_level":"emd","flood_years":[],"landslide_hist_n":0},"geometry":{"type":"Polygon","coordinates":[[[127.67675,35.97397],[127.67591,35.97018],[127.68009,35.96812],[127.68511,35.96986],[127.68595,35.97365],[127.68177,35.97571],[127.67675,35.97397]]]}},{"type":"Feature","properties":{"h3":"8830c55259fffff","emd_code":"5273025000","emd_name":"무주읍","area_km2":0.5271,"edge":false,"slope_mean":25.17,"elev_mean":419.1,"flood_hist_n":0,"flood_depth_max_m":null,"flood_risk_100y":null,"semi_basement_r":null,"elderly_alone_r":0.209,"bldg_age30_r":null,"shelter_min_walk":37,"pop":9487,"hh":4828,"elderly65_r":0.289,"single_hh_r":0.4816,"source_level":"emd","flood_years":[],"landslide_hist_n":0},"geometry":{"type":"Polygon","coordinates":[[[127.67007,35.98566],[127.66923,35.98187],[127.67341,35.97982],[127.67843,35.98155],[127.67926,35.98535],[127.67508,35.9874],[127.67007,35.98566]]]}},{"type":"Feature","properties":{"h3":"8830c5525bfffff","emd_code":"5273033000","emd_name":"적상면","area_km2":0.5271,"edge":false,"slope_mean":23.54,"elev_mean":417.0,"flood_hist_n":0,"flood_depth_max_m":null,"flood_risk_100y":null,"semi_basement_r":null,"elderly_alone_r":0.3444,"bldg_age30_r":null,"shelter_min_walk":40,"pop":2557,"hh":1591,"elderly65_r":0.5108,"single_hh_r":0.5827,"source_level":"emd","flood_years":[],"landslide_hist_n":0},"geometry":{"type":"Polygon","coordinates":[[[127.67926,35.98535],[127.67843,35.98155],[127.68261,35.9795],[127.68762,35.98124],[127.68846,35.98503],[127.68428,35.98708],[127.67926,35.98535]]]}},{"type":"Feature","properties":{"h3":"8830c5525dfffff","emd_code":"5273025000","emd_name":"무주읍","area_km2":0.5271,"edge":false,"slope_mean":25.06,"elev_mean":539.2,"flood_hist_n":0,"flood_depth_max_m":null,"flood_risk_100y":null,"semi_basement_r":null,"elderly_alone_r":0.209,"bldg_age30_r":null,"shelter_min_walk":46,"pop":9487,"hh":4828,"elderly65_r":0.289,"single_hh_r":0.4816,"source_level":"emd","flood_years":[],"landslide_hist_n":0},"geometry":{"type":"Polygon","coordinates":[[[127.66421,35.98013],[127.66337,35.97634],[127.66755,35.97429],[127.67257,35.97602],[127.67341,35.97982],[127.66923,35.98187],[127.66421,35.98013]]]}},{"type":"Feature","properties":{"h3":"8830c55261fffff","emd_code":"5273033000","emd_name":"적상면","area_km2":0.5274,"edge":false,"slope_mean":25.52,"elev_mean":435.4,"flood_hist_n":0,"flood_depth_max_m":null,"flood_risk_100y":null,"semi_basement_r":null,"elderly_alone_r":0.3444,"bldg_age30_r":null,"shelter_min_walk":84,"pop":2557,"hh":1591,"elderly65_r":0.5108,"single_hh_r":0.5827,"source_level":"emd","flood_years":[],"landslide_hist_n":0},"geometry":{"type":"Polygon","coordinates":[[[127.64079,35.95801],[127.63996,35.95421],[127.64414,35.95216],[127.64915,35.9539],[127.64999,35.95769],[127.64581,35.95975],[127.64079,35.95801]]]}},{"type":"Feature","properties":{"h3":"8830c55263fffff","emd_code":"5273033000","emd_name":"적상면","area_km2":0.5274,"edge":false,"slope_mean":25.77,"elev_mean":365.8,"flood_hist_n":0,"flood_depth_max_m":null,"flood_risk_100y":null,"semi_basement_r":null,"elderly_alone_r":0.3444,"bldg_age30_r":null,"shelter_min_walk":84,"pop":2557,"hh":1591,"elderly65_r":0.5108,"single_hh_r":0.5827,"source_level":"emd","flood_years":[],"landslide_hist_n":0},"geometry":{"type":"Polygon","coordinates":[[[127.64999,35.95769],[127.64915,35.9539],[127.65333,35.95184],[127.65835,35.95358],[127.65918,35.95737],[127.65501,35.95943],[127.64999,35.95769]]]}},{"type":"Feature","properties":{"h3":"8830c55265fffff","emd_code":"5273033000","emd_name":"적상면","area_km2":0.5274,"edge":false,"slope_mean":27.87,"elev_mean":434.2,"flood_hist_n":0,"flood_depth_max_m":null,"flood_risk_100y":null,"semi_basement_r":null,"elderly_alone_r":0.3444,"bldg_age30_r":null,"shelter_min_walk":95,"pop":2557,"hh":1591,"elderly65_r":0.5108,"single_hh_r":0.5827,"source_level":"emd","flood_years":[],"landslide_hist_n":0},"geometry":{"type":"Polygon","coordinates":[[[127.63494,35.95247],[127.6341,35.94868],[127.63828,35.94662],[127.6433,35.94836],[127.64414,35.95216],[127.63996,35.95421],[127.63494,35.95247]]]}},{"type":"Feature","properties":{"h3":"8830c55267fffff","emd_code":"5273033000","emd_name":"적상면","area_km2":0.5275,"edge":false,"slope_mean":26.75,"elev_mean":372.3,"flood_hist_n":0,"flood_depth_max_m":null,"flood_risk_100y":null,"semi_basement_r":null,"elderly_alone_r":0.3444,"bldg_age30_r":null,"shelter_min_walk":94,"pop":2557,"hh":1591,"elderly65_r":0.5108,"single_hh_r":0.5827,"source_level":"emd","flood_years":[],"landslide_hist_n":0},"geometry":{"type":"Polygon","coordinates":[[[127.64414,35.95216],[127.6433,35.94836],[127.64748,35.94631],[127.65249,35.94805],[127.65333,35.95184],[127.64915,35.9539],[127.64414,35.95216]]]}},{"type":"Feature","properties":{"h3":"8830c55269fffff","emd_code":"5273025000","emd_name":"무주읍","area_km2":0.5273,"edge":false,"slope_mean":25.07,"elev_mean":459.0,"flood_hist_n":0,"flood_depth_max_m":null,"flood_risk_100y":null,"semi_basement_r":null,"elderly_alone_r":0.209,"bldg_age30_r":null,"shelter_min_walk":75,"pop":9487,"hh":4828,"elderly65_r":0.289,"single_hh_r":0.4816,"source_level":"emd","flood_years":[],"landslide_hist_n":0},"geometry":{"type":"Polygon","coordinates":[[[127.63745,35.96385],[127.63662,35.96006],[127.64079,35.95801],[127.64581,35.95975],[127.64665,35.96354],[127.64247,35.96559],[127.63745,35.96385]]]}},{"type":"Feature","properties":{"h3":"8830c5526bfffff","emd_code":"5273025000","emd_name":"무주읍","area_km2":0.5273,"edge":false,"slope_mean":24.77,"elev_mean":347.0,"flood_hist_n":0,"flood_depth_max_m":null,"flood_risk_100y":null,"semi_basement_r":null,"elderly_alone_r":0.209,"bldg_age30_r":null,"shelter_min_walk":75,"pop":9487,"hh":4828,"elderly65_r":0.289,"single_hh_r":0.4816,"source_level":"emd","flood_years":[],"landslide_hist_n":0},"geometry":{"type":"Polygon","coordinates":[[[127.64665,35.96354],[127.64581,35.95975],[127.64999,35.95769],[127.65501,35.95943],[127.65584,35.96322],[127.65166,35.96528],[127.64665,35.96354]]]}},{"type":"Feature","properties":{"h3":"8830c5526dfffff","emd_code":"5273033000","emd_name":"적상면","area_km2":0.5273,"edge":false,"slope_mean":26.01,"elev_mean":454.5,"flood_hist_n":0,"flood_depth_max_m":null,"flood_risk_100y":null,"semi_basement_r":null,"elderly_alone_r":0.3444,"bldg_age30_r":null,"shelter_min_walk":86,"pop":2557,"hh":1591,"elderly65_r":0.5108,"single_hh_r":0.5827,"source_level":"emd","flood_years":[],"landslide_hist_n":0},"geometry":{"type":"Polygon","coordinates":[[[127.6316,35.95832],[127.63076,35.95453],[127.63494,35.95247],[127.63996,35.95421],[127.64079,35.95801],[127.63662,35.96006],[127.6316,35.95832]]]}},{"type":"Feature","properties":{"h3":"8830c55281fffff","emd_code":"5273033000","emd_name":"적상면","area_km2":0.5278,"edge":false,"slope_mean":30.11,"elev_mean":634.2,"flood_hist_n":0,"flood_depth_max_m":null,"flood_risk_100y":null,"semi_basement_r":null,"elderly_alone_r":0.3444,"bldg_age30_r":null,"shelter_min_walk":111,"pop":2557,"hh":1591,"elderly65_r":0.5108,"single_hh_r":0.5827,"source_level":"emd","flood_years":[],"landslide_hist_n":0},"geometry":{"type":"Polygon","coordinates":[[[127.72943,35.96067],[127.72859,35.95688],[127.73277,35.95482],[127.73779,35.95655],[127.73863,35.96035],[127.73445,35.96241],[127.72943,35.96067]]]}},{"type":"Feature","properties":{"h3":"8830c55283fffff","emd_code":"5273032000","emd_name":"설천면","area_km2":0.5278,"edge":false,"slope_mean":30.94,"elev_mean":851.8,"flood_hist_n":0,"flood_depth_max_m":null,"flood_risk_100y":null,"semi_basement_r":null,"elderly_alone_r":0.2626,"bldg_age30_r":null,"shelter_min_walk":103,"pop":3889,"hh":2323,"elderly65_r":0.4009,"single_hh_r":0.5751,"source_level":"emd","flood_years":[],"landslide_hist_n":0},"geometry":{"type":"Polygon","coordinates":[[[127.73863,35.96035],[127.73779,35.95655],[127.74197,35.9545],[127.74699,35.95623],[127.74783,35.96003],[127.74365,35.96208],[127.73863,35.96035]]]}},{"type":"Feature","properties":{"h3":"8830c55285fffff","emd_code":"5273033000","emd_name":"적상면","area_km2":0.5278,"edge":false,"slope_mean":26.42,"elev_mean":513.6,"flood_hist_n":0,"flood_depth_max_m":null,"flood_risk_100y":null,"semi_basement_r":null,"elderly_alone_r":0.3444,"bldg_age30_r":null,"shelter_min_walk":115,"pop":2557,"hh":1591,"elderly65_r":0.5108,"single_hh_r":0.5827,"source_level":"emd","flood_years":[],"landslide_hist_n":0},"geometry":{"type":"Polygon","coordinates":[[[127.72357,35.95514],[127.72273,35.95135],[127.72691,35.94929],[127.73193,35.95102],[127.73277,35.95482],[127.72859,35.95688],[127.72357,35.95514]]]}},{"type":"Feature","properties":{"h3":"8830c55287fffff","emd_code":"5273033000","emd_name":"적상면","area_km2":0.5279,"edge":false,"slope_mean":30.6,"elev_mean":774.9,"flood_hist_n":0,"flood_depth_max_m":null,"flood_risk_100y":null,"semi_basement_r":null,"elderly_alone_r":0.3444,"bldg_age30_r":null,"shelter_min_walk":115,"pop":2557,"hh":1591,"elderly65_r":0.5108,"single_hh_r":0.5827,"source_level":"emd","flood_years":[],"landslide_hist_n":0},"geometry":{"type":"Polygon","coordinates":[[[127.73277,35.95482],[127.73193,35.95102],[127.73611,35.94897],[127.74113,35.9507],[127.74197,35.9545],[127.73779,35.95655],[127.73277,35.95482]]]}},{"type":"Feature","properties":{"h3":"8830c55289fffff","emd_code":"5273033000","emd_name":"적상면","area_km2":0.5276,"edge":false,"slope_mean":28.27,"elev_mean":558.0,"flood_hist_n":0,"flood_depth_max_m":null,"flood_risk_100y":null,"semi_basement_r":null,"elderly_alone_r":0.3444,"bldg_age30_r":null,"shelter_min_walk":104,"pop":2557,"hh":1591,"elderly65_r":0.5108,"single_hh_r":0.5827,"source_level":"emd","flood_years":[],"landslide_hist_n":0},"geometry":{"type":"Polygon","coordinates":[[[127.72608,35.96652],[127.72525,35.96273],[127.72943,35.96067],[127.73445,35.96241],[127.73528,35.9662],[127.7311,35.96826],[127.72608,35.96652]]]}},{"type":"Feature","properties":{"h3":"8830c5528bfffff","emd_code":"5273033000","emd_name":"적상면","area_km2":0.5277,"edge":false,"slope_mean":30.82,"elev_mean":787.3,"flood_hist_n":0,"flood_depth_max_m":null,"flood_risk_100y":null,"semi_basement_r":null,"elderly_alone_r":0.3444,"bldg_age30_r":null,"shelter_min_walk":99,"pop":2557,"hh":1591,"elderly65_r":0.5108,"single_hh_r":0.5827,"source_level":"emd","flood_years":[],"landslide_hist_n":0},"geometry":{"type":"Polygon","coordinates":[[[127.73528,35.9662],[127.73445,35.96241],[127.73863,35.96035],[127.74365,35.96208],[127.74449,35.96588],[127.7403,35.96794],[127.73528,35.9662]]]}},{"type":"Feature","properties":{"h3":"8830c5528dfffff","emd_code":"5273033000","emd_name":"적상면","area_km2":0.5277,"edge":false,"slope_mean":26.34,"elev_mean":446.0,"flood_hist_n":0,"flood_depth_max_m":null,"flood_risk_100y":null,"semi_basement_r":null,"elderly_alone_r":0.3444,"bldg_age30_r":null,"shelter_min_walk":105,"pop":2557,"hh":1591,"elderly65_r":0.5108,"single_hh_r":0.5827,"source_level":"emd","flood_years":[],"landslide_hist_n":1},"geometry":{"type":"Polygon","coordinates":[[[127.72023,35.96099],[127.71939,35.9572],[127.72357,35.95514],[127.72859,35.95688],[127.72943,35.96067],[127.72525,35.96273],[127.72023,35.96099]]]}},{"type":"Feature","properties":{"h3":"8830c55291fffff","emd_code":"5273032000","emd_name":"설천면","area_km2":0.5278,"edge":false,"slope_mean":28.52,"elev_mean":667.2,"flood_hist_n":0,"flood_depth_max_m":null,"flood_risk_100y":null,"semi_basement_r":null,"elderly_alone_r":0.2626,"bldg_age30_r":null,"shelter_min_walk":85,"pop":3889,"hh":2323,"elderly65_r":0.4009,"single_hh_r":0.5751,"source_level":"emd","flood_years":[],"landslide_hist_n":0},"geometry":{"type":"Polygon","coordinates":[[[127.75369,35.96556],[127.75285,35.96176],[127.75703,35.9597],[127.76205,35.96144],[127.76289,35.96523],[127.75871,35.96729],[127.75369,35.96556]]]}},{"type":"Feature","properties":{"h3":"8830c55293fffff","emd_code":"5273032000","emd_name":"설천면","area_km2":0.5278,"edge":false,"slope_mean":21.76,"elev_mean":452.1,"flood_hist_n":0,"flood_depth_max_m":null,"flood_risk_100y":null,"semi_basement_r":null,"elderly_alone_r":0.2626,"bldg_age30_r":null,"shelter_min_walk":80,"pop":3889,"hh":2323,"elderly65_r":0.4009,"single_hh_r":0.5751,"source_level":"emd","flood_years":[],"landslide_hist_n":0},"geometry":{"type":"Polygon","coordinates":[[[127.76289,35.96523],[127.76205,35.96144],[127.76623,35.95938],[127.77125,35.96111],[127.77209,35.96491],[127.76791,35.96697],[127.76289,35.96523]]]}},{"type":"Feature","properties":{"h3":"8830c55295fffff","emd_code":"5273032000","emd_name":"설천면","area_km2":0.5279,"edge":false,"slope_mean":30.27,"elev_mean":667.0,"flood_hist_n":0,"flood_depth_max_m":null,"flood_risk_100y":null,"semi_basement_r":null,"elderly_alone_r":0.2626,"bldg_age30_r":null,"shelter_min_walk":97,"pop":3889,"hh":2323,"elderly65_r":0.4009,"single_hh_r":0.5751,"source_level":"emd","flood_years":[],"landslide_hist_n":0},"geometry":{"type":"Polygon","coordinates":[[[127.74783,35.96003],[127.74699,35.95623],[127.75117,35.95417],[127.75619,35.95591],[127.75703,35.9597],[127.75285,35.96176],[127.74783,35.96003]]]}},{"type":"Feature","properties":{"h3":"8830c55297fffff","emd_code":"5273032000","emd_name":"설천면","area_km2":0.5279,"edge":false,"slope_mean":24.51,"elev_mean":508.7,"flood_hist_n":0,"flood_depth_max_m":null,"flood_risk_100y":null,"semi_basement_r":null,"elderly_alone_r":0.2626,"bldg_age30_r":null,"shelter_min_walk":92,"pop":3889,"hh":2323,"elderly65_r":0.4009,"single_hh_r":0.5751,"source_level":"emd","flood_years":[],"landslide_hist_n":0},"geometry":{"type":"Polygon","coordinates":[[[127.75703,35.9597],[127.75619,35.95591],[127.76037,35.95385],[127.76539,35.95558],[127.76623,35.95938],[127.76205,35.96144],[127.75703,35.9597]]]}},{"type":"Feature","properties":{"h3":"8830c55299fffff","emd_code":"5273032000","emd_name":"설천면","area_km2":0.5277,"edge":false,"slope_mean":28.57,"elev_mean":811.2,"flood_hist_n":0,"flood_depth_max_m":null,"flood_risk_100y":null,"semi_basement_r":null,"elderly_alone_r":0.2626,"bldg_age30_r":null,"shelter_min_walk":79,"pop":3889,"hh":2323,"elderly65_r":0.4009,"single_hh_r":0.5751,"source_level":"emd","flood_years":[],"landslide_hist_n":0},"geometry":{"type":"Polygon","coordinates":[[[127.75034,35.97141],[127.7495,35.96761],[127.75369,35.96556],[127.75871,35.96729],[127.75955,35.97108],[127.75536,35.97314],[127.75034,35.97141]]]}},{"type":"Feature","properties":{"h3":"8830c5529bfffff","emd_code":"5273032000","emd_name":"설천면","area_km2":0.5277,"edge":false,"slope_mean":25.38,"elev_mean":581.8,"flood_hist_n":0,"flood_depth_max_m":null,"flood_risk_100y":null,"semi_basement_r":null,"elderly_alone_r":0.2626,"bldg_age30_r":null,"shelter_min_walk":73,"pop":3889,"hh":2323,"elderly65_r":0.4009,"single_hh_r":0.5751,"source_level":"emd","flood_years":[],"landslide_hist_n":0},"geometry":{"type":"Polygon","coordinates":[[[127.75955,35.97108],[127.75871,35.96729],[127.76289,35.96523],[127.76791,35.96697],[127.76875,35.97076],[127.76457,35.97282],[127.75955,35.97108]]]}},{"type":"Feature","properties":{"h3":"8830c5529dfffff","emd_code":"5273032000","emd_name":"설천면","area_km2":0.5277,"edge":false,"slope_mean":30.28,"elev_mean":883.4,"flood_hist_n":0,"flood_depth_max_m":null,"flood_risk_100y":null,"semi_basement_r":null,"elderly_alone_r":0.2626,"bldg_age30_r":null,"shelter_min_walk":91,"pop":3889,"hh":2323,"elderly65_r":0.4009,"single_hh_r":0.5751,"source_level":"emd","flood_years":[],"landslide_hist_n":0},"geometry":{"type":"Polygon","coordinates":[[[127.74449,35.96588],[127.74365,35.96208],[127.74783,35.96003],[127.75285,35.96176],[127.75369,35.96556],[127.7495,35.96761],[127.74449,35.96588]]]}},{"type":"Feature","properties":{"h3":"8830c552a1fffff","emd_code":"5273033000","emd_name":"적상면","area_km2":0.528,"edge":false,"slope_mean":25.42,"elev_mean":486.9,"flood_hist_n":0,"flood_depth_max_m":null,"flood_risk_100y":null,"semi_basement_r":null,"elderly_alone_r":0.3444,"bldg_age30_r":null,"shelter_min_walk":128,"pop":2557,"hh":1591,"elderly65_r":0.5108,"single_hh_r":0.5827,"source_level":"emd","flood_years":[],"landslide_hist_n":0},"geometry":{"type":"Polygon","coordinates":[[[127.72105,35.94376],[127.72021,35.93996],[127.72439,35.9379],[127.72941,35.93964],[127.73025,35.94343],[127.72607,35.94549],[127.72105,35.94376]]]}},{"type":"Feature","properties":{"h3":"8830c552a3fffff","emd_code":"5273033000","emd_name":"적상면","area_km2":0.528,"edge":false,"slope_mean":29.18,"elev_mean":702.3,"flood_hist_n":0,"flood_depth_max_m":null,"flood_risk_100y":null,"semi_basement_r":null,"elderly_alone_r":0.3444,"bldg_age30_r":null,"shelter_min_walk":133,"pop":2557,"hh":1591,"elderly65_r":0.5108,"single_hh_r":0.5827,"source_level":"emd","flood_years":[],"landslide_hist_n":0},"geometry":{"type":"Polygon","coordinates":[[[127.73025,35.94343],[127.72941,35.93964],[127.73359,35.93758],[127.73861,35.93932],[127.73945,35.94311],[127.73527,35.94517],[127.73025,35.94343]]]}},{"type":"Feature","properties":{"h3":"8830c552a5fffff","emd_code":"5273033000","emd_name":"적상면","area_km2":0.5281,"edge":false,"slope_mean":16.71,"elev_mean":379.4,"flood_hist_n":1,"flood_depth_max_m":1.0,"flood_risk_100y":null,"semi_basement_r":null,"elderly_alone_r":0.3444,"bldg_age30_r":null,"shelter_min_walk":132,"pop":2557,"hh":1591,"elderly65_r":0.5108,"single_hh_r":0.5827,"source_level":"emd","flood_years":[2020],"landslide_hist_n":1},"geometry":{"type":"Polygon","coordinates":[[[127.7152,35.93822],[127.71436,35.93443],[127.71854,35.93237],[127.72356,35.93411],[127.72439,35.9379],[127.72021,35.93996],[127.7152,35.93822]]]}},{"type":"Feature","properties":{"h3":"8830c552a7fffff","emd_code":"5273033000","emd_name":"적상면","area_km2":0.5281,"edge":false,"slope_mean":31.53,"elev_mean":643.1,"flood_hist_n":0,"flood_depth_max_m":null,"flood_risk_100y":null,"semi_basement_r":null,"elderly_alone_r":0.3444,"bldg_age30_r":null,"shelter_min_walk":139,"pop":2557,"hh":1591,"elderly65_r":0.5108,"single_hh_r":0.5827,"source_level":"emd","flood_years":[],"landslide_hist_n":0},"geometry":{"type":"Polygon","coordinates":[[[127.72439,35.9379],[127.72356,35.93411],[127.72774,35.93205],[127.73276,35.93378],[127.73359,35.93758],[127.72941,35.93964],[127.72439,35.9379]]]}},{"type":"Feature","properties":{"h3":"8830c552a9fffff","emd_code":"5273033000","emd_name":"적상면","area_km2":0.5279,"edge":false,"slope_mean":19.9,"elev_mean":402.7,"flood_hist_n":0,"flood_depth_max_m":null,"flood_risk_100y":null,"semi_basement_r":null,"elderly_alone_r":0.3444,"bldg_age30_r":null,"shelter_min_walk":118,"pop":2557,"hh":1591,"elderly65_r":0.5108,"single_hh_r":0.5827,"source_level":"emd","flood_years":[],"landslide_hist_n":0},"geometry":{"type":"Polygon","coordinates":[[[127.71771,35.94961],[127.71687,35.94581],[127.72105,35.94376],[127.72607,35.94549],[127.72691,35.94929],[127.72273,35.95135],[127.71771,35.94961]]]}},{"type":"Feature","properties":{"h3":"8830c552abfffff","emd_code":"5273033000","emd_name":"적상면","area_km2":0.5279,"edge":false,"slope_mean":29.7,"elev_mean":651.3,"flood_hist_n":0,"flood_depth_max_m":null,"flood_risk_100y":null,"semi_basement_r":null,"elderly_alone_r":0.3444,"bldg_age30_r":null,"shelter_min_walk":126,"pop":2557,"hh":1591,"elderly65_r":0.5108,"single_hh_r":0.5827,"source_level":"emd","flood_years":[],"landslide_hist_n":0},"geometry":{"type":"Polygon","coordinates":[[[127.72691,35.94929],[127.72607,35.94549],[127.73025,35.94343],[127.73527,35.94517],[127.73611,35.94897],[127.73193,35.95102],[127.72691,35.94929]]]}},{"type":"Feature","properties":{"h3":"8830c552adfffff","emd_code":"5273033000","emd_name":"적상면","area_km2":0.528,"edge":false,"slope_mean":11.7,"elev_mean":323.9,"flood_hist_n":1,"flood_depth_max_m":1.0,"flood_risk_100y":null,"semi_basement_r":null,"elderly_alone_r":0.3444,"bldg_age30_r":null,"shelter_min_walk":121,"pop":2557,"hh":1591,"elderly65_r":0.5108,"single_hh_r":0.5827,"source_level":"emd","flood_years":[2020],"landslide_hist_n":0},"geometry":{"type":"Polygon","coordinates":[[[127.71185,35.94408],[127.71102,35.94028],[127.7152,35.93822],[127.72021,35.93996],[127.72105,35.94376],[127.71687,35.94581],[127.71185,35.94408]]]}},{"type":"Feature","properties":{"h3":"8830c552b1fffff","emd_code":"5273032000","emd_name":"설천면","area_km2":0.528,"edge":false,"slope_mean":22.72,"elev_mean":575.4,"flood_hist_n":0,"flood_depth_max_m":null,"flood_risk_100y":null,"semi_basement_r":null,"elderly_alone_r":0.2626,"bldg_age30_r":null,"shelter_min_walk":115,"pop":3889,"hh":2323,"elderly65_r":0.4009,"single_hh_r":0.5751,"source_level":"emd","flood_years":[],"landslide_hist_n":0},"geometry":{"type":"Polygon","coordinates":[[[127.74531,35.94864],[127.74447,35.94485],[127.74865,35.94279],[127.75367,35.94452],[127.75451,35.94832],[127.75033,35.95038],[127.74531,35.94864]]]}},{"type":"Feature","properties":{"h3":"8830c552b3fffff","emd_code":"5273032000","emd_name":"설천면","area_km2":0.5281,"edge":false,"slope_mean":27.0,"elev_mean":615.8,"flood_hist_n":0,"flood_depth_max_m":null,"flood_risk_100y":null,"semi_basement_r":null,"elderly_alone_r":0.2626,"bldg_age30_r":null,"shelter_min_walk":110,"pop":3889,"hh":2323,"elderly65_r":0.4009,"single_hh_r":0.5751,"source_level":"emd","flood_years":[],"landslide_hist_n":0},"geometry":{"type":"Polygon","coordinates":[[[127.75451,35.94832],[127.75367,35.94452],[127.75785,35.94246],[127.76287,35.9442],[127.76371,35.94799],[127.75953,35.95005],[127.75451,35.94832]]]}},{"type":"Feature","properties":{"h3":"8830c552b5fffff","emd_code":"5273032000","emd_name":"설천면","area_km2":0.5281,"edge":false,"slope_mean":31.09,"elev_mean":829.5,"flood_hist_n":0,"flood_depth_max_m":null,"flood_risk_100y":null,"semi_basement_r":null,"elderly_alone_r":0.2626,"bldg_age30_r":null,"shelter_min_walk":127,"pop":3889,"hh":2323,"elderly65_r":0.4009,"single_hh_r":0.5751,"source_level":"emd","flood_years":[],"landslide_hist_n":0},"geometry":{"type":"Polygon","coordinates":[[[127.73945,35.94311],[127.73861,35.93932],[127.74279,35.93726],[127.74781,35.93899],[127.74865,35.94279],[127.74447,35.94485],[127.73945,35.94311]]]}},{"type":"Feature","properties":{"h3":"8830c552b7fffff","emd_code":"5273032000","emd_name":"설천면","area_km2":0.5281,"edge":false,"slope_mean":24.88,"elev_mean":552.2,"flood_hist_n":0,"flood_depth_max_m":null,"flood_risk_100y":null,"semi_basement_r":null,"elderly_alone_r":0.2626,"bldg_age30_r":null,"shelter_min_walk":122,"pop":3889,"hh":2323,"elderly65_r":0.4009,"single_hh_r":0.5751,"source_level":"emd","flood_years":[],"landslide_hist_n":0},"geometry":{"type":"Polygon","coordinates":[[[127.74865,35.94279],[127.74781,35.93899],[127.75199,35.93693],[127.75701,35.93867],[127.75785,35.94246],[127.75367,35.94452],[127.74865,35.94279]]]}},{"type":"Feature","properties":{"h3":"8830c552b9fffff","emd_code":"5273032000","emd_name":"설천면","area_km2":0.5279,"edge":false,"slope_mean":27.8,"elev_mean":672.3,"flood_hist_n":0,"flood_depth_max_m":null,"flood_risk_100y":null,"semi_basement_r":null,"elderly_alone_r":0.2626,"bldg_age30_r":null,"shelter_min_walk":109,"pop":3889,"hh":2323,"elderly65_r":0.4009,"single_hh_r":0.5751,"source_level":"emd","flood_years":[],"landslide_hist_n":0},"geometry":{"type":"Polygon","coordinates":[[[127.74197,35.9545],[127.74113,35.9507],[127.74531,35.94864],[127.75033,35.95038],[127.75117,35.95417],[127.74699,35.95623],[127.74197,35.9545]]]}},{"type":"Feature","properties":{"h3":"8830c552bbfffff","emd_code":"5273032000","emd_name":"설천면","area_km2":0.528,"edge":false,"slope_mean":22.62,"elev_mean":510.8,"flood_hist_n":0,"flood_depth_max_m":null,"flood_risk_100y":null,"semi_basement_r":null,"elderly_alone_r":0.2626,"bldg_age30_r":null,"shelter_min_walk":103,"pop":3889,"hh":2323,"elderly65_r":0.4009,"single_hh_r":0.5751,"source_level":"emd","flood_years":[],"landslide_hist_n":0},"geometry":{"type":"Polygon","coordinates":[[[127.75117,35.95417],[127.75033,35.95038],[127.75451,35.94832],[127.75953,35.95005],[127.76037,35.95385],[127.75619,35.95591],[127.75117,35.95417]]]}},{"type":"Feature","properties":{"h3":"8830c552bdfffff","emd_code":"5273032000","emd_name":"설천면","area_km2":0.528,"edge":false,"slope_mean":30.4,"elev_mean":819.3,"flood_hist_n":0,"flood_depth_max_m":null,"flood_risk_100y":null,"semi_basement_r":null,"elderly_alone_r":0.2626,"bldg_age30_r":null,"shelter_min_walk":121,"pop":3889,"hh":2323,"elderly65_r":0.4009,"single_hh_r":0.5751,"source_level":"emd","flood_years":[],"landslide_hist_n":0},"geometry":{"type":"Polygon","coordinates":[[[127.73611,35.94897],[127.73527,35.94517],[127.73945,35.94311],[127.74447,35.94485],[127.74531,35.94864],[127.74113,35.9507],[127.73611,35.94897]]]}},{"type":"Feature","properties":{"h3":"8830c552c1fffff","emd_code":"5273033000","emd_name":"적상면","area_km2":0.5275,"edge":false,"slope_mean":27.35,"elev_mean":427.2,"flood_hist_n":0,"flood_depth_max_m":null,"flood_risk_100y":null,"semi_basement_r":null,"elderly_alone_r":0.3444,"bldg_age30_r":null,"shelter_min_walk":85,"pop":2557,"hh":1591,"elderly65_r":0.5108,"single_hh_r":0.5827,"source_level":"emd","flood_years":[],"landslide_hist_n":1},"geometry":{"type":"Polygon","coordinates":[[[127.71354,35.97269],[127.7127,35.9689],[127.71689,35.96684],[127.7219,35.96858],[127.72274,35.97237],[127.71856,35.97443],[127.71354,35.97269]]]}},{"type":"Feature","properties":{"h3":"8830c552c3fffff","emd_code":"5273033000","emd_name":"적상면","area_km2":0.5275,"edge":false,"slope_mean":25.82,"elev_mean":457.0,"flood_hist_n":0,"flood_depth_max_m":null,"flood_risk_100y":null,"semi_basement_r":null,"elderly_alone_r":0.3444,"bldg_age30_r":null,"shelter_min_walk":95,"pop":2557,"hh":1591,"elderly65_r":0.5108,"single_hh_r":0.5827,"source_level":"emd","flood_years":[],"landslide_hist_n":0},"geometry":{"type":"Polygon","coordinates":[[[127.72274,35.97237],[127.7219,35.96858],[127.72608,35.96652],[127.7311,35.96826],[127.73194,35.97205],[127.72776,35.97411],[127.72274,35.97237]]]}},{"type":"Feature","properties":{"h3":"8830c552c5fffff","emd_code":"5273033000","emd_name":"적상면","area_km2":0.5275,"edge":false,"slope_mean":15.74,"elev_mean":306.1,"flood_hist_n":0,"flood_depth_max_m":null,"flood_risk_100y":null,"semi_basement_r":null,"elderly_alone_r":0.3444,"bldg_age30_r":null,"shelter_min_walk":86,"pop":2557,"hh":1591,"elderly65_r":0.5108,"single_hh_r":0.5827,"source_level":"emd","flood_years":[],"landslide_hist_n":1},"geometry":{"type":"Polygon","coordinates":[[[127.70769,35.96716],[127.70685,35.96337],[127.71103,35.96131],[127.71605,35.96305],[127.71689,35.96684],[127.7127,35.9689],[127.70769,35.96716]]]}},{"type":"Feature","properties":{"h3":"8830c552c7fffff","emd_code":"5273033000","emd_name":"적상면","area_km2":0.5276,"edge":false,"slope_mean":26.84,"elev_mean":435.9,"flood_hist_n":0,"flood_depth_max_m":null,"flood_risk_100y":null,"semi_basement_r":null,"elderly_alone_r":0.3444,"bldg_age30_r":null,"shelter_min_walk":95,"pop":2557,"hh":1591,"elderly65_r":0.5108,"single_hh_r":0.5827,"source_level":"emd","flood_years":[],"landslide_hist_n":0},"geometry":{"type":"Polygon","coordinates":[[[127.71689,35.96684],[127.71605,35.96305],[127.72023,35.96099],[127.72525,35.96273],[127.72608,35.96652],[127.7219,35.96858],[127.71689,35.96684]]]}},{"type":"Feature","properties":{"h3":"8830c552c9fffff","emd_code":"5273033000","emd_name":"적상면","area_km2":0.5274,"edge":false,"slope_mean":29.66,"elev_mean":421.9,"flood_hist_n":0,"flood_depth_max_m":null,"flood_risk_100y":null,"semi_basement_r":null,"elderly_alone_r":0.3444,"bldg_age30_r":null,"shelter_min_walk":75,"pop":2557,"hh":1591,"elderly65_r":0.5108,"single_hh_r":0.5827,"source_level":"emd","flood_years":[],"landslide_hist_n":1},"geometry":{"type":"Polygon","coordinates":[[[127.7102,35.97854],[127.70936,35.97475],[127.71354,35.97269],[127.71856,35.97443],[127.7194,35.97822],[127.71522,35.98028],[127.7102,35.97854]]]}},{"type":"Feature","properties":{"h3":"8830c552cbfffff","emd_code":"5273033000","emd_name":"적상면","area_km2":0.5274,"edge":false,"slope_mean":29.65,"elev_mean":584.0,"flood_hist_n":0,"flood_depth_max_m":null,"flood_risk_100y":null,"semi_basement_r":null,"elderly_alone_r":0.3444,"bldg_age30_r":null,"shelter_min_walk":85,"pop":2557,"hh":1591,"elderly65_r":0.5108,"single_hh_r":0.5827,"source_level":"emd","flood_years":[],"landslide_hist_n":0},"geometry":{"type":"Polygon","coordinates":[[[127.7194,35.97822],[127.71856,35.97443],[127.72274,35.97237],[127.72776,35.97411],[127.7286,35.9779],[127.72442,35.97996],[127.7194,35.97822]]]}},{"type":"Feature","properties":{"h3":"8830c552cdfffff","emd_code":"5273033000","emd_name":"적상면","area_km2":0.5274,"edge":false,"slope_mean":19.89,"elev_mean":304.2,"flood_hist_n":0,"flood_depth_max_m":null,"flood_risk_100y":null,"semi_basement_r":null,"elderly_alone_r":0.3444,"bldg_age30_r":null,"shelter_min_walk":76,"pop":2557,"hh":1591,"elderly65_r":0.5108,"single_hh_r":0.5827,"source_level":"emd","flood_years":[],"landslide_hist_n":0},"geometry":{"type":"Polygon","coordinates":[[[127.70434,35.97301],[127.70351,35.96922],[127.70769,35.96716],[127.7127,35.9689],[127.71354,35.97269],[127.70936,35.97475],[127.70434,35.97301]]]}},{"type":"Feature","properties":{"h3":"8830c552d1fffff","emd_code":"5273033000","emd_name":"적상면","area_km2":0.5275,"edge":false,"slope_mean":27.09,"elev_mean":785.9,"flood_hist_n":0,"flood_depth_max_m":null,"flood_risk_100y":null,"semi_basement_r":null,"elderly_alone_r":0.3444,"bldg_age30_r":null,"shelter_min_walk":83,"pop":2557,"hh":1591,"elderly65_r":0.5108,"single_hh_r":0.5827,"source_level":"emd","flood_years":[],"landslide_hist_n":0},"geometry":{"type":"Polygon","coordinates":[[[127.7378,35.97758],[127.73696,35.97379],[127.74114,35.97173],[127.74616,35.97347],[127.747,35.97726],[127.74282,35.97932],[127.7378,35.97758]]]}},{"type":"Feature","properties":{"h3":"8830c552d3fffff","emd_code":"5273032000","emd_name":"설천면","area_km2":0.5276,"edge":false,"slope_mean":27.39,"elev_mean":971.5,"flood_hist_n":0,"flood_depth_max_m":null,"flood_risk_100y":null,"semi_basement_r":null,"elderly_alone_r":0.2626,"bldg_age30_r":null,"shelter_min_walk":75,"pop":3889,"hh":2323,"elderly65_r":0.4009,"single_hh_r":0.5751,"source_level":"emd","flood_years":[],"landslide_hist_n":0},"geometry":{"type":"Polygon","coordinates":[[[127.747,35.97726],[127.74616,35.97347],[127.75034,35.97141],[127.75536,35.97314],[127.7562,35.97694],[127.75202,35.97899],[127.747,35.97726]]]}},{"type":"Feature","properties":{"h3":"8830c552d5fffff","emd_code":"5273033000","emd_name":"적상면","area_km2":0.5276,"edge":false,"slope_mean":27.74,"elev_mean":632.9,"flood_hist_n":0,"flood_depth_max_m":null,"flood_risk_100y":null,"semi_basement_r":null,"elderly_alone_r":0.3444,"bldg_age30_r":null,"shelter_min_walk":95,"pop":2557,"hh":1591,"elderly65_r":0.5108,"single_hh_r":0.5827,"source_level":"emd","flood_years":[],"landslide_hist_n":0},"geometry":{"type":"Polygon","coordinates":[[[127.73194,35.97205],[127.7311,35.96826],[127.73528,35.9662],[127.7403,35.96794],[127.74114,35.97173],[127.73696,35.97379],[127.73194,35.97205]]]}},{"type":"Feature","properties":{"h3":"8830c552d7fffff","emd_code":"5273033000","emd_name":"적상면","area_km2":0.5276,"edge":false,"slope_mean":27.25,"elev_mean":844.0,"flood_hist_n":0,"flood_depth_max_m":null,"flood_risk_100y":null,"semi_basement_r":null,"elderly_alone_r":0.3444,"bldg_age30_r":null,"shelter_min_walk":87,"pop":2557,"hh":1591,"elderly65_r":0.5108,"single_hh_r":0.5827,"source_level":"emd","flood_years":[],"landslide_hist_n":0},"geometry":{"type":"Polygon","coordinates":[[[127.74114,35.97173],[127.7403,35.96794],[127.74449,35.96588],[127.7495,35.96761],[127.75034,35.97141],[127.74616,35.97347],[127.74114,35.97173]]]}},{"type":"Feature","properties":{"h3":"8830c552d9fffff","emd_code":"5273033000","emd_name":"적상면","area_km2":0.5274,"edge":false,"slope_mean":28.3,"elev_mean":818.8,"flood_hist_n":0,"flood_depth_max_m":null,"flood_risk_100y":null,"semi_basement_r":null,"elderly_alone_r":0.3444,"bldg_age30_r":null,"shelter_min_walk":81,"pop":2557,"hh":1591,"elderly65_r":0.5108,"single_hh_r":0.5827,"source_level":"emd","flood_years":[],"landslide_hist_n":0},"geometry":{"type":"Polygon","coordinates":[[[127.73446,35.98343],[127.73362,35.97964],[127.7378,35.97758],[127.74282,35.97932],[127.74366,35.98311],[127.73948,35.98517],[127.73446,35.98343]]]}},{"type":"Feature","properties":{"h3":"8830c552dbfffff","emd_code":"5273033000","emd_name":"적상면","area_km2":0.5274,"edge":false,"slope_mean":26.99,"elev_mean":978.9,"flood_hist_n":0,"flood_depth_max_m":null,"flood_risk_100y":null,"semi_basement_r":null,"elderly_alone_r":0.3444,"bldg_age30_r":null,"shelter_min_walk":71,"pop":2557,"hh":1591,"elderly65_r":0.5108,"single_hh_r":0.5827,"source_level":"emd","flood_years":[],"landslide_hist_n":0},"geometry":{"type":"Polygon","coordinates":[[[127.74366,35.98311],[127.74282,35.97932],[127.747,35.97726],[127.75202,35.97899],[127.75286,35.98279],[127.74868,35.98484],[127.74366,35.98311]]]}},{"type":"Feature","properties":{"h3":"8830c552ddfffff","emd_code":"5273033000","emd_name":"적상면","area_km2":0.5275,"edge":false,"slope_mean":28.17,"elev_mean":604.0,"flood_hist_n":0,"flood_depth_max_m":null,"flood_risk_100y":null,"semi_basement_r":null,"elderly_alone_r":0.3444,"bldg_age30_r":null,"shelter_min_walk":93,"pop":2557,"hh":1591,"elderly65_r":0.5108,"single_hh_r":0.5827,"source_level":"emd","flood_years":[],"landslide_hist_n":0},"geometry":{"type":"Polygon","coordinates":[[[127.7286,35.9779],[127.72776,35.97411],[127.73194,35.97205],[127.73696,35.97379],[127.7378,35.97758],[127.73362,35.97964],[127.7286,35.9779]]]}},{"type":"Feature","properties":{"h3":"8830c552e1fffff","emd_code":"5273033000","emd_name":"적상면","area_km2":0.5277,"edge":false,"slope_mean":25.71,"elev_mean":414.2,"flood_hist_n":0,"flood_depth_max_m":null,"flood_risk_100y":null,"semi_basement_r":null,"elderly_alone_r":0.3444,"bldg_age30_r":null,"shelter_min_walk":100,"pop":2557,"hh":1591,"elderly65_r":0.5108,"single_hh_r":0.5827,"source_level":"emd","flood_years":[],"landslide_hist_n":0},"geometry":{"type":"Polygon","coordinates":[[[127.70517,35.95578],[127.70433,35.95199],[127.70851,35.94993],[127.71353,35.95167],[127.71437,35.95546],[127.71019,35.95752],[127.70517,35.95578]]]}},{"type":"Feature","properties":{"h3":"8830c552e3fffff","emd_code":"5273033000","emd_name":"적상면","area_km2":0.5278,"edge":false,"slope_mean":16.99,"elev_mean":334.7,"flood_hist_n":0,"flood_depth_max_m":null,"flood_risk_100y":null,"semi_basement_r":null,"elderly_alone_r":0.3444,"bldg_age30_r":null,"shelter_min_walk":107,"pop":2557,"hh":1591,"elderly65_r":0.5108,"single_hh_r":0.5827,"source_level":"emd","flood_years":[],"landslide_hist_n":1},"geometry":{"type":"Polygon","coordinates":[[[127.71437,35.95546],[127.71353,35.95167],[127.71771,35.94961],[127.72273,35.95135],[127.72357,35.95514],[127.71939,35.9572],[127.71437,35.95546]]]}},{"type":"Feature","properties":{"h3":"8830c552e5fffff","emd_code":"5273033000","emd_name":"적상면","area_km2":0.5278,"edge":false,"slope_mean":28.26,"elev_mean":580.7,"flood_hist_n":0,"flood_depth_max_m":null,"flood_risk_100y":null,"semi_basement_r":null,"elderly_alone_r":0.3444,"bldg_age30_r":null,"shelter_min_walk":105,"pop":2557,"hh":1591,"elderly65_r":0.5108,"single_hh_r":0.5827,"source_level":"emd","flood_years":[],"landslide_hist_n":0},"geometry":{"type":"Polygon","coordinates":[[[127.69931,35.95025],[127.69848,35.94646],[127.70266,35.9444],[127.70767,35.94614],[127.70851,35.94993],[127.70433,35.95199],[127.69931,35.95025]]]}},{"type":"Feature","properties":{"h3":"8830c552e7fffff","emd_code":"5273033000","emd_name":"적상면","area_km2":0.5278,"edge":false,"slope_mean":16.02,"elev_mean":338.4,"flood_hist_n":1,"flood_depth_max_m":1.0,"flood_risk_100y":null,"semi_basement_r":null,"elderly_alone_r":0.3444,"bldg_age30_r":null,"shelter_min_walk":111,"pop":2557,"hh":1591,"elderly65_r":0.5108,"single_hh_r":0.5827,"source_level":"emd","flood_years":[2020],"landslide_hist_n":0},"geometry":{"type":"Polygon","coordinates":[[[127.70851,35.94993],[127.70767,35.94614],[127.71185,35.94408],[127.71687,35.94581],[127.71771,35.94961],[127.71353,35.95167],[127.70851,35.94993]]]}},{"type":"Feature","properties":{"h3":"8830c552e9fffff","emd_code":"5273033000","emd_name":"적상면","area_km2":0.5276,"edge":false,"slope_mean":31.41,"elev_mean":454.9,"flood_hist_n":0,"flood_depth_max_m":null,"flood_risk_100y":null,"semi_basement_r":null,"elderly_alone_r":0.3444,"bldg_age30_r":null,"shelter_min_walk":89,"pop":2557,"hh":1591,"elderly65_r":0.5108,"single_hh_r":0.5827,"source_level":"emd","flood_years":[],"landslide_hist_n":0},"geometry":{"type":"Polygon","coordinates":[[[127.70183,35.96163],[127.70099,35.95784],[127.70517,35.95578],[127.71019,35.95752],[127.71103,35.96131],[127.70685,35.96337],[127.70183,35.96163]]]}},{"type":"Feature","properties":{"h3":"8830c552ebfffff","emd_code":"5273033000","emd_name":"적상면","area_km2":0.5277,"edge":false,"slope_mean":19.61,"elev_mean":326.0,"flood_hist_n":0,"flood_depth_max_m":null,"flood_risk_100y":null,"semi_basement_r":null,"elderly_alone_r":0.3444,"bldg_age30_r":null,"shelter_min_walk":97,"pop":2557,"hh":1591,"elderly65_r":0.5108,"single_hh_r":0.5827,"source_level":"emd","flood_years":[],"landslide_hist_n":0},"geometry":{"type":"Polygon","coordinates":[[[127.71103,35.96131],[127.71019,35.95752],[127.71437,35.95546],[127.71939,35.9572],[127.72023,35.96099],[127.71605,35.96305],[127.71103,35.96131]]]}},{"type":"Feature","properties":{"h3":"8830c552edfffff","emd_code":"5273033000","emd_name":"적상면","area_km2":0.5277,"edge":false,"slope_mean":27.46,"elev_mean":724.3,"flood_hist_n":0,"flood_depth_max_m":null,"flood_risk_100y":null,"semi_basement_r":null,"elderly_alone_r":0.3444,"bldg_age30_r":null,"shelter_min_walk":94,"pop":2557,"hh":1591,"elderly65_r":0.5108,"single_hh_r":0.5827,"source_level":"emd","flood_years":[],"landslide_hist_n":0},"geometry":{"type":"Polygon","coordinates":[[[127.69597,35.9561],[127.69513,35.95231],[127.69931,35.95025],[127.70433,35.95199],[127.70517,35.95578],[127.70099,35.95784],[127.69597,35.9561]]]}},{"type":"Feature","properties":{"h3":"8830c55301fffff","emd_code":"5273033000","emd_name":"적상면","area_km2":0.5279,"edge":false,"slope_mean":21.46,"elev_mean":361.6,"flood_hist_n":0,"flood_depth_max_m":null,"flood_risk_100y":null,"semi_basement_r":null,"elderly_alone_r":0.3444,"bldg_age30_r":null,"shelter_min_walk":103,"pop":2557,"hh":1591,"elderly65_r":0.5108,"single_hh_r":0.5827,"source_level":"emd","flood_years":[],"landslide_hist_n":1},"geometry":{"type":"Polygon","coordinates":[[[127.62406,35.92416],[127.62323,35.92037],[127.6274,35.91831],[127.63242,35.92005],[127.63326,35.92385],[127.62908,35.92591],[127.62406,35.92416]]]}},{"type":"Feature","properties":{"h3":"8830c55303fffff","emd_code":"5273033000","emd_name":"적상면","area_km2":0.5279,"edge":false,"slope_mean":17.88,"elev_mean":329.3,"flood_hist_n":1,"flood_depth_max_m":0.5,"flood_risk_100y":null,"semi_basement_r":null,"elderly_alone_r":0.3444,"bldg_age30_r":null,"shelter_min_walk":99,"pop":2557,"hh":1591,"elderly65_r":0.5108,"single_hh_r":0.5827,"source_level":"emd","flood_years":[2020],"landslide_hist_n":0},"geometry":{"type":"Polygon","coordinates":[[[127.63326,35.92385],[127.63242,35.92005],[127.6366,35.918],[127.64161,35.91974],[127.64245,35.92353],[127.63827,35.92559],[127.63326,35.92385]]]}},{"type":"Feature","properties":{"h3":"8830c55305fffff","emd_code":"5273033000","emd_name":"적상면","area_km2":0.5279,"edge":false,"slope_mean":23.05,"elev_mean":419.9,"flood_hist_n":0,"flood_depth_max_m":null,"flood_risk_100y":null,"semi_basement_r":null,"elderly_alone_r":0.3444,"bldg_age30_r":null,"shelter_min_walk":97,"pop":2557,"hh":1591,"elderly65_r":0.5108,"single_hh_r":0.5827,"source_level":"emd","flood_years":[],"landslide_hist_n":0},"geometry":{"type":"Polygon","coordinates":[[[127.61821,35.91863],[127.61737,35.91483],[127.62155,35.91277],[127.62657,35.91452],[127.6274,35.91831],[127.62323,35.92037],[127.61821,35.91863]]]}},{"type":"Feature","properties":{"h3":"8830c55307fffff","emd_code":"5273033000","emd_name":"적상면","area_km2":0.528,"edge":false,"slope_mean":20.68,"elev_mean":391.0,"flood_hist_n":0,"flood_depth_max_m":null,"flood_risk_100y":null,"semi_basement_r":null,"elderly_alone_r":0.3444,"bldg_age30_r":null,"shelter_min_walk":92,"pop":2557,"hh":1591,"elderly65_r":0.5108,"single_hh_r":0.5827,"source_level":"emd","flood_years":[],"landslide_hist_n":1},"geometry":{"type":"Polygon","coordinates":[[[127.6274,35.91831],[127.62657,35.91452],[127.63074,35.91246],[127.63576,35.9142],[127.6366,35.918],[127.63242,35.92005],[127.6274,35.91831]]]}},{"type":"Feature","properties":{"h3":"8830c55309fffff","emd_code":"5273033000","emd_name":"적상면","area_km2":0.5277,"edge":false,"slope_mean":22.92,"elev_mean":393.2,"flood_hist_n":1,"flood_depth_max_m":0.5,"flood_risk_100y":null,"semi_basement_r":null,"elderly_alone_r":0.3444,"bldg_age30_r":null,"shelter_min_walk":113,"pop":2557,"hh":1591,"elderly65_r":0.5108,"single_hh_r":0.5827,"source_level":"emd","flood_years":[2020],"landslide_hist_n":0},"geometry":{"type":"Polygon","coordinates":[[[127.62072,35.93002],[127.61989,35.92622],[127.62406,35.92416],[127.62908,35.92591],[127.62992,35.9297],[127.62574,35.93176],[127.62072,35.93002]]]}},{"type":"Feature","properties":{"h3":"8830c5530bfffff","emd_code":"5273033000","emd_name":"적상면","area_km2":0.5278,"edge":false,"slope_mean":24.09,"elev_mean":357.5,"flood_hist_n":1,"flood_depth_max_m":0.5,"flood_risk_100y":null,"semi_basement_r":null,"elderly_alone_r":0.3444,"bldg_age30_r":null,"shelter_min_walk":109,"pop":2557,"hh":1591,"elderly65_r":0.5108,"single_hh_r":0.5827,"source_level":"emd","flood_years":[2020],"landslide_hist_n":0},"geometry":{"type":"Polygon","coordinates":[[[127.62992,35.9297],[127.62908,35.92591],[127.63326,35.92385],[127.63827,35.92559],[127.63911,35.92939],[127.63493,35.93144],[127.62992,35.9297]]]}},{"type":"Feature","properties":{"h3":"8830c5530dfffff","emd_code":"5273033000","emd_name":"적상면","area_km2":0.5278,"edge":false,"slope_mean":22.05,"elev_mean":390.2,"flood_hist_n":0,"flood_depth_max_m":null,"flood_risk_100y":null,"semi_basement_r":null,"elderly_alone_r":0.3444,"bldg_age30_r":null,"shelter_min_walk":108,"pop":2557,"hh":1591,"elderly65_r":0.5108,"single_hh_r":0.5827,"source_level":"emd","flood_years":[],"landslide_hist_n":0},"geometry":{"type":"Polygon","coordinates":[[[127.61487,35.92448],[127.61403,35.92068],[127.61821,35.91863],[127.62323,35.92037],[127.62406,35.92416],[127.61989,35.92622],[127.61487,35.92448]]]}},{"type":"Feature","properties":{"h3":"8830c55311fffff","emd_code":"5273033000","emd_name":"적상면","area_km2":0.5279,"edge":false,"slope_mean":18.2,"elev_mean":315.6,"flood_hist_n":1,"flood_depth_max_m":1.0,"flood_risk_100y":null,"semi_basement_r":null,"elderly_alone_r":0.3444,"bldg_age30_r":null,"shelter_min_walk":105,"pop":2557,"hh":1591,"elderly65_r":0.5108,"single_hh_r":0.5827,"source_level":"emd","flood_years":[2020],"landslide_hist_n":0},"geometry":{"type":"Polygon","coordinates":[[[127.6483,35.92907],[127.64747,35.92527],[127.65165,35.92322],[127.65666,35.92496],[127.6575,35.92875],[127.65332,35.93081],[127.6483,35.92907]]]}},{"type":"Feature","properties":{"h3":"8830c55313fffff","emd_code":"5273033000","emd_name":"적상면","area_km2":0.5279,"edge":false,"slope_mean":19.05,"elev_mean":359.8,"flood_hist_n":1,"flood_depth_max_m":0.5,"flood_risk_100y":null,"semi_basement_r":null,"elderly_alone_r":0.3444,"bldg_age30_r":null,"shelter_min_walk":106,"pop":2557,"hh":1591,"elderly65_r":0.5108,"single_hh_r":0.5827,"source_level":"emd","flood_years":[2020],"landslide_hist_n":1},"geometry":{"type":"Polygon","coordinates":[[[127.6575,35.92875],[127.65666,35.92496],[127.66084,35.9229],[127.66586,35.92464],[127.6667,35.92843],[127.66252,35.93049],[127.6575,35.92875]]]}},{"type":"Feature","properties":{"h3":"8830c55315fffff","emd_code":"5273033000","emd_name":"적상면","area_km2":0.528,"edge":false,"slope_mean":22.51,"elev_mean":363.6,"flood_hist_n":1,"flood_depth_max_m":0.5,"flood_risk_100y":null,"semi_basement_r":null,"elderly_alone_r":0.3444,"bldg_age30_r":null,"shelter_min_walk":97,"pop":2557,"hh":1591,"elderly65_r":0.5108,"single_hh_r":0.5827,"source_level":"emd","flood_years":[2020],"landslide_hist_n":0},"geometry":{"type":"Polygon","coordinates":[[[127.64245,35.92353],[127.64161,35.91974],[127.64579,35.91768],[127.65081,35.91942],[127.65165,35.92322],[127.64747,35.92527],[127.64245,35.92353]]]}},{"type":"Feature","properties":{"h3":"8830c55317fffff","emd_code":"5273033000","emd_name":"적상면","area_km2":0.528,"edge":false,"slope_mean":15.02,"elev_mean":310.6,"flood_hist_n":1,"flood_depth_max_m":1.0,"flood_risk_100y":null,"semi_basement_r":null,"elderly_alone_r":0.3444,"bldg_age30_r":null,"shelter_min_walk":96,"pop":2557,"hh":1591,"elderly65_r":0.5108,"single_hh_r":0.5827,"source_level":"emd","flood_years":[2020],"landslide_hist_n":0},"geometry":{"type":"Polygon","coordinates":[[[127.65165,35.92322],[127.65081,35.91942],[127.65499,35.91736],[127.66,35.9191],[127.66084,35.9229],[127.65666,35.92496],[127.65165,35.92322]]]}},{"type":"Feature","properties":{"h3":"8830c55319fffff","emd_code":"5273033000","emd_name":"적상면","area_km2":0.5278,"edge":false,"slope_mean":26.64,"elev_mean":351.4,"flood_hist_n":1,"flood_depth_max_m":0.5,"flood_risk_100y":null,"semi_basement_r":null,"elderly_alone_r":0.3444,"bldg_age30_r":null,"shelter_min_walk":115,"pop":2557,"hh":1591,"elderly65_r":0.5108,"single_hh_r":0.5827,"source_level":"emd","flood_years":[2020],"landslide_hist_n":1},"geometry":{"type":"Polygon","coordinates":[[[127.64496,35.93492],[127.64413,35.93113],[127.6483,35.92907],[127.65332,35.93081],[127.65416,35.93461],[127.64998,35.93666],[127.64496,35.93492]]]}},{"type":"Feature","properties":{"h3":"8830c5531bfffff","emd_code":"5273033000","emd_name":"적상면","area_km2":0.5278,"edge":false,"slope_mean":18.23,"elev_mean":315.0,"flood_hist_n":1,"flood_depth_max_m":1.0,"flood_risk_100y":null,"semi_basement_r":null,"elderly_alone_r":0.3444,"bldg_age30_r":null,"shelter_min_walk":115,"pop":2557,"hh":1591,"elderly65_r":0.5108,"single_hh_r":0.5827,"source_level":"emd","flood_years":[2020],"landslide_hist_n":0},"geometry":{"type":"Polygon","coordinates":[[[127.65416,35.93461],[127.65332,35.93081],[127.6575,35.92875],[127.66252,35.93049],[127.66335,35.93429],[127.65918,35.93634],[127.65416,35.93461]]]}},{"type":"Feature","properties":{"h3":"8830c5531dfffff","emd_code":"5273033000","emd_name":"적상면","area_km2":0.5278,"edge":false,"slope_mean":22.46,"elev_mean":338.7,"flood_hist_n":1,"flood_depth_max_m":0.5,"flood_risk_100y":null,"semi_basement_r":null,"elderly_alone_r":0.3444,"bldg_age30_r":null,"shelter_min_walk":107,"pop":2557,"hh":1591,"elderly65_r":0.5108,"single_hh_r":0.5827,"source_level":"emd","flood_years":[2020],"landslide_hist_n":0},"geometry":{"type":"Polygon","coordinates":[[[127.63911,35.92939],[127.63827,35.92559],[127.64245,35.92353],[127.64747,35.92527],[127.6483,35.92907],[127.64413,35.93113],[127.63911,35.92939]]]}},{"type":"Feature","properties":{"h3":"8830c55321fffff","emd_code":"5273033000","emd_name":"적상면","area_km2":0.5281,"edge":false,"slope_mean":19.04,"elev_mean":446.1,"flood_hist_n":0,"flood_depth_max_m":null,"flood_risk_100y":null,"semi_basement_r":null,"elderly_alone_r":0.3444,"bldg_age30_r":null,"shelter_min_walk":82,"pop":2557,"hh":1591,"elderly65_r":0.5108,"single_hh_r":0.5827,"source_level":"emd","flood_years":[],"landslide_hist_n":4},"geometry":{"type":"Polygon","coordinates":[[[127.6157,35.90724],[127.61486,35.90344],[127.61904,35.90138],[127.62405,35.90312],[127.62489,35.90692],[127.62071,35.90898],[127.6157,35.90724]]]}},{"type":"Feature","properties":{"h3":"8830c55323fffff","emd_code":"5273033000","emd_name":"적상면","area_km2":0.5282,"edge":false,"slope_mean":27.9,"elev_mean":635.0,"flood_hist_n":0,"flood_depth_max_m":null,"flood_risk_100y":null,"semi_basement_r":null,"elderly_alone_r":0.3444,"bldg_age30_r":null,"shelter_min_walk":76,"pop":2557,"hh":1591,"elderly65_r":0.5108,"single_hh_r":0.5827,"source_level":"emd","flood_years":[],"landslide_hist_n":0},"geometry":{"type":"Polygon","coordinates":[[[127.62489,35.90692],[127.62405,35.90312],[127.62823,35.90106],[127.63325,35.90281],[127.63409,35.9066],[127.62991,35.90866],[127.62489,35.90692]]]}},{"type":"Feature","properties":{"h3":"8830c55325fffff","emd_code":"5273033000","emd_name":"적상면","area_km2":0.5282,"edge":false,"slope_mean":19.53,"elev_mean":451.7,"flood_hist_n":0,"flood_depth_max_m":null,"flood_risk_100y":null,"semi_basement_r":null,"elderly_alone_r":0.3444,"bldg_age30_r":null,"shelter_min_walk":80,"pop":2557,"hh":1591,"elderly65_r":0.5108,"single_hh_r":0.5827,"source_level":"emd","flood_years":[],"landslide_hist_n":0},"geometry":{"type":"Polygon","coordinates":[[[127.60985,35.9017],[127.60901,35.8979],[127.61319,35.89584],[127.6182,35.89758],[127.61904,35.90138],[127.61486,35.90344],[127.60985,35.9017]]]}},{"type":"Feature","properties":{"h3":"8830c55327fffff","emd_code":"5273033000","emd_name":"적상면","area_km2":0.5282,"edge":false,"slope_mean":22.7,"elev_mean":496.3,"flood_hist_n":0,"flood_depth_max_m":null,"flood_risk_100y":null,"semi_basement_r":null,"elderly_alone_r":0.3444,"bldg_age30_r":null,"shelter_min_walk":72,"pop":2557,"hh":1591,"elderly65_r":0.5108,"single_hh_r":0.5827,"source_level":"emd","flood_years":[],"landslide_hist_n":2},"geometry":{"type":"Polygon","coordinates":[[[127.61904,35.90138],[127.6182,35.89758],[127.62238,35.89553],[127.6274,35.89727],[127.62823,35.90106],[127.62405,35.90312],[127.61904,35.90138]]]}},{"type":"Feature","properties":{"h3":"8830c55329fffff","emd_code":"5273033000","emd_name":"적상면","area_km2":0.528,"edge":false,"slope_mean":15.28,"elev_mean":388.9,"flood_hist_n":1,"flood_depth_max_m":1.0,"flood_risk_100y":null,"semi_basement_r":null,"elderly_alone_r":0.3444,"bldg_age30_r":null,"shelter_min_walk":93,"pop":2557,"hh":1591,"elderly65_r":0.5108,"single_hh_r":0.5827,"source_level":"emd","flood_years":[2020],"landslide_hist_n":5},"geometry":{"type":"Polygon","coordinates":[[[127.61236,35.91309],[127.61152,35.90929],[127.6157,35.90724],[127.62071,35.90898],[127.62155,35.91277],[127.61737,35.91483],[127.61236,35.91309]]]}},{"type":"Feature","properties":{"h3":"8830c5532bfffff","emd_code":"5273033000","emd_name":"적상면","area_km2":0.528,"edge":false,"slope_mean":22.63,"elev_mean":481.1,"flood_hist_n":0,"flood_depth_max_m":null,"flood_risk_100y":null,"semi_basement_r":null,"elderly_alone_r":0.3444,"bldg_age30_r":null,"shelter_min_walk":86,"pop":2557,"hh":1591,"elderly65_r":0.5108,"single_hh_r":0.5827,"source_level":"emd","flood_years":[],"landslide_hist_n":0},"geometry":{"type":"Polygon","coordinates":[[[127.62155,35.91277],[127.62071,35.90898],[127.62489,35.90692],[127.62991,35.90866],[127.63074,35.91246],[127.62657,35.91452],[127.62155,35.91277]]]}},{"type":"Feature","properties":{"h3":"8830c5532dfffff","emd_code":"5273033000","emd_name":"적상면","area_km2":0.5281,"edge":false,"slope_mean":19.03,"elev_mean":426.1,"flood_hist_n":1,"flood_depth_max_m":0.5,"flood_risk_100y":null,"semi_basement_r":null,"elderly_alone_r":0.3444,"bldg_age30_r":null,"shelter_min_walk":90,"pop":2557,"hh":1591,"elderly65_r":0.5108,"single_hh_r":0.5827,"source_level":"emd","flood_years":[2020],"landslide_hist_n":0},"geometry":{"type":"Polygon","coordinates":[[[127.60651,35.90755],[127.60567,35.90375],[127.60985,35.9017],[127.61486,35.90344],[127.6157,35.90724],[127.61152,35.90929],[127.60651,35.90755]]]}},{"type":"Feature","properties":{"h3":"8830c55331fffff","emd_code":"5273033000","emd_name":"적상면","area_km2":0.5281,"edge":false,"slope_mean":22.69,"elev_mean":492.1,"flood_hist_n":0,"flood_depth_max_m":null,"flood_risk_100y":null,"semi_basement_r":null,"elderly_alone_r":0.3444,"bldg_age30_r":null,"shelter_min_walk":78,"pop":2557,"hh":1591,"elderly65_r":0.5108,"single_hh_r":0.5827,"source_level":"emd","flood_years":[],"landslide_hist_n":1},"geometry":{"type":"Polygon","coordinates":[[[127.63994,35.91214],[127.6391,35.90834],[127.64328,35.90629],[127.6483,35.90803],[127.64913,35.91183],[127.64495,35.91388],[127.63994,35.91214]]]}},{"type":"Feature","properties":{"h3":"8830c55333fffff","emd_code":"5273033000","emd_name":"적상면","area_km2":0.5282,"edge":false,"slope_mean":21.68,"elev_mean":411.1,"flood_hist_n":0,"flood_depth_max_m":null,"flood_risk_100y":null,"semi_basement_r":null,"elderly_alone_r":0.3444,"bldg_age30_r":null,"shelter_min_walk":77,"pop":2557,"hh":1591,"elderly65_r":0.5108,"single_hh_r":0.5827,"source_level":"emd","flood_years":[],"landslide_hist_n":0},"geometry":{"type":"Polygon","coordinates":[[[127.64913,35.91183],[127.6483,35.90803],[127.65247,35.90597],[127.65749,35.90771],[127.65833,35.91151],[127.65415,35.91357],[127.64913,35.91183]]]}},{"type":"Feature","properties":{"h3":"8830c55335fffff","emd_code":"5273033000","emd_name":"적상면","area_km2":0.5282,"edge":false,"slope_mean":28.84,"elev_mean":698.7,"flood_hist_n":0,"flood_depth_max_m":null,"flood_risk_100y":null,"semi_basement_r":null,"elderly_alone_r":0.3444,"bldg_age30_r":null,"shelter_min_walk":71,"pop":2557,"hh":1591,"elderly65_r":0.5108,"single_hh_r":0.5827,"source_level":"emd","flood_years":[],"landslide_hist_n":0},"geometry":{"type":"Polygon","coordinates":[[[127.63409,35.9066],[127.63325,35.90281],[127.63743,35.90075],[127.64244,35.90249],[127.64328,35.90629],[127.6391,35.90834],[127.63409,35.9066]]]}},{"type":"Feature","properties":{"h3":"8830c55337fffff","emd_code":"5273033000","emd_name":"적상면","area_km2":0.5283,"edge":false,"slope_mean":24.92,"elev_mean":564.5,"flood_hist_n":0,"flood_depth_max_m":null,"flood_risk_100y":null,"semi_basement_r":null,"elderly_alone_r":0.3444,"bldg_age30_r":null,"shelter_min_walk":68,"pop":2557,"hh":1591,"elderly65_r":0.5108,"single_hh_r":0.5827,"source_level":"emd","flood_years":[],"landslide_hist_n":0},"geometry":{"type":"Polygon","coordinates":[[[127.64328,35.90629],[127.64244,35.90249],[127.64662,35.90043],[127.65164,35.90217],[127.65247,35.90597],[127.6483,35.90803],[127.64328,35.90629]]]}},{"type":"Feature","properties":{"h3":"8830c55339fffff","emd_code":"5273033000","emd_name":"적상면","area_km2":0.528,"edge":false,"slope_mean":17.36,"elev_mean":381.4,"flood_hist_n":0,"flood_depth_max_m":null,"flood_risk_100y":null,"semi_basement_r":null,"elderly_alone_r":0.3444,"bldg_age30_r":null,"shelter_min_walk":89,"pop":2557,"hh":1591,"elderly65_r":0.5108,"single_hh_r":0.5827,"source_level":"emd","flood_years":[],"landslide_hist_n":0},"geometry":{"type":"Polygon","coordinates":[[[127.6366,35.918],[127.63576,35.9142],[127.63994,35.91214],[127.64495,35.91388],[127.64579,35.91768],[127.64161,35.91974],[127.6366,35.918]]]}},{"type":"Feature","properties":{"h3":"8830c5533bfffff","emd_code":"5273033000","emd_name":"적상면","area_km2":0.5281,"edge":false,"slope_mean":21.86,"elev_mean":394.6,"flood_hist_n":0,"flood_depth_max_m":null,"flood_risk_100y":null,"semi_basement_r":null,"elderly_alone_r":0.3444,"bldg_age30_r":null,"shelter_min_walk":87,"pop":2557,"hh":1591,"elderly65_r":0.5108,"single_hh_r":0.5827,"source_level":"emd","flood_years":[],"landslide_hist_n":1},"geometry":{"type":"Polygon","coordinates":[[[127.64579,35.91768],[127.64495,35.91388],[127.64913,35.91183],[127.65415,35.91357],[127.65499,35.91736],[127.65081,35.91942],[127.64579,35.91768]]]}},{"type":"Feature","properties":{"h3":"8830c5533dfffff","emd_code":"5273033000","emd_name":"적상면","area_km2":0.5281,"edge":false,"slope_mean":24.05,"elev_mean":525.0,"flood_hist_n":0,"flood_depth_max_m":null,"flood_risk_100y":null,"semi_basement_r":null,"elderly_alone_r":0.3444,"bldg_age30_r":null,"shelter_min_walk":81,"pop":2557,"hh":1591,"elderly65_r":0.5108,"single_hh_r":0.5827,"source_level":"emd","flood_years":[],"landslide_hist_n":0},"geometry":{"type":"Polygon","coordinates":[[[127.63074,35.91246],[127.62991,35.90866],[127.63409,35.9066],[127.6391,35.90834],[127.63994,35.91214],[127.63576,35.9142],[127.63074,35.91246]]]}},{"type":"Feature","properties":{"h3":"8830c55341fffff","emd_code":"5273033000","emd_name":"적상면","area_km2":0.5276,"edge":false,"slope_mean":25.45,"elev_mean":402.3,"flood_hist_n":1,"flood_depth_max_m":1.0,"flood_risk_100y":null,"semi_basement_r":null,"elderly_alone_r":0.3444,"bldg_age30_r":null,"shelter_min_walk":129,"pop":2557,"hh":1591,"elderly65_r":0.5108,"single_hh_r":0.5827,"source_level":"emd","flood_years":[2020],"landslide_hist_n":0},"geometry":{"type":"Polygon","coordinates":[[[127.60819,35.93618],[127.60735,35.93239],[127.61153,35.93033],[127.61654,35.93207],[127.61738,35.93587],[127.6132,35.93792],[127.60819,35.93618]]]}},{"type":"Feature","properties":{"h3":"8830c55343fffff","emd_code":"5273033000","emd_name":"적상면","area_km2":0.5276,"edge":false,"slope_mean":25.5,"elev_mean":446.9,"flood_hist_n":0,"flood_depth_max_m":null,"flood_risk_100y":null,"semi_basement_r":null,"elderly_alone_r":0.3444,"bldg_age30_r":null,"shelter_min_walk":124,"pop":2557,"hh":1591,"elderly65_r":0.5108,"single_hh_r":0.5827,"source_level":"emd","flood_years":[],"landslide_hist_n":0},"geometry":{"type":"Polygon","coordinates":[[[127.61738,35.93587],[127.61654,35.93207],[127.62072,35.93002],[127.62574,35.93176],[127.62658,35.93555],[127.6224,35.93761],[127.61738,35.93587]]]}},{"type":"Feature","properties":{"h3":"8830c55345fffff","emd_code":"5273033000","emd_name":"적상면","area_km2":0.5277,"edge":false,"slope_mean":22.17,"elev_mean":395.2,"flood_hist_n":1,"flood_depth_max_m":1.0,"flood_risk_100y":null,"semi_basement_r":null,"elderly_alone_r":0.3444,"bldg_age30_r":null,"shelter_min_walk":125,"pop":2557,"hh":1591,"elderly65_r":0.5108,"single_hh_r":0.5827,"source_level":"emd","flood_years":[2020],"landslide_hist_n":0},"geometry":{"type":"Polygon","coordinates":[[[127.60234,35.93064],[127.6015,35.92685],[127.60568,35.92479],[127.61069,35.92653],[127.61153,35.93033],[127.60735,35.93239],[127.60234,35.93064]]]}},{"type":"Feature","properties":{"h3":"8830c55347fffff","emd_code":"5273033000","emd_name":"적상면","area_km2":0.5277,"edge":false,"slope_mean":21.64,"elev_mean":382.9,"flood_hist_n":0,"flood_depth_max_m":null,"flood_risk_100y":null,"semi_basement_r":null,"elderly_alone_r":0.3444,"bldg_age30_r":null,"shelter_min_walk":119,"pop":2557,"hh":1591,"elderly65_r":0.5108,"single_hh_r":0.5827,"source_level":"emd","flood_years":[],"landslide_hist_n":0},"geometry":{"type":"Polygon","coordinates":[[[127.61153,35.93033],[127.61069,35.92653],[127.61487,35.92448],[127.61989,35.92622],[127.62072,35.93002],[127.61654,35.93207],[127.61153,35.93033]]]}},{"type":"Feature","properties":{"h3":"8830c55349fffff","emd_code":"5273033000","emd_name":"적상면","area_km2":0.5275,"edge":false,"slope_mean":25.97,"elev_mean":355.5,"flood_hist_n":1,"flood_depth_max_m":1.0,"flood_risk_100y":null,"semi_basement_r":null,"elderly_alone_r":0.3444,"bldg_age30_r":null,"shelter_min_walk":125,"pop":2557,"hh":1591,"elderly65_r":0.5108,"single_hh_r":0.5827,"source_level":"emd","flood_years":[2020],"landslide_hist_n":1},"geometry":{"type":"Polygon","coordinates":[[[127.60485,35.94203],[127.60401,35.93824],[127.60819,35.93618],[127.6132,35.93792],[127.61404,35.94172],[127.60986,35.94377],[127.60485,35.94203]]]}},{"type":"Feature","properties":{"h3":"8830c5534bfffff","emd_code":"5273033000","emd_name":"적상면","area_km2":0.5275,"edge":false,"slope_mean":25.24,"elev_mean":435.9,"flood_hist_n":0,"flood_depth_max_m":null,"flood_risk_100y":null,"semi_basement_r":null,"elderly_alone_r":0.3444,"bldg_age30_r":null,"shelter_min_walk":120,"pop":2557,"hh":1591,"elderly65_r":0.5108,"single_hh_r":0.5827,"source_level":"emd","flood_years":[],"landslide_hist_n":0},"geometry":{"type":"Polygon","coordinates":[[[127.61404,35.94172],[127.6132,35.93792],[127.61738,35.93587],[127.6224,35.93761],[127.62323,35.9414],[127.61906,35.94346],[127.61404,35.94172]]]}},{"type":"Feature","properties":{"h3":"8830c5534dfffff","emd_code":"5273033000","emd_name":"적상면","area_km2":0.5275,"edge":false,"slope_mean":25.46,"elev_mean":390.2,"flood_hist_n":0,"flood_depth_max_m":null,"flood_risk_100y":null,"semi_basement_r":null,"elderly_alone_r":0.3444,"bldg_age30_r":null,"shelter_min_walk":135,"pop":2557,"hh":1591,"elderly65_r":0.5108,"single_hh_r":0.5827,"source_level":"emd","flood_years":[],"landslide_hist_n":0},"geometry":{"type":"Polygon","coordinates":[[[127.599,35.93649],[127.59816,35.9327],[127.60234,35.93064],[127.60735,35.93239],[127.60819,35.93618],[127.60401,35.93824],[127.599,35.93649]]]}},{"type":"Feature","properties":{"h3":"8830c55351fffff","emd_code":"5273033000","emd_name":"적상면","area_km2":0.5276,"edge":false,"slope_mean":28.24,"elev_mean":472.8,"flood_hist_n":0,"flood_depth_max_m":null,"flood_risk_100y":null,"semi_basement_r":null,"elderly_alone_r":0.3444,"bldg_age30_r":null,"shelter_min_walk":114,"pop":2557,"hh":1591,"elderly65_r":0.5108,"single_hh_r":0.5827,"source_level":"emd","flood_years":[],"landslide_hist_n":0},"geometry":{"type":"Polygon","coordinates":[[[127.63243,35.94109],[127.63159,35.93729],[127.63577,35.93524],[127.64078,35.93698],[127.64162,35.94077],[127.63744,35.94283],[127.63243,35.94109]]]}},{"type":"Feature","properties":{"h3":"8830c55353fffff","emd_code":"5273033000","emd_name":"적상면","area_km2":0.5277,"edge":false,"slope_mean":28.92,"elev_mean":431.1,"flood_hist_n":0,"flood_depth_max_m":null,"flood_risk_100y":null,"semi_basement_r":null,"elderly_alone_r":0.3444,"bldg_age30_r":null,"shelter_min_walk":113,"pop":2557,"hh":1591,"elderly65_r":0.5108,"single_hh_r":0.5827,"source_level":"emd","flood_years":[],"landslide_hist_n":0},"geometry":{"type":"Polygon","coordinates":[[[127.64162,35.94077],[127.64078,35.93698],[127.64496,35.93492],[127.64998,35.93666],[127.65082,35.94046],[127.64664,35.94251],[127.64162,35.94077]]]}},{"type":"Feature","properties":{"h3":"8830c55355fffff","emd_code":"5273033000","emd_name":"적상면","area_km2":0.5277,"edge":false,"slope_mean":24.4,"elev_mean":396.4,"flood_hist_n":1,"flood_depth_max_m":0.5,"flood_risk_100y":null,"semi_basement_r":null,"elderly_alone_r":0.3444,"bldg_age30_r":null,"shelter_min_walk":120,"pop":2557,"hh":1591,"elderly65_r":0.5108,"single_hh_r":0.5827,"source_level":"emd","flood_years":[2020],"landslide_hist_n":1},"geometry":{"type":"Polygon","coordinates":[[[127.62658,35.93555],[127.62574,35.93176],[127.62992,35.9297],[127.63493,35.93144],[127.63577,35.93524],[127.63159,35.93729],[127.62658,35.93555]]]}},{"type":"Feature","properties":{"h3":"8830c55357fffff","emd_code":"5273033000","emd_name":"적상면","area_km2":0.5277,"edge":false,"slope_mean":27.75,"elev_mean":402.5,"flood_hist_n":0,"flood_depth_max_m":null,"flood_risk_100y":null,"semi_basement_r":null,"elderly_alone_r":0.3444,"bldg_age30_r":null,"shelter_min_walk":117,"pop":2557,"hh":1591,"elderly65_r":0.5108,"single_hh_r":0.5827,"source_level":"emd","flood_years":[],"landslide_hist_n":0},"geometry":{"type":"Polygon","coordinates":[[[127.63577,35.93524],[127.63493,35.93144],[127.63911,35.92939],[127.64413,35.93113],[127.64496,35.93492],[127.64078,35.93698],[127.63577,35.93524]]]}},{"type":"Feature","properties":{"h3":"8830c55359fffff","emd_code":"5273033000","emd_name":"적상면","area_km2":0.5275,"edge":false,"slope_mean":29.64,"elev_mean":489.2,"flood_hist_n":0,"flood_depth_max_m":null,"flood_risk_100y":null,"semi_basement_r":null,"elderly_alone_r":0.3444,"bldg_age30_r":null,"shelter_min_walk":105,"pop":2557,"hh":1591,"elderly65_r":0.5108,"single_hh_r":0.5827,"source_level":"emd","flood_years":[],"landslide_hist_n":0},"geometry":{"type":"Polygon","coordinates":[[[127.62909,35.94694],[127.62825,35.94314],[127.63243,35.94109],[127.63744,35.94283],[127.63828,35.94662],[127.6341,35.94868],[127.62909,35.94694]]]}},{"type":"Feature","properties":{"h3":"8830c5535bfffff","emd_code":"5273033000","emd_name":"적상면","area_km2":0.5276,"edge":false,"slope_mean":27.93,"elev_mean":456.0,"flood_hist_n":0,"flood_depth_max_m":null,"flood_risk_100y":null,"semi_basement_r":null,"elderly_alone_r":0.3444,"bldg_age30_r":null,"shelter_min_walk":104,"pop":2557,"hh":1591,"elderly65_r":0.5108,"single_hh_r":0.5827,"source_level":"emd","flood_years":[],"landslide_hist_n":0},"geometry":{"type":"Polygon","coordinates":[[[127.63828,35.94662],[127.63744,35.94283],[127.64162,35.94077],[127.64664,35.94251],[127.64748,35.94631],[127.6433,35.94836],[127.63828,35.94662]]]}},{"type":"Feature","properties":{"h3":"8830c5535dfffff","emd_code":"5273033000","emd_name":"적상면","area_km2":0.5276,"edge":false,"slope_mean":28.75,"elev_mean":507.4,"flood_hist_n":0,"flood_depth_max_m":null,"flood_risk_100y":null,"semi_basement_r":null,"elderly_alone_r":0.3444,"bldg_age30_r":null,"shelter_min_walk":116,"pop":2557,"hh":1591,"elderly65_r":0.5108,"single_hh_r":0.5827,"source_level":"emd","flood_years":[],"landslide_hist_n":0},"geometry":{"type":"Polygon","coordinates":[[[127.62323,35.9414],[127.6224,35.93761],[127.62658,35.93555],[127.63159,35.93729],[127.63243,35.94109],[127.62825,35.94314],[127.62323,35.9414]]]}},{"type":"Feature","properties":{"h3":"8830c55361fffff","emd_code":"5273033000","emd_name":"적상면","area_km2":0.5278,"edge":false,"slope_mean":24.45,"elev_mean":451.6,"flood_hist_n":0,"flood_depth_max_m":null,"flood_risk_100y":null,"semi_basement_r":null,"elderly_alone_r":0.3444,"bldg_age30_r":null,"shelter_min_walk":111,"pop":2557,"hh":1591,"elderly65_r":0.5108,"single_hh_r":0.5827,"source_level":"emd","flood_years":[],"landslide_hist_n":1},"geometry":{"type":"Polygon","coordinates":[[[127.59983,35.91926],[127.59899,35.91546],[127.60317,35.9134],[127.60818,35.91514],[127.60902,35.91894],[127.60484,35.921],[127.59983,35.91926]]]}},{"type":"Feature","properties":{"h3":"8830c55363fffff","emd_code":"5273033000","emd_name":"적상면","area_km2":0.5279,"edge":false,"slope_mean":16.09,"elev_mean":360.7,"flood_hist_n":1,"flood_depth_max_m":1.0,"flood_risk_100y":null,"semi_basement_r":null,"elderly_alone_r":0.3444,"bldg_age30_r":null,"shelter_min_walk":103,"pop":2557,"hh":1591,"elderly65_r":0.5108,"single_hh_r":0.5827,"source_level":"emd","flood_years":[2020],"landslide_hist_n":0},"geometry":{"type":"Polygon","coordinates":[[[127.60902,35.91894],[127.60818,35.91514],[127.61236,35.91309],[127.61737,35.91483],[127.61821,35.91863],[127.61403,35.92068],[127.60902,35.91894]]]}},{"type":"Feature","properties":{"h3":"8830c55365fffff","emd_code":"5273035000","emd_name":"부남면","area_km2":0.5279,"edge":false,"slope_mean":19.32,"elev_mean":383.9,"flood_hist_n":0,"flood_depth_max_m":null,"flood_risk_100y":null,"semi_basement_r":null,"elderly_alone_r":0.3849,"bldg_age30_r":null,"shelter_min_walk":109,"pop":1343,"hh":873,"elderly65_r":0.5681,"single_hh_r":0.6163,"source_level":"emd","flood_years":[],"landslide_hist_n":0},"geometry":{"type":"Polygon","coordinates":[[[127.59397,35.91372],[127.59314,35.90992],[127.59731,35.90786],[127.60233,35.90961],[127.60317,35.9134],[127.59899,35.91546],[127.59397,35.91372]]]}},{"type":"Feature","properties":{"h3":"8830c55367fffff","emd_code":"5273033000","emd_name":"적상면","area_km2":0.5279,"edge":false,"slope_mean":18.21,"elev_mean":403.0,"flood_hist_n":1,"flood_depth_max_m":1.0,"flood_risk_100y":null,"semi_basement_r":null,"elderly_alone_r":0.3444,"bldg_age30_r":null,"shelter_min_walk":100,"pop":2557,"hh":1591,"elderly65_r":0.5108,"single_hh_r":0.5827,"source_level":"emd","flood_years":[2020],"landslide_hist_n":0},"geometry":{"type":"Polygon","coordinates":[[[127.60317,35.9134],[127.60233,35.90961],[127.60651,35.90755],[127.61152,35.90929],[127.61236,35.91309],[127.60818,35.91514],[127.60317,35.9134]]]}},{"type":"Feature","properties":{"h3":"8830c55369fffff","emd_code":"5273033000","emd_name":"적상면","area_km2":0.5277,"edge":false,"slope_mean":25.25,"elev_mean":551.2,"flood_hist_n":0,"flood_depth_max_m":null,"flood_risk_100y":null,"semi_basement_r":null,"elderly_alone_r":0.3444,"bldg_age30_r":null,"shelter_min_walk":121,"pop":2557,"hh":1591,"elderly65_r":0.5108,"single_hh_r":0.5827,"source_level":"emd","flood_years":[],"landslide_hist_n":3},"geometry":{"type":"Polygon","coordinates":[[[127.59649,35.92511],[127.59565,35.92131],[127.59983,35.91926],[127.60484,35.921],[127.60568,35.92479],[127.6015,35.92685],[127.59649,35.92511]]]}},{"type":"Feature","properties":{"h3":"8830c5536bfffff","emd_code":"5273033000","emd_name":"적상면","area_km2":0.5278,"edge":false,"slope_mean":16.93,"elev_mean":375.7,"flood_hist_n":1,"flood_depth_max_m":1.0,"flood_risk_100y":null,"semi_basement_r":null,"elderly_alone_r":0.3444,"bldg_age30_r":null,"shelter_min_walk":114,"pop":2557,"hh":1591,"elderly65_r":0.5108,"single_hh_r":0.5827,"source_level":"emd","flood_years":[2020],"landslide_hist_n":0},"geometry":{"type":"Polygon","coordinates":[[[127.60568,35.92479],[127.60484,35.921],[127.60902,35.91894],[127.61403,35.92068],[127.61487,35.92448],[127.61069,35.92653],[127.60568,35.92479]]]}},{"type":"Feature","properties":{"h3":"8830c5536dfffff","emd_code":"5273035000","emd_name":"부남면","area_km2":0.5278,"edge":false,"slope_mean":25.86,"elev_mean":437.5,"flood_hist_n":1,"flood_depth_max_m":0.5,"flood_risk_100y":null,"semi_basement_r":null,"elderly_alone_r":0.3849,"bldg_age30_r":null,"shelter_min_walk":119,"pop":1343,"hh":873,"elderly65_r":0.5681,"single_hh_r":0.6163,"source_level":"emd","flood_years":[2020],"landslide_hist_n":0},"geometry":{"type":"Polygon","coordinates":[[[127.59063,35.91957],[127.5898,35.91577],[127.59397,35.91372],[127.59899,35.91546],[127.59983,35.91926],[127.59565,35.92131],[127.59063,35.91957]]]}},{"type":"Feature","properties":{"h3":"8830c55401fffff","emd_code":"5273031000","emd_name":"무풍면","area_km2":0.5284,"edge":false,"slope_mean":12.94,"elev_mean":464.0,"flood_hist_n":0,"flood_depth_max_m":null,"flood_risk_100y":null,"semi_basement_r":null,"elderly_alone_r":0.3256,"bldg_age30_r":null,"shelter_min_walk":36,"pop":2102,"hh":1330,"elderly65_r":0.4957,"single_hh_r":0.585,"source_level":"emd","flood_years":[],"landslide_hist_n":0},"geometry":{"type":"Polygon","coordinates":[[[127.85827,35.95609],[127.85743,35.9523],[127.86161,35.95023],[127.86664,35.95197],[127.86748,35.95576],[127.8633,35.95783],[127.85827,35.95609]]]}},{"type":"Feature","properties":{"h3":"8830c55403fffff","emd_code":"5273031000","emd_name":"무풍면","area_km2":0.5285,"edge":false,"slope_mean":8.22,"elev_mean":478.8,"flood_hist_n":1,"flood_depth_max_m":1.0,"flood_risk_100y":null,"semi_basement_r":null,"elderly_alone_r":0.3256,"bldg_age30_r":null,"shelter_min_walk":45,"pop":2102,"hh":1330,"elderly65_r":0.4957,"single_hh_r":0.585,"source_level":"emd","flood_years":[2020],"landslide_hist_n":0},"geometry":{"type":"Polygon","coordinates":[[[127.86748,35.95576],[127.86664,35.95197],[127.87082,35.9499],[127.87585,35.95163],[127.87669,35.95543],[127.8725,35.95749],[127.86748,35.95576]]]}},{"type":"Feature","properties":{"h3":"8830c55405fffff","emd_code":"5273031000","emd_name":"무풍면","area_km2":0.5285,"edge":false,"slope_mean":10.05,"elev_mean":447.1,"flood_hist_n":1,"flood_depth_max_m":1.0,"flood_risk_100y":null,"semi_basement_r":null,"elderly_alone_r":0.3256,"bldg_age30_r":null,"shelter_min_walk":39,"pop":2102,"hh":1330,"elderly65_r":0.4957,"single_hh_r":0.585,"source_level":"emd","flood_years":[2020],"landslide_hist_n":0},"geometry":{"type":"Polygon","coordinates":[[[127.85241,35.95057],[127.85157,35.94677],[127.85575,35.94471],[127.86077,35.94644],[127.86161,35.95023],[127.85743,35.9523],[127.85241,35.95057]]]}},{"type":"Feature","properties":{"h3":"8830c55407fffff","emd_code":"5273031000","emd_name":"무풍면","area_km2":0.5286,"edge":false,"slope_mean":15.18,"elev_mean":528.7,"flood_hist_n":0,"flood_depth_max_m":null,"flood_risk_100y":null,"semi_basement_r":null,"elderly_alone_r":0.3256,"bldg_age30_r":null,"shelter_min_walk":46,"pop":2102,"hh":1330,"elderly65_r":0.4957,"single_hh_r":0.585,"source_level":"emd","flood_years":[],"landslide_hist_n":0},"geometry":{"type":"Polygon","coordinates":[[[127.86161,35.95023],[127.86077,35.94644],[127.86496,35.94437],[127.86998,35.94611],[127.87082,35.9499],[127.86664,35.95197],[127.86161,35.95023]]]}},{"type":"Feature","properties":{"h3":"8830c55409fffff","emd_code":"5273031000","emd_name":"무풍면","area_km2":0.5283,"edge":false,"slope_mean":17.37,"elev_mean":480.5,"flood_hist_n":0,"flood_depth_max_m":null,"flood_risk_100y":null,"semi_basement_r":null,"elderly_alone_r":0.3256,"bldg_age30_r":null,"shelter_min_walk":26,"pop":2102,"hh":1330,"elderly65_r":0.4957,"single_hh_r":0.585,"source_level":"emd","flood_years":[],"landslide_hist_n":0},"geometry":{"type":"Polygon","coordinates":[[[127.85493,35.96195],[127.85409,35.95816],[127.85827,35.95609],[127.8633,35.95783],[127.86414,35.96162],[127.85995,35.96368],[127.85493,35.96195]]]}},{"type":"Feature","properties":{"h3":"8830c5540bfffff","emd_code":"5273031000","emd_name":"무풍면","area_km2":0.5284,"edge":false,"slope_mean":13.55,"elev_mean":475.7,"flood_hist_n":0,"flood_depth_max_m":null,"flood_risk_100y":null,"semi_basement_r":null,"elderly_alone_r":0.3256,"bldg_age30_r":null,"shelter_min_walk":36,"pop":2102,"hh":1330,"elderly65_r":0.4957,"single_hh_r":0.585,"source_level":"emd","flood_years":[],"landslide_hist_n":0},"geometry":{"type":"Polygon","coordinates":[[[127.86414,35.96162],[127.8633,35.95783],[127.86748,35.95576],[127.8725,35.95749],[127.87334,35.96129],[127.86916,35.96335],[127.86414,35.96162]]]}},{"type":"Feature","properties":{"h3":"8830c5540dfffff","emd_code":"5273031000","emd_name":"무풍면","area_km2":0.5284,"edge":false,"slope_mean":9.04,"elev_mean":421.5,"flood_hist_n":1,"flood_depth_max_m":1.0,"flood_risk_100y":null,"semi_basement_r":null,"elderly_alone_r":0.3256,"bldg_age30_r":null,"shelter_min_walk":28,"pop":2102,"hh":1330,"elderly65_r":0.4957,"single_hh_r":0.585,"source_level":"emd","flood_years":[2020],"landslide_hist_n":0},"geometry":{"type":"Polygon","coordinates":[[[127.84907,35.95643],[127.84823,35.95263],[127.85241,35.95057],[127.85743,35.9523],[127.85827,35.95609],[127.85409,35.95816],[127.84907,35.95643]]]}},{"type":"Feature","properties":{"h3":"8830c55411fffff","emd_code":"5273031000","emd_name":"무풍면","area_km2":0.5285,"edge":false,"slope_mean":19.52,"elev_mean":575.3,"flood_hist_n":0,"flood_depth_max_m":null,"flood_risk_100y":null,"semi_basement_r":null,"elderly_alone_r":0.3256,"bldg_age30_r":null,"shelter_min_walk":60,"pop":2102,"hh":1330,"elderly65_r":0.4957,"single_hh_r":0.585,"source_level":"emd","flood_years":[],"landslide_hist_n":0},"geometry":{"type":"Polygon","coordinates":[[[127.88255,35.96095],[127.88171,35.95716],[127.88589,35.95509],[127.89092,35.95682],[127.89176,35.96062],[127.88758,35.96268],[127.88255,35.96095]]]}},{"type":"Feature","properties":{"h3":"8830c55413fffff","emd_code":"5273031000","emd_name":"무풍면","area_km2":0.5285,"edge":false,"slope_mean":22.61,"elev_mean":691.0,"flood_hist_n":0,"flood_depth_max_m":null,"flood_risk_100y":null,"semi_basement_r":null,"elderly_alone_r":0.3256,"bldg_age30_r":null,"shelter_min_walk":72,"pop":2102,"hh":1330,"elderly65_r":0.4957,"single_hh_r":0.585,"source_level":"emd","flood_years":[],"landslide_hist_n":0},"geometry":{"type":"Polygon","coordinates":[[[127.89176,35.96062],[127.89092,35.95682],[127.8951,35.95476],[127.90013,35.95649],[127.90097,35.96028],[127.89678,35.96235],[127.89176,35.96062]]]}},{"type":"Feature","properties":{"h3":"8830c55415fffff","emd_code":"5273031000","emd_name":"무풍면","area_km2":0.5285,"edge":false,"slope_mean":9.74,"elev_mean":495.4,"flood_hist_n":1,"flood_depth_max_m":1.0,"flood_risk_100y":null,"semi_basement_r":null,"elderly_alone_r":0.3256,"bldg_age30_r":null,"shelter_min_walk":56,"pop":2102,"hh":1330,"elderly65_r":0.4957,"single_hh_r":0.585,"source_level":"emd","flood_years":[2020],"landslide_hist_n":0},"geometry":{"type":"Polygon","coordinates":[[[127.87669,35.95543],[127.87585,35.95163],[127.88003,35.94957],[127.88505,35.9513],[127.88589,35.95509],[127.88171,35.95716],[127.87669,35.95543]]]}},{"type":"Feature","properties":{"h3":"8830c55417fffff","emd_code":"5273031000","emd_name":"무풍면","area_km2":0.5286,"edge":false,"slope_mean":17.1,"elev_mean":550.9,"flood_hist_n":0,"flood_depth_max_m":null,"flood_risk_100y":null,"semi_basement_r":null,"elderly_alone_r":0.3256,"bldg_age30_r":null,"shelter_min_walk":67,"pop":2102,"hh":1330,"elderly65_r":0.4957,"single_hh_r":0.585,"source_level":"emd","flood_years":[],"landslide_hist_n":0},"geometry":{"type":"Polygon","coordinates":[[[127.88589,35.95509],[127.88505,35.9513],[127.88924,35.94923],[127.89426,35.95096],[127.8951,35.95476],[127.89092,35.95682],[127.88589,35.95509]]]}},{"type":"Feature","properties":{"h3":"8830c55419fffff","emd_code":"5273031000","emd_name":"무풍면","area_km2":0.5284,"edge":false,"slope_mean":17.88,"elev_mean":552.4,"flood_hist_n":0,"flood_depth_max_m":null,"flood_risk_100y":null,"semi_basement_r":null,"elderly_alone_r":0.3256,"bldg_age30_r":null,"shelter_min_walk":53,"pop":2102,"hh":1330,"elderly65_r":0.4957,"single_hh_r":0.585,"source_level":"emd","flood_years":[],"landslide_hist_n":0},"geometry":{"type":"Polygon","coordinates":[[[127.87921,35.96681],[127.87837,35.96302],[127.88255,35.96095],[127.88758,35.96268],[127.88842,35.96648],[127.88423,35.96854],[127.87921,35.96681]]]}},{"type":"Feature","properties":{"h3":"8830c5541bfffff","emd_code":"5273031000","emd_name":"무풍면","area_km2":0.5284,"edge":false,"slope_mean":19.31,"elev_mean":622.7,"flood_hist_n":0,"flood_depth_max_m":null,"flood_risk_100y":null,"semi_basement_r":null,"elderly_alone_r":0.3256,"bldg_age30_r":null,"shelter_min_walk":65,"pop":2102,"hh":1330,"elderly65_r":0.4957,"single_hh_r":0.585,"source_level":"emd","flood_years":[],"landslide_hist_n":0},"geometry":{"type":"Polygon","coordinates":[[[127.88842,35.96648],[127.88758,35.96268],[127.89176,35.96062],[127.89678,35.96235],[127.89763,35.96614],[127.89344,35.96821],[127.88842,35.96648]]]}},{"type":"Feature","properties":{"h3":"8830c5541dfffff","emd_code":"5273031000","emd_name":"무풍면","area_km2":0.5284,"edge":false,"slope_mean":10.58,"elev_mean":482.8,"flood_hist_n":1,"flood_depth_max_m":1.0,"flood_risk_100y":null,"semi_basement_r":null,"elderly_alone_r":0.3256,"bldg_age30_r":null,"shelter_min_walk":48,"pop":2102,"hh":1330,"elderly65_r":0.4957,"single_hh_r":0.585,"source_level":"emd","flood_years":[2020],"landslide_hist_n":0},"geometry":{"type":"Polygon","coordinates":[[[127.87334,35.96129],[127.8725,35.95749],[127.87669,35.95543],[127.88171,35.95716],[127.88255,35.96095],[127.87837,35.96302],[127.87334,35.96129]]]}},{"type":"Feature","properties":{"h3":"8830c55421fffff","emd_code":"5273031000","emd_name":"무풍면","area_km2":0.5287,"edge":false,"slope_mean":21.28,"elev_mean":564.0,"flood_hist_n":0,"flood_depth_max_m":null,"flood_risk_100y":null,"semi_basement_r":null,"elderly_alone_r":0.3256,"bldg_age30_r":null,"shelter_min_walk":56,"pop":2102,"hh":1330,"elderly65_r":0.4957,"single_hh_r":0.585,"source_level":"emd","flood_years":[],"landslide_hist_n":0},"geometry":{"type":"Polygon","coordinates":[[[127.84989,35.93918],[127.84905,35.93538],[127.85323,35.93332],[127.85825,35.93505],[127.85909,35.93885],[127.85491,35.94091],[127.84989,35.93918]]]}},{"type":"Feature","properties":{"h3":"8830c55423fffff","emd_code":"5273031000","emd_name":"무풍면","area_km2":0.5287,"edge":false,"slope_mean":26.17,"elev_mean":675.7,"flood_hist_n":0,"flood_depth_max_m":null,"flood_risk_100y":null,"semi_basement_r":null,"elderly_alone_r":0.3256,"bldg_age30_r":null,"shelter_min_walk":61,"pop":2102,"hh":1330,"elderly65_r":0.4957,"single_hh_r":0.585,"source_level":"emd","flood_years":[],"landslide_hist_n":0},"geometry":{"type":"Polygon","coordinates":[[[127.85909,35.93885],[127.85825,35.93505],[127.86244,35.93299],[127.86746,35.93472],[127.8683,35.93851],[127.86412,35.94058],[127.85909,35.93885]]]}},{"type":"Feature","properties":{"h3":"8830c55425fffff","emd_code":"5273031000","emd_name":"무풍면","area_km2":0.5288,"edge":false,"slope_mean":27.41,"elev_mean":719.8,"flood_hist_n":0,"flood_depth_max_m":null,"flood_risk_100y":null,"semi_basement_r":null,"elderly_alone_r":0.3256,"bldg_age30_r":null,"shelter_min_walk":64,"pop":2102,"hh":1330,"elderly65_r":0.4957,"single_hh_r":0.585,"source_level":"emd","flood_years":[],"landslide_hist_n":0},"geometry":{"type":"Polygon","coordinates":[[[127.84402,35.93365],[127.84318,35.92985],[127.84737,35.92779],[127.85239,35.92952],[127.85323,35.93332],[127.84905,35.93538],[127.84402,35.93365]]]}},{"type":"Feature","properties":{"h3":"8830c55427fffff","emd_code":"5273031000","emd_name":"무풍면","area_km2":0.5288,"edge":false,"slope_mean":25.62,"elev_mean":638.9,"flood_hist_n":0,"flood_depth_max_m":null,"flood_risk_100y":null,"semi_basement_r":null,"elderly_alone_r":0.3256,"bldg_age30_r":null,"shelter_min_walk":66,"pop":2102,"hh":1330,"elderly65_r":0.4957,"single_hh_r":0.585,"source_level":"emd","flood_years":[],"landslide_hist_n":0},"geometry":{"type":"Polygon","coordinates":[[[127.85323,35.93332],[127.85239,35.92952],[127.85657,35.92746],[127.8616,35.92919],[127.86244,35.93299],[127.85825,35.93505],[127.85323,35.93332]]]}},{"type":"Feature","properties":{"h3":"8830c55429fffff","emd_code":"5273031000","emd_name":"무풍면","area_km2":0.5286,"edge":false,"slope_mean":11.11,"elev_mean":464.3,"flood_hist_n":0,"flood_depth_max_m":null,"flood_risk_100y":null,"semi_basement_r":null,"elderly_alone_r":0.3256,"bldg_age30_r":null,"shelter_min_walk":45,"pop":2102,"hh":1330,"elderly65_r":0.4957,"single_hh_r":0.585,"source_level":"emd","flood_years":[],"landslide_hist_n":0},"geometry":{"type":"Polygon","coordinates":[[[127.84655,35.94504],[127.84571,35.94124],[127.84989,35.93918],[127.85491,35.94091],[127.85575,35.94471],[127.85157,35.94677],[127.84655,35.94504]]]}},{"type":"Feature","properties":{"h3":"8830c5542bfffff","emd_code":"5273031000","emd_name":"무풍면","area_km2":0.5286,"edge":false,"slope_mean":14.27,"elev_mean":517.2,"flood_hist_n":0,"flood_depth_max_m":null,"flood_risk_100y":null,"semi_basement_r":null,"elderly_alone_r":0.3256,"bldg_age30_r":null,"shelter_min_walk":50,"pop":2102,"hh":1330,"elderly65_r":0.4957,"single_hh_r":0.585,"source_level":"emd","flood_years":[],"landslide_hist_n":0},"geometry":{"type":"Polygon","coordinates":[[[127.85575,35.94471],[127.85491,35.94091],[127.85909,35.93885],[127.86412,35.94058],[127.86496,35.94437],[127.86077,35.94644],[127.85575,35.94471]]]}},{"type":"Feature","properties":{"h3":"8830c5542dfffff","emd_code":"5273031000","emd_name":"무풍면","area_km2":0.5286,"edge":false,"slope_mean":18.37,"elev_mean":540.9,"flood_hist_n":0,"flood_depth_max_m":null,"flood_risk_100y":null,"semi_basement_r":null,"elderly_alone_r":0.3256,"bldg_age30_r":null,"shelter_min_walk":54,"pop":2102,"hh":1330,"elderly65_r":0.4957,"single_hh_r":0.585,"source_level":"emd","flood_years":[],"landslide_hist_n":0},"geometry":{"type":"Polygon","coordinates":[[[127.84068,35.93951],[127.83984,35.93571],[127.84402,35.93365],[127.84905,35.93538],[127.84989,35.93918],[127.84571,35.94124],[127.84068,35.93951]]]}},{"type":"Feature","properties":{"h3":"8830c55431fffff","emd_code":"5273031000","emd_name":"무풍면","area_km2":0.5287,"edge":false,"slope_mean":22.92,"elev_mean":718.5,"flood_hist_n":0,"flood_depth_max_m":null,"flood_risk_100y":null,"semi_basement_r":null,"elderly_alone_r":0.3256,"bldg_age30_r":null,"shelter_min_walk":65,"pop":2102,"hh":1330,"elderly65_r":0.4957,"single_hh_r":0.585,"source_level":"emd","flood_years":[],"landslide_hist_n":1},"geometry":{"type":"Polygon","coordinates":[[[127.87416,35.94404],[127.87332,35.94025],[127.87751,35.93818],[127.88253,35.93991],[127.88337,35.94371],[127.87919,35.94577],[127.87416,35.94404]]]}},{"type":"Feature","properties":{"h3":"8830c55433fffff","emd_code":"5273031000","emd_name":"무풍면","area_km2":0.5288,"edge":false,"slope_mean":17.01,"elev_mean":662.9,"flood_hist_n":0,"flood_depth_max_m":null,"flood_risk_100y":null,"semi_basement_r":null,"elderly_alone_r":0.3256,"bldg_age30_r":null,"shelter_min_walk":75,"pop":2102,"hh":1330,"elderly65_r":0.4957,"single_hh_r":0.585,"source_level":"emd","flood_years":[],"landslide_hist_n":0},"geometry":{"type":"Polygon","coordinates":[[[127.88337,35.94371],[127.88253,35.93991],[127.88672,35.93785],[127.89174,35.93958],[127.89258,35.94337],[127.8884,35.94544],[127.88337,35.94371]]]}},{"type":"Feature","properties":{"h3":"8830c55435fffff","emd_code":"5273031000","emd_name":"무풍면","area_km2":0.5288,"edge":false,"slope_mean":27.75,"elev_mean":870.1,"flood_hist_n":0,"flood_depth_max_m":null,"flood_risk_100y":null,"semi_basement_r":null,"elderly_alone_r":0.3256,"bldg_age30_r":null,"shelter_min_walk":67,"pop":2102,"hh":1330,"elderly65_r":0.4957,"single_hh_r":0.585,"source_level":"emd","flood_years":[],"landslide_hist_n":0},"geometry":{"type":"Polygon","coordinates":[[[127.8683,35.93851],[127.86746,35.93472],[127.87164,35.93265],[127.87667,35.93438],[127.87751,35.93818],[127.87332,35.94025],[127.8683,35.93851]]]}},{"type":"Feature","properties":{"h3":"8830c55437fffff","emd_code":"5273031000","emd_name":"무풍면","area_km2":0.5288,"edge":false,"slope_mean":27.91,"elev_mean":915.5,"flood_hist_n":0,"flood_depth_max_m":null,"flood_risk_100y":null,"semi_basement_r":null,"elderly_alone_r":0.3256,"bldg_age30_r":null,"shelter_min_walk":75,"pop":2102,"hh":1330,"elderly65_r":0.4957,"single_hh_r":0.585,"source_level":"emd","flood_years":[],"landslide_hist_n":0},"geometry":{"type":"Polygon","coordinates":[[[127.87751,35.93818],[127.87667,35.93438],[127.88085,35.93232],[127.88587,35.93405],[127.88672,35.93785],[127.88253,35.93991],[127.87751,35.93818]]]}},{"type":"Feature","properties":{"h3":"8830c55439fffff","emd_code":"5273031000","emd_name":"무풍면","area_km2":0.5286,"edge":false,"slope_mean":12.56,"elev_mean":557.7,"flood_hist_n":0,"flood_depth_max_m":null,"flood_risk_100y":null,"semi_basement_r":null,"elderly_alone_r":0.3256,"bldg_age30_r":null,"shelter_min_walk":55,"pop":2102,"hh":1330,"elderly65_r":0.4957,"single_hh_r":0.585,"source_level":"emd","flood_years":[],"landslide_hist_n":0},"geometry":{"type":"Polygon","coordinates":[[[127.87082,35.9499],[127.86998,35.94611],[127.87416,35.94404],[127.87919,35.94577],[127.88003,35.94957],[127.87585,35.95163],[127.87082,35.9499]]]}},{"type":"Feature","properties":{"h3":"8830c5543bfffff","emd_code":"5273031000","emd_name":"무풍면","area_km2":0.5287,"edge":false,"slope_mean":12.34,"elev_mean":560.6,"flood_hist_n":0,"flood_depth_max_m":null,"flood_risk_100y":null,"semi_basement_r":null,"elderly_alone_r":0.3256,"bldg_age30_r":null,"shelter_min_walk":65,"pop":2102,"hh":1330,"elderly65_r":0.4957,"single_hh_r":0.585,"source_level":"emd","flood_years":[],"landslide_hist_n":0},"geometry":{"type":"Polygon","coordinates":[[[127.88003,35.94957],[127.87919,35.94577],[127.88337,35.94371],[127.8884,35.94544],[127.88924,35.94923],[127.88505,35.9513],[127.88003,35.94957]]]}},{"type":"Feature","properties":{"h3":"8830c5543dfffff","emd_code":"5273031000","emd_name":"무풍면","area_km2":0.5287,"edge":false,"slope_mean":18.68,"elev_mean":649.7,"flood_hist_n":0,"flood_depth_max_m":null,"flood_risk_100y":null,"semi_basement_r":null,"elderly_alone_r":0.3256,"bldg_age30_r":null,"shelter_min_walk":57,"pop":2102,"hh":1330,"elderly65_r":0.4957,"single_hh_r":0.585,"source_level":"emd","flood_years":[],"landslide_hist_n":0},"geometry":{"type":"Polygon","coordinates":[[[127.86496,35.94437],[127.86412,35.94058],[127.8683,35.93851],[127.87332,35.94025],[127.87416,35.94404],[127.86998,35.94611],[127.86496,35.94437]]]}},{"type":"Feature","properties":{"h3":"8830c55441fffff","emd_code":"5273031000","emd_name":"무풍면","area_km2":0.5282,"edge":false,"slope_mean":7.89,"elev_mean":383.3,"flood_hist_n":1,"flood_depth_max_m":1.0,"flood_risk_100y":null,"semi_basement_r":null,"elderly_alone_r":0.3256,"bldg_age30_r":null,"shelter_min_walk":7,"pop":2102,"hh":1330,"elderly65_r":0.4957,"single_hh_r":0.585,"source_level":"emd","flood_years":[2020],"landslide_hist_n":0},"geometry":{"type":"Polygon","coordinates":[[[127.84238,35.96814],[127.84154,35.96435],[127.84572,35.96228],[127.85075,35.96401],[127.85159,35.96781],[127.8474,35.96987],[127.84238,35.96814]]]}},{"type":"Feature","properties":{"h3":"8830c55443fffff","emd_code":"5273031000","emd_name":"무풍면","area_km2":0.5282,"edge":false,"slope_mean":18.62,"elev_mean":448.8,"flood_hist_n":1,"flood_depth_max_m":1.0,"flood_risk_100y":null,"semi_basement_r":null,"elderly_alone_r":0.3256,"bldg_age30_r":null,"shelter_min_walk":17,"pop":2102,"hh":1330,"elderly65_r":0.4957,"single_hh_r":0.585,"source_level":"emd","flood_years":[2020],"landslide_hist_n":0},"geometry":{"type":"Polygon","coordinates":[[[127.85159,35.96781],[127.85075,35.96401],[127.85493,35.96195],[127.85995,35.96368],[127.86079,35.96748],[127.85661,35.96954],[127.85159,35.96781]]]}},{"type":"Feature","properties":{"h3":"8830c55445fffff","emd_code":"5273031000","emd_name":"무풍면","area_km2":0.5282,"edge":false,"slope_mean":7.54,"elev_mean":390.9,"flood_hist_n":1,"flood_depth_max_m":1.0,"flood_risk_100y":null,"semi_basement_r":null,"elderly_alone_r":0.3256,"bldg_age30_r":null,"shelter_min_walk":16,"pop":2102,"hh":1330,"elderly65_r":0.4957,"single_hh_r":0.585,"source_level":"emd","flood_years":[2020],"landslide_hist_n":0},"geometry":{"type":"Polygon","coordinates":[[[127.83652,35.96261],[127.83568,35.95882],[127.83986,35.95676],[127.84488,35.95849],[127.84572,35.96228],[127.84154,35.96435],[127.83652,35.96261]]]}},{"type":"Feature","properties":{"h3":"8830c55447fffff","emd_code":"5273031000","emd_name":"무풍면","area_km2":0.5283,"edge":false,"slope_mean":15.4,"elev_mean":429.2,"flood_hist_n":0,"flood_depth_max_m":null,"flood_risk_100y":null,"semi_basement_r":null,"elderly_alone_r":0.3256,"bldg_age30_r":null,"shelter_min_walk":18,"pop":2102,"hh":1330,"elderly65_r":0.4957,"single_hh_r":0.585,"source_level":"emd","flood_years":[],"landslide_hist_n":0},"geometry":{"type":"Polygon","coordinates":[[[127.84572,35.96228],[127.84488,35.95849],[127.84907,35.95643],[127.85409,35.95816],[127.85493,35.96195],[127.85075,35.96401],[127.84572,35.96228]]]}},{"type":"Feature","properties":{"h3":"8830c55449fffff","emd_code":"5273031000","emd_name":"무풍면","area_km2":0.5281,"edge":false,"slope_mean":8.31,"elev_mean":382.8,"flood_hist_n":1,"flood_depth_max_m":1.0,"flood_risk_100y":null,"semi_basement_r":null,"elderly_alone_r":0.3256,"bldg_age30_r":null,"shelter_min_walk":4,"pop":2102,"hh":1330,"elderly65_r":0.4957,"single_hh_r":0.585,"source_level":"emd","flood_years":[2020],"landslide_hist_n":0},"geometry":{"type":"Polygon","coordinates":[[[127.83904,35.974],[127.8382,35.9702],[127.84238,35.96814],[127.8474,35.96987],[127.84824,35.97367],[127.84406,35.97573],[127.83904,35.974]]]}},{"type":"Feature","properties":{"h3":"8830c5544bfffff","emd_code":"5273031000","emd_name":"무풍면","area_km2":0.5281,"edge":false,"slope_mean":16.52,"elev_mean":417.2,"flood_hist_n":1,"flood_depth_max_m":0.5,"flood_risk_100y":null,"semi_basement_r":null,"elderly_alone_r":0.3256,"bldg_age30_r":null,"shelter_min_walk":11,"pop":2102,"hh":1330,"elderly65_r":0.4957,"single_hh_r":0.585,"source_level":"emd","flood_years":[2020],"landslide_hist_n":4},"geometry":{"type":"Polygon","coordinates":[[[127.84824,35.97367],[127.8474,35.96987],[127.85159,35.96781],[127.85661,35.96954],[127.85745,35.97333],[127.85327,35.9754],[127.84824,35.97367]]]}},{"type":"Feature","properties":{"h3":"8830c5544dfffff","emd_code":"5273031000","emd_name":"무풍면","area_km2":0.5281,"edge":false,"slope_mean":8.38,"elev_mean":389.0,"flood_hist_n":1,"flood_depth_max_m":1.0,"flood_risk_100y":null,"semi_basement_r":null,"elderly_alone_r":0.3256,"bldg_age30_r":null,"shelter_min_walk":11,"pop":2102,"hh":1330,"elderly65_r":0.4957,"single_hh_r":0.585,"source_level":"emd","flood_years":[2020],"landslide_hist_n":0},"geometry":{"type":"Polygon","coordinates":[[[127.83317,35.96847],[127.83233,35.96468],[127.83652,35.96261],[127.84154,35.96435],[127.84238,35.96814],[127.8382,35.9702],[127.83317,35.96847]]]}},{"type":"Feature","properties":{"h3":"8830c55451fffff","emd_code":"5273031000","emd_name":"무풍면","area_km2":0.5282,"edge":false,"slope_mean":21.93,"elev_mean":541.2,"flood_hist_n":1,"flood_depth_max_m":1.0,"flood_risk_100y":null,"semi_basement_r":null,"elderly_alone_r":0.3256,"bldg_age30_r":null,"shelter_min_walk":36,"pop":2102,"hh":1330,"elderly65_r":0.4957,"single_hh_r":0.585,"source_level":"emd","flood_years":[2020],"landslide_hist_n":0},"geometry":{"type":"Polygon","coordinates":[[[127.86666,35.973],[127.86582,35.96921],[127.87,35.96715],[127.87502,35.96888],[127.87587,35.97267],[127.87168,35.97473],[127.86666,35.973]]]}},{"type":"Feature","properties":{"h3":"8830c55453fffff","emd_code":"5273031000","emd_name":"무풍면","area_km2":0.5283,"edge":false,"slope_mean":20.88,"elev_mean":550.5,"flood_hist_n":0,"flood_depth_max_m":null,"flood_risk_100y":null,"semi_basement_r":null,"elderly_alone_r":0.3256,"bldg_age30_r":null,"shelter_min_walk":48,"pop":2102,"hh":1330,"elderly65_r":0.4957,"single_hh_r":0.585,"source_level":"emd","flood_years":[],"landslide_hist_n":0},"geometry":{"type":"Polygon","coordinates":[[[127.87587,35.97267],[127.87502,35.96888],[127.87921,35.96681],[127.88423,35.96854],[127.88507,35.97234],[127.88089,35.9744],[127.87587,35.97267]]]}},{"type":"Feature","properties":{"h3":"8830c55455fffff","emd_code":"5273031000","emd_name":"무풍면","area_km2":0.5283,"edge":false,"slope_mean":19.07,"elev_mean":474.9,"flood_hist_n":1,"flood_depth_max_m":1.0,"flood_risk_100y":null,"semi_basement_r":null,"elderly_alone_r":0.3256,"bldg_age30_r":null,"shelter_min_walk":29,"pop":2102,"hh":1330,"elderly65_r":0.4957,"single_hh_r":0.585,"source_level":"emd","flood_years":[2020],"landslide_hist_n":2},"geometry":{"type":"Polygon","coordinates":[[[127.86079,35.96748],[127.85995,35.96368],[127.86414,35.96162],[127.86916,35.96335],[127.87,35.96715],[127.86582,35.96921],[127.86079,35.96748]]]}},{"type":"Feature","properties":{"h3":"8830c55457fffff","emd_code":"5273031000","emd_name":"무풍면","area_km2":0.5283,"edge":false,"slope_mean":17.0,"elev_mean":503.2,"flood_hist_n":1,"flood_depth_max_m":1.0,"flood_risk_100y":null,"semi_basement_r":null,"elderly_alone_r":0.3256,"bldg_age30_r":null,"shelter_min_walk":41,"pop":2102,"hh":1330,"elderly65_r":0.4957,"single_hh_r":0.585,"source_level":"emd","flood_years":[2020],"landslide_hist_n":1},"geometry":{"type":"Polygon","coordinates":[[[127.87,35.96715],[127.86916,35.96335],[127.87334,35.96129],[127.87837,35.96302],[127.87921,35.96681],[127.87502,35.96888],[127.87,35.96715]]]}},{"type":"Feature","properties":{"h3":"8830c55459fffff","emd_code":"5273031000","emd_name":"무풍면","area_km2":0.5281,"edge":false,"slope_mean":24.39,"elev_mean":665.9,"flood_hist_n":0,"flood_depth_max_m":null,"flood_risk_100y":null,"semi_basement_r":null,"elderly_alone_r":0.3256,"bldg_age30_r":null,"shelter_min_walk":33,"pop":2102,"hh":1330,"elderly65_r":0.4957,"single_hh_r":0.585,"source_level":"emd","flood_years":[],"landslide_hist_n":0},"geometry":{"type":"Polygon","coordinates":[[[127.86331,35.97886],[127.86247,35.97507],[127.86666,35.973],[127.87168,35.97473],[127.87252,35.97853],[127.86834,35.98059],[127.86331,35.97886]]]}},{"type":"Feature","properties":{"h3":"8830c5545bfffff","emd_code":"5273031000","emd_name":"무풍면","area_km2":0.5281,"edge":false,"slope_mean":25.93,"elev_mean":646.9,"flood_hist_n":0,"flood_depth_max_m":null,"flood_risk_100y":null,"semi_basement_r":null,"elderly_alone_r":0.3256,"bldg_age30_r":null,"shelter_min_walk":45,"pop":2102,"hh":1330,"elderly65_r":0.4957,"single_hh_r":0.585,"source_level":"emd","flood_years":[],"landslide_hist_n":0},"geometry":{"type":"Polygon","coordinates":[[[127.87252,35.97853],[127.87168,35.97473],[127.87587,35.97267],[127.88089,35.9744],[127.88173,35.97819],[127.87755,35.98026],[127.87252,35.97853]]]}},{"type":"Feature","properties":{"h3":"8830c5545dfffff","emd_code":"5273031000","emd_name":"무풍면","area_km2":0.5282,"edge":false,"slope_mean":24.82,"elev_mean":517.5,"flood_hist_n":1,"flood_depth_max_m":1.0,"flood_risk_100y":null,"semi_basement_r":null,"elderly_alone_r":0.3256,"bldg_age30_r":null,"shelter_min_walk":23,"pop":2102,"hh":1330,"elderly65_r":0.4957,"single_hh_r":0.585,"source_level":"emd","flood_years":[2020],"landslide_hist_n":0},"geometry":{"type":"Polygon","coordinates":[[[127.85745,35.97333],[127.85661,35.96954],[127.86079,35.96748],[127.86582,35.96921],[127.86666,35.973],[127.86247,35.97507],[127.85745,35.97333]]]}},{"type":"Feature","properties":{"h3":"8830c55461fffff","emd_code":"5273031000","emd_name":"무풍면","area_km2":0.5284,"edge":false,"slope_mean":21.57,"elev_mean":499.7,"flood_hist_n":1,"flood_depth_max_m":1.0,"flood_risk_100y":null,"semi_basement_r":null,"elderly_alone_r":0.3256,"bldg_age30_r":null,"shelter_min_walk":35,"pop":2102,"hh":1330,"elderly65_r":0.4957,"single_hh_r":0.585,"source_level":"emd","flood_years":[2020],"landslide_hist_n":0},"geometry":{"type":"Polygon","coordinates":[[[127.834,35.95123],[127.83316,35.94743],[127.83734,35.94537],[127.84236,35.9471],[127.8432,35.9509],[127.83902,35.95296],[127.834,35.95123]]]}},{"type":"Feature","properties":{"h3":"8830c55463fffff","emd_code":"5273031000","emd_name":"무풍면","area_km2":0.5285,"edge":false,"slope_mean":6.25,"elev_mean":413.7,"flood_hist_n":1,"flood_depth_max_m":1.0,"flood_risk_100y":null,"semi_basement_r":null,"elderly_alone_r":0.3256,"bldg_age30_r":null,"shelter_min_walk":35,"pop":2102,"hh":1330,"elderly65_r":0.4957,"single_hh_r":0.585,"source_level":"emd","flood_years":[2020],"landslide_hist_n":0},"geometry":{"type":"Polygon","coordinates":[[[127.8432,35.9509],[127.84236,35.9471],[127.84655,35.94504],[127.85157,35.94677],[127.85241,35.95057],[127.84823,35.95263],[127.8432,35.9509]]]}},{"type":"Feature","properties":{"h3":"8830c55465fffff","emd_code":"5273031000","emd_name":"무풍면","area_km2":0.5285,"edge":false,"slope_mean":21.85,"elev_mean":546.8,"flood_hist_n":0,"flood_depth_max_m":null,"flood_risk_100y":null,"semi_basement_r":null,"elderly_alone_r":0.3256,"bldg_age30_r":null,"shelter_min_walk":47,"pop":2102,"hh":1330,"elderly65_r":0.4957,"single_hh_r":0.585,"source_level":"emd","flood_years":[],"landslide_hist_n":0},"geometry":{"type":"Polygon","coordinates":[[[127.82813,35.9457],[127.82729,35.94191],[127.83148,35.93984],[127.8365,35.94157],[127.83734,35.94537],[127.83316,35.94743],[127.82813,35.9457]]]}},{"type":"Feature","properties":{"h3":"8830c55467fffff","emd_code":"5273031000","emd_name":"무풍면","area_km2":0.5285,"edge":false,"slope_mean":12.51,"elev_mean":438.5,"flood_hist_n":1,"flood_depth_max_m":1.0,"flood_risk_100y":null,"semi_basement_r":null,"elderly_alone_r":0.3256,"bldg_age30_r":null,"shelter_min_walk":44,"pop":2102,"hh":1330,"elderly65_r":0.4957,"single_hh_r":0.585,"source_level":"emd","flood_years":[2020],"landslide_hist_n":0},"geometry":{"type":"Polygon","coordinates":[[[127.83734,35.94537],[127.8365,35.94157],[127.84068,35.93951],[127.84571,35.94124],[127.84655,35.94504],[127.84236,35.9471],[127.83734,35.94537]]]}},{"type":"Feature","properties":{"h3":"8830c55469fffff","emd_code":"5273031000","emd_name":"무풍면","area_km2":0.5283,"edge":false,"slope_mean":19.15,"elev_mean":464.5,"flood_hist_n":0,"flood_depth_max_m":null,"flood_risk_100y":null,"semi_basement_r":null,"elderly_alone_r":0.3256,"bldg_age30_r":null,"shelter_min_walk":28,"pop":2102,"hh":1330,"elderly65_r":0.4957,"single_hh_r":0.585,"source_level":"emd","flood_years":[],"landslide_hist_n":0},"geometry":{"type":"Polygon","coordinates":[[[127.83065,35.95709],[127.82981,35.95329],[127.834,35.95123],[127.83902,35.95296],[127.83986,35.95676],[127.83568,35.95882],[127.83065,35.95709]]]}},{"type":"Feature","properties":{"h3":"8830c5546bfffff","emd_code":"5273031000","emd_name":"무풍면","area_km2":0.5283,"edge":false,"slope_mean":10.89,"elev_mean":408.1,"flood_hist_n":1,"flood_depth_max_m":1.0,"flood_risk_100y":null,"semi_basement_r":null,"elderly_alone_r":0.3256,"bldg_age30_r":null,"shelter_min_walk":25,"pop":2102,"hh":1330,"elderly65_r":0.4957,"single_hh_r":0.585,"source_level":"emd","flood_years":[2020],"landslide_hist_n":0},"geometry":{"type":"Polygon","coordinates":[[[127.83986,35.95676],[127.83902,35.95296],[127.8432,35.9509],[127.84823,35.95263],[127.84907,35.95643],[127.84488,35.95849],[127.83986,35.95676]]]}},{"type":"Feature","properties":{"h3":"8830c5546dfffff","emd_code":"5273031000","emd_name":"무풍면","area_km2":0.5284,"edge":false,"slope_mean":21.36,"elev_mean":569.4,"flood_hist_n":0,"flood_depth_max_m":null,"flood_risk_100y":null,"semi_basement_r":null,"elderly_alone_r":0.3256,"bldg_age30_r":null,"shelter_min_walk":40,"pop":2102,"hh":1330,"elderly65_r":0.4957,"single_hh_r":0.585,"source_level":"emd","flood_years":[],"landslide_hist_n":2},"geometry":{"type":"Polygon","coordinates":[[[127.82479,35.95156],[127.82395,35.94776],[127.82813,35.9457],[127.83316,35.94743],[127.834,35.95123],[127.82981,35.95329],[127.82479,35.95156]]]}},{"type":"Feature","properties":{"h3":"8830c554c5fffff","emd_code":"5273031000","emd_name":"무풍면","area_km2":0.5286,"edge":true,"slope_mean":26.41,"elev_mean":745.9,"flood_hist_n":0,"flood_depth_max_m":null,"flood_risk_100y":null,"semi_basement_r":null,"elderly_alone_r":0.3256,"bldg_age30_r":null,"shelter_min_walk":84,"pop":2102,"hh":1330,"elderly65_r":0.4957,"single_hh_r":0.585,"source_level":"emd","flood_years":[],"landslide_hist_n":0},"geometry":{"type":"Polygon","coordinates":[[[127.90097,35.96028],[127.90013,35.95649],[127.90431,35.95442],[127.90934,35.95615],[127.91018,35.95995],[127.90599,35.96201],[127.90097,35.96028]]]}},{"type":"Feature","properties":{"h3":"8830c554cdfffff","emd_code":"5273031000","emd_name":"무풍면","area_km2":0.5285,"edge":true,"slope_mean":24.38,"elev_mean":719.1,"flood_hist_n":0,"flood_depth_max_m":null,"flood_risk_100y":null,"semi_basement_r":null,"elderly_alone_r":0.3256,"bldg_age30_r":null,"shelter_min_walk":78,"pop":2102,"hh":1330,"elderly65_r":0.4957,"single_hh_r":0.585,"source_level":"emd","flood_years":[],"landslide_hist_n":0},"geometry":{"type":"Polygon","coordinates":[[[127.89763,35.96614],[127.89678,35.96235],[127.90097,35.96028],[127.90599,35.96201],[127.90683,35.96581],[127.90265,35.96787],[127.89763,35.96614]]]}},{"type":"Feature","properties":{"h3":"8830c554e1fffff","emd_code":"5273031000","emd_name":"무풍면","area_km2":0.5288,"edge":false,"slope_mean":16.35,"elev_mean":649.6,"flood_hist_n":0,"flood_depth_max_m":null,"flood_risk_100y":null,"semi_basement_r":null,"elderly_alone_r":0.3256,"bldg_age30_r":null,"shelter_min_walk":87,"pop":2102,"hh":1330,"elderly65_r":0.4957,"single_hh_r":0.585,"source_level":"emd","flood_years":[],"landslide_hist_n":0},"geometry":{"type":"Polygon","coordinates":[[[127.89845,35.9489],[127.89761,35.9451],[127.90179,35.94304],[127.90681,35.94477],[127.90765,35.94856],[127.90347,35.95063],[127.89845,35.9489]]]}},{"type":"Feature","properties":{"h3":"8830c554e3fffff","emd_code":"5273031000","emd_name":"무풍면","area_km2":0.5288,"edge":true,"slope_mean":22.31,"elev_mean":710.4,"flood_hist_n":0,"flood_depth_max_m":null,"flood_risk_100y":null,"semi_basement_r":null,"elderly_alone_r":0.3256,"bldg_age30_r":null,"shelter_min_walk":99,"pop":2102,"hh":1330,"elderly65_r":0.4957,"single_hh_r":0.585,"source_level":"emd","flood_years":[],"landslide_hist_n":0},"geometry":{"type":"Polygon","coordinates":[[[127.90765,35.94856],[127.90681,35.94477],[127.911,35.9427],[127.91602,35.94443],[127.91686,35.94823],[127.91268,35.95029],[127.90765,35.94856]]]}},{"type":"Feature","properties":{"h3":"8830c554e5fffff","emd_code":"5273031000","emd_name":"무풍면","area_km2":0.5288,"edge":false,"slope_mean":14.31,"elev_mean":625.9,"flood_hist_n":0,"flood_depth_max_m":null,"flood_risk_100y":null,"semi_basement_r":null,"elderly_alone_r":0.3256,"bldg_age30_r":null,"shelter_min_walk":85,"pop":2102,"hh":1330,"elderly65_r":0.4957,"single_hh_r":0.585,"source_level":"emd","flood_years":[],"landslide_hist_n":0},"geometry":{"type":"Polygon","coordinates":[[[127.89258,35.94337],[127.89174,35.93958],[127.89592,35.93751],[127.90095,35.93924],[127.90179,35.94304],[127.89761,35.9451],[127.89258,35.94337]]]}},{"type":"Feature","properties":{"h3":"8830c554e7fffff","emd_code":"5273031000","emd_name":"무풍면","area_km2":0.5289,"edge":false,"slope_mean":24.57,"elev_mean":712.1,"flood_hist_n":0,"flood_depth_max_m":null,"flood_risk_100y":null,"semi_basement_r":null,"elderly_alone_r":0.3256,"bldg_age30_r":null,"shelter_min_walk":96,"pop":2102,"hh":1330,"elderly65_r":0.4957,"single_hh_r":0.585,"source_level":"emd","flood_years":[],"landslide_hist_n":0},"geometry":{"type":"Polygon","coordinates":[[[127.90179,35.94304],[127.90095,35.93924],[127.90513,35.93717],[127.91016,35.9389],[127.911,35.9427],[127.90681,35.94477],[127.90179,35.94304]]]}},{"type":"Feature","properties":{"h3":"8830c554e9fffff","emd_code":"5273031000","emd_name":"무풍면","area_km2":0.5286,"edge":false,"slope_mean":21.12,"elev_mean":682.3,"flood_hist_n":0,"flood_depth_max_m":null,"flood_risk_100y":null,"semi_basement_r":null,"elderly_alone_r":0.3256,"bldg_age30_r":null,"shelter_min_walk":79,"pop":2102,"hh":1330,"elderly65_r":0.4957,"single_hh_r":0.585,"source_level":"emd","flood_years":[],"landslide_hist_n":0},"geometry":{"type":"Polygon","coordinates":[[[127.8951,35.95476],[127.89426,35.95096],[127.89845,35.9489],[127.90347,35.95063],[127.90431,35.95442],[127.90013,35.95649],[127.8951,35.95476]]]}},{"type":"Feature","properties":{"h3":"8830c554ebfffff","emd_code":"5273031000","emd_name":"무풍면","area_km2":0.5287,"edge":false,"slope_mean":23.49,"elev_mean":712.5,"flood_hist_n":0,"flood_depth_max_m":null,"flood_risk_100y":null,"semi_basement_r":null,"elderly_alone_r":0.3256,"bldg_age30_r":null,"shelter_min_walk":91,"pop":2102,"hh":1330,"elderly65_r":0.4957,"single_hh_r":0.585,"source_level":"emd","flood_years":[],"landslide_hist_n":0},"geometry":{"type":"Polygon","coordinates":[[[127.90431,35.95442],[127.90347,35.95063],[127.90765,35.94856],[127.91268,35.95029],[127.91352,35.95409],[127.90934,35.95615],[127.90431,35.95442]]]}},{"type":"Feature","properties":{"h3":"8830c554edfffff","emd_code":"5273031000","emd_name":"무풍면","area_km2":0.5287,"edge":false,"slope_mean":12.18,"elev_mean":561.3,"flood_hist_n":0,"flood_depth_max_m":null,"flood_risk_100y":null,"semi_basement_r":null,"elderly_alone_r":0.3256,"bldg_age30_r":null,"shelter_min_walk":76,"pop":2102,"hh":1330,"elderly65_r":0.4957,"single_hh_r":0.585,"source_level":"emd","flood_years":[],"landslide_hist_n":0},"geometry":{"type":"Polygon","coordinates":[[[127.88924,35.94923],[127.8884,35.94544],[127.89258,35.94337],[127.89761,35.9451],[127.89845,35.9489],[127.89426,35.95096],[127.88924,35.94923]]]}},{"type":"Feature","properties":{"h3":"8830c55501fffff","emd_code":"5273031000","emd_name":"무풍면","area_km2":0.5289,"edge":false,"slope_mean":25.33,"elev_mean":756.3,"flood_hist_n":0,"flood_depth_max_m":null,"flood_risk_100y":null,"semi_basement_r":null,"elderly_alone_r":0.3256,"bldg_age30_r":null,"shelter_min_walk":96,"pop":2102,"hh":1330,"elderly65_r":0.4957,"single_hh_r":0.585,"source_level":"emd","flood_years":[],"landslide_hist_n":0},"geometry":{"type":"Polygon","coordinates":[[[127.81723,35.91739],[127.81639,35.91359],[127.82058,35.91153],[127.8256,35.91326],[127.82644,35.91706],[127.82226,35.91912],[127.81723,35.91739]]]}},{"type":"Feature","properties":{"h3":"8830c55503fffff","emd_code":"5273031000","emd_name":"무풍면","area_km2":0.5289,"edge":false,"slope_mean":18.83,"elev_mean":631.8,"flood_hist_n":0,"flood_depth_max_m":null,"flood_risk_100y":null,"semi_basement_r":null,"elderly_alone_r":0.3256,"bldg_age30_r":null,"shelter_min_walk":93,"pop":2102,"hh":1330,"elderly65_r":0.4957,"single_hh_r":0.585,"source_level":"emd","flood_years":[],"landslide_hist_n":2},"geometry":{"type":"Polygon","coordinates":[[[127.82644,35.91706],[127.8256,35.91326],[127.82978,35.9112],[127.8348,35.91293],[127.83564,35.91673],[127.83146,35.91879],[127.82644,35.91706]]]}},{"type":"Feature","properties":{"h3":"8830c55505fffff","emd_code":"5273031000","emd_name":"무풍면","area_km2":0.529,"edge":false,"slope_mean":25.22,"elev_mean":811.8,"flood_hist_n":0,"flood_depth_max_m":null,"flood_risk_100y":null,"semi_basement_r":null,"elderly_alone_r":0.3256,"bldg_age30_r":null,"shelter_min_walk":107,"pop":2102,"hh":1330,"elderly65_r":0.4957,"single_hh_r":0.585,"source_level":"emd","flood_years":[],"landslide_hist_n":0},"geometry":{"type":"Polygon","coordinates":[[[127.81137,35.91186],[127.81053,35.90806],[127.81471,35.906],[127.81974,35.90773],[127.82058,35.91153],[127.81639,35.91359],[127.81137,35.91186]]]}},{"type":"Feature","properties":{"h3":"8830c55507fffff","emd_code":"5273031000","emd_name":"무풍면","area_km2":0.529,"edge":false,"slope_mean":26.78,"elev_mean":837.2,"flood_hist_n":0,"flood_depth_max_m":null,"flood_risk_100y":null,"semi_basement_r":null,"elderly_alone_r":0.3256,"bldg_age30_r":null,"shelter_min_walk":104,"pop":2102,"hh":1330,"elderly65_r":0.4957,"single_hh_r":0.585,"source_level":"emd","flood_years":[],"landslide_hist_n":0},"geometry":{"type":"Polygon","coordinates":[[[127.82058,35.91153],[127.81974,35.90773],[127.82392,35.90566],[127.82894,35.9074],[127.82978,35.9112],[127.8256,35.91326],[127.82058,35.91153]]]}},{"type":"Feature","properties":{"h3":"8830c55509fffff","emd_code":"5273031000","emd_name":"무풍면","area_km2":0.5288,"edge":false,"slope_mean":27.64,"elev_mean":788.5,"flood_hist_n":0,"flood_depth_max_m":null,"flood_risk_100y":null,"semi_basement_r":null,"elderly_alone_r":0.3256,"bldg_age30_r":null,"shelter_min_walk":88,"pop":2102,"hh":1330,"elderly65_r":0.4957,"single_hh_r":0.585,"source_level":"emd","flood_years":[],"landslide_hist_n":0},"geometry":{"type":"Polygon","coordinates":[[[127.81389,35.92325],[127.81305,35.91945],[127.81723,35.91739],[127.82226,35.91912],[127.8231,35.92292],[127.81891,35.92499],[127.81389,35.92325]]]}},{"type":"Feature","properties":{"h3":"8830c5550bfffff","emd_code":"5273031000","emd_name":"무풍면","area_km2":0.5288,"edge":false,"slope_mean":15.82,"elev_mean":573.7,"flood_hist_n":0,"flood_depth_max_m":null,"flood_risk_100y":null,"semi_basement_r":null,"elderly_alone_r":0.3256,"bldg_age30_r":null,"shelter_min_walk":85,"pop":2102,"hh":1330,"elderly65_r":0.4957,"single_hh_r":0.585,"source_level":"emd","flood_years":[],"landslide_hist_n":0},"geometry":{"type":"Polygon","coordinates":[[[127.8231,35.92292],[127.82226,35.91912],[127.82644,35.91706],[127.83146,35.91879],[127.8323,35.92259],[127.82812,35.92465],[127.8231,35.92292]]]}},{"type":"Feature","properties":{"h3":"8830c5550dfffff","emd_code":"5273031000","emd_name":"무풍면","area_km2":0.5289,"edge":false,"slope_mean":25.73,"elev_mean":854.0,"flood_hist_n":0,"flood_depth_max_m":null,"flood_risk_100y":null,"semi_basement_r":null,"elderly_alone_r":0.3256,"bldg_age30_r":null,"shelter_min_walk":100,"pop":2102,"hh":1330,"elderly65_r":0.4957,"single_hh_r":0.585,"source_level":"emd","flood_years":[],"landslide_hist_n":0},"geometry":{"type":"Polygon","coordinates":[[[127.80803,35.91772],[127.80719,35.91392],[127.81137,35.91186],[127.81639,35.91359],[127.81723,35.91739],[127.81305,35.91945],[127.80803,35.91772]]]}},{"type":"Feature","properties":{"h3":"8830c55511fffff","emd_code":"5273031000","emd_name":"무풍면","area_km2":0.5289,"edge":false,"slope_mean":17.92,"elev_mean":596.9,"flood_hist_n":0,"flood_depth_max_m":null,"flood_risk_100y":null,"semi_basement_r":null,"elderly_alone_r":0.3256,"bldg_age30_r":null,"shelter_min_walk":83,"pop":2102,"hh":1330,"elderly65_r":0.4957,"single_hh_r":0.585,"source_level":"emd","flood_years":[],"landslide_hist_n":1},"geometry":{"type":"Polygon","coordinates":[[[127.8415,35.92226],[127.84066,35.91846],[127.84485,35.9164],[127.84987,35.91813],[127.85071,35.92193],[127.84653,35.92399],[127.8415,35.92226]]]}},{"type":"Feature","properties":{"h3":"8830c55513fffff","emd_code":"5273031000","emd_name":"무풍면","area_km2":0.529,"edge":false,"slope_mean":21.93,"elev_mean":718.4,"flood_hist_n":0,"flood_depth_max_m":null,"flood_risk_100y":null,"semi_basement_r":null,"elderly_alone_r":0.3256,"bldg_age30_r":null,"shelter_min_walk":84,"pop":2102,"hh":1330,"elderly65_r":0.4957,"single_hh_r":0.585,"source_level":"emd","flood_years":[],"landslide_hist_n":0},"geometry":{"type":"Polygon","coordinates":[[[127.85071,35.92193],[127.84987,35.91813],[127.85405,35.91606],[127.85908,35.9178],[127.85992,35.92159],[127.85573,35.92366],[127.85071,35.92193]]]}},{"type":"Feature","properties":{"h3":"8830c55515fffff","emd_code":"5273031000","emd_name":"무풍면","area_km2":0.529,"edge":false,"slope_mean":14.27,"elev_mean":571.4,"flood_hist_n":1,"flood_depth_max_m":1.0,"flood_risk_100y":null,"semi_basement_r":null,"elderly_alone_r":0.3256,"bldg_age30_r":null,"shelter_min_walk":92,"pop":2102,"hh":1330,"elderly65_r":0.4957,"single_hh_r":0.585,"source_level":"emd","flood_years":[2020],"landslide_hist_n":2},"geometry":{"type":"Polygon","coordinates":[[[127.83564,35.91673],[127.8348,35.91293],[127.83898,35.91087],[127.84401,35.9126],[127.84485,35.9164],[127.84066,35.91846],[127.83564,35.91673]]]}},{"type":"Feature","properties":{"h3":"8830c55517fffff","emd_code":"5273031000","emd_name":"무풍면","area_km2":0.529,"edge":false,"slope_mean":18.19,"elev_mean":602.3,"flood_hist_n":0,"flood_depth_max_m":null,"flood_risk_100y":null,"semi_basement_r":null,"elderly_alone_r":0.3256,"bldg_age30_r":null,"shelter_min_walk":92,"pop":2102,"hh":1330,"elderly65_r":0.4957,"single_hh_r":0.585,"source_level":"emd","flood_years":[],"landslide_hist_n":0},"geometry":{"type":"Polygon","coordinates":[[[127.84485,35.9164],[127.84401,35.9126],[127.84819,35.91053],[127.85321,35.91227],[127.85405,35.91606],[127.84987,35.91813],[127.84485,35.9164]]]}},{"type":"Feature","properties":{"h3":"8830c55519fffff","emd_code":"5273031000","emd_name":"무풍면","area_km2":0.5288,"edge":false,"slope_mean":16.46,"elev_mean":562.0,"flood_hist_n":0,"flood_depth_max_m":null,"flood_risk_100y":null,"semi_basement_r":null,"elderly_alone_r":0.3256,"bldg_age30_r":null,"shelter_min_walk":73,"pop":2102,"hh":1330,"elderly65_r":0.4957,"single_hh_r":0.585,"source_level":"emd","flood_years":[],"landslide_hist_n":0},"geometry":{"type":"Polygon","coordinates":[[[127.83816,35.92812],[127.83732,35.92432],[127.8415,35.92226],[127.84653,35.92399],[127.84737,35.92779],[127.84318,35.92985],[127.83816,35.92812]]]}},{"type":"Feature","properties":{"h3":"8830c5551bfffff","emd_code":"5273031000","emd_name":"무풍면","area_km2":0.5289,"edge":false,"slope_mean":23.7,"elev_mean":690.6,"flood_hist_n":0,"flood_depth_max_m":null,"flood_risk_100y":null,"semi_basement_r":null,"elderly_alone_r":0.3256,"bldg_age30_r":null,"shelter_min_walk":74,"pop":2102,"hh":1330,"elderly65_r":0.4957,"single_hh_r":0.585,"source_level":"emd","flood_years":[],"landslide_hist_n":0},"geometry":{"type":"Polygon","coordinates":[[[127.84737,35.92779],[127.84653,35.92399],[127.85071,35.92193],[127.85573,35.92366],[127.85657,35.92746],[127.85239,35.92952],[127.84737,35.92779]]]}},{"type":"Feature","properties":{"h3":"8830c5551dfffff","emd_code":"5273031000","emd_name":"무풍면","area_km2":0.5289,"edge":false,"slope_mean":13.88,"elev_mean":534.5,"flood_hist_n":1,"flood_depth_max_m":1.0,"flood_risk_100y":null,"semi_basement_r":null,"elderly_alone_r":0.3256,"bldg_age30_r":null,"shelter_min_walk":83,"pop":2102,"hh":1330,"elderly65_r":0.4957,"single_hh_r":0.585,"source_level":"emd","flood_years":[2020],"landslide_hist_n":0},"geometry":{"type":"Polygon","coordinates":[[[127.8323,35.92259],[127.83146,35.91879],[127.83564,35.91673],[127.84066,35.91846],[127.8415,35.92226],[127.83732,35.92432],[127.8323,35.92259]]]}},{"type":"Feature","properties":{"h3":"8830c55521fffff","emd_code":"5273031000","emd_name":"무풍면","area_km2":0.5291,"edge":false,"slope_mean":23.33,"elev_mean":705.9,"flood_hist_n":1,"flood_depth_max_m":0.5,"flood_risk_100y":null,"semi_basement_r":null,"elderly_alone_r":0.3256,"bldg_age30_r":null,"shelter_min_walk":126,"pop":2102,"hh":1330,"elderly65_r":0.4957,"single_hh_r":0.585,"source_level":"emd","flood_years":[2020],"landslide_hist_n":0},"geometry":{"type":"Polygon","coordinates":[[[127.80885,35.90046],[127.80801,35.89666],[127.8122,35.8946],[127.81722,35.89633],[127.81806,35.90013],[127.81387,35.9022],[127.80885,35.90046]]]}},{"type":"Feature","properties":{"h3":"8830c55523fffff","emd_code":"5273031000","emd_name":"무풍면","area_km2":0.5292,"edge":false,"slope_mean":23.65,"elev_mean":799.4,"flood_hist_n":1,"flood_depth_max_m":0.5,"flood_risk_100y":null,"semi_basement_r":null,"elderly_alone_r":0.3256,"bldg_age30_r":null,"shelter_min_walk":123,"pop":2102,"hh":1330,"elderly65_r":0.4957,"single_hh_r":0.585,"source_level":"emd","flood_years":[2020],"landslide_hist_n":0},"geometry":{"type":"Polygon","coordinates":[[[127.81806,35.90013],[127.81722,35.89633],[127.8214,35.89427],[127.82642,35.896],[127.82726,35.8998],[127.82308,35.90187],[127.81806,35.90013]]]}},{"type":"Feature","properties":{"h3":"8830c55525fffff","emd_code":"5273031000","emd_name":"무풍면","area_km2":0.5292,"edge":false,"slope_mean":26.67,"elev_mean":814.7,"flood_hist_n":0,"flood_depth_max_m":null,"flood_risk_100y":null,"semi_basement_r":null,"elderly_alone_r":0.3256,"bldg_age30_r":null,"shelter_min_walk":137,"pop":2102,"hh":1330,"elderly65_r":0.4957,"single_hh_r":0.585,"source_level":"emd","flood_years":[],"landslide_hist_n":0},"geometry":{"type":"Polygon","coordinates":[[[127.80299,35.89493],[127.80215,35.89113],[127.80633,35.88906],[127.81136,35.8908],[127.8122,35.8946],[127.80801,35.89666],[127.80299,35.89493]]]}},{"type":"Feature","properties":{"h3":"8830c55527fffff","emd_code":"5273031000","emd_name":"무풍면","area_km2":0.5293,"edge":false,"slope_mean":22.1,"elev_mean":739.4,"flood_hist_n":1,"flood_depth_max_m":1.0,"flood_risk_100y":null,"semi_basement_r":null,"elderly_alone_r":0.3256,"bldg_age30_r":null,"shelter_min_walk":134,"pop":2102,"hh":1330,"elderly65_r":0.4957,"single_hh_r":0.585,"source_level":"emd","flood_years":[2020],"landslide_hist_n":0},"geometry":{"type":"Polygon","coordinates":[[[127.8122,35.8946],[127.81136,35.8908],[127.81554,35.88873],[127.82056,35.89047],[127.8214,35.89427],[127.81722,35.89633],[127.8122,35.8946]]]}},{"type":"Feature","properties":{"h3":"8830c55529fffff","emd_code":"5273031000","emd_name":"무풍면","area_km2":0.529,"edge":false,"slope_mean":23.2,"elev_mean":702.8,"flood_hist_n":0,"flood_depth_max_m":null,"flood_risk_100y":null,"semi_basement_r":null,"elderly_alone_r":0.3256,"bldg_age30_r":null,"shelter_min_walk":119,"pop":2102,"hh":1330,"elderly65_r":0.4957,"single_hh_r":0.585,"source_level":"emd","flood_years":[],"landslide_hist_n":0},"geometry":{"type":"Polygon","coordinates":[[[127.80551,35.90633],[127.80467,35.90253],[127.80885,35.90046],[127.81387,35.9022],[127.81471,35.906],[127.81053,35.90806],[127.80551,35.90633]]]}},{"type":"Feature","properties":{"h3":"8830c5552bfffff","emd_code":"5273031000","emd_name":"무풍면","area_km2":0.5291,"edge":false,"slope_mean":24.23,"elev_mean":792.9,"flood_hist_n":0,"flood_depth_max_m":null,"flood_risk_100y":null,"semi_basement_r":null,"elderly_alone_r":0.3256,"bldg_age30_r":null,"shelter_min_walk":115,"pop":2102,"hh":1330,"elderly65_r":0.4957,"single_hh_r":0.585,"source_level":"emd","flood_years":[],"landslide_hist_n":0},"geometry":{"type":"Polygon","coordinates":[[[127.81471,35.906],[127.81387,35.9022],[127.81806,35.90013],[127.82308,35.90187],[127.82392,35.90566],[127.81974,35.90773],[127.81471,35.906]]]}},{"type":"Feature","properties":{"h3":"8830c5552dfffff","emd_code":"5273031000","emd_name":"무풍면","area_km2":0.5291,"edge":false,"slope_mean":22.76,"elev_mean":722.3,"flood_hist_n":0,"flood_depth_max_m":null,"flood_risk_100y":null,"semi_basement_r":null,"elderly_alone_r":0.3256,"bldg_age30_r":null,"shelter_min_walk":130,"pop":2102,"hh":1330,"elderly65_r":0.4957,"single_hh_r":0.585,"source_level":"emd","flood_years":[],"landslide_hist_n":0},"geometry":{"type":"Polygon","coordinates":[[[127.79965,35.90079],[127.79881,35.89699],[127.80299,35.89493],[127.80801,35.89666],[127.80885,35.90046],[127.80467,35.90253],[127.79965,35.90079]]]}},{"type":"Feature","properties":{"h3":"8830c55531fffff","emd_code":"5273031000","emd_name":"무풍면","area_km2":0.5292,"edge":false,"slope_mean":22.46,"elev_mean":901.1,"flood_hist_n":0,"flood_depth_max_m":null,"flood_risk_100y":null,"semi_basement_r":null,"elderly_alone_r":0.3256,"bldg_age30_r":null,"shelter_min_walk":111,"pop":2102,"hh":1330,"elderly65_r":0.4957,"single_hh_r":0.585,"source_level":"emd","flood_years":[],"landslide_hist_n":0},"geometry":{"type":"Polygon","coordinates":[[[127.83312,35.90533],[127.83228,35.90153],[127.83646,35.89947],[127.84149,35.9012],[127.84233,35.905],[127.83814,35.90707],[127.83312,35.90533]]]}},{"type":"Feature","properties":{"h3":"8830c55533fffff","emd_code":"5273031000","emd_name":"무풍면","area_km2":0.5292,"edge":false,"slope_mean":21.66,"elev_mean":786.3,"flood_hist_n":0,"flood_depth_max_m":null,"flood_risk_100y":null,"semi_basement_r":null,"elderly_alone_r":0.3256,"bldg_age30_r":null,"shelter_min_walk":111,"pop":2102,"hh":1330,"elderly65_r":0.4957,"single_hh_r":0.585,"source_level":"emd","flood_years":[],"landslide_hist_n":2},"geometry":{"type":"Polygon","coordinates":[[[127.84233,35.905],[127.84149,35.9012],[127.84567,35.89914],[127.85069,35.90087],[127.85153,35.90467],[127.84735,35.90673],[127.84233,35.905]]]}},{"type":"Feature","properties":{"h3":"8830c55535fffff","emd_code":"5273031000","emd_name":"무풍면","area_km2":0.5292,"edge":false,"slope_mean":20.73,"elev_mean":885.9,"flood_hist_n":0,"flood_depth_max_m":null,"flood_risk_100y":null,"semi_basement_r":null,"elderly_alone_r":0.3256,"bldg_age30_r":null,"shelter_min_walk":121,"pop":2102,"hh":1330,"elderly65_r":0.4957,"single_hh_r":0.585,"source_level":"emd","flood_years":[],"landslide_hist_n":0},"geometry":{"type":"Polygon","coordinates":[[[127.82726,35.8998],[127.82642,35.896],[127.8306,35.89394],[127.83562,35.89567],[127.83646,35.89947],[127.83228,35.90153],[127.82726,35.8998]]]}},{"type":"Feature","properties":{"h3":"8830c55537fffff","emd_code":"5273031000","emd_name":"무풍면","area_km2":0.5293,"edge":false,"slope_mean":17.07,"elev_mean":893.0,"flood_hist_n":0,"flood_depth_max_m":null,"flood_risk_100y":null,"semi_basement_r":null,"elderly_alone_r":0.3256,"bldg_age30_r":null,"shelter_min_walk":120,"pop":2102,"hh":1330,"elderly65_r":0.4957,"single_hh_r":0.585,"source_level":"emd","flood_years":[],"landslide_hist_n":0},"geometry":{"type":"Polygon","coordinates":[[[127.83646,35.89947],[127.83562,35.89567],[127.83981,35.8936],[127.84483,35.89534],[127.84567,35.89914],[127.84149,35.9012],[127.83646,35.89947]]]}},{"type":"Feature","properties":{"h3":"8830c55539fffff","emd_code":"5273031000","emd_name":"무풍면","area_km2":0.5291,"edge":false,"slope_mean":24.84,"elev_mean":775.6,"flood_hist_n":0,"flood_depth_max_m":null,"flood_risk_100y":null,"semi_basement_r":null,"elderly_alone_r":0.3256,"bldg_age30_r":null,"shelter_min_walk":102,"pop":2102,"hh":1330,"elderly65_r":0.4957,"single_hh_r":0.585,"source_level":"emd","flood_years":[],"landslide_hist_n":0},"geometry":{"type":"Polygon","coordinates":[[[127.82978,35.9112],[127.82894,35.9074],[127.83312,35.90533],[127.83814,35.90707],[127.83898,35.91087],[127.8348,35.91293],[127.82978,35.9112]]]}},{"type":"Feature","properties":{"h3":"8830c5553bfffff","emd_code":"5273031000","emd_name":"무풍면","area_km2":0.5291,"edge":false,"slope_mean":19.69,"elev_mean":679.1,"flood_hist_n":0,"flood_depth_max_m":null,"flood_risk_100y":null,"semi_basement_r":null,"elderly_alone_r":0.3256,"bldg_age30_r":null,"shelter_min_walk":101,"pop":2102,"hh":1330,"elderly65_r":0.4957,"single_hh_r":0.585,"source_level":"emd","flood_years":[],"landslide_hist_n":0},"geometry":{"type":"Polygon","coordinates":[[[127.83898,35.91087],[127.83814,35.90707],[127.84233,35.905],[127.84735,35.90673],[127.84819,35.91053],[127.84401,35.9126],[127.83898,35.91087]]]}},{"type":"Feature","properties":{"h3":"8830c5553dfffff","emd_code":"5273031000","emd_name":"무풍면","area_km2":0.5291,"edge":false,"slope_mean":26.52,"elev_mean":923.7,"flood_hist_n":0,"flood_depth_max_m":null,"flood_risk_100y":null,"semi_basement_r":null,"elderly_alone_r":0.3256,"bldg_age30_r":null,"shelter_min_walk":112,"pop":2102,"hh":1330,"elderly65_r":0.4957,"single_hh_r":0.585,"source_level":"emd","flood_years":[],"landslide_hist_n":0},"geometry":{"type":"Polygon","coordinates":[[[127.82392,35.90566],[127.82308,35.90187],[127.82726,35.8998],[127.83228,35.90153],[127.83312,35.90533],[127.82894,35.9074],[127.82392,35.90566]]]}},{"type":"Feature","properties":{"h3":"8830c55541fffff","emd_code":"5273032000","emd_name":"설천면","area_km2":0.5286,"edge":false,"slope_mean":29.41,"elev_mean":1004.8,"flood_hist_n":0,"flood_depth_max_m":null,"flood_risk_100y":null,"semi_basement_r":null,"elderly_alone_r":0.2626,"bldg_age30_r":null,"shelter_min_walk":88,"pop":3889,"hh":2323,"elderly65_r":0.4009,"single_hh_r":0.5751,"source_level":"emd","flood_years":[],"landslide_hist_n":0},"geometry":{"type":"Polygon","coordinates":[[[127.80135,35.92944],[127.80051,35.92564],[127.80469,35.92358],[127.80971,35.92531],[127.81055,35.92911],[127.80637,35.93118],[127.80135,35.92944]]]}},{"type":"Feature","properties":{"h3":"8830c55543fffff","emd_code":"5273031000","emd_name":"무풍면","area_km2":0.5287,"edge":false,"slope_mean":28.99,"elev_mean":912.8,"flood_hist_n":0,"flood_depth_max_m":null,"flood_risk_100y":null,"semi_basement_r":null,"elderly_alone_r":0.3256,"bldg_age30_r":null,"shelter_min_walk":82,"pop":2102,"hh":1330,"elderly65_r":0.4957,"single_hh_r":0.585,"source_level":"emd","flood_years":[],"landslide_hist_n":0},"geometry":{"type":"Polygon","coordinates":[[[127.81055,35.92911],[127.80971,35.92531],[127.81389,35.92325],[127.81891,35.92499],[127.81975,35.92878],[127.81557,35.93085],[127.81055,35.92911]]]}},{"type":"Feature","properties":{"h3":"8830c55545fffff","emd_code":"5273032000","emd_name":"설천면","area_km2":0.5287,"edge":false,"slope_mean":26.64,"elev_mean":925.1,"flood_hist_n":0,"flood_depth_max_m":null,"flood_risk_100y":null,"semi_basement_r":null,"elderly_alone_r":0.2626,"bldg_age30_r":null,"shelter_min_walk":100,"pop":3889,"hh":2323,"elderly65_r":0.4009,"single_hh_r":0.5751,"source_level":"emd","flood_years":[],"landslide_hist_n":0},"geometry":{"type":"Polygon","coordinates":[[[127.79548,35.92391],[127.79465,35.92011],[127.79883,35.91805],[127.80385,35.91978],[127.80469,35.92358],[127.80051,35.92564],[127.79548,35.92391]]]}},{"type":"Feature","properties":{"h3":"8830c55547fffff","emd_code":"5273031000","emd_name":"무풍면","area_km2":0.5287,"edge":false,"slope_mean":27.31,"elev_mean":971.4,"flood_hist_n":0,"flood_depth_max_m":null,"flood_risk_100y":null,"semi_basement_r":null,"elderly_alone_r":0.3256,"bldg_age30_r":null,"shelter_min_walk":93,"pop":2102,"hh":1330,"elderly65_r":0.4957,"single_hh_r":0.585,"source_level":"emd","flood_years":[],"landslide_hist_n":0},"geometry":{"type":"Polygon","coordinates":[[[127.80469,35.92358],[127.80385,35.91978],[127.80803,35.91772],[127.81305,35.91945],[127.81389,35.92325],[127.80971,35.92531],[127.80469,35.92358]]]}},{"type":"Feature","properties":{"h3":"8830c55549fffff","emd_code":"5273032000","emd_name":"설천면","area_km2":0.5285,"edge":false,"slope_mean":27.76,"elev_mean":918.8,"flood_hist_n":0,"flood_depth_max_m":null,"flood_risk_100y":null,"semi_basement_r":null,"elderly_alone_r":0.2626,"bldg_age30_r":null,"shelter_min_walk":83,"pop":3889,"hh":2323,"elderly65_r":0.4009,"single_hh_r":0.5751,"source_level":"emd","flood_years":[],"landslide_hist_n":0},"geometry":{"type":"Polygon","coordinates":[[[127.798,35.9353],[127.79716,35.9315],[127.80135,35.92944],[127.80637,35.93118],[127.80721,35.93497],[127.80302,35.93703],[127.798,35.9353]]]}},{"type":"Feature","properties":{"h3":"8830c5554bfffff","emd_code":"5273032000","emd_name":"설천면","area_km2":0.5286,"edge":false,"slope_mean":28.0,"elev_mean":829.7,"flood_hist_n":0,"flood_depth_max_m":null,"flood_risk_100y":null,"semi_basement_r":null,"elderly_alone_r":0.2626,"bldg_age30_r":null,"shelter_min_walk":76,"pop":3889,"hh":2323,"elderly65_r":0.4009,"single_hh_r":0.5751,"source_level":"emd","flood_years":[],"landslide_hist_n":0},"geometry":{"type":"Polygon","coordinates":[[[127.80721,35.93497],[127.80637,35.93118],[127.81055,35.92911],[127.81557,35.93085],[127.81641,35.93464],[127.81223,35.93671],[127.80721,35.93497]]]}},{"type":"Feature","properties":{"h3":"8830c5554dfffff","emd_code":"5273032000","emd_name":"설천면","area_km2":0.5286,"edge":false,"slope_mean":27.17,"elev_mean":1036.5,"flood_hist_n":0,"flood_depth_max_m":null,"flood_risk_100y":null,"semi_basement_r":null,"elderly_alone_r":0.2626,"bldg_age30_r":null,"shelter_min_walk":95,"pop":3889,"hh":2323,"elderly65_r":0.4009,"single_hh_r":0.5751,"source_level":"emd","flood_years":[],"landslide_hist_n":0},"geometry":{"type":"Polygon","coordinates":[[[127.79214,35.92977],[127.7913,35.92597],[127.79548,35.92391],[127.80051,35.92564],[127.80135,35.92944],[127.79716,35.9315],[127.79214,35.92977]]]}},{"type":"Feature","properties":{"h3":"8830c55551fffff","emd_code":"5273031000","emd_name":"무풍면","area_km2":0.5287,"edge":false,"slope_mean":15.62,"elev_mean":529.2,"flood_hist_n":0,"flood_depth_max_m":null,"flood_risk_100y":null,"semi_basement_r":null,"elderly_alone_r":0.3256,"bldg_age30_r":null,"shelter_min_walk":66,"pop":2102,"hh":1330,"elderly65_r":0.4957,"single_hh_r":0.585,"source_level":"emd","flood_years":[],"landslide_hist_n":0},"geometry":{"type":"Polygon","coordinates":[[[127.82561,35.93431],[127.82477,35.93052],[127.82896,35.92845],[127.83398,35.93019],[127.83482,35.93398],[127.83064,35.93605],[127.82561,35.93431]]]}},{"type":"Feature","properties":{"h3":"8830c55553fffff","emd_code":"5273031000","emd_name":"무풍면","area_km2":0.5287,"edge":false,"slope_mean":16.68,"elev_mean":511.1,"flood_hist_n":0,"flood_depth_max_m":null,"flood_risk_100y":null,"semi_basement_r":null,"elderly_alone_r":0.3256,"bldg_age30_r":null,"shelter_min_walk":63,"pop":2102,"hh":1330,"elderly65_r":0.4957,"single_hh_r":0.585,"source_level":"emd","flood_years":[],"landslide_hist_n":0},"geometry":{"type":"Polygon","coordinates":[[[127.83482,35.93398],[127.83398,35.93019],[127.83816,35.92812],[127.84318,35.92985],[127.84402,35.93365],[127.83984,35.93571],[127.83482,35.93398]]]}},{"type":"Feature","properties":{"h3":"8830c55555fffff","emd_code":"5273031000","emd_name":"무풍면","area_km2":0.5287,"edge":false,"slope_mean":22.71,"elev_mean":647.3,"flood_hist_n":0,"flood_depth_max_m":null,"flood_risk_100y":null,"semi_basement_r":null,"elderly_alone_r":0.3256,"bldg_age30_r":null,"shelter_min_walk":77,"pop":2102,"hh":1330,"elderly65_r":0.4957,"single_hh_r":0.585,"source_level":"emd","flood_years":[],"landslide_hist_n":0},"geometry":{"type":"Polygon","coordinates":[[[127.81975,35.92878],[127.81891,35.92499],[127.8231,35.92292],[127.82812,35.92465],[127.82896,35.92845],[127.82477,35.93052],[127.81975,35.92878]]]}},{"type":"Feature","properties":{"h3":"8830c55557fffff","emd_code":"5273031000","emd_name":"무풍면","area_km2":0.5288,"edge":false,"slope_mean":17.27,"elev_mean":526.3,"flood_hist_n":0,"flood_depth_max_m":null,"flood_risk_100y":null,"semi_basement_r":null,"elderly_alone_r":0.3256,"bldg_age30_r":null,"shelter_min_walk":74,"pop":2102,"hh":1330,"elderly65_r":0.4957,"single_hh_r":0.585,"source_level":"emd","flood_years":[],"landslide_hist_n":0},"geometry":{"type":"Polygon","coordinates":[[[127.82896,35.92845],[127.82812,35.92465],[127.8323,35.92259],[127.83732,35.92432],[127.83816,35.92812],[127.83398,35.93019],[127.82896,35.92845]]]}},{"type":"Feature","properties":{"h3":"8830c55559fffff","emd_code":"5273031000","emd_name":"무풍면","area_km2":0.5285,"edge":false,"slope_mean":25.74,"elev_mean":657.0,"flood_hist_n":0,"flood_depth_max_m":null,"flood_risk_100y":null,"semi_basement_r":null,"elderly_alone_r":0.3256,"bldg_age30_r":null,"shelter_min_walk":58,"pop":2102,"hh":1330,"elderly65_r":0.4957,"single_hh_r":0.585,"source_level":"emd","flood_years":[],"landslide_hist_n":0},"geometry":{"type":"Polygon","coordinates":[[[127.82227,35.94017],[127.82143,35.93638],[127.82561,35.93431],[127.83064,35.93605],[127.83148,35.93984],[127.82729,35.94191],[127.82227,35.94017]]]}},{"type":"Feature","properties":{"h3":"8830c5555bfffff","emd_code":"5273031000","emd_name":"무풍면","area_km2":0.5286,"edge":false,"slope_mean":13.77,"elev_mean":470.0,"flood_hist_n":0,"flood_depth_max_m":null,"flood_risk_100y":null,"semi_basement_r":null,"elderly_alone_r":0.3256,"bldg_age30_r":null,"shelter_min_walk":55,"pop":2102,"hh":1330,"elderly65_r":0.4957,"single_hh_r":0.585,"source_level":"emd","flood_years":[],"landslide_hist_n":0},"geometry":{"type":"Polygon","coordinates":[[[127.83148,35.93984],[127.83064,35.93605],[127.83482,35.93398],[127.83984,35.93571],[127.84068,35.93951],[127.8365,35.94157],[127.83148,35.93984]]]}},{"type":"Feature","properties":{"h3":"8830c5555dfffff","emd_code":"5273031000","emd_name":"무풍면","area_km2":0.5286,"edge":false,"slope_mean":26.97,"elev_mean":764.3,"flood_hist_n":0,"flood_depth_max_m":null,"flood_risk_100y":null,"semi_basement_r":null,"elderly_alone_r":0.3256,"bldg_age30_r":null,"shelter_min_walk":70,"pop":2102,"hh":1330,"elderly65_r":0.4957,"single_hh_r":0.585,"source_level":"emd","flood_years":[],"landslide_hist_n":0},"geometry":{"type":"Polygon","coordinates":[[[127.81641,35.93464],[127.81557,35.93085],[127.81975,35.92878],[127.82477,35.93052],[127.82561,35.93431],[127.82143,35.93638],[127.81641,35.93464]]]}},{"type":"Feature","properties":{"h3":"8830c55561fffff","emd_code":"5273032000","emd_name":"설천면","area_km2":0.5289,"edge":false,"slope_mean":26.51,"elev_mean":745.4,"flood_hist_n":0,"flood_depth_max_m":null,"flood_risk_100y":null,"semi_basement_r":null,"elderly_alone_r":0.2626,"bldg_age30_r":null,"shelter_min_walk":117,"pop":3889,"hh":2323,"elderly65_r":0.4009,"single_hh_r":0.5751,"source_level":"emd","flood_years":[],"landslide_hist_n":0},"geometry":{"type":"Polygon","coordinates":[[[127.79297,35.91252],[127.79213,35.90872],[127.79631,35.90665],[127.80133,35.90839],[127.80217,35.91219],[127.79799,35.91425],[127.79297,35.91252]]]}},{"type":"Feature","properties":{"h3":"8830c55563fffff","emd_code":"5273031000","emd_name":"무풍면","area_km2":0.5289,"edge":false,"slope_mean":25.17,"elev_mean":824.5,"flood_hist_n":0,"flood_depth_max_m":null,"flood_risk_100y":null,"semi_basement_r":null,"elderly_alone_r":0.3256,"bldg_age30_r":null,"shelter_min_walk":112,"pop":2102,"hh":1330,"elderly65_r":0.4957,"single_hh_r":0.585,"source_level":"emd","flood_years":[],"landslide_hist_n":0},"geometry":{"type":"Polygon","coordinates":[[[127.80217,35.91219],[127.80133,35.90839],[127.80551,35.90633],[127.81053,35.90806],[127.81137,35.91186],[127.80719,35.91392],[127.80217,35.91219]]]}},{"type":"Feature","properties":{"h3":"8830c55565fffff","emd_code":"5273032000","emd_name":"설천면","area_km2":0.5289,"edge":false,"slope_mean":20.91,"elev_mean":653.5,"flood_hist_n":0,"flood_depth_max_m":null,"flood_risk_100y":null,"semi_basement_r":null,"elderly_alone_r":0.2626,"bldg_age30_r":null,"shelter_min_walk":129,"pop":3889,"hh":2323,"elderly65_r":0.4009,"single_hh_r":0.5751,"source_level":"emd","flood_years":[],"landslide_hist_n":0},"geometry":{"type":"Polygon","coordinates":[[[127.78711,35.90698],[127.78627,35.90318],[127.79045,35.90112],[127.79547,35.90286],[127.79631,35.90665],[127.79213,35.90872],[127.78711,35.90698]]]}},{"type":"Feature","properties":{"h3":"8830c55567fffff","emd_code":"5273032000","emd_name":"설천면","area_km2":0.529,"edge":false,"slope_mean":22.64,"elev_mean":690.3,"flood_hist_n":0,"flood_depth_max_m":null,"flood_risk_100y":null,"semi_basement_r":null,"elderly_alone_r":0.2626,"bldg_age30_r":null,"shelter_min_walk":123,"pop":3889,"hh":2323,"elderly65_r":0.4009,"single_hh_r":0.5751,"source_level":"emd","flood_years":[],"landslide_hist_n":0},"geometry":{"type":"Polygon","coordinates":[[[127.79631,35.90665],[127.79547,35.90286],[127.79965,35.90079],[127.80467,35.90253],[127.80551,35.90633],[127.80133,35.90839],[127.79631,35.90665]]]}},{"type":"Feature","properties":{"h3":"8830c55569fffff","emd_code":"5273032000","emd_name":"설천면","area_km2":0.5288,"edge":false,"slope_mean":23.29,"elev_mean":784.4,"flood_hist_n":0,"flood_depth_max_m":null,"flood_risk_100y":null,"semi_basement_r":null,"elderly_alone_r":0.2626,"bldg_age30_r":null,"shelter_min_walk":112,"pop":3889,"hh":2323,"elderly65_r":0.4009,"single_hh_r":0.5751,"source_level":"emd","flood_years":[],"landslide_hist_n":0},"geometry":{"type":"Polygon","coordinates":[[[127.78962,35.91838],[127.78879,35.91458],[127.79297,35.91252],[127.79799,35.91425],[127.79883,35.91805],[127.79465,35.92011],[127.78962,35.91838]]]}},{"type":"Feature","properties":{"h3":"8830c5556bfffff","emd_code":"5273032000","emd_name":"설천면","area_km2":0.5288,"edge":false,"slope_mean":26.65,"elev_mean":862.0,"flood_hist_n":0,"flood_depth_max_m":null,"flood_risk_100y":null,"semi_basement_r":null,"elderly_alone_r":0.2626,"bldg_age30_r":null,"shelter_min_walk":105,"pop":3889,"hh":2323,"elderly65_r":0.4009,"single_hh_r":0.5751,"source_level":"emd","flood_years":[],"landslide_hist_n":0},"geometry":{"type":"Polygon","coordinates":[[[127.79883,35.91805],[127.79799,35.91425],[127.80217,35.91219],[127.80719,35.91392],[127.80803,35.91772],[127.80385,35.91978],[127.79883,35.91805]]]}},{"type":"Feature","properties":{"h3":"8830c5556dfffff","emd_code":"5273032000","emd_name":"설천면","area_km2":0.5288,"edge":false,"slope_mean":24.38,"elev_mean":702.0,"flood_hist_n":0,"flood_depth_max_m":null,"flood_risk_100y":null,"semi_basement_r":null,"elderly_alone_r":0.2626,"bldg_age30_r":null,"shelter_min_walk":124,"pop":3889,"hh":2323,"elderly65_r":0.4009,"single_hh_r":0.5751,"source_level":"emd","flood_years":[],"landslide_hist_n":0},"geometry":{"type":"Polygon","coordinates":[[[127.78376,35.91284],[127.78293,35.90905],[127.78711,35.90698],[127.79213,35.90872],[127.79297,35.91252],[127.78879,35.91458],[127.78376,35.91284]]]}},{"type":"Feature","properties":{"h3":"8830c55581fffff","emd_code":"5273031000","emd_name":"무풍면","area_km2":0.5292,"edge":true,"slope_mean":26.81,"elev_mean":1087.2,"flood_hist_n":0,"flood_depth_max_m":null,"flood_risk_100y":null,"semi_basement_r":null,"elderly_alone_r":0.3256,"bldg_age30_r":null,"shelter_min_walk":110,"pop":2102,"hh":1330,"elderly65_r":0.4957,"single_hh_r":0.585,"source_level":"emd","flood_years":[],"landslide_hist_n":0},"geometry":{"type":"Polygon","coordinates":[[[127.88167,35.91506],[127.88083,35.91126],[127.88501,35.9092],[127.89004,35.91093],[127.89088,35.91473],[127.8867,35.91679],[127.88167,35.91506]]]}},{"type":"Feature","properties":{"h3":"8830c55585fffff","emd_code":"5273031000","emd_name":"무풍면","area_km2":0.5293,"edge":true,"slope_mean":19.3,"elev_mean":872.8,"flood_hist_n":0,"flood_depth_max_m":null,"flood_risk_100y":null,"semi_basement_r":null,"elderly_alone_r":0.3256,"bldg_age30_r":null,"shelter_min_walk":114,"pop":2102,"hh":1330,"elderly65_r":0.4957,"single_hh_r":0.585,"source_level":"emd","flood_years":[],"landslide_hist_n":0},"geometry":{"type":"Polygon","coordinates":[[[127.87581,35.90953],[127.87497,35.90573],[127.87915,35.90366],[127.88417,35.9054],[127.88501,35.9092],[127.88083,35.91126],[127.87581,35.90953]]]}},{"type":"Feature","properties":{"h3":"8830c55589fffff","emd_code":"5273031000","emd_name":"무풍면","area_km2":0.5291,"edge":false,"slope_mean":27.02,"elev_mean":1112.3,"flood_hist_n":0,"flood_depth_max_m":null,"flood_risk_100y":null,"semi_basement_r":null,"elderly_alone_r":0.3256,"bldg_age30_r":null,"shelter_min_walk":99,"pop":2102,"hh":1330,"elderly65_r":0.4957,"single_hh_r":0.585,"source_level":"emd","flood_years":[],"landslide_hist_n":0},"geometry":{"type":"Polygon","coordinates":[[[127.87833,35.92093],[127.87749,35.91713],[127.88167,35.91506],[127.8867,35.91679],[127.88754,35.92059],[127.88335,35.92266],[127.87833,35.92093]]]}},{"type":"Feature","properties":{"h3":"8830c5558dfffff","emd_code":"5273031000","emd_name":"무풍면","area_km2":0.5292,"edge":false,"slope_mean":20.47,"elev_mean":891.6,"flood_hist_n":1,"flood_depth_max_m":0.5,"flood_risk_100y":null,"semi_basement_r":null,"elderly_alone_r":0.3256,"bldg_age30_r":null,"shelter_min_walk":103,"pop":2102,"hh":1330,"elderly65_r":0.4957,"single_hh_r":0.585,"source_level":"emd","flood_years":[2020],"landslide_hist_n":0},"geometry":{"type":"Polygon","coordinates":[[[127.87246,35.9154],[127.87162,35.9116],[127.87581,35.90953],[127.88083,35.91126],[127.88167,35.91506],[127.87749,35.91713],[127.87246,35.9154]]]}},{"type":"Feature","properties":{"h3":"8830c555c1fffff","emd_code":"5273031000","emd_name":"무풍면","area_km2":0.529,"edge":false,"slope_mean":25.59,"elev_mean":826.1,"flood_hist_n":0,"flood_depth_max_m":null,"flood_risk_100y":null,"semi_basement_r":null,"elderly_alone_r":0.3256,"bldg_age30_r":null,"shelter_min_walk":82,"pop":2102,"hh":1330,"elderly65_r":0.4957,"single_hh_r":0.585,"source_level":"emd","flood_years":[],"landslide_hist_n":0},"geometry":{"type":"Polygon","coordinates":[[[127.86578,35.92712],[127.86494,35.92333],[127.86912,35.92126],[127.87415,35.92299],[127.87499,35.92679],[127.8708,35.92886],[127.86578,35.92712]]]}},{"type":"Feature","properties":{"h3":"8830c555c3fffff","emd_code":"5273031000","emd_name":"무풍면","area_km2":0.529,"edge":false,"slope_mean":26.59,"elev_mean":1104.5,"flood_hist_n":0,"flood_depth_max_m":null,"flood_risk_100y":null,"semi_basement_r":null,"elderly_alone_r":0.3256,"bldg_age30_r":null,"shelter_min_walk":88,"pop":2102,"hh":1330,"elderly65_r":0.4957,"single_hh_r":0.585,"source_level":"emd","flood_years":[],"landslide_hist_n":0},"geometry":{"type":"Polygon","coordinates":[[[127.87499,35.92679],[127.87415,35.92299],[127.87833,35.92093],[127.88335,35.92266],[127.88419,35.92645],[127.88001,35.92852],[127.87499,35.92679]]]}},{"type":"Feature","properties":{"h3":"8830c555c5fffff","emd_code":"5273031000","emd_name":"무풍면","area_km2":0.529,"edge":false,"slope_mean":19.93,"elev_mean":744.5,"flood_hist_n":0,"flood_depth_max_m":null,"flood_risk_100y":null,"semi_basement_r":null,"elderly_alone_r":0.3256,"bldg_age30_r":null,"shelter_min_walk":88,"pop":2102,"hh":1330,"elderly65_r":0.4957,"single_hh_r":0.585,"source_level":"emd","flood_years":[],"landslide_hist_n":0},"geometry":{"type":"Polygon","coordinates":[[[127.85992,35.92159],[127.85908,35.9178],[127.86326,35.91573],[127.86828,35.91746],[127.86912,35.92126],[127.86494,35.92333],[127.85992,35.92159]]]}},{"type":"Feature","properties":{"h3":"8830c555c7fffff","emd_code":"5273031000","emd_name":"무풍면","area_km2":0.5291,"edge":false,"slope_mean":22.72,"elev_mean":890.1,"flood_hist_n":0,"flood_depth_max_m":null,"flood_risk_100y":null,"semi_basement_r":null,"elderly_alone_r":0.3256,"bldg_age30_r":null,"shelter_min_walk":93,"pop":2102,"hh":1330,"elderly65_r":0.4957,"single_hh_r":0.585,"source_level":"emd","flood_years":[],"landslide_hist_n":0},"geometry":{"type":"Polygon","coordinates":[[[127.86912,35.92126],[127.86828,35.91746],[127.87246,35.9154],[127.87749,35.91713],[127.87833,35.92093],[127.87415,35.92299],[127.86912,35.92126]]]}},{"type":"Feature","properties":{"h3":"8830c555c9fffff","emd_code":"5273031000","emd_name":"무풍면","area_km2":0.5289,"edge":false,"slope_mean":29.91,"elev_mean":797.3,"flood_hist_n":0,"flood_depth_max_m":null,"flood_risk_100y":null,"semi_basement_r":null,"elderly_alone_r":0.3256,"bldg_age30_r":null,"shelter_min_walk":71,"pop":2102,"hh":1330,"elderly65_r":0.4957,"single_hh_r":0.585,"source_level":"emd","flood_years":[],"landslide_hist_n":0},"geometry":{"type":"Polygon","coordinates":[[[127.86244,35.93299],[127.8616,35.92919],[127.86578,35.92712],[127.8708,35.92886],[127.87164,35.93265],[127.86746,35.93472],[127.86244,35.93299]]]}},{"type":"Feature","properties":{"h3":"8830c555cbfffff","emd_code":"5273031000","emd_name":"무풍면","area_km2":0.5289,"edge":false,"slope_mean":27.94,"elev_mean":1013.2,"flood_hist_n":0,"flood_depth_max_m":null,"flood_risk_100y":null,"semi_basement_r":null,"elderly_alone_r":0.3256,"bldg_age30_r":null,"shelter_min_walk":78,"pop":2102,"hh":1330,"elderly65_r":0.4957,"single_hh_r":0.585,"source_level":"emd","flood_years":[],"landslide_hist_n":0},"geometry":{"type":"Polygon","coordinates":[[[127.87164,35.93265],[127.8708,35.92886],[127.87499,35.92679],[127.88001,35.92852],[127.88085,35.93232],[127.87667,35.93438],[127.87164,35.93265]]]}},{"type":"Feature","properties":{"h3":"8830c555cdfffff","emd_code":"5273031000","emd_name":"무풍면","area_km2":0.5289,"edge":false,"slope_mean":23.59,"elev_mean":694.5,"flood_hist_n":0,"flood_depth_max_m":null,"flood_risk_100y":null,"semi_basement_r":null,"elderly_alone_r":0.3256,"bldg_age30_r":null,"shelter_min_walk":77,"pop":2102,"hh":1330,"elderly65_r":0.4957,"single_hh_r":0.585,"source_level":"emd","flood_years":[],"landslide_hist_n":0},"geometry":{"type":"Polygon","coordinates":[[[127.85657,35.92746],[127.85573,35.92366],[127.85992,35.92159],[127.86494,35.92333],[127.86578,35.92712],[127.8616,35.92919],[127.85657,35.92746]]]}},{"type":"Feature","properties":{"h3":"8830c555d1fffff","emd_code":"5273031000","emd_name":"무풍면","area_km2":0.529,"edge":true,"slope_mean":22.89,"elev_mean":745.5,"flood_hist_n":0,"flood_depth_max_m":null,"flood_risk_100y":null,"semi_basement_r":null,"elderly_alone_r":0.3256,"bldg_age30_r":null,"shelter_min_walk":94,"pop":2102,"hh":1330,"elderly65_r":0.4957,"single_hh_r":0.585,"source_level":"emd","flood_years":[],"landslide_hist_n":0},"geometry":{"type":"Polygon","coordinates":[[[127.89006,35.93198],[127.88922,35.92819],[127.8934,35.92612],[127.89843,35.92785],[127.89927,35.93165],[127.89508,35.93371],[127.89006,35.93198]]]}},{"type":"Feature","properties":{"h3":"8830c555d5fffff","emd_code":"5273031000","emd_name":"무풍면","area_km2":0.5291,"edge":true,"slope_mean":28.68,"elev_mean":1020.9,"flood_hist_n":0,"flood_depth_max_m":null,"flood_risk_100y":null,"semi_basement_r":null,"elderly_alone_r":0.3256,"bldg_age30_r":null,"shelter_min_walk":96,"pop":2102,"hh":1330,"elderly65_r":0.4957,"single_hh_r":0.585,"source_level":"emd","flood_years":[],"landslide_hist_n":0},"geometry":{"type":"Polygon","coordinates":[[[127.88419,35.92645],[127.88335,35.92266],[127.88754,35.92059],[127.89256,35.92232],[127.8934,35.92612],[127.88922,35.92819],[127.88419,35.92645]]]}},{"type":"Feature","properties":{"h3":"8830c555d9fffff","emd_code":"5273031000","emd_name":"무풍면","area_km2":0.5289,"edge":false,"slope_mean":19.01,"elev_mean":740.4,"flood_hist_n":0,"flood_depth_max_m":null,"flood_risk_100y":null,"semi_basement_r":null,"elderly_alone_r":0.3256,"bldg_age30_r":null,"shelter_min_walk":84,"pop":2102,"hh":1330,"elderly65_r":0.4957,"single_hh_r":0.585,"source_level":"emd","flood_years":[],"landslide_hist_n":0},"geometry":{"type":"Polygon","coordinates":[[[127.88672,35.93785],[127.88587,35.93405],[127.89006,35.93198],[127.89508,35.93371],[127.89592,35.93751],[127.89174,35.93958],[127.88672,35.93785]]]}},{"type":"Feature","properties":{"h3":"8830c555dbfffff","emd_code":"5273031000","emd_name":"무풍면","area_km2":0.5289,"edge":true,"slope_mean":19.01,"elev_mean":627.7,"flood_hist_n":0,"flood_depth_max_m":null,"flood_risk_100y":null,"semi_basement_r":null,"elderly_alone_r":0.3256,"bldg_age30_r":null,"shelter_min_walk":94,"pop":2102,"hh":1330,"elderly65_r":0.4957,"single_hh_r":0.585,"source_level":"emd","flood_years":[],"landslide_hist_n":0},"geometry":{"type":"Polygon","coordinates":[[[127.89592,35.93751],[127.89508,35.93371],[127.89927,35.93165],[127.90429,35.93338],[127.90513,35.93717],[127.90095,35.93924],[127.89592,35.93751]]]}},{"type":"Feature","properties":{"h3":"8830c555ddfffff","emd_code":"5273031000","emd_name":"무풍면","area_km2":0.529,"edge":true,"slope_mean":28.58,"elev_mean":1043.7,"flood_hist_n":0,"flood_depth_max_m":null,"flood_risk_100y":null,"semi_basement_r":null,"elderly_alone_r":0.3256,"bldg_age30_r":null,"shelter_min_walk":85,"pop":2102,"hh":1330,"elderly65_r":0.4957,"single_hh_r":0.585,"source_level":"emd","flood_years":[],"landslide_hist_n":0},"geometry":{"type":"Polygon","coordinates":[[[127.88085,35.93232],[127.88001,35.92852],[127.88419,35.92645],[127.88922,35.92819],[127.89006,35.93198],[127.88587,35.93405],[127.88085,35.93232]]]}},{"type":"Feature","properties":{"h3":"8830c555e1fffff","emd_code":"5273031000","emd_name":"무풍면","area_km2":0.5292,"edge":false,"slope_mean":15.49,"elev_mean":657.6,"flood_hist_n":0,"flood_depth_max_m":null,"flood_risk_100y":null,"semi_basement_r":null,"elderly_alone_r":0.3256,"bldg_age30_r":null,"shelter_min_walk":105,"pop":2102,"hh":1330,"elderly65_r":0.4957,"single_hh_r":0.585,"source_level":"emd","flood_years":[],"landslide_hist_n":2},"geometry":{"type":"Polygon","coordinates":[[[127.8574,35.9102],[127.85655,35.9064],[127.86074,35.90433],[127.86576,35.90607],[127.8666,35.90987],[127.86242,35.91193],[127.8574,35.9102]]]}},{"type":"Feature","properties":{"h3":"8830c555e3fffff","emd_code":"5273031000","emd_name":"무풍면","area_km2":0.5293,"edge":false,"slope_mean":16.98,"elev_mean":744.9,"flood_hist_n":1,"flood_depth_max_m":1.0,"flood_risk_100y":null,"semi_basement_r":null,"elderly_alone_r":0.3256,"bldg_age30_r":null,"shelter_min_walk":109,"pop":2102,"hh":1330,"elderly65_r":0.4957,"single_hh_r":0.585,"source_level":"emd","flood_years":[2020],"landslide_hist_n":1},"geometry":{"type":"Polygon","coordinates":[[[127.8666,35.90987],[127.86576,35.90607],[127.86994,35.904],[127.87497,35.90573],[127.87581,35.90953],[127.87162,35.9116],[127.8666,35.90987]]]}},{"type":"Feature","properties":{"h3":"8830c555e5fffff","emd_code":"5273031000","emd_name":"무풍면","area_km2":0.5293,"edge":false,"slope_mean":16.36,"elev_mean":685.1,"flood_hist_n":0,"flood_depth_max_m":null,"flood_risk_100y":null,"semi_basement_r":null,"elderly_alone_r":0.3256,"bldg_age30_r":null,"shelter_min_walk":113,"pop":2102,"hh":1330,"elderly65_r":0.4957,"single_hh_r":0.585,"source_level":"emd","flood_years":[],"landslide_hist_n":1},"geometry":{"type":"Polygon","coordinates":[[[127.85153,35.90467],[127.85069,35.90087],[127.85487,35.8988],[127.8599,35.90054],[127.86074,35.90433],[127.85655,35.9064],[127.85153,35.90467]]]}},{"type":"Feature","properties":{"h3":"8830c555e7fffff","emd_code":"5273031000","emd_name":"무풍면","area_km2":0.5293,"edge":true,"slope_mean":12.14,"elev_mean":676.6,"flood_hist_n":0,"flood_depth_max_m":null,"flood_risk_100y":null,"semi_basement_r":null,"elderly_alone_r":0.3256,"bldg_age30_r":null,"shelter_min_walk":116,"pop":2102,"hh":1330,"elderly65_r":0.4957,"single_hh_r":0.585,"source_level":"emd","flood_years":[],"landslide_hist_n":0},"geometry":{"type":"Polygon","coordinates":[[[127.86074,35.90433],[127.8599,35.90054],[127.86408,35.89847],[127.8691,35.9002],[127.86994,35.904],[127.86576,35.90607],[127.86074,35.90433]]]}},{"type":"Feature","properties":{"h3":"8830c555e9fffff","emd_code":"5273031000","emd_name":"무풍면","area_km2":0.5291,"edge":false,"slope_mean":20.99,"elev_mean":715.7,"flood_hist_n":0,"flood_depth_max_m":null,"flood_risk_100y":null,"semi_basement_r":null,"elderly_alone_r":0.3256,"bldg_age30_r":null,"shelter_min_walk":95,"pop":2102,"hh":1330,"elderly65_r":0.4957,"single_hh_r":0.585,"source_level":"emd","flood_years":[],"landslide_hist_n":1},"geometry":{"type":"Polygon","coordinates":[[[127.85405,35.91606],[127.85321,35.91227],[127.8574,35.9102],[127.86242,35.91193],[127.86326,35.91573],[127.85908,35.9178],[127.85405,35.91606]]]}},{"type":"Feature","properties":{"h3":"8830c555ebfffff","emd_code":"5273031000","emd_name":"무풍면","area_km2":0.5291,"edge":false,"slope_mean":18.16,"elev_mean":742.9,"flood_hist_n":0,"flood_depth_max_m":null,"flood_risk_100y":null,"semi_basement_r":null,"elderly_alone_r":0.3256,"bldg_age30_r":null,"shelter_min_walk":98,"pop":2102,"hh":1330,"elderly65_r":0.4957,"single_hh_r":0.585,"source_level":"emd","flood_years":[],"landslide_hist_n":0},"geometry":{"type":"Polygon","coordinates":[[[127.86326,35.91573],[127.86242,35.91193],[127.8666,35.90987],[127.87162,35.9116],[127.87246,35.9154],[127.86828,35.91746],[127.86326,35.91573]]]}},{"type":"Feature","properties":{"h3":"8830c555edfffff","emd_code":"5273031000","emd_name":"무풍면","area_km2":0.5292,"edge":false,"slope_mean":16.56,"elev_mean":618.1,"flood_hist_n":0,"flood_depth_max_m":null,"flood_risk_100y":null,"semi_basement_r":null,"elderly_alone_r":0.3256,"bldg_age30_r":null,"shelter_min_walk":103,"pop":2102,"hh":1330,"elderly65_r":0.4957,"single_hh_r":0.585,"source_level":"emd","flood_years":[],"landslide_hist_n":3},"geometry":{"type":"Polygon","coordinates":[[[127.84819,35.91053],[127.84735,35.90673],[127.85153,35.90467],[127.85655,35.9064],[127.8574,35.9102],[127.85321,35.91227],[127.84819,35.91053]]]}},{"type":"Feature","properties":{"h3":"8830c55601fffff","emd_code":"5273032000","emd_name":"설천면","area_km2":0.5276,"edge":false,"slope_mean":24.21,"elev_mean":575.4,"flood_hist_n":0,"flood_depth_max_m":null,"flood_risk_100y":null,"semi_basement_r":null,"elderly_alone_r":0.2626,"bldg_age30_r":null,"shelter_min_walk":42,"pop":3889,"hh":2323,"elderly65_r":0.4009,"single_hh_r":0.5751,"source_level":"emd","flood_years":[],"landslide_hist_n":0},"geometry":{"type":"Polygon","coordinates":[[[127.83487,35.99708],[127.83403,35.99329],[127.83821,35.99123],[127.84324,35.99296],[127.84408,35.99675],[127.83989,35.99881],[127.83487,35.99708]]]}},{"type":"Feature","properties":{"h3":"8830c55603fffff","emd_code":"5273032000","emd_name":"설천면","area_km2":0.5277,"edge":false,"slope_mean":22.88,"elev_mean":574.6,"flood_hist_n":0,"flood_depth_max_m":null,"flood_risk_100y":null,"semi_basement_r":null,"elderly_alone_r":0.2626,"bldg_age30_r":null,"shelter_min_walk":41,"pop":3889,"hh":2323,"elderly65_r":0.4009,"single_hh_r":0.5751,"source_level":"emd","flood_years":[],"landslide_hist_n":0},"geometry":{"type":"Polygon","coordinates":[[[127.84408,35.99675],[127.84324,35.99296],[127.84742,35.9909],[127.85244,35.99263],[127.85329,35.99642],[127.8491,35.99848],[127.84408,35.99675]]]}},{"type":"Feature","properties":{"h3":"8830c55605fffff","emd_code":"5273032000","emd_name":"설천면","area_km2":0.5277,"edge":false,"slope_mean":26.93,"elev_mean":604.3,"flood_hist_n":0,"flood_depth_max_m":null,"flood_risk_100y":null,"semi_basement_r":null,"elderly_alone_r":0.2626,"bldg_age30_r":null,"shelter_min_walk":36,"pop":3889,"hh":2323,"elderly65_r":0.4009,"single_hh_r":0.5751,"source_level":"emd","flood_years":[],"landslide_hist_n":0},"geometry":{"type":"Polygon","coordinates":[[[127.82901,35.99156],[127.82817,35.98776],[127.83235,35.9857],[127.83737,35.98744],[127.83821,35.99123],[127.83403,35.99329],[127.82901,35.99156]]]}},{"type":"Feature","properties":{"h3":"8830c55607fffff","emd_code":"5273031000","emd_name":"무풍면","area_km2":0.5278,"edge":false,"slope_mean":23.62,"elev_mean":602.2,"flood_hist_n":0,"flood_depth_max_m":null,"flood_risk_100y":null,"semi_basement_r":null,"elderly_alone_r":0.3256,"bldg_age30_r":null,"shelter_min_walk":32,"pop":2102,"hh":1330,"elderly65_r":0.4957,"single_hh_r":0.585,"source_level":"emd","flood_years":[],"landslide_hist_n":0},"geometry":{"type":"Polygon","coordinates":[[[127.83821,35.99123],[127.83737,35.98744],[127.84156,35.98537],[127.84658,35.98711],[127.84742,35.9909],[127.84324,35.99296],[127.83821,35.99123]]]}},{"type":"Feature","properties":{"h3":"8830c55609fffff","emd_code":"5273032000","emd_name":"설천면","area_km2":0.5275,"edge":false,"slope_mean":21.49,"elev_mean":486.9,"flood_hist_n":1,"flood_depth_max_m":1.0,"flood_risk_100y":null,"semi_basement_r":null,"elderly_alone_r":0.2626,"bldg_age30_r":null,"shelter_min_walk":53,"pop":3889,"hh":2323,"elderly65_r":0.4009,"single_hh_r":0.5751,"source_level":"emd","flood_years":[2020],"landslide_hist_n":0},"geometry":{"type":"Polygon","coordinates":[[[127.83153,36.00293],[127.83069,35.99914],[127.83487,35.99708],[127.83989,35.99881],[127.84074,36.0026],[127.83655,36.00466],[127.83153,36.00293]]]}},{"type":"Feature","properties":{"h3":"8830c5560bfffff","emd_code":"5273032000","emd_name":"설천면","area_km2":0.5276,"edge":false,"slope_mean":22.2,"elev_mean":498.3,"flood_hist_n":0,"flood_depth_max_m":null,"flood_risk_100y":null,"semi_basement_r":null,"elderly_alone_r":0.2626,"bldg_age30_r":null,"shelter_min_walk":51,"pop":3889,"hh":2323,"elderly65_r":0.4009,"single_hh_r":0.5751,"source_level":"emd","flood_years":[],"landslide_hist_n":0},"geometry":{"type":"Polygon","coordinates":[[[127.84074,36.0026],[127.83989,35.99881],[127.84408,35.99675],[127.8491,35.99848],[127.84994,36.00227],[127.84576,36.00433],[127.84074,36.0026]]]}},{"type":"Feature","properties":{"h3":"8830c5560dfffff","emd_code":"5273032000","emd_name":"설천면","area_km2":0.5276,"edge":false,"slope_mean":27.76,"elev_mean":592.5,"flood_hist_n":0,"flood_depth_max_m":null,"flood_risk_100y":null,"semi_basement_r":null,"elderly_alone_r":0.2626,"bldg_age30_r":null,"shelter_min_walk":47,"pop":3889,"hh":2323,"elderly65_r":0.4009,"single_hh_r":0.5751,"source_level":"emd","flood_years":[],"landslide_hist_n":0},"geometry":{"type":"Polygon","coordinates":[[[127.82567,35.99741],[127.82483,35.99362],[127.82901,35.99156],[127.83403,35.99329],[127.83487,35.99708],[127.83069,35.99914],[127.82567,35.99741]]]}},{"type":"Feature","properties":{"h3":"8830c55611fffff","emd_code":"5273032000","emd_name":"설천면","area_km2":0.5277,"edge":false,"slope_mean":23.75,"elev_mean":816.1,"flood_hist_n":0,"flood_depth_max_m":null,"flood_risk_100y":null,"semi_basement_r":null,"elderly_alone_r":0.2626,"bldg_age30_r":null,"shelter_min_walk":56,"pop":3889,"hh":2323,"elderly65_r":0.4009,"single_hh_r":0.5751,"source_level":"emd","flood_years":[],"landslide_hist_n":0},"geometry":{"type":"Polygon","coordinates":[[[127.85915,36.00194],[127.85831,35.99815],[127.86249,35.99609],[127.86752,35.99782],[127.86836,36.00161],[127.86417,36.00367],[127.85915,36.00194]]]}},{"type":"Feature","properties":{"h3":"8830c55613fffff","emd_code":"5273032000","emd_name":"설천면","area_km2":0.5277,"edge":false,"slope_mean":25.56,"elev_mean":1017.6,"flood_hist_n":0,"flood_depth_max_m":null,"flood_risk_100y":null,"semi_basement_r":null,"elderly_alone_r":0.2626,"bldg_age30_r":null,"shelter_min_walk":62,"pop":3889,"hh":2323,"elderly65_r":0.4009,"single_hh_r":0.5751,"source_level":"emd","flood_years":[],"landslide_hist_n":0},"geometry":{"type":"Polygon","coordinates":[[[127.86836,36.00161],[127.86752,35.99782],[127.8717,35.99576],[127.87672,35.99749],[127.87757,36.00128],[127.87338,36.00334],[127.86836,36.00161]]]}},{"type":"Feature","properties":{"h3":"8830c55615fffff","emd_code":"5273032000","emd_name":"설천면","area_km2":0.5277,"edge":false,"slope_mean":24.29,"elev_mean":706.7,"flood_hist_n":0,"flood_depth_max_m":null,"flood_risk_100y":null,"semi_basement_r":null,"elderly_alone_r":0.2626,"bldg_age30_r":null,"shelter_min_walk":44,"pop":3889,"hh":2323,"elderly65_r":0.4009,"single_hh_r":0.5751,"source_level":"emd","flood_years":[],"landslide_hist_n":0},"geometry":{"type":"Polygon","coordinates":[[[127.85329,35.99642],[127.85244,35.99263],[127.85663,35.99057],[127.86165,35.9923],[127.86249,35.99609],[127.85831,35.99815],[127.85329,35.99642]]]}},{"type":"Feature","properties":{"h3":"8830c55617fffff","emd_code":"5273032000","emd_name":"설천면","area_km2":0.5278,"edge":false,"slope_mean":25.6,"elev_mean":905.4,"flood_hist_n":0,"flood_depth_max_m":null,"flood_risk_100y":null,"semi_basement_r":null,"elderly_alone_r":0.2626,"bldg_age30_r":null,"shelter_min_walk":50,"pop":3889,"hh":2323,"elderly65_r":0.4009,"single_hh_r":0.5751,"source_level":"emd","flood_years":[],"landslide_hist_n":0},"geometry":{"type":"Polygon","coordinates":[[[127.86249,35.99609],[127.86165,35.9923],[127.86584,35.99024],[127.87086,35.99197],[127.8717,35.99576],[127.86752,35.99782],[127.86249,35.99609]]]}},{"type":"Feature","properties":{"h3":"8830c55619fffff","emd_code":"5273032000","emd_name":"설천면","area_km2":0.5276,"edge":false,"slope_mean":24.41,"elev_mean":708.0,"flood_hist_n":0,"flood_depth_max_m":null,"flood_risk_100y":null,"semi_basement_r":null,"elderly_alone_r":0.2626,"bldg_age30_r":null,"shelter_min_walk":63,"pop":3889,"hh":2323,"elderly65_r":0.4009,"single_hh_r":0.5751,"source_level":"emd","flood_years":[],"landslide_hist_n":0},"geometry":{"type":"Polygon","coordinates":[[[127.85581,36.0078],[127.85497,36.004],[127.85915,36.00194],[127.86417,36.00367],[127.86501,36.00747],[127.86083,36.00953],[127.85581,36.0078]]]}},{"type":"Feature","properties":{"h3":"8830c5561bfffff","emd_code":"5273032000","emd_name":"설천면","area_km2":0.5276,"edge":false,"slope_mean":28.07,"elev_mean":928.7,"flood_hist_n":0,"flood_depth_max_m":null,"flood_risk_100y":null,"semi_basement_r":null,"elderly_alone_r":0.2626,"bldg_age30_r":null,"shelter_min_walk":68,"pop":3889,"hh":2323,"elderly65_r":0.4009,"single_hh_r":0.5751,"source_level":"emd","flood_years":[],"landslide_hist_n":0},"geometry":{"type":"Polygon","coordinates":[[[127.86501,36.00747],[127.86417,36.00367],[127.86836,36.00161],[127.87338,36.00334],[127.87422,36.00713],[127.87004,36.0092],[127.86501,36.00747]]]}},{"type":"Feature","properties":{"h3":"8830c5561dfffff","emd_code":"5273032000","emd_name":"설천면","area_km2":0.5276,"edge":false,"slope_mean":25.53,"elev_mean":648.9,"flood_hist_n":0,"flood_depth_max_m":null,"flood_risk_100y":null,"semi_basement_r":null,"elderly_alone_r":0.2626,"bldg_age30_r":null,"shelter_min_walk":52,"pop":3889,"hh":2323,"elderly65_r":0.4009,"single_hh_r":0.5751,"source_level":"emd","flood_years":[],"landslide_hist_n":0},"geometry":{"type":"Polygon","coordinates":[[[127.84994,36.00227],[127.8491,35.99848],[127.85329,35.99642],[127.85831,35.99815],[127.85915,36.00194],[127.85497,36.004],[127.84994,36.00227]]]}},{"type":"Feature","properties":{"h3":"8830c55621fffff","emd_code":"5273031000","emd_name":"무풍면","area_km2":0.5279,"edge":false,"slope_mean":22.71,"elev_mean":467.9,"flood_hist_n":0,"flood_depth_max_m":null,"flood_risk_100y":null,"semi_basement_r":null,"elderly_alone_r":0.3256,"bldg_age30_r":null,"shelter_min_walk":23,"pop":2102,"hh":1330,"elderly65_r":0.4957,"single_hh_r":0.585,"source_level":"emd","flood_years":[],"landslide_hist_n":0},"geometry":{"type":"Polygon","coordinates":[[[127.82649,35.98018],[127.82565,35.97639],[127.82983,35.97433],[127.83485,35.97606],[127.83569,35.97985],[127.83151,35.98191],[127.82649,35.98018]]]}},{"type":"Feature","properties":{"h3":"8830c55623fffff","emd_code":"5273031000","emd_name":"무풍면","area_km2":0.5279,"edge":false,"slope_mean":22.49,"elev_mean":488.2,"flood_hist_n":0,"flood_depth_max_m":null,"flood_risk_100y":null,"semi_basement_r":null,"elderly_alone_r":0.3256,"bldg_age30_r":null,"shelter_min_walk":14,"pop":2102,"hh":1330,"elderly65_r":0.4957,"single_hh_r":0.585,"source_level":"emd","flood_years":[],"landslide_hist_n":0},"geometry":{"type":"Polygon","coordinates":[[[127.83569,35.97985],[127.83485,35.97606],[127.83904,35.974],[127.84406,35.97573],[127.8449,35.97952],[127.84072,35.98158],[127.83569,35.97985]]]}},{"type":"Feature","properties":{"h3":"8830c55625fffff","emd_code":"5273031000","emd_name":"무풍면","area_km2":0.528,"edge":false,"slope_mean":20.67,"elev_mean":406.5,"flood_hist_n":0,"flood_depth_max_m":null,"flood_risk_100y":null,"semi_basement_r":null,"elderly_alone_r":0.3256,"bldg_age30_r":null,"shelter_min_walk":27,"pop":2102,"hh":1330,"elderly65_r":0.4957,"single_hh_r":0.585,"source_level":"emd","flood_years":[],"landslide_hist_n":0},"geometry":{"type":"Polygon","coordinates":[[[127.82063,35.97465],[127.81979,35.97086],[127.82397,35.9688],[127.82899,35.97053],[127.82983,35.97433],[127.82565,35.97639],[127.82063,35.97465]]]}},{"type":"Feature","properties":{"h3":"8830c55627fffff","emd_code":"5273031000","emd_name":"무풍면","area_km2":0.528,"edge":false,"slope_mean":18.66,"elev_mean":418.4,"flood_hist_n":0,"flood_depth_max_m":null,"flood_risk_100y":null,"semi_basement_r":null,"elderly_alone_r":0.3256,"bldg_age30_r":null,"shelter_min_walk":15,"pop":2102,"hh":1330,"elderly65_r":0.4957,"single_hh_r":0.585,"source_level":"emd","flood_years":[],"landslide_hist_n":0},"geometry":{"type":"Polygon","coordinates":[[[127.82983,35.97433],[127.82899,35.97053],[127.83317,35.96847],[127.8382,35.9702],[127.83904,35.974],[127.83485,35.97606],[127.82983,35.97433]]]}},{"type":"Feature","properties":{"h3":"8830c55629fffff","emd_code":"5273032000","emd_name":"설천면","area_km2":0.5278,"edge":false,"slope_mean":26.67,"elev_mean":468.2,"flood_hist_n":0,"flood_depth_max_m":null,"flood_risk_100y":null,"semi_basement_r":null,"elderly_alone_r":0.2626,"bldg_age30_r":null,"shelter_min_walk":33,"pop":3889,"hh":2323,"elderly65_r":0.4009,"single_hh_r":0.5751,"source_level":"emd","flood_years":[],"landslide_hist_n":0},"geometry":{"type":"Polygon","coordinates":[[[127.82315,35.98603],[127.82231,35.98224],[127.82649,35.98018],[127.83151,35.98191],[127.83235,35.9857],[127.82817,35.98776],[127.82315,35.98603]]]}},{"type":"Feature","properties":{"h3":"8830c5562bfffff","emd_code":"5273031000","emd_name":"무풍면","area_km2":0.5278,"edge":false,"slope_mean":26.13,"elev_mean":585.0,"flood_hist_n":0,"flood_depth_max_m":null,"flood_risk_100y":null,"semi_basement_r":null,"elderly_alone_r":0.3256,"bldg_age30_r":null,"shelter_min_walk":25,"pop":2102,"hh":1330,"elderly65_r":0.4957,"single_hh_r":0.585,"source_level":"emd","flood_years":[],"landslide_hist_n":0},"geometry":{"type":"Polygon","coordinates":[[[127.83235,35.9857],[127.83151,35.98191],[127.83569,35.97985],[127.84072,35.98158],[127.84156,35.98537],[127.83737,35.98744],[127.83235,35.9857]]]}},{"type":"Feature","properties":{"h3":"8830c5562dfffff","emd_code":"5273032000","emd_name":"설천면","area_km2":0.5278,"edge":false,"slope_mean":16.35,"elev_mean":382.2,"flood_hist_n":0,"flood_depth_max_m":null,"flood_risk_100y":null,"semi_basement_r":null,"elderly_alone_r":0.2626,"bldg_age30_r":null,"shelter_min_walk":34,"pop":3889,"hh":2323,"elderly65_r":0.4009,"single_hh_r":0.5751,"source_level":"emd","flood_years":[],"landslide_hist_n":0},"geometry":{"type":"Polygon","coordinates":[[[127.81728,35.98051],[127.81644,35.97671],[127.82063,35.97465],[127.82565,35.97639],[127.82649,35.98018],[127.82231,35.98224],[127.81728,35.98051]]]}},{"type":"Feature","properties":{"h3":"8830c55631fffff","emd_code":"5273031000","emd_name":"무풍면","area_km2":0.5279,"edge":false,"slope_mean":24.16,"elev_mean":596.0,"flood_hist_n":0,"flood_depth_max_m":null,"flood_risk_100y":null,"semi_basement_r":null,"elderly_alone_r":0.3256,"bldg_age30_r":null,"shelter_min_walk":26,"pop":2102,"hh":1330,"elderly65_r":0.4957,"single_hh_r":0.585,"source_level":"emd","flood_years":[],"landslide_hist_n":0},"geometry":{"type":"Polygon","coordinates":[[[127.85076,35.98504],[127.84992,35.98125],[127.85411,35.97919],[127.85913,35.98092],[127.85997,35.98471],[127.85579,35.98678],[127.85076,35.98504]]]}},{"type":"Feature","properties":{"h3":"8830c55633fffff","emd_code":"5273031000","emd_name":"무풍면","area_km2":0.528,"edge":false,"slope_mean":25.33,"elev_mean":678.1,"flood_hist_n":0,"flood_depth_max_m":null,"flood_risk_100y":null,"semi_basement_r":null,"elderly_alone_r":0.3256,"bldg_age30_r":null,"shelter_min_walk":34,"pop":2102,"hh":1330,"elderly65_r":0.4957,"single_hh_r":0.585,"source_level":"emd","flood_years":[],"landslide_hist_n":0},"geometry":{"type":"Polygon","coordinates":[[[127.85997,35.98471],[127.85913,35.98092],[127.86331,35.97886],[127.86834,35.98059],[127.86918,35.98438],[127.865,35.98644],[127.85997,35.98471]]]}},{"type":"Feature","properties":{"h3":"8830c55635fffff","emd_code":"5273031000","emd_name":"무풍면","area_km2":0.528,"edge":false,"slope_mean":16.55,"elev_mean":449.6,"flood_hist_n":0,"flood_depth_max_m":null,"flood_risk_100y":null,"semi_basement_r":null,"elderly_alone_r":0.3256,"bldg_age30_r":null,"shelter_min_walk":14,"pop":2102,"hh":1330,"elderly65_r":0.4957,"single_hh_r":0.585,"source_level":"emd","flood_years":[],"landslide_hist_n":0},"geometry":{"type":"Polygon","coordinates":[[[127.8449,35.97952],[127.84406,35.97573],[127.84824,35.97367],[127.85327,35.9754],[127.85411,35.97919],[127.84992,35.98125],[127.8449,35.97952]]]}},{"type":"Feature","properties":{"h3":"8830c55637fffff","emd_code":"5273031000","emd_name":"무풍면","area_km2":0.528,"edge":false,"slope_mean":24.58,"elev_mean":533.9,"flood_hist_n":0,"flood_depth_max_m":null,"flood_risk_100y":null,"semi_basement_r":null,"elderly_alone_r":0.3256,"bldg_age30_r":null,"shelter_min_walk":22,"pop":2102,"hh":1330,"elderly65_r":0.4957,"single_hh_r":0.585,"source_level":"emd","flood_years":[],"landslide_hist_n":0},"geometry":{"type":"Polygon","coordinates":[[[127.85411,35.97919],[127.85327,35.9754],[127.85745,35.97333],[127.86247,35.97507],[127.86331,35.97886],[127.85913,35.98092],[127.85411,35.97919]]]}},{"type":"Feature","properties":{"h3":"8830c55639fffff","emd_code":"5273031000","emd_name":"무풍면","area_km2":0.5278,"edge":false,"slope_mean":23.97,"elev_mean":628.1,"flood_hist_n":0,"flood_depth_max_m":null,"flood_risk_100y":null,"semi_basement_r":null,"elderly_alone_r":0.3256,"bldg_age30_r":null,"shelter_min_walk":33,"pop":2102,"hh":1330,"elderly65_r":0.4957,"single_hh_r":0.585,"source_level":"emd","flood_years":[],"landslide_hist_n":0},"geometry":{"type":"Polygon","coordinates":[[[127.84742,35.9909],[127.84658,35.98711],[127.85076,35.98504],[127.85579,35.98678],[127.85663,35.99057],[127.85244,35.99263],[127.84742,35.9909]]]}},{"type":"Feature","properties":{"h3":"8830c5563bfffff","emd_code":"5273031000","emd_name":"무풍면","area_km2":0.5279,"edge":false,"slope_mean":26.41,"elev_mean":796.5,"flood_hist_n":0,"flood_depth_max_m":null,"flood_risk_100y":null,"semi_basement_r":null,"elderly_alone_r":0.3256,"bldg_age30_r":null,"shelter_min_walk":38,"pop":2102,"hh":1330,"elderly65_r":0.4957,"single_hh_r":0.585,"source_level":"emd","flood_years":[],"landslide_hist_n":0},"geometry":{"type":"Polygon","coordinates":[[[127.85663,35.99057],[127.85579,35.98678],[127.85997,35.98471],[127.865,35.98644],[127.86584,35.99024],[127.86165,35.9923],[127.85663,35.99057]]]}},{"type":"Feature","properties":{"h3":"8830c5563dfffff","emd_code":"5273031000","emd_name":"무풍면","area_km2":0.5279,"edge":false,"slope_mean":20.85,"elev_mean":495.2,"flood_hist_n":0,"flood_depth_max_m":null,"flood_risk_100y":null,"semi_basement_r":null,"elderly_alone_r":0.3256,"bldg_age30_r":null,"shelter_min_walk":22,"pop":2102,"hh":1330,"elderly65_r":0.4957,"single_hh_r":0.585,"source_level":"emd","flood_years":[],"landslide_hist_n":0},"geometry":{"type":"Polygon","coordinates":[[[127.84156,35.98537],[127.84072,35.98158],[127.8449,35.97952],[127.84992,35.98125],[127.85076,35.98504],[127.84658,35.98711],[127.84156,35.98537]]]}},{"type":"Feature","properties":{"h3":"8830c55641fffff","emd_code":"5273032000","emd_name":"설천면","area_km2":0.5274,"edge":false,"slope_mean":23.81,"elev_mean":440.4,"flood_hist_n":0,"flood_depth_max_m":null,"flood_risk_100y":null,"semi_basement_r":null,"elderly_alone_r":0.2626,"bldg_age30_r":null,"shelter_min_walk":46,"pop":3889,"hh":2323,"elderly65_r":0.4009,"single_hh_r":0.5751,"source_level":"emd","flood_years":[],"landslide_hist_n":0},"geometry":{"type":"Polygon","coordinates":[[[127.81898,36.00911],[127.81814,36.00532],[127.82232,36.00326],[127.82735,36.00499],[127.82819,36.00878],[127.824,36.01084],[127.81898,36.00911]]]}},{"type":"Feature","properties":{"h3":"8830c55643fffff","emd_code":"5273032000","emd_name":"설천면","area_km2":0.5274,"edge":false,"slope_mean":19.8,"elev_mean":431.7,"flood_hist_n":1,"flood_depth_max_m":1.0,"flood_risk_100y":null,"semi_basement_r":null,"elderly_alone_r":0.2626,"bldg_age30_r":null,"shelter_min_walk":58,"pop":3889,"hh":2323,"elderly65_r":0.4009,"single_hh_r":0.5751,"source_level":"emd","flood_years":[2020],"landslide_hist_n":0},"geometry":{"type":"Polygon","coordinates":[[[127.82819,36.00878],[127.82735,36.00499],[127.83153,36.00293],[127.83655,36.00466],[127.83739,36.00845],[127.83321,36.01051],[127.82819,36.00878]]]}},{"type":"Feature","properties":{"h3":"8830c55645fffff","emd_code":"5273032000","emd_name":"설천면","area_km2":0.5274,"edge":false,"slope_mean":25.08,"elev_mean":466.8,"flood_hist_n":0,"flood_depth_max_m":null,"flood_risk_100y":null,"semi_basement_r":null,"elderly_alone_r":0.2626,"bldg_age30_r":null,"shelter_min_walk":39,"pop":3889,"hh":2323,"elderly65_r":0.4009,"single_hh_r":0.5751,"source_level":"emd","flood_years":[],"landslide_hist_n":0},"geometry":{"type":"Polygon","coordinates":[[[127.81312,36.00359],[127.81228,35.9998],[127.81646,35.99774],[127.82148,35.99947],[127.82232,36.00326],[127.81814,36.00532],[127.81312,36.00359]]]}},{"type":"Feature","properties":{"h3":"8830c55647fffff","emd_code":"5273032000","emd_name":"설천면","area_km2":0.5275,"edge":false,"slope_mean":27.09,"elev_mean":527.0,"flood_hist_n":0,"flood_depth_max_m":null,"flood_risk_100y":null,"semi_basement_r":null,"elderly_alone_r":0.2626,"bldg_age30_r":null,"shelter_min_walk":52,"pop":3889,"hh":2323,"elderly65_r":0.4009,"single_hh_r":0.5751,"source_level":"emd","flood_years":[],"landslide_hist_n":0},"geometry":{"type":"Polygon","coordinates":[[[127.82232,36.00326],[127.82148,35.99947],[127.82567,35.99741],[127.83069,35.99914],[127.83153,36.00293],[127.82735,36.00499],[127.82232,36.00326]]]}},{"type":"Feature","properties":{"h3":"8830c55649fffff","emd_code":"5273032000","emd_name":"설천면","area_km2":0.5273,"edge":false,"slope_mean":21.68,"elev_mean":405.6,"flood_hist_n":0,"flood_depth_max_m":null,"flood_risk_100y":null,"semi_basement_r":null,"elderly_alone_r":0.2626,"bldg_age30_r":null,"shelter_min_walk":42,"pop":3889,"hh":2323,"elderly65_r":0.4009,"single_hh_r":0.5751,"source_level":"emd","flood_years":[],"landslide_hist_n":0},"geometry":{"type":"Polygon","coordinates":[[[127.81564,36.01496],[127.8148,36.01117],[127.81898,36.00911],[127.824,36.01084],[127.82484,36.01463],[127.82066,36.01669],[127.81564,36.01496]]]}},{"type":"Feature","properties":{"h3":"8830c5564bfffff","emd_code":"5273032000","emd_name":"설천면","area_km2":0.5273,"edge":false,"slope_mean":20.5,"elev_mean":456.5,"flood_hist_n":0,"flood_depth_max_m":null,"flood_risk_100y":null,"semi_basement_r":null,"elderly_alone_r":0.2626,"bldg_age30_r":null,"shelter_min_walk":54,"pop":3889,"hh":2323,"elderly65_r":0.4009,"single_hh_r":0.5751,"source_level":"emd","flood_years":[],"landslide_hist_n":0},"geometry":{"type":"Polygon","coordinates":[[[127.82484,36.01463],[127.824,36.01084],[127.82819,36.00878],[127.83321,36.01051],[127.83405,36.0143],[127.82987,36.01636],[127.82484,36.01463]]]}},{"type":"Feature","properties":{"h3":"8830c5564dfffff","emd_code":"5273032000","emd_name":"설천면","area_km2":0.5273,"edge":false,"slope_mean":25.91,"elev_mean":472.1,"flood_hist_n":0,"flood_depth_max_m":null,"flood_risk_100y":null,"semi_basement_r":null,"elderly_alone_r":0.2626,"bldg_age30_r":null,"shelter_min_walk":33,"pop":3889,"hh":2323,"elderly65_r":0.4009,"single_hh_r":0.5751,"source_level":"emd","flood_years":[],"landslide_hist_n":0},"geometry":{"type":"Polygon","coordinates":[[[127.80977,36.00944],[127.80893,36.00565],[127.81312,36.00359],[127.81814,36.00532],[127.81898,36.00911],[127.8148,36.01117],[127.80977,36.00944]]]}},{"type":"Feature","properties":{"h3":"8830c55651fffff","emd_code":"5273032000","emd_name":"설천면","area_km2":0.5274,"edge":false,"slope_mean":24.44,"elev_mean":690.7,"flood_hist_n":0,"flood_depth_max_m":null,"flood_risk_100y":null,"semi_basement_r":null,"elderly_alone_r":0.2626,"bldg_age30_r":null,"shelter_min_walk":70,"pop":3889,"hh":2323,"elderly65_r":0.4009,"single_hh_r":0.5751,"source_level":"emd","flood_years":[],"landslide_hist_n":0},"geometry":{"type":"Polygon","coordinates":[[[127.84326,36.01398],[127.84242,36.01019],[127.8466,36.00813],[127.85162,36.00986],[127.85246,36.01365],[127.84828,36.01571],[127.84326,36.01398]]]}},{"type":"Feature","properties":{"h3":"8830c55653fffff","emd_code":"5273032000","emd_name":"설천면","area_km2":0.5275,"edge":false,"slope_mean":26.56,"elev_mean":749.3,"flood_hist_n":0,"flood_depth_max_m":null,"flood_risk_100y":null,"semi_basement_r":null,"elderly_alone_r":0.2626,"bldg_age30_r":null,"shelter_min_walk":71,"pop":3889,"hh":2323,"elderly65_r":0.4009,"single_hh_r":0.5751,"source_level":"emd","flood_years":[],"landslide_hist_n":2},"geometry":{"type":"Polygon","coordinates":[[[127.85246,36.01365],[127.85162,36.00986],[127.85581,36.0078],[127.86083,36.00953],[127.86167,36.01332],[127.85749,36.01538],[127.85246,36.01365]]]}},{"type":"Feature","properties":{"h3":"8830c55655fffff","emd_code":"5273032000","emd_name":"설천면","area_km2":0.5275,"edge":false,"slope_mean":23.05,"elev_mean":524.1,"flood_hist_n":0,"flood_depth_max_m":null,"flood_risk_100y":null,"semi_basement_r":null,"elderly_alone_r":0.2626,"bldg_age30_r":null,"shelter_min_walk":61,"pop":3889,"hh":2323,"elderly65_r":0.4009,"single_hh_r":0.5751,"source_level":"emd","flood_years":[],"landslide_hist_n":0},"geometry":{"type":"Polygon","coordinates":[[[127.83739,36.00845],[127.83655,36.00466],[127.84074,36.0026],[127.84576,36.00433],[127.8466,36.00813],[127.84242,36.01019],[127.83739,36.00845]]]}},{"type":"Feature","properties":{"h3":"8830c55657fffff","emd_code":"5273032000","emd_name":"설천면","area_km2":0.5275,"edge":false,"slope_mean":23.47,"elev_mean":597.4,"flood_hist_n":0,"flood_depth_max_m":null,"flood_risk_100y":null,"semi_basement_r":null,"elderly_alone_r":0.2626,"bldg_age30_r":null,"shelter_min_walk":61,"pop":3889,"hh":2323,"elderly65_r":0.4009,"single_hh_r":0.5751,"source_level":"emd","flood_years":[],"landslide_hist_n":0},"geometry":{"type":"Polygon","coordinates":[[[127.8466,36.00813],[127.84576,36.00433],[127.84994,36.00227],[127.85497,36.004],[127.85581,36.0078],[127.85162,36.00986],[127.8466,36.00813]]]}},{"type":"Feature","properties":{"h3":"8830c55659fffff","emd_code":"5273032000","emd_name":"설천면","area_km2":0.5273,"edge":false,"slope_mean":23.34,"elev_mean":633.7,"flood_hist_n":0,"flood_depth_max_m":null,"flood_risk_100y":null,"semi_basement_r":null,"elderly_alone_r":0.2626,"bldg_age30_r":null,"shelter_min_walk":76,"pop":3889,"hh":2323,"elderly65_r":0.4009,"single_hh_r":0.5751,"source_level":"emd","flood_years":[],"landslide_hist_n":0},"geometry":{"type":"Polygon","coordinates":[[[127.83991,36.01983],[127.83907,36.01604],[127.84326,36.01398],[127.84828,36.01571],[127.84912,36.0195],[127.84494,36.02156],[127.83991,36.01983]]]}},{"type":"Feature","properties":{"h3":"8830c5565bfffff","emd_code":"5273032000","emd_name":"설천면","area_km2":0.5273,"edge":false,"slope_mean":27.58,"elev_mean":814.9,"flood_hist_n":0,"flood_depth_max_m":null,"flood_risk_100y":null,"semi_basement_r":null,"elderly_alone_r":0.2626,"bldg_age30_r":null,"shelter_min_walk":80,"pop":3889,"hh":2323,"elderly65_r":0.4009,"single_hh_r":0.5751,"source_level":"emd","flood_years":[],"landslide_hist_n":0},"geometry":{"type":"Polygon","coordinates":[[[127.84912,36.0195],[127.84828,36.01571],[127.85246,36.01365],[127.85749,36.01538],[127.85833,36.01917],[127.85414,36.02123],[127.84912,36.0195]]]}},{"type":"Feature","properties":{"h3":"8830c5565dfffff","emd_code":"5273032000","emd_name":"설천면","area_km2":0.5274,"edge":false,"slope_mean":22.74,"elev_mean":529.1,"flood_hist_n":0,"flood_depth_max_m":null,"flood_risk_100y":null,"semi_basement_r":null,"elderly_alone_r":0.2626,"bldg_age30_r":null,"shelter_min_walk":66,"pop":3889,"hh":2323,"elderly65_r":0.4009,"single_hh_r":0.5751,"source_level":"emd","flood_years":[],"landslide_hist_n":0},"geometry":{"type":"Polygon","coordinates":[[[127.83405,36.0143],[127.83321,36.01051],[127.83739,36.00845],[127.84242,36.01019],[127.84326,36.01398],[127.83907,36.01604],[127.83405,36.0143]]]}},{"type":"Feature","properties":{"h3":"8830c55661fffff","emd_code":"5273032000","emd_name":"설천면","area_km2":0.5276,"edge":false,"slope_mean":20.5,"elev_mean":382.9,"flood_hist_n":1,"flood_depth_max_m":0.5,"flood_risk_100y":null,"semi_basement_r":null,"elderly_alone_r":0.2626,"bldg_age30_r":null,"shelter_min_walk":46,"pop":3889,"hh":2323,"elderly65_r":0.4009,"single_hh_r":0.5751,"source_level":"emd","flood_years":[2020],"landslide_hist_n":0},"geometry":{"type":"Polygon","coordinates":[[[127.8106,35.99221],[127.80976,35.98842],[127.81394,35.98636],[127.81896,35.98809],[127.8198,35.99189],[127.81562,35.99395],[127.8106,35.99221]]]}},{"type":"Feature","properties":{"h3":"8830c55663fffff","emd_code":"5273032000","emd_name":"설천면","area_km2":0.5277,"edge":false,"slope_mean":23.47,"elev_mean":431.9,"flood_hist_n":0,"flood_depth_max_m":null,"flood_risk_100y":null,"semi_basement_r":null,"elderly_alone_r":0.2626,"bldg_age30_r":null,"shelter_min_walk":43,"pop":3889,"hh":2323,"elderly65_r":0.4009,"single_hh_r":0.5751,"source_level":"emd","flood_years":[],"landslide_hist_n":0},"geometry":{"type":"Polygon","coordinates":[[[127.8198,35.99189],[127.81896,35.98809],[127.82315,35.98603],[127.82817,35.98776],[127.82901,35.99156],[127.82483,35.99362],[127.8198,35.99189]]]}},{"type":"Feature","properties":{"h3":"8830c55665fffff","emd_code":"5273032000","emd_name":"설천면","area_km2":0.5277,"edge":false,"slope_mean":28.12,"elev_mean":533.2,"flood_hist_n":0,"flood_depth_max_m":null,"flood_risk_100y":null,"semi_basement_r":null,"elderly_alone_r":0.2626,"bldg_age30_r":null,"shelter_min_walk":47,"pop":3889,"hh":2323,"elderly65_r":0.4009,"single_hh_r":0.5751,"source_level":"emd","flood_years":[],"landslide_hist_n":0},"geometry":{"type":"Polygon","coordinates":[[[127.80474,35.98669],[127.8039,35.9829],[127.80808,35.98084],[127.8131,35.98257],[127.81394,35.98636],[127.80976,35.98842],[127.80474,35.98669]]]}},{"type":"Feature","properties":{"h3":"8830c55667fffff","emd_code":"5273032000","emd_name":"설천면","area_km2":0.5277,"edge":false,"slope_mean":17.94,"elev_mean":377.6,"flood_hist_n":0,"flood_depth_max_m":null,"flood_risk_100y":null,"semi_basement_r":null,"elderly_alone_r":0.2626,"bldg_age30_r":null,"shelter_min_walk":43,"pop":3889,"hh":2323,"elderly65_r":0.4009,"single_hh_r":0.5751,"source_level":"emd","flood_years":[],"landslide_hist_n":0},"geometry":{"type":"Polygon","coordinates":[[[127.81394,35.98636],[127.8131,35.98257],[127.81728,35.98051],[127.82231,35.98224],[127.82315,35.98603],[127.81896,35.98809],[127.81394,35.98636]]]}},{"type":"Feature","properties":{"h3":"8830c55669fffff","emd_code":"5273032000","emd_name":"설천면","area_km2":0.5275,"edge":false,"slope_mean":19.51,"elev_mean":357.4,"flood_hist_n":1,"flood_depth_max_m":1.0,"flood_risk_100y":null,"semi_basement_r":null,"elderly_alone_r":0.2626,"bldg_age30_r":null,"shelter_min_walk":36,"pop":3889,"hh":2323,"elderly65_r":0.4009,"single_hh_r":0.5751,"source_level":"emd","flood_years":[2020],"landslide_hist_n":0},"geometry":{"type":"Polygon","coordinates":[[[127.80726,35.99806],[127.80642,35.99427],[127.8106,35.99221],[127.81562,35.99395],[127.81646,35.99774],[127.81228,35.9998],[127.80726,35.99806]]]}},{"type":"Feature","properties":{"h3":"8830c5566bfffff","emd_code":"5273032000","emd_name":"설천면","area_km2":0.5276,"edge":false,"slope_mean":22.15,"elev_mean":417.5,"flood_hist_n":0,"flood_depth_max_m":null,"flood_risk_100y":null,"semi_basement_r":null,"elderly_alone_r":0.2626,"bldg_age30_r":null,"shelter_min_walk":47,"pop":3889,"hh":2323,"elderly65_r":0.4009,"single_hh_r":0.5751,"source_level":"emd","flood_years":[],"landslide_hist_n":0},"geometry":{"type":"Polygon","coordinates":[[[127.81646,35.99774],[127.81562,35.99395],[127.8198,35.99189],[127.82483,35.99362],[127.82567,35.99741],[127.82148,35.99947],[127.81646,35.99774]]]}},{"type":"Feature","properties":{"h3":"8830c5566dfffff","emd_code":"5273032000","emd_name":"설천면","area_km2":0.5276,"edge":false,"slope_mean":29.53,"elev_mean":488.8,"flood_hist_n":0,"flood_depth_max_m":null,"flood_risk_100y":null,"semi_basement_r":null,"elderly_alone_r":0.2626,"bldg_age30_r":null,"shelter_min_walk":37,"pop":3889,"hh":2323,"elderly65_r":0.4009,"single_hh_r":0.5751,"source_level":"emd","flood_years":[],"landslide_hist_n":0},"geometry":{"type":"Polygon","coordinates":[[[127.80139,35.99254],[127.80055,35.98875],[127.80474,35.98669],[127.80976,35.98842],[127.8106,35.99221],[127.80642,35.99427],[127.80139,35.99254]]]}},{"type":"Feature","properties":{"h3":"8830c55685fffff","emd_code":"5273031000","emd_name":"무풍면","area_km2":0.5281,"edge":true,"slope_mean":31.54,"elev_mean":828.3,"flood_hist_n":0,"flood_depth_max_m":null,"flood_risk_100y":null,"semi_basement_r":null,"elderly_alone_r":0.3256,"bldg_age30_r":null,"shelter_min_walk":77,"pop":2102,"hh":1330,"elderly65_r":0.4957,"single_hh_r":0.585,"source_level":"emd","flood_years":[],"landslide_hist_n":0},"geometry":{"type":"Polygon","coordinates":[[[127.89346,35.98924],[127.89262,35.98545],[127.8968,35.98338],[127.90183,35.98511],[127.90267,35.98891],[127.89849,35.99097],[127.89346,35.98924]]]}},{"type":"Feature","properties":{"h3":"8830c556a1fffff","emd_code":"5273031000","emd_name":"무풍면","area_km2":0.5282,"edge":false,"slope_mean":23.94,"elev_mean":715.1,"flood_hist_n":0,"flood_depth_max_m":null,"flood_risk_100y":null,"semi_basement_r":null,"elderly_alone_r":0.3256,"bldg_age30_r":null,"shelter_min_walk":69,"pop":2102,"hh":1330,"elderly65_r":0.4957,"single_hh_r":0.585,"source_level":"emd","flood_years":[],"landslide_hist_n":0},"geometry":{"type":"Polygon","coordinates":[[[127.89094,35.97786],[127.8901,35.97407],[127.89428,35.972],[127.89931,35.97373],[127.90015,35.97753],[127.89596,35.97959],[127.89094,35.97786]]]}},{"type":"Feature","properties":{"h3":"8830c556a5fffff","emd_code":"5273031000","emd_name":"무풍면","area_km2":0.5283,"edge":false,"slope_mean":19.28,"elev_mean":606.4,"flood_hist_n":0,"flood_depth_max_m":null,"flood_risk_100y":null,"semi_basement_r":null,"elderly_alone_r":0.3256,"bldg_age30_r":null,"shelter_min_walk":60,"pop":2102,"hh":1330,"elderly65_r":0.4957,"single_hh_r":0.585,"source_level":"emd","flood_years":[],"landslide_hist_n":0},"geometry":{"type":"Polygon","coordinates":[[[127.88507,35.97234],[127.88423,35.96854],[127.88842,35.96648],[127.89344,35.96821],[127.89428,35.972],[127.8901,35.97407],[127.88507,35.97234]]]}},{"type":"Feature","properties":{"h3":"8830c556a7fffff","emd_code":"5273031000","emd_name":"무풍면","area_km2":0.5284,"edge":true,"slope_mean":23.42,"elev_mean":656.6,"flood_hist_n":0,"flood_depth_max_m":null,"flood_risk_100y":null,"semi_basement_r":null,"elderly_alone_r":0.3256,"bldg_age30_r":null,"shelter_min_walk":73,"pop":2102,"hh":1330,"elderly65_r":0.4957,"single_hh_r":0.585,"source_level":"emd","flood_years":[],"landslide_hist_n":0},"geometry":{"type":"Polygon","coordinates":[[[127.89428,35.972],[127.89344,35.96821],[127.89763,35.96614],[127.90265,35.96787],[127.90349,35.97167],[127.89931,35.97373],[127.89428,35.972]]]}},{"type":"Feature","properties":{"h3":"8830c556a9fffff","emd_code":"5273031000","emd_name":"무풍면","area_km2":0.5281,"edge":true,"slope_mean":27.32,"elev_mean":859.0,"flood_hist_n":0,"flood_depth_max_m":null,"flood_risk_100y":null,"semi_basement_r":null,"elderly_alone_r":0.3256,"bldg_age30_r":null,"shelter_min_walk":67,"pop":2102,"hh":1330,"elderly65_r":0.4957,"single_hh_r":0.585,"source_level":"emd","flood_years":[],"landslide_hist_n":0},"geometry":{"type":"Polygon","coordinates":[[[127.8876,35.98372],[127.88675,35.97992],[127.89094,35.97786],[127.89596,35.97959],[127.8968,35.98338],[127.89262,35.98545],[127.8876,35.98372]]]}},{"type":"Feature","properties":{"h3":"8830c556adfffff","emd_code":"5273031000","emd_name":"무풍면","area_km2":0.5282,"edge":false,"slope_mean":26.77,"elev_mean":755.6,"flood_hist_n":0,"flood_depth_max_m":null,"flood_risk_100y":null,"semi_basement_r":null,"elderly_alone_r":0.3256,"bldg_age30_r":null,"shelter_min_walk":57,"pop":2102,"hh":1330,"elderly65_r":0.4957,"single_hh_r":0.585,"source_level":"emd","flood_years":[],"landslide_hist_n":0},"geometry":{"type":"Polygon","coordinates":[[[127.88173,35.97819],[127.88089,35.9744],[127.88507,35.97234],[127.8901,35.97407],[127.89094,35.97786],[127.88675,35.97992],[127.88173,35.97819]]]}},{"type":"Feature","properties":{"h3":"8830c556c5fffff","emd_code":"5273032000","emd_name":"설천면","area_km2":0.5278,"edge":true,"slope_mean":28.2,"elev_mean":939.9,"flood_hist_n":0,"flood_depth_max_m":null,"flood_risk_100y":null,"semi_basement_r":null,"elderly_alone_r":0.2626,"bldg_age30_r":null,"shelter_min_walk":70,"pop":3889,"hh":2323,"elderly65_r":0.4009,"single_hh_r":0.5751,"source_level":"emd","flood_years":[],"landslide_hist_n":0},"geometry":{"type":"Polygon","coordinates":[[[127.87757,36.00128],[127.87672,35.99749],[127.88091,35.99543],[127.88593,35.99716],[127.88677,36.00095],[127.88259,36.00301],[127.87757,36.00128]]]}},{"type":"Feature","properties":{"h3":"8830c556cdfffff","emd_code":"5273032000","emd_name":"설천면","area_km2":0.5277,"edge":true,"slope_mean":28.14,"elev_mean":1009.1,"flood_hist_n":0,"flood_depth_max_m":null,"flood_risk_100y":null,"semi_basement_r":null,"elderly_alone_r":0.2626,"bldg_age30_r":null,"shelter_min_walk":74,"pop":3889,"hh":2323,"elderly65_r":0.4009,"single_hh_r":0.5751,"source_level":"emd","flood_years":[],"landslide_hist_n":0},"geometry":{"type":"Polygon","coordinates":[[[127.87422,36.00713],[127.87338,36.00334],[127.87757,36.00128],[127.88259,36.00301],[127.88343,36.0068],[127.87925,36.00886],[127.87422,36.00713]]]}},{"type":"Feature","properties":{"h3":"8830c556e1fffff","emd_code":"5273031000","emd_name":"무풍면","area_km2":0.528,"edge":false,"slope_mean":24.17,"elev_mean":842.9,"flood_hist_n":0,"flood_depth_max_m":null,"flood_risk_100y":null,"semi_basement_r":null,"elderly_alone_r":0.3256,"bldg_age30_r":null,"shelter_min_walk":55,"pop":2102,"hh":1330,"elderly65_r":0.4957,"single_hh_r":0.585,"source_level":"emd","flood_years":[],"landslide_hist_n":0},"geometry":{"type":"Polygon","coordinates":[[[127.87504,35.98991],[127.8742,35.98611],[127.87839,35.98405],[127.88341,35.98578],[127.88425,35.98957],[127.88007,35.99164],[127.87504,35.98991]]]}},{"type":"Feature","properties":{"h3":"8830c556e3fffff","emd_code":"5273031000","emd_name":"무풍면","area_km2":0.528,"edge":false,"slope_mean":24.81,"elev_mean":851.8,"flood_hist_n":0,"flood_depth_max_m":null,"flood_risk_100y":null,"semi_basement_r":null,"elderly_alone_r":0.3256,"bldg_age30_r":null,"shelter_min_walk":66,"pop":2102,"hh":1330,"elderly65_r":0.4957,"single_hh_r":0.585,"source_level":"emd","flood_years":[],"landslide_hist_n":0},"geometry":{"type":"Polygon","coordinates":[[[127.88425,35.98957],[127.88341,35.98578],[127.8876,35.98372],[127.89262,35.98545],[127.89346,35.98924],[127.88928,35.9913],[127.88425,35.98957]]]}},{"type":"Feature","properties":{"h3":"8830c556e5fffff","emd_code":"5273031000","emd_name":"무풍면","area_km2":0.528,"edge":false,"slope_mean":26.58,"elev_mean":745.2,"flood_hist_n":0,"flood_depth_max_m":null,"flood_risk_100y":null,"semi_basement_r":null,"elderly_alone_r":0.3256,"bldg_age30_r":null,"shelter_min_walk":44,"pop":2102,"hh":1330,"elderly65_r":0.4957,"single_hh_r":0.585,"source_level":"emd","flood_years":[],"landslide_hist_n":0},"geometry":{"type":"Polygon","coordinates":[[[127.86918,35.98438],[127.86834,35.98059],[127.87252,35.97853],[127.87755,35.98026],[127.87839,35.98405],[127.8742,35.98611],[127.86918,35.98438]]]}},{"type":"Feature","properties":{"h3":"8830c556e7fffff","emd_code":"5273031000","emd_name":"무풍면","area_km2":0.5281,"edge":false,"slope_mean":25.62,"elev_mean":743.9,"flood_hist_n":0,"flood_depth_max_m":null,"flood_risk_100y":null,"semi_basement_r":null,"elderly_alone_r":0.3256,"bldg_age30_r":null,"shelter_min_walk":55,"pop":2102,"hh":1330,"elderly65_r":0.4957,"single_hh_r":0.585,"source_level":"emd","flood_years":[],"landslide_hist_n":0},"geometry":{"type":"Polygon","coordinates":[[[127.87839,35.98405],[127.87755,35.98026],[127.88173,35.97819],[127.88675,35.97992],[127.8876,35.98372],[127.88341,35.98578],[127.87839,35.98405]]]}},{"type":"Feature","properties":{"h3":"8830c556e9fffff","emd_code":"5273031000","emd_name":"무풍면","area_km2":0.5278,"edge":false,"slope_mean":27.08,"elev_mean":1003.4,"flood_hist_n":0,"flood_depth_max_m":null,"flood_risk_100y":null,"semi_basement_r":null,"elderly_alone_r":0.3256,"bldg_age30_r":null,"shelter_min_walk":58,"pop":2102,"hh":1330,"elderly65_r":0.4957,"single_hh_r":0.585,"source_level":"emd","flood_years":[],"landslide_hist_n":0},"geometry":{"type":"Polygon","coordinates":[[[127.8717,35.99576],[127.87086,35.99197],[127.87504,35.98991],[127.88007,35.99164],[127.88091,35.99543],[127.87672,35.99749],[127.8717,35.99576]]]}},{"type":"Feature","properties":{"h3":"8830c556ebfffff","emd_code":"5273031000","emd_name":"무풍면","area_km2":0.5279,"edge":true,"slope_mean":26.34,"elev_mean":897.3,"flood_hist_n":0,"flood_depth_max_m":null,"flood_risk_100y":null,"semi_basement_r":null,"elderly_alone_r":0.3256,"bldg_age30_r":null,"shelter_min_walk":67,"pop":2102,"hh":1330,"elderly65_r":0.4957,"single_hh_r":0.585,"source_level":"emd","flood_years":[],"landslide_hist_n":0},"geometry":{"type":"Polygon","coordinates":[[[127.88091,35.99543],[127.88007,35.99164],[127.88425,35.98957],[127.88928,35.9913],[127.89012,35.99509],[127.88593,35.99716],[127.88091,35.99543]]]}},{"type":"Feature","properties":{"h3":"8830c556edfffff","emd_code":"5273031000","emd_name":"무풍면","area_km2":0.5279,"edge":false,"slope_mean":27.46,"elev_mean":907.2,"flood_hist_n":0,"flood_depth_max_m":null,"flood_risk_100y":null,"semi_basement_r":null,"elderly_alone_r":0.3256,"bldg_age30_r":null,"shelter_min_walk":46,"pop":2102,"hh":1330,"elderly65_r":0.4957,"single_hh_r":0.585,"source_level":"emd","flood_years":[],"landslide_hist_n":0},"geometry":{"type":"Polygon","coordinates":[[[127.86584,35.99024],[127.865,35.98644],[127.86918,35.98438],[127.8742,35.98611],[127.87504,35.98991],[127.87086,35.99197],[127.86584,35.99024]]]}},{"type":"Feature","properties":{"h3":"8830c55701fffff","emd_code":"5273032000","emd_name":"설천면","area_km2":0.5281,"edge":false,"slope_mean":23.07,"elev_mean":550.0,"flood_hist_n":0,"flood_depth_max_m":null,"flood_risk_100y":null,"semi_basement_r":null,"elderly_alone_r":0.2626,"bldg_age30_r":null,"shelter_min_walk":66,"pop":3889,"hh":2323,"elderly65_r":0.4009,"single_hh_r":0.5751,"source_level":"emd","flood_years":[],"landslide_hist_n":0},"geometry":{"type":"Polygon","coordinates":[[[127.79384,35.9584],[127.793,35.95461],[127.79718,35.95254],[127.8022,35.95428],[127.80304,35.95807],[127.79886,35.96013],[127.79384,35.9584]]]}},{"type":"Feature","properties":{"h3":"8830c55703fffff","emd_code":"5273032000","emd_name":"설천면","area_km2":0.5282,"edge":false,"slope_mean":26.02,"elev_mean":634.8,"flood_hist_n":0,"flood_depth_max_m":null,"flood_risk_100y":null,"semi_basement_r":null,"elderly_alone_r":0.2626,"bldg_age30_r":null,"shelter_min_walk":55,"pop":3889,"hh":2323,"elderly65_r":0.4009,"single_hh_r":0.5751,"source_level":"emd","flood_years":[],"landslide_hist_n":0},"geometry":{"type":"Polygon","coordinates":[[[127.80304,35.95807],[127.8022,35.95428],[127.80638,35.95222],[127.81141,35.95395],[127.81224,35.95774],[127.80806,35.95981],[127.80304,35.95807]]]}},{"type":"Feature","properties":{"h3":"8830c55705fffff","emd_code":"5273032000","emd_name":"설천면","area_km2":0.5282,"edge":false,"slope_mean":26.34,"elev_mean":760.2,"flood_hist_n":0,"flood_depth_max_m":null,"flood_risk_100y":null,"semi_basement_r":null,"elderly_alone_r":0.2626,"bldg_age30_r":null,"shelter_min_walk":77,"pop":3889,"hh":2323,"elderly65_r":0.4009,"single_hh_r":0.5751,"source_level":"emd","flood_years":[],"landslide_hist_n":0},"geometry":{"type":"Polygon","coordinates":[[[127.78798,35.95287],[127.78714,35.94908],[127.79132,35.94702],[127.79634,35.94875],[127.79718,35.95254],[127.793,35.95461],[127.78798,35.95287]]]}},{"type":"Feature","properties":{"h3":"8830c55707fffff","emd_code":"5273032000","emd_name":"설천면","area_km2":0.5282,"edge":false,"slope_mean":19.25,"elev_mean":566.5,"flood_hist_n":0,"flood_depth_max_m":null,"flood_risk_100y":null,"semi_basement_r":null,"elderly_alone_r":0.2626,"bldg_age30_r":null,"shelter_min_walk":66,"pop":3889,"hh":2323,"elderly65_r":0.4009,"single_hh_r":0.5751,"source_level":"emd","flood_years":[],"landslide_hist_n":0},"geometry":{"type":"Polygon","coordinates":[[[127.79718,35.95254],[127.79634,35.94875],[127.80052,35.94669],[127.80554,35.94842],[127.80638,35.95222],[127.8022,35.95428],[127.79718,35.95254]]]}},{"type":"Feature","properties":{"h3":"8830c55709fffff","emd_code":"5273032000","emd_name":"설천면","area_km2":0.528,"edge":false,"slope_mean":23.0,"elev_mean":524.5,"flood_hist_n":0,"flood_depth_max_m":null,"flood_risk_100y":null,"semi_basement_r":null,"elderly_alone_r":0.2626,"bldg_age30_r":null,"shelter_min_walk":68,"pop":3889,"hh":2323,"elderly65_r":0.4009,"single_hh_r":0.5751,"source_level":"emd","flood_years":[],"landslide_hist_n":0},"geometry":{"type":"Polygon","coordinates":[[[127.79049,35.96426],[127.78966,35.96046],[127.79384,35.9584],[127.79886,35.96013],[127.7997,35.96393],[127.79552,35.96599],[127.79049,35.96426]]]}},{"type":"Feature","properties":{"h3":"8830c5570bfffff","emd_code":"5273032000","emd_name":"설천면","area_km2":0.528,"edge":false,"slope_mean":23.2,"elev_mean":605.2,"flood_hist_n":0,"flood_depth_max_m":null,"flood_risk_100y":null,"semi_basement_r":null,"elderly_alone_r":0.2626,"bldg_age30_r":null,"shelter_min_walk":56,"pop":3889,"hh":2323,"elderly65_r":0.4009,"single_hh_r":0.5751,"source_level":"emd","flood_years":[],"landslide_hist_n":0},"geometry":{"type":"Polygon","coordinates":[[[127.7997,35.96393],[127.79886,35.96013],[127.80304,35.95807],[127.80806,35.95981],[127.8089,35.9636],[127.80472,35.96566],[127.7997,35.96393]]]}},{"type":"Feature","properties":{"h3":"8830c5570dfffff","emd_code":"5273032000","emd_name":"설천면","area_km2":0.5281,"edge":false,"slope_mean":30.25,"elev_mean":791.4,"flood_hist_n":0,"flood_depth_max_m":null,"flood_risk_100y":null,"semi_basement_r":null,"elderly_alone_r":0.2626,"bldg_age30_r":null,"shelter_min_walk":78,"pop":3889,"hh":2323,"elderly65_r":0.4009,"single_hh_r":0.5751,"source_level":"emd","flood_years":[],"landslide_hist_n":0},"geometry":{"type":"Polygon","coordinates":[[[127.78463,35.95873],[127.78379,35.95493],[127.78798,35.95287],[127.793,35.95461],[127.79384,35.9584],[127.78966,35.96046],[127.78463,35.95873]]]}},{"type":"Feature","properties":{"h3":"8830c55711fffff","emd_code":"5273031000","emd_name":"무풍면","area_km2":0.5281,"edge":false,"slope_mean":21.15,"elev_mean":534.4,"flood_hist_n":0,"flood_depth_max_m":null,"flood_risk_100y":null,"semi_basement_r":null,"elderly_alone_r":0.3256,"bldg_age30_r":null,"shelter_min_walk":33,"pop":2102,"hh":1330,"elderly65_r":0.4957,"single_hh_r":0.585,"source_level":"emd","flood_years":[],"landslide_hist_n":1},"geometry":{"type":"Polygon","coordinates":[[[127.81811,35.96327],[127.81727,35.95948],[127.82145,35.95742],[127.82647,35.95915],[127.82731,35.96294],[127.82313,35.96501],[127.81811,35.96327]]]}},{"type":"Feature","properties":{"h3":"8830c55713fffff","emd_code":"5273031000","emd_name":"무풍면","area_km2":0.5282,"edge":false,"slope_mean":19.64,"elev_mean":477.5,"flood_hist_n":0,"flood_depth_max_m":null,"flood_risk_100y":null,"semi_basement_r":null,"elderly_alone_r":0.3256,"bldg_age30_r":null,"shelter_min_walk":23,"pop":2102,"hh":1330,"elderly65_r":0.4957,"single_hh_r":0.585,"source_level":"emd","flood_years":[],"landslide_hist_n":0},"geometry":{"type":"Polygon","coordinates":[[[127.82731,35.96294],[127.82647,35.95915],[127.83065,35.95709],[127.83568,35.95882],[127.83652,35.96261],[127.83233,35.96468],[127.82731,35.96294]]]}},{"type":"Feature","properties":{"h3":"8830c55715fffff","emd_code":"5273031000","emd_name":"무풍면","area_km2":0.5282,"edge":false,"slope_mean":28.13,"elev_mean":675.0,"flood_hist_n":0,"flood_depth_max_m":null,"flood_risk_100y":null,"semi_basement_r":null,"elderly_alone_r":0.3256,"bldg_age30_r":null,"shelter_min_walk":44,"pop":2102,"hh":1330,"elderly65_r":0.4957,"single_hh_r":0.585,"source_level":"emd","flood_years":[],"landslide_hist_n":0},"geometry":{"type":"Polygon","coordinates":[[[127.81224,35.95774],[127.81141,35.95395],[127.81559,35.95189],[127.82061,35.95362],[127.82145,35.95742],[127.81727,35.95948],[127.81224,35.95774]]]}},{"type":"Feature","properties":{"h3":"8830c55717fffff","emd_code":"5273031000","emd_name":"무풍면","area_km2":0.5282,"edge":false,"slope_mean":24.36,"elev_mean":559.4,"flood_hist_n":0,"flood_depth_max_m":null,"flood_risk_100y":null,"semi_basement_r":null,"elderly_alone_r":0.3256,"bldg_age30_r":null,"shelter_min_walk":35,"pop":2102,"hh":1330,"elderly65_r":0.4957,"single_hh_r":0.585,"source_level":"emd","flood_years":[],"landslide_hist_n":0},"geometry":{"type":"Polygon","coordinates":[[[127.82145,35.95742],[127.82061,35.95362],[127.82479,35.95156],[127.82981,35.95329],[127.83065,35.95709],[127.82647,35.95915],[127.82145,35.95742]]]}},{"type":"Feature","properties":{"h3":"8830c55719fffff","emd_code":"5273031000","emd_name":"무풍면","area_km2":0.528,"edge":false,"slope_mean":24.1,"elev_mean":520.2,"flood_hist_n":0,"flood_depth_max_m":null,"flood_risk_100y":null,"semi_basement_r":null,"elderly_alone_r":0.3256,"bldg_age30_r":null,"shelter_min_walk":35,"pop":2102,"hh":1330,"elderly65_r":0.4957,"single_hh_r":0.585,"source_level":"emd","flood_years":[],"landslide_hist_n":0},"geometry":{"type":"Polygon","coordinates":[[[127.81476,35.96913],[127.81392,35.96533],[127.81811,35.96327],[127.82313,35.96501],[127.82397,35.9688],[127.81979,35.97086],[127.81476,35.96913]]]}},{"type":"Feature","properties":{"h3":"8830c5571bfffff","emd_code":"5273031000","emd_name":"무풍면","area_km2":0.5281,"edge":false,"slope_mean":19.03,"elev_mean":433.6,"flood_hist_n":0,"flood_depth_max_m":null,"flood_risk_100y":null,"semi_basement_r":null,"elderly_alone_r":0.3256,"bldg_age30_r":null,"shelter_min_walk":23,"pop":2102,"hh":1330,"elderly65_r":0.4957,"single_hh_r":0.585,"source_level":"emd","flood_years":[],"landslide_hist_n":0},"geometry":{"type":"Polygon","coordinates":[[[127.82397,35.9688],[127.82313,35.96501],[127.82731,35.96294],[127.83233,35.96468],[127.83317,35.96847],[127.82899,35.97053],[127.82397,35.9688]]]}},{"type":"Feature","properties":{"h3":"8830c5571dfffff","emd_code":"5273031000","emd_name":"무풍면","area_km2":0.5281,"edge":false,"slope_mean":25.96,"elev_mean":680.1,"flood_hist_n":0,"flood_depth_max_m":null,"flood_risk_100y":null,"semi_basement_r":null,"elderly_alone_r":0.3256,"bldg_age30_r":null,"shelter_min_walk":44,"pop":2102,"hh":1330,"elderly65_r":0.4957,"single_hh_r":0.585,"source_level":"emd","flood_years":[],"landslide_hist_n":0},"geometry":{"type":"Polygon","coordinates":[[[127.8089,35.9636],[127.80806,35.95981],[127.81224,35.95774],[127.81727,35.95948],[127.81811,35.96327],[127.81392,35.96533],[127.8089,35.9636]]]}},{"type":"Feature","properties":{"h3":"8830c55721fffff","emd_code":"5273032000","emd_name":"설천면","area_km2":0.5283,"edge":false,"slope_mean":24.99,"elev_mean":907.4,"flood_hist_n":0,"flood_depth_max_m":null,"flood_risk_100y":null,"semi_basement_r":null,"elderly_alone_r":0.2626,"bldg_age30_r":null,"shelter_min_walk":89,"pop":3889,"hh":2323,"elderly65_r":0.4009,"single_hh_r":0.5751,"source_level":"emd","flood_years":[],"landslide_hist_n":0},"geometry":{"type":"Polygon","coordinates":[[[127.78546,35.94149],[127.78462,35.93769],[127.7888,35.93563],[127.79382,35.93736],[127.79466,35.94116],[127.79048,35.94322],[127.78546,35.94149]]]}},{"type":"Feature","properties":{"h3":"8830c55723fffff","emd_code":"5273032000","emd_name":"설천면","area_km2":0.5284,"edge":false,"slope_mean":24.22,"elev_mean":759.9,"flood_hist_n":0,"flood_depth_max_m":null,"flood_risk_100y":null,"semi_basement_r":null,"elderly_alone_r":0.2626,"bldg_age30_r":null,"shelter_min_walk":80,"pop":3889,"hh":2323,"elderly65_r":0.4009,"single_hh_r":0.5751,"source_level":"emd","flood_years":[],"landslide_hist_n":0},"geometry":{"type":"Polygon","coordinates":[[[127.79466,35.94116],[127.79382,35.93736],[127.798,35.9353],[127.80302,35.93703],[127.80386,35.94083],[127.79968,35.94289],[127.79466,35.94116]]]}},{"type":"Feature","properties":{"h3":"8830c55725fffff","emd_code":"5273032000","emd_name":"설천면","area_km2":0.5284,"edge":false,"slope_mean":22.76,"elev_mean":978.9,"flood_hist_n":0,"flood_depth_max_m":null,"flood_risk_100y":null,"semi_basement_r":null,"elderly_alone_r":0.2626,"bldg_age30_r":null,"shelter_min_walk":101,"pop":3889,"hh":2323,"elderly65_r":0.4009,"single_hh_r":0.5751,"source_level":"emd","flood_years":[],"landslide_hist_n":0},"geometry":{"type":"Polygon","coordinates":[[[127.7796,35.93595],[127.77876,35.93216],[127.78294,35.9301],[127.78796,35.93183],[127.7888,35.93563],[127.78462,35.93769],[127.7796,35.93595]]]}},{"type":"Feature","properties":{"h3":"8830c55727fffff","emd_code":"5273032000","emd_name":"설천면","area_km2":0.5285,"edge":false,"slope_mean":23.44,"elev_mean":957.3,"flood_hist_n":0,"flood_depth_max_m":null,"flood_risk_100y":null,"semi_basement_r":null,"elderly_alone_r":0.2626,"bldg_age30_r":null,"shelter_min_walk":92,"pop":3889,"hh":2323,"elderly65_r":0.4009,"single_hh_r":0.5751,"source_level":"emd","flood_years":[],"landslide_hist_n":0},"geometry":{"type":"Polygon","coordinates":[[[127.7888,35.93563],[127.78796,35.93183],[127.79214,35.92977],[127.79716,35.9315],[127.798,35.9353],[127.79382,35.93736],[127.7888,35.93563]]]}},{"type":"Feature","properties":{"h3":"8830c55729fffff","emd_code":"5273032000","emd_name":"설천면","area_km2":0.5282,"edge":false,"slope_mean":28.01,"elev_mean":965.5,"flood_hist_n":0,"flood_depth_max_m":null,"flood_risk_100y":null,"semi_basement_r":null,"elderly_alone_r":0.2626,"bldg_age30_r":null,"shelter_min_walk":88,"pop":3889,"hh":2323,"elderly65_r":0.4009,"single_hh_r":0.5751,"source_level":"emd","flood_years":[],"landslide_hist_n":0},"geometry":{"type":"Polygon","coordinates":[[[127.78212,35.94734],[127.78128,35.94355],[127.78546,35.94149],[127.79048,35.94322],[127.79132,35.94702],[127.78714,35.94908],[127.78212,35.94734]]]}},{"type":"Feature","properties":{"h3":"8830c5572bfffff","emd_code":"5273032000","emd_name":"설천면","area_km2":0.5283,"edge":false,"slope_mean":22.88,"elev_mean":729.5,"flood_hist_n":0,"flood_depth_max_m":null,"flood_risk_100y":null,"semi_basement_r":null,"elderly_alone_r":0.2626,"bldg_age30_r":null,"shelter_min_walk":78,"pop":3889,"hh":2323,"elderly65_r":0.4009,"single_hh_r":0.5751,"source_level":"emd","flood_years":[],"landslide_hist_n":0},"geometry":{"type":"Polygon","coordinates":[[[127.79132,35.94702],[127.79048,35.94322],[127.79466,35.94116],[127.79968,35.94289],[127.80052,35.94669],[127.79634,35.94875],[127.79132,35.94702]]]}},{"type":"Feature","properties":{"h3":"8830c5572dfffff","emd_code":"5273032000","emd_name":"설천면","area_km2":0.5283,"edge":false,"slope_mean":26.26,"elev_mean":1011.8,"flood_hist_n":0,"flood_depth_max_m":null,"flood_risk_100y":null,"semi_basement_r":null,"elderly_alone_r":0.2626,"bldg_age30_r":null,"shelter_min_walk":99,"pop":3889,"hh":2323,"elderly65_r":0.4009,"single_hh_r":0.5751,"source_level":"emd","flood_years":[],"landslide_hist_n":0},"geometry":{"type":"Polygon","coordinates":[[[127.77626,35.94181],[127.77542,35.93802],[127.7796,35.93595],[127.78462,35.93769],[127.78546,35.94149],[127.78128,35.94355],[127.77626,35.94181]]]}},{"type":"Feature","properties":{"h3":"8830c55731fffff","emd_code":"5273032000","emd_name":"설천면","area_km2":0.5284,"edge":false,"slope_mean":27.06,"elev_mean":747.2,"flood_hist_n":0,"flood_depth_max_m":null,"flood_risk_100y":null,"semi_basement_r":null,"elderly_alone_r":0.2626,"bldg_age30_r":null,"shelter_min_walk":59,"pop":3889,"hh":2323,"elderly65_r":0.4009,"single_hh_r":0.5751,"source_level":"emd","flood_years":[],"landslide_hist_n":0},"geometry":{"type":"Polygon","coordinates":[[[127.80973,35.94636],[127.80889,35.94256],[127.81307,35.9405],[127.81809,35.94223],[127.81893,35.94603],[127.81475,35.94809],[127.80973,35.94636]]]}},{"type":"Feature","properties":{"h3":"8830c55733fffff","emd_code":"5273031000","emd_name":"무풍면","area_km2":0.5284,"edge":false,"slope_mean":25.52,"elev_mean":749.5,"flood_hist_n":0,"flood_depth_max_m":null,"flood_risk_100y":null,"semi_basement_r":null,"elderly_alone_r":0.3256,"bldg_age30_r":null,"shelter_min_walk":52,"pop":2102,"hh":1330,"elderly65_r":0.4957,"single_hh_r":0.585,"source_level":"emd","flood_years":[],"landslide_hist_n":0},"geometry":{"type":"Polygon","coordinates":[[[127.81893,35.94603],[127.81809,35.94223],[127.82227,35.94017],[127.82729,35.94191],[127.82813,35.9457],[127.82395,35.94776],[127.81893,35.94603]]]}},{"type":"Feature","properties":{"h3":"8830c55735fffff","emd_code":"5273032000","emd_name":"설천면","area_km2":0.5284,"edge":false,"slope_mean":24.38,"elev_mean":706.0,"flood_hist_n":0,"flood_depth_max_m":null,"flood_risk_100y":null,"semi_basement_r":null,"elderly_alone_r":0.2626,"bldg_age30_r":null,"shelter_min_walk":71,"pop":3889,"hh":2323,"elderly65_r":0.4009,"single_hh_r":0.5751,"source_level":"emd","flood_years":[],"landslide_hist_n":0},"geometry":{"type":"Polygon","coordinates":[[[127.80386,35.94083],[127.80302,35.93703],[127.80721,35.93497],[127.81223,35.93671],[127.81307,35.9405],[127.80889,35.94256],[127.80386,35.94083]]]}},{"type":"Feature","properties":{"h3":"8830c55737fffff","emd_code":"5273032000","emd_name":"설천면","area_km2":0.5285,"edge":false,"slope_mean":27.41,"elev_mean":825.6,"flood_hist_n":0,"flood_depth_max_m":null,"flood_risk_100y":null,"semi_basement_r":null,"elderly_alone_r":0.2626,"bldg_age30_r":null,"shelter_min_walk":64,"pop":3889,"hh":2323,"elderly65_r":0.4009,"single_hh_r":0.5751,"source_level":"emd","flood_years":[],"landslide_hist_n":0},"geometry":{"type":"Polygon","coordinates":[[[127.81307,35.9405],[127.81223,35.93671],[127.81641,35.93464],[127.82143,35.93638],[127.82227,35.94017],[127.81809,35.94223],[127.81307,35.9405]]]}},{"type":"Feature","properties":{"h3":"8830c55739fffff","emd_code":"5273032000","emd_name":"설천면","area_km2":0.5283,"edge":false,"slope_mean":26.11,"elev_mean":642.7,"flood_hist_n":0,"flood_depth_max_m":null,"flood_risk_100y":null,"semi_basement_r":null,"elderly_alone_r":0.2626,"bldg_age30_r":null,"shelter_min_walk":56,"pop":3889,"hh":2323,"elderly65_r":0.4009,"single_hh_r":0.5751,"source_level":"emd","flood_years":[],"landslide_hist_n":0},"geometry":{"type":"Polygon","coordinates":[[[127.80638,35.95222],[127.80554,35.94842],[127.80973,35.94636],[127.81475,35.94809],[127.81559,35.95189],[127.81141,35.95395],[127.80638,35.95222]]]}},{"type":"Feature","properties":{"h3":"8830c5573bfffff","emd_code":"5273031000","emd_name":"무풍면","area_km2":0.5283,"edge":false,"slope_mean":26.87,"elev_mean":695.5,"flood_hist_n":0,"flood_depth_max_m":null,"flood_risk_100y":null,"semi_basement_r":null,"elderly_alone_r":0.3256,"bldg_age30_r":null,"shelter_min_walk":47,"pop":2102,"hh":1330,"elderly65_r":0.4957,"single_hh_r":0.585,"source_level":"emd","flood_years":[],"landslide_hist_n":0},"geometry":{"type":"Polygon","coordinates":[[[127.81559,35.95189],[127.81475,35.94809],[127.81893,35.94603],[127.82395,35.94776],[127.82479,35.95156],[127.82061,35.95362],[127.81559,35.95189]]]}},{"type":"Feature","properties":{"h3":"8830c5573dfffff","emd_code":"5273032000","emd_name":"설천면","area_km2":0.5283,"edge":false,"slope_mean":23.21,"elev_mean":611.5,"flood_hist_n":0,"flood_depth_max_m":null,"flood_risk_100y":null,"semi_basement_r":null,"elderly_alone_r":0.2626,"bldg_age30_r":null,"shelter_min_walk":68,"pop":3889,"hh":2323,"elderly65_r":0.4009,"single_hh_r":0.5751,"source_level":"emd","flood_years":[],"landslide_hist_n":0},"geometry":{"type":"Polygon","coordinates":[[[127.80052,35.94669],[127.79968,35.94289],[127.80386,35.94083],[127.80889,35.94256],[127.80973,35.94636],[127.80554,35.94842],[127.80052,35.94669]]]}},{"type":"Feature","properties":{"h3":"8830c55741fffff","emd_code":"5273032000","emd_name":"설천면","area_km2":0.5278,"edge":false,"slope_mean":24.92,"elev_mean":509.7,"flood_hist_n":0,"flood_depth_max_m":null,"flood_risk_100y":null,"semi_basement_r":null,"elderly_alone_r":0.2626,"bldg_age30_r":null,"shelter_min_walk":66,"pop":3889,"hh":2323,"elderly65_r":0.4009,"single_hh_r":0.5751,"source_level":"emd","flood_years":[],"landslide_hist_n":0},"geometry":{"type":"Polygon","coordinates":[[[127.77795,35.97043],[127.77711,35.96664],[127.78129,35.96458],[127.78631,35.96632],[127.78715,35.97011],[127.78297,35.97217],[127.77795,35.97043]]]}},{"type":"Feature","properties":{"h3":"8830c55743fffff","emd_code":"5273032000","emd_name":"설천면","area_km2":0.5279,"edge":false,"slope_mean":22.95,"elev_mean":473.3,"flood_hist_n":0,"flood_depth_max_m":null,"flood_risk_100y":null,"semi_basement_r":null,"elderly_alone_r":0.2626,"bldg_age30_r":null,"shelter_min_walk":66,"pop":3889,"hh":2323,"elderly65_r":0.4009,"single_hh_r":0.5751,"source_level":"emd","flood_years":[],"landslide_hist_n":0},"geometry":{"type":"Polygon","coordinates":[[[127.78715,35.97011],[127.78631,35.96632],[127.79049,35.96426],[127.79552,35.96599],[127.79636,35.96978],[127.79217,35.97184],[127.78715,35.97011]]]}},{"type":"Feature","properties":{"h3":"8830c55745fffff","emd_code":"5273032000","emd_name":"설천면","area_km2":0.5279,"edge":false,"slope_mean":26.71,"elev_mean":580.3,"flood_hist_n":0,"flood_depth_max_m":null,"flood_risk_100y":null,"semi_basement_r":null,"elderly_alone_r":0.2626,"bldg_age30_r":null,"shelter_min_walk":77,"pop":3889,"hh":2323,"elderly65_r":0.4009,"single_hh_r":0.5751,"source_level":"emd","flood_years":[],"landslide_hist_n":0},"geometry":{"type":"Polygon","coordinates":[[[127.77209,35.96491],[127.77125,35.96111],[127.77543,35.95905],[127.78045,35.96079],[127.78129,35.96458],[127.77711,35.96664],[127.77209,35.96491]]]}},{"type":"Feature","properties":{"h3":"8830c55747fffff","emd_code":"5273032000","emd_name":"설천면","area_km2":0.5279,"edge":false,"slope_mean":28.43,"elev_mean":671.1,"flood_hist_n":0,"flood_depth_max_m":null,"flood_risk_100y":null,"semi_basement_r":null,"elderly_alone_r":0.2626,"bldg_age30_r":null,"shelter_min_walk":76,"pop":3889,"hh":2323,"elderly65_r":0.4009,"single_hh_r":0.5751,"source_level":"emd","flood_years":[],"landslide_hist_n":0},"geometry":{"type":"Polygon","coordinates":[[[127.78129,35.96458],[127.78045,35.96079],[127.78463,35.95873],[127.78966,35.96046],[127.79049,35.96426],[127.78631,35.96632],[127.78129,35.96458]]]}},{"type":"Feature","properties":{"h3":"8830c55749fffff","emd_code":"5273032000","emd_name":"설천면","area_km2":0.5277,"edge":false,"slope_mean":20.98,"elev_mean":414.0,"flood_hist_n":0,"flood_depth_max_m":null,"flood_risk_100y":null,"semi_basement_r":null,"elderly_alone_r":0.2626,"bldg_age30_r":null,"shelter_min_walk":58,"pop":3889,"hh":2323,"elderly65_r":0.4009,"single_hh_r":0.5751,"source_level":"emd","flood_years":[],"landslide_hist_n":0},"geometry":{"type":"Polygon","coordinates":[[[127.77461,35.97629],[127.77377,35.97249],[127.77795,35.97043],[127.78297,35.97217],[127.78381,35.97596],[127.77963,35.97802],[127.77461,35.97629]]]}},{"type":"Feature","properties":{"h3":"8830c5574bfffff","emd_code":"5273032000","emd_name":"설천면","area_km2":0.5278,"edge":false,"slope_mean":20.46,"elev_mean":430.0,"flood_hist_n":0,"flood_depth_max_m":null,"flood_risk_100y":null,"semi_basement_r":null,"elderly_alone_r":0.2626,"bldg_age30_r":null,"shelter_min_walk":57,"pop":3889,"hh":2323,"elderly65_r":0.4009,"single_hh_r":0.5751,"source_level":"emd","flood_years":[],"landslide_hist_n":0},"geometry":{"type":"Polygon","coordinates":[[[127.78381,35.97596],[127.78297,35.97217],[127.78715,35.97011],[127.79217,35.97184],[127.79301,35.97564],[127.78883,35.9777],[127.78381,35.97596]]]}},{"type":"Feature","properties":{"h3":"8830c5574dfffff","emd_code":"5273032000","emd_name":"설천면","area_km2":0.5278,"edge":false,"slope_mean":20.03,"elev_mean":430.3,"flood_hist_n":0,"flood_depth_max_m":null,"flood_risk_100y":null,"semi_basement_r":null,"elderly_alone_r":0.2626,"bldg_age30_r":null,"shelter_min_walk":69,"pop":3889,"hh":2323,"elderly65_r":0.4009,"single_hh_r":0.5751,"source_level":"emd","flood_years":[],"landslide_hist_n":0},"geometry":{"type":"Polygon","coordinates":[[[127.76875,35.97076],[127.76791,35.96697],[127.77209,35.96491],[127.77711,35.96664],[127.77795,35.97043],[127.77377,35.97249],[127.76875,35.97076]]]}},{"type":"Feature","properties":{"h3":"8830c55751fffff","emd_code":"5273032000","emd_name":"설천면","area_km2":0.5279,"edge":false,"slope_mean":30.43,"elev_mean":736.3,"flood_hist_n":0,"flood_depth_max_m":null,"flood_risk_100y":null,"semi_basement_r":null,"elderly_alone_r":0.2626,"bldg_age30_r":null,"shelter_min_walk":51,"pop":3889,"hh":2323,"elderly65_r":0.4009,"single_hh_r":0.5751,"source_level":"emd","flood_years":[],"landslide_hist_n":0},"geometry":{"type":"Polygon","coordinates":[[[127.80222,35.97531],[127.80138,35.97152],[127.80556,35.96946],[127.81058,35.97119],[127.81142,35.97498],[127.80724,35.97704],[127.80222,35.97531]]]}},{"type":"Feature","properties":{"h3":"8830c55753fffff","emd_code":"5273031000","emd_name":"무풍면","area_km2":0.5279,"edge":false,"slope_mean":28.24,"elev_mean":548.1,"flood_hist_n":0,"flood_depth_max_m":null,"flood_risk_100y":null,"semi_basement_r":null,"elderly_alone_r":0.3256,"bldg_age30_r":null,"shelter_min_walk":39,"pop":2102,"hh":1330,"elderly65_r":0.4957,"single_hh_r":0.585,"source_level":"emd","flood_years":[],"landslide_hist_n":0},"geometry":{"type":"Polygon","coordinates":[[[127.81142,35.97498],[127.81058,35.97119],[127.81476,35.96913],[127.81979,35.97086],[127.82063,35.97465],[127.81644,35.97671],[127.81142,35.97498]]]}},{"type":"Feature","properties":{"h3":"8830c55755fffff","emd_code":"5273032000","emd_name":"설천면","area_km2":0.5279,"edge":false,"slope_mean":24.79,"elev_mean":565.8,"flood_hist_n":0,"flood_depth_max_m":null,"flood_risk_100y":null,"semi_basement_r":null,"elderly_alone_r":0.2626,"bldg_age30_r":null,"shelter_min_walk":59,"pop":3889,"hh":2323,"elderly65_r":0.4009,"single_hh_r":0.5751,"source_level":"emd","flood_years":[],"landslide_hist_n":0},"geometry":{"type":"Polygon","coordinates":[[[127.79636,35.96978],[127.79552,35.96599],[127.7997,35.96393],[127.80472,35.96566],[127.80556,35.96946],[127.80138,35.97152],[127.79636,35.96978]]]}},{"type":"Feature","properties":{"h3":"8830c55757fffff","emd_code":"5273031000","emd_name":"무풍면","area_km2":0.528,"edge":false,"slope_mean":29.04,"elev_mean":719.9,"flood_hist_n":0,"flood_depth_max_m":null,"flood_risk_100y":null,"semi_basement_r":null,"elderly_alone_r":0.3256,"bldg_age30_r":null,"shelter_min_walk":47,"pop":2102,"hh":1330,"elderly65_r":0.4957,"single_hh_r":0.585,"source_level":"emd","flood_years":[],"landslide_hist_n":0},"geometry":{"type":"Polygon","coordinates":[[[127.80556,35.96946],[127.80472,35.96566],[127.8089,35.9636],[127.81392,35.96533],[127.81476,35.96913],[127.81058,35.97119],[127.80556,35.96946]]]}},{"type":"Feature","properties":{"h3":"8830c55759fffff","emd_code":"5273032000","emd_name":"설천면","area_km2":0.5277,"edge":false,"slope_mean":28.37,"elev_mean":647.8,"flood_hist_n":0,"flood_depth_max_m":null,"flood_risk_100y":null,"semi_basement_r":null,"elderly_alone_r":0.2626,"bldg_age30_r":null,"shelter_min_walk":52,"pop":3889,"hh":2323,"elderly65_r":0.4009,"single_hh_r":0.5751,"source_level":"emd","flood_years":[],"landslide_hist_n":0},"geometry":{"type":"Polygon","coordinates":[[[127.79887,35.98116],[127.79804,35.97737],[127.80222,35.97531],[127.80724,35.97704],[127.80808,35.98084],[127.8039,35.9829],[127.79887,35.98116]]]}},{"type":"Feature","properties":{"h3":"8830c5575bfffff","emd_code":"5273032000","emd_name":"설천면","area_km2":0.5278,"edge":false,"slope_mean":28.95,"elev_mean":535.6,"flood_hist_n":0,"flood_depth_max_m":null,"flood_risk_100y":null,"semi_basement_r":null,"elderly_alone_r":0.2626,"bldg_age30_r":null,"shelter_min_walk":46,"pop":3889,"hh":2323,"elderly65_r":0.4009,"single_hh_r":0.5751,"source_level":"emd","flood_years":[],"landslide_hist_n":0},"geometry":{"type":"Polygon","coordinates":[[[127.80808,35.98084],[127.80724,35.97704],[127.81142,35.97498],[127.81644,35.97671],[127.81728,35.98051],[127.8131,35.98257],[127.80808,35.98084]]]}},{"type":"Feature","properties":{"h3":"8830c5575dfffff","emd_code":"5273032000","emd_name":"설천면","area_km2":0.5278,"edge":false,"slope_mean":23.04,"elev_mean":584.8,"flood_hist_n":0,"flood_depth_max_m":null,"flood_risk_100y":null,"semi_basement_r":null,"elderly_alone_r":0.2626,"bldg_age30_r":null,"shelter_min_walk":58,"pop":3889,"hh":2323,"elderly65_r":0.4009,"single_hh_r":0.5751,"source_level":"emd","flood_years":[],"landslide_hist_n":0},"geometry":{"type":"Polygon","coordinates":[[[127.79301,35.97564],[127.79217,35.97184],[127.79636,35.96978],[127.80138,35.97152],[127.80222,35.97531],[127.79804,35.97737],[127.79301,35.97564]]]}},{"type":"Feature","properties":{"h3":"8830c55761fffff","emd_code":"5273032000","emd_name":"설천면","area_km2":0.5281,"edge":false,"slope_mean":26.29,"elev_mean":707.1,"flood_hist_n":0,"flood_depth_max_m":null,"flood_risk_100y":null,"semi_basement_r":null,"elderly_alone_r":0.2626,"bldg_age30_r":null,"shelter_min_walk":96,"pop":3889,"hh":2323,"elderly65_r":0.4009,"single_hh_r":0.5751,"source_level":"emd","flood_years":[],"landslide_hist_n":0},"geometry":{"type":"Polygon","coordinates":[[[127.76957,35.95352],[127.76873,35.94973],[127.77291,35.94767],[127.77793,35.9494],[127.77877,35.9532],[127.77459,35.95526],[127.76957,35.95352]]]}},{"type":"Feature","properties":{"h3":"8830c55763fffff","emd_code":"5273032000","emd_name":"설천면","area_km2":0.5281,"edge":false,"slope_mean":27.59,"elev_mean":920.4,"flood_hist_n":0,"flood_depth_max_m":null,"flood_risk_100y":null,"semi_basement_r":null,"elderly_alone_r":0.2626,"bldg_age30_r":null,"shelter_min_walk":88,"pop":3889,"hh":2323,"elderly65_r":0.4009,"single_hh_r":0.5751,"source_level":"emd","flood_years":[],"landslide_hist_n":0},"geometry":{"type":"Polygon","coordinates":[[[127.77877,35.9532],[127.77793,35.9494],[127.78212,35.94734],[127.78714,35.94908],[127.78798,35.95287],[127.78379,35.95493],[127.77877,35.9532]]]}},{"type":"Feature","properties":{"h3":"8830c55765fffff","emd_code":"5273032000","emd_name":"설천면","area_km2":0.5281,"edge":false,"slope_mean":28.91,"elev_mean":831.1,"flood_hist_n":0,"flood_depth_max_m":null,"flood_risk_100y":null,"semi_basement_r":null,"elderly_alone_r":0.2626,"bldg_age30_r":null,"shelter_min_walk":107,"pop":3889,"hh":2323,"elderly65_r":0.4009,"single_hh_r":0.5751,"source_level":"emd","flood_years":[],"landslide_hist_n":0},"geometry":{"type":"Polygon","coordinates":[[[127.76371,35.94799],[127.76287,35.9442],[127.76705,35.94214],[127.77207,35.94387],[127.77291,35.94767],[127.76873,35.94973],[127.76371,35.94799]]]}},{"type":"Feature","properties":{"h3":"8830c55767fffff","emd_code":"5273032000","emd_name":"설천면","area_km2":0.5282,"edge":false,"slope_mean":26.32,"elev_mean":895.7,"flood_hist_n":0,"flood_depth_max_m":null,"flood_risk_100y":null,"semi_basement_r":null,"elderly_alone_r":0.2626,"bldg_age30_r":null,"shelter_min_walk":99,"pop":3889,"hh":2323,"elderly65_r":0.4009,"single_hh_r":0.5751,"source_level":"emd","flood_years":[],"landslide_hist_n":0},"geometry":{"type":"Polygon","coordinates":[[[127.77291,35.94767],[127.77207,35.94387],[127.77626,35.94181],[127.78128,35.94355],[127.78212,35.94734],[127.77793,35.9494],[127.77291,35.94767]]]}},{"type":"Feature","properties":{"h3":"8830c55769fffff","emd_code":"5273032000","emd_name":"설천면","area_km2":0.528,"edge":false,"slope_mean":26.04,"elev_mean":547.0,"flood_hist_n":0,"flood_depth_max_m":null,"flood_risk_100y":null,"semi_basement_r":null,"elderly_alone_r":0.2626,"bldg_age30_r":null,"shelter_min_walk":88,"pop":3889,"hh":2323,"elderly65_r":0.4009,"single_hh_r":0.5751,"source_level":"emd","flood_years":[],"landslide_hist_n":0},"geometry":{"type":"Polygon","coordinates":[[[127.76623,35.95938],[127.76539,35.95558],[127.76957,35.95352],[127.77459,35.95526],[127.77543,35.95905],[127.77125,35.96111],[127.76623,35.95938]]]}},{"type":"Feature","properties":{"h3":"8830c5576bfffff","emd_code":"5273032000","emd_name":"설천면","area_km2":0.528,"edge":false,"slope_mean":30.31,"elev_mean":784.3,"flood_hist_n":0,"flood_depth_max_m":null,"flood_risk_100y":null,"semi_basement_r":null,"elderly_alone_r":0.2626,"bldg_age30_r":null,"shelter_min_walk":86,"pop":3889,"hh":2323,"elderly65_r":0.4009,"single_hh_r":0.5751,"source_level":"emd","flood_years":[],"landslide_hist_n":0},"geometry":{"type":"Polygon","coordinates":[[[127.77543,35.95905],[127.77459,35.95526],[127.77877,35.9532],[127.78379,35.95493],[127.78463,35.95873],[127.78045,35.96079],[127.77543,35.95905]]]}},{"type":"Feature","properties":{"h3":"8830c5576dfffff","emd_code":"5273032000","emd_name":"설천면","area_km2":0.528,"edge":false,"slope_mean":25.11,"elev_mean":619.6,"flood_hist_n":0,"flood_depth_max_m":null,"flood_risk_100y":null,"semi_basement_r":null,"elderly_alone_r":0.2626,"bldg_age30_r":null,"shelter_min_walk":99,"pop":3889,"hh":2323,"elderly65_r":0.4009,"single_hh_r":0.5751,"source_level":"emd","flood_years":[],"landslide_hist_n":0},"geometry":{"type":"Polygon","coordinates":[[[127.76037,35.95385],[127.75953,35.95005],[127.76371,35.94799],[127.76873,35.94973],[127.76957,35.95352],[127.76539,35.95558],[127.76037,35.95385]]]}},{"type":"Feature","properties":{"h3":"8830c55819fffff","emd_code":"5273034000","emd_name":"안성면","area_km2":0.5298,"edge":false,"slope_mean":25.86,"elev_mean":737.3,"flood_hist_n":0,"flood_depth_max_m":null,"flood_risk_100y":null,"semi_basement_r":null,"elderly_alone_r":0.3114,"bldg_age30_r":null,"shelter_min_walk":86,"pop":4034,"hh":2489,"elderly65_r":0.4859,"single_hh_r":0.5745,"source_level":"emd","flood_years":[],"landslide_hist_n":0},"geometry":{"type":"Polygon","coordinates":[[[127.65076,35.81409],[127.64992,35.81029],[127.6541,35.80822],[127.65912,35.80997],[127.65995,35.81377],[127.65578,35.81583],[127.65076,35.81409]]]}},{"type":"Feature","properties":{"h3":"8830c55843fffff","emd_code":"5273034000","emd_name":"안성면","area_km2":0.5297,"edge":true,"slope_mean":12.42,"elev_mean":446.6,"flood_hist_n":1,"flood_depth_max_m":1.0,"flood_risk_100y":null,"semi_basement_r":null,"elderly_alone_r":0.3114,"bldg_age30_r":null,"shelter_min_walk":91,"pop":4034,"hh":2489,"elderly65_r":0.4859,"single_hh_r":0.5745,"source_level":"emd","flood_years":[2020],"landslide_hist_n":2},"geometry":{"type":"Polygon","coordinates":[[[127.62318,35.81505],[127.62235,35.81125],[127.62652,35.80918],[127.63154,35.81093],[127.63238,35.81473],[127.6282,35.81679],[127.62318,35.81505]]]}},{"type":"Feature","properties":{"h3":"8830c5584bfffff","emd_code":"5273034000","emd_name":"안성면","area_km2":0.5296,"edge":true,"slope_mean":15.37,"elev_mean":445.0,"flood_hist_n":1,"flood_depth_max_m":1.0,"flood_risk_100y":null,"semi_basement_r":null,"elderly_alone_r":0.3114,"bldg_age30_r":null,"shelter_min_walk":84,"pop":4034,"hh":2489,"elderly65_r":0.4859,"single_hh_r":0.5745,"source_level":"emd","flood_years":[2020],"landslide_hist_n":0},"geometry":{"type":"Polygon","coordinates":[[[127.61984,35.82092],[127.61901,35.81711],[127.62318,35.81505],[127.6282,35.81679],[127.62904,35.8206],[127.62486,35.82266],[127.61984,35.82092]]]}},{"type":"Feature","properties":{"h3":"8830c55851fffff","emd_code":"5273034000","emd_name":"안성면","area_km2":0.5297,"edge":false,"slope_mean":8.59,"elev_mean":483.4,"flood_hist_n":0,"flood_depth_max_m":null,"flood_risk_100y":null,"semi_basement_r":null,"elderly_alone_r":0.3114,"bldg_age30_r":null,"shelter_min_walk":76,"pop":4034,"hh":2489,"elderly65_r":0.4859,"single_hh_r":0.5745,"source_level":"emd","flood_years":[],"landslide_hist_n":1},"geometry":{"type":"Polygon","coordinates":[[[127.63823,35.82028],[127.63739,35.81648],[127.64157,35.81441],[127.64658,35.81616],[127.64742,35.81996],[127.64324,35.82202],[127.63823,35.82028]]]}},{"type":"Feature","properties":{"h3":"8830c55853fffff","emd_code":"5273034000","emd_name":"안성면","area_km2":0.5297,"edge":false,"slope_mean":19.8,"elev_mean":619.5,"flood_hist_n":0,"flood_depth_max_m":null,"flood_risk_100y":null,"semi_basement_r":null,"elderly_alone_r":0.3114,"bldg_age30_r":null,"shelter_min_walk":76,"pop":4034,"hh":2489,"elderly65_r":0.4859,"single_hh_r":0.5745,"source_level":"emd","flood_years":[],"landslide_hist_n":1},"geometry":{"type":"Polygon","coordinates":[[[127.64742,35.81996],[127.64658,35.81616],[127.65076,35.81409],[127.65578,35.81583],[127.65661,35.81964],[127.65244,35.8217],[127.64742,35.81996]]]}},{"type":"Feature","properties":{"h3":"8830c55855fffff","emd_code":"5273034000","emd_name":"안성면","area_km2":0.5297,"edge":true,"slope_mean":3.74,"elev_mean":452.9,"flood_hist_n":0,"flood_depth_max_m":null,"flood_risk_100y":null,"semi_basement_r":null,"elderly_alone_r":0.3114,"bldg_age30_r":null,"shelter_min_walk":87,"pop":4034,"hh":2489,"elderly65_r":0.4859,"single_hh_r":0.5745,"source_level":"emd","flood_years":[],"landslide_hist_n":0},"geometry":{"type":"Polygon","coordinates":[[[127.63238,35.81473],[127.63154,35.81093],[127.63572,35.80886],[127.64073,35.81061],[127.64157,35.81441],[127.63739,35.81648],[127.63238,35.81473]]]}},{"type":"Feature","properties":{"h3":"8830c55857fffff","emd_code":"5273034000","emd_name":"안성면","area_km2":0.5298,"edge":false,"slope_mean":16.46,"elev_mean":551.4,"flood_hist_n":0,"flood_depth_max_m":null,"flood_risk_100y":null,"semi_basement_r":null,"elderly_alone_r":0.3114,"bldg_age30_r":null,"shelter_min_walk":85,"pop":4034,"hh":2489,"elderly65_r":0.4859,"single_hh_r":0.5745,"source_level":"emd","flood_years":[],"landslide_hist_n":0},"geometry":{"type":"Polygon","coordinates":[[[127.64157,35.81441],[127.64073,35.81061],[127.64491,35.80854],[127.64992,35.81029],[127.65076,35.81409],[127.64658,35.81616],[127.64157,35.81441]]]}},{"type":"Feature","properties":{"h3":"8830c55859fffff","emd_code":"5273034000","emd_name":"안성면","area_km2":0.5296,"edge":false,"slope_mean":8.34,"elev_mean":460.4,"flood_hist_n":1,"flood_depth_max_m":1.0,"flood_risk_100y":null,"semi_basement_r":null,"elderly_alone_r":0.3114,"bldg_age30_r":null,"shelter_min_walk":68,"pop":4034,"hh":2489,"elderly65_r":0.4859,"single_hh_r":0.5745,"source_level":"emd","flood_years":[2020],"landslide_hist_n":1},"geometry":{"type":"Polygon","coordinates":[[[127.63489,35.82615],[127.63405,35.82234],[127.63823,35.82028],[127.64324,35.82202],[127.64408,35.82583],[127.6399,35.82789],[127.63489,35.82615]]]}},{"type":"Feature","properties":{"h3":"8830c5585bfffff","emd_code":"5273034000","emd_name":"안성면","area_km2":0.5296,"edge":false,"slope_mean":12.72,"elev_mean":532.3,"flood_hist_n":0,"flood_depth_max_m":null,"flood_risk_100y":null,"semi_basement_r":null,"elderly_alone_r":0.3114,"bldg_age30_r":null,"shelter_min_walk":66,"pop":4034,"hh":2489,"elderly65_r":0.4859,"single_hh_r":0.5745,"source_level":"emd","flood_years":[],"landslide_hist_n":0},"geometry":{"type":"Polygon","coordinates":[[[127.64408,35.82583],[127.64324,35.82202],[127.64742,35.81996],[127.65244,35.8217],[127.65327,35.82551],[127.64909,35.82757],[127.64408,35.82583]]]}},{"type":"Feature","properties":{"h3":"8830c5585dfffff","emd_code":"5273034000","emd_name":"안성면","area_km2":0.5296,"edge":false,"slope_mean":6.35,"elev_mean":438.0,"flood_hist_n":1,"flood_depth_max_m":1.0,"flood_risk_100y":null,"semi_basement_r":null,"elderly_alone_r":0.3114,"bldg_age30_r":null,"shelter_min_walk":79,"pop":4034,"hh":2489,"elderly65_r":0.4859,"single_hh_r":0.5745,"source_level":"emd","flood_years":[2020],"landslide_hist_n":0},"geometry":{"type":"Polygon","coordinates":[[[127.62904,35.8206],[127.6282,35.81679],[127.63238,35.81473],[127.63739,35.81648],[127.63823,35.82028],[127.63405,35.82234],[127.62904,35.8206]]]}},{"type":"Feature","properties":{"h3":"8830c55881fffff","emd_code":"5273034000","emd_name":"안성면","area_km2":0.5303,"edge":false,"slope_mean":23.75,"elev_mean":970.0,"flood_hist_n":0,"flood_depth_max_m":null,"flood_risk_100y":null,"semi_basement_r":null,"elderly_alone_r":0.3114,"bldg_age30_r":null,"shelter_min_walk":123,"pop":4034,"hh":2489,"elderly65_r":0.4859,"single_hh_r":0.5745,"source_level":"emd","flood_years":[],"landslide_hist_n":0},"geometry":{"type":"Polygon","coordinates":[[[127.69422,35.80106],[127.69338,35.79725],[127.69756,35.79519],[127.70257,35.79693],[127.70341,35.80074],[127.69923,35.8028],[127.69422,35.80106]]]}},{"type":"Feature","properties":{"h3":"8830c55883fffff","emd_code":"5273034000","emd_name":"안성면","area_km2":0.5303,"edge":false,"slope_mean":24.62,"elev_mean":1078.5,"flood_hist_n":0,"flood_depth_max_m":null,"flood_risk_100y":null,"semi_basement_r":null,"elderly_alone_r":0.3114,"bldg_age30_r":null,"shelter_min_walk":130,"pop":4034,"hh":2489,"elderly65_r":0.4859,"single_hh_r":0.5745,"source_level":"emd","flood_years":[],"landslide_hist_n":0},"geometry":{"type":"Polygon","coordinates":[[[127.70341,35.80074],[127.70257,35.79693],[127.70675,35.79486],[127.71177,35.7966],[127.71261,35.80041],[127.70843,35.80248],[127.70341,35.80074]]]}},{"type":"Feature","properties":{"h3":"8830c55885fffff","emd_code":"5273034000","emd_name":"안성면","area_km2":0.5303,"edge":false,"slope_mean":25.75,"elev_mean":1152.3,"flood_hist_n":0,"flood_depth_max_m":null,"flood_risk_100y":null,"semi_basement_r":null,"elderly_alone_r":0.3114,"bldg_age30_r":null,"shelter_min_walk":128,"pop":4034,"hh":2489,"elderly65_r":0.4859,"single_hh_r":0.5745,"source_level":"emd","flood_years":[],"landslide_hist_n":0},"geometry":{"type":"Polygon","coordinates":[[[127.68836,35.79551],[127.68752,35.79171],[127.6917,35.78964],[127.69672,35.79138],[127.69756,35.79519],[127.69338,35.79725],[127.68836,35.79551]]]}},{"type":"Feature","properties":{"h3":"8830c55887fffff","emd_code":"5273034000","emd_name":"안성면","area_km2":0.5304,"edge":false,"slope_mean":27.77,"elev_mean":1145.6,"flood_hist_n":0,"flood_depth_max_m":null,"flood_risk_100y":null,"semi_basement_r":null,"elderly_alone_r":0.3114,"bldg_age30_r":null,"shelter_min_walk":134,"pop":4034,"hh":2489,"elderly65_r":0.4859,"single_hh_r":0.5745,"source_level":"emd","flood_years":[],"landslide_hist_n":0},"geometry":{"type":"Polygon","coordinates":[[[127.69756,35.79519],[127.69672,35.79138],[127.7009,35.78932],[127.70591,35.79106],[127.70675,35.79486],[127.70257,35.79693],[127.69756,35.79519]]]}},{"type":"Feature","properties":{"h3":"8830c55889fffff","emd_code":"5273034000","emd_name":"안성면","area_km2":0.5301,"edge":false,"slope_mean":25.57,"elev_mean":909.6,"flood_hist_n":0,"flood_depth_max_m":null,"flood_risk_100y":null,"semi_basement_r":null,"elderly_alone_r":0.3114,"bldg_age30_r":null,"shelter_min_walk":113,"pop":4034,"hh":2489,"elderly65_r":0.4859,"single_hh_r":0.5745,"source_level":"emd","flood_years":[],"landslide_hist_n":0},"geometry":{"type":"Polygon","coordinates":[[[127.69088,35.80693],[127.69004,35.80313],[127.69422,35.80106],[127.69923,35.8028],[127.70007,35.80661],[127.69589,35.80867],[127.69088,35.80693]]]}},{"type":"Feature","properties":{"h3":"8830c5588bfffff","emd_code":"5273034000","emd_name":"안성면","area_km2":0.5302,"edge":false,"slope_mean":25.91,"elev_mean":1011.1,"flood_hist_n":0,"flood_depth_max_m":null,"flood_risk_100y":null,"semi_basement_r":null,"elderly_alone_r":0.3114,"bldg_age30_r":null,"shelter_min_walk":120,"pop":4034,"hh":2489,"elderly65_r":0.4859,"single_hh_r":0.5745,"source_level":"emd","flood_years":[],"landslide_hist_n":0},"geometry":{"type":"Polygon","coordinates":[[[127.70007,35.80661],[127.69923,35.8028],[127.70341,35.80074],[127.70843,35.80248],[127.70927,35.80628],[127.70509,35.80835],[127.70007,35.80661]]]}},{"type":"Feature","properties":{"h3":"8830c5588dfffff","emd_code":"5273034000","emd_name":"안성면","area_km2":0.5302,"edge":false,"slope_mean":25.89,"elev_mean":1102.9,"flood_hist_n":0,"flood_depth_max_m":null,"flood_risk_100y":null,"semi_basement_r":null,"elderly_alone_r":0.3114,"bldg_age30_r":null,"shelter_min_walk":117,"pop":4034,"hh":2489,"elderly65_r":0.4859,"single_hh_r":0.5745,"source_level":"emd","flood_years":[],"landslide_hist_n":0},"geometry":{"type":"Polygon","coordinates":[[[127.68502,35.80139],[127.68418,35.79758],[127.68836,35.79551],[127.69338,35.79725],[127.69422,35.80106],[127.69004,35.80313],[127.68502,35.80139]]]}},{"type":"Feature","properties":{"h3":"8830c55891fffff","emd_code":"5273034000","emd_name":"안성면","area_km2":0.5303,"edge":false,"slope_mean":27.87,"elev_mean":1327.9,"flood_hist_n":0,"flood_depth_max_m":null,"flood_risk_100y":null,"semi_basement_r":null,"elderly_alone_r":0.3114,"bldg_age30_r":null,"shelter_min_walk":136,"pop":4034,"hh":2489,"elderly65_r":0.4859,"single_hh_r":0.5745,"source_level":"emd","flood_years":[],"landslide_hist_n":0},"geometry":{"type":"Polygon","coordinates":[[[127.71846,35.80596],[127.71762,35.80215],[127.7218,35.80008],[127.72682,35.80182],[127.72766,35.80563],[127.72348,35.8077],[127.71846,35.80596]]]}},{"type":"Feature","properties":{"h3":"8830c55895fffff","emd_code":"5273034000","emd_name":"안성면","area_km2":0.5304,"edge":false,"slope_mean":27.77,"elev_mean":1320.9,"flood_hist_n":0,"flood_depth_max_m":null,"flood_risk_100y":null,"semi_basement_r":null,"elderly_alone_r":0.3114,"bldg_age30_r":null,"shelter_min_walk":138,"pop":4034,"hh":2489,"elderly65_r":0.4859,"single_hh_r":0.5745,"source_level":"emd","flood_years":[],"landslide_hist_n":0},"geometry":{"type":"Polygon","coordinates":[[[127.71261,35.80041],[127.71177,35.7966],[127.71595,35.79454],[127.72097,35.79628],[127.7218,35.80008],[127.71762,35.80215],[127.71261,35.80041]]]}},{"type":"Feature","properties":{"h3":"8830c55899fffff","emd_code":"5273034000","emd_name":"안성면","area_km2":0.5302,"edge":false,"slope_mean":25.64,"elev_mean":1284.7,"flood_hist_n":0,"flood_depth_max_m":null,"flood_risk_100y":null,"semi_basement_r":null,"elderly_alone_r":0.3114,"bldg_age30_r":null,"shelter_min_walk":126,"pop":4034,"hh":2489,"elderly65_r":0.4859,"single_hh_r":0.5745,"source_level":"emd","flood_years":[],"landslide_hist_n":0},"geometry":{"type":"Polygon","coordinates":[[[127.71512,35.81183],[127.71428,35.80802],[127.71846,35.80596],[127.72348,35.8077],[127.72432,35.8115],[127.72014,35.81357],[127.71512,35.81183]]]}},{"type":"Feature","properties":{"h3":"8830c5589bfffff","emd_code":"5273034000","emd_name":"안성면","area_km2":0.5302,"edge":true,"slope_mean":27.54,"elev_mean":1289.8,"flood_hist_n":0,"flood_depth_max_m":null,"flood_risk_100y":null,"semi_basement_r":null,"elderly_alone_r":0.3114,"bldg_age30_r":null,"shelter_min_walk":136,"pop":4034,"hh":2489,"elderly65_r":0.4859,"single_hh_r":0.5745,"source_level":"emd","flood_years":[],"landslide_hist_n":0},"geometry":{"type":"Polygon","coordinates":[[[127.72432,35.8115],[127.72348,35.8077],[127.72766,35.80563],[127.73268,35.80737],[127.73352,35.81118],[127.72934,35.81324],[127.72432,35.8115]]]}},{"type":"Feature","properties":{"h3":"8830c5589dfffff","emd_code":"5273034000","emd_name":"안성면","area_km2":0.5302,"edge":false,"slope_mean":25.86,"elev_mean":1192.3,"flood_hist_n":0,"flood_depth_max_m":null,"flood_risk_100y":null,"semi_basement_r":null,"elderly_alone_r":0.3114,"bldg_age30_r":null,"shelter_min_walk":128,"pop":4034,"hh":2489,"elderly65_r":0.4859,"single_hh_r":0.5745,"source_level":"emd","flood_years":[],"landslide_hist_n":0},"geometry":{"type":"Polygon","coordinates":[[[127.70927,35.80628],[127.70843,35.80248],[127.71261,35.80041],[127.71762,35.80215],[127.71846,35.80596],[127.71428,35.80802],[127.70927,35.80628]]]}},{"type":"Feature","properties":{"h3":"8830c558abfffff","emd_code":"5273034000","emd_name":"안성면","area_km2":0.5304,"edge":true,"slope_mean":29.48,"elev_mean":1252.2,"flood_hist_n":0,"flood_depth_max_m":null,"flood_risk_100y":null,"semi_basement_r":null,"elderly_alone_r":0.3114,"bldg_age30_r":null,"shelter_min_walk":139,"pop":4034,"hh":2489,"elderly65_r":0.4859,"single_hh_r":0.5745,"source_level":"emd","flood_years":[],"landslide_hist_n":0},"geometry":{"type":"Polygon","coordinates":[[[127.6917,35.78964],[127.69086,35.78583],[127.69504,35.78377],[127.70006,35.78551],[127.7009,35.78932],[127.69672,35.79138],[127.6917,35.78964]]]}},{"type":"Feature","properties":{"h3":"8830c558b9fffff","emd_code":"5273034000","emd_name":"안성면","area_km2":0.5304,"edge":false,"slope_mean":28.21,"elev_mean":1179.8,"flood_hist_n":0,"flood_depth_max_m":null,"flood_risk_100y":null,"semi_basement_r":null,"elderly_alone_r":0.3114,"bldg_age30_r":null,"shelter_min_walk":141,"pop":4034,"hh":2489,"elderly65_r":0.4859,"single_hh_r":0.5745,"source_level":"emd","flood_years":[],"landslide_hist_n":0},"geometry":{"type":"Polygon","coordinates":[[[127.70675,35.79486],[127.70591,35.79106],[127.71009,35.78899],[127.71511,35.79073],[127.71595,35.79454],[127.71177,35.7966],[127.70675,35.79486]]]}},{"type":"Feature","properties":{"h3":"8830c558bdfffff","emd_code":"5273034000","emd_name":"안성면","area_km2":0.5305,"edge":true,"slope_mean":30.92,"elev_mean":1133.0,"flood_hist_n":0,"flood_depth_max_m":null,"flood_risk_100y":null,"semi_basement_r":null,"elderly_alone_r":0.3114,"bldg_age30_r":null,"shelter_min_walk":145,"pop":4034,"hh":2489,"elderly65_r":0.4859,"single_hh_r":0.5745,"source_level":"emd","flood_years":[],"landslide_hist_n":0},"geometry":{"type":"Polygon","coordinates":[[[127.7009,35.78932],[127.70006,35.78551],[127.70424,35.78344],[127.70925,35.78518],[127.71009,35.78899],[127.70591,35.79106],[127.7009,35.78932]]]}},{"type":"Feature","properties":{"h3":"8830c558c1fffff","emd_code":"5273034000","emd_name":"안성면","area_km2":0.53,"edge":false,"slope_mean":25.23,"elev_mean":944.7,"flood_hist_n":0,"flood_depth_max_m":null,"flood_risk_100y":null,"semi_basement_r":null,"elderly_alone_r":0.3114,"bldg_age30_r":null,"shelter_min_walk":96,"pop":4034,"hh":2489,"elderly65_r":0.4859,"single_hh_r":0.5745,"source_level":"emd","flood_years":[],"landslide_hist_n":0},"geometry":{"type":"Polygon","coordinates":[[[127.67834,35.81313],[127.6775,35.80932],[127.68168,35.80726],[127.6867,35.809],[127.68754,35.8128],[127.68336,35.81487],[127.67834,35.81313]]]}},{"type":"Feature","properties":{"h3":"8830c558c3fffff","emd_code":"5273034000","emd_name":"안성면","area_km2":0.53,"edge":false,"slope_mean":25.64,"elev_mean":818.5,"flood_hist_n":0,"flood_depth_max_m":null,"flood_risk_100y":null,"semi_basement_r":null,"elderly_alone_r":0.3114,"bldg_age30_r":null,"shelter_min_walk":102,"pop":4034,"hh":2489,"elderly65_r":0.4859,"single_hh_r":0.5745,"source_level":"emd","flood_years":[],"landslide_hist_n":0},"geometry":{"type":"Polygon","coordinates":[[[127.68754,35.8128],[127.6867,35.809],[127.69088,35.80693],[127.69589,35.80867],[127.69673,35.81248],[127.69255,35.81454],[127.68754,35.8128]]]}},{"type":"Feature","properties":{"h3":"8830c558c5fffff","emd_code":"5273034000","emd_name":"안성면","area_km2":0.53,"edge":true,"slope_mean":25.22,"elev_mean":930.4,"flood_hist_n":0,"flood_depth_max_m":null,"flood_risk_100y":null,"semi_basement_r":null,"elderly_alone_r":0.3114,"bldg_age30_r":null,"shelter_min_walk":101,"pop":4034,"hh":2489,"elderly65_r":0.4859,"single_hh_r":0.5745,"source_level":"emd","flood_years":[],"landslide_hist_n":0},"geometry":{"type":"Polygon","coordinates":[[[127.67249,35.80758],[127.67165,35.80377],[127.67583,35.80171],[127.68084,35.80345],[127.68168,35.80726],[127.6775,35.80932],[127.67249,35.80758]]]}},{"type":"Feature","properties":{"h3":"8830c558c7fffff","emd_code":"5273034000","emd_name":"안성면","area_km2":0.5301,"edge":false,"slope_mean":26.31,"elev_mean":1031.9,"flood_hist_n":0,"flood_depth_max_m":null,"flood_risk_100y":null,"semi_basement_r":null,"elderly_alone_r":0.3114,"bldg_age30_r":null,"shelter_min_walk":106,"pop":4034,"hh":2489,"elderly65_r":0.4859,"single_hh_r":0.5745,"source_level":"emd","flood_years":[],"landslide_hist_n":0},"geometry":{"type":"Polygon","coordinates":[[[127.68168,35.80726],[127.68084,35.80345],[127.68502,35.80139],[127.69004,35.80313],[127.69088,35.80693],[127.6867,35.809],[127.68168,35.80726]]]}},{"type":"Feature","properties":{"h3":"8830c558c9fffff","emd_code":"5273034000","emd_name":"안성면","area_km2":0.5299,"edge":false,"slope_mean":27.24,"elev_mean":916.9,"flood_hist_n":0,"flood_depth_max_m":null,"flood_risk_100y":null,"semi_basement_r":null,"elderly_alone_r":0.3114,"bldg_age30_r":null,"shelter_min_walk":85,"pop":4034,"hh":2489,"elderly65_r":0.4859,"single_hh_r":0.5745,"source_level":"emd","flood_years":[],"landslide_hist_n":0},"geometry":{"type":"Polygon","coordinates":[[[127.675,35.819],[127.67416,35.81519],[127.67834,35.81313],[127.68336,35.81487],[127.68419,35.81867],[127.68002,35.82074],[127.675,35.819]]]}},{"type":"Feature","properties":{"h3":"8830c558cbfffff","emd_code":"5273034000","emd_name":"안성면","area_km2":0.5299,"edge":false,"slope_mean":24.82,"elev_mean":738.0,"flood_hist_n":0,"flood_depth_max_m":null,"flood_risk_100y":null,"semi_basement_r":null,"elderly_alone_r":0.3114,"bldg_age30_r":null,"shelter_min_walk":91,"pop":4034,"hh":2489,"elderly65_r":0.4859,"single_hh_r":0.5745,"source_level":"emd","flood_years":[],"landslide_hist_n":0},"geometry":{"type":"Polygon","coordinates":[[[127.68419,35.81867],[127.68336,35.81487],[127.68754,35.8128],[127.69255,35.81454],[127.69339,35.81835],[127.68921,35.82041],[127.68419,35.81867]]]}},{"type":"Feature","properties":{"h3":"8830c558cdfffff","emd_code":"5273034000","emd_name":"안성면","area_km2":0.5299,"edge":false,"slope_mean":26.3,"elev_mean":1015.0,"flood_hist_n":0,"flood_depth_max_m":null,"flood_risk_100y":null,"semi_basement_r":null,"elderly_alone_r":0.3114,"bldg_age30_r":null,"shelter_min_walk":91,"pop":4034,"hh":2489,"elderly65_r":0.4859,"single_hh_r":0.5745,"source_level":"emd","flood_years":[],"landslide_hist_n":0},"geometry":{"type":"Polygon","coordinates":[[[127.66915,35.81345],[127.66831,35.80964],[127.67249,35.80758],[127.6775,35.80932],[127.67834,35.81313],[127.67416,35.81519],[127.66915,35.81345]]]}},{"type":"Feature","properties":{"h3":"8830c558d1fffff","emd_code":"5273034000","emd_name":"안성면","area_km2":0.53,"edge":false,"slope_mean":24.91,"elev_mean":982.1,"flood_hist_n":0,"flood_depth_max_m":null,"flood_risk_100y":null,"semi_basement_r":null,"elderly_alone_r":0.3114,"bldg_age30_r":null,"shelter_min_walk":107,"pop":4034,"hh":2489,"elderly65_r":0.4859,"single_hh_r":0.5745,"source_level":"emd","flood_years":[],"landslide_hist_n":0},"geometry":{"type":"Polygon","coordinates":[[[127.70259,35.81802],[127.70175,35.81422],[127.70593,35.81215],[127.71094,35.81389],[127.71178,35.8177],[127.7076,35.81976],[127.70259,35.81802]]]}},{"type":"Feature","properties":{"h3":"8830c558d3fffff","emd_code":"5273034000","emd_name":"안성면","area_km2":0.5301,"edge":false,"slope_mean":28.13,"elev_mean":1183.7,"flood_hist_n":0,"flood_depth_max_m":null,"flood_risk_100y":null,"semi_basement_r":null,"elderly_alone_r":0.3114,"bldg_age30_r":null,"shelter_min_walk":116,"pop":4034,"hh":2489,"elderly65_r":0.4859,"single_hh_r":0.5745,"source_level":"emd","flood_years":[],"landslide_hist_n":0},"geometry":{"type":"Polygon","coordinates":[[[127.71178,35.8177],[127.71094,35.81389],[127.71512,35.81183],[127.72014,35.81357],[127.72098,35.81737],[127.7168,35.81944],[127.71178,35.8177]]]}},{"type":"Feature","properties":{"h3":"8830c558d5fffff","emd_code":"5273034000","emd_name":"안성면","area_km2":0.5301,"edge":false,"slope_mean":24.99,"elev_mean":882.4,"flood_hist_n":0,"flood_depth_max_m":null,"flood_risk_100y":null,"semi_basement_r":null,"elderly_alone_r":0.3114,"bldg_age30_r":null,"shelter_min_walk":109,"pop":4034,"hh":2489,"elderly65_r":0.4859,"single_hh_r":0.5745,"source_level":"emd","flood_years":[],"landslide_hist_n":0},"geometry":{"type":"Polygon","coordinates":[[[127.69673,35.81248],[127.69589,35.80867],[127.70007,35.80661],[127.70509,35.80835],[127.70593,35.81215],[127.70175,35.81422],[127.69673,35.81248]]]}},{"type":"Feature","properties":{"h3":"8830c558d7fffff","emd_code":"5273034000","emd_name":"안성면","area_km2":0.5301,"edge":false,"slope_mean":25.89,"elev_mean":1084.8,"flood_hist_n":0,"flood_depth_max_m":null,"flood_risk_100y":null,"semi_basement_r":null,"elderly_alone_r":0.3114,"bldg_age30_r":null,"shelter_min_walk":117,"pop":4034,"hh":2489,"elderly65_r":0.4859,"single_hh_r":0.5745,"source_level":"emd","flood_years":[],"landslide_hist_n":0},"geometry":{"type":"Polygon","coordinates":[[[127.70593,35.81215],[127.70509,35.80835],[127.70927,35.80628],[127.71428,35.80802],[127.71512,35.81183],[127.71094,35.81389],[127.70593,35.81215]]]}},{"type":"Feature","properties":{"h3":"8830c558d9fffff","emd_code":"5273034000","emd_name":"안성면","area_km2":0.5299,"edge":false,"slope_mean":26.02,"elev_mean":962.1,"flood_hist_n":0,"flood_depth_max_m":null,"flood_risk_100y":null,"semi_basement_r":null,"elderly_alone_r":0.3114,"bldg_age30_r":null,"shelter_min_walk":97,"pop":4034,"hh":2489,"elderly65_r":0.4859,"single_hh_r":0.5745,"source_level":"emd","flood_years":[],"landslide_hist_n":0},"geometry":{"type":"Polygon","coordinates":[[[127.69924,35.82389],[127.69841,35.82009],[127.70259,35.81802],[127.7076,35.81976],[127.70844,35.82357],[127.70426,35.82563],[127.69924,35.82389]]]}},{"type":"Feature","properties":{"h3":"8830c558dbfffff","emd_code":"5273034000","emd_name":"안성면","area_km2":0.5299,"edge":false,"slope_mean":23.25,"elev_mean":972.4,"flood_hist_n":0,"flood_depth_max_m":null,"flood_risk_100y":null,"semi_basement_r":null,"elderly_alone_r":0.3114,"bldg_age30_r":null,"shelter_min_walk":106,"pop":4034,"hh":2489,"elderly65_r":0.4859,"single_hh_r":0.5745,"source_level":"emd","flood_years":[],"landslide_hist_n":0},"geometry":{"type":"Polygon","coordinates":[[[127.70844,35.82357],[127.7076,35.81976],[127.71178,35.8177],[127.7168,35.81944],[127.71764,35.82324],[127.71346,35.82531],[127.70844,35.82357]]]}},{"type":"Feature","properties":{"h3":"8830c558ddfffff","emd_code":"5273034000","emd_name":"안성면","area_km2":0.53,"edge":false,"slope_mean":23.24,"elev_mean":795.1,"flood_hist_n":0,"flood_depth_max_m":null,"flood_risk_100y":null,"semi_basement_r":null,"elderly_alone_r":0.3114,"bldg_age30_r":null,"shelter_min_walk":99,"pop":4034,"hh":2489,"elderly65_r":0.4859,"single_hh_r":0.5745,"source_level":"emd","flood_years":[],"landslide_hist_n":0},"geometry":{"type":"Polygon","coordinates":[[[127.69339,35.81835],[127.69255,35.81454],[127.69673,35.81248],[127.70175,35.81422],[127.70259,35.81802],[127.69841,35.82009],[127.69339,35.81835]]]}},{"type":"Feature","properties":{"h3":"8830c558e3fffff","emd_code":"5273034000","emd_name":"안성면","area_km2":0.5303,"edge":true,"slope_mean":28.2,"elev_mean":1035.3,"flood_hist_n":0,"flood_depth_max_m":null,"flood_risk_100y":null,"semi_basement_r":null,"elderly_alone_r":0.3114,"bldg_age30_r":null,"shelter_min_walk":123,"pop":4034,"hh":2489,"elderly65_r":0.4859,"single_hh_r":0.5745,"source_level":"emd","flood_years":[],"landslide_hist_n":0},"geometry":{"type":"Polygon","coordinates":[[[127.67917,35.79584],[127.67833,35.79203],[127.68251,35.78996],[127.68752,35.79171],[127.68836,35.79551],[127.68418,35.79758],[127.67917,35.79584]]]}},{"type":"Feature","properties":{"h3":"8830c55a03fffff","emd_code":"5273034000","emd_name":"안성면","area_km2":0.5292,"edge":true,"slope_mean":22.37,"elev_mean":457.5,"flood_hist_n":0,"flood_depth_max_m":null,"flood_risk_100y":null,"semi_basement_r":null,"elderly_alone_r":0.3114,"bldg_age30_r":null,"shelter_min_walk":57,"pop":4034,"hh":2489,"elderly65_r":0.4859,"single_hh_r":0.5745,"source_level":"emd","flood_years":[],"landslide_hist_n":0},"geometry":{"type":"Polygon","coordinates":[[[127.61567,35.84406],[127.61484,35.84025],[127.61902,35.83819],[127.62403,35.83994],[127.62487,35.84374],[127.62069,35.8458],[127.61567,35.84406]]]}},{"type":"Feature","properties":{"h3":"8830c55a0bfffff","emd_code":"5273034000","emd_name":"안성면","area_km2":0.529,"edge":true,"slope_mean":22.4,"elev_mean":474.7,"flood_hist_n":0,"flood_depth_max_m":null,"flood_risk_100y":null,"semi_basement_r":null,"elderly_alone_r":0.3114,"bldg_age30_r":null,"shelter_min_walk":55,"pop":4034,"hh":2489,"elderly65_r":0.4859,"single_hh_r":0.5745,"source_level":"emd","flood_years":[],"landslide_hist_n":0},"geometry":{"type":"Polygon","coordinates":[[[127.61233,35.84992],[127.6115,35.84612],[127.61567,35.84406],[127.62069,35.8458],[127.62153,35.8496],[127.61735,35.85166],[127.61233,35.84992]]]}},{"type":"Feature","properties":{"h3":"8830c55a11fffff","emd_code":"5273034000","emd_name":"안성면","area_km2":0.5291,"edge":false,"slope_mean":26.86,"elev_mean":667.9,"flood_hist_n":0,"flood_depth_max_m":null,"flood_risk_100y":null,"semi_basement_r":null,"elderly_alone_r":0.3114,"bldg_age30_r":null,"shelter_min_walk":36,"pop":4034,"hh":2489,"elderly65_r":0.4859,"single_hh_r":0.5745,"source_level":"emd","flood_years":[],"landslide_hist_n":2},"geometry":{"type":"Polygon","coordinates":[[[127.63072,35.84928],[127.62988,35.84548],[127.63406,35.84342],[127.63907,35.84516],[127.63991,35.84897],[127.63573,35.85103],[127.63072,35.84928]]]}},{"type":"Feature","properties":{"h3":"8830c55a13fffff","emd_code":"5273034000","emd_name":"안성면","area_km2":0.5292,"edge":false,"slope_mean":16.54,"elev_mean":525.8,"flood_hist_n":0,"flood_depth_max_m":null,"flood_risk_100y":null,"semi_basement_r":null,"elderly_alone_r":0.3114,"bldg_age30_r":null,"shelter_min_walk":30,"pop":4034,"hh":2489,"elderly65_r":0.4859,"single_hh_r":0.5745,"source_level":"emd","flood_years":[],"landslide_hist_n":0},"geometry":{"type":"Polygon","coordinates":[[[127.63991,35.84897],[127.63907,35.84516],[127.64325,35.8431],[127.64827,35.84484],[127.6491,35.84865],[127.64493,35.85071],[127.63991,35.84897]]]}},{"type":"Feature","properties":{"h3":"8830c55a15fffff","emd_code":"5273034000","emd_name":"안성면","area_km2":0.5292,"edge":false,"slope_mean":28.41,"elev_mean":636.6,"flood_hist_n":0,"flood_depth_max_m":null,"flood_risk_100y":null,"semi_basement_r":null,"elderly_alone_r":0.3114,"bldg_age30_r":null,"shelter_min_walk":48,"pop":4034,"hh":2489,"elderly65_r":0.4859,"single_hh_r":0.5745,"source_level":"emd","flood_years":[],"landslide_hist_n":0},"geometry":{"type":"Polygon","coordinates":[[[127.62487,35.84374],[127.62403,35.83994],[127.62821,35.83788],[127.63322,35.83962],[127.63406,35.84342],[127.62988,35.84548],[127.62487,35.84374]]]}},{"type":"Feature","properties":{"h3":"8830c55a17fffff","emd_code":"5273034000","emd_name":"안성면","area_km2":0.5293,"edge":false,"slope_mean":19.76,"elev_mean":592.4,"flood_hist_n":0,"flood_depth_max_m":null,"flood_risk_100y":null,"semi_basement_r":null,"elderly_alone_r":0.3114,"bldg_age30_r":null,"shelter_min_walk":42,"pop":4034,"hh":2489,"elderly65_r":0.4859,"single_hh_r":0.5745,"source_level":"emd","flood_years":[],"landslide_hist_n":0},"geometry":{"type":"Polygon","coordinates":[[[127.63406,35.84342],[127.63322,35.83962],[127.6374,35.83756],[127.64241,35.8393],[127.64325,35.8431],[127.63907,35.84516],[127.63406,35.84342]]]}},{"type":"Feature","properties":{"h3":"8830c55a19fffff","emd_code":"5273034000","emd_name":"안성면","area_km2":0.529,"edge":false,"slope_mean":24.62,"elev_mean":584.6,"flood_hist_n":0,"flood_depth_max_m":null,"flood_risk_100y":null,"semi_basement_r":null,"elderly_alone_r":0.3114,"bldg_age30_r":null,"shelter_min_walk":33,"pop":4034,"hh":2489,"elderly65_r":0.4859,"single_hh_r":0.5745,"source_level":"emd","flood_years":[],"landslide_hist_n":0},"geometry":{"type":"Polygon","coordinates":[[[127.62738,35.85515],[127.62654,35.85134],[127.63072,35.84928],[127.63573,35.85103],[127.63657,35.85483],[127.63239,35.85689],[127.62738,35.85515]]]}},{"type":"Feature","properties":{"h3":"8830c55a1bfffff","emd_code":"5273034000","emd_name":"안성면","area_km2":0.5291,"edge":false,"slope_mean":21.63,"elev_mean":560.1,"flood_hist_n":0,"flood_depth_max_m":null,"flood_risk_100y":null,"semi_basement_r":null,"elderly_alone_r":0.3114,"bldg_age30_r":null,"shelter_min_walk":24,"pop":4034,"hh":2489,"elderly65_r":0.4859,"single_hh_r":0.5745,"source_level":"emd","flood_years":[],"landslide_hist_n":6},"geometry":{"type":"Polygon","coordinates":[[[127.63657,35.85483],[127.63573,35.85103],[127.63991,35.84897],[127.64493,35.85071],[127.64576,35.85451],[127.64159,35.85657],[127.63657,35.85483]]]}},{"type":"Feature","properties":{"h3":"8830c55a1dfffff","emd_code":"5273034000","emd_name":"안성면","area_km2":0.5291,"edge":false,"slope_mean":27.78,"elev_mean":605.6,"flood_hist_n":0,"flood_depth_max_m":null,"flood_risk_100y":null,"semi_basement_r":null,"elderly_alone_r":0.3114,"bldg_age30_r":null,"shelter_min_walk":45,"pop":4034,"hh":2489,"elderly65_r":0.4859,"single_hh_r":0.5745,"source_level":"emd","flood_years":[],"landslide_hist_n":0},"geometry":{"type":"Polygon","coordinates":[[[127.62153,35.8496],[127.62069,35.8458],[127.62487,35.84374],[127.62988,35.84548],[127.63072,35.84928],[127.62654,35.85134],[127.62153,35.8496]]]}},{"type":"Feature","properties":{"h3":"8830c55a31fffff","emd_code":"5273034000","emd_name":"안성면","area_km2":0.5294,"edge":false,"slope_mean":21.1,"elev_mean":481.2,"flood_hist_n":1,"flood_depth_max_m":1.0,"flood_risk_100y":null,"semi_basement_r":null,"elderly_alone_r":0.3114,"bldg_age30_r":null,"shelter_min_walk":66,"pop":4034,"hh":2489,"elderly65_r":0.4859,"single_hh_r":0.5745,"source_level":"emd","flood_years":[2020],"landslide_hist_n":0},"geometry":{"type":"Polygon","coordinates":[[[127.62236,35.83233],[127.62152,35.82853],[127.6257,35.82647],[127.63071,35.82821],[127.63155,35.83201],[127.62737,35.83407],[127.62236,35.83233]]]}},{"type":"Feature","properties":{"h3":"8830c55a33fffff","emd_code":"5273034000","emd_name":"안성면","area_km2":0.5294,"edge":false,"slope_mean":12.22,"elev_mean":499.4,"flood_hist_n":0,"flood_depth_max_m":null,"flood_risk_100y":null,"semi_basement_r":null,"elderly_alone_r":0.3114,"bldg_age30_r":null,"shelter_min_walk":60,"pop":4034,"hh":2489,"elderly65_r":0.4859,"single_hh_r":0.5745,"source_level":"emd","flood_years":[],"landslide_hist_n":0},"geometry":{"type":"Polygon","coordinates":[[[127.63155,35.83201],[127.63071,35.82821],[127.63489,35.82615],[127.6399,35.82789],[127.64074,35.83169],[127.63656,35.83375],[127.63155,35.83201]]]}},{"type":"Feature","properties":{"h3":"8830c55a35fffff","emd_code":"5273034000","emd_name":"안성면","area_km2":0.5295,"edge":true,"slope_mean":18.86,"elev_mean":449.1,"flood_hist_n":1,"flood_depth_max_m":0.5,"flood_risk_100y":null,"semi_basement_r":null,"elderly_alone_r":0.3114,"bldg_age30_r":null,"shelter_min_walk":78,"pop":4034,"hh":2489,"elderly65_r":0.4859,"single_hh_r":0.5745,"source_level":"emd","flood_years":[2020],"landslide_hist_n":1},"geometry":{"type":"Polygon","coordinates":[[[127.6165,35.82678],[127.61567,35.82298],[127.61984,35.82092],[127.62486,35.82266],[127.6257,35.82647],[127.62152,35.82853],[127.6165,35.82678]]]}},{"type":"Feature","properties":{"h3":"8830c55a37fffff","emd_code":"5273034000","emd_name":"안성면","area_km2":0.5295,"edge":false,"slope_mean":18.55,"elev_mean":478.4,"flood_hist_n":1,"flood_depth_max_m":1.0,"flood_risk_100y":null,"semi_basement_r":null,"elderly_alone_r":0.3114,"bldg_age30_r":null,"shelter_min_walk":72,"pop":4034,"hh":2489,"elderly65_r":0.4859,"single_hh_r":0.5745,"source_level":"emd","flood_years":[2020],"landslide_hist_n":0},"geometry":{"type":"Polygon","coordinates":[[[127.6257,35.82647],[127.62486,35.82266],[127.62904,35.8206],[127.63405,35.82234],[127.63489,35.82615],[127.63071,35.82821],[127.6257,35.82647]]]}},{"type":"Feature","properties":{"h3":"8830c55a39fffff","emd_code":"5273034000","emd_name":"안성면","area_km2":0.5293,"edge":false,"slope_mean":21.08,"elev_mean":468.8,"flood_hist_n":0,"flood_depth_max_m":null,"flood_risk_100y":null,"semi_basement_r":null,"elderly_alone_r":0.3114,"bldg_age30_r":null,"shelter_min_walk":60,"pop":4034,"hh":2489,"elderly65_r":0.4859,"single_hh_r":0.5745,"source_level":"emd","flood_years":[],"landslide_hist_n":0},"geometry":{"type":"Polygon","coordinates":[[[127.61902,35.83819],[127.61818,35.83439],[127.62236,35.83233],[127.62737,35.83407],[127.62821,35.83788],[127.62403,35.83994],[127.61902,35.83819]]]}},{"type":"Feature","properties":{"h3":"8830c55a3bfffff","emd_code":"5273034000","emd_name":"안성면","area_km2":0.5293,"edge":false,"slope_mean":22.24,"elev_mean":569.3,"flood_hist_n":0,"flood_depth_max_m":null,"flood_risk_100y":null,"semi_basement_r":null,"elderly_alone_r":0.3114,"bldg_age30_r":null,"shelter_min_walk":54,"pop":4034,"hh":2489,"elderly65_r":0.4859,"single_hh_r":0.5745,"source_level":"emd","flood_years":[],"landslide_hist_n":0},"geometry":{"type":"Polygon","coordinates":[[[127.62821,35.83788],[127.62737,35.83407],[127.63155,35.83201],[127.63656,35.83375],[127.6374,35.83756],[127.63322,35.83962],[127.62821,35.83788]]]}},{"type":"Feature","properties":{"h3":"8830c55a51fffff","emd_code":"5273034000","emd_name":"안성면","area_km2":0.5289,"edge":false,"slope_mean":21.93,"elev_mean":499.0,"flood_hist_n":0,"flood_depth_max_m":null,"flood_risk_100y":null,"semi_basement_r":null,"elderly_alone_r":0.3114,"bldg_age30_r":null,"shelter_min_walk":46,"pop":4034,"hh":2489,"elderly65_r":0.4859,"single_hh_r":0.5745,"source_level":"emd","flood_years":[],"landslide_hist_n":0},"geometry":{"type":"Polygon","coordinates":[[[127.61485,35.86132],[127.61401,35.85752],[127.61819,35.85546],[127.6232,35.85721],[127.62404,35.86101],[127.61986,35.86307],[127.61485,35.86132]]]}},{"type":"Feature","properties":{"h3":"8830c55a53fffff","emd_code":"5273034000","emd_name":"안성면","area_km2":0.5289,"edge":false,"slope_mean":18.12,"elev_mean":466.8,"flood_hist_n":0,"flood_depth_max_m":null,"flood_risk_100y":null,"semi_basement_r":null,"elderly_alone_r":0.3114,"bldg_age30_r":null,"shelter_min_walk":34,"pop":4034,"hh":2489,"elderly65_r":0.4859,"single_hh_r":0.5745,"source_level":"emd","flood_years":[],"landslide_hist_n":3},"geometry":{"type":"Polygon","coordinates":[[[127.62404,35.86101],[127.6232,35.85721],[127.62738,35.85515],[127.63239,35.85689],[127.63323,35.86069],[127.62905,35.86275],[127.62404,35.86101]]]}},{"type":"Feature","properties":{"h3":"8830c55a57fffff","emd_code":"5273034000","emd_name":"안성면","area_km2":0.529,"edge":false,"slope_mean":25.51,"elev_mean":548.9,"flood_hist_n":0,"flood_depth_max_m":null,"flood_risk_100y":null,"semi_basement_r":null,"elderly_alone_r":0.3114,"bldg_age30_r":null,"shelter_min_walk":44,"pop":4034,"hh":2489,"elderly65_r":0.4859,"single_hh_r":0.5745,"source_level":"emd","flood_years":[],"landslide_hist_n":1},"geometry":{"type":"Polygon","coordinates":[[[127.61819,35.85546],[127.61735,35.85166],[127.62153,35.8496],[127.62654,35.85134],[127.62738,35.85515],[127.6232,35.85721],[127.61819,35.85546]]]}},{"type":"Feature","properties":{"h3":"8830c55a59fffff","emd_code":"5273034000","emd_name":"안성면","area_km2":0.5288,"edge":false,"slope_mean":17.3,"elev_mean":413.8,"flood_hist_n":1,"flood_depth_max_m":1.0,"flood_risk_100y":null,"semi_basement_r":null,"elderly_alone_r":0.3114,"bldg_age30_r":null,"shelter_min_walk":50,"pop":4034,"hh":2489,"elderly65_r":0.4859,"single_hh_r":0.5745,"source_level":"emd","flood_years":[2020],"landslide_hist_n":1},"geometry":{"type":"Polygon","coordinates":[[[127.61151,35.86718],[127.61067,35.86338],[127.61485,35.86132],[127.61986,35.86307],[127.6207,35.86687],[127.61652,35.86893],[127.61151,35.86718]]]}},{"type":"Feature","properties":{"h3":"8830c55a5bfffff","emd_code":"5273034000","emd_name":"안성면","area_km2":0.5288,"edge":false,"slope_mean":12.45,"elev_mean":404.6,"flood_hist_n":1,"flood_depth_max_m":1.0,"flood_risk_100y":null,"semi_basement_r":null,"elderly_alone_r":0.3114,"bldg_age30_r":null,"shelter_min_walk":38,"pop":4034,"hh":2489,"elderly65_r":0.4859,"single_hh_r":0.5745,"source_level":"emd","flood_years":[2020],"landslide_hist_n":1},"geometry":{"type":"Polygon","coordinates":[[[127.6207,35.86687],[127.61986,35.86307],[127.62404,35.86101],[127.62905,35.86275],[127.62989,35.86655],[127.62571,35.86861],[127.6207,35.86687]]]}},{"type":"Feature","properties":{"h3":"8830c55a5dfffff","emd_code":"5273034000","emd_name":"안성면","area_km2":0.5288,"edge":true,"slope_mean":21.71,"elev_mean":447.7,"flood_hist_n":0,"flood_depth_max_m":null,"flood_risk_100y":null,"semi_basement_r":null,"elderly_alone_r":0.3114,"bldg_age30_r":null,"shelter_min_walk":58,"pop":4034,"hh":2489,"elderly65_r":0.4859,"single_hh_r":0.5745,"source_level":"emd","flood_years":[],"landslide_hist_n":0},"geometry":{"type":"Polygon","coordinates":[[[127.60565,35.86164],[127.60482,35.85784],[127.60899,35.85578],[127.61401,35.85752],[127.61485,35.86132],[127.61067,35.86338],[127.60565,35.86164]]]}},{"type":"Feature","properties":{"h3":"8830c55a81fffff","emd_code":"5273034000","emd_name":"안성면","area_km2":0.5295,"edge":false,"slope_mean":7.84,"elev_mean":507.5,"flood_hist_n":0,"flood_depth_max_m":null,"flood_risk_100y":null,"semi_basement_r":null,"elderly_alone_r":0.3114,"bldg_age30_r":null,"shelter_min_walk":49,"pop":4034,"hh":2489,"elderly65_r":0.4859,"single_hh_r":0.5745,"source_level":"emd","flood_years":[],"landslide_hist_n":0},"geometry":{"type":"Polygon","coordinates":[[[127.67083,35.84214],[127.66999,35.83834],[127.67417,35.83628],[127.67919,35.83802],[127.68003,35.84182],[127.67585,35.84388],[127.67083,35.84214]]]}},{"type":"Feature","properties":{"h3":"8830c55a83fffff","emd_code":"5273034000","emd_name":"안성면","area_km2":0.5295,"edge":false,"slope_mean":14.53,"elev_mean":543.0,"flood_hist_n":0,"flood_depth_max_m":null,"flood_risk_100y":null,"semi_basement_r":null,"elderly_alone_r":0.3114,"bldg_age30_r":null,"shelter_min_walk":58,"pop":4034,"hh":2489,"elderly65_r":0.4859,"single_hh_r":0.5745,"source_level":"emd","flood_years":[],"landslide_hist_n":1},"geometry":{"type":"Polygon","coordinates":[[[127.68003,35.84182],[127.67919,35.83802],[127.68337,35.83595],[127.68838,35.83769],[127.68922,35.8415],[127.68504,35.84356],[127.68003,35.84182]]]}},{"type":"Feature","properties":{"h3":"8830c55a85fffff","emd_code":"5273034000","emd_name":"안성면","area_km2":0.5295,"edge":false,"slope_mean":12.64,"elev_mean":526.7,"flood_hist_n":1,"flood_depth_max_m":1.0,"flood_risk_100y":null,"semi_basement_r":null,"elderly_alone_r":0.3114,"bldg_age30_r":null,"shelter_min_walk":53,"pop":4034,"hh":2489,"elderly65_r":0.4859,"single_hh_r":0.5745,"source_level":"emd","flood_years":[2020],"landslide_hist_n":4},"geometry":{"type":"Polygon","coordinates":[[[127.66498,35.8366],[127.66414,35.83279],[127.66832,35.83073],[127.67334,35.83247],[127.67417,35.83628],[127.66999,35.83834],[127.66498,35.8366]]]}},{"type":"Feature","properties":{"h3":"8830c55a87fffff","emd_code":"5273034000","emd_name":"안성면","area_km2":0.5296,"edge":false,"slope_mean":12.77,"elev_mean":541.3,"flood_hist_n":1,"flood_depth_max_m":1.0,"flood_risk_100y":null,"semi_basement_r":null,"elderly_alone_r":0.3114,"bldg_age30_r":null,"shelter_min_walk":60,"pop":4034,"hh":2489,"elderly65_r":0.4859,"single_hh_r":0.5745,"source_level":"emd","flood_years":[2020],"landslide_hist_n":1},"geometry":{"type":"Polygon","coordinates":[[[127.67417,35.83628],[127.67334,35.83247],[127.67751,35.83041],[127.68253,35.83215],[127.68337,35.83595],[127.67919,35.83802],[127.67417,35.83628]]]}},{"type":"Feature","properties":{"h3":"8830c55a89fffff","emd_code":"5273034000","emd_name":"안성면","area_km2":0.5293,"edge":false,"slope_mean":6.84,"elev_mean":486.0,"flood_hist_n":1,"flood_depth_max_m":1.0,"flood_risk_100y":null,"semi_basement_r":null,"elderly_alone_r":0.3114,"bldg_age30_r":null,"shelter_min_walk":39,"pop":4034,"hh":2489,"elderly65_r":0.4859,"single_hh_r":0.5745,"source_level":"emd","flood_years":[2020],"landslide_hist_n":0},"geometry":{"type":"Polygon","coordinates":[[[127.66749,35.84801],[127.66665,35.8442],[127.67083,35.84214],[127.67585,35.84388],[127.67669,35.84769],[127.67251,35.84975],[127.66749,35.84801]]]}},{"type":"Feature","properties":{"h3":"8830c55a8bfffff","emd_code":"5273034000","emd_name":"안성면","area_km2":0.5294,"edge":false,"slope_mean":6.94,"elev_mean":494.7,"flood_hist_n":0,"flood_depth_max_m":null,"flood_risk_100y":null,"semi_basement_r":null,"elderly_alone_r":0.3114,"bldg_age30_r":null,"shelter_min_walk":48,"pop":4034,"hh":2489,"elderly65_r":0.4859,"single_hh_r":0.5745,"source_level":"emd","flood_years":[],"landslide_hist_n":0},"geometry":{"type":"Polygon","coordinates":[[[127.67669,35.84769],[127.67585,35.84388],[127.68003,35.84182],[127.68504,35.84356],[127.68588,35.84736],[127.6817,35.84943],[127.67669,35.84769]]]}},{"type":"Feature","properties":{"h3":"8830c55a8dfffff","emd_code":"5273034000","emd_name":"안성면","area_km2":0.5294,"edge":false,"slope_mean":10.22,"elev_mean":494.0,"flood_hist_n":1,"flood_depth_max_m":1.0,"flood_risk_100y":null,"semi_basement_r":null,"elderly_alone_r":0.3114,"bldg_age30_r":null,"shelter_min_walk":42,"pop":4034,"hh":2489,"elderly65_r":0.4859,"single_hh_r":0.5745,"source_level":"emd","flood_years":[2020],"landslide_hist_n":0},"geometry":{"type":"Polygon","coordinates":[[[127.66164,35.84246],[127.6608,35.83866],[127.66498,35.8366],[127.66999,35.83834],[127.67083,35.84214],[127.66665,35.8442],[127.66164,35.84246]]]}},{"type":"Feature","properties":{"h3":"8830c55a91fffff","emd_code":"5273034000","emd_name":"안성면","area_km2":0.5295,"edge":false,"slope_mean":21.0,"elev_mean":723.5,"flood_hist_n":0,"flood_depth_max_m":null,"flood_risk_100y":null,"semi_basement_r":null,"elderly_alone_r":0.3114,"bldg_age30_r":null,"shelter_min_walk":70,"pop":4034,"hh":2489,"elderly65_r":0.4859,"single_hh_r":0.5745,"source_level":"emd","flood_years":[],"landslide_hist_n":1},"geometry":{"type":"Polygon","coordinates":[[[127.69508,35.84704],[127.69424,35.84324],[127.69842,35.84117],[127.70344,35.84291],[127.70427,35.84672],[127.70009,35.84878],[127.69508,35.84704]]]}},{"type":"Feature","properties":{"h3":"8830c55a93fffff","emd_code":"5273034000","emd_name":"안성면","area_km2":0.5295,"edge":false,"slope_mean":24.27,"elev_mean":881.8,"flood_hist_n":0,"flood_depth_max_m":null,"flood_risk_100y":null,"semi_basement_r":null,"elderly_alone_r":0.3114,"bldg_age30_r":null,"shelter_min_walk":81,"pop":4034,"hh":2489,"elderly65_r":0.4859,"single_hh_r":0.5745,"source_level":"emd","flood_years":[],"landslide_hist_n":0},"geometry":{"type":"Polygon","coordinates":[[[127.70427,35.84672],[127.70344,35.84291],[127.70761,35.84085],[127.71263,35.84259],[127.71347,35.84639],[127.70929,35.84846],[127.70427,35.84672]]]}},{"type":"Feature","properties":{"h3":"8830c55a95fffff","emd_code":"5273034000","emd_name":"안성면","area_km2":0.5296,"edge":false,"slope_mean":18.28,"elev_mean":598.8,"flood_hist_n":0,"flood_depth_max_m":null,"flood_risk_100y":null,"semi_basement_r":null,"elderly_alone_r":0.3114,"bldg_age30_r":null,"shelter_min_walk":68,"pop":4034,"hh":2489,"elderly65_r":0.4859,"single_hh_r":0.5745,"source_level":"emd","flood_years":[],"landslide_hist_n":1},"geometry":{"type":"Polygon","coordinates":[[[127.68922,35.8415],[127.68838,35.83769],[127.69256,35.83563],[127.69758,35.83737],[127.69842,35.84117],[127.69424,35.84324],[127.68922,35.8415]]]}},{"type":"Feature","properties":{"h3":"8830c55a97fffff","emd_code":"5273034000","emd_name":"안성면","area_km2":0.5296,"edge":false,"slope_mean":21.71,"elev_mean":681.2,"flood_hist_n":0,"flood_depth_max_m":null,"flood_risk_100y":null,"semi_basement_r":null,"elderly_alone_r":0.3114,"bldg_age30_r":null,"shelter_min_walk":78,"pop":4034,"hh":2489,"elderly65_r":0.4859,"single_hh_r":0.5745,"source_level":"emd","flood_years":[],"landslide_hist_n":0},"geometry":{"type":"Polygon","coordinates":[[[127.69842,35.84117],[127.69758,35.83737],[127.70176,35.83531],[127.70678,35.83705],[127.70761,35.84085],[127.70344,35.84291],[127.69842,35.84117]]]}},{"type":"Feature","properties":{"h3":"8830c55a99fffff","emd_code":"5273034000","emd_name":"안성면","area_km2":0.5294,"edge":false,"slope_mean":17.65,"elev_mean":620.9,"flood_hist_n":0,"flood_depth_max_m":null,"flood_risk_100y":null,"semi_basement_r":null,"elderly_alone_r":0.3114,"bldg_age30_r":null,"shelter_min_walk":62,"pop":4034,"hh":2489,"elderly65_r":0.4859,"single_hh_r":0.5745,"source_level":"emd","flood_years":[],"landslide_hist_n":3},"geometry":{"type":"Polygon","coordinates":[[[127.69174,35.85291],[127.6909,35.8491],[127.69508,35.84704],[127.70009,35.84878],[127.70093,35.85258],[127.69675,35.85465],[127.69174,35.85291]]]}},{"type":"Feature","properties":{"h3":"8830c55a9bfffff","emd_code":"5273034000","emd_name":"안성면","area_km2":0.5294,"edge":false,"slope_mean":25.29,"elev_mean":824.9,"flood_hist_n":0,"flood_depth_max_m":null,"flood_risk_100y":null,"semi_basement_r":null,"elderly_alone_r":0.3114,"bldg_age30_r":null,"shelter_min_walk":74,"pop":4034,"hh":2489,"elderly65_r":0.4859,"single_hh_r":0.5745,"source_level":"emd","flood_years":[],"landslide_hist_n":1},"geometry":{"type":"Polygon","coordinates":[[[127.70093,35.85258],[127.70009,35.84878],[127.70427,35.84672],[127.70929,35.84846],[127.71013,35.85226],[127.70595,35.85432],[127.70093,35.85258]]]}},{"type":"Feature","properties":{"h3":"8830c55a9dfffff","emd_code":"5273034000","emd_name":"안성면","area_km2":0.5294,"edge":false,"slope_mean":20.34,"elev_mean":594.5,"flood_hist_n":0,"flood_depth_max_m":null,"flood_risk_100y":null,"semi_basement_r":null,"elderly_alone_r":0.3114,"bldg_age30_r":null,"shelter_min_walk":58,"pop":4034,"hh":2489,"elderly65_r":0.4859,"single_hh_r":0.5745,"source_level":"emd","flood_years":[],"landslide_hist_n":1},"geometry":{"type":"Polygon","coordinates":[[[127.68588,35.84736],[127.68504,35.84356],[127.68922,35.8415],[127.69424,35.84324],[127.69508,35.84704],[127.6909,35.8491],[127.68588,35.84736]]]}},{"type":"Feature","properties":{"h3":"8830c55aa1fffff","emd_code":"5273034000","emd_name":"안성면","area_km2":0.5297,"edge":false,"slope_mean":23.78,"elev_mean":758.2,"flood_hist_n":0,"flood_depth_max_m":null,"flood_risk_100y":null,"semi_basement_r":null,"elderly_alone_r":0.3114,"bldg_age30_r":null,"shelter_min_walk":70,"pop":4034,"hh":2489,"elderly65_r":0.4859,"single_hh_r":0.5745,"source_level":"emd","flood_years":[],"landslide_hist_n":0},"geometry":{"type":"Polygon","coordinates":[[[127.66247,35.82519],[127.66163,35.82138],[127.66581,35.81932],[127.67082,35.82106],[127.67166,35.82486],[127.66748,35.82693],[127.66247,35.82519]]]}},{"type":"Feature","properties":{"h3":"8830c55aa3fffff","emd_code":"5273034000","emd_name":"안성면","area_km2":0.5297,"edge":false,"slope_mean":26.43,"elev_mean":798.3,"flood_hist_n":0,"flood_depth_max_m":null,"flood_risk_100y":null,"semi_basement_r":null,"elderly_alone_r":0.3114,"bldg_age30_r":null,"shelter_min_walk":74,"pop":4034,"hh":2489,"elderly65_r":0.4859,"single_hh_r":0.5745,"source_level":"emd","flood_years":[],"landslide_hist_n":0},"geometry":{"type":"Polygon","coordinates":[[[127.67166,35.82486],[127.67082,35.82106],[127.675,35.819],[127.68002,35.82074],[127.68085,35.82454],[127.67668,35.8266],[127.67166,35.82486]]]}},{"type":"Feature","properties":{"h3":"8830c55aa5fffff","emd_code":"5273034000","emd_name":"안성면","area_km2":0.5298,"edge":false,"slope_mean":26.58,"elev_mean":848.3,"flood_hist_n":0,"flood_depth_max_m":null,"flood_risk_100y":null,"semi_basement_r":null,"elderly_alone_r":0.3114,"bldg_age30_r":null,"shelter_min_walk":77,"pop":4034,"hh":2489,"elderly65_r":0.4859,"single_hh_r":0.5745,"source_level":"emd","flood_years":[],"landslide_hist_n":3},"geometry":{"type":"Polygon","coordinates":[[[127.65661,35.81964],[127.65578,35.81583],[127.65995,35.81377],[127.66497,35.81551],[127.66581,35.81932],[127.66163,35.82138],[127.65661,35.81964]]]}},{"type":"Feature","properties":{"h3":"8830c55aa7fffff","emd_code":"5273034000","emd_name":"안성면","area_km2":0.5298,"edge":false,"slope_mean":24.84,"elev_mean":880.6,"flood_hist_n":0,"flood_depth_max_m":null,"flood_risk_100y":null,"semi_basement_r":null,"elderly_alone_r":0.3114,"bldg_age30_r":null,"shelter_min_walk":80,"pop":4034,"hh":2489,"elderly65_r":0.4859,"single_hh_r":0.5745,"source_level":"emd","flood_years":[],"landslide_hist_n":0},"geometry":{"type":"Polygon","coordinates":[[[127.66581,35.81932],[127.66497,35.81551],[127.66915,35.81345],[127.67416,35.81519],[127.675,35.819],[127.67082,35.82106],[127.66581,35.81932]]]}},{"type":"Feature","properties":{"h3":"8830c55aa9fffff","emd_code":"5273034000","emd_name":"안성면","area_km2":0.5296,"edge":false,"slope_mean":16.62,"elev_mean":622.8,"flood_hist_n":0,"flood_depth_max_m":null,"flood_risk_100y":null,"semi_basement_r":null,"elderly_alone_r":0.3114,"bldg_age30_r":null,"shelter_min_walk":59,"pop":4034,"hh":2489,"elderly65_r":0.4859,"single_hh_r":0.5745,"source_level":"emd","flood_years":[],"landslide_hist_n":2},"geometry":{"type":"Polygon","coordinates":[[[127.65913,35.83105],[127.65829,35.82725],[127.66247,35.82519],[127.66748,35.82693],[127.66832,35.83073],[127.66414,35.83279],[127.65913,35.83105]]]}},{"type":"Feature","properties":{"h3":"8830c55aabfffff","emd_code":"5273034000","emd_name":"안성면","area_km2":0.5296,"edge":false,"slope_mean":21.63,"elev_mean":633.0,"flood_hist_n":0,"flood_depth_max_m":null,"flood_risk_100y":null,"semi_basement_r":null,"elderly_alone_r":0.3114,"bldg_age30_r":null,"shelter_min_walk":64,"pop":4034,"hh":2489,"elderly65_r":0.4859,"single_hh_r":0.5745,"source_level":"emd","flood_years":[],"landslide_hist_n":0},"geometry":{"type":"Polygon","coordinates":[[[127.66832,35.83073],[127.66748,35.82693],[127.67166,35.82486],[127.67668,35.8266],[127.67751,35.83041],[127.67334,35.83247],[127.66832,35.83073]]]}},{"type":"Feature","properties":{"h3":"8830c55aadfffff","emd_code":"5273034000","emd_name":"안성면","area_km2":0.5297,"edge":false,"slope_mean":21.23,"elev_mean":689.2,"flood_hist_n":0,"flood_depth_max_m":null,"flood_risk_100y":null,"semi_basement_r":null,"elderly_alone_r":0.3114,"bldg_age30_r":null,"shelter_min_walk":67,"pop":4034,"hh":2489,"elderly65_r":0.4859,"single_hh_r":0.5745,"source_level":"emd","flood_years":[],"landslide_hist_n":4},"geometry":{"type":"Polygon","coordinates":[[[127.65327,35.82551],[127.65244,35.8217],[127.65661,35.81964],[127.66163,35.82138],[127.66247,35.82519],[127.65829,35.82725],[127.65327,35.82551]]]}},{"type":"Feature","properties":{"h3":"8830c55ab1fffff","emd_code":"5273034000","emd_name":"안성면","area_km2":0.5297,"edge":false,"slope_mean":23.45,"elev_mean":720.0,"flood_hist_n":0,"flood_depth_max_m":null,"flood_risk_100y":null,"semi_basement_r":null,"elderly_alone_r":0.3114,"bldg_age30_r":null,"shelter_min_walk":78,"pop":4034,"hh":2489,"elderly65_r":0.4859,"single_hh_r":0.5745,"source_level":"emd","flood_years":[],"landslide_hist_n":0},"geometry":{"type":"Polygon","coordinates":[[[127.68671,35.83009],[127.68587,35.82628],[127.69005,35.82422],[127.69507,35.82596],[127.6959,35.82976],[127.69173,35.83183],[127.68671,35.83009]]]}},{"type":"Feature","properties":{"h3":"8830c55ab3fffff","emd_code":"5273034000","emd_name":"안성면","area_km2":0.5298,"edge":false,"slope_mean":25.9,"elev_mean":917.2,"flood_hist_n":0,"flood_depth_max_m":null,"flood_risk_100y":null,"semi_basement_r":null,"elderly_alone_r":0.3114,"bldg_age30_r":null,"shelter_min_walk":87,"pop":4034,"hh":2489,"elderly65_r":0.4859,"single_hh_r":0.5745,"source_level":"emd","flood_years":[],"landslide_hist_n":0},"geometry":{"type":"Polygon","coordinates":[[[127.6959,35.82976],[127.69507,35.82596],[127.69924,35.82389],[127.70426,35.82563],[127.7051,35.82944],[127.70092,35.8315],[127.6959,35.82976]]]}},{"type":"Feature","properties":{"h3":"8830c55ab5fffff","emd_code":"5273034000","emd_name":"안성면","area_km2":0.5298,"edge":false,"slope_mean":25.11,"elev_mean":695.5,"flood_hist_n":0,"flood_depth_max_m":null,"flood_risk_100y":null,"semi_basement_r":null,"elderly_alone_r":0.3114,"bldg_age30_r":null,"shelter_min_walk":81,"pop":4034,"hh":2489,"elderly65_r":0.4859,"single_hh_r":0.5745,"source_level":"emd","flood_years":[],"landslide_hist_n":0},"geometry":{"type":"Polygon","coordinates":[[[127.68085,35.82454],[127.68002,35.82074],[127.68419,35.81867],[127.68921,35.82041],[127.69005,35.82422],[127.68587,35.82628],[127.68085,35.82454]]]}},{"type":"Feature","properties":{"h3":"8830c55ab7fffff","emd_code":"5273034000","emd_name":"안성면","area_km2":0.5298,"edge":false,"slope_mean":25.39,"elev_mean":772.1,"flood_hist_n":0,"flood_depth_max_m":null,"flood_risk_100y":null,"semi_basement_r":null,"elderly_alone_r":0.3114,"bldg_age30_r":null,"shelter_min_walk":88,"pop":4034,"hh":2489,"elderly65_r":0.4859,"single_hh_r":0.5745,"source_level":"emd","flood_years":[],"landslide_hist_n":0},"geometry":{"type":"Polygon","coordinates":[[[127.69005,35.82422],[127.68921,35.82041],[127.69339,35.81835],[127.69841,35.82009],[127.69924,35.82389],[127.69507,35.82596],[127.69005,35.82422]]]}},{"type":"Feature","properties":{"h3":"8830c55ab9fffff","emd_code":"5273034000","emd_name":"안성면","area_km2":0.5296,"edge":false,"slope_mean":17.1,"elev_mean":619.2,"flood_hist_n":0,"flood_depth_max_m":null,"flood_risk_100y":null,"semi_basement_r":null,"elderly_alone_r":0.3114,"bldg_age30_r":null,"shelter_min_walk":68,"pop":4034,"hh":2489,"elderly65_r":0.4859,"single_hh_r":0.5745,"source_level":"emd","flood_years":[],"landslide_hist_n":1},"geometry":{"type":"Polygon","coordinates":[[[127.68337,35.83595],[127.68253,35.83215],[127.68671,35.83009],[127.69173,35.83183],[127.69256,35.83563],[127.68838,35.83769],[127.68337,35.83595]]]}},{"type":"Feature","properties":{"h3":"8830c55abbfffff","emd_code":"5273034000","emd_name":"안성면","area_km2":0.5297,"edge":false,"slope_mean":23.68,"elev_mean":737.3,"flood_hist_n":0,"flood_depth_max_m":null,"flood_risk_100y":null,"semi_basement_r":null,"elderly_alone_r":0.3114,"bldg_age30_r":null,"shelter_min_walk":77,"pop":4034,"hh":2489,"elderly65_r":0.4859,"single_hh_r":0.5745,"source_level":"emd","flood_years":[],"landslide_hist_n":0},"geometry":{"type":"Polygon","coordinates":[[[127.69256,35.83563],[127.69173,35.83183],[127.6959,35.82976],[127.70092,35.8315],[127.70176,35.83531],[127.69758,35.83737],[127.69256,35.83563]]]}},{"type":"Feature","properties":{"h3":"8830c55abdfffff","emd_code":"5273034000","emd_name":"안성면","area_km2":0.5297,"edge":false,"slope_mean":19.26,"elev_mean":630.8,"flood_hist_n":0,"flood_depth_max_m":null,"flood_risk_100y":null,"semi_basement_r":null,"elderly_alone_r":0.3114,"bldg_age30_r":null,"shelter_min_walk":70,"pop":4034,"hh":2489,"elderly65_r":0.4859,"single_hh_r":0.5745,"source_level":"emd","flood_years":[],"landslide_hist_n":0},"geometry":{"type":"Polygon","coordinates":[[[127.67751,35.83041],[127.67668,35.8266],[127.68085,35.82454],[127.68587,35.82628],[127.68671,35.83009],[127.68253,35.83215],[127.67751,35.83041]]]}},{"type":"Feature","properties":{"h3":"8830c55ac1fffff","emd_code":"5273034000","emd_name":"안성면","area_km2":0.5292,"edge":false,"slope_mean":9.14,"elev_mean":458.9,"flood_hist_n":1,"flood_depth_max_m":0.5,"flood_risk_100y":null,"semi_basement_r":null,"elderly_alone_r":0.3114,"bldg_age30_r":null,"shelter_min_walk":21,"pop":4034,"hh":2489,"elderly65_r":0.4859,"single_hh_r":0.5745,"source_level":"emd","flood_years":[2020],"landslide_hist_n":7},"geometry":{"type":"Polygon","coordinates":[[[127.65496,35.85419],[127.65412,35.85039],[127.6583,35.84833],[127.66331,35.85007],[127.66415,35.85387],[127.65997,35.85593],[127.65496,35.85419]]]}},{"type":"Feature","properties":{"h3":"8830c55ac3fffff","emd_code":"5273034000","emd_name":"안성면","area_km2":0.5292,"edge":false,"slope_mean":9.95,"elev_mean":475.2,"flood_hist_n":1,"flood_depth_max_m":1.0,"flood_risk_100y":null,"semi_basement_r":null,"elderly_alone_r":0.3114,"bldg_age30_r":null,"shelter_min_walk":28,"pop":4034,"hh":2489,"elderly65_r":0.4859,"single_hh_r":0.5745,"source_level":"emd","flood_years":[2020],"landslide_hist_n":2},"geometry":{"type":"Polygon","coordinates":[[[127.66415,35.85387],[127.66331,35.85007],[127.66749,35.84801],[127.67251,35.84975],[127.67335,35.85355],[127.66917,35.85561],[127.66415,35.85387]]]}},{"type":"Feature","properties":{"h3":"8830c55ac5fffff","emd_code":"5273034000","emd_name":"안성면","area_km2":0.5292,"edge":false,"slope_mean":7.46,"elev_mean":456.7,"flood_hist_n":0,"flood_depth_max_m":null,"flood_risk_100y":null,"semi_basement_r":null,"elderly_alone_r":0.3114,"bldg_age30_r":null,"shelter_min_walk":28,"pop":4034,"hh":2489,"elderly65_r":0.4859,"single_hh_r":0.5745,"source_level":"emd","flood_years":[],"landslide_hist_n":1},"geometry":{"type":"Polygon","coordinates":[[[127.6491,35.84865],[127.64827,35.84484],[127.65244,35.84278],[127.65746,35.84452],[127.6583,35.84833],[127.65412,35.85039],[127.6491,35.84865]]]}},{"type":"Feature","properties":{"h3":"8830c55ac7fffff","emd_code":"5273034000","emd_name":"안성면","area_km2":0.5293,"edge":false,"slope_mean":10.06,"elev_mean":478.9,"flood_hist_n":1,"flood_depth_max_m":1.0,"flood_risk_100y":null,"semi_basement_r":null,"elderly_alone_r":0.3114,"bldg_age30_r":null,"shelter_min_walk":31,"pop":4034,"hh":2489,"elderly65_r":0.4859,"single_hh_r":0.5745,"source_level":"emd","flood_years":[2020],"landslide_hist_n":2},"geometry":{"type":"Polygon","coordinates":[[[127.6583,35.84833],[127.65746,35.84452],[127.66164,35.84246],[127.66665,35.8442],[127.66749,35.84801],[127.66331,35.85007],[127.6583,35.84833]]]}},{"type":"Feature","properties":{"h3":"8830c55ac9fffff","emd_code":"5273034000","emd_name":"안성면","area_km2":0.5291,"edge":false,"slope_mean":10.08,"elev_mean":445.4,"flood_hist_n":1,"flood_depth_max_m":1.0,"flood_risk_100y":null,"semi_basement_r":null,"elderly_alone_r":0.3114,"bldg_age30_r":null,"shelter_min_walk":10,"pop":4034,"hh":2489,"elderly65_r":0.4859,"single_hh_r":0.5745,"source_level":"emd","flood_years":[2020],"landslide_hist_n":2},"geometry":{"type":"Polygon","coordinates":[[[127.65162,35.86005],[127.65078,35.85625],[127.65496,35.85419],[127.65997,35.85593],[127.66081,35.85973],[127.65663,35.86179],[127.65162,35.86005]]]}},{"type":"Feature","properties":{"h3":"8830c55acbfffff","emd_code":"5273034000","emd_name":"안성면","area_km2":0.5291,"edge":false,"slope_mean":9.43,"elev_mean":451.0,"flood_hist_n":1,"flood_depth_max_m":1.0,"flood_risk_100y":null,"semi_basement_r":null,"elderly_alone_r":0.3114,"bldg_age30_r":null,"shelter_min_walk":19,"pop":4034,"hh":2489,"elderly65_r":0.4859,"single_hh_r":0.5745,"source_level":"emd","flood_years":[2020],"landslide_hist_n":1},"geometry":{"type":"Polygon","coordinates":[[[127.66081,35.85973],[127.65997,35.85593],[127.66415,35.85387],[127.66917,35.85561],[127.67001,35.85941],[127.66583,35.86147],[127.66081,35.85973]]]}},{"type":"Feature","properties":{"h3":"8830c55acdfffff","emd_code":"5273034000","emd_name":"안성면","area_km2":0.5291,"edge":false,"slope_mean":7.85,"elev_mean":448.3,"flood_hist_n":1,"flood_depth_max_m":1.0,"flood_risk_100y":null,"semi_basement_r":null,"elderly_alone_r":0.3114,"bldg_age30_r":null,"shelter_min_walk":19,"pop":4034,"hh":2489,"elderly65_r":0.4859,"single_hh_r":0.5745,"source_level":"emd","flood_years":[2020],"landslide_hist_n":1},"geometry":{"type":"Polygon","coordinates":[[[127.64576,35.85451],[127.64493,35.85071],[127.6491,35.84865],[127.65412,35.85039],[127.65496,35.85419],[127.65078,35.85625],[127.64576,35.85451]]]}},{"type":"Feature","properties":{"h3":"8830c55ad1fffff","emd_code":"5273034000","emd_name":"안성면","area_km2":0.5292,"edge":false,"slope_mean":4.65,"elev_mean":472.2,"flood_hist_n":1,"flood_depth_max_m":1.0,"flood_risk_100y":null,"semi_basement_r":null,"elderly_alone_r":0.3114,"bldg_age30_r":null,"shelter_min_walk":42,"pop":4034,"hh":2489,"elderly65_r":0.4859,"single_hh_r":0.5745,"source_level":"emd","flood_years":[2020],"landslide_hist_n":2},"geometry":{"type":"Polygon","coordinates":[[[127.6792,35.85909],[127.67836,35.85529],[127.68254,35.85323],[127.68756,35.85497],[127.6884,35.85877],[127.68422,35.86083],[127.6792,35.85909]]]}},{"type":"Feature","properties":{"h3":"8830c55ad3fffff","emd_code":"5273034000","emd_name":"안성면","area_km2":0.5293,"edge":false,"slope_mean":10.21,"elev_mean":534.7,"flood_hist_n":0,"flood_depth_max_m":null,"flood_risk_100y":null,"semi_basement_r":null,"elderly_alone_r":0.3114,"bldg_age30_r":null,"shelter_min_walk":55,"pop":4034,"hh":2489,"elderly65_r":0.4859,"single_hh_r":0.5745,"source_level":"emd","flood_years":[],"landslide_hist_n":5},"geometry":{"type":"Polygon","coordinates":[[[127.6884,35.85877],[127.68756,35.85497],[127.69174,35.85291],[127.69675,35.85465],[127.69759,35.85845],[127.69341,35.86051],[127.6884,35.85877]]]}},{"type":"Feature","properties":{"h3":"8830c55ad5fffff","emd_code":"5273034000","emd_name":"안성면","area_km2":0.5293,"edge":false,"slope_mean":3.31,"elev_mean":467.1,"flood_hist_n":1,"flood_depth_max_m":1.0,"flood_risk_100y":null,"semi_basement_r":null,"elderly_alone_r":0.3114,"bldg_age30_r":null,"shelter_min_walk":39,"pop":4034,"hh":2489,"elderly65_r":0.4859,"single_hh_r":0.5745,"source_level":"emd","flood_years":[2020],"landslide_hist_n":0},"geometry":{"type":"Polygon","coordinates":[[[127.67335,35.85355],[127.67251,35.84975],[127.67669,35.84769],[127.6817,35.84943],[127.68254,35.85323],[127.67836,35.85529],[127.67335,35.85355]]]}},{"type":"Feature","properties":{"h3":"8830c55ad7fffff","emd_code":"5273034000","emd_name":"안성면","area_km2":0.5293,"edge":false,"slope_mean":7.47,"elev_mean":498.4,"flood_hist_n":1,"flood_depth_max_m":1.0,"flood_risk_100y":null,"semi_basement_r":null,"elderly_alone_r":0.3114,"bldg_age30_r":null,"shelter_min_walk":50,"pop":4034,"hh":2489,"elderly65_r":0.4859,"single_hh_r":0.5745,"source_level":"emd","flood_years":[2020],"landslide_hist_n":3},"geometry":{"type":"Polygon","coordinates":[[[127.68254,35.85323],[127.6817,35.84943],[127.68588,35.84736],[127.6909,35.8491],[127.69174,35.85291],[127.68756,35.85497],[127.68254,35.85323]]]}},{"type":"Feature","properties":{"h3":"8830c55ad9fffff","emd_code":"5273034000","emd_name":"안성면","area_km2":0.5291,"edge":false,"slope_mean":3.23,"elev_mean":472.2,"flood_hist_n":1,"flood_depth_max_m":1.0,"flood_risk_100y":null,"semi_basement_r":null,"elderly_alone_r":0.3114,"bldg_age30_r":null,"shelter_min_walk":37,"pop":4034,"hh":2489,"elderly65_r":0.4859,"single_hh_r":0.5745,"source_level":"emd","flood_years":[2020],"landslide_hist_n":1},"geometry":{"type":"Polygon","coordinates":[[[127.67586,35.86495],[127.67502,35.86115],[127.6792,35.85909],[127.68422,35.86083],[127.68505,35.86463],[127.68088,35.86669],[127.67586,35.86495]]]}},{"type":"Feature","properties":{"h3":"8830c55adbfffff","emd_code":"5273034000","emd_name":"안성면","area_km2":0.5292,"edge":false,"slope_mean":6.7,"elev_mean":504.1,"flood_hist_n":0,"flood_depth_max_m":null,"flood_risk_100y":null,"semi_basement_r":null,"elderly_alone_r":0.3114,"bldg_age30_r":null,"shelter_min_walk":49,"pop":4034,"hh":2489,"elderly65_r":0.4859,"single_hh_r":0.5745,"source_level":"emd","flood_years":[],"landslide_hist_n":0},"geometry":{"type":"Polygon","coordinates":[[[127.68505,35.86463],[127.68422,35.86083],[127.6884,35.85877],[127.69341,35.86051],[127.69425,35.86431],[127.69007,35.86637],[127.68505,35.86463]]]}},{"type":"Feature","properties":{"h3":"8830c55addfffff","emd_code":"5273034000","emd_name":"안성면","area_km2":0.5292,"edge":false,"slope_mean":4.15,"elev_mean":451.3,"flood_hist_n":1,"flood_depth_max_m":1.0,"flood_risk_100y":null,"semi_basement_r":null,"elderly_alone_r":0.3114,"bldg_age30_r":null,"shelter_min_walk":30,"pop":4034,"hh":2489,"elderly65_r":0.4859,"single_hh_r":0.5745,"source_level":"emd","flood_years":[2020],"landslide_hist_n":0},"geometry":{"type":"Polygon","coordinates":[[[127.67001,35.85941],[127.66917,35.85561],[127.67335,35.85355],[127.67836,35.85529],[127.6792,35.85909],[127.67502,35.86115],[127.67001,35.85941]]]}},{"type":"Feature","properties":{"h3":"8830c55ae1fffff","emd_code":"5273034000","emd_name":"안성면","area_km2":0.5294,"edge":false,"slope_mean":11.83,"elev_mean":494.7,"flood_hist_n":1,"flood_depth_max_m":1.0,"flood_risk_100y":null,"semi_basement_r":null,"elderly_alone_r":0.3114,"bldg_age30_r":null,"shelter_min_walk":47,"pop":4034,"hh":2489,"elderly65_r":0.4859,"single_hh_r":0.5745,"source_level":"emd","flood_years":[2020],"landslide_hist_n":2},"geometry":{"type":"Polygon","coordinates":[[[127.64659,35.83724],[127.64575,35.83343],[127.64993,35.83137],[127.65495,35.83311],[127.65579,35.83692],[127.65161,35.83898],[127.64659,35.83724]]]}},{"type":"Feature","properties":{"h3":"8830c55ae3fffff","emd_code":"5273034000","emd_name":"안성면","area_km2":0.5295,"edge":false,"slope_mean":17.82,"elev_mean":550.1,"flood_hist_n":0,"flood_depth_max_m":null,"flood_risk_100y":null,"semi_basement_r":null,"elderly_alone_r":0.3114,"bldg_age30_r":null,"shelter_min_walk":49,"pop":4034,"hh":2489,"elderly65_r":0.4859,"single_hh_r":0.5745,"source_level":"emd","flood_years":[],"landslide_hist_n":1},"geometry":{"type":"Polygon","coordinates":[[[127.65579,35.83692],[127.65495,35.83311],[127.65913,35.83105],[127.66414,35.83279],[127.66498,35.8366],[127.6608,35.83866],[127.65579,35.83692]]]}},{"type":"Feature","properties":{"h3":"8830c55ae5fffff","emd_code":"5273034000","emd_name":"안성면","area_km2":0.5295,"edge":false,"slope_mean":7.46,"elev_mean":475.4,"flood_hist_n":1,"flood_depth_max_m":1.0,"flood_risk_100y":null,"semi_basement_r":null,"elderly_alone_r":0.3114,"bldg_age30_r":null,"shelter_min_walk":57,"pop":4034,"hh":2489,"elderly65_r":0.4859,"single_hh_r":0.5745,"source_level":"emd","flood_years":[2020],"landslide_hist_n":0},"geometry":{"type":"Polygon","coordinates":[[[127.64074,35.83169],[127.6399,35.82789],[127.64408,35.82583],[127.64909,35.82757],[127.64993,35.83137],[127.64575,35.83343],[127.64074,35.83169]]]}},{"type":"Feature","properties":{"h3":"8830c55ae7fffff","emd_code":"5273034000","emd_name":"안성면","area_km2":0.5295,"edge":false,"slope_mean":18.42,"elev_mean":580.6,"flood_hist_n":0,"flood_depth_max_m":null,"flood_risk_100y":null,"semi_basement_r":null,"elderly_alone_r":0.3114,"bldg_age30_r":null,"shelter_min_walk":57,"pop":4034,"hh":2489,"elderly65_r":0.4859,"single_hh_r":0.5745,"source_level":"emd","flood_years":[],"landslide_hist_n":5},"geometry":{"type":"Polygon","coordinates":[[[127.64993,35.83137],[127.64909,35.82757],[127.65327,35.82551],[127.65829,35.82725],[127.65913,35.83105],[127.65495,35.83311],[127.64993,35.83137]]]}},{"type":"Feature","properties":{"h3":"8830c55ae9fffff","emd_code":"5273034000","emd_name":"안성면","area_km2":0.5293,"edge":false,"slope_mean":9.63,"elev_mean":477.8,"flood_hist_n":0,"flood_depth_max_m":null,"flood_risk_100y":null,"semi_basement_r":null,"elderly_alone_r":0.3114,"bldg_age30_r":null,"shelter_min_walk":38,"pop":4034,"hh":2489,"elderly65_r":0.4859,"single_hh_r":0.5745,"source_level":"emd","flood_years":[],"landslide_hist_n":0},"geometry":{"type":"Polygon","coordinates":[[[127.64325,35.8431],[127.64241,35.8393],[127.64659,35.83724],[127.65161,35.83898],[127.65244,35.84278],[127.64827,35.84484],[127.64325,35.8431]]]}},{"type":"Feature","properties":{"h3":"8830c55aebfffff","emd_code":"5273034000","emd_name":"안성면","area_km2":0.5294,"edge":false,"slope_mean":13.92,"elev_mean":496.9,"flood_hist_n":0,"flood_depth_max_m":null,"flood_risk_100y":null,"semi_basement_r":null,"elderly_alone_r":0.3114,"bldg_age30_r":null,"shelter_min_walk":38,"pop":4034,"hh":2489,"elderly65_r":0.4859,"single_hh_r":0.5745,"source_level":"emd","flood_years":[],"landslide_hist_n":1},"geometry":{"type":"Polygon","coordinates":[[[127.65244,35.84278],[127.65161,35.83898],[127.65579,35.83692],[127.6608,35.83866],[127.66164,35.84246],[127.65746,35.84452],[127.65244,35.84278]]]}},{"type":"Feature","properties":{"h3":"8830c55aedfffff","emd_code":"5273034000","emd_name":"안성면","area_km2":0.5294,"edge":false,"slope_mean":10.24,"elev_mean":491.2,"flood_hist_n":1,"flood_depth_max_m":1.0,"flood_risk_100y":null,"semi_basement_r":null,"elderly_alone_r":0.3114,"bldg_age30_r":null,"shelter_min_walk":49,"pop":4034,"hh":2489,"elderly65_r":0.4859,"single_hh_r":0.5745,"source_level":"emd","flood_years":[2020],"landslide_hist_n":0},"geometry":{"type":"Polygon","coordinates":[[[127.6374,35.83756],[127.63656,35.83375],[127.64074,35.83169],[127.64575,35.83343],[127.64659,35.83724],[127.64241,35.8393],[127.6374,35.83756]]]}},{"type":"Feature","properties":{"h3":"8830c5c137fffff","emd_code":"5273025000","emd_name":"무주읍","area_km2":0.5254,"edge":true,"slope_mean":28.69,"elev_mean":423.1,"flood_hist_n":0,"flood_depth_max_m":null,"flood_risk_100y":null,"semi_basement_r":null,"elderly_alone_r":0.209,"bldg_age30_r":null,"shelter_min_walk":109,"pop":9487,"hh":4828,"elderly65_r":0.289,"single_hh_r":0.4816,"source_level":"emd","flood_years":[],"landslide_hist_n":0},"geometry":{"type":"Polygon","coordinates":[[[127.61409,36.06773],[127.61325,36.06394],[127.61743,36.06189],[127.62245,36.06363],[127.62328,36.06742],[127.61911,36.06946],[127.61409,36.06773]]]}},{"type":"Feature","properties":{"h3":"8830c5c1a5fffff","emd_code":"5273025000","emd_name":"무주읍","area_km2":0.5257,"edge":true,"slope_mean":16.15,"elev_mean":283.0,"flood_hist_n":0,"flood_depth_max_m":null,"flood_risk_100y":null,"semi_basement_r":null,"elderly_alone_r":0.209,"bldg_age30_r":null,"shelter_min_walk":85,"pop":9487,"hh":4828,"elderly65_r":0.289,"single_hh_r":0.4816,"source_level":"emd","flood_years":[],"landslide_hist_n":1},"geometry":{"type":"Polygon","coordinates":[[[127.64502,36.06096],[127.64418,36.05717],[127.64836,36.05513],[127.65338,36.05686],[127.65422,36.06065],[127.65004,36.0627],[127.64502,36.06096]]]}},{"type":"Feature","properties":{"h3":"8830c5c1adfffff","emd_code":"5273025000","emd_name":"무주읍","area_km2":0.5256,"edge":false,"slope_mean":20.13,"elev_mean":326.5,"flood_hist_n":0,"flood_depth_max_m":null,"flood_risk_100y":null,"semi_basement_r":null,"elderly_alone_r":0.209,"bldg_age30_r":null,"shelter_min_walk":96,"pop":9487,"hh":4828,"elderly65_r":0.289,"single_hh_r":0.4816,"source_level":"emd","flood_years":[],"landslide_hist_n":0},"geometry":{"type":"Polygon","coordinates":[[[127.64168,36.0668],[127.64084,36.06301],[127.64502,36.06096],[127.65004,36.0627],[127.65087,36.06648],[127.64669,36.06853],[127.64168,36.0668]]]}},{"type":"Feature","properties":{"h3":"8830c5c1b7fffff","emd_code":"5273025000","emd_name":"무주읍","area_km2":0.5258,"edge":true,"slope_mean":27.59,"elev_mean":410.8,"flood_hist_n":0,"flood_depth_max_m":null,"flood_risk_100y":null,"semi_basement_r":null,"elderly_alone_r":0.209,"bldg_age30_r":null,"shelter_min_walk":91,"pop":9487,"hh":4828,"elderly65_r":0.289,"single_hh_r":0.4816,"source_level":"emd","flood_years":[],"landslide_hist_n":1},"geometry":{"type":"Polygon","coordinates":[[[127.67847,36.06554],[127.67763,36.06176],[127.68181,36.05971],[127.68683,36.06144],[127.68767,36.06523],[127.68349,36.06728],[127.67847,36.06554]]]}},{"type":"Feature","properties":{"h3":"8830c5c1e5fffff","emd_code":"5273025000","emd_name":"무주읍","area_km2":0.5254,"edge":true,"slope_mean":26.87,"elev_mean":465.3,"flood_hist_n":0,"flood_depth_max_m":null,"flood_risk_100y":null,"semi_basement_r":null,"elderly_alone_r":0.209,"bldg_age30_r":null,"shelter_min_walk":110,"pop":9487,"hh":4828,"elderly65_r":0.289,"single_hh_r":0.4816,"source_level":"emd","flood_years":[],"landslide_hist_n":0},"geometry":{"type":"Polygon","coordinates":[[[127.62914,36.07294],[127.6283,36.06915],[127.63248,36.06711],[127.6375,36.06884],[127.63834,36.07263],[127.63416,36.07468],[127.62914,36.07294]]]}},{"type":"Feature","properties":{"h3":"8830c5c1e7fffff","emd_code":"5273025000","emd_name":"무주읍","area_km2":0.5255,"edge":true,"slope_mean":23.77,"elev_mean":373.0,"flood_hist_n":0,"flood_depth_max_m":null,"flood_risk_100y":null,"semi_basement_r":null,"elderly_alone_r":0.209,"bldg_age30_r":null,"shelter_min_walk":106,"pop":9487,"hh":4828,"elderly65_r":0.289,"single_hh_r":0.4816,"source_level":"emd","flood_years":[],"landslide_hist_n":0},"geometry":{"type":"Polygon","coordinates":[[[127.63834,36.07263],[127.6375,36.06884],[127.64168,36.0668],[127.64669,36.06853],[127.64753,36.07232],[127.64335,36.07437],[127.63834,36.07263]]]}},{"type":"Feature","properties":{"h3":"8830c5c801fffff","emd_code":"5273035000","emd_name":"부남면","area_km2":0.5263,"edge":false,"slope_mean":28.98,"elev_mean":339.2,"flood_hist_n":0,"flood_depth_max_m":null,"flood_risk_100y":null,"semi_basement_r":null,"elderly_alone_r":0.3849,"bldg_age30_r":null,"shelter_min_walk":96,"pop":1343,"hh":873,"elderly65_r":0.5681,"single_hh_r":0.6163,"source_level":"emd","flood_years":[],"landslide_hist_n":0},"geometry":{"type":"Polygon","coordinates":[[[127.57729,36.006],[127.57645,36.00221],[127.58063,36.00016],[127.58565,36.00191],[127.58648,36.0057],[127.58231,36.00775],[127.57729,36.006]]]}},{"type":"Feature","properties":{"h3":"8830c5c803fffff","emd_code":"5273035000","emd_name":"부남면","area_km2":0.5263,"edge":false,"slope_mean":21.42,"elev_mean":251.4,"flood_hist_n":1,"flood_depth_max_m":1.0,"flood_risk_100y":null,"semi_basement_r":null,"elderly_alone_r":0.3849,"bldg_age30_r":null,"shelter_min_walk":84,"pop":1343,"hh":873,"elderly65_r":0.5681,"single_hh_r":0.6163,"source_level":"emd","flood_years":[2020],"landslide_hist_n":0},"geometry":{"type":"Polygon","coordinates":[[[127.58648,36.0057],[127.58565,36.00191],[127.58982,35.99986],[127.59484,36.0016],[127.59568,36.00539],[127.5915,36.00744],[127.58648,36.0057]]]}},{"type":"Feature","properties":{"h3":"8830c5c805fffff","emd_code":"5273035000","emd_name":"부남면","area_km2":0.5263,"edge":false,"slope_mean":18.99,"elev_mean":249.1,"flood_hist_n":1,"flood_depth_max_m":1.0,"flood_risk_100y":null,"semi_basement_r":null,"elderly_alone_r":0.3849,"bldg_age30_r":null,"shelter_min_walk":104,"pop":1343,"hh":873,"elderly65_r":0.5681,"single_hh_r":0.6163,"source_level":"emd","flood_years":[2020],"landslide_hist_n":0},"geometry":{"type":"Polygon","coordinates":[[[127.57144,36.00047],[127.5706,35.99668],[127.57478,35.99463],[127.5798,35.99637],[127.58063,36.00016],[127.57645,36.00221],[127.57144,36.00047]]]}},{"type":"Feature","properties":{"h3":"8830c5c807fffff","emd_code":"5273035000","emd_name":"부남면","area_km2":0.5264,"edge":false,"slope_mean":23.11,"elev_mean":261.5,"flood_hist_n":1,"flood_depth_max_m":1.0,"flood_risk_100y":null,"semi_basement_r":null,"elderly_alone_r":0.3849,"bldg_age30_r":null,"shelter_min_walk":92,"pop":1343,"hh":873,"elderly65_r":0.5681,"single_hh_r":0.6163,"source_level":"emd","flood_years":[2020],"landslide_hist_n":0},"geometry":{"type":"Polygon","coordinates":[[[127.58063,36.00016],[127.5798,35.99637],[127.58397,35.99432],[127.58899,35.99606],[127.58982,35.99986],[127.58565,36.00191],[127.58063,36.00016]]]}},{"type":"Feature","properties":{"h3":"8830c5c809fffff","emd_code":"5273035000","emd_name":"부남면","area_km2":0.5262,"edge":false,"slope_mean":21.62,"elev_mean":292.6,"flood_hist_n":1,"flood_depth_max_m":1.0,"flood_risk_100y":null,"semi_basement_r":null,"elderly_alone_r":0.3849,"bldg_age30_r":null,"shelter_min_walk":100,"pop":1343,"hh":873,"elderly65_r":0.5681,"single_hh_r":0.6163,"source_level":"emd","flood_years":[2020],"landslide_hist_n":0},"geometry":{"type":"Polygon","coordinates":[[[127.57395,36.01184],[127.57311,36.00805],[127.57729,36.006],[127.58231,36.00775],[127.58314,36.01153],[127.57896,36.01358],[127.57395,36.01184]]]}},{"type":"Feature","properties":{"h3":"8830c5c80bfffff","emd_code":"5273035000","emd_name":"부남면","area_km2":0.5262,"edge":false,"slope_mean":23.26,"elev_mean":272.6,"flood_hist_n":1,"flood_depth_max_m":1.0,"flood_risk_100y":null,"semi_basement_r":null,"elderly_alone_r":0.3849,"bldg_age30_r":null,"shelter_min_walk":88,"pop":1343,"hh":873,"elderly65_r":0.5681,"single_hh_r":0.6163,"source_level":"emd","flood_years":[2020],"landslide_hist_n":1},"geometry":{"type":"Polygon","coordinates":[[[127.58314,36.01153],[127.58231,36.00775],[127.58648,36.0057],[127.5915,36.00744],[127.59234,36.01123],[127.58816,36.01327],[127.58314,36.01153]]]}},{"type":"Feature","properties":{"h3":"8830c5c80dfffff","emd_code":"5273035000","emd_name":"부남면","area_km2":0.5262,"edge":false,"slope_mean":25.76,"elev_mean":385.1,"flood_hist_n":0,"flood_depth_max_m":null,"flood_risk_100y":null,"semi_basement_r":null,"elderly_alone_r":0.3849,"bldg_age30_r":null,"shelter_min_walk":108,"pop":1343,"hh":873,"elderly65_r":0.5681,"single_hh_r":0.6163,"source_level":"emd","flood_years":[],"landslide_hist_n":0},"geometry":{"type":"Polygon","coordinates":[[[127.5681,36.00631],[127.56726,36.00252],[127.57144,36.00047],[127.57645,36.00221],[127.57729,36.006],[127.57311,36.00805],[127.5681,36.00631]]]}},{"type":"Feature","properties":{"h3":"8830c5c811fffff","emd_code":"5273025000","emd_name":"무주읍","area_km2":0.5263,"edge":false,"slope_mean":26.85,"elev_mean":304.7,"flood_hist_n":1,"flood_depth_max_m":1.0,"flood_risk_100y":null,"semi_basement_r":null,"elderly_alone_r":0.209,"bldg_age30_r":null,"shelter_min_walk":63,"pop":9487,"hh":4828,"elderly65_r":0.289,"single_hh_r":0.4816,"source_level":"emd","flood_years":[2020],"landslide_hist_n":0},"geometry":{"type":"Polygon","coordinates":[[[127.60153,36.01092],[127.60069,36.00713],[127.60487,36.00508],[127.60989,36.00681],[127.61072,36.0106],[127.60654,36.01265],[127.60153,36.01092]]]}},{"type":"Feature","properties":{"h3":"8830c5c813fffff","emd_code":"5273025000","emd_name":"무주읍","area_km2":0.5264,"edge":true,"slope_mean":23.58,"elev_mean":242.3,"flood_hist_n":0,"flood_depth_max_m":null,"flood_risk_100y":null,"semi_basement_r":null,"elderly_alone_r":0.209,"bldg_age30_r":null,"shelter_min_walk":51,"pop":9487,"hh":4828,"elderly65_r":0.289,"single_hh_r":0.4816,"source_level":"emd","flood_years":[],"landslide_hist_n":0},"geometry":{"type":"Polygon","coordinates":[[[127.61072,36.0106],[127.60989,36.00681],[127.61406,36.00476],[127.61908,36.0065],[127.61992,36.01029],[127.61574,36.01234],[127.61072,36.0106]]]}},{"type":"Feature","properties":{"h3":"8830c5c815fffff","emd_code":"5273035000","emd_name":"부남면","area_km2":0.5264,"edge":false,"slope_mean":18.02,"elev_mean":230.7,"flood_hist_n":1,"flood_depth_max_m":1.0,"flood_risk_100y":null,"semi_basement_r":null,"elderly_alone_r":0.3849,"bldg_age30_r":null,"shelter_min_walk":71,"pop":1343,"hh":873,"elderly65_r":0.5681,"single_hh_r":0.6163,"source_level":"emd","flood_years":[2020],"landslide_hist_n":0},"geometry":{"type":"Polygon","coordinates":[[[127.59568,36.00539],[127.59484,36.0016],[127.59902,35.99955],[127.60403,36.00129],[127.60487,36.00508],[127.60069,36.00713],[127.59568,36.00539]]]}},{"type":"Feature","properties":{"h3":"8830c5c817fffff","emd_code":"5273025000","emd_name":"무주읍","area_km2":0.5264,"edge":false,"slope_mean":21.24,"elev_mean":254.6,"flood_hist_n":1,"flood_depth_max_m":1.0,"flood_risk_100y":null,"semi_basement_r":null,"elderly_alone_r":0.209,"bldg_age30_r":null,"shelter_min_walk":59,"pop":9487,"hh":4828,"elderly65_r":0.289,"single_hh_r":0.4816,"source_level":"emd","flood_years":[2020],"landslide_hist_n":0},"geometry":{"type":"Polygon","coordinates":[[[127.60487,36.00508],[127.60403,36.00129],[127.60821,35.99923],[127.61323,36.00097],[127.61406,36.00476],[127.60989,36.00681],[127.60487,36.00508]]]}},{"type":"Feature","properties":{"h3":"8830c5c819fffff","emd_code":"5273035000","emd_name":"부남면","area_km2":0.5262,"edge":true,"slope_mean":29.03,"elev_mean":376.5,"flood_hist_n":0,"flood_depth_max_m":null,"flood_risk_100y":null,"semi_basement_r":null,"elderly_alone_r":0.3849,"bldg_age30_r":null,"shelter_min_walk":69,"pop":1343,"hh":873,"elderly65_r":0.5681,"single_hh_r":0.6163,"source_level":"emd","flood_years":[],"landslide_hist_n":0},"geometry":{"type":"Polygon","coordinates":[[[127.59819,36.01675],[127.59735,36.01297],[127.60153,36.01092],[127.60654,36.01265],[127.60738,36.01644],[127.6032,36.01849],[127.59819,36.01675]]]}},{"type":"Feature","properties":{"h3":"8830c5c81dfffff","emd_code":"5273035000","emd_name":"부남면","area_km2":0.5263,"edge":false,"slope_mean":29.86,"elev_mean":370.3,"flood_hist_n":0,"flood_depth_max_m":null,"flood_risk_100y":null,"semi_basement_r":null,"elderly_alone_r":0.3849,"bldg_age30_r":null,"shelter_min_walk":76,"pop":1343,"hh":873,"elderly65_r":0.5681,"single_hh_r":0.6163,"source_level":"emd","flood_years":[],"landslide_hist_n":0},"geometry":{"type":"Polygon","coordinates":[[[127.59234,36.01123],[127.5915,36.00744],[127.59568,36.00539],[127.60069,36.00713],[127.60153,36.01092],[127.59735,36.01297],[127.59234,36.01123]]]}},{"type":"Feature","properties":{"h3":"8830c5c821fffff","emd_code":"5273035000","emd_name":"부남면","area_km2":0.5265,"edge":false,"slope_mean":18.91,"elev_mean":229.2,"flood_hist_n":1,"flood_depth_max_m":1.0,"flood_risk_100y":null,"semi_basement_r":null,"elderly_alone_r":0.3849,"bldg_age30_r":null,"shelter_min_walk":112,"pop":1343,"hh":873,"elderly65_r":0.5681,"single_hh_r":0.6163,"source_level":"emd","flood_years":[2020],"landslide_hist_n":0},"geometry":{"type":"Polygon","coordinates":[[[127.56893,35.9891],[127.56809,35.98531],[127.57227,35.98326],[127.57728,35.985],[127.57812,35.98879],[127.57394,35.99084],[127.56893,35.9891]]]}},{"type":"Feature","properties":{"h3":"8830c5c823fffff","emd_code":"5273035000","emd_name":"부남면","area_km2":0.5266,"edge":false,"slope_mean":20.24,"elev_mean":252.7,"flood_hist_n":1,"flood_depth_max_m":1.0,"flood_risk_100y":null,"semi_basement_r":null,"elderly_alone_r":0.3849,"bldg_age30_r":null,"shelter_min_walk":100,"pop":1343,"hh":873,"elderly65_r":0.5681,"single_hh_r":0.6163,"source_level":"emd","flood_years":[2020],"landslide_hist_n":0},"geometry":{"type":"Polygon","coordinates":[[[127.57812,35.98879],[127.57728,35.985],[127.58146,35.98295],[127.58648,35.98469],[127.58731,35.98848],[127.58314,35.99053],[127.57812,35.98879]]]}},{"type":"Feature","properties":{"h3":"8830c5c825fffff","emd_code":"5273035000","emd_name":"부남면","area_km2":0.5266,"edge":false,"slope_mean":17.52,"elev_mean":224.7,"flood_hist_n":1,"flood_depth_max_m":1.0,"flood_risk_100y":null,"semi_basement_r":null,"elderly_alone_r":0.3849,"bldg_age30_r":null,"shelter_min_walk":122,"pop":1343,"hh":873,"elderly65_r":0.5681,"single_hh_r":0.6163,"source_level":"emd","flood_years":[2020],"landslide_hist_n":0},"geometry":{"type":"Polygon","coordinates":[[[127.56308,35.98357],[127.56224,35.97978],[127.56642,35.97773],[127.57143,35.97947],[127.57227,35.98326],[127.56809,35.98531],[127.56308,35.98357]]]}},{"type":"Feature","properties":{"h3":"8830c5c827fffff","emd_code":"5273035000","emd_name":"부남면","area_km2":0.5266,"edge":false,"slope_mean":26.53,"elev_mean":292.4,"flood_hist_n":0,"flood_depth_max_m":null,"flood_risk_100y":null,"semi_basement_r":null,"elderly_alone_r":0.3849,"bldg_age30_r":null,"shelter_min_walk":111,"pop":1343,"hh":873,"elderly65_r":0.5681,"single_hh_r":0.6163,"source_level":"emd","flood_years":[],"landslide_hist_n":0},"geometry":{"type":"Polygon","coordinates":[[[127.57227,35.98326],[127.57143,35.97947],[127.57561,35.97742],[127.58063,35.97916],[127.58146,35.98295],[127.57728,35.985],[127.57227,35.98326]]]}},{"type":"Feature","properties":{"h3":"8830c5c829fffff","emd_code":"5273035000","emd_name":"부남면","area_km2":0.5264,"edge":false,"slope_mean":16.29,"elev_mean":218.0,"flood_hist_n":0,"flood_depth_max_m":null,"flood_risk_100y":null,"semi_basement_r":null,"elderly_alone_r":0.3849,"bldg_age30_r":null,"shelter_min_walk":114,"pop":1343,"hh":873,"elderly65_r":0.5681,"single_hh_r":0.6163,"source_level":"emd","flood_years":[],"landslide_hist_n":0},"geometry":{"type":"Polygon","coordinates":[[[127.56559,35.99494],[127.56475,35.99115],[127.56893,35.9891],[127.57394,35.99084],[127.57478,35.99463],[127.5706,35.99668],[127.56559,35.99494]]]}},{"type":"Feature","properties":{"h3":"8830c5c82bfffff","emd_code":"5273035000","emd_name":"부남면","area_km2":0.5265,"edge":false,"slope_mean":13.12,"elev_mean":206.8,"flood_hist_n":1,"flood_depth_max_m":1.0,"flood_risk_100y":null,"semi_basement_r":null,"elderly_alone_r":0.3849,"bldg_age30_r":null,"shelter_min_walk":102,"pop":1343,"hh":873,"elderly65_r":0.5681,"single_hh_r":0.6163,"source_level":"emd","flood_years":[2020],"landslide_hist_n":0},"geometry":{"type":"Polygon","coordinates":[[[127.57478,35.99463],[127.57394,35.99084],[127.57812,35.98879],[127.58314,35.99053],[127.58397,35.99432],[127.5798,35.99637],[127.57478,35.99463]]]}},{"type":"Feature","properties":{"h3":"8830c5c82dfffff","emd_code":"5273035000","emd_name":"부남면","area_km2":0.5265,"edge":false,"slope_mean":15.21,"elev_mean":218.8,"flood_hist_n":1,"flood_depth_max_m":1.0,"flood_risk_100y":null,"semi_basement_r":null,"elderly_alone_r":0.3849,"bldg_age30_r":null,"shelter_min_walk":123,"pop":1343,"hh":873,"elderly65_r":0.5681,"single_hh_r":0.6163,"source_level":"emd","flood_years":[2020],"landslide_hist_n":0},"geometry":{"type":"Polygon","coordinates":[[[127.55974,35.98941],[127.5589,35.98562],[127.56308,35.98357],[127.56809,35.98531],[127.56893,35.9891],[127.56475,35.99115],[127.55974,35.98941]]]}},{"type":"Feature","properties":{"h3":"8830c5c831fffff","emd_code":"5273035000","emd_name":"부남면","area_km2":0.5265,"edge":false,"slope_mean":15.17,"elev_mean":212.9,"flood_hist_n":1,"flood_depth_max_m":1.0,"flood_risk_100y":null,"semi_basement_r":null,"elderly_alone_r":0.3849,"bldg_age30_r":null,"shelter_min_walk":78,"pop":1343,"hh":873,"elderly65_r":0.5681,"single_hh_r":0.6163,"source_level":"emd","flood_years":[2020],"landslide_hist_n":0},"geometry":{"type":"Polygon","coordinates":[[[127.59317,35.99401],[127.59233,35.99022],[127.59651,35.98817],[127.60152,35.98991],[127.60236,35.9937],[127.59818,35.99575],[127.59317,35.99401]]]}},{"type":"Feature","properties":{"h3":"8830c5c833fffff","emd_code":"5273025000","emd_name":"무주읍","area_km2":0.5266,"edge":false,"slope_mean":15.43,"elev_mean":214.8,"flood_hist_n":1,"flood_depth_max_m":1.0,"flood_risk_100y":null,"semi_basement_r":null,"elderly_alone_r":0.209,"bldg_age30_r":null,"shelter_min_walk":67,"pop":9487,"hh":4828,"elderly65_r":0.289,"single_hh_r":0.4816,"source_level":"emd","flood_years":[2020],"landslide_hist_n":0},"geometry":{"type":"Polygon","coordinates":[[[127.60236,35.9937],[127.60152,35.98991],[127.6057,35.98786],[127.61072,35.9896],[127.61155,35.99339],[127.60737,35.99544],[127.60236,35.9937]]]}},{"type":"Feature","properties":{"h3":"8830c5c835fffff","emd_code":"5273035000","emd_name":"부남면","area_km2":0.5266,"edge":false,"slope_mean":21.47,"elev_mean":255.0,"flood_hist_n":1,"flood_depth_max_m":0.5,"flood_risk_100y":null,"semi_basement_r":null,"elderly_alone_r":0.3849,"bldg_age30_r":null,"shelter_min_walk":89,"pop":1343,"hh":873,"elderly65_r":0.5681,"single_hh_r":0.6163,"source_level":"emd","flood_years":[2020],"landslide_hist_n":0},"geometry":{"type":"Polygon","coordinates":[[[127.58731,35.98848],[127.58648,35.98469],[127.59065,35.98264],[127.59567,35.98438],[127.59651,35.98817],[127.59233,35.99022],[127.58731,35.98848]]]}},{"type":"Feature","properties":{"h3":"8830c5c837fffff","emd_code":"5273025000","emd_name":"무주읍","area_km2":0.5267,"edge":false,"slope_mean":24.97,"elev_mean":293.5,"flood_hist_n":0,"flood_depth_max_m":null,"flood_risk_100y":null,"semi_basement_r":null,"elderly_alone_r":0.209,"bldg_age30_r":null,"shelter_min_walk":78,"pop":9487,"hh":4828,"elderly65_r":0.289,"single_hh_r":0.4816,"source_level":"emd","flood_years":[],"landslide_hist_n":0},"geometry":{"type":"Polygon","coordinates":[[[127.59651,35.98817],[127.59567,35.98438],[127.59985,35.98233],[127.60486,35.98407],[127.6057,35.98786],[127.60152,35.98991],[127.59651,35.98817]]]}},{"type":"Feature","properties":{"h3":"8830c5c839fffff","emd_code":"5273035000","emd_name":"부남면","area_km2":0.5264,"edge":false,"slope_mean":17.0,"elev_mean":220.0,"flood_hist_n":2,"flood_depth_max_m":1.0,"flood_risk_100y":null,"semi_basement_r":null,"elderly_alone_r":0.3849,"bldg_age30_r":null,"shelter_min_walk":80,"pop":1343,"hh":873,"elderly65_r":0.5681,"single_hh_r":0.6163,"source_level":"emd","flood_years":[2020,2021],"landslide_hist_n":0},"geometry":{"type":"Polygon","coordinates":[[[127.58982,35.99986],[127.58899,35.99606],[127.59317,35.99401],[127.59818,35.99575],[127.59902,35.99955],[127.59484,36.0016],[127.58982,35.99986]]]}},{"type":"Feature","properties":{"h3":"8830c5c83bfffff","emd_code":"5273025000","emd_name":"무주읍","area_km2":0.5265,"edge":false,"slope_mean":11.84,"elev_mean":200.2,"flood_hist_n":1,"flood_depth_max_m":1.0,"flood_risk_100y":null,"semi_basement_r":null,"elderly_alone_r":0.209,"bldg_age30_r":null,"shelter_min_walk":68,"pop":9487,"hh":4828,"elderly65_r":0.289,"single_hh_r":0.4816,"source_level":"emd","flood_years":[2020],"landslide_hist_n":0},"geometry":{"type":"Polygon","coordinates":[[[127.59902,35.99955],[127.59818,35.99575],[127.60236,35.9937],[127.60737,35.99544],[127.60821,35.99923],[127.60403,36.00129],[127.59902,35.99955]]]}},{"type":"Feature","properties":{"h3":"8830c5c83dfffff","emd_code":"5273035000","emd_name":"부남면","area_km2":0.5265,"edge":false,"slope_mean":17.04,"elev_mean":235.8,"flood_hist_n":1,"flood_depth_max_m":1.0,"flood_risk_100y":null,"semi_basement_r":null,"elderly_alone_r":0.3849,"bldg_age30_r":null,"shelter_min_walk":90,"pop":1343,"hh":873,"elderly65_r":0.5681,"single_hh_r":0.6163,"source_level":"emd","flood_years":[2020],"landslide_hist_n":0},"geometry":{"type":"Polygon","coordinates":[[[127.58397,35.99432],[127.58314,35.99053],[127.58731,35.98848],[127.59233,35.99022],[127.59317,35.99401],[127.58899,35.99606],[127.58397,35.99432]]]}},{"type":"Feature","properties":{"h3":"8830c5c841fffff","emd_code":"5273035000","emd_name":"부남면","area_km2":0.526,"edge":false,"slope_mean":19.24,"elev_mean":342.9,"flood_hist_n":0,"flood_depth_max_m":null,"flood_risk_100y":null,"semi_basement_r":null,"elderly_alone_r":0.3849,"bldg_age30_r":null,"shelter_min_walk":118,"pop":1343,"hh":873,"elderly65_r":0.5681,"single_hh_r":0.6163,"source_level":"emd","flood_years":[],"landslide_hist_n":0},"geometry":{"type":"Polygon","coordinates":[[[127.56142,36.01799],[127.56058,36.0142],[127.56476,36.01215],[127.56977,36.01389],[127.57061,36.01768],[127.56643,36.01973],[127.56142,36.01799]]]}},{"type":"Feature","properties":{"h3":"8830c5c843fffff","emd_code":"5273035000","emd_name":"부남면","area_km2":0.526,"edge":false,"slope_mean":18.04,"elev_mean":273.7,"flood_hist_n":1,"flood_depth_max_m":1.0,"flood_risk_100y":null,"semi_basement_r":null,"elderly_alone_r":0.3849,"bldg_age30_r":null,"shelter_min_walk":106,"pop":1343,"hh":873,"elderly65_r":0.5681,"single_hh_r":0.6163,"source_level":"emd","flood_years":[2020],"landslide_hist_n":1},"geometry":{"type":"Polygon","coordinates":[[[127.57061,36.01768],[127.56977,36.01389],[127.57395,36.01184],[127.57896,36.01358],[127.5798,36.01737],[127.57562,36.01942],[127.57061,36.01768]]]}},{"type":"Feature","properties":{"h3":"8830c5c845fffff","emd_code":"5273035000","emd_name":"부남면","area_km2":0.5261,"edge":false,"slope_mean":21.36,"elev_mean":379.1,"flood_hist_n":0,"flood_depth_max_m":null,"flood_risk_100y":null,"semi_basement_r":null,"elderly_alone_r":0.3849,"bldg_age30_r":null,"shelter_min_walk":125,"pop":1343,"hh":873,"elderly65_r":0.5681,"single_hh_r":0.6163,"source_level":"emd","flood_years":[],"landslide_hist_n":0},"geometry":{"type":"Polygon","coordinates":[[[127.55557,36.01246],[127.55473,36.00867],[127.55891,36.00662],[127.56392,36.00836],[127.56476,36.01215],[127.56058,36.0142],[127.55557,36.01246]]]}},{"type":"Feature","properties":{"h3":"8830c5c847fffff","emd_code":"5273035000","emd_name":"부남면","area_km2":0.5261,"edge":false,"slope_mean":24.84,"elev_mean":388.5,"flood_hist_n":0,"flood_depth_max_m":null,"flood_risk_100y":null,"semi_basement_r":null,"elderly_alone_r":0.3849,"bldg_age30_r":null,"shelter_min_walk":113,"pop":1343,"hh":873,"elderly65_r":0.5681,"single_hh_r":0.6163,"source_level":"emd","flood_years":[],"landslide_hist_n":0},"geometry":{"type":"Polygon","coordinates":[[[127.56476,36.01215],[127.56392,36.00836],[127.5681,36.00631],[127.57311,36.00805],[127.57395,36.01184],[127.56977,36.01389],[127.56476,36.01215]]]}},{"type":"Feature","properties":{"h3":"8830c5c849fffff","emd_code":"5273035000","emd_name":"부남면","area_km2":0.5259,"edge":false,"slope_mean":18.17,"elev_mean":289.2,"flood_hist_n":1,"flood_depth_max_m":1.0,"flood_risk_100y":null,"semi_basement_r":null,"elderly_alone_r":0.3849,"bldg_age30_r":null,"shelter_min_walk":124,"pop":1343,"hh":873,"elderly65_r":0.5681,"single_hh_r":0.6163,"source_level":"emd","flood_years":[2020],"landslide_hist_n":0},"geometry":{"type":"Polygon","coordinates":[[[127.55808,36.02382],[127.55724,36.02004],[127.56142,36.01799],[127.56643,36.01973],[127.56727,36.02352],[127.56309,36.02557],[127.55808,36.02382]]]}},{"type":"Feature","properties":{"h3":"8830c5c84bfffff","emd_code":"5273035000","emd_name":"부남면","area_km2":0.5259,"edge":false,"slope_mean":21.85,"elev_mean":314.1,"flood_hist_n":0,"flood_depth_max_m":null,"flood_risk_100y":null,"semi_basement_r":null,"elderly_alone_r":0.3849,"bldg_age30_r":null,"shelter_min_walk":112,"pop":1343,"hh":873,"elderly65_r":0.5681,"single_hh_r":0.6163,"source_level":"emd","flood_years":[],"landslide_hist_n":0},"geometry":{"type":"Polygon","coordinates":[[[127.56727,36.02352],[127.56643,36.01973],[127.57061,36.01768],[127.57562,36.01942],[127.57646,36.02321],[127.57228,36.02526],[127.56727,36.02352]]]}},{"type":"Feature","properties":{"h3":"8830c5c84dfffff","emd_code":"5273035000","emd_name":"부남면","area_km2":0.5259,"edge":false,"slope_mean":18.03,"elev_mean":328.5,"flood_hist_n":1,"flood_depth_max_m":1.0,"flood_risk_100y":null,"semi_basement_r":null,"elderly_alone_r":0.3849,"bldg_age30_r":null,"shelter_min_walk":130,"pop":1343,"hh":873,"elderly65_r":0.5681,"single_hh_r":0.6163,"source_level":"emd","flood_years":[2020],"landslide_hist_n":1},"geometry":{"type":"Polygon","coordinates":[[[127.55223,36.01829],[127.55139,36.01451],[127.55557,36.01246],[127.56058,36.0142],[127.56142,36.01799],[127.55724,36.02004],[127.55223,36.01829]]]}},{"type":"Feature","properties":{"h3":"8830c5c851fffff","emd_code":"5273035000","emd_name":"부남면","area_km2":0.526,"edge":false,"slope_mean":28.69,"elev_mean":445.4,"flood_hist_n":0,"flood_depth_max_m":null,"flood_risk_100y":null,"semi_basement_r":null,"elderly_alone_r":0.3849,"bldg_age30_r":null,"shelter_min_walk":88,"pop":1343,"hh":873,"elderly65_r":0.5681,"single_hh_r":0.6163,"source_level":"emd","flood_years":[],"landslide_hist_n":0},"geometry":{"type":"Polygon","coordinates":[[[127.58565,36.0229],[127.58482,36.01911],[127.58899,36.01706],[127.59401,36.0188],[127.59485,36.02259],[127.59067,36.02464],[127.58565,36.0229]]]}},{"type":"Feature","properties":{"h3":"8830c5c853fffff","emd_code":"5273035000","emd_name":"부남면","area_km2":0.5261,"edge":true,"slope_mean":28.83,"elev_mean":372.9,"flood_hist_n":0,"flood_depth_max_m":null,"flood_risk_100y":null,"semi_basement_r":null,"elderly_alone_r":0.3849,"bldg_age30_r":null,"shelter_min_walk":76,"pop":1343,"hh":873,"elderly65_r":0.5681,"single_hh_r":0.6163,"source_level":"emd","flood_years":[],"landslide_hist_n":0},"geometry":{"type":"Polygon","coordinates":[[[127.59485,36.02259],[127.59401,36.0188],[127.59819,36.01675],[127.6032,36.01849],[127.60404,36.02228],[127.59986,36.02433],[127.59485,36.02259]]]}},{"type":"Feature","properties":{"h3":"8830c5c855fffff","emd_code":"5273035000","emd_name":"부남면","area_km2":0.5261,"edge":false,"slope_mean":19.57,"elev_mean":282.1,"flood_hist_n":1,"flood_depth_max_m":1.0,"flood_risk_100y":null,"semi_basement_r":null,"elderly_alone_r":0.3849,"bldg_age30_r":null,"shelter_min_walk":94,"pop":1343,"hh":873,"elderly65_r":0.5681,"single_hh_r":0.6163,"source_level":"emd","flood_years":[2020],"landslide_hist_n":0},"geometry":{"type":"Polygon","coordinates":[[[127.5798,36.01737],[127.57896,36.01358],[127.58314,36.01153],[127.58816,36.01327],[127.58899,36.01706],[127.58482,36.01911],[127.5798,36.01737]]]}},{"type":"Feature","properties":{"h3":"8830c5c857fffff","emd_code":"5273035000","emd_name":"부남면","area_km2":0.5261,"edge":false,"slope_mean":27.98,"elev_mean":414.3,"flood_hist_n":0,"flood_depth_max_m":null,"flood_risk_100y":null,"semi_basement_r":null,"elderly_alone_r":0.3849,"bldg_age30_r":null,"shelter_min_walk":81,"pop":1343,"hh":873,"elderly65_r":0.5681,"single_hh_r":0.6163,"source_level":"emd","flood_years":[],"landslide_hist_n":0},"geometry":{"type":"Polygon","coordinates":[[[127.58899,36.01706],[127.58816,36.01327],[127.59234,36.01123],[127.59735,36.01297],[127.59819,36.01675],[127.59401,36.0188],[127.58899,36.01706]]]}},{"type":"Feature","properties":{"h3":"8830c5c859fffff","emd_code":"5273035000","emd_name":"부남면","area_km2":0.5259,"edge":true,"slope_mean":24.65,"elev_mean":458.1,"flood_hist_n":0,"flood_depth_max_m":null,"flood_risk_100y":null,"semi_basement_r":null,"elderly_alone_r":0.3849,"bldg_age30_r":null,"shelter_min_walk":95,"pop":1343,"hh":873,"elderly65_r":0.5681,"single_hh_r":0.6163,"source_level":"emd","flood_years":[],"landslide_hist_n":0},"geometry":{"type":"Polygon","coordinates":[[[127.58231,36.02874],[127.58148,36.02495],[127.58565,36.0229],[127.59067,36.02464],[127.59151,36.02843],[127.58733,36.03048],[127.58231,36.02874]]]}},{"type":"Feature","properties":{"h3":"8830c5c85bfffff","emd_code":"5273035000","emd_name":"부남면","area_km2":0.526,"edge":true,"slope_mean":26.72,"elev_mean":421.8,"flood_hist_n":0,"flood_depth_max_m":null,"flood_risk_100y":null,"semi_basement_r":null,"elderly_alone_r":0.3849,"bldg_age30_r":null,"shelter_min_walk":84,"pop":1343,"hh":873,"elderly65_r":0.5681,"single_hh_r":0.6163,"source_level":"emd","flood_years":[],"landslide_hist_n":0},"geometry":{"type":"Polygon","coordinates":[[[127.59151,36.02843],[127.59067,36.02464],[127.59485,36.02259],[127.59986,36.02433],[127.6007,36.02812],[127.59652,36.03017],[127.59151,36.02843]]]}},{"type":"Feature","properties":{"h3":"8830c5c85dfffff","emd_code":"5273035000","emd_name":"부남면","area_km2":0.526,"edge":false,"slope_mean":20.7,"elev_mean":313.4,"flood_hist_n":0,"flood_depth_max_m":null,"flood_risk_100y":null,"semi_basement_r":null,"elderly_alone_r":0.3849,"bldg_age30_r":null,"shelter_min_walk":100,"pop":1343,"hh":873,"elderly65_r":0.5681,"single_hh_r":0.6163,"source_level":"emd","flood_years":[],"landslide_hist_n":0},"geometry":{"type":"Polygon","coordinates":[[[127.57646,36.02321],[127.57562,36.01942],[127.5798,36.01737],[127.58482,36.01911],[127.58565,36.0229],[127.58148,36.02495],[127.57646,36.02321]]]}},{"type":"Feature","properties":{"h3":"8830c5c861fffff","emd_code":"5273035000","emd_name":"부남면","area_km2":0.5262,"edge":false,"slope_mean":21.89,"elev_mean":355.6,"flood_hist_n":0,"flood_depth_max_m":null,"flood_risk_100y":null,"semi_basement_r":null,"elderly_alone_r":0.3849,"bldg_age30_r":null,"shelter_min_walk":129,"pop":1343,"hh":873,"elderly65_r":0.5681,"single_hh_r":0.6163,"source_level":"emd","flood_years":[],"landslide_hist_n":0},"geometry":{"type":"Polygon","coordinates":[[[127.55306,36.00109],[127.55222,35.9973],[127.5564,35.99525],[127.56141,35.99699],[127.56225,36.00078],[127.55807,36.00283],[127.55306,36.00109]]]}},{"type":"Feature","properties":{"h3":"8830c5c863fffff","emd_code":"5273035000","emd_name":"부남면","area_km2":0.5263,"edge":false,"slope_mean":21.14,"elev_mean":268.1,"flood_hist_n":0,"flood_depth_max_m":null,"flood_risk_100y":null,"semi_basement_r":null,"elderly_alone_r":0.3849,"bldg_age30_r":null,"shelter_min_walk":117,"pop":1343,"hh":873,"elderly65_r":0.5681,"single_hh_r":0.6163,"source_level":"emd","flood_years":[],"landslide_hist_n":0},"geometry":{"type":"Polygon","coordinates":[[[127.56225,36.00078],[127.56141,35.99699],[127.56559,35.99494],[127.5706,35.99668],[127.57144,36.00047],[127.56726,36.00252],[127.56225,36.00078]]]}},{"type":"Feature","properties":{"h3":"8830c5c865fffff","emd_code":"5273035000","emd_name":"부남면","area_km2":0.5263,"edge":false,"slope_mean":25.52,"elev_mean":338.7,"flood_hist_n":0,"flood_depth_max_m":null,"flood_risk_100y":null,"semi_basement_r":null,"elderly_alone_r":0.3849,"bldg_age30_r":null,"shelter_min_walk":138,"pop":1343,"hh":873,"elderly65_r":0.5681,"single_hh_r":0.6163,"source_level":"emd","flood_years":[],"landslide_hist_n":0},"geometry":{"type":"Polygon","coordinates":[[[127.54721,35.99556],[127.54637,35.99177],[127.55055,35.98972],[127.55556,35.99146],[127.5564,35.99525],[127.55222,35.9973],[127.54721,35.99556]]]}},{"type":"Feature","properties":{"h3":"8830c5c867fffff","emd_code":"5273035000","emd_name":"부남면","area_km2":0.5264,"edge":false,"slope_mean":22.9,"elev_mean":278.3,"flood_hist_n":0,"flood_depth_max_m":null,"flood_risk_100y":null,"semi_basement_r":null,"elderly_alone_r":0.3849,"bldg_age30_r":null,"shelter_min_walk":126,"pop":1343,"hh":873,"elderly65_r":0.5681,"single_hh_r":0.6163,"source_level":"emd","flood_years":[],"landslide_hist_n":0},"geometry":{"type":"Polygon","coordinates":[[[127.5564,35.99525],[127.55556,35.99146],[127.55974,35.98941],[127.56475,35.99115],[127.56559,35.99494],[127.56141,35.99699],[127.5564,35.99525]]]}},{"type":"Feature","properties":{"h3":"8830c5c869fffff","emd_code":"5273035000","emd_name":"부남면","area_km2":0.5261,"edge":false,"slope_mean":21.83,"elev_mean":406.1,"flood_hist_n":0,"flood_depth_max_m":null,"flood_risk_100y":null,"semi_basement_r":null,"elderly_alone_r":0.3849,"bldg_age30_r":null,"shelter_min_walk":133,"pop":1343,"hh":873,"elderly65_r":0.5681,"single_hh_r":0.6163,"source_level":"emd","flood_years":[],"landslide_hist_n":0},"geometry":{"type":"Polygon","coordinates":[[[127.54972,36.00693],[127.54888,36.00314],[127.55306,36.00109],[127.55807,36.00283],[127.55891,36.00662],[127.55473,36.00867],[127.54972,36.00693]]]}},{"type":"Feature","properties":{"h3":"8830c5c86bfffff","emd_code":"5273035000","emd_name":"부남면","area_km2":0.5262,"edge":false,"slope_mean":24.9,"elev_mean":324.8,"flood_hist_n":0,"flood_depth_max_m":null,"flood_risk_100y":null,"semi_basement_r":null,"elderly_alone_r":0.3849,"bldg_age30_r":null,"shelter_min_walk":120,"pop":1343,"hh":873,"elderly65_r":0.5681,"single_hh_r":0.6163,"source_level":"emd","flood_years":[],"landslide_hist_n":0},"geometry":{"type":"Polygon","coordinates":[[[127.55891,36.00662],[127.55807,36.00283],[127.56225,36.00078],[127.56726,36.00252],[127.5681,36.00631],[127.56392,36.00836],[127.55891,36.00662]]]}},{"type":"Feature","properties":{"h3":"8830c5c86dfffff","emd_code":"5273035000","emd_name":"부남면","area_km2":0.5262,"edge":false,"slope_mean":22.44,"elev_mean":356.8,"flood_hist_n":0,"flood_depth_max_m":null,"flood_risk_100y":null,"semi_basement_r":null,"elderly_alone_r":0.3849,"bldg_age30_r":null,"shelter_min_walk":141,"pop":1343,"hh":873,"elderly65_r":0.5681,"single_hh_r":0.6163,"source_level":"emd","flood_years":[],"landslide_hist_n":0},"geometry":{"type":"Polygon","coordinates":[[[127.54387,36.0014],[127.54303,35.99761],[127.54721,35.99556],[127.55222,35.9973],[127.55306,36.00109],[127.54888,36.00314],[127.54387,36.0014]]]}},{"type":"Feature","properties":{"h3":"8830c5c881fffff","emd_code":"5273025000","emd_name":"무주읍","area_km2":0.5266,"edge":false,"slope_mean":10.09,"elev_mean":200.0,"flood_hist_n":1,"flood_depth_max_m":0.5,"flood_risk_100y":null,"semi_basement_r":null,"elderly_alone_r":0.209,"bldg_age30_r":null,"shelter_min_walk":12,"pop":9487,"hh":4828,"elderly65_r":0.289,"single_hh_r":0.4816,"source_level":"emd","flood_years":[2020],"landslide_hist_n":0},"geometry":{"type":"Polygon","coordinates":[[[127.64165,36.00383],[127.64081,36.00004],[127.64499,35.99798],[127.65001,35.99972],[127.65085,36.00351],[127.64667,36.00556],[127.64165,36.00383]]]}},{"type":"Feature","properties":{"h3":"8830c5c883fffff","emd_code":"5273025000","emd_name":"무주읍","area_km2":0.5267,"edge":false,"slope_mean":10.91,"elev_mean":204.8,"flood_hist_n":1,"flood_depth_max_m":1.0,"flood_risk_100y":null,"semi_basement_r":null,"elderly_alone_r":0.209,"bldg_age30_r":null,"shelter_min_walk":9,"pop":9487,"hh":4828,"elderly65_r":0.289,"single_hh_r":0.4816,"source_level":"emd","flood_years":[2020],"landslide_hist_n":0},"geometry":{"type":"Polygon","coordinates":[[[127.65085,36.00351],[127.65001,35.99972],[127.65419,35.99767],[127.6592,35.99941],[127.66004,36.0032],[127.65586,36.00525],[127.65085,36.00351]]]}},{"type":"Feature","properties":{"h3":"8830c5c885fffff","emd_code":"5273025000","emd_name":"무주읍","area_km2":0.5267,"edge":false,"slope_mean":22.71,"elev_mean":275.1,"flood_hist_n":1,"flood_depth_max_m":1.0,"flood_risk_100y":null,"semi_basement_r":null,"elderly_alone_r":0.209,"bldg_age30_r":null,"shelter_min_walk":24,"pop":9487,"hh":4828,"elderly65_r":0.289,"single_hh_r":0.4816,"source_level":"emd","flood_years":[2020],"landslide_hist_n":0},"geometry":{"type":"Polygon","coordinates":[[[127.6358,35.9983],[127.63496,35.99451],[127.63914,35.99245],[127.64415,35.99419],[127.64499,35.99798],[127.64081,36.00004],[127.6358,35.9983]]]}},{"type":"Feature","properties":{"h3":"8830c5c887fffff","emd_code":"5273025000","emd_name":"무주읍","area_km2":0.5267,"edge":false,"slope_mean":16.55,"elev_mean":242.6,"flood_hist_n":0,"flood_depth_max_m":null,"flood_risk_100y":null,"semi_basement_r":null,"elderly_alone_r":0.209,"bldg_age30_r":null,"shelter_min_walk":18,"pop":9487,"hh":4828,"elderly65_r":0.289,"single_hh_r":0.4816,"source_level":"emd","flood_years":[],"landslide_hist_n":0},"geometry":{"type":"Polygon","coordinates":[[[127.64499,35.99798],[127.64415,35.99419],[127.64833,35.99214],[127.65335,35.99388],[127.65419,35.99767],[127.65001,35.99972],[127.64499,35.99798]]]}},{"type":"Feature","properties":{"h3":"8830c5c889fffff","emd_code":"5273025000","emd_name":"무주읍","area_km2":0.5265,"edge":false,"slope_mean":20.6,"elev_mean":257.4,"flood_hist_n":0,"flood_depth_max_m":null,"flood_risk_100y":null,"semi_basement_r":null,"elderly_alone_r":0.209,"bldg_age30_r":null,"shelter_min_walk":14,"pop":9487,"hh":4828,"elderly65_r":0.289,"single_hh_r":0.4816,"source_level":"emd","flood_years":[],"landslide_hist_n":0},"geometry":{"type":"Polygon","coordinates":[[[127.63831,36.00967],[127.63747,36.00588],[127.64165,36.00383],[127.64667,36.00556],[127.6475,36.00935],[127.64333,36.01141],[127.63831,36.00967]]]}},{"type":"Feature","properties":{"h3":"8830c5c88bfffff","emd_code":"5273025000","emd_name":"무주읍","area_km2":0.5266,"edge":false,"slope_mean":15.08,"elev_mean":232.7,"flood_hist_n":1,"flood_depth_max_m":1.0,"flood_risk_100y":null,"semi_basement_r":null,"elderly_alone_r":0.209,"bldg_age30_r":null,"shelter_min_walk":2,"pop":9487,"hh":4828,"elderly65_r":0.289,"single_hh_r":0.4816,"source_level":"emd","flood_years":[2020],"landslide_hist_n":0},"geometry":{"type":"Polygon","coordinates":[[[127.6475,36.00935],[127.64667,36.00556],[127.65085,36.00351],[127.65586,36.00525],[127.6567,36.00904],[127.65252,36.01109],[127.6475,36.00935]]]}},{"type":"Feature","properties":{"h3":"8830c5c88dfffff","emd_code":"5273025000","emd_name":"무주읍","area_km2":0.5266,"edge":false,"slope_mean":9.89,"elev_mean":194.7,"flood_hist_n":1,"flood_depth_max_m":1.0,"flood_risk_100y":null,"semi_basement_r":null,"elderly_alone_r":0.209,"bldg_age30_r":null,"shelter_min_walk":23,"pop":9487,"hh":4828,"elderly65_r":0.289,"single_hh_r":0.4816,"source_level":"emd","flood_years":[2020],"landslide_hist_n":0},"geometry":{"type":"Polygon","coordinates":[[[127.63245,36.00414],[127.63162,36.00035],[127.6358,35.9983],[127.64081,36.00004],[127.64165,36.00383],[127.63747,36.00588],[127.63245,36.00414]]]}},{"type":"Feature","properties":{"h3":"8830c5c891fffff","emd_code":"5273025000","emd_name":"무주읍","area_km2":0.5267,"edge":false,"slope_mean":7.88,"elev_mean":203.5,"flood_hist_n":0,"flood_depth_max_m":null,"flood_risk_100y":null,"semi_basement_r":null,"elderly_alone_r":0.209,"bldg_age30_r":null,"shelter_min_walk":3,"pop":9487,"hh":4828,"elderly65_r":0.289,"single_hh_r":0.4816,"source_level":"emd","flood_years":[],"landslide_hist_n":0},"geometry":{"type":"Polygon","coordinates":[[[127.6659,36.00873],[127.66506,36.00494],[127.66924,36.00288],[127.67426,36.00462],[127.6751,36.00841],[127.67092,36.01046],[127.6659,36.00873]]]}},{"type":"Feature","properties":{"h3":"8830c5c893fffff","emd_code":"5273025000","emd_name":"무주읍","area_km2":0.5267,"edge":false,"slope_mean":6.5,"elev_mean":200.6,"flood_hist_n":1,"flood_depth_max_m":1.0,"flood_risk_100y":null,"semi_basement_r":null,"elderly_alone_r":0.209,"bldg_age30_r":null,"shelter_min_walk":10,"pop":9487,"hh":4828,"elderly65_r":0.289,"single_hh_r":0.4816,"source_level":"emd","flood_years":[2020],"landslide_hist_n":0},"geometry":{"type":"Polygon","coordinates":[[[127.6751,36.00841],[127.67426,36.00462],[127.67844,36.00257],[127.68346,36.0043],[127.68429,36.00809],[127.68011,36.01015],[127.6751,36.00841]]]}},{"type":"Feature","properties":{"h3":"8830c5c895fffff","emd_code":"5273025000","emd_name":"무주읍","area_km2":0.5267,"edge":false,"slope_mean":12.7,"elev_mean":231.7,"flood_hist_n":0,"flood_depth_max_m":null,"flood_risk_100y":null,"semi_basement_r":null,"elderly_alone_r":0.209,"bldg_age30_r":null,"shelter_min_walk":8,"pop":9487,"hh":4828,"elderly65_r":0.289,"single_hh_r":0.4816,"source_level":"emd","flood_years":[],"landslide_hist_n":0},"geometry":{"type":"Polygon","coordinates":[[[127.66004,36.0032],[127.6592,35.99941],[127.66338,35.99735],[127.6684,35.99909],[127.66924,36.00288],[127.66506,36.00494],[127.66004,36.0032]]]}},{"type":"Feature","properties":{"h3":"8830c5c897fffff","emd_code":"5273025000","emd_name":"무주읍","area_km2":0.5268,"edge":false,"slope_mean":12.34,"elev_mean":233.6,"flood_hist_n":0,"flood_depth_max_m":null,"flood_risk_100y":null,"semi_basement_r":null,"elderly_alone_r":0.209,"bldg_age30_r":null,"shelter_min_walk":8,"pop":9487,"hh":4828,"elderly65_r":0.289,"single_hh_r":0.4816,"source_level":"emd","flood_years":[],"landslide_hist_n":0},"geometry":{"type":"Polygon","coordinates":[[[127.66924,36.00288],[127.6684,35.99909],[127.67258,35.99704],[127.6776,35.99878],[127.67844,36.00257],[127.67426,36.00462],[127.66924,36.00288]]]}},{"type":"Feature","properties":{"h3":"8830c5c899fffff","emd_code":"5273025000","emd_name":"무주읍","area_km2":0.5265,"edge":false,"slope_mean":19.55,"elev_mean":275.7,"flood_hist_n":0,"flood_depth_max_m":null,"flood_risk_100y":null,"semi_basement_r":null,"elderly_alone_r":0.209,"bldg_age30_r":null,"shelter_min_walk":5,"pop":9487,"hh":4828,"elderly65_r":0.289,"single_hh_r":0.4816,"source_level":"emd","flood_years":[],"landslide_hist_n":0},"geometry":{"type":"Polygon","coordinates":[[[127.66256,36.01457],[127.66172,36.01078],[127.6659,36.00873],[127.67092,36.01046],[127.67175,36.01425],[127.66757,36.01631],[127.66256,36.01457]]]}},{"type":"Feature","properties":{"h3":"8830c5c89bfffff","emd_code":"5273025000","emd_name":"무주읍","area_km2":0.5266,"edge":false,"slope_mean":20.88,"elev_mean":257.5,"flood_hist_n":1,"flood_depth_max_m":1.0,"flood_risk_100y":null,"semi_basement_r":null,"elderly_alone_r":0.209,"bldg_age30_r":null,"shelter_min_walk":11,"pop":9487,"hh":4828,"elderly65_r":0.289,"single_hh_r":0.4816,"source_level":"emd","flood_years":[2020],"landslide_hist_n":0},"geometry":{"type":"Polygon","coordinates":[[[127.67175,36.01425],[127.67092,36.01046],[127.6751,36.00841],[127.68011,36.01015],[127.68095,36.01394],[127.67677,36.01599],[127.67175,36.01425]]]}},{"type":"Feature","properties":{"h3":"8830c5c89dfffff","emd_code":"5273025000","emd_name":"무주읍","area_km2":0.5266,"edge":false,"slope_mean":4.63,"elev_mean":195.0,"flood_hist_n":0,"flood_depth_max_m":null,"flood_risk_100y":null,"semi_basement_r":null,"elderly_alone_r":0.209,"bldg_age30_r":null,"shelter_min_walk":1,"pop":9487,"hh":4828,"elderly65_r":0.289,"single_hh_r":0.4816,"source_level":"emd","flood_years":[],"landslide_hist_n":0},"geometry":{"type":"Polygon","coordinates":[[[127.6567,36.00904],[127.65586,36.00525],[127.66004,36.0032],[127.66506,36.00494],[127.6659,36.00873],[127.66172,36.01078],[127.6567,36.00904]]]}},{"type":"Feature","properties":{"h3":"8830c5c8a1fffff","emd_code":"5273025000","emd_name":"무주읍","area_km2":0.5269,"edge":false,"slope_mean":17.66,"elev_mean":241.4,"flood_hist_n":1,"flood_depth_max_m":1.5,"flood_risk_100y":null,"semi_basement_r":null,"elderly_alone_r":0.209,"bldg_age30_r":null,"shelter_min_walk":41,"pop":9487,"hh":4828,"elderly65_r":0.289,"single_hh_r":0.4816,"source_level":"emd","flood_years":[2020],"landslide_hist_n":0},"geometry":{"type":"Polygon","coordinates":[[[127.63328,35.98692],[127.63245,35.98313],[127.63662,35.98108],[127.64164,35.98282],[127.64248,35.98661],[127.6383,35.98866],[127.63328,35.98692]]]}},{"type":"Feature","properties":{"h3":"8830c5c8a3fffff","emd_code":"5273025000","emd_name":"무주읍","area_km2":0.5269,"edge":false,"slope_mean":14.54,"elev_mean":236.9,"flood_hist_n":1,"flood_depth_max_m":1.5,"flood_risk_100y":null,"semi_basement_r":null,"elderly_alone_r":0.209,"bldg_age30_r":null,"shelter_min_walk":37,"pop":9487,"hh":4828,"elderly65_r":0.289,"single_hh_r":0.4816,"source_level":"emd","flood_years":[2020],"landslide_hist_n":0},"geometry":{"type":"Polygon","coordinates":[[[127.64248,35.98661],[127.64164,35.98282],[127.64582,35.98076],[127.65084,35.9825],[127.65167,35.9863],[127.6475,35.98835],[127.64248,35.98661]]]}},{"type":"Feature","properties":{"h3":"8830c5c8a5fffff","emd_code":"5273025000","emd_name":"무주읍","area_km2":0.5269,"edge":false,"slope_mean":27.9,"elev_mean":449.5,"flood_hist_n":0,"flood_depth_max_m":null,"flood_risk_100y":null,"semi_basement_r":null,"elderly_alone_r":0.209,"bldg_age30_r":null,"shelter_min_walk":53,"pop":9487,"hh":4828,"elderly65_r":0.289,"single_hh_r":0.4816,"source_level":"emd","flood_years":[],"landslide_hist_n":0},"geometry":{"type":"Polygon","coordinates":[[[127.62743,35.98139],[127.62659,35.9776],[127.63077,35.97555],[127.63579,35.97729],[127.63662,35.98108],[127.63245,35.98313],[127.62743,35.98139]]]}},{"type":"Feature","properties":{"h3":"8830c5c8a7fffff","emd_code":"5273025000","emd_name":"무주읍","area_km2":0.527,"edge":false,"slope_mean":17.93,"elev_mean":272.4,"flood_hist_n":1,"flood_depth_max_m":1.0,"flood_risk_100y":null,"semi_basement_r":null,"elderly_alone_r":0.209,"bldg_age30_r":null,"shelter_min_walk":48,"pop":9487,"hh":4828,"elderly65_r":0.289,"single_hh_r":0.4816,"source_level":"emd","flood_years":[2020],"landslide_hist_n":0},"geometry":{"type":"Polygon","coordinates":[[[127.63662,35.98108],[127.63579,35.97729],[127.63997,35.97523],[127.64498,35.97697],[127.64582,35.98076],[127.64164,35.98282],[127.63662,35.98108]]]}},{"type":"Feature","properties":{"h3":"8830c5c8a9fffff","emd_code":"5273025000","emd_name":"무주읍","area_km2":0.5267,"edge":false,"slope_mean":18.16,"elev_mean":245.0,"flood_hist_n":1,"flood_depth_max_m":1.0,"flood_risk_100y":null,"semi_basement_r":null,"elderly_alone_r":0.209,"bldg_age30_r":null,"shelter_min_walk":36,"pop":9487,"hh":4828,"elderly65_r":0.289,"single_hh_r":0.4816,"source_level":"emd","flood_years":[2020],"landslide_hist_n":0},"geometry":{"type":"Polygon","coordinates":[[[127.62994,35.99277],[127.6291,35.98898],[127.63328,35.98692],[127.6383,35.98866],[127.63914,35.99245],[127.63496,35.99451],[127.62994,35.99277]]]}},{"type":"Feature","properties":{"h3":"8830c5c8abfffff","emd_code":"5273025000","emd_name":"무주읍","area_km2":0.5268,"edge":false,"slope_mean":20.35,"elev_mean":265.4,"flood_hist_n":1,"flood_depth_max_m":1.0,"flood_risk_100y":null,"semi_basement_r":null,"elderly_alone_r":0.209,"bldg_age30_r":null,"shelter_min_walk":29,"pop":9487,"hh":4828,"elderly65_r":0.289,"single_hh_r":0.4816,"source_level":"emd","flood_years":[2020],"landslide_hist_n":0},"geometry":{"type":"Polygon","coordinates":[[[127.63914,35.99245],[127.6383,35.98866],[127.64248,35.98661],[127.6475,35.98835],[127.64833,35.99214],[127.64415,35.99419],[127.63914,35.99245]]]}},{"type":"Feature","properties":{"h3":"8830c5c8adfffff","emd_code":"5273025000","emd_name":"무주읍","area_km2":0.5268,"edge":false,"slope_mean":19.92,"elev_mean":292.0,"flood_hist_n":1,"flood_depth_max_m":1.0,"flood_risk_100y":null,"semi_basement_r":null,"elderly_alone_r":0.209,"bldg_age30_r":null,"shelter_min_walk":48,"pop":9487,"hh":4828,"elderly65_r":0.289,"single_hh_r":0.4816,"source_level":"emd","flood_years":[2020],"landslide_hist_n":0},"geometry":{"type":"Polygon","coordinates":[[[127.62409,35.98724],[127.62325,35.98345],[127.62743,35.98139],[127.63245,35.98313],[127.63328,35.98692],[127.6291,35.98898],[127.62409,35.98724]]]}},{"type":"Feature","properties":{"h3":"8830c5c8b1fffff","emd_code":"5273025000","emd_name":"무주읍","area_km2":0.5269,"edge":false,"slope_mean":25.07,"elev_mean":388.6,"flood_hist_n":0,"flood_depth_max_m":null,"flood_risk_100y":null,"semi_basement_r":null,"elderly_alone_r":0.209,"bldg_age30_r":null,"shelter_min_walk":27,"pop":9487,"hh":4828,"elderly65_r":0.289,"single_hh_r":0.4816,"source_level":"emd","flood_years":[],"landslide_hist_n":0},"geometry":{"type":"Polygon","coordinates":[[[127.65753,35.99183],[127.65669,35.98803],[127.66087,35.98598],[127.66589,35.98772],[127.66673,35.99151],[127.66255,35.99356],[127.65753,35.99183]]]}},{"type":"Feature","properties":{"h3":"8830c5c8b3fffff","emd_code":"5273025000","emd_name":"무주읍","area_km2":0.5269,"edge":false,"slope_mean":25.32,"elev_mean":366.7,"flood_hist_n":0,"flood_depth_max_m":null,"flood_risk_100y":null,"semi_basement_r":null,"elderly_alone_r":0.209,"bldg_age30_r":null,"shelter_min_walk":27,"pop":9487,"hh":4828,"elderly65_r":0.289,"single_hh_r":0.4816,"source_level":"emd","flood_years":[],"landslide_hist_n":0},"geometry":{"type":"Polygon","coordinates":[[[127.66673,35.99151],[127.66589,35.98772],[127.67007,35.98566],[127.67508,35.9874],[127.67592,35.99119],[127.67174,35.99325],[127.66673,35.99151]]]}},{"type":"Feature","properties":{"h3":"8830c5c8b5fffff","emd_code":"5273025000","emd_name":"무주읍","area_km2":0.527,"edge":false,"slope_mean":28.37,"elev_mean":399.1,"flood_hist_n":0,"flood_depth_max_m":null,"flood_risk_100y":null,"semi_basement_r":null,"elderly_alone_r":0.209,"bldg_age30_r":null,"shelter_min_walk":37,"pop":9487,"hh":4828,"elderly65_r":0.289,"single_hh_r":0.4816,"source_level":"emd","flood_years":[],"landslide_hist_n":0},"geometry":{"type":"Polygon","coordinates":[[[127.65167,35.9863],[127.65084,35.9825],[127.65502,35.98045],[127.66003,35.98219],[127.66087,35.98598],[127.65669,35.98803],[127.65167,35.9863]]]}},{"type":"Feature","properties":{"h3":"8830c5c8b7fffff","emd_code":"5273025000","emd_name":"무주읍","area_km2":0.527,"edge":false,"slope_mean":25.29,"elev_mean":476.9,"flood_hist_n":0,"flood_depth_max_m":null,"flood_risk_100y":null,"semi_basement_r":null,"elderly_alone_r":0.209,"bldg_age30_r":null,"shelter_min_walk":36,"pop":9487,"hh":4828,"elderly65_r":0.289,"single_hh_r":0.4816,"source_level":"emd","flood_years":[],"landslide_hist_n":0},"geometry":{"type":"Polygon","coordinates":[[[127.66087,35.98598],[127.66003,35.98219],[127.66421,35.98013],[127.66923,35.98187],[127.67007,35.98566],[127.66589,35.98772],[127.66087,35.98598]]]}},{"type":"Feature","properties":{"h3":"8830c5c8b9fffff","emd_code":"5273025000","emd_name":"무주읍","area_km2":0.5268,"edge":false,"slope_mean":26.65,"elev_mean":289.9,"flood_hist_n":0,"flood_depth_max_m":null,"flood_risk_100y":null,"semi_basement_r":null,"elderly_alone_r":0.209,"bldg_age30_r":null,"shelter_min_walk":18,"pop":9487,"hh":4828,"elderly65_r":0.289,"single_hh_r":0.4816,"source_level":"emd","flood_years":[],"landslide_hist_n":0},"geometry":{"type":"Polygon","coordinates":[[[127.65419,35.99767],[127.65335,35.99388],[127.65753,35.99183],[127.66255,35.99356],[127.66338,35.99735],[127.6592,35.99941],[127.65419,35.99767]]]}},{"type":"Feature","properties":{"h3":"8830c5c8bbfffff","emd_code":"5273025000","emd_name":"무주읍","area_km2":0.5268,"edge":false,"slope_mean":25.98,"elev_mean":324.5,"flood_hist_n":0,"flood_depth_max_m":null,"flood_risk_100y":null,"semi_basement_r":null,"elderly_alone_r":0.209,"bldg_age30_r":null,"shelter_min_walk":17,"pop":9487,"hh":4828,"elderly65_r":0.289,"single_hh_r":0.4816,"source_level":"emd","flood_years":[],"landslide_hist_n":0},"geometry":{"type":"Polygon","coordinates":[[[127.66338,35.99735],[127.66255,35.99356],[127.66673,35.99151],[127.67174,35.99325],[127.67258,35.99704],[127.6684,35.99909],[127.66338,35.99735]]]}},{"type":"Feature","properties":{"h3":"8830c5c8bdfffff","emd_code":"5273025000","emd_name":"무주읍","area_km2":0.5268,"edge":false,"slope_mean":22.66,"elev_mean":314.4,"flood_hist_n":0,"flood_depth_max_m":null,"flood_risk_100y":null,"semi_basement_r":null,"elderly_alone_r":0.209,"bldg_age30_r":null,"shelter_min_walk":27,"pop":9487,"hh":4828,"elderly65_r":0.289,"single_hh_r":0.4816,"source_level":"emd","flood_years":[],"landslide_hist_n":0},"geometry":{"type":"Polygon","coordinates":[[[127.64833,35.99214],[127.6475,35.98835],[127.65167,35.9863],[127.65669,35.98803],[127.65753,35.99183],[127.65335,35.99388],[127.64833,35.99214]]]}},{"type":"Feature","properties":{"h3":"8830c5c8c1fffff","emd_code":"5273025000","emd_name":"무주읍","area_km2":0.5263,"edge":false,"slope_mean":27.21,"elev_mean":307.4,"flood_hist_n":0,"flood_depth_max_m":null,"flood_risk_100y":null,"semi_basement_r":null,"elderly_alone_r":0.209,"bldg_age30_r":null,"shelter_min_walk":33,"pop":9487,"hh":4828,"elderly65_r":0.289,"single_hh_r":0.4816,"source_level":"emd","flood_years":[],"landslide_hist_n":1},"geometry":{"type":"Polygon","coordinates":[[[127.62577,36.01582],[127.62493,36.01203],[127.62911,36.00998],[127.63413,36.01172],[127.63497,36.01551],[127.63079,36.01756],[127.62577,36.01582]]]}},{"type":"Feature","properties":{"h3":"8830c5c8c3fffff","emd_code":"5273025000","emd_name":"무주읍","area_km2":0.5264,"edge":false,"slope_mean":23.57,"elev_mean":281.1,"flood_hist_n":0,"flood_depth_max_m":null,"flood_risk_100y":null,"semi_basement_r":null,"elderly_alone_r":0.209,"bldg_age30_r":null,"shelter_min_walk":22,"pop":9487,"hh":4828,"elderly65_r":0.289,"single_hh_r":0.4816,"source_level":"emd","flood_years":[],"landslide_hist_n":1},"geometry":{"type":"Polygon","coordinates":[[[127.63497,36.01551],[127.63413,36.01172],[127.63831,36.00967],[127.64333,36.01141],[127.64416,36.0152],[127.63998,36.01725],[127.63497,36.01551]]]}},{"type":"Feature","properties":{"h3":"8830c5c8c5fffff","emd_code":"5273025000","emd_name":"무주읍","area_km2":0.5264,"edge":false,"slope_mean":14.43,"elev_mean":211.6,"flood_hist_n":1,"flood_depth_max_m":1.0,"flood_risk_100y":null,"semi_basement_r":null,"elderly_alone_r":0.209,"bldg_age30_r":null,"shelter_min_walk":39,"pop":9487,"hh":4828,"elderly65_r":0.289,"single_hh_r":0.4816,"source_level":"emd","flood_years":[2020],"landslide_hist_n":0},"geometry":{"type":"Polygon","coordinates":[[[127.61992,36.01029],[127.61908,36.0065],[127.62326,36.00445],[127.62828,36.00619],[127.62911,36.00998],[127.62493,36.01203],[127.61992,36.01029]]]}},{"type":"Feature","properties":{"h3":"8830c5c8c7fffff","emd_code":"5273025000","emd_name":"무주읍","area_km2":0.5265,"edge":false,"slope_mean":22.43,"elev_mean":247.2,"flood_hist_n":1,"flood_depth_max_m":1.0,"flood_risk_100y":null,"semi_basement_r":null,"elderly_alone_r":0.209,"bldg_age30_r":null,"shelter_min_walk":26,"pop":9487,"hh":4828,"elderly65_r":0.289,"single_hh_r":0.4816,"source_level":"emd","flood_years":[2020],"landslide_hist_n":0},"geometry":{"type":"Polygon","coordinates":[[[127.62911,36.00998],[127.62828,36.00619],[127.63245,36.00414],[127.63747,36.00588],[127.63831,36.00967],[127.63413,36.01172],[127.62911,36.00998]]]}},{"type":"Feature","properties":{"h3":"8830c5c8c9fffff","emd_code":"5273025000","emd_name":"무주읍","area_km2":0.5262,"edge":false,"slope_mean":27.35,"elev_mean":283.8,"flood_hist_n":0,"flood_depth_max_m":null,"flood_risk_100y":null,"semi_basement_r":null,"elderly_alone_r":0.209,"bldg_age30_r":null,"shelter_min_walk":41,"pop":9487,"hh":4828,"elderly65_r":0.289,"single_hh_r":0.4816,"source_level":"emd","flood_years":[],"landslide_hist_n":1},"geometry":{"type":"Polygon","coordinates":[[[127.62243,36.02166],[127.62159,36.01787],[127.62577,36.01582],[127.63079,36.01756],[127.63163,36.02135],[127.62745,36.0234],[127.62243,36.02166]]]}},{"type":"Feature","properties":{"h3":"8830c5c8cbfffff","emd_code":"5273025000","emd_name":"무주읍","area_km2":0.5263,"edge":false,"slope_mean":24.33,"elev_mean":258.9,"flood_hist_n":0,"flood_depth_max_m":null,"flood_risk_100y":null,"semi_basement_r":null,"elderly_alone_r":0.209,"bldg_age30_r":null,"shelter_min_walk":31,"pop":9487,"hh":4828,"elderly65_r":0.289,"single_hh_r":0.4816,"source_level":"emd","flood_years":[],"landslide_hist_n":1},"geometry":{"type":"Polygon","coordinates":[[[127.63163,36.02135],[127.63079,36.01756],[127.63497,36.01551],[127.63998,36.01725],[127.64082,36.02104],[127.63664,36.02309],[127.63163,36.02135]]]}},{"type":"Feature","properties":{"h3":"8830c5c8cdfffff","emd_code":"5273025000","emd_name":"무주읍","area_km2":0.5263,"edge":false,"slope_mean":14.83,"elev_mean":207.1,"flood_hist_n":1,"flood_depth_max_m":1.0,"flood_risk_100y":null,"semi_basement_r":null,"elderly_alone_r":0.209,"bldg_age30_r":null,"shelter_min_walk":45,"pop":9487,"hh":4828,"elderly65_r":0.289,"single_hh_r":0.4816,"source_level":"emd","flood_years":[2020],"landslide_hist_n":0},"geometry":{"type":"Polygon","coordinates":[[[127.61658,36.01613],[127.61574,36.01234],[127.61992,36.01029],[127.62493,36.01203],[127.62577,36.01582],[127.62159,36.01787],[127.61658,36.01613]]]}},{"type":"Feature","properties":{"h3":"8830c5c8d1fffff","emd_code":"5273025000","emd_name":"무주읍","area_km2":0.5264,"edge":false,"slope_mean":14.83,"elev_mean":200.0,"flood_hist_n":1,"flood_depth_max_m":1.0,"flood_risk_100y":null,"semi_basement_r":null,"elderly_alone_r":0.209,"bldg_age30_r":null,"shelter_min_walk":21,"pop":9487,"hh":4828,"elderly65_r":0.289,"single_hh_r":0.4816,"source_level":"emd","flood_years":[2020],"landslide_hist_n":0},"geometry":{"type":"Polygon","coordinates":[[[127.65002,36.02072],[127.64918,36.01693],[127.65336,36.01488],[127.65838,36.01662],[127.65921,36.02041],[127.65504,36.02246],[127.65002,36.02072]]]}},{"type":"Feature","properties":{"h3":"8830c5c8d3fffff","emd_code":"5273025000","emd_name":"무주읍","area_km2":0.5264,"edge":false,"slope_mean":26.63,"elev_mean":320.7,"flood_hist_n":0,"flood_depth_max_m":null,"flood_risk_100y":null,"semi_basement_r":null,"elderly_alone_r":0.209,"bldg_age30_r":null,"shelter_min_walk":15,"pop":9487,"hh":4828,"elderly65_r":0.289,"single_hh_r":0.4816,"source_level":"emd","flood_years":[],"landslide_hist_n":2},"geometry":{"type":"Polygon","coordinates":[[[127.65921,36.02041],[127.65838,36.01662],[127.66256,36.01457],[127.66757,36.01631],[127.66841,36.02009],[127.66423,36.02215],[127.65921,36.02041]]]}},{"type":"Feature","properties":{"h3":"8830c5c8d5fffff","emd_code":"5273025000","emd_name":"무주읍","area_km2":0.5264,"edge":false,"slope_mean":22.32,"elev_mean":235.3,"flood_hist_n":0,"flood_depth_max_m":null,"flood_risk_100y":null,"semi_basement_r":null,"elderly_alone_r":0.209,"bldg_age30_r":null,"shelter_min_walk":13,"pop":9487,"hh":4828,"elderly65_r":0.289,"single_hh_r":0.4816,"source_level":"emd","flood_years":[],"landslide_hist_n":0},"geometry":{"type":"Polygon","coordinates":[[[127.64416,36.0152],[127.64333,36.01141],[127.6475,36.00935],[127.65252,36.01109],[127.65336,36.01488],[127.64918,36.01693],[127.64416,36.0152]]]}},{"type":"Feature","properties":{"h3":"8830c5c8d7fffff","emd_code":"5273025000","emd_name":"무주읍","area_km2":0.5265,"edge":false,"slope_mean":13.55,"elev_mean":226.9,"flood_hist_n":1,"flood_depth_max_m":1.0,"flood_risk_100y":null,"semi_basement_r":null,"elderly_alone_r":0.209,"bldg_age30_r":null,"shelter_min_walk":11,"pop":9487,"hh":4828,"elderly65_r":0.289,"single_hh_r":0.4816,"source_level":"emd","flood_years":[2020],"landslide_hist_n":0},"geometry":{"type":"Polygon","coordinates":[[[127.65336,36.01488],[127.65252,36.01109],[127.6567,36.00904],[127.66172,36.01078],[127.66256,36.01457],[127.65838,36.01662],[127.65336,36.01488]]]}},{"type":"Feature","properties":{"h3":"8830c5c8d9fffff","emd_code":"5273025000","emd_name":"무주읍","area_km2":0.5263,"edge":false,"slope_mean":11.16,"elev_mean":183.1,"flood_hist_n":1,"flood_depth_max_m":1.0,"flood_risk_100y":null,"semi_basement_r":null,"elderly_alone_r":0.209,"bldg_age30_r":null,"shelter_min_walk":30,"pop":9487,"hh":4828,"elderly65_r":0.289,"single_hh_r":0.4816,"source_level":"emd","flood_years":[2020],"landslide_hist_n":0},"geometry":{"type":"Polygon","coordinates":[[[127.64668,36.02656],[127.64584,36.02277],[127.65002,36.02072],[127.65504,36.02246],[127.65587,36.02625],[127.65169,36.0283],[127.64668,36.02656]]]}},{"type":"Feature","properties":{"h3":"8830c5c8dbfffff","emd_code":"5273025000","emd_name":"무주읍","area_km2":0.5263,"edge":false,"slope_mean":25.16,"elev_mean":287.0,"flood_hist_n":1,"flood_depth_max_m":1.0,"flood_risk_100y":null,"semi_basement_r":null,"elderly_alone_r":0.209,"bldg_age30_r":null,"shelter_min_walk":26,"pop":9487,"hh":4828,"elderly65_r":0.289,"single_hh_r":0.4816,"source_level":"emd","flood_years":[2020],"landslide_hist_n":0},"geometry":{"type":"Polygon","coordinates":[[[127.65587,36.02625],[127.65504,36.02246],[127.65921,36.02041],[127.66423,36.02215],[127.66507,36.02594],[127.66089,36.02799],[127.65587,36.02625]]]}},{"type":"Feature","properties":{"h3":"8830c5c8ddfffff","emd_code":"5273025000","emd_name":"무주읍","area_km2":0.5263,"edge":false,"slope_mean":11.56,"elev_mean":183.5,"flood_hist_n":1,"flood_depth_max_m":1.0,"flood_risk_100y":null,"semi_basement_r":null,"elderly_alone_r":0.209,"bldg_age30_r":null,"shelter_min_walk":23,"pop":9487,"hh":4828,"elderly65_r":0.289,"single_hh_r":0.4816,"source_level":"emd","flood_years":[2020],"landslide_hist_n":0},"geometry":{"type":"Polygon","coordinates":[[[127.64082,36.02104],[127.63998,36.01725],[127.64416,36.0152],[127.64918,36.01693],[127.65002,36.02072],[127.64584,36.02277],[127.64082,36.02104]]]}},{"type":"Feature","properties":{"h3":"8830c5c8e1fffff","emd_code":"5273025000","emd_name":"무주읍","area_km2":0.5266,"edge":false,"slope_mean":12.56,"elev_mean":198.6,"flood_hist_n":1,"flood_depth_max_m":1.0,"flood_risk_100y":null,"semi_basement_r":null,"elderly_alone_r":0.209,"bldg_age30_r":null,"shelter_min_walk":45,"pop":9487,"hh":4828,"elderly65_r":0.289,"single_hh_r":0.4816,"source_level":"emd","flood_years":[2020],"landslide_hist_n":0},"geometry":{"type":"Polygon","coordinates":[[[127.61741,35.99892],[127.61657,35.99513],[127.62075,35.99308],[127.62576,35.99482],[127.6266,35.99861],[127.62242,36.00066],[127.61741,35.99892]]]}},{"type":"Feature","properties":{"h3":"8830c5c8e3fffff","emd_code":"5273025000","emd_name":"무주읍","area_km2":0.5266,"edge":false,"slope_mean":11.8,"elev_mean":212.6,"flood_hist_n":1,"flood_depth_max_m":1.5,"flood_risk_100y":null,"semi_basement_r":null,"elderly_alone_r":0.209,"bldg_age30_r":null,"shelter_min_walk":34,"pop":9487,"hh":4828,"elderly65_r":0.289,"single_hh_r":0.4816,"source_level":"emd","flood_years":[2020],"landslide_hist_n":0},"geometry":{"type":"Polygon","coordinates":[[[127.6266,35.99861],[127.62576,35.99482],[127.62994,35.99277],[127.63496,35.99451],[127.6358,35.9983],[127.63162,36.00035],[127.6266,35.99861]]]}},{"type":"Feature","properties":{"h3":"8830c5c8e5fffff","emd_code":"5273025000","emd_name":"무주읍","area_km2":0.5266,"edge":false,"slope_mean":13.25,"elev_mean":199.5,"flood_hist_n":1,"flood_depth_max_m":1.0,"flood_risk_100y":null,"semi_basement_r":null,"elderly_alone_r":0.209,"bldg_age30_r":null,"shelter_min_walk":56,"pop":9487,"hh":4828,"elderly65_r":0.289,"single_hh_r":0.4816,"source_level":"emd","flood_years":[2020],"landslide_hist_n":0},"geometry":{"type":"Polygon","coordinates":[[[127.61155,35.99339],[127.61072,35.9896],[127.61489,35.98755],[127.61991,35.98929],[127.62075,35.99308],[127.61657,35.99513],[127.61155,35.99339]]]}},{"type":"Feature","properties":{"h3":"8830c5c8e7fffff","emd_code":"5273025000","emd_name":"무주읍","area_km2":0.5267,"edge":false,"slope_mean":12.73,"elev_mean":210.9,"flood_hist_n":1,"flood_depth_max_m":1.0,"flood_risk_100y":null,"semi_basement_r":null,"elderly_alone_r":0.209,"bldg_age30_r":null,"shelter_min_walk":45,"pop":9487,"hh":4828,"elderly65_r":0.289,"single_hh_r":0.4816,"source_level":"emd","flood_years":[2020],"landslide_hist_n":0},"geometry":{"type":"Polygon","coordinates":[[[127.62075,35.99308],[127.61991,35.98929],[127.62409,35.98724],[127.6291,35.98898],[127.62994,35.99277],[127.62576,35.99482],[127.62075,35.99308]]]}},{"type":"Feature","properties":{"h3":"8830c5c8e9fffff","emd_code":"5273025000","emd_name":"무주읍","area_km2":0.5265,"edge":false,"slope_mean":18.11,"elev_mean":227.9,"flood_hist_n":1,"flood_depth_max_m":1.0,"flood_risk_100y":null,"semi_basement_r":null,"elderly_alone_r":0.209,"bldg_age30_r":null,"shelter_min_walk":47,"pop":9487,"hh":4828,"elderly65_r":0.289,"single_hh_r":0.4816,"source_level":"emd","flood_years":[2020],"landslide_hist_n":0},"geometry":{"type":"Polygon","coordinates":[[[127.61406,36.00476],[127.61323,36.00097],[127.61741,35.99892],[127.62242,36.00066],[127.62326,36.00445],[127.61908,36.0065],[127.61406,36.00476]]]}},{"type":"Feature","properties":{"h3":"8830c5c8ebfffff","emd_code":"5273025000","emd_name":"무주읍","area_km2":0.5265,"edge":false,"slope_mean":9.73,"elev_mean":190.4,"flood_hist_n":1,"flood_depth_max_m":1.0,"flood_risk_100y":null,"semi_basement_r":null,"elderly_alone_r":0.209,"bldg_age30_r":null,"shelter_min_walk":35,"pop":9487,"hh":4828,"elderly65_r":0.289,"single_hh_r":0.4816,"source_level":"emd","flood_years":[2020],"landslide_hist_n":0},"geometry":{"type":"Polygon","coordinates":[[[127.62326,36.00445],[127.62242,36.00066],[127.6266,35.99861],[127.63162,36.00035],[127.63245,36.00414],[127.62828,36.00619],[127.62326,36.00445]]]}},{"type":"Feature","properties":{"h3":"8830c5c8edfffff","emd_code":"5273025000","emd_name":"무주읍","area_km2":0.5265,"edge":false,"slope_mean":20.17,"elev_mean":238.8,"flood_hist_n":1,"flood_depth_max_m":1.0,"flood_risk_100y":null,"semi_basement_r":null,"elderly_alone_r":0.209,"bldg_age30_r":null,"shelter_min_walk":56,"pop":9487,"hh":4828,"elderly65_r":0.289,"single_hh_r":0.4816,"source_level":"emd","flood_years":[2020],"landslide_hist_n":0},"geometry":{"type":"Polygon","coordinates":[[[127.60821,35.99923],[127.60737,35.99544],[127.61155,35.99339],[127.61657,35.99513],[127.61741,35.99892],[127.61323,36.00097],[127.60821,35.99923]]]}},{"type":"Feature","properties":{"h3":"8830c5c901fffff","emd_code":"5273035000","emd_name":"부남면","area_km2":0.5267,"edge":false,"slope_mean":21.03,"elev_mean":296.8,"flood_hist_n":0,"flood_depth_max_m":null,"flood_risk_100y":null,"semi_basement_r":null,"elderly_alone_r":0.3849,"bldg_age30_r":null,"shelter_min_walk":166,"pop":1343,"hh":873,"elderly65_r":0.5681,"single_hh_r":0.6163,"source_level":"emd","flood_years":[],"landslide_hist_n":0},"geometry":{"type":"Polygon","coordinates":[[[127.53634,35.96727],[127.5355,35.96348],[127.53968,35.96143],[127.54469,35.96317],[127.54553,35.96697],[127.54135,35.96902],[127.53634,35.96727]]]}},{"type":"Feature","properties":{"h3":"8830c5c903fffff","emd_code":"5273035000","emd_name":"부남면","area_km2":0.5268,"edge":false,"slope_mean":18.69,"elev_mean":274.6,"flood_hist_n":1,"flood_depth_max_m":1.0,"flood_risk_100y":null,"semi_basement_r":null,"elderly_alone_r":0.3849,"bldg_age30_r":null,"shelter_min_walk":155,"pop":1343,"hh":873,"elderly65_r":0.5681,"single_hh_r":0.6163,"source_level":"emd","flood_years":[2020],"landslide_hist_n":0},"geometry":{"type":"Polygon","coordinates":[[[127.54553,35.96697],[127.54469,35.96317],[127.54887,35.96112],[127.55388,35.96286],[127.55472,35.96666],[127.55054,35.96871],[127.54553,35.96697]]]}},{"type":"Feature","properties":{"h3":"8830c5c907fffff","emd_code":"5273035000","emd_name":"부남면","area_km2":0.5268,"edge":true,"slope_mean":27.89,"elev_mean":358.0,"flood_hist_n":0,"flood_depth_max_m":null,"flood_risk_100y":null,"semi_basement_r":null,"elderly_alone_r":0.3849,"bldg_age30_r":null,"shelter_min_walk":166,"pop":1343,"hh":873,"elderly65_r":0.5681,"single_hh_r":0.6163,"source_level":"emd","flood_years":[],"landslide_hist_n":0},"geometry":{"type":"Polygon","coordinates":[[[127.53968,35.96143],[127.53884,35.95764],[127.54302,35.95559],[127.54803,35.95733],[127.54887,35.96112],[127.54469,35.96317],[127.53968,35.96143]]]}},{"type":"Feature","properties":{"h3":"8830c5c909fffff","emd_code":"5273035000","emd_name":"부남면","area_km2":0.5266,"edge":false,"slope_mean":19.23,"elev_mean":239.7,"flood_hist_n":1,"flood_depth_max_m":1.0,"flood_risk_100y":null,"semi_basement_r":null,"elderly_alone_r":0.3849,"bldg_age30_r":null,"shelter_min_walk":166,"pop":1343,"hh":873,"elderly65_r":0.5681,"single_hh_r":0.6163,"source_level":"emd","flood_years":[2020],"landslide_hist_n":1},"geometry":{"type":"Polygon","coordinates":[[[127.533,35.97311],[127.53216,35.96932],[127.53634,35.96727],[127.54135,35.96902],[127.54219,35.97281],[127.53801,35.97486],[127.533,35.97311]]]}},{"type":"Feature","properties":{"h3":"8830c5c90bfffff","emd_code":"5273035000","emd_name":"부남면","area_km2":0.5267,"edge":false,"slope_mean":11.51,"elev_mean":238.7,"flood_hist_n":1,"flood_depth_max_m":1.0,"flood_risk_100y":null,"semi_basement_r":null,"elderly_alone_r":0.3849,"bldg_age30_r":null,"shelter_min_walk":155,"pop":1343,"hh":873,"elderly65_r":0.5681,"single_hh_r":0.6163,"source_level":"emd","flood_years":[2020],"landslide_hist_n":0},"geometry":{"type":"Polygon","coordinates":[[[127.54219,35.97281],[127.54135,35.96902],[127.54553,35.96697],[127.55054,35.96871],[127.55138,35.9725],[127.5472,35.97455],[127.54219,35.97281]]]}},{"type":"Feature","properties":{"h3":"8830c5c911fffff","emd_code":"5273035000","emd_name":"부남면","area_km2":0.5268,"edge":false,"slope_mean":25.79,"elev_mean":287.4,"flood_hist_n":0,"flood_depth_max_m":null,"flood_risk_100y":null,"semi_basement_r":null,"elderly_alone_r":0.3849,"bldg_age30_r":null,"shelter_min_walk":133,"pop":1343,"hh":873,"elderly65_r":0.5681,"single_hh_r":0.6163,"source_level":"emd","flood_years":[],"landslide_hist_n":1},"geometry":{"type":"Polygon","coordinates":[[[127.56057,35.97219],[127.55973,35.9684],[127.56391,35.96635],[127.56892,35.96809],[127.56976,35.97188],[127.56558,35.97393],[127.56057,35.97219]]]}},{"type":"Feature","properties":{"h3":"8830c5c913fffff","emd_code":"5273035000","emd_name":"부남면","area_km2":0.5268,"edge":false,"slope_mean":29.46,"elev_mean":406.8,"flood_hist_n":0,"flood_depth_max_m":null,"flood_risk_100y":null,"semi_basement_r":null,"elderly_alone_r":0.3849,"bldg_age30_r":null,"shelter_min_walk":122,"pop":1343,"hh":873,"elderly65_r":0.5681,"single_hh_r":0.6163,"source_level":"emd","flood_years":[],"landslide_hist_n":0},"geometry":{"type":"Polygon","coordinates":[[[127.56976,35.97188],[127.56892,35.96809],[127.5731,35.96604],[127.57812,35.96778],[127.57895,35.97157],[127.57477,35.97363],[127.56976,35.97188]]]}},{"type":"Feature","properties":{"h3":"8830c5c915fffff","emd_code":"5273035000","emd_name":"부남면","area_km2":0.5268,"edge":false,"slope_mean":18.98,"elev_mean":256.1,"flood_hist_n":1,"flood_depth_max_m":1.0,"flood_risk_100y":null,"semi_basement_r":null,"elderly_alone_r":0.3849,"bldg_age30_r":null,"shelter_min_walk":144,"pop":1343,"hh":873,"elderly65_r":0.5681,"single_hh_r":0.6163,"source_level":"emd","flood_years":[2020],"landslide_hist_n":0},"geometry":{"type":"Polygon","coordinates":[[[127.55472,35.96666],[127.55388,35.96286],[127.55806,35.96081],[127.56307,35.96256],[127.56391,35.96635],[127.55973,35.9684],[127.55472,35.96666]]]}},{"type":"Feature","properties":{"h3":"8830c5c917fffff","emd_code":"5273035000","emd_name":"부남면","area_km2":0.5269,"edge":false,"slope_mean":29.26,"elev_mean":418.3,"flood_hist_n":0,"flood_depth_max_m":null,"flood_risk_100y":null,"semi_basement_r":null,"elderly_alone_r":0.3849,"bldg_age30_r":null,"shelter_min_walk":133,"pop":1343,"hh":873,"elderly65_r":0.5681,"single_hh_r":0.6163,"source_level":"emd","flood_years":[],"landslide_hist_n":0},"geometry":{"type":"Polygon","coordinates":[[[127.56391,35.96635],[127.56307,35.96256],[127.56725,35.9605],[127.57226,35.96225],[127.5731,35.96604],[127.56892,35.96809],[127.56391,35.96635]]]}},{"type":"Feature","properties":{"h3":"8830c5c919fffff","emd_code":"5273035000","emd_name":"부남면","area_km2":0.5266,"edge":false,"slope_mean":13.02,"elev_mean":229.0,"flood_hist_n":1,"flood_depth_max_m":1.0,"flood_risk_100y":null,"semi_basement_r":null,"elderly_alone_r":0.3849,"bldg_age30_r":null,"shelter_min_walk":133,"pop":1343,"hh":873,"elderly65_r":0.5681,"single_hh_r":0.6163,"source_level":"emd","flood_years":[2020],"landslide_hist_n":1},"geometry":{"type":"Polygon","coordinates":[[[127.55723,35.97804],[127.55639,35.97424],[127.56057,35.97219],[127.56558,35.97393],[127.56642,35.97773],[127.56224,35.97978],[127.55723,35.97804]]]}},{"type":"Feature","properties":{"h3":"8830c5c91bfffff","emd_code":"5273035000","emd_name":"부남면","area_km2":0.5267,"edge":false,"slope_mean":28.9,"elev_mean":346.7,"flood_hist_n":0,"flood_depth_max_m":null,"flood_risk_100y":null,"semi_basement_r":null,"elderly_alone_r":0.3849,"bldg_age30_r":null,"shelter_min_walk":122,"pop":1343,"hh":873,"elderly65_r":0.5681,"single_hh_r":0.6163,"source_level":"emd","flood_years":[],"landslide_hist_n":0},"geometry":{"type":"Polygon","coordinates":[[[127.56642,35.97773],[127.56558,35.97393],[127.56976,35.97188],[127.57477,35.97363],[127.57561,35.97742],[127.57143,35.97947],[127.56642,35.97773]]]}},{"type":"Feature","properties":{"h3":"8830c5c91dfffff","emd_code":"5273035000","emd_name":"부남면","area_km2":0.5267,"edge":false,"slope_mean":11.21,"elev_mean":210.8,"flood_hist_n":1,"flood_depth_max_m":1.0,"flood_risk_100y":null,"semi_basement_r":null,"elderly_alone_r":0.3849,"bldg_age30_r":null,"shelter_min_walk":144,"pop":1343,"hh":873,"elderly65_r":0.5681,"single_hh_r":0.6163,"source_level":"emd","flood_years":[2020],"landslide_hist_n":0},"geometry":{"type":"Polygon","coordinates":[[[127.55138,35.9725],[127.55054,35.96871],[127.55472,35.96666],[127.55973,35.9684],[127.56057,35.97219],[127.55639,35.97424],[127.55138,35.9725]]]}},{"type":"Feature","properties":{"h3":"8830c5c931fffff","emd_code":"5273035000","emd_name":"부남면","area_km2":0.527,"edge":false,"slope_mean":26.78,"elev_mean":394.9,"flood_hist_n":0,"flood_depth_max_m":null,"flood_risk_100y":null,"semi_basement_r":null,"elderly_alone_r":0.3849,"bldg_age30_r":null,"shelter_min_walk":157,"pop":1343,"hh":873,"elderly65_r":0.5681,"single_hh_r":0.6163,"source_level":"emd","flood_years":[],"landslide_hist_n":0},"geometry":{"type":"Polygon","coordinates":[[[127.55221,35.95528],[127.55137,35.95148],[127.55555,35.94943],[127.56056,35.95118],[127.5614,35.95497],[127.55722,35.95702],[127.55221,35.95528]]]}},{"type":"Feature","properties":{"h3":"8830c5c933fffff","emd_code":"5273035000","emd_name":"부남면","area_km2":0.527,"edge":false,"slope_mean":29.26,"elev_mean":325.6,"flood_hist_n":1,"flood_depth_max_m":1.0,"flood_risk_100y":null,"semi_basement_r":null,"elderly_alone_r":0.3849,"bldg_age30_r":null,"shelter_min_walk":147,"pop":1343,"hh":873,"elderly65_r":0.5681,"single_hh_r":0.6163,"source_level":"emd","flood_years":[2020],"landslide_hist_n":0},"geometry":{"type":"Polygon","coordinates":[[[127.5614,35.95497],[127.56056,35.95118],[127.56474,35.94912],[127.56975,35.95087],[127.57059,35.95466],[127.56641,35.95671],[127.5614,35.95497]]]}},{"type":"Feature","properties":{"h3":"8830c5c935fffff","emd_code":"5273035000","emd_name":"부남면","area_km2":0.5271,"edge":true,"slope_mean":28.83,"elev_mean":575.5,"flood_hist_n":0,"flood_depth_max_m":null,"flood_risk_100y":null,"semi_basement_r":null,"elderly_alone_r":0.3849,"bldg_age30_r":null,"shelter_min_walk":168,"pop":1343,"hh":873,"elderly65_r":0.5681,"single_hh_r":0.6163,"source_level":"emd","flood_years":[],"landslide_hist_n":0},"geometry":{"type":"Polygon","coordinates":[[[127.54636,35.94974],[127.54552,35.94595],[127.5497,35.9439],[127.55471,35.94564],[127.55555,35.94943],[127.55137,35.95148],[127.54636,35.94974]]]}},{"type":"Feature","properties":{"h3":"8830c5c937fffff","emd_code":"5273035000","emd_name":"부남면","area_km2":0.5271,"edge":false,"slope_mean":33.5,"elev_mean":476.1,"flood_hist_n":0,"flood_depth_max_m":null,"flood_risk_100y":null,"semi_basement_r":null,"elderly_alone_r":0.3849,"bldg_age30_r":null,"shelter_min_walk":159,"pop":1343,"hh":873,"elderly65_r":0.5681,"single_hh_r":0.6163,"source_level":"emd","flood_years":[],"landslide_hist_n":0},"geometry":{"type":"Polygon","coordinates":[[[127.55555,35.94943],[127.55471,35.94564],[127.55889,35.94359],[127.5639,35.94533],[127.56474,35.94912],[127.56056,35.95118],[127.55555,35.94943]]]}},{"type":"Feature","properties":{"h3":"8830c5c939fffff","emd_code":"5273035000","emd_name":"부남면","area_km2":0.5269,"edge":false,"slope_mean":25.44,"elev_mean":325.7,"flood_hist_n":1,"flood_depth_max_m":1.0,"flood_risk_100y":null,"semi_basement_r":null,"elderly_alone_r":0.3849,"bldg_age30_r":null,"shelter_min_walk":155,"pop":1343,"hh":873,"elderly65_r":0.5681,"single_hh_r":0.6163,"source_level":"emd","flood_years":[2020],"landslide_hist_n":0},"geometry":{"type":"Polygon","coordinates":[[[127.54887,35.96112],[127.54803,35.95733],[127.55221,35.95528],[127.55722,35.95702],[127.55806,35.96081],[127.55388,35.96286],[127.54887,35.96112]]]}},{"type":"Feature","properties":{"h3":"8830c5c93bfffff","emd_code":"5273035000","emd_name":"부남면","area_km2":0.5269,"edge":false,"slope_mean":26.04,"elev_mean":318.7,"flood_hist_n":2,"flood_depth_max_m":1.0,"flood_risk_100y":null,"semi_basement_r":null,"elderly_alone_r":0.3849,"bldg_age30_r":null,"shelter_min_walk":145,"pop":1343,"hh":873,"elderly65_r":0.5681,"single_hh_r":0.6163,"source_level":"emd","flood_years":[2020,2021],"landslide_hist_n":0},"geometry":{"type":"Polygon","coordinates":[[[127.55806,35.96081],[127.55722,35.95702],[127.5614,35.95497],[127.56641,35.95671],[127.56725,35.9605],[127.56307,35.96256],[127.55806,35.96081]]]}},{"type":"Feature","properties":{"h3":"8830c5c93dfffff","emd_code":"5273035000","emd_name":"부남면","area_km2":0.5269,"edge":true,"slope_mean":26.93,"elev_mean":429.0,"flood_hist_n":0,"flood_depth_max_m":null,"flood_risk_100y":null,"semi_basement_r":null,"elderly_alone_r":0.3849,"bldg_age30_r":null,"shelter_min_walk":167,"pop":1343,"hh":873,"elderly65_r":0.5681,"single_hh_r":0.6163,"source_level":"emd","flood_years":[],"landslide_hist_n":0},"geometry":{"type":"Polygon","coordinates":[[[127.54302,35.95559],[127.54218,35.95179],[127.54636,35.94974],[127.55137,35.95148],[127.55221,35.95528],[127.54803,35.95733],[127.54302,35.95559]]]}},{"type":"Feature","properties":{"h3":"8830c5c941fffff","emd_code":"5273035000","emd_name":"부남면","area_km2":0.5264,"edge":true,"slope_mean":26.71,"elev_mean":372.8,"flood_hist_n":0,"flood_depth_max_m":null,"flood_risk_100y":null,"semi_basement_r":null,"elderly_alone_r":0.3849,"bldg_age30_r":null,"shelter_min_walk":179,"pop":1343,"hh":873,"elderly65_r":0.5681,"single_hh_r":0.6163,"source_level":"emd","flood_years":[],"landslide_hist_n":0},"geometry":{"type":"Polygon","coordinates":[[[127.52047,35.97926],[127.51963,35.97547],[127.52381,35.97342],[127.52882,35.97516],[127.52966,35.97896],[127.52548,35.981],[127.52047,35.97926]]]}},{"type":"Feature","properties":{"h3":"8830c5c943fffff","emd_code":"5273035000","emd_name":"부남면","area_km2":0.5265,"edge":true,"slope_mean":28.01,"elev_mean":339.3,"flood_hist_n":0,"flood_depth_max_m":null,"flood_risk_100y":null,"semi_basement_r":null,"elderly_alone_r":0.3849,"bldg_age30_r":null,"shelter_min_walk":167,"pop":1343,"hh":873,"elderly65_r":0.5681,"single_hh_r":0.6163,"source_level":"emd","flood_years":[],"landslide_hist_n":0},"geometry":{"type":"Polygon","coordinates":[[[127.52966,35.97896],[127.52882,35.97516],[127.533,35.97311],[127.53801,35.97486],[127.53885,35.97865],[127.53467,35.9807],[127.52966,35.97896]]]}},{"type":"Feature","properties":{"h3":"8830c5c949fffff","emd_code":"5273035000","emd_name":"부남면","area_km2":0.5263,"edge":true,"slope_mean":27.61,"elev_mean":419.4,"flood_hist_n":0,"flood_depth_max_m":null,"flood_risk_100y":null,"semi_basement_r":null,"elderly_alone_r":0.3849,"bldg_age30_r":null,"shelter_min_walk":181,"pop":1343,"hh":873,"elderly65_r":0.5681,"single_hh_r":0.6163,"source_level":"emd","flood_years":[],"landslide_hist_n":0},"geometry":{"type":"Polygon","coordinates":[[[127.51713,35.9851],[127.51629,35.98131],[127.52047,35.97926],[127.52548,35.981],[127.52632,35.9848],[127.52214,35.98684],[127.51713,35.9851]]]}},{"type":"Feature","properties":{"h3":"8830c5c94bfffff","emd_code":"5273035000","emd_name":"부남면","area_km2":0.5264,"edge":false,"slope_mean":25.19,"elev_mean":418.5,"flood_hist_n":0,"flood_depth_max_m":null,"flood_risk_100y":null,"semi_basement_r":null,"elderly_alone_r":0.3849,"bldg_age30_r":null,"shelter_min_walk":169,"pop":1343,"hh":873,"elderly65_r":0.5681,"single_hh_r":0.6163,"source_level":"emd","flood_years":[],"landslide_hist_n":0},"geometry":{"type":"Polygon","coordinates":[[[127.52632,35.9848],[127.52548,35.981],[127.52966,35.97896],[127.53467,35.9807],[127.53551,35.98449],[127.53133,35.98654],[127.52632,35.9848]]]}},{"type":"Feature","properties":{"h3":"8830c5c951fffff","emd_code":"5273035000","emd_name":"부남면","area_km2":0.5265,"edge":false,"slope_mean":24.69,"elev_mean":306.6,"flood_hist_n":0,"flood_depth_max_m":null,"flood_risk_100y":null,"semi_basement_r":null,"elderly_alone_r":0.3849,"bldg_age30_r":null,"shelter_min_walk":145,"pop":1343,"hh":873,"elderly65_r":0.5681,"single_hh_r":0.6163,"source_level":"emd","flood_years":[],"landslide_hist_n":0},"geometry":{"type":"Polygon","coordinates":[[[127.5447,35.98418],[127.54386,35.98039],[127.54804,35.97834],[127.55305,35.98008],[127.55389,35.98388],[127.54971,35.98593],[127.5447,35.98418]]]}},{"type":"Feature","properties":{"h3":"8830c5c953fffff","emd_code":"5273035000","emd_name":"부남면","area_km2":0.5265,"edge":false,"slope_mean":15.75,"elev_mean":226.9,"flood_hist_n":1,"flood_depth_max_m":1.0,"flood_risk_100y":null,"semi_basement_r":null,"elderly_alone_r":0.3849,"bldg_age30_r":null,"shelter_min_walk":134,"pop":1343,"hh":873,"elderly65_r":0.5681,"single_hh_r":0.6163,"source_level":"emd","flood_years":[2020],"landslide_hist_n":0},"geometry":{"type":"Polygon","coordinates":[[[127.55389,35.98388],[127.55305,35.98008],[127.55723,35.97804],[127.56224,35.97978],[127.56308,35.98357],[127.5589,35.98562],[127.55389,35.98388]]]}},{"type":"Feature","properties":{"h3":"8830c5c955fffff","emd_code":"5273035000","emd_name":"부남면","area_km2":0.5265,"edge":false,"slope_mean":18.5,"elev_mean":245.1,"flood_hist_n":1,"flood_depth_max_m":1.0,"flood_risk_100y":null,"semi_basement_r":null,"elderly_alone_r":0.3849,"bldg_age30_r":null,"shelter_min_walk":155,"pop":1343,"hh":873,"elderly65_r":0.5681,"single_hh_r":0.6163,"source_level":"emd","flood_years":[2020],"landslide_hist_n":0},"geometry":{"type":"Polygon","coordinates":[[[127.53885,35.97865],[127.53801,35.97486],[127.54219,35.97281],[127.5472,35.97455],[127.54804,35.97834],[127.54386,35.98039],[127.53885,35.97865]]]}},{"type":"Feature","properties":{"h3":"8830c5c957fffff","emd_code":"5273035000","emd_name":"부남면","area_km2":0.5266,"edge":false,"slope_mean":18.83,"elev_mean":237.1,"flood_hist_n":1,"flood_depth_max_m":1.0,"flood_risk_100y":null,"semi_basement_r":null,"elderly_alone_r":0.3849,"bldg_age30_r":null,"shelter_min_walk":144,"pop":1343,"hh":873,"elderly65_r":0.5681,"single_hh_r":0.6163,"source_level":"emd","flood_years":[2020],"landslide_hist_n":0},"geometry":{"type":"Polygon","coordinates":[[[127.54804,35.97834],[127.5472,35.97455],[127.55138,35.9725],[127.55639,35.97424],[127.55723,35.97804],[127.55305,35.98008],[127.54804,35.97834]]]}},{"type":"Feature","properties":{"h3":"8830c5c959fffff","emd_code":"5273035000","emd_name":"부남면","area_km2":0.5264,"edge":false,"slope_mean":25.58,"elev_mean":303.5,"flood_hist_n":1,"flood_depth_max_m":0.5,"flood_risk_100y":null,"semi_basement_r":null,"elderly_alone_r":0.3849,"bldg_age30_r":null,"shelter_min_walk":147,"pop":1343,"hh":873,"elderly65_r":0.5681,"single_hh_r":0.6163,"source_level":"emd","flood_years":[2020],"landslide_hist_n":0},"geometry":{"type":"Polygon","coordinates":[[[127.54136,35.99002],[127.54052,35.98623],[127.5447,35.98418],[127.54971,35.98593],[127.55055,35.98972],[127.54637,35.99177],[127.54136,35.99002]]]}},{"type":"Feature","properties":{"h3":"8830c5c95bfffff","emd_code":"5273035000","emd_name":"부남면","area_km2":0.5264,"edge":false,"slope_mean":21.87,"elev_mean":265.6,"flood_hist_n":1,"flood_depth_max_m":0.5,"flood_risk_100y":null,"semi_basement_r":null,"elderly_alone_r":0.3849,"bldg_age30_r":null,"shelter_min_walk":135,"pop":1343,"hh":873,"elderly65_r":0.5681,"single_hh_r":0.6163,"source_level":"emd","flood_years":[2020],"landslide_hist_n":0},"geometry":{"type":"Polygon","coordinates":[[[127.55055,35.98972],[127.54971,35.98593],[127.55389,35.98388],[127.5589,35.98562],[127.55974,35.98941],[127.55556,35.99146],[127.55055,35.98972]]]}},{"type":"Feature","properties":{"h3":"8830c5c95dfffff","emd_code":"5273035000","emd_name":"부남면","area_km2":0.5264,"edge":false,"slope_mean":25.9,"elev_mean":309.0,"flood_hist_n":0,"flood_depth_max_m":null,"flood_risk_100y":null,"semi_basement_r":null,"elderly_alone_r":0.3849,"bldg_age30_r":null,"shelter_min_walk":157,"pop":1343,"hh":873,"elderly65_r":0.5681,"single_hh_r":0.6163,"source_level":"emd","flood_years":[],"landslide_hist_n":0},"geometry":{"type":"Polygon","coordinates":[[[127.53551,35.98449],[127.53467,35.9807],[127.53885,35.97865],[127.54386,35.98039],[127.5447,35.98418],[127.54052,35.98623],[127.53551,35.98449]]]}},{"type":"Feature","properties":{"h3":"8830c5c981fffff","emd_code":"5273033000","emd_name":"적상면","area_km2":0.5271,"edge":false,"slope_mean":23.55,"elev_mean":382.8,"flood_hist_n":0,"flood_depth_max_m":null,"flood_risk_100y":null,"semi_basement_r":null,"elderly_alone_r":0.3444,"bldg_age30_r":null,"shelter_min_walk":96,"pop":2557,"hh":1591,"elderly65_r":0.5108,"single_hh_r":0.5827,"source_level":"emd","flood_years":[],"landslide_hist_n":0},"geometry":{"type":"Polygon","coordinates":[[[127.60068,35.96511],[127.59984,35.96131],[127.60402,35.95926],[127.60903,35.961],[127.60987,35.9648],[127.60569,35.96685],[127.60068,35.96511]]]}},{"type":"Feature","properties":{"h3":"8830c5c983fffff","emd_code":"5273033000","emd_name":"적상면","area_km2":0.5271,"edge":false,"slope_mean":24.97,"elev_mean":324.4,"flood_hist_n":1,"flood_depth_max_m":1.0,"flood_risk_100y":null,"semi_basement_r":null,"elderly_alone_r":0.3444,"bldg_age30_r":null,"shelter_min_walk":89,"pop":2557,"hh":1591,"elderly65_r":0.5108,"single_hh_r":0.5827,"source_level":"emd","flood_years":[2020],"landslide_hist_n":0},"geometry":{"type":"Polygon","coordinates":[[[127.60987,35.9648],[127.60903,35.961],[127.61321,35.95895],[127.61823,35.96069],[127.61906,35.96448],[127.61489,35.96654],[127.60987,35.9648]]]}},{"type":"Feature","properties":{"h3":"8830c5c985fffff","emd_code":"5273033000","emd_name":"적상면","area_km2":0.5271,"edge":false,"slope_mean":24.65,"elev_mean":457.6,"flood_hist_n":0,"flood_depth_max_m":null,"flood_risk_100y":null,"semi_basement_r":null,"elderly_alone_r":0.3444,"bldg_age30_r":null,"shelter_min_walk":109,"pop":2557,"hh":1591,"elderly65_r":0.5108,"single_hh_r":0.5827,"source_level":"emd","flood_years":[],"landslide_hist_n":0},"geometry":{"type":"Polygon","coordinates":[[[127.59483,35.95957],[127.59399,35.95578],[127.59817,35.95373],[127.60318,35.95547],[127.60402,35.95926],[127.59984,35.96131],[127.59483,35.95957]]]}},{"type":"Feature","properties":{"h3":"8830c5c987fffff","emd_code":"5273033000","emd_name":"적상면","area_km2":0.5272,"edge":false,"slope_mean":24.72,"elev_mean":327.6,"flood_hist_n":1,"flood_depth_max_m":1.0,"flood_risk_100y":null,"semi_basement_r":null,"elderly_alone_r":0.3444,"bldg_age30_r":null,"shelter_min_walk":101,"pop":2557,"hh":1591,"elderly65_r":0.5108,"single_hh_r":0.5827,"source_level":"emd","flood_years":[2020],"landslide_hist_n":0},"geometry":{"type":"Polygon","coordinates":[[[127.60402,35.95926],[127.60318,35.95547],[127.60736,35.95341],[127.61237,35.95516],[127.61321,35.95895],[127.60903,35.961],[127.60402,35.95926]]]}},{"type":"Feature","properties":{"h3":"8830c5c989fffff","emd_code":"5273033000","emd_name":"적상면","area_km2":0.527,"edge":false,"slope_mean":26.05,"elev_mean":432.3,"flood_hist_n":0,"flood_depth_max_m":null,"flood_risk_100y":null,"semi_basement_r":null,"elderly_alone_r":0.3444,"bldg_age30_r":null,"shelter_min_walk":93,"pop":2557,"hh":1591,"elderly65_r":0.5108,"single_hh_r":0.5827,"source_level":"emd","flood_years":[],"landslide_hist_n":0},"geometry":{"type":"Polygon","coordinates":[[[127.59734,35.97095],[127.5965,35.96716],[127.60068,35.96511],[127.60569,35.96685],[127.60653,35.97064],[127.60235,35.97269],[127.59734,35.97095]]]}},{"type":"Feature","properties":{"h3":"8830c5c98bfffff","emd_code":"5273033000","emd_name":"적상면","area_km2":0.527,"edge":false,"slope_mean":26.66,"elev_mean":327.1,"flood_hist_n":0,"flood_depth_max_m":null,"flood_risk_100y":null,"semi_basement_r":null,"elderly_alone_r":0.3444,"bldg_age30_r":null,"shelter_min_walk":84,"pop":2557,"hh":1591,"elderly65_r":0.5108,"single_hh_r":0.5827,"source_level":"emd","flood_years":[],"landslide_hist_n":0},"geometry":{"type":"Polygon","coordinates":[[[127.60653,35.97064],[127.60569,35.96685],[127.60987,35.9648],[127.61489,35.96654],[127.61572,35.97033],[127.61154,35.97238],[127.60653,35.97064]]]}},{"type":"Feature","properties":{"h3":"8830c5c98dfffff","emd_code":"5273033000","emd_name":"적상면","area_km2":0.527,"edge":false,"slope_mean":24.3,"elev_mean":575.5,"flood_hist_n":0,"flood_depth_max_m":null,"flood_risk_100y":null,"semi_basement_r":null,"elderly_alone_r":0.3444,"bldg_age30_r":null,"shelter_min_walk":105,"pop":2557,"hh":1591,"elderly65_r":0.5108,"single_hh_r":0.5827,"source_level":"emd","flood_years":[],"landslide_hist_n":0},"geometry":{"type":"Polygon","coordinates":[[[127.59148,35.96542],[127.59065,35.96163],[127.59483,35.95957],[127.59984,35.96131],[127.60068,35.96511],[127.5965,35.96716],[127.59148,35.96542]]]}},{"type":"Feature","properties":{"h3":"8830c5c991fffff","emd_code":"5273033000","emd_name":"적상면","area_km2":0.5271,"edge":false,"slope_mean":26.65,"elev_mean":515.5,"flood_hist_n":0,"flood_depth_max_m":null,"flood_risk_100y":null,"semi_basement_r":null,"elderly_alone_r":0.3444,"bldg_age30_r":null,"shelter_min_walk":71,"pop":2557,"hh":1591,"elderly65_r":0.5108,"single_hh_r":0.5827,"source_level":"emd","flood_years":[],"landslide_hist_n":0},"geometry":{"type":"Polygon","coordinates":[[[127.62492,35.97002],[127.62408,35.96622],[127.62826,35.96417],[127.63327,35.96591],[127.63411,35.9697],[127.62993,35.97176],[127.62492,35.97002]]]}},{"type":"Feature","properties":{"h3":"8830c5c993fffff","emd_code":"5273025000","emd_name":"무주읍","area_km2":0.5272,"edge":false,"slope_mean":26.4,"elev_mean":444.5,"flood_hist_n":0,"flood_depth_max_m":null,"flood_risk_100y":null,"semi_basement_r":null,"elderly_alone_r":0.209,"bldg_age30_r":null,"shelter_min_walk":67,"pop":9487,"hh":4828,"elderly65_r":0.289,"single_hh_r":0.4816,"source_level":"emd","flood_years":[],"landslide_hist_n":0},"geometry":{"type":"Polygon","coordinates":[[[127.63411,35.9697],[127.63327,35.96591],[127.63745,35.96385],[127.64247,35.96559],[127.64331,35.96939],[127.63913,35.97144],[127.63411,35.9697]]]}},{"type":"Feature","properties":{"h3":"8830c5c995fffff","emd_code":"5273033000","emd_name":"적상면","area_km2":0.5272,"edge":false,"slope_mean":24.82,"elev_mean":369.5,"flood_hist_n":0,"flood_depth_max_m":null,"flood_risk_100y":null,"semi_basement_r":null,"elderly_alone_r":0.3444,"bldg_age30_r":null,"shelter_min_walk":83,"pop":2557,"hh":1591,"elderly65_r":0.5108,"single_hh_r":0.5827,"source_level":"emd","flood_years":[],"landslide_hist_n":0},"geometry":{"type":"Polygon","coordinates":[[[127.61906,35.96448],[127.61823,35.96069],[127.62241,35.95864],[127.62742,35.96038],[127.62826,35.96417],[127.62408,35.96622],[127.61906,35.96448]]]}},{"type":"Feature","properties":{"h3":"8830c5c997fffff","emd_code":"5273033000","emd_name":"적상면","area_km2":0.5272,"edge":false,"slope_mean":25.96,"elev_mean":478.4,"flood_hist_n":0,"flood_depth_max_m":null,"flood_risk_100y":null,"semi_basement_r":null,"elderly_alone_r":0.3444,"bldg_age30_r":null,"shelter_min_walk":78,"pop":2557,"hh":1591,"elderly65_r":0.5108,"single_hh_r":0.5827,"source_level":"emd","flood_years":[],"landslide_hist_n":0},"geometry":{"type":"Polygon","coordinates":[[[127.62826,35.96417],[127.62742,35.96038],[127.6316,35.95832],[127.63662,35.96006],[127.63745,35.96385],[127.63327,35.96591],[127.62826,35.96417]]]}},{"type":"Feature","properties":{"h3":"8830c5c999fffff","emd_code":"5273025000","emd_name":"무주읍","area_km2":0.527,"edge":false,"slope_mean":29.16,"elev_mean":581.5,"flood_hist_n":0,"flood_depth_max_m":null,"flood_risk_100y":null,"semi_basement_r":null,"elderly_alone_r":0.209,"bldg_age30_r":null,"shelter_min_walk":65,"pop":9487,"hh":4828,"elderly65_r":0.289,"single_hh_r":0.4816,"source_level":"emd","flood_years":[],"landslide_hist_n":0},"geometry":{"type":"Polygon","coordinates":[[[127.62158,35.97586],[127.62074,35.97207],[127.62492,35.97002],[127.62993,35.97176],[127.63077,35.97555],[127.62659,35.9776],[127.62158,35.97586]]]}},{"type":"Feature","properties":{"h3":"8830c5c99bfffff","emd_code":"5273025000","emd_name":"무주읍","area_km2":0.527,"edge":false,"slope_mean":27.19,"elev_mean":458.1,"flood_hist_n":0,"flood_depth_max_m":null,"flood_risk_100y":null,"semi_basement_r":null,"elderly_alone_r":0.209,"bldg_age30_r":null,"shelter_min_walk":60,"pop":9487,"hh":4828,"elderly65_r":0.289,"single_hh_r":0.4816,"source_level":"emd","flood_years":[],"landslide_hist_n":0},"geometry":{"type":"Polygon","coordinates":[[[127.63077,35.97555],[127.62993,35.97176],[127.63411,35.9697],[127.63913,35.97144],[127.63997,35.97523],[127.63579,35.97729],[127.63077,35.97555]]]}},{"type":"Feature","properties":{"h3":"8830c5c99dfffff","emd_code":"5273033000","emd_name":"적상면","area_km2":0.5271,"edge":false,"slope_mean":27.55,"elev_mean":494.5,"flood_hist_n":0,"flood_depth_max_m":null,"flood_risk_100y":null,"semi_basement_r":null,"elderly_alone_r":0.3444,"bldg_age30_r":null,"shelter_min_walk":77,"pop":2557,"hh":1591,"elderly65_r":0.5108,"single_hh_r":0.5827,"source_level":"emd","flood_years":[],"landslide_hist_n":0},"geometry":{"type":"Polygon","coordinates":[[[127.61572,35.97033],[127.61489,35.96654],[127.61906,35.96448],[127.62408,35.96622],[127.62492,35.97002],[127.62074,35.97207],[127.61572,35.97033]]]}},{"type":"Feature","properties":{"h3":"8830c5c9a1fffff","emd_code":"5273033000","emd_name":"적상면","area_km2":0.5273,"edge":false,"slope_mean":25.78,"elev_mean":535.6,"flood_hist_n":0,"flood_depth_max_m":null,"flood_risk_100y":null,"semi_basement_r":null,"elderly_alone_r":0.3444,"bldg_age30_r":null,"shelter_min_walk":125,"pop":2557,"hh":1591,"elderly65_r":0.5108,"single_hh_r":0.5827,"source_level":"emd","flood_years":[],"landslide_hist_n":0},"geometry":{"type":"Polygon","coordinates":[[[127.59231,35.94819],[127.59148,35.9444],[127.59566,35.94234],[127.60067,35.94408],[127.60151,35.94788],[127.59733,35.94993],[127.59231,35.94819]]]}},{"type":"Feature","properties":{"h3":"8830c5c9a3fffff","emd_code":"5273033000","emd_name":"적상면","area_km2":0.5274,"edge":false,"slope_mean":25.59,"elev_mean":358.3,"flood_hist_n":1,"flood_depth_max_m":1.0,"flood_risk_100y":null,"semi_basement_r":null,"elderly_alone_r":0.3444,"bldg_age30_r":null,"shelter_min_walk":119,"pop":2557,"hh":1591,"elderly65_r":0.5108,"single_hh_r":0.5827,"source_level":"emd","flood_years":[2020],"landslide_hist_n":0},"geometry":{"type":"Polygon","coordinates":[[[127.60151,35.94788],[127.60067,35.94408],[127.60485,35.94203],[127.60986,35.94377],[127.6107,35.94757],[127.60652,35.94962],[127.60151,35.94788]]]}},{"type":"Feature","properties":{"h3":"8830c5c9a5fffff","emd_code":"5273033000","emd_name":"적상면","area_km2":0.5274,"edge":false,"slope_mean":28.42,"elev_mean":566.9,"flood_hist_n":0,"flood_depth_max_m":null,"flood_risk_100y":null,"semi_basement_r":null,"elderly_alone_r":0.3444,"bldg_age30_r":null,"shelter_min_walk":137,"pop":2557,"hh":1591,"elderly65_r":0.5108,"single_hh_r":0.5827,"source_level":"emd","flood_years":[],"landslide_hist_n":0},"geometry":{"type":"Polygon","coordinates":[[[127.58646,35.94266],[127.58563,35.93886],[127.5898,35.93681],[127.59482,35.93855],[127.59566,35.94234],[127.59148,35.9444],[127.58646,35.94266]]]}},{"type":"Feature","properties":{"h3":"8830c5c9a7fffff","emd_code":"5273033000","emd_name":"적상면","area_km2":0.5274,"edge":false,"slope_mean":26.73,"elev_mean":432.1,"flood_hist_n":0,"flood_depth_max_m":null,"flood_risk_100y":null,"semi_basement_r":null,"elderly_alone_r":0.3444,"bldg_age30_r":null,"shelter_min_walk":131,"pop":2557,"hh":1591,"elderly65_r":0.5108,"single_hh_r":0.5827,"source_level":"emd","flood_years":[],"landslide_hist_n":0},"geometry":{"type":"Polygon","coordinates":[[[127.59566,35.94234],[127.59482,35.93855],[127.599,35.93649],[127.60401,35.93824],[127.60485,35.94203],[127.60067,35.94408],[127.59566,35.94234]]]}},{"type":"Feature","properties":{"h3":"8830c5c9a9fffff","emd_code":"5273033000","emd_name":"적상면","area_km2":0.5272,"edge":false,"slope_mean":25.8,"elev_mean":568.8,"flood_hist_n":0,"flood_depth_max_m":null,"flood_risk_100y":null,"semi_basement_r":null,"elderly_alone_r":0.3444,"bldg_age30_r":null,"shelter_min_walk":121,"pop":2557,"hh":1591,"elderly65_r":0.5108,"single_hh_r":0.5827,"source_level":"emd","flood_years":[],"landslide_hist_n":0},"geometry":{"type":"Polygon","coordinates":[[[127.58897,35.95404],[127.58814,35.95024],[127.59231,35.94819],[127.59733,35.94993],[127.59817,35.95373],[127.59399,35.95578],[127.58897,35.95404]]]}},{"type":"Feature","properties":{"h3":"8830c5c9abfffff","emd_code":"5273033000","emd_name":"적상면","area_km2":0.5272,"edge":false,"slope_mean":25.97,"elev_mean":380.5,"flood_hist_n":0,"flood_depth_max_m":null,"flood_risk_100y":null,"semi_basement_r":null,"elderly_alone_r":0.3444,"bldg_age30_r":null,"shelter_min_walk":113,"pop":2557,"hh":1591,"elderly65_r":0.5108,"single_hh_r":0.5827,"source_level":"emd","flood_years":[],"landslide_hist_n":0},"geometry":{"type":"Polygon","coordinates":[[[127.59817,35.95373],[127.59733,35.94993],[127.60151,35.94788],[127.60652,35.94962],[127.60736,35.95341],[127.60318,35.95547],[127.59817,35.95373]]]}},{"type":"Feature","properties":{"h3":"8830c5c9adfffff","emd_code":"5273035000","emd_name":"부남면","area_km2":0.5273,"edge":false,"slope_mean":28.11,"elev_mean":525.5,"flood_hist_n":0,"flood_depth_max_m":null,"flood_risk_100y":null,"semi_basement_r":null,"elderly_alone_r":0.3849,"bldg_age30_r":null,"shelter_min_walk":133,"pop":1343,"hh":873,"elderly65_r":0.5681,"single_hh_r":0.6163,"source_level":"emd","flood_years":[],"landslide_hist_n":0},"geometry":{"type":"Polygon","coordinates":[[[127.58312,35.9485],[127.58229,35.94471],[127.58646,35.94266],[127.59148,35.9444],[127.59231,35.94819],[127.58814,35.95024],[127.58312,35.9485]]]}},{"type":"Feature","properties":{"h3":"8830c5c9b1fffff","emd_code":"5273033000","emd_name":"적상면","area_km2":0.5273,"edge":false,"slope_mean":25.11,"elev_mean":404.9,"flood_hist_n":0,"flood_depth_max_m":null,"flood_risk_100y":null,"semi_basement_r":null,"elderly_alone_r":0.3444,"bldg_age30_r":null,"shelter_min_walk":101,"pop":2557,"hh":1591,"elderly65_r":0.5108,"single_hh_r":0.5827,"source_level":"emd","flood_years":[],"landslide_hist_n":0},"geometry":{"type":"Polygon","coordinates":[[[127.61655,35.9531],[127.61572,35.94931],[127.61989,35.94725],[127.62491,35.94899],[127.62575,35.95279],[127.62157,35.95484],[127.61655,35.9531]]]}},{"type":"Feature","properties":{"h3":"8830c5c9b3fffff","emd_code":"5273033000","emd_name":"적상면","area_km2":0.5274,"edge":false,"slope_mean":28.01,"elev_mean":389.8,"flood_hist_n":0,"flood_depth_max_m":null,"flood_risk_100y":null,"semi_basement_r":null,"elderly_alone_r":0.3444,"bldg_age30_r":null,"shelter_min_walk":97,"pop":2557,"hh":1591,"elderly65_r":0.5108,"single_hh_r":0.5827,"source_level":"emd","flood_years":[],"landslide_hist_n":0},"geometry":{"type":"Polygon","coordinates":[[[127.62575,35.95279],[127.62491,35.94899],[127.62909,35.94694],[127.6341,35.94868],[127.63494,35.95247],[127.63076,35.95453],[127.62575,35.95279]]]}},{"type":"Feature","properties":{"h3":"8830c5c9b5fffff","emd_code":"5273033000","emd_name":"적상면","area_km2":0.5274,"edge":false,"slope_mean":27.4,"elev_mean":421.4,"flood_hist_n":0,"flood_depth_max_m":null,"flood_risk_100y":null,"semi_basement_r":null,"elderly_alone_r":0.3444,"bldg_age30_r":null,"shelter_min_walk":113,"pop":2557,"hh":1591,"elderly65_r":0.5108,"single_hh_r":0.5827,"source_level":"emd","flood_years":[],"landslide_hist_n":0},"geometry":{"type":"Polygon","coordinates":[[[127.6107,35.94757],[127.60986,35.94377],[127.61404,35.94172],[127.61906,35.94346],[127.61989,35.94725],[127.61572,35.94931],[127.6107,35.94757]]]}},{"type":"Feature","properties":{"h3":"8830c5c9b7fffff","emd_code":"5273033000","emd_name":"적상면","area_km2":0.5275,"edge":false,"slope_mean":27.36,"elev_mean":471.8,"flood_hist_n":0,"flood_depth_max_m":null,"flood_risk_100y":null,"semi_basement_r":null,"elderly_alone_r":0.3444,"bldg_age30_r":null,"shelter_min_walk":109,"pop":2557,"hh":1591,"elderly65_r":0.5108,"single_hh_r":0.5827,"source_level":"emd","flood_years":[],"landslide_hist_n":0},"geometry":{"type":"Polygon","coordinates":[[[127.61989,35.94725],[127.61906,35.94346],[127.62323,35.9414],[127.62825,35.94314],[127.62909,35.94694],[127.62491,35.94899],[127.61989,35.94725]]]}},{"type":"Feature","properties":{"h3":"8830c5c9b9fffff","emd_code":"5273033000","emd_name":"적상면","area_km2":0.5272,"edge":false,"slope_mean":26.5,"elev_mean":366.0,"flood_hist_n":1,"flood_depth_max_m":1.0,"flood_risk_100y":null,"semi_basement_r":null,"elderly_alone_r":0.3444,"bldg_age30_r":null,"shelter_min_walk":95,"pop":2557,"hh":1591,"elderly65_r":0.5108,"single_hh_r":0.5827,"source_level":"emd","flood_years":[2020],"landslide_hist_n":0},"geometry":{"type":"Polygon","coordinates":[[[127.61321,35.95895],[127.61237,35.95516],[127.61655,35.9531],[127.62157,35.95484],[127.62241,35.95864],[127.61823,35.96069],[127.61321,35.95895]]]}},{"type":"Feature","properties":{"h3":"8830c5c9bbfffff","emd_code":"5273033000","emd_name":"적상면","area_km2":0.5273,"edge":false,"slope_mean":25.63,"elev_mean":353.1,"flood_hist_n":1,"flood_depth_max_m":0.5,"flood_risk_100y":null,"semi_basement_r":null,"elderly_alone_r":0.3444,"bldg_age30_r":null,"shelter_min_walk":90,"pop":2557,"hh":1591,"elderly65_r":0.5108,"single_hh_r":0.5827,"source_level":"emd","flood_years":[2020],"landslide_hist_n":0},"geometry":{"type":"Polygon","coordinates":[[[127.62241,35.95864],[127.62157,35.95484],[127.62575,35.95279],[127.63076,35.95453],[127.6316,35.95832],[127.62742,35.96038],[127.62241,35.95864]]]}},{"type":"Feature","properties":{"h3":"8830c5c9bdfffff","emd_code":"5273033000","emd_name":"적상면","area_km2":0.5273,"edge":false,"slope_mean":26.54,"elev_mean":378.9,"flood_hist_n":1,"flood_depth_max_m":0.5,"flood_risk_100y":null,"semi_basement_r":null,"elderly_alone_r":0.3444,"bldg_age30_r":null,"shelter_min_walk":107,"pop":2557,"hh":1591,"elderly65_r":0.5108,"single_hh_r":0.5827,"source_level":"emd","flood_years":[2020],"landslide_hist_n":2},"geometry":{"type":"Polygon","coordinates":[[[127.60736,35.95341],[127.60652,35.94962],[127.6107,35.94757],[127.61572,35.94931],[127.61655,35.9531],[127.61237,35.95516],[127.60736,35.95341]]]}},{"type":"Feature","properties":{"h3":"8830c5c9c1fffff","emd_code":"5273035000","emd_name":"부남면","area_km2":0.5268,"edge":false,"slope_mean":25.79,"elev_mean":468.3,"flood_hist_n":0,"flood_depth_max_m":null,"flood_risk_100y":null,"semi_basement_r":null,"elderly_alone_r":0.3849,"bldg_age30_r":null,"shelter_min_walk":100,"pop":1343,"hh":873,"elderly65_r":0.5681,"single_hh_r":0.6163,"source_level":"emd","flood_years":[],"landslide_hist_n":0},"geometry":{"type":"Polygon","coordinates":[[[127.5848,35.97711],[127.58397,35.97332],[127.58814,35.97126],[127.59316,35.973],[127.594,35.9768],[127.58982,35.97885],[127.5848,35.97711]]]}},{"type":"Feature","properties":{"h3":"8830c5c9c3fffff","emd_code":"5273025000","emd_name":"무주읍","area_km2":0.5268,"edge":false,"slope_mean":28.49,"elev_mean":492.4,"flood_hist_n":0,"flood_depth_max_m":null,"flood_risk_100y":null,"semi_basement_r":null,"elderly_alone_r":0.209,"bldg_age30_r":null,"shelter_min_walk":90,"pop":9487,"hh":4828,"elderly65_r":0.289,"single_hh_r":0.4816,"source_level":"emd","flood_years":[],"landslide_hist_n":0},"geometry":{"type":"Polygon","coordinates":[[[127.594,35.9768],[127.59316,35.973],[127.59734,35.97095],[127.60235,35.97269],[127.60319,35.97649],[127.59901,35.97854],[127.594,35.9768]]]}},{"type":"Feature","properties":{"h3":"8830c5c9c5fffff","emd_code":"5273035000","emd_name":"부남면","area_km2":0.5269,"edge":false,"slope_mean":28.13,"elev_mean":531.2,"flood_hist_n":0,"flood_depth_max_m":null,"flood_risk_100y":null,"semi_basement_r":null,"elderly_alone_r":0.3849,"bldg_age30_r":null,"shelter_min_walk":112,"pop":1343,"hh":873,"elderly65_r":0.5681,"single_hh_r":0.6163,"source_level":"emd","flood_years":[],"landslide_hist_n":0},"geometry":{"type":"Polygon","coordinates":[[[127.57895,35.97157],[127.57812,35.96778],[127.58229,35.96573],[127.58731,35.96747],[127.58814,35.97126],[127.58397,35.97332],[127.57895,35.97157]]]}},{"type":"Feature","properties":{"h3":"8830c5c9c7fffff","emd_code":"5273033000","emd_name":"적상면","area_km2":0.5269,"edge":false,"slope_mean":30.21,"elev_mean":622.5,"flood_hist_n":0,"flood_depth_max_m":null,"flood_risk_100y":null,"semi_basement_r":null,"elderly_alone_r":0.3444,"bldg_age30_r":null,"shelter_min_walk":102,"pop":2557,"hh":1591,"elderly65_r":0.5108,"single_hh_r":0.5827,"source_level":"emd","flood_years":[],"landslide_hist_n":0},"geometry":{"type":"Polygon","coordinates":[[[127.58814,35.97126],[127.58731,35.96747],[127.59148,35.96542],[127.5965,35.96716],[127.59734,35.97095],[127.59316,35.973],[127.58814,35.97126]]]}},{"type":"Feature","properties":{"h3":"8830c5c9c9fffff","emd_code":"5273035000","emd_name":"부남면","area_km2":0.5267,"edge":false,"slope_mean":19.68,"elev_mean":309.9,"flood_hist_n":0,"flood_depth_max_m":null,"flood_risk_100y":null,"semi_basement_r":null,"elderly_alone_r":0.3849,"bldg_age30_r":null,"shelter_min_walk":100,"pop":1343,"hh":873,"elderly65_r":0.5681,"single_hh_r":0.6163,"source_level":"emd","flood_years":[],"landslide_hist_n":0},"geometry":{"type":"Polygon","coordinates":[[[127.58146,35.98295],[127.58063,35.97916],[127.5848,35.97711],[127.58982,35.97885],[127.59065,35.98264],[127.58648,35.98469],[127.58146,35.98295]]]}},{"type":"Feature","properties":{"h3":"8830c5c9cbfffff","emd_code":"5273025000","emd_name":"무주읍","area_km2":0.5267,"edge":false,"slope_mean":28.16,"elev_mean":366.6,"flood_hist_n":0,"flood_depth_max_m":null,"flood_risk_100y":null,"semi_basement_r":null,"elderly_alone_r":0.209,"bldg_age30_r":null,"shelter_min_walk":89,"pop":9487,"hh":4828,"elderly65_r":0.289,"single_hh_r":0.4816,"source_level":"emd","flood_years":[],"landslide_hist_n":0},"geometry":{"type":"Polygon","coordinates":[[[127.59065,35.98264],[127.58982,35.97885],[127.594,35.9768],[127.59901,35.97854],[127.59985,35.98233],[127.59567,35.98438],[127.59065,35.98264]]]}},{"type":"Feature","properties":{"h3":"8830c5c9cdfffff","emd_code":"5273035000","emd_name":"부남면","area_km2":0.5267,"edge":false,"slope_mean":24.62,"elev_mean":367.9,"flood_hist_n":0,"flood_depth_max_m":null,"flood_risk_100y":null,"semi_basement_r":null,"elderly_alone_r":0.3849,"bldg_age30_r":null,"shelter_min_walk":111,"pop":1343,"hh":873,"elderly65_r":0.5681,"single_hh_r":0.6163,"source_level":"emd","flood_years":[],"landslide_hist_n":0},"geometry":{"type":"Polygon","coordinates":[[[127.57561,35.97742],[127.57477,35.97363],[127.57895,35.97157],[127.58397,35.97332],[127.5848,35.97711],[127.58063,35.97916],[127.57561,35.97742]]]}},{"type":"Feature","properties":{"h3":"8830c5c9d1fffff","emd_code":"5273025000","emd_name":"무주읍","area_km2":0.5268,"edge":false,"slope_mean":25.11,"elev_mean":261.4,"flood_hist_n":0,"flood_depth_max_m":null,"flood_risk_100y":null,"semi_basement_r":null,"elderly_alone_r":0.209,"bldg_age30_r":null,"shelter_min_walk":69,"pop":9487,"hh":4828,"elderly65_r":0.289,"single_hh_r":0.4816,"source_level":"emd","flood_years":[],"landslide_hist_n":0},"geometry":{"type":"Polygon","coordinates":[[[127.60904,35.98202],[127.6082,35.97823],[127.61238,35.97617],[127.6174,35.97791],[127.61824,35.98171],[127.61406,35.98376],[127.60904,35.98202]]]}},{"type":"Feature","properties":{"h3":"8830c5c9d3fffff","emd_code":"5273025000","emd_name":"무주읍","area_km2":0.5269,"edge":false,"slope_mean":29.03,"elev_mean":421.4,"flood_hist_n":0,"flood_depth_max_m":null,"flood_risk_100y":null,"semi_basement_r":null,"elderly_alone_r":0.209,"bldg_age30_r":null,"shelter_min_walk":60,"pop":9487,"hh":4828,"elderly65_r":0.289,"single_hh_r":0.4816,"source_level":"emd","flood_years":[],"landslide_hist_n":0},"geometry":{"type":"Polygon","coordinates":[[[127.61824,35.98171],[127.6174,35.97791],[127.62158,35.97586],[127.62659,35.9776],[127.62743,35.98139],[127.62325,35.98345],[127.61824,35.98171]]]}},{"type":"Feature","properties":{"h3":"8830c5c9d5fffff","emd_code":"5273033000","emd_name":"적상면","area_km2":0.5269,"edge":false,"slope_mean":24.45,"elev_mean":339.3,"flood_hist_n":0,"flood_depth_max_m":null,"flood_risk_100y":null,"semi_basement_r":null,"elderly_alone_r":0.3444,"bldg_age30_r":null,"shelter_min_walk":81,"pop":2557,"hh":1591,"elderly65_r":0.5108,"single_hh_r":0.5827,"source_level":"emd","flood_years":[],"landslide_hist_n":0},"geometry":{"type":"Polygon","coordinates":[[[127.60319,35.97649],[127.60235,35.97269],[127.60653,35.97064],[127.61154,35.97238],[127.61238,35.97617],[127.6082,35.97823],[127.60319,35.97649]]]}},{"type":"Feature","properties":{"h3":"8830c5c9d7fffff","emd_code":"5273025000","emd_name":"무주읍","area_km2":0.5269,"edge":false,"slope_mean":26.46,"elev_mean":363.9,"flood_hist_n":0,"flood_depth_max_m":null,"flood_risk_100y":null,"semi_basement_r":null,"elderly_alone_r":0.209,"bldg_age30_r":null,"shelter_min_walk":72,"pop":9487,"hh":4828,"elderly65_r":0.289,"single_hh_r":0.4816,"source_level":"emd","flood_years":[],"landslide_hist_n":0},"geometry":{"type":"Polygon","coordinates":[[[127.61238,35.97617],[127.61154,35.97238],[127.61572,35.97033],[127.62074,35.97207],[127.62158,35.97586],[127.6174,35.97791],[127.61238,35.97617]]]}},{"type":"Feature","properties":{"h3":"8830c5c9d9fffff","emd_code":"5273025000","emd_name":"무주읍","area_km2":0.5267,"edge":false,"slope_mean":24.0,"elev_mean":265.4,"flood_hist_n":1,"flood_depth_max_m":1.0,"flood_risk_100y":null,"semi_basement_r":null,"elderly_alone_r":0.209,"bldg_age30_r":null,"shelter_min_walk":67,"pop":9487,"hh":4828,"elderly65_r":0.289,"single_hh_r":0.4816,"source_level":"emd","flood_years":[2020],"landslide_hist_n":0},"geometry":{"type":"Polygon","coordinates":[[[127.6057,35.98786],[127.60486,35.98407],[127.60904,35.98202],[127.61406,35.98376],[127.61489,35.98755],[127.61072,35.9896],[127.6057,35.98786]]]}},{"type":"Feature","properties":{"h3":"8830c5c9dbfffff","emd_code":"5273025000","emd_name":"무주읍","area_km2":0.5268,"edge":false,"slope_mean":21.49,"elev_mean":248.3,"flood_hist_n":0,"flood_depth_max_m":null,"flood_risk_100y":null,"semi_basement_r":null,"elderly_alone_r":0.209,"bldg_age30_r":null,"shelter_min_walk":57,"pop":9487,"hh":4828,"elderly65_r":0.289,"single_hh_r":0.4816,"source_level":"emd","flood_years":[],"landslide_hist_n":0},"geometry":{"type":"Polygon","coordinates":[[[127.61489,35.98755],[127.61406,35.98376],[127.61824,35.98171],[127.62325,35.98345],[127.62409,35.98724],[127.61991,35.98929],[127.61489,35.98755]]]}},{"type":"Feature","properties":{"h3":"8830c5c9ddfffff","emd_code":"5273025000","emd_name":"무주읍","area_km2":0.5268,"edge":false,"slope_mean":30.14,"elev_mean":415.7,"flood_hist_n":0,"flood_depth_max_m":null,"flood_risk_100y":null,"semi_basement_r":null,"elderly_alone_r":0.209,"bldg_age30_r":null,"shelter_min_walk":78,"pop":9487,"hh":4828,"elderly65_r":0.289,"single_hh_r":0.4816,"source_level":"emd","flood_years":[],"landslide_hist_n":0},"geometry":{"type":"Polygon","coordinates":[[[127.59985,35.98233],[127.59901,35.97854],[127.60319,35.97649],[127.6082,35.97823],[127.60904,35.98202],[127.60486,35.98407],[127.59985,35.98233]]]}},{"type":"Feature","properties":{"h3":"8830c5c9e1fffff","emd_code":"5273035000","emd_name":"부남면","area_km2":0.527,"edge":false,"slope_mean":28.05,"elev_mean":629.6,"flood_hist_n":0,"flood_depth_max_m":null,"flood_risk_100y":null,"semi_basement_r":null,"elderly_alone_r":0.3849,"bldg_age30_r":null,"shelter_min_walk":126,"pop":1343,"hh":873,"elderly65_r":0.5681,"single_hh_r":0.6163,"source_level":"emd","flood_years":[],"landslide_hist_n":0},"geometry":{"type":"Polygon","coordinates":[[[127.57644,35.9602],[127.5756,35.9564],[127.57978,35.95435],[127.5848,35.95609],[127.58563,35.95988],[127.58146,35.96194],[127.57644,35.9602]]]}},{"type":"Feature","properties":{"h3":"8830c5c9e3fffff","emd_code":"5273033000","emd_name":"적상면","area_km2":0.5271,"edge":false,"slope_mean":20.8,"elev_mean":647.9,"flood_hist_n":0,"flood_depth_max_m":null,"flood_risk_100y":null,"semi_basement_r":null,"elderly_alone_r":0.3444,"bldg_age30_r":null,"shelter_min_walk":117,"pop":2557,"hh":1591,"elderly65_r":0.5108,"single_hh_r":0.5827,"source_level":"emd","flood_years":[],"landslide_hist_n":0},"geometry":{"type":"Polygon","coordinates":[[[127.58563,35.95988],[127.5848,35.95609],[127.58897,35.95404],[127.59399,35.95578],[127.59483,35.95957],[127.59065,35.96163],[127.58563,35.95988]]]}},{"type":"Feature","properties":{"h3":"8830c5c9e5fffff","emd_code":"5273035000","emd_name":"부남면","area_km2":0.5271,"edge":false,"slope_mean":28.38,"elev_mean":496.5,"flood_hist_n":0,"flood_depth_max_m":null,"flood_risk_100y":null,"semi_basement_r":null,"elderly_alone_r":0.3849,"bldg_age30_r":null,"shelter_min_walk":138,"pop":1343,"hh":873,"elderly65_r":0.5681,"single_hh_r":0.6163,"source_level":"emd","flood_years":[],"landslide_hist_n":0},"geometry":{"type":"Polygon","coordinates":[[[127.57059,35.95466],[127.56975,35.95087],[127.57393,35.94881],[127.57895,35.95056],[127.57978,35.95435],[127.5756,35.9564],[127.57059,35.95466]]]}},{"type":"Feature","properties":{"h3":"8830c5c9e7fffff","emd_code":"5273035000","emd_name":"부남면","area_km2":0.5271,"edge":false,"slope_mean":27.43,"elev_mean":569.9,"flood_hist_n":0,"flood_depth_max_m":null,"flood_risk_100y":null,"semi_basement_r":null,"elderly_alone_r":0.3849,"bldg_age30_r":null,"shelter_min_walk":129,"pop":1343,"hh":873,"elderly65_r":0.5681,"single_hh_r":0.6163,"source_level":"emd","flood_years":[],"landslide_hist_n":0},"geometry":{"type":"Polygon","coordinates":[[[127.57978,35.95435],[127.57895,35.95056],[127.58312,35.9485],[127.58814,35.95024],[127.58897,35.95404],[127.5848,35.95609],[127.57978,35.95435]]]}},{"type":"Feature","properties":{"h3":"8830c5c9e9fffff","emd_code":"5273035000","emd_name":"부남면","area_km2":0.5269,"edge":false,"slope_mean":30.5,"elev_mean":507.5,"flood_hist_n":0,"flood_depth_max_m":null,"flood_risk_100y":null,"semi_basement_r":null,"elderly_alone_r":0.3849,"bldg_age30_r":null,"shelter_min_walk":123,"pop":1343,"hh":873,"elderly65_r":0.5681,"single_hh_r":0.6163,"source_level":"emd","flood_years":[],"landslide_hist_n":0},"geometry":{"type":"Polygon","coordinates":[[[127.5731,35.96604],[127.57226,35.96225],[127.57644,35.9602],[127.58146,35.96194],[127.58229,35.96573],[127.57812,35.96778],[127.5731,35.96604]]]}},{"type":"Feature","properties":{"h3":"8830c5c9ebfffff","emd_code":"5273035000","emd_name":"부남면","area_km2":0.527,"edge":false,"slope_mean":26.2,"elev_mean":696.6,"flood_hist_n":0,"flood_depth_max_m":null,"flood_risk_100y":null,"semi_basement_r":null,"elderly_alone_r":0.3849,"bldg_age30_r":null,"shelter_min_walk":114,"pop":1343,"hh":873,"elderly65_r":0.5681,"single_hh_r":0.6163,"source_level":"emd","flood_years":[],"landslide_hist_n":0},"geometry":{"type":"Polygon","coordinates":[[[127.58229,35.96573],[127.58146,35.96194],[127.58563,35.95988],[127.59065,35.96163],[127.59148,35.96542],[127.58731,35.96747],[127.58229,35.96573]]]}},{"type":"Feature","properties":{"h3":"8830c5c9edfffff","emd_code":"5273035000","emd_name":"부남면","area_km2":0.527,"edge":false,"slope_mean":31.63,"elev_mean":555.5,"flood_hist_n":0,"flood_depth_max_m":null,"flood_risk_100y":null,"semi_basement_r":null,"elderly_alone_r":0.3849,"bldg_age30_r":null,"shelter_min_walk":135,"pop":1343,"hh":873,"elderly65_r":0.5681,"single_hh_r":0.6163,"source_level":"emd","flood_years":[],"landslide_hist_n":0},"geometry":{"type":"Polygon","coordinates":[[[127.56725,35.9605],[127.56641,35.95671],[127.57059,35.95466],[127.5756,35.9564],[127.57644,35.9602],[127.57226,35.96225],[127.56725,35.9605]]]}},{"type":"Feature","properties":{"h3":"8830c5ca05fffff","emd_code":"5273035000","emd_name":"부남면","area_km2":0.5255,"edge":true,"slope_mean":20.21,"elev_mean":298.8,"flood_hist_n":0,"flood_depth_max_m":null,"flood_risk_100y":null,"semi_basement_r":null,"elderly_alone_r":0.3849,"bldg_age30_r":null,"shelter_min_walk":146,"pop":1343,"hh":873,"elderly65_r":0.5681,"single_hh_r":0.6163,"source_level":"emd","flood_years":[],"landslide_hist_n":0},"geometry":{"type":"Polygon","coordinates":[[[127.54805,36.04133],[127.54722,36.03754],[127.55139,36.03549],[127.55641,36.03724],[127.55725,36.04102],[127.55307,36.04307],[127.54805,36.04133]]]}},{"type":"Feature","properties":{"h3":"8830c5ca21fffff","emd_code":"5273035000","emd_name":"부남면","area_km2":0.5257,"edge":false,"slope_mean":18.5,"elev_mean":314.4,"flood_hist_n":1,"flood_depth_max_m":0.5,"flood_risk_100y":null,"semi_basement_r":null,"elderly_alone_r":0.3849,"bldg_age30_r":null,"shelter_min_walk":143,"pop":1343,"hh":873,"elderly65_r":0.5681,"single_hh_r":0.6163,"source_level":"emd","flood_years":[2020],"landslide_hist_n":0},"geometry":{"type":"Polygon","coordinates":[[[127.54554,36.02997],[127.54471,36.02618],[127.54889,36.02413],[127.5539,36.02587],[127.55474,36.02966],[127.55056,36.03171],[127.54554,36.02997]]]}},{"type":"Feature","properties":{"h3":"8830c5ca23fffff","emd_code":"5273035000","emd_name":"부남면","area_km2":0.5258,"edge":false,"slope_mean":22.65,"elev_mean":362.3,"flood_hist_n":0,"flood_depth_max_m":null,"flood_risk_100y":null,"semi_basement_r":null,"elderly_alone_r":0.3849,"bldg_age30_r":null,"shelter_min_walk":131,"pop":1343,"hh":873,"elderly65_r":0.5681,"single_hh_r":0.6163,"source_level":"emd","flood_years":[],"landslide_hist_n":0},"geometry":{"type":"Polygon","coordinates":[[[127.55474,36.02966],[127.5539,36.02587],[127.55808,36.02382],[127.56309,36.02557],[127.56393,36.02935],[127.55975,36.0314],[127.55474,36.02966]]]}},{"type":"Feature","properties":{"h3":"8830c5ca25fffff","emd_code":"5273035000","emd_name":"부남면","area_km2":0.5258,"edge":false,"slope_mean":16.55,"elev_mean":346.6,"flood_hist_n":0,"flood_depth_max_m":null,"flood_risk_100y":null,"semi_basement_r":null,"elderly_alone_r":0.3849,"bldg_age30_r":null,"shelter_min_walk":149,"pop":1343,"hh":873,"elderly65_r":0.5681,"single_hh_r":0.6163,"source_level":"emd","flood_years":[],"landslide_hist_n":0},"geometry":{"type":"Polygon","coordinates":[[[127.53969,36.02444],[127.53886,36.02065],[127.54303,36.0186],[127.54805,36.02034],[127.54889,36.02413],[127.54471,36.02618],[127.53969,36.02444]]]}},{"type":"Feature","properties":{"h3":"8830c5ca27fffff","emd_code":"5273035000","emd_name":"부남면","area_km2":0.5258,"edge":false,"slope_mean":15.23,"elev_mean":300.6,"flood_hist_n":1,"flood_depth_max_m":1.0,"flood_risk_100y":null,"semi_basement_r":null,"elderly_alone_r":0.3849,"bldg_age30_r":null,"shelter_min_walk":136,"pop":1343,"hh":873,"elderly65_r":0.5681,"single_hh_r":0.6163,"source_level":"emd","flood_years":[2020],"landslide_hist_n":0},"geometry":{"type":"Polygon","coordinates":[[[127.54889,36.02413],[127.54805,36.02034],[127.55223,36.01829],[127.55724,36.02004],[127.55808,36.02382],[127.5539,36.02587],[127.54889,36.02413]]]}},{"type":"Feature","properties":{"h3":"8830c5ca29fffff","emd_code":"5273035000","emd_name":"부남면","area_km2":0.5256,"edge":false,"slope_mean":20.16,"elev_mean":356.2,"flood_hist_n":0,"flood_depth_max_m":null,"flood_risk_100y":null,"semi_basement_r":null,"elderly_alone_r":0.3849,"bldg_age30_r":null,"shelter_min_walk":150,"pop":1343,"hh":873,"elderly65_r":0.5681,"single_hh_r":0.6163,"source_level":"emd","flood_years":[],"landslide_hist_n":1},"geometry":{"type":"Polygon","coordinates":[[[127.5422,36.0358],[127.54137,36.03201],[127.54554,36.02997],[127.55056,36.03171],[127.55139,36.03549],[127.54722,36.03754],[127.5422,36.0358]]]}},{"type":"Feature","properties":{"h3":"8830c5ca2bfffff","emd_code":"5273035000","emd_name":"부남면","area_km2":0.5257,"edge":true,"slope_mean":22.9,"elev_mean":362.2,"flood_hist_n":0,"flood_depth_max_m":null,"flood_risk_100y":null,"semi_basement_r":null,"elderly_alone_r":0.3849,"bldg_age30_r":null,"shelter_min_walk":138,"pop":1343,"hh":873,"elderly65_r":0.5681,"single_hh_r":0.6163,"source_level":"emd","flood_years":[],"landslide_hist_n":0},"geometry":{"type":"Polygon","coordinates":[[[127.55139,36.03549],[127.55056,36.03171],[127.55474,36.02966],[127.55975,36.0314],[127.56059,36.03519],[127.55641,36.03724],[127.55139,36.03549]]]}},{"type":"Feature","properties":{"h3":"8830c5ca2dfffff","emd_code":"5273035000","emd_name":"부남면","area_km2":0.5257,"edge":false,"slope_mean":19.44,"elev_mean":408.4,"flood_hist_n":0,"flood_depth_max_m":null,"flood_risk_100y":null,"semi_basement_r":null,"elderly_alone_r":0.3849,"bldg_age30_r":null,"shelter_min_walk":155,"pop":1343,"hh":873,"elderly65_r":0.5681,"single_hh_r":0.6163,"source_level":"emd","flood_years":[],"landslide_hist_n":0},"geometry":{"type":"Polygon","coordinates":[[[127.53635,36.03027],[127.53552,36.02648],[127.53969,36.02444],[127.54471,36.02618],[127.54554,36.02997],[127.54137,36.03201],[127.53635,36.03027]]]}},{"type":"Feature","properties":{"h3":"8830c5ca35fffff","emd_code":"5273035000","emd_name":"부남면","area_km2":0.5258,"edge":false,"slope_mean":21.41,"elev_mean":354.7,"flood_hist_n":0,"flood_depth_max_m":null,"flood_risk_100y":null,"semi_basement_r":null,"elderly_alone_r":0.3849,"bldg_age30_r":null,"shelter_min_walk":119,"pop":1343,"hh":873,"elderly65_r":0.5681,"single_hh_r":0.6163,"source_level":"emd","flood_years":[],"landslide_hist_n":0},"geometry":{"type":"Polygon","coordinates":[[[127.56393,36.02935],[127.56309,36.02557],[127.56727,36.02352],[127.57228,36.02526],[127.57312,36.02905],[127.56894,36.03109],[127.56393,36.02935]]]}},{"type":"Feature","properties":{"h3":"8830c5ca37fffff","emd_code":"5273035000","emd_name":"부남면","area_km2":0.5259,"edge":true,"slope_mean":20.61,"elev_mean":326.7,"flood_hist_n":0,"flood_depth_max_m":null,"flood_risk_100y":null,"semi_basement_r":null,"elderly_alone_r":0.3849,"bldg_age30_r":null,"shelter_min_walk":107,"pop":1343,"hh":873,"elderly65_r":0.5681,"single_hh_r":0.6163,"source_level":"emd","flood_years":[],"landslide_hist_n":0},"geometry":{"type":"Polygon","coordinates":[[[127.57312,36.02905],[127.57228,36.02526],[127.57646,36.02321],[127.58148,36.02495],[127.58231,36.02874],[127.57813,36.03079],[127.57312,36.02905]]]}},{"type":"Feature","properties":{"h3":"8830c5ca3dfffff","emd_code":"5273035000","emd_name":"부남면","area_km2":0.5257,"edge":true,"slope_mean":23.52,"elev_mean":366.6,"flood_hist_n":0,"flood_depth_max_m":null,"flood_risk_100y":null,"semi_basement_r":null,"elderly_alone_r":0.3849,"bldg_age30_r":null,"shelter_min_walk":126,"pop":1343,"hh":873,"elderly65_r":0.5681,"single_hh_r":0.6163,"source_level":"emd","flood_years":[],"landslide_hist_n":0},"geometry":{"type":"Polygon","coordinates":[[[127.56059,36.03519],[127.55975,36.0314],[127.56393,36.02935],[127.56894,36.03109],[127.56978,36.03488],[127.5656,36.03693],[127.56059,36.03519]]]}},{"type":"Feature","properties":{"h3":"8830c5ca61fffff","emd_code":"5273035000","emd_name":"부남면","area_km2":0.5254,"edge":false,"slope_mean":25.53,"elev_mean":430.8,"flood_hist_n":0,"flood_depth_max_m":null,"flood_risk_100y":null,"semi_basement_r":null,"elderly_alone_r":0.3849,"bldg_age30_r":null,"shelter_min_walk":169,"pop":1343,"hh":873,"elderly65_r":0.5681,"single_hh_r":0.6163,"source_level":"emd","flood_years":[],"landslide_hist_n":0},"geometry":{"type":"Polygon","coordinates":[[[127.52967,36.04194],[127.52884,36.03815],[127.53301,36.0361],[127.53803,36.03785],[127.53886,36.04163],[127.53469,36.04368],[127.52967,36.04194]]]}},{"type":"Feature","properties":{"h3":"8830c5ca63fffff","emd_code":"5273035000","emd_name":"부남면","area_km2":0.5255,"edge":true,"slope_mean":17.51,"elev_mean":345.6,"flood_hist_n":0,"flood_depth_max_m":null,"flood_risk_100y":null,"semi_basement_r":null,"elderly_alone_r":0.3849,"bldg_age30_r":null,"shelter_min_walk":157,"pop":1343,"hh":873,"elderly65_r":0.5681,"single_hh_r":0.6163,"source_level":"emd","flood_years":[],"landslide_hist_n":0},"geometry":{"type":"Polygon","coordinates":[[[127.53886,36.04163],[127.53803,36.03785],[127.5422,36.0358],[127.54722,36.03754],[127.54805,36.04133],[127.54388,36.04337],[127.53886,36.04163]]]}},{"type":"Feature","properties":{"h3":"8830c5ca65fffff","emd_code":"5273035000","emd_name":"부남면","area_km2":0.5255,"edge":true,"slope_mean":26.81,"elev_mean":377.8,"flood_hist_n":0,"flood_depth_max_m":null,"flood_risk_100y":null,"semi_basement_r":null,"elderly_alone_r":0.3849,"bldg_age30_r":null,"shelter_min_walk":174,"pop":1343,"hh":873,"elderly65_r":0.5681,"single_hh_r":0.6163,"source_level":"emd","flood_years":[],"landslide_hist_n":0},"geometry":{"type":"Polygon","coordinates":[[[127.52382,36.03641],[127.52299,36.03262],[127.52716,36.03057],[127.53218,36.03232],[127.53301,36.0361],[127.52884,36.03815],[127.52382,36.03641]]]}},{"type":"Feature","properties":{"h3":"8830c5ca67fffff","emd_code":"5273035000","emd_name":"부남면","area_km2":0.5256,"edge":false,"slope_mean":21.08,"elev_mean":417.1,"flood_hist_n":0,"flood_depth_max_m":null,"flood_risk_100y":null,"semi_basement_r":null,"elderly_alone_r":0.3849,"bldg_age30_r":null,"shelter_min_walk":162,"pop":1343,"hh":873,"elderly65_r":0.5681,"single_hh_r":0.6163,"source_level":"emd","flood_years":[],"landslide_hist_n":1},"geometry":{"type":"Polygon","coordinates":[[[127.53301,36.0361],[127.53218,36.03232],[127.53635,36.03027],[127.54137,36.03201],[127.5422,36.0358],[127.53803,36.03785],[127.53301,36.0361]]]}},{"type":"Feature","properties":{"h3":"8830c5ca81fffff","emd_code":"5273025000","emd_name":"무주읍","area_km2":0.5258,"edge":false,"slope_mean":17.65,"elev_mean":197.3,"flood_hist_n":0,"flood_depth_max_m":null,"flood_risk_100y":null,"semi_basement_r":null,"elderly_alone_r":0.209,"bldg_age30_r":null,"shelter_min_walk":73,"pop":9487,"hh":4828,"elderly65_r":0.289,"single_hh_r":0.4816,"source_level":"emd","flood_years":[],"landslide_hist_n":0},"geometry":{"type":"Polygon","coordinates":[[[127.61826,36.0447],[127.61742,36.04091],[127.6216,36.03886],[127.62662,36.0406],[127.62746,36.04439],[127.62328,36.04644],[127.61826,36.0447]]]}},{"type":"Feature","properties":{"h3":"8830c5ca83fffff","emd_code":"5273025000","emd_name":"무주읍","area_km2":0.5259,"edge":false,"slope_mean":21.58,"elev_mean":246.9,"flood_hist_n":0,"flood_depth_max_m":null,"flood_risk_100y":null,"semi_basement_r":null,"elderly_alone_r":0.209,"bldg_age30_r":null,"shelter_min_walk":66,"pop":9487,"hh":4828,"elderly65_r":0.289,"single_hh_r":0.4816,"source_level":"emd","flood_years":[],"landslide_hist_n":0},"geometry":{"type":"Polygon","coordinates":[[[127.62746,36.04439],[127.62662,36.0406],[127.6308,36.03855],[127.63581,36.04029],[127.63665,36.04408],[127.63247,36.04613],[127.62746,36.04439]]]}},{"type":"Feature","properties":{"h3":"8830c5ca89fffff","emd_code":"5273025000","emd_name":"무주읍","area_km2":0.5257,"edge":false,"slope_mean":22.32,"elev_mean":246.8,"flood_hist_n":0,"flood_depth_max_m":null,"flood_risk_100y":null,"semi_basement_r":null,"elderly_alone_r":0.209,"bldg_age30_r":null,"shelter_min_walk":83,"pop":9487,"hh":4828,"elderly65_r":0.289,"single_hh_r":0.4816,"source_level":"emd","flood_years":[],"landslide_hist_n":0},"geometry":{"type":"Polygon","coordinates":[[[127.61492,36.05054],[127.61408,36.04675],[127.61826,36.0447],[127.62328,36.04644],[127.62411,36.05022],[127.61993,36.05227],[127.61492,36.05054]]]}},{"type":"Feature","properties":{"h3":"8830c5ca8bfffff","emd_code":"5273025000","emd_name":"무주읍","area_km2":0.5258,"edge":false,"slope_mean":21.15,"elev_mean":223.0,"flood_hist_n":1,"flood_depth_max_m":1.0,"flood_risk_100y":null,"semi_basement_r":null,"elderly_alone_r":0.209,"bldg_age30_r":null,"shelter_min_walk":77,"pop":9487,"hh":4828,"elderly65_r":0.289,"single_hh_r":0.4816,"source_level":"emd","flood_years":[2020],"landslide_hist_n":0},"geometry":{"type":"Polygon","coordinates":[[[127.62411,36.05022],[127.62328,36.04644],[127.62746,36.04439],[127.63247,36.04613],[127.63331,36.04991],[127.62913,36.05196],[127.62411,36.05022]]]}},{"type":"Feature","properties":{"h3":"8830c5ca91fffff","emd_code":"5273025000","emd_name":"무주읍","area_km2":0.5259,"edge":false,"slope_mean":14.14,"elev_mean":234.5,"flood_hist_n":1,"flood_depth_max_m":1.0,"flood_risk_100y":null,"semi_basement_r":null,"elderly_alone_r":0.209,"bldg_age30_r":null,"shelter_min_walk":69,"pop":9487,"hh":4828,"elderly65_r":0.289,"single_hh_r":0.4816,"source_level":"emd","flood_years":[2020],"landslide_hist_n":0},"geometry":{"type":"Polygon","coordinates":[[[127.64251,36.0496],[127.64167,36.04582],[127.64585,36.04377],[127.65087,36.0455],[127.6517,36.04929],[127.64752,36.05134],[127.64251,36.0496]]]}},{"type":"Feature","properties":{"h3":"8830c5ca93fffff","emd_code":"5273025000","emd_name":"무주읍","area_km2":0.5259,"edge":false,"slope_mean":17.26,"elev_mean":282.0,"flood_hist_n":1,"flood_depth_max_m":0.5,"flood_risk_100y":null,"semi_basement_r":null,"elderly_alone_r":0.209,"bldg_age30_r":null,"shelter_min_walk":64,"pop":9487,"hh":4828,"elderly65_r":0.289,"single_hh_r":0.4816,"source_level":"emd","flood_years":[2020],"landslide_hist_n":0},"geometry":{"type":"Polygon","coordinates":[[[127.6517,36.04929],[127.65087,36.0455],[127.65504,36.04345],[127.66006,36.04519],[127.6609,36.04898],[127.65672,36.05103],[127.6517,36.04929]]]}},{"type":"Feature","properties":{"h3":"8830c5ca95fffff","emd_code":"5273025000","emd_name":"무주읍","area_km2":0.5259,"edge":false,"slope_mean":20.98,"elev_mean":291.5,"flood_hist_n":0,"flood_depth_max_m":null,"flood_risk_100y":null,"semi_basement_r":null,"elderly_alone_r":0.209,"bldg_age30_r":null,"shelter_min_walk":61,"pop":9487,"hh":4828,"elderly65_r":0.289,"single_hh_r":0.4816,"source_level":"emd","flood_years":[],"landslide_hist_n":0},"geometry":{"type":"Polygon","coordinates":[[[127.63665,36.04408],[127.63581,36.04029],[127.63999,36.03824],[127.64501,36.03998],[127.64585,36.04377],[127.64167,36.04582],[127.63665,36.04408]]]}},{"type":"Feature","properties":{"h3":"8830c5ca97fffff","emd_code":"5273025000","emd_name":"무주읍","area_km2":0.526,"edge":false,"slope_mean":20.42,"elev_mean":283.7,"flood_hist_n":1,"flood_depth_max_m":0.5,"flood_risk_100y":null,"semi_basement_r":null,"elderly_alone_r":0.209,"bldg_age30_r":null,"shelter_min_walk":58,"pop":9487,"hh":4828,"elderly65_r":0.289,"single_hh_r":0.4816,"source_level":"emd","flood_years":[2020],"landslide_hist_n":0},"geometry":{"type":"Polygon","coordinates":[[[127.64585,36.04377],[127.64501,36.03998],[127.64919,36.03793],[127.65421,36.03966],[127.65504,36.04345],[127.65087,36.0455],[127.64585,36.04377]]]}},{"type":"Feature","properties":{"h3":"8830c5ca99fffff","emd_code":"5273025000","emd_name":"무주읍","area_km2":0.5257,"edge":false,"slope_mean":19.38,"elev_mean":301.1,"flood_hist_n":0,"flood_depth_max_m":null,"flood_risk_100y":null,"semi_basement_r":null,"elderly_alone_r":0.209,"bldg_age30_r":null,"shelter_min_walk":79,"pop":9487,"hh":4828,"elderly65_r":0.289,"single_hh_r":0.4816,"source_level":"emd","flood_years":[],"landslide_hist_n":0},"geometry":{"type":"Polygon","coordinates":[[[127.63916,36.05544],[127.63833,36.05165],[127.64251,36.0496],[127.64752,36.05134],[127.64836,36.05513],[127.64418,36.05717],[127.63916,36.05544]]]}},{"type":"Feature","properties":{"h3":"8830c5ca9bfffff","emd_code":"5273025000","emd_name":"무주읍","area_km2":0.5258,"edge":false,"slope_mean":11.7,"elev_mean":244.0,"flood_hist_n":0,"flood_depth_max_m":null,"flood_risk_100y":null,"semi_basement_r":null,"elderly_alone_r":0.209,"bldg_age30_r":null,"shelter_min_walk":75,"pop":9487,"hh":4828,"elderly65_r":0.289,"single_hh_r":0.4816,"source_level":"emd","flood_years":[],"landslide_hist_n":1},"geometry":{"type":"Polygon","coordinates":[[[127.64836,36.05513],[127.64752,36.05134],[127.6517,36.04929],[127.65672,36.05103],[127.65756,36.05481],[127.65338,36.05686],[127.64836,36.05513]]]}},{"type":"Feature","properties":{"h3":"8830c5ca9dfffff","emd_code":"5273025000","emd_name":"무주읍","area_km2":0.5258,"edge":false,"slope_mean":20.24,"elev_mean":248.1,"flood_hist_n":1,"flood_depth_max_m":1.0,"flood_risk_100y":null,"semi_basement_r":null,"elderly_alone_r":0.209,"bldg_age30_r":null,"shelter_min_walk":72,"pop":9487,"hh":4828,"elderly65_r":0.289,"single_hh_r":0.4816,"source_level":"emd","flood_years":[2020],"landslide_hist_n":0},"geometry":{"type":"Polygon","coordinates":[[[127.63331,36.04991],[127.63247,36.04613],[127.63665,36.04408],[127.64167,36.04582],[127.64251,36.0496],[127.63833,36.05165],[127.63331,36.04991]]]}},{"type":"Feature","properties":{"h3":"8830c5caa1fffff","emd_code":"5273025000","emd_name":"무주읍","area_km2":0.5261,"edge":false,"slope_mean":20.4,"elev_mean":213.2,"flood_hist_n":0,"flood_depth_max_m":null,"flood_risk_100y":null,"semi_basement_r":null,"elderly_alone_r":0.209,"bldg_age30_r":null,"shelter_min_walk":61,"pop":9487,"hh":4828,"elderly65_r":0.289,"single_hh_r":0.4816,"source_level":"emd","flood_years":[],"landslide_hist_n":0},"geometry":{"type":"Polygon","coordinates":[[[127.60989,36.02781],[127.60906,36.02402],[127.61324,36.02197],[127.61825,36.02371],[127.61909,36.0275],[127.61491,36.02955],[127.60989,36.02781]]]}},{"type":"Feature","properties":{"h3":"8830c5caa3fffff","emd_code":"5273025000","emd_name":"무주읍","area_km2":0.5261,"edge":true,"slope_mean":19.23,"elev_mean":214.0,"flood_hist_n":0,"flood_depth_max_m":null,"flood_risk_100y":null,"semi_basement_r":null,"elderly_alone_r":0.209,"bldg_age30_r":null,"shelter_min_walk":51,"pop":9487,"hh":4828,"elderly65_r":0.289,"single_hh_r":0.4816,"source_level":"emd","flood_years":[],"landslide_hist_n":0},"geometry":{"type":"Polygon","coordinates":[[[127.61909,36.0275],[127.61825,36.02371],[127.62243,36.02166],[127.62745,36.0234],[127.62828,36.02719],[127.62411,36.02924],[127.61909,36.0275]]]}},{"type":"Feature","properties":{"h3":"8830c5caa5fffff","emd_code":"5273025000","emd_name":"무주읍","area_km2":0.5261,"edge":true,"slope_mean":23.13,"elev_mean":231.7,"flood_hist_n":0,"flood_depth_max_m":null,"flood_risk_100y":null,"semi_basement_r":null,"elderly_alone_r":0.209,"bldg_age30_r":null,"shelter_min_walk":64,"pop":9487,"hh":4828,"elderly65_r":0.289,"single_hh_r":0.4816,"source_level":"emd","flood_years":[],"landslide_hist_n":0},"geometry":{"type":"Polygon","coordinates":[[[127.60404,36.02228],[127.6032,36.01849],[127.60738,36.01644],[127.6124,36.01818],[127.61324,36.02197],[127.60906,36.02402],[127.60404,36.02228]]]}},{"type":"Feature","properties":{"h3":"8830c5caa7fffff","emd_code":"5273025000","emd_name":"무주읍","area_km2":0.5262,"edge":false,"slope_mean":19.91,"elev_mean":215.8,"flood_hist_n":1,"flood_depth_max_m":1.0,"flood_risk_100y":null,"semi_basement_r":null,"elderly_alone_r":0.209,"bldg_age30_r":null,"shelter_min_walk":53,"pop":9487,"hh":4828,"elderly65_r":0.289,"single_hh_r":0.4816,"source_level":"emd","flood_years":[2020],"landslide_hist_n":0},"geometry":{"type":"Polygon","coordinates":[[[127.61324,36.02197],[127.6124,36.01818],[127.61658,36.01613],[127.62159,36.01787],[127.62243,36.02166],[127.61825,36.02371],[127.61324,36.02197]]]}},{"type":"Feature","properties":{"h3":"8830c5cab1fffff","emd_code":"5273025000","emd_name":"무주읍","area_km2":0.5261,"edge":false,"slope_mean":15.29,"elev_mean":181.7,"flood_hist_n":1,"flood_depth_max_m":1.0,"flood_risk_100y":null,"semi_basement_r":null,"elderly_alone_r":0.209,"bldg_age30_r":null,"shelter_min_walk":45,"pop":9487,"hh":4828,"elderly65_r":0.289,"single_hh_r":0.4816,"source_level":"emd","flood_years":[2020],"landslide_hist_n":0},"geometry":{"type":"Polygon","coordinates":[[[127.63414,36.03271],[127.6333,36.02893],[127.63748,36.02688],[127.6425,36.02861],[127.64333,36.0324],[127.63916,36.03445],[127.63414,36.03271]]]}},{"type":"Feature","properties":{"h3":"8830c5cab3fffff","emd_code":"5273025000","emd_name":"무주읍","area_km2":0.5261,"edge":false,"slope_mean":13.46,"elev_mean":197.8,"flood_hist_n":1,"flood_depth_max_m":1.0,"flood_risk_100y":null,"semi_basement_r":null,"elderly_alone_r":0.209,"bldg_age30_r":null,"shelter_min_walk":40,"pop":9487,"hh":4828,"elderly65_r":0.289,"single_hh_r":0.4816,"source_level":"emd","flood_years":[2020],"landslide_hist_n":0},"geometry":{"type":"Polygon","coordinates":[[[127.64333,36.0324],[127.6425,36.02861],[127.64668,36.02656],[127.65169,36.0283],[127.65253,36.03209],[127.64835,36.03414],[127.64333,36.0324]]]}},{"type":"Feature","properties":{"h3":"8830c5cab5fffff","emd_code":"5273025000","emd_name":"무주읍","area_km2":0.5262,"edge":false,"slope_mean":21.29,"elev_mean":216.4,"flood_hist_n":0,"flood_depth_max_m":null,"flood_risk_100y":null,"semi_basement_r":null,"elderly_alone_r":0.209,"bldg_age30_r":null,"shelter_min_walk":41,"pop":9487,"hh":4828,"elderly65_r":0.289,"single_hh_r":0.4816,"source_level":"emd","flood_years":[],"landslide_hist_n":0},"geometry":{"type":"Polygon","coordinates":[[[127.62828,36.02719],[127.62745,36.0234],[127.63163,36.02135],[127.63664,36.02309],[127.63748,36.02688],[127.6333,36.02893],[127.62828,36.02719]]]}},{"type":"Feature","properties":{"h3":"8830c5cab7fffff","emd_code":"5273025000","emd_name":"무주읍","area_km2":0.5262,"edge":false,"slope_mean":10.53,"elev_mean":181.0,"flood_hist_n":1,"flood_depth_max_m":1.0,"flood_risk_100y":null,"semi_basement_r":null,"elderly_alone_r":0.209,"bldg_age30_r":null,"shelter_min_walk":34,"pop":9487,"hh":4828,"elderly65_r":0.289,"single_hh_r":0.4816,"source_level":"emd","flood_years":[2020],"landslide_hist_n":0},"geometry":{"type":"Polygon","coordinates":[[[127.63748,36.02688],[127.63664,36.02309],[127.64082,36.02104],[127.64584,36.02277],[127.64668,36.02656],[127.6425,36.02861],[127.63748,36.02688]]]}},{"type":"Feature","properties":{"h3":"8830c5cab9fffff","emd_code":"5273025000","emd_name":"무주읍","area_km2":0.526,"edge":false,"slope_mean":21.23,"elev_mean":212.5,"flood_hist_n":0,"flood_depth_max_m":null,"flood_risk_100y":null,"semi_basement_r":null,"elderly_alone_r":0.209,"bldg_age30_r":null,"shelter_min_walk":55,"pop":9487,"hh":4828,"elderly65_r":0.289,"single_hh_r":0.4816,"source_level":"emd","flood_years":[],"landslide_hist_n":0},"geometry":{"type":"Polygon","coordinates":[[[127.6308,36.03855],[127.62996,36.03476],[127.63414,36.03271],[127.63916,36.03445],[127.63999,36.03824],[127.63581,36.04029],[127.6308,36.03855]]]}},{"type":"Feature","properties":{"h3":"8830c5cabbfffff","emd_code":"5273025000","emd_name":"무주읍","area_km2":0.526,"edge":false,"slope_mean":20.9,"elev_mean":244.7,"flood_hist_n":1,"flood_depth_max_m":0.5,"flood_risk_100y":null,"semi_basement_r":null,"elderly_alone_r":0.209,"bldg_age30_r":null,"shelter_min_walk":51,"pop":9487,"hh":4828,"elderly65_r":0.289,"single_hh_r":0.4816,"source_level":"emd","flood_years":[2020],"landslide_hist_n":0},"geometry":{"type":"Polygon","coordinates":[[[127.63999,36.03824],[127.63916,36.03445],[127.64333,36.0324],[127.64835,36.03414],[127.64919,36.03793],[127.64501,36.03998],[127.63999,36.03824]]]}},{"type":"Feature","properties":{"h3":"8830c5cabdfffff","emd_code":"5273025000","emd_name":"무주읍","area_km2":0.526,"edge":false,"slope_mean":19.45,"elev_mean":207.5,"flood_hist_n":0,"flood_depth_max_m":null,"flood_risk_100y":null,"semi_basement_r":null,"elderly_alone_r":0.209,"bldg_age30_r":null,"shelter_min_walk":52,"pop":9487,"hh":4828,"elderly65_r":0.289,"single_hh_r":0.4816,"source_level":"emd","flood_years":[],"landslide_hist_n":0},"geometry":{"type":"Polygon","coordinates":[[[127.62494,36.03303],[127.62411,36.02924],[127.62828,36.02719],[127.6333,36.02893],[127.63414,36.03271],[127.62996,36.03476],[127.62494,36.03303]]]}},{"type":"Feature","properties":{"h3":"8830c5cac3fffff","emd_code":"5273025000","emd_name":"무주읍","area_km2":0.5256,"edge":true,"slope_mean":25.97,"elev_mean":318.4,"flood_hist_n":0,"flood_depth_max_m":null,"flood_risk_100y":null,"semi_basement_r":null,"elderly_alone_r":0.209,"bldg_age30_r":null,"shelter_min_walk":94,"pop":9487,"hh":4828,"elderly65_r":0.289,"single_hh_r":0.4816,"source_level":"emd","flood_years":[],"landslide_hist_n":0},"geometry":{"type":"Polygon","coordinates":[[[127.61158,36.05637],[127.61074,36.05258],[127.61492,36.05054],[127.61993,36.05227],[127.62077,36.05606],[127.61659,36.05811],[127.61158,36.05637]]]}},{"type":"Feature","properties":{"h3":"8830c5cad1fffff","emd_code":"5273025000","emd_name":"무주읍","area_km2":0.5256,"edge":false,"slope_mean":22.07,"elev_mean":308.3,"flood_hist_n":0,"flood_depth_max_m":null,"flood_risk_100y":null,"semi_basement_r":null,"elderly_alone_r":0.209,"bldg_age30_r":null,"shelter_min_walk":93,"pop":9487,"hh":4828,"elderly65_r":0.289,"single_hh_r":0.4816,"source_level":"emd","flood_years":[],"landslide_hist_n":0},"geometry":{"type":"Polygon","coordinates":[[[127.62663,36.06158],[127.62579,36.0578],[127.62997,36.05575],[127.63498,36.05749],[127.63582,36.06127],[127.63164,36.06332],[127.62663,36.06158]]]}},{"type":"Feature","properties":{"h3":"8830c5cad3fffff","emd_code":"5273025000","emd_name":"무주읍","area_km2":0.5256,"edge":false,"slope_mean":22.87,"elev_mean":376.9,"flood_hist_n":0,"flood_depth_max_m":null,"flood_risk_100y":null,"semi_basement_r":null,"elderly_alone_r":0.209,"bldg_age30_r":null,"shelter_min_walk":89,"pop":9487,"hh":4828,"elderly65_r":0.289,"single_hh_r":0.4816,"source_level":"emd","flood_years":[],"landslide_hist_n":0},"geometry":{"type":"Polygon","coordinates":[[[127.63582,36.06127],[127.63498,36.05749],[127.63916,36.05544],[127.64418,36.05717],[127.64502,36.06096],[127.64084,36.06301],[127.63582,36.06127]]]}},{"type":"Feature","properties":{"h3":"8830c5cad5fffff","emd_code":"5273025000","emd_name":"무주읍","area_km2":0.5256,"edge":false,"slope_mean":22.57,"elev_mean":268.1,"flood_hist_n":0,"flood_depth_max_m":null,"flood_risk_100y":null,"semi_basement_r":null,"elderly_alone_r":0.209,"bldg_age30_r":null,"shelter_min_walk":87,"pop":9487,"hh":4828,"elderly65_r":0.289,"single_hh_r":0.4816,"source_level":"emd","flood_years":[],"landslide_hist_n":0},"geometry":{"type":"Polygon","coordinates":[[[127.62077,36.05606],[127.61993,36.05227],[127.62411,36.05022],[127.62913,36.05196],[127.62997,36.05575],[127.62579,36.0578],[127.62077,36.05606]]]}},{"type":"Feature","properties":{"h3":"8830c5cad7fffff","emd_code":"5273025000","emd_name":"무주읍","area_km2":0.5257,"edge":false,"slope_mean":21.22,"elev_mean":275.2,"flood_hist_n":0,"flood_depth_max_m":null,"flood_risk_100y":null,"semi_basement_r":null,"elderly_alone_r":0.209,"bldg_age30_r":null,"shelter_min_walk":82,"pop":9487,"hh":4828,"elderly65_r":0.289,"single_hh_r":0.4816,"source_level":"emd","flood_years":[],"landslide_hist_n":0},"geometry":{"type":"Polygon","coordinates":[[[127.62997,36.05575],[127.62913,36.05196],[127.63331,36.04991],[127.63833,36.05165],[127.63916,36.05544],[127.63498,36.05749],[127.62997,36.05575]]]}},{"type":"Feature","properties":{"h3":"8830c5cad9fffff","emd_code":"5273025000","emd_name":"무주읍","area_km2":0.5255,"edge":false,"slope_mean":27.29,"elev_mean":395.2,"flood_hist_n":0,"flood_depth_max_m":null,"flood_risk_100y":null,"semi_basement_r":null,"elderly_alone_r":0.209,"bldg_age30_r":null,"shelter_min_walk":104,"pop":9487,"hh":4828,"elderly65_r":0.289,"single_hh_r":0.4816,"source_level":"emd","flood_years":[],"landslide_hist_n":0},"geometry":{"type":"Polygon","coordinates":[[[127.62328,36.06742],[127.62245,36.06363],[127.62663,36.06158],[127.63164,36.06332],[127.63248,36.06711],[127.6283,36.06915],[127.62328,36.06742]]]}},{"type":"Feature","properties":{"h3":"8830c5cadbfffff","emd_code":"5273025000","emd_name":"무주읍","area_km2":0.5255,"edge":false,"slope_mean":26.21,"elev_mean":457.1,"flood_hist_n":0,"flood_depth_max_m":null,"flood_risk_100y":null,"semi_basement_r":null,"elderly_alone_r":0.209,"bldg_age30_r":null,"shelter_min_walk":100,"pop":9487,"hh":4828,"elderly65_r":0.289,"single_hh_r":0.4816,"source_level":"emd","flood_years":[],"landslide_hist_n":0},"geometry":{"type":"Polygon","coordinates":[[[127.63248,36.06711],[127.63164,36.06332],[127.63582,36.06127],[127.64084,36.06301],[127.64168,36.0668],[127.6375,36.06884],[127.63248,36.06711]]]}},{"type":"Feature","properties":{"h3":"8830c5caddfffff","emd_code":"5273025000","emd_name":"무주읍","area_km2":0.5255,"edge":false,"slope_mean":26.32,"elev_mean":364.5,"flood_hist_n":0,"flood_depth_max_m":null,"flood_risk_100y":null,"semi_basement_r":null,"elderly_alone_r":0.209,"bldg_age30_r":null,"shelter_min_walk":98,"pop":9487,"hh":4828,"elderly65_r":0.289,"single_hh_r":0.4816,"source_level":"emd","flood_years":[],"landslide_hist_n":0},"geometry":{"type":"Polygon","coordinates":[[[127.61743,36.06189],[127.61659,36.05811],[127.62077,36.05606],[127.62579,36.0578],[127.62663,36.06158],[127.62245,36.06363],[127.61743,36.06189]]]}},{"type":"Feature","properties":{"h3":"8830c5cb11fffff","emd_code":"5273035000","emd_name":"부남면","area_km2":0.526,"edge":false,"slope_mean":22.3,"elev_mean":417.8,"flood_hist_n":0,"flood_depth_max_m":null,"flood_risk_100y":null,"semi_basement_r":null,"elderly_alone_r":0.3849,"bldg_age30_r":null,"shelter_min_walk":150,"pop":1343,"hh":873,"elderly65_r":0.5681,"single_hh_r":0.6163,"source_level":"emd","flood_years":[],"landslide_hist_n":0},"geometry":{"type":"Polygon","coordinates":[[[127.53719,36.01307],[127.53635,36.00928],[127.54053,36.00723],[127.54554,36.00897],[127.54638,36.01276],[127.5422,36.01481],[127.53719,36.01307]]]}},{"type":"Feature","properties":{"h3":"8830c5cb13fffff","emd_code":"5273035000","emd_name":"부남면","area_km2":0.526,"edge":false,"slope_mean":19.8,"elev_mean":412.3,"flood_hist_n":0,"flood_depth_max_m":null,"flood_risk_100y":null,"semi_basement_r":null,"elderly_alone_r":0.3849,"bldg_age30_r":null,"shelter_min_walk":137,"pop":1343,"hh":873,"elderly65_r":0.5681,"single_hh_r":0.6163,"source_level":"emd","flood_years":[],"landslide_hist_n":2},"geometry":{"type":"Polygon","coordinates":[[[127.54638,36.01276],[127.54554,36.00897],[127.54972,36.00693],[127.55473,36.00867],[127.55557,36.01246],[127.55139,36.01451],[127.54638,36.01276]]]}},{"type":"Feature","properties":{"h3":"8830c5cb15fffff","emd_code":"5273035000","emd_name":"부남면","area_km2":0.526,"edge":false,"slope_mean":22.29,"elev_mean":391.7,"flood_hist_n":0,"flood_depth_max_m":null,"flood_risk_100y":null,"semi_basement_r":null,"elderly_alone_r":0.3849,"bldg_age30_r":null,"shelter_min_walk":157,"pop":1343,"hh":873,"elderly65_r":0.5681,"single_hh_r":0.6163,"source_level":"emd","flood_years":[],"landslide_hist_n":0},"geometry":{"type":"Polygon","coordinates":[[[127.53134,36.00754],[127.5305,36.00375],[127.53468,36.0017],[127.53969,36.00344],[127.54053,36.00723],[127.53635,36.00928],[127.53134,36.00754]]]}},{"type":"Feature","properties":{"h3":"8830c5cb17fffff","emd_code":"5273035000","emd_name":"부남면","area_km2":0.5261,"edge":false,"slope_mean":21.53,"elev_mean":369.6,"flood_hist_n":0,"flood_depth_max_m":null,"flood_risk_100y":null,"semi_basement_r":null,"elderly_alone_r":0.3849,"bldg_age30_r":null,"shelter_min_walk":145,"pop":1343,"hh":873,"elderly65_r":0.5681,"single_hh_r":0.6163,"source_level":"emd","flood_years":[],"landslide_hist_n":0},"geometry":{"type":"Polygon","coordinates":[[[127.54053,36.00723],[127.53969,36.00344],[127.54387,36.0014],[127.54888,36.00314],[127.54972,36.00693],[127.54554,36.00897],[127.54053,36.00723]]]}},{"type":"Feature","properties":{"h3":"8830c5cb19fffff","emd_code":"5273035000","emd_name":"부남면","area_km2":0.5258,"edge":false,"slope_mean":19.73,"elev_mean":370.4,"flood_hist_n":0,"flood_depth_max_m":null,"flood_risk_100y":null,"semi_basement_r":null,"elderly_alone_r":0.3849,"bldg_age30_r":null,"shelter_min_walk":155,"pop":1343,"hh":873,"elderly65_r":0.5681,"single_hh_r":0.6163,"source_level":"emd","flood_years":[],"landslide_hist_n":2},"geometry":{"type":"Polygon","coordinates":[[[127.53384,36.01891],[127.53301,36.01512],[127.53719,36.01307],[127.5422,36.01481],[127.54303,36.0186],[127.53886,36.02065],[127.53384,36.01891]]]}},{"type":"Feature","properties":{"h3":"8830c5cb1bfffff","emd_code":"5273035000","emd_name":"부남면","area_km2":0.5259,"edge":false,"slope_mean":18.84,"elev_mean":389.0,"flood_hist_n":0,"flood_depth_max_m":null,"flood_risk_100y":null,"semi_basement_r":null,"elderly_alone_r":0.3849,"bldg_age30_r":null,"shelter_min_walk":143,"pop":1343,"hh":873,"elderly65_r":0.5681,"single_hh_r":0.6163,"source_level":"emd","flood_years":[],"landslide_hist_n":0},"geometry":{"type":"Polygon","coordinates":[[[127.54303,36.0186],[127.5422,36.01481],[127.54638,36.01276],[127.55139,36.01451],[127.55223,36.01829],[127.54805,36.02034],[127.54303,36.0186]]]}},{"type":"Feature","properties":{"h3":"8830c5cb1dfffff","emd_code":"5273035000","emd_name":"부남면","area_km2":0.5259,"edge":true,"slope_mean":23.38,"elev_mean":374.4,"flood_hist_n":0,"flood_depth_max_m":null,"flood_risk_100y":null,"semi_basement_r":null,"elderly_alone_r":0.3849,"bldg_age30_r":null,"shelter_min_walk":162,"pop":1343,"hh":873,"elderly65_r":0.5681,"single_hh_r":0.6163,"source_level":"emd","flood_years":[],"landslide_hist_n":1},"geometry":{"type":"Polygon","coordinates":[[[127.528,36.01337],[127.52716,36.00959],[127.53134,36.00754],[127.53635,36.00928],[127.53719,36.01307],[127.53301,36.01512],[127.528,36.01337]]]}},{"type":"Feature","properties":{"h3":"8830c5cb31fffff","emd_code":"5273035000","emd_name":"부남면","area_km2":0.5262,"edge":true,"slope_mean":19.85,"elev_mean":342.3,"flood_hist_n":0,"flood_depth_max_m":null,"flood_risk_100y":null,"semi_basement_r":null,"elderly_alone_r":0.3849,"bldg_age30_r":null,"shelter_min_walk":162,"pop":1343,"hh":873,"elderly65_r":0.5681,"single_hh_r":0.6163,"source_level":"emd","flood_years":[],"landslide_hist_n":0},"geometry":{"type":"Polygon","coordinates":[[[127.52883,35.99617],[127.52799,35.99238],[127.53217,35.99033],[127.53718,35.99207],[127.53802,35.99586],[127.53384,35.99791],[127.52883,35.99617]]]}},{"type":"Feature","properties":{"h3":"8830c5cb33fffff","emd_code":"5273035000","emd_name":"부남면","area_km2":0.5263,"edge":false,"slope_mean":24.2,"elev_mean":339.2,"flood_hist_n":0,"flood_depth_max_m":null,"flood_risk_100y":null,"semi_basement_r":null,"elderly_alone_r":0.3849,"bldg_age30_r":null,"shelter_min_walk":150,"pop":1343,"hh":873,"elderly65_r":0.5681,"single_hh_r":0.6163,"source_level":"emd","flood_years":[],"landslide_hist_n":0},"geometry":{"type":"Polygon","coordinates":[[[127.53802,35.99586],[127.53718,35.99207],[127.54136,35.99002],[127.54637,35.99177],[127.54721,35.99556],[127.54303,35.99761],[127.53802,35.99586]]]}},{"type":"Feature","properties":{"h3":"8830c5cb35fffff","emd_code":"5273035000","emd_name":"부남면","area_km2":0.5263,"edge":true,"slope_mean":24.65,"elev_mean":425.7,"flood_hist_n":0,"flood_depth_max_m":null,"flood_risk_100y":null,"semi_basement_r":null,"elderly_alone_r":0.3849,"bldg_age30_r":null,"shelter_min_walk":171,"pop":1343,"hh":873,"elderly65_r":0.5681,"single_hh_r":0.6163,"source_level":"emd","flood_years":[],"landslide_hist_n":0},"geometry":{"type":"Polygon","coordinates":[[[127.52298,35.99064],[127.52214,35.98684],[127.52632,35.9848],[127.53133,35.98654],[127.53217,35.99033],[127.52799,35.99238],[127.52298,35.99064]]]}},{"type":"Feature","properties":{"h3":"8830c5cb37fffff","emd_code":"5273035000","emd_name":"부남면","area_km2":0.5263,"edge":false,"slope_mean":24.46,"elev_mean":326.1,"flood_hist_n":0,"flood_depth_max_m":null,"flood_risk_100y":null,"semi_basement_r":null,"elderly_alone_r":0.3849,"bldg_age30_r":null,"shelter_min_walk":159,"pop":1343,"hh":873,"elderly65_r":0.5681,"single_hh_r":0.6163,"source_level":"emd","flood_years":[],"landslide_hist_n":0},"geometry":{"type":"Polygon","coordinates":[[[127.53217,35.99033],[127.53133,35.98654],[127.53551,35.98449],[127.54052,35.98623],[127.54136,35.99002],[127.53718,35.99207],[127.53217,35.99033]]]}},{"type":"Feature","properties":{"h3":"8830c5cb3bfffff","emd_code":"5273035000","emd_name":"부남면","area_km2":0.5261,"edge":false,"slope_mean":22.49,"elev_mean":359.6,"flood_hist_n":0,"flood_depth_max_m":null,"flood_risk_100y":null,"semi_basement_r":null,"elderly_alone_r":0.3849,"bldg_age30_r":null,"shelter_min_walk":153,"pop":1343,"hh":873,"elderly65_r":0.5681,"single_hh_r":0.6163,"source_level":"emd","flood_years":[],"landslide_hist_n":0},"geometry":{"type":"Polygon","coordinates":[[[127.53468,36.0017],[127.53384,35.99791],[127.53802,35.99586],[127.54303,35.99761],[127.54387,36.0014],[127.53969,36.00344],[127.53468,36.0017]]]}},{"type":"Feature","properties":{"h3":"8830c5cb53fffff","emd_code":"5273035000","emd_name":"부남면","area_km2":0.5257,"edge":true,"slope_mean":21.0,"elev_mean":357.6,"flood_hist_n":0,"flood_depth_max_m":null,"flood_risk_100y":null,"semi_basement_r":null,"elderly_alone_r":0.3849,"bldg_age30_r":null,"shelter_min_walk":161,"pop":1343,"hh":873,"elderly65_r":0.5681,"single_hh_r":0.6163,"source_level":"emd","flood_years":[],"landslide_hist_n":0},"geometry":{"type":"Polygon","coordinates":[[[127.5305,36.02474],[127.52967,36.02095],[127.53384,36.01891],[127.53886,36.02065],[127.53969,36.02444],[127.53552,36.02648],[127.5305,36.02474]]]}},{"type":"Feature","properties":{"h3":"8830c5cc21fffff","emd_code":"5273032000","emd_name":"설천면","area_km2":0.5268,"edge":false,"slope_mean":17.94,"elev_mean":313.5,"flood_hist_n":1,"flood_depth_max_m":1.5,"flood_risk_100y":null,"semi_basement_r":null,"elderly_alone_r":0.2626,"bldg_age30_r":null,"shelter_min_walk":62,"pop":3889,"hh":2323,"elderly65_r":0.4009,"single_hh_r":0.5751,"source_level":"emd","flood_years":[2020],"landslide_hist_n":0},"geometry":{"type":"Polygon","coordinates":[[[127.73867,36.02339],[127.73783,36.01961],[127.74201,36.01755],[127.74703,36.01928],[127.74787,36.02307],[127.74369,36.02513],[127.73867,36.02339]]]}},{"type":"Feature","properties":{"h3":"8830c5cc23fffff","emd_code":"5273032000","emd_name":"설천면","area_km2":0.5268,"edge":false,"slope_mean":14.79,"elev_mean":291.1,"flood_hist_n":0,"flood_depth_max_m":null,"flood_risk_100y":null,"semi_basement_r":null,"elderly_alone_r":0.2626,"bldg_age30_r":null,"shelter_min_walk":50,"pop":3889,"hh":2323,"elderly65_r":0.4009,"single_hh_r":0.5751,"source_level":"emd","flood_years":[],"landslide_hist_n":0},"geometry":{"type":"Polygon","coordinates":[[[127.74787,36.02307],[127.74703,36.01928],[127.75121,36.01723],[127.75623,36.01896],[127.75707,36.02275],[127.75289,36.02481],[127.74787,36.02307]]]}},{"type":"Feature","properties":{"h3":"8830c5cc25fffff","emd_code":"5273032000","emd_name":"설천면","area_km2":0.5268,"edge":false,"slope_mean":24.47,"elev_mean":425.1,"flood_hist_n":0,"flood_depth_max_m":null,"flood_risk_100y":null,"semi_basement_r":null,"elderly_alone_r":0.2626,"bldg_age30_r":null,"shelter_min_walk":68,"pop":3889,"hh":2323,"elderly65_r":0.4009,"single_hh_r":0.5751,"source_level":"emd","flood_years":[],"landslide_hist_n":0},"geometry":{"type":"Polygon","coordinates":[[[127.73281,36.01787],[127.73197,36.01408],[127.73615,36.01203],[127.74117,36.01376],[127.74201,36.01755],[127.73783,36.01961],[127.73281,36.01787]]]}},{"type":"Feature","properties":{"h3":"8830c5cc27fffff","emd_code":"5273032000","emd_name":"설천면","area_km2":0.5269,"edge":false,"slope_mean":17.26,"elev_mean":346.5,"flood_hist_n":0,"flood_depth_max_m":null,"flood_risk_100y":null,"semi_basement_r":null,"elderly_alone_r":0.2626,"bldg_age30_r":null,"shelter_min_walk":55,"pop":3889,"hh":2323,"elderly65_r":0.4009,"single_hh_r":0.5751,"source_level":"emd","flood_years":[],"landslide_hist_n":0},"geometry":{"type":"Polygon","coordinates":[[[127.74201,36.01755],[127.74117,36.01376],[127.74535,36.0117],[127.75037,36.01344],[127.75121,36.01723],[127.74703,36.01928],[127.74201,36.01755]]]}},{"type":"Feature","properties":{"h3":"8830c5cc29fffff","emd_code":"5273032000","emd_name":"설천면","area_km2":0.5266,"edge":true,"slope_mean":13.93,"elev_mean":273.0,"flood_hist_n":1,"flood_depth_max_m":1.5,"flood_risk_100y":null,"semi_basement_r":null,"elderly_alone_r":0.2626,"bldg_age30_r":null,"shelter_min_walk":69,"pop":3889,"hh":2323,"elderly65_r":0.4009,"single_hh_r":0.5751,"source_level":"emd","flood_years":[2020],"landslide_hist_n":0},"geometry":{"type":"Polygon","coordinates":[[[127.73532,36.02924],[127.73449,36.02545],[127.73867,36.02339],[127.74369,36.02513],[127.74453,36.02892],[127.74034,36.03097],[127.73532,36.02924]]]}},{"type":"Feature","properties":{"h3":"8830c5cc2bfffff","emd_code":"5273032000","emd_name":"설천면","area_km2":0.5267,"edge":false,"slope_mean":9.81,"elev_mean":260.2,"flood_hist_n":1,"flood_depth_max_m":1.5,"flood_risk_100y":null,"semi_basement_r":null,"elderly_alone_r":0.2626,"bldg_age30_r":null,"shelter_min_walk":58,"pop":3889,"hh":2323,"elderly65_r":0.4009,"single_hh_r":0.5751,"source_level":"emd","flood_years":[2020],"landslide_hist_n":0},"geometry":{"type":"Polygon","coordinates":[[[127.74453,36.02892],[127.74369,36.02513],[127.74787,36.02307],[127.75289,36.02481],[127.75373,36.0286],[127.74955,36.03065],[127.74453,36.02892]]]}},{"type":"Feature","properties":{"h3":"8830c5cc2dfffff","emd_code":"5273032000","emd_name":"설천면","area_km2":0.5267,"edge":false,"slope_mean":19.29,"elev_mean":312.2,"flood_hist_n":0,"flood_depth_max_m":null,"flood_risk_100y":null,"semi_basement_r":null,"elderly_alone_r":0.2626,"bldg_age30_r":null,"shelter_min_walk":74,"pop":3889,"hh":2323,"elderly65_r":0.4009,"single_hh_r":0.5751,"source_level":"emd","flood_years":[],"landslide_hist_n":0},"geometry":{"type":"Polygon","coordinates":[[[127.72947,36.02371],[127.72863,36.01993],[127.73281,36.01787],[127.73783,36.01961],[127.73867,36.02339],[127.73449,36.02545],[127.72947,36.02371]]]}},{"type":"Feature","properties":{"h3":"8830c5cc31fffff","emd_code":"5273032000","emd_name":"설천면","area_km2":0.5268,"edge":true,"slope_mean":17.66,"elev_mean":318.8,"flood_hist_n":0,"flood_depth_max_m":null,"flood_risk_100y":null,"semi_basement_r":null,"elderly_alone_r":0.2626,"bldg_age30_r":null,"shelter_min_walk":36,"pop":3889,"hh":2323,"elderly65_r":0.4009,"single_hh_r":0.5751,"source_level":"emd","flood_years":[],"landslide_hist_n":0},"geometry":{"type":"Polygon","coordinates":[[[127.76293,36.02827],[127.76209,36.02449],[127.76627,36.02243],[127.77129,36.02416],[127.77213,36.02795],[127.76795,36.03001],[127.76293,36.02827]]]}},{"type":"Feature","properties":{"h3":"8830c5cc35fffff","emd_code":"5273032000","emd_name":"설천면","area_km2":0.5269,"edge":false,"slope_mean":8.07,"elev_mean":272.2,"flood_hist_n":0,"flood_depth_max_m":null,"flood_risk_100y":null,"semi_basement_r":null,"elderly_alone_r":0.2626,"bldg_age30_r":null,"shelter_min_walk":38,"pop":3889,"hh":2323,"elderly65_r":0.4009,"single_hh_r":0.5751,"source_level":"emd","flood_years":[],"landslide_hist_n":0},"geometry":{"type":"Polygon","coordinates":[[[127.75707,36.02275],[127.75623,36.01896],[127.76041,36.01691],[127.76543,36.01864],[127.76627,36.02243],[127.76209,36.02449],[127.75707,36.02275]]]}},{"type":"Feature","properties":{"h3":"8830c5cc3dfffff","emd_code":"5273032000","emd_name":"설천면","area_km2":0.5267,"edge":true,"slope_mean":18.86,"elev_mean":306.7,"flood_hist_n":0,"flood_depth_max_m":null,"flood_risk_100y":null,"semi_basement_r":null,"elderly_alone_r":0.2626,"bldg_age30_r":null,"shelter_min_walk":47,"pop":3889,"hh":2323,"elderly65_r":0.4009,"single_hh_r":0.5751,"source_level":"emd","flood_years":[],"landslide_hist_n":0},"geometry":{"type":"Polygon","coordinates":[[[127.75373,36.0286],[127.75289,36.02481],[127.75707,36.02275],[127.76209,36.02449],[127.76293,36.02827],[127.75875,36.03033],[127.75373,36.0286]]]}},{"type":"Feature","properties":{"h3":"8830c5cc61fffff","emd_code":"5273032000","emd_name":"설천면","area_km2":0.5265,"edge":true,"slope_mean":26.99,"elev_mean":378.4,"flood_hist_n":0,"flood_depth_max_m":null,"flood_risk_100y":null,"semi_basement_r":null,"elderly_alone_r":0.2626,"bldg_age30_r":null,"shelter_min_walk":87,"pop":3889,"hh":2323,"elderly65_r":0.4009,"single_hh_r":0.5751,"source_level":"emd","flood_years":[],"landslide_hist_n":0},"geometry":{"type":"Polygon","coordinates":[[[127.72278,36.0354],[127.72194,36.03161],[127.72612,36.02956],[127.73114,36.03129],[127.73198,36.03508],[127.7278,36.03713],[127.72278,36.0354]]]}},{"type":"Feature","properties":{"h3":"8830c5cc63fffff","emd_code":"5273032000","emd_name":"설천면","area_km2":0.5265,"edge":true,"slope_mean":21.57,"elev_mean":328.4,"flood_hist_n":1,"flood_depth_max_m":1.0,"flood_risk_100y":null,"semi_basement_r":null,"elderly_alone_r":0.2626,"bldg_age30_r":null,"shelter_min_walk":77,"pop":3889,"hh":2323,"elderly65_r":0.4009,"single_hh_r":0.5751,"source_level":"emd","flood_years":[2020],"landslide_hist_n":0},"geometry":{"type":"Polygon","coordinates":[[[127.73198,36.03508],[127.73114,36.03129],[127.73532,36.02924],[127.74034,36.03097],[127.74118,36.03476],[127.737,36.03682],[127.73198,36.03508]]]}},{"type":"Feature","properties":{"h3":"8830c5cc65fffff","emd_code":"5273032000","emd_name":"설천면","area_km2":0.5265,"edge":false,"slope_mean":21.0,"elev_mean":301.3,"flood_hist_n":0,"flood_depth_max_m":null,"flood_risk_100y":null,"semi_basement_r":null,"elderly_alone_r":0.2626,"bldg_age30_r":null,"shelter_min_walk":76,"pop":3889,"hh":2323,"elderly65_r":0.4009,"single_hh_r":0.5751,"source_level":"emd","flood_years":[],"landslide_hist_n":0},"geometry":{"type":"Polygon","coordinates":[[[127.71692,36.02988],[127.71608,36.02609],[127.72026,36.02403],[127.72528,36.02577],[127.72612,36.02956],[127.72194,36.03161],[127.71692,36.02988]]]}},{"type":"Feature","properties":{"h3":"8830c5cc67fffff","emd_code":"5273032000","emd_name":"설천면","area_km2":0.5266,"edge":false,"slope_mean":14.29,"elev_mean":267.5,"flood_hist_n":0,"flood_depth_max_m":null,"flood_risk_100y":null,"semi_basement_r":null,"elderly_alone_r":0.2626,"bldg_age30_r":null,"shelter_min_walk":81,"pop":3889,"hh":2323,"elderly65_r":0.4009,"single_hh_r":0.5751,"source_level":"emd","flood_years":[],"landslide_hist_n":0},"geometry":{"type":"Polygon","coordinates":[[[127.72612,36.02956],[127.72528,36.02577],[127.72947,36.02371],[127.73449,36.02545],[127.73532,36.02924],[127.73114,36.03129],[127.72612,36.02956]]]}},{"type":"Feature","properties":{"h3":"8830c5cc6dfffff","emd_code":"5273025000","emd_name":"무주읍","area_km2":0.5264,"edge":true,"slope_mean":17.89,"elev_mean":270.5,"flood_hist_n":1,"flood_depth_max_m":1.0,"flood_risk_100y":null,"semi_basement_r":null,"elderly_alone_r":0.209,"bldg_age30_r":null,"shelter_min_walk":77,"pop":9487,"hh":4828,"elderly65_r":0.289,"single_hh_r":0.4816,"source_level":"emd","flood_years":[2020],"landslide_hist_n":0},"geometry":{"type":"Polygon","coordinates":[[[127.71358,36.03572],[127.71274,36.03193],[127.71692,36.02988],[127.72194,36.03161],[127.72278,36.0354],[127.7186,36.03745],[127.71358,36.03572]]]}},{"type":"Feature","properties":{"h3":"8830c5cc83fffff","emd_code":"5273032000","emd_name":"설천면","area_km2":0.5269,"edge":true,"slope_mean":24.06,"elev_mean":584.5,"flood_hist_n":0,"flood_depth_max_m":null,"flood_risk_100y":null,"semi_basement_r":null,"elderly_alone_r":0.2626,"bldg_age30_r":null,"shelter_min_walk":65,"pop":3889,"hh":2323,"elderly65_r":0.4009,"single_hh_r":0.5751,"source_level":"emd","flood_years":[],"landslide_hist_n":0},"geometry":{"type":"Polygon","coordinates":[[[127.82068,36.0377],[127.81984,36.03391],[127.82402,36.03185],[127.82904,36.03358],[127.82988,36.03737],[127.8257,36.03943],[127.82068,36.0377]]]}},{"type":"Feature","properties":{"h3":"8830c5cc85fffff","emd_code":"5273032000","emd_name":"설천면","area_km2":0.5269,"edge":true,"slope_mean":23.27,"elev_mean":479.7,"flood_hist_n":0,"flood_depth_max_m":null,"flood_risk_100y":null,"semi_basement_r":null,"elderly_alone_r":0.2626,"bldg_age30_r":null,"shelter_min_walk":44,"pop":3889,"hh":2323,"elderly65_r":0.4009,"single_hh_r":0.5751,"source_level":"emd","flood_years":[],"landslide_hist_n":0},"geometry":{"type":"Polygon","coordinates":[[[127.80561,36.0325],[127.80477,36.02871],[127.80895,36.02665],[127.81397,36.02839],[127.81481,36.03218],[127.81063,36.03423],[127.80561,36.0325]]]}},{"type":"Feature","properties":{"h3":"8830c5cc87fffff","emd_code":"5273032000","emd_name":"설천면","area_km2":0.527,"edge":true,"slope_mean":23.78,"elev_mean":555.9,"flood_hist_n":0,"flood_depth_max_m":null,"flood_risk_100y":null,"semi_basement_r":null,"elderly_alone_r":0.2626,"bldg_age30_r":null,"shelter_min_walk":53,"pop":3889,"hh":2323,"elderly65_r":0.4009,"single_hh_r":0.5751,"source_level":"emd","flood_years":[],"landslide_hist_n":0},"geometry":{"type":"Polygon","coordinates":[[[127.81481,36.03218],[127.81397,36.02839],[127.81816,36.02633],[127.82318,36.02806],[127.82402,36.03185],[127.81984,36.03391],[127.81481,36.03218]]]}},{"type":"Feature","properties":{"h3":"8830c5cc93fffff","emd_code":"5273032000","emd_name":"설천면","area_km2":0.5269,"edge":true,"slope_mean":27.01,"elev_mean":1105.7,"flood_hist_n":0,"flood_depth_max_m":null,"flood_risk_100y":null,"semi_basement_r":null,"elderly_alone_r":0.2626,"bldg_age30_r":null,"shelter_min_walk":96,"pop":3889,"hh":2323,"elderly65_r":0.4009,"single_hh_r":0.5751,"source_level":"emd","flood_years":[],"landslide_hist_n":0},"geometry":{"type":"Polygon","coordinates":[[[127.84495,36.04256],[127.84411,36.03877],[127.8483,36.03671],[127.85332,36.03844],[127.85416,36.04223],[127.84998,36.04429],[127.84495,36.04256]]]}},{"type":"Feature","properties":{"h3":"8830c5cc95fffff","emd_code":"5273032000","emd_name":"설천면","area_km2":0.527,"edge":false,"slope_mean":25.77,"elev_mean":780.8,"flood_hist_n":0,"flood_depth_max_m":null,"flood_risk_100y":null,"semi_basement_r":null,"elderly_alone_r":0.2626,"bldg_age30_r":null,"shelter_min_walk":75,"pop":3889,"hh":2323,"elderly65_r":0.4009,"single_hh_r":0.5751,"source_level":"emd","flood_years":[],"landslide_hist_n":0},"geometry":{"type":"Polygon","coordinates":[[[127.82988,36.03737],[127.82904,36.03358],[127.83323,36.03152],[127.83825,36.03325],[127.83909,36.03704],[127.83491,36.0391],[127.82988,36.03737]]]}},{"type":"Feature","properties":{"h3":"8830c5cc97fffff","emd_code":"5273032000","emd_name":"설천면","area_km2":0.527,"edge":false,"slope_mean":24.74,"elev_mean":987.0,"flood_hist_n":0,"flood_depth_max_m":null,"flood_risk_100y":null,"semi_basement_r":null,"elderly_alone_r":0.2626,"bldg_age30_r":null,"shelter_min_walk":85,"pop":3889,"hh":2323,"elderly65_r":0.4009,"single_hh_r":0.5751,"source_level":"emd","flood_years":[],"landslide_hist_n":0},"geometry":{"type":"Polygon","coordinates":[[[127.83909,36.03704],[127.83825,36.03325],[127.84243,36.03119],[127.84746,36.03292],[127.8483,36.03671],[127.84411,36.03877],[127.83909,36.03704]]]}},{"type":"Feature","properties":{"h3":"8830c5cca1fffff","emd_code":"5273032000","emd_name":"설천면","area_km2":0.5271,"edge":false,"slope_mean":26.52,"elev_mean":430.5,"flood_hist_n":0,"flood_depth_max_m":null,"flood_risk_100y":null,"semi_basement_r":null,"elderly_alone_r":0.2626,"bldg_age30_r":null,"shelter_min_walk":30,"pop":3889,"hh":2323,"elderly65_r":0.4009,"single_hh_r":0.5751,"source_level":"emd","flood_years":[],"landslide_hist_n":0},"geometry":{"type":"Polygon","coordinates":[[[127.80309,36.02113],[127.80225,36.01734],[127.80643,36.01529],[127.81145,36.01702],[127.81229,36.02081],[127.80811,36.02287],[127.80309,36.02113]]]}},{"type":"Feature","properties":{"h3":"8830c5cca3fffff","emd_code":"5273032000","emd_name":"설천면","area_km2":0.5271,"edge":false,"slope_mean":25.62,"elev_mean":440.7,"flood_hist_n":0,"flood_depth_max_m":null,"flood_risk_100y":null,"semi_basement_r":null,"elderly_alone_r":0.2626,"bldg_age30_r":null,"shelter_min_walk":41,"pop":3889,"hh":2323,"elderly65_r":0.4009,"single_hh_r":0.5751,"source_level":"emd","flood_years":[],"landslide_hist_n":0},"geometry":{"type":"Polygon","coordinates":[[[127.81229,36.02081],[127.81145,36.01702],[127.81564,36.01496],[127.82066,36.01669],[127.8215,36.02048],[127.81732,36.02254],[127.81229,36.02081]]]}},{"type":"Feature","properties":{"h3":"8830c5cca5fffff","emd_code":"5273032000","emd_name":"설천면","area_km2":0.5272,"edge":false,"slope_mean":20.75,"elev_mean":353.4,"flood_hist_n":1,"flood_depth_max_m":1.0,"flood_risk_100y":null,"semi_basement_r":null,"elderly_alone_r":0.2626,"bldg_age30_r":null,"shelter_min_walk":19,"pop":3889,"hh":2323,"elderly65_r":0.4009,"single_hh_r":0.5751,"source_level":"emd","flood_years":[2020],"landslide_hist_n":0},"geometry":{"type":"Polygon","coordinates":[[[127.79723,36.01561],[127.79639,36.01182],[127.80057,36.00976],[127.80559,36.0115],[127.80643,36.01529],[127.80225,36.01734],[127.79723,36.01561]]]}},{"type":"Feature","properties":{"h3":"8830c5cca7fffff","emd_code":"5273032000","emd_name":"설천면","area_km2":0.5272,"edge":false,"slope_mean":23.91,"elev_mean":375.9,"flood_hist_n":0,"flood_depth_max_m":null,"flood_risk_100y":null,"semi_basement_r":null,"elderly_alone_r":0.2626,"bldg_age30_r":null,"shelter_min_walk":30,"pop":3889,"hh":2323,"elderly65_r":0.4009,"single_hh_r":0.5751,"source_level":"emd","flood_years":[],"landslide_hist_n":0},"geometry":{"type":"Polygon","coordinates":[[[127.80643,36.01529],[127.80559,36.0115],[127.80977,36.00944],[127.8148,36.01117],[127.81564,36.01496],[127.81145,36.01702],[127.80643,36.01529]]]}},{"type":"Feature","properties":{"h3":"8830c5cca9fffff","emd_code":"5273032000","emd_name":"설천면","area_km2":0.527,"edge":false,"slope_mean":26.23,"elev_mean":499.7,"flood_hist_n":0,"flood_depth_max_m":null,"flood_risk_100y":null,"semi_basement_r":null,"elderly_alone_r":0.2626,"bldg_age30_r":null,"shelter_min_walk":32,"pop":3889,"hh":2323,"elderly65_r":0.4009,"single_hh_r":0.5751,"source_level":"emd","flood_years":[],"landslide_hist_n":0},"geometry":{"type":"Polygon","coordinates":[[[127.79975,36.02698],[127.79891,36.02319],[127.80309,36.02113],[127.80811,36.02287],[127.80895,36.02665],[127.80477,36.02871],[127.79975,36.02698]]]}},{"type":"Feature","properties":{"h3":"8830c5ccabfffff","emd_code":"5273032000","emd_name":"설천면","area_km2":0.527,"edge":false,"slope_mean":24.25,"elev_mean":513.6,"flood_hist_n":0,"flood_depth_max_m":null,"flood_risk_100y":null,"semi_basement_r":null,"elderly_alone_r":0.2626,"bldg_age30_r":null,"shelter_min_walk":41,"pop":3889,"hh":2323,"elderly65_r":0.4009,"single_hh_r":0.5751,"source_level":"emd","flood_years":[],"landslide_hist_n":0},"geometry":{"type":"Polygon","coordinates":[[[127.80895,36.02665],[127.80811,36.02287],[127.81229,36.02081],[127.81732,36.02254],[127.81816,36.02633],[127.81397,36.02839],[127.80895,36.02665]]]}},{"type":"Feature","properties":{"h3":"8830c5ccadfffff","emd_code":"5273032000","emd_name":"설천면","area_km2":0.527,"edge":false,"slope_mean":25.39,"elev_mean":418.5,"flood_hist_n":0,"flood_depth_max_m":null,"flood_risk_100y":null,"semi_basement_r":null,"elderly_alone_r":0.2626,"bldg_age30_r":null,"shelter_min_walk":20,"pop":3889,"hh":2323,"elderly65_r":0.4009,"single_hh_r":0.5751,"source_level":"emd","flood_years":[],"landslide_hist_n":0},"geometry":{"type":"Polygon","coordinates":[[[127.79388,36.02146],[127.79304,36.01767],[127.79723,36.01561],[127.80225,36.01734],[127.80309,36.02113],[127.79891,36.02319],[127.79388,36.02146]]]}},{"type":"Feature","properties":{"h3":"8830c5ccb1fffff","emd_code":"5273032000","emd_name":"설천면","area_km2":0.5271,"edge":false,"slope_mean":25.89,"elev_mean":599.3,"flood_hist_n":0,"flood_depth_max_m":null,"flood_risk_100y":null,"semi_basement_r":null,"elderly_alone_r":0.2626,"bldg_age30_r":null,"shelter_min_walk":63,"pop":3889,"hh":2323,"elderly65_r":0.4009,"single_hh_r":0.5751,"source_level":"emd","flood_years":[],"landslide_hist_n":0},"geometry":{"type":"Polygon","coordinates":[[[127.82736,36.026],[127.82652,36.02221],[127.83071,36.02015],[127.83573,36.02188],[127.83657,36.02567],[127.83239,36.02773],[127.82736,36.026]]]}},{"type":"Feature","properties":{"h3":"8830c5ccb3fffff","emd_code":"5273032000","emd_name":"설천면","area_km2":0.5272,"edge":false,"slope_mean":26.55,"elev_mean":732.8,"flood_hist_n":0,"flood_depth_max_m":null,"flood_risk_100y":null,"semi_basement_r":null,"elderly_alone_r":0.2626,"bldg_age30_r":null,"shelter_min_walk":74,"pop":3889,"hh":2323,"elderly65_r":0.4009,"single_hh_r":0.5751,"source_level":"emd","flood_years":[],"landslide_hist_n":0},"geometry":{"type":"Polygon","coordinates":[[[127.83657,36.02567],[127.83573,36.02188],[127.83991,36.01983],[127.84494,36.02156],[127.84578,36.02535],[127.84159,36.0274],[127.83657,36.02567]]]}},{"type":"Feature","properties":{"h3":"8830c5ccb5fffff","emd_code":"5273032000","emd_name":"설천면","area_km2":0.5272,"edge":false,"slope_mean":23.0,"elev_mean":468.9,"flood_hist_n":0,"flood_depth_max_m":null,"flood_risk_100y":null,"semi_basement_r":null,"elderly_alone_r":0.2626,"bldg_age30_r":null,"shelter_min_walk":52,"pop":3889,"hh":2323,"elderly65_r":0.4009,"single_hh_r":0.5751,"source_level":"emd","flood_years":[],"landslide_hist_n":0},"geometry":{"type":"Polygon","coordinates":[[[127.8215,36.02048],[127.82066,36.01669],[127.82484,36.01463],[127.82987,36.01636],[127.83071,36.02015],[127.82652,36.02221],[127.8215,36.02048]]]}},{"type":"Feature","properties":{"h3":"8830c5ccb7fffff","emd_code":"5273032000","emd_name":"설천면","area_km2":0.5272,"edge":false,"slope_mean":27.36,"elev_mean":591.5,"flood_hist_n":0,"flood_depth_max_m":null,"flood_risk_100y":null,"semi_basement_r":null,"elderly_alone_r":0.2626,"bldg_age30_r":null,"shelter_min_walk":64,"pop":3889,"hh":2323,"elderly65_r":0.4009,"single_hh_r":0.5751,"source_level":"emd","flood_years":[],"landslide_hist_n":0},"geometry":{"type":"Polygon","coordinates":[[[127.83071,36.02015],[127.82987,36.01636],[127.83405,36.0143],[127.83907,36.01604],[127.83991,36.01983],[127.83573,36.02188],[127.83071,36.02015]]]}},{"type":"Feature","properties":{"h3":"8830c5ccb9fffff","emd_code":"5273032000","emd_name":"설천면","area_km2":0.527,"edge":false,"slope_mean":24.33,"elev_mean":596.5,"flood_hist_n":0,"flood_depth_max_m":null,"flood_risk_100y":null,"semi_basement_r":null,"elderly_alone_r":0.2626,"bldg_age30_r":null,"shelter_min_walk":63,"pop":3889,"hh":2323,"elderly65_r":0.4009,"single_hh_r":0.5751,"source_level":"emd","flood_years":[],"landslide_hist_n":0},"geometry":{"type":"Polygon","coordinates":[[[127.82402,36.03185],[127.82318,36.02806],[127.82736,36.026],[127.83239,36.02773],[127.83323,36.03152],[127.82904,36.03358],[127.82402,36.03185]]]}},{"type":"Feature","properties":{"h3":"8830c5ccbbfffff","emd_code":"5273032000","emd_name":"설천면","area_km2":0.5271,"edge":false,"slope_mean":27.88,"elev_mean":784.2,"flood_hist_n":0,"flood_depth_max_m":null,"flood_risk_100y":null,"semi_basement_r":null,"elderly_alone_r":0.2626,"bldg_age30_r":null,"shelter_min_walk":74,"pop":3889,"hh":2323,"elderly65_r":0.4009,"single_hh_r":0.5751,"source_level":"emd","flood_years":[],"landslide_hist_n":0},"geometry":{"type":"Polygon","coordinates":[[[127.83323,36.03152],[127.83239,36.02773],[127.83657,36.02567],[127.84159,36.0274],[127.84243,36.03119],[127.83825,36.03325],[127.83323,36.03152]]]}},{"type":"Feature","properties":{"h3":"8830c5ccbdfffff","emd_code":"5273032000","emd_name":"설천면","area_km2":0.5271,"edge":false,"slope_mean":20.53,"elev_mean":502.9,"flood_hist_n":0,"flood_depth_max_m":null,"flood_risk_100y":null,"semi_basement_r":null,"elderly_alone_r":0.2626,"bldg_age30_r":null,"shelter_min_walk":52,"pop":3889,"hh":2323,"elderly65_r":0.4009,"single_hh_r":0.5751,"source_level":"emd","flood_years":[],"landslide_hist_n":0},"geometry":{"type":"Polygon","coordinates":[[[127.81816,36.02633],[127.81732,36.02254],[127.8215,36.02048],[127.82652,36.02221],[127.82736,36.026],[127.82318,36.02806],[127.81816,36.02633]]]}},{"type":"Feature","properties":{"h3":"8830c5cce7fffff","emd_code":"5273032000","emd_name":"설천면","area_km2":0.5269,"edge":true,"slope_mean":24.34,"elev_mean":398.3,"flood_hist_n":0,"flood_depth_max_m":null,"flood_risk_100y":null,"semi_basement_r":null,"elderly_alone_r":0.2626,"bldg_age30_r":null,"shelter_min_walk":25,"pop":3889,"hh":2323,"elderly65_r":0.4009,"single_hh_r":0.5751,"source_level":"emd","flood_years":[],"landslide_hist_n":0},"geometry":{"type":"Polygon","coordinates":[[[127.79054,36.0273],[127.7897,36.02352],[127.79388,36.02146],[127.79891,36.02319],[127.79975,36.02698],[127.79556,36.02904],[127.79054,36.0273]]]}},{"type":"Feature","properties":{"h3":"8830c5cd01fffff","emd_code":"5273025000","emd_name":"무주읍","area_km2":0.527,"edge":false,"slope_mean":28.95,"elev_mean":484.2,"flood_hist_n":0,"flood_depth_max_m":null,"flood_risk_100y":null,"semi_basement_r":null,"elderly_alone_r":0.209,"bldg_age30_r":null,"shelter_min_walk":53,"pop":9487,"hh":4828,"elderly65_r":0.289,"single_hh_r":0.4816,"source_level":"emd","flood_years":[],"landslide_hist_n":0},"geometry":{"type":"Polygon","coordinates":[[[127.70603,36.00161],[127.70519,35.99782],[127.70937,35.99577],[127.71439,35.9975],[127.71523,36.00129],[127.71105,36.00335],[127.70603,36.00161]]]}},{"type":"Feature","properties":{"h3":"8830c5cd03fffff","emd_code":"5273032000","emd_name":"설천면","area_km2":0.527,"edge":false,"slope_mean":28.49,"elev_mean":554.0,"flood_hist_n":0,"flood_depth_max_m":null,"flood_risk_100y":null,"semi_basement_r":null,"elderly_alone_r":0.2626,"bldg_age30_r":null,"shelter_min_walk":65,"pop":3889,"hh":2323,"elderly65_r":0.4009,"single_hh_r":0.5751,"source_level":"emd","flood_years":[],"landslide_hist_n":0},"geometry":{"type":"Polygon","coordinates":[[[127.71523,36.00129],[127.71439,35.9975],[127.71857,35.99545],[127.72359,35.99718],[127.72443,36.00097],[127.72025,36.00303],[127.71523,36.00129]]]}},{"type":"Feature","properties":{"h3":"8830c5cd05fffff","emd_code":"5273025000","emd_name":"무주읍","area_km2":0.527,"edge":false,"slope_mean":24.63,"elev_mean":418.3,"flood_hist_n":0,"flood_depth_max_m":null,"flood_risk_100y":null,"semi_basement_r":null,"elderly_alone_r":0.209,"bldg_age30_r":null,"shelter_min_walk":48,"pop":9487,"hh":4828,"elderly65_r":0.289,"single_hh_r":0.4816,"source_level":"emd","flood_years":[],"landslide_hist_n":0},"geometry":{"type":"Polygon","coordinates":[[[127.70018,35.99609],[127.69934,35.99229],[127.70352,35.99024],[127.70854,35.99198],[127.70937,35.99577],[127.70519,35.99782],[127.70018,35.99609]]]}},{"type":"Feature","properties":{"h3":"8830c5cd07fffff","emd_code":"5273025000","emd_name":"무주읍","area_km2":0.5271,"edge":false,"slope_mean":27.72,"elev_mean":506.1,"flood_hist_n":0,"flood_depth_max_m":null,"flood_risk_100y":null,"semi_basement_r":null,"elderly_alone_r":0.209,"bldg_age30_r":null,"shelter_min_walk":60,"pop":9487,"hh":4828,"elderly65_r":0.289,"single_hh_r":0.4816,"source_level":"emd","flood_years":[],"landslide_hist_n":0},"geometry":{"type":"Polygon","coordinates":[[[127.70937,35.99577],[127.70854,35.99198],[127.71272,35.98992],[127.71774,35.99166],[127.71857,35.99545],[127.71439,35.9975],[127.70937,35.99577]]]}},{"type":"Feature","properties":{"h3":"8830c5cd09fffff","emd_code":"5273025000","emd_name":"무주읍","area_km2":0.5268,"edge":false,"slope_mean":26.32,"elev_mean":478.8,"flood_hist_n":0,"flood_depth_max_m":null,"flood_risk_100y":null,"semi_basement_r":null,"elderly_alone_r":0.209,"bldg_age30_r":null,"shelter_min_walk":47,"pop":9487,"hh":4828,"elderly65_r":0.289,"single_hh_r":0.4816,"source_level":"emd","flood_years":[],"landslide_hist_n":0},"geometry":{"type":"Polygon","coordinates":[[[127.70269,36.00746],[127.70185,36.00367],[127.70603,36.00161],[127.71105,36.00335],[127.71189,36.00714],[127.70771,36.00919],[127.70269,36.00746]]]}},{"type":"Feature","properties":{"h3":"8830c5cd0bfffff","emd_code":"5273032000","emd_name":"설천면","area_km2":0.5269,"edge":false,"slope_mean":27.99,"elev_mean":497.0,"flood_hist_n":0,"flood_depth_max_m":null,"flood_risk_100y":null,"semi_basement_r":null,"elderly_alone_r":0.2626,"bldg_age30_r":null,"shelter_min_walk":60,"pop":3889,"hh":2323,"elderly65_r":0.4009,"single_hh_r":0.5751,"source_level":"emd","flood_years":[],"landslide_hist_n":0},"geometry":{"type":"Polygon","coordinates":[[[127.71189,36.00714],[127.71105,36.00335],[127.71523,36.00129],[127.72025,36.00303],[127.72109,36.00682],[127.71691,36.00888],[127.71189,36.00714]]]}},{"type":"Feature","properties":{"h3":"8830c5cd0dfffff","emd_code":"5273025000","emd_name":"무주읍","area_km2":0.5269,"edge":false,"slope_mean":23.69,"elev_mean":329.8,"flood_hist_n":0,"flood_depth_max_m":null,"flood_risk_100y":null,"semi_basement_r":null,"elderly_alone_r":0.209,"bldg_age30_r":null,"shelter_min_walk":40,"pop":9487,"hh":4828,"elderly65_r":0.289,"single_hh_r":0.4816,"source_level":"emd","flood_years":[],"landslide_hist_n":0},"geometry":{"type":"Polygon","coordinates":[[[127.69683,36.00193],[127.696,35.99814],[127.70018,35.99609],[127.70519,35.99782],[127.70603,36.00161],[127.70185,36.00367],[127.69683,36.00193]]]}},{"type":"Feature","properties":{"h3":"8830c5cd11fffff","emd_code":"5273032000","emd_name":"설천면","area_km2":0.527,"edge":false,"slope_mean":26.36,"elev_mean":541.7,"flood_hist_n":0,"flood_depth_max_m":null,"flood_risk_100y":null,"semi_basement_r":null,"elderly_alone_r":0.2626,"bldg_age30_r":null,"shelter_min_walk":72,"pop":3889,"hh":2323,"elderly65_r":0.4009,"single_hh_r":0.5751,"source_level":"emd","flood_years":[],"landslide_hist_n":0},"geometry":{"type":"Polygon","coordinates":[[[127.73029,36.0065],[127.72945,36.00271],[127.73363,36.00065],[127.73865,36.00239],[127.73949,36.00618],[127.73531,36.00824],[127.73029,36.0065]]]}},{"type":"Feature","properties":{"h3":"8830c5cd13fffff","emd_code":"5273032000","emd_name":"설천면","area_km2":0.527,"edge":false,"slope_mean":24.06,"elev_mean":500.3,"flood_hist_n":0,"flood_depth_max_m":null,"flood_risk_100y":null,"semi_basement_r":null,"elderly_alone_r":0.2626,"bldg_age30_r":null,"shelter_min_walk":59,"pop":3889,"hh":2323,"elderly65_r":0.4009,"single_hh_r":0.5751,"source_level":"emd","flood_years":[],"landslide_hist_n":1},"geometry":{"type":"Polygon","coordinates":[[[127.73949,36.00618],[127.73865,36.00239],[127.74283,36.00033],[127.74785,36.00207],[127.74869,36.00586],[127.74451,36.00791],[127.73949,36.00618]]]}},{"type":"Feature","properties":{"h3":"8830c5cd15fffff","emd_code":"5273032000","emd_name":"설천면","area_km2":0.5271,"edge":false,"slope_mean":26.74,"elev_mean":509.3,"flood_hist_n":0,"flood_depth_max_m":null,"flood_risk_100y":null,"semi_basement_r":null,"elderly_alone_r":0.2626,"bldg_age30_r":null,"shelter_min_walk":77,"pop":3889,"hh":2323,"elderly65_r":0.4009,"single_hh_r":0.5751,"source_level":"emd","flood_years":[],"landslide_hist_n":0},"geometry":{"type":"Polygon","coordinates":[[[127.72443,36.00097],[127.72359,35.99718],[127.72777,35.99513],[127.73279,35.99686],[127.73363,36.00065],[127.72945,36.00271],[127.72443,36.00097]]]}},{"type":"Feature","properties":{"h3":"8830c5cd17fffff","emd_code":"5273032000","emd_name":"설천면","area_km2":0.5271,"edge":false,"slope_mean":28.82,"elev_mean":639.2,"flood_hist_n":0,"flood_depth_max_m":null,"flood_risk_100y":null,"semi_basement_r":null,"elderly_alone_r":0.2626,"bldg_age30_r":null,"shelter_min_walk":69,"pop":3889,"hh":2323,"elderly65_r":0.4009,"single_hh_r":0.5751,"source_level":"emd","flood_years":[],"landslide_hist_n":1},"geometry":{"type":"Polygon","coordinates":[[[127.73363,36.00065],[127.73279,35.99686],[127.73698,35.99481],[127.742,35.99654],[127.74283,36.00033],[127.73865,36.00239],[127.73363,36.00065]]]}},{"type":"Feature","properties":{"h3":"8830c5cd19fffff","emd_code":"5273032000","emd_name":"설천면","area_km2":0.5269,"edge":false,"slope_mean":28.04,"elev_mean":466.5,"flood_hist_n":0,"flood_depth_max_m":null,"flood_risk_100y":null,"semi_basement_r":null,"elderly_alone_r":0.2626,"bldg_age30_r":null,"shelter_min_walk":75,"pop":3889,"hh":2323,"elderly65_r":0.4009,"single_hh_r":0.5751,"source_level":"emd","flood_years":[],"landslide_hist_n":0},"geometry":{"type":"Polygon","coordinates":[[[127.72695,36.01235],[127.72611,36.00856],[127.73029,36.0065],[127.73531,36.00824],[127.73615,36.01203],[127.73197,36.01408],[127.72695,36.01235]]]}},{"type":"Feature","properties":{"h3":"8830c5cd1bfffff","emd_code":"5273032000","emd_name":"설천면","area_km2":0.5269,"edge":false,"slope_mean":24.81,"elev_mean":495.0,"flood_hist_n":0,"flood_depth_max_m":null,"flood_risk_100y":null,"semi_basement_r":null,"elderly_alone_r":0.2626,"bldg_age30_r":null,"shelter_min_walk":63,"pop":3889,"hh":2323,"elderly65_r":0.4009,"single_hh_r":0.5751,"source_level":"emd","flood_years":[],"landslide_hist_n":0},"geometry":{"type":"Polygon","coordinates":[[[127.73615,36.01203],[127.73531,36.00824],[127.73949,36.00618],[127.74451,36.00791],[127.74535,36.0117],[127.74117,36.01376],[127.73615,36.01203]]]}},{"type":"Feature","properties":{"h3":"8830c5cd1dfffff","emd_code":"5273032000","emd_name":"설천면","area_km2":0.5269,"edge":false,"slope_mean":23.75,"elev_mean":390.3,"flood_hist_n":0,"flood_depth_max_m":null,"flood_risk_100y":null,"semi_basement_r":null,"elderly_alone_r":0.2626,"bldg_age30_r":null,"shelter_min_walk":72,"pop":3889,"hh":2323,"elderly65_r":0.4009,"single_hh_r":0.5751,"source_level":"emd","flood_years":[],"landslide_hist_n":0},"geometry":{"type":"Polygon","coordinates":[[[127.72109,36.00682],[127.72025,36.00303],[127.72443,36.00097],[127.72945,36.00271],[127.73029,36.0065],[127.72611,36.00856],[127.72109,36.00682]]]}},{"type":"Feature","properties":{"h3":"8830c5cd21fffff","emd_code":"5273033000","emd_name":"적상면","area_km2":0.5272,"edge":false,"slope_mean":21.87,"elev_mean":293.0,"flood_hist_n":1,"flood_depth_max_m":1.0,"flood_risk_100y":null,"semi_basement_r":null,"elderly_alone_r":0.3444,"bldg_age30_r":null,"shelter_min_walk":56,"pop":2557,"hh":1591,"elderly65_r":0.5108,"single_hh_r":0.5827,"source_level":"emd","flood_years":[2020],"landslide_hist_n":1},"geometry":{"type":"Polygon","coordinates":[[[127.69766,35.98471],[127.69682,35.98092],[127.701,35.97886],[127.70602,35.9806],[127.70686,35.98439],[127.70268,35.98645],[127.69766,35.98471]]]}},{"type":"Feature","properties":{"h3":"8830c5cd23fffff","emd_code":"5273033000","emd_name":"적상면","area_km2":0.5273,"edge":false,"slope_mean":29.66,"elev_mean":388.8,"flood_hist_n":0,"flood_depth_max_m":null,"flood_risk_100y":null,"semi_basement_r":null,"elderly_alone_r":0.3444,"bldg_age30_r":null,"shelter_min_walk":66,"pop":2557,"hh":1591,"elderly65_r":0.5108,"single_hh_r":0.5827,"source_level":"emd","flood_years":[],"landslide_hist_n":0},"geometry":{"type":"Polygon","coordinates":[[[127.70686,35.98439],[127.70602,35.9806],[127.7102,35.97854],[127.71522,35.98028],[127.71606,35.98407],[127.71188,35.98613],[127.70686,35.98439]]]}},{"type":"Feature","properties":{"h3":"8830c5cd25fffff","emd_code":"5273033000","emd_name":"적상면","area_km2":0.5273,"edge":false,"slope_mean":24.64,"elev_mean":360.1,"flood_hist_n":0,"flood_depth_max_m":null,"flood_risk_100y":null,"semi_basement_r":null,"elderly_alone_r":0.3444,"bldg_age30_r":null,"shelter_min_walk":58,"pop":2557,"hh":1591,"elderly65_r":0.5108,"single_hh_r":0.5827,"source_level":"emd","flood_years":[],"landslide_hist_n":1},"geometry":{"type":"Polygon","coordinates":[[[127.6918,35.97918],[127.69097,35.97539],[127.69515,35.97333],[127.70016,35.97507],[127.701,35.97886],[127.69682,35.98092],[127.6918,35.97918]]]}},{"type":"Feature","properties":{"h3":"8830c5cd27fffff","emd_code":"5273033000","emd_name":"적상면","area_km2":0.5273,"edge":false,"slope_mean":21.98,"elev_mean":290.3,"flood_hist_n":0,"flood_depth_max_m":null,"flood_risk_100y":null,"semi_basement_r":null,"elderly_alone_r":0.3444,"bldg_age30_r":null,"shelter_min_walk":66,"pop":2557,"hh":1591,"elderly65_r":0.5108,"single_hh_r":0.5827,"source_level":"emd","flood_years":[],"landslide_hist_n":2},"geometry":{"type":"Polygon","coordinates":[[[127.701,35.97886],[127.70016,35.97507],[127.70434,35.97301],[127.70936,35.97475],[127.7102,35.97854],[127.70602,35.9806],[127.701,35.97886]]]}},{"type":"Feature","properties":{"h3":"8830c5cd29fffff","emd_code":"5273033000","emd_name":"적상면","area_km2":0.5271,"edge":false,"slope_mean":24.07,"elev_mean":342.6,"flood_hist_n":1,"flood_depth_max_m":1.0,"flood_risk_100y":null,"semi_basement_r":null,"elderly_alone_r":0.3444,"bldg_age30_r":null,"shelter_min_walk":46,"pop":2557,"hh":1591,"elderly65_r":0.5108,"single_hh_r":0.5827,"source_level":"emd","flood_years":[2020],"landslide_hist_n":0},"geometry":{"type":"Polygon","coordinates":[[[127.69432,35.99056],[127.69348,35.98677],[127.69766,35.98471],[127.70268,35.98645],[127.70352,35.99024],[127.69934,35.99229],[127.69432,35.99056]]]}},{"type":"Feature","properties":{"h3":"8830c5cd2bfffff","emd_code":"5273033000","emd_name":"적상면","area_km2":0.5271,"edge":false,"slope_mean":28.93,"elev_mean":456.8,"flood_hist_n":0,"flood_depth_max_m":null,"flood_risk_100y":null,"semi_basement_r":null,"elderly_alone_r":0.3444,"bldg_age30_r":null,"shelter_min_walk":56,"pop":2557,"hh":1591,"elderly65_r":0.5108,"single_hh_r":0.5827,"source_level":"emd","flood_years":[],"landslide_hist_n":0},"geometry":{"type":"Polygon","coordinates":[[[127.70352,35.99024],[127.70268,35.98645],[127.70686,35.98439],[127.71188,35.98613],[127.71272,35.98992],[127.70854,35.99198],[127.70352,35.99024]]]}},{"type":"Feature","properties":{"h3":"8830c5cd2dfffff","emd_code":"5273033000","emd_name":"적상면","area_km2":0.5272,"edge":false,"slope_mean":24.01,"elev_mean":301.2,"flood_hist_n":1,"flood_depth_max_m":1.0,"flood_risk_100y":null,"semi_basement_r":null,"elderly_alone_r":0.3444,"bldg_age30_r":null,"shelter_min_walk":47,"pop":2557,"hh":1591,"elderly65_r":0.5108,"single_hh_r":0.5827,"source_level":"emd","flood_years":[2020],"landslide_hist_n":0},"geometry":{"type":"Polygon","coordinates":[[[127.68846,35.98503],[127.68762,35.98124],[127.6918,35.97918],[127.69682,35.98092],[127.69766,35.98471],[127.69348,35.98677],[127.68846,35.98503]]]}},{"type":"Feature","properties":{"h3":"8830c5cd31fffff","emd_code":"5273032000","emd_name":"설천면","area_km2":0.5272,"edge":false,"slope_mean":27.65,"elev_mean":617.6,"flood_hist_n":0,"flood_depth_max_m":null,"flood_risk_100y":null,"semi_basement_r":null,"elderly_alone_r":0.2626,"bldg_age30_r":null,"shelter_min_walk":79,"pop":3889,"hh":2323,"elderly65_r":0.4009,"single_hh_r":0.5751,"source_level":"emd","flood_years":[],"landslide_hist_n":0},"geometry":{"type":"Polygon","coordinates":[[[127.72192,35.9896],[127.72108,35.98581],[127.72526,35.98375],[127.73028,35.98549],[127.73112,35.98928],[127.72694,35.99134],[127.72192,35.9896]]]}},{"type":"Feature","properties":{"h3":"8830c5cd33fffff","emd_code":"5273032000","emd_name":"설천면","area_km2":0.5273,"edge":false,"slope_mean":29.1,"elev_mean":856.7,"flood_hist_n":0,"flood_depth_max_m":null,"flood_risk_100y":null,"semi_basement_r":null,"elderly_alone_r":0.2626,"bldg_age30_r":null,"shelter_min_walk":80,"pop":3889,"hh":2323,"elderly65_r":0.4009,"single_hh_r":0.5751,"source_level":"emd","flood_years":[],"landslide_hist_n":0},"geometry":{"type":"Polygon","coordinates":[[[127.73112,35.98928],[127.73028,35.98549],[127.73446,35.98343],[127.73948,35.98517],[127.74032,35.98896],[127.73614,35.99101],[127.73112,35.98928]]]}},{"type":"Feature","properties":{"h3":"8830c5cd35fffff","emd_code":"5273033000","emd_name":"적상면","area_km2":0.5273,"edge":false,"slope_mean":28.14,"elev_mean":556.2,"flood_hist_n":0,"flood_depth_max_m":null,"flood_risk_100y":null,"semi_basement_r":null,"elderly_alone_r":0.3444,"bldg_age30_r":null,"shelter_min_walk":76,"pop":2557,"hh":1591,"elderly65_r":0.5108,"single_hh_r":0.5827,"source_level":"emd","flood_years":[],"landslide_hist_n":0},"geometry":{"type":"Polygon","coordinates":[[[127.71606,35.98407],[127.71522,35.98028],[127.7194,35.97822],[127.72442,35.97996],[127.72526,35.98375],[127.72108,35.98581],[127.71606,35.98407]]]}},{"type":"Feature","properties":{"h3":"8830c5cd37fffff","emd_code":"5273033000","emd_name":"적상면","area_km2":0.5274,"edge":false,"slope_mean":28.74,"elev_mean":737.3,"flood_hist_n":0,"flood_depth_max_m":null,"flood_risk_100y":null,"semi_basement_r":null,"elderly_alone_r":0.3444,"bldg_age30_r":null,"shelter_min_walk":87,"pop":2557,"hh":1591,"elderly65_r":0.5108,"single_hh_r":0.5827,"source_level":"emd","flood_years":[],"landslide_hist_n":3},"geometry":{"type":"Polygon","coordinates":[[[127.72526,35.98375],[127.72442,35.97996],[127.7286,35.9779],[127.73362,35.97964],[127.73446,35.98343],[127.73028,35.98549],[127.72526,35.98375]]]}},{"type":"Feature","properties":{"h3":"8830c5cd39fffff","emd_code":"5273032000","emd_name":"설천면","area_km2":0.5271,"edge":false,"slope_mean":27.75,"elev_mean":561.9,"flood_hist_n":0,"flood_depth_max_m":null,"flood_risk_100y":null,"semi_basement_r":null,"elderly_alone_r":0.2626,"bldg_age30_r":null,"shelter_min_walk":72,"pop":3889,"hh":2323,"elderly65_r":0.4009,"single_hh_r":0.5751,"source_level":"emd","flood_years":[],"landslide_hist_n":0},"geometry":{"type":"Polygon","coordinates":[[[127.71857,35.99545],[127.71774,35.99166],[127.72192,35.9896],[127.72694,35.99134],[127.72777,35.99513],[127.72359,35.99718],[127.71857,35.99545]]]}},{"type":"Feature","properties":{"h3":"8830c5cd3bfffff","emd_code":"5273032000","emd_name":"설천면","area_km2":0.5272,"edge":false,"slope_mean":29.88,"elev_mean":702.4,"flood_hist_n":0,"flood_depth_max_m":null,"flood_risk_100y":null,"semi_basement_r":null,"elderly_alone_r":0.2626,"bldg_age30_r":null,"shelter_min_walk":80,"pop":3889,"hh":2323,"elderly65_r":0.4009,"single_hh_r":0.5751,"source_level":"emd","flood_years":[],"landslide_hist_n":0},"geometry":{"type":"Polygon","coordinates":[[[127.72777,35.99513],[127.72694,35.99134],[127.73112,35.98928],[127.73614,35.99101],[127.73698,35.99481],[127.73279,35.99686],[127.72777,35.99513]]]}},{"type":"Feature","properties":{"h3":"8830c5cd3dfffff","emd_code":"5273033000","emd_name":"적상면","area_km2":0.5272,"edge":false,"slope_mean":27.95,"elev_mean":458.6,"flood_hist_n":0,"flood_depth_max_m":null,"flood_risk_100y":null,"semi_basement_r":null,"elderly_alone_r":0.3444,"bldg_age30_r":null,"shelter_min_walk":68,"pop":2557,"hh":1591,"elderly65_r":0.5108,"single_hh_r":0.5827,"source_level":"emd","flood_years":[],"landslide_hist_n":0},"geometry":{"type":"Polygon","coordinates":[[[127.71272,35.98992],[127.71188,35.98613],[127.71606,35.98407],[127.72108,35.98581],[127.72192,35.9896],[127.71774,35.99166],[127.71272,35.98992]]]}},{"type":"Feature","properties":{"h3":"8830c5cd41fffff","emd_code":"5273025000","emd_name":"무주읍","area_km2":0.5267,"edge":false,"slope_mean":16.89,"elev_mean":259.0,"flood_hist_n":1,"flood_depth_max_m":1.0,"flood_risk_100y":null,"semi_basement_r":null,"elderly_alone_r":0.209,"bldg_age30_r":null,"shelter_min_walk":32,"pop":9487,"hh":4828,"elderly65_r":0.289,"single_hh_r":0.4816,"source_level":"emd","flood_years":[2020],"landslide_hist_n":0},"geometry":{"type":"Polygon","coordinates":[[[127.69015,36.01362],[127.68931,36.00983],[127.69349,36.00778],[127.69851,36.00951],[127.69935,36.0133],[127.69517,36.01536],[127.69015,36.01362]]]}},{"type":"Feature","properties":{"h3":"8830c5cd43fffff","emd_code":"5273025000","emd_name":"무주읍","area_km2":0.5267,"edge":false,"slope_mean":24.76,"elev_mean":425.8,"flood_hist_n":0,"flood_depth_max_m":null,"flood_risk_100y":null,"semi_basement_r":null,"elderly_alone_r":0.209,"bldg_age30_r":null,"shelter_min_walk":44,"pop":9487,"hh":4828,"elderly65_r":0.289,"single_hh_r":0.4816,"source_level":"emd","flood_years":[],"landslide_hist_n":0},"geometry":{"type":"Polygon","coordinates":[[[127.69935,36.0133],[127.69851,36.00951],[127.70269,36.00746],[127.70771,36.00919],[127.70855,36.01298],[127.70437,36.01504],[127.69935,36.0133]]]}},{"type":"Feature","properties":{"h3":"8830c5cd45fffff","emd_code":"5273025000","emd_name":"무주읍","area_km2":0.5267,"edge":false,"slope_mean":12.49,"elev_mean":229.3,"flood_hist_n":1,"flood_depth_max_m":1.0,"flood_risk_100y":null,"semi_basement_r":null,"elderly_alone_r":0.209,"bldg_age30_r":null,"shelter_min_walk":22,"pop":9487,"hh":4828,"elderly65_r":0.289,"single_hh_r":0.4816,"source_level":"emd","flood_years":[2020],"landslide_hist_n":0},"geometry":{"type":"Polygon","coordinates":[[[127.68429,36.00809],[127.68346,36.0043],[127.68764,36.00225],[127.69265,36.00399],[127.69349,36.00778],[127.68931,36.00983],[127.68429,36.00809]]]}},{"type":"Feature","properties":{"h3":"8830c5cd47fffff","emd_code":"5273025000","emd_name":"무주읍","area_km2":0.5268,"edge":false,"slope_mean":25.2,"elev_mean":362.5,"flood_hist_n":0,"flood_depth_max_m":null,"flood_risk_100y":null,"semi_basement_r":null,"elderly_alone_r":0.209,"bldg_age30_r":null,"shelter_min_walk":35,"pop":9487,"hh":4828,"elderly65_r":0.289,"single_hh_r":0.4816,"source_level":"emd","flood_years":[],"landslide_hist_n":0},"geometry":{"type":"Polygon","coordinates":[[[127.69349,36.00778],[127.69265,36.00399],[127.69683,36.00193],[127.70185,36.00367],[127.70269,36.00746],[127.69851,36.00951],[127.69349,36.00778]]]}},{"type":"Feature","properties":{"h3":"8830c5cd49fffff","emd_code":"5273025000","emd_name":"무주읍","area_km2":0.5266,"edge":false,"slope_mean":12.01,"elev_mean":219.1,"flood_hist_n":1,"flood_depth_max_m":0.5,"flood_risk_100y":null,"semi_basement_r":null,"elderly_alone_r":0.209,"bldg_age30_r":null,"shelter_min_walk":32,"pop":9487,"hh":4828,"elderly65_r":0.289,"single_hh_r":0.4816,"source_level":"emd","flood_years":[2020],"landslide_hist_n":0},"geometry":{"type":"Polygon","coordinates":[[[127.68681,36.01946],[127.68597,36.01567],[127.69015,36.01362],[127.69517,36.01536],[127.69601,36.01915],[127.69183,36.0212],[127.68681,36.01946]]]}},{"type":"Feature","properties":{"h3":"8830c5cd4bfffff","emd_code":"5273025000","emd_name":"무주읍","area_km2":0.5266,"edge":false,"slope_mean":17.37,"elev_mean":282.8,"flood_hist_n":0,"flood_depth_max_m":null,"flood_risk_100y":null,"semi_basement_r":null,"elderly_alone_r":0.209,"bldg_age30_r":null,"shelter_min_walk":43,"pop":9487,"hh":4828,"elderly65_r":0.289,"single_hh_r":0.4816,"source_level":"emd","flood_years":[],"landslide_hist_n":0},"geometry":{"type":"Polygon","coordinates":[[[127.69601,36.01915],[127.69517,36.01536],[127.69935,36.0133],[127.70437,36.01504],[127.70521,36.01883],[127.70103,36.02088],[127.69601,36.01915]]]}},{"type":"Feature","properties":{"h3":"8830c5cd4dfffff","emd_code":"5273025000","emd_name":"무주읍","area_km2":0.5266,"edge":false,"slope_mean":14.16,"elev_mean":243.0,"flood_hist_n":1,"flood_depth_max_m":1.0,"flood_risk_100y":null,"semi_basement_r":null,"elderly_alone_r":0.209,"bldg_age30_r":null,"shelter_min_walk":21,"pop":9487,"hh":4828,"elderly65_r":0.289,"single_hh_r":0.4816,"source_level":"emd","flood_years":[2020],"landslide_hist_n":0},"geometry":{"type":"Polygon","coordinates":[[[127.68095,36.01394],[127.68011,36.01015],[127.68429,36.00809],[127.68931,36.00983],[127.69015,36.01362],[127.68597,36.01567],[127.68095,36.01394]]]}},{"type":"Feature","properties":{"h3":"8830c5cd51fffff","emd_code":"5273032000","emd_name":"설천면","area_km2":0.5267,"edge":false,"slope_mean":11.9,"elev_mean":249.1,"flood_hist_n":0,"flood_depth_max_m":null,"flood_risk_100y":null,"semi_basement_r":null,"elderly_alone_r":0.2626,"bldg_age30_r":null,"shelter_min_walk":65,"pop":3889,"hh":2323,"elderly65_r":0.4009,"single_hh_r":0.5751,"source_level":"emd","flood_years":[],"landslide_hist_n":0},"geometry":{"type":"Polygon","coordinates":[[[127.71441,36.01851],[127.71357,36.01472],[127.71775,36.01267],[127.72277,36.0144],[127.72361,36.01819],[127.71943,36.02024],[127.71441,36.01851]]]}},{"type":"Feature","properties":{"h3":"8830c5cd53fffff","emd_code":"5273032000","emd_name":"설천면","area_km2":0.5268,"edge":false,"slope_mean":20.44,"elev_mean":289.3,"flood_hist_n":0,"flood_depth_max_m":null,"flood_risk_100y":null,"semi_basement_r":null,"elderly_alone_r":0.2626,"bldg_age30_r":null,"shelter_min_walk":77,"pop":3889,"hh":2323,"elderly65_r":0.4009,"single_hh_r":0.5751,"source_level":"emd","flood_years":[],"landslide_hist_n":0},"geometry":{"type":"Polygon","coordinates":[[[127.72361,36.01819],[127.72277,36.0144],[127.72695,36.01235],[127.73197,36.01408],[127.73281,36.01787],[127.72863,36.01993],[127.72361,36.01819]]]}},{"type":"Feature","properties":{"h3":"8830c5cd55fffff","emd_code":"5273032000","emd_name":"설천면","area_km2":0.5268,"edge":false,"slope_mean":20.49,"elev_mean":372.8,"flood_hist_n":0,"flood_depth_max_m":null,"flood_risk_100y":null,"semi_basement_r":null,"elderly_alone_r":0.2626,"bldg_age30_r":null,"shelter_min_walk":56,"pop":3889,"hh":2323,"elderly65_r":0.4009,"single_hh_r":0.5751,"source_level":"emd","flood_years":[],"landslide_hist_n":0},"geometry":{"type":"Polygon","coordinates":[[[127.70855,36.01298],[127.70771,36.00919],[127.71189,36.00714],[127.71691,36.00888],[127.71775,36.01267],[127.71357,36.01472],[127.70855,36.01298]]]}},{"type":"Feature","properties":{"h3":"8830c5cd57fffff","emd_code":"5273032000","emd_name":"설천면","area_km2":0.5268,"edge":false,"slope_mean":22.5,"elev_mean":321.3,"flood_hist_n":0,"flood_depth_max_m":null,"flood_risk_100y":null,"semi_basement_r":null,"elderly_alone_r":0.2626,"bldg_age30_r":null,"shelter_min_walk":68,"pop":3889,"hh":2323,"elderly65_r":0.4009,"single_hh_r":0.5751,"source_level":"emd","flood_years":[],"landslide_hist_n":0},"geometry":{"type":"Polygon","coordinates":[[[127.71775,36.01267],[127.71691,36.00888],[127.72109,36.00682],[127.72611,36.00856],[127.72695,36.01235],[127.72277,36.0144],[127.71775,36.01267]]]}},{"type":"Feature","properties":{"h3":"8830c5cd59fffff","emd_code":"5273032000","emd_name":"설천면","area_km2":0.5266,"edge":false,"slope_mean":18.52,"elev_mean":260.6,"flood_hist_n":0,"flood_depth_max_m":null,"flood_risk_100y":null,"semi_basement_r":null,"elderly_alone_r":0.2626,"bldg_age30_r":null,"shelter_min_walk":65,"pop":3889,"hh":2323,"elderly65_r":0.4009,"single_hh_r":0.5751,"source_level":"emd","flood_years":[],"landslide_hist_n":0},"geometry":{"type":"Polygon","coordinates":[[[127.71106,36.02435],[127.71023,36.02056],[127.71441,36.01851],[127.71943,36.02024],[127.72026,36.02403],[127.71608,36.02609],[127.71106,36.02435]]]}},{"type":"Feature","properties":{"h3":"8830c5cd5bfffff","emd_code":"5273032000","emd_name":"설천면","area_km2":0.5267,"edge":false,"slope_mean":20.39,"elev_mean":297.0,"flood_hist_n":0,"flood_depth_max_m":null,"flood_risk_100y":null,"semi_basement_r":null,"elderly_alone_r":0.2626,"bldg_age30_r":null,"shelter_min_walk":76,"pop":3889,"hh":2323,"elderly65_r":0.4009,"single_hh_r":0.5751,"source_level":"emd","flood_years":[],"landslide_hist_n":0},"geometry":{"type":"Polygon","coordinates":[[[127.72026,36.02403],[127.71943,36.02024],[127.72361,36.01819],[127.72863,36.01993],[127.72947,36.02371],[127.72528,36.02577],[127.72026,36.02403]]]}},{"type":"Feature","properties":{"h3":"8830c5cd5dfffff","emd_code":"5273032000","emd_name":"설천면","area_km2":0.5267,"edge":false,"slope_mean":22.21,"elev_mean":348.5,"flood_hist_n":0,"flood_depth_max_m":null,"flood_risk_100y":null,"semi_basement_r":null,"elderly_alone_r":0.2626,"bldg_age30_r":null,"shelter_min_walk":54,"pop":3889,"hh":2323,"elderly65_r":0.4009,"single_hh_r":0.5751,"source_level":"emd","flood_years":[],"landslide_hist_n":0},"geometry":{"type":"Polygon","coordinates":[[[127.70521,36.01883],[127.70437,36.01504],[127.70855,36.01298],[127.71357,36.01472],[127.71441,36.01851],[127.71023,36.02056],[127.70521,36.01883]]]}},{"type":"Feature","properties":{"h3":"8830c5cd61fffff","emd_code":"5273025000","emd_name":"무주읍","area_km2":0.5269,"edge":false,"slope_mean":18.37,"elev_mean":300.9,"flood_hist_n":1,"flood_depth_max_m":1.0,"flood_risk_100y":null,"semi_basement_r":null,"elderly_alone_r":0.209,"bldg_age30_r":null,"shelter_min_walk":26,"pop":9487,"hh":4828,"elderly65_r":0.289,"single_hh_r":0.4816,"source_level":"emd","flood_years":[2020],"landslide_hist_n":0},"geometry":{"type":"Polygon","coordinates":[[[127.68178,35.99672],[127.68094,35.99293],[127.68512,35.99088],[127.69014,35.99261],[127.69098,35.9964],[127.6868,35.99846],[127.68178,35.99672]]]}},{"type":"Feature","properties":{"h3":"8830c5cd63fffff","emd_code":"5273025000","emd_name":"무주읍","area_km2":0.527,"edge":false,"slope_mean":24.56,"elev_mean":332.8,"flood_hist_n":1,"flood_depth_max_m":1.0,"flood_risk_100y":null,"semi_basement_r":null,"elderly_alone_r":0.209,"bldg_age30_r":null,"shelter_min_walk":37,"pop":9487,"hh":4828,"elderly65_r":0.289,"single_hh_r":0.4816,"source_level":"emd","flood_years":[2020],"landslide_hist_n":1},"geometry":{"type":"Polygon","coordinates":[[[127.69098,35.9964],[127.69014,35.99261],[127.69432,35.99056],[127.69934,35.99229],[127.70018,35.99609],[127.696,35.99814],[127.69098,35.9964]]]}},{"type":"Feature","properties":{"h3":"8830c5cd65fffff","emd_code":"5273025000","emd_name":"무주읍","area_km2":0.527,"edge":false,"slope_mean":22.67,"elev_mean":386.5,"flood_hist_n":0,"flood_depth_max_m":null,"flood_risk_100y":null,"semi_basement_r":null,"elderly_alone_r":0.209,"bldg_age30_r":null,"shelter_min_walk":30,"pop":9487,"hh":4828,"elderly65_r":0.289,"single_hh_r":0.4816,"source_level":"emd","flood_years":[],"landslide_hist_n":0},"geometry":{"type":"Polygon","coordinates":[[[127.67592,35.99119],[127.67508,35.9874],[127.67926,35.98535],[127.68428,35.98708],[127.68512,35.99088],[127.68094,35.99293],[127.67592,35.99119]]]}},{"type":"Feature","properties":{"h3":"8830c5cd67fffff","emd_code":"5273033000","emd_name":"적상면","area_km2":0.527,"edge":false,"slope_mean":23.63,"elev_mean":291.2,"flood_hist_n":1,"flood_depth_max_m":1.0,"flood_risk_100y":null,"semi_basement_r":null,"elderly_alone_r":0.3444,"bldg_age30_r":null,"shelter_min_walk":37,"pop":2557,"hh":1591,"elderly65_r":0.5108,"single_hh_r":0.5827,"source_level":"emd","flood_years":[2020],"landslide_hist_n":0},"geometry":{"type":"Polygon","coordinates":[[[127.68512,35.99088],[127.68428,35.98708],[127.68846,35.98503],[127.69348,35.98677],[127.69432,35.99056],[127.69014,35.99261],[127.68512,35.99088]]]}},{"type":"Feature","properties":{"h3":"8830c5cd69fffff","emd_code":"5273025000","emd_name":"무주읍","area_km2":0.5268,"edge":false,"slope_mean":12.58,"elev_mean":240.6,"flood_hist_n":1,"flood_depth_max_m":0.5,"flood_risk_100y":null,"semi_basement_r":null,"elderly_alone_r":0.209,"bldg_age30_r":null,"shelter_min_walk":17,"pop":9487,"hh":4828,"elderly65_r":0.289,"single_hh_r":0.4816,"source_level":"emd","flood_years":[2020],"landslide_hist_n":0},"geometry":{"type":"Polygon","coordinates":[[[127.67844,36.00257],[127.6776,35.99878],[127.68178,35.99672],[127.6868,35.99846],[127.68764,36.00225],[127.68346,36.0043],[127.67844,36.00257]]]}},{"type":"Feature","properties":{"h3":"8830c5cd6bfffff","emd_code":"5273025000","emd_name":"무주읍","area_km2":0.5269,"edge":false,"slope_mean":23.66,"elev_mean":267.0,"flood_hist_n":1,"flood_depth_max_m":1.0,"flood_risk_100y":null,"semi_basement_r":null,"elderly_alone_r":0.209,"bldg_age30_r":null,"shelter_min_walk":28,"pop":9487,"hh":4828,"elderly65_r":0.289,"single_hh_r":0.4816,"source_level":"emd","flood_years":[2020],"landslide_hist_n":0},"geometry":{"type":"Polygon","coordinates":[[[127.68764,36.00225],[127.6868,35.99846],[127.69098,35.9964],[127.696,35.99814],[127.69683,36.00193],[127.69265,36.00399],[127.68764,36.00225]]]}},{"type":"Feature","properties":{"h3":"8830c5cd6dfffff","emd_code":"5273025000","emd_name":"무주읍","area_km2":0.5269,"edge":false,"slope_mean":20.71,"elev_mean":305.8,"flood_hist_n":0,"flood_depth_max_m":null,"flood_risk_100y":null,"semi_basement_r":null,"elderly_alone_r":0.209,"bldg_age30_r":null,"shelter_min_walk":19,"pop":9487,"hh":4828,"elderly65_r":0.289,"single_hh_r":0.4816,"source_level":"emd","flood_years":[],"landslide_hist_n":0},"geometry":{"type":"Polygon","coordinates":[[[127.67258,35.99704],[127.67174,35.99325],[127.67592,35.99119],[127.68094,35.99293],[127.68178,35.99672],[127.6776,35.99878],[127.67258,35.99704]]]}},{"type":"Feature","properties":{"h3":"8830c5cd81fffff","emd_code":"5273032000","emd_name":"설천면","area_km2":0.5273,"edge":false,"slope_mean":15.05,"elev_mean":467.3,"flood_hist_n":0,"flood_depth_max_m":null,"flood_risk_100y":null,"semi_basement_r":null,"elderly_alone_r":0.2626,"bldg_age30_r":null,"shelter_min_walk":26,"pop":3889,"hh":2323,"elderly65_r":0.4009,"single_hh_r":0.5751,"source_level":"emd","flood_years":[],"landslide_hist_n":0},"geometry":{"type":"Polygon","coordinates":[[[127.77044,35.99936],[127.7696,35.99557],[127.77378,35.99352],[127.7788,35.99525],[127.77964,35.99904],[127.77546,36.0011],[127.77044,35.99936]]]}},{"type":"Feature","properties":{"h3":"8830c5cd83fffff","emd_code":"5273032000","emd_name":"설천면","area_km2":0.5274,"edge":false,"slope_mean":14.97,"elev_mean":399.7,"flood_hist_n":0,"flood_depth_max_m":null,"flood_risk_100y":null,"semi_basement_r":null,"elderly_alone_r":0.2626,"bldg_age30_r":null,"shelter_min_walk":20,"pop":3889,"hh":2323,"elderly65_r":0.4009,"single_hh_r":0.5751,"source_level":"emd","flood_years":[],"landslide_hist_n":0},"geometry":{"type":"Polygon","coordinates":[[[127.77964,35.99904],[127.7788,35.99525],[127.78299,35.99319],[127.78801,35.99492],[127.78885,35.99872],[127.78466,36.00077],[127.77964,35.99904]]]}},{"type":"Feature","properties":{"h3":"8830c5cd85fffff","emd_code":"5273032000","emd_name":"설천면","area_km2":0.5274,"edge":false,"slope_mean":28.14,"elev_mean":699.3,"flood_hist_n":0,"flood_depth_max_m":null,"flood_risk_100y":null,"semi_basement_r":null,"elderly_alone_r":0.2626,"bldg_age30_r":null,"shelter_min_walk":38,"pop":3889,"hh":2323,"elderly65_r":0.4009,"single_hh_r":0.5751,"source_level":"emd","flood_years":[],"landslide_hist_n":0},"geometry":{"type":"Polygon","coordinates":[[[127.76458,35.99384],[127.76374,35.99005],[127.76792,35.98799],[127.77294,35.98972],[127.77378,35.99352],[127.7696,35.99557],[127.76458,35.99384]]]}},{"type":"Feature","properties":{"h3":"8830c5cd87fffff","emd_code":"5273032000","emd_name":"설천면","area_km2":0.5274,"edge":false,"slope_mean":19.88,"elev_mean":523.6,"flood_hist_n":0,"flood_depth_max_m":null,"flood_risk_100y":null,"semi_basement_r":null,"elderly_alone_r":0.2626,"bldg_age30_r":null,"shelter_min_walk":31,"pop":3889,"hh":2323,"elderly65_r":0.4009,"single_hh_r":0.5751,"source_level":"emd","flood_years":[],"landslide_hist_n":0},"geometry":{"type":"Polygon","coordinates":[[[127.77378,35.99352],[127.77294,35.98972],[127.77713,35.98767],[127.78215,35.9894],[127.78299,35.99319],[127.7788,35.99525],[127.77378,35.99352]]]}},{"type":"Feature","properties":{"h3":"8830c5cd89fffff","emd_code":"5273032000","emd_name":"설천면","area_km2":0.5272,"edge":false,"slope_mean":16.44,"elev_mean":387.0,"flood_hist_n":0,"flood_depth_max_m":null,"flood_risk_100y":null,"semi_basement_r":null,"elderly_alone_r":0.2626,"bldg_age30_r":null,"shelter_min_walk":25,"pop":3889,"hh":2323,"elderly65_r":0.4009,"single_hh_r":0.5751,"source_level":"emd","flood_years":[],"landslide_hist_n":0},"geometry":{"type":"Polygon","coordinates":[[[127.7671,36.00521],[127.76626,36.00142],[127.77044,35.99936],[127.77546,36.0011],[127.7763,36.00489],[127.77212,36.00695],[127.7671,36.00521]]]}},{"type":"Feature","properties":{"h3":"8830c5cd8bfffff","emd_code":"5273032000","emd_name":"설천면","area_km2":0.5272,"edge":false,"slope_mean":16.14,"elev_mean":384.2,"flood_hist_n":0,"flood_depth_max_m":null,"flood_risk_100y":null,"semi_basement_r":null,"elderly_alone_r":0.2626,"bldg_age30_r":null,"shelter_min_walk":14,"pop":3889,"hh":2323,"elderly65_r":0.4009,"single_hh_r":0.5751,"source_level":"emd","flood_years":[],"landslide_hist_n":1},"geometry":{"type":"Polygon","coordinates":[[[127.7763,36.00489],[127.77546,36.0011],[127.77964,35.99904],[127.78466,36.00077],[127.7855,36.00456],[127.78132,36.00662],[127.7763,36.00489]]]}},{"type":"Feature","properties":{"h3":"8830c5cd8dfffff","emd_code":"5273032000","emd_name":"설천면","area_km2":0.5273,"edge":false,"slope_mean":21.38,"elev_mean":507.8,"flood_hist_n":0,"flood_depth_max_m":null,"flood_risk_100y":null,"semi_basement_r":null,"elderly_alone_r":0.2626,"bldg_age30_r":null,"shelter_min_walk":36,"pop":3889,"hh":2323,"elderly65_r":0.4009,"single_hh_r":0.5751,"source_level":"emd","flood_years":[],"landslide_hist_n":0},"geometry":{"type":"Polygon","coordinates":[[[127.76124,35.99969],[127.7604,35.9959],[127.76458,35.99384],[127.7696,35.99557],[127.77044,35.99936],[127.76626,36.00142],[127.76124,35.99969]]]}},{"type":"Feature","properties":{"h3":"8830c5cd91fffff","emd_code":"5273032000","emd_name":"설천면","area_km2":0.5273,"edge":false,"slope_mean":16.67,"elev_mean":341.7,"flood_hist_n":1,"flood_depth_max_m":1.0,"flood_risk_100y":null,"semi_basement_r":null,"elderly_alone_r":0.2626,"bldg_age30_r":null,"shelter_min_walk":16,"pop":3889,"hh":2323,"elderly65_r":0.4009,"single_hh_r":0.5751,"source_level":"emd","flood_years":[2020],"landslide_hist_n":0},"geometry":{"type":"Polygon","coordinates":[[[127.79471,36.00424],[127.79387,36.00045],[127.79805,35.99839],[127.80307,36.00012],[127.80391,36.00391],[127.79973,36.00597],[127.79471,36.00424]]]}},{"type":"Feature","properties":{"h3":"8830c5cd93fffff","emd_code":"5273032000","emd_name":"설천면","area_km2":0.5274,"edge":false,"slope_mean":22.36,"elev_mean":399.9,"flood_hist_n":1,"flood_depth_max_m":1.0,"flood_risk_100y":null,"semi_basement_r":null,"elderly_alone_r":0.2626,"bldg_age30_r":null,"shelter_min_walk":28,"pop":3889,"hh":2323,"elderly65_r":0.4009,"single_hh_r":0.5751,"source_level":"emd","flood_years":[2020],"landslide_hist_n":0},"geometry":{"type":"Polygon","coordinates":[[[127.80391,36.00391],[127.80307,36.00012],[127.80726,35.99806],[127.81228,35.9998],[127.81312,36.00359],[127.80893,36.00565],[127.80391,36.00391]]]}},{"type":"Feature","properties":{"h3":"8830c5cd95fffff","emd_code":"5273032000","emd_name":"설천면","area_km2":0.5274,"edge":false,"slope_mean":9.97,"elev_mean":322.5,"flood_hist_n":1,"flood_depth_max_m":1.0,"flood_risk_100y":null,"semi_basement_r":null,"elderly_alone_r":0.2626,"bldg_age30_r":null,"shelter_min_walk":20,"pop":3889,"hh":2323,"elderly65_r":0.4009,"single_hh_r":0.5751,"source_level":"emd","flood_years":[2020],"landslide_hist_n":0},"geometry":{"type":"Polygon","coordinates":[[[127.78885,35.99872],[127.78801,35.99492],[127.79219,35.99287],[127.79721,35.9946],[127.79805,35.99839],[127.79387,36.00045],[127.78885,35.99872]]]}},{"type":"Feature","properties":{"h3":"8830c5cd97fffff","emd_code":"5273032000","emd_name":"설천면","area_km2":0.5275,"edge":false,"slope_mean":19.77,"elev_mean":372.1,"flood_hist_n":0,"flood_depth_max_m":null,"flood_risk_100y":null,"semi_basement_r":null,"elderly_alone_r":0.2626,"bldg_age30_r":null,"shelter_min_walk":26,"pop":3889,"hh":2323,"elderly65_r":0.4009,"single_hh_r":0.5751,"source_level":"emd","flood_years":[],"landslide_hist_n":0},"geometry":{"type":"Polygon","coordinates":[[[127.79805,35.99839],[127.79721,35.9946],[127.80139,35.99254],[127.80642,35.99427],[127.80726,35.99806],[127.80307,36.00012],[127.79805,35.99839]]]}},{"type":"Feature","properties":{"h3":"8830c5cd99fffff","emd_code":"5273032000","emd_name":"설천면","area_km2":0.5272,"edge":false,"slope_mean":17.87,"elev_mean":328.7,"flood_hist_n":1,"flood_depth_max_m":1.0,"flood_risk_100y":null,"semi_basement_r":null,"elderly_alone_r":0.2626,"bldg_age30_r":null,"shelter_min_walk":9,"pop":3889,"hh":2323,"elderly65_r":0.4009,"single_hh_r":0.5751,"source_level":"emd","flood_years":[2020],"landslide_hist_n":0},"geometry":{"type":"Polygon","coordinates":[[[127.79137,36.01009],[127.79053,36.0063],[127.79471,36.00424],[127.79973,36.00597],[127.80057,36.00976],[127.79639,36.01182],[127.79137,36.01009]]]}},{"type":"Feature","properties":{"h3":"8830c5cd9bfffff","emd_code":"5273032000","emd_name":"설천면","area_km2":0.5273,"edge":false,"slope_mean":27.77,"elev_mean":452.9,"flood_hist_n":0,"flood_depth_max_m":null,"flood_risk_100y":null,"semi_basement_r":null,"elderly_alone_r":0.2626,"bldg_age30_r":null,"shelter_min_walk":21,"pop":3889,"hh":2323,"elderly65_r":0.4009,"single_hh_r":0.5751,"source_level":"emd","flood_years":[],"landslide_hist_n":0},"geometry":{"type":"Polygon","coordinates":[[[127.80057,36.00976],[127.79973,36.00597],[127.80391,36.00391],[127.80893,36.00565],[127.80977,36.00944],[127.80559,36.0115],[127.80057,36.00976]]]}},{"type":"Feature","properties":{"h3":"8830c5cd9dfffff","emd_code":"5273032000","emd_name":"설천면","area_km2":0.5273,"edge":false,"slope_mean":10.1,"elev_mean":318.4,"flood_hist_n":1,"flood_depth_max_m":1.0,"flood_risk_100y":null,"semi_basement_r":null,"elderly_alone_r":0.2626,"bldg_age30_r":null,"shelter_min_walk":9,"pop":3889,"hh":2323,"elderly65_r":0.4009,"single_hh_r":0.5751,"source_level":"emd","flood_years":[2020],"landslide_hist_n":0},"geometry":{"type":"Polygon","coordinates":[[[127.7855,36.00456],[127.78466,36.00077],[127.78885,35.99872],[127.79387,36.00045],[127.79471,36.00424],[127.79053,36.0063],[127.7855,36.00456]]]}},{"type":"Feature","properties":{"h3":"8830c5cda1fffff","emd_code":"5273032000","emd_name":"설천면","area_km2":0.5275,"edge":false,"slope_mean":28.54,"elev_mean":767.9,"flood_hist_n":0,"flood_depth_max_m":null,"flood_risk_100y":null,"semi_basement_r":null,"elderly_alone_r":0.2626,"bldg_age30_r":null,"shelter_min_walk":55,"pop":3889,"hh":2323,"elderly65_r":0.4009,"single_hh_r":0.5751,"source_level":"emd","flood_years":[],"landslide_hist_n":0},"geometry":{"type":"Polygon","coordinates":[[[127.76206,35.98246],[127.76122,35.97867],[127.7654,35.97661],[127.77043,35.97835],[127.77126,35.98214],[127.76708,35.9842],[127.76206,35.98246]]]}},{"type":"Feature","properties":{"h3":"8830c5cda3fffff","emd_code":"5273032000","emd_name":"설천면","area_km2":0.5276,"edge":false,"slope_mean":27.47,"elev_mean":536.4,"flood_hist_n":0,"flood_depth_max_m":null,"flood_risk_100y":null,"semi_basement_r":null,"elderly_alone_r":0.2626,"bldg_age30_r":null,"shelter_min_walk":50,"pop":3889,"hh":2323,"elderly65_r":0.4009,"single_hh_r":0.5751,"source_level":"emd","flood_years":[],"landslide_hist_n":0},"geometry":{"type":"Polygon","coordinates":[[[127.77126,35.98214],[127.77043,35.97835],[127.77461,35.97629],[127.77963,35.97802],[127.78047,35.98181],[127.77629,35.98387],[127.77126,35.98214]]]}},{"type":"Feature","properties":{"h3":"8830c5cda5fffff","emd_code":"5273032000","emd_name":"설천면","area_km2":0.5276,"edge":false,"slope_mean":28.59,"elev_mean":760.3,"flood_hist_n":0,"flood_depth_max_m":null,"flood_risk_100y":null,"semi_basement_r":null,"elderly_alone_r":0.2626,"bldg_age30_r":null,"shelter_min_walk":67,"pop":3889,"hh":2323,"elderly65_r":0.4009,"single_hh_r":0.5751,"source_level":"emd","flood_years":[],"landslide_hist_n":0},"geometry":{"type":"Polygon","coordinates":[[[127.7562,35.97694],[127.75536,35.97314],[127.75955,35.97108],[127.76457,35.97282],[127.7654,35.97661],[127.76122,35.97867],[127.7562,35.97694]]]}},{"type":"Feature","properties":{"h3":"8830c5cda7fffff","emd_code":"5273032000","emd_name":"설천면","area_km2":0.5277,"edge":false,"slope_mean":26.41,"elev_mean":579.4,"flood_hist_n":0,"flood_depth_max_m":null,"flood_risk_100y":null,"semi_basement_r":null,"elderly_alone_r":0.2626,"bldg_age30_r":null,"shelter_min_walk":61,"pop":3889,"hh":2323,"elderly65_r":0.4009,"single_hh_r":0.5751,"source_level":"emd","flood_years":[],"landslide_hist_n":0},"geometry":{"type":"Polygon","coordinates":[[[127.7654,35.97661],[127.76457,35.97282],[127.76875,35.97076],[127.77377,35.97249],[127.77461,35.97629],[127.77043,35.97835],[127.7654,35.97661]]]}},{"type":"Feature","properties":{"h3":"8830c5cda9fffff","emd_code":"5273032000","emd_name":"설천면","area_km2":0.5274,"edge":false,"slope_mean":28.55,"elev_mean":888.3,"flood_hist_n":0,"flood_depth_max_m":null,"flood_risk_100y":null,"semi_basement_r":null,"elderly_alone_r":0.2626,"bldg_age30_r":null,"shelter_min_walk":50,"pop":3889,"hh":2323,"elderly65_r":0.4009,"single_hh_r":0.5751,"source_level":"emd","flood_years":[],"landslide_hist_n":0},"geometry":{"type":"Polygon","coordinates":[[[127.75872,35.98831],[127.75788,35.98452],[127.76206,35.98246],[127.76708,35.9842],[127.76792,35.98799],[127.76374,35.99005],[127.75872,35.98831]]]}},{"type":"Feature","properties":{"h3":"8830c5cdabfffff","emd_code":"5273032000","emd_name":"설천면","area_km2":0.5275,"edge":false,"slope_mean":29.69,"elev_mean":748.8,"flood_hist_n":0,"flood_depth_max_m":null,"flood_risk_100y":null,"semi_basement_r":null,"elderly_alone_r":0.2626,"bldg_age30_r":null,"shelter_min_walk":43,"pop":3889,"hh":2323,"elderly65_r":0.4009,"single_hh_r":0.5751,"source_level":"emd","flood_years":[],"landslide_hist_n":0},"geometry":{"type":"Polygon","coordinates":[[[127.76792,35.98799],[127.76708,35.9842],[127.77126,35.98214],[127.77629,35.98387],[127.77713,35.98767],[127.77294,35.98972],[127.76792,35.98799]]]}},{"type":"Feature","properties":{"h3":"8830c5cdadfffff","emd_code":"5273032000","emd_name":"설천면","area_km2":0.5275,"edge":false,"slope_mean":29.03,"elev_mean":941.3,"flood_hist_n":0,"flood_depth_max_m":null,"flood_risk_100y":null,"semi_basement_r":null,"elderly_alone_r":0.2626,"bldg_age30_r":null,"shelter_min_walk":62,"pop":3889,"hh":2323,"elderly65_r":0.4009,"single_hh_r":0.5751,"source_level":"emd","flood_years":[],"landslide_hist_n":0},"geometry":{"type":"Polygon","coordinates":[[[127.75286,35.98279],[127.75202,35.97899],[127.7562,35.97694],[127.76122,35.97867],[127.76206,35.98246],[127.75788,35.98452],[127.75286,35.98279]]]}},{"type":"Feature","properties":{"h3":"8830c5cdb1fffff","emd_code":"5273032000","emd_name":"설천면","area_km2":0.5276,"edge":false,"slope_mean":17.18,"elev_mean":374.3,"flood_hist_n":1,"flood_depth_max_m":1.0,"flood_risk_100y":null,"semi_basement_r":null,"elderly_alone_r":0.2626,"bldg_age30_r":null,"shelter_min_walk":38,"pop":3889,"hh":2323,"elderly65_r":0.4009,"single_hh_r":0.5751,"source_level":"emd","flood_years":[2020],"landslide_hist_n":0},"geometry":{"type":"Polygon","coordinates":[[[127.78633,35.98734],[127.78549,35.98355],[127.78967,35.98149],[127.79469,35.98322],[127.79553,35.98701],[127.79135,35.98907],[127.78633,35.98734]]]}},{"type":"Feature","properties":{"h3":"8830c5cdb3fffff","emd_code":"5273032000","emd_name":"설천면","area_km2":0.5276,"edge":false,"slope_mean":26.69,"elev_mean":493.9,"flood_hist_n":0,"flood_depth_max_m":null,"flood_risk_100y":null,"semi_basement_r":null,"elderly_alone_r":0.2626,"bldg_age30_r":null,"shelter_min_walk":41,"pop":3889,"hh":2323,"elderly65_r":0.4009,"single_hh_r":0.5751,"source_level":"emd","flood_years":[],"landslide_hist_n":0},"geometry":{"type":"Polygon","coordinates":[[[127.79553,35.98701],[127.79469,35.98322],[127.79887,35.98116],[127.8039,35.9829],[127.80474,35.98669],[127.80055,35.98875],[127.79553,35.98701]]]}},{"type":"Feature","properties":{"h3":"8830c5cdb5fffff","emd_code":"5273032000","emd_name":"설천면","area_km2":0.5276,"edge":false,"slope_mean":21.66,"elev_mean":408.8,"flood_hist_n":0,"flood_depth_max_m":null,"flood_risk_100y":null,"semi_basement_r":null,"elderly_alone_r":0.2626,"bldg_age30_r":null,"shelter_min_walk":47,"pop":3889,"hh":2323,"elderly65_r":0.4009,"single_hh_r":0.5751,"source_level":"emd","flood_years":[],"landslide_hist_n":0},"geometry":{"type":"Polygon","coordinates":[[[127.78047,35.98181],[127.77963,35.97802],[127.78381,35.97596],[127.78883,35.9777],[127.78967,35.98149],[127.78549,35.98355],[127.78047,35.98181]]]}},{"type":"Feature","properties":{"h3":"8830c5cdb7fffff","emd_code":"5273032000","emd_name":"설천면","area_km2":0.5277,"edge":false,"slope_mean":20.99,"elev_mean":513.1,"flood_hist_n":0,"flood_depth_max_m":null,"flood_risk_100y":null,"semi_basement_r":null,"elderly_alone_r":0.2626,"bldg_age30_r":null,"shelter_min_walk":48,"pop":3889,"hh":2323,"elderly65_r":0.4009,"single_hh_r":0.5751,"source_level":"emd","flood_years":[],"landslide_hist_n":0},"geometry":{"type":"Polygon","coordinates":[[[127.78967,35.98149],[127.78883,35.9777],[127.79301,35.97564],[127.79804,35.97737],[127.79887,35.98116],[127.79469,35.98322],[127.78967,35.98149]]]}},{"type":"Feature","properties":{"h3":"8830c5cdb9fffff","emd_code":"5273032000","emd_name":"설천면","area_km2":0.5275,"edge":false,"slope_mean":16.91,"elev_mean":386.5,"flood_hist_n":1,"flood_depth_max_m":0.5,"flood_risk_100y":null,"semi_basement_r":null,"elderly_alone_r":0.2626,"bldg_age30_r":null,"shelter_min_walk":28,"pop":3889,"hh":2323,"elderly65_r":0.4009,"single_hh_r":0.5751,"source_level":"emd","flood_years":[2020],"landslide_hist_n":0},"geometry":{"type":"Polygon","coordinates":[[[127.78299,35.99319],[127.78215,35.9894],[127.78633,35.98734],[127.79135,35.98907],[127.79219,35.99287],[127.78801,35.99492],[127.78299,35.99319]]]}},{"type":"Feature","properties":{"h3":"8830c5cdbbfffff","emd_code":"5273032000","emd_name":"설천면","area_km2":0.5275,"edge":false,"slope_mean":20.02,"elev_mean":389.3,"flood_hist_n":1,"flood_depth_max_m":1.0,"flood_risk_100y":null,"semi_basement_r":null,"elderly_alone_r":0.2626,"bldg_age30_r":null,"shelter_min_walk":30,"pop":3889,"hh":2323,"elderly65_r":0.4009,"single_hh_r":0.5751,"source_level":"emd","flood_years":[2020],"landslide_hist_n":0},"geometry":{"type":"Polygon","coordinates":[[[127.79219,35.99287],[127.79135,35.98907],[127.79553,35.98701],[127.80055,35.98875],[127.80139,35.99254],[127.79721,35.9946],[127.79219,35.99287]]]}},{"type":"Feature","properties":{"h3":"8830c5cdbdfffff","emd_code":"5273032000","emd_name":"설천면","area_km2":0.5275,"edge":false,"slope_mean":22.69,"elev_mean":443.1,"flood_hist_n":0,"flood_depth_max_m":null,"flood_risk_100y":null,"semi_basement_r":null,"elderly_alone_r":0.2626,"bldg_age30_r":null,"shelter_min_walk":39,"pop":3889,"hh":2323,"elderly65_r":0.4009,"single_hh_r":0.5751,"source_level":"emd","flood_years":[],"landslide_hist_n":0},"geometry":{"type":"Polygon","coordinates":[[[127.77713,35.98767],[127.77629,35.98387],[127.78047,35.98181],[127.78549,35.98355],[127.78633,35.98734],[127.78215,35.9894],[127.77713,35.98767]]]}},{"type":"Feature","properties":{"h3":"8830c5cdc1fffff","emd_code":"5273032000","emd_name":"설천면","area_km2":0.527,"edge":false,"slope_mean":16.66,"elev_mean":338.1,"flood_hist_n":0,"flood_depth_max_m":null,"flood_risk_100y":null,"semi_basement_r":null,"elderly_alone_r":0.2626,"bldg_age30_r":null,"shelter_min_walk":38,"pop":3889,"hh":2323,"elderly65_r":0.4009,"single_hh_r":0.5751,"source_level":"emd","flood_years":[],"landslide_hist_n":0},"geometry":{"type":"Polygon","coordinates":[[[127.75455,36.01138],[127.75371,36.00759],[127.7579,36.00554],[127.76292,36.00727],[127.76376,36.01106],[127.75957,36.01312],[127.75455,36.01138]]]}},{"type":"Feature","properties":{"h3":"8830c5cdc3fffff","emd_code":"5273032000","emd_name":"설천면","area_km2":0.5271,"edge":false,"slope_mean":11.58,"elev_mean":306.9,"flood_hist_n":0,"flood_depth_max_m":null,"flood_risk_100y":null,"semi_basement_r":null,"elderly_alone_r":0.2626,"bldg_age30_r":null,"shelter_min_walk":26,"pop":3889,"hh":2323,"elderly65_r":0.4009,"single_hh_r":0.5751,"source_level":"emd","flood_years":[],"landslide_hist_n":0},"geometry":{"type":"Polygon","coordinates":[[[127.76376,36.01106],[127.76292,36.00727],[127.7671,36.00521],[127.77212,36.00695],[127.77296,36.01074],[127.76878,36.01279],[127.76376,36.01106]]]}},{"type":"Feature","properties":{"h3":"8830c5cdc5fffff","emd_code":"5273032000","emd_name":"설천면","area_km2":0.5271,"edge":false,"slope_mean":22.31,"elev_mean":444.2,"flood_hist_n":0,"flood_depth_max_m":null,"flood_risk_100y":null,"semi_basement_r":null,"elderly_alone_r":0.2626,"bldg_age30_r":null,"shelter_min_walk":48,"pop":3889,"hh":2323,"elderly65_r":0.4009,"single_hh_r":0.5751,"source_level":"emd","flood_years":[],"landslide_hist_n":0},"geometry":{"type":"Polygon","coordinates":[[[127.74869,36.00586],[127.74785,36.00207],[127.75204,36.00001],[127.75706,36.00174],[127.7579,36.00554],[127.75371,36.00759],[127.74869,36.00586]]]}},{"type":"Feature","properties":{"h3":"8830c5cdc7fffff","emd_code":"5273032000","emd_name":"설천면","area_km2":0.5271,"edge":false,"slope_mean":16.16,"elev_mean":400.1,"flood_hist_n":0,"flood_depth_max_m":null,"flood_risk_100y":null,"semi_basement_r":null,"elderly_alone_r":0.2626,"bldg_age30_r":null,"shelter_min_walk":36,"pop":3889,"hh":2323,"elderly65_r":0.4009,"single_hh_r":0.5751,"source_level":"emd","flood_years":[],"landslide_hist_n":0},"geometry":{"type":"Polygon","coordinates":[[[127.7579,36.00554],[127.75706,36.00174],[127.76124,35.99969],[127.76626,36.00142],[127.7671,36.00521],[127.76292,36.00727],[127.7579,36.00554]]]}},{"type":"Feature","properties":{"h3":"8830c5cdc9fffff","emd_code":"5273032000","emd_name":"설천면","area_km2":0.5269,"edge":false,"slope_mean":7.63,"elev_mean":282.0,"flood_hist_n":0,"flood_depth_max_m":null,"flood_risk_100y":null,"semi_basement_r":null,"elderly_alone_r":0.2626,"bldg_age30_r":null,"shelter_min_walk":43,"pop":3889,"hh":2323,"elderly65_r":0.4009,"single_hh_r":0.5751,"source_level":"emd","flood_years":[],"landslide_hist_n":0},"geometry":{"type":"Polygon","coordinates":[[[127.75121,36.01723],[127.75037,36.01344],[127.75455,36.01138],[127.75957,36.01312],[127.76041,36.01691],[127.75623,36.01896],[127.75121,36.01723]]]}},{"type":"Feature","properties":{"h3":"8830c5cdcbfffff","emd_code":"5273032000","emd_name":"설천면","area_km2":0.527,"edge":true,"slope_mean":14.51,"elev_mean":298.9,"flood_hist_n":0,"flood_depth_max_m":null,"flood_risk_100y":null,"semi_basement_r":null,"elderly_alone_r":0.2626,"bldg_age30_r":null,"shelter_min_walk":31,"pop":3889,"hh":2323,"elderly65_r":0.4009,"single_hh_r":0.5751,"source_level":"emd","flood_years":[],"landslide_hist_n":0},"geometry":{"type":"Polygon","coordinates":[[[127.76041,36.01691],[127.75957,36.01312],[127.76376,36.01106],[127.76878,36.01279],[127.76962,36.01658],[127.76543,36.01864],[127.76041,36.01691]]]}},{"type":"Feature","properties":{"h3":"8830c5cdcdfffff","emd_code":"5273032000","emd_name":"설천면","area_km2":0.527,"edge":false,"slope_mean":15.49,"elev_mean":353.5,"flood_hist_n":0,"flood_depth_max_m":null,"flood_risk_100y":null,"semi_basement_r":null,"elderly_alone_r":0.2626,"bldg_age30_r":null,"shelter_min_walk":50,"pop":3889,"hh":2323,"elderly65_r":0.4009,"single_hh_r":0.5751,"source_level":"emd","flood_years":[],"landslide_hist_n":0},"geometry":{"type":"Polygon","coordinates":[[[127.74535,36.0117],[127.74451,36.00791],[127.74869,36.00586],[127.75371,36.00759],[127.75455,36.01138],[127.75037,36.01344],[127.74535,36.0117]]]}},{"type":"Feature","properties":{"h3":"8830c5cdd1fffff","emd_code":"5273032000","emd_name":"설천면","area_km2":0.5271,"edge":false,"slope_mean":12.14,"elev_mean":301.7,"flood_hist_n":1,"flood_depth_max_m":0.5,"flood_risk_100y":null,"semi_basement_r":null,"elderly_alone_r":0.2626,"bldg_age30_r":null,"shelter_min_walk":7,"pop":3889,"hh":2323,"elderly65_r":0.4009,"single_hh_r":0.5751,"source_level":"emd","flood_years":[2020],"landslide_hist_n":0},"geometry":{"type":"Polygon","coordinates":[[[127.77882,36.01626],[127.77798,36.01247],[127.78216,36.01041],[127.78718,36.01215],[127.78802,36.01594],[127.78384,36.01799],[127.77882,36.01626]]]}},{"type":"Feature","properties":{"h3":"8830c5cdd3fffff","emd_code":"5273032000","emd_name":"설천면","area_km2":0.5271,"edge":false,"slope_mean":19.51,"elev_mean":344.5,"flood_hist_n":1,"flood_depth_max_m":0.5,"flood_risk_100y":null,"semi_basement_r":null,"elderly_alone_r":0.2626,"bldg_age30_r":null,"shelter_min_walk":8,"pop":3889,"hh":2323,"elderly65_r":0.4009,"single_hh_r":0.5751,"source_level":"emd","flood_years":[2021],"landslide_hist_n":0},"geometry":{"type":"Polygon","coordinates":[[[127.78802,36.01594],[127.78718,36.01215],[127.79137,36.01009],[127.79639,36.01182],[127.79723,36.01561],[127.79304,36.01767],[127.78802,36.01594]]]}},{"type":"Feature","properties":{"h3":"8830c5cdd5fffff","emd_code":"5273032000","emd_name":"설천면","area_km2":0.5271,"edge":false,"slope_mean":16.16,"elev_mean":333.1,"flood_hist_n":0,"flood_depth_max_m":null,"flood_risk_100y":null,"semi_basement_r":null,"elderly_alone_r":0.2626,"bldg_age30_r":null,"shelter_min_walk":14,"pop":3889,"hh":2323,"elderly65_r":0.4009,"single_hh_r":0.5751,"source_level":"emd","flood_years":[],"landslide_hist_n":0},"geometry":{"type":"Polygon","coordinates":[[[127.77296,36.01074],[127.77212,36.00695],[127.7763,36.00489],[127.78132,36.00662],[127.78216,36.01041],[127.77798,36.01247],[127.77296,36.01074]]]}},{"type":"Feature","properties":{"h3":"8830c5cdd7fffff","emd_code":"5273032000","emd_name":"설천면","area_km2":0.5272,"edge":false,"slope_mean":12.11,"elev_mean":326.6,"flood_hist_n":2,"flood_depth_max_m":0.5,"flood_risk_100y":null,"semi_basement_r":null,"elderly_alone_r":0.2626,"bldg_age30_r":null,"shelter_min_walk":4,"pop":3889,"hh":2323,"elderly65_r":0.4009,"single_hh_r":0.5751,"source_level":"emd","flood_years":[2020,2021],"landslide_hist_n":0},"geometry":{"type":"Polygon","coordinates":[[[127.78216,36.01041],[127.78132,36.00662],[127.7855,36.00456],[127.79053,36.0063],[127.79137,36.01009],[127.78718,36.01215],[127.78216,36.01041]]]}},{"type":"Feature","properties":{"h3":"8830c5cddbfffff","emd_code":"5273032000","emd_name":"설천면","area_km2":0.527,"edge":true,"slope_mean":23.06,"elev_mean":382.3,"flood_hist_n":0,"flood_depth_max_m":null,"flood_risk_100y":null,"semi_basement_r":null,"elderly_alone_r":0.2626,"bldg_age30_r":null,"shelter_min_walk":14,"pop":3889,"hh":2323,"elderly65_r":0.4009,"single_hh_r":0.5751,"source_level":"emd","flood_years":[],"landslide_hist_n":0},"geometry":{"type":"Polygon","coordinates":[[[127.78468,36.02178],[127.78384,36.01799],[127.78802,36.01594],[127.79304,36.01767],[127.79388,36.02146],[127.7897,36.02352],[127.78468,36.02178]]]}},{"type":"Feature","properties":{"h3":"8830c5cdddfffff","emd_code":"5273032000","emd_name":"설천면","area_km2":0.527,"edge":true,"slope_mean":14.0,"elev_mean":309.8,"flood_hist_n":1,"flood_depth_max_m":1.0,"flood_risk_100y":null,"semi_basement_r":null,"elderly_alone_r":0.2626,"bldg_age30_r":null,"shelter_min_walk":19,"pop":3889,"hh":2323,"elderly65_r":0.4009,"single_hh_r":0.5751,"source_level":"emd","flood_years":[2020],"landslide_hist_n":0},"geometry":{"type":"Polygon","coordinates":[[[127.76962,36.01658],[127.76878,36.01279],[127.77296,36.01074],[127.77798,36.01247],[127.77882,36.01626],[127.77464,36.01832],[127.76962,36.01658]]]}},{"type":"Feature","properties":{"h3":"8830c5cde1fffff","emd_code":"5273032000","emd_name":"설천면","area_km2":0.5273,"edge":false,"slope_mean":28.23,"elev_mean":726.8,"flood_hist_n":0,"flood_depth_max_m":null,"flood_risk_100y":null,"semi_basement_r":null,"elderly_alone_r":0.2626,"bldg_age30_r":null,"shelter_min_walk":58,"pop":3889,"hh":2323,"elderly65_r":0.4009,"single_hh_r":0.5751,"source_level":"emd","flood_years":[],"landslide_hist_n":0},"geometry":{"type":"Polygon","coordinates":[[[127.74618,35.99448],[127.74534,35.99069],[127.74952,35.98864],[127.75454,35.99037],[127.75538,35.99416],[127.7512,35.99622],[127.74618,35.99448]]]}},{"type":"Feature","properties":{"h3":"8830c5cde3fffff","emd_code":"5273032000","emd_name":"설천면","area_km2":0.5273,"edge":false,"slope_mean":28.4,"elev_mean":690.0,"flood_hist_n":0,"flood_depth_max_m":null,"flood_risk_100y":null,"semi_basement_r":null,"elderly_alone_r":0.2626,"bldg_age30_r":null,"shelter_min_walk":48,"pop":3889,"hh":2323,"elderly65_r":0.4009,"single_hh_r":0.5751,"source_level":"emd","flood_years":[],"landslide_hist_n":0},"geometry":{"type":"Polygon","coordinates":[[[127.75538,35.99416],[127.75454,35.99037],[127.75872,35.98831],[127.76374,35.99005],[127.76458,35.99384],[127.7604,35.9959],[127.75538,35.99416]]]}},{"type":"Feature","properties":{"h3":"8830c5cde5fffff","emd_code":"5273032000","emd_name":"설천면","area_km2":0.5273,"edge":false,"slope_mean":27.6,"elev_mean":896.5,"flood_hist_n":0,"flood_depth_max_m":null,"flood_risk_100y":null,"semi_basement_r":null,"elderly_alone_r":0.2626,"bldg_age30_r":null,"shelter_min_walk":69,"pop":3889,"hh":2323,"elderly65_r":0.4009,"single_hh_r":0.5751,"source_level":"emd","flood_years":[],"landslide_hist_n":0},"geometry":{"type":"Polygon","coordinates":[[[127.74032,35.98896],[127.73948,35.98517],[127.74366,35.98311],[127.74868,35.98484],[127.74952,35.98864],[127.74534,35.99069],[127.74032,35.98896]]]}},{"type":"Feature","properties":{"h3":"8830c5cde7fffff","emd_code":"5273032000","emd_name":"설천면","area_km2":0.5274,"edge":false,"slope_mean":27.84,"elev_mean":845.3,"flood_hist_n":0,"flood_depth_max_m":null,"flood_risk_100y":null,"semi_basement_r":null,"elderly_alone_r":0.2626,"bldg_age30_r":null,"shelter_min_walk":59,"pop":3889,"hh":2323,"elderly65_r":0.4009,"single_hh_r":0.5751,"source_level":"emd","flood_years":[],"landslide_hist_n":0},"geometry":{"type":"Polygon","coordinates":[[[127.74952,35.98864],[127.74868,35.98484],[127.75286,35.98279],[127.75788,35.98452],[127.75872,35.98831],[127.75454,35.99037],[127.74952,35.98864]]]}},{"type":"Feature","properties":{"h3":"8830c5cde9fffff","emd_code":"5273032000","emd_name":"설천면","area_km2":0.5272,"edge":false,"slope_mean":28.93,"elev_mean":661.9,"flood_hist_n":0,"flood_depth_max_m":null,"flood_risk_100y":null,"semi_basement_r":null,"elderly_alone_r":0.2626,"bldg_age30_r":null,"shelter_min_walk":58,"pop":3889,"hh":2323,"elderly65_r":0.4009,"single_hh_r":0.5751,"source_level":"emd","flood_years":[],"landslide_hist_n":0},"geometry":{"type":"Polygon","coordinates":[[[127.74283,36.00033],[127.742,35.99654],[127.74618,35.99448],[127.7512,35.99622],[127.75204,36.00001],[127.74785,36.00207],[127.74283,36.00033]]]}},{"type":"Feature","properties":{"h3":"8830c5cdebfffff","emd_code":"5273032000","emd_name":"설천면","area_km2":0.5272,"edge":false,"slope_mean":25.5,"elev_mean":544.1,"flood_hist_n":0,"flood_depth_max_m":null,"flood_risk_100y":null,"semi_basement_r":null,"elderly_alone_r":0.2626,"bldg_age30_r":null,"shelter_min_walk":47,"pop":3889,"hh":2323,"elderly65_r":0.4009,"single_hh_r":0.5751,"source_level":"emd","flood_years":[],"landslide_hist_n":0},"geometry":{"type":"Polygon","coordinates":[[[127.75204,36.00001],[127.7512,35.99622],[127.75538,35.99416],[127.7604,35.9959],[127.76124,35.99969],[127.75706,36.00174],[127.75204,36.00001]]]}},{"type":"Feature","properties":{"h3":"8830c5cdedfffff","emd_code":"5273032000","emd_name":"설천면","area_km2":0.5272,"edge":false,"slope_mean":28.23,"elev_mean":801.8,"flood_hist_n":0,"flood_depth_max_m":null,"flood_risk_100y":null,"semi_basement_r":null,"elderly_alone_r":0.2626,"bldg_age30_r":null,"shelter_min_walk":69,"pop":3889,"hh":2323,"elderly65_r":0.4009,"single_hh_r":0.5751,"source_level":"emd","flood_years":[],"landslide_hist_n":0},"geometry":{"type":"Polygon","coordinates":[[[127.73698,35.99481],[127.73614,35.99101],[127.74032,35.98896],[127.74534,35.99069],[127.74618,35.99448],[127.742,35.99654],[127.73698,35.99481]]]}},{"type":"Feature","properties":{"h3":"8830c5cf01fffff","emd_code":"5273025000","emd_name":"무주읍","area_km2":0.5262,"edge":false,"slope_mean":22.7,"elev_mean":300.2,"flood_hist_n":0,"flood_depth_max_m":null,"flood_risk_100y":null,"semi_basement_r":null,"elderly_alone_r":0.209,"bldg_age30_r":null,"shelter_min_walk":57,"pop":9487,"hh":4828,"elderly65_r":0.289,"single_hh_r":0.4816,"source_level":"emd","flood_years":[],"landslide_hist_n":0},"geometry":{"type":"Polygon","coordinates":[[[127.68264,36.04251],[127.6818,36.03872],[127.68598,36.03667],[127.691,36.03841],[127.69184,36.04219],[127.68766,36.04424],[127.68264,36.04251]]]}},{"type":"Feature","properties":{"h3":"8830c5cf03fffff","emd_code":"5273025000","emd_name":"무주읍","area_km2":0.5262,"edge":false,"slope_mean":21.56,"elev_mean":380.1,"flood_hist_n":0,"flood_depth_max_m":null,"flood_risk_100y":null,"semi_basement_r":null,"elderly_alone_r":0.209,"bldg_age30_r":null,"shelter_min_walk":63,"pop":9487,"hh":4828,"elderly65_r":0.289,"single_hh_r":0.4816,"source_level":"emd","flood_years":[],"landslide_hist_n":0},"geometry":{"type":"Polygon","coordinates":[[[127.69184,36.04219],[127.691,36.03841],[127.69518,36.03635],[127.7002,36.03809],[127.70104,36.04188],[127.69686,36.04393],[127.69184,36.04219]]]}},{"type":"Feature","properties":{"h3":"8830c5cf05fffff","emd_code":"5273025000","emd_name":"무주읍","area_km2":0.5262,"edge":false,"slope_mean":19.78,"elev_mean":302.2,"flood_hist_n":0,"flood_depth_max_m":null,"flood_risk_100y":null,"semi_basement_r":null,"elderly_alone_r":0.209,"bldg_age30_r":null,"shelter_min_walk":45,"pop":9487,"hh":4828,"elderly65_r":0.289,"single_hh_r":0.4816,"source_level":"emd","flood_years":[],"landslide_hist_n":0},"geometry":{"type":"Polygon","coordinates":[[[127.67678,36.03699],[127.67594,36.0332],[127.68012,36.03115],[127.68514,36.03288],[127.68598,36.03667],[127.6818,36.03872],[127.67678,36.03699]]]}},{"type":"Feature","properties":{"h3":"8830c5cf07fffff","emd_code":"5273025000","emd_name":"무주읍","area_km2":0.5263,"edge":false,"slope_mean":22.82,"elev_mean":342.1,"flood_hist_n":0,"flood_depth_max_m":null,"flood_risk_100y":null,"semi_basement_r":null,"elderly_alone_r":0.209,"bldg_age30_r":null,"shelter_min_walk":51,"pop":9487,"hh":4828,"elderly65_r":0.289,"single_hh_r":0.4816,"source_level":"emd","flood_years":[],"landslide_hist_n":0},"geometry":{"type":"Polygon","coordinates":[[[127.68598,36.03667],[127.68514,36.03288],[127.68932,36.03083],[127.69434,36.03257],[127.69518,36.03635],[127.691,36.03841],[127.68598,36.03667]]]}},{"type":"Feature","properties":{"h3":"8830c5cf09fffff","emd_code":"5273025000","emd_name":"무주읍","area_km2":0.5261,"edge":false,"slope_mean":26.45,"elev_mean":346.3,"flood_hist_n":0,"flood_depth_max_m":null,"flood_risk_100y":null,"semi_basement_r":null,"elderly_alone_r":0.209,"bldg_age30_r":null,"shelter_min_walk":64,"pop":9487,"hh":4828,"elderly65_r":0.289,"single_hh_r":0.4816,"source_level":"emd","flood_years":[],"landslide_hist_n":0},"geometry":{"type":"Polygon","coordinates":[[[127.6793,36.04835],[127.67846,36.04456],[127.68264,36.04251],[127.68766,36.04424],[127.6885,36.04803],[127.68432,36.05008],[127.6793,36.04835]]]}},{"type":"Feature","properties":{"h3":"8830c5cf0bfffff","emd_code":"5273025000","emd_name":"무주읍","area_km2":0.5261,"edge":false,"slope_mean":22.61,"elev_mean":357.8,"flood_hist_n":0,"flood_depth_max_m":null,"flood_risk_100y":null,"semi_basement_r":null,"elderly_alone_r":0.209,"bldg_age30_r":null,"shelter_min_walk":68,"pop":9487,"hh":4828,"elderly65_r":0.289,"single_hh_r":0.4816,"source_level":"emd","flood_years":[],"landslide_hist_n":0},"geometry":{"type":"Polygon","coordinates":[[[127.6885,36.04803],[127.68766,36.04424],[127.69184,36.04219],[127.69686,36.04393],[127.6977,36.04772],[127.69351,36.04977],[127.6885,36.04803]]]}},{"type":"Feature","properties":{"h3":"8830c5cf0dfffff","emd_code":"5273025000","emd_name":"무주읍","area_km2":0.5261,"edge":false,"slope_mean":23.75,"elev_mean":359.6,"flood_hist_n":0,"flood_depth_max_m":null,"flood_risk_100y":null,"semi_basement_r":null,"elderly_alone_r":0.209,"bldg_age30_r":null,"shelter_min_walk":53,"pop":9487,"hh":4828,"elderly65_r":0.289,"single_hh_r":0.4816,"source_level":"emd","flood_years":[],"landslide_hist_n":0},"geometry":{"type":"Polygon","coordinates":[[[127.67344,36.04282],[127.6726,36.03904],[127.67678,36.03699],[127.6818,36.03872],[127.68264,36.04251],[127.67846,36.04456],[127.67344,36.04282]]]}},{"type":"Feature","properties":{"h3":"8830c5cf21fffff","emd_code":"5273025000","emd_name":"무주읍","area_km2":0.5264,"edge":false,"slope_mean":24.65,"elev_mean":329.9,"flood_hist_n":0,"flood_depth_max_m":null,"flood_risk_100y":null,"semi_basement_r":null,"elderly_alone_r":0.209,"bldg_age30_r":null,"shelter_min_walk":27,"pop":9487,"hh":4828,"elderly65_r":0.289,"single_hh_r":0.4816,"source_level":"emd","flood_years":[],"landslide_hist_n":0},"geometry":{"type":"Polygon","coordinates":[[[127.67427,36.02562],[127.67343,36.02183],[127.67761,36.01978],[127.68263,36.02152],[127.68347,36.0253],[127.67929,36.02736],[127.67427,36.02562]]]}},{"type":"Feature","properties":{"h3":"8830c5cf23fffff","emd_code":"5273025000","emd_name":"무주읍","area_km2":0.5265,"edge":false,"slope_mean":22.19,"elev_mean":274.4,"flood_hist_n":0,"flood_depth_max_m":null,"flood_risk_100y":null,"semi_basement_r":null,"elderly_alone_r":0.209,"bldg_age30_r":null,"shelter_min_walk":35,"pop":9487,"hh":4828,"elderly65_r":0.289,"single_hh_r":0.4816,"source_level":"emd","flood_years":[],"landslide_hist_n":0},"geometry":{"type":"Polygon","coordinates":[[[127.68347,36.0253],[127.68263,36.02152],[127.68681,36.01946],[127.69183,36.0212],[127.69267,36.02499],[127.68848,36.02704],[127.68347,36.0253]]]}},{"type":"Feature","properties":{"h3":"8830c5cf25fffff","emd_code":"5273025000","emd_name":"무주읍","area_km2":0.5265,"edge":false,"slope_mean":25.1,"elev_mean":298.4,"flood_hist_n":0,"flood_depth_max_m":null,"flood_risk_100y":null,"semi_basement_r":null,"elderly_alone_r":0.209,"bldg_age30_r":null,"shelter_min_walk":15,"pop":9487,"hh":4828,"elderly65_r":0.289,"single_hh_r":0.4816,"source_level":"emd","flood_years":[],"landslide_hist_n":0},"geometry":{"type":"Polygon","coordinates":[[[127.66841,36.02009],[127.66757,36.01631],[127.67175,36.01425],[127.67677,36.01599],[127.67761,36.01978],[127.67343,36.02183],[127.66841,36.02009]]]}},{"type":"Feature","properties":{"h3":"8830c5cf27fffff","emd_code":"5273025000","emd_name":"무주읍","area_km2":0.5265,"edge":false,"slope_mean":24.06,"elev_mean":309.1,"flood_hist_n":0,"flood_depth_max_m":null,"flood_risk_100y":null,"semi_basement_r":null,"elderly_alone_r":0.209,"bldg_age30_r":null,"shelter_min_walk":23,"pop":9487,"hh":4828,"elderly65_r":0.289,"single_hh_r":0.4816,"source_level":"emd","flood_years":[],"landslide_hist_n":0},"geometry":{"type":"Polygon","coordinates":[[[127.67761,36.01978],[127.67677,36.01599],[127.68095,36.01394],[127.68597,36.01567],[127.68681,36.01946],[127.68263,36.02152],[127.67761,36.01978]]]}},{"type":"Feature","properties":{"h3":"8830c5cf29fffff","emd_code":"5273025000","emd_name":"무주읍","area_km2":0.5263,"edge":false,"slope_mean":20.74,"elev_mean":310.9,"flood_hist_n":0,"flood_depth_max_m":null,"flood_risk_100y":null,"semi_basement_r":null,"elderly_alone_r":0.209,"bldg_age30_r":null,"shelter_min_walk":34,"pop":9487,"hh":4828,"elderly65_r":0.289,"single_hh_r":0.4816,"source_level":"emd","flood_years":[],"landslide_hist_n":0},"geometry":{"type":"Polygon","coordinates":[[[127.67093,36.03146],[127.67009,36.02767],[127.67427,36.02562],[127.67929,36.02736],[127.68012,36.03115],[127.67594,36.0332],[127.67093,36.03146]]]}},{"type":"Feature","properties":{"h3":"8830c5cf2bfffff","emd_code":"5273025000","emd_name":"무주읍","area_km2":0.5263,"edge":false,"slope_mean":21.95,"elev_mean":306.1,"flood_hist_n":0,"flood_depth_max_m":null,"flood_risk_100y":null,"semi_basement_r":null,"elderly_alone_r":0.209,"bldg_age30_r":null,"shelter_min_walk":39,"pop":9487,"hh":4828,"elderly65_r":0.289,"single_hh_r":0.4816,"source_level":"emd","flood_years":[],"landslide_hist_n":1},"geometry":{"type":"Polygon","coordinates":[[[127.68012,36.03115],[127.67929,36.02736],[127.68347,36.0253],[127.68848,36.02704],[127.68932,36.03083],[127.68514,36.03288],[127.68012,36.03115]]]}},{"type":"Feature","properties":{"h3":"8830c5cf2dfffff","emd_code":"5273025000","emd_name":"무주읍","area_km2":0.5264,"edge":false,"slope_mean":23.18,"elev_mean":298.0,"flood_hist_n":0,"flood_depth_max_m":null,"flood_risk_100y":null,"semi_basement_r":null,"elderly_alone_r":0.209,"bldg_age30_r":null,"shelter_min_walk":23,"pop":9487,"hh":4828,"elderly65_r":0.289,"single_hh_r":0.4816,"source_level":"emd","flood_years":[],"landslide_hist_n":0},"geometry":{"type":"Polygon","coordinates":[[[127.66507,36.02594],[127.66423,36.02215],[127.66841,36.02009],[127.67343,36.02183],[127.67427,36.02562],[127.67009,36.02767],[127.66507,36.02594]]]}},{"type":"Feature","properties":{"h3":"8830c5cf31fffff","emd_code":"5273025000","emd_name":"무주읍","area_km2":0.5264,"edge":false,"slope_mean":16.16,"elev_mean":242.0,"flood_hist_n":0,"flood_depth_max_m":null,"flood_risk_100y":null,"semi_basement_r":null,"elderly_alone_r":0.209,"bldg_age30_r":null,"shelter_min_walk":56,"pop":9487,"hh":4828,"elderly65_r":0.289,"single_hh_r":0.4816,"source_level":"emd","flood_years":[],"landslide_hist_n":0},"geometry":{"type":"Polygon","coordinates":[[[127.69852,36.03051],[127.69768,36.02672],[127.70186,36.02467],[127.70688,36.02641],[127.70772,36.03019],[127.70354,36.03225],[127.69852,36.03051]]]}},{"type":"Feature","properties":{"h3":"8830c5cf33fffff","emd_code":"5273025000","emd_name":"무주읍","area_km2":0.5265,"edge":false,"slope_mean":11.91,"elev_mean":250.9,"flood_hist_n":0,"flood_depth_max_m":null,"flood_risk_100y":null,"semi_basement_r":null,"elderly_alone_r":0.209,"bldg_age30_r":null,"shelter_min_walk":66,"pop":9487,"hh":4828,"elderly65_r":0.289,"single_hh_r":0.4816,"source_level":"emd","flood_years":[],"landslide_hist_n":0},"geometry":{"type":"Polygon","coordinates":[[[127.70772,36.03019],[127.70688,36.02641],[127.71106,36.02435],[127.71608,36.02609],[127.71692,36.02988],[127.71274,36.03193],[127.70772,36.03019]]]}},{"type":"Feature","properties":{"h3":"8830c5cf35fffff","emd_code":"5273025000","emd_name":"무주읍","area_km2":0.5265,"edge":false,"slope_mean":15.49,"elev_mean":236.1,"flood_hist_n":0,"flood_depth_max_m":null,"flood_risk_100y":null,"semi_basement_r":null,"elderly_alone_r":0.209,"bldg_age30_r":null,"shelter_min_walk":44,"pop":9487,"hh":4828,"elderly65_r":0.289,"single_hh_r":0.4816,"source_level":"emd","flood_years":[],"landslide_hist_n":1},"geometry":{"type":"Polygon","coordinates":[[[127.69267,36.02499],[127.69183,36.0212],[127.69601,36.01915],[127.70103,36.02088],[127.70186,36.02467],[127.69768,36.02672],[127.69267,36.02499]]]}},{"type":"Feature","properties":{"h3":"8830c5cf37fffff","emd_code":"5273025000","emd_name":"무주읍","area_km2":0.5266,"edge":false,"slope_mean":19.0,"elev_mean":295.9,"flood_hist_n":0,"flood_depth_max_m":null,"flood_risk_100y":null,"semi_basement_r":null,"elderly_alone_r":0.209,"bldg_age30_r":null,"shelter_min_walk":54,"pop":9487,"hh":4828,"elderly65_r":0.289,"single_hh_r":0.4816,"source_level":"emd","flood_years":[],"landslide_hist_n":0},"geometry":{"type":"Polygon","coordinates":[[[127.70186,36.02467],[127.70103,36.02088],[127.70521,36.01883],[127.71023,36.02056],[127.71106,36.02435],[127.70688,36.02641],[127.70186,36.02467]]]}},{"type":"Feature","properties":{"h3":"8830c5cf39fffff","emd_code":"5273025000","emd_name":"무주읍","area_km2":0.5263,"edge":false,"slope_mean":24.98,"elev_mean":337.7,"flood_hist_n":0,"flood_depth_max_m":null,"flood_risk_100y":null,"semi_basement_r":null,"elderly_alone_r":0.209,"bldg_age30_r":null,"shelter_min_walk":58,"pop":9487,"hh":4828,"elderly65_r":0.289,"single_hh_r":0.4816,"source_level":"emd","flood_years":[],"landslide_hist_n":0},"geometry":{"type":"Polygon","coordinates":[[[127.69518,36.03635],[127.69434,36.03257],[127.69852,36.03051],[127.70354,36.03225],[127.70438,36.03604],[127.7002,36.03809],[127.69518,36.03635]]]}},{"type":"Feature","properties":{"h3":"8830c5cf3bfffff","emd_code":"5273025000","emd_name":"무주읍","area_km2":0.5264,"edge":false,"slope_mean":14.62,"elev_mean":238.6,"flood_hist_n":1,"flood_depth_max_m":1.0,"flood_risk_100y":null,"semi_basement_r":null,"elderly_alone_r":0.209,"bldg_age30_r":null,"shelter_min_walk":68,"pop":9487,"hh":4828,"elderly65_r":0.289,"single_hh_r":0.4816,"source_level":"emd","flood_years":[2020],"landslide_hist_n":0},"geometry":{"type":"Polygon","coordinates":[[[127.70438,36.03604],[127.70354,36.03225],[127.70772,36.03019],[127.71274,36.03193],[127.71358,36.03572],[127.7094,36.03777],[127.70438,36.03604]]]}},{"type":"Feature","properties":{"h3":"8830c5cf3dfffff","emd_code":"5273025000","emd_name":"무주읍","area_km2":0.5264,"edge":false,"slope_mean":24.39,"elev_mean":308.0,"flood_hist_n":0,"flood_depth_max_m":null,"flood_risk_100y":null,"semi_basement_r":null,"elderly_alone_r":0.209,"bldg_age30_r":null,"shelter_min_walk":46,"pop":9487,"hh":4828,"elderly65_r":0.289,"single_hh_r":0.4816,"source_level":"emd","flood_years":[],"landslide_hist_n":0},"geometry":{"type":"Polygon","coordinates":[[[127.68932,36.03083],[127.68848,36.02704],[127.69267,36.02499],[127.69768,36.02672],[127.69852,36.03051],[127.69434,36.03257],[127.68932,36.03083]]]}},{"type":"Feature","properties":{"h3":"8830c5cf41fffff","emd_code":"5273025000","emd_name":"무주읍","area_km2":0.5259,"edge":true,"slope_mean":27.6,"elev_mean":410.8,"flood_hist_n":0,"flood_depth_max_m":null,"flood_risk_100y":null,"semi_basement_r":null,"elderly_alone_r":0.209,"bldg_age30_r":null,"shelter_min_walk":71,"pop":9487,"hh":4828,"elderly65_r":0.289,"single_hh_r":0.4816,"source_level":"emd","flood_years":[],"landslide_hist_n":0},"geometry":{"type":"Polygon","coordinates":[[[127.66676,36.0545],[127.66592,36.05071],[127.6701,36.04866],[127.67512,36.0504],[127.67595,36.05419],[127.67177,36.05624],[127.66676,36.0545]]]}},{"type":"Feature","properties":{"h3":"8830c5cf43fffff","emd_code":"5273025000","emd_name":"무주읍","area_km2":0.5259,"edge":false,"slope_mean":28.82,"elev_mean":396.9,"flood_hist_n":0,"flood_depth_max_m":null,"flood_risk_100y":null,"semi_basement_r":null,"elderly_alone_r":0.209,"bldg_age30_r":null,"shelter_min_walk":72,"pop":9487,"hh":4828,"elderly65_r":0.289,"single_hh_r":0.4816,"source_level":"emd","flood_years":[],"landslide_hist_n":0},"geometry":{"type":"Polygon","coordinates":[[[127.67595,36.05419],[127.67512,36.0504],[127.6793,36.04835],[127.68432,36.05008],[127.68515,36.05387],[127.68097,36.05592],[127.67595,36.05419]]]}},{"type":"Feature","properties":{"h3":"8830c5cf47fffff","emd_code":"5273025000","emd_name":"무주읍","area_km2":0.526,"edge":false,"slope_mean":26.29,"elev_mean":382.6,"flood_hist_n":0,"flood_depth_max_m":null,"flood_risk_100y":null,"semi_basement_r":null,"elderly_alone_r":0.209,"bldg_age30_r":null,"shelter_min_walk":62,"pop":9487,"hh":4828,"elderly65_r":0.289,"single_hh_r":0.4816,"source_level":"emd","flood_years":[],"landslide_hist_n":0},"geometry":{"type":"Polygon","coordinates":[[[127.6701,36.04866],[127.66926,36.04488],[127.67344,36.04282],[127.67846,36.04456],[127.6793,36.04835],[127.67512,36.0504],[127.6701,36.04866]]]}},{"type":"Feature","properties":{"h3":"8830c5cf4bfffff","emd_code":"5273025000","emd_name":"무주읍","area_km2":0.5258,"edge":true,"slope_mean":27.32,"elev_mean":414.7,"flood_hist_n":0,"flood_depth_max_m":null,"flood_risk_100y":null,"semi_basement_r":null,"elderly_alone_r":0.209,"bldg_age30_r":null,"shelter_min_walk":81,"pop":9487,"hh":4828,"elderly65_r":0.289,"single_hh_r":0.4816,"source_level":"emd","flood_years":[],"landslide_hist_n":0},"geometry":{"type":"Polygon","coordinates":[[[127.67261,36.06002],[127.67177,36.05624],[127.67595,36.05419],[127.68097,36.05592],[127.68181,36.05971],[127.67763,36.06176],[127.67261,36.06002]]]}},{"type":"Feature","properties":{"h3":"8830c5cf51fffff","emd_code":"5273025000","emd_name":"무주읍","area_km2":0.5259,"edge":false,"slope_mean":27.6,"elev_mean":444.7,"flood_hist_n":0,"flood_depth_max_m":null,"flood_risk_100y":null,"semi_basement_r":null,"elderly_alone_r":0.209,"bldg_age30_r":null,"shelter_min_walk":87,"pop":9487,"hh":4828,"elderly65_r":0.289,"single_hh_r":0.4816,"source_level":"emd","flood_years":[],"landslide_hist_n":0},"geometry":{"type":"Polygon","coordinates":[[[127.69101,36.05939],[127.69017,36.05561],[127.69435,36.05355],[127.69937,36.05529],[127.70021,36.05908],[127.69603,36.06113],[127.69101,36.05939]]]}},{"type":"Feature","properties":{"h3":"8830c5cf55fffff","emd_code":"5273025000","emd_name":"무주읍","area_km2":0.526,"edge":false,"slope_mean":26.74,"elev_mean":405.3,"flood_hist_n":0,"flood_depth_max_m":null,"flood_risk_100y":null,"semi_basement_r":null,"elderly_alone_r":0.209,"bldg_age30_r":null,"shelter_min_walk":75,"pop":9487,"hh":4828,"elderly65_r":0.289,"single_hh_r":0.4816,"source_level":"emd","flood_years":[],"landslide_hist_n":0},"geometry":{"type":"Polygon","coordinates":[[[127.68515,36.05387],[127.68432,36.05008],[127.6885,36.04803],[127.69351,36.04977],[127.69435,36.05355],[127.69017,36.05561],[127.68515,36.05387]]]}},{"type":"Feature","properties":{"h3":"8830c5cf57fffff","emd_code":"5273025000","emd_name":"무주읍","area_km2":0.526,"edge":true,"slope_mean":22.96,"elev_mean":394.6,"flood_hist_n":0,"flood_depth_max_m":null,"flood_risk_100y":null,"semi_basement_r":null,"elderly_alone_r":0.209,"bldg_age30_r":null,"shelter_min_walk":80,"pop":9487,"hh":4828,"elderly65_r":0.289,"single_hh_r":0.4816,"source_level":"emd","flood_years":[],"landslide_hist_n":0},"geometry":{"type":"Polygon","coordinates":[[[127.69435,36.05355],[127.69351,36.04977],[127.6977,36.04772],[127.70271,36.04945],[127.70355,36.05324],[127.69937,36.05529],[127.69435,36.05355]]]}},{"type":"Feature","properties":{"h3":"8830c5cf59fffff","emd_code":"5273025000","emd_name":"무주읍","area_km2":0.5258,"edge":true,"slope_mean":31.48,"elev_mean":458.1,"flood_hist_n":0,"flood_depth_max_m":null,"flood_risk_100y":null,"semi_basement_r":null,"elderly_alone_r":0.209,"bldg_age30_r":null,"shelter_min_walk":94,"pop":9487,"hh":4828,"elderly65_r":0.289,"single_hh_r":0.4816,"source_level":"emd","flood_years":[],"landslide_hist_n":0},"geometry":{"type":"Polygon","coordinates":[[[127.68767,36.06523],[127.68683,36.06144],[127.69101,36.05939],[127.69603,36.06113],[127.69687,36.06491],[127.69269,36.06696],[127.68767,36.06523]]]}},{"type":"Feature","properties":{"h3":"8830c5cf5dfffff","emd_code":"5273025000","emd_name":"무주읍","area_km2":0.5259,"edge":false,"slope_mean":29.07,"elev_mean":469.1,"flood_hist_n":0,"flood_depth_max_m":null,"flood_risk_100y":null,"semi_basement_r":null,"elderly_alone_r":0.209,"bldg_age30_r":null,"shelter_min_walk":83,"pop":9487,"hh":4828,"elderly65_r":0.289,"single_hh_r":0.4816,"source_level":"emd","flood_years":[],"landslide_hist_n":0},"geometry":{"type":"Polygon","coordinates":[[[127.68181,36.05971],[127.68097,36.05592],[127.68515,36.05387],[127.69017,36.05561],[127.69101,36.05939],[127.68683,36.06144],[127.68181,36.05971]]]}},{"type":"Feature","properties":{"h3":"8830c5cf61fffff","emd_code":"5273025000","emd_name":"무주읍","area_km2":0.5261,"edge":false,"slope_mean":26.84,"elev_mean":404.2,"flood_hist_n":0,"flood_depth_max_m":null,"flood_risk_100y":null,"semi_basement_r":null,"elderly_alone_r":0.209,"bldg_age30_r":null,"shelter_min_walk":43,"pop":9487,"hh":4828,"elderly65_r":0.289,"single_hh_r":0.4816,"source_level":"emd","flood_years":[],"landslide_hist_n":0},"geometry":{"type":"Polygon","coordinates":[[[127.65839,36.03761],[127.65755,36.03383],[127.66173,36.03178],[127.66675,36.03351],[127.66758,36.0373],[127.6634,36.03935],[127.65839,36.03761]]]}},{"type":"Feature","properties":{"h3":"8830c5cf63fffff","emd_code":"5273025000","emd_name":"무주읍","area_km2":0.5262,"edge":false,"slope_mean":21.03,"elev_mean":330.7,"flood_hist_n":0,"flood_depth_max_m":null,"flood_risk_100y":null,"semi_basement_r":null,"elderly_alone_r":0.209,"bldg_age30_r":null,"shelter_min_walk":42,"pop":9487,"hh":4828,"elderly65_r":0.289,"single_hh_r":0.4816,"source_level":"emd","flood_years":[],"landslide_hist_n":0},"geometry":{"type":"Polygon","coordinates":[[[127.66758,36.0373],[127.66675,36.03351],[127.67093,36.03146],[127.67594,36.0332],[127.67678,36.03699],[127.6726,36.03904],[127.66758,36.0373]]]}},{"type":"Feature","properties":{"h3":"8830c5cf65fffff","emd_code":"5273025000","emd_name":"무주읍","area_km2":0.5262,"edge":false,"slope_mean":29.63,"elev_mean":359.9,"flood_hist_n":0,"flood_depth_max_m":null,"flood_risk_100y":null,"semi_basement_r":null,"elderly_alone_r":0.209,"bldg_age30_r":null,"shelter_min_walk":37,"pop":9487,"hh":4828,"elderly65_r":0.289,"single_hh_r":0.4816,"source_level":"emd","flood_years":[],"landslide_hist_n":0},"geometry":{"type":"Polygon","coordinates":[[[127.65253,36.03209],[127.65169,36.0283],[127.65587,36.02625],[127.66089,36.02799],[127.66173,36.03178],[127.65755,36.03383],[127.65253,36.03209]]]}},{"type":"Feature","properties":{"h3":"8830c5cf67fffff","emd_code":"5273025000","emd_name":"무주읍","area_km2":0.5262,"edge":false,"slope_mean":23.05,"elev_mean":345.9,"flood_hist_n":0,"flood_depth_max_m":null,"flood_risk_100y":null,"semi_basement_r":null,"elderly_alone_r":0.209,"bldg_age30_r":null,"shelter_min_walk":33,"pop":9487,"hh":4828,"elderly65_r":0.289,"single_hh_r":0.4816,"source_level":"emd","flood_years":[],"landslide_hist_n":0},"geometry":{"type":"Polygon","coordinates":[[[127.66173,36.03178],[127.66089,36.02799],[127.66507,36.02594],[127.67009,36.02767],[127.67093,36.03146],[127.66675,36.03351],[127.66173,36.03178]]]}},{"type":"Feature","properties":{"h3":"8830c5cf69fffff","emd_code":"5273025000","emd_name":"무주읍","area_km2":0.526,"edge":false,"slope_mean":26.97,"elev_mean":391.4,"flood_hist_n":0,"flood_depth_max_m":null,"flood_risk_100y":null,"semi_basement_r":null,"elderly_alone_r":0.209,"bldg_age30_r":null,"shelter_min_walk":54,"pop":9487,"hh":4828,"elderly65_r":0.289,"single_hh_r":0.4816,"source_level":"emd","flood_years":[],"landslide_hist_n":0},"geometry":{"type":"Polygon","coordinates":[[[127.65504,36.04345],[127.65421,36.03966],[127.65839,36.03761],[127.6634,36.03935],[127.66424,36.04314],[127.66006,36.04519],[127.65504,36.04345]]]}},{"type":"Feature","properties":{"h3":"8830c5cf6bfffff","emd_code":"5273025000","emd_name":"무주읍","area_km2":0.5261,"edge":true,"slope_mean":24.38,"elev_mean":365.7,"flood_hist_n":0,"flood_depth_max_m":null,"flood_risk_100y":null,"semi_basement_r":null,"elderly_alone_r":0.209,"bldg_age30_r":null,"shelter_min_walk":52,"pop":9487,"hh":4828,"elderly65_r":0.289,"single_hh_r":0.4816,"source_level":"emd","flood_years":[],"landslide_hist_n":0},"geometry":{"type":"Polygon","coordinates":[[[127.66424,36.04314],[127.6634,36.03935],[127.66758,36.0373],[127.6726,36.03904],[127.67344,36.04282],[127.66926,36.04488],[127.66424,36.04314]]]}},{"type":"Feature","properties":{"h3":"8830c5cf6dfffff","emd_code":"5273025000","emd_name":"무주읍","area_km2":0.5261,"edge":false,"slope_mean":27.89,"elev_mean":327.9,"flood_hist_n":0,"flood_depth_max_m":null,"flood_risk_100y":null,"semi_basement_r":null,"elderly_alone_r":0.209,"bldg_age30_r":null,"shelter_min_walk":47,"pop":9487,"hh":4828,"elderly65_r":0.289,"single_hh_r":0.4816,"source_level":"emd","flood_years":[],"landslide_hist_n":0},"geometry":{"type":"Polygon","coordinates":[[[127.64919,36.03793],[127.64835,36.03414],[127.65253,36.03209],[127.65755,36.03383],[127.65839,36.03761],[127.65421,36.03966],[127.64919,36.03793]]]}}]}