{"type":"FeatureCollection","name":"grid_52800_h3r8","meta":{"sgg_code":"52800","h3_res":8,"n_cells":1046,"dem":"Copernicus GLO-30 (bbox-mean)","crs":"EPSG:4326","jumin_basis":"2026-07","flood_src":"행안부 침수흔적도(전국, 재난안전데이터공유플랫폼)","landslide_src":"행안부 산사태 발생이력"},"features":[{"type":"Feature","properties":{"h3":"8830c40901fffff","emd_code":"5280038000","emd_name":"백산면","area_km2":0.5274,"edge":false,"slope_mean":2.68,"elev_mean":7.9,"flood_hist_n":0,"flood_depth_max_m":null,"flood_risk_100y":null,"semi_basement_r":null,"elderly_alone_r":0.367,"bldg_age30_r":null,"shelter_min_walk":89,"pop":2219,"hh":1474,"elderly65_r":0.5493,"single_hh_r":0.6309,"source_level":"emd","flood_years":[],"landslide_hist_n":0},"geometry":{"type":"Polygon","coordinates":[[[126.80152,35.7087],[126.8007,35.70489],[126.80486,35.70286],[126.80984,35.70463],[126.81067,35.70844],[126.80651,35.71048],[126.80152,35.7087]]]}},{"type":"Feature","properties":{"h3":"8830c40903fffff","emd_code":"5280038000","emd_name":"백산면","area_km2":0.5275,"edge":false,"slope_mean":0.27,"elev_mean":4.5,"flood_hist_n":0,"flood_depth_max_m":null,"flood_risk_100y":null,"semi_basement_r":null,"elderly_alone_r":0.367,"bldg_age30_r":null,"shelter_min_walk":96,"pop":2219,"hh":1474,"elderly65_r":0.5493,"single_hh_r":0.6309,"source_level":"emd","flood_years":[],"landslide_hist_n":0},"geometry":{"type":"Polygon","coordinates":[[[126.81067,35.70844],[126.80984,35.70463],[126.814,35.7026],[126.81898,35.70437],[126.81981,35.70818],[126.81565,35.71022],[126.81067,35.70844]]]}},{"type":"Feature","properties":{"h3":"8830c40905fffff","emd_code":"5280038000","emd_name":"백산면","area_km2":0.5275,"edge":false,"slope_mean":4.24,"elev_mean":11.6,"flood_hist_n":0,"flood_depth_max_m":null,"flood_risk_100y":null,"semi_basement_r":null,"elderly_alone_r":0.367,"bldg_age30_r":null,"shelter_min_walk":85,"pop":2219,"hh":1474,"elderly65_r":0.5493,"single_hh_r":0.6309,"source_level":"emd","flood_years":[],"landslide_hist_n":0},"geometry":{"type":"Polygon","coordinates":[[[126.79571,35.70312],[126.79489,35.69931],[126.79904,35.69727],[126.80403,35.69905],[126.80486,35.70286],[126.8007,35.70489],[126.79571,35.70312]]]}},{"type":"Feature","properties":{"h3":"8830c40907fffff","emd_code":"5280038000","emd_name":"백산면","area_km2":0.5275,"edge":false,"slope_mean":1.0,"elev_mean":5.7,"flood_hist_n":0,"flood_depth_max_m":null,"flood_risk_100y":null,"semi_basement_r":null,"elderly_alone_r":0.367,"bldg_age30_r":null,"shelter_min_walk":96,"pop":2219,"hh":1474,"elderly65_r":0.5493,"single_hh_r":0.6309,"source_level":"emd","flood_years":[],"landslide_hist_n":0},"geometry":{"type":"Polygon","coordinates":[[[126.80486,35.70286],[126.80403,35.69905],[126.80819,35.69701],[126.81317,35.69879],[126.814,35.7026],[126.80984,35.70463],[126.80486,35.70286]]]}},{"type":"Feature","properties":{"h3":"8830c40909fffff","emd_code":"5280038000","emd_name":"백산면","area_km2":0.5273,"edge":false,"slope_mean":2.65,"elev_mean":6.8,"flood_hist_n":0,"flood_depth_max_m":null,"flood_risk_100y":null,"semi_basement_r":null,"elderly_alone_r":0.367,"bldg_age30_r":null,"shelter_min_walk":83,"pop":2219,"hh":1474,"elderly65_r":0.5493,"single_hh_r":0.6309,"source_level":"emd","flood_years":[],"landslide_hist_n":0},"geometry":{"type":"Polygon","coordinates":[[[126.79819,35.71454],[126.79737,35.71073],[126.80152,35.7087],[126.80651,35.71048],[126.80733,35.71428],[126.80318,35.71632],[126.79819,35.71454]]]}},{"type":"Feature","properties":{"h3":"8830c4090bfffff","emd_code":"5280038000","emd_name":"백산면","area_km2":0.5273,"edge":false,"slope_mean":0.98,"elev_mean":4.7,"flood_hist_n":0,"flood_depth_max_m":null,"flood_risk_100y":null,"semi_basement_r":null,"elderly_alone_r":0.367,"bldg_age30_r":null,"shelter_min_walk":95,"pop":2219,"hh":1474,"elderly65_r":0.5493,"single_hh_r":0.6309,"source_level":"emd","flood_years":[],"landslide_hist_n":0},"geometry":{"type":"Polygon","coordinates":[[[126.80733,35.71428],[126.80651,35.71048],[126.81067,35.70844],[126.81565,35.71022],[126.81648,35.71402],[126.81232,35.71606],[126.80733,35.71428]]]}},{"type":"Feature","properties":{"h3":"8830c4090dfffff","emd_code":"5280038000","emd_name":"백산면","area_km2":0.5274,"edge":false,"slope_mean":2.49,"elev_mean":7.2,"flood_hist_n":0,"flood_depth_max_m":null,"flood_risk_100y":null,"semi_basement_r":null,"elderly_alone_r":0.367,"bldg_age30_r":null,"shelter_min_walk":77,"pop":2219,"hh":1474,"elderly65_r":0.5493,"single_hh_r":0.6309,"source_level":"emd","flood_years":[],"landslide_hist_n":0},"geometry":{"type":"Polygon","coordinates":[[[126.79238,35.70896],[126.79155,35.70515],[126.79571,35.70312],[126.8007,35.70489],[126.80152,35.7087],[126.79737,35.71073],[126.79238,35.70896]]]}},{"type":"Feature","properties":{"h3":"8830c40911fffff","emd_code":"5280038000","emd_name":"백산면","area_km2":0.5274,"edge":true,"slope_mean":0.84,"elev_mean":4.3,"flood_hist_n":0,"flood_depth_max_m":null,"flood_risk_100y":null,"semi_basement_r":null,"elderly_alone_r":0.367,"bldg_age30_r":null,"shelter_min_walk":80,"pop":2219,"hh":1474,"elderly65_r":0.5493,"single_hh_r":0.6309,"source_level":"emd","flood_years":[],"landslide_hist_n":0},"geometry":{"type":"Polygon","coordinates":[[[126.82562,35.71376],[126.82479,35.70995],[126.82895,35.70792],[126.83394,35.70969],[126.83477,35.7135],[126.83061,35.71554],[126.82562,35.71376]]]}},{"type":"Feature","properties":{"h3":"8830c40915fffff","emd_code":"5280038000","emd_name":"백산면","area_km2":0.5275,"edge":false,"slope_mean":0.64,"elev_mean":4.5,"flood_hist_n":0,"flood_depth_max_m":null,"flood_risk_100y":null,"semi_basement_r":null,"elderly_alone_r":0.367,"bldg_age30_r":null,"shelter_min_walk":84,"pop":2219,"hh":1474,"elderly65_r":0.5493,"single_hh_r":0.6309,"source_level":"emd","flood_years":[],"landslide_hist_n":0},"geometry":{"type":"Polygon","coordinates":[[[126.81981,35.70818],[126.81898,35.70437],[126.82314,35.70234],[126.82813,35.70411],[126.82895,35.70792],[126.82479,35.70995],[126.81981,35.70818]]]}},{"type":"Feature","properties":{"h3":"8830c40917fffff","emd_code":"5280038000","emd_name":"백산면","area_km2":0.5276,"edge":true,"slope_mean":1.01,"elev_mean":4.4,"flood_hist_n":0,"flood_depth_max_m":null,"flood_risk_100y":null,"semi_basement_r":null,"elderly_alone_r":0.367,"bldg_age30_r":null,"shelter_min_walk":72,"pop":2219,"hh":1474,"elderly65_r":0.5493,"single_hh_r":0.6309,"source_level":"emd","flood_years":[],"landslide_hist_n":0},"geometry":{"type":"Polygon","coordinates":[[[126.82895,35.70792],[126.82813,35.70411],[126.83229,35.70207],[126.83727,35.70385],[126.8381,35.70766],[126.83394,35.70969],[126.82895,35.70792]]]}},{"type":"Feature","properties":{"h3":"8830c40919fffff","emd_code":"5280038000","emd_name":"백산면","area_km2":0.5273,"edge":true,"slope_mean":1.22,"elev_mean":4.6,"flood_hist_n":0,"flood_depth_max_m":null,"flood_risk_100y":null,"semi_basement_r":null,"elderly_alone_r":0.367,"bldg_age30_r":null,"shelter_min_walk":88,"pop":2219,"hh":1474,"elderly65_r":0.5493,"single_hh_r":0.6309,"source_level":"emd","flood_years":[],"landslide_hist_n":0},"geometry":{"type":"Polygon","coordinates":[[[126.82229,35.71961],[126.82146,35.7158],[126.82562,35.71376],[126.83061,35.71554],[126.83143,35.71935],[126.82727,35.72138],[126.82229,35.71961]]]}},{"type":"Feature","properties":{"h3":"8830c4091dfffff","emd_code":"5280038000","emd_name":"백산면","area_km2":0.5274,"edge":false,"slope_mean":0.96,"elev_mean":4.3,"flood_hist_n":0,"flood_depth_max_m":null,"flood_risk_100y":null,"semi_basement_r":null,"elderly_alone_r":0.367,"bldg_age30_r":null,"shelter_min_walk":91,"pop":2219,"hh":1474,"elderly65_r":0.5493,"single_hh_r":0.6309,"source_level":"emd","flood_years":[],"landslide_hist_n":0},"geometry":{"type":"Polygon","coordinates":[[[126.81648,35.71402],[126.81565,35.71022],[126.81981,35.70818],[126.82479,35.70995],[126.82562,35.71376],[126.82146,35.7158],[126.81648,35.71402]]]}},{"type":"Feature","properties":{"h3":"8830c40921fffff","emd_code":"5280038000","emd_name":"백산면","area_km2":0.5277,"edge":false,"slope_mean":3.74,"elev_mean":12.2,"flood_hist_n":0,"flood_depth_max_m":null,"flood_risk_100y":null,"semi_basement_r":null,"elderly_alone_r":0.367,"bldg_age30_r":null,"shelter_min_walk":91,"pop":2219,"hh":1474,"elderly65_r":0.5493,"single_hh_r":0.6309,"source_level":"emd","flood_years":[],"landslide_hist_n":0},"geometry":{"type":"Polygon","coordinates":[[[126.79323,35.69169],[126.79241,35.68788],[126.79657,35.68584],[126.80155,35.68762],[126.80238,35.69143],[126.79822,35.69346],[126.79323,35.69169]]]}},{"type":"Feature","properties":{"h3":"8830c40923fffff","emd_code":"5280038000","emd_name":"백산면","area_km2":0.5277,"edge":false,"slope_mean":2.27,"elev_mean":8.2,"flood_hist_n":0,"flood_depth_max_m":null,"flood_risk_100y":null,"semi_basement_r":null,"elderly_alone_r":0.367,"bldg_age30_r":null,"shelter_min_walk":102,"pop":2219,"hh":1474,"elderly65_r":0.5493,"single_hh_r":0.6309,"source_level":"emd","flood_years":[],"landslide_hist_n":0},"geometry":{"type":"Polygon","coordinates":[[[126.80238,35.69143],[126.80155,35.68762],[126.80571,35.68558],[126.81069,35.68736],[126.81152,35.69117],[126.80736,35.6932],[126.80238,35.69143]]]}},{"type":"Feature","properties":{"h3":"8830c40925fffff","emd_code":"5280038000","emd_name":"백산면","area_km2":0.5277,"edge":false,"slope_mean":3.78,"elev_mean":12.0,"flood_hist_n":0,"flood_depth_max_m":null,"flood_risk_100y":null,"semi_basement_r":null,"elderly_alone_r":0.367,"bldg_age30_r":null,"shelter_min_walk":90,"pop":2219,"hh":1474,"elderly65_r":0.5493,"single_hh_r":0.6309,"source_level":"emd","flood_years":[],"landslide_hist_n":0},"geometry":{"type":"Polygon","coordinates":[[[126.78742,35.6861],[126.7866,35.68229],[126.79076,35.68025],[126.79574,35.68203],[126.79657,35.68584],[126.79241,35.68788],[126.78742,35.6861]]]}},{"type":"Feature","properties":{"h3":"8830c40927fffff","emd_code":"5280038000","emd_name":"백산면","area_km2":0.5278,"edge":true,"slope_mean":3.76,"elev_mean":13.6,"flood_hist_n":0,"flood_depth_max_m":null,"flood_risk_100y":null,"semi_basement_r":null,"elderly_alone_r":0.367,"bldg_age30_r":null,"shelter_min_walk":100,"pop":2219,"hh":1474,"elderly65_r":0.5493,"single_hh_r":0.6309,"source_level":"emd","flood_years":[],"landslide_hist_n":0},"geometry":{"type":"Polygon","coordinates":[[[126.79657,35.68584],[126.79574,35.68203],[126.7999,35.67999],[126.80488,35.68177],[126.80571,35.68558],[126.80155,35.68762],[126.79657,35.68584]]]}},{"type":"Feature","properties":{"h3":"8830c40929fffff","emd_code":"5280038000","emd_name":"백산면","area_km2":0.5275,"edge":false,"slope_mean":4.45,"elev_mean":13.3,"flood_hist_n":0,"flood_depth_max_m":null,"flood_risk_100y":null,"semi_basement_r":null,"elderly_alone_r":0.367,"bldg_age30_r":null,"shelter_min_walk":82,"pop":2219,"hh":1474,"elderly65_r":0.5493,"single_hh_r":0.6309,"source_level":"emd","flood_years":[],"landslide_hist_n":0},"geometry":{"type":"Polygon","coordinates":[[[126.7899,35.69753],[126.78908,35.69372],[126.79323,35.69169],[126.79822,35.69346],[126.79904,35.69727],[126.79489,35.69931],[126.7899,35.69753]]]}},{"type":"Feature","properties":{"h3":"8830c4092bfffff","emd_code":"5280038000","emd_name":"백산면","area_km2":0.5276,"edge":false,"slope_mean":3.26,"elev_mean":11.0,"flood_hist_n":0,"flood_depth_max_m":null,"flood_risk_100y":null,"semi_basement_r":null,"elderly_alone_r":0.367,"bldg_age30_r":null,"shelter_min_walk":93,"pop":2219,"hh":1474,"elderly65_r":0.5493,"single_hh_r":0.6309,"source_level":"emd","flood_years":[],"landslide_hist_n":0},"geometry":{"type":"Polygon","coordinates":[[[126.79904,35.69727],[126.79822,35.69346],[126.80238,35.69143],[126.80736,35.6932],[126.80819,35.69701],[126.80403,35.69905],[126.79904,35.69727]]]}},{"type":"Feature","properties":{"h3":"8830c4092dfffff","emd_code":"5280038000","emd_name":"백산면","area_km2":0.5276,"edge":false,"slope_mean":2.49,"elev_mean":7.9,"flood_hist_n":0,"flood_depth_max_m":null,"flood_risk_100y":null,"semi_basement_r":null,"elderly_alone_r":0.367,"bldg_age30_r":null,"shelter_min_walk":81,"pop":2219,"hh":1474,"elderly65_r":0.5493,"single_hh_r":0.6309,"source_level":"emd","flood_years":[],"landslide_hist_n":0},"geometry":{"type":"Polygon","coordinates":[[[126.78409,35.69195],[126.78327,35.68813],[126.78742,35.6861],[126.79241,35.68788],[126.79323,35.69169],[126.78908,35.69372],[126.78409,35.69195]]]}},{"type":"Feature","properties":{"h3":"8830c40931fffff","emd_code":"5280038000","emd_name":"백산면","area_km2":0.5277,"edge":false,"slope_mean":0.43,"elev_mean":4.8,"flood_hist_n":0,"flood_depth_max_m":null,"flood_risk_100y":null,"semi_basement_r":null,"elderly_alone_r":0.367,"bldg_age30_r":null,"shelter_min_walk":85,"pop":2219,"hh":1474,"elderly65_r":0.5493,"single_hh_r":0.6309,"source_level":"emd","flood_years":[],"landslide_hist_n":0},"geometry":{"type":"Polygon","coordinates":[[[126.81733,35.69675],[126.8165,35.69294],[126.82066,35.6909],[126.82565,35.69268],[126.82647,35.69649],[126.82232,35.69853],[126.81733,35.69675]]]}},{"type":"Feature","properties":{"h3":"8830c40933fffff","emd_code":"5280038000","emd_name":"백산면","area_km2":0.5277,"edge":false,"slope_mean":0.51,"elev_mean":4.9,"flood_hist_n":0,"flood_depth_max_m":null,"flood_risk_100y":null,"semi_basement_r":null,"elderly_alone_r":0.367,"bldg_age30_r":null,"shelter_min_walk":73,"pop":2219,"hh":1474,"elderly65_r":0.5493,"single_hh_r":0.6309,"source_level":"emd","flood_years":[],"landslide_hist_n":0},"geometry":{"type":"Polygon","coordinates":[[[126.82647,35.69649],[126.82565,35.69268],[126.82981,35.69064],[126.83479,35.69242],[126.83562,35.69623],[126.83146,35.69826],[126.82647,35.69649]]]}},{"type":"Feature","properties":{"h3":"8830c40935fffff","emd_code":"5280038000","emd_name":"백산면","area_km2":0.5278,"edge":false,"slope_mean":0.79,"elev_mean":5.3,"flood_hist_n":0,"flood_depth_max_m":null,"flood_risk_100y":null,"semi_basement_r":null,"elderly_alone_r":0.367,"bldg_age30_r":null,"shelter_min_walk":93,"pop":2219,"hh":1474,"elderly65_r":0.5493,"single_hh_r":0.6309,"source_level":"emd","flood_years":[],"landslide_hist_n":0},"geometry":{"type":"Polygon","coordinates":[[[126.81152,35.69117],[126.81069,35.68736],[126.81485,35.68532],[126.81984,35.68709],[126.82066,35.6909],[126.8165,35.69294],[126.81152,35.69117]]]}},{"type":"Feature","properties":{"h3":"8830c40937fffff","emd_code":"5280038000","emd_name":"백산면","area_km2":0.5278,"edge":false,"slope_mean":0.3,"elev_mean":4.8,"flood_hist_n":0,"flood_depth_max_m":null,"flood_risk_100y":null,"semi_basement_r":null,"elderly_alone_r":0.367,"bldg_age30_r":null,"shelter_min_walk":81,"pop":2219,"hh":1474,"elderly65_r":0.5493,"single_hh_r":0.6309,"source_level":"emd","flood_years":[],"landslide_hist_n":0},"geometry":{"type":"Polygon","coordinates":[[[126.82066,35.6909],[126.81984,35.68709],[126.82399,35.68506],[126.82898,35.68683],[126.82981,35.69064],[126.82565,35.69268],[126.82066,35.6909]]]}},{"type":"Feature","properties":{"h3":"8830c40939fffff","emd_code":"5280038000","emd_name":"백산면","area_km2":0.5276,"edge":false,"slope_mean":0.35,"elev_mean":4.5,"flood_hist_n":0,"flood_depth_max_m":null,"flood_risk_100y":null,"semi_basement_r":null,"elderly_alone_r":0.367,"bldg_age30_r":null,"shelter_min_walk":90,"pop":2219,"hh":1474,"elderly65_r":0.5493,"single_hh_r":0.6309,"source_level":"emd","flood_years":[],"landslide_hist_n":0},"geometry":{"type":"Polygon","coordinates":[[[126.814,35.7026],[126.81317,35.69879],[126.81733,35.69675],[126.82232,35.69853],[126.82314,35.70234],[126.81898,35.70437],[126.814,35.7026]]]}},{"type":"Feature","properties":{"h3":"8830c4093bfffff","emd_code":"5280038000","emd_name":"백산면","area_km2":0.5276,"edge":false,"slope_mean":0.43,"elev_mean":4.7,"flood_hist_n":0,"flood_depth_max_m":null,"flood_risk_100y":null,"semi_basement_r":null,"elderly_alone_r":0.367,"bldg_age30_r":null,"shelter_min_walk":78,"pop":2219,"hh":1474,"elderly65_r":0.5493,"single_hh_r":0.6309,"source_level":"emd","flood_years":[],"landslide_hist_n":0},"geometry":{"type":"Polygon","coordinates":[[[126.82314,35.70234],[126.82232,35.69853],[126.82647,35.69649],[126.83146,35.69826],[126.83229,35.70207],[126.82813,35.70411],[126.82314,35.70234]]]}},{"type":"Feature","properties":{"h3":"8830c4093dfffff","emd_code":"5280038000","emd_name":"백산면","area_km2":0.5276,"edge":false,"slope_mean":0.57,"elev_mean":5.1,"flood_hist_n":0,"flood_depth_max_m":null,"flood_risk_100y":null,"semi_basement_r":null,"elderly_alone_r":0.367,"bldg_age30_r":null,"shelter_min_walk":97,"pop":2219,"hh":1474,"elderly65_r":0.5493,"single_hh_r":0.6309,"source_level":"emd","flood_years":[],"landslide_hist_n":0},"geometry":{"type":"Polygon","coordinates":[[[126.80819,35.69701],[126.80736,35.6932],[126.81152,35.69117],[126.8165,35.69294],[126.81733,35.69675],[126.81317,35.69879],[126.80819,35.69701]]]}},{"type":"Feature","properties":{"h3":"8830c40941fffff","emd_code":"5280038000","emd_name":"백산면","area_km2":0.5271,"edge":false,"slope_mean":1.22,"elev_mean":4.4,"flood_hist_n":0,"flood_depth_max_m":null,"flood_risk_100y":null,"semi_basement_r":null,"elderly_alone_r":0.367,"bldg_age30_r":null,"shelter_min_walk":65,"pop":2219,"hh":1474,"elderly65_r":0.5493,"single_hh_r":0.6309,"source_level":"emd","flood_years":[],"landslide_hist_n":0},"geometry":{"type":"Polygon","coordinates":[[[126.78572,35.72064],[126.78489,35.71683],[126.78905,35.7148],[126.79403,35.71658],[126.79486,35.72039],[126.7907,35.72242],[126.78572,35.72064]]]}},{"type":"Feature","properties":{"h3":"8830c40943fffff","emd_code":"5280038000","emd_name":"백산면","area_km2":0.5272,"edge":false,"slope_mean":1.42,"elev_mean":6.1,"flood_hist_n":0,"flood_depth_max_m":null,"flood_risk_100y":null,"semi_basement_r":null,"elderly_alone_r":0.367,"bldg_age30_r":null,"shelter_min_walk":77,"pop":2219,"hh":1474,"elderly65_r":0.5493,"single_hh_r":0.6309,"source_level":"emd","flood_years":[],"landslide_hist_n":0},"geometry":{"type":"Polygon","coordinates":[[[126.79486,35.72039],[126.79403,35.71658],[126.79819,35.71454],[126.80318,35.71632],[126.804,35.72013],[126.79984,35.72216],[126.79486,35.72039]]]}},{"type":"Feature","properties":{"h3":"8830c40945fffff","emd_code":"5280038000","emd_name":"백산면","area_km2":0.5272,"edge":false,"slope_mean":1.08,"elev_mean":4.3,"flood_hist_n":0,"flood_depth_max_m":null,"flood_risk_100y":null,"semi_basement_r":null,"elderly_alone_r":0.367,"bldg_age30_r":null,"shelter_min_walk":58,"pop":2219,"hh":1474,"elderly65_r":0.5493,"single_hh_r":0.6309,"source_level":"emd","flood_years":[],"landslide_hist_n":0},"geometry":{"type":"Polygon","coordinates":[[[126.77991,35.71506],[126.77908,35.71125],[126.78324,35.70922],[126.78822,35.71099],[126.78905,35.7148],[126.78489,35.71683],[126.77991,35.71506]]]}},{"type":"Feature","properties":{"h3":"8830c40947fffff","emd_code":"5280038000","emd_name":"백산면","area_km2":0.5272,"edge":false,"slope_mean":1.62,"elev_mean":6.1,"flood_hist_n":0,"flood_depth_max_m":null,"flood_risk_100y":null,"semi_basement_r":null,"elderly_alone_r":0.367,"bldg_age30_r":null,"shelter_min_walk":71,"pop":2219,"hh":1474,"elderly65_r":0.5493,"single_hh_r":0.6309,"source_level":"emd","flood_years":[],"landslide_hist_n":0},"geometry":{"type":"Polygon","coordinates":[[[126.78905,35.7148],[126.78822,35.71099],[126.79238,35.70896],[126.79737,35.71073],[126.79819,35.71454],[126.79403,35.71658],[126.78905,35.7148]]]}},{"type":"Feature","properties":{"h3":"8830c40949fffff","emd_code":"5280038000","emd_name":"백산면","area_km2":0.527,"edge":false,"slope_mean":1.16,"elev_mean":4.0,"flood_hist_n":0,"flood_depth_max_m":null,"flood_risk_100y":null,"semi_basement_r":null,"elderly_alone_r":0.367,"bldg_age30_r":null,"shelter_min_walk":61,"pop":2219,"hh":1474,"elderly65_r":0.5493,"single_hh_r":0.6309,"source_level":"emd","flood_years":[],"landslide_hist_n":0},"geometry":{"type":"Polygon","coordinates":[[[126.78239,35.72648],[126.78156,35.72268],[126.78572,35.72064],[126.7907,35.72242],[126.79153,35.72623],[126.78737,35.72826],[126.78239,35.72648]]]}},{"type":"Feature","properties":{"h3":"8830c4094bfffff","emd_code":"5280038000","emd_name":"백산면","area_km2":0.5271,"edge":false,"slope_mean":0.53,"elev_mean":4.7,"flood_hist_n":0,"flood_depth_max_m":null,"flood_risk_100y":null,"semi_basement_r":null,"elderly_alone_r":0.367,"bldg_age30_r":null,"shelter_min_walk":73,"pop":2219,"hh":1474,"elderly65_r":0.5493,"single_hh_r":0.6309,"source_level":"emd","flood_years":[],"landslide_hist_n":0},"geometry":{"type":"Polygon","coordinates":[[[126.79153,35.72623],[126.7907,35.72242],[126.79486,35.72039],[126.79984,35.72216],[126.80067,35.72597],[126.79651,35.728],[126.79153,35.72623]]]}},{"type":"Feature","properties":{"h3":"8830c4094dfffff","emd_code":"5280038000","emd_name":"백산면","area_km2":0.5271,"edge":false,"slope_mean":0.66,"elev_mean":4.1,"flood_hist_n":0,"flood_depth_max_m":null,"flood_risk_100y":null,"semi_basement_r":null,"elderly_alone_r":0.367,"bldg_age30_r":null,"shelter_min_walk":53,"pop":2219,"hh":1474,"elderly65_r":0.5493,"single_hh_r":0.6309,"source_level":"emd","flood_years":[],"landslide_hist_n":0},"geometry":{"type":"Polygon","coordinates":[[[126.77658,35.7209],[126.77575,35.71709],[126.77991,35.71506],[126.78489,35.71683],[126.78572,35.72064],[126.78156,35.72268],[126.77658,35.7209]]]}},{"type":"Feature","properties":{"h3":"8830c40951fffff","emd_code":"5280038000","emd_name":"백산면","area_km2":0.5272,"edge":true,"slope_mean":1.12,"elev_mean":3.7,"flood_hist_n":0,"flood_depth_max_m":null,"flood_risk_100y":null,"semi_basement_r":null,"elderly_alone_r":0.367,"bldg_age30_r":null,"shelter_min_walk":97,"pop":2219,"hh":1474,"elderly65_r":0.5493,"single_hh_r":0.6309,"source_level":"emd","flood_years":[],"landslide_hist_n":0},"geometry":{"type":"Polygon","coordinates":[[[126.80981,35.72571],[126.80899,35.7219],[126.81315,35.71987],[126.81813,35.72164],[126.81896,35.72545],[126.8148,35.72748],[126.80981,35.72571]]]}},{"type":"Feature","properties":{"h3":"8830c40955fffff","emd_code":"5280038000","emd_name":"백산면","area_km2":0.5272,"edge":false,"slope_mean":3.49,"elev_mean":7.4,"flood_hist_n":0,"flood_depth_max_m":null,"flood_risk_100y":null,"semi_basement_r":null,"elderly_alone_r":0.367,"bldg_age30_r":null,"shelter_min_walk":90,"pop":2219,"hh":1474,"elderly65_r":0.5493,"single_hh_r":0.6309,"source_level":"emd","flood_years":[],"landslide_hist_n":0},"geometry":{"type":"Polygon","coordinates":[[[126.804,35.72013],[126.80318,35.71632],[126.80733,35.71428],[126.81232,35.71606],[126.81315,35.71987],[126.80899,35.7219],[126.804,35.72013]]]}},{"type":"Feature","properties":{"h3":"8830c40957fffff","emd_code":"5280038000","emd_name":"백산면","area_km2":0.5273,"edge":true,"slope_mean":1.31,"elev_mean":4.1,"flood_hist_n":0,"flood_depth_max_m":null,"flood_risk_100y":null,"semi_basement_r":null,"elderly_alone_r":0.367,"bldg_age30_r":null,"shelter_min_walk":99,"pop":2219,"hh":1474,"elderly65_r":0.5493,"single_hh_r":0.6309,"source_level":"emd","flood_years":[],"landslide_hist_n":0},"geometry":{"type":"Polygon","coordinates":[[[126.81315,35.71987],[126.81232,35.71606],[126.81648,35.71402],[126.82146,35.7158],[126.82229,35.71961],[126.81813,35.72164],[126.81315,35.71987]]]}},{"type":"Feature","properties":{"h3":"8830c40959fffff","emd_code":"5280038000","emd_name":"백산면","area_km2":0.5271,"edge":true,"slope_mean":1.02,"elev_mean":3.6,"flood_hist_n":0,"flood_depth_max_m":null,"flood_risk_100y":null,"semi_basement_r":null,"elderly_alone_r":0.367,"bldg_age30_r":null,"shelter_min_walk":94,"pop":2219,"hh":1474,"elderly65_r":0.5493,"single_hh_r":0.6309,"source_level":"emd","flood_years":[],"landslide_hist_n":0},"geometry":{"type":"Polygon","coordinates":[[[126.80648,35.73155],[126.80566,35.72774],[126.80981,35.72571],[126.8148,35.72748],[126.81563,35.73129],[126.81147,35.73332],[126.80648,35.73155]]]}},{"type":"Feature","properties":{"h3":"8830c4095dfffff","emd_code":"5280038000","emd_name":"백산면","area_km2":0.5271,"edge":false,"slope_mean":1.65,"elev_mean":5.1,"flood_hist_n":0,"flood_depth_max_m":null,"flood_risk_100y":null,"semi_basement_r":null,"elderly_alone_r":0.367,"bldg_age30_r":null,"shelter_min_walk":85,"pop":2219,"hh":1474,"elderly65_r":0.5493,"single_hh_r":0.6309,"source_level":"emd","flood_years":[],"landslide_hist_n":0},"geometry":{"type":"Polygon","coordinates":[[[126.80067,35.72597],[126.79984,35.72216],[126.804,35.72013],[126.80899,35.7219],[126.80981,35.72571],[126.80566,35.72774],[126.80067,35.72597]]]}},{"type":"Feature","properties":{"h3":"8830c40961fffff","emd_code":"5280038000","emd_name":"백산면","area_km2":0.5274,"edge":false,"slope_mean":1.91,"elev_mean":5.8,"flood_hist_n":0,"flood_depth_max_m":null,"flood_risk_100y":null,"semi_basement_r":null,"elderly_alone_r":0.367,"bldg_age30_r":null,"shelter_min_walk":62,"pop":2219,"hh":1474,"elderly65_r":0.5493,"single_hh_r":0.6309,"source_level":"emd","flood_years":[],"landslide_hist_n":0},"geometry":{"type":"Polygon","coordinates":[[[126.77743,35.70363],[126.7766,35.69982],[126.78076,35.69779],[126.78574,35.69957],[126.78657,35.70337],[126.78241,35.70541],[126.77743,35.70363]]]}},{"type":"Feature","properties":{"h3":"8830c40963fffff","emd_code":"5280038000","emd_name":"백산면","area_km2":0.5274,"edge":false,"slope_mean":4.08,"elev_mean":11.6,"flood_hist_n":0,"flood_depth_max_m":null,"flood_risk_100y":null,"semi_basement_r":null,"elderly_alone_r":0.367,"bldg_age30_r":null,"shelter_min_walk":73,"pop":2219,"hh":1474,"elderly65_r":0.5493,"single_hh_r":0.6309,"source_level":"emd","flood_years":[],"landslide_hist_n":0},"geometry":{"type":"Polygon","coordinates":[[[126.78657,35.70337],[126.78574,35.69957],[126.7899,35.69753],[126.79489,35.69931],[126.79571,35.70312],[126.79155,35.70515],[126.78657,35.70337]]]}},{"type":"Feature","properties":{"h3":"8830c40965fffff","emd_code":"5280038000","emd_name":"백산면","area_km2":0.5274,"edge":false,"slope_mean":1.11,"elev_mean":4.4,"flood_hist_n":0,"flood_depth_max_m":null,"flood_risk_100y":null,"semi_basement_r":null,"elderly_alone_r":0.367,"bldg_age30_r":null,"shelter_min_walk":61,"pop":2219,"hh":1474,"elderly65_r":0.5493,"single_hh_r":0.6309,"source_level":"emd","flood_years":[],"landslide_hist_n":0},"geometry":{"type":"Polygon","coordinates":[[[126.77162,35.69805],[126.77079,35.69424],[126.77495,35.6922],[126.77994,35.69398],[126.78076,35.69779],[126.7766,35.69982],[126.77162,35.69805]]]}},{"type":"Feature","properties":{"h3":"8830c40967fffff","emd_code":"5280038000","emd_name":"백산면","area_km2":0.5275,"edge":false,"slope_mean":2.31,"elev_mean":7.0,"flood_hist_n":0,"flood_depth_max_m":null,"flood_risk_100y":null,"semi_basement_r":null,"elderly_alone_r":0.367,"bldg_age30_r":null,"shelter_min_walk":71,"pop":2219,"hh":1474,"elderly65_r":0.5493,"single_hh_r":0.6309,"source_level":"emd","flood_years":[],"landslide_hist_n":0},"geometry":{"type":"Polygon","coordinates":[[[126.78076,35.69779],[126.77994,35.69398],[126.78409,35.69195],[126.78908,35.69372],[126.7899,35.69753],[126.78574,35.69957],[126.78076,35.69779]]]}},{"type":"Feature","properties":{"h3":"8830c40969fffff","emd_code":"5280038000","emd_name":"백산면","area_km2":0.5273,"edge":false,"slope_mean":0.66,"elev_mean":4.6,"flood_hist_n":0,"flood_depth_max_m":null,"flood_risk_100y":null,"semi_basement_r":null,"elderly_alone_r":0.367,"bldg_age30_r":null,"shelter_min_walk":54,"pop":2219,"hh":1474,"elderly65_r":0.5493,"single_hh_r":0.6309,"source_level":"emd","flood_years":[],"landslide_hist_n":0},"geometry":{"type":"Polygon","coordinates":[[[126.7741,35.70948],[126.77327,35.70567],[126.77743,35.70363],[126.78241,35.70541],[126.78324,35.70922],[126.77908,35.71125],[126.7741,35.70948]]]}},{"type":"Feature","properties":{"h3":"8830c4096bfffff","emd_code":"5280038000","emd_name":"백산면","area_km2":0.5273,"edge":false,"slope_mean":2.48,"elev_mean":6.6,"flood_hist_n":0,"flood_depth_max_m":null,"flood_risk_100y":null,"semi_basement_r":null,"elderly_alone_r":0.367,"bldg_age30_r":null,"shelter_min_walk":65,"pop":2219,"hh":1474,"elderly65_r":0.5493,"single_hh_r":0.6309,"source_level":"emd","flood_years":[],"landslide_hist_n":0},"geometry":{"type":"Polygon","coordinates":[[[126.78324,35.70922],[126.78241,35.70541],[126.78657,35.70337],[126.79155,35.70515],[126.79238,35.70896],[126.78822,35.71099],[126.78324,35.70922]]]}},{"type":"Feature","properties":{"h3":"8830c4096dfffff","emd_code":"5280038000","emd_name":"백산면","area_km2":0.5273,"edge":false,"slope_mean":0.35,"elev_mean":4.5,"flood_hist_n":0,"flood_depth_max_m":null,"flood_risk_100y":null,"semi_basement_r":null,"elderly_alone_r":0.367,"bldg_age30_r":null,"shelter_min_walk":52,"pop":2219,"hh":1474,"elderly65_r":0.5493,"single_hh_r":0.6309,"source_level":"emd","flood_years":[],"landslide_hist_n":0},"geometry":{"type":"Polygon","coordinates":[[[126.76829,35.70389],[126.76746,35.70008],[126.77162,35.69805],[126.7766,35.69982],[126.77743,35.70363],[126.77327,35.70567],[126.76829,35.70389]]]}},{"type":"Feature","properties":{"h3":"8830c409e5fffff","emd_code":"5280038000","emd_name":"백산면","area_km2":0.5278,"edge":true,"slope_mean":1.12,"elev_mean":4.6,"flood_hist_n":0,"flood_depth_max_m":null,"flood_risk_100y":null,"semi_basement_r":null,"elderly_alone_r":0.367,"bldg_age30_r":null,"shelter_min_walk":60,"pop":2219,"hh":1474,"elderly65_r":0.5493,"single_hh_r":0.6309,"source_level":"emd","flood_years":[],"landslide_hist_n":0},"geometry":{"type":"Polygon","coordinates":[[[126.83562,35.69623],[126.83479,35.69242],[126.83895,35.69038],[126.84394,35.69215],[126.84476,35.69597],[126.8406,35.698],[126.83562,35.69623]]]}},{"type":"Feature","properties":{"h3":"8830c409edfffff","emd_code":"5280038000","emd_name":"백산면","area_km2":0.5277,"edge":false,"slope_mean":1.13,"elev_mean":4.4,"flood_hist_n":0,"flood_depth_max_m":null,"flood_risk_100y":null,"semi_basement_r":null,"elderly_alone_r":0.367,"bldg_age30_r":null,"shelter_min_walk":66,"pop":2219,"hh":1474,"elderly65_r":0.5493,"single_hh_r":0.6309,"source_level":"emd","flood_years":[],"landslide_hist_n":0},"geometry":{"type":"Polygon","coordinates":[[[126.83229,35.70207],[126.83146,35.69826],[126.83562,35.69623],[126.8406,35.698],[126.84143,35.70181],[126.83727,35.70385],[126.83229,35.70207]]]}},{"type":"Feature","properties":{"h3":"8830c40b01fffff","emd_code":"5280032000","emd_name":"동진면","area_km2":0.5266,"edge":false,"slope_mean":0.98,"elev_mean":2.2,"flood_hist_n":0,"flood_depth_max_m":null,"flood_risk_100y":null,"semi_basement_r":null,"elderly_alone_r":0.3557,"bldg_age30_r":null,"shelter_min_walk":69,"pop":2439,"hh":1563,"elderly65_r":0.5318,"single_hh_r":0.604,"source_level":"emd","flood_years":[],"landslide_hist_n":0},"geometry":{"type":"Polygon","coordinates":[[[126.7782,35.74958],[126.77737,35.74577],[126.78153,35.74374],[126.78652,35.74552],[126.78734,35.74932],[126.78318,35.75136],[126.7782,35.74958]]]}},{"type":"Feature","properties":{"h3":"8830c40b03fffff","emd_code":"5280038000","emd_name":"백산면","area_km2":0.5267,"edge":false,"slope_mean":1.15,"elev_mean":3.8,"flood_hist_n":0,"flood_depth_max_m":null,"flood_risk_100y":null,"semi_basement_r":null,"elderly_alone_r":0.367,"bldg_age30_r":null,"shelter_min_walk":79,"pop":2219,"hh":1474,"elderly65_r":0.5493,"single_hh_r":0.6309,"source_level":"emd","flood_years":[],"landslide_hist_n":0},"geometry":{"type":"Polygon","coordinates":[[[126.78734,35.74932],[126.78652,35.74552],[126.79067,35.74349],[126.79566,35.74526],[126.79649,35.74907],[126.79233,35.7511],[126.78734,35.74932]]]}},{"type":"Feature","properties":{"h3":"8830c40b05fffff","emd_code":"5280032000","emd_name":"동진면","area_km2":0.5267,"edge":false,"slope_mean":1.49,"elev_mean":4.4,"flood_hist_n":0,"flood_depth_max_m":null,"flood_risk_100y":null,"semi_basement_r":null,"elderly_alone_r":0.3557,"bldg_age30_r":null,"shelter_min_walk":58,"pop":2439,"hh":1563,"elderly65_r":0.5318,"single_hh_r":0.604,"source_level":"emd","flood_years":[],"landslide_hist_n":0},"geometry":{"type":"Polygon","coordinates":[[[126.77239,35.744],[126.77156,35.74019],[126.77572,35.73816],[126.78071,35.73994],[126.78153,35.74374],[126.77737,35.74577],[126.77239,35.744]]]}},{"type":"Feature","properties":{"h3":"8830c40b07fffff","emd_code":"5280038000","emd_name":"백산면","area_km2":0.5267,"edge":false,"slope_mean":1.24,"elev_mean":4.1,"flood_hist_n":0,"flood_depth_max_m":null,"flood_risk_100y":null,"semi_basement_r":null,"elderly_alone_r":0.367,"bldg_age30_r":null,"shelter_min_walk":68,"pop":2219,"hh":1474,"elderly65_r":0.5493,"single_hh_r":0.6309,"source_level":"emd","flood_years":[],"landslide_hist_n":0},"geometry":{"type":"Polygon","coordinates":[[[126.78153,35.74374],[126.78071,35.73994],[126.78486,35.73791],[126.78985,35.73968],[126.79067,35.74349],[126.78652,35.74552],[126.78153,35.74374]]]}},{"type":"Feature","properties":{"h3":"8830c40b09fffff","emd_code":"5280038000","emd_name":"백산면","area_km2":0.5265,"edge":true,"slope_mean":1.07,"elev_mean":2.4,"flood_hist_n":0,"flood_depth_max_m":null,"flood_risk_100y":null,"semi_basement_r":null,"elderly_alone_r":0.367,"bldg_age30_r":null,"shelter_min_walk":71,"pop":2219,"hh":1474,"elderly65_r":0.5493,"single_hh_r":0.6309,"source_level":"emd","flood_years":[],"landslide_hist_n":0},"geometry":{"type":"Polygon","coordinates":[[[126.77487,35.75542],[126.77404,35.75161],[126.7782,35.74958],[126.78318,35.75136],[126.78401,35.75516],[126.77985,35.75719],[126.77487,35.75542]]]}},{"type":"Feature","properties":{"h3":"8830c40b0bfffff","emd_code":"5280038000","emd_name":"백산면","area_km2":0.5266,"edge":false,"slope_mean":1.1,"elev_mean":2.6,"flood_hist_n":0,"flood_depth_max_m":null,"flood_risk_100y":null,"semi_basement_r":null,"elderly_alone_r":0.367,"bldg_age30_r":null,"shelter_min_walk":81,"pop":2219,"hh":1474,"elderly65_r":0.5493,"single_hh_r":0.6309,"source_level":"emd","flood_years":[],"landslide_hist_n":0},"geometry":{"type":"Polygon","coordinates":[[[126.78401,35.75516],[126.78318,35.75136],[126.78734,35.74932],[126.79233,35.7511],[126.79315,35.7549],[126.789,35.75694],[126.78401,35.75516]]]}},{"type":"Feature","properties":{"h3":"8830c40b0dfffff","emd_code":"5280032000","emd_name":"동진면","area_km2":0.5266,"edge":false,"slope_mean":2.31,"elev_mean":6.2,"flood_hist_n":0,"flood_depth_max_m":null,"flood_risk_100y":null,"semi_basement_r":null,"elderly_alone_r":0.3557,"bldg_age30_r":null,"shelter_min_walk":60,"pop":2439,"hh":1563,"elderly65_r":0.5318,"single_hh_r":0.604,"source_level":"emd","flood_years":[],"landslide_hist_n":0},"geometry":{"type":"Polygon","coordinates":[[[126.76906,35.74984],[126.76823,35.74603],[126.77239,35.744],[126.77737,35.74577],[126.7782,35.74958],[126.77404,35.75161],[126.76906,35.74984]]]}},{"type":"Feature","properties":{"h3":"8830c40b15fffff","emd_code":"5280038000","emd_name":"백산면","area_km2":0.5267,"edge":true,"slope_mean":1.18,"elev_mean":3.0,"flood_hist_n":0,"flood_depth_max_m":null,"flood_risk_100y":null,"semi_basement_r":null,"elderly_alone_r":0.367,"bldg_age30_r":null,"shelter_min_walk":90,"pop":2219,"hh":1474,"elderly65_r":0.5493,"single_hh_r":0.6309,"source_level":"emd","flood_years":[],"landslide_hist_n":0},"geometry":{"type":"Polygon","coordinates":[[[126.79649,35.74907],[126.79566,35.74526],[126.79982,35.74323],[126.8048,35.745],[126.80563,35.74881],[126.80147,35.75084],[126.79649,35.74907]]]}},{"type":"Feature","properties":{"h3":"8830c40b1dfffff","emd_code":"5280038000","emd_name":"백산면","area_km2":0.5266,"edge":true,"slope_mean":1.41,"elev_mean":3.3,"flood_hist_n":0,"flood_depth_max_m":null,"flood_risk_100y":null,"semi_basement_r":null,"elderly_alone_r":0.367,"bldg_age30_r":null,"shelter_min_walk":91,"pop":2219,"hh":1474,"elderly65_r":0.5493,"single_hh_r":0.6309,"source_level":"emd","flood_years":[],"landslide_hist_n":0},"geometry":{"type":"Polygon","coordinates":[[[126.79315,35.7549],[126.79233,35.7511],[126.79649,35.74907],[126.80147,35.75084],[126.8023,35.75465],[126.79814,35.75668],[126.79315,35.7549]]]}},{"type":"Feature","properties":{"h3":"8830c40b21fffff","emd_code":"5280032000","emd_name":"동진면","area_km2":0.5269,"edge":false,"slope_mean":1.97,"elev_mean":5.3,"flood_hist_n":0,"flood_depth_max_m":null,"flood_risk_100y":null,"semi_basement_r":null,"elderly_alone_r":0.3557,"bldg_age30_r":null,"shelter_min_walk":47,"pop":2439,"hh":1563,"elderly65_r":0.5318,"single_hh_r":0.604,"source_level":"emd","flood_years":[],"landslide_hist_n":0},"geometry":{"type":"Polygon","coordinates":[[[126.76991,35.73258],[126.76909,35.72877],[126.77324,35.72674],[126.77823,35.72852],[126.77905,35.73232],[126.7749,35.73436],[126.76991,35.73258]]]}},{"type":"Feature","properties":{"h3":"8830c40b23fffff","emd_code":"5280032000","emd_name":"동진면","area_km2":0.5269,"edge":false,"slope_mean":0.78,"elev_mean":4.1,"flood_hist_n":0,"flood_depth_max_m":null,"flood_risk_100y":null,"semi_basement_r":null,"elderly_alone_r":0.3557,"bldg_age30_r":null,"shelter_min_walk":58,"pop":2439,"hh":1563,"elderly65_r":0.5318,"single_hh_r":0.604,"source_level":"emd","flood_years":[],"landslide_hist_n":0},"geometry":{"type":"Polygon","coordinates":[[[126.77905,35.73232],[126.77823,35.72852],[126.78239,35.72648],[126.78737,35.72826],[126.7882,35.73207],[126.78404,35.7341],[126.77905,35.73232]]]}},{"type":"Feature","properties":{"h3":"8830c40b25fffff","emd_code":"5280032000","emd_name":"동진면","area_km2":0.5269,"edge":false,"slope_mean":1.61,"elev_mean":5.2,"flood_hist_n":0,"flood_depth_max_m":null,"flood_risk_100y":null,"semi_basement_r":null,"elderly_alone_r":0.3557,"bldg_age30_r":null,"shelter_min_walk":36,"pop":2439,"hh":1563,"elderly65_r":0.5318,"single_hh_r":0.604,"source_level":"emd","flood_years":[],"landslide_hist_n":0},"geometry":{"type":"Polygon","coordinates":[[[126.7641,35.727],[126.76328,35.72319],[126.76743,35.72116],[126.77242,35.72293],[126.77324,35.72674],[126.76909,35.72877],[126.7641,35.727]]]}},{"type":"Feature","properties":{"h3":"8830c40b27fffff","emd_code":"5280032000","emd_name":"동진면","area_km2":0.527,"edge":false,"slope_mean":0.84,"elev_mean":4.5,"flood_hist_n":0,"flood_depth_max_m":null,"flood_risk_100y":null,"semi_basement_r":null,"elderly_alone_r":0.3557,"bldg_age30_r":null,"shelter_min_walk":49,"pop":2439,"hh":1563,"elderly65_r":0.5318,"single_hh_r":0.604,"source_level":"emd","flood_years":[],"landslide_hist_n":0},"geometry":{"type":"Polygon","coordinates":[[[126.77324,35.72674],[126.77242,35.72293],[126.77658,35.7209],[126.78156,35.72268],[126.78239,35.72648],[126.77823,35.72852],[126.77324,35.72674]]]}},{"type":"Feature","properties":{"h3":"8830c40b29fffff","emd_code":"5280032000","emd_name":"동진면","area_km2":0.5267,"edge":false,"slope_mean":1.31,"elev_mean":5.3,"flood_hist_n":0,"flood_depth_max_m":null,"flood_risk_100y":null,"semi_basement_r":null,"elderly_alone_r":0.3557,"bldg_age30_r":null,"shelter_min_walk":46,"pop":2439,"hh":1563,"elderly65_r":0.5318,"single_hh_r":0.604,"source_level":"emd","flood_years":[],"landslide_hist_n":0},"geometry":{"type":"Polygon","coordinates":[[[126.76658,35.73842],[126.76575,35.73461],[126.76991,35.73258],[126.7749,35.73436],[126.77572,35.73816],[126.77156,35.74019],[126.76658,35.73842]]]}},{"type":"Feature","properties":{"h3":"8830c40b2bfffff","emd_code":"5280032000","emd_name":"동진면","area_km2":0.5268,"edge":false,"slope_mean":1.55,"elev_mean":4.1,"flood_hist_n":0,"flood_depth_max_m":null,"flood_risk_100y":null,"semi_basement_r":null,"elderly_alone_r":0.3557,"bldg_age30_r":null,"shelter_min_walk":57,"pop":2439,"hh":1563,"elderly65_r":0.5318,"single_hh_r":0.604,"source_level":"emd","flood_years":[],"landslide_hist_n":0},"geometry":{"type":"Polygon","coordinates":[[[126.77572,35.73816],[126.7749,35.73436],[126.77905,35.73232],[126.78404,35.7341],[126.78486,35.73791],[126.78071,35.73994],[126.77572,35.73816]]]}},{"type":"Feature","properties":{"h3":"8830c40b2dfffff","emd_code":"5280032000","emd_name":"동진면","area_km2":0.5268,"edge":false,"slope_mean":1.31,"elev_mean":5.2,"flood_hist_n":0,"flood_depth_max_m":null,"flood_risk_100y":null,"semi_basement_r":null,"elderly_alone_r":0.3557,"bldg_age30_r":null,"shelter_min_walk":35,"pop":2439,"hh":1563,"elderly65_r":0.5318,"single_hh_r":0.604,"source_level":"emd","flood_years":[],"landslide_hist_n":0},"geometry":{"type":"Polygon","coordinates":[[[126.76077,35.73284],[126.75995,35.72903],[126.7641,35.727],[126.76909,35.72877],[126.76991,35.73258],[126.76575,35.73461],[126.76077,35.73284]]]}},{"type":"Feature","properties":{"h3":"8830c40b31fffff","emd_code":"5280038000","emd_name":"백산면","area_km2":0.5269,"edge":false,"slope_mean":0.48,"elev_mean":3.9,"flood_hist_n":0,"flood_depth_max_m":null,"flood_risk_100y":null,"semi_basement_r":null,"elderly_alone_r":0.367,"bldg_age30_r":null,"shelter_min_walk":80,"pop":2219,"hh":1474,"elderly65_r":0.5493,"single_hh_r":0.6309,"source_level":"emd","flood_years":[],"landslide_hist_n":0},"geometry":{"type":"Polygon","coordinates":[[[126.79401,35.73765],[126.79318,35.73384],[126.79734,35.73181],[126.80232,35.73358],[126.80315,35.73739],[126.79899,35.73942],[126.79401,35.73765]]]}},{"type":"Feature","properties":{"h3":"8830c40b33fffff","emd_code":"5280038000","emd_name":"백산면","area_km2":0.5269,"edge":true,"slope_mean":0.94,"elev_mean":3.5,"flood_hist_n":0,"flood_depth_max_m":null,"flood_risk_100y":null,"semi_basement_r":null,"elderly_alone_r":0.367,"bldg_age30_r":null,"shelter_min_walk":92,"pop":2219,"hh":1474,"elderly65_r":0.5493,"single_hh_r":0.6309,"source_level":"emd","flood_years":[],"landslide_hist_n":0},"geometry":{"type":"Polygon","coordinates":[[[126.80315,35.73739],[126.80232,35.73358],[126.80648,35.73155],[126.81147,35.73332],[126.81229,35.73713],[126.80813,35.73916],[126.80315,35.73739]]]}},{"type":"Feature","properties":{"h3":"8830c40b35fffff","emd_code":"5280038000","emd_name":"백산면","area_km2":0.527,"edge":false,"slope_mean":0.69,"elev_mean":3.8,"flood_hist_n":0,"flood_depth_max_m":null,"flood_risk_100y":null,"semi_basement_r":null,"elderly_alone_r":0.367,"bldg_age30_r":null,"shelter_min_walk":70,"pop":2219,"hh":1474,"elderly65_r":0.5493,"single_hh_r":0.6309,"source_level":"emd","flood_years":[],"landslide_hist_n":0},"geometry":{"type":"Polygon","coordinates":[[[126.7882,35.73207],[126.78737,35.72826],[126.79153,35.72623],[126.79651,35.728],[126.79734,35.73181],[126.79318,35.73384],[126.7882,35.73207]]]}},{"type":"Feature","properties":{"h3":"8830c40b37fffff","emd_code":"5280038000","emd_name":"백산면","area_km2":0.527,"edge":false,"slope_mean":0.6,"elev_mean":4.2,"flood_hist_n":0,"flood_depth_max_m":null,"flood_risk_100y":null,"semi_basement_r":null,"elderly_alone_r":0.367,"bldg_age30_r":null,"shelter_min_walk":82,"pop":2219,"hh":1474,"elderly65_r":0.5493,"single_hh_r":0.6309,"source_level":"emd","flood_years":[],"landslide_hist_n":0},"geometry":{"type":"Polygon","coordinates":[[[126.79734,35.73181],[126.79651,35.728],[126.80067,35.72597],[126.80566,35.72774],[126.80648,35.73155],[126.80232,35.73358],[126.79734,35.73181]]]}},{"type":"Feature","properties":{"h3":"8830c40b39fffff","emd_code":"5280038000","emd_name":"백산면","area_km2":0.5268,"edge":false,"slope_mean":0.7,"elev_mean":3.8,"flood_hist_n":0,"flood_depth_max_m":null,"flood_risk_100y":null,"semi_basement_r":null,"elderly_alone_r":0.367,"bldg_age30_r":null,"shelter_min_walk":79,"pop":2219,"hh":1474,"elderly65_r":0.5493,"single_hh_r":0.6309,"source_level":"emd","flood_years":[],"landslide_hist_n":0},"geometry":{"type":"Polygon","coordinates":[[[126.79067,35.74349],[126.78985,35.73968],[126.79401,35.73765],[126.79899,35.73942],[126.79982,35.74323],[126.79566,35.74526],[126.79067,35.74349]]]}},{"type":"Feature","properties":{"h3":"8830c40b3bfffff","emd_code":"5280038000","emd_name":"백산면","area_km2":0.5268,"edge":true,"slope_mean":0.91,"elev_mean":3.2,"flood_hist_n":0,"flood_depth_max_m":null,"flood_risk_100y":null,"semi_basement_r":null,"elderly_alone_r":0.367,"bldg_age30_r":null,"shelter_min_walk":90,"pop":2219,"hh":1474,"elderly65_r":0.5493,"single_hh_r":0.6309,"source_level":"emd","flood_years":[],"landslide_hist_n":0},"geometry":{"type":"Polygon","coordinates":[[[126.79982,35.74323],[126.79899,35.73942],[126.80315,35.73739],[126.80813,35.73916],[126.80896,35.74297],[126.8048,35.745],[126.79982,35.74323]]]}},{"type":"Feature","properties":{"h3":"8830c40b3dfffff","emd_code":"5280038000","emd_name":"백산면","area_km2":0.5268,"edge":false,"slope_mean":0.74,"elev_mean":3.7,"flood_hist_n":0,"flood_depth_max_m":null,"flood_risk_100y":null,"semi_basement_r":null,"elderly_alone_r":0.367,"bldg_age30_r":null,"shelter_min_walk":68,"pop":2219,"hh":1474,"elderly65_r":0.5493,"single_hh_r":0.6309,"source_level":"emd","flood_years":[],"landslide_hist_n":0},"geometry":{"type":"Polygon","coordinates":[[[126.78486,35.73791],[126.78404,35.7341],[126.7882,35.73207],[126.79318,35.73384],[126.79401,35.73765],[126.78985,35.73968],[126.78486,35.73791]]]}},{"type":"Feature","properties":{"h3":"8830c40b41fffff","emd_code":"5280032000","emd_name":"동진면","area_km2":0.5263,"edge":false,"slope_mean":0.76,"elev_mean":4.1,"flood_hist_n":0,"flood_depth_max_m":null,"flood_risk_100y":null,"semi_basement_r":null,"elderly_alone_r":0.3557,"bldg_age30_r":null,"shelter_min_walk":64,"pop":2439,"hh":1563,"elderly65_r":0.5318,"single_hh_r":0.604,"source_level":"emd","flood_years":[],"landslide_hist_n":0},"geometry":{"type":"Polygon","coordinates":[[[126.7624,35.76151],[126.76157,35.7577],[126.76573,35.75567],[126.77071,35.75745],[126.77154,35.76125],[126.76738,35.76328],[126.7624,35.76151]]]}},{"type":"Feature","properties":{"h3":"8830c40b43fffff","emd_code":"5280032000","emd_name":"동진면","area_km2":0.5264,"edge":true,"slope_mean":1.23,"elev_mean":3.1,"flood_hist_n":0,"flood_depth_max_m":null,"flood_risk_100y":null,"semi_basement_r":null,"elderly_alone_r":0.3557,"bldg_age30_r":null,"shelter_min_walk":73,"pop":2439,"hh":1563,"elderly65_r":0.5318,"single_hh_r":0.604,"source_level":"emd","flood_years":[],"landslide_hist_n":0},"geometry":{"type":"Polygon","coordinates":[[[126.77154,35.76125],[126.77071,35.75745],[126.77487,35.75542],[126.77985,35.75719],[126.78068,35.761],[126.77652,35.76303],[126.77154,35.76125]]]}},{"type":"Feature","properties":{"h3":"8830c40b45fffff","emd_code":"5280032000","emd_name":"동진면","area_km2":0.5264,"edge":false,"slope_mean":0.84,"elev_mean":4.8,"flood_hist_n":0,"flood_depth_max_m":null,"flood_risk_100y":null,"semi_basement_r":null,"elderly_alone_r":0.3557,"bldg_age30_r":null,"shelter_min_walk":52,"pop":2439,"hh":1563,"elderly65_r":0.5318,"single_hh_r":0.604,"source_level":"emd","flood_years":[],"landslide_hist_n":0},"geometry":{"type":"Polygon","coordinates":[[[126.75659,35.75593],[126.75576,35.75212],[126.75992,35.75009],[126.7649,35.75187],[126.76573,35.75567],[126.76157,35.7577],[126.75659,35.75593]]]}},{"type":"Feature","properties":{"h3":"8830c40b47fffff","emd_code":"5280032000","emd_name":"동진면","area_km2":0.5265,"edge":false,"slope_mean":1.71,"elev_mean":5.3,"flood_hist_n":0,"flood_depth_max_m":null,"flood_risk_100y":null,"semi_basement_r":null,"elderly_alone_r":0.3557,"bldg_age30_r":null,"shelter_min_walk":61,"pop":2439,"hh":1563,"elderly65_r":0.5318,"single_hh_r":0.604,"source_level":"emd","flood_years":[],"landslide_hist_n":0},"geometry":{"type":"Polygon","coordinates":[[[126.76573,35.75567],[126.7649,35.75187],[126.76906,35.74984],[126.77404,35.75161],[126.77487,35.75542],[126.77071,35.75745],[126.76573,35.75567]]]}},{"type":"Feature","properties":{"h3":"8830c40b49fffff","emd_code":"5280032000","emd_name":"동진면","area_km2":0.5262,"edge":false,"slope_mean":0.5,"elev_mean":3.7,"flood_hist_n":0,"flood_depth_max_m":null,"flood_risk_100y":null,"semi_basement_r":null,"elderly_alone_r":0.3557,"bldg_age30_r":null,"shelter_min_walk":69,"pop":2439,"hh":1563,"elderly65_r":0.5318,"single_hh_r":0.604,"source_level":"emd","flood_years":[],"landslide_hist_n":0},"geometry":{"type":"Polygon","coordinates":[[[126.75906,35.76734],[126.75824,35.76354],[126.7624,35.76151],[126.76738,35.76328],[126.7682,35.76709],[126.76405,35.76912],[126.75906,35.76734]]]}},{"type":"Feature","properties":{"h3":"8830c40b4bfffff","emd_code":"5280032000","emd_name":"동진면","area_km2":0.5263,"edge":false,"slope_mean":0.64,"elev_mean":2.5,"flood_hist_n":0,"flood_depth_max_m":null,"flood_risk_100y":null,"semi_basement_r":null,"elderly_alone_r":0.3557,"bldg_age30_r":null,"shelter_min_walk":76,"pop":2439,"hh":1563,"elderly65_r":0.5318,"single_hh_r":0.604,"source_level":"emd","flood_years":[],"landslide_hist_n":0},"geometry":{"type":"Polygon","coordinates":[[[126.7682,35.76709],[126.76738,35.76328],[126.77154,35.76125],[126.77652,35.76303],[126.77735,35.76683],[126.77319,35.76886],[126.7682,35.76709]]]}},{"type":"Feature","properties":{"h3":"8830c40b4dfffff","emd_code":"5280032000","emd_name":"동진면","area_km2":0.5263,"edge":false,"slope_mean":0.77,"elev_mean":4.5,"flood_hist_n":0,"flood_depth_max_m":null,"flood_risk_100y":null,"semi_basement_r":null,"elderly_alone_r":0.3557,"bldg_age30_r":null,"shelter_min_walk":57,"pop":2439,"hh":1563,"elderly65_r":0.5318,"single_hh_r":0.604,"source_level":"emd","flood_years":[],"landslide_hist_n":0},"geometry":{"type":"Polygon","coordinates":[[[126.75325,35.76176],[126.75243,35.75796],[126.75659,35.75593],[126.76157,35.7577],[126.7624,35.76151],[126.75824,35.76354],[126.75325,35.76176]]]}},{"type":"Feature","properties":{"h3":"8830c40b61fffff","emd_code":"5280032000","emd_name":"동진면","area_km2":0.5266,"edge":false,"slope_mean":1.44,"elev_mean":9.1,"flood_hist_n":0,"flood_depth_max_m":null,"flood_risk_100y":null,"semi_basement_r":null,"elderly_alone_r":0.3557,"bldg_age30_r":null,"shelter_min_walk":38,"pop":2439,"hh":1563,"elderly65_r":0.5318,"single_hh_r":0.604,"source_level":"emd","flood_years":[],"landslide_hist_n":0},"geometry":{"type":"Polygon","coordinates":[[[126.75411,35.74451],[126.75328,35.7407],[126.75744,35.73867],[126.76242,35.74045],[126.76325,35.74426],[126.75909,35.74629],[126.75411,35.74451]]]}},{"type":"Feature","properties":{"h3":"8830c40b63fffff","emd_code":"5280032000","emd_name":"동진면","area_km2":0.5266,"edge":false,"slope_mean":4.08,"elev_mean":11.2,"flood_hist_n":0,"flood_depth_max_m":null,"flood_risk_100y":null,"semi_basement_r":null,"elderly_alone_r":0.3557,"bldg_age30_r":null,"shelter_min_walk":48,"pop":2439,"hh":1563,"elderly65_r":0.5318,"single_hh_r":0.604,"source_level":"emd","flood_years":[],"landslide_hist_n":0},"geometry":{"type":"Polygon","coordinates":[[[126.76325,35.74426],[126.76242,35.74045],[126.76658,35.73842],[126.77156,35.74019],[126.77239,35.744],[126.76823,35.74603],[126.76325,35.74426]]]}},{"type":"Feature","properties":{"h3":"8830c40b65fffff","emd_code":"5280032000","emd_name":"동진면","area_km2":0.5266,"edge":false,"slope_mean":3.39,"elev_mean":12.5,"flood_hist_n":0,"flood_depth_max_m":null,"flood_risk_100y":null,"semi_basement_r":null,"elderly_alone_r":0.3557,"bldg_age30_r":null,"shelter_min_walk":27,"pop":2439,"hh":1563,"elderly65_r":0.5318,"single_hh_r":0.604,"source_level":"emd","flood_years":[],"landslide_hist_n":0},"geometry":{"type":"Polygon","coordinates":[[[126.7483,35.73893],[126.74747,35.73512],[126.75163,35.73309],[126.75661,35.73487],[126.75744,35.73867],[126.75328,35.7407],[126.7483,35.73893]]]}},{"type":"Feature","properties":{"h3":"8830c40b67fffff","emd_code":"5280032000","emd_name":"동진면","area_km2":0.5267,"edge":false,"slope_mean":2.55,"elev_mean":9.5,"flood_hist_n":0,"flood_depth_max_m":null,"flood_risk_100y":null,"semi_basement_r":null,"elderly_alone_r":0.3557,"bldg_age30_r":null,"shelter_min_walk":36,"pop":2439,"hh":1563,"elderly65_r":0.5318,"single_hh_r":0.604,"source_level":"emd","flood_years":[],"landslide_hist_n":0},"geometry":{"type":"Polygon","coordinates":[[[126.75744,35.73867],[126.75661,35.73487],[126.76077,35.73284],[126.76575,35.73461],[126.76658,35.73842],[126.76242,35.74045],[126.75744,35.73867]]]}},{"type":"Feature","properties":{"h3":"8830c40b69fffff","emd_code":"5280032000","emd_name":"동진면","area_km2":0.5265,"edge":false,"slope_mean":0.78,"elev_mean":5.1,"flood_hist_n":0,"flood_depth_max_m":null,"flood_risk_100y":null,"semi_basement_r":null,"elderly_alone_r":0.3557,"bldg_age30_r":null,"shelter_min_walk":40,"pop":2439,"hh":1563,"elderly65_r":0.5318,"single_hh_r":0.604,"source_level":"emd","flood_years":[],"landslide_hist_n":0},"geometry":{"type":"Polygon","coordinates":[[[126.75078,35.75035],[126.74995,35.74654],[126.75411,35.74451],[126.75909,35.74629],[126.75992,35.75009],[126.75576,35.75212],[126.75078,35.75035]]]}},{"type":"Feature","properties":{"h3":"8830c40b6bfffff","emd_code":"5280032000","emd_name":"동진면","area_km2":0.5265,"edge":false,"slope_mean":2.03,"elev_mean":6.6,"flood_hist_n":0,"flood_depth_max_m":null,"flood_risk_100y":null,"semi_basement_r":null,"elderly_alone_r":0.3557,"bldg_age30_r":null,"shelter_min_walk":50,"pop":2439,"hh":1563,"elderly65_r":0.5318,"single_hh_r":0.604,"source_level":"emd","flood_years":[],"landslide_hist_n":0},"geometry":{"type":"Polygon","coordinates":[[[126.75992,35.75009],[126.75909,35.74629],[126.76325,35.74426],[126.76823,35.74603],[126.76906,35.74984],[126.7649,35.75187],[126.75992,35.75009]]]}},{"type":"Feature","properties":{"h3":"8830c40b6dfffff","emd_code":"5280032000","emd_name":"동진면","area_km2":0.5265,"edge":false,"slope_mean":3.56,"elev_mean":10.9,"flood_hist_n":0,"flood_depth_max_m":null,"flood_risk_100y":null,"semi_basement_r":null,"elderly_alone_r":0.3557,"bldg_age30_r":null,"shelter_min_walk":28,"pop":2439,"hh":1563,"elderly65_r":0.5318,"single_hh_r":0.604,"source_level":"emd","flood_years":[],"landslide_hist_n":0},"geometry":{"type":"Polygon","coordinates":[[[126.74497,35.74476],[126.74414,35.74096],[126.7483,35.73893],[126.75328,35.7407],[126.75411,35.74451],[126.74995,35.74654],[126.74497,35.74476]]]}},{"type":"Feature","properties":{"h3":"8830c41901fffff","emd_code":"5280034000","emd_name":"계화면","area_km2":0.5255,"edge":false,"slope_mean":0.31,"elev_mean":1.9,"flood_hist_n":0,"flood_depth_max_m":null,"flood_risk_100y":null,"semi_basement_r":null,"elderly_alone_r":0.3302,"bldg_age30_r":null,"shelter_min_walk":110,"pop":2891,"hh":1805,"elderly65_r":0.5265,"single_hh_r":0.5845,"source_level":"emd","flood_years":[],"landslide_hist_n":0},"geometry":{"type":"Polygon","coordinates":[[[126.6909,35.79217],[126.69008,35.78837],[126.69423,35.78634],[126.69921,35.78812],[126.70004,35.79192],[126.69588,35.79394],[126.6909,35.79217]]]}},{"type":"Feature","properties":{"h3":"8830c41903fffff","emd_code":"5280034000","emd_name":"계화면","area_km2":0.5255,"edge":false,"slope_mean":0.3,"elev_mean":2.3,"flood_hist_n":0,"flood_depth_max_m":null,"flood_risk_100y":null,"semi_basement_r":null,"elderly_alone_r":0.3302,"bldg_age30_r":null,"shelter_min_walk":104,"pop":2891,"hh":1805,"elderly65_r":0.5265,"single_hh_r":0.5845,"source_level":"emd","flood_years":[],"landslide_hist_n":0},"geometry":{"type":"Polygon","coordinates":[[[126.70004,35.79192],[126.69921,35.78812],[126.70337,35.78609],[126.70835,35.78787],[126.70918,35.79167],[126.70502,35.7937],[126.70004,35.79192]]]}},{"type":"Feature","properties":{"h3":"8830c41905fffff","emd_code":"5280034000","emd_name":"계화면","area_km2":0.5255,"edge":false,"slope_mean":0.37,"elev_mean":2.2,"flood_hist_n":0,"flood_depth_max_m":null,"flood_risk_100y":null,"semi_basement_r":null,"elderly_alone_r":0.3302,"bldg_age30_r":null,"shelter_min_walk":106,"pop":2891,"hh":1805,"elderly65_r":0.5265,"single_hh_r":0.5845,"source_level":"emd","flood_years":[],"landslide_hist_n":0},"geometry":{"type":"Polygon","coordinates":[[[126.68509,35.78659],[126.68427,35.78279],[126.68843,35.78076],[126.69341,35.78254],[126.69423,35.78634],[126.69008,35.78837],[126.68509,35.78659]]]}},{"type":"Feature","properties":{"h3":"8830c41907fffff","emd_code":"5280034000","emd_name":"계화면","area_km2":0.5256,"edge":false,"slope_mean":0.29,"elev_mean":2.3,"flood_hist_n":0,"flood_depth_max_m":null,"flood_risk_100y":null,"semi_basement_r":null,"elderly_alone_r":0.3302,"bldg_age30_r":null,"shelter_min_walk":99,"pop":2891,"hh":1805,"elderly65_r":0.5265,"single_hh_r":0.5845,"source_level":"emd","flood_years":[],"landslide_hist_n":0},"geometry":{"type":"Polygon","coordinates":[[[126.69423,35.78634],[126.69341,35.78254],[126.69756,35.78051],[126.70254,35.78229],[126.70337,35.78609],[126.69921,35.78812],[126.69423,35.78634]]]}},{"type":"Feature","properties":{"h3":"8830c41909fffff","emd_code":"5280034000","emd_name":"계화면","area_km2":0.5254,"edge":false,"slope_mean":0.84,"elev_mean":0.7,"flood_hist_n":0,"flood_depth_max_m":null,"flood_risk_100y":null,"semi_basement_r":null,"elderly_alone_r":0.3302,"bldg_age30_r":null,"shelter_min_walk":120,"pop":2891,"hh":1805,"elderly65_r":0.5265,"single_hh_r":0.5845,"source_level":"emd","flood_years":[],"landslide_hist_n":0},"geometry":{"type":"Polygon","coordinates":[[[126.68757,35.79799],[126.68674,35.79419],[126.6909,35.79217],[126.69588,35.79394],[126.69671,35.79775],[126.69255,35.79977],[126.68757,35.79799]]]}},{"type":"Feature","properties":{"h3":"8830c4190bfffff","emd_code":"5280034000","emd_name":"계화면","area_km2":0.5254,"edge":false,"slope_mean":0.47,"elev_mean":1.3,"flood_hist_n":0,"flood_depth_max_m":null,"flood_risk_100y":null,"semi_basement_r":null,"elderly_alone_r":0.3302,"bldg_age30_r":null,"shelter_min_walk":115,"pop":2891,"hh":1805,"elderly65_r":0.5265,"single_hh_r":0.5845,"source_level":"emd","flood_years":[],"landslide_hist_n":0},"geometry":{"type":"Polygon","coordinates":[[[126.69671,35.79775],[126.69588,35.79394],[126.70004,35.79192],[126.70502,35.7937],[126.70585,35.7975],[126.70169,35.79952],[126.69671,35.79775]]]}},{"type":"Feature","properties":{"h3":"8830c4190dfffff","emd_code":"5280034000","emd_name":"계화면","area_km2":0.5254,"edge":false,"slope_mean":0.56,"elev_mean":1.5,"flood_hist_n":0,"flood_depth_max_m":null,"flood_risk_100y":null,"semi_basement_r":null,"elderly_alone_r":0.3302,"bldg_age30_r":null,"shelter_min_walk":116,"pop":2891,"hh":1805,"elderly65_r":0.5265,"single_hh_r":0.5845,"source_level":"emd","flood_years":[],"landslide_hist_n":0},"geometry":{"type":"Polygon","coordinates":[[[126.68176,35.79242],[126.68094,35.78861],[126.68509,35.78659],[126.69008,35.78837],[126.6909,35.79217],[126.68674,35.79419],[126.68176,35.79242]]]}},{"type":"Feature","properties":{"h3":"8830c41911fffff","emd_code":"5280034000","emd_name":"계화면","area_km2":0.5255,"edge":true,"slope_mean":0.4,"elev_mean":1.0,"flood_hist_n":0,"flood_depth_max_m":null,"flood_risk_100y":null,"semi_basement_r":null,"elderly_alone_r":0.3302,"bldg_age30_r":null,"shelter_min_walk":107,"pop":2891,"hh":1805,"elderly65_r":0.5265,"single_hh_r":0.5845,"source_level":"emd","flood_years":[],"landslide_hist_n":0},"geometry":{"type":"Polygon","coordinates":[[[126.71498,35.79725],[126.71416,35.79345],[126.71832,35.79142],[126.7233,35.7932],[126.72412,35.797],[126.71997,35.79902],[126.71498,35.79725]]]}},{"type":"Feature","properties":{"h3":"8830c41913fffff","emd_code":"5280032000","emd_name":"동진면","area_km2":0.5256,"edge":true,"slope_mean":0.34,"elev_mean":1.0,"flood_hist_n":0,"flood_depth_max_m":null,"flood_risk_100y":null,"semi_basement_r":null,"elderly_alone_r":0.3557,"bldg_age30_r":null,"shelter_min_walk":105,"pop":2439,"hh":1563,"elderly65_r":0.5318,"single_hh_r":0.604,"source_level":"emd","flood_years":[],"landslide_hist_n":0},"geometry":{"type":"Polygon","coordinates":[[[126.72412,35.797],[126.7233,35.7932],[126.72746,35.79117],[126.73244,35.79295],[126.73326,35.79675],[126.72911,35.79877],[126.72412,35.797]]]}},{"type":"Feature","properties":{"h3":"8830c41915fffff","emd_code":"5280034000","emd_name":"계화면","area_km2":0.5256,"edge":false,"slope_mean":0.43,"elev_mean":2.4,"flood_hist_n":0,"flood_depth_max_m":null,"flood_risk_100y":null,"semi_basement_r":null,"elderly_alone_r":0.3302,"bldg_age30_r":null,"shelter_min_walk":100,"pop":2891,"hh":1805,"elderly65_r":0.5265,"single_hh_r":0.5845,"source_level":"emd","flood_years":[],"landslide_hist_n":0},"geometry":{"type":"Polygon","coordinates":[[[126.70918,35.79167],[126.70835,35.78787],[126.71251,35.78584],[126.71749,35.78762],[126.71832,35.79142],[126.71416,35.79345],[126.70918,35.79167]]]}},{"type":"Feature","properties":{"h3":"8830c41917fffff","emd_code":"5280034000","emd_name":"계화면","area_km2":0.5256,"edge":false,"slope_mean":0.46,"elev_mean":2.6,"flood_hist_n":0,"flood_depth_max_m":null,"flood_risk_100y":null,"semi_basement_r":null,"elderly_alone_r":0.3302,"bldg_age30_r":null,"shelter_min_walk":97,"pop":2891,"hh":1805,"elderly65_r":0.5265,"single_hh_r":0.5845,"source_level":"emd","flood_years":[],"landslide_hist_n":0},"geometry":{"type":"Polygon","coordinates":[[[126.71832,35.79142],[126.71749,35.78762],[126.72165,35.78559],[126.72663,35.78737],[126.72746,35.79117],[126.7233,35.7932],[126.71832,35.79142]]]}},{"type":"Feature","properties":{"h3":"8830c4191dfffff","emd_code":"5280034000","emd_name":"계화면","area_km2":0.5255,"edge":false,"slope_mean":0.51,"elev_mean":1.2,"flood_hist_n":0,"flood_depth_max_m":null,"flood_risk_100y":null,"semi_basement_r":null,"elderly_alone_r":0.3302,"bldg_age30_r":null,"shelter_min_walk":110,"pop":2891,"hh":1805,"elderly65_r":0.5265,"single_hh_r":0.5845,"source_level":"emd","flood_years":[],"landslide_hist_n":0},"geometry":{"type":"Polygon","coordinates":[[[126.70585,35.7975],[126.70502,35.7937],[126.70918,35.79167],[126.71416,35.79345],[126.71498,35.79725],[126.71083,35.79927],[126.70585,35.7975]]]}},{"type":"Feature","properties":{"h3":"8830c41921fffff","emd_code":"5280034000","emd_name":"계화면","area_km2":0.5257,"edge":false,"slope_mean":0.35,"elev_mean":3.0,"flood_hist_n":0,"flood_depth_max_m":null,"flood_risk_100y":null,"semi_basement_r":null,"elderly_alone_r":0.3302,"bldg_age30_r":null,"shelter_min_walk":93,"pop":2891,"hh":1805,"elderly65_r":0.5265,"single_hh_r":0.5845,"source_level":"emd","flood_years":[],"landslide_hist_n":0},"geometry":{"type":"Polygon","coordinates":[[[126.68262,35.77518],[126.6818,35.77138],[126.68595,35.76935],[126.69093,35.77113],[126.69176,35.77493],[126.6876,35.77696],[126.68262,35.77518]]]}},{"type":"Feature","properties":{"h3":"8830c41923fffff","emd_code":"5280034000","emd_name":"계화면","area_km2":0.5258,"edge":false,"slope_mean":0.38,"elev_mean":3.4,"flood_hist_n":0,"flood_depth_max_m":null,"flood_risk_100y":null,"semi_basement_r":null,"elderly_alone_r":0.3302,"bldg_age30_r":null,"shelter_min_walk":85,"pop":2891,"hh":1805,"elderly65_r":0.5265,"single_hh_r":0.5845,"source_level":"emd","flood_years":[],"landslide_hist_n":0},"geometry":{"type":"Polygon","coordinates":[[[126.69176,35.77493],[126.69093,35.77113],[126.69509,35.7691],[126.70007,35.77088],[126.70089,35.77468],[126.69674,35.77671],[126.69176,35.77493]]]}},{"type":"Feature","properties":{"h3":"8830c41925fffff","emd_code":"5280034000","emd_name":"계화면","area_km2":0.5258,"edge":false,"slope_mean":0.32,"elev_mean":3.0,"flood_hist_n":0,"flood_depth_max_m":null,"flood_risk_100y":null,"semi_basement_r":null,"elderly_alone_r":0.3302,"bldg_age30_r":null,"shelter_min_walk":92,"pop":2891,"hh":1805,"elderly65_r":0.5265,"single_hh_r":0.5845,"source_level":"emd","flood_years":[],"landslide_hist_n":0},"geometry":{"type":"Polygon","coordinates":[[[126.67681,35.7696],[126.67599,35.76579],[126.68015,35.76377],[126.68513,35.76555],[126.68595,35.76935],[126.6818,35.77138],[126.67681,35.7696]]]}},{"type":"Feature","properties":{"h3":"8830c41927fffff","emd_code":"5280034000","emd_name":"계화면","area_km2":0.5258,"edge":false,"slope_mean":0.79,"elev_mean":4.4,"flood_hist_n":0,"flood_depth_max_m":null,"flood_risk_100y":null,"semi_basement_r":null,"elderly_alone_r":0.3302,"bldg_age30_r":null,"shelter_min_walk":83,"pop":2891,"hh":1805,"elderly65_r":0.5265,"single_hh_r":0.5845,"source_level":"emd","flood_years":[],"landslide_hist_n":0},"geometry":{"type":"Polygon","coordinates":[[[126.68595,35.76935],[126.68513,35.76555],[126.68928,35.76352],[126.69426,35.7653],[126.69509,35.7691],[126.69093,35.77113],[126.68595,35.76935]]]}},{"type":"Feature","properties":{"h3":"8830c41929fffff","emd_code":"5280034000","emd_name":"계화면","area_km2":0.5256,"edge":false,"slope_mean":0.33,"elev_mean":2.3,"flood_hist_n":0,"flood_depth_max_m":null,"flood_risk_100y":null,"semi_basement_r":null,"elderly_alone_r":0.3302,"bldg_age30_r":null,"shelter_min_walk":103,"pop":2891,"hh":1805,"elderly65_r":0.5265,"single_hh_r":0.5845,"source_level":"emd","flood_years":[],"landslide_hist_n":0},"geometry":{"type":"Polygon","coordinates":[[[126.67929,35.78101],[126.67846,35.77721],[126.68262,35.77518],[126.6876,35.77696],[126.68843,35.78076],[126.68427,35.78279],[126.67929,35.78101]]]}},{"type":"Feature","properties":{"h3":"8830c4192bfffff","emd_code":"5280034000","emd_name":"계화면","area_km2":0.5257,"edge":false,"slope_mean":0.31,"elev_mean":2.6,"flood_hist_n":0,"flood_depth_max_m":null,"flood_risk_100y":null,"semi_basement_r":null,"elderly_alone_r":0.3302,"bldg_age30_r":null,"shelter_min_walk":95,"pop":2891,"hh":1805,"elderly65_r":0.5265,"single_hh_r":0.5845,"source_level":"emd","flood_years":[],"landslide_hist_n":0},"geometry":{"type":"Polygon","coordinates":[[[126.68843,35.78076],[126.6876,35.77696],[126.69176,35.77493],[126.69674,35.77671],[126.69756,35.78051],[126.69341,35.78254],[126.68843,35.78076]]]}},{"type":"Feature","properties":{"h3":"8830c4192dfffff","emd_code":"5280034000","emd_name":"계화면","area_km2":0.5257,"edge":false,"slope_mean":0.27,"elev_mean":2.3,"flood_hist_n":0,"flood_depth_max_m":null,"flood_risk_100y":null,"semi_basement_r":null,"elderly_alone_r":0.3302,"bldg_age30_r":null,"shelter_min_walk":102,"pop":2891,"hh":1805,"elderly65_r":0.5265,"single_hh_r":0.5845,"source_level":"emd","flood_years":[],"landslide_hist_n":0},"geometry":{"type":"Polygon","coordinates":[[[126.67348,35.77543],[126.67266,35.77162],[126.67681,35.7696],[126.6818,35.77138],[126.68262,35.77518],[126.67846,35.77721],[126.67348,35.77543]]]}},{"type":"Feature","properties":{"h3":"8830c41931fffff","emd_code":"5280034000","emd_name":"계화면","area_km2":0.5258,"edge":false,"slope_mean":0.59,"elev_mean":3.5,"flood_hist_n":0,"flood_depth_max_m":null,"flood_risk_100y":null,"semi_basement_r":null,"elderly_alone_r":0.3302,"bldg_age30_r":null,"shelter_min_walk":83,"pop":2891,"hh":1805,"elderly65_r":0.5265,"single_hh_r":0.5845,"source_level":"emd","flood_years":[],"landslide_hist_n":0},"geometry":{"type":"Polygon","coordinates":[[[126.7067,35.78026],[126.70588,35.77646],[126.71003,35.77443],[126.71501,35.77621],[126.71584,35.78001],[126.71168,35.78204],[126.7067,35.78026]]]}},{"type":"Feature","properties":{"h3":"8830c41933fffff","emd_code":"5280034000","emd_name":"계화면","area_km2":0.5258,"edge":false,"slope_mean":0.89,"elev_mean":4.4,"flood_hist_n":0,"flood_depth_max_m":null,"flood_risk_100y":null,"semi_basement_r":null,"elderly_alone_r":0.3302,"bldg_age30_r":null,"shelter_min_walk":79,"pop":2891,"hh":1805,"elderly65_r":0.5265,"single_hh_r":0.5845,"source_level":"emd","flood_years":[],"landslide_hist_n":0},"geometry":{"type":"Polygon","coordinates":[[[126.71584,35.78001],[126.71501,35.77621],[126.71917,35.77418],[126.72415,35.77596],[126.72498,35.77976],[126.72082,35.78179],[126.71584,35.78001]]]}},{"type":"Feature","properties":{"h3":"8830c41935fffff","emd_code":"5280034000","emd_name":"계화면","area_km2":0.5258,"edge":false,"slope_mean":0.44,"elev_mean":4.0,"flood_hist_n":0,"flood_depth_max_m":null,"flood_risk_100y":null,"semi_basement_r":null,"elderly_alone_r":0.3302,"bldg_age30_r":null,"shelter_min_walk":78,"pop":2891,"hh":1805,"elderly65_r":0.5265,"single_hh_r":0.5845,"source_level":"emd","flood_years":[],"landslide_hist_n":0},"geometry":{"type":"Polygon","coordinates":[[[126.70089,35.77468],[126.70007,35.77088],[126.70423,35.76885],[126.70921,35.77063],[126.71003,35.77443],[126.70588,35.77646],[126.70089,35.77468]]]}},{"type":"Feature","properties":{"h3":"8830c41937fffff","emd_code":"5280034000","emd_name":"계화면","area_km2":0.5259,"edge":false,"slope_mean":0.53,"elev_mean":4.4,"flood_hist_n":0,"flood_depth_max_m":null,"flood_risk_100y":null,"semi_basement_r":null,"elderly_alone_r":0.3302,"bldg_age30_r":null,"shelter_min_walk":72,"pop":2891,"hh":1805,"elderly65_r":0.5265,"single_hh_r":0.5845,"source_level":"emd","flood_years":[],"landslide_hist_n":0},"geometry":{"type":"Polygon","coordinates":[[[126.71003,35.77443],[126.70921,35.77063],[126.71336,35.7686],[126.71835,35.77038],[126.71917,35.77418],[126.71501,35.77621],[126.71003,35.77443]]]}},{"type":"Feature","properties":{"h3":"8830c41939fffff","emd_code":"5280034000","emd_name":"계화면","area_km2":0.5256,"edge":false,"slope_mean":0.3,"elev_mean":2.5,"flood_hist_n":0,"flood_depth_max_m":null,"flood_risk_100y":null,"semi_basement_r":null,"elderly_alone_r":0.3302,"bldg_age30_r":null,"shelter_min_walk":94,"pop":2891,"hh":1805,"elderly65_r":0.5265,"single_hh_r":0.5845,"source_level":"emd","flood_years":[],"landslide_hist_n":0},"geometry":{"type":"Polygon","coordinates":[[[126.70337,35.78609],[126.70254,35.78229],[126.7067,35.78026],[126.71168,35.78204],[126.71251,35.78584],[126.70835,35.78787],[126.70337,35.78609]]]}},{"type":"Feature","properties":{"h3":"8830c4193bfffff","emd_code":"5280034000","emd_name":"계화면","area_km2":0.5257,"edge":false,"slope_mean":0.91,"elev_mean":3.3,"flood_hist_n":0,"flood_depth_max_m":null,"flood_risk_100y":null,"semi_basement_r":null,"elderly_alone_r":0.3302,"bldg_age30_r":null,"shelter_min_walk":89,"pop":2891,"hh":1805,"elderly65_r":0.5265,"single_hh_r":0.5845,"source_level":"emd","flood_years":[],"landslide_hist_n":0},"geometry":{"type":"Polygon","coordinates":[[[126.71251,35.78584],[126.71168,35.78204],[126.71584,35.78001],[126.72082,35.78179],[126.72165,35.78559],[126.71749,35.78762],[126.71251,35.78584]]]}},{"type":"Feature","properties":{"h3":"8830c4193dfffff","emd_code":"5280034000","emd_name":"계화면","area_km2":0.5257,"edge":false,"slope_mean":0.26,"elev_mean":2.8,"flood_hist_n":0,"flood_depth_max_m":null,"flood_risk_100y":null,"semi_basement_r":null,"elderly_alone_r":0.3302,"bldg_age30_r":null,"shelter_min_walk":89,"pop":2891,"hh":1805,"elderly65_r":0.5265,"single_hh_r":0.5845,"source_level":"emd","flood_years":[],"landslide_hist_n":0},"geometry":{"type":"Polygon","coordinates":[[[126.69756,35.78051],[126.69674,35.77671],[126.70089,35.77468],[126.70588,35.77646],[126.7067,35.78026],[126.70254,35.78229],[126.69756,35.78051]]]}},{"type":"Feature","properties":{"h3":"8830c41941fffff","emd_code":"5280034000","emd_name":"계화면","area_km2":0.5252,"edge":true,"slope_mean":0.43,"elev_mean":0.0,"flood_hist_n":0,"flood_depth_max_m":null,"flood_risk_100y":null,"semi_basement_r":null,"elderly_alone_r":0.3302,"bldg_age30_r":null,"shelter_min_walk":138,"pop":2891,"hh":1805,"elderly65_r":0.5265,"single_hh_r":0.5845,"source_level":"emd","flood_years":[],"landslide_hist_n":0},"geometry":{"type":"Polygon","coordinates":[[[126.6751,35.80407],[126.67428,35.80027],[126.67843,35.79824],[126.68341,35.80002],[126.68424,35.80382],[126.68008,35.80584],[126.6751,35.80407]]]}},{"type":"Feature","properties":{"h3":"8830c41943fffff","emd_code":"5280034000","emd_name":"계화면","area_km2":0.5253,"edge":true,"slope_mean":0.34,"elev_mean":-0.1,"flood_hist_n":0,"flood_depth_max_m":null,"flood_risk_100y":null,"semi_basement_r":null,"elderly_alone_r":0.3302,"bldg_age30_r":null,"shelter_min_walk":131,"pop":2891,"hh":1805,"elderly65_r":0.5265,"single_hh_r":0.5845,"source_level":"emd","flood_years":[],"landslide_hist_n":0},"geometry":{"type":"Polygon","coordinates":[[[126.68424,35.80382],[126.68341,35.80002],[126.68757,35.79799],[126.69255,35.79977],[126.69338,35.80357],[126.68922,35.8056],[126.68424,35.80382]]]}},{"type":"Feature","properties":{"h3":"8830c41945fffff","emd_code":"5280034000","emd_name":"계화면","area_km2":0.5253,"edge":false,"slope_mean":0.36,"elev_mean":0.1,"flood_hist_n":0,"flood_depth_max_m":null,"flood_risk_100y":null,"semi_basement_r":null,"elderly_alone_r":0.3302,"bldg_age30_r":null,"shelter_min_walk":134,"pop":2891,"hh":1805,"elderly65_r":0.5265,"single_hh_r":0.5845,"source_level":"emd","flood_years":[],"landslide_hist_n":0},"geometry":{"type":"Polygon","coordinates":[[[126.6693,35.79849],[126.66847,35.79469],[126.67263,35.79266],[126.67761,35.79444],[126.67843,35.79824],[126.67428,35.80027],[126.6693,35.79849]]]}},{"type":"Feature","properties":{"h3":"8830c41947fffff","emd_code":"5280034000","emd_name":"계화면","area_km2":0.5253,"edge":false,"slope_mean":0.71,"elev_mean":0.2,"flood_hist_n":0,"flood_depth_max_m":null,"flood_risk_100y":null,"semi_basement_r":null,"elderly_alone_r":0.3302,"bldg_age30_r":null,"shelter_min_walk":127,"pop":2891,"hh":1805,"elderly65_r":0.5265,"single_hh_r":0.5845,"source_level":"emd","flood_years":[],"landslide_hist_n":0},"geometry":{"type":"Polygon","coordinates":[[[126.67843,35.79824],[126.67761,35.79444],[126.68176,35.79242],[126.68674,35.79419],[126.68757,35.79799],[126.68341,35.80002],[126.67843,35.79824]]]}},{"type":"Feature","properties":{"h3":"8830c4194dfffff","emd_code":"5280034000","emd_name":"계화면","area_km2":0.5252,"edge":true,"slope_mean":0.11,"elev_mean":0.1,"flood_hist_n":0,"flood_depth_max_m":null,"flood_risk_100y":null,"semi_basement_r":null,"elderly_alone_r":0.3302,"bldg_age30_r":null,"shelter_min_walk":145,"pop":2891,"hh":1805,"elderly65_r":0.5265,"single_hh_r":0.5845,"source_level":"emd","flood_years":[],"landslide_hist_n":0},"geometry":{"type":"Polygon","coordinates":[[[126.66596,35.80431],[126.66514,35.80051],[126.6693,35.79849],[126.67428,35.80027],[126.6751,35.80407],[126.67095,35.80609],[126.66596,35.80431]]]}},{"type":"Feature","properties":{"h3":"8830c41955fffff","emd_code":"5280034000","emd_name":"계화면","area_km2":0.5253,"edge":true,"slope_mean":0.31,"elev_mean":0.1,"flood_hist_n":0,"flood_depth_max_m":null,"flood_risk_100y":null,"semi_basement_r":null,"elderly_alone_r":0.3302,"bldg_age30_r":null,"shelter_min_walk":126,"pop":2891,"hh":1805,"elderly65_r":0.5265,"single_hh_r":0.5845,"source_level":"emd","flood_years":[],"landslide_hist_n":0},"geometry":{"type":"Polygon","coordinates":[[[126.69338,35.80357],[126.69255,35.79977],[126.69671,35.79775],[126.70169,35.79952],[126.70251,35.80332],[126.69836,35.80535],[126.69338,35.80357]]]}},{"type":"Feature","properties":{"h3":"8830c41957fffff","emd_code":"5280034000","emd_name":"계화면","area_km2":0.5254,"edge":true,"slope_mean":0.33,"elev_mean":-0.1,"flood_hist_n":0,"flood_depth_max_m":null,"flood_risk_100y":null,"semi_basement_r":null,"elderly_alone_r":0.3302,"bldg_age30_r":null,"shelter_min_walk":121,"pop":2891,"hh":1805,"elderly65_r":0.5265,"single_hh_r":0.5845,"source_level":"emd","flood_years":[],"landslide_hist_n":0},"geometry":{"type":"Polygon","coordinates":[[[126.70251,35.80332],[126.70169,35.79952],[126.70585,35.7975],[126.71083,35.79927],[126.71165,35.80308],[126.7075,35.8051],[126.70251,35.80332]]]}},{"type":"Feature","properties":{"h3":"8830c41961fffff","emd_code":"5280034000","emd_name":"계화면","area_km2":0.5254,"edge":false,"slope_mean":0.31,"elev_mean":1.1,"flood_hist_n":0,"flood_depth_max_m":null,"flood_risk_100y":null,"semi_basement_r":null,"elderly_alone_r":0.3302,"bldg_age30_r":null,"shelter_min_walk":122,"pop":2891,"hh":1805,"elderly65_r":0.5265,"single_hh_r":0.5845,"source_level":"emd","flood_years":[],"landslide_hist_n":0},"geometry":{"type":"Polygon","coordinates":[[[126.66682,35.78708],[126.666,35.78328],[126.67015,35.78126],[126.67513,35.78303],[126.67596,35.78684],[126.6718,35.78886],[126.66682,35.78708]]]}},{"type":"Feature","properties":{"h3":"8830c41963fffff","emd_code":"5280034000","emd_name":"계화면","area_km2":0.5255,"edge":false,"slope_mean":0.34,"elev_mean":1.7,"flood_hist_n":0,"flood_depth_max_m":null,"flood_risk_100y":null,"semi_basement_r":null,"elderly_alone_r":0.3302,"bldg_age30_r":null,"shelter_min_walk":114,"pop":2891,"hh":1805,"elderly65_r":0.5265,"single_hh_r":0.5845,"source_level":"emd","flood_years":[],"landslide_hist_n":0},"geometry":{"type":"Polygon","coordinates":[[[126.67596,35.78684],[126.67513,35.78303],[126.67929,35.78101],[126.68427,35.78279],[126.68509,35.78659],[126.68094,35.78861],[126.67596,35.78684]]]}},{"type":"Feature","properties":{"h3":"8830c41965fffff","emd_code":"5280034000","emd_name":"계화면","area_km2":0.5255,"edge":false,"slope_mean":0.27,"elev_mean":1.5,"flood_hist_n":0,"flood_depth_max_m":null,"flood_risk_100y":null,"semi_basement_r":null,"elderly_alone_r":0.3302,"bldg_age30_r":null,"shelter_min_walk":121,"pop":2891,"hh":1805,"elderly65_r":0.5265,"single_hh_r":0.5845,"source_level":"emd","flood_years":[],"landslide_hist_n":0},"geometry":{"type":"Polygon","coordinates":[[[126.66102,35.7815],[126.66019,35.7777],[126.66435,35.77567],[126.66933,35.77745],[126.67015,35.78126],[126.666,35.78328],[126.66102,35.7815]]]}},{"type":"Feature","properties":{"h3":"8830c41967fffff","emd_code":"5280034000","emd_name":"계화면","area_km2":0.5256,"edge":false,"slope_mean":0.27,"elev_mean":1.8,"flood_hist_n":0,"flood_depth_max_m":null,"flood_risk_100y":null,"semi_basement_r":null,"elderly_alone_r":0.3302,"bldg_age30_r":null,"shelter_min_walk":112,"pop":2891,"hh":1805,"elderly65_r":0.5265,"single_hh_r":0.5845,"source_level":"emd","flood_years":[],"landslide_hist_n":0},"geometry":{"type":"Polygon","coordinates":[[[126.67015,35.78126],[126.66933,35.77745],[126.67348,35.77543],[126.67846,35.77721],[126.67929,35.78101],[126.67513,35.78303],[126.67015,35.78126]]]}},{"type":"Feature","properties":{"h3":"8830c41969fffff","emd_code":"5280034000","emd_name":"계화면","area_km2":0.5253,"edge":false,"slope_mean":0.59,"elev_mean":0.5,"flood_hist_n":0,"flood_depth_max_m":null,"flood_risk_100y":null,"semi_basement_r":null,"elderly_alone_r":0.3302,"bldg_age30_r":null,"shelter_min_walk":132,"pop":2891,"hh":1805,"elderly65_r":0.5265,"single_hh_r":0.5845,"source_level":"emd","flood_years":[],"landslide_hist_n":0},"geometry":{"type":"Polygon","coordinates":[[[126.66349,35.79291],[126.66267,35.78911],[126.66682,35.78708],[126.6718,35.78886],[126.67263,35.79266],[126.66847,35.79469],[126.66349,35.79291]]]}},{"type":"Feature","properties":{"h3":"8830c4196bfffff","emd_code":"5280034000","emd_name":"계화면","area_km2":0.5254,"edge":false,"slope_mean":0.55,"elev_mean":1.1,"flood_hist_n":0,"flood_depth_max_m":null,"flood_risk_100y":null,"semi_basement_r":null,"elderly_alone_r":0.3302,"bldg_age30_r":null,"shelter_min_walk":124,"pop":2891,"hh":1805,"elderly65_r":0.5265,"single_hh_r":0.5845,"source_level":"emd","flood_years":[],"landslide_hist_n":0},"geometry":{"type":"Polygon","coordinates":[[[126.67263,35.79266],[126.6718,35.78886],[126.67596,35.78684],[126.68094,35.78861],[126.68176,35.79242],[126.67761,35.79444],[126.67263,35.79266]]]}},{"type":"Feature","properties":{"h3":"8830c4196dfffff","emd_code":"5280034000","emd_name":"계화면","area_km2":0.5254,"edge":false,"slope_mean":0.28,"elev_mean":0.9,"flood_hist_n":0,"flood_depth_max_m":null,"flood_risk_100y":null,"semi_basement_r":null,"elderly_alone_r":0.3302,"bldg_age30_r":null,"shelter_min_walk":131,"pop":2891,"hh":1805,"elderly65_r":0.5265,"single_hh_r":0.5845,"source_level":"emd","flood_years":[],"landslide_hist_n":0},"geometry":{"type":"Polygon","coordinates":[[[126.65769,35.78733],[126.65686,35.78353],[126.66102,35.7815],[126.666,35.78328],[126.66682,35.78708],[126.66267,35.78911],[126.65769,35.78733]]]}},{"type":"Feature","properties":{"h3":"8830c41985fffff","emd_code":"5280032000","emd_name":"동진면","area_km2":0.5259,"edge":false,"slope_mean":0.93,"elev_mean":2.6,"flood_hist_n":0,"flood_depth_max_m":null,"flood_risk_100y":null,"semi_basement_r":null,"elderly_alone_r":0.3557,"bldg_age30_r":null,"shelter_min_walk":89,"pop":2439,"hh":1563,"elderly65_r":0.5318,"single_hh_r":0.604,"source_level":"emd","flood_years":[],"landslide_hist_n":0},"geometry":{"type":"Polygon","coordinates":[[[126.74907,35.78484],[126.74824,35.78103],[126.7524,35.77901],[126.75738,35.78078],[126.75821,35.78458],[126.75405,35.78661],[126.74907,35.78484]]]}},{"type":"Feature","properties":{"h3":"8830c4198dfffff","emd_code":"5280032000","emd_name":"동진면","area_km2":0.5258,"edge":true,"slope_mean":0.43,"elev_mean":0.9,"flood_hist_n":0,"flood_depth_max_m":null,"flood_risk_100y":null,"semi_basement_r":null,"elderly_alone_r":0.3557,"bldg_age30_r":null,"shelter_min_walk":97,"pop":2439,"hh":1563,"elderly65_r":0.5318,"single_hh_r":0.604,"source_level":"emd","flood_years":[],"landslide_hist_n":0},"geometry":{"type":"Polygon","coordinates":[[[126.74574,35.79067],[126.74491,35.78686],[126.74907,35.78484],[126.75405,35.78661],[126.75488,35.79042],[126.75072,35.79244],[126.74574,35.79067]]]}},{"type":"Feature","properties":{"h3":"8830c419a1fffff","emd_code":"5280032000","emd_name":"동진면","area_km2":0.5261,"edge":false,"slope_mean":0.35,"elev_mean":4.1,"flood_hist_n":0,"flood_depth_max_m":null,"flood_risk_100y":null,"semi_basement_r":null,"elderly_alone_r":0.3557,"bldg_age30_r":null,"shelter_min_walk":70,"pop":2439,"hh":1563,"elderly65_r":0.5318,"single_hh_r":0.604,"source_level":"emd","flood_years":[],"landslide_hist_n":0},"geometry":{"type":"Polygon","coordinates":[[[126.74659,35.77343],[126.74576,35.76962],[126.74992,35.76759],[126.75491,35.76937],[126.75573,35.77317],[126.75157,35.7752],[126.74659,35.77343]]]}},{"type":"Feature","properties":{"h3":"8830c419a3fffff","emd_code":"5280032000","emd_name":"동진면","area_km2":0.5261,"edge":false,"slope_mean":0.54,"elev_mean":3.8,"flood_hist_n":0,"flood_depth_max_m":null,"flood_risk_100y":null,"semi_basement_r":null,"elderly_alone_r":0.3557,"bldg_age30_r":null,"shelter_min_walk":75,"pop":2439,"hh":1563,"elderly65_r":0.5318,"single_hh_r":0.604,"source_level":"emd","flood_years":[],"landslide_hist_n":0},"geometry":{"type":"Polygon","coordinates":[[[126.75573,35.77317],[126.75491,35.76937],[126.75906,35.76734],[126.76405,35.76912],[126.76487,35.77292],[126.76072,35.77495],[126.75573,35.77317]]]}},{"type":"Feature","properties":{"h3":"8830c419a5fffff","emd_code":"5280032000","emd_name":"동진면","area_km2":0.5261,"edge":false,"slope_mean":1.0,"elev_mean":5.1,"flood_hist_n":0,"flood_depth_max_m":null,"flood_risk_100y":null,"semi_basement_r":null,"elderly_alone_r":0.3557,"bldg_age30_r":null,"shelter_min_walk":59,"pop":2439,"hh":1563,"elderly65_r":0.5318,"single_hh_r":0.604,"source_level":"emd","flood_years":[],"landslide_hist_n":0},"geometry":{"type":"Polygon","coordinates":[[[126.74078,35.76785],[126.73996,35.76404],[126.74411,35.76201],[126.7491,35.76379],[126.74992,35.76759],[126.74576,35.76962],[126.74078,35.76785]]]}},{"type":"Feature","properties":{"h3":"8830c419a7fffff","emd_code":"5280032000","emd_name":"동진면","area_km2":0.5262,"edge":false,"slope_mean":0.38,"elev_mean":4.2,"flood_hist_n":0,"flood_depth_max_m":null,"flood_risk_100y":null,"semi_basement_r":null,"elderly_alone_r":0.3557,"bldg_age30_r":null,"shelter_min_walk":63,"pop":2439,"hh":1563,"elderly65_r":0.5318,"single_hh_r":0.604,"source_level":"emd","flood_years":[],"landslide_hist_n":0},"geometry":{"type":"Polygon","coordinates":[[[126.74992,35.76759],[126.7491,35.76379],[126.75325,35.76176],[126.75824,35.76354],[126.75906,35.76734],[126.75491,35.76937],[126.74992,35.76759]]]}},{"type":"Feature","properties":{"h3":"8830c419a9fffff","emd_code":"5280032000","emd_name":"동진면","area_km2":0.526,"edge":false,"slope_mean":1.01,"elev_mean":4.8,"flood_hist_n":0,"flood_depth_max_m":null,"flood_risk_100y":null,"semi_basement_r":null,"elderly_alone_r":0.3557,"bldg_age30_r":null,"shelter_min_walk":78,"pop":2439,"hh":1563,"elderly65_r":0.5318,"single_hh_r":0.604,"source_level":"emd","flood_years":[],"landslide_hist_n":0},"geometry":{"type":"Polygon","coordinates":[[[126.74326,35.77926],[126.74243,35.77546],[126.74659,35.77343],[126.75157,35.7752],[126.7524,35.77901],[126.74824,35.78103],[126.74326,35.77926]]]}},{"type":"Feature","properties":{"h3":"8830c419abfffff","emd_code":"5280032000","emd_name":"동진면","area_km2":0.526,"edge":false,"slope_mean":0.53,"elev_mean":3.5,"flood_hist_n":0,"flood_depth_max_m":null,"flood_risk_100y":null,"semi_basement_r":null,"elderly_alone_r":0.3557,"bldg_age30_r":null,"shelter_min_walk":81,"pop":2439,"hh":1563,"elderly65_r":0.5318,"single_hh_r":0.604,"source_level":"emd","flood_years":[],"landslide_hist_n":0},"geometry":{"type":"Polygon","coordinates":[[[126.7524,35.77901],[126.75157,35.7752],[126.75573,35.77317],[126.76072,35.77495],[126.76154,35.77875],[126.75738,35.78078],[126.7524,35.77901]]]}},{"type":"Feature","properties":{"h3":"8830c419adfffff","emd_code":"5280032000","emd_name":"동진면","area_km2":0.526,"edge":false,"slope_mean":1.85,"elev_mean":6.1,"flood_hist_n":0,"flood_depth_max_m":null,"flood_risk_100y":null,"semi_basement_r":null,"elderly_alone_r":0.3557,"bldg_age30_r":null,"shelter_min_walk":67,"pop":2439,"hh":1563,"elderly65_r":0.5318,"single_hh_r":0.604,"source_level":"emd","flood_years":[],"landslide_hist_n":0},"geometry":{"type":"Polygon","coordinates":[[[126.73745,35.77368],[126.73662,35.76988],[126.74078,35.76785],[126.74576,35.76962],[126.74659,35.77343],[126.74243,35.77546],[126.73745,35.77368]]]}},{"type":"Feature","properties":{"h3":"8830c419b5fffff","emd_code":"5280032000","emd_name":"동진면","area_km2":0.5262,"edge":false,"slope_mean":0.63,"elev_mean":2.8,"flood_hist_n":0,"flood_depth_max_m":null,"flood_risk_100y":null,"semi_basement_r":null,"elderly_alone_r":0.3557,"bldg_age30_r":null,"shelter_min_walk":81,"pop":2439,"hh":1563,"elderly65_r":0.5318,"single_hh_r":0.604,"source_level":"emd","flood_years":[],"landslide_hist_n":0},"geometry":{"type":"Polygon","coordinates":[[[126.76487,35.77292],[126.76405,35.76912],[126.7682,35.76709],[126.77319,35.76886],[126.77401,35.77267],[126.76986,35.77469],[126.76487,35.77292]]]}},{"type":"Feature","properties":{"h3":"8830c419bdfffff","emd_code":"5280032000","emd_name":"동진면","area_km2":0.5261,"edge":true,"slope_mean":0.91,"elev_mean":1.9,"flood_hist_n":0,"flood_depth_max_m":null,"flood_risk_100y":null,"semi_basement_r":null,"elderly_alone_r":0.3557,"bldg_age30_r":null,"shelter_min_walk":87,"pop":2439,"hh":1563,"elderly65_r":0.5318,"single_hh_r":0.604,"source_level":"emd","flood_years":[],"landslide_hist_n":0},"geometry":{"type":"Polygon","coordinates":[[[126.76154,35.77875],[126.76072,35.77495],[126.76487,35.77292],[126.76986,35.77469],[126.77068,35.7785],[126.76652,35.78053],[126.76154,35.77875]]]}},{"type":"Feature","properties":{"h3":"8830c419e1fffff","emd_code":"5280032000","emd_name":"동진면","area_km2":0.5258,"edge":false,"slope_mean":0.35,"elev_mean":3.4,"flood_hist_n":0,"flood_depth_max_m":null,"flood_risk_100y":null,"semi_basement_r":null,"elderly_alone_r":0.3557,"bldg_age30_r":null,"shelter_min_walk":86,"pop":2439,"hh":1563,"elderly65_r":0.5318,"single_hh_r":0.604,"source_level":"emd","flood_years":[],"landslide_hist_n":0},"geometry":{"type":"Polygon","coordinates":[[[126.73079,35.78534],[126.72996,35.78154],[126.73412,35.77951],[126.7391,35.78129],[126.73993,35.78509],[126.73577,35.78712],[126.73079,35.78534]]]}},{"type":"Feature","properties":{"h3":"8830c419e3fffff","emd_code":"5280032000","emd_name":"동진면","area_km2":0.5258,"edge":false,"slope_mean":1.21,"elev_mean":4.7,"flood_hist_n":0,"flood_depth_max_m":null,"flood_risk_100y":null,"semi_basement_r":null,"elderly_alone_r":0.3557,"bldg_age30_r":null,"shelter_min_walk":86,"pop":2439,"hh":1563,"elderly65_r":0.5318,"single_hh_r":0.604,"source_level":"emd","flood_years":[],"landslide_hist_n":0},"geometry":{"type":"Polygon","coordinates":[[[126.73993,35.78509],[126.7391,35.78129],[126.74326,35.77926],[126.74824,35.78103],[126.74907,35.78484],[126.74491,35.78686],[126.73993,35.78509]]]}},{"type":"Feature","properties":{"h3":"8830c419e5fffff","emd_code":"5280032000","emd_name":"동진면","area_km2":0.5259,"edge":false,"slope_mean":1.1,"elev_mean":4.9,"flood_hist_n":0,"flood_depth_max_m":null,"flood_risk_100y":null,"semi_basement_r":null,"elderly_alone_r":0.3557,"bldg_age30_r":null,"shelter_min_walk":77,"pop":2439,"hh":1563,"elderly65_r":0.5318,"single_hh_r":0.604,"source_level":"emd","flood_years":[],"landslide_hist_n":0},"geometry":{"type":"Polygon","coordinates":[[[126.72498,35.77976],[126.72415,35.77596],[126.72831,35.77393],[126.73329,35.77571],[126.73412,35.77951],[126.72996,35.78154],[126.72498,35.77976]]]}},{"type":"Feature","properties":{"h3":"8830c419e7fffff","emd_code":"5280032000","emd_name":"동진면","area_km2":0.5259,"edge":false,"slope_mean":1.06,"elev_mean":5.1,"flood_hist_n":0,"flood_depth_max_m":null,"flood_risk_100y":null,"semi_basement_r":null,"elderly_alone_r":0.3557,"bldg_age30_r":null,"shelter_min_walk":76,"pop":2439,"hh":1563,"elderly65_r":0.5318,"single_hh_r":0.604,"source_level":"emd","flood_years":[],"landslide_hist_n":0},"geometry":{"type":"Polygon","coordinates":[[[126.73412,35.77951],[126.73329,35.77571],[126.73745,35.77368],[126.74243,35.77546],[126.74326,35.77926],[126.7391,35.78129],[126.73412,35.77951]]]}},{"type":"Feature","properties":{"h3":"8830c419e9fffff","emd_code":"5280032000","emd_name":"동진면","area_km2":0.5257,"edge":false,"slope_mean":0.43,"elev_mean":2.7,"flood_hist_n":0,"flood_depth_max_m":null,"flood_risk_100y":null,"semi_basement_r":null,"elderly_alone_r":0.3557,"bldg_age30_r":null,"shelter_min_walk":95,"pop":2439,"hh":1563,"elderly65_r":0.5318,"single_hh_r":0.604,"source_level":"emd","flood_years":[],"landslide_hist_n":0},"geometry":{"type":"Polygon","coordinates":[[[126.72746,35.79117],[126.72663,35.78737],[126.73079,35.78534],[126.73577,35.78712],[126.7366,35.79092],[126.73244,35.79295],[126.72746,35.79117]]]}},{"type":"Feature","properties":{"h3":"8830c419ebfffff","emd_code":"5280032000","emd_name":"동진면","area_km2":0.5257,"edge":true,"slope_mean":0.54,"elev_mean":2.2,"flood_hist_n":0,"flood_depth_max_m":null,"flood_risk_100y":null,"semi_basement_r":null,"elderly_alone_r":0.3557,"bldg_age30_r":null,"shelter_min_walk":95,"pop":2439,"hh":1563,"elderly65_r":0.5318,"single_hh_r":0.604,"source_level":"emd","flood_years":[],"landslide_hist_n":0},"geometry":{"type":"Polygon","coordinates":[[[126.7366,35.79092],[126.73577,35.78712],[126.73993,35.78509],[126.74491,35.78686],[126.74574,35.79067],[126.74158,35.79269],[126.7366,35.79092]]]}},{"type":"Feature","properties":{"h3":"8830c419edfffff","emd_code":"5280034000","emd_name":"계화면","area_km2":0.5257,"edge":false,"slope_mean":0.32,"elev_mean":2.8,"flood_hist_n":0,"flood_depth_max_m":null,"flood_risk_100y":null,"semi_basement_r":null,"elderly_alone_r":0.3302,"bldg_age30_r":null,"shelter_min_walk":87,"pop":2891,"hh":1805,"elderly65_r":0.5265,"single_hh_r":0.5845,"source_level":"emd","flood_years":[],"landslide_hist_n":0},"geometry":{"type":"Polygon","coordinates":[[[126.72165,35.78559],[126.72082,35.78179],[126.72498,35.77976],[126.72996,35.78154],[126.73079,35.78534],[126.72663,35.78737],[126.72165,35.78559]]]}},{"type":"Feature","properties":{"h3":"8830c44001fffff","emd_code":"5280037000","emd_name":"진서면","area_km2":0.5284,"edge":false,"slope_mean":1.75,"elev_mean":3.3,"flood_hist_n":0,"flood_depth_max_m":null,"flood_risk_100y":null,"semi_basement_r":null,"elderly_alone_r":0.3392,"bldg_age30_r":null,"shelter_min_walk":174,"pop":2054,"hh":1297,"elderly65_r":0.5005,"single_hh_r":0.5883,"source_level":"emd","flood_years":[],"landslide_hist_n":0},"geometry":{"type":"Polygon","coordinates":[[[126.61566,35.59304],[126.61483,35.58922],[126.61899,35.58719],[126.62396,35.58897],[126.62479,35.59279],[126.62063,35.59482],[126.61566,35.59304]]]}},{"type":"Feature","properties":{"h3":"8830c44003fffff","emd_code":"5280035000","emd_name":"보안면","area_km2":0.5284,"edge":true,"slope_mean":0.6,"elev_mean":2.3,"flood_hist_n":0,"flood_depth_max_m":null,"flood_risk_100y":null,"semi_basement_r":null,"elderly_alone_r":0.374,"bldg_age30_r":null,"shelter_min_walk":183,"pop":2133,"hh":1401,"elderly65_r":0.5692,"single_hh_r":0.6124,"source_level":"emd","flood_years":[],"landslide_hist_n":0},"geometry":{"type":"Polygon","coordinates":[[[126.62479,35.59279],[126.62396,35.58897],[126.62811,35.58694],[126.63309,35.58872],[126.63392,35.59254],[126.62976,35.59457],[126.62479,35.59279]]]}},{"type":"Feature","properties":{"h3":"8830c44005fffff","emd_code":"5280037000","emd_name":"진서면","area_km2":0.5284,"edge":true,"slope_mean":0.85,"elev_mean":1.7,"flood_hist_n":0,"flood_depth_max_m":null,"flood_risk_100y":null,"semi_basement_r":null,"elderly_alone_r":0.3392,"bldg_age30_r":null,"shelter_min_walk":175,"pop":2054,"hh":1297,"elderly65_r":0.5005,"single_hh_r":0.5883,"source_level":"emd","flood_years":[],"landslide_hist_n":0},"geometry":{"type":"Polygon","coordinates":[[[126.60986,35.58744],[126.60903,35.58362],[126.61319,35.58159],[126.61816,35.58337],[126.61899,35.58719],[126.61483,35.58922],[126.60986,35.58744]]]}},{"type":"Feature","properties":{"h3":"8830c44007fffff","emd_code":"5280037000","emd_name":"진서면","area_km2":0.5285,"edge":true,"slope_mean":0.38,"elev_mean":0.5,"flood_hist_n":0,"flood_depth_max_m":null,"flood_risk_100y":null,"semi_basement_r":null,"elderly_alone_r":0.3392,"bldg_age30_r":null,"shelter_min_walk":184,"pop":2054,"hh":1297,"elderly65_r":0.5005,"single_hh_r":0.5883,"source_level":"emd","flood_years":[],"landslide_hist_n":0},"geometry":{"type":"Polygon","coordinates":[[[126.61899,35.58719],[126.61816,35.58337],[126.62231,35.58134],[126.62729,35.58312],[126.62811,35.58694],[126.62396,35.58897],[126.61899,35.58719]]]}},{"type":"Feature","properties":{"h3":"8830c44009fffff","emd_code":"5280037000","emd_name":"진서면","area_km2":0.5283,"edge":false,"slope_mean":2.44,"elev_mean":4.2,"flood_hist_n":0,"flood_depth_max_m":null,"flood_risk_100y":null,"semi_basement_r":null,"elderly_alone_r":0.3392,"bldg_age30_r":null,"shelter_min_walk":164,"pop":2054,"hh":1297,"elderly65_r":0.5005,"single_hh_r":0.5883,"source_level":"emd","flood_years":[],"landslide_hist_n":0},"geometry":{"type":"Polygon","coordinates":[[[126.61233,35.59889],[126.6115,35.59507],[126.61566,35.59304],[126.62063,35.59482],[126.62146,35.59864],[126.6173,35.60067],[126.61233,35.59889]]]}},{"type":"Feature","properties":{"h3":"8830c4400bfffff","emd_code":"5280037000","emd_name":"진서면","area_km2":0.5283,"edge":false,"slope_mean":7.65,"elev_mean":18.0,"flood_hist_n":0,"flood_depth_max_m":null,"flood_risk_100y":null,"semi_basement_r":null,"elderly_alone_r":0.3392,"bldg_age30_r":null,"shelter_min_walk":173,"pop":2054,"hh":1297,"elderly65_r":0.5005,"single_hh_r":0.5883,"source_level":"emd","flood_years":[],"landslide_hist_n":0},"geometry":{"type":"Polygon","coordinates":[[[126.62146,35.59864],[126.62063,35.59482],[126.62479,35.59279],[126.62976,35.59457],[126.63059,35.59839],[126.62643,35.60042],[126.62146,35.59864]]]}},{"type":"Feature","properties":{"h3":"8830c4400dfffff","emd_code":"5280037000","emd_name":"진서면","area_km2":0.5283,"edge":false,"slope_mean":3.15,"elev_mean":5.9,"flood_hist_n":1,"flood_depth_max_m":0.968,"flood_risk_100y":null,"semi_basement_r":null,"elderly_alone_r":0.3392,"bldg_age30_r":null,"shelter_min_walk":165,"pop":2054,"hh":1297,"elderly65_r":0.5005,"single_hh_r":0.5883,"source_level":"emd","flood_years":[2013],"landslide_hist_n":0},"geometry":{"type":"Polygon","coordinates":[[[126.60653,35.59329],[126.6057,35.58947],[126.60986,35.58744],[126.61483,35.58922],[126.61566,35.59304],[126.6115,35.59507],[126.60653,35.59329]]]}},{"type":"Feature","properties":{"h3":"8830c44011fffff","emd_code":"5280035000","emd_name":"보안면","area_km2":0.5284,"edge":false,"slope_mean":1.08,"elev_mean":2.9,"flood_hist_n":0,"flood_depth_max_m":null,"flood_risk_100y":null,"semi_basement_r":null,"elderly_alone_r":0.374,"bldg_age30_r":null,"shelter_min_walk":193,"pop":2133,"hh":1401,"elderly65_r":0.5692,"single_hh_r":0.6124,"source_level":"emd","flood_years":[],"landslide_hist_n":0},"geometry":{"type":"Polygon","coordinates":[[[126.63972,35.59814],[126.63889,35.59432],[126.64305,35.59229],[126.64802,35.59407],[126.64885,35.59789],[126.64469,35.59992],[126.63972,35.59814]]]}},{"type":"Feature","properties":{"h3":"8830c44013fffff","emd_code":"5280035000","emd_name":"보안면","area_km2":0.5285,"edge":false,"slope_mean":1.55,"elev_mean":3.5,"flood_hist_n":0,"flood_depth_max_m":null,"flood_risk_100y":null,"semi_basement_r":null,"elderly_alone_r":0.374,"bldg_age30_r":null,"shelter_min_walk":203,"pop":2133,"hh":1401,"elderly65_r":0.5692,"single_hh_r":0.6124,"source_level":"emd","flood_years":[],"landslide_hist_n":0},"geometry":{"type":"Polygon","coordinates":[[[126.64885,35.59789],[126.64802,35.59407],[126.65218,35.59204],[126.65716,35.59382],[126.65798,35.59764],[126.65383,35.59967],[126.64885,35.59789]]]}},{"type":"Feature","properties":{"h3":"8830c44015fffff","emd_code":"5280035000","emd_name":"보안면","area_km2":0.5285,"edge":true,"slope_mean":0.76,"elev_mean":2.3,"flood_hist_n":0,"flood_depth_max_m":null,"flood_risk_100y":null,"semi_basement_r":null,"elderly_alone_r":0.374,"bldg_age30_r":null,"shelter_min_walk":192,"pop":2133,"hh":1401,"elderly65_r":0.5692,"single_hh_r":0.6124,"source_level":"emd","flood_years":[],"landslide_hist_n":0},"geometry":{"type":"Polygon","coordinates":[[[126.63392,35.59254],[126.63309,35.58872],[126.63725,35.58669],[126.64222,35.58847],[126.64305,35.59229],[126.63889,35.59432],[126.63392,35.59254]]]}},{"type":"Feature","properties":{"h3":"8830c44017fffff","emd_code":"5280035000","emd_name":"보안면","area_km2":0.5285,"edge":true,"slope_mean":0.75,"elev_mean":2.5,"flood_hist_n":0,"flood_depth_max_m":null,"flood_risk_100y":null,"semi_basement_r":null,"elderly_alone_r":0.374,"bldg_age30_r":null,"shelter_min_walk":202,"pop":2133,"hh":1401,"elderly65_r":0.5692,"single_hh_r":0.6124,"source_level":"emd","flood_years":[],"landslide_hist_n":0},"geometry":{"type":"Polygon","coordinates":[[[126.64305,35.59229],[126.64222,35.58847],[126.64638,35.58644],[126.65135,35.58822],[126.65218,35.59204],[126.64802,35.59407],[126.64305,35.59229]]]}},{"type":"Feature","properties":{"h3":"8830c44019fffff","emd_code":"5280035000","emd_name":"보안면","area_km2":0.5283,"edge":false,"slope_mean":1.27,"elev_mean":5.0,"flood_hist_n":0,"flood_depth_max_m":null,"flood_risk_100y":null,"semi_basement_r":null,"elderly_alone_r":0.374,"bldg_age30_r":null,"shelter_min_walk":184,"pop":2133,"hh":1401,"elderly65_r":0.5692,"single_hh_r":0.6124,"source_level":"emd","flood_years":[],"landslide_hist_n":0},"geometry":{"type":"Polygon","coordinates":[[[126.63639,35.60399],[126.63556,35.60017],[126.63972,35.59814],[126.64469,35.59992],[126.64552,35.60374],[126.64137,35.60577],[126.63639,35.60399]]]}},{"type":"Feature","properties":{"h3":"8830c4401bfffff","emd_code":"5280035000","emd_name":"보안면","area_km2":0.5284,"edge":false,"slope_mean":3.28,"elev_mean":7.2,"flood_hist_n":0,"flood_depth_max_m":null,"flood_risk_100y":null,"semi_basement_r":null,"elderly_alone_r":0.374,"bldg_age30_r":null,"shelter_min_walk":194,"pop":2133,"hh":1401,"elderly65_r":0.5692,"single_hh_r":0.6124,"source_level":"emd","flood_years":[],"landslide_hist_n":0},"geometry":{"type":"Polygon","coordinates":[[[126.64552,35.60374],[126.64469,35.59992],[126.64885,35.59789],[126.65383,35.59967],[126.65465,35.60349],[126.6505,35.60552],[126.64552,35.60374]]]}},{"type":"Feature","properties":{"h3":"8830c4401dfffff","emd_code":"5280035000","emd_name":"보안면","area_km2":0.5284,"edge":false,"slope_mean":0.67,"elev_mean":2.7,"flood_hist_n":0,"flood_depth_max_m":null,"flood_risk_100y":null,"semi_basement_r":null,"elderly_alone_r":0.374,"bldg_age30_r":null,"shelter_min_walk":183,"pop":2133,"hh":1401,"elderly65_r":0.5692,"single_hh_r":0.6124,"source_level":"emd","flood_years":[],"landslide_hist_n":0},"geometry":{"type":"Polygon","coordinates":[[[126.63059,35.59839],[126.62976,35.59457],[126.63392,35.59254],[126.63889,35.59432],[126.63972,35.59814],[126.63556,35.60017],[126.63059,35.59839]]]}},{"type":"Feature","properties":{"h3":"8830c44041fffff","emd_code":"5280037000","emd_name":"진서면","area_km2":0.5281,"edge":false,"slope_mean":12.99,"elev_mean":47.5,"flood_hist_n":0,"flood_depth_max_m":null,"flood_risk_100y":null,"semi_basement_r":null,"elderly_alone_r":0.3392,"bldg_age30_r":null,"shelter_min_walk":144,"pop":2054,"hh":1297,"elderly65_r":0.5005,"single_hh_r":0.5883,"source_level":"emd","flood_years":[],"landslide_hist_n":0},"geometry":{"type":"Polygon","coordinates":[[[126.59987,35.60499],[126.59905,35.60117],[126.6032,35.59914],[126.60817,35.60092],[126.609,35.60474],[126.60484,35.60677],[126.59987,35.60499]]]}},{"type":"Feature","properties":{"h3":"8830c44043fffff","emd_code":"5280037000","emd_name":"진서면","area_km2":0.5282,"edge":false,"slope_mean":1.8,"elev_mean":9.9,"flood_hist_n":0,"flood_depth_max_m":null,"flood_risk_100y":null,"semi_basement_r":null,"elderly_alone_r":0.3392,"bldg_age30_r":null,"shelter_min_walk":154,"pop":2054,"hh":1297,"elderly65_r":0.5005,"single_hh_r":0.5883,"source_level":"emd","flood_years":[],"landslide_hist_n":0},"geometry":{"type":"Polygon","coordinates":[[[126.609,35.60474],[126.60817,35.60092],[126.61233,35.59889],[126.6173,35.60067],[126.61813,35.60449],[126.61397,35.60652],[126.609,35.60474]]]}},{"type":"Feature","properties":{"h3":"8830c44045fffff","emd_code":"5280037000","emd_name":"진서면","area_km2":0.5282,"edge":false,"slope_mean":13.16,"elev_mean":49.0,"flood_hist_n":0,"flood_depth_max_m":null,"flood_risk_100y":null,"semi_basement_r":null,"elderly_alone_r":0.3392,"bldg_age30_r":null,"shelter_min_walk":146,"pop":2054,"hh":1297,"elderly65_r":0.5005,"single_hh_r":0.5883,"source_level":"emd","flood_years":[],"landslide_hist_n":0},"geometry":{"type":"Polygon","coordinates":[[[126.59407,35.59938],[126.59325,35.59557],[126.5974,35.59354],[126.60237,35.59532],[126.6032,35.59914],[126.59905,35.60117],[126.59407,35.59938]]]}},{"type":"Feature","properties":{"h3":"8830c44047fffff","emd_code":"5280037000","emd_name":"진서면","area_km2":0.5282,"edge":false,"slope_mean":2.78,"elev_mean":7.0,"flood_hist_n":0,"flood_depth_max_m":null,"flood_risk_100y":null,"semi_basement_r":null,"elderly_alone_r":0.3392,"bldg_age30_r":null,"shelter_min_walk":155,"pop":2054,"hh":1297,"elderly65_r":0.5005,"single_hh_r":0.5883,"source_level":"emd","flood_years":[],"landslide_hist_n":0},"geometry":{"type":"Polygon","coordinates":[[[126.6032,35.59914],[126.60237,35.59532],[126.60653,35.59329],[126.6115,35.59507],[126.61233,35.59889],[126.60817,35.60092],[126.6032,35.59914]]]}},{"type":"Feature","properties":{"h3":"8830c44049fffff","emd_code":"5280037000","emd_name":"진서면","area_km2":0.528,"edge":false,"slope_mean":17.56,"elev_mean":85.2,"flood_hist_n":0,"flood_depth_max_m":null,"flood_risk_100y":null,"semi_basement_r":null,"elderly_alone_r":0.3392,"bldg_age30_r":null,"shelter_min_walk":135,"pop":2054,"hh":1297,"elderly65_r":0.5005,"single_hh_r":0.5883,"source_level":"emd","flood_years":[],"landslide_hist_n":0},"geometry":{"type":"Polygon","coordinates":[[[126.59654,35.61083],[126.59572,35.60702],[126.59987,35.60499],[126.60484,35.60677],[126.60567,35.61059],[126.60152,35.61262],[126.59654,35.61083]]]}},{"type":"Feature","properties":{"h3":"8830c4404bfffff","emd_code":"5280037000","emd_name":"진서면","area_km2":0.528,"edge":false,"slope_mean":13.31,"elev_mean":60.9,"flood_hist_n":0,"flood_depth_max_m":null,"flood_risk_100y":null,"semi_basement_r":null,"elderly_alone_r":0.3392,"bldg_age30_r":null,"shelter_min_walk":144,"pop":2054,"hh":1297,"elderly65_r":0.5005,"single_hh_r":0.5883,"source_level":"emd","flood_years":[],"landslide_hist_n":0},"geometry":{"type":"Polygon","coordinates":[[[126.60567,35.61059],[126.60484,35.60677],[126.609,35.60474],[126.61397,35.60652],[126.6148,35.61034],[126.61064,35.61237],[126.60567,35.61059]]]}},{"type":"Feature","properties":{"h3":"8830c4404dfffff","emd_code":"5280037000","emd_name":"진서면","area_km2":0.5281,"edge":false,"slope_mean":17.34,"elev_mean":86.6,"flood_hist_n":0,"flood_depth_max_m":null,"flood_risk_100y":null,"semi_basement_r":null,"elderly_alone_r":0.3392,"bldg_age30_r":null,"shelter_min_walk":136,"pop":2054,"hh":1297,"elderly65_r":0.5005,"single_hh_r":0.5883,"source_level":"emd","flood_years":[],"landslide_hist_n":0},"geometry":{"type":"Polygon","coordinates":[[[126.59074,35.60523],[126.58992,35.60142],[126.59407,35.59938],[126.59905,35.60117],[126.59987,35.60499],[126.59572,35.60702],[126.59074,35.60523]]]}},{"type":"Feature","properties":{"h3":"8830c44051fffff","emd_code":"5280037000","emd_name":"진서면","area_km2":0.5281,"edge":false,"slope_mean":13.14,"elev_mean":49.9,"flood_hist_n":0,"flood_depth_max_m":null,"flood_risk_100y":null,"semi_basement_r":null,"elderly_alone_r":0.3392,"bldg_age30_r":null,"shelter_min_walk":164,"pop":2054,"hh":1297,"elderly65_r":0.5005,"single_hh_r":0.5883,"source_level":"emd","flood_years":[],"landslide_hist_n":0},"geometry":{"type":"Polygon","coordinates":[[[126.62393,35.61009],[126.6231,35.60627],[126.62726,35.60424],[126.63223,35.60602],[126.63306,35.60984],[126.6289,35.61187],[126.62393,35.61009]]]}},{"type":"Feature","properties":{"h3":"8830c44053fffff","emd_code":"5280035000","emd_name":"보안면","area_km2":0.5282,"edge":false,"slope_mean":7.92,"elev_mean":24.5,"flood_hist_n":0,"flood_depth_max_m":null,"flood_risk_100y":null,"semi_basement_r":null,"elderly_alone_r":0.374,"bldg_age30_r":null,"shelter_min_walk":175,"pop":2133,"hh":1401,"elderly65_r":0.5692,"single_hh_r":0.6124,"source_level":"emd","flood_years":[],"landslide_hist_n":0},"geometry":{"type":"Polygon","coordinates":[[[126.63306,35.60984],[126.63223,35.60602],[126.63639,35.60399],[126.64137,35.60577],[126.64219,35.60959],[126.63804,35.61162],[126.63306,35.60984]]]}},{"type":"Feature","properties":{"h3":"8830c44055fffff","emd_code":"5280037000","emd_name":"진서면","area_km2":0.5282,"edge":false,"slope_mean":6.61,"elev_mean":19.6,"flood_hist_n":0,"flood_depth_max_m":null,"flood_risk_100y":null,"semi_basement_r":null,"elderly_alone_r":0.3392,"bldg_age30_r":null,"shelter_min_walk":163,"pop":2054,"hh":1297,"elderly65_r":0.5005,"single_hh_r":0.5883,"source_level":"emd","flood_years":[],"landslide_hist_n":0},"geometry":{"type":"Polygon","coordinates":[[[126.61813,35.60449],[126.6173,35.60067],[126.62146,35.59864],[126.62643,35.60042],[126.62726,35.60424],[126.6231,35.60627],[126.61813,35.60449]]]}},{"type":"Feature","properties":{"h3":"8830c44057fffff","emd_code":"5280035000","emd_name":"보안면","area_km2":0.5283,"edge":false,"slope_mean":9.41,"elev_mean":28.0,"flood_hist_n":0,"flood_depth_max_m":null,"flood_risk_100y":null,"semi_basement_r":null,"elderly_alone_r":0.374,"bldg_age30_r":null,"shelter_min_walk":173,"pop":2133,"hh":1401,"elderly65_r":0.5692,"single_hh_r":0.6124,"source_level":"emd","flood_years":[],"landslide_hist_n":0},"geometry":{"type":"Polygon","coordinates":[[[126.62726,35.60424],[126.62643,35.60042],[126.63059,35.59839],[126.63556,35.60017],[126.63639,35.60399],[126.63223,35.60602],[126.62726,35.60424]]]}},{"type":"Feature","properties":{"h3":"8830c44059fffff","emd_code":"5280035000","emd_name":"보안면","area_km2":0.528,"edge":false,"slope_mean":22.31,"elev_mean":127.8,"flood_hist_n":0,"flood_depth_max_m":null,"flood_risk_100y":null,"semi_basement_r":null,"elderly_alone_r":0.374,"bldg_age30_r":null,"shelter_min_walk":155,"pop":2133,"hh":1401,"elderly65_r":0.5692,"single_hh_r":0.6124,"source_level":"emd","flood_years":[],"landslide_hist_n":0},"geometry":{"type":"Polygon","coordinates":[[[126.6206,35.61594],[126.61977,35.61212],[126.62393,35.61009],[126.6289,35.61187],[126.62973,35.61569],[126.62558,35.61772],[126.6206,35.61594]]]}},{"type":"Feature","properties":{"h3":"8830c4405bfffff","emd_code":"5280035000","emd_name":"보안면","area_km2":0.5281,"edge":false,"slope_mean":4.42,"elev_mean":26.9,"flood_hist_n":0,"flood_depth_max_m":null,"flood_risk_100y":null,"semi_basement_r":null,"elderly_alone_r":0.374,"bldg_age30_r":null,"shelter_min_walk":166,"pop":2133,"hh":1401,"elderly65_r":0.5692,"single_hh_r":0.6124,"source_level":"emd","flood_years":[],"landslide_hist_n":0},"geometry":{"type":"Polygon","coordinates":[[[126.62973,35.61569],[126.6289,35.61187],[126.63306,35.60984],[126.63804,35.61162],[126.63886,35.61544],[126.63471,35.61747],[126.62973,35.61569]]]}},{"type":"Feature","properties":{"h3":"8830c4405dfffff","emd_code":"5280037000","emd_name":"진서면","area_km2":0.5281,"edge":false,"slope_mean":11.93,"elev_mean":48.1,"flood_hist_n":0,"flood_depth_max_m":null,"flood_risk_100y":null,"semi_basement_r":null,"elderly_alone_r":0.3392,"bldg_age30_r":null,"shelter_min_walk":154,"pop":2054,"hh":1297,"elderly65_r":0.5005,"single_hh_r":0.5883,"source_level":"emd","flood_years":[],"landslide_hist_n":0},"geometry":{"type":"Polygon","coordinates":[[[126.6148,35.61034],[126.61397,35.60652],[126.61813,35.60449],[126.6231,35.60627],[126.62393,35.61009],[126.61977,35.61212],[126.6148,35.61034]]]}},{"type":"Feature","properties":{"h3":"8830c44061fffff","emd_code":"5280037000","emd_name":"진서면","area_km2":0.5283,"edge":true,"slope_mean":0.25,"elev_mean":0.5,"flood_hist_n":0,"flood_depth_max_m":null,"flood_risk_100y":null,"semi_basement_r":null,"elderly_alone_r":0.3392,"bldg_age30_r":null,"shelter_min_walk":159,"pop":2054,"hh":1297,"elderly65_r":0.5005,"single_hh_r":0.5883,"source_level":"emd","flood_years":[],"landslide_hist_n":0},"geometry":{"type":"Polygon","coordinates":[[[126.5916,35.58793],[126.59078,35.58412],[126.59493,35.58208],[126.5999,35.58387],[126.60073,35.58769],[126.59657,35.58972],[126.5916,35.58793]]]}},{"type":"Feature","properties":{"h3":"8830c44063fffff","emd_code":"5280037000","emd_name":"진서면","area_km2":0.5284,"edge":true,"slope_mean":1.82,"elev_mean":2.6,"flood_hist_n":1,"flood_depth_max_m":0.267,"flood_risk_100y":null,"semi_basement_r":null,"elderly_alone_r":0.3392,"bldg_age30_r":null,"shelter_min_walk":167,"pop":2054,"hh":1297,"elderly65_r":0.5005,"single_hh_r":0.5883,"source_level":"emd","flood_years":[2013],"landslide_hist_n":0},"geometry":{"type":"Polygon","coordinates":[[[126.60073,35.58769],[126.5999,35.58387],[126.60406,35.58184],[126.60903,35.58362],[126.60986,35.58744],[126.6057,35.58947],[126.60073,35.58769]]]}},{"type":"Feature","properties":{"h3":"8830c44069fffff","emd_code":"5280037000","emd_name":"진서면","area_km2":0.5282,"edge":false,"slope_mean":2.91,"elev_mean":6.2,"flood_hist_n":0,"flood_depth_max_m":null,"flood_risk_100y":null,"semi_basement_r":null,"elderly_alone_r":0.3392,"bldg_age30_r":null,"shelter_min_walk":149,"pop":2054,"hh":1297,"elderly65_r":0.5005,"single_hh_r":0.5883,"source_level":"emd","flood_years":[],"landslide_hist_n":0},"geometry":{"type":"Polygon","coordinates":[[[126.58827,35.59378],[126.58745,35.58997],[126.5916,35.58793],[126.59657,35.58972],[126.5974,35.59354],[126.59325,35.59557],[126.58827,35.59378]]]}},{"type":"Feature","properties":{"h3":"8830c4406bfffff","emd_code":"5280037000","emd_name":"진서면","area_km2":0.5283,"edge":true,"slope_mean":1.61,"elev_mean":3.6,"flood_hist_n":0,"flood_depth_max_m":null,"flood_risk_100y":null,"semi_basement_r":null,"elderly_alone_r":0.3392,"bldg_age30_r":null,"shelter_min_walk":156,"pop":2054,"hh":1297,"elderly65_r":0.5005,"single_hh_r":0.5883,"source_level":"emd","flood_years":[],"landslide_hist_n":0},"geometry":{"type":"Polygon","coordinates":[[[126.5974,35.59354],[126.59657,35.58972],[126.60073,35.58769],[126.6057,35.58947],[126.60653,35.59329],[126.60237,35.59532],[126.5974,35.59354]]]}},{"type":"Feature","properties":{"h3":"8830c4406dfffff","emd_code":"5280037000","emd_name":"진서면","area_km2":0.5283,"edge":true,"slope_mean":0.25,"elev_mean":0.5,"flood_hist_n":0,"flood_depth_max_m":null,"flood_risk_100y":null,"semi_basement_r":null,"elderly_alone_r":0.3392,"bldg_age30_r":null,"shelter_min_walk":152,"pop":2054,"hh":1297,"elderly65_r":0.5005,"single_hh_r":0.5883,"source_level":"emd","flood_years":[],"landslide_hist_n":0},"geometry":{"type":"Polygon","coordinates":[[[126.58247,35.58818],[126.58165,35.58436],[126.5858,35.58233],[126.59078,35.58412],[126.5916,35.58793],[126.58745,35.58997],[126.58247,35.58818]]]}},{"type":"Feature","properties":{"h3":"8830c44081fffff","emd_code":"5280041000","emd_name":"줄포면","area_km2":0.5287,"edge":false,"slope_mean":3.75,"elev_mean":9.6,"flood_hist_n":1,"flood_depth_max_m":1.1,"flood_risk_100y":null,"semi_basement_r":null,"elderly_alone_r":0.3342,"bldg_age30_r":null,"shelter_min_walk":211,"pop":2361,"hh":1499,"elderly65_r":0.5057,"single_hh_r":0.6064,"source_level":"emd","flood_years":[2005],"landslide_hist_n":0},"geometry":{"type":"Polygon","coordinates":[[[126.67957,35.59128],[126.67875,35.58746],[126.6829,35.58542],[126.68788,35.5872],[126.68871,35.59102],[126.68455,35.59306],[126.67957,35.59128]]]}},{"type":"Feature","properties":{"h3":"8830c44083fffff","emd_code":"5280041000","emd_name":"줄포면","area_km2":0.5288,"edge":false,"slope_mean":4.5,"elev_mean":16.7,"flood_hist_n":1,"flood_depth_max_m":0.4,"flood_risk_100y":null,"semi_basement_r":null,"elderly_alone_r":0.3342,"bldg_age30_r":null,"shelter_min_walk":199,"pop":2361,"hh":1499,"elderly65_r":0.5057,"single_hh_r":0.6064,"source_level":"emd","flood_years":[2005],"landslide_hist_n":0},"geometry":{"type":"Polygon","coordinates":[[[126.68871,35.59102],[126.68788,35.5872],[126.69204,35.58517],[126.69702,35.58695],[126.69784,35.59077],[126.69369,35.5928],[126.68871,35.59102]]]}},{"type":"Feature","properties":{"h3":"8830c44085fffff","emd_code":"5280041000","emd_name":"줄포면","area_km2":0.5288,"edge":false,"slope_mean":5.03,"elev_mean":12.2,"flood_hist_n":1,"flood_depth_max_m":0.55,"flood_risk_100y":null,"semi_basement_r":null,"elderly_alone_r":0.3342,"bldg_age30_r":null,"shelter_min_walk":217,"pop":2361,"hh":1499,"elderly65_r":0.5057,"single_hh_r":0.6064,"source_level":"emd","flood_years":[2005],"landslide_hist_n":0},"geometry":{"type":"Polygon","coordinates":[[[126.67377,35.58568],[126.67295,35.58186],[126.6771,35.57982],[126.68208,35.58161],[126.6829,35.58542],[126.67875,35.58746],[126.67377,35.58568]]]}},{"type":"Feature","properties":{"h3":"8830c44087fffff","emd_code":"5280041000","emd_name":"줄포면","area_km2":0.5289,"edge":false,"slope_mean":4.17,"elev_mean":12.7,"flood_hist_n":1,"flood_depth_max_m":0.55,"flood_risk_100y":null,"semi_basement_r":null,"elderly_alone_r":0.3342,"bldg_age30_r":null,"shelter_min_walk":205,"pop":2361,"hh":1499,"elderly65_r":0.5057,"single_hh_r":0.6064,"source_level":"emd","flood_years":[2005],"landslide_hist_n":0},"geometry":{"type":"Polygon","coordinates":[[[126.6829,35.58542],[126.68208,35.58161],[126.68623,35.57957],[126.69121,35.58135],[126.69204,35.58517],[126.68788,35.5872],[126.6829,35.58542]]]}},{"type":"Feature","properties":{"h3":"8830c44089fffff","emd_code":"5280041000","emd_name":"줄포면","area_km2":0.5286,"edge":false,"slope_mean":5.25,"elev_mean":14.9,"flood_hist_n":1,"flood_depth_max_m":1.3,"flood_risk_100y":null,"semi_basement_r":null,"elderly_alone_r":0.3342,"bldg_age30_r":null,"shelter_min_walk":217,"pop":2361,"hh":1499,"elderly65_r":0.5057,"single_hh_r":0.6064,"source_level":"emd","flood_years":[2005],"landslide_hist_n":0},"geometry":{"type":"Polygon","coordinates":[[[126.67625,35.59713],[126.67542,35.59331],[126.67957,35.59128],[126.68455,35.59306],[126.68538,35.59688],[126.68122,35.59891],[126.67625,35.59713]]]}},{"type":"Feature","properties":{"h3":"8830c4408bfffff","emd_code":"5280041000","emd_name":"줄포면","area_km2":0.5287,"edge":false,"slope_mean":4.36,"elev_mean":18.4,"flood_hist_n":0,"flood_depth_max_m":null,"flood_risk_100y":null,"semi_basement_r":null,"elderly_alone_r":0.3342,"bldg_age30_r":null,"shelter_min_walk":205,"pop":2361,"hh":1499,"elderly65_r":0.5057,"single_hh_r":0.6064,"source_level":"emd","flood_years":[],"landslide_hist_n":0},"geometry":{"type":"Polygon","coordinates":[[[126.68538,35.59688],[126.68455,35.59306],[126.68871,35.59102],[126.69369,35.5928],[126.69451,35.59662],[126.69036,35.59866],[126.68538,35.59688]]]}},{"type":"Feature","properties":{"h3":"8830c4408dfffff","emd_code":"5280041000","emd_name":"줄포면","area_km2":0.5287,"edge":false,"slope_mean":2.81,"elev_mean":5.4,"flood_hist_n":1,"flood_depth_max_m":1.6,"flood_risk_100y":null,"semi_basement_r":null,"elderly_alone_r":0.3342,"bldg_age30_r":null,"shelter_min_walk":223,"pop":2361,"hh":1499,"elderly65_r":0.5057,"single_hh_r":0.6064,"source_level":"emd","flood_years":[2005],"landslide_hist_n":2},"geometry":{"type":"Polygon","coordinates":[[[126.67044,35.59153],[126.66962,35.58771],[126.67377,35.58568],[126.67875,35.58746],[126.67957,35.59128],[126.67542,35.59331],[126.67044,35.59153]]]}},{"type":"Feature","properties":{"h3":"8830c44091fffff","emd_code":"5280041000","emd_name":"줄포면","area_km2":0.5288,"edge":false,"slope_mean":4.93,"elev_mean":20.9,"flood_hist_n":0,"flood_depth_max_m":null,"flood_risk_100y":null,"semi_basement_r":null,"elderly_alone_r":0.3342,"bldg_age30_r":null,"shelter_min_walk":181,"pop":2361,"hh":1499,"elderly65_r":0.5057,"single_hh_r":0.6064,"source_level":"emd","flood_years":[],"landslide_hist_n":0},"geometry":{"type":"Polygon","coordinates":[[[126.70365,35.59637],[126.70282,35.59255],[126.70698,35.59051],[126.71196,35.59229],[126.71278,35.59611],[126.70863,35.59815],[126.70365,35.59637]]]}},{"type":"Feature","properties":{"h3":"8830c44093fffff","emd_code":"5280041000","emd_name":"줄포면","area_km2":0.5288,"edge":false,"slope_mean":4.5,"elev_mean":12.2,"flood_hist_n":0,"flood_depth_max_m":null,"flood_risk_100y":null,"semi_basement_r":null,"elderly_alone_r":0.3342,"bldg_age30_r":null,"shelter_min_walk":169,"pop":2361,"hh":1499,"elderly65_r":0.5057,"single_hh_r":0.6064,"source_level":"emd","flood_years":[],"landslide_hist_n":0},"geometry":{"type":"Polygon","coordinates":[[[126.71278,35.59611],[126.71196,35.59229],[126.71611,35.59025],[126.72109,35.59204],[126.72192,35.59585],[126.71776,35.59789],[126.71278,35.59611]]]}},{"type":"Feature","properties":{"h3":"8830c44095fffff","emd_code":"5280041000","emd_name":"줄포면","area_km2":0.5288,"edge":false,"slope_mean":4.11,"elev_mean":22.0,"flood_hist_n":0,"flood_depth_max_m":null,"flood_risk_100y":null,"semi_basement_r":null,"elderly_alone_r":0.3342,"bldg_age30_r":null,"shelter_min_walk":186,"pop":2361,"hh":1499,"elderly65_r":0.5057,"single_hh_r":0.6064,"source_level":"emd","flood_years":[],"landslide_hist_n":0},"geometry":{"type":"Polygon","coordinates":[[[126.69784,35.59077],[126.69702,35.58695],[126.70117,35.58491],[126.70615,35.58669],[126.70698,35.59051],[126.70282,35.59255],[126.69784,35.59077]]]}},{"type":"Feature","properties":{"h3":"8830c44097fffff","emd_code":"5280041000","emd_name":"줄포면","area_km2":0.5289,"edge":false,"slope_mean":4.69,"elev_mean":21.0,"flood_hist_n":0,"flood_depth_max_m":null,"flood_risk_100y":null,"semi_basement_r":null,"elderly_alone_r":0.3342,"bldg_age30_r":null,"shelter_min_walk":174,"pop":2361,"hh":1499,"elderly65_r":0.5057,"single_hh_r":0.6064,"source_level":"emd","flood_years":[],"landslide_hist_n":0},"geometry":{"type":"Polygon","coordinates":[[[126.70698,35.59051],[126.70615,35.58669],[126.71031,35.58466],[126.71529,35.58644],[126.71611,35.59025],[126.71196,35.59229],[126.70698,35.59051]]]}},{"type":"Feature","properties":{"h3":"8830c44099fffff","emd_code":"5280041000","emd_name":"줄포면","area_km2":0.5287,"edge":false,"slope_mean":4.19,"elev_mean":17.4,"flood_hist_n":0,"flood_depth_max_m":null,"flood_risk_100y":null,"semi_basement_r":null,"elderly_alone_r":0.3342,"bldg_age30_r":null,"shelter_min_walk":188,"pop":2361,"hh":1499,"elderly65_r":0.5057,"single_hh_r":0.6064,"source_level":"emd","flood_years":[],"landslide_hist_n":0},"geometry":{"type":"Polygon","coordinates":[[[126.70032,35.60222],[126.69949,35.5984],[126.70365,35.59637],[126.70863,35.59815],[126.70945,35.60196],[126.7053,35.604],[126.70032,35.60222]]]}},{"type":"Feature","properties":{"h3":"8830c4409bfffff","emd_code":"5280041000","emd_name":"줄포면","area_km2":0.5287,"edge":false,"slope_mean":5.04,"elev_mean":14.6,"flood_hist_n":0,"flood_depth_max_m":null,"flood_risk_100y":null,"semi_basement_r":null,"elderly_alone_r":0.3342,"bldg_age30_r":null,"shelter_min_walk":176,"pop":2361,"hh":1499,"elderly65_r":0.5057,"single_hh_r":0.6064,"source_level":"emd","flood_years":[],"landslide_hist_n":0},"geometry":{"type":"Polygon","coordinates":[[[126.70945,35.60196],[126.70863,35.59815],[126.71278,35.59611],[126.71776,35.59789],[126.71859,35.60171],[126.71443,35.60374],[126.70945,35.60196]]]}},{"type":"Feature","properties":{"h3":"8830c4409dfffff","emd_code":"5280041000","emd_name":"줄포면","area_km2":0.5287,"edge":false,"slope_mean":4.67,"elev_mean":22.4,"flood_hist_n":0,"flood_depth_max_m":null,"flood_risk_100y":null,"semi_basement_r":null,"elderly_alone_r":0.3342,"bldg_age30_r":null,"shelter_min_walk":193,"pop":2361,"hh":1499,"elderly65_r":0.5057,"single_hh_r":0.6064,"source_level":"emd","flood_years":[],"landslide_hist_n":0},"geometry":{"type":"Polygon","coordinates":[[[126.69451,35.59662],[126.69369,35.5928],[126.69784,35.59077],[126.70282,35.59255],[126.70365,35.59637],[126.69949,35.5984],[126.69451,35.59662]]]}},{"type":"Feature","properties":{"h3":"8830c440a1fffff","emd_code":"5280041000","emd_name":"줄포면","area_km2":0.529,"edge":false,"slope_mean":3.2,"elev_mean":6.5,"flood_hist_n":0,"flood_depth_max_m":null,"flood_risk_100y":null,"semi_basement_r":null,"elderly_alone_r":0.3342,"bldg_age30_r":null,"shelter_min_walk":217,"pop":2361,"hh":1499,"elderly65_r":0.5057,"single_hh_r":0.6064,"source_level":"emd","flood_years":[],"landslide_hist_n":0},"geometry":{"type":"Polygon","coordinates":[[[126.6713,35.57422],[126.67047,35.5704],[126.67463,35.56837],[126.67961,35.57015],[126.68043,35.57397],[126.67628,35.576],[126.6713,35.57422]]]}},{"type":"Feature","properties":{"h3":"8830c440a3fffff","emd_code":"5280041000","emd_name":"줄포면","area_km2":0.529,"edge":false,"slope_mean":4.36,"elev_mean":12.1,"flood_hist_n":0,"flood_depth_max_m":null,"flood_risk_100y":null,"semi_basement_r":null,"elderly_alone_r":0.3342,"bldg_age30_r":null,"shelter_min_walk":206,"pop":2361,"hh":1499,"elderly65_r":0.5057,"single_hh_r":0.6064,"source_level":"emd","flood_years":[],"landslide_hist_n":0},"geometry":{"type":"Polygon","coordinates":[[[126.68043,35.57397],[126.67961,35.57015],[126.68376,35.56811],[126.68874,35.56989],[126.68956,35.57371],[126.68541,35.57575],[126.68043,35.57397]]]}},{"type":"Feature","properties":{"h3":"8830c440a9fffff","emd_code":"5280041000","emd_name":"줄포면","area_km2":0.5289,"edge":false,"slope_mean":4.66,"elev_mean":11.4,"flood_hist_n":0,"flood_depth_max_m":null,"flood_risk_100y":null,"semi_basement_r":null,"elderly_alone_r":0.3342,"bldg_age30_r":null,"shelter_min_walk":224,"pop":2361,"hh":1499,"elderly65_r":0.5057,"single_hh_r":0.6064,"source_level":"emd","flood_years":[],"landslide_hist_n":0},"geometry":{"type":"Polygon","coordinates":[[[126.66797,35.58008],[126.66714,35.57626],[126.6713,35.57422],[126.67628,35.576],[126.6771,35.57982],[126.67295,35.58186],[126.66797,35.58008]]]}},{"type":"Feature","properties":{"h3":"8830c440abfffff","emd_code":"5280041000","emd_name":"줄포면","area_km2":0.5289,"edge":false,"slope_mean":5.27,"elev_mean":17.6,"flood_hist_n":0,"flood_depth_max_m":null,"flood_risk_100y":null,"semi_basement_r":null,"elderly_alone_r":0.3342,"bldg_age30_r":null,"shelter_min_walk":212,"pop":2361,"hh":1499,"elderly65_r":0.5057,"single_hh_r":0.6064,"source_level":"emd","flood_years":[],"landslide_hist_n":0},"geometry":{"type":"Polygon","coordinates":[[[126.6771,35.57982],[126.67628,35.576],[126.68043,35.57397],[126.68541,35.57575],[126.68623,35.57957],[126.68208,35.58161],[126.6771,35.57982]]]}},{"type":"Feature","properties":{"h3":"8830c440adfffff","emd_code":"5280041000","emd_name":"줄포면","area_km2":0.5289,"edge":true,"slope_mean":1.76,"elev_mean":4.0,"flood_hist_n":0,"flood_depth_max_m":null,"flood_risk_100y":null,"semi_basement_r":null,"elderly_alone_r":0.3342,"bldg_age30_r":null,"shelter_min_walk":219,"pop":2361,"hh":1499,"elderly65_r":0.5057,"single_hh_r":0.6064,"source_level":"emd","flood_years":[],"landslide_hist_n":0},"geometry":{"type":"Polygon","coordinates":[[[126.66217,35.57448],[126.66134,35.57066],[126.6655,35.56862],[126.67047,35.5704],[126.6713,35.57422],[126.66714,35.57626],[126.66217,35.57448]]]}},{"type":"Feature","properties":{"h3":"8830c440b1fffff","emd_code":"5280041000","emd_name":"줄포면","area_km2":0.529,"edge":false,"slope_mean":4.36,"elev_mean":19.9,"flood_hist_n":0,"flood_depth_max_m":null,"flood_risk_100y":null,"semi_basement_r":null,"elderly_alone_r":0.3342,"bldg_age30_r":null,"shelter_min_walk":187,"pop":2361,"hh":1499,"elderly65_r":0.5057,"single_hh_r":0.6064,"source_level":"emd","flood_years":[],"landslide_hist_n":0},"geometry":{"type":"Polygon","coordinates":[[[126.69537,35.57931],[126.69454,35.57549],[126.6987,35.57346],[126.70368,35.57524],[126.7045,35.57906],[126.70035,35.58109],[126.69537,35.57931]]]}},{"type":"Feature","properties":{"h3":"8830c440b3fffff","emd_code":"5280041000","emd_name":"줄포면","area_km2":0.5291,"edge":false,"slope_mean":3.31,"elev_mean":12.9,"flood_hist_n":0,"flood_depth_max_m":null,"flood_risk_100y":null,"semi_basement_r":null,"elderly_alone_r":0.3342,"bldg_age30_r":null,"shelter_min_walk":175,"pop":2361,"hh":1499,"elderly65_r":0.5057,"single_hh_r":0.6064,"source_level":"emd","flood_years":[],"landslide_hist_n":0},"geometry":{"type":"Polygon","coordinates":[[[126.7045,35.57906],[126.70368,35.57524],[126.70783,35.5732],[126.71281,35.57498],[126.71364,35.5788],[126.70948,35.58084],[126.7045,35.57906]]]}},{"type":"Feature","properties":{"h3":"8830c440b5fffff","emd_code":"5280041000","emd_name":"줄포면","area_km2":0.5291,"edge":false,"slope_mean":4.7,"elev_mean":23.2,"flood_hist_n":0,"flood_depth_max_m":null,"flood_risk_100y":null,"semi_basement_r":null,"elderly_alone_r":0.3342,"bldg_age30_r":null,"shelter_min_walk":194,"pop":2361,"hh":1499,"elderly65_r":0.5057,"single_hh_r":0.6064,"source_level":"emd","flood_years":[],"landslide_hist_n":0},"geometry":{"type":"Polygon","coordinates":[[[126.68956,35.57371],[126.68874,35.56989],[126.69289,35.56786],[126.69787,35.56964],[126.6987,35.57346],[126.69454,35.57549],[126.68956,35.57371]]]}},{"type":"Feature","properties":{"h3":"8830c440b7fffff","emd_code":"5280041000","emd_name":"줄포면","area_km2":0.5291,"edge":true,"slope_mean":5.07,"elev_mean":24.9,"flood_hist_n":0,"flood_depth_max_m":null,"flood_risk_100y":null,"semi_basement_r":null,"elderly_alone_r":0.3342,"bldg_age30_r":null,"shelter_min_walk":182,"pop":2361,"hh":1499,"elderly65_r":0.5057,"single_hh_r":0.6064,"source_level":"emd","flood_years":[],"landslide_hist_n":0},"geometry":{"type":"Polygon","coordinates":[[[126.6987,35.57346],[126.69787,35.56964],[126.70203,35.5676],[126.70701,35.56938],[126.70783,35.5732],[126.70368,35.57524],[126.6987,35.57346]]]}},{"type":"Feature","properties":{"h3":"8830c440b9fffff","emd_code":"5280041000","emd_name":"줄포면","area_km2":0.5289,"edge":false,"slope_mean":4.15,"elev_mean":20.0,"flood_hist_n":0,"flood_depth_max_m":null,"flood_risk_100y":null,"semi_basement_r":null,"elderly_alone_r":0.3342,"bldg_age30_r":null,"shelter_min_walk":193,"pop":2361,"hh":1499,"elderly65_r":0.5057,"single_hh_r":0.6064,"source_level":"emd","flood_years":[],"landslide_hist_n":0},"geometry":{"type":"Polygon","coordinates":[[[126.69204,35.58517],[126.69121,35.58135],[126.69537,35.57931],[126.70035,35.58109],[126.70117,35.58491],[126.69702,35.58695],[126.69204,35.58517]]]}},{"type":"Feature","properties":{"h3":"8830c440bbfffff","emd_code":"5280041000","emd_name":"줄포면","area_km2":0.529,"edge":false,"slope_mean":3.26,"elev_mean":14.6,"flood_hist_n":0,"flood_depth_max_m":null,"flood_risk_100y":null,"semi_basement_r":null,"elderly_alone_r":0.3342,"bldg_age30_r":null,"shelter_min_walk":180,"pop":2361,"hh":1499,"elderly65_r":0.5057,"single_hh_r":0.6064,"source_level":"emd","flood_years":[],"landslide_hist_n":0},"geometry":{"type":"Polygon","coordinates":[[[126.70117,35.58491],[126.70035,35.58109],[126.7045,35.57906],[126.70948,35.58084],[126.71031,35.58466],[126.70615,35.58669],[126.70117,35.58491]]]}},{"type":"Feature","properties":{"h3":"8830c440bdfffff","emd_code":"5280041000","emd_name":"줄포면","area_km2":0.529,"edge":false,"slope_mean":5.08,"elev_mean":19.4,"flood_hist_n":0,"flood_depth_max_m":null,"flood_risk_100y":null,"semi_basement_r":null,"elderly_alone_r":0.3342,"bldg_age30_r":null,"shelter_min_walk":199,"pop":2361,"hh":1499,"elderly65_r":0.5057,"single_hh_r":0.6064,"source_level":"emd","flood_years":[],"landslide_hist_n":0},"geometry":{"type":"Polygon","coordinates":[[[126.68623,35.57957],[126.68541,35.57575],[126.68956,35.57371],[126.69454,35.57549],[126.69537,35.57931],[126.69121,35.58135],[126.68623,35.57957]]]}},{"type":"Feature","properties":{"h3":"8830c440c1fffff","emd_code":"5280035000","emd_name":"보안면","area_km2":0.5285,"edge":false,"slope_mean":2.43,"elev_mean":7.9,"flood_hist_n":0,"flood_depth_max_m":null,"flood_risk_100y":null,"semi_basement_r":null,"elderly_alone_r":0.374,"bldg_age30_r":null,"shelter_min_walk":216,"pop":2133,"hh":1401,"elderly65_r":0.5692,"single_hh_r":0.6124,"source_level":"emd","flood_years":[],"landslide_hist_n":0},"geometry":{"type":"Polygon","coordinates":[[[126.66378,35.60323],[126.66296,35.59942],[126.66711,35.59738],[126.67209,35.59917],[126.67292,35.60298],[126.66876,35.60502],[126.66378,35.60323]]]}},{"type":"Feature","properties":{"h3":"8830c440c3fffff","emd_code":"5280041000","emd_name":"줄포면","area_km2":0.5285,"edge":false,"slope_mean":4.44,"elev_mean":17.1,"flood_hist_n":0,"flood_depth_max_m":null,"flood_risk_100y":null,"semi_basement_r":null,"elderly_alone_r":0.3342,"bldg_age30_r":null,"shelter_min_walk":212,"pop":2361,"hh":1499,"elderly65_r":0.5057,"single_hh_r":0.6064,"source_level":"emd","flood_years":[],"landslide_hist_n":0},"geometry":{"type":"Polygon","coordinates":[[[126.67292,35.60298],[126.67209,35.59917],[126.67625,35.59713],[126.68122,35.59891],[126.68205,35.60273],[126.67789,35.60476],[126.67292,35.60298]]]}},{"type":"Feature","properties":{"h3":"8830c440c5fffff","emd_code":"5280041000","emd_name":"줄포면","area_km2":0.5285,"edge":false,"slope_mean":1.52,"elev_mean":3.7,"flood_hist_n":0,"flood_depth_max_m":null,"flood_risk_100y":null,"semi_basement_r":null,"elderly_alone_r":0.3342,"bldg_age30_r":null,"shelter_min_walk":214,"pop":2361,"hh":1499,"elderly65_r":0.5057,"single_hh_r":0.6064,"source_level":"emd","flood_years":[],"landslide_hist_n":0},"geometry":{"type":"Polygon","coordinates":[[[126.65798,35.59764],[126.65716,35.59382],[126.66131,35.59178],[126.66629,35.59357],[126.66711,35.59738],[126.66296,35.59942],[126.65798,35.59764]]]}},{"type":"Feature","properties":{"h3":"8830c440c7fffff","emd_code":"5280041000","emd_name":"줄포면","area_km2":0.5286,"edge":false,"slope_mean":5.39,"elev_mean":13.3,"flood_hist_n":1,"flood_depth_max_m":0.6,"flood_risk_100y":null,"semi_basement_r":null,"elderly_alone_r":0.3342,"bldg_age30_r":null,"shelter_min_walk":224,"pop":2361,"hh":1499,"elderly65_r":0.5057,"single_hh_r":0.6064,"source_level":"emd","flood_years":[2005],"landslide_hist_n":0},"geometry":{"type":"Polygon","coordinates":[[[126.66711,35.59738],[126.66629,35.59357],[126.67044,35.59153],[126.67542,35.59331],[126.67625,35.59713],[126.67209,35.59917],[126.66711,35.59738]]]}},{"type":"Feature","properties":{"h3":"8830c440c9fffff","emd_code":"5280035000","emd_name":"보안면","area_km2":0.5283,"edge":false,"slope_mean":1.67,"elev_mean":4.8,"flood_hist_n":0,"flood_depth_max_m":null,"flood_risk_100y":null,"semi_basement_r":null,"elderly_alone_r":0.374,"bldg_age30_r":null,"shelter_min_walk":207,"pop":2133,"hh":1401,"elderly65_r":0.5692,"single_hh_r":0.6124,"source_level":"emd","flood_years":[],"landslide_hist_n":0},"geometry":{"type":"Polygon","coordinates":[[[126.66045,35.60909],[126.65963,35.60527],[126.66378,35.60323],[126.66876,35.60502],[126.66959,35.60883],[126.66543,35.61087],[126.66045,35.60909]]]}},{"type":"Feature","properties":{"h3":"8830c440cbfffff","emd_code":"5280035000","emd_name":"보안면","area_km2":0.5284,"edge":false,"slope_mean":4.9,"elev_mean":15.3,"flood_hist_n":0,"flood_depth_max_m":null,"flood_risk_100y":null,"semi_basement_r":null,"elderly_alone_r":0.374,"bldg_age30_r":null,"shelter_min_walk":205,"pop":2133,"hh":1401,"elderly65_r":0.5692,"single_hh_r":0.6124,"source_level":"emd","flood_years":[],"landslide_hist_n":0},"geometry":{"type":"Polygon","coordinates":[[[126.66959,35.60883],[126.66876,35.60502],[126.67292,35.60298],[126.67789,35.60476],[126.67872,35.60858],[126.67456,35.61061],[126.66959,35.60883]]]}},{"type":"Feature","properties":{"h3":"8830c440cdfffff","emd_code":"5280035000","emd_name":"보안면","area_km2":0.5284,"edge":false,"slope_mean":2.53,"elev_mean":5.8,"flood_hist_n":0,"flood_depth_max_m":null,"flood_risk_100y":null,"semi_basement_r":null,"elderly_alone_r":0.374,"bldg_age30_r":null,"shelter_min_walk":205,"pop":2133,"hh":1401,"elderly65_r":0.5692,"single_hh_r":0.6124,"source_level":"emd","flood_years":[],"landslide_hist_n":0},"geometry":{"type":"Polygon","coordinates":[[[126.65465,35.60349],[126.65383,35.59967],[126.65798,35.59764],[126.66296,35.59942],[126.66378,35.60323],[126.65963,35.60527],[126.65465,35.60349]]]}},{"type":"Feature","properties":{"h3":"8830c440d1fffff","emd_code":"5280041000","emd_name":"줄포면","area_km2":0.5285,"edge":false,"slope_mean":4.29,"elev_mean":17.3,"flood_hist_n":0,"flood_depth_max_m":null,"flood_risk_100y":null,"semi_basement_r":null,"elderly_alone_r":0.3342,"bldg_age30_r":null,"shelter_min_walk":198,"pop":2361,"hh":1499,"elderly65_r":0.5057,"single_hh_r":0.6064,"source_level":"emd","flood_years":[],"landslide_hist_n":0},"geometry":{"type":"Polygon","coordinates":[[[126.68785,35.60833],[126.68703,35.60451],[126.69118,35.60247],[126.69616,35.60425],[126.69699,35.60807],[126.69283,35.61011],[126.68785,35.60833]]]}},{"type":"Feature","properties":{"h3":"8830c440d3fffff","emd_code":"5280041000","emd_name":"줄포면","area_km2":0.5285,"edge":false,"slope_mean":3.48,"elev_mean":15.2,"flood_hist_n":0,"flood_depth_max_m":null,"flood_risk_100y":null,"semi_basement_r":null,"elderly_alone_r":0.3342,"bldg_age30_r":null,"shelter_min_walk":195,"pop":2361,"hh":1499,"elderly65_r":0.5057,"single_hh_r":0.6064,"source_level":"emd","flood_years":[],"landslide_hist_n":0},"geometry":{"type":"Polygon","coordinates":[[[126.69699,35.60807],[126.69616,35.60425],[126.70032,35.60222],[126.7053,35.604],[126.70612,35.60782],[126.70197,35.60985],[126.69699,35.60807]]]}},{"type":"Feature","properties":{"h3":"8830c440d5fffff","emd_code":"5280041000","emd_name":"줄포면","area_km2":0.5286,"edge":false,"slope_mean":4.2,"elev_mean":21.4,"flood_hist_n":0,"flood_depth_max_m":null,"flood_risk_100y":null,"semi_basement_r":null,"elderly_alone_r":0.3342,"bldg_age30_r":null,"shelter_min_walk":209,"pop":2361,"hh":1499,"elderly65_r":0.5057,"single_hh_r":0.6064,"source_level":"emd","flood_years":[],"landslide_hist_n":0},"geometry":{"type":"Polygon","coordinates":[[[126.68205,35.60273],[126.68122,35.59891],[126.68538,35.59688],[126.69036,35.59866],[126.69118,35.60247],[126.68703,35.60451],[126.68205,35.60273]]]}},{"type":"Feature","properties":{"h3":"8830c440d7fffff","emd_code":"5280041000","emd_name":"줄포면","area_km2":0.5286,"edge":false,"slope_mean":3.82,"elev_mean":21.2,"flood_hist_n":0,"flood_depth_max_m":null,"flood_risk_100y":null,"semi_basement_r":null,"elderly_alone_r":0.3342,"bldg_age30_r":null,"shelter_min_walk":200,"pop":2361,"hh":1499,"elderly65_r":0.5057,"single_hh_r":0.6064,"source_level":"emd","flood_years":[],"landslide_hist_n":0},"geometry":{"type":"Polygon","coordinates":[[[126.69118,35.60247],[126.69036,35.59866],[126.69451,35.59662],[126.69949,35.5984],[126.70032,35.60222],[126.69616,35.60425],[126.69118,35.60247]]]}},{"type":"Feature","properties":{"h3":"8830c440d9fffff","emd_code":"5280035000","emd_name":"보안면","area_km2":0.5284,"edge":false,"slope_mean":3.53,"elev_mean":15.8,"flood_hist_n":0,"flood_depth_max_m":null,"flood_risk_100y":null,"semi_basement_r":null,"elderly_alone_r":0.374,"bldg_age30_r":null,"shelter_min_walk":190,"pop":2133,"hh":1401,"elderly65_r":0.5692,"single_hh_r":0.6124,"source_level":"emd","flood_years":[],"landslide_hist_n":0},"geometry":{"type":"Polygon","coordinates":[[[126.68452,35.61418],[126.6837,35.61036],[126.68785,35.60833],[126.69283,35.61011],[126.69366,35.61392],[126.6895,35.61596],[126.68452,35.61418]]]}},{"type":"Feature","properties":{"h3":"8830c440dbfffff","emd_code":"5280041000","emd_name":"줄포면","area_km2":0.5284,"edge":false,"slope_mean":2.74,"elev_mean":10.1,"flood_hist_n":0,"flood_depth_max_m":null,"flood_risk_100y":null,"semi_basement_r":null,"elderly_alone_r":0.3342,"bldg_age30_r":null,"shelter_min_walk":186,"pop":2361,"hh":1499,"elderly65_r":0.5057,"single_hh_r":0.6064,"source_level":"emd","flood_years":[],"landslide_hist_n":0},"geometry":{"type":"Polygon","coordinates":[[[126.69366,35.61392],[126.69283,35.61011],[126.69699,35.60807],[126.70197,35.60985],[126.70279,35.61367],[126.69864,35.6157],[126.69366,35.61392]]]}},{"type":"Feature","properties":{"h3":"8830c440ddfffff","emd_code":"5280041000","emd_name":"줄포면","area_km2":0.5284,"edge":false,"slope_mean":4.58,"elev_mean":22.8,"flood_hist_n":0,"flood_depth_max_m":null,"flood_risk_100y":null,"semi_basement_r":null,"elderly_alone_r":0.3342,"bldg_age30_r":null,"shelter_min_walk":201,"pop":2361,"hh":1499,"elderly65_r":0.5057,"single_hh_r":0.6064,"source_level":"emd","flood_years":[],"landslide_hist_n":0},"geometry":{"type":"Polygon","coordinates":[[[126.67872,35.60858],[126.67789,35.60476],[126.68205,35.60273],[126.68703,35.60451],[126.68785,35.60833],[126.6837,35.61036],[126.67872,35.60858]]]}},{"type":"Feature","properties":{"h3":"8830c440e1fffff","emd_code":"5280041000","emd_name":"줄포면","area_km2":0.5287,"edge":true,"slope_mean":1.45,"elev_mean":3.6,"flood_hist_n":1,"flood_depth_max_m":0.6,"flood_risk_100y":null,"semi_basement_r":null,"elderly_alone_r":0.3342,"bldg_age30_r":null,"shelter_min_walk":222,"pop":2361,"hh":1499,"elderly65_r":0.5057,"single_hh_r":0.6064,"source_level":"emd","flood_years":[2005],"landslide_hist_n":0},"geometry":{"type":"Polygon","coordinates":[[[126.65551,35.58618],[126.65468,35.58237],[126.65884,35.58033],[126.66382,35.58211],[126.66464,35.58593],[126.66049,35.58797],[126.65551,35.58618]]]}},{"type":"Feature","properties":{"h3":"8830c440e3fffff","emd_code":"5280041000","emd_name":"줄포면","area_km2":0.5288,"edge":false,"slope_mean":1.83,"elev_mean":3.4,"flood_hist_n":1,"flood_depth_max_m":0.6,"flood_risk_100y":null,"semi_basement_r":null,"elderly_alone_r":0.3342,"bldg_age30_r":null,"shelter_min_walk":229,"pop":2361,"hh":1499,"elderly65_r":0.5057,"single_hh_r":0.6064,"source_level":"emd","flood_years":[2005],"landslide_hist_n":0},"geometry":{"type":"Polygon","coordinates":[[[126.66464,35.58593],[126.66382,35.58211],[126.66797,35.58008],[126.67295,35.58186],[126.67377,35.58568],[126.66962,35.58771],[126.66464,35.58593]]]}},{"type":"Feature","properties":{"h3":"8830c440e7fffff","emd_code":"5280041000","emd_name":"줄포면","area_km2":0.5288,"edge":true,"slope_mean":1.94,"elev_mean":3.7,"flood_hist_n":0,"flood_depth_max_m":null,"flood_risk_100y":null,"semi_basement_r":null,"elderly_alone_r":0.3342,"bldg_age30_r":null,"shelter_min_walk":229,"pop":2361,"hh":1499,"elderly65_r":0.5057,"single_hh_r":0.6064,"source_level":"emd","flood_years":[],"landslide_hist_n":0},"geometry":{"type":"Polygon","coordinates":[[[126.65884,35.58033],[126.65801,35.57651],[126.66217,35.57448],[126.66714,35.57626],[126.66797,35.58008],[126.66382,35.58211],[126.65884,35.58033]]]}},{"type":"Feature","properties":{"h3":"8830c440e9fffff","emd_code":"5280035000","emd_name":"보안면","area_km2":0.5286,"edge":true,"slope_mean":1.13,"elev_mean":3.1,"flood_hist_n":0,"flood_depth_max_m":null,"flood_risk_100y":null,"semi_basement_r":null,"elderly_alone_r":0.374,"bldg_age30_r":null,"shelter_min_walk":212,"pop":2133,"hh":1401,"elderly65_r":0.5692,"single_hh_r":0.6124,"source_level":"emd","flood_years":[],"landslide_hist_n":0},"geometry":{"type":"Polygon","coordinates":[[[126.65218,35.59204],[126.65135,35.58822],[126.65551,35.58618],[126.66049,35.58797],[126.66131,35.59178],[126.65716,35.59382],[126.65218,35.59204]]]}},{"type":"Feature","properties":{"h3":"8830c440ebfffff","emd_code":"5280041000","emd_name":"줄포면","area_km2":0.5286,"edge":false,"slope_mean":3.62,"elev_mean":7.8,"flood_hist_n":1,"flood_depth_max_m":0.6,"flood_risk_100y":null,"semi_basement_r":null,"elderly_alone_r":0.3342,"bldg_age30_r":null,"shelter_min_walk":223,"pop":2361,"hh":1499,"elderly65_r":0.5057,"single_hh_r":0.6064,"source_level":"emd","flood_years":[2005],"landslide_hist_n":0},"geometry":{"type":"Polygon","coordinates":[[[126.66131,35.59178],[126.66049,35.58797],[126.66464,35.58593],[126.66962,35.58771],[126.67044,35.59153],[126.66629,35.59357],[126.66131,35.59178]]]}},{"type":"Feature","properties":{"h3":"8830c44201fffff","emd_code":"5280039000","emd_name":"상서면","area_km2":0.5276,"edge":false,"slope_mean":27.22,"elev_mean":205.4,"flood_hist_n":0,"flood_depth_max_m":null,"flood_risk_100y":null,"semi_basement_r":null,"elderly_alone_r":0.3763,"bldg_age30_r":null,"shelter_min_walk":107,"pop":1940,"hh":1241,"elderly65_r":0.5216,"single_hh_r":0.6156,"source_level":"emd","flood_years":[],"landslide_hist_n":0},"geometry":{"type":"Polygon","coordinates":[[[126.59235,35.63397],[126.59153,35.63015],[126.59568,35.62812],[126.60066,35.62991],[126.60148,35.63372],[126.59733,35.63575],[126.59235,35.63397]]]}},{"type":"Feature","properties":{"h3":"8830c44203fffff","emd_code":"5280039000","emd_name":"상서면","area_km2":0.5276,"edge":false,"slope_mean":23.44,"elev_mean":221.4,"flood_hist_n":0,"flood_depth_max_m":null,"flood_risk_100y":null,"semi_basement_r":null,"elderly_alone_r":0.3763,"bldg_age30_r":null,"shelter_min_walk":118,"pop":1940,"hh":1241,"elderly65_r":0.5216,"single_hh_r":0.6156,"source_level":"emd","flood_years":[],"landslide_hist_n":0},"geometry":{"type":"Polygon","coordinates":[[[126.60148,35.63372],[126.60066,35.62991],[126.60481,35.62788],[126.60979,35.62966],[126.61061,35.63347],[126.60646,35.6355],[126.60148,35.63372]]]}},{"type":"Feature","properties":{"h3":"8830c44205fffff","emd_code":"5280037000","emd_name":"진서면","area_km2":0.5277,"edge":false,"slope_mean":30.53,"elev_mean":285.4,"flood_hist_n":0,"flood_depth_max_m":null,"flood_risk_100y":null,"semi_basement_r":null,"elderly_alone_r":0.3392,"bldg_age30_r":null,"shelter_min_walk":105,"pop":2054,"hh":1297,"elderly65_r":0.5005,"single_hh_r":0.5883,"source_level":"emd","flood_years":[],"landslide_hist_n":0},"geometry":{"type":"Polygon","coordinates":[[[126.58655,35.62837],[126.58573,35.62455],[126.58988,35.62252],[126.59486,35.62431],[126.59568,35.62812],[126.59153,35.63015],[126.58655,35.62837]]]}},{"type":"Feature","properties":{"h3":"8830c44207fffff","emd_code":"5280039000","emd_name":"상서면","area_km2":0.5277,"edge":false,"slope_mean":23.62,"elev_mean":230.4,"flood_hist_n":0,"flood_depth_max_m":null,"flood_risk_100y":null,"semi_basement_r":null,"elderly_alone_r":0.3763,"bldg_age30_r":null,"shelter_min_walk":116,"pop":1940,"hh":1241,"elderly65_r":0.5216,"single_hh_r":0.6156,"source_level":"emd","flood_years":[],"landslide_hist_n":0},"geometry":{"type":"Polygon","coordinates":[[[126.59568,35.62812],[126.59486,35.62431],[126.59901,35.62228],[126.60399,35.62406],[126.60481,35.62788],[126.60066,35.62991],[126.59568,35.62812]]]}},{"type":"Feature","properties":{"h3":"8830c44209fffff","emd_code":"5280039000","emd_name":"상서면","area_km2":0.5275,"edge":false,"slope_mean":24.44,"elev_mean":156.3,"flood_hist_n":0,"flood_depth_max_m":null,"flood_risk_100y":null,"semi_basement_r":null,"elderly_alone_r":0.3763,"bldg_age30_r":null,"shelter_min_walk":98,"pop":1940,"hh":1241,"elderly65_r":0.5216,"single_hh_r":0.6156,"source_level":"emd","flood_years":[],"landslide_hist_n":0},"geometry":{"type":"Polygon","coordinates":[[[126.58902,35.63981],[126.5882,35.636],[126.59235,35.63397],[126.59733,35.63575],[126.59815,35.63956],[126.594,35.64159],[126.58902,35.63981]]]}},{"type":"Feature","properties":{"h3":"8830c4420bfffff","emd_code":"5280039000","emd_name":"상서면","area_km2":0.5275,"edge":false,"slope_mean":25.1,"elev_mean":169.6,"flood_hist_n":0,"flood_depth_max_m":null,"flood_risk_100y":null,"semi_basement_r":null,"elderly_alone_r":0.3763,"bldg_age30_r":null,"shelter_min_walk":110,"pop":1940,"hh":1241,"elderly65_r":0.5216,"single_hh_r":0.6156,"source_level":"emd","flood_years":[],"landslide_hist_n":0},"geometry":{"type":"Polygon","coordinates":[[[126.59815,35.63956],[126.59733,35.63575],[126.60148,35.63372],[126.60646,35.6355],[126.60728,35.63932],[126.60313,35.64135],[126.59815,35.63956]]]}},{"type":"Feature","properties":{"h3":"8830c4420dfffff","emd_code":"5280036000","emd_name":"변산면","area_km2":0.5275,"edge":false,"slope_mean":29.34,"elev_mean":267.2,"flood_hist_n":0,"flood_depth_max_m":null,"flood_risk_100y":null,"semi_basement_r":null,"elderly_alone_r":0.2866,"bldg_age30_r":null,"shelter_min_walk":96,"pop":4040,"hh":2509,"elderly65_r":0.4126,"single_hh_r":0.6038,"source_level":"emd","flood_years":[],"landslide_hist_n":0},"geometry":{"type":"Polygon","coordinates":[[[126.58322,35.63421],[126.5824,35.6304],[126.58655,35.62837],[126.59153,35.63015],[126.59235,35.63397],[126.5882,35.636],[126.58322,35.63421]]]}},{"type":"Feature","properties":{"h3":"8830c44211fffff","emd_code":"5280039000","emd_name":"상서면","area_km2":0.5276,"edge":false,"slope_mean":25.77,"elev_mean":310.9,"flood_hist_n":0,"flood_depth_max_m":null,"flood_risk_100y":null,"semi_basement_r":null,"elderly_alone_r":0.3763,"bldg_age30_r":null,"shelter_min_walk":133,"pop":1940,"hh":1241,"elderly65_r":0.5216,"single_hh_r":0.6156,"source_level":"emd","flood_years":[],"landslide_hist_n":0},"geometry":{"type":"Polygon","coordinates":[[[126.61641,35.63907],[126.61559,35.63526],[126.61974,35.63323],[126.62472,35.63501],[126.62554,35.63882],[126.62139,35.64085],[126.61641,35.63907]]]}},{"type":"Feature","properties":{"h3":"8830c44213fffff","emd_code":"5280039000","emd_name":"상서면","area_km2":0.5277,"edge":false,"slope_mean":24.07,"elev_mean":202.1,"flood_hist_n":0,"flood_depth_max_m":null,"flood_risk_100y":null,"semi_basement_r":null,"elderly_alone_r":0.3763,"bldg_age30_r":null,"shelter_min_walk":144,"pop":1940,"hh":1241,"elderly65_r":0.5216,"single_hh_r":0.6156,"source_level":"emd","flood_years":[],"landslide_hist_n":0},"geometry":{"type":"Polygon","coordinates":[[[126.62554,35.63882],[126.62472,35.63501],[126.62887,35.63298],[126.63385,35.63476],[126.63467,35.63857],[126.63052,35.6406],[126.62554,35.63882]]]}},{"type":"Feature","properties":{"h3":"8830c44215fffff","emd_code":"5280039000","emd_name":"상서면","area_km2":0.5277,"edge":false,"slope_mean":22.52,"elev_mean":214.9,"flood_hist_n":0,"flood_depth_max_m":null,"flood_risk_100y":null,"semi_basement_r":null,"elderly_alone_r":0.3763,"bldg_age30_r":null,"shelter_min_walk":129,"pop":1940,"hh":1241,"elderly65_r":0.5216,"single_hh_r":0.6156,"source_level":"emd","flood_years":[],"landslide_hist_n":0},"geometry":{"type":"Polygon","coordinates":[[[126.61061,35.63347],[126.60979,35.62966],[126.61394,35.62763],[126.61892,35.62941],[126.61974,35.63323],[126.61559,35.63526],[126.61061,35.63347]]]}},{"type":"Feature","properties":{"h3":"8830c44217fffff","emd_code":"5280035000","emd_name":"보안면","area_km2":0.5277,"edge":false,"slope_mean":25.47,"elev_mean":230.3,"flood_hist_n":0,"flood_depth_max_m":null,"flood_risk_100y":null,"semi_basement_r":null,"elderly_alone_r":0.374,"bldg_age30_r":null,"shelter_min_walk":140,"pop":2133,"hh":1401,"elderly65_r":0.5692,"single_hh_r":0.6124,"source_level":"emd","flood_years":[],"landslide_hist_n":0},"geometry":{"type":"Polygon","coordinates":[[[126.61974,35.63323],[126.61892,35.62941],[126.62307,35.62738],[126.62805,35.62916],[126.62887,35.63298],[126.62472,35.63501],[126.61974,35.63323]]]}},{"type":"Feature","properties":{"h3":"8830c44219fffff","emd_code":"5280039000","emd_name":"상서면","area_km2":0.5275,"edge":false,"slope_mean":24.62,"elev_mean":244.7,"flood_hist_n":0,"flood_depth_max_m":null,"flood_risk_100y":null,"semi_basement_r":null,"elderly_alone_r":0.3763,"bldg_age30_r":null,"shelter_min_walk":125,"pop":1940,"hh":1241,"elderly65_r":0.5216,"single_hh_r":0.6156,"source_level":"emd","flood_years":[],"landslide_hist_n":0},"geometry":{"type":"Polygon","coordinates":[[[126.61308,35.64491],[126.61226,35.6411],[126.61641,35.63907],[126.62139,35.64085],[126.62221,35.64467],[126.61806,35.6467],[126.61308,35.64491]]]}},{"type":"Feature","properties":{"h3":"8830c4421bfffff","emd_code":"5280039000","emd_name":"상서면","area_km2":0.5276,"edge":false,"slope_mean":19.87,"elev_mean":143.0,"flood_hist_n":0,"flood_depth_max_m":null,"flood_risk_100y":null,"semi_basement_r":null,"elderly_alone_r":0.3763,"bldg_age30_r":null,"shelter_min_walk":137,"pop":1940,"hh":1241,"elderly65_r":0.5216,"single_hh_r":0.6156,"source_level":"emd","flood_years":[],"landslide_hist_n":0},"geometry":{"type":"Polygon","coordinates":[[[126.62221,35.64467],[126.62139,35.64085],[126.62554,35.63882],[126.63052,35.6406],[126.63134,35.64442],[126.62719,35.64645],[126.62221,35.64467]]]}},{"type":"Feature","properties":{"h3":"8830c4421dfffff","emd_code":"5280039000","emd_name":"상서면","area_km2":0.5276,"edge":false,"slope_mean":22.88,"elev_mean":192.5,"flood_hist_n":0,"flood_depth_max_m":null,"flood_risk_100y":null,"semi_basement_r":null,"elderly_alone_r":0.3763,"bldg_age30_r":null,"shelter_min_walk":121,"pop":1940,"hh":1241,"elderly65_r":0.5216,"single_hh_r":0.6156,"source_level":"emd","flood_years":[],"landslide_hist_n":0},"geometry":{"type":"Polygon","coordinates":[[[126.60728,35.63932],[126.60646,35.6355],[126.61061,35.63347],[126.61559,35.63526],[126.61641,35.63907],[126.61226,35.6411],[126.60728,35.63932]]]}},{"type":"Feature","properties":{"h3":"8830c44221fffff","emd_code":"5280037000","emd_name":"진서면","area_km2":0.5278,"edge":false,"slope_mean":20.17,"elev_mean":86.7,"flood_hist_n":0,"flood_depth_max_m":null,"flood_risk_100y":null,"semi_basement_r":null,"elderly_alone_r":0.3392,"bldg_age30_r":null,"shelter_min_walk":115,"pop":2054,"hh":1297,"elderly65_r":0.5005,"single_hh_r":0.5883,"source_level":"emd","flood_years":[],"landslide_hist_n":0},"geometry":{"type":"Polygon","coordinates":[[[126.58408,35.61693],[126.58326,35.61311],[126.58741,35.61108],[126.59239,35.61286],[126.59321,35.61668],[126.58906,35.61871],[126.58408,35.61693]]]}},{"type":"Feature","properties":{"h3":"8830c44223fffff","emd_code":"5280037000","emd_name":"진서면","area_km2":0.5279,"edge":false,"slope_mean":23.19,"elev_mean":112.4,"flood_hist_n":0,"flood_depth_max_m":null,"flood_risk_100y":null,"semi_basement_r":null,"elderly_alone_r":0.3392,"bldg_age30_r":null,"shelter_min_walk":125,"pop":2054,"hh":1297,"elderly65_r":0.5005,"single_hh_r":0.5883,"source_level":"emd","flood_years":[],"landslide_hist_n":0},"geometry":{"type":"Polygon","coordinates":[[[126.59321,35.61668],[126.59239,35.61286],[126.59654,35.61083],[126.60152,35.61262],[126.60234,35.61643],[126.59819,35.61846],[126.59321,35.61668]]]}},{"type":"Feature","properties":{"h3":"8830c44225fffff","emd_code":"5280037000","emd_name":"진서면","area_km2":0.5279,"edge":false,"slope_mean":9.89,"elev_mean":35.4,"flood_hist_n":0,"flood_depth_max_m":null,"flood_risk_100y":null,"semi_basement_r":null,"elderly_alone_r":0.3392,"bldg_age30_r":null,"shelter_min_walk":117,"pop":2054,"hh":1297,"elderly65_r":0.5005,"single_hh_r":0.5883,"source_level":"emd","flood_years":[],"landslide_hist_n":0},"geometry":{"type":"Polygon","coordinates":[[[126.57828,35.61133],[126.57746,35.60751],[126.58161,35.60548],[126.58659,35.60726],[126.58741,35.61108],[126.58326,35.61311],[126.57828,35.61133]]]}},{"type":"Feature","properties":{"h3":"8830c44227fffff","emd_code":"5280037000","emd_name":"진서면","area_km2":0.5279,"edge":false,"slope_mean":19.19,"elev_mean":78.0,"flood_hist_n":0,"flood_depth_max_m":null,"flood_risk_100y":null,"semi_basement_r":null,"elderly_alone_r":0.3392,"bldg_age30_r":null,"shelter_min_walk":126,"pop":2054,"hh":1297,"elderly65_r":0.5005,"single_hh_r":0.5883,"source_level":"emd","flood_years":[],"landslide_hist_n":0},"geometry":{"type":"Polygon","coordinates":[[[126.58741,35.61108],[126.58659,35.60726],[126.59074,35.60523],[126.59572,35.60702],[126.59654,35.61083],[126.59239,35.61286],[126.58741,35.61108]]]}},{"type":"Feature","properties":{"h3":"8830c44229fffff","emd_code":"5280037000","emd_name":"진서면","area_km2":0.5277,"edge":false,"slope_mean":28.09,"elev_mean":196.0,"flood_hist_n":0,"flood_depth_max_m":null,"flood_risk_100y":null,"semi_basement_r":null,"elderly_alone_r":0.3392,"bldg_age30_r":null,"shelter_min_walk":105,"pop":2054,"hh":1297,"elderly65_r":0.5005,"single_hh_r":0.5883,"source_level":"emd","flood_years":[],"landslide_hist_n":0},"geometry":{"type":"Polygon","coordinates":[[[126.58075,35.62277],[126.57993,35.61896],[126.58408,35.61693],[126.58906,35.61871],[126.58988,35.62252],[126.58573,35.62455],[126.58075,35.62277]]]}},{"type":"Feature","properties":{"h3":"8830c4422bfffff","emd_code":"5280037000","emd_name":"진서면","area_km2":0.5278,"edge":false,"slope_mean":27.32,"elev_mean":190.1,"flood_hist_n":0,"flood_depth_max_m":null,"flood_risk_100y":null,"semi_basement_r":null,"elderly_alone_r":0.3392,"bldg_age30_r":null,"shelter_min_walk":115,"pop":2054,"hh":1297,"elderly65_r":0.5005,"single_hh_r":0.5883,"source_level":"emd","flood_years":[],"landslide_hist_n":0},"geometry":{"type":"Polygon","coordinates":[[[126.58988,35.62252],[126.58906,35.61871],[126.59321,35.61668],[126.59819,35.61846],[126.59901,35.62228],[126.59486,35.62431],[126.58988,35.62252]]]}},{"type":"Feature","properties":{"h3":"8830c4422dfffff","emd_code":"5280037000","emd_name":"진서면","area_km2":0.5278,"edge":false,"slope_mean":20.9,"elev_mean":99.4,"flood_hist_n":0,"flood_depth_max_m":null,"flood_risk_100y":null,"semi_basement_r":null,"elderly_alone_r":0.3392,"bldg_age30_r":null,"shelter_min_walk":107,"pop":2054,"hh":1297,"elderly65_r":0.5005,"single_hh_r":0.5883,"source_level":"emd","flood_years":[],"landslide_hist_n":0},"geometry":{"type":"Polygon","coordinates":[[[126.57495,35.61717],[126.57413,35.61336],[126.57828,35.61133],[126.58326,35.61311],[126.58408,35.61693],[126.57993,35.61896],[126.57495,35.61717]]]}},{"type":"Feature","properties":{"h3":"8830c44231fffff","emd_code":"5280037000","emd_name":"진서면","area_km2":0.5279,"edge":false,"slope_mean":22.41,"elev_mean":151.4,"flood_hist_n":0,"flood_depth_max_m":null,"flood_risk_100y":null,"semi_basement_r":null,"elderly_alone_r":0.3392,"bldg_age30_r":null,"shelter_min_walk":135,"pop":2054,"hh":1297,"elderly65_r":0.5005,"single_hh_r":0.5883,"source_level":"emd","flood_years":[],"landslide_hist_n":0},"geometry":{"type":"Polygon","coordinates":[[[126.60814,35.62203],[126.60732,35.61822],[126.61147,35.61618],[126.61645,35.61797],[126.61727,35.62178],[126.61312,35.62381],[126.60814,35.62203]]]}},{"type":"Feature","properties":{"h3":"8830c44233fffff","emd_code":"5280037000","emd_name":"진서면","area_km2":0.5279,"edge":false,"slope_mean":23.7,"elev_mean":192.3,"flood_hist_n":0,"flood_depth_max_m":null,"flood_risk_100y":null,"semi_basement_r":null,"elderly_alone_r":0.3392,"bldg_age30_r":null,"shelter_min_walk":146,"pop":2054,"hh":1297,"elderly65_r":0.5005,"single_hh_r":0.5883,"source_level":"emd","flood_years":[],"landslide_hist_n":0},"geometry":{"type":"Polygon","coordinates":[[[126.61727,35.62178],[126.61645,35.61797],[126.6206,35.61594],[126.62558,35.61772],[126.6264,35.62153],[126.62225,35.62357],[126.61727,35.62178]]]}},{"type":"Feature","properties":{"h3":"8830c44235fffff","emd_code":"5280037000","emd_name":"진서면","area_km2":0.5279,"edge":false,"slope_mean":18.4,"elev_mean":98.2,"flood_hist_n":0,"flood_depth_max_m":null,"flood_risk_100y":null,"semi_basement_r":null,"elderly_alone_r":0.3392,"bldg_age30_r":null,"shelter_min_walk":134,"pop":2054,"hh":1297,"elderly65_r":0.5005,"single_hh_r":0.5883,"source_level":"emd","flood_years":[],"landslide_hist_n":0},"geometry":{"type":"Polygon","coordinates":[[[126.60234,35.61643],[126.60152,35.61262],[126.60567,35.61059],[126.61064,35.61237],[126.61147,35.61618],[126.60732,35.61822],[126.60234,35.61643]]]}},{"type":"Feature","properties":{"h3":"8830c44237fffff","emd_code":"5280037000","emd_name":"진서면","area_km2":0.528,"edge":false,"slope_mean":21.01,"elev_mean":120.4,"flood_hist_n":0,"flood_depth_max_m":null,"flood_risk_100y":null,"semi_basement_r":null,"elderly_alone_r":0.3392,"bldg_age30_r":null,"shelter_min_walk":144,"pop":2054,"hh":1297,"elderly65_r":0.5005,"single_hh_r":0.5883,"source_level":"emd","flood_years":[],"landslide_hist_n":0},"geometry":{"type":"Polygon","coordinates":[[[126.61147,35.61618],[126.61064,35.61237],[126.6148,35.61034],[126.61977,35.61212],[126.6206,35.61594],[126.61645,35.61797],[126.61147,35.61618]]]}},{"type":"Feature","properties":{"h3":"8830c44239fffff","emd_code":"5280039000","emd_name":"상서면","area_km2":0.5278,"edge":false,"slope_mean":24.18,"elev_mean":207.3,"flood_hist_n":0,"flood_depth_max_m":null,"flood_risk_100y":null,"semi_basement_r":null,"elderly_alone_r":0.3763,"bldg_age30_r":null,"shelter_min_walk":126,"pop":1940,"hh":1241,"elderly65_r":0.5216,"single_hh_r":0.6156,"source_level":"emd","flood_years":[],"landslide_hist_n":0},"geometry":{"type":"Polygon","coordinates":[[[126.60481,35.62788],[126.60399,35.62406],[126.60814,35.62203],[126.61312,35.62381],[126.61394,35.62763],[126.60979,35.62966],[126.60481,35.62788]]]}},{"type":"Feature","properties":{"h3":"8830c4423bfffff","emd_code":"5280035000","emd_name":"보안면","area_km2":0.5278,"edge":false,"slope_mean":26.48,"elev_mean":244.1,"flood_hist_n":0,"flood_depth_max_m":null,"flood_risk_100y":null,"semi_basement_r":null,"elderly_alone_r":0.374,"bldg_age30_r":null,"shelter_min_walk":137,"pop":2133,"hh":1401,"elderly65_r":0.5692,"single_hh_r":0.6124,"source_level":"emd","flood_years":[],"landslide_hist_n":0},"geometry":{"type":"Polygon","coordinates":[[[126.61394,35.62763],[126.61312,35.62381],[126.61727,35.62178],[126.62225,35.62357],[126.62307,35.62738],[126.61892,35.62941],[126.61394,35.62763]]]}},{"type":"Feature","properties":{"h3":"8830c4423dfffff","emd_code":"5280037000","emd_name":"진서면","area_km2":0.5278,"edge":false,"slope_mean":22.82,"elev_mean":162.9,"flood_hist_n":0,"flood_depth_max_m":null,"flood_risk_100y":null,"semi_basement_r":null,"elderly_alone_r":0.3392,"bldg_age30_r":null,"shelter_min_walk":125,"pop":2054,"hh":1297,"elderly65_r":0.5005,"single_hh_r":0.5883,"source_level":"emd","flood_years":[],"landslide_hist_n":0},"geometry":{"type":"Polygon","coordinates":[[[126.59901,35.62228],[126.59819,35.61846],[126.60234,35.61643],[126.60732,35.61822],[126.60814,35.62203],[126.60399,35.62406],[126.59901,35.62228]]]}},{"type":"Feature","properties":{"h3":"8830c44241fffff","emd_code":"5280036000","emd_name":"변산면","area_km2":0.5273,"edge":false,"slope_mean":19.89,"elev_mean":99.3,"flood_hist_n":0,"flood_depth_max_m":null,"flood_risk_100y":null,"semi_basement_r":null,"elderly_alone_r":0.2866,"bldg_age30_r":null,"shelter_min_walk":79,"pop":4040,"hh":2509,"elderly65_r":0.4126,"single_hh_r":0.6038,"source_level":"emd","flood_years":[],"landslide_hist_n":0},"geometry":{"type":"Polygon","coordinates":[[[126.57656,35.6459],[126.57574,35.64208],[126.57989,35.64006],[126.58487,35.64184],[126.58569,35.64565],[126.58154,35.64768],[126.57656,35.6459]]]}},{"type":"Feature","properties":{"h3":"8830c44243fffff","emd_code":"5280036000","emd_name":"변산면","area_km2":0.5274,"edge":false,"slope_mean":25.88,"elev_mean":181.5,"flood_hist_n":0,"flood_depth_max_m":null,"flood_risk_100y":null,"semi_basement_r":null,"elderly_alone_r":0.2866,"bldg_age30_r":null,"shelter_min_walk":90,"pop":4040,"hh":2509,"elderly65_r":0.4126,"single_hh_r":0.6038,"source_level":"emd","flood_years":[],"landslide_hist_n":0},"geometry":{"type":"Polygon","coordinates":[[[126.58569,35.64565],[126.58487,35.64184],[126.58902,35.63981],[126.594,35.64159],[126.59482,35.64541],[126.59067,35.64744],[126.58569,35.64565]]]}},{"type":"Feature","properties":{"h3":"8830c44245fffff","emd_code":"5280036000","emd_name":"변산면","area_km2":0.5274,"edge":false,"slope_mean":26.22,"elev_mean":156.9,"flood_hist_n":0,"flood_depth_max_m":null,"flood_risk_100y":null,"semi_basement_r":null,"elderly_alone_r":0.2866,"bldg_age30_r":null,"shelter_min_walk":77,"pop":4040,"hh":2509,"elderly65_r":0.4126,"single_hh_r":0.6038,"source_level":"emd","flood_years":[],"landslide_hist_n":0},"geometry":{"type":"Polygon","coordinates":[[[126.57077,35.6403],[126.56994,35.63649],[126.5741,35.63446],[126.57907,35.63624],[126.57989,35.64006],[126.57574,35.64208],[126.57077,35.6403]]]}},{"type":"Feature","properties":{"h3":"8830c44247fffff","emd_code":"5280036000","emd_name":"변산면","area_km2":0.5274,"edge":false,"slope_mean":24.68,"elev_mean":157.4,"flood_hist_n":0,"flood_depth_max_m":null,"flood_risk_100y":null,"semi_basement_r":null,"elderly_alone_r":0.2866,"bldg_age30_r":null,"shelter_min_walk":87,"pop":4040,"hh":2509,"elderly65_r":0.4126,"single_hh_r":0.6038,"source_level":"emd","flood_years":[],"landslide_hist_n":0},"geometry":{"type":"Polygon","coordinates":[[[126.57989,35.64006],[126.57907,35.63624],[126.58322,35.63421],[126.5882,35.636],[126.58902,35.63981],[126.58487,35.64184],[126.57989,35.64006]]]}},{"type":"Feature","properties":{"h3":"8830c44249fffff","emd_code":"5280036000","emd_name":"변산면","area_km2":0.5272,"edge":false,"slope_mean":18.69,"elev_mean":91.4,"flood_hist_n":0,"flood_depth_max_m":null,"flood_risk_100y":null,"semi_basement_r":null,"elderly_alone_r":0.2866,"bldg_age30_r":null,"shelter_min_walk":71,"pop":4040,"hh":2509,"elderly65_r":0.4126,"single_hh_r":0.6038,"source_level":"emd","flood_years":[],"landslide_hist_n":0},"geometry":{"type":"Polygon","coordinates":[[[126.57324,35.65174],[126.57241,35.64793],[126.57656,35.6459],[126.58154,35.64768],[126.58236,35.65149],[126.57821,35.65352],[126.57324,35.65174]]]}},{"type":"Feature","properties":{"h3":"8830c4424bfffff","emd_code":"5280036000","emd_name":"변산면","area_km2":0.5273,"edge":false,"slope_mean":21.82,"elev_mean":95.9,"flood_hist_n":0,"flood_depth_max_m":null,"flood_risk_100y":null,"semi_basement_r":null,"elderly_alone_r":0.2866,"bldg_age30_r":null,"shelter_min_walk":83,"pop":4040,"hh":2509,"elderly65_r":0.4126,"single_hh_r":0.6038,"source_level":"emd","flood_years":[],"landslide_hist_n":0},"geometry":{"type":"Polygon","coordinates":[[[126.58236,35.65149],[126.58154,35.64768],[126.58569,35.64565],[126.59067,35.64744],[126.59149,35.65125],[126.58734,35.65328],[126.58236,35.65149]]]}},{"type":"Feature","properties":{"h3":"8830c4424dfffff","emd_code":"5280036000","emd_name":"변산면","area_km2":0.5273,"edge":false,"slope_mean":23.21,"elev_mean":147.9,"flood_hist_n":0,"flood_depth_max_m":null,"flood_risk_100y":null,"semi_basement_r":null,"elderly_alone_r":0.2866,"bldg_age30_r":null,"shelter_min_walk":68,"pop":4040,"hh":2509,"elderly65_r":0.4126,"single_hh_r":0.6038,"source_level":"emd","flood_years":[],"landslide_hist_n":0},"geometry":{"type":"Polygon","coordinates":[[[126.56744,35.64614],[126.56661,35.64233],[126.57077,35.6403],[126.57574,35.64208],[126.57656,35.6459],[126.57241,35.64793],[126.56744,35.64614]]]}},{"type":"Feature","properties":{"h3":"8830c44251fffff","emd_code":"5280039000","emd_name":"상서면","area_km2":0.5274,"edge":false,"slope_mean":22.53,"elev_mean":93.3,"flood_hist_n":0,"flood_depth_max_m":null,"flood_risk_100y":null,"semi_basement_r":null,"elderly_alone_r":0.3763,"bldg_age30_r":null,"shelter_min_walk":106,"pop":1940,"hh":1241,"elderly65_r":0.5216,"single_hh_r":0.6156,"source_level":"emd","flood_years":[],"landslide_hist_n":0},"geometry":{"type":"Polygon","coordinates":[[[126.60062,35.651],[126.5998,35.64719],[126.60395,35.64516],[126.60893,35.64694],[126.60975,35.65076],[126.6056,35.65279],[126.60062,35.651]]]}},{"type":"Feature","properties":{"h3":"8830c44253fffff","emd_code":"5280039000","emd_name":"상서면","area_km2":0.5274,"edge":false,"slope_mean":25.22,"elev_mean":195.7,"flood_hist_n":0,"flood_depth_max_m":null,"flood_risk_100y":null,"semi_basement_r":null,"elderly_alone_r":0.3763,"bldg_age30_r":null,"shelter_min_walk":119,"pop":1940,"hh":1241,"elderly65_r":0.5216,"single_hh_r":0.6156,"source_level":"emd","flood_years":[],"landslide_hist_n":0},"geometry":{"type":"Polygon","coordinates":[[[126.60975,35.65076],[126.60893,35.64694],[126.61308,35.64491],[126.61806,35.6467],[126.61888,35.65051],[126.61473,35.65254],[126.60975,35.65076]]]}},{"type":"Feature","properties":{"h3":"8830c44255fffff","emd_code":"5280039000","emd_name":"상서면","area_km2":0.5274,"edge":false,"slope_mean":28.39,"elev_mean":123.6,"flood_hist_n":0,"flood_depth_max_m":null,"flood_risk_100y":null,"semi_basement_r":null,"elderly_alone_r":0.3763,"bldg_age30_r":null,"shelter_min_walk":102,"pop":1940,"hh":1241,"elderly65_r":0.5216,"single_hh_r":0.6156,"source_level":"emd","flood_years":[],"landslide_hist_n":0},"geometry":{"type":"Polygon","coordinates":[[[126.59482,35.64541],[126.594,35.64159],[126.59815,35.63956],[126.60313,35.64135],[126.60395,35.64516],[126.5998,35.64719],[126.59482,35.64541]]]}},{"type":"Feature","properties":{"h3":"8830c44257fffff","emd_code":"5280039000","emd_name":"상서면","area_km2":0.5275,"edge":false,"slope_mean":26.27,"elev_mean":153.1,"flood_hist_n":0,"flood_depth_max_m":null,"flood_risk_100y":null,"semi_basement_r":null,"elderly_alone_r":0.3763,"bldg_age30_r":null,"shelter_min_walk":113,"pop":1940,"hh":1241,"elderly65_r":0.5216,"single_hh_r":0.6156,"source_level":"emd","flood_years":[],"landslide_hist_n":0},"geometry":{"type":"Polygon","coordinates":[[[126.60395,35.64516],[126.60313,35.64135],[126.60728,35.63932],[126.61226,35.6411],[126.61308,35.64491],[126.60893,35.64694],[126.60395,35.64516]]]}},{"type":"Feature","properties":{"h3":"8830c44259fffff","emd_code":"5280039000","emd_name":"상서면","area_km2":0.5272,"edge":false,"slope_mean":27.57,"elev_mean":173.8,"flood_hist_n":0,"flood_depth_max_m":null,"flood_risk_100y":null,"semi_basement_r":null,"elderly_alone_r":0.3763,"bldg_age30_r":null,"shelter_min_walk":100,"pop":1940,"hh":1241,"elderly65_r":0.5216,"single_hh_r":0.6156,"source_level":"emd","flood_years":[],"landslide_hist_n":0},"geometry":{"type":"Polygon","coordinates":[[[126.59729,35.65684],[126.59647,35.65303],[126.60062,35.651],[126.6056,35.65279],[126.60642,35.6566],[126.60227,35.65863],[126.59729,35.65684]]]}},{"type":"Feature","properties":{"h3":"8830c4425bfffff","emd_code":"5280039000","emd_name":"상서면","area_km2":0.5273,"edge":false,"slope_mean":19.32,"elev_mean":94.8,"flood_hist_n":0,"flood_depth_max_m":null,"flood_risk_100y":null,"semi_basement_r":null,"elderly_alone_r":0.3763,"bldg_age30_r":null,"shelter_min_walk":112,"pop":1940,"hh":1241,"elderly65_r":0.5216,"single_hh_r":0.6156,"source_level":"emd","flood_years":[],"landslide_hist_n":0},"geometry":{"type":"Polygon","coordinates":[[[126.60642,35.6566],[126.6056,35.65279],[126.60975,35.65076],[126.61473,35.65254],[126.61555,35.65635],[126.6114,35.65838],[126.60642,35.6566]]]}},{"type":"Feature","properties":{"h3":"8830c4425dfffff","emd_code":"5280036000","emd_name":"변산면","area_km2":0.5273,"edge":false,"slope_mean":23.44,"elev_mean":93.6,"flood_hist_n":0,"flood_depth_max_m":null,"flood_risk_100y":null,"semi_basement_r":null,"elderly_alone_r":0.2866,"bldg_age30_r":null,"shelter_min_walk":94,"pop":4040,"hh":2509,"elderly65_r":0.4126,"single_hh_r":0.6038,"source_level":"emd","flood_years":[],"landslide_hist_n":0},"geometry":{"type":"Polygon","coordinates":[[[126.59149,35.65125],[126.59067,35.64744],[126.59482,35.64541],[126.5998,35.64719],[126.60062,35.651],[126.59647,35.65303],[126.59149,35.65125]]]}},{"type":"Feature","properties":{"h3":"8830c44261fffff","emd_code":"5280036000","emd_name":"변산면","area_km2":0.5276,"edge":false,"slope_mean":25.03,"elev_mean":163.9,"flood_hist_n":0,"flood_depth_max_m":null,"flood_risk_100y":null,"semi_basement_r":null,"elderly_alone_r":0.2866,"bldg_age30_r":null,"shelter_min_walk":86,"pop":4040,"hh":2509,"elderly65_r":0.4126,"single_hh_r":0.6038,"source_level":"emd","flood_years":[],"landslide_hist_n":0},"geometry":{"type":"Polygon","coordinates":[[[126.5683,35.62886],[126.56747,35.62504],[126.57163,35.62302],[126.5766,35.6248],[126.57742,35.62861],[126.57327,35.63064],[126.5683,35.62886]]]}},{"type":"Feature","properties":{"h3":"8830c44263fffff","emd_code":"5280036000","emd_name":"변산면","area_km2":0.5276,"edge":false,"slope_mean":29.37,"elev_mean":251.2,"flood_hist_n":0,"flood_depth_max_m":null,"flood_risk_100y":null,"semi_basement_r":null,"elderly_alone_r":0.2866,"bldg_age30_r":null,"shelter_min_walk":96,"pop":4040,"hh":2509,"elderly65_r":0.4126,"single_hh_r":0.6038,"source_level":"emd","flood_years":[],"landslide_hist_n":0},"geometry":{"type":"Polygon","coordinates":[[[126.57742,35.62861],[126.5766,35.6248],[126.58075,35.62277],[126.58573,35.62455],[126.58655,35.62837],[126.5824,35.6304],[126.57742,35.62861]]]}},{"type":"Feature","properties":{"h3":"8830c44265fffff","emd_code":"5280036000","emd_name":"변산면","area_km2":0.5276,"edge":false,"slope_mean":23.2,"elev_mean":226.8,"flood_hist_n":0,"flood_depth_max_m":null,"flood_risk_100y":null,"semi_basement_r":null,"elderly_alone_r":0.2866,"bldg_age30_r":null,"shelter_min_walk":88,"pop":4040,"hh":2509,"elderly65_r":0.4126,"single_hh_r":0.6038,"source_level":"emd","flood_years":[],"landslide_hist_n":0},"geometry":{"type":"Polygon","coordinates":[[[126.5625,35.62326],[126.56168,35.61945],[126.56583,35.61742],[126.5708,35.6192],[126.57163,35.62302],[126.56747,35.62504],[126.5625,35.62326]]]}},{"type":"Feature","properties":{"h3":"8830c44267fffff","emd_code":"5280037000","emd_name":"진서면","area_km2":0.5277,"edge":false,"slope_mean":26.15,"elev_mean":208.8,"flood_hist_n":0,"flood_depth_max_m":null,"flood_risk_100y":null,"semi_basement_r":null,"elderly_alone_r":0.3392,"bldg_age30_r":null,"shelter_min_walk":97,"pop":2054,"hh":1297,"elderly65_r":0.5005,"single_hh_r":0.5883,"source_level":"emd","flood_years":[],"landslide_hist_n":0},"geometry":{"type":"Polygon","coordinates":[[[126.57163,35.62302],[126.5708,35.6192],[126.57495,35.61717],[126.57993,35.61896],[126.58075,35.62277],[126.5766,35.6248],[126.57163,35.62302]]]}},{"type":"Feature","properties":{"h3":"8830c44269fffff","emd_code":"5280036000","emd_name":"변산면","area_km2":0.5274,"edge":false,"slope_mean":23.9,"elev_mean":146.7,"flood_hist_n":0,"flood_depth_max_m":null,"flood_risk_100y":null,"semi_basement_r":null,"elderly_alone_r":0.2866,"bldg_age30_r":null,"shelter_min_walk":76,"pop":4040,"hh":2509,"elderly65_r":0.4126,"single_hh_r":0.6038,"source_level":"emd","flood_years":[],"landslide_hist_n":0},"geometry":{"type":"Polygon","coordinates":[[[126.56497,35.6347],[126.56414,35.63089],[126.5683,35.62886],[126.57327,35.63064],[126.5741,35.63446],[126.56994,35.63649],[126.56497,35.6347]]]}},{"type":"Feature","properties":{"h3":"8830c4426bfffff","emd_code":"5280036000","emd_name":"변산면","area_km2":0.5275,"edge":false,"slope_mean":24.99,"elev_mean":150.6,"flood_hist_n":0,"flood_depth_max_m":null,"flood_risk_100y":null,"semi_basement_r":null,"elderly_alone_r":0.2866,"bldg_age30_r":null,"shelter_min_walk":86,"pop":4040,"hh":2509,"elderly65_r":0.4126,"single_hh_r":0.6038,"source_level":"emd","flood_years":[],"landslide_hist_n":0},"geometry":{"type":"Polygon","coordinates":[[[126.5741,35.63446],[126.57327,35.63064],[126.57742,35.62861],[126.5824,35.6304],[126.58322,35.63421],[126.57907,35.63624],[126.5741,35.63446]]]}},{"type":"Feature","properties":{"h3":"8830c4426dfffff","emd_code":"5280036000","emd_name":"변산면","area_km2":0.5275,"edge":false,"slope_mean":22.26,"elev_mean":226.1,"flood_hist_n":0,"flood_depth_max_m":null,"flood_risk_100y":null,"semi_basement_r":null,"elderly_alone_r":0.2866,"bldg_age30_r":null,"shelter_min_walk":78,"pop":4040,"hh":2509,"elderly65_r":0.4126,"single_hh_r":0.6038,"source_level":"emd","flood_years":[],"landslide_hist_n":0},"geometry":{"type":"Polygon","coordinates":[[[126.55917,35.6291],[126.55835,35.62529],[126.5625,35.62326],[126.56747,35.62504],[126.5683,35.62886],[126.56414,35.63089],[126.55917,35.6291]]]}},{"type":"Feature","properties":{"h3":"8830c44281fffff","emd_code":"5280035000","emd_name":"보안면","area_km2":0.5279,"edge":false,"slope_mean":11.55,"elev_mean":64.2,"flood_hist_n":0,"flood_depth_max_m":null,"flood_risk_100y":null,"semi_basement_r":null,"elderly_alone_r":0.374,"bldg_age30_r":null,"shelter_min_walk":179,"pop":2133,"hh":1401,"elderly65_r":0.5692,"single_hh_r":0.6124,"source_level":"emd","flood_years":[],"landslide_hist_n":0},"geometry":{"type":"Polygon","coordinates":[[[126.65627,35.63223],[126.65544,35.62841],[126.6596,35.62638],[126.66457,35.62816],[126.6654,35.63198],[126.66124,35.63401],[126.65627,35.63223]]]}},{"type":"Feature","properties":{"h3":"8830c44283fffff","emd_code":"5280035000","emd_name":"보안면","area_km2":0.528,"edge":false,"slope_mean":4.08,"elev_mean":28.4,"flood_hist_n":0,"flood_depth_max_m":null,"flood_risk_100y":null,"semi_basement_r":null,"elderly_alone_r":0.374,"bldg_age30_r":null,"shelter_min_walk":173,"pop":2133,"hh":1401,"elderly65_r":0.5692,"single_hh_r":0.6124,"source_level":"emd","flood_years":[],"landslide_hist_n":0},"geometry":{"type":"Polygon","coordinates":[[[126.6654,35.63198],[126.66457,35.62816],[126.66873,35.62613],[126.67371,35.62791],[126.67453,35.63172],[126.67038,35.63376],[126.6654,35.63198]]]}},{"type":"Feature","properties":{"h3":"8830c44285fffff","emd_code":"5280035000","emd_name":"보안면","area_km2":0.528,"edge":false,"slope_mean":17.01,"elev_mean":84.5,"flood_hist_n":0,"flood_depth_max_m":null,"flood_risk_100y":null,"semi_basement_r":null,"elderly_alone_r":0.374,"bldg_age30_r":null,"shelter_min_walk":183,"pop":2133,"hh":1401,"elderly65_r":0.5692,"single_hh_r":0.6124,"source_level":"emd","flood_years":[],"landslide_hist_n":0},"geometry":{"type":"Polygon","coordinates":[[[126.65046,35.62663],[126.64964,35.62282],[126.65379,35.62078],[126.65877,35.62257],[126.6596,35.62638],[126.65544,35.62841],[126.65046,35.62663]]]}},{"type":"Feature","properties":{"h3":"8830c44287fffff","emd_code":"5280035000","emd_name":"보안면","area_km2":0.5281,"edge":false,"slope_mean":2.85,"elev_mean":22.7,"flood_hist_n":0,"flood_depth_max_m":null,"flood_risk_100y":null,"semi_basement_r":null,"elderly_alone_r":0.374,"bldg_age30_r":null,"shelter_min_walk":185,"pop":2133,"hh":1401,"elderly65_r":0.5692,"single_hh_r":0.6124,"source_level":"emd","flood_years":[],"landslide_hist_n":0},"geometry":{"type":"Polygon","coordinates":[[[126.6596,35.62638],[126.65877,35.62257],[126.66293,35.62053],[126.6679,35.62231],[126.66873,35.62613],[126.66457,35.62816],[126.6596,35.62638]]]}},{"type":"Feature","properties":{"h3":"8830c44289fffff","emd_code":"5280035000","emd_name":"보안면","area_km2":0.5278,"edge":false,"slope_mean":20.1,"elev_mean":130.5,"flood_hist_n":0,"flood_depth_max_m":null,"flood_risk_100y":null,"semi_basement_r":null,"elderly_alone_r":0.374,"bldg_age30_r":null,"shelter_min_walk":174,"pop":2133,"hh":1401,"elderly65_r":0.5692,"single_hh_r":0.6124,"source_level":"emd","flood_years":[],"landslide_hist_n":0},"geometry":{"type":"Polygon","coordinates":[[[126.65294,35.63807],[126.65211,35.63426],[126.65627,35.63223],[126.66124,35.63401],[126.66207,35.63782],[126.65791,35.63986],[126.65294,35.63807]]]}},{"type":"Feature","properties":{"h3":"8830c4428bfffff","emd_code":"5280035000","emd_name":"보안면","area_km2":0.5279,"edge":false,"slope_mean":4.46,"elev_mean":40.3,"flood_hist_n":0,"flood_depth_max_m":null,"flood_risk_100y":null,"semi_basement_r":null,"elderly_alone_r":0.374,"bldg_age30_r":null,"shelter_min_walk":167,"pop":2133,"hh":1401,"elderly65_r":0.5692,"single_hh_r":0.6124,"source_level":"emd","flood_years":[],"landslide_hist_n":0},"geometry":{"type":"Polygon","coordinates":[[[126.66207,35.63782],[126.66124,35.63401],[126.6654,35.63198],[126.67038,35.63376],[126.6712,35.63757],[126.66705,35.6396],[126.66207,35.63782]]]}},{"type":"Feature","properties":{"h3":"8830c4428dfffff","emd_code":"5280035000","emd_name":"보안면","area_km2":0.5279,"edge":false,"slope_mean":22.26,"elev_mean":169.2,"flood_hist_n":0,"flood_depth_max_m":null,"flood_risk_100y":null,"semi_basement_r":null,"elderly_alone_r":0.374,"bldg_age30_r":null,"shelter_min_walk":175,"pop":2133,"hh":1401,"elderly65_r":0.5692,"single_hh_r":0.6124,"source_level":"emd","flood_years":[],"landslide_hist_n":1},"geometry":{"type":"Polygon","coordinates":[[[126.64713,35.63248],[126.64631,35.62866],[126.65046,35.62663],[126.65544,35.62841],[126.65627,35.63223],[126.65211,35.63426],[126.64713,35.63248]]]}},{"type":"Feature","properties":{"h3":"8830c44291fffff","emd_code":"5280035000","emd_name":"보안면","area_km2":0.528,"edge":false,"slope_mean":12.1,"elev_mean":64.5,"flood_hist_n":0,"flood_depth_max_m":null,"flood_risk_100y":null,"semi_basement_r":null,"elderly_alone_r":0.374,"bldg_age30_r":null,"shelter_min_walk":156,"pop":2133,"hh":1401,"elderly65_r":0.5692,"single_hh_r":0.6124,"source_level":"emd","flood_years":[],"landslide_hist_n":0},"geometry":{"type":"Polygon","coordinates":[[[126.68034,35.63732],[126.67951,35.63351],[126.68367,35.63147],[126.68865,35.63325],[126.68947,35.63707],[126.68532,35.6391],[126.68034,35.63732]]]}},{"type":"Feature","properties":{"h3":"8830c44293fffff","emd_code":"5280035000","emd_name":"보안면","area_km2":0.528,"edge":false,"slope_mean":6.63,"elev_mean":28.6,"flood_hist_n":0,"flood_depth_max_m":null,"flood_risk_100y":null,"semi_basement_r":null,"elderly_alone_r":0.374,"bldg_age30_r":null,"shelter_min_walk":152,"pop":2133,"hh":1401,"elderly65_r":0.5692,"single_hh_r":0.6124,"source_level":"emd","flood_years":[],"landslide_hist_n":0},"geometry":{"type":"Polygon","coordinates":[[[126.68947,35.63707],[126.68865,35.63325],[126.6928,35.63122],[126.69778,35.633],[126.69861,35.63681],[126.69445,35.63885],[126.68947,35.63707]]]}},{"type":"Feature","properties":{"h3":"8830c44295fffff","emd_code":"5280035000","emd_name":"보안면","area_km2":0.528,"edge":false,"slope_mean":6.05,"elev_mean":29.1,"flood_hist_n":0,"flood_depth_max_m":null,"flood_risk_100y":null,"semi_basement_r":null,"elderly_alone_r":0.374,"bldg_age30_r":null,"shelter_min_walk":168,"pop":2133,"hh":1401,"elderly65_r":0.5692,"single_hh_r":0.6124,"source_level":"emd","flood_years":[],"landslide_hist_n":0},"geometry":{"type":"Polygon","coordinates":[[[126.67453,35.63172],[126.67371,35.62791],[126.67786,35.62588],[126.68284,35.62766],[126.68367,35.63147],[126.67951,35.63351],[126.67453,35.63172]]]}},{"type":"Feature","properties":{"h3":"8830c44297fffff","emd_code":"5280035000","emd_name":"보안면","area_km2":0.5281,"edge":false,"slope_mean":4.55,"elev_mean":23.6,"flood_hist_n":0,"flood_depth_max_m":null,"flood_risk_100y":null,"semi_basement_r":null,"elderly_alone_r":0.374,"bldg_age30_r":null,"shelter_min_walk":163,"pop":2133,"hh":1401,"elderly65_r":0.5692,"single_hh_r":0.6124,"source_level":"emd","flood_years":[],"landslide_hist_n":0},"geometry":{"type":"Polygon","coordinates":[[[126.68367,35.63147],[126.68284,35.62766],[126.687,35.62562],[126.69198,35.6274],[126.6928,35.63122],[126.68865,35.63325],[126.68367,35.63147]]]}},{"type":"Feature","properties":{"h3":"8830c44299fffff","emd_code":"5280035000","emd_name":"보안면","area_km2":0.5279,"edge":false,"slope_mean":11.01,"elev_mean":57.7,"flood_hist_n":0,"flood_depth_max_m":null,"flood_risk_100y":null,"semi_basement_r":null,"elderly_alone_r":0.374,"bldg_age30_r":null,"shelter_min_walk":149,"pop":2133,"hh":1401,"elderly65_r":0.5692,"single_hh_r":0.6124,"source_level":"emd","flood_years":[],"landslide_hist_n":0},"geometry":{"type":"Polygon","coordinates":[[[126.67701,35.64317],[126.67618,35.63935],[126.68034,35.63732],[126.68532,35.6391],[126.68614,35.64291],[126.68199,35.64495],[126.67701,35.64317]]]}},{"type":"Feature","properties":{"h3":"8830c4429bfffff","emd_code":"5280035000","emd_name":"보안면","area_km2":0.5279,"edge":false,"slope_mean":5.74,"elev_mean":31.5,"flood_hist_n":0,"flood_depth_max_m":null,"flood_risk_100y":null,"semi_basement_r":null,"elderly_alone_r":0.374,"bldg_age30_r":null,"shelter_min_walk":144,"pop":2133,"hh":1401,"elderly65_r":0.5692,"single_hh_r":0.6124,"source_level":"emd","flood_years":[],"landslide_hist_n":0},"geometry":{"type":"Polygon","coordinates":[[[126.68614,35.64291],[126.68532,35.6391],[126.68947,35.63707],[126.69445,35.63885],[126.69527,35.64266],[126.69112,35.64469],[126.68614,35.64291]]]}},{"type":"Feature","properties":{"h3":"8830c4429dfffff","emd_code":"5280035000","emd_name":"보안면","area_km2":0.5279,"edge":false,"slope_mean":11.42,"elev_mean":53.0,"flood_hist_n":0,"flood_depth_max_m":null,"flood_risk_100y":null,"semi_basement_r":null,"elderly_alone_r":0.374,"bldg_age30_r":null,"shelter_min_walk":161,"pop":2133,"hh":1401,"elderly65_r":0.5692,"single_hh_r":0.6124,"source_level":"emd","flood_years":[],"landslide_hist_n":0},"geometry":{"type":"Polygon","coordinates":[[[126.6712,35.63757],[126.67038,35.63376],[126.67453,35.63172],[126.67951,35.63351],[126.68034,35.63732],[126.67618,35.63935],[126.6712,35.63757]]]}},{"type":"Feature","properties":{"h3":"8830c442a1fffff","emd_code":"5280035000","emd_name":"보안면","area_km2":0.5282,"edge":false,"slope_mean":5.0,"elev_mean":17.4,"flood_hist_n":0,"flood_depth_max_m":null,"flood_risk_100y":null,"semi_basement_r":null,"elderly_alone_r":0.374,"bldg_age30_r":null,"shelter_min_walk":188,"pop":2133,"hh":1401,"elderly65_r":0.5692,"single_hh_r":0.6124,"source_level":"emd","flood_years":[],"landslide_hist_n":0},"geometry":{"type":"Polygon","coordinates":[[[126.64799,35.61519],[126.64717,35.61137],[126.65132,35.60934],[126.6563,35.61112],[126.65712,35.61493],[126.65297,35.61697],[126.64799,35.61519]]]}},{"type":"Feature","properties":{"h3":"8830c442a3fffff","emd_code":"5280035000","emd_name":"보안면","area_km2":0.5282,"edge":false,"slope_mean":3.66,"elev_mean":14.2,"flood_hist_n":0,"flood_depth_max_m":null,"flood_risk_100y":null,"semi_basement_r":null,"elderly_alone_r":0.374,"bldg_age30_r":null,"shelter_min_walk":199,"pop":2133,"hh":1401,"elderly65_r":0.5692,"single_hh_r":0.6124,"source_level":"emd","flood_years":[],"landslide_hist_n":0},"geometry":{"type":"Polygon","coordinates":[[[126.65712,35.61493],[126.6563,35.61112],[126.66045,35.60909],[126.66543,35.61087],[126.66626,35.61468],[126.6621,35.61672],[126.65712,35.61493]]]}},{"type":"Feature","properties":{"h3":"8830c442a5fffff","emd_code":"5280035000","emd_name":"보안면","area_km2":0.5282,"edge":false,"slope_mean":3.98,"elev_mean":12.4,"flood_hist_n":0,"flood_depth_max_m":null,"flood_risk_100y":null,"semi_basement_r":null,"elderly_alone_r":0.374,"bldg_age30_r":null,"shelter_min_walk":185,"pop":2133,"hh":1401,"elderly65_r":0.5692,"single_hh_r":0.6124,"source_level":"emd","flood_years":[],"landslide_hist_n":0},"geometry":{"type":"Polygon","coordinates":[[[126.64219,35.60959],[126.64137,35.60577],[126.64552,35.60374],[126.6505,35.60552],[126.65132,35.60934],[126.64717,35.61137],[126.64219,35.60959]]]}},{"type":"Feature","properties":{"h3":"8830c442a7fffff","emd_code":"5280035000","emd_name":"보안면","area_km2":0.5283,"edge":false,"slope_mean":4.32,"elev_mean":11.3,"flood_hist_n":0,"flood_depth_max_m":null,"flood_risk_100y":null,"semi_basement_r":null,"elderly_alone_r":0.374,"bldg_age30_r":null,"shelter_min_walk":196,"pop":2133,"hh":1401,"elderly65_r":0.5692,"single_hh_r":0.6124,"source_level":"emd","flood_years":[],"landslide_hist_n":0},"geometry":{"type":"Polygon","coordinates":[[[126.65132,35.60934],[126.6505,35.60552],[126.65465,35.60349],[126.65963,35.60527],[126.66045,35.60909],[126.6563,35.61112],[126.65132,35.60934]]]}},{"type":"Feature","properties":{"h3":"8830c442a9fffff","emd_code":"5280035000","emd_name":"보안면","area_km2":0.5281,"edge":false,"slope_mean":15.33,"elev_mean":62.1,"flood_hist_n":0,"flood_depth_max_m":null,"flood_risk_100y":null,"semi_basement_r":null,"elderly_alone_r":0.374,"bldg_age30_r":null,"shelter_min_walk":179,"pop":2133,"hh":1401,"elderly65_r":0.5692,"single_hh_r":0.6124,"source_level":"emd","flood_years":[],"landslide_hist_n":0},"geometry":{"type":"Polygon","coordinates":[[[126.64466,35.62103],[126.64384,35.61722],[126.64799,35.61519],[126.65297,35.61697],[126.65379,35.62078],[126.64964,35.62282],[126.64466,35.62103]]]}},{"type":"Feature","properties":{"h3":"8830c442abfffff","emd_code":"5280035000","emd_name":"보안면","area_km2":0.5281,"edge":false,"slope_mean":5.03,"elev_mean":25.9,"flood_hist_n":0,"flood_depth_max_m":null,"flood_risk_100y":null,"semi_basement_r":null,"elderly_alone_r":0.374,"bldg_age30_r":null,"shelter_min_walk":191,"pop":2133,"hh":1401,"elderly65_r":0.5692,"single_hh_r":0.6124,"source_level":"emd","flood_years":[],"landslide_hist_n":0},"geometry":{"type":"Polygon","coordinates":[[[126.65379,35.62078],[126.65297,35.61697],[126.65712,35.61493],[126.6621,35.61672],[126.66293,35.62053],[126.65877,35.62257],[126.65379,35.62078]]]}},{"type":"Feature","properties":{"h3":"8830c442adfffff","emd_code":"5280035000","emd_name":"보안면","area_km2":0.5281,"edge":false,"slope_mean":8.63,"elev_mean":29.7,"flood_hist_n":0,"flood_depth_max_m":null,"flood_risk_100y":null,"semi_basement_r":null,"elderly_alone_r":0.374,"bldg_age30_r":null,"shelter_min_walk":177,"pop":2133,"hh":1401,"elderly65_r":0.5692,"single_hh_r":0.6124,"source_level":"emd","flood_years":[],"landslide_hist_n":0},"geometry":{"type":"Polygon","coordinates":[[[126.63886,35.61544],[126.63804,35.61162],[126.64219,35.60959],[126.64717,35.61137],[126.64799,35.61519],[126.64384,35.61722],[126.63886,35.61544]]]}},{"type":"Feature","properties":{"h3":"8830c442b1fffff","emd_code":"5280035000","emd_name":"보안면","area_km2":0.5282,"edge":false,"slope_mean":4.23,"elev_mean":21.2,"flood_hist_n":0,"flood_depth_max_m":null,"flood_risk_100y":null,"semi_basement_r":null,"elderly_alone_r":0.374,"bldg_age30_r":null,"shelter_min_walk":186,"pop":2133,"hh":1401,"elderly65_r":0.5692,"single_hh_r":0.6124,"source_level":"emd","flood_years":[],"landslide_hist_n":0},"geometry":{"type":"Polygon","coordinates":[[[126.67206,35.62028],[126.67123,35.61646],[126.67539,35.61443],[126.68037,35.61621],[126.68119,35.62003],[126.67704,35.62206],[126.67206,35.62028]]]}},{"type":"Feature","properties":{"h3":"8830c442b3fffff","emd_code":"5280035000","emd_name":"보안면","area_km2":0.5283,"edge":false,"slope_mean":2.21,"elev_mean":11.3,"flood_hist_n":0,"flood_depth_max_m":null,"flood_risk_100y":null,"semi_basement_r":null,"elderly_alone_r":0.374,"bldg_age30_r":null,"shelter_min_walk":182,"pop":2133,"hh":1401,"elderly65_r":0.5692,"single_hh_r":0.6124,"source_level":"emd","flood_years":[],"landslide_hist_n":0},"geometry":{"type":"Polygon","coordinates":[[[126.68119,35.62003],[126.68037,35.61621],[126.68452,35.61418],[126.6895,35.61596],[126.69033,35.61977],[126.68617,35.62181],[126.68119,35.62003]]]}},{"type":"Feature","properties":{"h3":"8830c442b5fffff","emd_code":"5280035000","emd_name":"보안면","area_km2":0.5283,"edge":false,"slope_mean":3.54,"elev_mean":11.7,"flood_hist_n":0,"flood_depth_max_m":null,"flood_risk_100y":null,"semi_basement_r":null,"elderly_alone_r":0.374,"bldg_age30_r":null,"shelter_min_walk":198,"pop":2133,"hh":1401,"elderly65_r":0.5692,"single_hh_r":0.6124,"source_level":"emd","flood_years":[],"landslide_hist_n":0},"geometry":{"type":"Polygon","coordinates":[[[126.66626,35.61468],[126.66543,35.61087],[126.66959,35.60883],[126.67456,35.61061],[126.67539,35.61443],[126.67123,35.61646],[126.66626,35.61468]]]}},{"type":"Feature","properties":{"h3":"8830c442b7fffff","emd_code":"5280035000","emd_name":"보안면","area_km2":0.5283,"edge":false,"slope_mean":4.9,"elev_mean":19.8,"flood_hist_n":0,"flood_depth_max_m":null,"flood_risk_100y":null,"semi_basement_r":null,"elderly_alone_r":0.374,"bldg_age30_r":null,"shelter_min_walk":194,"pop":2133,"hh":1401,"elderly65_r":0.5692,"single_hh_r":0.6124,"source_level":"emd","flood_years":[],"landslide_hist_n":0},"geometry":{"type":"Polygon","coordinates":[[[126.67539,35.61443],[126.67456,35.61061],[126.67872,35.60858],[126.6837,35.61036],[126.68452,35.61418],[126.68037,35.61621],[126.67539,35.61443]]]}},{"type":"Feature","properties":{"h3":"8830c442b9fffff","emd_code":"5280035000","emd_name":"보안면","area_km2":0.5281,"edge":false,"slope_mean":4.31,"elev_mean":23.2,"flood_hist_n":0,"flood_depth_max_m":null,"flood_risk_100y":null,"semi_basement_r":null,"elderly_alone_r":0.374,"bldg_age30_r":null,"shelter_min_walk":180,"pop":2133,"hh":1401,"elderly65_r":0.5692,"single_hh_r":0.6124,"source_level":"emd","flood_years":[],"landslide_hist_n":0},"geometry":{"type":"Polygon","coordinates":[[[126.66873,35.62613],[126.6679,35.62231],[126.67206,35.62028],[126.67704,35.62206],[126.67786,35.62588],[126.67371,35.62791],[126.66873,35.62613]]]}},{"type":"Feature","properties":{"h3":"8830c442bbfffff","emd_code":"5280035000","emd_name":"보안면","area_km2":0.5282,"edge":false,"slope_mean":2.78,"elev_mean":17.1,"flood_hist_n":0,"flood_depth_max_m":null,"flood_risk_100y":null,"semi_basement_r":null,"elderly_alone_r":0.374,"bldg_age30_r":null,"shelter_min_walk":175,"pop":2133,"hh":1401,"elderly65_r":0.5692,"single_hh_r":0.6124,"source_level":"emd","flood_years":[],"landslide_hist_n":0},"geometry":{"type":"Polygon","coordinates":[[[126.67786,35.62588],[126.67704,35.62206],[126.68119,35.62003],[126.68617,35.62181],[126.687,35.62562],[126.68284,35.62766],[126.67786,35.62588]]]}},{"type":"Feature","properties":{"h3":"8830c442bdfffff","emd_code":"5280035000","emd_name":"보안면","area_km2":0.5282,"edge":false,"slope_mean":2.74,"elev_mean":15.2,"flood_hist_n":0,"flood_depth_max_m":null,"flood_risk_100y":null,"semi_basement_r":null,"elderly_alone_r":0.374,"bldg_age30_r":null,"shelter_min_walk":191,"pop":2133,"hh":1401,"elderly65_r":0.5692,"single_hh_r":0.6124,"source_level":"emd","flood_years":[],"landslide_hist_n":0},"geometry":{"type":"Polygon","coordinates":[[[126.66293,35.62053],[126.6621,35.61672],[126.66626,35.61468],[126.67123,35.61646],[126.67206,35.62028],[126.6679,35.62231],[126.66293,35.62053]]]}},{"type":"Feature","properties":{"h3":"8830c442c1fffff","emd_code":"5280039000","emd_name":"상서면","area_km2":0.5277,"edge":false,"slope_mean":21.49,"elev_mean":261.4,"flood_hist_n":0,"flood_depth_max_m":null,"flood_risk_100y":null,"semi_basement_r":null,"elderly_alone_r":0.3763,"bldg_age30_r":null,"shelter_min_walk":161,"pop":1940,"hh":1241,"elderly65_r":0.5216,"single_hh_r":0.6156,"source_level":"emd","flood_years":[],"landslide_hist_n":0},"geometry":{"type":"Polygon","coordinates":[[[126.64047,35.64417],[126.63965,35.64036],[126.6438,35.63832],[126.64878,35.64011],[126.64961,35.64392],[126.64545,35.64595],[126.64047,35.64417]]]}},{"type":"Feature","properties":{"h3":"8830c442c3fffff","emd_code":"5280035000","emd_name":"보안면","area_km2":0.5277,"edge":false,"slope_mean":21.04,"elev_mean":170.0,"flood_hist_n":0,"flood_depth_max_m":null,"flood_risk_100y":null,"semi_basement_r":null,"elderly_alone_r":0.374,"bldg_age30_r":null,"shelter_min_walk":169,"pop":2133,"hh":1401,"elderly65_r":0.5692,"single_hh_r":0.6124,"source_level":"emd","flood_years":[],"landslide_hist_n":0},"geometry":{"type":"Polygon","coordinates":[[[126.64961,35.64392],[126.64878,35.64011],[126.65294,35.63807],[126.65791,35.63986],[126.65874,35.64367],[126.65458,35.6457],[126.64961,35.64392]]]}},{"type":"Feature","properties":{"h3":"8830c442c5fffff","emd_code":"5280039000","emd_name":"상서면","area_km2":0.5277,"edge":false,"slope_mean":20.12,"elev_mean":232.8,"flood_hist_n":0,"flood_depth_max_m":null,"flood_risk_100y":null,"semi_basement_r":null,"elderly_alone_r":0.3763,"bldg_age30_r":null,"shelter_min_walk":156,"pop":1940,"hh":1241,"elderly65_r":0.5216,"single_hh_r":0.6156,"source_level":"emd","flood_years":[],"landslide_hist_n":0},"geometry":{"type":"Polygon","coordinates":[[[126.63467,35.63857],[126.63385,35.63476],[126.638,35.63273],[126.64298,35.63451],[126.6438,35.63832],[126.63965,35.64036],[126.63467,35.63857]]]}},{"type":"Feature","properties":{"h3":"8830c442c7fffff","emd_code":"5280035000","emd_name":"보안면","area_km2":0.5278,"edge":false,"slope_mean":21.47,"elev_mean":295.5,"flood_hist_n":0,"flood_depth_max_m":null,"flood_risk_100y":null,"semi_basement_r":null,"elderly_alone_r":0.374,"bldg_age30_r":null,"shelter_min_walk":168,"pop":2133,"hh":1401,"elderly65_r":0.5692,"single_hh_r":0.6124,"source_level":"emd","flood_years":[],"landslide_hist_n":0},"geometry":{"type":"Polygon","coordinates":[[[126.6438,35.63832],[126.64298,35.63451],[126.64713,35.63248],[126.65211,35.63426],[126.65294,35.63807],[126.64878,35.64011],[126.6438,35.63832]]]}},{"type":"Feature","properties":{"h3":"8830c442c9fffff","emd_code":"5280039000","emd_name":"상서면","area_km2":0.5276,"edge":false,"slope_mean":22.69,"elev_mean":222.0,"flood_hist_n":0,"flood_depth_max_m":null,"flood_risk_100y":null,"semi_basement_r":null,"elderly_alone_r":0.3763,"bldg_age30_r":null,"shelter_min_walk":155,"pop":1940,"hh":1241,"elderly65_r":0.5216,"single_hh_r":0.6156,"source_level":"emd","flood_years":[],"landslide_hist_n":0},"geometry":{"type":"Polygon","coordinates":[[[126.63714,35.65001],[126.63632,35.6462],[126.64047,35.64417],[126.64545,35.64595],[126.64628,35.64976],[126.64212,35.65179],[126.63714,35.65001]]]}},{"type":"Feature","properties":{"h3":"8830c442cbfffff","emd_code":"5280035000","emd_name":"보안면","area_km2":0.5276,"edge":false,"slope_mean":22.23,"elev_mean":226.9,"flood_hist_n":0,"flood_depth_max_m":null,"flood_risk_100y":null,"semi_basement_r":null,"elderly_alone_r":0.374,"bldg_age30_r":null,"shelter_min_walk":165,"pop":2133,"hh":1401,"elderly65_r":0.5692,"single_hh_r":0.6124,"source_level":"emd","flood_years":[],"landslide_hist_n":0},"geometry":{"type":"Polygon","coordinates":[[[126.64628,35.64976],[126.64545,35.64595],[126.64961,35.64392],[126.65458,35.6457],[126.65541,35.64951],[126.65125,35.65155],[126.64628,35.64976]]]}},{"type":"Feature","properties":{"h3":"8830c442cdfffff","emd_code":"5280039000","emd_name":"상서면","area_km2":0.5276,"edge":false,"slope_mean":18.93,"elev_mean":157.9,"flood_hist_n":0,"flood_depth_max_m":null,"flood_risk_100y":null,"semi_basement_r":null,"elderly_alone_r":0.3763,"bldg_age30_r":null,"shelter_min_walk":149,"pop":1940,"hh":1241,"elderly65_r":0.5216,"single_hh_r":0.6156,"source_level":"emd","flood_years":[],"landslide_hist_n":0},"geometry":{"type":"Polygon","coordinates":[[[126.63134,35.64442],[126.63052,35.6406],[126.63467,35.63857],[126.63965,35.64036],[126.64047,35.64417],[126.63632,35.6462],[126.63134,35.64442]]]}},{"type":"Feature","properties":{"h3":"8830c442d1fffff","emd_code":"5280039000","emd_name":"상서면","area_km2":0.5277,"edge":false,"slope_mean":10.9,"elev_mean":57.7,"flood_hist_n":0,"flood_depth_max_m":null,"flood_risk_100y":null,"semi_basement_r":null,"elderly_alone_r":0.3763,"bldg_age30_r":null,"shelter_min_walk":150,"pop":1940,"hh":1241,"elderly65_r":0.5216,"single_hh_r":0.6156,"source_level":"emd","flood_years":[],"landslide_hist_n":0},"geometry":{"type":"Polygon","coordinates":[[[126.66454,35.64926],[126.66372,35.64545],[126.66787,35.64342],[126.67285,35.6452],[126.67368,35.64901],[126.66952,35.65104],[126.66454,35.64926]]]}},{"type":"Feature","properties":{"h3":"8830c442d3fffff","emd_code":"5280031000","emd_name":"주산면","area_km2":0.5278,"edge":false,"slope_mean":14.69,"elev_mean":71.6,"flood_hist_n":0,"flood_depth_max_m":null,"flood_risk_100y":null,"semi_basement_r":null,"elderly_alone_r":0.3593,"bldg_age30_r":null,"shelter_min_walk":143,"pop":1695,"hh":1116,"elderly65_r":0.5558,"single_hh_r":0.6147,"source_level":"emd","flood_years":[],"landslide_hist_n":0},"geometry":{"type":"Polygon","coordinates":[[[126.67368,35.64901],[126.67285,35.6452],[126.67701,35.64317],[126.68199,35.64495],[126.68281,35.64876],[126.67866,35.65079],[126.67368,35.64901]]]}},{"type":"Feature","properties":{"h3":"8830c442d5fffff","emd_code":"5280035000","emd_name":"보안면","area_km2":0.5278,"edge":false,"slope_mean":14.53,"elev_mean":83.5,"flood_hist_n":0,"flood_depth_max_m":null,"flood_risk_100y":null,"semi_basement_r":null,"elderly_alone_r":0.374,"bldg_age30_r":null,"shelter_min_walk":162,"pop":2133,"hh":1401,"elderly65_r":0.5692,"single_hh_r":0.6124,"source_level":"emd","flood_years":[],"landslide_hist_n":0},"geometry":{"type":"Polygon","coordinates":[[[126.65874,35.64367],[126.65791,35.63986],[126.66207,35.63782],[126.66705,35.6396],[126.66787,35.64342],[126.66372,35.64545],[126.65874,35.64367]]]}},{"type":"Feature","properties":{"h3":"8830c442d7fffff","emd_code":"5280035000","emd_name":"보안면","area_km2":0.5278,"edge":false,"slope_mean":11.89,"elev_mean":65.5,"flood_hist_n":0,"flood_depth_max_m":null,"flood_risk_100y":null,"semi_basement_r":null,"elderly_alone_r":0.374,"bldg_age30_r":null,"shelter_min_walk":155,"pop":2133,"hh":1401,"elderly65_r":0.5692,"single_hh_r":0.6124,"source_level":"emd","flood_years":[],"landslide_hist_n":0},"geometry":{"type":"Polygon","coordinates":[[[126.66787,35.64342],[126.66705,35.6396],[126.6712,35.63757],[126.67618,35.63935],[126.67701,35.64317],[126.67285,35.6452],[126.66787,35.64342]]]}},{"type":"Feature","properties":{"h3":"8830c442d9fffff","emd_code":"5280039000","emd_name":"상서면","area_km2":0.5276,"edge":false,"slope_mean":10.75,"elev_mean":68.0,"flood_hist_n":0,"flood_depth_max_m":null,"flood_risk_100y":null,"semi_basement_r":null,"elderly_alone_r":0.3763,"bldg_age30_r":null,"shelter_min_walk":145,"pop":1940,"hh":1241,"elderly65_r":0.5216,"single_hh_r":0.6156,"source_level":"emd","flood_years":[],"landslide_hist_n":0},"geometry":{"type":"Polygon","coordinates":[[[126.66121,35.65511],[126.66039,35.65129],[126.66454,35.64926],[126.66952,35.65104],[126.67035,35.65486],[126.66619,35.65689],[126.66121,35.65511]]]}},{"type":"Feature","properties":{"h3":"8830c442dbfffff","emd_code":"5280031000","emd_name":"주산면","area_km2":0.5276,"edge":false,"slope_mean":4.04,"elev_mean":27.5,"flood_hist_n":0,"flood_depth_max_m":null,"flood_risk_100y":null,"semi_basement_r":null,"elderly_alone_r":0.3593,"bldg_age30_r":null,"shelter_min_walk":138,"pop":1695,"hh":1116,"elderly65_r":0.5558,"single_hh_r":0.6147,"source_level":"emd","flood_years":[],"landslide_hist_n":0},"geometry":{"type":"Polygon","coordinates":[[[126.67035,35.65486],[126.66952,35.65104],[126.67368,35.64901],[126.67866,35.65079],[126.67948,35.65461],[126.67532,35.65664],[126.67035,35.65486]]]}},{"type":"Feature","properties":{"h3":"8830c442ddfffff","emd_code":"5280035000","emd_name":"보안면","area_km2":0.5277,"edge":false,"slope_mean":20.94,"elev_mean":152.5,"flood_hist_n":0,"flood_depth_max_m":null,"flood_risk_100y":null,"semi_basement_r":null,"elderly_alone_r":0.374,"bldg_age30_r":null,"shelter_min_walk":157,"pop":2133,"hh":1401,"elderly65_r":0.5692,"single_hh_r":0.6124,"source_level":"emd","flood_years":[],"landslide_hist_n":0},"geometry":{"type":"Polygon","coordinates":[[[126.65541,35.64951],[126.65458,35.6457],[126.65874,35.64367],[126.66372,35.64545],[126.66454,35.64926],[126.66039,35.65129],[126.65541,35.64951]]]}},{"type":"Feature","properties":{"h3":"8830c442e1fffff","emd_code":"5280035000","emd_name":"보안면","area_km2":0.5279,"edge":false,"slope_mean":14.93,"elev_mean":83.1,"flood_hist_n":0,"flood_depth_max_m":null,"flood_risk_100y":null,"semi_basement_r":null,"elderly_alone_r":0.374,"bldg_age30_r":null,"shelter_min_walk":160,"pop":2133,"hh":1401,"elderly65_r":0.5692,"single_hh_r":0.6124,"source_level":"emd","flood_years":[],"landslide_hist_n":0},"geometry":{"type":"Polygon","coordinates":[[[126.6322,35.62713],[126.63138,35.62332],[126.63553,35.62128],[126.64051,35.62307],[126.64133,35.62688],[126.63718,35.62891],[126.6322,35.62713]]]}},{"type":"Feature","properties":{"h3":"8830c442e3fffff","emd_code":"5280035000","emd_name":"보안면","area_km2":0.528,"edge":false,"slope_mean":13.17,"elev_mean":73.7,"flood_hist_n":0,"flood_depth_max_m":null,"flood_risk_100y":null,"semi_basement_r":null,"elderly_alone_r":0.374,"bldg_age30_r":null,"shelter_min_walk":171,"pop":2133,"hh":1401,"elderly65_r":0.5692,"single_hh_r":0.6124,"source_level":"emd","flood_years":[],"landslide_hist_n":0},"geometry":{"type":"Polygon","coordinates":[[[126.64133,35.62688],[126.64051,35.62307],[126.64466,35.62103],[126.64964,35.62282],[126.65046,35.62663],[126.64631,35.62866],[126.64133,35.62688]]]}},{"type":"Feature","properties":{"h3":"8830c442e5fffff","emd_code":"5280035000","emd_name":"보안면","area_km2":0.528,"edge":false,"slope_mean":17.73,"elev_mean":96.9,"flood_hist_n":0,"flood_depth_max_m":null,"flood_risk_100y":null,"semi_basement_r":null,"elderly_alone_r":0.374,"bldg_age30_r":null,"shelter_min_walk":157,"pop":2133,"hh":1401,"elderly65_r":0.5692,"single_hh_r":0.6124,"source_level":"emd","flood_years":[],"landslide_hist_n":0},"geometry":{"type":"Polygon","coordinates":[[[126.6264,35.62153],[126.62558,35.61772],[126.62973,35.61569],[126.63471,35.61747],[126.63553,35.62128],[126.63138,35.62332],[126.6264,35.62153]]]}},{"type":"Feature","properties":{"h3":"8830c442e7fffff","emd_code":"5280035000","emd_name":"보안면","area_km2":0.528,"edge":false,"slope_mean":3.27,"elev_mean":24.9,"flood_hist_n":0,"flood_depth_max_m":null,"flood_risk_100y":null,"semi_basement_r":null,"elderly_alone_r":0.374,"bldg_age30_r":null,"shelter_min_walk":168,"pop":2133,"hh":1401,"elderly65_r":0.5692,"single_hh_r":0.6124,"source_level":"emd","flood_years":[],"landslide_hist_n":0},"geometry":{"type":"Polygon","coordinates":[[[126.63553,35.62128],[126.63471,35.61747],[126.63886,35.61544],[126.64384,35.61722],[126.64466,35.62103],[126.64051,35.62307],[126.63553,35.62128]]]}},{"type":"Feature","properties":{"h3":"8830c442e9fffff","emd_code":"5280035000","emd_name":"보안면","area_km2":0.5278,"edge":false,"slope_mean":18.93,"elev_mean":123.6,"flood_hist_n":0,"flood_depth_max_m":null,"flood_risk_100y":null,"semi_basement_r":null,"elderly_alone_r":0.374,"bldg_age30_r":null,"shelter_min_walk":152,"pop":2133,"hh":1401,"elderly65_r":0.5692,"single_hh_r":0.6124,"source_level":"emd","flood_years":[],"landslide_hist_n":0},"geometry":{"type":"Polygon","coordinates":[[[126.62887,35.63298],[126.62805,35.62916],[126.6322,35.62713],[126.63718,35.62891],[126.638,35.63273],[126.63385,35.63476],[126.62887,35.63298]]]}},{"type":"Feature","properties":{"h3":"8830c442ebfffff","emd_code":"5280035000","emd_name":"보안면","area_km2":0.5278,"edge":false,"slope_mean":20.22,"elev_mean":213.3,"flood_hist_n":0,"flood_depth_max_m":null,"flood_risk_100y":null,"semi_basement_r":null,"elderly_alone_r":0.374,"bldg_age30_r":null,"shelter_min_walk":164,"pop":2133,"hh":1401,"elderly65_r":0.5692,"single_hh_r":0.6124,"source_level":"emd","flood_years":[],"landslide_hist_n":0},"geometry":{"type":"Polygon","coordinates":[[[126.638,35.63273],[126.63718,35.62891],[126.64133,35.62688],[126.64631,35.62866],[126.64713,35.63248],[126.64298,35.63451],[126.638,35.63273]]]}},{"type":"Feature","properties":{"h3":"8830c442edfffff","emd_code":"5280035000","emd_name":"보안면","area_km2":0.5279,"edge":false,"slope_mean":21.58,"elev_mean":122.5,"flood_hist_n":0,"flood_depth_max_m":null,"flood_risk_100y":null,"semi_basement_r":null,"elderly_alone_r":0.374,"bldg_age30_r":null,"shelter_min_walk":149,"pop":2133,"hh":1401,"elderly65_r":0.5692,"single_hh_r":0.6124,"source_level":"emd","flood_years":[],"landslide_hist_n":0},"geometry":{"type":"Polygon","coordinates":[[[126.62307,35.62738],[126.62225,35.62357],[126.6264,35.62153],[126.63138,35.62332],[126.6322,35.62713],[126.62805,35.62916],[126.62307,35.62738]]]}},{"type":"Feature","properties":{"h3":"8830c44301fffff","emd_code":"5280037000","emd_name":"진서면","area_km2":0.528,"edge":false,"slope_mean":15.07,"elev_mean":45.6,"flood_hist_n":0,"flood_depth_max_m":null,"flood_risk_100y":null,"semi_basement_r":null,"elderly_alone_r":0.3392,"bldg_age30_r":null,"shelter_min_walk":125,"pop":2054,"hh":1297,"elderly65_r":0.5005,"single_hh_r":0.5883,"source_level":"emd","flood_years":[],"landslide_hist_n":0},"geometry":{"type":"Polygon","coordinates":[[[126.55176,35.59477],[126.55094,35.59095],[126.55509,35.58892],[126.56007,35.59071],[126.56089,35.59452],[126.55674,35.59655],[126.55176,35.59477]]]}},{"type":"Feature","properties":{"h3":"8830c44303fffff","emd_code":"5280037000","emd_name":"진서면","area_km2":0.5281,"edge":false,"slope_mean":9.61,"elev_mean":21.6,"flood_hist_n":0,"flood_depth_max_m":null,"flood_risk_100y":null,"semi_basement_r":null,"elderly_alone_r":0.3392,"bldg_age30_r":null,"shelter_min_walk":129,"pop":2054,"hh":1297,"elderly65_r":0.5005,"single_hh_r":0.5883,"source_level":"emd","flood_years":[],"landslide_hist_n":0},"geometry":{"type":"Polygon","coordinates":[[[126.56089,35.59452],[126.56007,35.59071],[126.56422,35.58867],[126.56919,35.59046],[126.57002,35.59428],[126.56586,35.59631],[126.56089,35.59452]]]}},{"type":"Feature","properties":{"h3":"8830c44305fffff","emd_code":"5280037000","emd_name":"진서면","area_km2":0.5281,"edge":false,"slope_mean":10.24,"elev_mean":24.7,"flood_hist_n":0,"flood_depth_max_m":null,"flood_risk_100y":null,"semi_basement_r":null,"elderly_alone_r":0.3392,"bldg_age30_r":null,"shelter_min_walk":131,"pop":2054,"hh":1297,"elderly65_r":0.5005,"single_hh_r":0.5883,"source_level":"emd","flood_years":[],"landslide_hist_n":0},"geometry":{"type":"Polygon","coordinates":[[[126.54597,35.58916],[126.54514,35.58535],[126.5493,35.58332],[126.55427,35.5851],[126.55509,35.58892],[126.55094,35.59095],[126.54597,35.58916]]]}},{"type":"Feature","properties":{"h3":"8830c44307fffff","emd_code":"5280037000","emd_name":"진서면","area_km2":0.5281,"edge":false,"slope_mean":6.46,"elev_mean":10.0,"flood_hist_n":0,"flood_depth_max_m":null,"flood_risk_100y":null,"semi_basement_r":null,"elderly_alone_r":0.3392,"bldg_age30_r":null,"shelter_min_walk":135,"pop":2054,"hh":1297,"elderly65_r":0.5005,"single_hh_r":0.5883,"source_level":"emd","flood_years":[],"landslide_hist_n":0},"geometry":{"type":"Polygon","coordinates":[[[126.55509,35.58892],[126.55427,35.5851],[126.55842,35.58307],[126.5634,35.58486],[126.56422,35.58867],[126.56007,35.59071],[126.55509,35.58892]]]}},{"type":"Feature","properties":{"h3":"8830c44309fffff","emd_code":"5280037000","emd_name":"진서면","area_km2":0.5279,"edge":false,"slope_mean":16.56,"elev_mean":63.8,"flood_hist_n":0,"flood_depth_max_m":null,"flood_risk_100y":null,"semi_basement_r":null,"elderly_alone_r":0.3392,"bldg_age30_r":null,"shelter_min_walk":114,"pop":2054,"hh":1297,"elderly65_r":0.5005,"single_hh_r":0.5883,"source_level":"emd","flood_years":[],"landslide_hist_n":0},"geometry":{"type":"Polygon","coordinates":[[[126.54844,35.60061],[126.54761,35.5968],[126.55176,35.59477],[126.55674,35.59655],[126.55756,35.60037],[126.55341,35.6024],[126.54844,35.60061]]]}},{"type":"Feature","properties":{"h3":"8830c4430bfffff","emd_code":"5280037000","emd_name":"진서면","area_km2":0.528,"edge":false,"slope_mean":14.6,"elev_mean":46.9,"flood_hist_n":0,"flood_depth_max_m":null,"flood_risk_100y":null,"semi_basement_r":null,"elderly_alone_r":0.3392,"bldg_age30_r":null,"shelter_min_walk":119,"pop":2054,"hh":1297,"elderly65_r":0.5005,"single_hh_r":0.5883,"source_level":"emd","flood_years":[],"landslide_hist_n":0},"geometry":{"type":"Polygon","coordinates":[[[126.55756,35.60037],[126.55674,35.59655],[126.56089,35.59452],[126.56586,35.59631],[126.56669,35.60012],[126.56254,35.60215],[126.55756,35.60037]]]}},{"type":"Feature","properties":{"h3":"8830c4430dfffff","emd_code":"5280037000","emd_name":"진서면","area_km2":0.528,"edge":false,"slope_mean":20.28,"elev_mean":79.8,"flood_hist_n":0,"flood_depth_max_m":null,"flood_risk_100y":null,"semi_basement_r":null,"elderly_alone_r":0.3392,"bldg_age30_r":null,"shelter_min_walk":121,"pop":2054,"hh":1297,"elderly65_r":0.5005,"single_hh_r":0.5883,"source_level":"emd","flood_years":[],"landslide_hist_n":0},"geometry":{"type":"Polygon","coordinates":[[[126.54264,35.59501],[126.54182,35.59119],[126.54597,35.58916],[126.55094,35.59095],[126.55176,35.59477],[126.54761,35.5968],[126.54264,35.59501]]]}},{"type":"Feature","properties":{"h3":"8830c44311fffff","emd_code":"5280037000","emd_name":"진서면","area_km2":0.5281,"edge":false,"slope_mean":8.29,"elev_mean":17.5,"flood_hist_n":0,"flood_depth_max_m":null,"flood_risk_100y":null,"semi_basement_r":null,"elderly_alone_r":0.3392,"bldg_age30_r":null,"shelter_min_walk":131,"pop":2054,"hh":1297,"elderly65_r":0.5005,"single_hh_r":0.5883,"source_level":"emd","flood_years":[],"landslide_hist_n":0},"geometry":{"type":"Polygon","coordinates":[[[126.57581,35.59988],[126.57499,35.59606],[126.57914,35.59403],[126.58412,35.59582],[126.58494,35.59963],[126.58079,35.60166],[126.57581,35.59988]]]}},{"type":"Feature","properties":{"h3":"8830c44313fffff","emd_code":"5280037000","emd_name":"진서면","area_km2":0.5281,"edge":false,"slope_mean":10.7,"elev_mean":28.2,"flood_hist_n":0,"flood_depth_max_m":null,"flood_risk_100y":null,"semi_basement_r":null,"elderly_alone_r":0.3392,"bldg_age30_r":null,"shelter_min_walk":138,"pop":2054,"hh":1297,"elderly65_r":0.5005,"single_hh_r":0.5883,"source_level":"emd","flood_years":[],"landslide_hist_n":0},"geometry":{"type":"Polygon","coordinates":[[[126.58494,35.59963],[126.58412,35.59582],[126.58827,35.59378],[126.59325,35.59557],[126.59407,35.59938],[126.58992,35.60142],[126.58494,35.59963]]]}},{"type":"Feature","properties":{"h3":"8830c44315fffff","emd_code":"5280037000","emd_name":"진서면","area_km2":0.5281,"edge":false,"slope_mean":14.17,"elev_mean":39.5,"flood_hist_n":1,"flood_depth_max_m":1.058,"flood_risk_100y":null,"semi_basement_r":null,"elderly_alone_r":0.3392,"bldg_age30_r":null,"shelter_min_walk":135,"pop":2054,"hh":1297,"elderly65_r":0.5005,"single_hh_r":0.5883,"source_level":"emd","flood_years":[2013],"landslide_hist_n":0},"geometry":{"type":"Polygon","coordinates":[[[126.57002,35.59428],[126.56919,35.59046],[126.57334,35.58843],[126.57832,35.59021],[126.57914,35.59403],[126.57499,35.59606],[126.57002,35.59428]]]}},{"type":"Feature","properties":{"h3":"8830c44317fffff","emd_code":"5280037000","emd_name":"진서면","area_km2":0.5282,"edge":false,"slope_mean":2.08,"elev_mean":3.8,"flood_hist_n":0,"flood_depth_max_m":null,"flood_risk_100y":null,"semi_basement_r":null,"elderly_alone_r":0.3392,"bldg_age30_r":null,"shelter_min_walk":141,"pop":2054,"hh":1297,"elderly65_r":0.5005,"single_hh_r":0.5883,"source_level":"emd","flood_years":[],"landslide_hist_n":0},"geometry":{"type":"Polygon","coordinates":[[[126.57914,35.59403],[126.57832,35.59021],[126.58247,35.58818],[126.58745,35.58997],[126.58827,35.59378],[126.58412,35.59582],[126.57914,35.59403]]]}},{"type":"Feature","properties":{"h3":"8830c44319fffff","emd_code":"5280037000","emd_name":"진서면","area_km2":0.528,"edge":false,"slope_mean":11.06,"elev_mean":35.1,"flood_hist_n":0,"flood_depth_max_m":null,"flood_risk_100y":null,"semi_basement_r":null,"elderly_alone_r":0.3392,"bldg_age30_r":null,"shelter_min_walk":120,"pop":2054,"hh":1297,"elderly65_r":0.5005,"single_hh_r":0.5883,"source_level":"emd","flood_years":[],"landslide_hist_n":0},"geometry":{"type":"Polygon","coordinates":[[[126.57249,35.60573],[126.57166,35.60191],[126.57581,35.59988],[126.58079,35.60166],[126.58161,35.60548],[126.57746,35.60751],[126.57249,35.60573]]]}},{"type":"Feature","properties":{"h3":"8830c4431bfffff","emd_code":"5280037000","emd_name":"진서면","area_km2":0.528,"edge":false,"slope_mean":8.64,"elev_mean":32.8,"flood_hist_n":0,"flood_depth_max_m":null,"flood_risk_100y":null,"semi_basement_r":null,"elderly_alone_r":0.3392,"bldg_age30_r":null,"shelter_min_walk":128,"pop":2054,"hh":1297,"elderly65_r":0.5005,"single_hh_r":0.5883,"source_level":"emd","flood_years":[],"landslide_hist_n":0},"geometry":{"type":"Polygon","coordinates":[[[126.58161,35.60548],[126.58079,35.60166],[126.58494,35.59963],[126.58992,35.60142],[126.59074,35.60523],[126.58659,35.60726],[126.58161,35.60548]]]}},{"type":"Feature","properties":{"h3":"8830c4431dfffff","emd_code":"5280037000","emd_name":"진서면","area_km2":0.528,"edge":false,"slope_mean":15.75,"elev_mean":54.5,"flood_hist_n":0,"flood_depth_max_m":null,"flood_risk_100y":null,"semi_basement_r":null,"elderly_alone_r":0.3392,"bldg_age30_r":null,"shelter_min_walk":124,"pop":2054,"hh":1297,"elderly65_r":0.5005,"single_hh_r":0.5883,"source_level":"emd","flood_years":[],"landslide_hist_n":0},"geometry":{"type":"Polygon","coordinates":[[[126.56669,35.60012],[126.56586,35.59631],[126.57002,35.59428],[126.57499,35.59606],[126.57581,35.59988],[126.57166,35.60191],[126.56669,35.60012]]]}},{"type":"Feature","properties":{"h3":"8830c44339fffff","emd_code":"5280037000","emd_name":"진서면","area_km2":0.5282,"edge":true,"slope_mean":1.92,"elev_mean":2.8,"flood_hist_n":0,"flood_depth_max_m":null,"flood_risk_100y":null,"semi_basement_r":null,"elderly_alone_r":0.3392,"bldg_age30_r":null,"shelter_min_walk":140,"pop":2054,"hh":1297,"elderly65_r":0.5005,"single_hh_r":0.5883,"source_level":"emd","flood_years":[],"landslide_hist_n":0},"geometry":{"type":"Polygon","coordinates":[[[126.56422,35.58867],[126.5634,35.58486],[126.56755,35.58283],[126.57252,35.58461],[126.57334,35.58843],[126.56919,35.59046],[126.56422,35.58867]]]}},{"type":"Feature","properties":{"h3":"8830c4433bfffff","emd_code":"5280037000","emd_name":"진서면","area_km2":0.5282,"edge":true,"slope_mean":0.42,"elev_mean":0.4,"flood_hist_n":0,"flood_depth_max_m":null,"flood_risk_100y":null,"semi_basement_r":null,"elderly_alone_r":0.3392,"bldg_age30_r":null,"shelter_min_walk":146,"pop":2054,"hh":1297,"elderly65_r":0.5005,"single_hh_r":0.5883,"source_level":"emd","flood_years":[],"landslide_hist_n":0},"geometry":{"type":"Polygon","coordinates":[[[126.57334,35.58843],[126.57252,35.58461],[126.57667,35.58258],[126.58165,35.58436],[126.58247,35.58818],[126.57832,35.59021],[126.57334,35.58843]]]}},{"type":"Feature","properties":{"h3":"8830c44341fffff","emd_code":"5280037000","emd_name":"진서면","area_km2":0.5278,"edge":false,"slope_mean":23.7,"elev_mean":226.3,"flood_hist_n":0,"flood_depth_max_m":null,"flood_risk_100y":null,"semi_basement_r":null,"elderly_alone_r":0.3392,"bldg_age30_r":null,"shelter_min_walk":100,"pop":2054,"hh":1297,"elderly65_r":0.5005,"single_hh_r":0.5883,"source_level":"emd","flood_years":[],"landslide_hist_n":0},"geometry":{"type":"Polygon","coordinates":[[[126.53598,35.6067],[126.53516,35.60289],[126.53931,35.60086],[126.54428,35.60264],[126.54511,35.60646],[126.54096,35.60849],[126.53598,35.6067]]]}},{"type":"Feature","properties":{"h3":"8830c44343fffff","emd_code":"5280037000","emd_name":"진서면","area_km2":0.5278,"edge":false,"slope_mean":19.16,"elev_mean":90.3,"flood_hist_n":0,"flood_depth_max_m":null,"flood_risk_100y":null,"semi_basement_r":null,"elderly_alone_r":0.3392,"bldg_age30_r":null,"shelter_min_walk":104,"pop":2054,"hh":1297,"elderly65_r":0.5005,"single_hh_r":0.5883,"source_level":"emd","flood_years":[],"landslide_hist_n":0},"geometry":{"type":"Polygon","coordinates":[[[126.54511,35.60646],[126.54428,35.60264],[126.54844,35.60061],[126.55341,35.6024],[126.55423,35.60621],[126.55008,35.60824],[126.54511,35.60646]]]}},{"type":"Feature","properties":{"h3":"8830c44345fffff","emd_code":"5280037000","emd_name":"진서면","area_km2":0.5278,"edge":false,"slope_mean":23.54,"elev_mean":140.0,"flood_hist_n":0,"flood_depth_max_m":null,"flood_risk_100y":null,"semi_basement_r":null,"elderly_alone_r":0.3392,"bldg_age30_r":null,"shelter_min_walk":102,"pop":2054,"hh":1297,"elderly65_r":0.5005,"single_hh_r":0.5883,"source_level":"emd","flood_years":[],"landslide_hist_n":0},"geometry":{"type":"Polygon","coordinates":[[[126.53019,35.6011],[126.52936,35.59728],[126.53351,35.59525],[126.53849,35.59704],[126.53931,35.60086],[126.53516,35.60289],[126.53019,35.6011]]]}},{"type":"Feature","properties":{"h3":"8830c44347fffff","emd_code":"5280037000","emd_name":"진서면","area_km2":0.5279,"edge":false,"slope_mean":23.47,"elev_mean":154.3,"flood_hist_n":0,"flood_depth_max_m":null,"flood_risk_100y":null,"semi_basement_r":null,"elderly_alone_r":0.3392,"bldg_age30_r":null,"shelter_min_walk":111,"pop":2054,"hh":1297,"elderly65_r":0.5005,"single_hh_r":0.5883,"source_level":"emd","flood_years":[],"landslide_hist_n":0},"geometry":{"type":"Polygon","coordinates":[[[126.53931,35.60086],[126.53849,35.59704],[126.54264,35.59501],[126.54761,35.5968],[126.54844,35.60061],[126.54428,35.60264],[126.53931,35.60086]]]}},{"type":"Feature","properties":{"h3":"8830c44349fffff","emd_code":"5280037000","emd_name":"진서면","area_km2":0.5276,"edge":false,"slope_mean":25.44,"elev_mean":231.1,"flood_hist_n":0,"flood_depth_max_m":null,"flood_risk_100y":null,"semi_basement_r":null,"elderly_alone_r":0.3392,"bldg_age30_r":null,"shelter_min_walk":90,"pop":2054,"hh":1297,"elderly65_r":0.5005,"single_hh_r":0.5883,"source_level":"emd","flood_years":[],"landslide_hist_n":0},"geometry":{"type":"Polygon","coordinates":[[[126.53265,35.61255],[126.53183,35.60873],[126.53598,35.6067],[126.54096,35.60849],[126.54178,35.6123],[126.53763,35.61433],[126.53265,35.61255]]]}},{"type":"Feature","properties":{"h3":"8830c4434bfffff","emd_code":"5280037000","emd_name":"진서면","area_km2":0.5277,"edge":false,"slope_mean":20.93,"elev_mean":138.8,"flood_hist_n":0,"flood_depth_max_m":null,"flood_risk_100y":null,"semi_basement_r":null,"elderly_alone_r":0.3392,"bldg_age30_r":null,"shelter_min_walk":93,"pop":2054,"hh":1297,"elderly65_r":0.5005,"single_hh_r":0.5883,"source_level":"emd","flood_years":[],"landslide_hist_n":0},"geometry":{"type":"Polygon","coordinates":[[[126.54178,35.6123],[126.54096,35.60849],[126.54511,35.60646],[126.55008,35.60824],[126.5509,35.61206],[126.54675,35.61409],[126.54178,35.6123]]]}},{"type":"Feature","properties":{"h3":"8830c4434dfffff","emd_code":"5280037000","emd_name":"진서면","area_km2":0.5277,"edge":false,"slope_mean":22.64,"elev_mean":169.7,"flood_hist_n":0,"flood_depth_max_m":null,"flood_risk_100y":null,"semi_basement_r":null,"elderly_alone_r":0.3392,"bldg_age30_r":null,"shelter_min_walk":94,"pop":2054,"hh":1297,"elderly65_r":0.5005,"single_hh_r":0.5883,"source_level":"emd","flood_years":[],"landslide_hist_n":0},"geometry":{"type":"Polygon","coordinates":[[[126.52686,35.60694],[126.52603,35.60313],[126.53019,35.6011],[126.53516,35.60289],[126.53598,35.6067],[126.53183,35.60873],[126.52686,35.60694]]]}},{"type":"Feature","properties":{"h3":"8830c44351fffff","emd_code":"5280037000","emd_name":"진서면","area_km2":0.5278,"edge":false,"slope_mean":21.3,"elev_mean":162.1,"flood_hist_n":0,"flood_depth_max_m":null,"flood_risk_100y":null,"semi_basement_r":null,"elderly_alone_r":0.3392,"bldg_age30_r":null,"shelter_min_walk":103,"pop":2054,"hh":1297,"elderly65_r":0.5005,"single_hh_r":0.5883,"source_level":"emd","flood_years":[],"landslide_hist_n":0},"geometry":{"type":"Polygon","coordinates":[[[126.56003,35.61182],[126.55921,35.608],[126.56336,35.60597],[126.56833,35.60776],[126.56916,35.61157],[126.565,35.6136],[126.56003,35.61182]]]}},{"type":"Feature","properties":{"h3":"8830c44353fffff","emd_code":"5280037000","emd_name":"진서면","area_km2":0.5278,"edge":false,"slope_mean":19.5,"elev_mean":95.0,"flood_hist_n":0,"flood_depth_max_m":null,"flood_risk_100y":null,"semi_basement_r":null,"elderly_alone_r":0.3392,"bldg_age30_r":null,"shelter_min_walk":110,"pop":2054,"hh":1297,"elderly65_r":0.5005,"single_hh_r":0.5883,"source_level":"emd","flood_years":[],"landslide_hist_n":0},"geometry":{"type":"Polygon","coordinates":[[[126.56916,35.61157],[126.56833,35.60776],[126.57249,35.60573],[126.57746,35.60751],[126.57828,35.61133],[126.57413,35.61336],[126.56916,35.61157]]]}},{"type":"Feature","properties":{"h3":"8830c44355fffff","emd_code":"5280037000","emd_name":"진서면","area_km2":0.5279,"edge":false,"slope_mean":18.93,"elev_mean":93.0,"flood_hist_n":0,"flood_depth_max_m":null,"flood_risk_100y":null,"semi_basement_r":null,"elderly_alone_r":0.3392,"bldg_age30_r":null,"shelter_min_walk":108,"pop":2054,"hh":1297,"elderly65_r":0.5005,"single_hh_r":0.5883,"source_level":"emd","flood_years":[],"landslide_hist_n":0},"geometry":{"type":"Polygon","coordinates":[[[126.55423,35.60621],[126.55341,35.6024],[126.55756,35.60037],[126.56254,35.60215],[126.56336,35.60597],[126.55921,35.608],[126.55423,35.60621]]]}},{"type":"Feature","properties":{"h3":"8830c44357fffff","emd_code":"5280037000","emd_name":"진서면","area_km2":0.5279,"edge":false,"slope_mean":14.02,"elev_mean":54.5,"flood_hist_n":0,"flood_depth_max_m":null,"flood_risk_100y":null,"semi_basement_r":null,"elderly_alone_r":0.3392,"bldg_age30_r":null,"shelter_min_walk":114,"pop":2054,"hh":1297,"elderly65_r":0.5005,"single_hh_r":0.5883,"source_level":"emd","flood_years":[],"landslide_hist_n":0},"geometry":{"type":"Polygon","coordinates":[[[126.56336,35.60597],[126.56254,35.60215],[126.56669,35.60012],[126.57166,35.60191],[126.57249,35.60573],[126.56833,35.60776],[126.56336,35.60597]]]}},{"type":"Feature","properties":{"h3":"8830c44359fffff","emd_code":"5280037000","emd_name":"진서면","area_km2":0.5277,"edge":false,"slope_mean":16.91,"elev_mean":208.9,"flood_hist_n":0,"flood_depth_max_m":null,"flood_risk_100y":null,"semi_basement_r":null,"elderly_alone_r":0.3392,"bldg_age30_r":null,"shelter_min_walk":92,"pop":2054,"hh":1297,"elderly65_r":0.5005,"single_hh_r":0.5883,"source_level":"emd","flood_years":[],"landslide_hist_n":0},"geometry":{"type":"Polygon","coordinates":[[[126.5567,35.61766],[126.55588,35.61385],[126.56003,35.61182],[126.565,35.6136],[126.56583,35.61742],[126.56168,35.61945],[126.5567,35.61766]]]}},{"type":"Feature","properties":{"h3":"8830c4435bfffff","emd_code":"5280037000","emd_name":"진서면","area_km2":0.5277,"edge":false,"slope_mean":22.56,"elev_mean":181.2,"flood_hist_n":0,"flood_depth_max_m":null,"flood_risk_100y":null,"semi_basement_r":null,"elderly_alone_r":0.3392,"bldg_age30_r":null,"shelter_min_walk":99,"pop":2054,"hh":1297,"elderly65_r":0.5005,"single_hh_r":0.5883,"source_level":"emd","flood_years":[],"landslide_hist_n":0},"geometry":{"type":"Polygon","coordinates":[[[126.56583,35.61742],[126.565,35.6136],[126.56916,35.61157],[126.57413,35.61336],[126.57495,35.61717],[126.5708,35.6192],[126.56583,35.61742]]]}},{"type":"Feature","properties":{"h3":"8830c4435dfffff","emd_code":"5280037000","emd_name":"진서면","area_km2":0.5277,"edge":false,"slope_mean":22.99,"elev_mean":212.1,"flood_hist_n":0,"flood_depth_max_m":null,"flood_risk_100y":null,"semi_basement_r":null,"elderly_alone_r":0.3392,"bldg_age30_r":null,"shelter_min_walk":97,"pop":2054,"hh":1297,"elderly65_r":0.5005,"single_hh_r":0.5883,"source_level":"emd","flood_years":[],"landslide_hist_n":0},"geometry":{"type":"Polygon","coordinates":[[[126.5509,35.61206],[126.55008,35.60824],[126.55423,35.60621],[126.55921,35.608],[126.56003,35.61182],[126.55588,35.61385],[126.5509,35.61206]]]}},{"type":"Feature","properties":{"h3":"8830c44361fffff","emd_code":"5280037000","emd_name":"진서면","area_km2":0.528,"edge":false,"slope_mean":10.15,"elev_mean":23.2,"flood_hist_n":1,"flood_depth_max_m":0.5,"flood_risk_100y":null,"semi_basement_r":null,"elderly_alone_r":0.3392,"bldg_age30_r":null,"shelter_min_walk":111,"pop":2054,"hh":1297,"elderly65_r":0.5005,"single_hh_r":0.5883,"source_level":"emd","flood_years":[2021],"landslide_hist_n":0},"geometry":{"type":"Polygon","coordinates":[[[126.52772,35.58965],[126.5269,35.58583],[126.53105,35.5838],[126.53602,35.58559],[126.53684,35.58941],[126.53269,35.59144],[126.52772,35.58965]]]}},{"type":"Feature","properties":{"h3":"8830c44363fffff","emd_code":"5280037000","emd_name":"진서면","area_km2":0.528,"edge":true,"slope_mean":9.0,"elev_mean":20.1,"flood_hist_n":0,"flood_depth_max_m":null,"flood_risk_100y":null,"semi_basement_r":null,"elderly_alone_r":0.3392,"bldg_age30_r":null,"shelter_min_walk":121,"pop":2054,"hh":1297,"elderly65_r":0.5005,"single_hh_r":0.5883,"source_level":"emd","flood_years":[],"landslide_hist_n":0},"geometry":{"type":"Polygon","coordinates":[[[126.53684,35.58941],[126.53602,35.58559],[126.54017,35.58356],[126.54514,35.58535],[126.54597,35.58916],[126.54182,35.59119],[126.53684,35.58941]]]}},{"type":"Feature","properties":{"h3":"8830c44365fffff","emd_code":"5280036000","emd_name":"변산면","area_km2":0.5281,"edge":false,"slope_mean":15.56,"elev_mean":42.9,"flood_hist_n":0,"flood_depth_max_m":null,"flood_risk_100y":null,"semi_basement_r":null,"elderly_alone_r":0.2866,"bldg_age30_r":null,"shelter_min_walk":112,"pop":4040,"hh":2509,"elderly65_r":0.4126,"single_hh_r":0.6038,"source_level":"emd","flood_years":[],"landslide_hist_n":0},"geometry":{"type":"Polygon","coordinates":[[[126.52192,35.58405],[126.5211,35.58023],[126.52525,35.5782],[126.53022,35.57999],[126.53105,35.5838],[126.5269,35.58583],[126.52192,35.58405]]]}},{"type":"Feature","properties":{"h3":"8830c44367fffff","emd_code":"5280037000","emd_name":"진서면","area_km2":0.5281,"edge":true,"slope_mean":2.04,"elev_mean":2.0,"flood_hist_n":0,"flood_depth_max_m":null,"flood_risk_100y":null,"semi_basement_r":null,"elderly_alone_r":0.3392,"bldg_age30_r":null,"shelter_min_walk":121,"pop":2054,"hh":1297,"elderly65_r":0.5005,"single_hh_r":0.5883,"source_level":"emd","flood_years":[],"landslide_hist_n":0},"geometry":{"type":"Polygon","coordinates":[[[126.53105,35.5838],[126.53022,35.57999],[126.53437,35.57796],[126.53935,35.57974],[126.54017,35.58356],[126.53602,35.58559],[126.53105,35.5838]]]}},{"type":"Feature","properties":{"h3":"8830c44369fffff","emd_code":"5280037000","emd_name":"진서면","area_km2":0.5279,"edge":false,"slope_mean":15.19,"elev_mean":60.3,"flood_hist_n":0,"flood_depth_max_m":null,"flood_risk_100y":null,"semi_basement_r":null,"elderly_alone_r":0.3392,"bldg_age30_r":null,"shelter_min_walk":101,"pop":2054,"hh":1297,"elderly65_r":0.5005,"single_hh_r":0.5883,"source_level":"emd","flood_years":[],"landslide_hist_n":0},"geometry":{"type":"Polygon","coordinates":[[[126.52439,35.5955],[126.52357,35.59168],[126.52772,35.58965],[126.53269,35.59144],[126.53351,35.59525],[126.52936,35.59728],[126.52439,35.5955]]]}},{"type":"Feature","properties":{"h3":"8830c4436bfffff","emd_code":"5280037000","emd_name":"진서면","area_km2":0.5279,"edge":false,"slope_mean":13.53,"elev_mean":38.9,"flood_hist_n":0,"flood_depth_max_m":null,"flood_risk_100y":null,"semi_basement_r":null,"elderly_alone_r":0.3392,"bldg_age30_r":null,"shelter_min_walk":111,"pop":2054,"hh":1297,"elderly65_r":0.5005,"single_hh_r":0.5883,"source_level":"emd","flood_years":[],"landslide_hist_n":0},"geometry":{"type":"Polygon","coordinates":[[[126.53351,35.59525],[126.53269,35.59144],[126.53684,35.58941],[126.54182,35.59119],[126.54264,35.59501],[126.53849,35.59704],[126.53351,35.59525]]]}},{"type":"Feature","properties":{"h3":"8830c4436dfffff","emd_code":"5280036000","emd_name":"변산면","area_km2":0.5279,"edge":false,"slope_mean":25.13,"elev_mean":118.3,"flood_hist_n":0,"flood_depth_max_m":null,"flood_risk_100y":null,"semi_basement_r":null,"elderly_alone_r":0.2866,"bldg_age30_r":null,"shelter_min_walk":102,"pop":4040,"hh":2509,"elderly65_r":0.4126,"single_hh_r":0.6038,"source_level":"emd","flood_years":[],"landslide_hist_n":0},"geometry":{"type":"Polygon","coordinates":[[[126.51859,35.58989],[126.51777,35.58608],[126.52192,35.58405],[126.5269,35.58583],[126.52772,35.58965],[126.52357,35.59168],[126.51859,35.58989]]]}},{"type":"Feature","properties":{"h3":"8830c44545fffff","emd_code":"5280041000","emd_name":"줄포면","area_km2":0.5289,"edge":true,"slope_mean":0.5,"elev_mean":4.7,"flood_hist_n":0,"flood_depth_max_m":null,"flood_risk_100y":null,"semi_basement_r":null,"elderly_alone_r":0.3342,"bldg_age30_r":null,"shelter_min_walk":157,"pop":2361,"hh":1499,"elderly65_r":0.5057,"single_hh_r":0.6064,"source_level":"emd","flood_years":[],"landslide_hist_n":0},"geometry":{"type":"Polygon","coordinates":[[[126.72192,35.59585],[126.72109,35.59204],[126.72525,35.59],[126.73023,35.59178],[126.73105,35.59559],[126.7269,35.59763],[126.72192,35.59585]]]}},{"type":"Feature","properties":{"h3":"8830c4454dfffff","emd_code":"5280041000","emd_name":"줄포면","area_km2":0.5288,"edge":true,"slope_mean":1.3,"elev_mean":5.8,"flood_hist_n":0,"flood_depth_max_m":null,"flood_risk_100y":null,"semi_basement_r":null,"elderly_alone_r":0.3342,"bldg_age30_r":null,"shelter_min_walk":164,"pop":2361,"hh":1499,"elderly65_r":0.5057,"single_hh_r":0.6064,"source_level":"emd","flood_years":[],"landslide_hist_n":0},"geometry":{"type":"Polygon","coordinates":[[[126.71859,35.60171],[126.71776,35.59789],[126.72192,35.59585],[126.7269,35.59763],[126.72772,35.60145],[126.72357,35.60349],[126.71859,35.60171]]]}},{"type":"Feature","properties":{"h3":"8830c44561fffff","emd_code":"5280041000","emd_name":"줄포면","area_km2":0.5291,"edge":true,"slope_mean":0.36,"elev_mean":4.7,"flood_hist_n":1,"flood_depth_max_m":0.532,"flood_risk_100y":null,"semi_basement_r":null,"elderly_alone_r":0.3342,"bldg_age30_r":null,"shelter_min_walk":156,"pop":2361,"hh":1499,"elderly65_r":0.5057,"single_hh_r":0.6064,"source_level":"emd","flood_years":[2014],"landslide_hist_n":0},"geometry":{"type":"Polygon","coordinates":[[[126.71944,35.5844],[126.71862,35.58058],[126.72277,35.57854],[126.72775,35.58032],[126.72858,35.58414],[126.72442,35.58618],[126.71944,35.5844]]]}},{"type":"Feature","properties":{"h3":"8830c44565fffff","emd_code":"5280041000","emd_name":"줄포면","area_km2":0.5291,"edge":false,"slope_mean":0.83,"elev_mean":5.8,"flood_hist_n":0,"flood_depth_max_m":null,"flood_risk_100y":null,"semi_basement_r":null,"elderly_alone_r":0.3342,"bldg_age30_r":null,"shelter_min_walk":162,"pop":2361,"hh":1499,"elderly65_r":0.5057,"single_hh_r":0.6064,"source_level":"emd","flood_years":[],"landslide_hist_n":0},"geometry":{"type":"Polygon","coordinates":[[[126.71364,35.5788],[126.71281,35.57498],[126.71697,35.57294],[126.72195,35.57472],[126.72277,35.57854],[126.71862,35.58058],[126.71364,35.5788]]]}},{"type":"Feature","properties":{"h3":"8830c44569fffff","emd_code":"5280041000","emd_name":"줄포면","area_km2":0.5289,"edge":false,"slope_mean":2.91,"elev_mean":9.0,"flood_hist_n":0,"flood_depth_max_m":null,"flood_risk_100y":null,"semi_basement_r":null,"elderly_alone_r":0.3342,"bldg_age30_r":null,"shelter_min_walk":162,"pop":2361,"hh":1499,"elderly65_r":0.5057,"single_hh_r":0.6064,"source_level":"emd","flood_years":[],"landslide_hist_n":0},"geometry":{"type":"Polygon","coordinates":[[[126.71611,35.59025],[126.71529,35.58644],[126.71944,35.5844],[126.72442,35.58618],[126.72525,35.59],[126.72109,35.59204],[126.71611,35.59025]]]}},{"type":"Feature","properties":{"h3":"8830c4456dfffff","emd_code":"5280041000","emd_name":"줄포면","area_km2":0.529,"edge":false,"slope_mean":2.87,"elev_mean":11.5,"flood_hist_n":0,"flood_depth_max_m":null,"flood_risk_100y":null,"semi_basement_r":null,"elderly_alone_r":0.3342,"bldg_age30_r":null,"shelter_min_walk":168,"pop":2361,"hh":1499,"elderly65_r":0.5057,"single_hh_r":0.6064,"source_level":"emd","flood_years":[],"landslide_hist_n":0},"geometry":{"type":"Polygon","coordinates":[[[126.71031,35.58466],[126.70948,35.58084],[126.71364,35.5788],[126.71862,35.58058],[126.71944,35.5844],[126.71529,35.58644],[126.71031,35.58466]]]}},{"type":"Feature","properties":{"h3":"8830c44601fffff","emd_code":"5280038000","emd_name":"백산면","area_km2":0.5279,"edge":true,"slope_mean":1.44,"elev_mean":5.3,"flood_hist_n":0,"flood_depth_max_m":null,"flood_risk_100y":null,"semi_basement_r":null,"elderly_alone_r":0.367,"bldg_age30_r":null,"shelter_min_walk":93,"pop":2219,"hh":1474,"elderly65_r":0.5493,"single_hh_r":0.6309,"source_level":"emd","flood_years":[],"landslide_hist_n":0},"geometry":{"type":"Polygon","coordinates":[[[126.76086,35.66959],[126.76003,35.66578],[126.76419,35.66375],[126.76917,35.66552],[126.77,35.66934],[126.76584,35.67137],[126.76086,35.66959]]]}},{"type":"Feature","properties":{"h3":"8830c44605fffff","emd_code":"5280038000","emd_name":"백산면","area_km2":0.5279,"edge":true,"slope_mean":1.15,"elev_mean":4.6,"flood_hist_n":0,"flood_depth_max_m":null,"flood_risk_100y":null,"semi_basement_r":null,"elderly_alone_r":0.367,"bldg_age30_r":null,"shelter_min_walk":100,"pop":2219,"hh":1474,"elderly65_r":0.5493,"single_hh_r":0.6309,"source_level":"emd","flood_years":[],"landslide_hist_n":0},"geometry":{"type":"Polygon","coordinates":[[[126.75505,35.66401],[126.75422,35.66019],[126.75838,35.65816],[126.76336,35.65993],[126.76419,35.66375],[126.76003,35.66578],[126.75505,35.66401]]]}},{"type":"Feature","properties":{"h3":"8830c44609fffff","emd_code":"5280038000","emd_name":"백산면","area_km2":0.5277,"edge":false,"slope_mean":0.81,"elev_mean":4.7,"flood_hist_n":0,"flood_depth_max_m":null,"flood_risk_100y":null,"semi_basement_r":null,"elderly_alone_r":0.367,"bldg_age30_r":null,"shelter_min_walk":83,"pop":2219,"hh":1474,"elderly65_r":0.5493,"single_hh_r":0.6309,"source_level":"emd","flood_years":[],"landslide_hist_n":0},"geometry":{"type":"Polygon","coordinates":[[[126.75753,35.67544],[126.7567,35.67163],[126.76086,35.66959],[126.76584,35.67137],[126.76667,35.67518],[126.76251,35.67722],[126.75753,35.67544]]]}},{"type":"Feature","properties":{"h3":"8830c4460dfffff","emd_code":"5280038000","emd_name":"백산면","area_km2":0.5278,"edge":false,"slope_mean":0.36,"elev_mean":4.5,"flood_hist_n":0,"flood_depth_max_m":null,"flood_risk_100y":null,"semi_basement_r":null,"elderly_alone_r":0.367,"bldg_age30_r":null,"shelter_min_walk":90,"pop":2219,"hh":1474,"elderly65_r":0.5493,"single_hh_r":0.6309,"source_level":"emd","flood_years":[],"landslide_hist_n":0},"geometry":{"type":"Polygon","coordinates":[[[126.75172,35.66985],[126.75089,35.66604],[126.75505,35.66401],[126.76003,35.66578],[126.76086,35.66959],[126.7567,35.67163],[126.75172,35.66985]]]}},{"type":"Feature","properties":{"h3":"8830c44611fffff","emd_code":"5280038000","emd_name":"백산면","area_km2":0.5279,"edge":true,"slope_mean":1.9,"elev_mean":6.9,"flood_hist_n":0,"flood_depth_max_m":null,"flood_risk_100y":null,"semi_basement_r":null,"elderly_alone_r":0.367,"bldg_age30_r":null,"shelter_min_walk":102,"pop":2219,"hh":1474,"elderly65_r":0.5493,"single_hh_r":0.6309,"source_level":"emd","flood_years":[],"landslide_hist_n":0},"geometry":{"type":"Polygon","coordinates":[[[126.78495,35.67467],[126.78412,35.67085],[126.78828,35.66882],[126.79326,35.67059],[126.79409,35.67441],[126.78993,35.67644],[126.78495,35.67467]]]}},{"type":"Feature","properties":{"h3":"8830c44619fffff","emd_code":"5280038000","emd_name":"백산면","area_km2":0.5278,"edge":false,"slope_mean":2.08,"elev_mean":6.8,"flood_hist_n":0,"flood_depth_max_m":null,"flood_risk_100y":null,"semi_basement_r":null,"elderly_alone_r":0.367,"bldg_age30_r":null,"shelter_min_walk":92,"pop":2219,"hh":1474,"elderly65_r":0.5493,"single_hh_r":0.6309,"source_level":"emd","flood_years":[],"landslide_hist_n":0},"geometry":{"type":"Polygon","coordinates":[[[126.78161,35.68051],[126.78079,35.6767],[126.78495,35.67467],[126.78993,35.67644],[126.79076,35.68025],[126.7866,35.68229],[126.78161,35.68051]]]}},{"type":"Feature","properties":{"h3":"8830c4461bfffff","emd_code":"5280038000","emd_name":"백산면","area_km2":0.5278,"edge":true,"slope_mean":3.24,"elev_mean":9.8,"flood_hist_n":0,"flood_depth_max_m":null,"flood_risk_100y":null,"semi_basement_r":null,"elderly_alone_r":0.367,"bldg_age30_r":null,"shelter_min_walk":100,"pop":2219,"hh":1474,"elderly65_r":0.5493,"single_hh_r":0.6309,"source_level":"emd","flood_years":[],"landslide_hist_n":0},"geometry":{"type":"Polygon","coordinates":[[[126.79076,35.68025],[126.78993,35.67644],[126.79409,35.67441],[126.79907,35.67618],[126.7999,35.67999],[126.79574,35.68203],[126.79076,35.68025]]]}},{"type":"Feature","properties":{"h3":"8830c44641fffff","emd_code":"5280038000","emd_name":"백산면","area_km2":0.5276,"edge":false,"slope_mean":0.4,"elev_mean":4.5,"flood_hist_n":0,"flood_depth_max_m":null,"flood_risk_100y":null,"semi_basement_r":null,"elderly_alone_r":0.367,"bldg_age30_r":null,"shelter_min_walk":69,"pop":2219,"hh":1474,"elderly65_r":0.5493,"single_hh_r":0.6309,"source_level":"emd","flood_years":[],"landslide_hist_n":0},"geometry":{"type":"Polygon","coordinates":[[[126.74506,35.68154],[126.74423,35.67773],[126.74839,35.6757],[126.75337,35.67747],[126.75419,35.68129],[126.75004,35.68332],[126.74506,35.68154]]]}},{"type":"Feature","properties":{"h3":"8830c44643fffff","emd_code":"5280038000","emd_name":"백산면","area_km2":0.5276,"edge":false,"slope_mean":0.37,"elev_mean":4.7,"flood_hist_n":0,"flood_depth_max_m":null,"flood_risk_100y":null,"semi_basement_r":null,"elderly_alone_r":0.367,"bldg_age30_r":null,"shelter_min_walk":72,"pop":2219,"hh":1474,"elderly65_r":0.5493,"single_hh_r":0.6309,"source_level":"emd","flood_years":[],"landslide_hist_n":0},"geometry":{"type":"Polygon","coordinates":[[[126.75419,35.68129],[126.75337,35.67747],[126.75753,35.67544],[126.76251,35.67722],[126.76333,35.68103],[126.75918,35.68306],[126.75419,35.68129]]]}},{"type":"Feature","properties":{"h3":"8830c44645fffff","emd_code":"5280038000","emd_name":"백산면","area_km2":0.5276,"edge":false,"slope_mean":1.31,"elev_mean":5.7,"flood_hist_n":0,"flood_depth_max_m":null,"flood_risk_100y":null,"semi_basement_r":null,"elderly_alone_r":0.367,"bldg_age30_r":null,"shelter_min_walk":78,"pop":2219,"hh":1474,"elderly65_r":0.5493,"single_hh_r":0.6309,"source_level":"emd","flood_years":[],"landslide_hist_n":0},"geometry":{"type":"Polygon","coordinates":[[[126.73925,35.67595],[126.73842,35.67214],[126.74258,35.67011],[126.74756,35.67189],[126.74839,35.6757],[126.74423,35.67773],[126.73925,35.67595]]]}},{"type":"Feature","properties":{"h3":"8830c44647fffff","emd_code":"5280038000","emd_name":"백산면","area_km2":0.5277,"edge":false,"slope_mean":0.32,"elev_mean":4.6,"flood_hist_n":0,"flood_depth_max_m":null,"flood_risk_100y":null,"semi_basement_r":null,"elderly_alone_r":0.367,"bldg_age30_r":null,"shelter_min_walk":79,"pop":2219,"hh":1474,"elderly65_r":0.5493,"single_hh_r":0.6309,"source_level":"emd","flood_years":[],"landslide_hist_n":0},"geometry":{"type":"Polygon","coordinates":[[[126.74839,35.6757],[126.74756,35.67189],[126.75172,35.66985],[126.7567,35.67163],[126.75753,35.67544],[126.75337,35.67747],[126.74839,35.6757]]]}},{"type":"Feature","properties":{"h3":"8830c44649fffff","emd_code":"5280025000","emd_name":"부안읍","area_km2":0.5275,"edge":false,"slope_mean":1.68,"elev_mean":6.0,"flood_hist_n":0,"flood_depth_max_m":null,"flood_risk_100y":null,"semi_basement_r":null,"elderly_alone_r":0.2187,"bldg_age30_r":null,"shelter_min_walk":59,"pop":19785,"hh":10032,"elderly65_r":0.2799,"single_hh_r":0.4687,"source_level":"emd","flood_years":[],"landslide_hist_n":0},"geometry":{"type":"Polygon","coordinates":[[[126.74172,35.68739],[126.7409,35.68358],[126.74506,35.68154],[126.75004,35.68332],[126.75086,35.68713],[126.74671,35.68916],[126.74172,35.68739]]]}},{"type":"Feature","properties":{"h3":"8830c4464bfffff","emd_code":"5280025000","emd_name":"부안읍","area_km2":0.5275,"edge":false,"slope_mean":0.41,"elev_mean":4.3,"flood_hist_n":0,"flood_depth_max_m":null,"flood_risk_100y":null,"semi_basement_r":null,"elderly_alone_r":0.2187,"bldg_age30_r":null,"shelter_min_walk":62,"pop":19785,"hh":10032,"elderly65_r":0.2799,"single_hh_r":0.4687,"source_level":"emd","flood_years":[],"landslide_hist_n":0},"geometry":{"type":"Polygon","coordinates":[[[126.75086,35.68713],[126.75004,35.68332],[126.75419,35.68129],[126.75918,35.68306],[126.76,35.68687],[126.75585,35.68891],[126.75086,35.68713]]]}},{"type":"Feature","properties":{"h3":"8830c4464dfffff","emd_code":"5280038000","emd_name":"백산면","area_km2":0.5275,"edge":false,"slope_mean":1.52,"elev_mean":5.6,"flood_hist_n":0,"flood_depth_max_m":null,"flood_risk_100y":null,"semi_basement_r":null,"elderly_alone_r":0.367,"bldg_age30_r":null,"shelter_min_walk":68,"pop":2219,"hh":1474,"elderly65_r":0.5493,"single_hh_r":0.6309,"source_level":"emd","flood_years":[],"landslide_hist_n":0},"geometry":{"type":"Polygon","coordinates":[[[126.73592,35.6818],[126.73509,35.67799],[126.73925,35.67595],[126.74423,35.67773],[126.74506,35.68154],[126.7409,35.68358],[126.73592,35.6818]]]}},{"type":"Feature","properties":{"h3":"8830c44651fffff","emd_code":"5280038000","emd_name":"백산면","area_km2":0.5276,"edge":true,"slope_mean":0.82,"elev_mean":4.2,"flood_hist_n":0,"flood_depth_max_m":null,"flood_risk_100y":null,"semi_basement_r":null,"elderly_alone_r":0.367,"bldg_age30_r":null,"shelter_min_walk":73,"pop":2219,"hh":1474,"elderly65_r":0.5493,"single_hh_r":0.6309,"source_level":"emd","flood_years":[],"landslide_hist_n":0},"geometry":{"type":"Polygon","coordinates":[[[126.76914,35.68662],[126.76832,35.68281],[126.77247,35.68077],[126.77746,35.68255],[126.77828,35.68636],[126.77413,35.68839],[126.76914,35.68662]]]}},{"type":"Feature","properties":{"h3":"8830c44653fffff","emd_code":"5280038000","emd_name":"백산면","area_km2":0.5277,"edge":false,"slope_mean":1.95,"elev_mean":7.0,"flood_hist_n":0,"flood_depth_max_m":null,"flood_risk_100y":null,"semi_basement_r":null,"elderly_alone_r":0.367,"bldg_age30_r":null,"shelter_min_walk":81,"pop":2219,"hh":1474,"elderly65_r":0.5493,"single_hh_r":0.6309,"source_level":"emd","flood_years":[],"landslide_hist_n":0},"geometry":{"type":"Polygon","coordinates":[[[126.77828,35.68636],[126.77746,35.68255],[126.78161,35.68051],[126.7866,35.68229],[126.78742,35.6861],[126.78327,35.68813],[126.77828,35.68636]]]}},{"type":"Feature","properties":{"h3":"8830c44655fffff","emd_code":"5280038000","emd_name":"백산면","area_km2":0.5277,"edge":false,"slope_mean":0.95,"elev_mean":4.6,"flood_hist_n":0,"flood_depth_max_m":null,"flood_risk_100y":null,"semi_basement_r":null,"elderly_alone_r":0.367,"bldg_age30_r":null,"shelter_min_walk":77,"pop":2219,"hh":1474,"elderly65_r":0.5493,"single_hh_r":0.6309,"source_level":"emd","flood_years":[],"landslide_hist_n":0},"geometry":{"type":"Polygon","coordinates":[[[126.76333,35.68103],[126.76251,35.67722],[126.76667,35.67518],[126.77165,35.67696],[126.77247,35.68077],[126.76832,35.68281],[126.76333,35.68103]]]}},{"type":"Feature","properties":{"h3":"8830c44657fffff","emd_code":"5280038000","emd_name":"백산면","area_km2":0.5277,"edge":true,"slope_mean":0.44,"elev_mean":4.7,"flood_hist_n":0,"flood_depth_max_m":null,"flood_risk_100y":null,"semi_basement_r":null,"elderly_alone_r":0.367,"bldg_age30_r":null,"shelter_min_walk":84,"pop":2219,"hh":1474,"elderly65_r":0.5493,"single_hh_r":0.6309,"source_level":"emd","flood_years":[],"landslide_hist_n":0},"geometry":{"type":"Polygon","coordinates":[[[126.77247,35.68077],[126.77165,35.67696],[126.77581,35.67493],[126.78079,35.6767],[126.78161,35.68051],[126.77746,35.68255],[126.77247,35.68077]]]}},{"type":"Feature","properties":{"h3":"8830c44659fffff","emd_code":"5280038000","emd_name":"백산면","area_km2":0.5275,"edge":false,"slope_mean":0.6,"elev_mean":4.2,"flood_hist_n":0,"flood_depth_max_m":null,"flood_risk_100y":null,"semi_basement_r":null,"elderly_alone_r":0.367,"bldg_age30_r":null,"shelter_min_walk":63,"pop":2219,"hh":1474,"elderly65_r":0.5493,"single_hh_r":0.6309,"source_level":"emd","flood_years":[],"landslide_hist_n":0},"geometry":{"type":"Polygon","coordinates":[[[126.76581,35.69246],[126.76499,35.68865],[126.76914,35.68662],[126.77413,35.68839],[126.77495,35.6922],[126.77079,35.69424],[126.76581,35.69246]]]}},{"type":"Feature","properties":{"h3":"8830c4465bfffff","emd_code":"5280038000","emd_name":"백산면","area_km2":0.5276,"edge":false,"slope_mean":1.5,"elev_mean":5.9,"flood_hist_n":0,"flood_depth_max_m":null,"flood_risk_100y":null,"semi_basement_r":null,"elderly_alone_r":0.367,"bldg_age30_r":null,"shelter_min_walk":71,"pop":2219,"hh":1474,"elderly65_r":0.5493,"single_hh_r":0.6309,"source_level":"emd","flood_years":[],"landslide_hist_n":0},"geometry":{"type":"Polygon","coordinates":[[[126.77495,35.6922],[126.77413,35.68839],[126.77828,35.68636],[126.78327,35.68813],[126.78409,35.69195],[126.77994,35.69398],[126.77495,35.6922]]]}},{"type":"Feature","properties":{"h3":"8830c4465dfffff","emd_code":"5280038000","emd_name":"백산면","area_km2":0.5276,"edge":false,"slope_mean":0.55,"elev_mean":4.5,"flood_hist_n":0,"flood_depth_max_m":null,"flood_risk_100y":null,"semi_basement_r":null,"elderly_alone_r":0.367,"bldg_age30_r":null,"shelter_min_walk":67,"pop":2219,"hh":1474,"elderly65_r":0.5493,"single_hh_r":0.6309,"source_level":"emd","flood_years":[],"landslide_hist_n":0},"geometry":{"type":"Polygon","coordinates":[[[126.76,35.68687],[126.75918,35.68306],[126.76333,35.68103],[126.76832,35.68281],[126.76914,35.68662],[126.76499,35.68865],[126.76,35.68687]]]}},{"type":"Feature","properties":{"h3":"8830c44661fffff","emd_code":"5280031000","emd_name":"주산면","area_km2":0.5278,"edge":false,"slope_mean":1.14,"elev_mean":5.2,"flood_hist_n":0,"flood_depth_max_m":null,"flood_risk_100y":null,"semi_basement_r":null,"elderly_alone_r":0.3593,"bldg_age30_r":null,"shelter_min_walk":96,"pop":1695,"hh":1116,"elderly65_r":0.5558,"single_hh_r":0.6147,"source_level":"emd","flood_years":[],"landslide_hist_n":0},"geometry":{"type":"Polygon","coordinates":[[[126.73677,35.66452],[126.73595,35.66071],[126.7401,35.65867],[126.74508,35.66045],[126.74591,35.66426],[126.74175,35.6663],[126.73677,35.66452]]]}},{"type":"Feature","properties":{"h3":"8830c44663fffff","emd_code":"5280038000","emd_name":"백산면","area_km2":0.5279,"edge":true,"slope_mean":0.64,"elev_mean":4.6,"flood_hist_n":0,"flood_depth_max_m":null,"flood_risk_100y":null,"semi_basement_r":null,"elderly_alone_r":0.367,"bldg_age30_r":null,"shelter_min_walk":98,"pop":2219,"hh":1474,"elderly65_r":0.5493,"single_hh_r":0.6309,"source_level":"emd","flood_years":[],"landslide_hist_n":0},"geometry":{"type":"Polygon","coordinates":[[[126.74591,35.66426],[126.74508,35.66045],[126.74924,35.65842],[126.75422,35.66019],[126.75505,35.66401],[126.75089,35.66604],[126.74591,35.66426]]]}},{"type":"Feature","properties":{"h3":"8830c44665fffff","emd_code":"5280031000","emd_name":"주산면","area_km2":0.5279,"edge":false,"slope_mean":0.55,"elev_mean":4.4,"flood_hist_n":0,"flood_depth_max_m":null,"flood_risk_100y":null,"semi_basement_r":null,"elderly_alone_r":0.3593,"bldg_age30_r":null,"shelter_min_walk":105,"pop":1695,"hh":1116,"elderly65_r":0.5558,"single_hh_r":0.6147,"source_level":"emd","flood_years":[],"landslide_hist_n":0},"geometry":{"type":"Polygon","coordinates":[[[126.73096,35.65893],[126.73014,35.65512],[126.7343,35.65308],[126.73928,35.65486],[126.7401,35.65867],[126.73595,35.66071],[126.73096,35.65893]]]}},{"type":"Feature","properties":{"h3":"8830c44669fffff","emd_code":"5280031000","emd_name":"주산면","area_km2":0.5277,"edge":false,"slope_mean":2.45,"elev_mean":7.7,"flood_hist_n":0,"flood_depth_max_m":null,"flood_risk_100y":null,"semi_basement_r":null,"elderly_alone_r":0.3593,"bldg_age30_r":null,"shelter_min_walk":87,"pop":1695,"hh":1116,"elderly65_r":0.5558,"single_hh_r":0.6147,"source_level":"emd","flood_years":[],"landslide_hist_n":0},"geometry":{"type":"Polygon","coordinates":[[[126.73344,35.67036],[126.73262,35.66655],[126.73677,35.66452],[126.74175,35.6663],[126.74258,35.67011],[126.73842,35.67214],[126.73344,35.67036]]]}},{"type":"Feature","properties":{"h3":"8830c4466bfffff","emd_code":"5280038000","emd_name":"백산면","area_km2":0.5278,"edge":false,"slope_mean":0.6,"elev_mean":4.6,"flood_hist_n":0,"flood_depth_max_m":null,"flood_risk_100y":null,"semi_basement_r":null,"elderly_alone_r":0.367,"bldg_age30_r":null,"shelter_min_walk":87,"pop":2219,"hh":1474,"elderly65_r":0.5493,"single_hh_r":0.6309,"source_level":"emd","flood_years":[],"landslide_hist_n":0},"geometry":{"type":"Polygon","coordinates":[[[126.74258,35.67011],[126.74175,35.6663],[126.74591,35.66426],[126.75089,35.66604],[126.75172,35.66985],[126.74756,35.67189],[126.74258,35.67011]]]}},{"type":"Feature","properties":{"h3":"8830c4466dfffff","emd_code":"5280031000","emd_name":"주산면","area_km2":0.5278,"edge":false,"slope_mean":1.91,"elev_mean":6.4,"flood_hist_n":0,"flood_depth_max_m":null,"flood_risk_100y":null,"semi_basement_r":null,"elderly_alone_r":0.3593,"bldg_age30_r":null,"shelter_min_walk":96,"pop":1695,"hh":1116,"elderly65_r":0.5558,"single_hh_r":0.6147,"source_level":"emd","flood_years":[],"landslide_hist_n":0},"geometry":{"type":"Polygon","coordinates":[[[126.72763,35.66477],[126.72681,35.66096],[126.73096,35.65893],[126.73595,35.66071],[126.73677,35.66452],[126.73262,35.66655],[126.72763,35.66477]]]}},{"type":"Feature","properties":{"h3":"8830c446c3fffff","emd_code":"5280038000","emd_name":"백산면","area_km2":0.528,"edge":true,"slope_mean":0.65,"elev_mean":5.2,"flood_hist_n":0,"flood_depth_max_m":null,"flood_risk_100y":null,"semi_basement_r":null,"elderly_alone_r":0.367,"bldg_age30_r":null,"shelter_min_walk":86,"pop":2219,"hh":1474,"elderly65_r":0.5493,"single_hh_r":0.6309,"source_level":"emd","flood_years":[],"landslide_hist_n":0},"geometry":{"type":"Polygon","coordinates":[[[126.81818,35.67947],[126.81736,35.67566],[126.82151,35.67362],[126.8265,35.6754],[126.82733,35.67921],[126.82317,35.68125],[126.81818,35.67947]]]}},{"type":"Feature","properties":{"h3":"8830c446c9fffff","emd_code":"5280038000","emd_name":"백산면","area_km2":0.5278,"edge":false,"slope_mean":3.45,"elev_mean":10.1,"flood_hist_n":0,"flood_depth_max_m":null,"flood_risk_100y":null,"semi_basement_r":null,"elderly_alone_r":0.367,"bldg_age30_r":null,"shelter_min_walk":101,"pop":2219,"hh":1474,"elderly65_r":0.5493,"single_hh_r":0.6309,"source_level":"emd","flood_years":[],"landslide_hist_n":0},"geometry":{"type":"Polygon","coordinates":[[[126.80571,35.68558],[126.80488,35.68177],[126.80904,35.67973],[126.81402,35.68151],[126.81485,35.68532],[126.81069,35.68736],[126.80571,35.68558]]]}},{"type":"Feature","properties":{"h3":"8830c446cbfffff","emd_code":"5280038000","emd_name":"백산면","area_km2":0.5279,"edge":false,"slope_mean":1.03,"elev_mean":5.7,"flood_hist_n":0,"flood_depth_max_m":null,"flood_risk_100y":null,"semi_basement_r":null,"elderly_alone_r":0.367,"bldg_age30_r":null,"shelter_min_walk":89,"pop":2219,"hh":1474,"elderly65_r":0.5493,"single_hh_r":0.6309,"source_level":"emd","flood_years":[],"landslide_hist_n":0},"geometry":{"type":"Polygon","coordinates":[[[126.81485,35.68532],[126.81402,35.68151],[126.81818,35.67947],[126.82317,35.68125],[126.82399,35.68506],[126.81984,35.68709],[126.81485,35.68532]]]}},{"type":"Feature","properties":{"h3":"8830c446cdfffff","emd_code":"5280038000","emd_name":"백산면","area_km2":0.5279,"edge":false,"slope_mean":4.14,"elev_mean":15.1,"flood_hist_n":0,"flood_depth_max_m":null,"flood_risk_100y":null,"semi_basement_r":null,"elderly_alone_r":0.367,"bldg_age30_r":null,"shelter_min_walk":110,"pop":2219,"hh":1474,"elderly65_r":0.5493,"single_hh_r":0.6309,"source_level":"emd","flood_years":[],"landslide_hist_n":0},"geometry":{"type":"Polygon","coordinates":[[[126.7999,35.67999],[126.79907,35.67618],[126.80323,35.67415],[126.80821,35.67592],[126.80904,35.67973],[126.80488,35.68177],[126.7999,35.67999]]]}},{"type":"Feature","properties":{"h3":"8830c446d9fffff","emd_code":"5280038000","emd_name":"백산면","area_km2":0.5279,"edge":false,"slope_mean":0.48,"elev_mean":4.9,"flood_hist_n":0,"flood_depth_max_m":null,"flood_risk_100y":null,"semi_basement_r":null,"elderly_alone_r":0.367,"bldg_age30_r":null,"shelter_min_walk":68,"pop":2219,"hh":1474,"elderly65_r":0.5493,"single_hh_r":0.6309,"source_level":"emd","flood_years":[],"landslide_hist_n":0},"geometry":{"type":"Polygon","coordinates":[[[126.82981,35.69064],[126.82898,35.68683],[126.83314,35.6848],[126.83812,35.68657],[126.83895,35.69038],[126.83479,35.69242],[126.82981,35.69064]]]}},{"type":"Feature","properties":{"h3":"8830c446ddfffff","emd_code":"5280038000","emd_name":"백산면","area_km2":0.5279,"edge":false,"slope_mean":0.82,"elev_mean":5.7,"flood_hist_n":0,"flood_depth_max_m":null,"flood_risk_100y":null,"semi_basement_r":null,"elderly_alone_r":0.367,"bldg_age30_r":null,"shelter_min_walk":77,"pop":2219,"hh":1474,"elderly65_r":0.5493,"single_hh_r":0.6309,"source_level":"emd","flood_years":[],"landslide_hist_n":0},"geometry":{"type":"Polygon","coordinates":[[[126.82399,35.68506],[126.82317,35.68125],[126.82733,35.67921],[126.83231,35.68098],[126.83314,35.6848],[126.82898,35.68683],[126.82399,35.68506]]]}},{"type":"Feature","properties":{"h3":"8830c44701fffff","emd_code":"5280035000","emd_name":"보안면","area_km2":0.5283,"edge":true,"slope_mean":0.9,"elev_mean":5.1,"flood_hist_n":0,"flood_depth_max_m":null,"flood_risk_100y":null,"semi_basement_r":null,"elderly_alone_r":0.374,"bldg_age30_r":null,"shelter_min_walk":153,"pop":2133,"hh":1401,"elderly65_r":0.5692,"single_hh_r":0.6124,"source_level":"emd","flood_years":[],"landslide_hist_n":0},"geometry":{"type":"Polygon","coordinates":[[[126.72021,35.63045],[126.71938,35.62664],[126.72354,35.6246],[126.72852,35.62638],[126.72934,35.6302],[126.72519,35.63223],[126.72021,35.63045]]]}},{"type":"Feature","properties":{"h3":"8830c44705fffff","emd_code":"5280035000","emd_name":"보안면","area_km2":0.5284,"edge":false,"slope_mean":1.33,"elev_mean":5.5,"flood_hist_n":0,"flood_depth_max_m":null,"flood_risk_100y":null,"semi_basement_r":null,"elderly_alone_r":0.374,"bldg_age30_r":null,"shelter_min_walk":163,"pop":2133,"hh":1401,"elderly65_r":0.5692,"single_hh_r":0.6124,"source_level":"emd","flood_years":[],"landslide_hist_n":0},"geometry":{"type":"Polygon","coordinates":[[[126.7144,35.62486],[126.71358,35.62104],[126.71773,35.61901],[126.72271,35.62079],[126.72354,35.6246],[126.71938,35.62664],[126.7144,35.62486]]]}},{"type":"Feature","properties":{"h3":"8830c44709fffff","emd_code":"5280035000","emd_name":"보안면","area_km2":0.5282,"edge":false,"slope_mean":1.23,"elev_mean":6.1,"flood_hist_n":0,"flood_depth_max_m":null,"flood_risk_100y":null,"semi_basement_r":null,"elderly_alone_r":0.374,"bldg_age30_r":null,"shelter_min_walk":144,"pop":2133,"hh":1401,"elderly65_r":0.5692,"single_hh_r":0.6124,"source_level":"emd","flood_years":[],"landslide_hist_n":0},"geometry":{"type":"Polygon","coordinates":[[[126.71688,35.6363],[126.71605,35.63249],[126.72021,35.63045],[126.72519,35.63223],[126.72601,35.63605],[126.72186,35.63808],[126.71688,35.6363]]]}},{"type":"Feature","properties":{"h3":"8830c4470dfffff","emd_code":"5280035000","emd_name":"보안면","area_km2":0.5282,"edge":false,"slope_mean":4.0,"elev_mean":12.1,"flood_hist_n":0,"flood_depth_max_m":null,"flood_risk_100y":null,"semi_basement_r":null,"elderly_alone_r":0.374,"bldg_age30_r":null,"shelter_min_walk":154,"pop":2133,"hh":1401,"elderly65_r":0.5692,"single_hh_r":0.6124,"source_level":"emd","flood_years":[],"landslide_hist_n":0},"geometry":{"type":"Polygon","coordinates":[[[126.71107,35.63071],[126.71025,35.62689],[126.7144,35.62486],[126.71938,35.62664],[126.72021,35.63045],[126.71605,35.63249],[126.71107,35.63071]]]}},{"type":"Feature","properties":{"h3":"8830c44721fffff","emd_code":"5280041000","emd_name":"줄포면","area_km2":0.5285,"edge":false,"slope_mean":2.42,"elev_mean":9.1,"flood_hist_n":0,"flood_depth_max_m":null,"flood_risk_100y":null,"semi_basement_r":null,"elderly_alone_r":0.3342,"bldg_age30_r":null,"shelter_min_walk":180,"pop":2361,"hh":1499,"elderly65_r":0.5057,"single_hh_r":0.6064,"source_level":"emd","flood_years":[],"landslide_hist_n":0},"geometry":{"type":"Polygon","coordinates":[[[126.71193,35.61341],[126.7111,35.6096],[126.71526,35.60756],[126.72024,35.60934],[126.72106,35.61316],[126.71691,35.61519],[126.71193,35.61341]]]}},{"type":"Feature","properties":{"h3":"8830c44723fffff","emd_code":"5280041000","emd_name":"줄포면","area_km2":0.5286,"edge":true,"slope_mean":2.74,"elev_mean":8.3,"flood_hist_n":0,"flood_depth_max_m":null,"flood_risk_100y":null,"semi_basement_r":null,"elderly_alone_r":0.3342,"bldg_age30_r":null,"shelter_min_walk":169,"pop":2361,"hh":1499,"elderly65_r":0.5057,"single_hh_r":0.6064,"source_level":"emd","flood_years":[],"landslide_hist_n":0},"geometry":{"type":"Polygon","coordinates":[[[126.72106,35.61316],[126.72024,35.60934],[126.72439,35.6073],[126.72937,35.60908],[126.7302,35.6129],[126.72604,35.61494],[126.72106,35.61316]]]}},{"type":"Feature","properties":{"h3":"8830c44725fffff","emd_code":"5280041000","emd_name":"줄포면","area_km2":0.5286,"edge":false,"slope_mean":4.33,"elev_mean":13.3,"flood_hist_n":0,"flood_depth_max_m":null,"flood_risk_100y":null,"semi_basement_r":null,"elderly_alone_r":0.3342,"bldg_age30_r":null,"shelter_min_walk":184,"pop":2361,"hh":1499,"elderly65_r":0.5057,"single_hh_r":0.6064,"source_level":"emd","flood_years":[],"landslide_hist_n":0},"geometry":{"type":"Polygon","coordinates":[[[126.70612,35.60782],[126.7053,35.604],[126.70945,35.60196],[126.71443,35.60374],[126.71526,35.60756],[126.7111,35.6096],[126.70612,35.60782]]]}},{"type":"Feature","properties":{"h3":"8830c44727fffff","emd_code":"5280041000","emd_name":"줄포면","area_km2":0.5286,"edge":false,"slope_mean":4.35,"elev_mean":11.7,"flood_hist_n":0,"flood_depth_max_m":null,"flood_risk_100y":null,"semi_basement_r":null,"elderly_alone_r":0.3342,"bldg_age30_r":null,"shelter_min_walk":172,"pop":2361,"hh":1499,"elderly65_r":0.5057,"single_hh_r":0.6064,"source_level":"emd","flood_years":[],"landslide_hist_n":0},"geometry":{"type":"Polygon","coordinates":[[[126.71526,35.60756],[126.71443,35.60374],[126.71859,35.60171],[126.72357,35.60349],[126.72439,35.6073],[126.72024,35.60934],[126.71526,35.60756]]]}},{"type":"Feature","properties":{"h3":"8830c44729fffff","emd_code":"5280035000","emd_name":"보안면","area_km2":0.5284,"edge":false,"slope_mean":1.55,"elev_mean":5.9,"flood_hist_n":0,"flood_depth_max_m":null,"flood_risk_100y":null,"semi_basement_r":null,"elderly_alone_r":0.374,"bldg_age30_r":null,"shelter_min_walk":173,"pop":2133,"hh":1401,"elderly65_r":0.5692,"single_hh_r":0.6124,"source_level":"emd","flood_years":[],"landslide_hist_n":0},"geometry":{"type":"Polygon","coordinates":[[[126.7086,35.61926],[126.70777,35.61545],[126.71193,35.61341],[126.71691,35.61519],[126.71773,35.61901],[126.71358,35.62104],[126.7086,35.61926]]]}},{"type":"Feature","properties":{"h3":"8830c4472bfffff","emd_code":"5280041000","emd_name":"줄포면","area_km2":0.5285,"edge":false,"slope_mean":2.17,"elev_mean":6.8,"flood_hist_n":0,"flood_depth_max_m":null,"flood_risk_100y":null,"semi_basement_r":null,"elderly_alone_r":0.3342,"bldg_age30_r":null,"shelter_min_walk":172,"pop":2361,"hh":1499,"elderly65_r":0.5057,"single_hh_r":0.6064,"source_level":"emd","flood_years":[],"landslide_hist_n":0},"geometry":{"type":"Polygon","coordinates":[[[126.71773,35.61901],[126.71691,35.61519],[126.72106,35.61316],[126.72604,35.61494],[126.72687,35.61875],[126.72271,35.62079],[126.71773,35.61901]]]}},{"type":"Feature","properties":{"h3":"8830c4472dfffff","emd_code":"5280041000","emd_name":"줄포면","area_km2":0.5285,"edge":false,"slope_mean":1.49,"elev_mean":7.5,"flood_hist_n":0,"flood_depth_max_m":null,"flood_risk_100y":null,"semi_basement_r":null,"elderly_alone_r":0.3342,"bldg_age30_r":null,"shelter_min_walk":184,"pop":2361,"hh":1499,"elderly65_r":0.5057,"single_hh_r":0.6064,"source_level":"emd","flood_years":[],"landslide_hist_n":0},"geometry":{"type":"Polygon","coordinates":[[[126.70279,35.61367],[126.70197,35.60985],[126.70612,35.60782],[126.7111,35.6096],[126.71193,35.61341],[126.70777,35.61545],[126.70279,35.61367]]]}},{"type":"Feature","properties":{"h3":"8830c44741fffff","emd_code":"5280035000","emd_name":"보안면","area_km2":0.528,"edge":false,"slope_mean":5.79,"elev_mean":16.9,"flood_hist_n":0,"flood_depth_max_m":null,"flood_risk_100y":null,"semi_basement_r":null,"elderly_alone_r":0.374,"bldg_age30_r":null,"shelter_min_walk":137,"pop":2133,"hh":1401,"elderly65_r":0.5692,"single_hh_r":0.6124,"source_level":"emd","flood_years":[],"landslide_hist_n":0},"geometry":{"type":"Polygon","coordinates":[[[126.70441,35.64241],[126.70359,35.63859],[126.70774,35.63656],[126.71272,35.63834],[126.71355,35.64215],[126.70939,35.64419],[126.70441,35.64241]]]}},{"type":"Feature","properties":{"h3":"8830c44743fffff","emd_code":"5280031000","emd_name":"주산면","area_km2":0.5281,"edge":false,"slope_mean":2.9,"elev_mean":11.3,"flood_hist_n":0,"flood_depth_max_m":null,"flood_risk_100y":null,"semi_basement_r":null,"elderly_alone_r":0.3593,"bldg_age30_r":null,"shelter_min_walk":135,"pop":1695,"hh":1116,"elderly65_r":0.5558,"single_hh_r":0.6147,"source_level":"emd","flood_years":[],"landslide_hist_n":0},"geometry":{"type":"Polygon","coordinates":[[[126.71355,35.64215],[126.71272,35.63834],[126.71688,35.6363],[126.72186,35.63808],[126.72268,35.6419],[126.71853,35.64393],[126.71355,35.64215]]]}},{"type":"Feature","properties":{"h3":"8830c44745fffff","emd_code":"5280035000","emd_name":"보안면","area_km2":0.5281,"edge":false,"slope_mean":6.38,"elev_mean":24.1,"flood_hist_n":0,"flood_depth_max_m":null,"flood_risk_100y":null,"semi_basement_r":null,"elderly_alone_r":0.374,"bldg_age30_r":null,"shelter_min_walk":148,"pop":2133,"hh":1401,"elderly65_r":0.5692,"single_hh_r":0.6124,"source_level":"emd","flood_years":[],"landslide_hist_n":0},"geometry":{"type":"Polygon","coordinates":[[[126.69861,35.63681],[126.69778,35.633],[126.70194,35.63096],[126.70692,35.63274],[126.70774,35.63656],[126.70359,35.63859],[126.69861,35.63681]]]}},{"type":"Feature","properties":{"h3":"8830c44747fffff","emd_code":"5280035000","emd_name":"보안면","area_km2":0.5281,"edge":false,"slope_mean":4.81,"elev_mean":16.5,"flood_hist_n":0,"flood_depth_max_m":null,"flood_risk_100y":null,"semi_basement_r":null,"elderly_alone_r":0.374,"bldg_age30_r":null,"shelter_min_walk":145,"pop":2133,"hh":1401,"elderly65_r":0.5692,"single_hh_r":0.6124,"source_level":"emd","flood_years":[],"landslide_hist_n":0},"geometry":{"type":"Polygon","coordinates":[[[126.70774,35.63656],[126.70692,35.63274],[126.71107,35.63071],[126.71605,35.63249],[126.71688,35.6363],[126.71272,35.63834],[126.70774,35.63656]]]}},{"type":"Feature","properties":{"h3":"8830c44749fffff","emd_code":"5280031000","emd_name":"주산면","area_km2":0.5279,"edge":false,"slope_mean":8.22,"elev_mean":29.9,"flood_hist_n":0,"flood_depth_max_m":null,"flood_risk_100y":null,"semi_basement_r":null,"elderly_alone_r":0.3593,"bldg_age30_r":null,"shelter_min_walk":129,"pop":1695,"hh":1116,"elderly65_r":0.5558,"single_hh_r":0.6147,"source_level":"emd","flood_years":[],"landslide_hist_n":0},"geometry":{"type":"Polygon","coordinates":[[[126.70108,35.64825],[126.70026,35.64444],[126.70441,35.64241],[126.70939,35.64419],[126.71022,35.648],[126.70606,35.65003],[126.70108,35.64825]]]}},{"type":"Feature","properties":{"h3":"8830c4474bfffff","emd_code":"5280031000","emd_name":"주산면","area_km2":0.528,"edge":false,"slope_mean":3.52,"elev_mean":11.0,"flood_hist_n":0,"flood_depth_max_m":null,"flood_risk_100y":null,"semi_basement_r":null,"elderly_alone_r":0.3593,"bldg_age30_r":null,"shelter_min_walk":126,"pop":1695,"hh":1116,"elderly65_r":0.5558,"single_hh_r":0.6147,"source_level":"emd","flood_years":[],"landslide_hist_n":0},"geometry":{"type":"Polygon","coordinates":[[[126.71022,35.648],[126.70939,35.64419],[126.71355,35.64215],[126.71853,35.64393],[126.71935,35.64774],[126.7152,35.64978],[126.71022,35.648]]]}},{"type":"Feature","properties":{"h3":"8830c4474dfffff","emd_code":"5280035000","emd_name":"보안면","area_km2":0.528,"edge":false,"slope_mean":8.62,"elev_mean":34.8,"flood_hist_n":0,"flood_depth_max_m":null,"flood_risk_100y":null,"semi_basement_r":null,"elderly_alone_r":0.374,"bldg_age30_r":null,"shelter_min_walk":140,"pop":2133,"hh":1401,"elderly65_r":0.5692,"single_hh_r":0.6124,"source_level":"emd","flood_years":[],"landslide_hist_n":0},"geometry":{"type":"Polygon","coordinates":[[[126.69527,35.64266],[126.69445,35.63885],[126.69861,35.63681],[126.70359,35.63859],[126.70441,35.64241],[126.70026,35.64444],[126.69527,35.64266]]]}},{"type":"Feature","properties":{"h3":"8830c44755fffff","emd_code":"5280031000","emd_name":"주산면","area_km2":0.5281,"edge":true,"slope_mean":0.48,"elev_mean":4.6,"flood_hist_n":0,"flood_depth_max_m":null,"flood_risk_100y":null,"semi_basement_r":null,"elderly_alone_r":0.3593,"bldg_age30_r":null,"shelter_min_walk":134,"pop":1695,"hh":1116,"elderly65_r":0.5558,"single_hh_r":0.6147,"source_level":"emd","flood_years":[],"landslide_hist_n":0},"geometry":{"type":"Polygon","coordinates":[[[126.72268,35.6419],[126.72186,35.63808],[126.72601,35.63605],[126.73099,35.63783],[126.73182,35.64164],[126.72766,35.64368],[126.72268,35.6419]]]}},{"type":"Feature","properties":{"h3":"8830c44759fffff","emd_code":"5280031000","emd_name":"주산면","area_km2":0.5279,"edge":false,"slope_mean":0.66,"elev_mean":4.7,"flood_hist_n":0,"flood_depth_max_m":null,"flood_risk_100y":null,"semi_basement_r":null,"elderly_alone_r":0.3593,"bldg_age30_r":null,"shelter_min_walk":115,"pop":1695,"hh":1116,"elderly65_r":0.5558,"single_hh_r":0.6147,"source_level":"emd","flood_years":[],"landslide_hist_n":0},"geometry":{"type":"Polygon","coordinates":[[[126.72516,35.65334],[126.72433,35.64952],[126.72849,35.64749],[126.73347,35.64927],[126.7343,35.65308],[126.73014,35.65512],[126.72516,35.65334]]]}},{"type":"Feature","properties":{"h3":"8830c4475bfffff","emd_code":"5280031000","emd_name":"주산면","area_km2":0.528,"edge":true,"slope_mean":0.74,"elev_mean":4.5,"flood_hist_n":0,"flood_depth_max_m":null,"flood_risk_100y":null,"semi_basement_r":null,"elderly_alone_r":0.3593,"bldg_age30_r":null,"shelter_min_walk":115,"pop":1695,"hh":1116,"elderly65_r":0.5558,"single_hh_r":0.6147,"source_level":"emd","flood_years":[],"landslide_hist_n":0},"geometry":{"type":"Polygon","coordinates":[[[126.7343,35.65308],[126.73347,35.64927],[126.73763,35.64723],[126.74261,35.64901],[126.74343,35.65282],[126.73928,35.65486],[126.7343,35.65308]]]}},{"type":"Feature","properties":{"h3":"8830c4475dfffff","emd_code":"5280031000","emd_name":"주산면","area_km2":0.528,"edge":false,"slope_mean":2.4,"elev_mean":7.5,"flood_hist_n":0,"flood_depth_max_m":null,"flood_risk_100y":null,"semi_basement_r":null,"elderly_alone_r":0.3593,"bldg_age30_r":null,"shelter_min_walk":125,"pop":1695,"hh":1116,"elderly65_r":0.5558,"single_hh_r":0.6147,"source_level":"emd","flood_years":[],"landslide_hist_n":0},"geometry":{"type":"Polygon","coordinates":[[[126.71935,35.64774],[126.71853,35.64393],[126.72268,35.6419],[126.72766,35.64368],[126.72849,35.64749],[126.72433,35.64952],[126.71935,35.64774]]]}},{"type":"Feature","properties":{"h3":"8830c44761fffff","emd_code":"5280035000","emd_name":"보안면","area_km2":0.5283,"edge":false,"slope_mean":3.86,"elev_mean":14.7,"flood_hist_n":0,"flood_depth_max_m":null,"flood_risk_100y":null,"semi_basement_r":null,"elderly_alone_r":0.374,"bldg_age30_r":null,"shelter_min_walk":167,"pop":2133,"hh":1401,"elderly65_r":0.5692,"single_hh_r":0.6124,"source_level":"emd","flood_years":[],"landslide_hist_n":0},"geometry":{"type":"Polygon","coordinates":[[[126.69613,35.62537],[126.69531,35.62155],[126.69946,35.61952],[126.70444,35.6213],[126.70527,35.62511],[126.70111,35.62715],[126.69613,35.62537]]]}},{"type":"Feature","properties":{"h3":"8830c44763fffff","emd_code":"5280035000","emd_name":"보안면","area_km2":0.5283,"edge":false,"slope_mean":4.71,"elev_mean":13.6,"flood_hist_n":0,"flood_depth_max_m":null,"flood_risk_100y":null,"semi_basement_r":null,"elderly_alone_r":0.374,"bldg_age30_r":null,"shelter_min_walk":165,"pop":2133,"hh":1401,"elderly65_r":0.5692,"single_hh_r":0.6124,"source_level":"emd","flood_years":[],"landslide_hist_n":0},"geometry":{"type":"Polygon","coordinates":[[[126.70527,35.62511],[126.70444,35.6213],[126.7086,35.61926],[126.71358,35.62104],[126.7144,35.62486],[126.71025,35.62689],[126.70527,35.62511]]]}},{"type":"Feature","properties":{"h3":"8830c44765fffff","emd_code":"5280035000","emd_name":"보안면","area_km2":0.5283,"edge":false,"slope_mean":1.86,"elev_mean":7.9,"flood_hist_n":0,"flood_depth_max_m":null,"flood_risk_100y":null,"semi_basement_r":null,"elderly_alone_r":0.374,"bldg_age30_r":null,"shelter_min_walk":178,"pop":2133,"hh":1401,"elderly65_r":0.5692,"single_hh_r":0.6124,"source_level":"emd","flood_years":[],"landslide_hist_n":0},"geometry":{"type":"Polygon","coordinates":[[[126.69033,35.61977],[126.6895,35.61596],[126.69366,35.61392],[126.69864,35.6157],[126.69946,35.61952],[126.69531,35.62155],[126.69033,35.61977]]]}},{"type":"Feature","properties":{"h3":"8830c44767fffff","emd_code":"5280041000","emd_name":"줄포면","area_km2":0.5284,"edge":false,"slope_mean":1.26,"elev_mean":6.4,"flood_hist_n":0,"flood_depth_max_m":null,"flood_risk_100y":null,"semi_basement_r":null,"elderly_alone_r":0.3342,"bldg_age30_r":null,"shelter_min_walk":176,"pop":2361,"hh":1499,"elderly65_r":0.5057,"single_hh_r":0.6064,"source_level":"emd","flood_years":[],"landslide_hist_n":0},"geometry":{"type":"Polygon","coordinates":[[[126.69946,35.61952],[126.69864,35.6157],[126.70279,35.61367],[126.70777,35.61545],[126.7086,35.61926],[126.70444,35.6213],[126.69946,35.61952]]]}},{"type":"Feature","properties":{"h3":"8830c44769fffff","emd_code":"5280035000","emd_name":"보안면","area_km2":0.5281,"edge":false,"slope_mean":5.14,"elev_mean":23.0,"flood_hist_n":0,"flood_depth_max_m":null,"flood_risk_100y":null,"semi_basement_r":null,"elderly_alone_r":0.374,"bldg_age30_r":null,"shelter_min_walk":159,"pop":2133,"hh":1401,"elderly65_r":0.5692,"single_hh_r":0.6124,"source_level":"emd","flood_years":[],"landslide_hist_n":0},"geometry":{"type":"Polygon","coordinates":[[[126.6928,35.63122],[126.69198,35.6274],[126.69613,35.62537],[126.70111,35.62715],[126.70194,35.63096],[126.69778,35.633],[126.6928,35.63122]]]}},{"type":"Feature","properties":{"h3":"8830c4476bfffff","emd_code":"5280035000","emd_name":"보안면","area_km2":0.5282,"edge":false,"slope_mean":5.2,"elev_mean":18.5,"flood_hist_n":0,"flood_depth_max_m":null,"flood_risk_100y":null,"semi_basement_r":null,"elderly_alone_r":0.374,"bldg_age30_r":null,"shelter_min_walk":156,"pop":2133,"hh":1401,"elderly65_r":0.5692,"single_hh_r":0.6124,"source_level":"emd","flood_years":[],"landslide_hist_n":0},"geometry":{"type":"Polygon","coordinates":[[[126.70194,35.63096],[126.70111,35.62715],[126.70527,35.62511],[126.71025,35.62689],[126.71107,35.63071],[126.70692,35.63274],[126.70194,35.63096]]]}},{"type":"Feature","properties":{"h3":"8830c4476dfffff","emd_code":"5280035000","emd_name":"보안면","area_km2":0.5282,"edge":false,"slope_mean":3.13,"elev_mean":14.2,"flood_hist_n":0,"flood_depth_max_m":null,"flood_risk_100y":null,"semi_basement_r":null,"elderly_alone_r":0.374,"bldg_age30_r":null,"shelter_min_walk":171,"pop":2133,"hh":1401,"elderly65_r":0.5692,"single_hh_r":0.6124,"source_level":"emd","flood_years":[],"landslide_hist_n":0},"geometry":{"type":"Polygon","coordinates":[[[126.687,35.62562],[126.68617,35.62181],[126.69033,35.61977],[126.69531,35.62155],[126.69613,35.62537],[126.69198,35.6274],[126.687,35.62562]]]}},{"type":"Feature","properties":{"h3":"8830c44e49fffff","emd_code":"5280041000","emd_name":"줄포면","area_km2":0.5291,"edge":true,"slope_mean":5.08,"elev_mean":18.7,"flood_hist_n":0,"flood_depth_max_m":null,"flood_risk_100y":null,"semi_basement_r":null,"elderly_alone_r":0.3342,"bldg_age30_r":null,"shelter_min_walk":202,"pop":2361,"hh":1499,"elderly65_r":0.5057,"single_hh_r":0.6064,"source_level":"emd","flood_years":[],"landslide_hist_n":0},"geometry":{"type":"Polygon","coordinates":[[[126.68376,35.56811],[126.68294,35.56429],[126.68709,35.56225],[126.69207,35.56404],[126.69289,35.56786],[126.68874,35.56989],[126.68376,35.56811]]]}},{"type":"Feature","properties":{"h3":"8830c44e59fffff","emd_code":"5280041000","emd_name":"줄포면","area_km2":0.5292,"edge":true,"slope_mean":3.81,"elev_mean":14.5,"flood_hist_n":0,"flood_depth_max_m":null,"flood_risk_100y":null,"semi_basement_r":null,"elderly_alone_r":0.3342,"bldg_age30_r":null,"shelter_min_walk":169,"pop":2361,"hh":1499,"elderly65_r":0.5057,"single_hh_r":0.6064,"source_level":"emd","flood_years":[],"landslide_hist_n":0},"geometry":{"type":"Polygon","coordinates":[[[126.70783,35.5732],[126.70701,35.56938],[126.71116,35.56734],[126.71614,35.56912],[126.71697,35.57294],[126.71281,35.57498],[126.70783,35.5732]]]}},{"type":"Feature","properties":{"h3":"8830c44e5bfffff","emd_code":"5280041000","emd_name":"줄포면","area_km2":0.5292,"edge":true,"slope_mean":1.24,"elev_mean":6.4,"flood_hist_n":1,"flood_depth_max_m":0.532,"flood_risk_100y":null,"semi_basement_r":null,"elderly_alone_r":0.3342,"bldg_age30_r":null,"shelter_min_walk":157,"pop":2361,"hh":1499,"elderly65_r":0.5057,"single_hh_r":0.6064,"source_level":"emd","flood_years":[2014],"landslide_hist_n":0},"geometry":{"type":"Polygon","coordinates":[[[126.71697,35.57294],[126.71614,35.56912],[126.7203,35.56709],[126.72528,35.56887],[126.7261,35.57268],[126.72195,35.57472],[126.71697,35.57294]]]}},{"type":"Feature","properties":{"h3":"8830c45003fffff","emd_code":"5280036000","emd_name":"변산면","area_km2":0.5265,"edge":true,"slope_mean":4.77,"elev_mean":7.4,"flood_hist_n":0,"flood_depth_max_m":null,"flood_risk_100y":null,"semi_basement_r":null,"elderly_alone_r":0.2866,"bldg_age30_r":null,"shelter_min_walk":21,"pop":4040,"hh":2509,"elderly65_r":0.4126,"single_hh_r":0.6038,"source_level":"emd","flood_years":[],"landslide_hist_n":0},"geometry":{"type":"Polygon","coordinates":[[[126.51429,35.67629],[126.51347,35.67248],[126.51762,35.67046],[126.52259,35.67224],[126.52341,35.67605],[126.51926,35.67808],[126.51429,35.67629]]]}},{"type":"Feature","properties":{"h3":"8830c45007fffff","emd_code":"5280036000","emd_name":"변산면","area_km2":0.5266,"edge":true,"slope_mean":2.06,"elev_mean":3.3,"flood_hist_n":0,"flood_depth_max_m":null,"flood_risk_100y":null,"semi_basement_r":null,"elderly_alone_r":0.2866,"bldg_age30_r":null,"shelter_min_walk":22,"pop":4040,"hh":2509,"elderly65_r":0.4126,"single_hh_r":0.6038,"source_level":"emd","flood_years":[],"landslide_hist_n":0},"geometry":{"type":"Polygon","coordinates":[[[126.50849,35.6707],[126.50767,35.66689],[126.51182,35.66486],[126.51679,35.66665],[126.51762,35.67046],[126.51347,35.67248],[126.50849,35.6707]]]}},{"type":"Feature","properties":{"h3":"8830c45011fffff","emd_code":"5280036000","emd_name":"변산면","area_km2":0.5265,"edge":false,"slope_mean":8.79,"elev_mean":17.7,"flood_hist_n":0,"flood_depth_max_m":null,"flood_risk_100y":null,"semi_basement_r":null,"elderly_alone_r":0.2866,"bldg_age30_r":null,"shelter_min_walk":26,"pop":4040,"hh":2509,"elderly65_r":0.4126,"single_hh_r":0.6038,"source_level":"emd","flood_years":[],"landslide_hist_n":0},"geometry":{"type":"Polygon","coordinates":[[[126.52921,35.68165],[126.52839,35.67784],[126.53254,35.67581],[126.53751,35.6776],[126.53834,35.68141],[126.53418,35.68343],[126.52921,35.68165]]]}},{"type":"Feature","properties":{"h3":"8830c45013fffff","emd_code":"5280036000","emd_name":"변산면","area_km2":0.5265,"edge":false,"slope_mean":15.42,"elev_mean":66.2,"flood_hist_n":0,"flood_depth_max_m":null,"flood_risk_100y":null,"semi_basement_r":null,"elderly_alone_r":0.2866,"bldg_age30_r":null,"shelter_min_walk":32,"pop":4040,"hh":2509,"elderly65_r":0.4126,"single_hh_r":0.6038,"source_level":"emd","flood_years":[],"landslide_hist_n":0},"geometry":{"type":"Polygon","coordinates":[[[126.53834,35.68141],[126.53751,35.6776],[126.54167,35.67557],[126.54664,35.67736],[126.54746,35.68117],[126.54331,35.68319],[126.53834,35.68141]]]}},{"type":"Feature","properties":{"h3":"8830c45015fffff","emd_code":"5280036000","emd_name":"변산면","area_km2":0.5265,"edge":false,"slope_mean":6.89,"elev_mean":9.7,"flood_hist_n":0,"flood_depth_max_m":null,"flood_risk_100y":null,"semi_basement_r":null,"elderly_alone_r":0.2866,"bldg_age30_r":null,"shelter_min_walk":16,"pop":4040,"hh":2509,"elderly65_r":0.4126,"single_hh_r":0.6038,"source_level":"emd","flood_years":[],"landslide_hist_n":0},"geometry":{"type":"Polygon","coordinates":[[[126.52341,35.67605],[126.52259,35.67224],[126.52674,35.67022],[126.53172,35.672],[126.53254,35.67581],[126.52839,35.67784],[126.52341,35.67605]]]}},{"type":"Feature","properties":{"h3":"8830c45017fffff","emd_code":"5280036000","emd_name":"변산면","area_km2":0.5266,"edge":false,"slope_mean":12.4,"elev_mean":43.6,"flood_hist_n":0,"flood_depth_max_m":null,"flood_risk_100y":null,"semi_basement_r":null,"elderly_alone_r":0.2866,"bldg_age30_r":null,"shelter_min_walk":19,"pop":4040,"hh":2509,"elderly65_r":0.4126,"single_hh_r":0.6038,"source_level":"emd","flood_years":[],"landslide_hist_n":0},"geometry":{"type":"Polygon","coordinates":[[[126.53254,35.67581],[126.53172,35.672],[126.53587,35.66998],[126.54084,35.67176],[126.54167,35.67557],[126.53751,35.6776],[126.53254,35.67581]]]}},{"type":"Feature","properties":{"h3":"8830c45019fffff","emd_code":"5280036000","emd_name":"변산면","area_km2":0.5264,"edge":true,"slope_mean":3.86,"elev_mean":5.9,"flood_hist_n":0,"flood_depth_max_m":null,"flood_risk_100y":null,"semi_basement_r":null,"elderly_alone_r":0.2866,"bldg_age30_r":null,"shelter_min_walk":35,"pop":4040,"hh":2509,"elderly65_r":0.4126,"single_hh_r":0.6038,"source_level":"emd","flood_years":[],"landslide_hist_n":0},"geometry":{"type":"Polygon","coordinates":[[[126.52588,35.68748],[126.52506,35.68367],[126.52921,35.68165],[126.53418,35.68343],[126.53501,35.68724],[126.53086,35.68927],[126.52588,35.68748]]]}},{"type":"Feature","properties":{"h3":"8830c4501bfffff","emd_code":"5280036000","emd_name":"변산면","area_km2":0.5264,"edge":false,"slope_mean":11.97,"elev_mean":35.1,"flood_hist_n":0,"flood_depth_max_m":null,"flood_risk_100y":null,"semi_basement_r":null,"elderly_alone_r":0.2866,"bldg_age30_r":null,"shelter_min_walk":38,"pop":4040,"hh":2509,"elderly65_r":0.4126,"single_hh_r":0.6038,"source_level":"emd","flood_years":[],"landslide_hist_n":0},"geometry":{"type":"Polygon","coordinates":[[[126.53501,35.68724],[126.53418,35.68343],[126.53834,35.68141],[126.54331,35.68319],[126.54413,35.687],[126.53998,35.68903],[126.53501,35.68724]]]}},{"type":"Feature","properties":{"h3":"8830c4501dfffff","emd_code":"5280036000","emd_name":"변산면","area_km2":0.5264,"edge":true,"slope_mean":2.05,"elev_mean":2.2,"flood_hist_n":0,"flood_depth_max_m":null,"flood_risk_100y":null,"semi_basement_r":null,"elderly_alone_r":0.2866,"bldg_age30_r":null,"shelter_min_walk":26,"pop":4040,"hh":2509,"elderly65_r":0.4126,"single_hh_r":0.6038,"source_level":"emd","flood_years":[],"landslide_hist_n":0},"geometry":{"type":"Polygon","coordinates":[[[126.52008,35.68189],[126.51926,35.67808],[126.52341,35.67605],[126.52839,35.67784],[126.52921,35.68165],[126.52506,35.68367],[126.52008,35.68189]]]}},{"type":"Feature","properties":{"h3":"8830c45021fffff","emd_code":"5280036000","emd_name":"변산면","area_km2":0.5267,"edge":false,"slope_mean":3.83,"elev_mean":5.5,"flood_hist_n":0,"flood_depth_max_m":null,"flood_risk_100y":null,"semi_basement_r":null,"elderly_alone_r":0.2866,"bldg_age30_r":null,"shelter_min_walk":38,"pop":4040,"hh":2509,"elderly65_r":0.4126,"single_hh_r":0.6038,"source_level":"emd","flood_years":[],"landslide_hist_n":0},"geometry":{"type":"Polygon","coordinates":[[[126.4969,35.6595],[126.49608,35.65569],[126.50023,35.65367],[126.5052,35.65545],[126.50603,35.65926],[126.50187,35.66129],[126.4969,35.6595]]]}},{"type":"Feature","properties":{"h3":"8830c45023fffff","emd_code":"5280036000","emd_name":"변산면","area_km2":0.5267,"edge":false,"slope_mean":5.06,"elev_mean":11.4,"flood_hist_n":0,"flood_depth_max_m":null,"flood_risk_100y":null,"semi_basement_r":null,"elderly_alone_r":0.2866,"bldg_age30_r":null,"shelter_min_walk":27,"pop":4040,"hh":2509,"elderly65_r":0.4126,"single_hh_r":0.6038,"source_level":"emd","flood_years":[],"landslide_hist_n":0},"geometry":{"type":"Polygon","coordinates":[[[126.50603,35.65926],[126.5052,35.65545],[126.50935,35.65343],[126.51433,35.65521],[126.51515,35.65903],[126.511,35.66105],[126.50603,35.65926]]]}},{"type":"Feature","properties":{"h3":"8830c45025fffff","emd_code":"5280036000","emd_name":"변산면","area_km2":0.5268,"edge":false,"slope_mean":11.52,"elev_mean":27.3,"flood_hist_n":0,"flood_depth_max_m":null,"flood_risk_100y":null,"semi_basement_r":null,"elderly_alone_r":0.2866,"bldg_age30_r":null,"shelter_min_walk":47,"pop":4040,"hh":2509,"elderly65_r":0.4126,"single_hh_r":0.6038,"source_level":"emd","flood_years":[],"landslide_hist_n":0},"geometry":{"type":"Polygon","coordinates":[[[126.49111,35.6539],[126.49028,35.65009],[126.49443,35.64807],[126.49941,35.64985],[126.50023,35.65367],[126.49608,35.65569],[126.49111,35.6539]]]}},{"type":"Feature","properties":{"h3":"8830c45027fffff","emd_code":"5280036000","emd_name":"변산면","area_km2":0.5268,"edge":false,"slope_mean":3.04,"elev_mean":6.7,"flood_hist_n":0,"flood_depth_max_m":null,"flood_risk_100y":null,"semi_basement_r":null,"elderly_alone_r":0.2866,"bldg_age30_r":null,"shelter_min_walk":38,"pop":4040,"hh":2509,"elderly65_r":0.4126,"single_hh_r":0.6038,"source_level":"emd","flood_years":[],"landslide_hist_n":0},"geometry":{"type":"Polygon","coordinates":[[[126.50023,35.65367],[126.49941,35.64985],[126.50356,35.64783],[126.50853,35.64962],[126.50935,35.65343],[126.5052,35.65545],[126.50023,35.65367]]]}},{"type":"Feature","properties":{"h3":"8830c4502bfffff","emd_code":"5280036000","emd_name":"변산면","area_km2":0.5266,"edge":true,"slope_mean":2.62,"elev_mean":2.8,"flood_hist_n":0,"flood_depth_max_m":null,"flood_risk_100y":null,"semi_basement_r":null,"elderly_alone_r":0.2866,"bldg_age30_r":null,"shelter_min_walk":29,"pop":4040,"hh":2509,"elderly65_r":0.4126,"single_hh_r":0.6038,"source_level":"emd","flood_years":[],"landslide_hist_n":0},"geometry":{"type":"Polygon","coordinates":[[[126.5027,35.6651],[126.50187,35.66129],[126.50603,35.65926],[126.511,35.66105],[126.51182,35.66486],[126.50767,35.66689],[126.5027,35.6651]]]}},{"type":"Feature","properties":{"h3":"8830c4502dfffff","emd_code":"5280036000","emd_name":"변산면","area_km2":0.5266,"edge":true,"slope_mean":3.1,"elev_mean":5.8,"flood_hist_n":0,"flood_depth_max_m":null,"flood_risk_100y":null,"semi_basement_r":null,"elderly_alone_r":0.2866,"bldg_age30_r":null,"shelter_min_walk":50,"pop":4040,"hh":2509,"elderly65_r":0.4126,"single_hh_r":0.6038,"source_level":"emd","flood_years":[],"landslide_hist_n":0},"geometry":{"type":"Polygon","coordinates":[[[126.48778,35.65974],[126.48696,35.65593],[126.49111,35.6539],[126.49608,35.65569],[126.4969,35.6595],[126.49275,35.66153],[126.48778,35.65974]]]}},{"type":"Feature","properties":{"h3":"8830c45031fffff","emd_code":"5280036000","emd_name":"변산면","area_km2":0.5267,"edge":false,"slope_mean":4.94,"elev_mean":15.3,"flood_hist_n":0,"flood_depth_max_m":null,"flood_risk_100y":null,"semi_basement_r":null,"elderly_alone_r":0.2866,"bldg_age30_r":null,"shelter_min_walk":5,"pop":4040,"hh":2509,"elderly65_r":0.4126,"single_hh_r":0.6038,"source_level":"emd","flood_years":[],"landslide_hist_n":0},"geometry":{"type":"Polygon","coordinates":[[[126.52095,35.66462],[126.52012,35.66081],[126.52427,35.65879],[126.52925,35.66057],[126.53007,35.66438],[126.52592,35.66641],[126.52095,35.66462]]]}},{"type":"Feature","properties":{"h3":"8830c45033fffff","emd_code":"5280036000","emd_name":"변산면","area_km2":0.5268,"edge":false,"slope_mean":8.57,"elev_mean":29.3,"flood_hist_n":0,"flood_depth_max_m":null,"flood_risk_100y":null,"semi_basement_r":null,"elderly_alone_r":0.2866,"bldg_age30_r":null,"shelter_min_walk":9,"pop":4040,"hh":2509,"elderly65_r":0.4126,"single_hh_r":0.6038,"source_level":"emd","flood_years":[],"landslide_hist_n":0},"geometry":{"type":"Polygon","coordinates":[[[126.53007,35.66438],[126.52925,35.66057],[126.5334,35.65855],[126.53837,35.66033],[126.5392,35.66414],[126.53505,35.66617],[126.53007,35.66438]]]}},{"type":"Feature","properties":{"h3":"8830c45035fffff","emd_code":"5280036000","emd_name":"변산면","area_km2":0.5268,"edge":false,"slope_mean":15.41,"elev_mean":52.9,"flood_hist_n":0,"flood_depth_max_m":null,"flood_risk_100y":null,"semi_basement_r":null,"elderly_alone_r":0.2866,"bldg_age30_r":null,"shelter_min_walk":17,"pop":4040,"hh":2509,"elderly65_r":0.4126,"single_hh_r":0.6038,"source_level":"emd","flood_years":[],"landslide_hist_n":0},"geometry":{"type":"Polygon","coordinates":[[[126.51515,35.65903],[126.51433,35.65521],[126.51848,35.65319],[126.52345,35.65497],[126.52427,35.65879],[126.52012,35.66081],[126.51515,35.65903]]]}},{"type":"Feature","properties":{"h3":"8830c45037fffff","emd_code":"5280036000","emd_name":"변산면","area_km2":0.5268,"edge":false,"slope_mean":10.04,"elev_mean":31.4,"flood_hist_n":0,"flood_depth_max_m":null,"flood_risk_100y":null,"semi_basement_r":null,"elderly_alone_r":0.2866,"bldg_age30_r":null,"shelter_min_walk":13,"pop":4040,"hh":2509,"elderly65_r":0.4126,"single_hh_r":0.6038,"source_level":"emd","flood_years":[],"landslide_hist_n":0},"geometry":{"type":"Polygon","coordinates":[[[126.52427,35.65879],[126.52345,35.65497],[126.5276,35.65295],[126.53258,35.65473],[126.5334,35.65855],[126.52925,35.66057],[126.52427,35.65879]]]}},{"type":"Feature","properties":{"h3":"8830c45039fffff","emd_code":"5280036000","emd_name":"변산면","area_km2":0.5266,"edge":false,"slope_mean":7.92,"elev_mean":18.2,"flood_hist_n":0,"flood_depth_max_m":null,"flood_risk_100y":null,"semi_basement_r":null,"elderly_alone_r":0.2866,"bldg_age30_r":null,"shelter_min_walk":11,"pop":4040,"hh":2509,"elderly65_r":0.4126,"single_hh_r":0.6038,"source_level":"emd","flood_years":[],"landslide_hist_n":0},"geometry":{"type":"Polygon","coordinates":[[[126.51762,35.67046],[126.51679,35.66665],[126.52095,35.66462],[126.52592,35.66641],[126.52674,35.67022],[126.52259,35.67224],[126.51762,35.67046]]]}},{"type":"Feature","properties":{"h3":"8830c4503bfffff","emd_code":"5280036000","emd_name":"변산면","area_km2":0.5267,"edge":false,"slope_mean":4.95,"elev_mean":12.6,"flood_hist_n":0,"flood_depth_max_m":null,"flood_risk_100y":null,"semi_basement_r":null,"elderly_alone_r":0.2866,"bldg_age30_r":null,"shelter_min_walk":7,"pop":4040,"hh":2509,"elderly65_r":0.4126,"single_hh_r":0.6038,"source_level":"emd","flood_years":[],"landslide_hist_n":0},"geometry":{"type":"Polygon","coordinates":[[[126.52674,35.67022],[126.52592,35.66641],[126.53007,35.66438],[126.53505,35.66617],[126.53587,35.66998],[126.53172,35.672],[126.52674,35.67022]]]}},{"type":"Feature","properties":{"h3":"8830c4503dfffff","emd_code":"5280036000","emd_name":"변산면","area_km2":0.5267,"edge":false,"slope_mean":8.89,"elev_mean":24.5,"flood_hist_n":0,"flood_depth_max_m":null,"flood_risk_100y":null,"semi_basement_r":null,"elderly_alone_r":0.2866,"bldg_age30_r":null,"shelter_min_walk":17,"pop":4040,"hh":2509,"elderly65_r":0.4126,"single_hh_r":0.6038,"source_level":"emd","flood_years":[],"landslide_hist_n":0},"geometry":{"type":"Polygon","coordinates":[[[126.51182,35.66486],[126.511,35.66105],[126.51515,35.65903],[126.52012,35.66081],[126.52095,35.66462],[126.51679,35.66665],[126.51182,35.66486]]]}},{"type":"Feature","properties":{"h3":"8830c45081fffff","emd_code":"5280036000","emd_name":"변산면","area_km2":0.5268,"edge":false,"slope_mean":25.6,"elev_mean":135.7,"flood_hist_n":0,"flood_depth_max_m":null,"flood_risk_100y":null,"semi_basement_r":null,"elderly_alone_r":0.2866,"bldg_age30_r":null,"shelter_min_walk":62,"pop":4040,"hh":2509,"elderly65_r":0.4126,"single_hh_r":0.6038,"source_level":"emd","flood_years":[],"landslide_hist_n":0},"geometry":{"type":"Polygon","coordinates":[[[126.56905,35.67485],[126.56822,35.67104],[126.57238,35.66901],[126.57735,35.67079],[126.57818,35.67461],[126.57402,35.67663],[126.56905,35.67485]]]}},{"type":"Feature","properties":{"h3":"8830c45083fffff","emd_code":"5280036000","emd_name":"변산면","area_km2":0.5269,"edge":false,"slope_mean":27.49,"elev_mean":198.9,"flood_hist_n":0,"flood_depth_max_m":null,"flood_risk_100y":null,"semi_basement_r":null,"elderly_alone_r":0.2866,"bldg_age30_r":null,"shelter_min_walk":74,"pop":4040,"hh":2509,"elderly65_r":0.4126,"single_hh_r":0.6038,"source_level":"emd","flood_years":[],"landslide_hist_n":0},"geometry":{"type":"Polygon","coordinates":[[[126.57818,35.67461],[126.57735,35.67079],[126.5815,35.66877],[126.58648,35.67055],[126.5873,35.67436],[126.58315,35.67639],[126.57818,35.67461]]]}},{"type":"Feature","properties":{"h3":"8830c45085fffff","emd_code":"5280036000","emd_name":"변산면","area_km2":0.5269,"edge":false,"slope_mean":16.17,"elev_mean":71.6,"flood_hist_n":0,"flood_depth_max_m":null,"flood_risk_100y":null,"semi_basement_r":null,"elderly_alone_r":0.2866,"bldg_age30_r":null,"shelter_min_walk":53,"pop":4040,"hh":2509,"elderly65_r":0.4126,"single_hh_r":0.6038,"source_level":"emd","flood_years":[],"landslide_hist_n":0},"geometry":{"type":"Polygon","coordinates":[[[126.56325,35.66925],[126.56243,35.66544],[126.56658,35.66342],[126.57155,35.6652],[126.57238,35.66901],[126.56822,35.67104],[126.56325,35.66925]]]}},{"type":"Feature","properties":{"h3":"8830c45087fffff","emd_code":"5280036000","emd_name":"변산면","area_km2":0.5269,"edge":false,"slope_mean":19.42,"elev_mean":86.2,"flood_hist_n":0,"flood_depth_max_m":null,"flood_risk_100y":null,"semi_basement_r":null,"elderly_alone_r":0.2866,"bldg_age30_r":null,"shelter_min_walk":65,"pop":4040,"hh":2509,"elderly65_r":0.4126,"single_hh_r":0.6038,"source_level":"emd","flood_years":[],"landslide_hist_n":0},"geometry":{"type":"Polygon","coordinates":[[[126.57238,35.66901],[126.57155,35.6652],[126.57571,35.66317],[126.58068,35.66496],[126.5815,35.66877],[126.57735,35.67079],[126.57238,35.66901]]]}},{"type":"Feature","properties":{"h3":"8830c45089fffff","emd_code":"5280036000","emd_name":"변산면","area_km2":0.5267,"edge":false,"slope_mean":22.07,"elev_mean":78.2,"flood_hist_n":0,"flood_depth_max_m":null,"flood_risk_100y":null,"semi_basement_r":null,"elderly_alone_r":0.2866,"bldg_age30_r":null,"shelter_min_walk":61,"pop":4040,"hh":2509,"elderly65_r":0.4126,"single_hh_r":0.6038,"source_level":"emd","flood_years":[],"landslide_hist_n":0},"geometry":{"type":"Polygon","coordinates":[[[126.56572,35.68069],[126.56489,35.67688],[126.56905,35.67485],[126.57402,35.67663],[126.57485,35.68044],[126.57069,35.68247],[126.56572,35.68069]]]}},{"type":"Feature","properties":{"h3":"8830c4508bfffff","emd_code":"5280036000","emd_name":"변산면","area_km2":0.5267,"edge":false,"slope_mean":23.58,"elev_mean":250.0,"flood_hist_n":0,"flood_depth_max_m":null,"flood_risk_100y":null,"semi_basement_r":null,"elderly_alone_r":0.2866,"bldg_age30_r":null,"shelter_min_walk":72,"pop":4040,"hh":2509,"elderly65_r":0.4126,"single_hh_r":0.6038,"source_level":"emd","flood_years":[],"landslide_hist_n":0},"geometry":{"type":"Polygon","coordinates":[[[126.57485,35.68044],[126.57402,35.67663],[126.57818,35.67461],[126.58315,35.67639],[126.58397,35.6802],[126.57982,35.68223],[126.57485,35.68044]]]}},{"type":"Feature","properties":{"h3":"8830c4508dfffff","emd_code":"5280036000","emd_name":"변산면","area_km2":0.5267,"edge":false,"slope_mean":16.03,"elev_mean":46.9,"flood_hist_n":0,"flood_depth_max_m":null,"flood_risk_100y":null,"semi_basement_r":null,"elderly_alone_r":0.2866,"bldg_age30_r":null,"shelter_min_walk":51,"pop":4040,"hh":2509,"elderly65_r":0.4126,"single_hh_r":0.6038,"source_level":"emd","flood_years":[],"landslide_hist_n":0},"geometry":{"type":"Polygon","coordinates":[[[126.55992,35.67509],[126.5591,35.67128],[126.56325,35.66925],[126.56822,35.67104],[126.56905,35.67485],[126.56489,35.67688],[126.55992,35.67509]]]}},{"type":"Feature","properties":{"h3":"8830c45091fffff","emd_code":"5280036000","emd_name":"변산면","area_km2":0.5268,"edge":false,"slope_mean":25.29,"elev_mean":382.5,"flood_hist_n":0,"flood_depth_max_m":null,"flood_risk_100y":null,"semi_basement_r":null,"elderly_alone_r":0.2866,"bldg_age30_r":null,"shelter_min_walk":96,"pop":4040,"hh":2509,"elderly65_r":0.4126,"single_hh_r":0.6038,"source_level":"emd","flood_years":[],"landslide_hist_n":0},"geometry":{"type":"Polygon","coordinates":[[[126.5931,35.67996],[126.59228,35.67614],[126.59643,35.67412],[126.60141,35.6759],[126.60223,35.67971],[126.59808,35.68174],[126.5931,35.67996]]]}},{"type":"Feature","properties":{"h3":"8830c45093fffff","emd_code":"5280036000","emd_name":"변산면","area_km2":0.5269,"edge":false,"slope_mean":27.16,"elev_mean":268.0,"flood_hist_n":0,"flood_depth_max_m":null,"flood_risk_100y":null,"semi_basement_r":null,"elderly_alone_r":0.2866,"bldg_age30_r":null,"shelter_min_walk":108,"pop":4040,"hh":2509,"elderly65_r":0.4126,"single_hh_r":0.6038,"source_level":"emd","flood_years":[],"landslide_hist_n":0},"geometry":{"type":"Polygon","coordinates":[[[126.60223,35.67971],[126.60141,35.6759],[126.60556,35.67387],[126.61054,35.67565],[126.61136,35.67946],[126.60721,35.68149],[126.60223,35.67971]]]}},{"type":"Feature","properties":{"h3":"8830c45095fffff","emd_code":"5280036000","emd_name":"변산면","area_km2":0.5269,"edge":false,"slope_mean":26.12,"elev_mean":219.4,"flood_hist_n":0,"flood_depth_max_m":null,"flood_risk_100y":null,"semi_basement_r":null,"elderly_alone_r":0.2866,"bldg_age30_r":null,"shelter_min_walk":86,"pop":4040,"hh":2509,"elderly65_r":0.4126,"single_hh_r":0.6038,"source_level":"emd","flood_years":[],"landslide_hist_n":0},"geometry":{"type":"Polygon","coordinates":[[[126.5873,35.67436],[126.58648,35.67055],[126.59063,35.66852],[126.59561,35.67031],[126.59643,35.67412],[126.59228,35.67614],[126.5873,35.67436]]]}},{"type":"Feature","properties":{"h3":"8830c45097fffff","emd_code":"5280036000","emd_name":"변산면","area_km2":0.527,"edge":false,"slope_mean":26.85,"elev_mean":189.8,"flood_hist_n":0,"flood_depth_max_m":null,"flood_risk_100y":null,"semi_basement_r":null,"elderly_alone_r":0.2866,"bldg_age30_r":null,"shelter_min_walk":99,"pop":4040,"hh":2509,"elderly65_r":0.4126,"single_hh_r":0.6038,"source_level":"emd","flood_years":[],"landslide_hist_n":0},"geometry":{"type":"Polygon","coordinates":[[[126.59643,35.67412],[126.59561,35.67031],[126.59976,35.66828],[126.60474,35.67006],[126.60556,35.67387],[126.60141,35.6759],[126.59643,35.67412]]]}},{"type":"Feature","properties":{"h3":"8830c45099fffff","emd_code":"5280040000","emd_name":"하서면","area_km2":0.5267,"edge":false,"slope_mean":24.34,"elev_mean":248.2,"flood_hist_n":0,"flood_depth_max_m":null,"flood_risk_100y":null,"semi_basement_r":null,"elderly_alone_r":0.3676,"bldg_age30_r":null,"shelter_min_walk":94,"pop":2319,"hh":1477,"elderly65_r":0.5295,"single_hh_r":0.6012,"source_level":"emd","flood_years":[],"landslide_hist_n":0},"geometry":{"type":"Polygon","coordinates":[[[126.58977,35.68579],[126.58895,35.68198],[126.5931,35.67996],[126.59808,35.68174],[126.5989,35.68555],[126.59475,35.68757],[126.58977,35.68579]]]}},{"type":"Feature","properties":{"h3":"8830c4509bfffff","emd_code":"5280040000","emd_name":"하서면","area_km2":0.5268,"edge":false,"slope_mean":26.31,"elev_mean":293.2,"flood_hist_n":0,"flood_depth_max_m":null,"flood_risk_100y":null,"semi_basement_r":null,"elderly_alone_r":0.3676,"bldg_age30_r":null,"shelter_min_walk":106,"pop":2319,"hh":1477,"elderly65_r":0.5295,"single_hh_r":0.6012,"source_level":"emd","flood_years":[],"landslide_hist_n":0},"geometry":{"type":"Polygon","coordinates":[[[126.5989,35.68555],[126.59808,35.68174],[126.60223,35.67971],[126.60721,35.68149],[126.60803,35.6853],[126.60388,35.68733],[126.5989,35.68555]]]}},{"type":"Feature","properties":{"h3":"8830c4509dfffff","emd_code":"5280036000","emd_name":"변산면","area_km2":0.5268,"edge":false,"slope_mean":21.17,"elev_mean":314.1,"flood_hist_n":0,"flood_depth_max_m":null,"flood_risk_100y":null,"semi_basement_r":null,"elderly_alone_r":0.2866,"bldg_age30_r":null,"shelter_min_walk":84,"pop":4040,"hh":2509,"elderly65_r":0.4126,"single_hh_r":0.6038,"source_level":"emd","flood_years":[],"landslide_hist_n":0},"geometry":{"type":"Polygon","coordinates":[[[126.58397,35.6802],[126.58315,35.67639],[126.5873,35.67436],[126.59228,35.67614],[126.5931,35.67996],[126.58895,35.68198],[126.58397,35.6802]]]}},{"type":"Feature","properties":{"h3":"8830c450a1fffff","emd_code":"5280036000","emd_name":"변산면","area_km2":0.527,"edge":false,"slope_mean":22.14,"elev_mean":134.2,"flood_hist_n":0,"flood_depth_max_m":null,"flood_risk_100y":null,"semi_basement_r":null,"elderly_alone_r":0.2866,"bldg_age30_r":null,"shelter_min_walk":52,"pop":4040,"hh":2509,"elderly65_r":0.4126,"single_hh_r":0.6038,"source_level":"emd","flood_years":[],"landslide_hist_n":0},"geometry":{"type":"Polygon","coordinates":[[[126.56078,35.65782],[126.55996,35.65401],[126.56411,35.65198],[126.56908,35.65377],[126.56991,35.65758],[126.56575,35.6596],[126.56078,35.65782]]]}},{"type":"Feature","properties":{"h3":"8830c450a3fffff","emd_code":"5280036000","emd_name":"변산면","area_km2":0.5271,"edge":false,"slope_mean":17.04,"elev_mean":103.8,"flood_hist_n":0,"flood_depth_max_m":null,"flood_risk_100y":null,"semi_basement_r":null,"elderly_alone_r":0.2866,"bldg_age30_r":null,"shelter_min_walk":64,"pop":4040,"hh":2509,"elderly65_r":0.4126,"single_hh_r":0.6038,"source_level":"emd","flood_years":[],"landslide_hist_n":0},"geometry":{"type":"Polygon","coordinates":[[[126.56991,35.65758],[126.56908,35.65377],[126.57324,35.65174],[126.57821,35.65352],[126.57903,35.65733],[126.57488,35.65936],[126.56991,35.65758]]]}},{"type":"Feature","properties":{"h3":"8830c450a5fffff","emd_code":"5280036000","emd_name":"변산면","area_km2":0.5271,"edge":false,"slope_mean":27.79,"elev_mean":211.8,"flood_hist_n":0,"flood_depth_max_m":null,"flood_risk_100y":null,"semi_basement_r":null,"elderly_alone_r":0.2866,"bldg_age30_r":null,"shelter_min_walk":48,"pop":4040,"hh":2509,"elderly65_r":0.4126,"single_hh_r":0.6038,"source_level":"emd","flood_years":[],"landslide_hist_n":0},"geometry":{"type":"Polygon","coordinates":[[[126.55498,35.65222],[126.55416,35.64841],[126.55831,35.64638],[126.56328,35.64817],[126.56411,35.65198],[126.55996,35.65401],[126.55498,35.65222]]]}},{"type":"Feature","properties":{"h3":"8830c450a7fffff","emd_code":"5280036000","emd_name":"변산면","area_km2":0.5272,"edge":false,"slope_mean":23.37,"elev_mean":163.3,"flood_hist_n":0,"flood_depth_max_m":null,"flood_risk_100y":null,"semi_basement_r":null,"elderly_alone_r":0.2866,"bldg_age30_r":null,"shelter_min_walk":59,"pop":4040,"hh":2509,"elderly65_r":0.4126,"single_hh_r":0.6038,"source_level":"emd","flood_years":[],"landslide_hist_n":0},"geometry":{"type":"Polygon","coordinates":[[[126.56411,35.65198],[126.56328,35.64817],[126.56744,35.64614],[126.57241,35.64793],[126.57324,35.65174],[126.56908,35.65377],[126.56411,35.65198]]]}},{"type":"Feature","properties":{"h3":"8830c450a9fffff","emd_code":"5280036000","emd_name":"변산면","area_km2":0.5269,"edge":false,"slope_mean":18.04,"elev_mean":74.1,"flood_hist_n":0,"flood_depth_max_m":null,"flood_risk_100y":null,"semi_basement_r":null,"elderly_alone_r":0.2866,"bldg_age30_r":null,"shelter_min_walk":45,"pop":4040,"hh":2509,"elderly65_r":0.4126,"single_hh_r":0.6038,"source_level":"emd","flood_years":[],"landslide_hist_n":0},"geometry":{"type":"Polygon","coordinates":[[[126.55745,35.66366],[126.55663,35.65985],[126.56078,35.65782],[126.56575,35.6596],[126.56658,35.66342],[126.56243,35.66544],[126.55745,35.66366]]]}},{"type":"Feature","properties":{"h3":"8830c450abfffff","emd_code":"5280036000","emd_name":"변산면","area_km2":0.527,"edge":false,"slope_mean":20.32,"elev_mean":107.2,"flood_hist_n":0,"flood_depth_max_m":null,"flood_risk_100y":null,"semi_basement_r":null,"elderly_alone_r":0.2866,"bldg_age30_r":null,"shelter_min_walk":58,"pop":4040,"hh":2509,"elderly65_r":0.4126,"single_hh_r":0.6038,"source_level":"emd","flood_years":[],"landslide_hist_n":0},"geometry":{"type":"Polygon","coordinates":[[[126.56658,35.66342],[126.56575,35.6596],[126.56991,35.65758],[126.57488,35.65936],[126.57571,35.66317],[126.57155,35.6652],[126.56658,35.66342]]]}},{"type":"Feature","properties":{"h3":"8830c450adfffff","emd_code":"5280036000","emd_name":"변산면","area_km2":0.527,"edge":false,"slope_mean":24.02,"elev_mean":129.8,"flood_hist_n":0,"flood_depth_max_m":null,"flood_risk_100y":null,"semi_basement_r":null,"elderly_alone_r":0.2866,"bldg_age30_r":null,"shelter_min_walk":40,"pop":4040,"hh":2509,"elderly65_r":0.4126,"single_hh_r":0.6038,"source_level":"emd","flood_years":[],"landslide_hist_n":0},"geometry":{"type":"Polygon","coordinates":[[[126.55165,35.65806],[126.55083,35.65425],[126.55498,35.65222],[126.55996,35.65401],[126.56078,35.65782],[126.55663,35.65985],[126.55165,35.65806]]]}},{"type":"Feature","properties":{"h3":"8830c450b1fffff","emd_code":"5280036000","emd_name":"변산면","area_km2":0.5271,"edge":false,"slope_mean":22.5,"elev_mean":127.0,"flood_hist_n":0,"flood_depth_max_m":null,"flood_risk_100y":null,"semi_basement_r":null,"elderly_alone_r":0.2866,"bldg_age30_r":null,"shelter_min_walk":82,"pop":4040,"hh":2509,"elderly65_r":0.4126,"single_hh_r":0.6038,"source_level":"emd","flood_years":[],"landslide_hist_n":0},"geometry":{"type":"Polygon","coordinates":[[[126.58483,35.66293],[126.58401,35.65912],[126.58816,35.65709],[126.59314,35.65887],[126.59396,35.66268],[126.58981,35.66471],[126.58483,35.66293]]]}},{"type":"Feature","properties":{"h3":"8830c450b3fffff","emd_code":"5280036000","emd_name":"변산면","area_km2":0.5271,"edge":false,"slope_mean":27.16,"elev_mean":184.5,"flood_hist_n":0,"flood_depth_max_m":null,"flood_risk_100y":null,"semi_basement_r":null,"elderly_alone_r":0.2866,"bldg_age30_r":null,"shelter_min_walk":95,"pop":4040,"hh":2509,"elderly65_r":0.4126,"single_hh_r":0.6038,"source_level":"emd","flood_years":[],"landslide_hist_n":0},"geometry":{"type":"Polygon","coordinates":[[[126.59396,35.66268],[126.59314,35.65887],[126.59729,35.65684],[126.60227,35.65863],[126.60309,35.66244],[126.59894,35.66447],[126.59396,35.66268]]]}},{"type":"Feature","properties":{"h3":"8830c450b5fffff","emd_code":"5280036000","emd_name":"변산면","area_km2":0.5271,"edge":false,"slope_mean":16.83,"elev_mean":85.2,"flood_hist_n":0,"flood_depth_max_m":null,"flood_risk_100y":null,"semi_basement_r":null,"elderly_alone_r":0.2866,"bldg_age30_r":null,"shelter_min_walk":76,"pop":4040,"hh":2509,"elderly65_r":0.4126,"single_hh_r":0.6038,"source_level":"emd","flood_years":[],"landslide_hist_n":0},"geometry":{"type":"Polygon","coordinates":[[[126.57903,35.65733],[126.57821,35.65352],[126.58236,35.65149],[126.58734,35.65328],[126.58816,35.65709],[126.58401,35.65912],[126.57903,35.65733]]]}},{"type":"Feature","properties":{"h3":"8830c450b7fffff","emd_code":"5280036000","emd_name":"변산면","area_km2":0.5272,"edge":false,"slope_mean":21.99,"elev_mean":105.4,"flood_hist_n":0,"flood_depth_max_m":null,"flood_risk_100y":null,"semi_basement_r":null,"elderly_alone_r":0.2866,"bldg_age30_r":null,"shelter_min_walk":88,"pop":4040,"hh":2509,"elderly65_r":0.4126,"single_hh_r":0.6038,"source_level":"emd","flood_years":[],"landslide_hist_n":0},"geometry":{"type":"Polygon","coordinates":[[[126.58816,35.65709],[126.58734,35.65328],[126.59149,35.65125],[126.59647,35.65303],[126.59729,35.65684],[126.59314,35.65887],[126.58816,35.65709]]]}},{"type":"Feature","properties":{"h3":"8830c450b9fffff","emd_code":"5280036000","emd_name":"변산면","area_km2":0.527,"edge":false,"slope_mean":23.27,"elev_mean":109.2,"flood_hist_n":0,"flood_depth_max_m":null,"flood_risk_100y":null,"semi_basement_r":null,"elderly_alone_r":0.2866,"bldg_age30_r":null,"shelter_min_walk":78,"pop":4040,"hh":2509,"elderly65_r":0.4126,"single_hh_r":0.6038,"source_level":"emd","flood_years":[],"landslide_hist_n":0},"geometry":{"type":"Polygon","coordinates":[[[126.5815,35.66877],[126.58068,35.66496],[126.58483,35.66293],[126.58981,35.66471],[126.59063,35.66852],[126.58648,35.67055],[126.5815,35.66877]]]}},{"type":"Feature","properties":{"h3":"8830c450bbfffff","emd_code":"5280036000","emd_name":"변산면","area_km2":0.527,"edge":false,"slope_mean":22.23,"elev_mean":107.4,"flood_hist_n":0,"flood_depth_max_m":null,"flood_risk_100y":null,"semi_basement_r":null,"elderly_alone_r":0.2866,"bldg_age30_r":null,"shelter_min_walk":90,"pop":4040,"hh":2509,"elderly65_r":0.4126,"single_hh_r":0.6038,"source_level":"emd","flood_years":[],"landslide_hist_n":0},"geometry":{"type":"Polygon","coordinates":[[[126.59063,35.66852],[126.58981,35.66471],[126.59396,35.66268],[126.59894,35.66447],[126.59976,35.66828],[126.59561,35.67031],[126.59063,35.66852]]]}},{"type":"Feature","properties":{"h3":"8830c450bdfffff","emd_code":"5280036000","emd_name":"변산면","area_km2":0.527,"edge":false,"slope_mean":13.02,"elev_mean":67.2,"flood_hist_n":0,"flood_depth_max_m":null,"flood_risk_100y":null,"semi_basement_r":null,"elderly_alone_r":0.2866,"bldg_age30_r":null,"shelter_min_walk":70,"pop":4040,"hh":2509,"elderly65_r":0.4126,"single_hh_r":0.6038,"source_level":"emd","flood_years":[],"landslide_hist_n":0},"geometry":{"type":"Polygon","coordinates":[[[126.57571,35.66317],[126.57488,35.65936],[126.57903,35.65733],[126.58401,35.65912],[126.58483,35.66293],[126.58068,35.66496],[126.57571,35.66317]]]}},{"type":"Feature","properties":{"h3":"8830c450c1fffff","emd_code":"5280036000","emd_name":"변산면","area_km2":0.5265,"edge":false,"slope_mean":19.04,"elev_mean":90.5,"flood_hist_n":0,"flood_depth_max_m":null,"flood_risk_100y":null,"semi_basement_r":null,"elderly_alone_r":0.2866,"bldg_age30_r":null,"shelter_min_walk":52,"pop":4040,"hh":2509,"elderly65_r":0.4126,"single_hh_r":0.6038,"source_level":"emd","flood_years":[],"landslide_hist_n":0},"geometry":{"type":"Polygon","coordinates":[[[126.55326,35.68676],[126.55244,35.68295],[126.55659,35.68093],[126.56157,35.68271],[126.56239,35.68652],[126.55824,35.68855],[126.55326,35.68676]]]}},{"type":"Feature","properties":{"h3":"8830c450c3fffff","emd_code":"5280036000","emd_name":"변산면","area_km2":0.5266,"edge":false,"slope_mean":18.0,"elev_mean":70.6,"flood_hist_n":0,"flood_depth_max_m":null,"flood_risk_100y":null,"semi_basement_r":null,"elderly_alone_r":0.2866,"bldg_age30_r":null,"shelter_min_walk":62,"pop":4040,"hh":2509,"elderly65_r":0.4126,"single_hh_r":0.6038,"source_level":"emd","flood_years":[],"landslide_hist_n":0},"geometry":{"type":"Polygon","coordinates":[[[126.56239,35.68652],[126.56157,35.68271],[126.56572,35.68069],[126.57069,35.68247],[126.57152,35.68628],[126.56736,35.6883],[126.56239,35.68652]]]}},{"type":"Feature","properties":{"h3":"8830c450c5fffff","emd_code":"5280036000","emd_name":"변산면","area_km2":0.5266,"edge":false,"slope_mean":24.69,"elev_mean":155.4,"flood_hist_n":0,"flood_depth_max_m":null,"flood_risk_100y":null,"semi_basement_r":null,"elderly_alone_r":0.2866,"bldg_age30_r":null,"shelter_min_walk":40,"pop":4040,"hh":2509,"elderly65_r":0.4126,"single_hh_r":0.6038,"source_level":"emd","flood_years":[],"landslide_hist_n":0},"geometry":{"type":"Polygon","coordinates":[[[126.54746,35.68117],[126.54664,35.67736],[126.55079,35.67533],[126.55577,35.67712],[126.55659,35.68093],[126.55244,35.68295],[126.54746,35.68117]]]}},{"type":"Feature","properties":{"h3":"8830c450c7fffff","emd_code":"5280036000","emd_name":"변산면","area_km2":0.5266,"edge":false,"slope_mean":20.77,"elev_mean":99.8,"flood_hist_n":0,"flood_depth_max_m":null,"flood_risk_100y":null,"semi_basement_r":null,"elderly_alone_r":0.2866,"bldg_age30_r":null,"shelter_min_walk":50,"pop":4040,"hh":2509,"elderly65_r":0.4126,"single_hh_r":0.6038,"source_level":"emd","flood_years":[],"landslide_hist_n":0},"geometry":{"type":"Polygon","coordinates":[[[126.55659,35.68093],[126.55577,35.67712],[126.55992,35.67509],[126.56489,35.67688],[126.56572,35.68069],[126.56157,35.68271],[126.55659,35.68093]]]}},{"type":"Feature","properties":{"h3":"8830c450c9fffff","emd_code":"5280036000","emd_name":"변산면","area_km2":0.5264,"edge":false,"slope_mean":14.6,"elev_mean":46.6,"flood_hist_n":0,"flood_depth_max_m":null,"flood_risk_100y":null,"semi_basement_r":null,"elderly_alone_r":0.2866,"bldg_age30_r":null,"shelter_min_walk":56,"pop":4040,"hh":2509,"elderly65_r":0.4126,"single_hh_r":0.6038,"source_level":"emd","flood_years":[],"landslide_hist_n":0},"geometry":{"type":"Polygon","coordinates":[[[126.54993,35.6926],[126.54911,35.68879],[126.55326,35.68676],[126.55824,35.68855],[126.55906,35.69236],[126.55491,35.69438],[126.54993,35.6926]]]}},{"type":"Feature","properties":{"h3":"8830c450cbfffff","emd_code":"5280036000","emd_name":"변산면","area_km2":0.5265,"edge":false,"slope_mean":12.29,"elev_mean":29.8,"flood_hist_n":0,"flood_depth_max_m":null,"flood_risk_100y":null,"semi_basement_r":null,"elderly_alone_r":0.2866,"bldg_age30_r":null,"shelter_min_walk":64,"pop":4040,"hh":2509,"elderly65_r":0.4126,"single_hh_r":0.6038,"source_level":"emd","flood_years":[],"landslide_hist_n":0},"geometry":{"type":"Polygon","coordinates":[[[126.55906,35.69236],[126.55824,35.68855],[126.56239,35.68652],[126.56736,35.6883],[126.56819,35.69211],[126.56403,35.69414],[126.55906,35.69236]]]}},{"type":"Feature","properties":{"h3":"8830c450cdfffff","emd_code":"5280036000","emd_name":"변산면","area_km2":0.5265,"edge":false,"slope_mean":17.62,"elev_mean":67.5,"flood_hist_n":0,"flood_depth_max_m":null,"flood_risk_100y":null,"semi_basement_r":null,"elderly_alone_r":0.2866,"bldg_age30_r":null,"shelter_min_walk":44,"pop":4040,"hh":2509,"elderly65_r":0.4126,"single_hh_r":0.6038,"source_level":"emd","flood_years":[],"landslide_hist_n":0},"geometry":{"type":"Polygon","coordinates":[[[126.54413,35.687],[126.54331,35.68319],[126.54746,35.68117],[126.55244,35.68295],[126.55326,35.68676],[126.54911,35.68879],[126.54413,35.687]]]}},{"type":"Feature","properties":{"h3":"8830c450d1fffff","emd_code":"5280040000","emd_name":"하서면","area_km2":0.5266,"edge":false,"slope_mean":18.35,"elev_mean":87.1,"flood_hist_n":0,"flood_depth_max_m":null,"flood_risk_100y":null,"semi_basement_r":null,"elderly_alone_r":0.3676,"bldg_age30_r":null,"shelter_min_walk":83,"pop":2319,"hh":1477,"elderly65_r":0.5295,"single_hh_r":0.6012,"source_level":"emd","flood_years":[],"landslide_hist_n":0},"geometry":{"type":"Polygon","coordinates":[[[126.57732,35.69187],[126.57649,35.68806],[126.58065,35.68604],[126.58562,35.68782],[126.58645,35.69163],[126.58229,35.69365],[126.57732,35.69187]]]}},{"type":"Feature","properties":{"h3":"8830c450d3fffff","emd_code":"5280040000","emd_name":"하서면","area_km2":0.5266,"edge":false,"slope_mean":20.48,"elev_mean":118.4,"flood_hist_n":0,"flood_depth_max_m":null,"flood_risk_100y":null,"semi_basement_r":null,"elderly_alone_r":0.3676,"bldg_age30_r":null,"shelter_min_walk":94,"pop":2319,"hh":1477,"elderly65_r":0.5295,"single_hh_r":0.6012,"source_level":"emd","flood_years":[],"landslide_hist_n":0},"geometry":{"type":"Polygon","coordinates":[[[126.58645,35.69163],[126.58562,35.68782],[126.58977,35.68579],[126.59475,35.68757],[126.59557,35.69138],[126.59142,35.69341],[126.58645,35.69163]]]}},{"type":"Feature","properties":{"h3":"8830c450d5fffff","emd_code":"5280036000","emd_name":"변산면","area_km2":0.5266,"edge":false,"slope_mean":24.12,"elev_mean":138.8,"flood_hist_n":0,"flood_depth_max_m":null,"flood_risk_100y":null,"semi_basement_r":null,"elderly_alone_r":0.2866,"bldg_age30_r":null,"shelter_min_walk":72,"pop":4040,"hh":2509,"elderly65_r":0.4126,"single_hh_r":0.6038,"source_level":"emd","flood_years":[],"landslide_hist_n":0},"geometry":{"type":"Polygon","coordinates":[[[126.57152,35.68628],[126.57069,35.68247],[126.57485,35.68044],[126.57982,35.68223],[126.58065,35.68604],[126.57649,35.68806],[126.57152,35.68628]]]}},{"type":"Feature","properties":{"h3":"8830c450d7fffff","emd_code":"5280040000","emd_name":"하서면","area_km2":0.5267,"edge":false,"slope_mean":21.49,"elev_mean":268.0,"flood_hist_n":0,"flood_depth_max_m":null,"flood_risk_100y":null,"semi_basement_r":null,"elderly_alone_r":0.3676,"bldg_age30_r":null,"shelter_min_walk":83,"pop":2319,"hh":1477,"elderly65_r":0.5295,"single_hh_r":0.6012,"source_level":"emd","flood_years":[],"landslide_hist_n":0},"geometry":{"type":"Polygon","coordinates":[[[126.58065,35.68604],[126.57982,35.68223],[126.58397,35.6802],[126.58895,35.68198],[126.58977,35.68579],[126.58562,35.68782],[126.58065,35.68604]]]}},{"type":"Feature","properties":{"h3":"8830c450d9fffff","emd_code":"5280040000","emd_name":"하서면","area_km2":0.5264,"edge":false,"slope_mean":12.93,"elev_mean":31.7,"flood_hist_n":0,"flood_depth_max_m":null,"flood_risk_100y":null,"semi_basement_r":null,"elderly_alone_r":0.3676,"bldg_age30_r":null,"shelter_min_walk":85,"pop":2319,"hh":1477,"elderly65_r":0.5295,"single_hh_r":0.6012,"source_level":"emd","flood_years":[],"landslide_hist_n":0},"geometry":{"type":"Polygon","coordinates":[[[126.57399,35.69771],[126.57316,35.6939],[126.57732,35.69187],[126.58229,35.69365],[126.58312,35.69746],[126.57896,35.69949],[126.57399,35.69771]]]}},{"type":"Feature","properties":{"h3":"8830c450dbfffff","emd_code":"5280040000","emd_name":"하서면","area_km2":0.5265,"edge":false,"slope_mean":16.44,"elev_mean":49.3,"flood_hist_n":0,"flood_depth_max_m":null,"flood_risk_100y":null,"semi_basement_r":null,"elderly_alone_r":0.3676,"bldg_age30_r":null,"shelter_min_walk":95,"pop":2319,"hh":1477,"elderly65_r":0.5295,"single_hh_r":0.6012,"source_level":"emd","flood_years":[],"landslide_hist_n":0},"geometry":{"type":"Polygon","coordinates":[[[126.58312,35.69746],[126.58229,35.69365],[126.58645,35.69163],[126.59142,35.69341],[126.59225,35.69722],[126.58809,35.69925],[126.58312,35.69746]]]}},{"type":"Feature","properties":{"h3":"8830c450ddfffff","emd_code":"5280040000","emd_name":"하서면","area_km2":0.5265,"edge":false,"slope_mean":8.92,"elev_mean":27.2,"flood_hist_n":0,"flood_depth_max_m":null,"flood_risk_100y":null,"semi_basement_r":null,"elderly_alone_r":0.3676,"bldg_age30_r":null,"shelter_min_walk":73,"pop":2319,"hh":1477,"elderly65_r":0.5295,"single_hh_r":0.6012,"source_level":"emd","flood_years":[],"landslide_hist_n":0},"geometry":{"type":"Polygon","coordinates":[[[126.56819,35.69211],[126.56736,35.6883],[126.57152,35.68628],[126.57649,35.68806],[126.57732,35.69187],[126.57316,35.6939],[126.56819,35.69211]]]}},{"type":"Feature","properties":{"h3":"8830c450e1fffff","emd_code":"5280036000","emd_name":"변산면","area_km2":0.5268,"edge":false,"slope_mean":27.31,"elev_mean":202.9,"flood_hist_n":0,"flood_depth_max_m":null,"flood_risk_100y":null,"semi_basement_r":null,"elderly_alone_r":0.2866,"bldg_age30_r":null,"shelter_min_walk":29,"pop":4040,"hh":2509,"elderly65_r":0.4126,"single_hh_r":0.6038,"source_level":"emd","flood_years":[],"landslide_hist_n":0},"geometry":{"type":"Polygon","coordinates":[[[126.54499,35.66974],[126.54417,35.66593],[126.54832,35.6639],[126.5533,35.66569],[126.55412,35.6695],[126.54997,35.67152],[126.54499,35.66974]]]}},{"type":"Feature","properties":{"h3":"8830c450e3fffff","emd_code":"5280036000","emd_name":"변산면","area_km2":0.5268,"edge":false,"slope_mean":13.67,"elev_mean":64.5,"flood_hist_n":0,"flood_depth_max_m":null,"flood_risk_100y":null,"semi_basement_r":null,"elderly_alone_r":0.2866,"bldg_age30_r":null,"shelter_min_walk":41,"pop":4040,"hh":2509,"elderly65_r":0.4126,"single_hh_r":0.6038,"source_level":"emd","flood_years":[],"landslide_hist_n":0},"geometry":{"type":"Polygon","coordinates":[[[126.55412,35.6695],[126.5533,35.66569],[126.55745,35.66366],[126.56243,35.66544],[126.56325,35.66925],[126.5591,35.67128],[126.55412,35.6695]]]}},{"type":"Feature","properties":{"h3":"8830c450e5fffff","emd_code":"5280036000","emd_name":"변산면","area_km2":0.5268,"edge":false,"slope_mean":21.63,"elev_mean":131.0,"flood_hist_n":0,"flood_depth_max_m":null,"flood_risk_100y":null,"semi_basement_r":null,"elderly_alone_r":0.2866,"bldg_age30_r":null,"shelter_min_walk":21,"pop":4040,"hh":2509,"elderly65_r":0.4126,"single_hh_r":0.6038,"source_level":"emd","flood_years":[],"landslide_hist_n":0},"geometry":{"type":"Polygon","coordinates":[[[126.5392,35.66414],[126.53837,35.66033],[126.54253,35.6583],[126.5475,35.66009],[126.54832,35.6639],[126.54417,35.66593],[126.5392,35.66414]]]}},{"type":"Feature","properties":{"h3":"8830c450e7fffff","emd_code":"5280036000","emd_name":"변산면","area_km2":0.5269,"edge":false,"slope_mean":26.67,"elev_mean":176.7,"flood_hist_n":0,"flood_depth_max_m":null,"flood_risk_100y":null,"semi_basement_r":null,"elderly_alone_r":0.2866,"bldg_age30_r":null,"shelter_min_walk":33,"pop":4040,"hh":2509,"elderly65_r":0.4126,"single_hh_r":0.6038,"source_level":"emd","flood_years":[],"landslide_hist_n":0},"geometry":{"type":"Polygon","coordinates":[[[126.54832,35.6639],[126.5475,35.66009],[126.55165,35.65806],[126.55663,35.65985],[126.55745,35.66366],[126.5533,35.66569],[126.54832,35.6639]]]}},{"type":"Feature","properties":{"h3":"8830c450e9fffff","emd_code":"5280036000","emd_name":"변산면","area_km2":0.5266,"edge":false,"slope_mean":22.39,"elev_mean":163.9,"flood_hist_n":0,"flood_depth_max_m":null,"flood_risk_100y":null,"semi_basement_r":null,"elderly_alone_r":0.2866,"bldg_age30_r":null,"shelter_min_walk":28,"pop":4040,"hh":2509,"elderly65_r":0.4126,"single_hh_r":0.6038,"source_level":"emd","flood_years":[],"landslide_hist_n":0},"geometry":{"type":"Polygon","coordinates":[[[126.54167,35.67557],[126.54084,35.67176],[126.54499,35.66974],[126.54997,35.67152],[126.55079,35.67533],[126.54664,35.67736],[126.54167,35.67557]]]}},{"type":"Feature","properties":{"h3":"8830c450ebfffff","emd_code":"5280036000","emd_name":"변산면","area_km2":0.5267,"edge":false,"slope_mean":17.47,"elev_mean":96.8,"flood_hist_n":0,"flood_depth_max_m":null,"flood_risk_100y":null,"semi_basement_r":null,"elderly_alone_r":0.2866,"bldg_age30_r":null,"shelter_min_walk":39,"pop":4040,"hh":2509,"elderly65_r":0.4126,"single_hh_r":0.6038,"source_level":"emd","flood_years":[],"landslide_hist_n":0},"geometry":{"type":"Polygon","coordinates":[[[126.55079,35.67533],[126.54997,35.67152],[126.55412,35.6695],[126.5591,35.67128],[126.55992,35.67509],[126.55577,35.67712],[126.55079,35.67533]]]}},{"type":"Feature","properties":{"h3":"8830c450edfffff","emd_code":"5280036000","emd_name":"변산면","area_km2":0.5267,"edge":false,"slope_mean":17.91,"elev_mean":96.1,"flood_hist_n":0,"flood_depth_max_m":null,"flood_risk_100y":null,"semi_basement_r":null,"elderly_alone_r":0.2866,"bldg_age30_r":null,"shelter_min_walk":17,"pop":4040,"hh":2509,"elderly65_r":0.4126,"single_hh_r":0.6038,"source_level":"emd","flood_years":[],"landslide_hist_n":0},"geometry":{"type":"Polygon","coordinates":[[[126.53587,35.66998],[126.53505,35.66617],[126.5392,35.66414],[126.54417,35.66593],[126.54499,35.66974],[126.54084,35.67176],[126.53587,35.66998]]]}},{"type":"Feature","properties":{"h3":"8830c45101fffff","emd_code":"5280036000","emd_name":"변산면","area_km2":0.5269,"edge":false,"slope_mean":7.73,"elev_mean":16.0,"flood_hist_n":0,"flood_depth_max_m":null,"flood_risk_100y":null,"semi_basement_r":null,"elderly_alone_r":0.2866,"bldg_age30_r":null,"shelter_min_walk":6,"pop":4040,"hh":2509,"elderly65_r":0.4126,"single_hh_r":0.6038,"source_level":"emd","flood_years":[],"landslide_hist_n":0},"geometry":{"type":"Polygon","coordinates":[[[126.4646,35.63734],[126.46378,35.63353],[126.46793,35.6315],[126.4729,35.63329],[126.47372,35.63711],[126.46957,35.63913],[126.4646,35.63734]]]}},{"type":"Feature","properties":{"h3":"8830c45103fffff","emd_code":"5280036000","emd_name":"변산면","area_km2":0.5269,"edge":false,"slope_mean":3.11,"elev_mean":6.0,"flood_hist_n":0,"flood_depth_max_m":null,"flood_risk_100y":null,"semi_basement_r":null,"elderly_alone_r":0.2866,"bldg_age30_r":null,"shelter_min_walk":12,"pop":4040,"hh":2509,"elderly65_r":0.4126,"single_hh_r":0.6038,"source_level":"emd","flood_years":[],"landslide_hist_n":0},"geometry":{"type":"Polygon","coordinates":[[[126.47372,35.63711],[126.4729,35.63329],[126.47705,35.63127],[126.48202,35.63306],[126.48285,35.63687],[126.4787,35.63889],[126.47372,35.63711]]]}},{"type":"Feature","properties":{"h3":"8830c45107fffff","emd_code":"5280036000","emd_name":"변산면","area_km2":0.527,"edge":false,"slope_mean":4.05,"elev_mean":5.8,"flood_hist_n":0,"flood_depth_max_m":null,"flood_risk_100y":null,"semi_basement_r":null,"elderly_alone_r":0.2866,"bldg_age30_r":null,"shelter_min_walk":5,"pop":4040,"hh":2509,"elderly65_r":0.4126,"single_hh_r":0.6038,"source_level":"emd","flood_years":[],"landslide_hist_n":0},"geometry":{"type":"Polygon","coordinates":[[[126.46793,35.6315],[126.46711,35.62769],[126.47126,35.62567],[126.47623,35.62745],[126.47705,35.63127],[126.4729,35.63329],[126.46793,35.6315]]]}},{"type":"Feature","properties":{"h3":"8830c45109fffff","emd_code":"5280036000","emd_name":"변산면","area_km2":0.5268,"edge":false,"slope_mean":4.35,"elev_mean":8.5,"flood_hist_n":0,"flood_depth_max_m":null,"flood_risk_100y":null,"semi_basement_r":null,"elderly_alone_r":0.2866,"bldg_age30_r":null,"shelter_min_walk":17,"pop":4040,"hh":2509,"elderly65_r":0.4126,"single_hh_r":0.6038,"source_level":"emd","flood_years":[],"landslide_hist_n":0},"geometry":{"type":"Polygon","coordinates":[[[126.46127,35.64318],[126.46045,35.63937],[126.4646,35.63734],[126.46957,35.63913],[126.4704,35.64294],[126.46625,35.64497],[126.46127,35.64318]]]}},{"type":"Feature","properties":{"h3":"8830c4510bfffff","emd_code":"5280036000","emd_name":"변산면","area_km2":0.5268,"edge":false,"slope_mean":6.76,"elev_mean":14.2,"flood_hist_n":0,"flood_depth_max_m":null,"flood_risk_100y":null,"semi_basement_r":null,"elderly_alone_r":0.2866,"bldg_age30_r":null,"shelter_min_walk":16,"pop":4040,"hh":2509,"elderly65_r":0.4126,"single_hh_r":0.6038,"source_level":"emd","flood_years":[],"landslide_hist_n":0},"geometry":{"type":"Polygon","coordinates":[[[126.4704,35.64294],[126.46957,35.63913],[126.47372,35.63711],[126.4787,35.63889],[126.47952,35.64271],[126.47537,35.64473],[126.4704,35.64294]]]}},{"type":"Feature","properties":{"h3":"8830c4510dfffff","emd_code":"5280036000","emd_name":"변산면","area_km2":0.5268,"edge":false,"slope_mean":2.54,"elev_mean":2.6,"flood_hist_n":0,"flood_depth_max_m":null,"flood_risk_100y":null,"semi_basement_r":null,"elderly_alone_r":0.2866,"bldg_age30_r":null,"shelter_min_walk":15,"pop":4040,"hh":2509,"elderly65_r":0.4126,"single_hh_r":0.6038,"source_level":"emd","flood_years":[],"landslide_hist_n":0},"geometry":{"type":"Polygon","coordinates":[[[126.45548,35.63758],[126.45466,35.63377],[126.45881,35.63174],[126.46378,35.63353],[126.4646,35.63734],[126.46045,35.63937],[126.45548,35.63758]]]}},{"type":"Feature","properties":{"h3":"8830c45111fffff","emd_code":"5280036000","emd_name":"변산면","area_km2":0.5269,"edge":false,"slope_mean":8.54,"elev_mean":25.4,"flood_hist_n":0,"flood_depth_max_m":null,"flood_risk_100y":null,"semi_basement_r":null,"elderly_alone_r":0.2866,"bldg_age30_r":null,"shelter_min_walk":34,"pop":4040,"hh":2509,"elderly65_r":0.4126,"single_hh_r":0.6038,"source_level":"emd","flood_years":[],"landslide_hist_n":0},"geometry":{"type":"Polygon","coordinates":[[[126.48864,35.64247],[126.48782,35.63866],[126.49197,35.63663],[126.49694,35.63842],[126.49776,35.64223],[126.49361,35.64426],[126.48864,35.64247]]]}},{"type":"Feature","properties":{"h3":"8830c45113fffff","emd_code":"5280036000","emd_name":"변산면","area_km2":0.527,"edge":false,"slope_mean":19.63,"elev_mean":73.8,"flood_hist_n":0,"flood_depth_max_m":null,"flood_risk_100y":null,"semi_basement_r":null,"elderly_alone_r":0.2866,"bldg_age30_r":null,"shelter_min_walk":45,"pop":4040,"hh":2509,"elderly65_r":0.4126,"single_hh_r":0.6038,"source_level":"emd","flood_years":[],"landslide_hist_n":0},"geometry":{"type":"Polygon","coordinates":[[[126.49776,35.64223],[126.49694,35.63842],[126.50109,35.63639],[126.50606,35.63818],[126.50689,35.64199],[126.50274,35.64402],[126.49776,35.64223]]]}},{"type":"Feature","properties":{"h3":"8830c45115fffff","emd_code":"5280036000","emd_name":"변산면","area_km2":0.527,"edge":false,"slope_mean":4.66,"elev_mean":9.1,"flood_hist_n":0,"flood_depth_max_m":null,"flood_risk_100y":null,"semi_basement_r":null,"elderly_alone_r":0.2866,"bldg_age30_r":null,"shelter_min_walk":23,"pop":4040,"hh":2509,"elderly65_r":0.4126,"single_hh_r":0.6038,"source_level":"emd","flood_years":[],"landslide_hist_n":0},"geometry":{"type":"Polygon","coordinates":[[[126.48285,35.63687],[126.48202,35.63306],[126.48617,35.63103],[126.49115,35.63282],[126.49197,35.63663],[126.48782,35.63866],[126.48285,35.63687]]]}},{"type":"Feature","properties":{"h3":"8830c45117fffff","emd_code":"5280036000","emd_name":"변산면","area_km2":0.527,"edge":false,"slope_mean":11.59,"elev_mean":42.6,"flood_hist_n":0,"flood_depth_max_m":null,"flood_risk_100y":null,"semi_basement_r":null,"elderly_alone_r":0.2866,"bldg_age30_r":null,"shelter_min_walk":35,"pop":4040,"hh":2509,"elderly65_r":0.4126,"single_hh_r":0.6038,"source_level":"emd","flood_years":[],"landslide_hist_n":0},"geometry":{"type":"Polygon","coordinates":[[[126.49197,35.63663],[126.49115,35.63282],[126.4953,35.63079],[126.50027,35.63258],[126.50109,35.63639],[126.49694,35.63842],[126.49197,35.63663]]]}},{"type":"Feature","properties":{"h3":"8830c45119fffff","emd_code":"5280036000","emd_name":"변산면","area_km2":0.5268,"edge":false,"slope_mean":11.24,"elev_mean":33.0,"flood_hist_n":0,"flood_depth_max_m":null,"flood_risk_100y":null,"semi_basement_r":null,"elderly_alone_r":0.2866,"bldg_age30_r":null,"shelter_min_walk":35,"pop":4040,"hh":2509,"elderly65_r":0.4126,"single_hh_r":0.6038,"source_level":"emd","flood_years":[],"landslide_hist_n":0},"geometry":{"type":"Polygon","coordinates":[[[126.48531,35.64831],[126.48449,35.64449],[126.48864,35.64247],[126.49361,35.64426],[126.49443,35.64807],[126.49028,35.65009],[126.48531,35.64831]]]}},{"type":"Feature","properties":{"h3":"8830c4511bfffff","emd_code":"5280036000","emd_name":"변산면","area_km2":0.5269,"edge":false,"slope_mean":8.28,"elev_mean":18.6,"flood_hist_n":0,"flood_depth_max_m":null,"flood_risk_100y":null,"semi_basement_r":null,"elderly_alone_r":0.2866,"bldg_age30_r":null,"shelter_min_walk":45,"pop":4040,"hh":2509,"elderly65_r":0.4126,"single_hh_r":0.6038,"source_level":"emd","flood_years":[],"landslide_hist_n":0},"geometry":{"type":"Polygon","coordinates":[[[126.49443,35.64807],[126.49361,35.64426],[126.49776,35.64223],[126.50274,35.64402],[126.50356,35.64783],[126.49941,35.64985],[126.49443,35.64807]]]}},{"type":"Feature","properties":{"h3":"8830c4511dfffff","emd_code":"5280036000","emd_name":"변산면","area_km2":0.5269,"edge":false,"slope_mean":12.17,"elev_mean":42.8,"flood_hist_n":0,"flood_depth_max_m":null,"flood_risk_100y":null,"semi_basement_r":null,"elderly_alone_r":0.2866,"bldg_age30_r":null,"shelter_min_walk":23,"pop":4040,"hh":2509,"elderly65_r":0.4126,"single_hh_r":0.6038,"source_level":"emd","flood_years":[],"landslide_hist_n":1},"geometry":{"type":"Polygon","coordinates":[[[126.47952,35.64271],[126.4787,35.63889],[126.48285,35.63687],[126.48782,35.63866],[126.48864,35.64247],[126.48449,35.64449],[126.47952,35.64271]]]}},{"type":"Feature","properties":{"h3":"8830c45121fffff","emd_code":"5280036000","emd_name":"변산면","area_km2":0.5271,"edge":true,"slope_mean":4.13,"elev_mean":9.5,"flood_hist_n":0,"flood_depth_max_m":null,"flood_risk_100y":null,"semi_basement_r":null,"elderly_alone_r":0.2866,"bldg_age30_r":null,"shelter_min_walk":26,"pop":4040,"hh":2509,"elderly65_r":0.4126,"single_hh_r":0.6038,"source_level":"emd","flood_years":[],"landslide_hist_n":0},"geometry":{"type":"Polygon","coordinates":[[[126.45634,35.6203],[126.45552,35.61649],[126.45967,35.61446],[126.46464,35.61625],[126.46547,35.62006],[126.46132,35.62209],[126.45634,35.6203]]]}},{"type":"Feature","properties":{"h3":"8830c45123fffff","emd_code":"5280036000","emd_name":"변산면","area_km2":0.5272,"edge":false,"slope_mean":8.55,"elev_mean":24.5,"flood_hist_n":0,"flood_depth_max_m":null,"flood_risk_100y":null,"semi_basement_r":null,"elderly_alone_r":0.2866,"bldg_age30_r":null,"shelter_min_walk":23,"pop":4040,"hh":2509,"elderly65_r":0.4126,"single_hh_r":0.6038,"source_level":"emd","flood_years":[],"landslide_hist_n":0},"geometry":{"type":"Polygon","coordinates":[[[126.46547,35.62006],[126.46464,35.61625],[126.46879,35.61422],[126.47376,35.61601],[126.47459,35.61983],[126.47044,35.62185],[126.46547,35.62006]]]}},{"type":"Feature","properties":{"h3":"8830c45127fffff","emd_code":"5280036000","emd_name":"변산면","area_km2":0.5272,"edge":false,"slope_mean":13.59,"elev_mean":44.2,"flood_hist_n":0,"flood_depth_max_m":null,"flood_risk_100y":null,"semi_basement_r":null,"elderly_alone_r":0.2866,"bldg_age30_r":null,"shelter_min_walk":33,"pop":4040,"hh":2509,"elderly65_r":0.4126,"single_hh_r":0.6038,"source_level":"emd","flood_years":[],"landslide_hist_n":0},"geometry":{"type":"Polygon","coordinates":[[[126.45967,35.61446],[126.45885,35.61065],[126.463,35.60862],[126.46797,35.61041],[126.46879,35.61422],[126.46464,35.61625],[126.45967,35.61446]]]}},{"type":"Feature","properties":{"h3":"8830c4512bfffff","emd_code":"5280036000","emd_name":"변산면","area_km2":0.5271,"edge":false,"slope_mean":4.92,"elev_mean":6.4,"flood_hist_n":0,"flood_depth_max_m":null,"flood_risk_100y":null,"semi_basement_r":null,"elderly_alone_r":0.2866,"bldg_age30_r":null,"shelter_min_walk":14,"pop":4040,"hh":2509,"elderly65_r":0.4126,"single_hh_r":0.6038,"source_level":"emd","flood_years":[],"landslide_hist_n":0},"geometry":{"type":"Polygon","coordinates":[[[126.46214,35.6259],[126.46132,35.62209],[126.46547,35.62006],[126.47044,35.62185],[126.47126,35.62567],[126.46711,35.62769],[126.46214,35.6259]]]}},{"type":"Feature","properties":{"h3":"8830c45131fffff","emd_code":"5280036000","emd_name":"변산면","area_km2":0.5272,"edge":false,"slope_mean":13.41,"elev_mean":39.6,"flood_hist_n":0,"flood_depth_max_m":null,"flood_risk_100y":null,"semi_basement_r":null,"elderly_alone_r":0.2866,"bldg_age30_r":null,"shelter_min_walk":24,"pop":4040,"hh":2509,"elderly65_r":0.4126,"single_hh_r":0.6038,"source_level":"emd","flood_years":[],"landslide_hist_n":0},"geometry":{"type":"Polygon","coordinates":[[[126.48038,35.62543],[126.47956,35.62161],[126.48371,35.61959],[126.48868,35.62138],[126.4895,35.62519],[126.48535,35.62722],[126.48038,35.62543]]]}},{"type":"Feature","properties":{"h3":"8830c45133fffff","emd_code":"5280036000","emd_name":"변산면","area_km2":0.5272,"edge":false,"slope_mean":16.22,"elev_mean":67.7,"flood_hist_n":0,"flood_depth_max_m":null,"flood_risk_100y":null,"semi_basement_r":null,"elderly_alone_r":0.2866,"bldg_age30_r":null,"shelter_min_walk":35,"pop":4040,"hh":2509,"elderly65_r":0.4126,"single_hh_r":0.6038,"source_level":"emd","flood_years":[],"landslide_hist_n":0},"geometry":{"type":"Polygon","coordinates":[[[126.4895,35.62519],[126.48868,35.62138],[126.49283,35.61935],[126.4978,35.62114],[126.49862,35.62495],[126.49447,35.62698],[126.4895,35.62519]]]}},{"type":"Feature","properties":{"h3":"8830c45135fffff","emd_code":"5280036000","emd_name":"변산면","area_km2":0.5272,"edge":false,"slope_mean":7.65,"elev_mean":16.2,"flood_hist_n":0,"flood_depth_max_m":null,"flood_risk_100y":null,"semi_basement_r":null,"elderly_alone_r":0.2866,"bldg_age30_r":null,"shelter_min_walk":26,"pop":4040,"hh":2509,"elderly65_r":0.4126,"single_hh_r":0.6038,"source_level":"emd","flood_years":[],"landslide_hist_n":0},"geometry":{"type":"Polygon","coordinates":[[[126.47459,35.61983],[126.47376,35.61601],[126.47791,35.61399],[126.48289,35.61577],[126.48371,35.61959],[126.47956,35.62161],[126.47459,35.61983]]]}},{"type":"Feature","properties":{"h3":"8830c45137fffff","emd_code":"5280036000","emd_name":"변산면","area_km2":0.5273,"edge":false,"slope_mean":9.4,"elev_mean":30.9,"flood_hist_n":0,"flood_depth_max_m":null,"flood_risk_100y":null,"semi_basement_r":null,"elderly_alone_r":0.2866,"bldg_age30_r":null,"shelter_min_walk":34,"pop":4040,"hh":2509,"elderly65_r":0.4126,"single_hh_r":0.6038,"source_level":"emd","flood_years":[],"landslide_hist_n":0},"geometry":{"type":"Polygon","coordinates":[[[126.48371,35.61959],[126.48289,35.61577],[126.48704,35.61375],[126.49201,35.61554],[126.49283,35.61935],[126.48868,35.62138],[126.48371,35.61959]]]}},{"type":"Feature","properties":{"h3":"8830c45139fffff","emd_code":"5280036000","emd_name":"변산면","area_km2":0.5271,"edge":false,"slope_mean":7.69,"elev_mean":14.9,"flood_hist_n":0,"flood_depth_max_m":null,"flood_risk_100y":null,"semi_basement_r":null,"elderly_alone_r":0.2866,"bldg_age30_r":null,"shelter_min_walk":16,"pop":4040,"hh":2509,"elderly65_r":0.4126,"single_hh_r":0.6038,"source_level":"emd","flood_years":[],"landslide_hist_n":0},"geometry":{"type":"Polygon","coordinates":[[[126.47705,35.63127],[126.47623,35.62745],[126.48038,35.62543],[126.48535,35.62722],[126.48617,35.63103],[126.48202,35.63306],[126.47705,35.63127]]]}},{"type":"Feature","properties":{"h3":"8830c4513bfffff","emd_code":"5280036000","emd_name":"변산면","area_km2":0.5271,"edge":false,"slope_mean":10.04,"elev_mean":28.0,"flood_hist_n":0,"flood_depth_max_m":null,"flood_risk_100y":null,"semi_basement_r":null,"elderly_alone_r":0.2866,"bldg_age30_r":null,"shelter_min_walk":28,"pop":4040,"hh":2509,"elderly65_r":0.4126,"single_hh_r":0.6038,"source_level":"emd","flood_years":[],"landslide_hist_n":0},"geometry":{"type":"Polygon","coordinates":[[[126.48617,35.63103],[126.48535,35.62722],[126.4895,35.62519],[126.49447,35.62698],[126.4953,35.63079],[126.49115,35.63282],[126.48617,35.63103]]]}},{"type":"Feature","properties":{"h3":"8830c4513dfffff","emd_code":"5280036000","emd_name":"변산면","area_km2":0.5271,"edge":false,"slope_mean":5.86,"elev_mean":11.8,"flood_hist_n":0,"flood_depth_max_m":null,"flood_risk_100y":null,"semi_basement_r":null,"elderly_alone_r":0.2866,"bldg_age30_r":null,"shelter_min_walk":15,"pop":4040,"hh":2509,"elderly65_r":0.4126,"single_hh_r":0.6038,"source_level":"emd","flood_years":[],"landslide_hist_n":0},"geometry":{"type":"Polygon","coordinates":[[[126.47126,35.62567],[126.47044,35.62185],[126.47459,35.61983],[126.47956,35.62161],[126.48038,35.62543],[126.47623,35.62745],[126.47126,35.62567]]]}},{"type":"Feature","properties":{"h3":"8830c45153fffff","emd_code":"5280036000","emd_name":"변산면","area_km2":0.5267,"edge":false,"slope_mean":3.87,"elev_mean":8.1,"flood_hist_n":0,"flood_depth_max_m":null,"flood_risk_100y":null,"semi_basement_r":null,"elderly_alone_r":0.2866,"bldg_age30_r":null,"shelter_min_walk":40,"pop":4040,"hh":2509,"elderly65_r":0.4126,"single_hh_r":0.6038,"source_level":"emd","flood_years":[],"landslide_hist_n":0},"geometry":{"type":"Polygon","coordinates":[[[126.48198,35.65414],[126.48116,35.65033],[126.48531,35.64831],[126.49028,35.65009],[126.49111,35.6539],[126.48696,35.65593],[126.48198,35.65414]]]}},{"type":"Feature","properties":{"h3":"8830c45157fffff","emd_code":"5280036000","emd_name":"변산면","area_km2":0.5268,"edge":false,"slope_mean":5.75,"elev_mean":11.7,"flood_hist_n":0,"flood_depth_max_m":null,"flood_risk_100y":null,"semi_basement_r":null,"elderly_alone_r":0.2866,"bldg_age30_r":null,"shelter_min_walk":28,"pop":4040,"hh":2509,"elderly65_r":0.4126,"single_hh_r":0.6038,"source_level":"emd","flood_years":[],"landslide_hist_n":0},"geometry":{"type":"Polygon","coordinates":[[[126.47619,35.64854],[126.47537,35.64473],[126.47952,35.64271],[126.48449,35.64449],[126.48531,35.64831],[126.48116,35.65033],[126.47619,35.64854]]]}},{"type":"Feature","properties":{"h3":"8830c4515bfffff","emd_code":"5280036000","emd_name":"변산면","area_km2":0.5266,"edge":true,"slope_mean":0.3,"elev_mean":0.1,"flood_hist_n":0,"flood_depth_max_m":null,"flood_risk_100y":null,"semi_basement_r":null,"elderly_alone_r":0.2866,"bldg_age30_r":null,"shelter_min_walk":46,"pop":4040,"hh":2509,"elderly65_r":0.4126,"single_hh_r":0.6038,"source_level":"emd","flood_years":[],"landslide_hist_n":0},"geometry":{"type":"Polygon","coordinates":[[[126.47866,35.65998],[126.47783,35.65617],[126.48198,35.65414],[126.48696,35.65593],[126.48778,35.65974],[126.48363,35.66176],[126.47866,35.65998]]]}},{"type":"Feature","properties":{"h3":"8830c45181fffff","emd_code":"5280036000","emd_name":"변산면","area_km2":0.5272,"edge":false,"slope_mean":27.81,"elev_mean":320.5,"flood_hist_n":0,"flood_depth_max_m":null,"flood_risk_100y":null,"semi_basement_r":null,"elderly_alone_r":0.2866,"bldg_age30_r":null,"shelter_min_walk":51,"pop":4040,"hh":2509,"elderly65_r":0.4126,"single_hh_r":0.6038,"source_level":"emd","flood_years":[],"landslide_hist_n":0},"geometry":{"type":"Polygon","coordinates":[[[126.52846,35.63567],[126.52764,35.63186],[126.53179,35.62983],[126.53677,35.63162],[126.53759,35.63543],[126.53344,35.63746],[126.52846,35.63567]]]}},{"type":"Feature","properties":{"h3":"8830c45183fffff","emd_code":"5280036000","emd_name":"변산면","area_km2":0.5273,"edge":false,"slope_mean":24.5,"elev_mean":323.5,"flood_hist_n":0,"flood_depth_max_m":null,"flood_risk_100y":null,"semi_basement_r":null,"elderly_alone_r":0.2866,"bldg_age30_r":null,"shelter_min_walk":55,"pop":4040,"hh":2509,"elderly65_r":0.4126,"single_hh_r":0.6038,"source_level":"emd","flood_years":[],"landslide_hist_n":0},"geometry":{"type":"Polygon","coordinates":[[[126.53759,35.63543],[126.53677,35.63162],[126.54092,35.62959],[126.54589,35.63137],[126.54671,35.63519],[126.54256,35.63722],[126.53759,35.63543]]]}},{"type":"Feature","properties":{"h3":"8830c45185fffff","emd_code":"5280036000","emd_name":"변산면","area_km2":0.5273,"edge":false,"slope_mean":25.38,"elev_mean":245.6,"flood_hist_n":0,"flood_depth_max_m":null,"flood_risk_100y":null,"semi_basement_r":null,"elderly_alone_r":0.2866,"bldg_age30_r":null,"shelter_min_walk":60,"pop":4040,"hh":2509,"elderly65_r":0.4126,"single_hh_r":0.6038,"source_level":"emd","flood_years":[],"landslide_hist_n":0},"geometry":{"type":"Polygon","coordinates":[[[126.52267,35.63007],[126.52185,35.62626],[126.526,35.62423],[126.53097,35.62602],[126.53179,35.62983],[126.52764,35.63186],[126.52267,35.63007]]]}},{"type":"Feature","properties":{"h3":"8830c45187fffff","emd_code":"5280036000","emd_name":"변산면","area_km2":0.5274,"edge":false,"slope_mean":22.97,"elev_mean":383.3,"flood_hist_n":0,"flood_depth_max_m":null,"flood_risk_100y":null,"semi_basement_r":null,"elderly_alone_r":0.2866,"bldg_age30_r":null,"shelter_min_walk":62,"pop":4040,"hh":2509,"elderly65_r":0.4126,"single_hh_r":0.6038,"source_level":"emd","flood_years":[],"landslide_hist_n":0},"geometry":{"type":"Polygon","coordinates":[[[126.53179,35.62983],[126.53097,35.62602],[126.53512,35.62399],[126.54009,35.62578],[126.54092,35.62959],[126.53677,35.63162],[126.53179,35.62983]]]}},{"type":"Feature","properties":{"h3":"8830c45189fffff","emd_code":"5280036000","emd_name":"변산면","area_km2":0.5271,"edge":false,"slope_mean":23.34,"elev_mean":159.8,"flood_hist_n":0,"flood_depth_max_m":null,"flood_risk_100y":null,"semi_basement_r":null,"elderly_alone_r":0.2866,"bldg_age30_r":null,"shelter_min_walk":41,"pop":4040,"hh":2509,"elderly65_r":0.4126,"single_hh_r":0.6038,"source_level":"emd","flood_years":[],"landslide_hist_n":0},"geometry":{"type":"Polygon","coordinates":[[[126.52514,35.64151],[126.52431,35.6377],[126.52846,35.63567],[126.53344,35.63746],[126.53426,35.64127],[126.53011,35.6433],[126.52514,35.64151]]]}},{"type":"Feature","properties":{"h3":"8830c4518bfffff","emd_code":"5280036000","emd_name":"변산면","area_km2":0.5272,"edge":false,"slope_mean":18.06,"elev_mean":129.4,"flood_hist_n":0,"flood_depth_max_m":null,"flood_risk_100y":null,"semi_basement_r":null,"elderly_alone_r":0.2866,"bldg_age30_r":null,"shelter_min_walk":44,"pop":4040,"hh":2509,"elderly65_r":0.4126,"single_hh_r":0.6038,"source_level":"emd","flood_years":[],"landslide_hist_n":0},"geometry":{"type":"Polygon","coordinates":[[[126.53426,35.64127],[126.53344,35.63746],[126.53759,35.63543],[126.54256,35.63722],[126.54339,35.64103],[126.53923,35.64306],[126.53426,35.64127]]]}},{"type":"Feature","properties":{"h3":"8830c4518dfffff","emd_code":"5280036000","emd_name":"변산면","area_km2":0.5272,"edge":false,"slope_mean":25.78,"elev_mean":197.7,"flood_hist_n":0,"flood_depth_max_m":null,"flood_risk_100y":null,"semi_basement_r":null,"elderly_alone_r":0.2866,"bldg_age30_r":null,"shelter_min_walk":51,"pop":4040,"hh":2509,"elderly65_r":0.4126,"single_hh_r":0.6038,"source_level":"emd","flood_years":[],"landslide_hist_n":0},"geometry":{"type":"Polygon","coordinates":[[[126.51934,35.63591],[126.51852,35.6321],[126.52267,35.63007],[126.52764,35.63186],[126.52846,35.63567],[126.52431,35.6377],[126.51934,35.63591]]]}},{"type":"Feature","properties":{"h3":"8830c45191fffff","emd_code":"5280036000","emd_name":"변산면","area_km2":0.5273,"edge":false,"slope_mean":25.52,"elev_mean":334.1,"flood_hist_n":0,"flood_depth_max_m":null,"flood_risk_100y":null,"semi_basement_r":null,"elderly_alone_r":0.2866,"bldg_age30_r":null,"shelter_min_walk":57,"pop":4040,"hh":2509,"elderly65_r":0.4126,"single_hh_r":0.6038,"source_level":"emd","flood_years":[],"landslide_hist_n":0},"geometry":{"type":"Polygon","coordinates":[[[126.55251,35.64079],[126.55169,35.63697],[126.55584,35.63495],[126.56082,35.63673],[126.56164,35.64054],[126.55749,35.64257],[126.55251,35.64079]]]}},{"type":"Feature","properties":{"h3":"8830c45193fffff","emd_code":"5280036000","emd_name":"변산면","area_km2":0.5273,"edge":false,"slope_mean":27.54,"elev_mean":280.2,"flood_hist_n":0,"flood_depth_max_m":null,"flood_risk_100y":null,"semi_basement_r":null,"elderly_alone_r":0.2866,"bldg_age30_r":null,"shelter_min_walk":67,"pop":4040,"hh":2509,"elderly65_r":0.4126,"single_hh_r":0.6038,"source_level":"emd","flood_years":[],"landslide_hist_n":0},"geometry":{"type":"Polygon","coordinates":[[[126.56164,35.64054],[126.56082,35.63673],[126.56497,35.6347],[126.56994,35.63649],[126.57077,35.6403],[126.56661,35.64233],[126.56164,35.64054]]]}},{"type":"Feature","properties":{"h3":"8830c45195fffff","emd_code":"5280036000","emd_name":"변산면","area_km2":0.5273,"edge":false,"slope_mean":23.95,"elev_mean":334.2,"flood_hist_n":0,"flood_depth_max_m":null,"flood_risk_100y":null,"semi_basement_r":null,"elderly_alone_r":0.2866,"bldg_age30_r":null,"shelter_min_walk":60,"pop":4040,"hh":2509,"elderly65_r":0.4126,"single_hh_r":0.6038,"source_level":"emd","flood_years":[],"landslide_hist_n":0},"geometry":{"type":"Polygon","coordinates":[[[126.54671,35.63519],[126.54589,35.63137],[126.55004,35.62935],[126.55502,35.63113],[126.55584,35.63495],[126.55169,35.63697],[126.54671,35.63519]]]}},{"type":"Feature","properties":{"h3":"8830c45197fffff","emd_code":"5280036000","emd_name":"변산면","area_km2":0.5274,"edge":false,"slope_mean":22.65,"elev_mean":212.2,"flood_hist_n":0,"flood_depth_max_m":null,"flood_risk_100y":null,"semi_basement_r":null,"elderly_alone_r":0.2866,"bldg_age30_r":null,"shelter_min_walk":68,"pop":4040,"hh":2509,"elderly65_r":0.4126,"single_hh_r":0.6038,"source_level":"emd","flood_years":[],"landslide_hist_n":0},"geometry":{"type":"Polygon","coordinates":[[[126.55584,35.63495],[126.55502,35.63113],[126.55917,35.6291],[126.56414,35.63089],[126.56497,35.6347],[126.56082,35.63673],[126.55584,35.63495]]]}},{"type":"Feature","properties":{"h3":"8830c45199fffff","emd_code":"5280036000","emd_name":"변산면","area_km2":0.5272,"edge":false,"slope_mean":27.12,"elev_mean":259.9,"flood_hist_n":0,"flood_depth_max_m":null,"flood_risk_100y":null,"semi_basement_r":null,"elderly_alone_r":0.2866,"bldg_age30_r":null,"shelter_min_walk":47,"pop":4040,"hh":2509,"elderly65_r":0.4126,"single_hh_r":0.6038,"source_level":"emd","flood_years":[],"landslide_hist_n":0},"geometry":{"type":"Polygon","coordinates":[[[126.54918,35.64663],[126.54836,35.64281],[126.55251,35.64079],[126.55749,35.64257],[126.55831,35.64638],[126.55416,35.64841],[126.54918,35.64663]]]}},{"type":"Feature","properties":{"h3":"8830c4519bfffff","emd_code":"5280036000","emd_name":"변산면","area_km2":0.5272,"edge":false,"slope_mean":26.65,"elev_mean":277.2,"flood_hist_n":0,"flood_depth_max_m":null,"flood_risk_100y":null,"semi_basement_r":null,"elderly_alone_r":0.2866,"bldg_age30_r":null,"shelter_min_walk":57,"pop":4040,"hh":2509,"elderly65_r":0.4126,"single_hh_r":0.6038,"source_level":"emd","flood_years":[],"landslide_hist_n":0},"geometry":{"type":"Polygon","coordinates":[[[126.55831,35.64638],[126.55749,35.64257],[126.56164,35.64054],[126.56661,35.64233],[126.56744,35.64614],[126.56328,35.64817],[126.55831,35.64638]]]}},{"type":"Feature","properties":{"h3":"8830c4519dfffff","emd_code":"5280036000","emd_name":"변산면","area_km2":0.5272,"edge":false,"slope_mean":24.32,"elev_mean":204.0,"flood_hist_n":0,"flood_depth_max_m":null,"flood_risk_100y":null,"semi_basement_r":null,"elderly_alone_r":0.2866,"bldg_age30_r":null,"shelter_min_walk":50,"pop":4040,"hh":2509,"elderly65_r":0.4126,"single_hh_r":0.6038,"source_level":"emd","flood_years":[],"landslide_hist_n":0},"geometry":{"type":"Polygon","coordinates":[[[126.54339,35.64103],[126.54256,35.63722],[126.54671,35.63519],[126.55169,35.63697],[126.55251,35.64079],[126.54836,35.64281],[126.54339,35.64103]]]}},{"type":"Feature","properties":{"h3":"8830c451a1fffff","emd_code":"5280037000","emd_name":"진서면","area_km2":0.5275,"edge":false,"slope_mean":22.57,"elev_mean":186.6,"flood_hist_n":0,"flood_depth_max_m":null,"flood_risk_100y":null,"semi_basement_r":null,"elderly_alone_r":0.3392,"bldg_age30_r":null,"shelter_min_walk":77,"pop":2054,"hh":1297,"elderly65_r":0.5005,"single_hh_r":0.5883,"source_level":"emd","flood_years":[],"landslide_hist_n":0},"geometry":{"type":"Polygon","coordinates":[[[126.5202,35.61863],[126.51938,35.61482],[126.52353,35.61279],[126.5285,35.61457],[126.52932,35.61839],[126.52517,35.62042],[126.5202,35.61863]]]}},{"type":"Feature","properties":{"h3":"8830c451a3fffff","emd_code":"5280037000","emd_name":"진서면","area_km2":0.5275,"edge":false,"slope_mean":26.41,"elev_mean":313.8,"flood_hist_n":0,"flood_depth_max_m":null,"flood_risk_100y":null,"semi_basement_r":null,"elderly_alone_r":0.3392,"bldg_age30_r":null,"shelter_min_walk":80,"pop":2054,"hh":1297,"elderly65_r":0.5005,"single_hh_r":0.5883,"source_level":"emd","flood_years":[],"landslide_hist_n":0},"geometry":{"type":"Polygon","coordinates":[[[126.52932,35.61839],[126.5285,35.61457],[126.53265,35.61255],[126.53763,35.61433],[126.53845,35.61815],[126.5343,35.62017],[126.52932,35.61839]]]}},{"type":"Feature","properties":{"h3":"8830c451a5fffff","emd_code":"5280037000","emd_name":"진서면","area_km2":0.5275,"edge":false,"slope_mean":20.03,"elev_mean":117.1,"flood_hist_n":0,"flood_depth_max_m":null,"flood_risk_100y":null,"semi_basement_r":null,"elderly_alone_r":0.3392,"bldg_age30_r":null,"shelter_min_walk":74,"pop":2054,"hh":1297,"elderly65_r":0.5005,"single_hh_r":0.5883,"source_level":"emd","flood_years":[],"landslide_hist_n":0},"geometry":{"type":"Polygon","coordinates":[[[126.5144,35.61303],[126.51358,35.60921],[126.51773,35.60719],[126.52271,35.60897],[126.52353,35.61279],[126.51938,35.61482],[126.5144,35.61303]]]}},{"type":"Feature","properties":{"h3":"8830c451a7fffff","emd_code":"5280037000","emd_name":"진서면","area_km2":0.5276,"edge":false,"slope_mean":23.16,"elev_mean":182.8,"flood_hist_n":0,"flood_depth_max_m":null,"flood_risk_100y":null,"semi_basement_r":null,"elderly_alone_r":0.3392,"bldg_age30_r":null,"shelter_min_walk":85,"pop":2054,"hh":1297,"elderly65_r":0.5005,"single_hh_r":0.5883,"source_level":"emd","flood_years":[],"landslide_hist_n":0},"geometry":{"type":"Polygon","coordinates":[[[126.52353,35.61279],[126.52271,35.60897],[126.52686,35.60694],[126.53183,35.60873],[126.53265,35.61255],[126.5285,35.61457],[126.52353,35.61279]]]}},{"type":"Feature","properties":{"h3":"8830c451a9fffff","emd_code":"5280036000","emd_name":"변산면","area_km2":0.5274,"edge":false,"slope_mean":20.25,"elev_mean":151.2,"flood_hist_n":0,"flood_depth_max_m":null,"flood_risk_100y":null,"semi_basement_r":null,"elderly_alone_r":0.2866,"bldg_age30_r":null,"shelter_min_walk":70,"pop":4040,"hh":2509,"elderly65_r":0.4126,"single_hh_r":0.6038,"source_level":"emd","flood_years":[],"landslide_hist_n":0},"geometry":{"type":"Polygon","coordinates":[[[126.51687,35.62447],[126.51605,35.62066],[126.5202,35.61863],[126.52517,35.62042],[126.526,35.62423],[126.52185,35.62626],[126.51687,35.62447]]]}},{"type":"Feature","properties":{"h3":"8830c451abfffff","emd_code":"5280036000","emd_name":"변산면","area_km2":0.5274,"edge":false,"slope_mean":23.56,"elev_mean":339.4,"flood_hist_n":0,"flood_depth_max_m":null,"flood_risk_100y":null,"semi_basement_r":null,"elderly_alone_r":0.2866,"bldg_age30_r":null,"shelter_min_walk":70,"pop":4040,"hh":2509,"elderly65_r":0.4126,"single_hh_r":0.6038,"source_level":"emd","flood_years":[],"landslide_hist_n":0},"geometry":{"type":"Polygon","coordinates":[[[126.526,35.62423],[126.52517,35.62042],[126.52932,35.61839],[126.5343,35.62017],[126.53512,35.62399],[126.53097,35.62602],[126.526,35.62423]]]}},{"type":"Feature","properties":{"h3":"8830c451adfffff","emd_code":"5280036000","emd_name":"변산면","area_km2":0.5274,"edge":false,"slope_mean":21.22,"elev_mean":156.3,"flood_hist_n":0,"flood_depth_max_m":null,"flood_risk_100y":null,"semi_basement_r":null,"elderly_alone_r":0.2866,"bldg_age30_r":null,"shelter_min_walk":66,"pop":4040,"hh":2509,"elderly65_r":0.4126,"single_hh_r":0.6038,"source_level":"emd","flood_years":[],"landslide_hist_n":0},"geometry":{"type":"Polygon","coordinates":[[[126.51108,35.61887],[126.51025,35.61506],[126.5144,35.61303],[126.51938,35.61482],[126.5202,35.61863],[126.51605,35.62066],[126.51108,35.61887]]]}},{"type":"Feature","properties":{"h3":"8830c451b1fffff","emd_code":"5280036000","emd_name":"변산면","area_km2":0.5275,"edge":false,"slope_mean":20.94,"elev_mean":321.4,"flood_hist_n":0,"flood_depth_max_m":null,"flood_risk_100y":null,"semi_basement_r":null,"elderly_alone_r":0.2866,"bldg_age30_r":null,"shelter_min_walk":76,"pop":4040,"hh":2509,"elderly65_r":0.4126,"single_hh_r":0.6038,"source_level":"emd","flood_years":[],"landslide_hist_n":0},"geometry":{"type":"Polygon","coordinates":[[[126.54425,35.62375],[126.54342,35.61993],[126.54757,35.6179],[126.55255,35.61969],[126.55337,35.6235],[126.54922,35.62553],[126.54425,35.62375]]]}},{"type":"Feature","properties":{"h3":"8830c451b3fffff","emd_code":"5280036000","emd_name":"변산면","area_km2":0.5276,"edge":false,"slope_mean":22.36,"elev_mean":276.0,"flood_hist_n":0,"flood_depth_max_m":null,"flood_risk_100y":null,"semi_basement_r":null,"elderly_alone_r":0.2866,"bldg_age30_r":null,"shelter_min_walk":82,"pop":4040,"hh":2509,"elderly65_r":0.4126,"single_hh_r":0.6038,"source_level":"emd","flood_years":[],"landslide_hist_n":0},"geometry":{"type":"Polygon","coordinates":[[[126.55337,35.6235],[126.55255,35.61969],[126.5567,35.61766],[126.56168,35.61945],[126.5625,35.62326],[126.55835,35.62529],[126.55337,35.6235]]]}},{"type":"Feature","properties":{"h3":"8830c451b5fffff","emd_code":"5280037000","emd_name":"진서면","area_km2":0.5276,"edge":false,"slope_mean":24.51,"elev_mean":265.7,"flood_hist_n":0,"flood_depth_max_m":null,"flood_risk_100y":null,"semi_basement_r":null,"elderly_alone_r":0.3392,"bldg_age30_r":null,"shelter_min_walk":82,"pop":2054,"hh":1297,"elderly65_r":0.5005,"single_hh_r":0.5883,"source_level":"emd","flood_years":[],"landslide_hist_n":0},"geometry":{"type":"Polygon","coordinates":[[[126.53845,35.61815],[126.53763,35.61433],[126.54178,35.6123],[126.54675,35.61409],[126.54757,35.6179],[126.54342,35.61993],[126.53845,35.61815]]]}},{"type":"Feature","properties":{"h3":"8830c451b7fffff","emd_code":"5280037000","emd_name":"진서면","area_km2":0.5276,"edge":false,"slope_mean":25.0,"elev_mean":321.2,"flood_hist_n":0,"flood_depth_max_m":null,"flood_risk_100y":null,"semi_basement_r":null,"elderly_alone_r":0.3392,"bldg_age30_r":null,"shelter_min_walk":87,"pop":2054,"hh":1297,"elderly65_r":0.5005,"single_hh_r":0.5883,"source_level":"emd","flood_years":[],"landslide_hist_n":0},"geometry":{"type":"Polygon","coordinates":[[[126.54757,35.6179],[126.54675,35.61409],[126.5509,35.61206],[126.55588,35.61385],[126.5567,35.61766],[126.55255,35.61969],[126.54757,35.6179]]]}},{"type":"Feature","properties":{"h3":"8830c451b9fffff","emd_code":"5280036000","emd_name":"변산면","area_km2":0.5274,"edge":false,"slope_mean":19.47,"elev_mean":344.2,"flood_hist_n":0,"flood_depth_max_m":null,"flood_risk_100y":null,"semi_basement_r":null,"elderly_alone_r":0.2866,"bldg_age30_r":null,"shelter_min_walk":65,"pop":4040,"hh":2509,"elderly65_r":0.4126,"single_hh_r":0.6038,"source_level":"emd","flood_years":[],"landslide_hist_n":0},"geometry":{"type":"Polygon","coordinates":[[[126.54092,35.62959],[126.54009,35.62578],[126.54425,35.62375],[126.54922,35.62553],[126.55004,35.62935],[126.54589,35.63137],[126.54092,35.62959]]]}},{"type":"Feature","properties":{"h3":"8830c451bbfffff","emd_code":"5280036000","emd_name":"변산면","area_km2":0.5275,"edge":false,"slope_mean":23.96,"elev_mean":321.8,"flood_hist_n":0,"flood_depth_max_m":null,"flood_risk_100y":null,"semi_basement_r":null,"elderly_alone_r":0.2866,"bldg_age30_r":null,"shelter_min_walk":71,"pop":4040,"hh":2509,"elderly65_r":0.4126,"single_hh_r":0.6038,"source_level":"emd","flood_years":[],"landslide_hist_n":0},"geometry":{"type":"Polygon","coordinates":[[[126.55004,35.62935],[126.54922,35.62553],[126.55337,35.6235],[126.55835,35.62529],[126.55917,35.6291],[126.55502,35.63113],[126.55004,35.62935]]]}},{"type":"Feature","properties":{"h3":"8830c451bdfffff","emd_code":"5280037000","emd_name":"진서면","area_km2":0.5275,"edge":false,"slope_mean":23.14,"elev_mean":363.9,"flood_hist_n":0,"flood_depth_max_m":null,"flood_risk_100y":null,"semi_basement_r":null,"elderly_alone_r":0.3392,"bldg_age30_r":null,"shelter_min_walk":72,"pop":2054,"hh":1297,"elderly65_r":0.5005,"single_hh_r":0.5883,"source_level":"emd","flood_years":[],"landslide_hist_n":0},"geometry":{"type":"Polygon","coordinates":[[[126.53512,35.62399],[126.5343,35.62017],[126.53845,35.61815],[126.54342,35.61993],[126.54425,35.62375],[126.54009,35.62578],[126.53512,35.62399]]]}},{"type":"Feature","properties":{"h3":"8830c451c1fffff","emd_code":"5280036000","emd_name":"변산면","area_km2":0.527,"edge":false,"slope_mean":24.66,"elev_mean":195.3,"flood_hist_n":0,"flood_depth_max_m":null,"flood_risk_100y":null,"semi_basement_r":null,"elderly_alone_r":0.2866,"bldg_age30_r":null,"shelter_min_walk":35,"pop":4040,"hh":2509,"elderly65_r":0.4126,"single_hh_r":0.6038,"source_level":"emd","flood_years":[],"landslide_hist_n":0},"geometry":{"type":"Polygon","coordinates":[[[126.51268,35.64759],[126.51186,35.64378],[126.51601,35.64175],[126.52098,35.64354],[126.52181,35.64735],[126.51766,35.64938],[126.51268,35.64759]]]}},{"type":"Feature","properties":{"h3":"8830c451c3fffff","emd_code":"5280036000","emd_name":"변산면","area_km2":0.527,"edge":false,"slope_mean":21.96,"elev_mean":122.8,"flood_hist_n":0,"flood_depth_max_m":null,"flood_risk_100y":null,"semi_basement_r":null,"elderly_alone_r":0.2866,"bldg_age30_r":null,"shelter_min_walk":32,"pop":4040,"hh":2509,"elderly65_r":0.4126,"single_hh_r":0.6038,"source_level":"emd","flood_years":[],"landslide_hist_n":0},"geometry":{"type":"Polygon","coordinates":[[[126.52181,35.64735],[126.52098,35.64354],[126.52514,35.64151],[126.53011,35.6433],[126.53093,35.64711],[126.52678,35.64914],[126.52181,35.64735]]]}},{"type":"Feature","properties":{"h3":"8830c451c5fffff","emd_code":"5280036000","emd_name":"변산면","area_km2":0.527,"edge":false,"slope_mean":15.95,"elev_mean":65.5,"flood_hist_n":0,"flood_depth_max_m":null,"flood_risk_100y":null,"semi_basement_r":null,"elderly_alone_r":0.2866,"bldg_age30_r":null,"shelter_min_walk":47,"pop":4040,"hh":2509,"elderly65_r":0.4126,"single_hh_r":0.6038,"source_level":"emd","flood_years":[],"landslide_hist_n":0},"geometry":{"type":"Polygon","coordinates":[[[126.50689,35.64199],[126.50606,35.63818],[126.51022,35.63615],[126.51519,35.63794],[126.51601,35.64175],[126.51186,35.64378],[126.50689,35.64199]]]}},{"type":"Feature","properties":{"h3":"8830c451c7fffff","emd_code":"5280036000","emd_name":"변산면","area_km2":0.5271,"edge":false,"slope_mean":23.63,"elev_mean":182.3,"flood_hist_n":0,"flood_depth_max_m":null,"flood_risk_100y":null,"semi_basement_r":null,"elderly_alone_r":0.2866,"bldg_age30_r":null,"shelter_min_walk":42,"pop":4040,"hh":2509,"elderly65_r":0.4126,"single_hh_r":0.6038,"source_level":"emd","flood_years":[],"landslide_hist_n":0},"geometry":{"type":"Polygon","coordinates":[[[126.51601,35.64175],[126.51519,35.63794],[126.51934,35.63591],[126.52431,35.6377],[126.52514,35.64151],[126.52098,35.64354],[126.51601,35.64175]]]}},{"type":"Feature","properties":{"h3":"8830c451c9fffff","emd_code":"5280036000","emd_name":"변산면","area_km2":0.5269,"edge":false,"slope_mean":15.17,"elev_mean":76.5,"flood_hist_n":0,"flood_depth_max_m":null,"flood_risk_100y":null,"semi_basement_r":null,"elderly_alone_r":0.2866,"bldg_age30_r":null,"shelter_min_walk":29,"pop":4040,"hh":2509,"elderly65_r":0.4126,"single_hh_r":0.6038,"source_level":"emd","flood_years":[],"landslide_hist_n":0},"geometry":{"type":"Polygon","coordinates":[[[126.50935,35.65343],[126.50853,35.64962],[126.51268,35.64759],[126.51766,35.64938],[126.51848,35.65319],[126.51433,35.65521],[126.50935,35.65343]]]}},{"type":"Feature","properties":{"h3":"8830c451cbfffff","emd_code":"5280036000","emd_name":"변산면","area_km2":0.5269,"edge":false,"slope_mean":18.3,"elev_mean":91.6,"flood_hist_n":0,"flood_depth_max_m":null,"flood_risk_100y":null,"semi_basement_r":null,"elderly_alone_r":0.2866,"bldg_age30_r":null,"shelter_min_walk":23,"pop":4040,"hh":2509,"elderly65_r":0.4126,"single_hh_r":0.6038,"source_level":"emd","flood_years":[],"landslide_hist_n":0},"geometry":{"type":"Polygon","coordinates":[[[126.51848,35.65319],[126.51766,35.64938],[126.52181,35.64735],[126.52678,35.64914],[126.5276,35.65295],[126.52345,35.65497],[126.51848,35.65319]]]}},{"type":"Feature","properties":{"h3":"8830c451cdfffff","emd_code":"5280036000","emd_name":"변산면","area_km2":0.5269,"edge":false,"slope_mean":13.76,"elev_mean":47.4,"flood_hist_n":0,"flood_depth_max_m":null,"flood_risk_100y":null,"semi_basement_r":null,"elderly_alone_r":0.2866,"bldg_age30_r":null,"shelter_min_walk":41,"pop":4040,"hh":2509,"elderly65_r":0.4126,"single_hh_r":0.6038,"source_level":"emd","flood_years":[],"landslide_hist_n":0},"geometry":{"type":"Polygon","coordinates":[[[126.50356,35.64783],[126.50274,35.64402],[126.50689,35.64199],[126.51186,35.64378],[126.51268,35.64759],[126.50853,35.64962],[126.50356,35.64783]]]}},{"type":"Feature","properties":{"h3":"8830c451d1fffff","emd_code":"5280036000","emd_name":"변산면","area_km2":0.527,"edge":false,"slope_mean":17.49,"elev_mean":97.6,"flood_hist_n":0,"flood_depth_max_m":null,"flood_risk_100y":null,"semi_basement_r":null,"elderly_alone_r":0.2866,"bldg_age30_r":null,"shelter_min_walk":29,"pop":4040,"hh":2509,"elderly65_r":0.4126,"single_hh_r":0.6038,"source_level":"emd","flood_years":[],"landslide_hist_n":0},"geometry":{"type":"Polygon","coordinates":[[[126.53673,35.65271],[126.53591,35.6489],[126.54006,35.64687],[126.54503,35.64865],[126.54585,35.65247],[126.5417,35.65449],[126.53673,35.65271]]]}},{"type":"Feature","properties":{"h3":"8830c451d3fffff","emd_code":"5280036000","emd_name":"변산면","area_km2":0.5271,"edge":false,"slope_mean":22.95,"elev_mean":142.2,"flood_hist_n":0,"flood_depth_max_m":null,"flood_risk_100y":null,"semi_basement_r":null,"elderly_alone_r":0.2866,"bldg_age30_r":null,"shelter_min_walk":38,"pop":4040,"hh":2509,"elderly65_r":0.4126,"single_hh_r":0.6038,"source_level":"emd","flood_years":[],"landslide_hist_n":0},"geometry":{"type":"Polygon","coordinates":[[[126.54585,35.65247],[126.54503,35.64865],[126.54918,35.64663],[126.55416,35.64841],[126.55498,35.65222],[126.55083,35.65425],[126.54585,35.65247]]]}},{"type":"Feature","properties":{"h3":"8830c451d5fffff","emd_code":"5280036000","emd_name":"변산면","area_km2":0.5271,"edge":false,"slope_mean":9.7,"elev_mean":55.1,"flood_hist_n":0,"flood_depth_max_m":null,"flood_risk_100y":null,"semi_basement_r":null,"elderly_alone_r":0.2866,"bldg_age30_r":null,"shelter_min_walk":33,"pop":4040,"hh":2509,"elderly65_r":0.4126,"single_hh_r":0.6038,"source_level":"emd","flood_years":[],"landslide_hist_n":0},"geometry":{"type":"Polygon","coordinates":[[[126.53093,35.64711],[126.53011,35.6433],[126.53426,35.64127],[126.53923,35.64306],[126.54006,35.64687],[126.53591,35.6489],[126.53093,35.64711]]]}},{"type":"Feature","properties":{"h3":"8830c451d7fffff","emd_code":"5280036000","emd_name":"변산면","area_km2":0.5271,"edge":false,"slope_mean":19.02,"elev_mean":96.6,"flood_hist_n":0,"flood_depth_max_m":null,"flood_risk_100y":null,"semi_basement_r":null,"elderly_alone_r":0.2866,"bldg_age30_r":null,"shelter_min_walk":39,"pop":4040,"hh":2509,"elderly65_r":0.4126,"single_hh_r":0.6038,"source_level":"emd","flood_years":[],"landslide_hist_n":0},"geometry":{"type":"Polygon","coordinates":[[[126.54006,35.64687],[126.53923,35.64306],[126.54339,35.64103],[126.54836,35.64281],[126.54918,35.64663],[126.54503,35.64865],[126.54006,35.64687]]]}},{"type":"Feature","properties":{"h3":"8830c451d9fffff","emd_code":"5280036000","emd_name":"변산면","area_km2":0.5269,"edge":false,"slope_mean":14.01,"elev_mean":62.4,"flood_hist_n":0,"flood_depth_max_m":null,"flood_risk_100y":null,"semi_basement_r":null,"elderly_alone_r":0.2866,"bldg_age30_r":null,"shelter_min_walk":18,"pop":4040,"hh":2509,"elderly65_r":0.4126,"single_hh_r":0.6038,"source_level":"emd","flood_years":[],"landslide_hist_n":0},"geometry":{"type":"Polygon","coordinates":[[[126.5334,35.65855],[126.53258,35.65473],[126.53673,35.65271],[126.5417,35.65449],[126.54253,35.6583],[126.53837,35.66033],[126.5334,35.65855]]]}},{"type":"Feature","properties":{"h3":"8830c451dbfffff","emd_code":"5280036000","emd_name":"변산면","area_km2":0.5269,"edge":false,"slope_mean":19.77,"elev_mean":103.6,"flood_hist_n":0,"flood_depth_max_m":null,"flood_risk_100y":null,"semi_basement_r":null,"elderly_alone_r":0.2866,"bldg_age30_r":null,"shelter_min_walk":28,"pop":4040,"hh":2509,"elderly65_r":0.4126,"single_hh_r":0.6038,"source_level":"emd","flood_years":[],"landslide_hist_n":0},"geometry":{"type":"Polygon","coordinates":[[[126.54253,35.6583],[126.5417,35.65449],[126.54585,35.65247],[126.55083,35.65425],[126.55165,35.65806],[126.5475,35.66009],[126.54253,35.6583]]]}},{"type":"Feature","properties":{"h3":"8830c451ddfffff","emd_code":"5280036000","emd_name":"변산면","area_km2":0.527,"edge":false,"slope_mean":8.66,"elev_mean":39.5,"flood_hist_n":0,"flood_depth_max_m":null,"flood_risk_100y":null,"semi_basement_r":null,"elderly_alone_r":0.2866,"bldg_age30_r":null,"shelter_min_walk":23,"pop":4040,"hh":2509,"elderly65_r":0.4126,"single_hh_r":0.6038,"source_level":"emd","flood_years":[],"landslide_hist_n":0},"geometry":{"type":"Polygon","coordinates":[[[126.5276,35.65295],[126.52678,35.64914],[126.53093,35.64711],[126.53591,35.6489],[126.53673,35.65271],[126.53258,35.65473],[126.5276,35.65295]]]}},{"type":"Feature","properties":{"h3":"8830c451e1fffff","emd_code":"5280036000","emd_name":"변산면","area_km2":0.5272,"edge":false,"slope_mean":15.34,"elev_mean":80.6,"flood_hist_n":0,"flood_depth_max_m":null,"flood_risk_100y":null,"semi_basement_r":null,"elderly_alone_r":0.2866,"bldg_age30_r":null,"shelter_min_walk":52,"pop":4040,"hh":2509,"elderly65_r":0.4126,"single_hh_r":0.6038,"source_level":"emd","flood_years":[],"landslide_hist_n":0},"geometry":{"type":"Polygon","coordinates":[[[126.50442,35.63055],[126.5036,35.62674],[126.50775,35.62471],[126.51272,35.6265],[126.51354,35.63031],[126.50939,35.63234],[126.50442,35.63055]]]}},{"type":"Feature","properties":{"h3":"8830c451e3fffff","emd_code":"5280036000","emd_name":"변산면","area_km2":0.5273,"edge":false,"slope_mean":16.48,"elev_mean":105.4,"flood_hist_n":0,"flood_depth_max_m":null,"flood_risk_100y":null,"semi_basement_r":null,"elderly_alone_r":0.2866,"bldg_age30_r":null,"shelter_min_walk":62,"pop":4040,"hh":2509,"elderly65_r":0.4126,"single_hh_r":0.6038,"source_level":"emd","flood_years":[],"landslide_hist_n":0},"geometry":{"type":"Polygon","coordinates":[[[126.51354,35.63031],[126.51272,35.6265],[126.51687,35.62447],[126.52185,35.62626],[126.52267,35.63007],[126.51852,35.6321],[126.51354,35.63031]]]}},{"type":"Feature","properties":{"h3":"8830c451e5fffff","emd_code":"5280036000","emd_name":"변산면","area_km2":0.5273,"edge":false,"slope_mean":24.76,"elev_mean":166.5,"flood_hist_n":0,"flood_depth_max_m":null,"flood_risk_100y":null,"semi_basement_r":null,"elderly_alone_r":0.2866,"bldg_age30_r":null,"shelter_min_walk":46,"pop":4040,"hh":2509,"elderly65_r":0.4126,"single_hh_r":0.6038,"source_level":"emd","flood_years":[],"landslide_hist_n":0},"geometry":{"type":"Polygon","coordinates":[[[126.49862,35.62495],[126.4978,35.62114],[126.50195,35.61911],[126.50693,35.6209],[126.50775,35.62471],[126.5036,35.62674],[126.49862,35.62495]]]}},{"type":"Feature","properties":{"h3":"8830c451e7fffff","emd_code":"5280036000","emd_name":"변산면","area_km2":0.5273,"edge":false,"slope_mean":16.84,"elev_mean":93.5,"flood_hist_n":0,"flood_depth_max_m":null,"flood_risk_100y":null,"semi_basement_r":null,"elderly_alone_r":0.2866,"bldg_age30_r":null,"shelter_min_walk":58,"pop":4040,"hh":2509,"elderly65_r":0.4126,"single_hh_r":0.6038,"source_level":"emd","flood_years":[],"landslide_hist_n":0},"geometry":{"type":"Polygon","coordinates":[[[126.50775,35.62471],[126.50693,35.6209],[126.51108,35.61887],[126.51605,35.62066],[126.51687,35.62447],[126.51272,35.6265],[126.50775,35.62471]]]}},{"type":"Feature","properties":{"h3":"8830c451e9fffff","emd_code":"5280036000","emd_name":"변산면","area_km2":0.5271,"edge":false,"slope_mean":13.37,"elev_mean":53.3,"flood_hist_n":0,"flood_depth_max_m":null,"flood_risk_100y":null,"semi_basement_r":null,"elderly_alone_r":0.2866,"bldg_age30_r":null,"shelter_min_walk":47,"pop":4040,"hh":2509,"elderly65_r":0.4126,"single_hh_r":0.6038,"source_level":"emd","flood_years":[],"landslide_hist_n":0},"geometry":{"type":"Polygon","coordinates":[[[126.50109,35.63639],[126.50027,35.63258],[126.50442,35.63055],[126.50939,35.63234],[126.51022,35.63615],[126.50606,35.63818],[126.50109,35.63639]]]}},{"type":"Feature","properties":{"h3":"8830c451ebfffff","emd_code":"5280036000","emd_name":"변산면","area_km2":0.5271,"edge":false,"slope_mean":15.91,"elev_mean":91.4,"flood_hist_n":0,"flood_depth_max_m":null,"flood_risk_100y":null,"semi_basement_r":null,"elderly_alone_r":0.2866,"bldg_age30_r":null,"shelter_min_walk":54,"pop":4040,"hh":2509,"elderly65_r":0.4126,"single_hh_r":0.6038,"source_level":"emd","flood_years":[],"landslide_hist_n":0},"geometry":{"type":"Polygon","coordinates":[[[126.51022,35.63615],[126.50939,35.63234],[126.51354,35.63031],[126.51852,35.6321],[126.51934,35.63591],[126.51519,35.63794],[126.51022,35.63615]]]}},{"type":"Feature","properties":{"h3":"8830c451edfffff","emd_code":"5280036000","emd_name":"변산면","area_km2":0.5272,"edge":false,"slope_mean":20.28,"elev_mean":90.6,"flood_hist_n":0,"flood_depth_max_m":null,"flood_risk_100y":null,"semi_basement_r":null,"elderly_alone_r":0.2866,"bldg_age30_r":null,"shelter_min_walk":40,"pop":4040,"hh":2509,"elderly65_r":0.4126,"single_hh_r":0.6038,"source_level":"emd","flood_years":[],"landslide_hist_n":0},"geometry":{"type":"Polygon","coordinates":[[[126.4953,35.63079],[126.49447,35.62698],[126.49862,35.62495],[126.5036,35.62674],[126.50442,35.63055],[126.50027,35.63258],[126.4953,35.63079]]]}},{"type":"Feature","properties":{"h3":"8830c452a3fffff","emd_code":"5280036000","emd_name":"변산면","area_km2":0.5263,"edge":true,"slope_mean":4.71,"elev_mean":10.9,"flood_hist_n":0,"flood_depth_max_m":null,"flood_risk_100y":null,"semi_basement_r":null,"elderly_alone_r":0.2866,"bldg_age30_r":null,"shelter_min_walk":61,"pop":4040,"hh":2509,"elderly65_r":0.4126,"single_hh_r":0.6038,"source_level":"emd","flood_years":[],"landslide_hist_n":0},"geometry":{"type":"Polygon","coordinates":[[[126.5466,35.69843],[126.54578,35.69462],[126.54993,35.6926],[126.55491,35.69438],[126.55573,35.69819],[126.55158,35.70021],[126.5466,35.69843]]]}},{"type":"Feature","properties":{"h3":"8830c452a5fffff","emd_code":"5280036000","emd_name":"변산면","area_km2":0.5263,"edge":true,"slope_mean":2.54,"elev_mean":4.1,"flood_hist_n":0,"flood_depth_max_m":null,"flood_risk_100y":null,"semi_basement_r":null,"elderly_alone_r":0.2866,"bldg_age30_r":null,"shelter_min_walk":45,"pop":4040,"hh":2509,"elderly65_r":0.4126,"single_hh_r":0.6038,"source_level":"emd","flood_years":[],"landslide_hist_n":0},"geometry":{"type":"Polygon","coordinates":[[[126.53168,35.69308],[126.53086,35.68927],[126.53501,35.68724],[126.53998,35.68903],[126.5408,35.69284],[126.53665,35.69486],[126.53168,35.69308]]]}},{"type":"Feature","properties":{"h3":"8830c452a7fffff","emd_code":"5280036000","emd_name":"변산면","area_km2":0.5264,"edge":false,"slope_mean":9.16,"elev_mean":20.5,"flood_hist_n":0,"flood_depth_max_m":null,"flood_risk_100y":null,"semi_basement_r":null,"elderly_alone_r":0.2866,"bldg_age30_r":null,"shelter_min_walk":49,"pop":4040,"hh":2509,"elderly65_r":0.4126,"single_hh_r":0.6038,"source_level":"emd","flood_years":[],"landslide_hist_n":0},"geometry":{"type":"Polygon","coordinates":[[[126.5408,35.69284],[126.53998,35.68903],[126.54413,35.687],[126.54911,35.68879],[126.54993,35.6926],[126.54578,35.69462],[126.5408,35.69284]]]}},{"type":"Feature","properties":{"h3":"8830c452b3fffff","emd_code":"5280040000","emd_name":"하서면","area_km2":0.5263,"edge":true,"slope_mean":2.67,"elev_mean":3.5,"flood_hist_n":0,"flood_depth_max_m":null,"flood_risk_100y":null,"semi_basement_r":null,"elderly_alone_r":0.3676,"bldg_age30_r":null,"shelter_min_walk":88,"pop":2319,"hh":1477,"elderly65_r":0.5295,"single_hh_r":0.6012,"source_level":"emd","flood_years":[],"landslide_hist_n":0},"geometry":{"type":"Polygon","coordinates":[[[126.57066,35.70354],[126.56983,35.69973],[126.57399,35.69771],[126.57896,35.69949],[126.57979,35.7033],[126.57563,35.70532],[126.57066,35.70354]]]}},{"type":"Feature","properties":{"h3":"8830c452b5fffff","emd_code":"5280036000","emd_name":"변산면","area_km2":0.5263,"edge":false,"slope_mean":8.87,"elev_mean":23.0,"flood_hist_n":0,"flood_depth_max_m":null,"flood_risk_100y":null,"semi_basement_r":null,"elderly_alone_r":0.2866,"bldg_age30_r":null,"shelter_min_walk":68,"pop":4040,"hh":2509,"elderly65_r":0.4126,"single_hh_r":0.6038,"source_level":"emd","flood_years":[],"landslide_hist_n":0},"geometry":{"type":"Polygon","coordinates":[[[126.55573,35.69819],[126.55491,35.69438],[126.55906,35.69236],[126.56403,35.69414],[126.56486,35.69795],[126.56071,35.69997],[126.55573,35.69819]]]}},{"type":"Feature","properties":{"h3":"8830c452b7fffff","emd_code":"5280040000","emd_name":"하서면","area_km2":0.5264,"edge":true,"slope_mean":4.04,"elev_mean":6.3,"flood_hist_n":0,"flood_depth_max_m":null,"flood_risk_100y":null,"semi_basement_r":null,"elderly_alone_r":0.3676,"bldg_age30_r":null,"shelter_min_walk":76,"pop":2319,"hh":1477,"elderly65_r":0.5295,"single_hh_r":0.6012,"source_level":"emd","flood_years":[],"landslide_hist_n":0},"geometry":{"type":"Polygon","coordinates":[[[126.56486,35.69795],[126.56403,35.69414],[126.56819,35.69211],[126.57316,35.6939],[126.57399,35.69771],[126.56983,35.69973],[126.56486,35.69795]]]}},{"type":"Feature","properties":{"h3":"8830c452bdfffff","emd_code":"5280036000","emd_name":"변산면","area_km2":0.5262,"edge":true,"slope_mean":1.67,"elev_mean":1.8,"flood_hist_n":0,"flood_depth_max_m":null,"flood_risk_100y":null,"semi_basement_r":null,"elderly_alone_r":0.2866,"bldg_age30_r":null,"shelter_min_walk":73,"pop":4040,"hh":2509,"elderly65_r":0.4126,"single_hh_r":0.6038,"source_level":"emd","flood_years":[],"landslide_hist_n":0},"geometry":{"type":"Polygon","coordinates":[[[126.5524,35.70402],[126.55158,35.70021],[126.55573,35.69819],[126.56071,35.69997],[126.56153,35.70378],[126.55738,35.70581],[126.5524,35.70402]]]}},{"type":"Feature","properties":{"h3":"8830c45401fffff","emd_code":"5280039000","emd_name":"상서면","area_km2":0.5267,"edge":false,"slope_mean":2.38,"elev_mean":7.2,"flood_hist_n":0,"flood_depth_max_m":null,"flood_risk_100y":null,"semi_basement_r":null,"elderly_alone_r":0.3763,"bldg_age30_r":null,"shelter_min_walk":74,"pop":1940,"hh":1241,"elderly65_r":0.5216,"single_hh_r":0.6156,"source_level":"emd","flood_years":[],"landslide_hist_n":0},"geometry":{"type":"Polygon","coordinates":[[[126.67358,35.71226],[126.67276,35.70845],[126.67691,35.70642],[126.68189,35.7082],[126.68272,35.71201],[126.67856,35.71404],[126.67358,35.71226]]]}},{"type":"Feature","properties":{"h3":"8830c45403fffff","emd_code":"5280039000","emd_name":"상서면","area_km2":0.5268,"edge":false,"slope_mean":0.95,"elev_mean":3.8,"flood_hist_n":0,"flood_depth_max_m":null,"flood_risk_100y":null,"semi_basement_r":null,"elderly_alone_r":0.3763,"bldg_age30_r":null,"shelter_min_walk":63,"pop":1940,"hh":1241,"elderly65_r":0.5216,"single_hh_r":0.6156,"source_level":"emd","flood_years":[],"landslide_hist_n":0},"geometry":{"type":"Polygon","coordinates":[[[126.68272,35.71201],[126.68189,35.7082],[126.68605,35.70617],[126.69103,35.70795],[126.69185,35.71176],[126.6877,35.71379],[126.68272,35.71201]]]}},{"type":"Feature","properties":{"h3":"8830c45405fffff","emd_code":"5280039000","emd_name":"상서면","area_km2":0.5268,"edge":false,"slope_mean":1.28,"elev_mean":6.9,"flood_hist_n":0,"flood_depth_max_m":null,"flood_risk_100y":null,"semi_basement_r":null,"elderly_alone_r":0.3763,"bldg_age30_r":null,"shelter_min_walk":85,"pop":1940,"hh":1241,"elderly65_r":0.5216,"single_hh_r":0.6156,"source_level":"emd","flood_years":[],"landslide_hist_n":0},"geometry":{"type":"Polygon","coordinates":[[[126.66778,35.70667],[126.66695,35.70287],[126.67111,35.70084],[126.67609,35.70262],[126.67691,35.70642],[126.67276,35.70845],[126.66778,35.70667]]]}},{"type":"Feature","properties":{"h3":"8830c45407fffff","emd_code":"5280039000","emd_name":"상서면","area_km2":0.5268,"edge":false,"slope_mean":0.58,"elev_mean":4.6,"flood_hist_n":0,"flood_depth_max_m":null,"flood_risk_100y":null,"semi_basement_r":null,"elderly_alone_r":0.3763,"bldg_age30_r":null,"shelter_min_walk":74,"pop":1940,"hh":1241,"elderly65_r":0.5216,"single_hh_r":0.6156,"source_level":"emd","flood_years":[],"landslide_hist_n":0},"geometry":{"type":"Polygon","coordinates":[[[126.67691,35.70642],[126.67609,35.70262],[126.68024,35.70059],[126.68522,35.70237],[126.68605,35.70617],[126.68189,35.7082],[126.67691,35.70642]]]}},{"type":"Feature","properties":{"h3":"8830c45409fffff","emd_code":"5280039000","emd_name":"상서면","area_km2":0.5266,"edge":false,"slope_mean":1.42,"elev_mean":5.0,"flood_hist_n":0,"flood_depth_max_m":null,"flood_risk_100y":null,"semi_basement_r":null,"elderly_alone_r":0.3763,"bldg_age30_r":null,"shelter_min_walk":75,"pop":1940,"hh":1241,"elderly65_r":0.5216,"single_hh_r":0.6156,"source_level":"emd","flood_years":[],"landslide_hist_n":0},"geometry":{"type":"Polygon","coordinates":[[[126.67025,35.7181],[126.66942,35.71429],[126.67358,35.71226],[126.67856,35.71404],[126.67938,35.71785],[126.67523,35.71988],[126.67025,35.7181]]]}},{"type":"Feature","properties":{"h3":"8830c4540bfffff","emd_code":"5280039000","emd_name":"상서면","area_km2":0.5266,"edge":false,"slope_mean":0.96,"elev_mean":3.6,"flood_hist_n":0,"flood_depth_max_m":null,"flood_risk_100y":null,"semi_basement_r":null,"elderly_alone_r":0.3763,"bldg_age30_r":null,"shelter_min_walk":63,"pop":1940,"hh":1241,"elderly65_r":0.5216,"single_hh_r":0.6156,"source_level":"emd","flood_years":[],"landslide_hist_n":0},"geometry":{"type":"Polygon","coordinates":[[[126.67938,35.71785],[126.67856,35.71404],[126.68272,35.71201],[126.6877,35.71379],[126.68852,35.7176],[126.68436,35.71963],[126.67938,35.71785]]]}},{"type":"Feature","properties":{"h3":"8830c4540dfffff","emd_code":"5280039000","emd_name":"상서면","area_km2":0.5267,"edge":false,"slope_mean":2.02,"elev_mean":7.7,"flood_hist_n":0,"flood_depth_max_m":null,"flood_risk_100y":null,"semi_basement_r":null,"elderly_alone_r":0.3763,"bldg_age30_r":null,"shelter_min_walk":85,"pop":1940,"hh":1241,"elderly65_r":0.5216,"single_hh_r":0.6156,"source_level":"emd","flood_years":[],"landslide_hist_n":0},"geometry":{"type":"Polygon","coordinates":[[[126.66444,35.71251],[126.66362,35.7087],[126.66778,35.70667],[126.67276,35.70845],[126.67358,35.71226],[126.66942,35.71429],[126.66444,35.71251]]]}},{"type":"Feature","properties":{"h3":"8830c45411fffff","emd_code":"5280033000","emd_name":"행안면","area_km2":0.5267,"edge":false,"slope_mean":1.47,"elev_mean":5.5,"flood_hist_n":0,"flood_depth_max_m":null,"flood_risk_100y":null,"semi_basement_r":null,"elderly_alone_r":0.2983,"bldg_age30_r":null,"shelter_min_walk":41,"pop":1966,"hh":1207,"elderly65_r":0.4466,"single_hh_r":0.5973,"source_level":"emd","flood_years":[],"landslide_hist_n":0},"geometry":{"type":"Polygon","coordinates":[[[126.69766,35.71735],[126.69683,35.71354],[126.70099,35.71151],[126.70597,35.71329],[126.70679,35.7171],[126.70264,35.71913],[126.69766,35.71735]]]}},{"type":"Feature","properties":{"h3":"8830c45413fffff","emd_code":"5280033000","emd_name":"행안면","area_km2":0.5268,"edge":false,"slope_mean":3.82,"elev_mean":9.5,"flood_hist_n":0,"flood_depth_max_m":null,"flood_risk_100y":null,"semi_basement_r":null,"elderly_alone_r":0.2983,"bldg_age30_r":null,"shelter_min_walk":31,"pop":1966,"hh":1207,"elderly65_r":0.4466,"single_hh_r":0.5973,"source_level":"emd","flood_years":[],"landslide_hist_n":0},"geometry":{"type":"Polygon","coordinates":[[[126.70679,35.7171],[126.70597,35.71329],[126.71012,35.71126],[126.71511,35.71304],[126.71593,35.71684],[126.71177,35.71887],[126.70679,35.7171]]]}},{"type":"Feature","properties":{"h3":"8830c45415fffff","emd_code":"5280033000","emd_name":"행안면","area_km2":0.5268,"edge":false,"slope_mean":0.36,"elev_mean":4.1,"flood_hist_n":0,"flood_depth_max_m":null,"flood_risk_100y":null,"semi_basement_r":null,"elderly_alone_r":0.2983,"bldg_age30_r":null,"shelter_min_walk":52,"pop":1966,"hh":1207,"elderly65_r":0.4466,"single_hh_r":0.5973,"source_level":"emd","flood_years":[],"landslide_hist_n":0},"geometry":{"type":"Polygon","coordinates":[[[126.69185,35.71176],[126.69103,35.70795],[126.69518,35.70592],[126.70016,35.7077],[126.70099,35.71151],[126.69683,35.71354],[126.69185,35.71176]]]}},{"type":"Feature","properties":{"h3":"8830c45417fffff","emd_code":"5280033000","emd_name":"행안면","area_km2":0.5269,"edge":false,"slope_mean":1.24,"elev_mean":5.4,"flood_hist_n":0,"flood_depth_max_m":null,"flood_risk_100y":null,"semi_basement_r":null,"elderly_alone_r":0.2983,"bldg_age30_r":null,"shelter_min_walk":43,"pop":1966,"hh":1207,"elderly65_r":0.4466,"single_hh_r":0.5973,"source_level":"emd","flood_years":[],"landslide_hist_n":0},"geometry":{"type":"Polygon","coordinates":[[[126.70099,35.71151],[126.70016,35.7077],[126.70432,35.70567],[126.7093,35.70745],[126.71012,35.71126],[126.70597,35.71329],[126.70099,35.71151]]]}},{"type":"Feature","properties":{"h3":"8830c45419fffff","emd_code":"5280033000","emd_name":"행안면","area_km2":0.5266,"edge":false,"slope_mean":0.96,"elev_mean":4.3,"flood_hist_n":0,"flood_depth_max_m":null,"flood_risk_100y":null,"semi_basement_r":null,"elderly_alone_r":0.2983,"bldg_age30_r":null,"shelter_min_walk":41,"pop":1966,"hh":1207,"elderly65_r":0.4466,"single_hh_r":0.5973,"source_level":"emd","flood_years":[],"landslide_hist_n":0},"geometry":{"type":"Polygon","coordinates":[[[126.69433,35.72318],[126.6935,35.71938],[126.69766,35.71735],[126.70264,35.71913],[126.70346,35.72293],[126.69931,35.72496],[126.69433,35.72318]]]}},{"type":"Feature","properties":{"h3":"8830c4541bfffff","emd_code":"5280033000","emd_name":"행안면","area_km2":0.5267,"edge":false,"slope_mean":1.18,"elev_mean":5.0,"flood_hist_n":0,"flood_depth_max_m":null,"flood_risk_100y":null,"semi_basement_r":null,"elderly_alone_r":0.2983,"bldg_age30_r":null,"shelter_min_walk":30,"pop":1966,"hh":1207,"elderly65_r":0.4466,"single_hh_r":0.5973,"source_level":"emd","flood_years":[],"landslide_hist_n":0},"geometry":{"type":"Polygon","coordinates":[[[126.70346,35.72293],[126.70264,35.71913],[126.70679,35.7171],[126.71177,35.71887],[126.7126,35.72268],[126.70844,35.72471],[126.70346,35.72293]]]}},{"type":"Feature","properties":{"h3":"8830c4541dfffff","emd_code":"5280033000","emd_name":"행안면","area_km2":0.5267,"edge":false,"slope_mean":0.37,"elev_mean":3.7,"flood_hist_n":0,"flood_depth_max_m":null,"flood_risk_100y":null,"semi_basement_r":null,"elderly_alone_r":0.2983,"bldg_age30_r":null,"shelter_min_walk":52,"pop":1966,"hh":1207,"elderly65_r":0.4466,"single_hh_r":0.5973,"source_level":"emd","flood_years":[],"landslide_hist_n":0},"geometry":{"type":"Polygon","coordinates":[[[126.68852,35.7176],[126.6877,35.71379],[126.69185,35.71176],[126.69683,35.71354],[126.69766,35.71735],[126.6935,35.71938],[126.68852,35.7176]]]}},{"type":"Feature","properties":{"h3":"8830c45421fffff","emd_code":"5280039000","emd_name":"상서면","area_km2":0.5269,"edge":false,"slope_mean":19.13,"elev_mean":96.3,"flood_hist_n":0,"flood_depth_max_m":null,"flood_risk_100y":null,"semi_basement_r":null,"elderly_alone_r":0.3763,"bldg_age30_r":null,"shelter_min_walk":97,"pop":1940,"hh":1241,"elderly65_r":0.5216,"single_hh_r":0.6156,"source_level":"emd","flood_years":[],"landslide_hist_n":0},"geometry":{"type":"Polygon","coordinates":[[[126.6653,35.69525],[126.66448,35.69144],[126.66863,35.68941],[126.67361,35.69119],[126.67444,35.695],[126.67028,35.69703],[126.6653,35.69525]]]}},{"type":"Feature","properties":{"h3":"8830c45423fffff","emd_code":"5280039000","emd_name":"상서면","area_km2":0.527,"edge":false,"slope_mean":2.69,"elev_mean":11.1,"flood_hist_n":0,"flood_depth_max_m":null,"flood_risk_100y":null,"semi_basement_r":null,"elderly_alone_r":0.3763,"bldg_age30_r":null,"shelter_min_walk":87,"pop":1940,"hh":1241,"elderly65_r":0.5216,"single_hh_r":0.6156,"source_level":"emd","flood_years":[],"landslide_hist_n":0},"geometry":{"type":"Polygon","coordinates":[[[126.67444,35.695],[126.67361,35.69119],[126.67777,35.68916],[126.68275,35.69094],[126.68357,35.69475],[126.67942,35.69678],[126.67444,35.695]]]}},{"type":"Feature","properties":{"h3":"8830c45425fffff","emd_code":"5280039000","emd_name":"상서면","area_km2":0.527,"edge":false,"slope_mean":17.98,"elev_mean":92.3,"flood_hist_n":0,"flood_depth_max_m":null,"flood_risk_100y":null,"semi_basement_r":null,"elderly_alone_r":0.3763,"bldg_age30_r":null,"shelter_min_walk":109,"pop":1940,"hh":1241,"elderly65_r":0.5216,"single_hh_r":0.6156,"source_level":"emd","flood_years":[],"landslide_hist_n":0},"geometry":{"type":"Polygon","coordinates":[[[126.6595,35.68966],[126.65867,35.68585],[126.66283,35.68382],[126.66781,35.6856],[126.66863,35.68941],[126.66448,35.69144],[126.6595,35.68966]]]}},{"type":"Feature","properties":{"h3":"8830c45427fffff","emd_code":"5280039000","emd_name":"상서면","area_km2":0.5271,"edge":false,"slope_mean":14.78,"elev_mean":62.7,"flood_hist_n":0,"flood_depth_max_m":null,"flood_risk_100y":null,"semi_basement_r":null,"elderly_alone_r":0.3763,"bldg_age30_r":null,"shelter_min_walk":99,"pop":1940,"hh":1241,"elderly65_r":0.5216,"single_hh_r":0.6156,"source_level":"emd","flood_years":[],"landslide_hist_n":0},"geometry":{"type":"Polygon","coordinates":[[[126.66863,35.68941],[126.66781,35.6856],[126.67196,35.68357],[126.67694,35.68535],[126.67777,35.68916],[126.67361,35.69119],[126.66863,35.68941]]]}},{"type":"Feature","properties":{"h3":"8830c45429fffff","emd_code":"5280039000","emd_name":"상서면","area_km2":0.5268,"edge":false,"slope_mean":14.66,"elev_mean":75.1,"flood_hist_n":0,"flood_depth_max_m":null,"flood_risk_100y":null,"semi_basement_r":null,"elderly_alone_r":0.3763,"bldg_age30_r":null,"shelter_min_walk":96,"pop":1940,"hh":1241,"elderly65_r":0.5216,"single_hh_r":0.6156,"source_level":"emd","flood_years":[],"landslide_hist_n":0},"geometry":{"type":"Polygon","coordinates":[[[126.66197,35.70109],[126.66115,35.69728],[126.6653,35.69525],[126.67028,35.69703],[126.67111,35.70084],[126.66695,35.70287],[126.66197,35.70109]]]}},{"type":"Feature","properties":{"h3":"8830c4542bfffff","emd_code":"5280039000","emd_name":"상서면","area_km2":0.5269,"edge":false,"slope_mean":2.29,"elev_mean":9.4,"flood_hist_n":0,"flood_depth_max_m":null,"flood_risk_100y":null,"semi_basement_r":null,"elderly_alone_r":0.3763,"bldg_age30_r":null,"shelter_min_walk":86,"pop":1940,"hh":1241,"elderly65_r":0.5216,"single_hh_r":0.6156,"source_level":"emd","flood_years":[],"landslide_hist_n":0},"geometry":{"type":"Polygon","coordinates":[[[126.67111,35.70084],[126.67028,35.69703],[126.67444,35.695],[126.67942,35.69678],[126.68024,35.70059],[126.67609,35.70262],[126.67111,35.70084]]]}},{"type":"Feature","properties":{"h3":"8830c4542dfffff","emd_code":"5280039000","emd_name":"상서면","area_km2":0.5269,"edge":false,"slope_mean":23.94,"elev_mean":166.4,"flood_hist_n":0,"flood_depth_max_m":null,"flood_risk_100y":null,"semi_basement_r":null,"elderly_alone_r":0.3763,"bldg_age30_r":null,"shelter_min_walk":107,"pop":1940,"hh":1241,"elderly65_r":0.5216,"single_hh_r":0.6156,"source_level":"emd","flood_years":[],"landslide_hist_n":0},"geometry":{"type":"Polygon","coordinates":[[[126.65617,35.6955],[126.65534,35.69169],[126.6595,35.68966],[126.66448,35.69144],[126.6653,35.69525],[126.66115,35.69728],[126.65617,35.6955]]]}},{"type":"Feature","properties":{"h3":"8830c45431fffff","emd_code":"5280039000","emd_name":"상서면","area_km2":0.527,"edge":false,"slope_mean":0.57,"elev_mean":4.3,"flood_hist_n":0,"flood_depth_max_m":null,"flood_risk_100y":null,"semi_basement_r":null,"elderly_alone_r":0.3763,"bldg_age30_r":null,"shelter_min_walk":65,"pop":1940,"hh":1241,"elderly65_r":0.5216,"single_hh_r":0.6156,"source_level":"emd","flood_years":[],"landslide_hist_n":0},"geometry":{"type":"Polygon","coordinates":[[[126.68938,35.70034],[126.68855,35.69653],[126.69271,35.6945],[126.69769,35.69627],[126.69851,35.70008],[126.69436,35.70211],[126.68938,35.70034]]]}},{"type":"Feature","properties":{"h3":"8830c45433fffff","emd_code":"5280033000","emd_name":"행안면","area_km2":0.527,"edge":false,"slope_mean":0.34,"elev_mean":4.4,"flood_hist_n":0,"flood_depth_max_m":null,"flood_risk_100y":null,"semi_basement_r":null,"elderly_alone_r":0.2983,"bldg_age30_r":null,"shelter_min_walk":56,"pop":1966,"hh":1207,"elderly65_r":0.4466,"single_hh_r":0.5973,"source_level":"emd","flood_years":[],"landslide_hist_n":0},"geometry":{"type":"Polygon","coordinates":[[[126.69851,35.70008],[126.69769,35.69627],[126.70184,35.69424],[126.70682,35.69602],[126.70765,35.69983],[126.70349,35.70186],[126.69851,35.70008]]]}},{"type":"Feature","properties":{"h3":"8830c45435fffff","emd_code":"5280039000","emd_name":"상서면","area_km2":0.527,"edge":false,"slope_mean":0.93,"elev_mean":5.1,"flood_hist_n":0,"flood_depth_max_m":null,"flood_risk_100y":null,"semi_basement_r":null,"elderly_alone_r":0.3763,"bldg_age30_r":null,"shelter_min_walk":77,"pop":1940,"hh":1241,"elderly65_r":0.5216,"single_hh_r":0.6156,"source_level":"emd","flood_years":[],"landslide_hist_n":0},"geometry":{"type":"Polygon","coordinates":[[[126.68357,35.69475],[126.68275,35.69094],[126.6869,35.68891],[126.69188,35.69069],[126.69271,35.6945],[126.68855,35.69653],[126.68357,35.69475]]]}},{"type":"Feature","properties":{"h3":"8830c45437fffff","emd_code":"5280031000","emd_name":"주산면","area_km2":0.5271,"edge":false,"slope_mean":0.56,"elev_mean":4.6,"flood_hist_n":0,"flood_depth_max_m":null,"flood_risk_100y":null,"semi_basement_r":null,"elderly_alone_r":0.3593,"bldg_age30_r":null,"shelter_min_walk":68,"pop":1695,"hh":1116,"elderly65_r":0.5558,"single_hh_r":0.6147,"source_level":"emd","flood_years":[],"landslide_hist_n":0},"geometry":{"type":"Polygon","coordinates":[[[126.69271,35.6945],[126.69188,35.69069],[126.69604,35.68866],[126.70102,35.69043],[126.70184,35.69424],[126.69769,35.69627],[126.69271,35.6945]]]}},{"type":"Feature","properties":{"h3":"8830c45439fffff","emd_code":"5280039000","emd_name":"상서면","area_km2":0.5269,"edge":false,"slope_mean":0.54,"elev_mean":4.0,"flood_hist_n":0,"flood_depth_max_m":null,"flood_risk_100y":null,"semi_basement_r":null,"elderly_alone_r":0.3763,"bldg_age30_r":null,"shelter_min_walk":64,"pop":1940,"hh":1241,"elderly65_r":0.5216,"single_hh_r":0.6156,"source_level":"emd","flood_years":[],"landslide_hist_n":0},"geometry":{"type":"Polygon","coordinates":[[[126.68605,35.70617],[126.68522,35.70237],[126.68938,35.70034],[126.69436,35.70211],[126.69518,35.70592],[126.69103,35.70795],[126.68605,35.70617]]]}},{"type":"Feature","properties":{"h3":"8830c4543bfffff","emd_code":"5280033000","emd_name":"행안면","area_km2":0.5269,"edge":false,"slope_mean":0.35,"elev_mean":4.2,"flood_hist_n":0,"flood_depth_max_m":null,"flood_risk_100y":null,"semi_basement_r":null,"elderly_alone_r":0.2983,"bldg_age30_r":null,"shelter_min_walk":54,"pop":1966,"hh":1207,"elderly65_r":0.4466,"single_hh_r":0.5973,"source_level":"emd","flood_years":[],"landslide_hist_n":0},"geometry":{"type":"Polygon","coordinates":[[[126.69518,35.70592],[126.69436,35.70211],[126.69851,35.70008],[126.70349,35.70186],[126.70432,35.70567],[126.70016,35.7077],[126.69518,35.70592]]]}},{"type":"Feature","properties":{"h3":"8830c4543dfffff","emd_code":"5280039000","emd_name":"상서면","area_km2":0.5269,"edge":false,"slope_mean":0.68,"elev_mean":4.9,"flood_hist_n":0,"flood_depth_max_m":null,"flood_risk_100y":null,"semi_basement_r":null,"elderly_alone_r":0.3763,"bldg_age30_r":null,"shelter_min_walk":76,"pop":1940,"hh":1241,"elderly65_r":0.5216,"single_hh_r":0.6156,"source_level":"emd","flood_years":[],"landslide_hist_n":0},"geometry":{"type":"Polygon","coordinates":[[[126.68024,35.70059],[126.67942,35.69678],[126.68357,35.69475],[126.68855,35.69653],[126.68938,35.70034],[126.68522,35.70237],[126.68024,35.70059]]]}},{"type":"Feature","properties":{"h3":"8830c45441fffff","emd_code":"5280040000","emd_name":"하서면","area_km2":0.5264,"edge":false,"slope_mean":1.01,"elev_mean":4.2,"flood_hist_n":0,"flood_depth_max_m":null,"flood_risk_100y":null,"semi_basement_r":null,"elderly_alone_r":0.3676,"bldg_age30_r":null,"shelter_min_walk":90,"pop":2319,"hh":1477,"elderly65_r":0.5295,"single_hh_r":0.6012,"source_level":"emd","flood_years":[],"landslide_hist_n":0},"geometry":{"type":"Polygon","coordinates":[[[126.65778,35.72418],[126.65696,35.72037],[126.66111,35.71835],[126.66609,35.72013],[126.66692,35.72393],[126.66276,35.72596],[126.65778,35.72418]]]}},{"type":"Feature","properties":{"h3":"8830c45443fffff","emd_code":"5280040000","emd_name":"하서면","area_km2":0.5265,"edge":false,"slope_mean":0.73,"elev_mean":3.7,"flood_hist_n":0,"flood_depth_max_m":null,"flood_risk_100y":null,"semi_basement_r":null,"elderly_alone_r":0.3676,"bldg_age30_r":null,"shelter_min_walk":77,"pop":2319,"hh":1477,"elderly65_r":0.5295,"single_hh_r":0.6012,"source_level":"emd","flood_years":[],"landslide_hist_n":0},"geometry":{"type":"Polygon","coordinates":[[[126.66692,35.72393],[126.66609,35.72013],[126.67025,35.7181],[126.67523,35.71988],[126.67605,35.72368],[126.6719,35.72571],[126.66692,35.72393]]]}},{"type":"Feature","properties":{"h3":"8830c45445fffff","emd_code":"5280040000","emd_name":"하서면","area_km2":0.5265,"edge":false,"slope_mean":0.62,"elev_mean":4.9,"flood_hist_n":0,"flood_depth_max_m":null,"flood_risk_100y":null,"semi_basement_r":null,"elderly_alone_r":0.3676,"bldg_age30_r":null,"shelter_min_walk":99,"pop":2319,"hh":1477,"elderly65_r":0.5295,"single_hh_r":0.6012,"source_level":"emd","flood_years":[],"landslide_hist_n":0},"geometry":{"type":"Polygon","coordinates":[[[126.65198,35.71859],[126.65116,35.71479],[126.65531,35.71276],[126.66029,35.71454],[126.66111,35.71835],[126.65696,35.72037],[126.65198,35.71859]]]}},{"type":"Feature","properties":{"h3":"8830c45447fffff","emd_code":"5280040000","emd_name":"하서면","area_km2":0.5265,"edge":false,"slope_mean":0.76,"elev_mean":4.4,"flood_hist_n":0,"flood_depth_max_m":null,"flood_risk_100y":null,"semi_basement_r":null,"elderly_alone_r":0.3676,"bldg_age30_r":null,"shelter_min_walk":87,"pop":2319,"hh":1477,"elderly65_r":0.5295,"single_hh_r":0.6012,"source_level":"emd","flood_years":[],"landslide_hist_n":0},"geometry":{"type":"Polygon","coordinates":[[[126.66111,35.71835],[126.66029,35.71454],[126.66444,35.71251],[126.66942,35.71429],[126.67025,35.7181],[126.66609,35.72013],[126.66111,35.71835]]]}},{"type":"Feature","properties":{"h3":"8830c45449fffff","emd_code":"5280040000","emd_name":"하서면","area_km2":0.5263,"edge":false,"slope_mean":4.71,"elev_mean":9.3,"flood_hist_n":0,"flood_depth_max_m":null,"flood_risk_100y":null,"semi_basement_r":null,"elderly_alone_r":0.3676,"bldg_age30_r":null,"shelter_min_walk":94,"pop":2319,"hh":1477,"elderly65_r":0.5295,"single_hh_r":0.6012,"source_level":"emd","flood_years":[],"landslide_hist_n":0},"geometry":{"type":"Polygon","coordinates":[[[126.65445,35.73002],[126.65363,35.72621],[126.65778,35.72418],[126.66276,35.72596],[126.66359,35.72977],[126.65943,35.7318],[126.65445,35.73002]]]}},{"type":"Feature","properties":{"h3":"8830c4544bfffff","emd_code":"5280040000","emd_name":"하서면","area_km2":0.5264,"edge":false,"slope_mean":0.75,"elev_mean":3.9,"flood_hist_n":0,"flood_depth_max_m":null,"flood_risk_100y":null,"semi_basement_r":null,"elderly_alone_r":0.3676,"bldg_age30_r":null,"shelter_min_walk":81,"pop":2319,"hh":1477,"elderly65_r":0.5295,"single_hh_r":0.6012,"source_level":"emd","flood_years":[],"landslide_hist_n":0},"geometry":{"type":"Polygon","coordinates":[[[126.66359,35.72977],[126.66276,35.72596],[126.66692,35.72393],[126.6719,35.72571],[126.67272,35.72952],[126.66857,35.73155],[126.66359,35.72977]]]}},{"type":"Feature","properties":{"h3":"8830c4544dfffff","emd_code":"5280040000","emd_name":"하서면","area_km2":0.5264,"edge":false,"slope_mean":2.3,"elev_mean":7.1,"flood_hist_n":0,"flood_depth_max_m":null,"flood_risk_100y":null,"semi_basement_r":null,"elderly_alone_r":0.3676,"bldg_age30_r":null,"shelter_min_walk":102,"pop":2319,"hh":1477,"elderly65_r":0.5295,"single_hh_r":0.6012,"source_level":"emd","flood_years":[],"landslide_hist_n":0},"geometry":{"type":"Polygon","coordinates":[[[126.64865,35.72443],[126.64783,35.72062],[126.65198,35.71859],[126.65696,35.72037],[126.65778,35.72418],[126.65363,35.72621],[126.64865,35.72443]]]}},{"type":"Feature","properties":{"h3":"8830c45451fffff","emd_code":"5280033000","emd_name":"행안면","area_km2":0.5265,"edge":false,"slope_mean":0.43,"elev_mean":3.6,"flood_hist_n":0,"flood_depth_max_m":null,"flood_risk_100y":null,"semi_basement_r":null,"elderly_alone_r":0.2983,"bldg_age30_r":null,"shelter_min_walk":57,"pop":1966,"hh":1207,"elderly65_r":0.4466,"single_hh_r":0.5973,"source_level":"emd","flood_years":[],"landslide_hist_n":0},"geometry":{"type":"Polygon","coordinates":[[[126.68186,35.72927],[126.68103,35.72546],[126.68519,35.72344],[126.69017,35.72521],[126.69099,35.72902],[126.68684,35.73105],[126.68186,35.72927]]]}},{"type":"Feature","properties":{"h3":"8830c45453fffff","emd_code":"5280033000","emd_name":"행안면","area_km2":0.5265,"edge":false,"slope_mean":0.43,"elev_mean":3.6,"flood_hist_n":0,"flood_depth_max_m":null,"flood_risk_100y":null,"semi_basement_r":null,"elderly_alone_r":0.2983,"bldg_age30_r":null,"shelter_min_walk":44,"pop":1966,"hh":1207,"elderly65_r":0.4466,"single_hh_r":0.5973,"source_level":"emd","flood_years":[],"landslide_hist_n":0},"geometry":{"type":"Polygon","coordinates":[[[126.69099,35.72902],[126.69017,35.72521],[126.69433,35.72318],[126.69931,35.72496],[126.70013,35.72877],[126.69598,35.7308],[126.69099,35.72902]]]}},{"type":"Feature","properties":{"h3":"8830c45455fffff","emd_code":"5280040000","emd_name":"하서면","area_km2":0.5265,"edge":false,"slope_mean":0.96,"elev_mean":3.5,"flood_hist_n":0,"flood_depth_max_m":null,"flood_risk_100y":null,"semi_basement_r":null,"elderly_alone_r":0.3676,"bldg_age30_r":null,"shelter_min_walk":65,"pop":2319,"hh":1477,"elderly65_r":0.5295,"single_hh_r":0.6012,"source_level":"emd","flood_years":[],"landslide_hist_n":0},"geometry":{"type":"Polygon","coordinates":[[[126.67605,35.72368],[126.67523,35.71988],[126.67938,35.71785],[126.68436,35.71963],[126.68519,35.72344],[126.68103,35.72546],[126.67605,35.72368]]]}},{"type":"Feature","properties":{"h3":"8830c45457fffff","emd_code":"5280040000","emd_name":"하서면","area_km2":0.5266,"edge":false,"slope_mean":0.4,"elev_mean":3.6,"flood_hist_n":0,"flood_depth_max_m":null,"flood_risk_100y":null,"semi_basement_r":null,"elderly_alone_r":0.3676,"bldg_age30_r":null,"shelter_min_walk":53,"pop":2319,"hh":1477,"elderly65_r":0.5295,"single_hh_r":0.6012,"source_level":"emd","flood_years":[],"landslide_hist_n":0},"geometry":{"type":"Polygon","coordinates":[[[126.68519,35.72344],[126.68436,35.71963],[126.68852,35.7176],[126.6935,35.71938],[126.69433,35.72318],[126.69017,35.72521],[126.68519,35.72344]]]}},{"type":"Feature","properties":{"h3":"8830c45459fffff","emd_code":"5280033000","emd_name":"행안면","area_km2":0.5264,"edge":false,"slope_mean":1.27,"elev_mean":4.0,"flood_hist_n":0,"flood_depth_max_m":null,"flood_risk_100y":null,"semi_basement_r":null,"elderly_alone_r":0.2983,"bldg_age30_r":null,"shelter_min_walk":62,"pop":1966,"hh":1207,"elderly65_r":0.4466,"single_hh_r":0.5973,"source_level":"emd","flood_years":[],"landslide_hist_n":0},"geometry":{"type":"Polygon","coordinates":[[[126.67853,35.73511],[126.6777,35.7313],[126.68186,35.72927],[126.68684,35.73105],[126.68766,35.73486],[126.68351,35.73688],[126.67853,35.73511]]]}},{"type":"Feature","properties":{"h3":"8830c4545bfffff","emd_code":"5280033000","emd_name":"행안면","area_km2":0.5264,"edge":false,"slope_mean":0.79,"elev_mean":3.9,"flood_hist_n":0,"flood_depth_max_m":null,"flood_risk_100y":null,"semi_basement_r":null,"elderly_alone_r":0.2983,"bldg_age30_r":null,"shelter_min_walk":50,"pop":1966,"hh":1207,"elderly65_r":0.4466,"single_hh_r":0.5973,"source_level":"emd","flood_years":[],"landslide_hist_n":0},"geometry":{"type":"Polygon","coordinates":[[[126.68766,35.73486],[126.68684,35.73105],[126.69099,35.72902],[126.69598,35.7308],[126.6968,35.73461],[126.69264,35.73663],[126.68766,35.73486]]]}},{"type":"Feature","properties":{"h3":"8830c4545dfffff","emd_code":"5280033000","emd_name":"행안면","area_km2":0.5264,"edge":false,"slope_mean":1.02,"elev_mean":3.4,"flood_hist_n":0,"flood_depth_max_m":null,"flood_risk_100y":null,"semi_basement_r":null,"elderly_alone_r":0.2983,"bldg_age30_r":null,"shelter_min_walk":69,"pop":1966,"hh":1207,"elderly65_r":0.4466,"single_hh_r":0.5973,"source_level":"emd","flood_years":[],"landslide_hist_n":0},"geometry":{"type":"Polygon","coordinates":[[[126.67272,35.72952],[126.6719,35.72571],[126.67605,35.72368],[126.68103,35.72546],[126.68186,35.72927],[126.6777,35.7313],[126.67272,35.72952]]]}},{"type":"Feature","properties":{"h3":"8830c45461fffff","emd_code":"5280040000","emd_name":"하서면","area_km2":0.5267,"edge":false,"slope_mean":10.43,"elev_mean":33.8,"flood_hist_n":0,"flood_depth_max_m":null,"flood_risk_100y":null,"semi_basement_r":null,"elderly_alone_r":0.3676,"bldg_age30_r":null,"shelter_min_walk":107,"pop":2319,"hh":1477,"elderly65_r":0.5295,"single_hh_r":0.6012,"source_level":"emd","flood_years":[],"landslide_hist_n":0},"geometry":{"type":"Polygon","coordinates":[[[126.64951,35.70717],[126.64868,35.70336],[126.65284,35.70133],[126.65782,35.70311],[126.65864,35.70692],[126.65449,35.70895],[126.64951,35.70717]]]}},{"type":"Feature","properties":{"h3":"8830c45463fffff","emd_code":"5280039000","emd_name":"상서면","area_km2":0.5267,"edge":false,"slope_mean":6.62,"elev_mean":28.8,"flood_hist_n":0,"flood_depth_max_m":null,"flood_risk_100y":null,"semi_basement_r":null,"elderly_alone_r":0.3763,"bldg_age30_r":null,"shelter_min_walk":96,"pop":1940,"hh":1241,"elderly65_r":0.5216,"single_hh_r":0.6156,"source_level":"emd","flood_years":[],"landslide_hist_n":0},"geometry":{"type":"Polygon","coordinates":[[[126.65864,35.70692],[126.65782,35.70311],[126.66197,35.70109],[126.66695,35.70287],[126.66778,35.70667],[126.66362,35.7087],[126.65864,35.70692]]]}},{"type":"Feature","properties":{"h3":"8830c45465fffff","emd_code":"5280039000","emd_name":"상서면","area_km2":0.5267,"edge":false,"slope_mean":18.69,"elev_mean":67.8,"flood_hist_n":0,"flood_depth_max_m":null,"flood_risk_100y":null,"semi_basement_r":null,"elderly_alone_r":0.3763,"bldg_age30_r":null,"shelter_min_walk":118,"pop":1940,"hh":1241,"elderly65_r":0.5216,"single_hh_r":0.6156,"source_level":"emd","flood_years":[],"landslide_hist_n":0},"geometry":{"type":"Polygon","coordinates":[[[126.6437,35.70158],[126.64288,35.69777],[126.64703,35.69574],[126.65201,35.69752],[126.65284,35.70133],[126.64868,35.70336],[126.6437,35.70158]]]}},{"type":"Feature","properties":{"h3":"8830c45467fffff","emd_code":"5280039000","emd_name":"상서면","area_km2":0.5268,"edge":false,"slope_mean":21.25,"elev_mean":110.0,"flood_hist_n":0,"flood_depth_max_m":null,"flood_risk_100y":null,"semi_basement_r":null,"elderly_alone_r":0.3763,"bldg_age30_r":null,"shelter_min_walk":107,"pop":1940,"hh":1241,"elderly65_r":0.5216,"single_hh_r":0.6156,"source_level":"emd","flood_years":[],"landslide_hist_n":0},"geometry":{"type":"Polygon","coordinates":[[[126.65284,35.70133],[126.65201,35.69752],[126.65617,35.6955],[126.66115,35.69728],[126.66197,35.70109],[126.65782,35.70311],[126.65284,35.70133]]]}},{"type":"Feature","properties":{"h3":"8830c45469fffff","emd_code":"5280040000","emd_name":"하서면","area_km2":0.5266,"edge":false,"slope_mean":5.49,"elev_mean":22.3,"flood_hist_n":0,"flood_depth_max_m":null,"flood_risk_100y":null,"semi_basement_r":null,"elderly_alone_r":0.3676,"bldg_age30_r":null,"shelter_min_walk":108,"pop":2319,"hh":1477,"elderly65_r":0.5295,"single_hh_r":0.6012,"source_level":"emd","flood_years":[],"landslide_hist_n":0},"geometry":{"type":"Polygon","coordinates":[[[126.64618,35.71301],[126.64535,35.7092],[126.64951,35.70717],[126.65449,35.70895],[126.65531,35.71276],[126.65116,35.71479],[126.64618,35.71301]]]}},{"type":"Feature","properties":{"h3":"8830c4546bfffff","emd_code":"5280040000","emd_name":"하서면","area_km2":0.5266,"edge":false,"slope_mean":1.45,"elev_mean":9.1,"flood_hist_n":0,"flood_depth_max_m":null,"flood_risk_100y":null,"semi_basement_r":null,"elderly_alone_r":0.3676,"bldg_age30_r":null,"shelter_min_walk":97,"pop":2319,"hh":1477,"elderly65_r":0.5295,"single_hh_r":0.6012,"source_level":"emd","flood_years":[],"landslide_hist_n":0},"geometry":{"type":"Polygon","coordinates":[[[126.65531,35.71276],[126.65449,35.70895],[126.65864,35.70692],[126.66362,35.7087],[126.66444,35.71251],[126.66029,35.71454],[126.65531,35.71276]]]}},{"type":"Feature","properties":{"h3":"8830c4546dfffff","emd_code":"5280040000","emd_name":"하서면","area_km2":0.5266,"edge":false,"slope_mean":23.54,"elev_mean":119.5,"flood_hist_n":0,"flood_depth_max_m":null,"flood_risk_100y":null,"semi_basement_r":null,"elderly_alone_r":0.3676,"bldg_age30_r":null,"shelter_min_walk":118,"pop":2319,"hh":1477,"elderly65_r":0.5295,"single_hh_r":0.6012,"source_level":"emd","flood_years":[],"landslide_hist_n":0},"geometry":{"type":"Polygon","coordinates":[[[126.64037,35.70742],[126.63955,35.70361],[126.6437,35.70158],[126.64868,35.70336],[126.64951,35.70717],[126.64535,35.7092],[126.64037,35.70742]]]}},{"type":"Feature","properties":{"h3":"8830c45481fffff","emd_code":"5280025000","emd_name":"부안읍","area_km2":0.5271,"edge":false,"slope_mean":6.69,"elev_mean":21.3,"flood_hist_n":0,"flood_depth_max_m":null,"flood_risk_100y":null,"semi_basement_r":null,"elderly_alone_r":0.2187,"bldg_age30_r":null,"shelter_min_walk":20,"pop":19785,"hh":10032,"elderly65_r":0.2799,"single_hh_r":0.4687,"source_level":"emd","flood_years":[],"landslide_hist_n":0},"geometry":{"type":"Polygon","coordinates":[[[126.73754,35.7105],[126.73671,35.70669],[126.74087,35.70466],[126.74585,35.70643],[126.74668,35.71024],[126.74252,35.71228],[126.73754,35.7105]]]}},{"type":"Feature","properties":{"h3":"8830c45483fffff","emd_code":"5280025000","emd_name":"부안읍","area_km2":0.5271,"edge":false,"slope_mean":2.94,"elev_mean":9.1,"flood_hist_n":0,"flood_depth_max_m":null,"flood_risk_100y":null,"semi_basement_r":null,"elderly_alone_r":0.2187,"bldg_age30_r":null,"shelter_min_walk":24,"pop":19785,"hh":10032,"elderly65_r":0.2799,"single_hh_r":0.4687,"source_level":"emd","flood_years":[],"landslide_hist_n":0},"geometry":{"type":"Polygon","coordinates":[[[126.74668,35.71024],[126.74585,35.70643],[126.75001,35.7044],[126.75499,35.70618],[126.75582,35.70999],[126.75166,35.71202],[126.74668,35.71024]]]}},{"type":"Feature","properties":{"h3":"8830c45485fffff","emd_code":"5280025000","emd_name":"부안읍","area_km2":0.5271,"edge":false,"slope_mean":3.73,"elev_mean":11.1,"flood_hist_n":0,"flood_depth_max_m":null,"flood_risk_100y":null,"semi_basement_r":null,"elderly_alone_r":0.2187,"bldg_age30_r":null,"shelter_min_walk":29,"pop":19785,"hh":10032,"elderly65_r":0.2799,"single_hh_r":0.4687,"source_level":"emd","flood_years":[],"landslide_hist_n":0},"geometry":{"type":"Polygon","coordinates":[[[126.73173,35.70491],[126.73091,35.7011],[126.73506,35.69907],[126.74004,35.70085],[126.74087,35.70466],[126.73671,35.70669],[126.73173,35.70491]]]}},{"type":"Feature","properties":{"h3":"8830c45487fffff","emd_code":"5280025000","emd_name":"부안읍","area_km2":0.5272,"edge":false,"slope_mean":2.71,"elev_mean":9.7,"flood_hist_n":0,"flood_depth_max_m":null,"flood_risk_100y":null,"semi_basement_r":null,"elderly_alone_r":0.2187,"bldg_age30_r":null,"shelter_min_walk":30,"pop":19785,"hh":10032,"elderly65_r":0.2799,"single_hh_r":0.4687,"source_level":"emd","flood_years":[],"landslide_hist_n":0},"geometry":{"type":"Polygon","coordinates":[[[126.74087,35.70466],[126.74004,35.70085],[126.7442,35.69882],[126.74918,35.70059],[126.75001,35.7044],[126.74585,35.70643],[126.74087,35.70466]]]}},{"type":"Feature","properties":{"h3":"8830c45489fffff","emd_code":"5280025000","emd_name":"부안읍","area_km2":0.5269,"edge":false,"slope_mean":8.09,"elev_mean":27.9,"flood_hist_n":0,"flood_depth_max_m":null,"flood_risk_100y":null,"semi_basement_r":null,"elderly_alone_r":0.2187,"bldg_age30_r":null,"shelter_min_walk":11,"pop":19785,"hh":10032,"elderly65_r":0.2799,"single_hh_r":0.4687,"source_level":"emd","flood_years":[],"landslide_hist_n":0},"geometry":{"type":"Polygon","coordinates":[[[126.73421,35.71634],[126.73338,35.71253],[126.73754,35.7105],[126.74252,35.71228],[126.74335,35.71608],[126.73919,35.71811],[126.73421,35.71634]]]}},{"type":"Feature","properties":{"h3":"8830c4548bfffff","emd_code":"5280025000","emd_name":"부안읍","area_km2":0.527,"edge":false,"slope_mean":4.74,"elev_mean":13.2,"flood_hist_n":0,"flood_depth_max_m":null,"flood_risk_100y":null,"semi_basement_r":null,"elderly_alone_r":0.2187,"bldg_age30_r":null,"shelter_min_walk":13,"pop":19785,"hh":10032,"elderly65_r":0.2799,"single_hh_r":0.4687,"source_level":"emd","flood_years":[],"landslide_hist_n":0},"geometry":{"type":"Polygon","coordinates":[[[126.74335,35.71608],[126.74252,35.71228],[126.74668,35.71024],[126.75166,35.71202],[126.75249,35.71583],[126.74833,35.71786],[126.74335,35.71608]]]}},{"type":"Feature","properties":{"h3":"8830c4548dfffff","emd_code":"5280025000","emd_name":"부안읍","area_km2":0.527,"edge":false,"slope_mean":7.88,"elev_mean":27.0,"flood_hist_n":0,"flood_depth_max_m":null,"flood_risk_100y":null,"semi_basement_r":null,"elderly_alone_r":0.2187,"bldg_age30_r":null,"shelter_min_walk":19,"pop":19785,"hh":10032,"elderly65_r":0.2799,"single_hh_r":0.4687,"source_level":"emd","flood_years":[],"landslide_hist_n":0},"geometry":{"type":"Polygon","coordinates":[[[126.7284,35.71075],[126.72757,35.70694],[126.73173,35.70491],[126.73671,35.70669],[126.73754,35.7105],[126.73338,35.71253],[126.7284,35.71075]]]}},{"type":"Feature","properties":{"h3":"8830c45491fffff","emd_code":"5280025000","emd_name":"부안읍","area_km2":0.5271,"edge":false,"slope_mean":0.51,"elev_mean":4.5,"flood_hist_n":0,"flood_depth_max_m":null,"flood_risk_100y":null,"semi_basement_r":null,"elderly_alone_r":0.2187,"bldg_age30_r":null,"shelter_min_walk":34,"pop":19785,"hh":10032,"elderly65_r":0.2799,"single_hh_r":0.4687,"source_level":"emd","flood_years":[],"landslide_hist_n":0},"geometry":{"type":"Polygon","coordinates":[[[126.76163,35.71557],[126.7608,35.71176],[126.76496,35.70973],[126.76994,35.71151],[126.77077,35.71532],[126.76661,35.71735],[126.76163,35.71557]]]}},{"type":"Feature","properties":{"h3":"8830c45493fffff","emd_code":"5280025000","emd_name":"부안읍","area_km2":0.5271,"edge":false,"slope_mean":0.4,"elev_mean":4.6,"flood_hist_n":0,"flood_depth_max_m":null,"flood_risk_100y":null,"semi_basement_r":null,"elderly_alone_r":0.2187,"bldg_age30_r":null,"shelter_min_walk":46,"pop":19785,"hh":10032,"elderly65_r":0.2799,"single_hh_r":0.4687,"source_level":"emd","flood_years":[],"landslide_hist_n":0},"geometry":{"type":"Polygon","coordinates":[[[126.77077,35.71532],[126.76994,35.71151],[126.7741,35.70948],[126.77908,35.71125],[126.77991,35.71506],[126.77575,35.71709],[126.77077,35.71532]]]}},{"type":"Feature","properties":{"h3":"8830c45495fffff","emd_code":"5280025000","emd_name":"부안읍","area_km2":0.5272,"edge":false,"slope_mean":0.88,"elev_mean":4.8,"flood_hist_n":0,"flood_depth_max_m":null,"flood_risk_100y":null,"semi_basement_r":null,"elderly_alone_r":0.2187,"bldg_age30_r":null,"shelter_min_walk":32,"pop":19785,"hh":10032,"elderly65_r":0.2799,"single_hh_r":0.4687,"source_level":"emd","flood_years":[],"landslide_hist_n":0},"geometry":{"type":"Polygon","coordinates":[[[126.75582,35.70999],[126.75499,35.70618],[126.75915,35.70415],[126.76413,35.70592],[126.76496,35.70973],[126.7608,35.71176],[126.75582,35.70999]]]}},{"type":"Feature","properties":{"h3":"8830c45497fffff","emd_code":"5280025000","emd_name":"부안읍","area_km2":0.5272,"edge":false,"slope_mean":0.43,"elev_mean":4.6,"flood_hist_n":0,"flood_depth_max_m":null,"flood_risk_100y":null,"semi_basement_r":null,"elderly_alone_r":0.2187,"bldg_age30_r":null,"shelter_min_walk":43,"pop":19785,"hh":10032,"elderly65_r":0.2799,"single_hh_r":0.4687,"source_level":"emd","flood_years":[],"landslide_hist_n":0},"geometry":{"type":"Polygon","coordinates":[[[126.76496,35.70973],[126.76413,35.70592],[126.76829,35.70389],[126.77327,35.70567],[126.7741,35.70948],[126.76994,35.71151],[126.76496,35.70973]]]}},{"type":"Feature","properties":{"h3":"8830c45499fffff","emd_code":"5280025000","emd_name":"부안읍","area_km2":0.527,"edge":false,"slope_mean":1.11,"elev_mean":4.7,"flood_hist_n":0,"flood_depth_max_m":null,"flood_risk_100y":null,"semi_basement_r":null,"elderly_alone_r":0.2187,"bldg_age30_r":null,"shelter_min_walk":28,"pop":19785,"hh":10032,"elderly65_r":0.2799,"single_hh_r":0.4687,"source_level":"emd","flood_years":[],"landslide_hist_n":0},"geometry":{"type":"Polygon","coordinates":[[[126.75829,35.72141],[126.75747,35.71761],[126.76163,35.71557],[126.76661,35.71735],[126.76743,35.72116],[126.76328,35.72319],[126.75829,35.72141]]]}},{"type":"Feature","properties":{"h3":"8830c4549bfffff","emd_code":"5280032000","emd_name":"동진면","area_km2":0.527,"edge":false,"slope_mean":0.48,"elev_mean":4.5,"flood_hist_n":0,"flood_depth_max_m":null,"flood_risk_100y":null,"semi_basement_r":null,"elderly_alone_r":0.3557,"bldg_age30_r":null,"shelter_min_walk":40,"pop":2439,"hh":1563,"elderly65_r":0.5318,"single_hh_r":0.604,"source_level":"emd","flood_years":[],"landslide_hist_n":0},"geometry":{"type":"Polygon","coordinates":[[[126.76743,35.72116],[126.76661,35.71735],[126.77077,35.71532],[126.77575,35.71709],[126.77658,35.7209],[126.77242,35.72293],[126.76743,35.72116]]]}},{"type":"Feature","properties":{"h3":"8830c4549dfffff","emd_code":"5280025000","emd_name":"부안읍","area_km2":0.527,"edge":false,"slope_mean":2.53,"elev_mean":6.7,"flood_hist_n":0,"flood_depth_max_m":null,"flood_risk_100y":null,"semi_basement_r":null,"elderly_alone_r":0.2187,"bldg_age30_r":null,"shelter_min_walk":23,"pop":19785,"hh":10032,"elderly65_r":0.2799,"single_hh_r":0.4687,"source_level":"emd","flood_years":[],"landslide_hist_n":0},"geometry":{"type":"Polygon","coordinates":[[[126.75249,35.71583],[126.75166,35.71202],[126.75582,35.70999],[126.7608,35.71176],[126.76163,35.71557],[126.75747,35.71761],[126.75249,35.71583]]]}},{"type":"Feature","properties":{"h3":"8830c454a1fffff","emd_code":"5280025000","emd_name":"부안읍","area_km2":0.5273,"edge":false,"slope_mean":4.8,"elev_mean":14.9,"flood_hist_n":0,"flood_depth_max_m":null,"flood_risk_100y":null,"semi_basement_r":null,"elderly_alone_r":0.2187,"bldg_age30_r":null,"shelter_min_walk":48,"pop":19785,"hh":10032,"elderly65_r":0.2799,"single_hh_r":0.4687,"source_level":"emd","flood_years":[],"landslide_hist_n":0},"geometry":{"type":"Polygon","coordinates":[[[126.72925,35.69348],[126.72843,35.68967],[126.73259,35.68764],[126.73757,35.68942],[126.73839,35.69323],[126.73424,35.69526],[126.72925,35.69348]]]}},{"type":"Feature","properties":{"h3":"8830c454a3fffff","emd_code":"5280025000","emd_name":"부안읍","area_km2":0.5274,"edge":false,"slope_mean":3.66,"elev_mean":10.1,"flood_hist_n":0,"flood_depth_max_m":null,"flood_risk_100y":null,"semi_basement_r":null,"elderly_alone_r":0.2187,"bldg_age30_r":null,"shelter_min_walk":49,"pop":19785,"hh":10032,"elderly65_r":0.2799,"single_hh_r":0.4687,"source_level":"emd","flood_years":[],"landslide_hist_n":0},"geometry":{"type":"Polygon","coordinates":[[[126.73839,35.69323],[126.73757,35.68942],[126.74172,35.68739],[126.74671,35.68916],[126.74753,35.69297],[126.74338,35.69501],[126.73839,35.69323]]]}},{"type":"Feature","properties":{"h3":"8830c454a5fffff","emd_code":"5280025000","emd_name":"부안읍","area_km2":0.5274,"edge":false,"slope_mean":3.4,"elev_mean":10.8,"flood_hist_n":0,"flood_depth_max_m":null,"flood_risk_100y":null,"semi_basement_r":null,"elderly_alone_r":0.2187,"bldg_age30_r":null,"shelter_min_walk":58,"pop":19785,"hh":10032,"elderly65_r":0.2799,"single_hh_r":0.4687,"source_level":"emd","flood_years":[],"landslide_hist_n":0},"geometry":{"type":"Polygon","coordinates":[[[126.72345,35.6879],[126.72262,35.68409],[126.72678,35.68205],[126.73176,35.68383],[126.73259,35.68764],[126.72843,35.68967],[126.72345,35.6879]]]}},{"type":"Feature","properties":{"h3":"8830c454a7fffff","emd_code":"5280025000","emd_name":"부안읍","area_km2":0.5274,"edge":false,"slope_mean":3.05,"elev_mean":9.4,"flood_hist_n":0,"flood_depth_max_m":null,"flood_risk_100y":null,"semi_basement_r":null,"elderly_alone_r":0.2187,"bldg_age30_r":null,"shelter_min_walk":58,"pop":19785,"hh":10032,"elderly65_r":0.2799,"single_hh_r":0.4687,"source_level":"emd","flood_years":[],"landslide_hist_n":0},"geometry":{"type":"Polygon","coordinates":[[[126.73259,35.68764],[126.73176,35.68383],[126.73592,35.6818],[126.7409,35.68358],[126.74172,35.68739],[126.73757,35.68942],[126.73259,35.68764]]]}},{"type":"Feature","properties":{"h3":"8830c454a9fffff","emd_code":"5280025000","emd_name":"부안읍","area_km2":0.5272,"edge":false,"slope_mean":6.92,"elev_mean":23.6,"flood_hist_n":0,"flood_depth_max_m":null,"flood_risk_100y":null,"semi_basement_r":null,"elderly_alone_r":0.2187,"bldg_age30_r":null,"shelter_min_walk":39,"pop":19785,"hh":10032,"elderly65_r":0.2799,"single_hh_r":0.4687,"source_level":"emd","flood_years":[],"landslide_hist_n":0},"geometry":{"type":"Polygon","coordinates":[[[126.72592,35.69933],[126.7251,35.69552],[126.72925,35.69348],[126.73424,35.69526],[126.73506,35.69907],[126.73091,35.7011],[126.72592,35.69933]]]}},{"type":"Feature","properties":{"h3":"8830c454abfffff","emd_code":"5280025000","emd_name":"부안읍","area_km2":0.5272,"edge":false,"slope_mean":3.14,"elev_mean":10.2,"flood_hist_n":0,"flood_depth_max_m":null,"flood_risk_100y":null,"semi_basement_r":null,"elderly_alone_r":0.2187,"bldg_age30_r":null,"shelter_min_walk":39,"pop":19785,"hh":10032,"elderly65_r":0.2799,"single_hh_r":0.4687,"source_level":"emd","flood_years":[],"landslide_hist_n":0},"geometry":{"type":"Polygon","coordinates":[[[126.73506,35.69907],[126.73424,35.69526],[126.73839,35.69323],[126.74338,35.69501],[126.7442,35.69882],[126.74004,35.70085],[126.73506,35.69907]]]}},{"type":"Feature","properties":{"h3":"8830c454adfffff","emd_code":"5280025000","emd_name":"부안읍","area_km2":0.5273,"edge":false,"slope_mean":5.43,"elev_mean":19.6,"flood_hist_n":0,"flood_depth_max_m":null,"flood_risk_100y":null,"semi_basement_r":null,"elderly_alone_r":0.2187,"bldg_age30_r":null,"shelter_min_walk":49,"pop":19785,"hh":10032,"elderly65_r":0.2799,"single_hh_r":0.4687,"source_level":"emd","flood_years":[],"landslide_hist_n":0},"geometry":{"type":"Polygon","coordinates":[[[126.72012,35.69374],[126.71929,35.68993],[126.72345,35.6879],[126.72843,35.68967],[126.72925,35.69348],[126.7251,35.69552],[126.72012,35.69374]]]}},{"type":"Feature","properties":{"h3":"8830c454b1fffff","emd_code":"5280025000","emd_name":"부안읍","area_km2":0.5273,"edge":false,"slope_mean":0.57,"elev_mean":4.7,"flood_hist_n":0,"flood_depth_max_m":null,"flood_risk_100y":null,"semi_basement_r":null,"elderly_alone_r":0.2187,"bldg_age30_r":null,"shelter_min_walk":45,"pop":19785,"hh":10032,"elderly65_r":0.2799,"single_hh_r":0.4687,"source_level":"emd","flood_years":[],"landslide_hist_n":0},"geometry":{"type":"Polygon","coordinates":[[[126.75334,35.69856],[126.75251,35.69475],[126.75667,35.69272],[126.76165,35.69449],[126.76248,35.6983],[126.75832,35.70034],[126.75334,35.69856]]]}},{"type":"Feature","properties":{"h3":"8830c454b3fffff","emd_code":"5280038000","emd_name":"백산면","area_km2":0.5274,"edge":false,"slope_mean":0.33,"elev_mean":4.6,"flood_hist_n":0,"flood_depth_max_m":null,"flood_risk_100y":null,"semi_basement_r":null,"elderly_alone_r":0.367,"bldg_age30_r":null,"shelter_min_walk":53,"pop":2219,"hh":1474,"elderly65_r":0.5493,"single_hh_r":0.6309,"source_level":"emd","flood_years":[],"landslide_hist_n":0},"geometry":{"type":"Polygon","coordinates":[[[126.76248,35.6983],[126.76165,35.69449],[126.76581,35.69246],[126.77079,35.69424],[126.77162,35.69805],[126.76746,35.70008],[126.76248,35.6983]]]}},{"type":"Feature","properties":{"h3":"8830c454b5fffff","emd_code":"5280025000","emd_name":"부안읍","area_km2":0.5274,"edge":false,"slope_mean":1.52,"elev_mean":5.6,"flood_hist_n":0,"flood_depth_max_m":null,"flood_risk_100y":null,"semi_basement_r":null,"elderly_alone_r":0.2187,"bldg_age30_r":null,"shelter_min_walk":51,"pop":19785,"hh":10032,"elderly65_r":0.2799,"single_hh_r":0.4687,"source_level":"emd","flood_years":[],"landslide_hist_n":0},"geometry":{"type":"Polygon","coordinates":[[[126.74753,35.69297],[126.74671,35.68916],[126.75086,35.68713],[126.75585,35.68891],[126.75667,35.69272],[126.75251,35.69475],[126.74753,35.69297]]]}},{"type":"Feature","properties":{"h3":"8830c454b7fffff","emd_code":"5280038000","emd_name":"백산면","area_km2":0.5275,"edge":false,"slope_mean":0.37,"elev_mean":4.6,"flood_hist_n":0,"flood_depth_max_m":null,"flood_risk_100y":null,"semi_basement_r":null,"elderly_alone_r":0.367,"bldg_age30_r":null,"shelter_min_walk":56,"pop":2219,"hh":1474,"elderly65_r":0.5493,"single_hh_r":0.6309,"source_level":"emd","flood_years":[],"landslide_hist_n":0},"geometry":{"type":"Polygon","coordinates":[[[126.75667,35.69272],[126.75585,35.68891],[126.76,35.68687],[126.76499,35.68865],[126.76581,35.69246],[126.76165,35.69449],[126.75667,35.69272]]]}},{"type":"Feature","properties":{"h3":"8830c454b9fffff","emd_code":"5280025000","emd_name":"부안읍","area_km2":0.5272,"edge":false,"slope_mean":1.41,"elev_mean":5.6,"flood_hist_n":0,"flood_depth_max_m":null,"flood_risk_100y":null,"semi_basement_r":null,"elderly_alone_r":0.2187,"bldg_age30_r":null,"shelter_min_walk":35,"pop":19785,"hh":10032,"elderly65_r":0.2799,"single_hh_r":0.4687,"source_level":"emd","flood_years":[],"landslide_hist_n":0},"geometry":{"type":"Polygon","coordinates":[[[126.75001,35.7044],[126.74918,35.70059],[126.75334,35.69856],[126.75832,35.70034],[126.75915,35.70415],[126.75499,35.70618],[126.75001,35.7044]]]}},{"type":"Feature","properties":{"h3":"8830c454bbfffff","emd_code":"5280025000","emd_name":"부안읍","area_km2":0.5273,"edge":false,"slope_mean":0.31,"elev_mean":4.5,"flood_hist_n":0,"flood_depth_max_m":null,"flood_risk_100y":null,"semi_basement_r":null,"elderly_alone_r":0.2187,"bldg_age30_r":null,"shelter_min_walk":42,"pop":19785,"hh":10032,"elderly65_r":0.2799,"single_hh_r":0.4687,"source_level":"emd","flood_years":[],"landslide_hist_n":0},"geometry":{"type":"Polygon","coordinates":[[[126.75915,35.70415],[126.75832,35.70034],[126.76248,35.6983],[126.76746,35.70008],[126.76829,35.70389],[126.76413,35.70592],[126.75915,35.70415]]]}},{"type":"Feature","properties":{"h3":"8830c454bdfffff","emd_code":"5280025000","emd_name":"부안읍","area_km2":0.5273,"edge":false,"slope_mean":1.71,"elev_mean":6.1,"flood_hist_n":0,"flood_depth_max_m":null,"flood_risk_100y":null,"semi_basement_r":null,"elderly_alone_r":0.2187,"bldg_age30_r":null,"shelter_min_walk":41,"pop":19785,"hh":10032,"elderly65_r":0.2799,"single_hh_r":0.4687,"source_level":"emd","flood_years":[],"landslide_hist_n":0},"geometry":{"type":"Polygon","coordinates":[[[126.7442,35.69882],[126.74338,35.69501],[126.74753,35.69297],[126.75251,35.69475],[126.75334,35.69856],[126.74918,35.70059],[126.7442,35.69882]]]}},{"type":"Feature","properties":{"h3":"8830c454c1fffff","emd_code":"5280025000","emd_name":"부안읍","area_km2":0.5268,"edge":false,"slope_mean":2.7,"elev_mean":9.2,"flood_hist_n":0,"flood_depth_max_m":null,"flood_risk_100y":null,"semi_basement_r":null,"elderly_alone_r":0.2187,"bldg_age30_r":null,"shelter_min_walk":11,"pop":19785,"hh":10032,"elderly65_r":0.2799,"single_hh_r":0.4687,"source_level":"emd","flood_years":[],"landslide_hist_n":0},"geometry":{"type":"Polygon","coordinates":[[[126.72174,35.72243],[126.72091,35.71862],[126.72507,35.71659],[126.73005,35.71837],[126.73088,35.72218],[126.72672,35.72421],[126.72174,35.72243]]]}},{"type":"Feature","properties":{"h3":"8830c454c3fffff","emd_code":"5280025000","emd_name":"부안읍","area_km2":0.5268,"edge":false,"slope_mean":4.18,"elev_mean":15.6,"flood_hist_n":0,"flood_depth_max_m":null,"flood_risk_100y":null,"semi_basement_r":null,"elderly_alone_r":0.2187,"bldg_age30_r":null,"shelter_min_walk":2,"pop":19785,"hh":10032,"elderly65_r":0.2799,"single_hh_r":0.4687,"source_level":"emd","flood_years":[],"landslide_hist_n":0},"geometry":{"type":"Polygon","coordinates":[[[126.73088,35.72218],[126.73005,35.71837],[126.73421,35.71634],[126.73919,35.71811],[126.74001,35.72192],[126.73586,35.72395],[126.73088,35.72218]]]}},{"type":"Feature","properties":{"h3":"8830c454c5fffff","emd_code":"5280033000","emd_name":"행안면","area_km2":0.5268,"edge":false,"slope_mean":6.63,"elev_mean":18.9,"flood_hist_n":0,"flood_depth_max_m":null,"flood_risk_100y":null,"semi_basement_r":null,"elderly_alone_r":0.2983,"bldg_age30_r":null,"shelter_min_walk":21,"pop":1966,"hh":1207,"elderly65_r":0.4466,"single_hh_r":0.5973,"source_level":"emd","flood_years":[],"landslide_hist_n":0},"geometry":{"type":"Polygon","coordinates":[[[126.71593,35.71684],[126.71511,35.71304],[126.71926,35.71101],[126.72424,35.71278],[126.72507,35.71659],[126.72091,35.71862],[126.71593,35.71684]]]}},{"type":"Feature","properties":{"h3":"8830c454c7fffff","emd_code":"5280025000","emd_name":"부안읍","area_km2":0.5269,"edge":false,"slope_mean":5.62,"elev_mean":18.8,"flood_hist_n":0,"flood_depth_max_m":null,"flood_risk_100y":null,"semi_basement_r":null,"elderly_alone_r":0.2187,"bldg_age30_r":null,"shelter_min_walk":11,"pop":19785,"hh":10032,"elderly65_r":0.2799,"single_hh_r":0.4687,"source_level":"emd","flood_years":[],"landslide_hist_n":0},"geometry":{"type":"Polygon","coordinates":[[[126.72507,35.71659],[126.72424,35.71278],[126.7284,35.71075],[126.73338,35.71253],[126.73421,35.71634],[126.73005,35.71837],[126.72507,35.71659]]]}},{"type":"Feature","properties":{"h3":"8830c454c9fffff","emd_code":"5280033000","emd_name":"행안면","area_km2":0.5267,"edge":false,"slope_mean":2.42,"elev_mean":8.7,"flood_hist_n":0,"flood_depth_max_m":null,"flood_risk_100y":null,"semi_basement_r":null,"elderly_alone_r":0.2983,"bldg_age30_r":null,"shelter_min_walk":8,"pop":1966,"hh":1207,"elderly65_r":0.4466,"single_hh_r":0.5973,"source_level":"emd","flood_years":[],"landslide_hist_n":0},"geometry":{"type":"Polygon","coordinates":[[[126.71841,35.72827],[126.71758,35.72446],[126.72174,35.72243],[126.72672,35.72421],[126.72754,35.72801],[126.72339,35.73004],[126.71841,35.72827]]]}},{"type":"Feature","properties":{"h3":"8830c454cbfffff","emd_code":"5280025000","emd_name":"부안읍","area_km2":0.5267,"edge":false,"slope_mean":2.71,"elev_mean":12.4,"flood_hist_n":0,"flood_depth_max_m":null,"flood_risk_100y":null,"semi_basement_r":null,"elderly_alone_r":0.2187,"bldg_age30_r":null,"shelter_min_walk":6,"pop":19785,"hh":10032,"elderly65_r":0.2799,"single_hh_r":0.4687,"source_level":"emd","flood_years":[],"landslide_hist_n":0},"geometry":{"type":"Polygon","coordinates":[[[126.72754,35.72801],[126.72672,35.72421],[126.73088,35.72218],[126.73586,35.72395],[126.73668,35.72776],[126.73253,35.72979],[126.72754,35.72801]]]}},{"type":"Feature","properties":{"h3":"8830c454cdfffff","emd_code":"5280033000","emd_name":"행안면","area_km2":0.5267,"edge":false,"slope_mean":1.84,"elev_mean":6.3,"flood_hist_n":0,"flood_depth_max_m":null,"flood_risk_100y":null,"semi_basement_r":null,"elderly_alone_r":0.2983,"bldg_age30_r":null,"shelter_min_walk":19,"pop":1966,"hh":1207,"elderly65_r":0.4466,"single_hh_r":0.5973,"source_level":"emd","flood_years":[],"landslide_hist_n":0},"geometry":{"type":"Polygon","coordinates":[[[126.7126,35.72268],[126.71177,35.71887],[126.71593,35.71684],[126.72091,35.71862],[126.72174,35.72243],[126.71758,35.72446],[126.7126,35.72268]]]}},{"type":"Feature","properties":{"h3":"8830c454d1fffff","emd_code":"5280025000","emd_name":"부안읍","area_km2":0.5268,"edge":false,"slope_mean":1.52,"elev_mean":6.0,"flood_hist_n":0,"flood_depth_max_m":null,"flood_risk_100y":null,"semi_basement_r":null,"elderly_alone_r":0.2187,"bldg_age30_r":null,"shelter_min_walk":13,"pop":19785,"hh":10032,"elderly65_r":0.2799,"single_hh_r":0.4687,"source_level":"emd","flood_years":[],"landslide_hist_n":0},"geometry":{"type":"Polygon","coordinates":[[[126.74582,35.72751],[126.745,35.7237],[126.74915,35.72167],[126.75414,35.72344],[126.75496,35.72725],[126.75081,35.72928],[126.74582,35.72751]]]}},{"type":"Feature","properties":{"h3":"8830c454d3fffff","emd_code":"5280025000","emd_name":"부안읍","area_km2":0.5269,"edge":false,"slope_mean":0.95,"elev_mean":5.0,"flood_hist_n":0,"flood_depth_max_m":null,"flood_risk_100y":null,"semi_basement_r":null,"elderly_alone_r":0.2187,"bldg_age30_r":null,"shelter_min_walk":25,"pop":19785,"hh":10032,"elderly65_r":0.2799,"single_hh_r":0.4687,"source_level":"emd","flood_years":[],"landslide_hist_n":0},"geometry":{"type":"Polygon","coordinates":[[[126.75496,35.72725],[126.75414,35.72344],[126.75829,35.72141],[126.76328,35.72319],[126.7641,35.727],[126.75995,35.72903],[126.75496,35.72725]]]}},{"type":"Feature","properties":{"h3":"8830c454d5fffff","emd_code":"5280025000","emd_name":"부안읍","area_km2":0.5269,"edge":false,"slope_mean":4.21,"elev_mean":12.1,"flood_hist_n":0,"flood_depth_max_m":null,"flood_risk_100y":null,"semi_basement_r":null,"elderly_alone_r":0.2187,"bldg_age30_r":null,"shelter_min_walk":3,"pop":19785,"hh":10032,"elderly65_r":0.2799,"single_hh_r":0.4687,"source_level":"emd","flood_years":[],"landslide_hist_n":0},"geometry":{"type":"Polygon","coordinates":[[[126.74001,35.72192],[126.73919,35.71811],[126.74335,35.71608],[126.74833,35.71786],[126.74915,35.72167],[126.745,35.7237],[126.74001,35.72192]]]}},{"type":"Feature","properties":{"h3":"8830c454d7fffff","emd_code":"5280025000","emd_name":"부안읍","area_km2":0.5269,"edge":false,"slope_mean":2.56,"elev_mean":7.5,"flood_hist_n":0,"flood_depth_max_m":null,"flood_risk_100y":null,"semi_basement_r":null,"elderly_alone_r":0.2187,"bldg_age30_r":null,"shelter_min_walk":16,"pop":19785,"hh":10032,"elderly65_r":0.2799,"single_hh_r":0.4687,"source_level":"emd","flood_years":[],"landslide_hist_n":0},"geometry":{"type":"Polygon","coordinates":[[[126.74915,35.72167],[126.74833,35.71786],[126.75249,35.71583],[126.75747,35.71761],[126.75829,35.72141],[126.75414,35.72344],[126.74915,35.72167]]]}},{"type":"Feature","properties":{"h3":"8830c454d9fffff","emd_code":"5280025000","emd_name":"부안읍","area_km2":0.5267,"edge":false,"slope_mean":3.05,"elev_mean":9.9,"flood_hist_n":0,"flood_depth_max_m":null,"flood_risk_100y":null,"semi_basement_r":null,"elderly_alone_r":0.2187,"bldg_age30_r":null,"shelter_min_walk":16,"pop":19785,"hh":10032,"elderly65_r":0.2799,"single_hh_r":0.4687,"source_level":"emd","flood_years":[],"landslide_hist_n":0},"geometry":{"type":"Polygon","coordinates":[[[126.74249,35.73334],[126.74167,35.72954],[126.74582,35.72751],[126.75081,35.72928],[126.75163,35.73309],[126.74747,35.73512],[126.74249,35.73334]]]}},{"type":"Feature","properties":{"h3":"8830c454dbfffff","emd_code":"5280025000","emd_name":"부안읍","area_km2":0.5268,"edge":false,"slope_mean":1.96,"elev_mean":6.7,"flood_hist_n":0,"flood_depth_max_m":null,"flood_risk_100y":null,"semi_basement_r":null,"elderly_alone_r":0.2187,"bldg_age30_r":null,"shelter_min_walk":24,"pop":19785,"hh":10032,"elderly65_r":0.2799,"single_hh_r":0.4687,"source_level":"emd","flood_years":[],"landslide_hist_n":0},"geometry":{"type":"Polygon","coordinates":[[[126.75163,35.73309],[126.75081,35.72928],[126.75496,35.72725],[126.75995,35.72903],[126.76077,35.73284],[126.75661,35.73487],[126.75163,35.73309]]]}},{"type":"Feature","properties":{"h3":"8830c454ddfffff","emd_code":"5280025000","emd_name":"부안읍","area_km2":0.5268,"edge":false,"slope_mean":3.05,"elev_mean":10.0,"flood_hist_n":0,"flood_depth_max_m":null,"flood_risk_100y":null,"semi_basement_r":null,"elderly_alone_r":0.2187,"bldg_age30_r":null,"shelter_min_walk":5,"pop":19785,"hh":10032,"elderly65_r":0.2799,"single_hh_r":0.4687,"source_level":"emd","flood_years":[],"landslide_hist_n":0},"geometry":{"type":"Polygon","coordinates":[[[126.73668,35.72776],[126.73586,35.72395],[126.74001,35.72192],[126.745,35.7237],[126.74582,35.72751],[126.74167,35.72954],[126.73668,35.72776]]]}},{"type":"Feature","properties":{"h3":"8830c454e1fffff","emd_code":"5280033000","emd_name":"행안면","area_km2":0.527,"edge":false,"slope_mean":2.91,"elev_mean":10.4,"flood_hist_n":0,"flood_depth_max_m":null,"flood_risk_100y":null,"semi_basement_r":null,"elderly_alone_r":0.2983,"bldg_age30_r":null,"shelter_min_walk":36,"pop":1966,"hh":1207,"elderly65_r":0.4466,"single_hh_r":0.5973,"source_level":"emd","flood_years":[],"landslide_hist_n":0},"geometry":{"type":"Polygon","coordinates":[[[126.71346,35.70542],[126.71263,35.70161],[126.71679,35.69958],[126.72177,35.70136],[126.72259,35.70517],[126.71844,35.7072],[126.71346,35.70542]]]}},{"type":"Feature","properties":{"h3":"8830c454e3fffff","emd_code":"5280025000","emd_name":"부안읍","area_km2":0.5271,"edge":false,"slope_mean":5.74,"elev_mean":22.1,"flood_hist_n":0,"flood_depth_max_m":null,"flood_risk_100y":null,"semi_basement_r":null,"elderly_alone_r":0.2187,"bldg_age30_r":null,"shelter_min_walk":30,"pop":19785,"hh":10032,"elderly65_r":0.2799,"single_hh_r":0.4687,"source_level":"emd","flood_years":[],"landslide_hist_n":0},"geometry":{"type":"Polygon","coordinates":[[[126.72259,35.70517],[126.72177,35.70136],[126.72592,35.69933],[126.73091,35.7011],[126.73173,35.70491],[126.72757,35.70694],[126.72259,35.70517]]]}},{"type":"Feature","properties":{"h3":"8830c454e5fffff","emd_code":"5280033000","emd_name":"행안면","area_km2":0.5271,"edge":false,"slope_mean":2.06,"elev_mean":6.9,"flood_hist_n":0,"flood_depth_max_m":null,"flood_risk_100y":null,"semi_basement_r":null,"elderly_alone_r":0.2983,"bldg_age30_r":null,"shelter_min_walk":48,"pop":1966,"hh":1207,"elderly65_r":0.4466,"single_hh_r":0.5973,"source_level":"emd","flood_years":[],"landslide_hist_n":0},"geometry":{"type":"Polygon","coordinates":[[[126.70765,35.69983],[126.70682,35.69602],[126.71098,35.69399],[126.71596,35.69577],[126.71679,35.69958],[126.71263,35.70161],[126.70765,35.69983]]]}},{"type":"Feature","properties":{"h3":"8830c454e7fffff","emd_code":"5280033000","emd_name":"행안면","area_km2":0.5271,"edge":false,"slope_mean":4.91,"elev_mean":16.3,"flood_hist_n":0,"flood_depth_max_m":null,"flood_risk_100y":null,"semi_basement_r":null,"elderly_alone_r":0.2983,"bldg_age30_r":null,"shelter_min_walk":42,"pop":1966,"hh":1207,"elderly65_r":0.4466,"single_hh_r":0.5973,"source_level":"emd","flood_years":[],"landslide_hist_n":0},"geometry":{"type":"Polygon","coordinates":[[[126.71679,35.69958],[126.71596,35.69577],[126.72012,35.69374],[126.7251,35.69552],[126.72592,35.69933],[126.72177,35.70136],[126.71679,35.69958]]]}},{"type":"Feature","properties":{"h3":"8830c454e9fffff","emd_code":"5280033000","emd_name":"행안면","area_km2":0.5269,"edge":false,"slope_mean":5.15,"elev_mean":14.2,"flood_hist_n":0,"flood_depth_max_m":null,"flood_risk_100y":null,"semi_basement_r":null,"elderly_alone_r":0.2983,"bldg_age30_r":null,"shelter_min_walk":32,"pop":1966,"hh":1207,"elderly65_r":0.4466,"single_hh_r":0.5973,"source_level":"emd","flood_years":[],"landslide_hist_n":0},"geometry":{"type":"Polygon","coordinates":[[[126.71012,35.71126],[126.7093,35.70745],[126.71346,35.70542],[126.71844,35.7072],[126.71926,35.71101],[126.71511,35.71304],[126.71012,35.71126]]]}},{"type":"Feature","properties":{"h3":"8830c454ebfffff","emd_code":"5280033000","emd_name":"행안면","area_km2":0.527,"edge":false,"slope_mean":11.54,"elev_mean":45.3,"flood_hist_n":0,"flood_depth_max_m":null,"flood_risk_100y":null,"semi_basement_r":null,"elderly_alone_r":0.2983,"bldg_age30_r":null,"shelter_min_walk":23,"pop":1966,"hh":1207,"elderly65_r":0.4466,"single_hh_r":0.5973,"source_level":"emd","flood_years":[],"landslide_hist_n":0},"geometry":{"type":"Polygon","coordinates":[[[126.71926,35.71101],[126.71844,35.7072],[126.72259,35.70517],[126.72757,35.70694],[126.7284,35.71075],[126.72424,35.71278],[126.71926,35.71101]]]}},{"type":"Feature","properties":{"h3":"8830c454edfffff","emd_code":"5280033000","emd_name":"행안면","area_km2":0.527,"edge":false,"slope_mean":1.15,"elev_mean":5.4,"flood_hist_n":0,"flood_depth_max_m":null,"flood_risk_100y":null,"semi_basement_r":null,"elderly_alone_r":0.2983,"bldg_age30_r":null,"shelter_min_walk":44,"pop":1966,"hh":1207,"elderly65_r":0.4466,"single_hh_r":0.5973,"source_level":"emd","flood_years":[],"landslide_hist_n":0},"geometry":{"type":"Polygon","coordinates":[[[126.70432,35.70567],[126.70349,35.70186],[126.70765,35.69983],[126.71263,35.70161],[126.71346,35.70542],[126.7093,35.70745],[126.70432,35.70567]]]}},{"type":"Feature","properties":{"h3":"8830c45501fffff","emd_code":"5280039000","emd_name":"상서면","area_km2":0.5272,"edge":false,"slope_mean":19.51,"elev_mean":138.8,"flood_hist_n":0,"flood_depth_max_m":null,"flood_risk_100y":null,"semi_basement_r":null,"elderly_alone_r":0.3763,"bldg_age30_r":null,"shelter_min_walk":147,"pop":1940,"hh":1241,"elderly65_r":0.5216,"single_hh_r":0.6156,"source_level":"emd","flood_years":[],"landslide_hist_n":0},"geometry":{"type":"Polygon","coordinates":[[[126.63296,35.67313],[126.63213,35.66932],[126.63629,35.66729],[126.64127,35.66907],[126.64209,35.67288],[126.63794,35.67491],[126.63296,35.67313]]]}},{"type":"Feature","properties":{"h3":"8830c45503fffff","emd_code":"5280039000","emd_name":"상서면","area_km2":0.5272,"edge":false,"slope_mean":22.65,"elev_mean":199.1,"flood_hist_n":0,"flood_depth_max_m":null,"flood_risk_100y":null,"semi_basement_r":null,"elderly_alone_r":0.3763,"bldg_age30_r":null,"shelter_min_walk":144,"pop":1940,"hh":1241,"elderly65_r":0.5216,"single_hh_r":0.6156,"source_level":"emd","flood_years":[],"landslide_hist_n":0},"geometry":{"type":"Polygon","coordinates":[[[126.64209,35.67288],[126.64127,35.66907],[126.64542,35.66704],[126.6504,35.66882],[126.65122,35.67264],[126.64707,35.67467],[126.64209,35.67288]]]}},{"type":"Feature","properties":{"h3":"8830c45505fffff","emd_code":"5280039000","emd_name":"상서면","area_km2":0.5272,"edge":false,"slope_mean":19.59,"elev_mean":163.9,"flood_hist_n":0,"flood_depth_max_m":null,"flood_risk_100y":null,"semi_basement_r":null,"elderly_alone_r":0.3763,"bldg_age30_r":null,"shelter_min_walk":139,"pop":1940,"hh":1241,"elderly65_r":0.5216,"single_hh_r":0.6156,"source_level":"emd","flood_years":[],"landslide_hist_n":0},"geometry":{"type":"Polygon","coordinates":[[[126.62716,35.66754],[126.62633,35.66373],[126.63048,35.6617],[126.63546,35.66348],[126.63629,35.66729],[126.63213,35.66932],[126.62716,35.66754]]]}},{"type":"Feature","properties":{"h3":"8830c45507fffff","emd_code":"5280039000","emd_name":"상서면","area_km2":0.5273,"edge":false,"slope_mean":22.99,"elev_mean":204.0,"flood_hist_n":0,"flood_depth_max_m":null,"flood_risk_100y":null,"semi_basement_r":null,"elderly_alone_r":0.3763,"bldg_age30_r":null,"shelter_min_walk":151,"pop":1940,"hh":1241,"elderly65_r":0.5216,"single_hh_r":0.6156,"source_level":"emd","flood_years":[],"landslide_hist_n":0},"geometry":{"type":"Polygon","coordinates":[[[126.63629,35.66729],[126.63546,35.66348],[126.63962,35.66145],[126.64459,35.66323],[126.64542,35.66704],[126.64127,35.66907],[126.63629,35.66729]]]}},{"type":"Feature","properties":{"h3":"8830c45509fffff","emd_code":"5280039000","emd_name":"상서면","area_km2":0.527,"edge":false,"slope_mean":17.91,"elev_mean":120.0,"flood_hist_n":0,"flood_depth_max_m":null,"flood_risk_100y":null,"semi_basement_r":null,"elderly_alone_r":0.3763,"bldg_age30_r":null,"shelter_min_walk":144,"pop":1940,"hh":1241,"elderly65_r":0.5216,"single_hh_r":0.6156,"source_level":"emd","flood_years":[],"landslide_hist_n":0},"geometry":{"type":"Polygon","coordinates":[[[126.62963,35.67897],[126.6288,35.67516],[126.63296,35.67313],[126.63794,35.67491],[126.63876,35.67872],[126.63461,35.68075],[126.62963,35.67897]]]}},{"type":"Feature","properties":{"h3":"8830c4550bfffff","emd_code":"5280039000","emd_name":"상서면","area_km2":0.5271,"edge":false,"slope_mean":21.0,"elev_mean":163.3,"flood_hist_n":0,"flood_depth_max_m":null,"flood_risk_100y":null,"semi_basement_r":null,"elderly_alone_r":0.3763,"bldg_age30_r":null,"shelter_min_walk":142,"pop":1940,"hh":1241,"elderly65_r":0.5216,"single_hh_r":0.6156,"source_level":"emd","flood_years":[],"landslide_hist_n":0},"geometry":{"type":"Polygon","coordinates":[[[126.63876,35.67872],[126.63794,35.67491],[126.64209,35.67288],[126.64707,35.67467],[126.64789,35.67848],[126.64374,35.68051],[126.63876,35.67872]]]}},{"type":"Feature","properties":{"h3":"8830c4550dfffff","emd_code":"5280039000","emd_name":"상서면","area_km2":0.5271,"edge":false,"slope_mean":20.4,"elev_mean":129.7,"flood_hist_n":0,"flood_depth_max_m":null,"flood_risk_100y":null,"semi_basement_r":null,"elderly_alone_r":0.3763,"bldg_age30_r":null,"shelter_min_walk":135,"pop":1940,"hh":1241,"elderly65_r":0.5216,"single_hh_r":0.6156,"source_level":"emd","flood_years":[],"landslide_hist_n":0},"geometry":{"type":"Polygon","coordinates":[[[126.62383,35.67338],[126.623,35.66957],[126.62716,35.66754],[126.63213,35.66932],[126.63296,35.67313],[126.6288,35.67516],[126.62383,35.67338]]]}},{"type":"Feature","properties":{"h3":"8830c45511fffff","emd_code":"5280039000","emd_name":"상서면","area_km2":0.5272,"edge":false,"slope_mean":23.94,"elev_mean":162.4,"flood_hist_n":0,"flood_depth_max_m":null,"flood_risk_100y":null,"semi_basement_r":null,"elderly_alone_r":0.3763,"bldg_age30_r":null,"shelter_min_walk":122,"pop":1940,"hh":1241,"elderly65_r":0.5216,"single_hh_r":0.6156,"source_level":"emd","flood_years":[],"landslide_hist_n":0},"geometry":{"type":"Polygon","coordinates":[[[126.65702,35.67823],[126.6562,35.67442],[126.66036,35.67239],[126.66533,35.67417],[126.66616,35.67798],[126.662,35.68001],[126.65702,35.67823]]]}},{"type":"Feature","properties":{"h3":"8830c45513fffff","emd_code":"5280039000","emd_name":"상서면","area_km2":0.5272,"edge":false,"slope_mean":13.94,"elev_mean":67.7,"flood_hist_n":0,"flood_depth_max_m":null,"flood_risk_100y":null,"semi_basement_r":null,"elderly_alone_r":0.3763,"bldg_age30_r":null,"shelter_min_walk":113,"pop":1940,"hh":1241,"elderly65_r":0.5216,"single_hh_r":0.6156,"source_level":"emd","flood_years":[],"landslide_hist_n":0},"geometry":{"type":"Polygon","coordinates":[[[126.66616,35.67798],[126.66533,35.67417],[126.66949,35.67214],[126.67447,35.67392],[126.67529,35.67773],[126.67114,35.67976],[126.66616,35.67798]]]}},{"type":"Feature","properties":{"h3":"8830c45515fffff","emd_code":"5280039000","emd_name":"상서면","area_km2":0.5273,"edge":false,"slope_mean":23.47,"elev_mean":186.5,"flood_hist_n":0,"flood_depth_max_m":null,"flood_risk_100y":null,"semi_basement_r":null,"elderly_alone_r":0.3763,"bldg_age30_r":null,"shelter_min_walk":134,"pop":1940,"hh":1241,"elderly65_r":0.5216,"single_hh_r":0.6156,"source_level":"emd","flood_years":[],"landslide_hist_n":0},"geometry":{"type":"Polygon","coordinates":[[[126.65122,35.67264],[126.6504,35.66882],[126.65455,35.66679],[126.65953,35.66857],[126.66036,35.67239],[126.6562,35.67442],[126.65122,35.67264]]]}},{"type":"Feature","properties":{"h3":"8830c45517fffff","emd_code":"5280039000","emd_name":"상서면","area_km2":0.5273,"edge":false,"slope_mean":19.82,"elev_mean":127.8,"flood_hist_n":0,"flood_depth_max_m":null,"flood_risk_100y":null,"semi_basement_r":null,"elderly_alone_r":0.3763,"bldg_age30_r":null,"shelter_min_walk":125,"pop":1940,"hh":1241,"elderly65_r":0.5216,"single_hh_r":0.6156,"source_level":"emd","flood_years":[],"landslide_hist_n":0},"geometry":{"type":"Polygon","coordinates":[[[126.66036,35.67239],[126.65953,35.66857],[126.66369,35.66654],[126.66866,35.66832],[126.66949,35.67214],[126.66533,35.67417],[126.66036,35.67239]]]}},{"type":"Feature","properties":{"h3":"8830c45519fffff","emd_code":"5280039000","emd_name":"상서면","area_km2":0.5271,"edge":false,"slope_mean":22.42,"elev_mean":155.1,"flood_hist_n":0,"flood_depth_max_m":null,"flood_risk_100y":null,"semi_basement_r":null,"elderly_alone_r":0.3763,"bldg_age30_r":null,"shelter_min_walk":120,"pop":1940,"hh":1241,"elderly65_r":0.5216,"single_hh_r":0.6156,"source_level":"emd","flood_years":[],"landslide_hist_n":0},"geometry":{"type":"Polygon","coordinates":[[[126.65369,35.68407],[126.65287,35.68026],[126.65702,35.67823],[126.662,35.68001],[126.66283,35.68382],[126.65867,35.68585],[126.65369,35.68407]]]}},{"type":"Feature","properties":{"h3":"8830c4551bfffff","emd_code":"5280039000","emd_name":"상서면","area_km2":0.5271,"edge":false,"slope_mean":18.02,"elev_mean":72.0,"flood_hist_n":0,"flood_depth_max_m":null,"flood_risk_100y":null,"semi_basement_r":null,"elderly_alone_r":0.3763,"bldg_age30_r":null,"shelter_min_walk":110,"pop":1940,"hh":1241,"elderly65_r":0.5216,"single_hh_r":0.6156,"source_level":"emd","flood_years":[],"landslide_hist_n":0},"geometry":{"type":"Polygon","coordinates":[[[126.66283,35.68382],[126.662,35.68001],[126.66616,35.67798],[126.67114,35.67976],[126.67196,35.68357],[126.66781,35.6856],[126.66283,35.68382]]]}},{"type":"Feature","properties":{"h3":"8830c4551dfffff","emd_code":"5280039000","emd_name":"상서면","area_km2":0.5271,"edge":false,"slope_mean":23.96,"elev_mean":225.2,"flood_hist_n":0,"flood_depth_max_m":null,"flood_risk_100y":null,"semi_basement_r":null,"elderly_alone_r":0.3763,"bldg_age30_r":null,"shelter_min_walk":132,"pop":1940,"hh":1241,"elderly65_r":0.5216,"single_hh_r":0.6156,"source_level":"emd","flood_years":[],"landslide_hist_n":0},"geometry":{"type":"Polygon","coordinates":[[[126.64789,35.67848],[126.64707,35.67467],[126.65122,35.67264],[126.6562,35.67442],[126.65702,35.67823],[126.65287,35.68026],[126.64789,35.67848]]]}},{"type":"Feature","properties":{"h3":"8830c45521fffff","emd_code":"5280039000","emd_name":"상서면","area_km2":0.5274,"edge":false,"slope_mean":24.45,"elev_mean":200.6,"flood_hist_n":0,"flood_depth_max_m":null,"flood_risk_100y":null,"semi_basement_r":null,"elderly_alone_r":0.3763,"bldg_age30_r":null,"shelter_min_walk":137,"pop":1940,"hh":1241,"elderly65_r":0.5216,"single_hh_r":0.6156,"source_level":"emd","flood_years":[],"landslide_hist_n":0},"geometry":{"type":"Polygon","coordinates":[[[126.62468,35.6561],[126.62386,35.65229],[126.62801,35.65026],[126.63299,35.65204],[126.63381,35.65586],[126.62966,35.65789],[126.62468,35.6561]]]}},{"type":"Feature","properties":{"h3":"8830c45523fffff","emd_code":"5280039000","emd_name":"상서면","area_km2":0.5274,"edge":false,"slope_mean":21.51,"elev_mean":165.2,"flood_hist_n":0,"flood_depth_max_m":null,"flood_risk_100y":null,"semi_basement_r":null,"elderly_alone_r":0.3763,"bldg_age30_r":null,"shelter_min_walk":149,"pop":1940,"hh":1241,"elderly65_r":0.5216,"single_hh_r":0.6156,"source_level":"emd","flood_years":[],"landslide_hist_n":0},"geometry":{"type":"Polygon","coordinates":[[[126.63381,35.65586],[126.63299,35.65204],[126.63714,35.65001],[126.64212,35.65179],[126.64295,35.65561],[126.63879,35.65764],[126.63381,35.65586]]]}},{"type":"Feature","properties":{"h3":"8830c45525fffff","emd_code":"5280039000","emd_name":"상서면","area_km2":0.5275,"edge":false,"slope_mean":21.18,"elev_mean":125.0,"flood_hist_n":0,"flood_depth_max_m":null,"flood_risk_100y":null,"semi_basement_r":null,"elderly_alone_r":0.3763,"bldg_age30_r":null,"shelter_min_walk":131,"pop":1940,"hh":1241,"elderly65_r":0.5216,"single_hh_r":0.6156,"source_level":"emd","flood_years":[],"landslide_hist_n":0},"geometry":{"type":"Polygon","coordinates":[[[126.61888,35.65051],[126.61806,35.6467],[126.62221,35.64467],[126.62719,35.64645],[126.62801,35.65026],[126.62386,35.65229],[126.61888,35.65051]]]}},{"type":"Feature","properties":{"h3":"8830c45527fffff","emd_code":"5280039000","emd_name":"상서면","area_km2":0.5275,"edge":false,"slope_mean":22.27,"elev_mean":151.4,"flood_hist_n":0,"flood_depth_max_m":null,"flood_risk_100y":null,"semi_basement_r":null,"elderly_alone_r":0.3763,"bldg_age30_r":null,"shelter_min_walk":143,"pop":1940,"hh":1241,"elderly65_r":0.5216,"single_hh_r":0.6156,"source_level":"emd","flood_years":[],"landslide_hist_n":0},"geometry":{"type":"Polygon","coordinates":[[[126.62801,35.65026],[126.62719,35.64645],[126.63134,35.64442],[126.63632,35.6462],[126.63714,35.65001],[126.63299,35.65204],[126.62801,35.65026]]]}},{"type":"Feature","properties":{"h3":"8830c45529fffff","emd_code":"5280039000","emd_name":"상서면","area_km2":0.5273,"edge":false,"slope_mean":22.91,"elev_mean":181.7,"flood_hist_n":0,"flood_depth_max_m":null,"flood_risk_100y":null,"semi_basement_r":null,"elderly_alone_r":0.3763,"bldg_age30_r":null,"shelter_min_walk":132,"pop":1940,"hh":1241,"elderly65_r":0.5216,"single_hh_r":0.6156,"source_level":"emd","flood_years":[],"landslide_hist_n":0},"geometry":{"type":"Polygon","coordinates":[[[126.62135,35.66195],[126.62053,35.65813],[126.62468,35.6561],[126.62966,35.65789],[126.63048,35.6617],[126.62633,35.66373],[126.62135,35.66195]]]}},{"type":"Feature","properties":{"h3":"8830c4552bfffff","emd_code":"5280039000","emd_name":"상서면","area_km2":0.5273,"edge":false,"slope_mean":20.98,"elev_mean":206.2,"flood_hist_n":0,"flood_depth_max_m":null,"flood_risk_100y":null,"semi_basement_r":null,"elderly_alone_r":0.3763,"bldg_age30_r":null,"shelter_min_walk":144,"pop":1940,"hh":1241,"elderly65_r":0.5216,"single_hh_r":0.6156,"source_level":"emd","flood_years":[],"landslide_hist_n":0},"geometry":{"type":"Polygon","coordinates":[[[126.63048,35.6617],[126.62966,35.65789],[126.63381,35.65586],[126.63879,35.65764],[126.63962,35.66145],[126.63546,35.66348],[126.63048,35.6617]]]}},{"type":"Feature","properties":{"h3":"8830c4552dfffff","emd_code":"5280039000","emd_name":"상서면","area_km2":0.5273,"edge":false,"slope_mean":17.3,"elev_mean":101.3,"flood_hist_n":0,"flood_depth_max_m":null,"flood_risk_100y":null,"semi_basement_r":null,"elderly_alone_r":0.3763,"bldg_age30_r":null,"shelter_min_walk":125,"pop":1940,"hh":1241,"elderly65_r":0.5216,"single_hh_r":0.6156,"source_level":"emd","flood_years":[],"landslide_hist_n":0},"geometry":{"type":"Polygon","coordinates":[[[126.61555,35.65635],[126.61473,35.65254],[126.61888,35.65051],[126.62386,35.65229],[126.62468,35.6561],[126.62053,35.65813],[126.61555,35.65635]]]}},{"type":"Feature","properties":{"h3":"8830c45531fffff","emd_code":"5280039000","emd_name":"상서면","area_km2":0.5274,"edge":false,"slope_mean":18.69,"elev_mean":105.1,"flood_hist_n":0,"flood_depth_max_m":null,"flood_risk_100y":null,"semi_basement_r":null,"elderly_alone_r":0.3763,"bldg_age30_r":null,"shelter_min_walk":149,"pop":1940,"hh":1241,"elderly65_r":0.5216,"single_hh_r":0.6156,"source_level":"emd","flood_years":[],"landslide_hist_n":0},"geometry":{"type":"Polygon","coordinates":[[[126.64875,35.6612],[126.64792,35.65739],[126.65208,35.65536],[126.65706,35.65714],[126.65788,35.66095],[126.65373,35.66298],[126.64875,35.6612]]]}},{"type":"Feature","properties":{"h3":"8830c45533fffff","emd_code":"5280039000","emd_name":"상서면","area_km2":0.5275,"edge":false,"slope_mean":15.43,"elev_mean":70.1,"flood_hist_n":0,"flood_depth_max_m":null,"flood_risk_100y":null,"semi_basement_r":null,"elderly_alone_r":0.3763,"bldg_age30_r":null,"shelter_min_walk":141,"pop":1940,"hh":1241,"elderly65_r":0.5216,"single_hh_r":0.6156,"source_level":"emd","flood_years":[],"landslide_hist_n":0},"geometry":{"type":"Polygon","coordinates":[[[126.65788,35.66095],[126.65706,35.65714],[126.66121,35.65511],[126.66619,35.65689],[126.66702,35.6607],[126.66286,35.66273],[126.65788,35.66095]]]}},{"type":"Feature","properties":{"h3":"8830c45535fffff","emd_code":"5280039000","emd_name":"상서면","area_km2":0.5275,"edge":false,"slope_mean":22.16,"elev_mean":225.9,"flood_hist_n":0,"flood_depth_max_m":null,"flood_risk_100y":null,"semi_basement_r":null,"elderly_alone_r":0.3763,"bldg_age30_r":null,"shelter_min_walk":161,"pop":1940,"hh":1241,"elderly65_r":0.5216,"single_hh_r":0.6156,"source_level":"emd","flood_years":[],"landslide_hist_n":0},"geometry":{"type":"Polygon","coordinates":[[[126.64295,35.65561],[126.64212,35.65179],[126.64628,35.64976],[126.65125,35.65155],[126.65208,35.65536],[126.64792,35.65739],[126.64295,35.65561]]]}},{"type":"Feature","properties":{"h3":"8830c45537fffff","emd_code":"5280039000","emd_name":"상서면","area_km2":0.5275,"edge":false,"slope_mean":23.39,"elev_mean":171.9,"flood_hist_n":0,"flood_depth_max_m":null,"flood_risk_100y":null,"semi_basement_r":null,"elderly_alone_r":0.3763,"bldg_age30_r":null,"shelter_min_walk":153,"pop":1940,"hh":1241,"elderly65_r":0.5216,"single_hh_r":0.6156,"source_level":"emd","flood_years":[],"landslide_hist_n":0},"geometry":{"type":"Polygon","coordinates":[[[126.65208,35.65536],[126.65125,35.65155],[126.65541,35.64951],[126.66039,35.65129],[126.66121,35.65511],[126.65706,35.65714],[126.65208,35.65536]]]}},{"type":"Feature","properties":{"h3":"8830c45539fffff","emd_code":"5280039000","emd_name":"상서면","area_km2":0.5273,"edge":false,"slope_mean":21.85,"elev_mean":169.5,"flood_hist_n":0,"flood_depth_max_m":null,"flood_risk_100y":null,"semi_basement_r":null,"elderly_alone_r":0.3763,"bldg_age30_r":null,"shelter_min_walk":146,"pop":1940,"hh":1241,"elderly65_r":0.5216,"single_hh_r":0.6156,"source_level":"emd","flood_years":[],"landslide_hist_n":0},"geometry":{"type":"Polygon","coordinates":[[[126.64542,35.66704],[126.64459,35.66323],[126.64875,35.6612],[126.65373,35.66298],[126.65455,35.66679],[126.6504,35.66882],[126.64542,35.66704]]]}},{"type":"Feature","properties":{"h3":"8830c4553bfffff","emd_code":"5280039000","emd_name":"상서면","area_km2":0.5274,"edge":false,"slope_mean":19.41,"elev_mean":115.0,"flood_hist_n":0,"flood_depth_max_m":null,"flood_risk_100y":null,"semi_basement_r":null,"elderly_alone_r":0.3763,"bldg_age30_r":null,"shelter_min_walk":137,"pop":1940,"hh":1241,"elderly65_r":0.5216,"single_hh_r":0.6156,"source_level":"emd","flood_years":[],"landslide_hist_n":0},"geometry":{"type":"Polygon","coordinates":[[[126.65455,35.66679],[126.65373,35.66298],[126.65788,35.66095],[126.66286,35.66273],[126.66369,35.66654],[126.65953,35.66857],[126.65455,35.66679]]]}},{"type":"Feature","properties":{"h3":"8830c4553dfffff","emd_code":"5280039000","emd_name":"상서면","area_km2":0.5274,"edge":false,"slope_mean":20.87,"elev_mean":180.6,"flood_hist_n":0,"flood_depth_max_m":null,"flood_risk_100y":null,"semi_basement_r":null,"elderly_alone_r":0.3763,"bldg_age30_r":null,"shelter_min_walk":156,"pop":1940,"hh":1241,"elderly65_r":0.5216,"single_hh_r":0.6156,"source_level":"emd","flood_years":[],"landslide_hist_n":0},"geometry":{"type":"Polygon","coordinates":[[[126.63962,35.66145],[126.63879,35.65764],[126.64295,35.65561],[126.64792,35.65739],[126.64875,35.6612],[126.64459,35.66323],[126.63962,35.66145]]]}},{"type":"Feature","properties":{"h3":"8830c45541fffff","emd_code":"5280039000","emd_name":"상서면","area_km2":0.5269,"edge":false,"slope_mean":24.87,"elev_mean":366.5,"flood_hist_n":0,"flood_depth_max_m":null,"flood_risk_100y":null,"semi_basement_r":null,"elderly_alone_r":0.3763,"bldg_age30_r":null,"shelter_min_walk":129,"pop":1940,"hh":1241,"elderly65_r":0.5216,"single_hh_r":0.6156,"source_level":"emd","flood_years":[],"landslide_hist_n":0},"geometry":{"type":"Polygon","coordinates":[[[126.61717,35.68506],[126.61634,35.68125],[126.6205,35.67922],[126.62547,35.681],[126.6263,35.68481],[126.62214,35.68684],[126.61717,35.68506]]]}},{"type":"Feature","properties":{"h3":"8830c45543fffff","emd_code":"5280039000","emd_name":"상서면","area_km2":0.5269,"edge":false,"slope_mean":22.71,"elev_mean":172.3,"flood_hist_n":0,"flood_depth_max_m":null,"flood_risk_100y":null,"semi_basement_r":null,"elderly_alone_r":0.3763,"bldg_age30_r":null,"shelter_min_walk":141,"pop":1940,"hh":1241,"elderly65_r":0.5216,"single_hh_r":0.6156,"source_level":"emd","flood_years":[],"landslide_hist_n":0},"geometry":{"type":"Polygon","coordinates":[[[126.6263,35.68481],[126.62547,35.681],[126.62963,35.67897],[126.63461,35.68075],[126.63543,35.68456],[126.63128,35.68659],[126.6263,35.68481]]]}},{"type":"Feature","properties":{"h3":"8830c45545fffff","emd_code":"5280036000","emd_name":"변산면","area_km2":0.5269,"edge":false,"slope_mean":26.86,"elev_mean":299.0,"flood_hist_n":0,"flood_depth_max_m":null,"flood_risk_100y":null,"semi_basement_r":null,"elderly_alone_r":0.2866,"bldg_age30_r":null,"shelter_min_walk":120,"pop":4040,"hh":2509,"elderly65_r":0.4126,"single_hh_r":0.6038,"source_level":"emd","flood_years":[],"landslide_hist_n":0},"geometry":{"type":"Polygon","coordinates":[[[126.61136,35.67946],[126.61054,35.67565],[126.61469,35.67363],[126.61967,35.67541],[126.6205,35.67922],[126.61634,35.68125],[126.61136,35.67946]]]}},{"type":"Feature","properties":{"h3":"8830c45547fffff","emd_code":"5280039000","emd_name":"상서면","area_km2":0.527,"edge":false,"slope_mean":26.36,"elev_mean":274.9,"flood_hist_n":0,"flood_depth_max_m":null,"flood_risk_100y":null,"semi_basement_r":null,"elderly_alone_r":0.3763,"bldg_age30_r":null,"shelter_min_walk":132,"pop":1940,"hh":1241,"elderly65_r":0.5216,"single_hh_r":0.6156,"source_level":"emd","flood_years":[],"landslide_hist_n":0},"geometry":{"type":"Polygon","coordinates":[[[126.6205,35.67922],[126.61967,35.67541],[126.62383,35.67338],[126.6288,35.67516],[126.62963,35.67897],[126.62547,35.681],[126.6205,35.67922]]]}},{"type":"Feature","properties":{"h3":"8830c45549fffff","emd_code":"5280040000","emd_name":"하서면","area_km2":0.5268,"edge":false,"slope_mean":26.76,"elev_mean":311.0,"flood_hist_n":0,"flood_depth_max_m":null,"flood_risk_100y":null,"semi_basement_r":null,"elderly_alone_r":0.3676,"bldg_age30_r":null,"shelter_min_walk":128,"pop":2319,"hh":1477,"elderly65_r":0.5295,"single_hh_r":0.6012,"source_level":"emd","flood_years":[],"landslide_hist_n":0},"geometry":{"type":"Polygon","coordinates":[[[126.61384,35.69089],[126.61301,35.68708],[126.61717,35.68506],[126.62214,35.68684],[126.62297,35.69065],[126.61881,35.69268],[126.61384,35.69089]]]}},{"type":"Feature","properties":{"h3":"8830c4554bfffff","emd_code":"5280040000","emd_name":"하서면","area_km2":0.5268,"edge":false,"slope_mean":30.0,"elev_mean":246.9,"flood_hist_n":0,"flood_depth_max_m":null,"flood_risk_100y":null,"semi_basement_r":null,"elderly_alone_r":0.3676,"bldg_age30_r":null,"shelter_min_walk":139,"pop":2319,"hh":1477,"elderly65_r":0.5295,"single_hh_r":0.6012,"source_level":"emd","flood_years":[],"landslide_hist_n":0},"geometry":{"type":"Polygon","coordinates":[[[126.62297,35.69065],[126.62214,35.68684],[126.6263,35.68481],[126.63128,35.68659],[126.6321,35.6904],[126.62795,35.69243],[126.62297,35.69065]]]}},{"type":"Feature","properties":{"h3":"8830c4554dfffff","emd_code":"5280040000","emd_name":"하서면","area_km2":0.5268,"edge":false,"slope_mean":27.97,"elev_mean":230.5,"flood_hist_n":0,"flood_depth_max_m":null,"flood_risk_100y":null,"semi_basement_r":null,"elderly_alone_r":0.3676,"bldg_age30_r":null,"shelter_min_walk":118,"pop":2319,"hh":1477,"elderly65_r":0.5295,"single_hh_r":0.6012,"source_level":"emd","flood_years":[],"landslide_hist_n":0},"geometry":{"type":"Polygon","coordinates":[[[126.60803,35.6853],[126.60721,35.68149],[126.61136,35.67946],[126.61634,35.68125],[126.61717,35.68506],[126.61301,35.68708],[126.60803,35.6853]]]}},{"type":"Feature","properties":{"h3":"8830c45551fffff","emd_code":"5280039000","emd_name":"상서면","area_km2":0.5269,"edge":false,"slope_mean":18.64,"elev_mean":111.8,"flood_hist_n":0,"flood_depth_max_m":null,"flood_risk_100y":null,"semi_basement_r":null,"elderly_alone_r":0.3763,"bldg_age30_r":null,"shelter_min_walk":129,"pop":1940,"hh":1241,"elderly65_r":0.5216,"single_hh_r":0.6156,"source_level":"emd","flood_years":[],"landslide_hist_n":0},"geometry":{"type":"Polygon","coordinates":[[[126.64123,35.69015],[126.64041,35.68634],[126.64456,35.68432],[126.64954,35.6861],[126.65036,35.68991],[126.64621,35.69194],[126.64123,35.69015]]]}},{"type":"Feature","properties":{"h3":"8830c45553fffff","emd_code":"5280039000","emd_name":"상서면","area_km2":0.527,"edge":false,"slope_mean":22.84,"elev_mean":154.8,"flood_hist_n":0,"flood_depth_max_m":null,"flood_risk_100y":null,"semi_basement_r":null,"elderly_alone_r":0.3763,"bldg_age30_r":null,"shelter_min_walk":119,"pop":1940,"hh":1241,"elderly65_r":0.5216,"single_hh_r":0.6156,"source_level":"emd","flood_years":[],"landslide_hist_n":0},"geometry":{"type":"Polygon","coordinates":[[[126.65036,35.68991],[126.64954,35.6861],[126.65369,35.68407],[126.65867,35.68585],[126.6595,35.68966],[126.65534,35.69169],[126.65036,35.68991]]]}},{"type":"Feature","properties":{"h3":"8830c45555fffff","emd_code":"5280039000","emd_name":"상서면","area_km2":0.527,"edge":false,"slope_mean":20.5,"elev_mean":145.3,"flood_hist_n":0,"flood_depth_max_m":null,"flood_risk_100y":null,"semi_basement_r":null,"elderly_alone_r":0.3763,"bldg_age30_r":null,"shelter_min_walk":141,"pop":1940,"hh":1241,"elderly65_r":0.5216,"single_hh_r":0.6156,"source_level":"emd","flood_years":[],"landslide_hist_n":0},"geometry":{"type":"Polygon","coordinates":[[[126.63543,35.68456],[126.63461,35.68075],[126.63876,35.67872],[126.64374,35.68051],[126.64456,35.68432],[126.64041,35.68634],[126.63543,35.68456]]]}},{"type":"Feature","properties":{"h3":"8830c45557fffff","emd_code":"5280039000","emd_name":"상서면","area_km2":0.527,"edge":false,"slope_mean":21.08,"elev_mean":174.3,"flood_hist_n":0,"flood_depth_max_m":null,"flood_risk_100y":null,"semi_basement_r":null,"elderly_alone_r":0.3763,"bldg_age30_r":null,"shelter_min_walk":131,"pop":1940,"hh":1241,"elderly65_r":0.5216,"single_hh_r":0.6156,"source_level":"emd","flood_years":[],"landslide_hist_n":0},"geometry":{"type":"Polygon","coordinates":[[[126.64456,35.68432],[126.64374,35.68051],[126.64789,35.67848],[126.65287,35.68026],[126.65369,35.68407],[126.64954,35.6861],[126.64456,35.68432]]]}},{"type":"Feature","properties":{"h3":"8830c45559fffff","emd_code":"5280040000","emd_name":"하서면","area_km2":0.5268,"edge":false,"slope_mean":15.45,"elev_mean":70.3,"flood_hist_n":0,"flood_depth_max_m":null,"flood_risk_100y":null,"semi_basement_r":null,"elderly_alone_r":0.3676,"bldg_age30_r":null,"shelter_min_walk":129,"pop":2319,"hh":1477,"elderly65_r":0.5295,"single_hh_r":0.6012,"source_level":"emd","flood_years":[],"landslide_hist_n":0},"geometry":{"type":"Polygon","coordinates":[[[126.6379,35.69599],[126.63708,35.69218],[126.64123,35.69015],[126.64621,35.69194],[126.64703,35.69574],[126.64288,35.69777],[126.6379,35.69599]]]}},{"type":"Feature","properties":{"h3":"8830c4555bfffff","emd_code":"5280039000","emd_name":"상서면","area_km2":0.5268,"edge":false,"slope_mean":24.81,"elev_mean":149.8,"flood_hist_n":0,"flood_depth_max_m":null,"flood_risk_100y":null,"semi_basement_r":null,"elderly_alone_r":0.3763,"bldg_age30_r":null,"shelter_min_walk":118,"pop":1940,"hh":1241,"elderly65_r":0.5216,"single_hh_r":0.6156,"source_level":"emd","flood_years":[],"landslide_hist_n":0},"geometry":{"type":"Polygon","coordinates":[[[126.64703,35.69574],[126.64621,35.69194],[126.65036,35.68991],[126.65534,35.69169],[126.65617,35.6955],[126.65201,35.69752],[126.64703,35.69574]]]}},{"type":"Feature","properties":{"h3":"8830c4555dfffff","emd_code":"5280040000","emd_name":"하서면","area_km2":0.5269,"edge":false,"slope_mean":20.48,"elev_mean":128.8,"flood_hist_n":0,"flood_depth_max_m":null,"flood_risk_100y":null,"semi_basement_r":null,"elderly_alone_r":0.3676,"bldg_age30_r":null,"shelter_min_walk":140,"pop":2319,"hh":1477,"elderly65_r":0.5295,"single_hh_r":0.6012,"source_level":"emd","flood_years":[],"landslide_hist_n":0},"geometry":{"type":"Polygon","coordinates":[[[126.6321,35.6904],[126.63128,35.68659],[126.63543,35.68456],[126.64041,35.68634],[126.64123,35.69015],[126.63708,35.69218],[126.6321,35.6904]]]}},{"type":"Feature","properties":{"h3":"8830c45561fffff","emd_code":"5280039000","emd_name":"상서면","area_km2":0.5271,"edge":false,"slope_mean":17.31,"elev_mean":101.7,"flood_hist_n":0,"flood_depth_max_m":null,"flood_risk_100y":null,"semi_basement_r":null,"elderly_alone_r":0.3763,"bldg_age30_r":null,"shelter_min_walk":115,"pop":1940,"hh":1241,"elderly65_r":0.5216,"single_hh_r":0.6156,"source_level":"emd","flood_years":[],"landslide_hist_n":0},"geometry":{"type":"Polygon","coordinates":[[[126.60889,35.66803],[126.60807,35.66422],[126.61222,35.66219],[126.6172,35.66397],[126.61802,35.66779],[126.61387,35.66982],[126.60889,35.66803]]]}},{"type":"Feature","properties":{"h3":"8830c45563fffff","emd_code":"5280039000","emd_name":"상서면","area_km2":0.5272,"edge":false,"slope_mean":18.61,"elev_mean":109.9,"flood_hist_n":0,"flood_depth_max_m":null,"flood_risk_100y":null,"semi_basement_r":null,"elderly_alone_r":0.3763,"bldg_age30_r":null,"shelter_min_walk":127,"pop":1940,"hh":1241,"elderly65_r":0.5216,"single_hh_r":0.6156,"source_level":"emd","flood_years":[],"landslide_hist_n":0},"geometry":{"type":"Polygon","coordinates":[[[126.61802,35.66779],[126.6172,35.66397],[126.62135,35.66195],[126.62633,35.66373],[126.62716,35.66754],[126.623,35.66957],[126.61802,35.66779]]]}},{"type":"Feature","properties":{"h3":"8830c45565fffff","emd_code":"5280039000","emd_name":"상서면","area_km2":0.5272,"edge":false,"slope_mean":24.68,"elev_mean":163.8,"flood_hist_n":0,"flood_depth_max_m":null,"flood_risk_100y":null,"semi_basement_r":null,"elderly_alone_r":0.3763,"bldg_age30_r":null,"shelter_min_walk":107,"pop":1940,"hh":1241,"elderly65_r":0.5216,"single_hh_r":0.6156,"source_level":"emd","flood_years":[],"landslide_hist_n":0},"geometry":{"type":"Polygon","coordinates":[[[126.60309,35.66244],[126.60227,35.65863],[126.60642,35.6566],[126.6114,35.65838],[126.61222,35.66219],[126.60807,35.66422],[126.60309,35.66244]]]}},{"type":"Feature","properties":{"h3":"8830c45567fffff","emd_code":"5280039000","emd_name":"상서면","area_km2":0.5272,"edge":false,"slope_mean":14.5,"elev_mean":83.7,"flood_hist_n":0,"flood_depth_max_m":null,"flood_risk_100y":null,"semi_basement_r":null,"elderly_alone_r":0.3763,"bldg_age30_r":null,"shelter_min_walk":119,"pop":1940,"hh":1241,"elderly65_r":0.5216,"single_hh_r":0.6156,"source_level":"emd","flood_years":[],"landslide_hist_n":0},"geometry":{"type":"Polygon","coordinates":[[[126.61222,35.66219],[126.6114,35.65838],[126.61555,35.65635],[126.62053,35.65813],[126.62135,35.66195],[126.6172,35.66397],[126.61222,35.66219]]]}},{"type":"Feature","properties":{"h3":"8830c45569fffff","emd_code":"5280036000","emd_name":"변산면","area_km2":0.527,"edge":false,"slope_mean":22.59,"elev_mean":154.6,"flood_hist_n":0,"flood_depth_max_m":null,"flood_risk_100y":null,"semi_basement_r":null,"elderly_alone_r":0.2866,"bldg_age30_r":null,"shelter_min_walk":111,"pop":4040,"hh":2509,"elderly65_r":0.4126,"single_hh_r":0.6038,"source_level":"emd","flood_years":[],"landslide_hist_n":0},"geometry":{"type":"Polygon","coordinates":[[[126.60556,35.67387],[126.60474,35.67006],[126.60889,35.66803],[126.61387,35.66982],[126.61469,35.67363],[126.61054,35.67565],[126.60556,35.67387]]]}},{"type":"Feature","properties":{"h3":"8830c4556bfffff","emd_code":"5280039000","emd_name":"상서면","area_km2":0.5271,"edge":false,"slope_mean":25.42,"elev_mean":195.9,"flood_hist_n":0,"flood_depth_max_m":null,"flood_risk_100y":null,"semi_basement_r":null,"elderly_alone_r":0.3763,"bldg_age30_r":null,"shelter_min_walk":123,"pop":1940,"hh":1241,"elderly65_r":0.5216,"single_hh_r":0.6156,"source_level":"emd","flood_years":[],"landslide_hist_n":0},"geometry":{"type":"Polygon","coordinates":[[[126.61469,35.67363],[126.61387,35.66982],[126.61802,35.66779],[126.623,35.66957],[126.62383,35.67338],[126.61967,35.67541],[126.61469,35.67363]]]}},{"type":"Feature","properties":{"h3":"8830c4556dfffff","emd_code":"5280036000","emd_name":"변산면","area_km2":0.5271,"edge":false,"slope_mean":22.35,"elev_mean":125.5,"flood_hist_n":0,"flood_depth_max_m":null,"flood_risk_100y":null,"semi_basement_r":null,"elderly_alone_r":0.2866,"bldg_age30_r":null,"shelter_min_walk":102,"pop":4040,"hh":2509,"elderly65_r":0.4126,"single_hh_r":0.6038,"source_level":"emd","flood_years":[],"landslide_hist_n":0},"geometry":{"type":"Polygon","coordinates":[[[126.59976,35.66828],[126.59894,35.66447],[126.60309,35.66244],[126.60807,35.66422],[126.60889,35.66803],[126.60474,35.67006],[126.59976,35.66828]]]}},{"type":"Feature","properties":{"h3":"8830c45581fffff","emd_code":"5280031000","emd_name":"주산면","area_km2":0.5275,"edge":false,"slope_mean":3.55,"elev_mean":15.4,"flood_hist_n":0,"flood_depth_max_m":null,"flood_risk_100y":null,"semi_basement_r":null,"elderly_alone_r":0.3593,"bldg_age30_r":null,"shelter_min_walk":95,"pop":1695,"hh":1116,"elderly65_r":0.5558,"single_hh_r":0.6147,"source_level":"emd","flood_years":[],"landslide_hist_n":0},"geometry":{"type":"Polygon","coordinates":[[[126.69689,35.67138],[126.69607,35.66757],[126.70022,35.66554],[126.7052,35.66732],[126.70603,35.67113],[126.70187,35.67316],[126.69689,35.67138]]]}},{"type":"Feature","properties":{"h3":"8830c45583fffff","emd_code":"5280031000","emd_name":"주산면","area_km2":0.5276,"edge":false,"slope_mean":4.4,"elev_mean":18.9,"flood_hist_n":0,"flood_depth_max_m":null,"flood_risk_100y":null,"semi_basement_r":null,"elderly_alone_r":0.3593,"bldg_age30_r":null,"shelter_min_walk":91,"pop":1695,"hh":1116,"elderly65_r":0.5558,"single_hh_r":0.6147,"source_level":"emd","flood_years":[],"landslide_hist_n":0},"geometry":{"type":"Polygon","coordinates":[[[126.70603,35.67113],[126.7052,35.66732],[126.70936,35.66528],[126.71434,35.66706],[126.71517,35.67087],[126.71101,35.67291],[126.70603,35.67113]]]}},{"type":"Feature","properties":{"h3":"8830c45585fffff","emd_code":"5280031000","emd_name":"주산면","area_km2":0.5276,"edge":false,"slope_mean":7.29,"elev_mean":32.4,"flood_hist_n":0,"flood_depth_max_m":null,"flood_risk_100y":null,"semi_basement_r":null,"elderly_alone_r":0.3593,"bldg_age30_r":null,"shelter_min_walk":107,"pop":1695,"hh":1116,"elderly65_r":0.5558,"single_hh_r":0.6147,"source_level":"emd","flood_years":[],"landslide_hist_n":0},"geometry":{"type":"Polygon","coordinates":[[[126.69109,35.66579],[126.69026,35.66198],[126.69442,35.65995],[126.6994,35.66172],[126.70022,35.66554],[126.69607,35.66757],[126.69109,35.66579]]]}},{"type":"Feature","properties":{"h3":"8830c45587fffff","emd_code":"5280031000","emd_name":"주산면","area_km2":0.5276,"edge":false,"slope_mean":3.78,"elev_mean":16.2,"flood_hist_n":0,"flood_depth_max_m":null,"flood_risk_100y":null,"semi_basement_r":null,"elderly_alone_r":0.3593,"bldg_age30_r":null,"shelter_min_walk":102,"pop":1695,"hh":1116,"elderly65_r":0.5558,"single_hh_r":0.6147,"source_level":"emd","flood_years":[],"landslide_hist_n":0},"geometry":{"type":"Polygon","coordinates":[[[126.70022,35.66554],[126.6994,35.66172],[126.70355,35.65969],[126.70854,35.66147],[126.70936,35.66528],[126.7052,35.66732],[126.70022,35.66554]]]}},{"type":"Feature","properties":{"h3":"8830c45589fffff","emd_code":"5280031000","emd_name":"주산면","area_km2":0.5274,"edge":false,"slope_mean":2.7,"elev_mean":8.0,"flood_hist_n":0,"flood_depth_max_m":null,"flood_risk_100y":null,"semi_basement_r":null,"elderly_alone_r":0.3593,"bldg_age30_r":null,"shelter_min_walk":89,"pop":1695,"hh":1116,"elderly65_r":0.5558,"single_hh_r":0.6147,"source_level":"emd","flood_years":[],"landslide_hist_n":0},"geometry":{"type":"Polygon","coordinates":[[[126.69356,35.67722],[126.69274,35.67341],[126.69689,35.67138],[126.70187,35.67316],[126.7027,35.67697],[126.69854,35.679],[126.69356,35.67722]]]}},{"type":"Feature","properties":{"h3":"8830c4558bfffff","emd_code":"5280031000","emd_name":"주산면","area_km2":0.5274,"edge":false,"slope_mean":4.57,"elev_mean":18.0,"flood_hist_n":0,"flood_depth_max_m":null,"flood_risk_100y":null,"semi_basement_r":null,"elderly_alone_r":0.3593,"bldg_age30_r":null,"shelter_min_walk":84,"pop":1695,"hh":1116,"elderly65_r":0.5558,"single_hh_r":0.6147,"source_level":"emd","flood_years":[],"landslide_hist_n":0},"geometry":{"type":"Polygon","coordinates":[[[126.7027,35.67697],[126.70187,35.67316],[126.70603,35.67113],[126.71101,35.67291],[126.71184,35.67672],[126.70768,35.67875],[126.7027,35.67697]]]}},{"type":"Feature","properties":{"h3":"8830c4558dfffff","emd_code":"5280031000","emd_name":"주산면","area_km2":0.5275,"edge":false,"slope_mean":7.15,"elev_mean":25.5,"flood_hist_n":0,"flood_depth_max_m":null,"flood_risk_100y":null,"semi_basement_r":null,"elderly_alone_r":0.3593,"bldg_age30_r":null,"shelter_min_walk":101,"pop":1695,"hh":1116,"elderly65_r":0.5558,"single_hh_r":0.6147,"source_level":"emd","flood_years":[],"landslide_hist_n":0},"geometry":{"type":"Polygon","coordinates":[[[126.68776,35.67163],[126.68693,35.66782],[126.69109,35.66579],[126.69607,35.66757],[126.69689,35.67138],[126.69274,35.67341],[126.68776,35.67163]]]}},{"type":"Feature","properties":{"h3":"8830c45591fffff","emd_code":"5280031000","emd_name":"주산면","area_km2":0.5275,"edge":false,"slope_mean":4.16,"elev_mean":14.7,"flood_hist_n":0,"flood_depth_max_m":null,"flood_risk_100y":null,"semi_basement_r":null,"elderly_alone_r":0.3593,"bldg_age30_r":null,"shelter_min_walk":77,"pop":1695,"hh":1116,"elderly65_r":0.5558,"single_hh_r":0.6147,"source_level":"emd","flood_years":[],"landslide_hist_n":0},"geometry":{"type":"Polygon","coordinates":[[[126.72097,35.67646],[126.72015,35.67265],[126.7243,35.67062],[126.72928,35.6724],[126.73011,35.67621],[126.72595,35.67824],[126.72097,35.67646]]]}},{"type":"Feature","properties":{"h3":"8830c45593fffff","emd_code":"5280031000","emd_name":"주산면","area_km2":0.5276,"edge":false,"slope_mean":3.36,"elev_mean":9.8,"flood_hist_n":0,"flood_depth_max_m":null,"flood_risk_100y":null,"semi_basement_r":null,"elderly_alone_r":0.3593,"bldg_age30_r":null,"shelter_min_walk":77,"pop":1695,"hh":1116,"elderly65_r":0.5558,"single_hh_r":0.6147,"source_level":"emd","flood_years":[],"landslide_hist_n":0},"geometry":{"type":"Polygon","coordinates":[[[126.73011,35.67621],[126.72928,35.6724],[126.73344,35.67036],[126.73842,35.67214],[126.73925,35.67595],[126.73509,35.67799],[126.73011,35.67621]]]}},{"type":"Feature","properties":{"h3":"8830c45595fffff","emd_code":"5280031000","emd_name":"주산면","area_km2":0.5276,"edge":false,"slope_mean":4.36,"elev_mean":13.7,"flood_hist_n":0,"flood_depth_max_m":null,"flood_risk_100y":null,"semi_basement_r":null,"elderly_alone_r":0.3593,"bldg_age30_r":null,"shelter_min_walk":88,"pop":1695,"hh":1116,"elderly65_r":0.5558,"single_hh_r":0.6147,"source_level":"emd","flood_years":[],"landslide_hist_n":0},"geometry":{"type":"Polygon","coordinates":[[[126.71517,35.67087],[126.71434,35.66706],[126.7185,35.66503],[126.72348,35.66681],[126.7243,35.67062],[126.72015,35.67265],[126.71517,35.67087]]]}},{"type":"Feature","properties":{"h3":"8830c45597fffff","emd_code":"5280031000","emd_name":"주산면","area_km2":0.5277,"edge":false,"slope_mean":3.56,"elev_mean":10.1,"flood_hist_n":0,"flood_depth_max_m":null,"flood_risk_100y":null,"semi_basement_r":null,"elderly_alone_r":0.3593,"bldg_age30_r":null,"shelter_min_walk":86,"pop":1695,"hh":1116,"elderly65_r":0.5558,"single_hh_r":0.6147,"source_level":"emd","flood_years":[],"landslide_hist_n":0},"geometry":{"type":"Polygon","coordinates":[[[126.7243,35.67062],[126.72348,35.66681],[126.72763,35.66477],[126.73262,35.66655],[126.73344,35.67036],[126.72928,35.6724],[126.7243,35.67062]]]}},{"type":"Feature","properties":{"h3":"8830c45599fffff","emd_code":"5280025000","emd_name":"부안읍","area_km2":0.5274,"edge":false,"slope_mean":4.12,"elev_mean":15.4,"flood_hist_n":0,"flood_depth_max_m":null,"flood_risk_100y":null,"semi_basement_r":null,"elderly_alone_r":0.2187,"bldg_age30_r":null,"shelter_min_walk":68,"pop":19785,"hh":10032,"elderly65_r":0.2799,"single_hh_r":0.4687,"source_level":"emd","flood_years":[],"landslide_hist_n":0},"geometry":{"type":"Polygon","coordinates":[[[126.71764,35.68231],[126.71682,35.6785],[126.72097,35.67646],[126.72595,35.67824],[126.72678,35.68205],[126.72262,35.68409],[126.71764,35.68231]]]}},{"type":"Feature","properties":{"h3":"8830c4559bfffff","emd_code":"5280025000","emd_name":"부안읍","area_km2":0.5275,"edge":false,"slope_mean":2.8,"elev_mean":8.8,"flood_hist_n":0,"flood_depth_max_m":null,"flood_risk_100y":null,"semi_basement_r":null,"elderly_alone_r":0.2187,"bldg_age30_r":null,"shelter_min_walk":67,"pop":19785,"hh":10032,"elderly65_r":0.2799,"single_hh_r":0.4687,"source_level":"emd","flood_years":[],"landslide_hist_n":0},"geometry":{"type":"Polygon","coordinates":[[[126.72678,35.68205],[126.72595,35.67824],[126.73011,35.67621],[126.73509,35.67799],[126.73592,35.6818],[126.73176,35.68383],[126.72678,35.68205]]]}},{"type":"Feature","properties":{"h3":"8830c4559dfffff","emd_code":"5280031000","emd_name":"주산면","area_km2":0.5275,"edge":false,"slope_mean":4.45,"elev_mean":17.3,"flood_hist_n":0,"flood_depth_max_m":null,"flood_risk_100y":null,"semi_basement_r":null,"elderly_alone_r":0.3593,"bldg_age30_r":null,"shelter_min_walk":79,"pop":1695,"hh":1116,"elderly65_r":0.5558,"single_hh_r":0.6147,"source_level":"emd","flood_years":[],"landslide_hist_n":0},"geometry":{"type":"Polygon","coordinates":[[[126.71184,35.67672],[126.71101,35.67291],[126.71517,35.67087],[126.72015,35.67265],[126.72097,35.67646],[126.71682,35.6785],[126.71184,35.67672]]]}},{"type":"Feature","properties":{"h3":"8830c455a1fffff","emd_code":"5280031000","emd_name":"주산면","area_km2":0.5277,"edge":false,"slope_mean":18.49,"elev_mean":81.6,"flood_hist_n":0,"flood_depth_max_m":null,"flood_risk_100y":null,"semi_basement_r":null,"elderly_alone_r":0.3593,"bldg_age30_r":null,"shelter_min_walk":126,"pop":1695,"hh":1116,"elderly65_r":0.5558,"single_hh_r":0.6147,"source_level":"emd","flood_years":[],"landslide_hist_n":0},"geometry":{"type":"Polygon","coordinates":[[[126.68861,35.65435],[126.68779,35.65054],[126.69194,35.64851],[126.69692,35.65029],[126.69775,35.6541],[126.69359,35.65613],[126.68861,35.65435]]]}},{"type":"Feature","properties":{"h3":"8830c455a3fffff","emd_code":"5280031000","emd_name":"주산면","area_km2":0.5278,"edge":false,"slope_mean":5.09,"elev_mean":18.6,"flood_hist_n":0,"flood_depth_max_m":null,"flood_risk_100y":null,"semi_basement_r":null,"elderly_alone_r":0.3593,"bldg_age30_r":null,"shelter_min_walk":121,"pop":1695,"hh":1116,"elderly65_r":0.5558,"single_hh_r":0.6147,"source_level":"emd","flood_years":[],"landslide_hist_n":0},"geometry":{"type":"Polygon","coordinates":[[[126.69775,35.6541],[126.69692,35.65029],[126.70108,35.64825],[126.70606,35.65003],[126.70689,35.65385],[126.70273,35.65588],[126.69775,35.6541]]]}},{"type":"Feature","properties":{"h3":"8830c455a5fffff","emd_code":"5280035000","emd_name":"보안면","area_km2":0.5278,"edge":false,"slope_mean":10.28,"elev_mean":51.2,"flood_hist_n":0,"flood_depth_max_m":null,"flood_risk_100y":null,"semi_basement_r":null,"elderly_alone_r":0.374,"bldg_age30_r":null,"shelter_min_walk":138,"pop":2133,"hh":1401,"elderly65_r":0.5692,"single_hh_r":0.6124,"source_level":"emd","flood_years":[],"landslide_hist_n":0},"geometry":{"type":"Polygon","coordinates":[[[126.68281,35.64876],[126.68199,35.64495],[126.68614,35.64291],[126.69112,35.64469],[126.69194,35.64851],[126.68779,35.65054],[126.68281,35.64876]]]}},{"type":"Feature","properties":{"h3":"8830c455a7fffff","emd_code":"5280035000","emd_name":"보안면","area_km2":0.5279,"edge":false,"slope_mean":17.08,"elev_mean":91.2,"flood_hist_n":0,"flood_depth_max_m":null,"flood_risk_100y":null,"semi_basement_r":null,"elderly_alone_r":0.374,"bldg_age30_r":null,"shelter_min_walk":133,"pop":2133,"hh":1401,"elderly65_r":0.5692,"single_hh_r":0.6124,"source_level":"emd","flood_years":[],"landslide_hist_n":1},"geometry":{"type":"Polygon","coordinates":[[[126.69194,35.64851],[126.69112,35.64469],[126.69527,35.64266],[126.70026,35.64444],[126.70108,35.64825],[126.69692,35.65029],[126.69194,35.64851]]]}},{"type":"Feature","properties":{"h3":"8830c455a9fffff","emd_code":"5280031000","emd_name":"주산면","area_km2":0.5276,"edge":false,"slope_mean":7.19,"elev_mean":33.2,"flood_hist_n":0,"flood_depth_max_m":null,"flood_risk_100y":null,"semi_basement_r":null,"elderly_alone_r":0.3593,"bldg_age30_r":null,"shelter_min_walk":119,"pop":1695,"hh":1116,"elderly65_r":0.5558,"single_hh_r":0.6147,"source_level":"emd","flood_years":[],"landslide_hist_n":0},"geometry":{"type":"Polygon","coordinates":[[[126.68528,35.6602],[126.68446,35.65639],[126.68861,35.65435],[126.69359,35.65613],[126.69442,35.65995],[126.69026,35.66198],[126.68528,35.6602]]]}},{"type":"Feature","properties":{"h3":"8830c455abfffff","emd_code":"5280031000","emd_name":"주산면","area_km2":0.5277,"edge":false,"slope_mean":2.43,"elev_mean":12.6,"flood_hist_n":0,"flood_depth_max_m":null,"flood_risk_100y":null,"semi_basement_r":null,"elderly_alone_r":0.3593,"bldg_age30_r":null,"shelter_min_walk":114,"pop":1695,"hh":1116,"elderly65_r":0.5558,"single_hh_r":0.6147,"source_level":"emd","flood_years":[],"landslide_hist_n":0},"geometry":{"type":"Polygon","coordinates":[[[126.69442,35.65995],[126.69359,35.65613],[126.69775,35.6541],[126.70273,35.65588],[126.70355,35.65969],[126.6994,35.66172],[126.69442,35.65995]]]}},{"type":"Feature","properties":{"h3":"8830c455adfffff","emd_code":"5280031000","emd_name":"주산면","area_km2":0.5277,"edge":false,"slope_mean":14.83,"elev_mean":63.9,"flood_hist_n":0,"flood_depth_max_m":null,"flood_risk_100y":null,"semi_basement_r":null,"elderly_alone_r":0.3593,"bldg_age30_r":null,"shelter_min_walk":131,"pop":1695,"hh":1116,"elderly65_r":0.5558,"single_hh_r":0.6147,"source_level":"emd","flood_years":[],"landslide_hist_n":0},"geometry":{"type":"Polygon","coordinates":[[[126.67948,35.65461],[126.67866,35.65079],[126.68281,35.64876],[126.68779,35.65054],[126.68861,35.65435],[126.68446,35.65639],[126.67948,35.65461]]]}},{"type":"Feature","properties":{"h3":"8830c455b1fffff","emd_code":"5280031000","emd_name":"주산면","area_km2":0.5278,"edge":false,"slope_mean":2.45,"elev_mean":7.9,"flood_hist_n":0,"flood_depth_max_m":null,"flood_risk_100y":null,"semi_basement_r":null,"elderly_alone_r":0.3593,"bldg_age30_r":null,"shelter_min_walk":107,"pop":1695,"hh":1116,"elderly65_r":0.5558,"single_hh_r":0.6147,"source_level":"emd","flood_years":[],"landslide_hist_n":0},"geometry":{"type":"Polygon","coordinates":[[[126.71269,35.65944],[126.71187,35.65563],[126.71602,35.65359],[126.721,35.65537],[126.72183,35.65918],[126.71767,35.66122],[126.71269,35.65944]]]}},{"type":"Feature","properties":{"h3":"8830c455b3fffff","emd_code":"5280031000","emd_name":"주산면","area_km2":0.5278,"edge":false,"slope_mean":1.31,"elev_mean":5.3,"flood_hist_n":0,"flood_depth_max_m":null,"flood_risk_100y":null,"semi_basement_r":null,"elderly_alone_r":0.3593,"bldg_age30_r":null,"shelter_min_walk":105,"pop":1695,"hh":1116,"elderly65_r":0.5558,"single_hh_r":0.6147,"source_level":"emd","flood_years":[],"landslide_hist_n":0},"geometry":{"type":"Polygon","coordinates":[[[126.72183,35.65918],[126.721,35.65537],[126.72516,35.65334],[126.73014,35.65512],[126.73096,35.65893],[126.72681,35.66096],[126.72183,35.65918]]]}},{"type":"Feature","properties":{"h3":"8830c455b5fffff","emd_code":"5280031000","emd_name":"주산면","area_km2":0.5278,"edge":false,"slope_mean":1.48,"elev_mean":6.3,"flood_hist_n":0,"flood_depth_max_m":null,"flood_risk_100y":null,"semi_basement_r":null,"elderly_alone_r":0.3593,"bldg_age30_r":null,"shelter_min_walk":118,"pop":1695,"hh":1116,"elderly65_r":0.5558,"single_hh_r":0.6147,"source_level":"emd","flood_years":[],"landslide_hist_n":0},"geometry":{"type":"Polygon","coordinates":[[[126.70689,35.65385],[126.70606,35.65003],[126.71022,35.648],[126.7152,35.64978],[126.71602,35.65359],[126.71187,35.65563],[126.70689,35.65385]]]}},{"type":"Feature","properties":{"h3":"8830c455b7fffff","emd_code":"5280031000","emd_name":"주산면","area_km2":0.5279,"edge":false,"slope_mean":1.43,"elev_mean":5.2,"flood_hist_n":0,"flood_depth_max_m":null,"flood_risk_100y":null,"semi_basement_r":null,"elderly_alone_r":0.3593,"bldg_age30_r":null,"shelter_min_walk":116,"pop":1695,"hh":1116,"elderly65_r":0.5558,"single_hh_r":0.6147,"source_level":"emd","flood_years":[],"landslide_hist_n":0},"geometry":{"type":"Polygon","coordinates":[[[126.71602,35.65359],[126.7152,35.64978],[126.71935,35.64774],[126.72433,35.64952],[126.72516,35.65334],[126.721,35.65537],[126.71602,35.65359]]]}},{"type":"Feature","properties":{"h3":"8830c455b9fffff","emd_code":"5280031000","emd_name":"주산면","area_km2":0.5277,"edge":false,"slope_mean":4.29,"elev_mean":13.7,"flood_hist_n":0,"flood_depth_max_m":null,"flood_risk_100y":null,"semi_basement_r":null,"elderly_alone_r":0.3593,"bldg_age30_r":null,"shelter_min_walk":99,"pop":1695,"hh":1116,"elderly65_r":0.5558,"single_hh_r":0.6147,"source_level":"emd","flood_years":[],"landslide_hist_n":0},"geometry":{"type":"Polygon","coordinates":[[[126.70936,35.66528],[126.70854,35.66147],[126.71269,35.65944],[126.71767,35.66122],[126.7185,35.66503],[126.71434,35.66706],[126.70936,35.66528]]]}},{"type":"Feature","properties":{"h3":"8830c455bbfffff","emd_code":"5280031000","emd_name":"주산면","area_km2":0.5277,"edge":false,"slope_mean":2.89,"elev_mean":8.4,"flood_hist_n":0,"flood_depth_max_m":null,"flood_risk_100y":null,"semi_basement_r":null,"elderly_alone_r":0.3593,"bldg_age30_r":null,"shelter_min_walk":96,"pop":1695,"hh":1116,"elderly65_r":0.5558,"single_hh_r":0.6147,"source_level":"emd","flood_years":[],"landslide_hist_n":0},"geometry":{"type":"Polygon","coordinates":[[[126.7185,35.66503],[126.71767,35.66122],[126.72183,35.65918],[126.72681,35.66096],[126.72763,35.66477],[126.72348,35.66681],[126.7185,35.66503]]]}},{"type":"Feature","properties":{"h3":"8830c455bdfffff","emd_code":"5280031000","emd_name":"주산면","area_km2":0.5277,"edge":false,"slope_mean":2.42,"elev_mean":9.4,"flood_hist_n":0,"flood_depth_max_m":null,"flood_risk_100y":null,"semi_basement_r":null,"elderly_alone_r":0.3593,"bldg_age30_r":null,"shelter_min_walk":110,"pop":1695,"hh":1116,"elderly65_r":0.5558,"single_hh_r":0.6147,"source_level":"emd","flood_years":[],"landslide_hist_n":0},"geometry":{"type":"Polygon","coordinates":[[[126.70355,35.65969],[126.70273,35.65588],[126.70689,35.65385],[126.71187,35.65563],[126.71269,35.65944],[126.70854,35.66147],[126.70355,35.65969]]]}},{"type":"Feature","properties":{"h3":"8830c455c1fffff","emd_code":"5280039000","emd_name":"상서면","area_km2":0.5272,"edge":false,"slope_mean":0.84,"elev_mean":5.5,"flood_hist_n":0,"flood_depth_max_m":null,"flood_risk_100y":null,"semi_basement_r":null,"elderly_alone_r":0.3763,"bldg_age30_r":null,"shelter_min_walk":92,"pop":1940,"hh":1241,"elderly65_r":0.5216,"single_hh_r":0.6156,"source_level":"emd","flood_years":[],"landslide_hist_n":0},"geometry":{"type":"Polygon","coordinates":[[[126.6811,35.68332],[126.68027,35.67951],[126.68443,35.67748],[126.68941,35.67925],[126.69023,35.68307],[126.68608,35.6851],[126.6811,35.68332]]]}},{"type":"Feature","properties":{"h3":"8830c455c3fffff","emd_code":"5280031000","emd_name":"주산면","area_km2":0.5273,"edge":false,"slope_mean":1.7,"elev_mean":6.0,"flood_hist_n":0,"flood_depth_max_m":null,"flood_risk_100y":null,"semi_basement_r":null,"elderly_alone_r":0.3593,"bldg_age30_r":null,"shelter_min_walk":84,"pop":1695,"hh":1116,"elderly65_r":0.5558,"single_hh_r":0.6147,"source_level":"emd","flood_years":[],"landslide_hist_n":0},"geometry":{"type":"Polygon","coordinates":[[[126.69023,35.68307],[126.68941,35.67925],[126.69356,35.67722],[126.69854,35.679],[126.69937,35.68281],[126.69521,35.68484],[126.69023,35.68307]]]}},{"type":"Feature","properties":{"h3":"8830c455c5fffff","emd_code":"5280039000","emd_name":"상서면","area_km2":0.5273,"edge":false,"slope_mean":1.5,"elev_mean":12.3,"flood_hist_n":0,"flood_depth_max_m":null,"flood_risk_100y":null,"semi_basement_r":null,"elderly_alone_r":0.3763,"bldg_age30_r":null,"shelter_min_walk":104,"pop":1940,"hh":1241,"elderly65_r":0.5216,"single_hh_r":0.6156,"source_level":"emd","flood_years":[],"landslide_hist_n":0},"geometry":{"type":"Polygon","coordinates":[[[126.67529,35.67773],[126.67447,35.67392],[126.67862,35.67188],[126.6836,35.67366],[126.68443,35.67748],[126.68027,35.67951],[126.67529,35.67773]]]}},{"type":"Feature","properties":{"h3":"8830c455c7fffff","emd_code":"5280039000","emd_name":"상서면","area_km2":0.5273,"edge":false,"slope_mean":0.38,"elev_mean":5.2,"flood_hist_n":0,"flood_depth_max_m":null,"flood_risk_100y":null,"semi_basement_r":null,"elderly_alone_r":0.3763,"bldg_age30_r":null,"shelter_min_walk":96,"pop":1940,"hh":1241,"elderly65_r":0.5216,"single_hh_r":0.6156,"source_level":"emd","flood_years":[],"landslide_hist_n":0},"geometry":{"type":"Polygon","coordinates":[[[126.68443,35.67748],[126.6836,35.67366],[126.68776,35.67163],[126.69274,35.67341],[126.69356,35.67722],[126.68941,35.67925],[126.68443,35.67748]]]}},{"type":"Feature","properties":{"h3":"8830c455c9fffff","emd_code":"5280039000","emd_name":"상서면","area_km2":0.5271,"edge":false,"slope_mean":1.14,"elev_mean":6.9,"flood_hist_n":0,"flood_depth_max_m":null,"flood_risk_100y":null,"semi_basement_r":null,"elderly_alone_r":0.3763,"bldg_age30_r":null,"shelter_min_walk":89,"pop":1940,"hh":1241,"elderly65_r":0.5216,"single_hh_r":0.6156,"source_level":"emd","flood_years":[],"landslide_hist_n":0},"geometry":{"type":"Polygon","coordinates":[[[126.67777,35.68916],[126.67694,35.68535],[126.6811,35.68332],[126.68608,35.6851],[126.6869,35.68891],[126.68275,35.69094],[126.67777,35.68916]]]}},{"type":"Feature","properties":{"h3":"8830c455cbfffff","emd_code":"5280039000","emd_name":"상서면","area_km2":0.5272,"edge":false,"slope_mean":0.38,"elev_mean":4.5,"flood_hist_n":0,"flood_depth_max_m":null,"flood_risk_100y":null,"semi_basement_r":null,"elderly_alone_r":0.3763,"bldg_age30_r":null,"shelter_min_walk":80,"pop":1940,"hh":1241,"elderly65_r":0.5216,"single_hh_r":0.6156,"source_level":"emd","flood_years":[],"landslide_hist_n":0},"geometry":{"type":"Polygon","coordinates":[[[126.6869,35.68891],[126.68608,35.6851],[126.69023,35.68307],[126.69521,35.68484],[126.69604,35.68866],[126.69188,35.69069],[126.6869,35.68891]]]}},{"type":"Feature","properties":{"h3":"8830c455cdfffff","emd_code":"5280039000","emd_name":"상서면","area_km2":0.5272,"edge":false,"slope_mean":5.09,"elev_mean":20.1,"flood_hist_n":0,"flood_depth_max_m":null,"flood_risk_100y":null,"semi_basement_r":null,"elderly_alone_r":0.3763,"bldg_age30_r":null,"shelter_min_walk":101,"pop":1940,"hh":1241,"elderly65_r":0.5216,"single_hh_r":0.6156,"source_level":"emd","flood_years":[],"landslide_hist_n":0},"geometry":{"type":"Polygon","coordinates":[[[126.67196,35.68357],[126.67114,35.67976],[126.67529,35.67773],[126.68027,35.67951],[126.6811,35.68332],[126.67694,35.68535],[126.67196,35.68357]]]}},{"type":"Feature","properties":{"h3":"8830c455d1fffff","emd_code":"5280031000","emd_name":"주산면","area_km2":0.5273,"edge":false,"slope_mean":3.34,"elev_mean":8.4,"flood_hist_n":0,"flood_depth_max_m":null,"flood_risk_100y":null,"semi_basement_r":null,"elderly_alone_r":0.3593,"bldg_age30_r":null,"shelter_min_walk":65,"pop":1695,"hh":1116,"elderly65_r":0.5558,"single_hh_r":0.6147,"source_level":"emd","flood_years":[],"landslide_hist_n":0},"geometry":{"type":"Polygon","coordinates":[[[126.70517,35.6884],[126.70435,35.68459],[126.7085,35.68256],[126.71349,35.68434],[126.71431,35.68815],[126.71015,35.69018],[126.70517,35.6884]]]}},{"type":"Feature","properties":{"h3":"8830c455d3fffff","emd_code":"5280025000","emd_name":"부안읍","area_km2":0.5273,"edge":false,"slope_mean":4.06,"elev_mean":12.6,"flood_hist_n":0,"flood_depth_max_m":null,"flood_risk_100y":null,"semi_basement_r":null,"elderly_alone_r":0.2187,"bldg_age30_r":null,"shelter_min_walk":60,"pop":19785,"hh":10032,"elderly65_r":0.2799,"single_hh_r":0.4687,"source_level":"emd","flood_years":[],"landslide_hist_n":0},"geometry":{"type":"Polygon","coordinates":[[[126.71431,35.68815],[126.71349,35.68434],[126.71764,35.68231],[126.72262,35.68409],[126.72345,35.6879],[126.71929,35.68993],[126.71431,35.68815]]]}},{"type":"Feature","properties":{"h3":"8830c455d5fffff","emd_code":"5280031000","emd_name":"주산면","area_km2":0.5273,"edge":false,"slope_mean":4.47,"elev_mean":12.0,"flood_hist_n":0,"flood_depth_max_m":null,"flood_risk_100y":null,"semi_basement_r":null,"elderly_alone_r":0.3593,"bldg_age30_r":null,"shelter_min_walk":77,"pop":1695,"hh":1116,"elderly65_r":0.5558,"single_hh_r":0.6147,"source_level":"emd","flood_years":[],"landslide_hist_n":0},"geometry":{"type":"Polygon","coordinates":[[[126.69937,35.68281],[126.69854,35.679],[126.7027,35.67697],[126.70768,35.67875],[126.7085,35.68256],[126.70435,35.68459],[126.69937,35.68281]]]}},{"type":"Feature","properties":{"h3":"8830c455d7fffff","emd_code":"5280031000","emd_name":"주산면","area_km2":0.5274,"edge":false,"slope_mean":4.05,"elev_mean":13.2,"flood_hist_n":0,"flood_depth_max_m":null,"flood_risk_100y":null,"semi_basement_r":null,"elderly_alone_r":0.3593,"bldg_age30_r":null,"shelter_min_walk":72,"pop":1695,"hh":1116,"elderly65_r":0.5558,"single_hh_r":0.6147,"source_level":"emd","flood_years":[],"landslide_hist_n":0},"geometry":{"type":"Polygon","coordinates":[[[126.7085,35.68256],[126.70768,35.67875],[126.71184,35.67672],[126.71682,35.6785],[126.71764,35.68231],[126.71349,35.68434],[126.7085,35.68256]]]}},{"type":"Feature","properties":{"h3":"8830c455d9fffff","emd_code":"5280031000","emd_name":"주산면","area_km2":0.5272,"edge":false,"slope_mean":1.09,"elev_mean":5.3,"flood_hist_n":0,"flood_depth_max_m":null,"flood_risk_100y":null,"semi_basement_r":null,"elderly_alone_r":0.3593,"bldg_age30_r":null,"shelter_min_walk":60,"pop":1695,"hh":1116,"elderly65_r":0.5558,"single_hh_r":0.6147,"source_level":"emd","flood_years":[],"landslide_hist_n":0},"geometry":{"type":"Polygon","coordinates":[[[126.70184,35.69424],[126.70102,35.69043],[126.70517,35.6884],[126.71015,35.69018],[126.71098,35.69399],[126.70682,35.69602],[126.70184,35.69424]]]}},{"type":"Feature","properties":{"h3":"8830c455dbfffff","emd_code":"5280031000","emd_name":"주산면","area_km2":0.5272,"edge":false,"slope_mean":3.22,"elev_mean":9.0,"flood_hist_n":0,"flood_depth_max_m":null,"flood_risk_100y":null,"semi_basement_r":null,"elderly_alone_r":0.3593,"bldg_age30_r":null,"shelter_min_walk":53,"pop":1695,"hh":1116,"elderly65_r":0.5558,"single_hh_r":0.6147,"source_level":"emd","flood_years":[],"landslide_hist_n":0},"geometry":{"type":"Polygon","coordinates":[[[126.71098,35.69399],[126.71015,35.69018],[126.71431,35.68815],[126.71929,35.68993],[126.72012,35.69374],[126.71596,35.69577],[126.71098,35.69399]]]}},{"type":"Feature","properties":{"h3":"8830c455ddfffff","emd_code":"5280031000","emd_name":"주산면","area_km2":0.5272,"edge":false,"slope_mean":2.35,"elev_mean":6.6,"flood_hist_n":0,"flood_depth_max_m":null,"flood_risk_100y":null,"semi_basement_r":null,"elderly_alone_r":0.3593,"bldg_age30_r":null,"shelter_min_walk":72,"pop":1695,"hh":1116,"elderly65_r":0.5558,"single_hh_r":0.6147,"source_level":"emd","flood_years":[],"landslide_hist_n":0},"geometry":{"type":"Polygon","coordinates":[[[126.69604,35.68866],[126.69521,35.68484],[126.69937,35.68281],[126.70435,35.68459],[126.70517,35.6884],[126.70102,35.69043],[126.69604,35.68866]]]}},{"type":"Feature","properties":{"h3":"8830c455e1fffff","emd_code":"5280039000","emd_name":"상서면","area_km2":0.5275,"edge":false,"slope_mean":1.12,"elev_mean":16.7,"flood_hist_n":0,"flood_depth_max_m":null,"flood_risk_100y":null,"semi_basement_r":null,"elderly_alone_r":0.3763,"bldg_age30_r":null,"shelter_min_walk":121,"pop":1940,"hh":1241,"elderly65_r":0.5216,"single_hh_r":0.6156,"source_level":"emd","flood_years":[],"landslide_hist_n":0},"geometry":{"type":"Polygon","coordinates":[[[126.67282,35.66629],[126.67199,35.66248],[126.67615,35.66045],[126.68113,35.66223],[126.68195,35.66604],[126.6778,35.66807],[126.67282,35.66629]]]}},{"type":"Feature","properties":{"h3":"8830c455e3fffff","emd_code":"5280031000","emd_name":"주산면","area_km2":0.5275,"edge":false,"slope_mean":6.24,"elev_mean":26.2,"flood_hist_n":0,"flood_depth_max_m":null,"flood_risk_100y":null,"semi_basement_r":null,"elderly_alone_r":0.3593,"bldg_age30_r":null,"shelter_min_walk":113,"pop":1695,"hh":1116,"elderly65_r":0.5558,"single_hh_r":0.6147,"source_level":"emd","flood_years":[],"landslide_hist_n":0},"geometry":{"type":"Polygon","coordinates":[[[126.68195,35.66604],[126.68113,35.66223],[126.68528,35.6602],[126.69026,35.66198],[126.69109,35.66579],[126.68693,35.66782],[126.68195,35.66604]]]}},{"type":"Feature","properties":{"h3":"8830c455e5fffff","emd_code":"5280039000","emd_name":"상서면","area_km2":0.5275,"edge":false,"slope_mean":1.34,"elev_mean":25.0,"flood_hist_n":0,"flood_depth_max_m":null,"flood_risk_100y":null,"semi_basement_r":null,"elderly_alone_r":0.3763,"bldg_age30_r":null,"shelter_min_walk":133,"pop":1940,"hh":1241,"elderly65_r":0.5216,"single_hh_r":0.6156,"source_level":"emd","flood_years":[],"landslide_hist_n":0},"geometry":{"type":"Polygon","coordinates":[[[126.66702,35.6607],[126.66619,35.65689],[126.67035,35.65486],[126.67532,35.65664],[126.67615,35.66045],[126.67199,35.66248],[126.66702,35.6607]]]}},{"type":"Feature","properties":{"h3":"8830c455e7fffff","emd_code":"5280031000","emd_name":"주산면","area_km2":0.5276,"edge":false,"slope_mean":4.57,"elev_mean":24.0,"flood_hist_n":0,"flood_depth_max_m":null,"flood_risk_100y":null,"semi_basement_r":null,"elderly_alone_r":0.3593,"bldg_age30_r":null,"shelter_min_walk":126,"pop":1695,"hh":1116,"elderly65_r":0.5558,"single_hh_r":0.6147,"source_level":"emd","flood_years":[],"landslide_hist_n":0},"geometry":{"type":"Polygon","coordinates":[[[126.67615,35.66045],[126.67532,35.65664],[126.67948,35.65461],[126.68446,35.65639],[126.68528,35.6602],[126.68113,35.66223],[126.67615,35.66045]]]}},{"type":"Feature","properties":{"h3":"8830c455e9fffff","emd_code":"5280039000","emd_name":"상서면","area_km2":0.5274,"edge":false,"slope_mean":2.86,"elev_mean":25.4,"flood_hist_n":0,"flood_depth_max_m":null,"flood_risk_100y":null,"semi_basement_r":null,"elderly_alone_r":0.3763,"bldg_age30_r":null,"shelter_min_walk":116,"pop":1940,"hh":1241,"elderly65_r":0.5216,"single_hh_r":0.6156,"source_level":"emd","flood_years":[],"landslide_hist_n":0},"geometry":{"type":"Polygon","coordinates":[[[126.66949,35.67214],[126.66866,35.66832],[126.67282,35.66629],[126.6778,35.66807],[126.67862,35.67188],[126.67447,35.67392],[126.66949,35.67214]]]}},{"type":"Feature","properties":{"h3":"8830c455ebfffff","emd_code":"5280039000","emd_name":"상서면","area_km2":0.5274,"edge":false,"slope_mean":1.68,"elev_mean":11.6,"flood_hist_n":0,"flood_depth_max_m":null,"flood_risk_100y":null,"semi_basement_r":null,"elderly_alone_r":0.3763,"bldg_age30_r":null,"shelter_min_walk":108,"pop":1940,"hh":1241,"elderly65_r":0.5216,"single_hh_r":0.6156,"source_level":"emd","flood_years":[],"landslide_hist_n":0},"geometry":{"type":"Polygon","coordinates":[[[126.67862,35.67188],[126.6778,35.66807],[126.68195,35.66604],[126.68693,35.66782],[126.68776,35.67163],[126.6836,35.67366],[126.67862,35.67188]]]}},{"type":"Feature","properties":{"h3":"8830c455edfffff","emd_code":"5280039000","emd_name":"상서면","area_km2":0.5274,"edge":false,"slope_mean":11.34,"elev_mean":61.4,"flood_hist_n":0,"flood_depth_max_m":null,"flood_risk_100y":null,"semi_basement_r":null,"elderly_alone_r":0.3763,"bldg_age30_r":null,"shelter_min_walk":128,"pop":1940,"hh":1241,"elderly65_r":0.5216,"single_hh_r":0.6156,"source_level":"emd","flood_years":[],"landslide_hist_n":0},"geometry":{"type":"Polygon","coordinates":[[[126.66369,35.66654],[126.66286,35.66273],[126.66702,35.6607],[126.67199,35.66248],[126.67282,35.66629],[126.66866,35.66832],[126.66369,35.66654]]]}},{"type":"Feature","properties":{"h3":"8830c45601fffff","emd_code":"5280034000","emd_name":"계화면","area_km2":0.5259,"edge":false,"slope_mean":2.09,"elev_mean":4.1,"flood_hist_n":0,"flood_depth_max_m":null,"flood_risk_100y":null,"semi_basement_r":null,"elderly_alone_r":0.3302,"bldg_age30_r":null,"shelter_min_walk":107,"pop":2891,"hh":1805,"elderly65_r":0.5265,"single_hh_r":0.5845,"source_level":"emd","flood_years":[],"landslide_hist_n":0},"geometry":{"type":"Polygon","coordinates":[[[126.65027,35.7531],[126.64944,35.74929],[126.6536,35.74727],[126.65858,35.74905],[126.6594,35.75285],[126.65525,35.75488],[126.65027,35.7531]]]}},{"type":"Feature","properties":{"h3":"8830c45603fffff","emd_code":"5280034000","emd_name":"계화면","area_km2":0.526,"edge":false,"slope_mean":0.77,"elev_mean":3.5,"flood_hist_n":0,"flood_depth_max_m":null,"flood_risk_100y":null,"semi_basement_r":null,"elderly_alone_r":0.3302,"bldg_age30_r":null,"shelter_min_walk":95,"pop":2891,"hh":1805,"elderly65_r":0.5265,"single_hh_r":0.5845,"source_level":"emd","flood_years":[],"landslide_hist_n":0},"geometry":{"type":"Polygon","coordinates":[[[126.6594,35.75285],[126.65858,35.74905],[126.66273,35.74702],[126.66771,35.7488],[126.66854,35.7526],[126.66438,35.75463],[126.6594,35.75285]]]}},{"type":"Feature","properties":{"h3":"8830c45605fffff","emd_code":"5280040000","emd_name":"하서면","area_km2":0.526,"edge":false,"slope_mean":8.46,"elev_mean":19.8,"flood_hist_n":0,"flood_depth_max_m":null,"flood_risk_100y":null,"semi_basement_r":null,"elderly_alone_r":0.3676,"bldg_age30_r":null,"shelter_min_walk":111,"pop":2319,"hh":1477,"elderly65_r":0.5295,"single_hh_r":0.6012,"source_level":"emd","flood_years":[],"landslide_hist_n":0},"geometry":{"type":"Polygon","coordinates":[[[126.64446,35.74751],[126.64364,35.74371],[126.64779,35.74168],[126.65277,35.74346],[126.6536,35.74727],[126.64944,35.74929],[126.64446,35.74751]]]}},{"type":"Feature","properties":{"h3":"8830c45607fffff","emd_code":"5280040000","emd_name":"하서면","area_km2":0.526,"edge":false,"slope_mean":0.14,"elev_mean":5.5,"flood_hist_n":0,"flood_depth_max_m":null,"flood_risk_100y":null,"semi_basement_r":null,"elderly_alone_r":0.3676,"bldg_age30_r":null,"shelter_min_walk":99,"pop":2319,"hh":1477,"elderly65_r":0.5295,"single_hh_r":0.6012,"source_level":"emd","flood_years":[],"landslide_hist_n":0},"geometry":{"type":"Polygon","coordinates":[[[126.6536,35.74727],[126.65277,35.74346],[126.65693,35.74143],[126.66191,35.74321],[126.66273,35.74702],[126.65858,35.74905],[126.6536,35.74727]]]}},{"type":"Feature","properties":{"h3":"8830c45609fffff","emd_code":"5280034000","emd_name":"계화면","area_km2":0.5258,"edge":false,"slope_mean":2.17,"elev_mean":2.2,"flood_hist_n":0,"flood_depth_max_m":null,"flood_risk_100y":null,"semi_basement_r":null,"elderly_alone_r":0.3302,"bldg_age30_r":null,"shelter_min_walk":115,"pop":2891,"hh":1805,"elderly65_r":0.5265,"single_hh_r":0.5845,"source_level":"emd","flood_years":[],"landslide_hist_n":0},"geometry":{"type":"Polygon","coordinates":[[[126.64693,35.75893],[126.64611,35.75512],[126.65027,35.7531],[126.65525,35.75488],[126.65607,35.75868],[126.65191,35.76071],[126.64693,35.75893]]]}},{"type":"Feature","properties":{"h3":"8830c4560bfffff","emd_code":"5280034000","emd_name":"계화면","area_km2":0.5259,"edge":false,"slope_mean":0.56,"elev_mean":1.0,"flood_hist_n":0,"flood_depth_max_m":null,"flood_risk_100y":null,"semi_basement_r":null,"elderly_alone_r":0.3302,"bldg_age30_r":null,"shelter_min_walk":103,"pop":2891,"hh":1805,"elderly65_r":0.5265,"single_hh_r":0.5845,"source_level":"emd","flood_years":[],"landslide_hist_n":0},"geometry":{"type":"Polygon","coordinates":[[[126.65607,35.75868],[126.65525,35.75488],[126.6594,35.75285],[126.66438,35.75463],[126.6652,35.75843],[126.66105,35.76046],[126.65607,35.75868]]]}},{"type":"Feature","properties":{"h3":"8830c4560dfffff","emd_code":"5280034000","emd_name":"계화면","area_km2":0.5259,"edge":false,"slope_mean":4.14,"elev_mean":7.1,"flood_hist_n":0,"flood_depth_max_m":null,"flood_risk_100y":null,"semi_basement_r":null,"elderly_alone_r":0.3302,"bldg_age30_r":null,"shelter_min_walk":118,"pop":2891,"hh":1805,"elderly65_r":0.5265,"single_hh_r":0.5845,"source_level":"emd","flood_years":[],"landslide_hist_n":0},"geometry":{"type":"Polygon","coordinates":[[[126.64113,35.75334],[126.64031,35.74954],[126.64446,35.74751],[126.64944,35.74929],[126.65027,35.7531],[126.64611,35.75512],[126.64113,35.75334]]]}},{"type":"Feature","properties":{"h3":"8830c45611fffff","emd_code":"5280034000","emd_name":"계화면","area_km2":0.526,"edge":false,"slope_mean":0.54,"elev_mean":3.2,"flood_hist_n":0,"flood_depth_max_m":null,"flood_risk_100y":null,"semi_basement_r":null,"elderly_alone_r":0.3302,"bldg_age30_r":null,"shelter_min_walk":82,"pop":2891,"hh":1805,"elderly65_r":0.5265,"single_hh_r":0.5845,"source_level":"emd","flood_years":[],"landslide_hist_n":0},"geometry":{"type":"Polygon","coordinates":[[[126.67434,35.75819],[126.67352,35.75438],[126.67767,35.75236],[126.68265,35.75413],[126.68348,35.75794],[126.67932,35.75996],[126.67434,35.75819]]]}},{"type":"Feature","properties":{"h3":"8830c45613fffff","emd_code":"5280034000","emd_name":"계화면","area_km2":0.526,"edge":false,"slope_mean":1.09,"elev_mean":4.4,"flood_hist_n":0,"flood_depth_max_m":null,"flood_risk_100y":null,"semi_basement_r":null,"elderly_alone_r":0.3302,"bldg_age30_r":null,"shelter_min_walk":72,"pop":2891,"hh":1805,"elderly65_r":0.5265,"single_hh_r":0.5845,"source_level":"emd","flood_years":[],"landslide_hist_n":0},"geometry":{"type":"Polygon","coordinates":[[[126.68348,35.75794],[126.68265,35.75413],[126.68681,35.75211],[126.69179,35.75388],[126.69261,35.75769],[126.68846,35.75972],[126.68348,35.75794]]]}},{"type":"Feature","properties":{"h3":"8830c45615fffff","emd_code":"5280034000","emd_name":"계화면","area_km2":0.526,"edge":false,"slope_mean":0.97,"elev_mean":3.5,"flood_hist_n":0,"flood_depth_max_m":null,"flood_risk_100y":null,"semi_basement_r":null,"elderly_alone_r":0.3302,"bldg_age30_r":null,"shelter_min_walk":84,"pop":2891,"hh":1805,"elderly65_r":0.5265,"single_hh_r":0.5845,"source_level":"emd","flood_years":[],"landslide_hist_n":0},"geometry":{"type":"Polygon","coordinates":[[[126.66854,35.7526],[126.66771,35.7488],[126.67187,35.74677],[126.67685,35.74855],[126.67767,35.75236],[126.67352,35.75438],[126.66854,35.7526]]]}},{"type":"Feature","properties":{"h3":"8830c45617fffff","emd_code":"5280034000","emd_name":"계화면","area_km2":0.5261,"edge":false,"slope_mean":0.44,"elev_mean":3.4,"flood_hist_n":0,"flood_depth_max_m":null,"flood_risk_100y":null,"semi_basement_r":null,"elderly_alone_r":0.3302,"bldg_age30_r":null,"shelter_min_walk":73,"pop":2891,"hh":1805,"elderly65_r":0.5265,"single_hh_r":0.5845,"source_level":"emd","flood_years":[],"landslide_hist_n":0},"geometry":{"type":"Polygon","coordinates":[[[126.67767,35.75236],[126.67685,35.74855],[126.681,35.74652],[126.68598,35.7483],[126.68681,35.75211],[126.68265,35.75413],[126.67767,35.75236]]]}},{"type":"Feature","properties":{"h3":"8830c45619fffff","emd_code":"5280034000","emd_name":"계화면","area_km2":0.5258,"edge":false,"slope_mean":0.27,"elev_mean":2.7,"flood_hist_n":0,"flood_depth_max_m":null,"flood_risk_100y":null,"semi_basement_r":null,"elderly_alone_r":0.3302,"bldg_age30_r":null,"shelter_min_walk":91,"pop":2891,"hh":1805,"elderly65_r":0.5265,"single_hh_r":0.5845,"source_level":"emd","flood_years":[],"landslide_hist_n":0},"geometry":{"type":"Polygon","coordinates":[[[126.67101,35.76402],[126.67018,35.76021],[126.67434,35.75819],[126.67932,35.75996],[126.68015,35.76377],[126.67599,35.76579],[126.67101,35.76402]]]}},{"type":"Feature","properties":{"h3":"8830c4561bfffff","emd_code":"5280034000","emd_name":"계화면","area_km2":0.5259,"edge":false,"slope_mean":1.53,"elev_mean":4.6,"flood_hist_n":0,"flood_depth_max_m":null,"flood_risk_100y":null,"semi_basement_r":null,"elderly_alone_r":0.3302,"bldg_age30_r":null,"shelter_min_walk":82,"pop":2891,"hh":1805,"elderly65_r":0.5265,"single_hh_r":0.5845,"source_level":"emd","flood_years":[],"landslide_hist_n":0},"geometry":{"type":"Polygon","coordinates":[[[126.68015,35.76377],[126.67932,35.75996],[126.68348,35.75794],[126.68846,35.75972],[126.68928,35.76352],[126.68513,35.76555],[126.68015,35.76377]]]}},{"type":"Feature","properties":{"h3":"8830c4561dfffff","emd_code":"5280034000","emd_name":"계화면","area_km2":0.5259,"edge":false,"slope_mean":0.47,"elev_mean":2.1,"flood_hist_n":0,"flood_depth_max_m":null,"flood_risk_100y":null,"semi_basement_r":null,"elderly_alone_r":0.3302,"bldg_age30_r":null,"shelter_min_walk":92,"pop":2891,"hh":1805,"elderly65_r":0.5265,"single_hh_r":0.5845,"source_level":"emd","flood_years":[],"landslide_hist_n":0},"geometry":{"type":"Polygon","coordinates":[[[126.6652,35.75843],[126.66438,35.75463],[126.66854,35.7526],[126.67352,35.75438],[126.67434,35.75819],[126.67018,35.76021],[126.6652,35.75843]]]}},{"type":"Feature","properties":{"h3":"8830c45621fffff","emd_code":"5280040000","emd_name":"하서면","area_km2":0.5262,"edge":false,"slope_mean":17.08,"elev_mean":86.0,"flood_hist_n":0,"flood_depth_max_m":null,"flood_risk_100y":null,"semi_basement_r":null,"elderly_alone_r":0.3676,"bldg_age30_r":null,"shelter_min_walk":111,"pop":2319,"hh":1477,"elderly65_r":0.5295,"single_hh_r":0.6012,"source_level":"emd","flood_years":[],"landslide_hist_n":0},"geometry":{"type":"Polygon","coordinates":[[[126.64199,35.7361],[126.64116,35.73229],[126.64532,35.73026],[126.6503,35.73204],[126.65112,35.73585],[126.64697,35.73788],[126.64199,35.7361]]]}},{"type":"Feature","properties":{"h3":"8830c45623fffff","emd_code":"5280040000","emd_name":"하서면","area_km2":0.5262,"edge":false,"slope_mean":7.56,"elev_mean":18.3,"flood_hist_n":0,"flood_depth_max_m":null,"flood_risk_100y":null,"semi_basement_r":null,"elderly_alone_r":0.3676,"bldg_age30_r":null,"shelter_min_walk":99,"pop":2319,"hh":1477,"elderly65_r":0.5295,"single_hh_r":0.6012,"source_level":"emd","flood_years":[],"landslide_hist_n":0},"geometry":{"type":"Polygon","coordinates":[[[126.65112,35.73585],[126.6503,35.73204],[126.65445,35.73002],[126.65943,35.7318],[126.66026,35.7356],[126.6561,35.73763],[126.65112,35.73585]]]}},{"type":"Feature","properties":{"h3":"8830c45625fffff","emd_code":"5280040000","emd_name":"하서면","area_km2":0.5262,"edge":false,"slope_mean":14.71,"elev_mean":80.3,"flood_hist_n":0,"flood_depth_max_m":null,"flood_risk_100y":null,"semi_basement_r":null,"elderly_alone_r":0.3676,"bldg_age30_r":null,"shelter_min_walk":118,"pop":2319,"hh":1477,"elderly65_r":0.5295,"single_hh_r":0.6012,"source_level":"emd","flood_years":[],"landslide_hist_n":0},"geometry":{"type":"Polygon","coordinates":[[[126.63619,35.73051],[126.63536,35.7267],[126.63952,35.72468],[126.6445,35.72646],[126.64532,35.73026],[126.64116,35.73229],[126.63619,35.73051]]]}},{"type":"Feature","properties":{"h3":"8830c45627fffff","emd_code":"5280040000","emd_name":"하서면","area_km2":0.5263,"edge":false,"slope_mean":9.87,"elev_mean":34.4,"flood_hist_n":0,"flood_depth_max_m":null,"flood_risk_100y":null,"semi_basement_r":null,"elderly_alone_r":0.3676,"bldg_age30_r":null,"shelter_min_walk":106,"pop":2319,"hh":1477,"elderly65_r":0.5295,"single_hh_r":0.6012,"source_level":"emd","flood_years":[],"landslide_hist_n":0},"geometry":{"type":"Polygon","coordinates":[[[126.64532,35.73026],[126.6445,35.72646],[126.64865,35.72443],[126.65363,35.72621],[126.65445,35.73002],[126.6503,35.73204],[126.64532,35.73026]]]}},{"type":"Feature","properties":{"h3":"8830c45629fffff","emd_code":"5280040000","emd_name":"하서면","area_km2":0.526,"edge":false,"slope_mean":14.18,"elev_mean":61.9,"flood_hist_n":0,"flood_depth_max_m":null,"flood_risk_100y":null,"semi_basement_r":null,"elderly_alone_r":0.3676,"bldg_age30_r":null,"shelter_min_walk":117,"pop":2319,"hh":1477,"elderly65_r":0.5295,"single_hh_r":0.6012,"source_level":"emd","flood_years":[],"landslide_hist_n":0},"geometry":{"type":"Polygon","coordinates":[[[126.63866,35.74193],[126.63783,35.73812],[126.64199,35.7361],[126.64697,35.73788],[126.64779,35.74168],[126.64364,35.74371],[126.63866,35.74193]]]}},{"type":"Feature","properties":{"h3":"8830c4562bfffff","emd_code":"5280040000","emd_name":"하서면","area_km2":0.5261,"edge":false,"slope_mean":6.07,"elev_mean":17.6,"flood_hist_n":0,"flood_depth_max_m":null,"flood_risk_100y":null,"semi_basement_r":null,"elderly_alone_r":0.3676,"bldg_age30_r":null,"shelter_min_walk":105,"pop":2319,"hh":1477,"elderly65_r":0.5295,"single_hh_r":0.6012,"source_level":"emd","flood_years":[],"landslide_hist_n":0},"geometry":{"type":"Polygon","coordinates":[[[126.64779,35.74168],[126.64697,35.73788],[126.65112,35.73585],[126.6561,35.73763],[126.65693,35.74143],[126.65277,35.74346],[126.64779,35.74168]]]}},{"type":"Feature","properties":{"h3":"8830c4562dfffff","emd_code":"5280040000","emd_name":"하서면","area_km2":0.5261,"edge":false,"slope_mean":22.69,"elev_mean":162.5,"flood_hist_n":0,"flood_depth_max_m":null,"flood_risk_100y":null,"semi_basement_r":null,"elderly_alone_r":0.3676,"bldg_age30_r":null,"shelter_min_walk":123,"pop":2319,"hh":1477,"elderly65_r":0.5295,"single_hh_r":0.6012,"source_level":"emd","flood_years":[],"landslide_hist_n":0},"geometry":{"type":"Polygon","coordinates":[[[126.63286,35.73634],[126.63203,35.73254],[126.63619,35.73051],[126.64116,35.73229],[126.64199,35.7361],[126.63783,35.73812],[126.63286,35.73634]]]}},{"type":"Feature","properties":{"h3":"8830c45631fffff","emd_code":"5280033000","emd_name":"행안면","area_km2":0.5262,"edge":false,"slope_mean":0.08,"elev_mean":5.5,"flood_hist_n":0,"flood_depth_max_m":null,"flood_risk_100y":null,"semi_basement_r":null,"elderly_alone_r":0.2983,"bldg_age30_r":null,"shelter_min_walk":80,"pop":1966,"hh":1207,"elderly65_r":0.4466,"single_hh_r":0.5973,"source_level":"emd","flood_years":[],"landslide_hist_n":0},"geometry":{"type":"Polygon","coordinates":[[[126.66606,35.74119],[126.66524,35.73738],[126.66939,35.73535],[126.67437,35.73713],[126.6752,35.74094],[126.67104,35.74297],[126.66606,35.74119]]]}},{"type":"Feature","properties":{"h3":"8830c45633fffff","emd_code":"5280034000","emd_name":"계화면","area_km2":0.5262,"edge":false,"slope_mean":0.96,"elev_mean":3.5,"flood_hist_n":0,"flood_depth_max_m":null,"flood_risk_100y":null,"semi_basement_r":null,"elderly_alone_r":0.3302,"bldg_age30_r":null,"shelter_min_walk":68,"pop":2891,"hh":1805,"elderly65_r":0.5265,"single_hh_r":0.5845,"source_level":"emd","flood_years":[],"landslide_hist_n":0},"geometry":{"type":"Polygon","coordinates":[[[126.6752,35.74094],[126.67437,35.73713],[126.67853,35.73511],[126.68351,35.73688],[126.68433,35.74069],[126.68018,35.74272],[126.6752,35.74094]]]}},{"type":"Feature","properties":{"h3":"8830c45635fffff","emd_code":"5280040000","emd_name":"하서면","area_km2":0.5263,"edge":false,"slope_mean":0.3,"elev_mean":5.3,"flood_hist_n":0,"flood_depth_max_m":null,"flood_risk_100y":null,"semi_basement_r":null,"elderly_alone_r":0.3676,"bldg_age30_r":null,"shelter_min_walk":86,"pop":2319,"hh":1477,"elderly65_r":0.5295,"single_hh_r":0.6012,"source_level":"emd","flood_years":[],"landslide_hist_n":0},"geometry":{"type":"Polygon","coordinates":[[[126.66026,35.7356],[126.65943,35.7318],[126.66359,35.72977],[126.66857,35.73155],[126.66939,35.73535],[126.66524,35.73738],[126.66026,35.7356]]]}},{"type":"Feature","properties":{"h3":"8830c45637fffff","emd_code":"5280033000","emd_name":"행안면","area_km2":0.5263,"edge":false,"slope_mean":1.04,"elev_mean":4.5,"flood_hist_n":0,"flood_depth_max_m":null,"flood_risk_100y":null,"semi_basement_r":null,"elderly_alone_r":0.2983,"bldg_age30_r":null,"shelter_min_walk":74,"pop":1966,"hh":1207,"elderly65_r":0.4466,"single_hh_r":0.5973,"source_level":"emd","flood_years":[],"landslide_hist_n":0},"geometry":{"type":"Polygon","coordinates":[[[126.66939,35.73535],[126.66857,35.73155],[126.67272,35.72952],[126.6777,35.7313],[126.67853,35.73511],[126.67437,35.73713],[126.66939,35.73535]]]}},{"type":"Feature","properties":{"h3":"8830c45639fffff","emd_code":"5280034000","emd_name":"계화면","area_km2":0.5261,"edge":false,"slope_mean":0.0,"elev_mean":5.5,"flood_hist_n":0,"flood_depth_max_m":null,"flood_risk_100y":null,"semi_basement_r":null,"elderly_alone_r":0.3302,"bldg_age30_r":null,"shelter_min_walk":87,"pop":2891,"hh":1805,"elderly65_r":0.5265,"single_hh_r":0.5845,"source_level":"emd","flood_years":[],"landslide_hist_n":0},"geometry":{"type":"Polygon","coordinates":[[[126.66273,35.74702],[126.66191,35.74321],[126.66606,35.74119],[126.67104,35.74297],[126.67187,35.74677],[126.66771,35.7488],[126.66273,35.74702]]]}},{"type":"Feature","properties":{"h3":"8830c4563bfffff","emd_code":"5280034000","emd_name":"계화면","area_km2":0.5261,"edge":false,"slope_mean":0.82,"elev_mean":3.6,"flood_hist_n":0,"flood_depth_max_m":null,"flood_risk_100y":null,"semi_basement_r":null,"elderly_alone_r":0.3302,"bldg_age30_r":null,"shelter_min_walk":76,"pop":2891,"hh":1805,"elderly65_r":0.5265,"single_hh_r":0.5845,"source_level":"emd","flood_years":[],"landslide_hist_n":0},"geometry":{"type":"Polygon","coordinates":[[[126.67187,35.74677],[126.67104,35.74297],[126.6752,35.74094],[126.68018,35.74272],[126.681,35.74652],[126.67685,35.74855],[126.67187,35.74677]]]}},{"type":"Feature","properties":{"h3":"8830c4563dfffff","emd_code":"5280040000","emd_name":"하서면","area_km2":0.5261,"edge":false,"slope_mean":0.05,"elev_mean":5.5,"flood_hist_n":0,"flood_depth_max_m":null,"flood_risk_100y":null,"semi_basement_r":null,"elderly_alone_r":0.3676,"bldg_age30_r":null,"shelter_min_walk":92,"pop":2319,"hh":1477,"elderly65_r":0.5295,"single_hh_r":0.6012,"source_level":"emd","flood_years":[],"landslide_hist_n":0},"geometry":{"type":"Polygon","coordinates":[[[126.65693,35.74143],[126.6561,35.73763],[126.66026,35.7356],[126.66524,35.73738],[126.66606,35.74119],[126.66191,35.74321],[126.65693,35.74143]]]}},{"type":"Feature","properties":{"h3":"8830c45641fffff","emd_code":"5280034000","emd_name":"계화면","area_km2":0.5256,"edge":false,"slope_mean":0.36,"elev_mean":-0.7,"flood_hist_n":0,"flood_depth_max_m":null,"flood_risk_100y":null,"semi_basement_r":null,"elderly_alone_r":0.3302,"bldg_age30_r":null,"shelter_min_walk":134,"pop":2891,"hh":1805,"elderly65_r":0.5265,"single_hh_r":0.5845,"source_level":"emd","flood_years":[],"landslide_hist_n":0},"geometry":{"type":"Polygon","coordinates":[[[126.63447,35.765],[126.63365,35.7612],[126.6378,35.75917],[126.64278,35.76095],[126.6436,35.76476],[126.63945,35.76678],[126.63447,35.765]]]}},{"type":"Feature","properties":{"h3":"8830c45643fffff","emd_code":"5280034000","emd_name":"계화면","area_km2":0.5257,"edge":false,"slope_mean":0.35,"elev_mean":0.4,"flood_hist_n":0,"flood_depth_max_m":null,"flood_risk_100y":null,"semi_basement_r":null,"elderly_alone_r":0.3302,"bldg_age30_r":null,"shelter_min_walk":123,"pop":2891,"hh":1805,"elderly65_r":0.5265,"single_hh_r":0.5845,"source_level":"emd","flood_years":[],"landslide_hist_n":0},"geometry":{"type":"Polygon","coordinates":[[[126.6436,35.76476],[126.64278,35.76095],[126.64693,35.75893],[126.65191,35.76071],[126.65274,35.76451],[126.64858,35.76653],[126.6436,35.76476]]]}},{"type":"Feature","properties":{"h3":"8830c45645fffff","emd_code":"5280034000","emd_name":"계화면","area_km2":0.5257,"edge":false,"slope_mean":0.6,"elev_mean":-0.2,"flood_hist_n":0,"flood_depth_max_m":null,"flood_risk_100y":null,"semi_basement_r":null,"elderly_alone_r":0.3302,"bldg_age30_r":null,"shelter_min_walk":138,"pop":2891,"hh":1805,"elderly65_r":0.5265,"single_hh_r":0.5845,"source_level":"emd","flood_years":[],"landslide_hist_n":0},"geometry":{"type":"Polygon","coordinates":[[[126.62867,35.75942],[126.62784,35.75561],[126.632,35.75359],[126.63698,35.75537],[126.6378,35.75917],[126.63365,35.7612],[126.62867,35.75942]]]}},{"type":"Feature","properties":{"h3":"8830c45647fffff","emd_code":"5280034000","emd_name":"계화면","area_km2":0.5258,"edge":false,"slope_mean":1.68,"elev_mean":1.1,"flood_hist_n":0,"flood_depth_max_m":null,"flood_risk_100y":null,"semi_basement_r":null,"elderly_alone_r":0.3302,"bldg_age30_r":null,"shelter_min_walk":126,"pop":2891,"hh":1805,"elderly65_r":0.5265,"single_hh_r":0.5845,"source_level":"emd","flood_years":[],"landslide_hist_n":0},"geometry":{"type":"Polygon","coordinates":[[[126.6378,35.75917],[126.63698,35.75537],[126.64113,35.75334],[126.64611,35.75512],[126.64693,35.75893],[126.64278,35.76095],[126.6378,35.75917]]]}},{"type":"Feature","properties":{"h3":"8830c45649fffff","emd_code":"5280034000","emd_name":"계화면","area_km2":0.5255,"edge":false,"slope_mean":0.18,"elev_mean":-1.8,"flood_hist_n":0,"flood_depth_max_m":null,"flood_risk_100y":null,"semi_basement_r":null,"elderly_alone_r":0.3302,"bldg_age30_r":null,"shelter_min_walk":143,"pop":2891,"hh":1805,"elderly65_r":0.5265,"single_hh_r":0.5845,"source_level":"emd","flood_years":[],"landslide_hist_n":0},"geometry":{"type":"Polygon","coordinates":[[[126.63114,35.77083],[126.63032,35.76702],[126.63447,35.765],[126.63945,35.76678],[126.64027,35.77058],[126.63612,35.77261],[126.63114,35.77083]]]}},{"type":"Feature","properties":{"h3":"8830c4564bfffff","emd_code":"5280034000","emd_name":"계화면","area_km2":0.5256,"edge":false,"slope_mean":0.39,"elev_mean":0.1,"flood_hist_n":0,"flood_depth_max_m":null,"flood_risk_100y":null,"semi_basement_r":null,"elderly_alone_r":0.3302,"bldg_age30_r":null,"shelter_min_walk":132,"pop":2891,"hh":1805,"elderly65_r":0.5265,"single_hh_r":0.5845,"source_level":"emd","flood_years":[],"landslide_hist_n":0},"geometry":{"type":"Polygon","coordinates":[[[126.64027,35.77058],[126.63945,35.76678],[126.6436,35.76476],[126.64858,35.76653],[126.64941,35.77034],[126.64525,35.77236],[126.64027,35.77058]]]}},{"type":"Feature","properties":{"h3":"8830c4564dfffff","emd_code":"5280034000","emd_name":"계화면","area_km2":0.5256,"edge":false,"slope_mean":0.81,"elev_mean":-0.2,"flood_hist_n":0,"flood_depth_max_m":null,"flood_risk_100y":null,"semi_basement_r":null,"elderly_alone_r":0.3302,"bldg_age30_r":null,"shelter_min_walk":145,"pop":2891,"hh":1805,"elderly65_r":0.5265,"single_hh_r":0.5845,"source_level":"emd","flood_years":[],"landslide_hist_n":0},"geometry":{"type":"Polygon","coordinates":[[[126.62534,35.76524],[126.62451,35.76144],[126.62867,35.75942],[126.63365,35.7612],[126.63447,35.765],[126.63032,35.76702],[126.62534,35.76524]]]}},{"type":"Feature","properties":{"h3":"8830c45651fffff","emd_code":"5280034000","emd_name":"계화면","area_km2":0.5257,"edge":false,"slope_mean":0.27,"elev_mean":1.8,"flood_hist_n":0,"flood_depth_max_m":null,"flood_risk_100y":null,"semi_basement_r":null,"elderly_alone_r":0.3302,"bldg_age30_r":null,"shelter_min_walk":111,"pop":2891,"hh":1805,"elderly65_r":0.5265,"single_hh_r":0.5845,"source_level":"emd","flood_years":[],"landslide_hist_n":0},"geometry":{"type":"Polygon","coordinates":[[[126.65854,35.77009],[126.65772,35.76629],[126.66187,35.76426],[126.66685,35.76604],[126.66768,35.76985],[126.66352,35.77187],[126.65854,35.77009]]]}},{"type":"Feature","properties":{"h3":"8830c45653fffff","emd_code":"5280034000","emd_name":"계화면","area_km2":0.5257,"edge":false,"slope_mean":0.3,"elev_mean":2.2,"flood_hist_n":0,"flood_depth_max_m":null,"flood_risk_100y":null,"semi_basement_r":null,"elderly_alone_r":0.3302,"bldg_age30_r":null,"shelter_min_walk":101,"pop":2891,"hh":1805,"elderly65_r":0.5265,"single_hh_r":0.5845,"source_level":"emd","flood_years":[],"landslide_hist_n":0},"geometry":{"type":"Polygon","coordinates":[[[126.66768,35.76985],[126.66685,35.76604],[126.67101,35.76402],[126.67599,35.76579],[126.67681,35.7696],[126.67266,35.77162],[126.66768,35.76985]]]}},{"type":"Feature","properties":{"h3":"8830c45655fffff","emd_code":"5280034000","emd_name":"계화면","area_km2":0.5257,"edge":false,"slope_mean":0.34,"elev_mean":1.3,"flood_hist_n":0,"flood_depth_max_m":null,"flood_risk_100y":null,"semi_basement_r":null,"elderly_alone_r":0.3302,"bldg_age30_r":null,"shelter_min_walk":112,"pop":2891,"hh":1805,"elderly65_r":0.5265,"single_hh_r":0.5845,"source_level":"emd","flood_years":[],"landslide_hist_n":0},"geometry":{"type":"Polygon","coordinates":[[[126.65274,35.76451],[126.65191,35.76071],[126.65607,35.75868],[126.66105,35.76046],[126.66187,35.76426],[126.65772,35.76629],[126.65274,35.76451]]]}},{"type":"Feature","properties":{"h3":"8830c45657fffff","emd_code":"5280034000","emd_name":"계화면","area_km2":0.5258,"edge":false,"slope_mean":0.3,"elev_mean":1.9,"flood_hist_n":0,"flood_depth_max_m":null,"flood_risk_100y":null,"semi_basement_r":null,"elderly_alone_r":0.3302,"bldg_age30_r":null,"shelter_min_walk":102,"pop":2891,"hh":1805,"elderly65_r":0.5265,"single_hh_r":0.5845,"source_level":"emd","flood_years":[],"landslide_hist_n":0},"geometry":{"type":"Polygon","coordinates":[[[126.66187,35.76426],[126.66105,35.76046],[126.6652,35.75843],[126.67018,35.76021],[126.67101,35.76402],[126.66685,35.76604],[126.66187,35.76426]]]}},{"type":"Feature","properties":{"h3":"8830c45659fffff","emd_code":"5280034000","emd_name":"계화면","area_km2":0.5256,"edge":false,"slope_mean":0.31,"elev_mean":1.7,"flood_hist_n":0,"flood_depth_max_m":null,"flood_risk_100y":null,"semi_basement_r":null,"elderly_alone_r":0.3302,"bldg_age30_r":null,"shelter_min_walk":120,"pop":2891,"hh":1805,"elderly65_r":0.5265,"single_hh_r":0.5845,"source_level":"emd","flood_years":[],"landslide_hist_n":0},"geometry":{"type":"Polygon","coordinates":[[[126.65521,35.77592],[126.65439,35.77212],[126.65854,35.77009],[126.66352,35.77187],[126.66435,35.77567],[126.66019,35.7777],[126.65521,35.77592]]]}},{"type":"Feature","properties":{"h3":"8830c4565bfffff","emd_code":"5280034000","emd_name":"계화면","area_km2":0.5256,"edge":false,"slope_mean":0.35,"elev_mean":2.0,"flood_hist_n":0,"flood_depth_max_m":null,"flood_risk_100y":null,"semi_basement_r":null,"elderly_alone_r":0.3302,"bldg_age30_r":null,"shelter_min_walk":111,"pop":2891,"hh":1805,"elderly65_r":0.5265,"single_hh_r":0.5845,"source_level":"emd","flood_years":[],"landslide_hist_n":0},"geometry":{"type":"Polygon","coordinates":[[[126.66435,35.77567],[126.66352,35.77187],[126.66768,35.76985],[126.67266,35.77162],[126.67348,35.77543],[126.66933,35.77745],[126.66435,35.77567]]]}},{"type":"Feature","properties":{"h3":"8830c4565dfffff","emd_code":"5280034000","emd_name":"계화면","area_km2":0.5256,"edge":false,"slope_mean":0.3,"elev_mean":1.5,"flood_hist_n":0,"flood_depth_max_m":null,"flood_risk_100y":null,"semi_basement_r":null,"elderly_alone_r":0.3302,"bldg_age30_r":null,"shelter_min_walk":121,"pop":2891,"hh":1805,"elderly65_r":0.5265,"single_hh_r":0.5845,"source_level":"emd","flood_years":[],"landslide_hist_n":0},"geometry":{"type":"Polygon","coordinates":[[[126.64941,35.77034],[126.64858,35.76653],[126.65274,35.76451],[126.65772,35.76629],[126.65854,35.77009],[126.65439,35.77212],[126.64941,35.77034]]]}},{"type":"Feature","properties":{"h3":"8830c45661fffff","emd_code":"5280040000","emd_name":"하서면","area_km2":0.5259,"edge":false,"slope_mean":9.26,"elev_mean":20.0,"flood_hist_n":0,"flood_depth_max_m":null,"flood_risk_100y":null,"semi_basement_r":null,"elderly_alone_r":0.3676,"bldg_age30_r":null,"shelter_min_walk":135,"pop":2319,"hh":1477,"elderly65_r":0.5295,"single_hh_r":0.6012,"source_level":"emd","flood_years":[],"landslide_hist_n":0},"geometry":{"type":"Polygon","coordinates":[[[126.6262,35.748],[126.62537,35.7442],[126.62953,35.74217],[126.6345,35.74395],[126.63533,35.74776],[126.63117,35.74978],[126.6262,35.748]]]}},{"type":"Feature","properties":{"h3":"8830c45663fffff","emd_code":"5280034000","emd_name":"계화면","area_km2":0.5259,"edge":false,"slope_mean":8.11,"elev_mean":23.9,"flood_hist_n":0,"flood_depth_max_m":null,"flood_risk_100y":null,"semi_basement_r":null,"elderly_alone_r":0.3302,"bldg_age30_r":null,"shelter_min_walk":123,"pop":2891,"hh":1805,"elderly65_r":0.5265,"single_hh_r":0.5845,"source_level":"emd","flood_years":[],"landslide_hist_n":0},"geometry":{"type":"Polygon","coordinates":[[[126.63533,35.74776],[126.6345,35.74395],[126.63866,35.74193],[126.64364,35.74371],[126.64446,35.74751],[126.64031,35.74954],[126.63533,35.74776]]]}},{"type":"Feature","properties":{"h3":"8830c45665fffff","emd_code":"5280040000","emd_name":"하서면","area_km2":0.5259,"edge":false,"slope_mean":6.89,"elev_mean":18.2,"flood_hist_n":0,"flood_depth_max_m":null,"flood_risk_100y":null,"semi_basement_r":null,"elderly_alone_r":0.3676,"bldg_age30_r":null,"shelter_min_walk":141,"pop":2319,"hh":1477,"elderly65_r":0.5295,"single_hh_r":0.6012,"source_level":"emd","flood_years":[],"landslide_hist_n":0},"geometry":{"type":"Polygon","coordinates":[[[126.62039,35.74242],[126.61957,35.73861],[126.62372,35.73659],[126.6287,35.73837],[126.62953,35.74217],[126.62537,35.7442],[126.62039,35.74242]]]}},{"type":"Feature","properties":{"h3":"8830c45667fffff","emd_code":"5280040000","emd_name":"하서면","area_km2":0.526,"edge":false,"slope_mean":17.09,"elev_mean":85.3,"flood_hist_n":0,"flood_depth_max_m":null,"flood_risk_100y":null,"semi_basement_r":null,"elderly_alone_r":0.3676,"bldg_age30_r":null,"shelter_min_walk":129,"pop":2319,"hh":1477,"elderly65_r":0.5295,"single_hh_r":0.6012,"source_level":"emd","flood_years":[],"landslide_hist_n":0},"geometry":{"type":"Polygon","coordinates":[[[126.62953,35.74217],[126.6287,35.73837],[126.63286,35.73634],[126.63783,35.73812],[126.63866,35.74193],[126.6345,35.74395],[126.62953,35.74217]]]}},{"type":"Feature","properties":{"h3":"8830c45669fffff","emd_code":"5280034000","emd_name":"계화면","area_km2":0.5258,"edge":false,"slope_mean":1.85,"elev_mean":1.9,"flood_hist_n":0,"flood_depth_max_m":null,"flood_risk_100y":null,"semi_basement_r":null,"elderly_alone_r":0.3302,"bldg_age30_r":null,"shelter_min_walk":142,"pop":2891,"hh":1805,"elderly65_r":0.5265,"single_hh_r":0.5845,"source_level":"emd","flood_years":[],"landslide_hist_n":0},"geometry":{"type":"Polygon","coordinates":[[[126.62286,35.75383],[126.62204,35.75003],[126.6262,35.748],[126.63117,35.74978],[126.632,35.75359],[126.62784,35.75561],[126.62286,35.75383]]]}},{"type":"Feature","properties":{"h3":"8830c4566bfffff","emd_code":"5280034000","emd_name":"계화면","area_km2":0.5258,"edge":false,"slope_mean":2.73,"elev_mean":4.9,"flood_hist_n":0,"flood_depth_max_m":null,"flood_risk_100y":null,"semi_basement_r":null,"elderly_alone_r":0.3302,"bldg_age30_r":null,"shelter_min_walk":130,"pop":2891,"hh":1805,"elderly65_r":0.5265,"single_hh_r":0.5845,"source_level":"emd","flood_years":[],"landslide_hist_n":0},"geometry":{"type":"Polygon","coordinates":[[[126.632,35.75359],[126.63117,35.74978],[126.63533,35.74776],[126.64031,35.74954],[126.64113,35.75334],[126.63698,35.75537],[126.632,35.75359]]]}},{"type":"Feature","properties":{"h3":"8830c4566dfffff","emd_code":"5280040000","emd_name":"하서면","area_km2":0.5258,"edge":true,"slope_mean":1.14,"elev_mean":2.1,"flood_hist_n":0,"flood_depth_max_m":null,"flood_risk_100y":null,"semi_basement_r":null,"elderly_alone_r":0.3676,"bldg_age30_r":null,"shelter_min_walk":147,"pop":2319,"hh":1477,"elderly65_r":0.5295,"single_hh_r":0.6012,"source_level":"emd","flood_years":[],"landslide_hist_n":0},"geometry":{"type":"Polygon","coordinates":[[[126.61706,35.74825],[126.61624,35.74444],[126.62039,35.74242],[126.62537,35.7442],[126.6262,35.748],[126.62204,35.75003],[126.61706,35.74825]]]}},{"type":"Feature","properties":{"h3":"8830c45681fffff","emd_code":"5280033000","emd_name":"행안면","area_km2":0.5263,"edge":false,"slope_mean":5.18,"elev_mean":14.5,"flood_hist_n":0,"flood_depth_max_m":null,"flood_risk_100y":null,"semi_basement_r":null,"elderly_alone_r":0.2983,"bldg_age30_r":null,"shelter_min_walk":35,"pop":1966,"hh":1207,"elderly65_r":0.4466,"single_hh_r":0.5973,"source_level":"emd","flood_years":[],"landslide_hist_n":0},"geometry":{"type":"Polygon","coordinates":[[[126.71422,35.75136],[126.71339,35.74755],[126.71755,35.74552],[126.72253,35.7473],[126.72336,35.7511],[126.7192,35.75313],[126.71422,35.75136]]]}},{"type":"Feature","properties":{"h3":"8830c45683fffff","emd_code":"5280032000","emd_name":"동진면","area_km2":0.5263,"edge":false,"slope_mean":1.38,"elev_mean":6.0,"flood_hist_n":0,"flood_depth_max_m":null,"flood_risk_100y":null,"semi_basement_r":null,"elderly_alone_r":0.3557,"bldg_age30_r":null,"shelter_min_walk":30,"pop":2439,"hh":1563,"elderly65_r":0.5318,"single_hh_r":0.604,"source_level":"emd","flood_years":[],"landslide_hist_n":0},"geometry":{"type":"Polygon","coordinates":[[[126.72336,35.7511],[126.72253,35.7473],[126.72669,35.74527],[126.73167,35.74705],[126.7325,35.75085],[126.72834,35.75288],[126.72336,35.7511]]]}},{"type":"Feature","properties":{"h3":"8830c45685fffff","emd_code":"5280033000","emd_name":"행안면","area_km2":0.5263,"edge":false,"slope_mean":6.79,"elev_mean":18.0,"flood_hist_n":0,"flood_depth_max_m":null,"flood_risk_100y":null,"semi_basement_r":null,"elderly_alone_r":0.2983,"bldg_age30_r":null,"shelter_min_walk":34,"pop":1966,"hh":1207,"elderly65_r":0.4466,"single_hh_r":0.5973,"source_level":"emd","flood_years":[],"landslide_hist_n":0},"geometry":{"type":"Polygon","coordinates":[[[126.70841,35.74577],[126.70759,35.74197],[126.71174,35.73994],[126.71673,35.74172],[126.71755,35.74552],[126.71339,35.74755],[126.70841,35.74577]]]}},{"type":"Feature","properties":{"h3":"8830c45687fffff","emd_code":"5280033000","emd_name":"행안면","area_km2":0.5264,"edge":false,"slope_mean":2.77,"elev_mean":8.9,"flood_hist_n":0,"flood_depth_max_m":null,"flood_risk_100y":null,"semi_basement_r":null,"elderly_alone_r":0.2983,"bldg_age30_r":null,"shelter_min_walk":25,"pop":1966,"hh":1207,"elderly65_r":0.4466,"single_hh_r":0.5973,"source_level":"emd","flood_years":[],"landslide_hist_n":0},"geometry":{"type":"Polygon","coordinates":[[[126.71755,35.74552],[126.71673,35.74172],[126.72088,35.73969],[126.72586,35.74146],[126.72669,35.74527],[126.72253,35.7473],[126.71755,35.74552]]]}},{"type":"Feature","properties":{"h3":"8830c45689fffff","emd_code":"5280032000","emd_name":"동진면","area_km2":0.5262,"edge":false,"slope_mean":4.03,"elev_mean":9.9,"flood_hist_n":0,"flood_depth_max_m":null,"flood_risk_100y":null,"semi_basement_r":null,"elderly_alone_r":0.3557,"bldg_age30_r":null,"shelter_min_walk":46,"pop":2439,"hh":1563,"elderly65_r":0.5318,"single_hh_r":0.604,"source_level":"emd","flood_years":[],"landslide_hist_n":0},"geometry":{"type":"Polygon","coordinates":[[[126.71089,35.75719],[126.71006,35.75338],[126.71422,35.75136],[126.7192,35.75313],[126.72003,35.75694],[126.71587,35.75897],[126.71089,35.75719]]]}},{"type":"Feature","properties":{"h3":"8830c4568bfffff","emd_code":"5280032000","emd_name":"동진면","area_km2":0.5262,"edge":false,"slope_mean":1.4,"elev_mean":6.4,"flood_hist_n":0,"flood_depth_max_m":null,"flood_risk_100y":null,"semi_basement_r":null,"elderly_alone_r":0.3557,"bldg_age30_r":null,"shelter_min_walk":40,"pop":2439,"hh":1563,"elderly65_r":0.5318,"single_hh_r":0.604,"source_level":"emd","flood_years":[],"landslide_hist_n":0},"geometry":{"type":"Polygon","coordinates":[[[126.72003,35.75694],[126.7192,35.75313],[126.72336,35.7511],[126.72834,35.75288],[126.72917,35.75669],[126.72501,35.75871],[126.72003,35.75694]]]}},{"type":"Feature","properties":{"h3":"8830c4568dfffff","emd_code":"5280032000","emd_name":"동진면","area_km2":0.5262,"edge":false,"slope_mean":5.34,"elev_mean":13.1,"flood_hist_n":0,"flood_depth_max_m":null,"flood_risk_100y":null,"semi_basement_r":null,"elderly_alone_r":0.3557,"bldg_age30_r":null,"shelter_min_walk":44,"pop":2439,"hh":1563,"elderly65_r":0.5318,"single_hh_r":0.604,"source_level":"emd","flood_years":[],"landslide_hist_n":0},"geometry":{"type":"Polygon","coordinates":[[[126.70508,35.75161],[126.70426,35.7478],[126.70841,35.74577],[126.71339,35.74755],[126.71422,35.75136],[126.71006,35.75338],[126.70508,35.75161]]]}},{"type":"Feature","properties":{"h3":"8830c45691fffff","emd_code":"5280032000","emd_name":"동진면","area_km2":0.5263,"edge":false,"slope_mean":2.28,"elev_mean":7.2,"flood_hist_n":0,"flood_depth_max_m":null,"flood_risk_100y":null,"semi_basement_r":null,"elderly_alone_r":0.3557,"bldg_age30_r":null,"shelter_min_walk":40,"pop":2439,"hh":1563,"elderly65_r":0.5318,"single_hh_r":0.604,"source_level":"emd","flood_years":[],"landslide_hist_n":0},"geometry":{"type":"Polygon","coordinates":[[[126.73831,35.75643],[126.73748,35.75263],[126.74164,35.7506],[126.74662,35.75238],[126.74745,35.75618],[126.74329,35.75821],[126.73831,35.75643]]]}},{"type":"Feature","properties":{"h3":"8830c45693fffff","emd_code":"5280032000","emd_name":"동진면","area_km2":0.5264,"edge":false,"slope_mean":1.93,"elev_mean":6.1,"flood_hist_n":0,"flood_depth_max_m":null,"flood_risk_100y":null,"semi_basement_r":null,"elderly_alone_r":0.3557,"bldg_age30_r":null,"shelter_min_walk":45,"pop":2439,"hh":1563,"elderly65_r":0.5318,"single_hh_r":0.604,"source_level":"emd","flood_years":[],"landslide_hist_n":0},"geometry":{"type":"Polygon","coordinates":[[[126.74745,35.75618],[126.74662,35.75238],[126.75078,35.75035],[126.75576,35.75212],[126.75659,35.75593],[126.75243,35.75796],[126.74745,35.75618]]]}},{"type":"Feature","properties":{"h3":"8830c45695fffff","emd_code":"5280032000","emd_name":"동진면","area_km2":0.5264,"edge":false,"slope_mean":4.59,"elev_mean":11.2,"flood_hist_n":0,"flood_depth_max_m":null,"flood_risk_100y":null,"semi_basement_r":null,"elderly_alone_r":0.3557,"bldg_age30_r":null,"shelter_min_walk":29,"pop":2439,"hh":1563,"elderly65_r":0.5318,"single_hh_r":0.604,"source_level":"emd","flood_years":[],"landslide_hist_n":0},"geometry":{"type":"Polygon","coordinates":[[[126.7325,35.75085],[126.73167,35.74705],[126.73583,35.74502],[126.74081,35.74679],[126.74164,35.7506],[126.73748,35.75263],[126.7325,35.75085]]]}},{"type":"Feature","properties":{"h3":"8830c45697fffff","emd_code":"5280032000","emd_name":"동진면","area_km2":0.5264,"edge":false,"slope_mean":2.83,"elev_mean":7.8,"flood_hist_n":0,"flood_depth_max_m":null,"flood_risk_100y":null,"semi_basement_r":null,"elderly_alone_r":0.3557,"bldg_age30_r":null,"shelter_min_walk":33,"pop":2439,"hh":1563,"elderly65_r":0.5318,"single_hh_r":0.604,"source_level":"emd","flood_years":[],"landslide_hist_n":0},"geometry":{"type":"Polygon","coordinates":[[[126.74164,35.7506],[126.74081,35.74679],[126.74497,35.74476],[126.74995,35.74654],[126.75078,35.75035],[126.74662,35.75238],[126.74164,35.7506]]]}},{"type":"Feature","properties":{"h3":"8830c45699fffff","emd_code":"5280032000","emd_name":"동진면","area_km2":0.5262,"edge":false,"slope_mean":0.52,"elev_mean":4.7,"flood_hist_n":0,"flood_depth_max_m":null,"flood_risk_100y":null,"semi_basement_r":null,"elderly_alone_r":0.3557,"bldg_age30_r":null,"shelter_min_walk":48,"pop":2439,"hh":1563,"elderly65_r":0.5318,"single_hh_r":0.604,"source_level":"emd","flood_years":[],"landslide_hist_n":0},"geometry":{"type":"Polygon","coordinates":[[[126.73497,35.76227],[126.73415,35.75846],[126.73831,35.75643],[126.74329,35.75821],[126.74411,35.76201],[126.73996,35.76404],[126.73497,35.76227]]]}},{"type":"Feature","properties":{"h3":"8830c4569bfffff","emd_code":"5280032000","emd_name":"동진면","area_km2":0.5262,"edge":false,"slope_mean":0.69,"elev_mean":4.8,"flood_hist_n":0,"flood_depth_max_m":null,"flood_risk_100y":null,"semi_basement_r":null,"elderly_alone_r":0.3557,"bldg_age30_r":null,"shelter_min_walk":51,"pop":2439,"hh":1563,"elderly65_r":0.5318,"single_hh_r":0.604,"source_level":"emd","flood_years":[],"landslide_hist_n":0},"geometry":{"type":"Polygon","coordinates":[[[126.74411,35.76201],[126.74329,35.75821],[126.74745,35.75618],[126.75243,35.75796],[126.75325,35.76176],[126.7491,35.76379],[126.74411,35.76201]]]}},{"type":"Feature","properties":{"h3":"8830c4569dfffff","emd_code":"5280032000","emd_name":"동진면","area_km2":0.5263,"edge":false,"slope_mean":0.66,"elev_mean":4.9,"flood_hist_n":0,"flood_depth_max_m":null,"flood_risk_100y":null,"semi_basement_r":null,"elderly_alone_r":0.3557,"bldg_age30_r":null,"shelter_min_walk":38,"pop":2439,"hh":1563,"elderly65_r":0.5318,"single_hh_r":0.604,"source_level":"emd","flood_years":[],"landslide_hist_n":0},"geometry":{"type":"Polygon","coordinates":[[[126.72917,35.75669],[126.72834,35.75288],[126.7325,35.75085],[126.73748,35.75263],[126.73831,35.75643],[126.73415,35.75846],[126.72917,35.75669]]]}},{"type":"Feature","properties":{"h3":"8830c456a1fffff","emd_code":"5280033000","emd_name":"행안면","area_km2":0.5265,"edge":false,"slope_mean":5.91,"elev_mean":15.5,"flood_hist_n":0,"flood_depth_max_m":null,"flood_risk_100y":null,"semi_basement_r":null,"elderly_alone_r":0.2983,"bldg_age30_r":null,"shelter_min_walk":26,"pop":1966,"hh":1207,"elderly65_r":0.4466,"single_hh_r":0.5973,"source_level":"emd","flood_years":[],"landslide_hist_n":0},"geometry":{"type":"Polygon","coordinates":[[[126.70594,35.73435],[126.70511,35.73055],[126.70927,35.72852],[126.71425,35.7303],[126.71508,35.7341],[126.71092,35.73613],[126.70594,35.73435]]]}},{"type":"Feature","properties":{"h3":"8830c456a3fffff","emd_code":"5280033000","emd_name":"행안면","area_km2":0.5266,"edge":false,"slope_mean":6.16,"elev_mean":20.2,"flood_hist_n":0,"flood_depth_max_m":null,"flood_risk_100y":null,"semi_basement_r":null,"elderly_alone_r":0.2983,"bldg_age30_r":null,"shelter_min_walk":14,"pop":1966,"hh":1207,"elderly65_r":0.4466,"single_hh_r":0.5973,"source_level":"emd","flood_years":[],"landslide_hist_n":0},"geometry":{"type":"Polygon","coordinates":[[[126.71508,35.7341],[126.71425,35.7303],[126.71841,35.72827],[126.72339,35.73004],[126.72421,35.73385],[126.72006,35.73588],[126.71508,35.7341]]]}},{"type":"Feature","properties":{"h3":"8830c456a5fffff","emd_code":"5280033000","emd_name":"행안면","area_km2":0.5266,"edge":false,"slope_mean":0.97,"elev_mean":4.7,"flood_hist_n":0,"flood_depth_max_m":null,"flood_risk_100y":null,"semi_basement_r":null,"elderly_alone_r":0.2983,"bldg_age30_r":null,"shelter_min_walk":32,"pop":1966,"hh":1207,"elderly65_r":0.4466,"single_hh_r":0.5973,"source_level":"emd","flood_years":[],"landslide_hist_n":0},"geometry":{"type":"Polygon","coordinates":[[[126.70013,35.72877],[126.69931,35.72496],[126.70346,35.72293],[126.70844,35.72471],[126.70927,35.72852],[126.70511,35.73055],[126.70013,35.72877]]]}},{"type":"Feature","properties":{"h3":"8830c456a7fffff","emd_code":"5280033000","emd_name":"행안면","area_km2":0.5266,"edge":false,"slope_mean":1.71,"elev_mean":6.6,"flood_hist_n":0,"flood_depth_max_m":null,"flood_risk_100y":null,"semi_basement_r":null,"elderly_alone_r":0.2983,"bldg_age30_r":null,"shelter_min_walk":20,"pop":1966,"hh":1207,"elderly65_r":0.4466,"single_hh_r":0.5973,"source_level":"emd","flood_years":[],"landslide_hist_n":0},"geometry":{"type":"Polygon","coordinates":[[[126.70927,35.72852],[126.70844,35.72471],[126.7126,35.72268],[126.71758,35.72446],[126.71841,35.72827],[126.71425,35.7303],[126.70927,35.72852]]]}},{"type":"Feature","properties":{"h3":"8830c456a9fffff","emd_code":"5280033000","emd_name":"행안면","area_km2":0.5264,"edge":false,"slope_mean":2.59,"elev_mean":7.1,"flood_hist_n":0,"flood_depth_max_m":null,"flood_risk_100y":null,"semi_basement_r":null,"elderly_alone_r":0.2983,"bldg_age30_r":null,"shelter_min_walk":34,"pop":1966,"hh":1207,"elderly65_r":0.4466,"single_hh_r":0.5973,"source_level":"emd","flood_years":[],"landslide_hist_n":0},"geometry":{"type":"Polygon","coordinates":[[[126.70261,35.74019],[126.70178,35.73638],[126.70594,35.73435],[126.71092,35.73613],[126.71174,35.73994],[126.70759,35.74197],[126.70261,35.74019]]]}},{"type":"Feature","properties":{"h3":"8830c456abfffff","emd_code":"5280033000","emd_name":"행안면","area_km2":0.5264,"edge":false,"slope_mean":6.14,"elev_mean":18.7,"flood_hist_n":0,"flood_depth_max_m":null,"flood_risk_100y":null,"semi_basement_r":null,"elderly_alone_r":0.2983,"bldg_age30_r":null,"shelter_min_walk":24,"pop":1966,"hh":1207,"elderly65_r":0.4466,"single_hh_r":0.5973,"source_level":"emd","flood_years":[],"landslide_hist_n":0},"geometry":{"type":"Polygon","coordinates":[[[126.71174,35.73994],[126.71092,35.73613],[126.71508,35.7341],[126.72006,35.73588],[126.72088,35.73969],[126.71673,35.74172],[126.71174,35.73994]]]}},{"type":"Feature","properties":{"h3":"8830c456adfffff","emd_code":"5280033000","emd_name":"행안면","area_km2":0.5265,"edge":false,"slope_mean":1.29,"elev_mean":4.8,"flood_hist_n":0,"flood_depth_max_m":null,"flood_risk_100y":null,"semi_basement_r":null,"elderly_alone_r":0.2983,"bldg_age30_r":null,"shelter_min_walk":38,"pop":1966,"hh":1207,"elderly65_r":0.4466,"single_hh_r":0.5973,"source_level":"emd","flood_years":[],"landslide_hist_n":0},"geometry":{"type":"Polygon","coordinates":[[[126.6968,35.73461],[126.69598,35.7308],[126.70013,35.72877],[126.70511,35.73055],[126.70594,35.73435],[126.70178,35.73638],[126.6968,35.73461]]]}},{"type":"Feature","properties":{"h3":"8830c456b1fffff","emd_code":"5280025000","emd_name":"부안읍","area_km2":0.5265,"edge":false,"slope_mean":9.34,"elev_mean":34.5,"flood_hist_n":0,"flood_depth_max_m":null,"flood_risk_100y":null,"semi_basement_r":null,"elderly_alone_r":0.2187,"bldg_age30_r":null,"shelter_min_walk":10,"pop":19785,"hh":10032,"elderly65_r":0.2799,"single_hh_r":0.4687,"source_level":"emd","flood_years":[],"landslide_hist_n":1},"geometry":{"type":"Polygon","coordinates":[[[126.73002,35.73943],[126.7292,35.73563],[126.73335,35.7336],[126.73833,35.73538],[126.73916,35.73918],[126.735,35.74121],[126.73002,35.73943]]]}},{"type":"Feature","properties":{"h3":"8830c456b3fffff","emd_code":"5280025000","emd_name":"부안읍","area_km2":0.5266,"edge":false,"slope_mean":9.37,"elev_mean":28.2,"flood_hist_n":0,"flood_depth_max_m":null,"flood_risk_100y":null,"semi_basement_r":null,"elderly_alone_r":0.2187,"bldg_age30_r":null,"shelter_min_walk":16,"pop":19785,"hh":10032,"elderly65_r":0.2799,"single_hh_r":0.4687,"source_level":"emd","flood_years":[],"landslide_hist_n":0},"geometry":{"type":"Polygon","coordinates":[[[126.73916,35.73918],[126.73833,35.73538],[126.74249,35.73334],[126.74747,35.73512],[126.7483,35.73893],[126.74414,35.74096],[126.73916,35.73918]]]}},{"type":"Feature","properties":{"h3":"8830c456b5fffff","emd_code":"5280025000","emd_name":"부안읍","area_km2":0.5266,"edge":false,"slope_mean":10.63,"elev_mean":36.9,"flood_hist_n":0,"flood_depth_max_m":null,"flood_risk_100y":null,"semi_basement_r":null,"elderly_alone_r":0.2187,"bldg_age30_r":null,"shelter_min_walk":7,"pop":19785,"hh":10032,"elderly65_r":0.2799,"single_hh_r":0.4687,"source_level":"emd","flood_years":[],"landslide_hist_n":0},"geometry":{"type":"Polygon","coordinates":[[[126.72421,35.73385],[126.72339,35.73004],[126.72754,35.72801],[126.73253,35.72979],[126.73335,35.7336],[126.7292,35.73563],[126.72421,35.73385]]]}},{"type":"Feature","properties":{"h3":"8830c456b7fffff","emd_code":"5280025000","emd_name":"부안읍","area_km2":0.5267,"edge":false,"slope_mean":4.72,"elev_mean":16.4,"flood_hist_n":0,"flood_depth_max_m":null,"flood_risk_100y":null,"semi_basement_r":null,"elderly_alone_r":0.2187,"bldg_age30_r":null,"shelter_min_walk":6,"pop":19785,"hh":10032,"elderly65_r":0.2799,"single_hh_r":0.4687,"source_level":"emd","flood_years":[],"landslide_hist_n":0},"geometry":{"type":"Polygon","coordinates":[[[126.73335,35.7336],[126.73253,35.72979],[126.73668,35.72776],[126.74167,35.72954],[126.74249,35.73334],[126.73833,35.73538],[126.73335,35.7336]]]}},{"type":"Feature","properties":{"h3":"8830c456b9fffff","emd_code":"5280032000","emd_name":"동진면","area_km2":0.5264,"edge":false,"slope_mean":4.97,"elev_mean":15.9,"flood_hist_n":0,"flood_depth_max_m":null,"flood_risk_100y":null,"semi_basement_r":null,"elderly_alone_r":0.3557,"bldg_age30_r":null,"shelter_min_walk":19,"pop":2439,"hh":1563,"elderly65_r":0.5318,"single_hh_r":0.604,"source_level":"emd","flood_years":[],"landslide_hist_n":0},"geometry":{"type":"Polygon","coordinates":[[[126.72669,35.74527],[126.72586,35.74146],[126.73002,35.73943],[126.735,35.74121],[126.73583,35.74502],[126.73167,35.74705],[126.72669,35.74527]]]}},{"type":"Feature","properties":{"h3":"8830c456bbfffff","emd_code":"5280032000","emd_name":"동진면","area_km2":0.5265,"edge":false,"slope_mean":7.55,"elev_mean":21.9,"flood_hist_n":0,"flood_depth_max_m":null,"flood_risk_100y":null,"semi_basement_r":null,"elderly_alone_r":0.3557,"bldg_age30_r":null,"shelter_min_walk":21,"pop":2439,"hh":1563,"elderly65_r":0.5318,"single_hh_r":0.604,"source_level":"emd","flood_years":[],"landslide_hist_n":0},"geometry":{"type":"Polygon","coordinates":[[[126.73583,35.74502],[126.735,35.74121],[126.73916,35.73918],[126.74414,35.74096],[126.74497,35.74476],[126.74081,35.74679],[126.73583,35.74502]]]}},{"type":"Feature","properties":{"h3":"8830c456bdfffff","emd_code":"5280033000","emd_name":"행안면","area_km2":0.5265,"edge":false,"slope_mean":6.35,"elev_mean":20.0,"flood_hist_n":0,"flood_depth_max_m":null,"flood_risk_100y":null,"semi_basement_r":null,"elderly_alone_r":0.2983,"bldg_age30_r":null,"shelter_min_walk":15,"pop":1966,"hh":1207,"elderly65_r":0.4466,"single_hh_r":0.5973,"source_level":"emd","flood_years":[],"landslide_hist_n":0},"geometry":{"type":"Polygon","coordinates":[[[126.72088,35.73969],[126.72006,35.73588],[126.72421,35.73385],[126.7292,35.73563],[126.73002,35.73943],[126.72586,35.74146],[126.72088,35.73969]]]}},{"type":"Feature","properties":{"h3":"8830c456c1fffff","emd_code":"5280034000","emd_name":"계화면","area_km2":0.526,"edge":false,"slope_mean":2.41,"elev_mean":9.3,"flood_hist_n":0,"flood_depth_max_m":null,"flood_risk_100y":null,"semi_basement_r":null,"elderly_alone_r":0.3302,"bldg_age30_r":null,"shelter_min_walk":64,"pop":2891,"hh":1805,"elderly65_r":0.5265,"single_hh_r":0.5845,"source_level":"emd","flood_years":[],"landslide_hist_n":0},"geometry":{"type":"Polygon","coordinates":[[[126.69842,35.76327],[126.69759,35.75947],[126.70175,35.75744],[126.70673,35.75922],[126.70756,35.76302],[126.7034,35.76505],[126.69842,35.76327]]]}},{"type":"Feature","properties":{"h3":"8830c456c3fffff","emd_code":"5280032000","emd_name":"동진면","area_km2":0.526,"edge":false,"slope_mean":3.73,"elev_mean":10.3,"flood_hist_n":0,"flood_depth_max_m":null,"flood_risk_100y":null,"semi_basement_r":null,"elderly_alone_r":0.3557,"bldg_age30_r":null,"shelter_min_walk":57,"pop":2439,"hh":1563,"elderly65_r":0.5318,"single_hh_r":0.604,"source_level":"emd","flood_years":[],"landslide_hist_n":0},"geometry":{"type":"Polygon","coordinates":[[[126.70756,35.76302],[126.70673,35.75922],[126.71089,35.75719],[126.71587,35.75897],[126.7167,35.76277],[126.71254,35.7648],[126.70756,35.76302]]]}},{"type":"Feature","properties":{"h3":"8830c456c5fffff","emd_code":"5280034000","emd_name":"계화면","area_km2":0.5261,"edge":false,"slope_mean":2.32,"elev_mean":7.8,"flood_hist_n":0,"flood_depth_max_m":null,"flood_risk_100y":null,"semi_basement_r":null,"elderly_alone_r":0.3302,"bldg_age30_r":null,"shelter_min_walk":63,"pop":2891,"hh":1805,"elderly65_r":0.5265,"single_hh_r":0.5845,"source_level":"emd","flood_years":[],"landslide_hist_n":0},"geometry":{"type":"Polygon","coordinates":[[[126.69261,35.75769],[126.69179,35.75388],[126.69594,35.75186],[126.70093,35.75363],[126.70175,35.75744],[126.69759,35.75947],[126.69261,35.75769]]]}},{"type":"Feature","properties":{"h3":"8830c456c7fffff","emd_code":"5280032000","emd_name":"동진면","area_km2":0.5261,"edge":false,"slope_mean":3.78,"elev_mean":10.4,"flood_hist_n":0,"flood_depth_max_m":null,"flood_risk_100y":null,"semi_basement_r":null,"elderly_alone_r":0.3557,"bldg_age30_r":null,"shelter_min_walk":54,"pop":2439,"hh":1563,"elderly65_r":0.5318,"single_hh_r":0.604,"source_level":"emd","flood_years":[],"landslide_hist_n":0},"geometry":{"type":"Polygon","coordinates":[[[126.70175,35.75744],[126.70093,35.75363],[126.70508,35.75161],[126.71006,35.75338],[126.71089,35.75719],[126.70673,35.75922],[126.70175,35.75744]]]}},{"type":"Feature","properties":{"h3":"8830c456c9fffff","emd_code":"5280034000","emd_name":"계화면","area_km2":0.5259,"edge":false,"slope_mean":2.31,"elev_mean":7.4,"flood_hist_n":0,"flood_depth_max_m":null,"flood_risk_100y":null,"semi_basement_r":null,"elderly_alone_r":0.3302,"bldg_age30_r":null,"shelter_min_walk":74,"pop":2891,"hh":1805,"elderly65_r":0.5265,"single_hh_r":0.5845,"source_level":"emd","flood_years":[],"landslide_hist_n":0},"geometry":{"type":"Polygon","coordinates":[[[126.69509,35.7691],[126.69426,35.7653],[126.69842,35.76327],[126.7034,35.76505],[126.70423,35.76885],[126.70007,35.77088],[126.69509,35.7691]]]}},{"type":"Feature","properties":{"h3":"8830c456cbfffff","emd_code":"5280034000","emd_name":"계화면","area_km2":0.5259,"edge":false,"slope_mean":0.76,"elev_mean":5.1,"flood_hist_n":0,"flood_depth_max_m":null,"flood_risk_100y":null,"semi_basement_r":null,"elderly_alone_r":0.3302,"bldg_age30_r":null,"shelter_min_walk":67,"pop":2891,"hh":1805,"elderly65_r":0.5265,"single_hh_r":0.5845,"source_level":"emd","flood_years":[],"landslide_hist_n":0},"geometry":{"type":"Polygon","coordinates":[[[126.70423,35.76885],[126.7034,35.76505],[126.70756,35.76302],[126.71254,35.7648],[126.71336,35.7686],[126.70921,35.77063],[126.70423,35.76885]]]}},{"type":"Feature","properties":{"h3":"8830c456cdfffff","emd_code":"5280034000","emd_name":"계화면","area_km2":0.5259,"edge":false,"slope_mean":5.33,"elev_mean":13.7,"flood_hist_n":0,"flood_depth_max_m":null,"flood_risk_100y":null,"semi_basement_r":null,"elderly_alone_r":0.3302,"bldg_age30_r":null,"shelter_min_walk":73,"pop":2891,"hh":1805,"elderly65_r":0.5265,"single_hh_r":0.5845,"source_level":"emd","flood_years":[],"landslide_hist_n":0},"geometry":{"type":"Polygon","coordinates":[[[126.68928,35.76352],[126.68846,35.75972],[126.69261,35.75769],[126.69759,35.75947],[126.69842,35.76327],[126.69426,35.7653],[126.68928,35.76352]]]}},{"type":"Feature","properties":{"h3":"8830c456d1fffff","emd_code":"5280032000","emd_name":"동진면","area_km2":0.526,"edge":false,"slope_mean":4.76,"elev_mean":12.6,"flood_hist_n":0,"flood_depth_max_m":null,"flood_risk_100y":null,"semi_basement_r":null,"elderly_alone_r":0.3557,"bldg_age30_r":null,"shelter_min_walk":58,"pop":2439,"hh":1563,"elderly65_r":0.5318,"single_hh_r":0.604,"source_level":"emd","flood_years":[],"landslide_hist_n":0},"geometry":{"type":"Polygon","coordinates":[[[126.7225,35.76835],[126.72168,35.76455],[126.72583,35.76252],[126.73082,35.7643],[126.73164,35.7681],[126.72749,35.77013],[126.7225,35.76835]]]}},{"type":"Feature","properties":{"h3":"8830c456d3fffff","emd_code":"5280032000","emd_name":"동진면","area_km2":0.5261,"edge":false,"slope_mean":2.92,"elev_mean":7.6,"flood_hist_n":0,"flood_depth_max_m":null,"flood_risk_100y":null,"semi_basement_r":null,"elderly_alone_r":0.3557,"bldg_age30_r":null,"shelter_min_walk":57,"pop":2439,"hh":1563,"elderly65_r":0.5318,"single_hh_r":0.604,"source_level":"emd","flood_years":[],"landslide_hist_n":0},"geometry":{"type":"Polygon","coordinates":[[[126.73164,35.7681],[126.73082,35.7643],[126.73497,35.76227],[126.73996,35.76404],[126.74078,35.76785],[126.73662,35.76988],[126.73164,35.7681]]]}},{"type":"Feature","properties":{"h3":"8830c456d5fffff","emd_code":"5280032000","emd_name":"동진면","area_km2":0.5261,"edge":false,"slope_mean":3.05,"elev_mean":8.5,"flood_hist_n":0,"flood_depth_max_m":null,"flood_risk_100y":null,"semi_basement_r":null,"elderly_alone_r":0.3557,"bldg_age30_r":null,"shelter_min_walk":51,"pop":2439,"hh":1563,"elderly65_r":0.5318,"single_hh_r":0.604,"source_level":"emd","flood_years":[],"landslide_hist_n":0},"geometry":{"type":"Polygon","coordinates":[[[126.7167,35.76277],[126.71587,35.75897],[126.72003,35.75694],[126.72501,35.75871],[126.72583,35.76252],[126.72168,35.76455],[126.7167,35.76277]]]}},{"type":"Feature","properties":{"h3":"8830c456d7fffff","emd_code":"5280032000","emd_name":"동진면","area_km2":0.5261,"edge":false,"slope_mean":0.64,"elev_mean":4.8,"flood_hist_n":0,"flood_depth_max_m":null,"flood_risk_100y":null,"semi_basement_r":null,"elderly_alone_r":0.3557,"bldg_age30_r":null,"shelter_min_walk":48,"pop":2439,"hh":1563,"elderly65_r":0.5318,"single_hh_r":0.604,"source_level":"emd","flood_years":[],"landslide_hist_n":0},"geometry":{"type":"Polygon","coordinates":[[[126.72583,35.76252],[126.72501,35.75871],[126.72917,35.75669],[126.73415,35.75846],[126.73497,35.76227],[126.73082,35.7643],[126.72583,35.76252]]]}},{"type":"Feature","properties":{"h3":"8830c456d9fffff","emd_code":"5280032000","emd_name":"동진면","area_km2":0.5259,"edge":false,"slope_mean":1.6,"elev_mean":6.3,"flood_hist_n":0,"flood_depth_max_m":null,"flood_risk_100y":null,"semi_basement_r":null,"elderly_alone_r":0.3557,"bldg_age30_r":null,"shelter_min_walk":68,"pop":2439,"hh":1563,"elderly65_r":0.5318,"single_hh_r":0.604,"source_level":"emd","flood_years":[],"landslide_hist_n":0},"geometry":{"type":"Polygon","coordinates":[[[126.71917,35.77418],[126.71835,35.77038],[126.7225,35.76835],[126.72749,35.77013],[126.72831,35.77393],[126.72415,35.77596],[126.71917,35.77418]]]}},{"type":"Feature","properties":{"h3":"8830c456dbfffff","emd_code":"5280032000","emd_name":"동진면","area_km2":0.526,"edge":false,"slope_mean":1.68,"elev_mean":6.3,"flood_hist_n":0,"flood_depth_max_m":null,"flood_risk_100y":null,"semi_basement_r":null,"elderly_alone_r":0.3557,"bldg_age30_r":null,"shelter_min_walk":67,"pop":2439,"hh":1563,"elderly65_r":0.5318,"single_hh_r":0.604,"source_level":"emd","flood_years":[],"landslide_hist_n":0},"geometry":{"type":"Polygon","coordinates":[[[126.72831,35.77393],[126.72749,35.77013],[126.73164,35.7681],[126.73662,35.76988],[126.73745,35.77368],[126.73329,35.77571],[126.72831,35.77393]]]}},{"type":"Feature","properties":{"h3":"8830c456ddfffff","emd_code":"5280032000","emd_name":"동진면","area_km2":0.526,"edge":false,"slope_mean":2.98,"elev_mean":9.2,"flood_hist_n":0,"flood_depth_max_m":null,"flood_risk_100y":null,"semi_basement_r":null,"elderly_alone_r":0.3557,"bldg_age30_r":null,"shelter_min_walk":62,"pop":2439,"hh":1563,"elderly65_r":0.5318,"single_hh_r":0.604,"source_level":"emd","flood_years":[],"landslide_hist_n":0},"geometry":{"type":"Polygon","coordinates":[[[126.71336,35.7686],[126.71254,35.7648],[126.7167,35.76277],[126.72168,35.76455],[126.7225,35.76835],[126.71835,35.77038],[126.71336,35.7686]]]}},{"type":"Feature","properties":{"h3":"8830c456e1fffff","emd_code":"5280032000","emd_name":"동진면","area_km2":0.5262,"edge":false,"slope_mean":2.42,"elev_mean":6.8,"flood_hist_n":0,"flood_depth_max_m":null,"flood_risk_100y":null,"semi_basement_r":null,"elderly_alone_r":0.3557,"bldg_age30_r":null,"shelter_min_walk":53,"pop":2439,"hh":1563,"elderly65_r":0.5318,"single_hh_r":0.604,"source_level":"emd","flood_years":[],"landslide_hist_n":0},"geometry":{"type":"Polygon","coordinates":[[[126.69014,35.74627],[126.68931,35.74247],[126.69347,35.74044],[126.69845,35.74222],[126.69928,35.74602],[126.69512,35.74805],[126.69014,35.74627]]]}},{"type":"Feature","properties":{"h3":"8830c456e3fffff","emd_code":"5280032000","emd_name":"동진면","area_km2":0.5263,"edge":false,"slope_mean":4.61,"elev_mean":10.5,"flood_hist_n":0,"flood_depth_max_m":null,"flood_risk_100y":null,"semi_basement_r":null,"elderly_alone_r":0.3557,"bldg_age30_r":null,"shelter_min_walk":43,"pop":2439,"hh":1563,"elderly65_r":0.5318,"single_hh_r":0.604,"source_level":"emd","flood_years":[],"landslide_hist_n":0},"geometry":{"type":"Polygon","coordinates":[[[126.69928,35.74602],[126.69845,35.74222],[126.70261,35.74019],[126.70759,35.74197],[126.70841,35.74577],[126.70426,35.7478],[126.69928,35.74602]]]}},{"type":"Feature","properties":{"h3":"8830c456e5fffff","emd_code":"5280033000","emd_name":"행안면","area_km2":0.5263,"edge":false,"slope_mean":0.8,"elev_mean":3.9,"flood_hist_n":0,"flood_depth_max_m":null,"flood_risk_100y":null,"semi_basement_r":null,"elderly_alone_r":0.2983,"bldg_age30_r":null,"shelter_min_walk":56,"pop":1966,"hh":1207,"elderly65_r":0.4466,"single_hh_r":0.5973,"source_level":"emd","flood_years":[],"landslide_hist_n":0},"geometry":{"type":"Polygon","coordinates":[[[126.68433,35.74069],[126.68351,35.73688],[126.68766,35.73486],[126.69264,35.73663],[126.69347,35.74044],[126.68931,35.74247],[126.68433,35.74069]]]}},{"type":"Feature","properties":{"h3":"8830c456e7fffff","emd_code":"5280033000","emd_name":"행안면","area_km2":0.5263,"edge":false,"slope_mean":1.63,"elev_mean":4.9,"flood_hist_n":0,"flood_depth_max_m":null,"flood_risk_100y":null,"semi_basement_r":null,"elderly_alone_r":0.2983,"bldg_age30_r":null,"shelter_min_walk":45,"pop":1966,"hh":1207,"elderly65_r":0.4466,"single_hh_r":0.5973,"source_level":"emd","flood_years":[],"landslide_hist_n":0},"geometry":{"type":"Polygon","coordinates":[[[126.69347,35.74044],[126.69264,35.73663],[126.6968,35.73461],[126.70178,35.73638],[126.70261,35.74019],[126.69845,35.74222],[126.69347,35.74044]]]}},{"type":"Feature","properties":{"h3":"8830c456e9fffff","emd_code":"5280034000","emd_name":"계화면","area_km2":0.5261,"edge":false,"slope_mean":1.4,"elev_mean":5.2,"flood_hist_n":0,"flood_depth_max_m":null,"flood_risk_100y":null,"semi_basement_r":null,"elderly_alone_r":0.3302,"bldg_age30_r":null,"shelter_min_walk":62,"pop":2891,"hh":1805,"elderly65_r":0.5265,"single_hh_r":0.5845,"source_level":"emd","flood_years":[],"landslide_hist_n":0},"geometry":{"type":"Polygon","coordinates":[[[126.68681,35.75211],[126.68598,35.7483],[126.69014,35.74627],[126.69512,35.74805],[126.69594,35.75186],[126.69179,35.75388],[126.68681,35.75211]]]}},{"type":"Feature","properties":{"h3":"8830c456ebfffff","emd_code":"5280032000","emd_name":"동진면","area_km2":0.5262,"edge":false,"slope_mean":2.72,"elev_mean":8.0,"flood_hist_n":0,"flood_depth_max_m":null,"flood_risk_100y":null,"semi_basement_r":null,"elderly_alone_r":0.3557,"bldg_age30_r":null,"shelter_min_walk":53,"pop":2439,"hh":1563,"elderly65_r":0.5318,"single_hh_r":0.604,"source_level":"emd","flood_years":[],"landslide_hist_n":0},"geometry":{"type":"Polygon","coordinates":[[[126.69594,35.75186],[126.69512,35.74805],[126.69928,35.74602],[126.70426,35.7478],[126.70508,35.75161],[126.70093,35.75363],[126.69594,35.75186]]]}},{"type":"Feature","properties":{"h3":"8830c456edfffff","emd_code":"5280034000","emd_name":"계화면","area_km2":0.5262,"edge":false,"slope_mean":0.43,"elev_mean":3.5,"flood_hist_n":0,"flood_depth_max_m":null,"flood_risk_100y":null,"semi_basement_r":null,"elderly_alone_r":0.3302,"bldg_age30_r":null,"shelter_min_walk":64,"pop":2891,"hh":1805,"elderly65_r":0.5265,"single_hh_r":0.5845,"source_level":"emd","flood_years":[],"landslide_hist_n":0},"geometry":{"type":"Polygon","coordinates":[[[126.681,35.74652],[126.68018,35.74272],[126.68433,35.74069],[126.68931,35.74247],[126.69014,35.74627],[126.68598,35.7483],[126.681,35.74652]]]}},{"type":"Feature","properties":{"h3":"8830c45701fffff","emd_code":"5280040000","emd_name":"하서면","area_km2":0.5264,"edge":false,"slope_mean":4.01,"elev_mean":14.9,"flood_hist_n":0,"flood_depth_max_m":null,"flood_risk_100y":null,"semi_basement_r":null,"elderly_alone_r":0.3676,"bldg_age30_r":null,"shelter_min_walk":140,"pop":2319,"hh":1477,"elderly65_r":0.5295,"single_hh_r":0.6012,"source_level":"emd","flood_years":[],"landslide_hist_n":0},"geometry":{"type":"Polygon","coordinates":[[[126.60965,35.71399],[126.60882,35.71018],[126.61298,35.70816],[126.61796,35.70994],[126.61878,35.71375],[126.61463,35.71577],[126.60965,35.71399]]]}},{"type":"Feature","properties":{"h3":"8830c45703fffff","emd_code":"5280040000","emd_name":"하서면","area_km2":0.5264,"edge":false,"slope_mean":5.4,"elev_mean":24.9,"flood_hist_n":0,"flood_depth_max_m":null,"flood_risk_100y":null,"semi_basement_r":null,"elderly_alone_r":0.3676,"bldg_age30_r":null,"shelter_min_walk":144,"pop":2319,"hh":1477,"elderly65_r":0.5295,"single_hh_r":0.6012,"source_level":"emd","flood_years":[],"landslide_hist_n":0},"geometry":{"type":"Polygon","coordinates":[[[126.61878,35.71375],[126.61796,35.70994],[126.62211,35.70791],[126.62709,35.70969],[126.62791,35.7135],[126.62376,35.71553],[126.61878,35.71375]]]}},{"type":"Feature","properties":{"h3":"8830c45705fffff","emd_code":"5280040000","emd_name":"하서면","area_km2":0.5264,"edge":false,"slope_mean":8.24,"elev_mean":34.2,"flood_hist_n":0,"flood_depth_max_m":null,"flood_risk_100y":null,"semi_basement_r":null,"elderly_alone_r":0.3676,"bldg_age30_r":null,"shelter_min_walk":128,"pop":2319,"hh":1477,"elderly65_r":0.5295,"single_hh_r":0.6012,"source_level":"emd","flood_years":[],"landslide_hist_n":0},"geometry":{"type":"Polygon","coordinates":[[[126.60385,35.7084],[126.60302,35.70459],[126.60718,35.70257],[126.61215,35.70435],[126.61298,35.70816],[126.60882,35.71018],[126.60385,35.7084]]]}},{"type":"Feature","properties":{"h3":"8830c45707fffff","emd_code":"5280040000","emd_name":"하서면","area_km2":0.5265,"edge":false,"slope_mean":10.21,"elev_mean":43.7,"flood_hist_n":0,"flood_depth_max_m":null,"flood_risk_100y":null,"semi_basement_r":null,"elderly_alone_r":0.3676,"bldg_age30_r":null,"shelter_min_walk":139,"pop":2319,"hh":1477,"elderly65_r":0.5295,"single_hh_r":0.6012,"source_level":"emd","flood_years":[],"landslide_hist_n":0},"geometry":{"type":"Polygon","coordinates":[[[126.61298,35.70816],[126.61215,35.70435],[126.61631,35.70232],[126.62129,35.7041],[126.62211,35.70791],[126.61796,35.70994],[126.61298,35.70816]]]}},{"type":"Feature","properties":{"h3":"8830c45709fffff","emd_code":"5280040000","emd_name":"하서면","area_km2":0.5262,"edge":false,"slope_mean":6.69,"elev_mean":14.7,"flood_hist_n":0,"flood_depth_max_m":null,"flood_risk_100y":null,"semi_basement_r":null,"elderly_alone_r":0.3676,"bldg_age30_r":null,"shelter_min_walk":142,"pop":2319,"hh":1477,"elderly65_r":0.5295,"single_hh_r":0.6012,"source_level":"emd","flood_years":[],"landslide_hist_n":0},"geometry":{"type":"Polygon","coordinates":[[[126.60632,35.71982],[126.60549,35.71602],[126.60965,35.71399],[126.61463,35.71577],[126.61545,35.71958],[126.6113,35.72161],[126.60632,35.71982]]]}},{"type":"Feature","properties":{"h3":"8830c4570bfffff","emd_code":"5280040000","emd_name":"하서면","area_km2":0.5263,"edge":false,"slope_mean":9.83,"elev_mean":29.3,"flood_hist_n":0,"flood_depth_max_m":null,"flood_risk_100y":null,"semi_basement_r":null,"elderly_alone_r":0.3676,"bldg_age30_r":null,"shelter_min_walk":147,"pop":2319,"hh":1477,"elderly65_r":0.5295,"single_hh_r":0.6012,"source_level":"emd","flood_years":[],"landslide_hist_n":0},"geometry":{"type":"Polygon","coordinates":[[[126.61545,35.71958],[126.61463,35.71577],[126.61878,35.71375],[126.62376,35.71553],[126.62458,35.71933],[126.62043,35.72136],[126.61545,35.71958]]]}},{"type":"Feature","properties":{"h3":"8830c4570dfffff","emd_code":"5280040000","emd_name":"하서면","area_km2":0.5263,"edge":false,"slope_mean":2.92,"elev_mean":9.2,"flood_hist_n":0,"flood_depth_max_m":null,"flood_risk_100y":null,"semi_basement_r":null,"elderly_alone_r":0.3676,"bldg_age30_r":null,"shelter_min_walk":130,"pop":2319,"hh":1477,"elderly65_r":0.5295,"single_hh_r":0.6012,"source_level":"emd","flood_years":[],"landslide_hist_n":0},"geometry":{"type":"Polygon","coordinates":[[[126.60052,35.71423],[126.59969,35.71043],[126.60385,35.7084],[126.60882,35.71018],[126.60965,35.71399],[126.60549,35.71602],[126.60052,35.71423]]]}},{"type":"Feature","properties":{"h3":"8830c45711fffff","emd_code":"5280040000","emd_name":"하서면","area_km2":0.5264,"edge":false,"slope_mean":6.41,"elev_mean":26.7,"flood_hist_n":0,"flood_depth_max_m":null,"flood_risk_100y":null,"semi_basement_r":null,"elderly_alone_r":0.3676,"bldg_age30_r":null,"shelter_min_walk":123,"pop":2319,"hh":1477,"elderly65_r":0.5295,"single_hh_r":0.6012,"source_level":"emd","flood_years":[],"landslide_hist_n":0},"geometry":{"type":"Polygon","coordinates":[[[126.63371,35.71909],[126.63289,35.71528],[126.63704,35.71325],[126.64202,35.71503],[126.64285,35.71884],[126.63869,35.72087],[126.63371,35.71909]]]}},{"type":"Feature","properties":{"h3":"8830c45713fffff","emd_code":"5280040000","emd_name":"하서면","area_km2":0.5264,"edge":false,"slope_mean":5.41,"elev_mean":16.0,"flood_hist_n":0,"flood_depth_max_m":null,"flood_risk_100y":null,"semi_basement_r":null,"elderly_alone_r":0.3676,"bldg_age30_r":null,"shelter_min_walk":111,"pop":2319,"hh":1477,"elderly65_r":0.5295,"single_hh_r":0.6012,"source_level":"emd","flood_years":[],"landslide_hist_n":0},"geometry":{"type":"Polygon","coordinates":[[[126.64285,35.71884],[126.64202,35.71503],[126.64618,35.71301],[126.65116,35.71479],[126.65198,35.71859],[126.64783,35.72062],[126.64285,35.71884]]]}},{"type":"Feature","properties":{"h3":"8830c45715fffff","emd_code":"5280040000","emd_name":"하서면","area_km2":0.5265,"edge":false,"slope_mean":9.89,"elev_mean":45.8,"flood_hist_n":0,"flood_depth_max_m":null,"flood_risk_100y":null,"semi_basement_r":null,"elderly_alone_r":0.3676,"bldg_age30_r":null,"shelter_min_walk":132,"pop":2319,"hh":1477,"elderly65_r":0.5295,"single_hh_r":0.6012,"source_level":"emd","flood_years":[],"landslide_hist_n":0},"geometry":{"type":"Polygon","coordinates":[[[126.62791,35.7135],[126.62709,35.70969],[126.63124,35.70767],[126.63622,35.70945],[126.63704,35.71325],[126.63289,35.71528],[126.62791,35.7135]]]}},{"type":"Feature","properties":{"h3":"8830c45717fffff","emd_code":"5280040000","emd_name":"하서면","area_km2":0.5265,"edge":false,"slope_mean":10.75,"elev_mean":44.8,"flood_hist_n":0,"flood_depth_max_m":null,"flood_risk_100y":null,"semi_basement_r":null,"elderly_alone_r":0.3676,"bldg_age30_r":null,"shelter_min_walk":120,"pop":2319,"hh":1477,"elderly65_r":0.5295,"single_hh_r":0.6012,"source_level":"emd","flood_years":[],"landslide_hist_n":0},"geometry":{"type":"Polygon","coordinates":[[[126.63704,35.71325],[126.63622,35.70945],[126.64037,35.70742],[126.64535,35.7092],[126.64618,35.71301],[126.64202,35.71503],[126.63704,35.71325]]]}},{"type":"Feature","properties":{"h3":"8830c45719fffff","emd_code":"5280040000","emd_name":"하서면","area_km2":0.5263,"edge":false,"slope_mean":10.09,"elev_mean":46.4,"flood_hist_n":0,"flood_depth_max_m":null,"flood_risk_100y":null,"semi_basement_r":null,"elderly_alone_r":0.3676,"bldg_age30_r":null,"shelter_min_walk":126,"pop":2319,"hh":1477,"elderly65_r":0.5295,"single_hh_r":0.6012,"source_level":"emd","flood_years":[],"landslide_hist_n":0},"geometry":{"type":"Polygon","coordinates":[[[126.63038,35.72492],[126.62956,35.72111],[126.63371,35.71909],[126.63869,35.72087],[126.63952,35.72468],[126.63536,35.7267],[126.63038,35.72492]]]}},{"type":"Feature","properties":{"h3":"8830c4571bfffff","emd_code":"5280040000","emd_name":"하서면","area_km2":0.5263,"edge":false,"slope_mean":8.26,"elev_mean":28.0,"flood_hist_n":0,"flood_depth_max_m":null,"flood_risk_100y":null,"semi_basement_r":null,"elderly_alone_r":0.3676,"bldg_age30_r":null,"shelter_min_walk":114,"pop":2319,"hh":1477,"elderly65_r":0.5295,"single_hh_r":0.6012,"source_level":"emd","flood_years":[],"landslide_hist_n":0},"geometry":{"type":"Polygon","coordinates":[[[126.63952,35.72468],[126.63869,35.72087],[126.64285,35.71884],[126.64783,35.72062],[126.64865,35.72443],[126.6445,35.72646],[126.63952,35.72468]]]}},{"type":"Feature","properties":{"h3":"8830c4571dfffff","emd_code":"5280040000","emd_name":"하서면","area_km2":0.5263,"edge":false,"slope_mean":4.12,"elev_mean":21.6,"flood_hist_n":0,"flood_depth_max_m":null,"flood_risk_100y":null,"semi_basement_r":null,"elderly_alone_r":0.3676,"bldg_age30_r":null,"shelter_min_walk":135,"pop":2319,"hh":1477,"elderly65_r":0.5295,"single_hh_r":0.6012,"source_level":"emd","flood_years":[],"landslide_hist_n":0},"geometry":{"type":"Polygon","coordinates":[[[126.62458,35.71933],[126.62376,35.71553],[126.62791,35.7135],[126.63289,35.71528],[126.63371,35.71909],[126.62956,35.72111],[126.62458,35.71933]]]}},{"type":"Feature","properties":{"h3":"8830c45721fffff","emd_code":"5280040000","emd_name":"하서면","area_km2":0.5266,"edge":false,"slope_mean":21.71,"elev_mean":107.2,"flood_hist_n":0,"flood_depth_max_m":null,"flood_risk_100y":null,"semi_basement_r":null,"elderly_alone_r":0.3676,"bldg_age30_r":null,"shelter_min_walk":116,"pop":2319,"hh":1477,"elderly65_r":0.5295,"single_hh_r":0.6012,"source_level":"emd","flood_years":[],"landslide_hist_n":0},"geometry":{"type":"Polygon","coordinates":[[[126.60138,35.69698],[126.60055,35.69317],[126.60471,35.69114],[126.60968,35.69292],[126.61051,35.69673],[126.60635,35.69876],[126.60138,35.69698]]]}},{"type":"Feature","properties":{"h3":"8830c45723fffff","emd_code":"5280040000","emd_name":"하서면","area_km2":0.5266,"edge":false,"slope_mean":25.69,"elev_mean":149.8,"flood_hist_n":0,"flood_depth_max_m":null,"flood_risk_100y":null,"semi_basement_r":null,"elderly_alone_r":0.3676,"bldg_age30_r":null,"shelter_min_walk":127,"pop":2319,"hh":1477,"elderly65_r":0.5295,"single_hh_r":0.6012,"source_level":"emd","flood_years":[],"landslide_hist_n":0},"geometry":{"type":"Polygon","coordinates":[[[126.61051,35.69673],[126.60968,35.69292],[126.61384,35.69089],[126.61881,35.69268],[126.61964,35.69649],[126.61548,35.69851],[126.61051,35.69673]]]}},{"type":"Feature","properties":{"h3":"8830c45725fffff","emd_code":"5280040000","emd_name":"하서면","area_km2":0.5267,"edge":false,"slope_mean":23.0,"elev_mean":171.5,"flood_hist_n":0,"flood_depth_max_m":null,"flood_risk_100y":null,"semi_basement_r":null,"elderly_alone_r":0.3676,"bldg_age30_r":null,"shelter_min_walk":105,"pop":2319,"hh":1477,"elderly65_r":0.5295,"single_hh_r":0.6012,"source_level":"emd","flood_years":[],"landslide_hist_n":0},"geometry":{"type":"Polygon","coordinates":[[[126.59557,35.69138],[126.59475,35.68757],[126.5989,35.68555],[126.60388,35.68733],[126.60471,35.69114],[126.60055,35.69317],[126.59557,35.69138]]]}},{"type":"Feature","properties":{"h3":"8830c45727fffff","emd_code":"5280040000","emd_name":"하서면","area_km2":0.5267,"edge":false,"slope_mean":26.41,"elev_mean":169.8,"flood_hist_n":0,"flood_depth_max_m":null,"flood_risk_100y":null,"semi_basement_r":null,"elderly_alone_r":0.3676,"bldg_age30_r":null,"shelter_min_walk":116,"pop":2319,"hh":1477,"elderly65_r":0.5295,"single_hh_r":0.6012,"source_level":"emd","flood_years":[],"landslide_hist_n":0},"geometry":{"type":"Polygon","coordinates":[[[126.60471,35.69114],[126.60388,35.68733],[126.60803,35.6853],[126.61301,35.68708],[126.61384,35.69089],[126.60968,35.69292],[126.60471,35.69114]]]}},{"type":"Feature","properties":{"h3":"8830c45729fffff","emd_code":"5280040000","emd_name":"하서면","area_km2":0.5265,"edge":false,"slope_mean":19.05,"elev_mean":79.2,"flood_hist_n":0,"flood_depth_max_m":null,"flood_risk_100y":null,"semi_basement_r":null,"elderly_alone_r":0.3676,"bldg_age30_r":null,"shelter_min_walk":117,"pop":2319,"hh":1477,"elderly65_r":0.5295,"single_hh_r":0.6012,"source_level":"emd","flood_years":[],"landslide_hist_n":0},"geometry":{"type":"Polygon","coordinates":[[[126.59805,35.70281],[126.59722,35.699],[126.60138,35.69698],[126.60635,35.69876],[126.60718,35.70257],[126.60302,35.70459],[126.59805,35.70281]]]}},{"type":"Feature","properties":{"h3":"8830c4572bfffff","emd_code":"5280040000","emd_name":"하서면","area_km2":0.5265,"edge":false,"slope_mean":19.48,"elev_mean":84.5,"flood_hist_n":0,"flood_depth_max_m":null,"flood_risk_100y":null,"semi_basement_r":null,"elderly_alone_r":0.3676,"bldg_age30_r":null,"shelter_min_walk":127,"pop":2319,"hh":1477,"elderly65_r":0.5295,"single_hh_r":0.6012,"source_level":"emd","flood_years":[],"landslide_hist_n":0},"geometry":{"type":"Polygon","coordinates":[[[126.60718,35.70257],[126.60635,35.69876],[126.61051,35.69673],[126.61548,35.69851],[126.61631,35.70232],[126.61215,35.70435],[126.60718,35.70257]]]}},{"type":"Feature","properties":{"h3":"8830c4572dfffff","emd_code":"5280040000","emd_name":"하서면","area_km2":0.5265,"edge":false,"slope_mean":21.73,"elev_mean":116.6,"flood_hist_n":0,"flood_depth_max_m":null,"flood_risk_100y":null,"semi_basement_r":null,"elderly_alone_r":0.3676,"bldg_age30_r":null,"shelter_min_walk":105,"pop":2319,"hh":1477,"elderly65_r":0.5295,"single_hh_r":0.6012,"source_level":"emd","flood_years":[],"landslide_hist_n":0},"geometry":{"type":"Polygon","coordinates":[[[126.59225,35.69722],[126.59142,35.69341],[126.59557,35.69138],[126.60055,35.69317],[126.60138,35.69698],[126.59722,35.699],[126.59225,35.69722]]]}},{"type":"Feature","properties":{"h3":"8830c45731fffff","emd_code":"5280040000","emd_name":"하서면","area_km2":0.5266,"edge":false,"slope_mean":24.75,"elev_mean":156.8,"flood_hist_n":0,"flood_depth_max_m":null,"flood_risk_100y":null,"semi_basement_r":null,"elderly_alone_r":0.3676,"bldg_age30_r":null,"shelter_min_walk":140,"pop":2319,"hh":1477,"elderly65_r":0.5295,"single_hh_r":0.6012,"source_level":"emd","flood_years":[],"landslide_hist_n":0},"geometry":{"type":"Polygon","coordinates":[[[126.62544,35.70208],[126.62462,35.69827],[126.62877,35.69624],[126.63375,35.69802],[126.63457,35.70183],[126.63042,35.70386],[126.62544,35.70208]]]}},{"type":"Feature","properties":{"h3":"8830c45733fffff","emd_code":"5280040000","emd_name":"하서면","area_km2":0.5267,"edge":false,"slope_mean":22.62,"elev_mean":148.2,"flood_hist_n":0,"flood_depth_max_m":null,"flood_risk_100y":null,"semi_basement_r":null,"elderly_alone_r":0.3676,"bldg_age30_r":null,"shelter_min_walk":129,"pop":2319,"hh":1477,"elderly65_r":0.5295,"single_hh_r":0.6012,"source_level":"emd","flood_years":[],"landslide_hist_n":0},"geometry":{"type":"Polygon","coordinates":[[[126.63457,35.70183],[126.63375,35.69802],[126.6379,35.69599],[126.64288,35.69777],[126.6437,35.70158],[126.63955,35.70361],[126.63457,35.70183]]]}},{"type":"Feature","properties":{"h3":"8830c45735fffff","emd_code":"5280040000","emd_name":"하서면","area_km2":0.5267,"edge":false,"slope_mean":31.5,"elev_mean":231.0,"flood_hist_n":0,"flood_depth_max_m":null,"flood_risk_100y":null,"semi_basement_r":null,"elderly_alone_r":0.3676,"bldg_age30_r":null,"shelter_min_walk":138,"pop":2319,"hh":1477,"elderly65_r":0.5295,"single_hh_r":0.6012,"source_level":"emd","flood_years":[],"landslide_hist_n":0},"geometry":{"type":"Polygon","coordinates":[[[126.61964,35.69649],[126.61881,35.69268],[126.62297,35.69065],[126.62795,35.69243],[126.62877,35.69624],[126.62462,35.69827],[126.61964,35.69649]]]}},{"type":"Feature","properties":{"h3":"8830c45737fffff","emd_code":"5280040000","emd_name":"하서면","area_km2":0.5267,"edge":false,"slope_mean":21.32,"elev_mean":102.8,"flood_hist_n":0,"flood_depth_max_m":null,"flood_risk_100y":null,"semi_basement_r":null,"elderly_alone_r":0.3676,"bldg_age30_r":null,"shelter_min_walk":140,"pop":2319,"hh":1477,"elderly65_r":0.5295,"single_hh_r":0.6012,"source_level":"emd","flood_years":[],"landslide_hist_n":0},"geometry":{"type":"Polygon","coordinates":[[[126.62877,35.69624],[126.62795,35.69243],[126.6321,35.6904],[126.63708,35.69218],[126.6379,35.69599],[126.63375,35.69802],[126.62877,35.69624]]]}},{"type":"Feature","properties":{"h3":"8830c45739fffff","emd_code":"5280040000","emd_name":"하서면","area_km2":0.5265,"edge":false,"slope_mean":17.79,"elev_mean":86.0,"flood_hist_n":0,"flood_depth_max_m":null,"flood_risk_100y":null,"semi_basement_r":null,"elderly_alone_r":0.3676,"bldg_age30_r":null,"shelter_min_walk":142,"pop":2319,"hh":1477,"elderly65_r":0.5295,"single_hh_r":0.6012,"source_level":"emd","flood_years":[],"landslide_hist_n":0},"geometry":{"type":"Polygon","coordinates":[[[126.62211,35.70791],[126.62129,35.7041],[126.62544,35.70208],[126.63042,35.70386],[126.63124,35.70767],[126.62709,35.70969],[126.62211,35.70791]]]}},{"type":"Feature","properties":{"h3":"8830c4573bfffff","emd_code":"5280040000","emd_name":"하서면","area_km2":0.5266,"edge":false,"slope_mean":22.84,"elev_mean":131.8,"flood_hist_n":0,"flood_depth_max_m":null,"flood_risk_100y":null,"semi_basement_r":null,"elderly_alone_r":0.3676,"bldg_age30_r":null,"shelter_min_walk":130,"pop":2319,"hh":1477,"elderly65_r":0.5295,"single_hh_r":0.6012,"source_level":"emd","flood_years":[],"landslide_hist_n":0},"geometry":{"type":"Polygon","coordinates":[[[126.63124,35.70767],[126.63042,35.70386],[126.63457,35.70183],[126.63955,35.70361],[126.64037,35.70742],[126.63622,35.70945],[126.63124,35.70767]]]}},{"type":"Feature","properties":{"h3":"8830c4573dfffff","emd_code":"5280040000","emd_name":"하서면","area_km2":0.5266,"edge":false,"slope_mean":26.01,"elev_mean":150.9,"flood_hist_n":0,"flood_depth_max_m":null,"flood_risk_100y":null,"semi_basement_r":null,"elderly_alone_r":0.3676,"bldg_age30_r":null,"shelter_min_walk":138,"pop":2319,"hh":1477,"elderly65_r":0.5295,"single_hh_r":0.6012,"source_level":"emd","flood_years":[],"landslide_hist_n":0},"geometry":{"type":"Polygon","coordinates":[[[126.61631,35.70232],[126.61548,35.69851],[126.61964,35.69649],[126.62462,35.69827],[126.62544,35.70208],[126.62129,35.7041],[126.61631,35.70232]]]}},{"type":"Feature","properties":{"h3":"8830c45743fffff","emd_code":"5280040000","emd_name":"하서면","area_km2":0.5261,"edge":false,"slope_mean":2.19,"elev_mean":4.8,"flood_hist_n":0,"flood_depth_max_m":null,"flood_risk_100y":null,"semi_basement_r":null,"elderly_alone_r":0.3676,"bldg_age30_r":null,"shelter_min_walk":145,"pop":2319,"hh":1477,"elderly65_r":0.5295,"single_hh_r":0.6012,"source_level":"emd","flood_years":[],"landslide_hist_n":0},"geometry":{"type":"Polygon","coordinates":[[[126.60299,35.72566],[126.60216,35.72185],[126.60632,35.71982],[126.6113,35.72161],[126.61212,35.72541],[126.60797,35.72744],[126.60299,35.72566]]]}},{"type":"Feature","properties":{"h3":"8830c45747fffff","emd_code":"5280040000","emd_name":"하서면","area_km2":0.5262,"edge":false,"slope_mean":2.84,"elev_mean":4.4,"flood_hist_n":0,"flood_depth_max_m":null,"flood_risk_100y":null,"semi_basement_r":null,"elderly_alone_r":0.3676,"bldg_age30_r":null,"shelter_min_walk":133,"pop":2319,"hh":1477,"elderly65_r":0.5295,"single_hh_r":0.6012,"source_level":"emd","flood_years":[],"landslide_hist_n":0},"geometry":{"type":"Polygon","coordinates":[[[126.59719,35.72007],[126.59636,35.71626],[126.60052,35.71423],[126.60549,35.71602],[126.60632,35.71982],[126.60216,35.72185],[126.59719,35.72007]]]}},{"type":"Feature","properties":{"h3":"8830c4574bfffff","emd_code":"5280040000","emd_name":"하서면","area_km2":0.526,"edge":true,"slope_mean":1.02,"elev_mean":1.7,"flood_hist_n":0,"flood_depth_max_m":null,"flood_risk_100y":null,"semi_basement_r":null,"elderly_alone_r":0.3676,"bldg_age30_r":null,"shelter_min_walk":149,"pop":2319,"hh":1477,"elderly65_r":0.5295,"single_hh_r":0.6012,"source_level":"emd","flood_years":[],"landslide_hist_n":0},"geometry":{"type":"Polygon","coordinates":[[[126.59966,35.73149],[126.59883,35.72768],[126.60299,35.72566],[126.60797,35.72744],[126.60879,35.73124],[126.60464,35.73327],[126.59966,35.73149]]]}},{"type":"Feature","properties":{"h3":"8830c45751fffff","emd_code":"5280040000","emd_name":"하서면","area_km2":0.5261,"edge":false,"slope_mean":12.43,"elev_mean":46.2,"flood_hist_n":0,"flood_depth_max_m":null,"flood_risk_100y":null,"semi_basement_r":null,"elderly_alone_r":0.3676,"bldg_age30_r":null,"shelter_min_walk":143,"pop":2319,"hh":1477,"elderly65_r":0.5295,"single_hh_r":0.6012,"source_level":"emd","flood_years":[],"landslide_hist_n":0},"geometry":{"type":"Polygon","coordinates":[[[126.61792,35.731],[126.6171,35.72719],[126.62125,35.72517],[126.62623,35.72695],[126.62705,35.73075],[126.6229,35.73278],[126.61792,35.731]]]}},{"type":"Feature","properties":{"h3":"8830c45753fffff","emd_code":"5280040000","emd_name":"하서면","area_km2":0.5262,"edge":false,"slope_mean":16.09,"elev_mean":90.0,"flood_hist_n":0,"flood_depth_max_m":null,"flood_risk_100y":null,"semi_basement_r":null,"elderly_alone_r":0.3676,"bldg_age30_r":null,"shelter_min_walk":131,"pop":2319,"hh":1477,"elderly65_r":0.5295,"single_hh_r":0.6012,"source_level":"emd","flood_years":[],"landslide_hist_n":0},"geometry":{"type":"Polygon","coordinates":[[[126.62705,35.73075],[126.62623,35.72695],[126.63038,35.72492],[126.63536,35.7267],[126.63619,35.73051],[126.63203,35.73254],[126.62705,35.73075]]]}},{"type":"Feature","properties":{"h3":"8830c45755fffff","emd_code":"5280040000","emd_name":"하서면","area_km2":0.5262,"edge":false,"slope_mean":5.39,"elev_mean":13.0,"flood_hist_n":0,"flood_depth_max_m":null,"flood_risk_100y":null,"semi_basement_r":null,"elderly_alone_r":0.3676,"bldg_age30_r":null,"shelter_min_walk":151,"pop":2319,"hh":1477,"elderly65_r":0.5295,"single_hh_r":0.6012,"source_level":"emd","flood_years":[],"landslide_hist_n":0},"geometry":{"type":"Polygon","coordinates":[[[126.61212,35.72541],[126.6113,35.72161],[126.61545,35.71958],[126.62043,35.72136],[126.62125,35.72517],[126.6171,35.72719],[126.61212,35.72541]]]}},{"type":"Feature","properties":{"h3":"8830c45757fffff","emd_code":"5280040000","emd_name":"하서면","area_km2":0.5262,"edge":false,"slope_mean":6.54,"elev_mean":28.4,"flood_hist_n":0,"flood_depth_max_m":null,"flood_risk_100y":null,"semi_basement_r":null,"elderly_alone_r":0.3676,"bldg_age30_r":null,"shelter_min_walk":139,"pop":2319,"hh":1477,"elderly65_r":0.5295,"single_hh_r":0.6012,"source_level":"emd","flood_years":[],"landslide_hist_n":0},"geometry":{"type":"Polygon","coordinates":[[[126.62125,35.72517],[126.62043,35.72136],[126.62458,35.71933],[126.62956,35.72111],[126.63038,35.72492],[126.62623,35.72695],[126.62125,35.72517]]]}},{"type":"Feature","properties":{"h3":"8830c45759fffff","emd_code":"5280040000","emd_name":"하서면","area_km2":0.526,"edge":false,"slope_mean":14.24,"elev_mean":48.7,"flood_hist_n":0,"flood_depth_max_m":null,"flood_risk_100y":null,"semi_basement_r":null,"elderly_alone_r":0.3676,"bldg_age30_r":null,"shelter_min_walk":148,"pop":2319,"hh":1477,"elderly65_r":0.5295,"single_hh_r":0.6012,"source_level":"emd","flood_years":[],"landslide_hist_n":0},"geometry":{"type":"Polygon","coordinates":[[[126.61459,35.73683],[126.61377,35.73302],[126.61792,35.731],[126.6229,35.73278],[126.62372,35.73659],[126.61957,35.73861],[126.61459,35.73683]]]}},{"type":"Feature","properties":{"h3":"8830c4575bfffff","emd_code":"5280040000","emd_name":"하서면","area_km2":0.5261,"edge":false,"slope_mean":12.82,"elev_mean":54.0,"flood_hist_n":0,"flood_depth_max_m":null,"flood_risk_100y":null,"semi_basement_r":null,"elderly_alone_r":0.3676,"bldg_age30_r":null,"shelter_min_walk":136,"pop":2319,"hh":1477,"elderly65_r":0.5295,"single_hh_r":0.6012,"source_level":"emd","flood_years":[],"landslide_hist_n":0},"geometry":{"type":"Polygon","coordinates":[[[126.62372,35.73659],[126.6229,35.73278],[126.62705,35.73075],[126.63203,35.73254],[126.63286,35.73634],[126.6287,35.73837],[126.62372,35.73659]]]}},{"type":"Feature","properties":{"h3":"8830c4575dfffff","emd_code":"5280040000","emd_name":"하서면","area_km2":0.5261,"edge":false,"slope_mean":4.88,"elev_mean":13.0,"flood_hist_n":0,"flood_depth_max_m":null,"flood_risk_100y":null,"semi_basement_r":null,"elderly_alone_r":0.3676,"bldg_age30_r":null,"shelter_min_walk":155,"pop":2319,"hh":1477,"elderly65_r":0.5295,"single_hh_r":0.6012,"source_level":"emd","flood_years":[],"landslide_hist_n":0},"geometry":{"type":"Polygon","coordinates":[[[126.60879,35.73124],[126.60797,35.72744],[126.61212,35.72541],[126.6171,35.72719],[126.61792,35.731],[126.61377,35.73302],[126.60879,35.73124]]]}},{"type":"Feature","properties":{"h3":"8830c45761fffff","emd_code":"5280040000","emd_name":"하서면","area_km2":0.5263,"edge":false,"slope_mean":6.71,"elev_mean":19.3,"flood_hist_n":0,"flood_depth_max_m":null,"flood_risk_100y":null,"semi_basement_r":null,"elderly_alone_r":0.3676,"bldg_age30_r":null,"shelter_min_walk":109,"pop":2319,"hh":1477,"elderly65_r":0.5295,"single_hh_r":0.6012,"source_level":"emd","flood_years":[],"landslide_hist_n":0},"geometry":{"type":"Polygon","coordinates":[[[126.58559,35.70889],[126.58476,35.70508],[126.58892,35.70305],[126.59389,35.70484],[126.59472,35.70864],[126.59056,35.71067],[126.58559,35.70889]]]}},{"type":"Feature","properties":{"h3":"8830c45763fffff","emd_code":"5280040000","emd_name":"하서면","area_km2":0.5264,"edge":false,"slope_mean":7.41,"elev_mean":26.4,"flood_hist_n":0,"flood_depth_max_m":null,"flood_risk_100y":null,"semi_basement_r":null,"elderly_alone_r":0.3676,"bldg_age30_r":null,"shelter_min_walk":118,"pop":2319,"hh":1477,"elderly65_r":0.5295,"single_hh_r":0.6012,"source_level":"emd","flood_years":[],"landslide_hist_n":0},"geometry":{"type":"Polygon","coordinates":[[[126.59472,35.70864],[126.59389,35.70484],[126.59805,35.70281],[126.60302,35.70459],[126.60385,35.7084],[126.59969,35.71043],[126.59472,35.70864]]]}},{"type":"Feature","properties":{"h3":"8830c45765fffff","emd_code":"5280040000","emd_name":"하서면","area_km2":0.5264,"edge":false,"slope_mean":13.71,"elev_mean":39.7,"flood_hist_n":0,"flood_depth_max_m":null,"flood_risk_100y":null,"semi_basement_r":null,"elderly_alone_r":0.3676,"bldg_age30_r":null,"shelter_min_walk":97,"pop":2319,"hh":1477,"elderly65_r":0.5295,"single_hh_r":0.6012,"source_level":"emd","flood_years":[],"landslide_hist_n":0},"geometry":{"type":"Polygon","coordinates":[[[126.57979,35.7033],[126.57896,35.69949],[126.58312,35.69746],[126.58809,35.69925],[126.58892,35.70305],[126.58476,35.70508],[126.57979,35.7033]]]}},{"type":"Feature","properties":{"h3":"8830c45767fffff","emd_code":"5280040000","emd_name":"하서면","area_km2":0.5264,"edge":false,"slope_mean":20.6,"elev_mean":89.8,"flood_hist_n":0,"flood_depth_max_m":null,"flood_risk_100y":null,"semi_basement_r":null,"elderly_alone_r":0.3676,"bldg_age30_r":null,"shelter_min_walk":107,"pop":2319,"hh":1477,"elderly65_r":0.5295,"single_hh_r":0.6012,"source_level":"emd","flood_years":[],"landslide_hist_n":0},"geometry":{"type":"Polygon","coordinates":[[[126.58892,35.70305],[126.58809,35.69925],[126.59225,35.69722],[126.59722,35.699],[126.59805,35.70281],[126.59389,35.70484],[126.58892,35.70305]]]}},{"type":"Feature","properties":{"h3":"8830c4576bfffff","emd_code":"5280040000","emd_name":"하서면","area_km2":0.5263,"edge":false,"slope_mean":2.07,"elev_mean":5.1,"flood_hist_n":0,"flood_depth_max_m":null,"flood_risk_100y":null,"semi_basement_r":null,"elderly_alone_r":0.3676,"bldg_age30_r":null,"shelter_min_walk":121,"pop":2319,"hh":1477,"elderly65_r":0.5295,"single_hh_r":0.6012,"source_level":"emd","flood_years":[],"landslide_hist_n":0},"geometry":{"type":"Polygon","coordinates":[[[126.59139,35.71448],[126.59056,35.71067],[126.59472,35.70864],[126.59969,35.71043],[126.60052,35.71423],[126.59636,35.71626],[126.59139,35.71448]]]}},{"type":"Feature","properties":{"h3":"8830c4576dfffff","emd_code":"5280040000","emd_name":"하서면","area_km2":0.5263,"edge":true,"slope_mean":3.82,"elev_mean":7.3,"flood_hist_n":0,"flood_depth_max_m":null,"flood_risk_100y":null,"semi_basement_r":null,"elderly_alone_r":0.3676,"bldg_age30_r":null,"shelter_min_walk":100,"pop":2319,"hh":1477,"elderly65_r":0.5295,"single_hh_r":0.6012,"source_level":"emd","flood_years":[],"landslide_hist_n":0},"geometry":{"type":"Polygon","coordinates":[[[126.57646,35.70913],[126.57563,35.70532],[126.57979,35.7033],[126.58476,35.70508],[126.58559,35.70889],[126.58143,35.71091],[126.57646,35.70913]]]}},{"type":"Feature","properties":{"h3":"8830c458d9fffff","emd_code":"5280036000","emd_name":"변산면","area_km2":0.5281,"edge":true,"slope_mean":0.92,"elev_mean":0.5,"flood_hist_n":0,"flood_depth_max_m":null,"flood_risk_100y":null,"semi_basement_r":null,"elderly_alone_r":0.2866,"bldg_age30_r":null,"shelter_min_walk":114,"pop":4040,"hh":2509,"elderly65_r":0.4126,"single_hh_r":0.6038,"source_level":"emd","flood_years":[],"landslide_hist_n":0},"geometry":{"type":"Polygon","coordinates":[[[126.51613,35.57844],[126.5153,35.57462],[126.51945,35.57259],[126.52443,35.57438],[126.52525,35.5782],[126.5211,35.58023],[126.51613,35.57844]]]}},{"type":"Feature","properties":{"h3":"8830c458dbfffff","emd_code":"5280037000","emd_name":"진서면","area_km2":0.5282,"edge":true,"slope_mean":1.07,"elev_mean":0.6,"flood_hist_n":0,"flood_depth_max_m":null,"flood_risk_100y":null,"semi_basement_r":null,"elderly_alone_r":0.3392,"bldg_age30_r":null,"shelter_min_walk":122,"pop":2054,"hh":1297,"elderly65_r":0.5005,"single_hh_r":0.5883,"source_level":"emd","flood_years":[],"landslide_hist_n":0},"geometry":{"type":"Polygon","coordinates":[[[126.52525,35.5782],[126.52443,35.57438],[126.52858,35.57235],[126.53355,35.57414],[126.53437,35.57796],[126.53022,35.57999],[126.52525,35.5782]]]}},{"type":"Feature","properties":{"h3":"8830c45a13fffff","emd_code":"5280036000","emd_name":"변산면","area_km2":0.5274,"edge":true,"slope_mean":0.47,"elev_mean":0.3,"flood_hist_n":0,"flood_depth_max_m":null,"flood_risk_100y":null,"semi_basement_r":null,"elderly_alone_r":0.2866,"bldg_age30_r":null,"shelter_min_walk":53,"pop":4040,"hh":2509,"elderly65_r":0.4126,"single_hh_r":0.6038,"source_level":"emd","flood_years":[],"landslide_hist_n":0},"geometry":{"type":"Polygon","coordinates":[[[126.45721,35.60302],[126.45639,35.5992],[126.46054,35.59717],[126.46551,35.59896],[126.46633,35.60278],[126.46218,35.60481],[126.45721,35.60302]]]}},{"type":"Feature","properties":{"h3":"8830c45a1bfffff","emd_code":"5280036000","emd_name":"변산면","area_km2":0.5273,"edge":true,"slope_mean":0.41,"elev_mean":0.3,"flood_hist_n":0,"flood_depth_max_m":null,"flood_risk_100y":null,"semi_basement_r":null,"elderly_alone_r":0.2866,"bldg_age30_r":null,"shelter_min_walk":45,"pop":4040,"hh":2509,"elderly65_r":0.4126,"single_hh_r":0.6038,"source_level":"emd","flood_years":[],"landslide_hist_n":0},"geometry":{"type":"Polygon","coordinates":[[[126.45388,35.60886],[126.45306,35.60504],[126.45721,35.60302],[126.46218,35.60481],[126.463,35.60862],[126.45885,35.61065],[126.45388,35.60886]]]}},{"type":"Feature","properties":{"h3":"8830c45a81fffff","emd_code":"5280036000","emd_name":"변산면","area_km2":0.5277,"edge":false,"slope_mean":10.76,"elev_mean":34.0,"flood_hist_n":0,"flood_depth_max_m":null,"flood_risk_100y":null,"semi_basement_r":null,"elderly_alone_r":0.2866,"bldg_age30_r":null,"shelter_min_walk":69,"pop":4040,"hh":2509,"elderly65_r":0.4126,"single_hh_r":0.6038,"source_level":"emd","flood_years":[],"landslide_hist_n":0},"geometry":{"type":"Polygon","coordinates":[[[126.4879,35.59646],[126.48708,35.59264],[126.49123,35.59062],[126.4962,35.5924],[126.49702,35.59622],[126.49287,35.59825],[126.4879,35.59646]]]}},{"type":"Feature","properties":{"h3":"8830c45a83fffff","emd_code":"5280036000","emd_name":"변산면","area_km2":0.5277,"edge":false,"slope_mean":22.39,"elev_mean":164.8,"flood_hist_n":0,"flood_depth_max_m":null,"flood_risk_100y":null,"semi_basement_r":null,"elderly_alone_r":0.2866,"bldg_age30_r":null,"shelter_min_walk":75,"pop":4040,"hh":2509,"elderly65_r":0.4126,"single_hh_r":0.6038,"source_level":"emd","flood_years":[],"landslide_hist_n":0},"geometry":{"type":"Polygon","coordinates":[[[126.49702,35.59622],[126.4962,35.5924],[126.50035,35.59038],[126.50532,35.59216],[126.50614,35.59598],[126.50199,35.59801],[126.49702,35.59622]]]}},{"type":"Feature","properties":{"h3":"8830c45a85fffff","emd_code":"5280036000","emd_name":"변산면","area_km2":0.5277,"edge":true,"slope_mean":2.38,"elev_mean":3.5,"flood_hist_n":0,"flood_depth_max_m":null,"flood_risk_100y":null,"semi_basement_r":null,"elderly_alone_r":0.2866,"bldg_age30_r":null,"shelter_min_walk":75,"pop":4040,"hh":2509,"elderly65_r":0.4126,"single_hh_r":0.6038,"source_level":"emd","flood_years":[],"landslide_hist_n":0},"geometry":{"type":"Polygon","coordinates":[[[126.4821,35.59085],[126.48128,35.58704],[126.48543,35.58501],[126.4904,35.5868],[126.49123,35.59062],[126.48708,35.59264],[126.4821,35.59085]]]}},{"type":"Feature","properties":{"h3":"8830c45a87fffff","emd_code":"5280036000","emd_name":"변산면","area_km2":0.5278,"edge":false,"slope_mean":13.0,"elev_mean":48.8,"flood_hist_n":0,"flood_depth_max_m":null,"flood_risk_100y":null,"semi_basement_r":null,"elderly_alone_r":0.2866,"bldg_age30_r":null,"shelter_min_walk":80,"pop":4040,"hh":2509,"elderly65_r":0.4126,"single_hh_r":0.6038,"source_level":"emd","flood_years":[],"landslide_hist_n":0},"geometry":{"type":"Polygon","coordinates":[[[126.49123,35.59062],[126.4904,35.5868],[126.49455,35.58477],[126.49953,35.58656],[126.50035,35.59038],[126.4962,35.5924],[126.49123,35.59062]]]}},{"type":"Feature","properties":{"h3":"8830c45a89fffff","emd_code":"5280036000","emd_name":"변산면","area_km2":0.5276,"edge":false,"slope_mean":13.6,"elev_mean":43.0,"flood_hist_n":0,"flood_depth_max_m":null,"flood_risk_100y":null,"semi_basement_r":null,"elderly_alone_r":0.2866,"bldg_age30_r":null,"shelter_min_walk":58,"pop":4040,"hh":2509,"elderly65_r":0.4126,"single_hh_r":0.6038,"source_level":"emd","flood_years":[],"landslide_hist_n":0},"geometry":{"type":"Polygon","coordinates":[[[126.48457,35.6023],[126.48375,35.59849],[126.4879,35.59646],[126.49287,35.59825],[126.49369,35.60206],[126.48954,35.60409],[126.48457,35.6023]]]}},{"type":"Feature","properties":{"h3":"8830c45a8bfffff","emd_code":"5280036000","emd_name":"변산면","area_km2":0.5276,"edge":false,"slope_mean":22.1,"elev_mean":178.1,"flood_hist_n":0,"flood_depth_max_m":null,"flood_risk_100y":null,"semi_basement_r":null,"elderly_alone_r":0.2866,"bldg_age30_r":null,"shelter_min_walk":65,"pop":4040,"hh":2509,"elderly65_r":0.4126,"single_hh_r":0.6038,"source_level":"emd","flood_years":[],"landslide_hist_n":0},"geometry":{"type":"Polygon","coordinates":[[[126.49369,35.60206],[126.49287,35.59825],[126.49702,35.59622],[126.50199,35.59801],[126.50281,35.60182],[126.49866,35.60385],[126.49369,35.60206]]]}},{"type":"Feature","properties":{"h3":"8830c45a8dfffff","emd_code":"5280036000","emd_name":"변산면","area_km2":0.5276,"edge":true,"slope_mean":1.7,"elev_mean":1.7,"flood_hist_n":0,"flood_depth_max_m":null,"flood_risk_100y":null,"semi_basement_r":null,"elderly_alone_r":0.2866,"bldg_age30_r":null,"shelter_min_walk":64,"pop":4040,"hh":2509,"elderly65_r":0.4126,"single_hh_r":0.6038,"source_level":"emd","flood_years":[],"landslide_hist_n":0},"geometry":{"type":"Polygon","coordinates":[[[126.47878,35.5967],[126.47795,35.59288],[126.4821,35.59085],[126.48708,35.59264],[126.4879,35.59646],[126.48375,35.59849],[126.47878,35.5967]]]}},{"type":"Feature","properties":{"h3":"8830c45a91fffff","emd_code":"5280036000","emd_name":"변산면","area_km2":0.5277,"edge":false,"slope_mean":23.01,"elev_mean":178.7,"flood_hist_n":0,"flood_depth_max_m":null,"flood_risk_100y":null,"semi_basement_r":null,"elderly_alone_r":0.2866,"bldg_age30_r":null,"shelter_min_walk":82,"pop":4040,"hh":2509,"elderly65_r":0.4126,"single_hh_r":0.6038,"source_level":"emd","flood_years":[],"landslide_hist_n":0},"geometry":{"type":"Polygon","coordinates":[[[126.51194,35.60158],[126.51112,35.59777],[126.51527,35.59574],[126.52024,35.59753],[126.52106,35.60134],[126.51691,35.60337],[126.51194,35.60158]]]}},{"type":"Feature","properties":{"h3":"8830c45a93fffff","emd_code":"5280037000","emd_name":"진서면","area_km2":0.5278,"edge":false,"slope_mean":17.96,"elev_mean":57.4,"flood_hist_n":0,"flood_depth_max_m":null,"flood_risk_100y":null,"semi_basement_r":null,"elderly_alone_r":0.3392,"bldg_age30_r":null,"shelter_min_walk":92,"pop":2054,"hh":1297,"elderly65_r":0.5005,"single_hh_r":0.5883,"source_level":"emd","flood_years":[],"landslide_hist_n":0},"geometry":{"type":"Polygon","coordinates":[[[126.52106,35.60134],[126.52024,35.59753],[126.52439,35.5955],[126.52936,35.59728],[126.53019,35.6011],[126.52603,35.60313],[126.52106,35.60134]]]}},{"type":"Feature","properties":{"h3":"8830c45a95fffff","emd_code":"5280036000","emd_name":"변산면","area_km2":0.5278,"edge":false,"slope_mean":22.34,"elev_mean":115.0,"flood_hist_n":0,"flood_depth_max_m":null,"flood_risk_100y":null,"semi_basement_r":null,"elderly_alone_r":0.2866,"bldg_age30_r":null,"shelter_min_walk":83,"pop":4040,"hh":2509,"elderly65_r":0.4126,"single_hh_r":0.6038,"source_level":"emd","flood_years":[],"landslide_hist_n":0},"geometry":{"type":"Polygon","coordinates":[[[126.50614,35.59598],[126.50532,35.59216],[126.50947,35.59013],[126.51444,35.59192],[126.51527,35.59574],[126.51112,35.59777],[126.50614,35.59598]]]}},{"type":"Feature","properties":{"h3":"8830c45a97fffff","emd_code":"5280036000","emd_name":"변산면","area_km2":0.5278,"edge":false,"slope_mean":25.26,"elev_mean":157.3,"flood_hist_n":0,"flood_depth_max_m":null,"flood_risk_100y":null,"semi_basement_r":null,"elderly_alone_r":0.2866,"bldg_age30_r":null,"shelter_min_walk":92,"pop":4040,"hh":2509,"elderly65_r":0.4126,"single_hh_r":0.6038,"source_level":"emd","flood_years":[],"landslide_hist_n":0},"geometry":{"type":"Polygon","coordinates":[[[126.51527,35.59574],[126.51444,35.59192],[126.51859,35.58989],[126.52357,35.59168],[126.52439,35.5955],[126.52024,35.59753],[126.51527,35.59574]]]}},{"type":"Feature","properties":{"h3":"8830c45a99fffff","emd_code":"5280037000","emd_name":"진서면","area_km2":0.5276,"edge":false,"slope_mean":26.16,"elev_mean":242.3,"flood_hist_n":0,"flood_depth_max_m":null,"flood_risk_100y":null,"semi_basement_r":null,"elderly_alone_r":0.3392,"bldg_age30_r":null,"shelter_min_walk":72,"pop":2054,"hh":1297,"elderly65_r":0.5005,"single_hh_r":0.5883,"source_level":"emd","flood_years":[],"landslide_hist_n":0},"geometry":{"type":"Polygon","coordinates":[[[126.50861,35.60743],[126.50779,35.60361],[126.51194,35.60158],[126.51691,35.60337],[126.51773,35.60719],[126.51358,35.60921],[126.50861,35.60743]]]}},{"type":"Feature","properties":{"h3":"8830c45a9bfffff","emd_code":"5280037000","emd_name":"진서면","area_km2":0.5277,"edge":false,"slope_mean":18.8,"elev_mean":86.7,"flood_hist_n":0,"flood_depth_max_m":null,"flood_risk_100y":null,"semi_basement_r":null,"elderly_alone_r":0.3392,"bldg_age30_r":null,"shelter_min_walk":83,"pop":2054,"hh":1297,"elderly65_r":0.5005,"single_hh_r":0.5883,"source_level":"emd","flood_years":[],"landslide_hist_n":0},"geometry":{"type":"Polygon","coordinates":[[[126.51773,35.60719],[126.51691,35.60337],[126.52106,35.60134],[126.52603,35.60313],[126.52686,35.60694],[126.52271,35.60897],[126.51773,35.60719]]]}},{"type":"Feature","properties":{"h3":"8830c45a9dfffff","emd_code":"5280036000","emd_name":"변산면","area_km2":0.5277,"edge":false,"slope_mean":20.55,"elev_mean":185.6,"flood_hist_n":0,"flood_depth_max_m":null,"flood_risk_100y":null,"semi_basement_r":null,"elderly_alone_r":0.2866,"bldg_age30_r":null,"shelter_min_walk":73,"pop":4040,"hh":2509,"elderly65_r":0.4126,"single_hh_r":0.6038,"source_level":"emd","flood_years":[],"landslide_hist_n":0},"geometry":{"type":"Polygon","coordinates":[[[126.50281,35.60182],[126.50199,35.59801],[126.50614,35.59598],[126.51112,35.59777],[126.51194,35.60158],[126.50779,35.60361],[126.50281,35.60182]]]}},{"type":"Feature","properties":{"h3":"8830c45aabfffff","emd_code":"5280036000","emd_name":"변산면","area_km2":0.5279,"edge":true,"slope_mean":0.95,"elev_mean":1.0,"flood_hist_n":0,"flood_depth_max_m":null,"flood_risk_100y":null,"semi_basement_r":null,"elderly_alone_r":0.2866,"bldg_age30_r":null,"shelter_min_walk":85,"pop":4040,"hh":2509,"elderly65_r":0.4126,"single_hh_r":0.6038,"source_level":"emd","flood_years":[],"landslide_hist_n":0},"geometry":{"type":"Polygon","coordinates":[[[126.48543,35.58501],[126.48461,35.58119],[126.48876,35.57916],[126.49373,35.58095],[126.49455,35.58477],[126.4904,35.5868],[126.48543,35.58501]]]}},{"type":"Feature","properties":{"h3":"8830c45ab1fffff","emd_code":"5280036000","emd_name":"변산면","area_km2":0.528,"edge":false,"slope_mean":8.7,"elev_mean":19.9,"flood_hist_n":1,"flood_depth_max_m":0.59,"flood_risk_100y":null,"semi_basement_r":null,"elderly_alone_r":0.2866,"bldg_age30_r":null,"shelter_min_walk":96,"pop":4040,"hh":2509,"elderly65_r":0.4126,"single_hh_r":0.6038,"source_level":"emd","flood_years":[2013],"landslide_hist_n":0},"geometry":{"type":"Polygon","coordinates":[[[126.50368,35.58453],[126.50285,35.58071],[126.507,35.57868],[126.51198,35.58047],[126.5128,35.58429],[126.50865,35.58632],[126.50368,35.58453]]]}},{"type":"Feature","properties":{"h3":"8830c45ab3fffff","emd_code":"5280036000","emd_name":"변산면","area_km2":0.528,"edge":false,"slope_mean":7.68,"elev_mean":17.3,"flood_hist_n":0,"flood_depth_max_m":null,"flood_risk_100y":null,"semi_basement_r":null,"elderly_alone_r":0.2866,"bldg_age30_r":null,"shelter_min_walk":104,"pop":4040,"hh":2509,"elderly65_r":0.4126,"single_hh_r":0.6038,"source_level":"emd","flood_years":[],"landslide_hist_n":0},"geometry":{"type":"Polygon","coordinates":[[[126.5128,35.58429],[126.51198,35.58047],[126.51613,35.57844],[126.5211,35.58023],[126.52192,35.58405],[126.51777,35.58608],[126.5128,35.58429]]]}},{"type":"Feature","properties":{"h3":"8830c45ab7fffff","emd_code":"5280036000","emd_name":"변산면","area_km2":0.5281,"edge":true,"slope_mean":0.69,"elev_mean":0.6,"flood_hist_n":0,"flood_depth_max_m":null,"flood_risk_100y":null,"semi_basement_r":null,"elderly_alone_r":0.2866,"bldg_age30_r":null,"shelter_min_walk":107,"pop":4040,"hh":2509,"elderly65_r":0.4126,"single_hh_r":0.6038,"source_level":"emd","flood_years":[],"landslide_hist_n":0},"geometry":{"type":"Polygon","coordinates":[[[126.507,35.57868],[126.50618,35.57487],[126.51033,35.57284],[126.5153,35.57462],[126.51613,35.57844],[126.51198,35.58047],[126.507,35.57868]]]}},{"type":"Feature","properties":{"h3":"8830c45ab9fffff","emd_code":"5280036000","emd_name":"변산면","area_km2":0.5278,"edge":false,"slope_mean":20.66,"elev_mean":118.8,"flood_hist_n":0,"flood_depth_max_m":null,"flood_risk_100y":null,"semi_basement_r":null,"elderly_alone_r":0.2866,"bldg_age30_r":null,"shelter_min_walk":86,"pop":4040,"hh":2509,"elderly65_r":0.4126,"single_hh_r":0.6038,"source_level":"emd","flood_years":[],"landslide_hist_n":0},"geometry":{"type":"Polygon","coordinates":[[[126.50035,35.59038],[126.49953,35.58656],[126.50368,35.58453],[126.50865,35.58632],[126.50947,35.59013],[126.50532,35.59216],[126.50035,35.59038]]]}},{"type":"Feature","properties":{"h3":"8830c45abbfffff","emd_code":"5280036000","emd_name":"변산면","area_km2":0.5279,"edge":false,"slope_mean":17.55,"elev_mean":53.8,"flood_hist_n":0,"flood_depth_max_m":null,"flood_risk_100y":null,"semi_basement_r":null,"elderly_alone_r":0.2866,"bldg_age30_r":null,"shelter_min_walk":93,"pop":4040,"hh":2509,"elderly65_r":0.4126,"single_hh_r":0.6038,"source_level":"emd","flood_years":[],"landslide_hist_n":0},"geometry":{"type":"Polygon","coordinates":[[[126.50947,35.59013],[126.50865,35.58632],[126.5128,35.58429],[126.51777,35.58608],[126.51859,35.58989],[126.51444,35.59192],[126.50947,35.59013]]]}},{"type":"Feature","properties":{"h3":"8830c45abdfffff","emd_code":"5280036000","emd_name":"변산면","area_km2":0.5279,"edge":true,"slope_mean":4.85,"elev_mean":6.9,"flood_hist_n":0,"flood_depth_max_m":null,"flood_risk_100y":null,"semi_basement_r":null,"elderly_alone_r":0.2866,"bldg_age30_r":null,"shelter_min_walk":90,"pop":4040,"hh":2509,"elderly65_r":0.4126,"single_hh_r":0.6038,"source_level":"emd","flood_years":[],"landslide_hist_n":0},"geometry":{"type":"Polygon","coordinates":[[[126.49455,35.58477],[126.49373,35.58095],[126.49788,35.57892],[126.50285,35.58071],[126.50368,35.58453],[126.49953,35.58656],[126.49455,35.58477]]]}},{"type":"Feature","properties":{"h3":"8830c45ac1fffff","emd_code":"5280036000","emd_name":"변산면","area_km2":0.5274,"edge":false,"slope_mean":15.18,"elev_mean":57.1,"flood_hist_n":0,"flood_depth_max_m":null,"flood_risk_100y":null,"semi_basement_r":null,"elderly_alone_r":0.2866,"bldg_age30_r":null,"shelter_min_walk":43,"pop":4040,"hh":2509,"elderly65_r":0.4126,"single_hh_r":0.6038,"source_level":"emd","flood_years":[],"landslide_hist_n":0},"geometry":{"type":"Polygon","coordinates":[[[126.47212,35.60838],[126.4713,35.60457],[126.47545,35.60254],[126.48042,35.60433],[126.48124,35.60814],[126.47709,35.61017],[126.47212,35.60838]]]}},{"type":"Feature","properties":{"h3":"8830c45ac3fffff","emd_code":"5280036000","emd_name":"변산면","area_km2":0.5275,"edge":false,"slope_mean":8.78,"elev_mean":24.2,"flood_hist_n":0,"flood_depth_max_m":null,"flood_risk_100y":null,"semi_basement_r":null,"elderly_alone_r":0.2866,"bldg_age30_r":null,"shelter_min_walk":48,"pop":4040,"hh":2509,"elderly65_r":0.4126,"single_hh_r":0.6038,"source_level":"emd","flood_years":[],"landslide_hist_n":0},"geometry":{"type":"Polygon","coordinates":[[[126.48124,35.60814],[126.48042,35.60433],[126.48457,35.6023],[126.48954,35.60409],[126.49036,35.60791],[126.48621,35.60993],[126.48124,35.60814]]]}},{"type":"Feature","properties":{"h3":"8830c45ac5fffff","emd_code":"5280036000","emd_name":"변산면","area_km2":0.5275,"edge":true,"slope_mean":3.31,"elev_mean":4.0,"flood_hist_n":0,"flood_depth_max_m":null,"flood_risk_100y":null,"semi_basement_r":null,"elderly_alone_r":0.2866,"bldg_age30_r":null,"shelter_min_walk":52,"pop":4040,"hh":2509,"elderly65_r":0.4126,"single_hh_r":0.6038,"source_level":"emd","flood_years":[],"landslide_hist_n":0},"geometry":{"type":"Polygon","coordinates":[[[126.46633,35.60278],[126.46551,35.59896],[126.46966,35.59694],[126.47463,35.59873],[126.47545,35.60254],[126.4713,35.60457],[126.46633,35.60278]]]}},{"type":"Feature","properties":{"h3":"8830c45ac7fffff","emd_code":"5280036000","emd_name":"변산면","area_km2":0.5275,"edge":true,"slope_mean":2.42,"elev_mean":3.0,"flood_hist_n":0,"flood_depth_max_m":null,"flood_risk_100y":null,"semi_basement_r":null,"elderly_alone_r":0.2866,"bldg_age30_r":null,"shelter_min_walk":54,"pop":4040,"hh":2509,"elderly65_r":0.4126,"single_hh_r":0.6038,"source_level":"emd","flood_years":[],"landslide_hist_n":0},"geometry":{"type":"Polygon","coordinates":[[[126.47545,35.60254],[126.47463,35.59873],[126.47878,35.5967],[126.48375,35.59849],[126.48457,35.6023],[126.48042,35.60433],[126.47545,35.60254]]]}},{"type":"Feature","properties":{"h3":"8830c45ac9fffff","emd_code":"5280036000","emd_name":"변산면","area_km2":0.5273,"edge":false,"slope_mean":15.96,"elev_mean":62.1,"flood_hist_n":0,"flood_depth_max_m":null,"flood_risk_100y":null,"semi_basement_r":null,"elderly_alone_r":0.2866,"bldg_age30_r":null,"shelter_min_walk":33,"pop":4040,"hh":2509,"elderly65_r":0.4126,"single_hh_r":0.6038,"source_level":"emd","flood_years":[],"landslide_hist_n":0},"geometry":{"type":"Polygon","coordinates":[[[126.46879,35.61422],[126.46797,35.61041],[126.47212,35.60838],[126.47709,35.61017],[126.47791,35.61399],[126.47376,35.61601],[126.46879,35.61422]]]}},{"type":"Feature","properties":{"h3":"8830c45acbfffff","emd_code":"5280036000","emd_name":"변산면","area_km2":0.5273,"edge":false,"slope_mean":11.65,"elev_mean":39.3,"flood_hist_n":0,"flood_depth_max_m":null,"flood_risk_100y":null,"semi_basement_r":null,"elderly_alone_r":0.2866,"bldg_age30_r":null,"shelter_min_walk":37,"pop":4040,"hh":2509,"elderly65_r":0.4126,"single_hh_r":0.6038,"source_level":"emd","flood_years":[],"landslide_hist_n":0},"geometry":{"type":"Polygon","coordinates":[[[126.47791,35.61399],[126.47709,35.61017],[126.48124,35.60814],[126.48621,35.60993],[126.48704,35.61375],[126.48289,35.61577],[126.47791,35.61399]]]}},{"type":"Feature","properties":{"h3":"8830c45acdfffff","emd_code":"5280036000","emd_name":"변산면","area_km2":0.5274,"edge":false,"slope_mean":8.57,"elev_mean":21.9,"flood_hist_n":0,"flood_depth_max_m":null,"flood_risk_100y":null,"semi_basement_r":null,"elderly_alone_r":0.2866,"bldg_age30_r":null,"shelter_min_walk":42,"pop":4040,"hh":2509,"elderly65_r":0.4126,"single_hh_r":0.6038,"source_level":"emd","flood_years":[],"landslide_hist_n":0},"geometry":{"type":"Polygon","coordinates":[[[126.463,35.60862],[126.46218,35.60481],[126.46633,35.60278],[126.4713,35.60457],[126.47212,35.60838],[126.46797,35.61041],[126.463,35.60862]]]}},{"type":"Feature","properties":{"h3":"8830c45ad1fffff","emd_code":"5280036000","emd_name":"변산면","area_km2":0.5274,"edge":false,"slope_mean":22.69,"elev_mean":120.2,"flood_hist_n":0,"flood_depth_max_m":null,"flood_risk_100y":null,"semi_basement_r":null,"elderly_alone_r":0.2866,"bldg_age30_r":null,"shelter_min_walk":53,"pop":4040,"hh":2509,"elderly65_r":0.4126,"single_hh_r":0.6038,"source_level":"emd","flood_years":[],"landslide_hist_n":0},"geometry":{"type":"Polygon","coordinates":[[[126.49616,35.61351],[126.49534,35.60969],[126.49949,35.60767],[126.50446,35.60945],[126.50528,35.61327],[126.50113,35.6153],[126.49616,35.61351]]]}},{"type":"Feature","properties":{"h3":"8830c45ad3fffff","emd_code":"5280037000","emd_name":"진서면","area_km2":0.5275,"edge":false,"slope_mean":27.66,"elev_mean":270.4,"flood_hist_n":0,"flood_depth_max_m":null,"flood_risk_100y":null,"semi_basement_r":null,"elderly_alone_r":0.3392,"bldg_age30_r":null,"shelter_min_walk":63,"pop":2054,"hh":1297,"elderly65_r":0.5005,"single_hh_r":0.5883,"source_level":"emd","flood_years":[],"landslide_hist_n":0},"geometry":{"type":"Polygon","coordinates":[[[126.50528,35.61327],[126.50446,35.60945],[126.50861,35.60743],[126.51358,35.60921],[126.5144,35.61303],[126.51025,35.61506],[126.50528,35.61327]]]}},{"type":"Feature","properties":{"h3":"8830c45ad5fffff","emd_code":"5280036000","emd_name":"변산면","area_km2":0.5275,"edge":false,"slope_mean":21.72,"elev_mean":134.5,"flood_hist_n":0,"flood_depth_max_m":null,"flood_risk_100y":null,"semi_basement_r":null,"elderly_alone_r":0.2866,"bldg_age30_r":null,"shelter_min_walk":54,"pop":4040,"hh":2509,"elderly65_r":0.4126,"single_hh_r":0.6038,"source_level":"emd","flood_years":[],"landslide_hist_n":0},"geometry":{"type":"Polygon","coordinates":[[[126.49036,35.60791],[126.48954,35.60409],[126.49369,35.60206],[126.49866,35.60385],[126.49949,35.60767],[126.49534,35.60969],[126.49036,35.60791]]]}},{"type":"Feature","properties":{"h3":"8830c45ad7fffff","emd_code":"5280036000","emd_name":"변산면","area_km2":0.5276,"edge":false,"slope_mean":24.57,"elev_mean":237.5,"flood_hist_n":0,"flood_depth_max_m":null,"flood_risk_100y":null,"semi_basement_r":null,"elderly_alone_r":0.2866,"bldg_age30_r":null,"shelter_min_walk":63,"pop":4040,"hh":2509,"elderly65_r":0.4126,"single_hh_r":0.6038,"source_level":"emd","flood_years":[],"landslide_hist_n":0},"geometry":{"type":"Polygon","coordinates":[[[126.49949,35.60767],[126.49866,35.60385],[126.50281,35.60182],[126.50779,35.60361],[126.50861,35.60743],[126.50446,35.60945],[126.49949,35.60767]]]}},{"type":"Feature","properties":{"h3":"8830c45ad9fffff","emd_code":"5280036000","emd_name":"변산면","area_km2":0.5273,"edge":false,"slope_mean":22.09,"elev_mean":112.6,"flood_hist_n":0,"flood_depth_max_m":null,"flood_risk_100y":null,"semi_basement_r":null,"elderly_alone_r":0.2866,"bldg_age30_r":null,"shelter_min_walk":44,"pop":4040,"hh":2509,"elderly65_r":0.4126,"single_hh_r":0.6038,"source_level":"emd","flood_years":[],"landslide_hist_n":0},"geometry":{"type":"Polygon","coordinates":[[[126.49283,35.61935],[126.49201,35.61554],[126.49616,35.61351],[126.50113,35.6153],[126.50195,35.61911],[126.4978,35.62114],[126.49283,35.61935]]]}},{"type":"Feature","properties":{"h3":"8830c45adbfffff","emd_code":"5280036000","emd_name":"변산면","area_km2":0.5274,"edge":false,"slope_mean":26.0,"elev_mean":208.4,"flood_hist_n":0,"flood_depth_max_m":null,"flood_risk_100y":null,"semi_basement_r":null,"elderly_alone_r":0.2866,"bldg_age30_r":null,"shelter_min_walk":54,"pop":4040,"hh":2509,"elderly65_r":0.4126,"single_hh_r":0.6038,"source_level":"emd","flood_years":[],"landslide_hist_n":0},"geometry":{"type":"Polygon","coordinates":[[[126.50195,35.61911],[126.50113,35.6153],[126.50528,35.61327],[126.51025,35.61506],[126.51108,35.61887],[126.50693,35.6209],[126.50195,35.61911]]]}},{"type":"Feature","properties":{"h3":"8830c45addfffff","emd_code":"5280036000","emd_name":"변산면","area_km2":0.5274,"edge":false,"slope_mean":12.05,"elev_mean":48.3,"flood_hist_n":0,"flood_depth_max_m":null,"flood_risk_100y":null,"semi_basement_r":null,"elderly_alone_r":0.2866,"bldg_age30_r":null,"shelter_min_walk":44,"pop":4040,"hh":2509,"elderly65_r":0.4126,"single_hh_r":0.6038,"source_level":"emd","flood_years":[],"landslide_hist_n":0},"geometry":{"type":"Polygon","coordinates":[[[126.48704,35.61375],[126.48621,35.60993],[126.49036,35.60791],[126.49534,35.60969],[126.49616,35.61351],[126.49201,35.61554],[126.48704,35.61375]]]}},{"type":"Feature","properties":{"h3":"8830c4cc81fffff","emd_code":"5280034000","emd_name":"계화면","area_km2":0.5251,"edge":false,"slope_mean":22.17,"elev_mean":102.7,"flood_hist_n":0,"flood_depth_max_m":null,"flood_risk_100y":null,"semi_basement_r":null,"elderly_alone_r":0.3302,"bldg_age30_r":null,"shelter_min_walk":169,"pop":2891,"hh":1805,"elderly65_r":0.5265,"single_hh_r":0.5845,"source_level":"emd","flood_years":[],"landslide_hist_n":0},"geometry":{"type":"Polygon","coordinates":[[[126.62695,35.79389],[126.62613,35.79008],[126.63028,35.78806],[126.63526,35.78984],[126.63609,35.79364],[126.63193,35.79567],[126.62695,35.79389]]]}},{"type":"Feature","properties":{"h3":"8830c4cc83fffff","emd_code":"5280034000","emd_name":"계화면","area_km2":0.5252,"edge":false,"slope_mean":7.63,"elev_mean":16.1,"flood_hist_n":0,"flood_depth_max_m":null,"flood_risk_100y":null,"semi_basement_r":null,"elderly_alone_r":0.3302,"bldg_age30_r":null,"shelter_min_walk":159,"pop":2891,"hh":1805,"elderly65_r":0.5265,"single_hh_r":0.5845,"source_level":"emd","flood_years":[],"landslide_hist_n":0},"geometry":{"type":"Polygon","coordinates":[[[126.63609,35.79364],[126.63526,35.78984],[126.63942,35.78782],[126.6444,35.7896],[126.64522,35.7934],[126.64106,35.79542],[126.63609,35.79364]]]}},{"type":"Feature","properties":{"h3":"8830c4cc85fffff","emd_code":"5280034000","emd_name":"계화면","area_km2":0.5252,"edge":false,"slope_mean":13.79,"elev_mean":39.7,"flood_hist_n":0,"flood_depth_max_m":null,"flood_risk_100y":null,"semi_basement_r":null,"elderly_alone_r":0.3302,"bldg_age30_r":null,"shelter_min_walk":169,"pop":2891,"hh":1805,"elderly65_r":0.5265,"single_hh_r":0.5845,"source_level":"emd","flood_years":[],"landslide_hist_n":0},"geometry":{"type":"Polygon","coordinates":[[[126.62115,35.78831],[126.62032,35.7845],[126.62448,35.78248],[126.62946,35.78426],[126.63028,35.78806],[126.62613,35.79008],[126.62115,35.78831]]]}},{"type":"Feature","properties":{"h3":"8830c4cc87fffff","emd_code":"5280034000","emd_name":"계화면","area_km2":0.5252,"edge":false,"slope_mean":17.43,"elev_mean":70.2,"flood_hist_n":0,"flood_depth_max_m":null,"flood_risk_100y":null,"semi_basement_r":null,"elderly_alone_r":0.3302,"bldg_age30_r":null,"shelter_min_walk":159,"pop":2891,"hh":1805,"elderly65_r":0.5265,"single_hh_r":0.5845,"source_level":"emd","flood_years":[],"landslide_hist_n":0},"geometry":{"type":"Polygon","coordinates":[[[126.63028,35.78806],[126.62946,35.78426],[126.63361,35.78224],[126.63859,35.78402],[126.63942,35.78782],[126.63526,35.78984],[126.63028,35.78806]]]}},{"type":"Feature","properties":{"h3":"8830c4cc89fffff","emd_code":"5280034000","emd_name":"계화면","area_km2":0.525,"edge":true,"slope_mean":7.33,"elev_mean":18.3,"flood_hist_n":0,"flood_depth_max_m":null,"flood_risk_100y":null,"semi_basement_r":null,"elderly_alone_r":0.3302,"bldg_age30_r":null,"shelter_min_walk":178,"pop":2891,"hh":1805,"elderly65_r":0.5265,"single_hh_r":0.5845,"source_level":"emd","flood_years":[],"landslide_hist_n":0},"geometry":{"type":"Polygon","coordinates":[[[126.62362,35.79971],[126.6228,35.79591],[126.62695,35.79389],[126.63193,35.79567],[126.63275,35.79947],[126.6286,35.80149],[126.62362,35.79971]]]}},{"type":"Feature","properties":{"h3":"8830c4cc8bfffff","emd_code":"5280034000","emd_name":"계화면","area_km2":0.5251,"edge":false,"slope_mean":9.67,"elev_mean":25.9,"flood_hist_n":0,"flood_depth_max_m":null,"flood_risk_100y":null,"semi_basement_r":null,"elderly_alone_r":0.3302,"bldg_age30_r":null,"shelter_min_walk":169,"pop":2891,"hh":1805,"elderly65_r":0.5265,"single_hh_r":0.5845,"source_level":"emd","flood_years":[],"landslide_hist_n":0},"geometry":{"type":"Polygon","coordinates":[[[126.63275,35.79947],[126.63193,35.79567],[126.63609,35.79364],[126.64106,35.79542],[126.64189,35.79922],[126.63773,35.80125],[126.63275,35.79947]]]}},{"type":"Feature","properties":{"h3":"8830c4cc8dfffff","emd_code":"5280034000","emd_name":"계화면","area_km2":0.5251,"edge":true,"slope_mean":2.76,"elev_mean":4.1,"flood_hist_n":0,"flood_depth_max_m":null,"flood_risk_100y":null,"semi_basement_r":null,"elderly_alone_r":0.3302,"bldg_age30_r":null,"shelter_min_walk":179,"pop":2891,"hh":1805,"elderly65_r":0.5265,"single_hh_r":0.5845,"source_level":"emd","flood_years":[],"landslide_hist_n":0},"geometry":{"type":"Polygon","coordinates":[[[126.61782,35.79413],[126.61699,35.79033],[126.62115,35.78831],[126.62613,35.79008],[126.62695,35.79389],[126.6228,35.79591],[126.61782,35.79413]]]}},{"type":"Feature","properties":{"h3":"8830c4cc91fffff","emd_code":"5280034000","emd_name":"계화면","area_km2":0.5252,"edge":false,"slope_mean":0.2,"elev_mean":0.1,"flood_hist_n":0,"flood_depth_max_m":null,"flood_risk_100y":null,"semi_basement_r":null,"elderly_alone_r":0.3302,"bldg_age30_r":null,"shelter_min_walk":151,"pop":2891,"hh":1805,"elderly65_r":0.5265,"single_hh_r":0.5845,"source_level":"emd","flood_years":[],"landslide_hist_n":0},"geometry":{"type":"Polygon","coordinates":[[[126.65102,35.79898],[126.6502,35.79518],[126.65435,35.79315],[126.65934,35.79493],[126.66016,35.79873],[126.656,35.80076],[126.65102,35.79898]]]}},{"type":"Feature","properties":{"h3":"8830c4cc93fffff","emd_code":"5280034000","emd_name":"계화면","area_km2":0.5252,"edge":false,"slope_mean":0.28,"elev_mean":0.2,"flood_hist_n":0,"flood_depth_max_m":null,"flood_risk_100y":null,"semi_basement_r":null,"elderly_alone_r":0.3302,"bldg_age30_r":null,"shelter_min_walk":142,"pop":2891,"hh":1805,"elderly65_r":0.5265,"single_hh_r":0.5845,"source_level":"emd","flood_years":[],"landslide_hist_n":0},"geometry":{"type":"Polygon","coordinates":[[[126.66016,35.79873],[126.65934,35.79493],[126.66349,35.79291],[126.66847,35.79469],[126.6693,35.79849],[126.66514,35.80051],[126.66016,35.79873]]]}},{"type":"Feature","properties":{"h3":"8830c4cc95fffff","emd_code":"5280034000","emd_name":"계화면","area_km2":0.5252,"edge":false,"slope_mean":0.78,"elev_mean":-0.0,"flood_hist_n":0,"flood_depth_max_m":null,"flood_risk_100y":null,"semi_basement_r":null,"elderly_alone_r":0.3302,"bldg_age30_r":null,"shelter_min_walk":150,"pop":2891,"hh":1805,"elderly65_r":0.5265,"single_hh_r":0.5845,"source_level":"emd","flood_years":[],"landslide_hist_n":0},"geometry":{"type":"Polygon","coordinates":[[[126.64522,35.7934],[126.6444,35.7896],[126.64855,35.78757],[126.65353,35.78935],[126.65435,35.79315],[126.6502,35.79518],[126.64522,35.7934]]]}},{"type":"Feature","properties":{"h3":"8830c4cc97fffff","emd_code":"5280034000","emd_name":"계화면","area_km2":0.5253,"edge":false,"slope_mean":0.61,"elev_mean":0.2,"flood_hist_n":0,"flood_depth_max_m":null,"flood_risk_100y":null,"semi_basement_r":null,"elderly_alone_r":0.3302,"bldg_age30_r":null,"shelter_min_walk":141,"pop":2891,"hh":1805,"elderly65_r":0.5265,"single_hh_r":0.5845,"source_level":"emd","flood_years":[],"landslide_hist_n":0},"geometry":{"type":"Polygon","coordinates":[[[126.65435,35.79315],[126.65353,35.78935],[126.65769,35.78733],[126.66267,35.78911],[126.66349,35.79291],[126.65934,35.79493],[126.65435,35.79315]]]}},{"type":"Feature","properties":{"h3":"8830c4cc9dfffff","emd_code":"5280034000","emd_name":"계화면","area_km2":0.5251,"edge":false,"slope_mean":0.7,"elev_mean":0.4,"flood_hist_n":0,"flood_depth_max_m":null,"flood_risk_100y":null,"semi_basement_r":null,"elderly_alone_r":0.3302,"bldg_age30_r":null,"shelter_min_walk":160,"pop":2891,"hh":1805,"elderly65_r":0.5265,"single_hh_r":0.5845,"source_level":"emd","flood_years":[],"landslide_hist_n":0},"geometry":{"type":"Polygon","coordinates":[[[126.64189,35.79922],[126.64106,35.79542],[126.64522,35.7934],[126.6502,35.79518],[126.65102,35.79898],[126.64687,35.801],[126.64189,35.79922]]]}},{"type":"Feature","properties":{"h3":"8830c4cca1fffff","emd_code":"5280034000","emd_name":"계화면","area_km2":0.5254,"edge":true,"slope_mean":0.85,"elev_mean":1.6,"flood_hist_n":0,"flood_depth_max_m":null,"flood_risk_100y":null,"semi_basement_r":null,"elderly_alone_r":0.3302,"bldg_age30_r":null,"shelter_min_walk":162,"pop":2891,"hh":1805,"elderly65_r":0.5265,"single_hh_r":0.5845,"source_level":"emd","flood_years":[],"landslide_hist_n":0},"geometry":{"type":"Polygon","coordinates":[[[126.61868,35.7769],[126.61785,35.7731],[126.62201,35.77107],[126.62699,35.77285],[126.62781,35.77665],[126.62365,35.77868],[126.61868,35.7769]]]}},{"type":"Feature","properties":{"h3":"8830c4cca3fffff","emd_code":"5280034000","emd_name":"계화면","area_km2":0.5254,"edge":false,"slope_mean":0.44,"elev_mean":-1.2,"flood_hist_n":0,"flood_depth_max_m":null,"flood_risk_100y":null,"semi_basement_r":null,"elderly_alone_r":0.3302,"bldg_age30_r":null,"shelter_min_walk":151,"pop":2891,"hh":1805,"elderly65_r":0.5265,"single_hh_r":0.5845,"source_level":"emd","flood_years":[],"landslide_hist_n":0},"geometry":{"type":"Polygon","coordinates":[[[126.62781,35.77665],[126.62699,35.77285],[126.63114,35.77083],[126.63612,35.77261],[126.63694,35.77641],[126.63279,35.77843],[126.62781,35.77665]]]}},{"type":"Feature","properties":{"h3":"8830c4cca7fffff","emd_code":"5280034000","emd_name":"계화면","area_km2":0.5255,"edge":false,"slope_mean":0.74,"elev_mean":0.5,"flood_hist_n":0,"flood_depth_max_m":null,"flood_risk_100y":null,"semi_basement_r":null,"elderly_alone_r":0.3302,"bldg_age30_r":null,"shelter_min_walk":154,"pop":2891,"hh":1805,"elderly65_r":0.5265,"single_hh_r":0.5845,"source_level":"emd","flood_years":[],"landslide_hist_n":0},"geometry":{"type":"Polygon","coordinates":[[[126.62201,35.77107],[126.62118,35.76727],[126.62534,35.76524],[126.63032,35.76702],[126.63114,35.77083],[126.62699,35.77285],[126.62201,35.77107]]]}},{"type":"Feature","properties":{"h3":"8830c4ccabfffff","emd_code":"5280034000","emd_name":"계화면","area_km2":0.5253,"edge":false,"slope_mean":5.84,"elev_mean":10.2,"flood_hist_n":0,"flood_depth_max_m":null,"flood_risk_100y":null,"semi_basement_r":null,"elderly_alone_r":0.3302,"bldg_age30_r":null,"shelter_min_walk":160,"pop":2891,"hh":1805,"elderly65_r":0.5265,"single_hh_r":0.5845,"source_level":"emd","flood_years":[],"landslide_hist_n":0},"geometry":{"type":"Polygon","coordinates":[[[126.62448,35.78248],[126.62365,35.77868],[126.62781,35.77665],[126.63279,35.77843],[126.63361,35.78224],[126.62946,35.78426],[126.62448,35.78248]]]}},{"type":"Feature","properties":{"h3":"8830c4ccb1fffff","emd_code":"5280034000","emd_name":"계화면","area_km2":0.5254,"edge":false,"slope_mean":0.45,"elev_mean":1.2,"flood_hist_n":0,"flood_depth_max_m":null,"flood_risk_100y":null,"semi_basement_r":null,"elderly_alone_r":0.3302,"bldg_age30_r":null,"shelter_min_walk":140,"pop":2891,"hh":1805,"elderly65_r":0.5265,"single_hh_r":0.5845,"source_level":"emd","flood_years":[],"landslide_hist_n":0},"geometry":{"type":"Polygon","coordinates":[[[126.64275,35.78199],[126.64192,35.77819],[126.64608,35.77617],[126.65106,35.77794],[126.65188,35.78175],[126.64773,35.78377],[126.64275,35.78199]]]}},{"type":"Feature","properties":{"h3":"8830c4ccb3fffff","emd_code":"5280034000","emd_name":"계화면","area_km2":0.5255,"edge":false,"slope_mean":0.34,"elev_mean":1.2,"flood_hist_n":0,"flood_depth_max_m":null,"flood_risk_100y":null,"semi_basement_r":null,"elderly_alone_r":0.3302,"bldg_age30_r":null,"shelter_min_walk":130,"pop":2891,"hh":1805,"elderly65_r":0.5265,"single_hh_r":0.5845,"source_level":"emd","flood_years":[],"landslide_hist_n":0},"geometry":{"type":"Polygon","coordinates":[[[126.65188,35.78175],[126.65106,35.77794],[126.65521,35.77592],[126.66019,35.7777],[126.66102,35.7815],[126.65686,35.78353],[126.65188,35.78175]]]}},{"type":"Feature","properties":{"h3":"8830c4ccb5fffff","emd_code":"5280034000","emd_name":"계화면","area_km2":0.5255,"edge":false,"slope_mean":0.38,"elev_mean":0.1,"flood_hist_n":0,"flood_depth_max_m":null,"flood_risk_100y":null,"semi_basement_r":null,"elderly_alone_r":0.3302,"bldg_age30_r":null,"shelter_min_walk":141,"pop":2891,"hh":1805,"elderly65_r":0.5265,"single_hh_r":0.5845,"source_level":"emd","flood_years":[],"landslide_hist_n":0},"geometry":{"type":"Polygon","coordinates":[[[126.63694,35.77641],[126.63612,35.77261],[126.64027,35.77058],[126.64525,35.77236],[126.64608,35.77617],[126.64192,35.77819],[126.63694,35.77641]]]}},{"type":"Feature","properties":{"h3":"8830c4ccb7fffff","emd_code":"5280034000","emd_name":"계화면","area_km2":0.5255,"edge":false,"slope_mean":0.35,"elev_mean":1.7,"flood_hist_n":0,"flood_depth_max_m":null,"flood_risk_100y":null,"semi_basement_r":null,"elderly_alone_r":0.3302,"bldg_age30_r":null,"shelter_min_walk":130,"pop":2891,"hh":1805,"elderly65_r":0.5265,"single_hh_r":0.5845,"source_level":"emd","flood_years":[],"landslide_hist_n":0},"geometry":{"type":"Polygon","coordinates":[[[126.64608,35.77617],[126.64525,35.77236],[126.64941,35.77034],[126.65439,35.77212],[126.65521,35.77592],[126.65106,35.77794],[126.64608,35.77617]]]}},{"type":"Feature","properties":{"h3":"8830c4ccb9fffff","emd_code":"5280034000","emd_name":"계화면","area_km2":0.5253,"edge":false,"slope_mean":0.86,"elev_mean":0.0,"flood_hist_n":0,"flood_depth_max_m":null,"flood_risk_100y":null,"semi_basement_r":null,"elderly_alone_r":0.3302,"bldg_age30_r":null,"shelter_min_walk":149,"pop":2891,"hh":1805,"elderly65_r":0.5265,"single_hh_r":0.5845,"source_level":"emd","flood_years":[],"landslide_hist_n":0},"geometry":{"type":"Polygon","coordinates":[[[126.63942,35.78782],[126.63859,35.78402],[126.64275,35.78199],[126.64773,35.78377],[126.64855,35.78757],[126.6444,35.7896],[126.63942,35.78782]]]}},{"type":"Feature","properties":{"h3":"8830c4ccbbfffff","emd_code":"5280034000","emd_name":"계화면","area_km2":0.5253,"edge":false,"slope_mean":0.33,"elev_mean":0.4,"flood_hist_n":0,"flood_depth_max_m":null,"flood_risk_100y":null,"semi_basement_r":null,"elderly_alone_r":0.3302,"bldg_age30_r":null,"shelter_min_walk":140,"pop":2891,"hh":1805,"elderly65_r":0.5265,"single_hh_r":0.5845,"source_level":"emd","flood_years":[],"landslide_hist_n":0},"geometry":{"type":"Polygon","coordinates":[[[126.64855,35.78757],[126.64773,35.78377],[126.65188,35.78175],[126.65686,35.78353],[126.65769,35.78733],[126.65353,35.78935],[126.64855,35.78757]]]}},{"type":"Feature","properties":{"h3":"8830c4ccbdfffff","emd_code":"5280034000","emd_name":"계화면","area_km2":0.5254,"edge":false,"slope_mean":1.05,"elev_mean":0.2,"flood_hist_n":0,"flood_depth_max_m":null,"flood_risk_100y":null,"semi_basement_r":null,"elderly_alone_r":0.3302,"bldg_age30_r":null,"shelter_min_walk":150,"pop":2891,"hh":1805,"elderly65_r":0.5265,"single_hh_r":0.5845,"source_level":"emd","flood_years":[],"landslide_hist_n":0},"geometry":{"type":"Polygon","coordinates":[[[126.63361,35.78224],[126.63279,35.77843],[126.63694,35.77641],[126.64192,35.77819],[126.64275,35.78199],[126.63859,35.78402],[126.63361,35.78224]]]}},{"type":"Feature","properties":{"h3":"8830c4ccd5fffff","emd_code":"5280034000","emd_name":"계화면","area_km2":0.525,"edge":true,"slope_mean":1.21,"elev_mean":0.7,"flood_hist_n":0,"flood_depth_max_m":null,"flood_risk_100y":null,"semi_basement_r":null,"elderly_alone_r":0.3302,"bldg_age30_r":null,"shelter_min_walk":179,"pop":2891,"hh":1805,"elderly65_r":0.5265,"single_hh_r":0.5845,"source_level":"emd","flood_years":[],"landslide_hist_n":0},"geometry":{"type":"Polygon","coordinates":[[[126.62942,35.80529],[126.6286,35.80149],[126.63275,35.79947],[126.63773,35.80125],[126.63856,35.80505],[126.6344,35.80707],[126.62942,35.80529]]]}},{"type":"Feature","properties":{"h3":"8830c4cd93fffff","emd_code":"5280034000","emd_name":"계화면","area_km2":0.5257,"edge":true,"slope_mean":0.92,"elev_mean":1.7,"flood_hist_n":0,"flood_depth_max_m":null,"flood_risk_100y":null,"semi_basement_r":null,"elderly_alone_r":0.3302,"bldg_age30_r":null,"shelter_min_walk":149,"pop":2891,"hh":1805,"elderly65_r":0.5265,"single_hh_r":0.5845,"source_level":"emd","flood_years":[],"landslide_hist_n":0},"geometry":{"type":"Polygon","coordinates":[[[126.61953,35.75966],[126.61871,35.75586],[126.62286,35.75383],[126.62784,35.75561],[126.62867,35.75942],[126.62451,35.76144],[126.61953,35.75966]]]}},{"type":"Feature","properties":{"h3":"8830c4cdb3fffff","emd_code":"5280040000","emd_name":"하서면","area_km2":0.5259,"edge":true,"slope_mean":2.82,"elev_mean":5.0,"flood_hist_n":0,"flood_depth_max_m":null,"flood_risk_100y":null,"semi_basement_r":null,"elderly_alone_r":0.3676,"bldg_age30_r":null,"shelter_min_walk":153,"pop":2319,"hh":1477,"elderly65_r":0.5295,"single_hh_r":0.6012,"source_level":"emd","flood_years":[],"landslide_hist_n":0},"geometry":{"type":"Polygon","coordinates":[[[126.61126,35.74266],[126.61044,35.73886],[126.61459,35.73683],[126.61957,35.73861],[126.62039,35.74242],[126.61624,35.74444],[126.61126,35.74266]]]}},{"type":"Feature","properties":{"h3":"8830c4cdb7fffff","emd_code":"5280040000","emd_name":"하서면","area_km2":0.526,"edge":true,"slope_mean":3.02,"elev_mean":5.4,"flood_hist_n":0,"flood_depth_max_m":null,"flood_risk_100y":null,"semi_basement_r":null,"elderly_alone_r":0.3676,"bldg_age30_r":null,"shelter_min_walk":160,"pop":2319,"hh":1477,"elderly65_r":0.5295,"single_hh_r":0.6012,"source_level":"emd","flood_years":[],"landslide_hist_n":0},"geometry":{"type":"Polygon","coordinates":[[[126.60546,35.73707],[126.60464,35.73327],[126.60879,35.73124],[126.61377,35.73302],[126.61459,35.73683],[126.61044,35.73886],[126.60546,35.73707]]]}},{"type":"Feature","properties":{"h3":"8830f12093fffff","emd_code":"5280042000","emd_name":"위도면","area_km2":0.5264,"edge":false,"slope_mean":8.4,"elev_mean":12.8,"flood_hist_n":0,"flood_depth_max_m":null,"flood_risk_100y":null,"semi_basement_r":null,"elderly_alone_r":0.3294,"bldg_age30_r":null,"shelter_min_walk":274,"pop":1084,"hh":759,"elderly65_r":0.5055,"single_hh_r":0.6877,"source_level":"emd","flood_years":[],"landslide_hist_n":0},"geometry":{"type":"Polygon","coordinates":[[[126.26581,35.60783],[126.26499,35.60402],[126.26914,35.602],[126.2741,35.6038],[126.27492,35.60761],[126.27077,35.60963],[126.26581,35.60783]]]}},{"type":"Feature","properties":{"h3":"8830f120b1fffff","emd_code":"5280042000","emd_name":"위도면","area_km2":0.5265,"edge":false,"slope_mean":9.28,"elev_mean":16.8,"flood_hist_n":0,"flood_depth_max_m":null,"flood_risk_100y":null,"semi_basement_r":null,"elderly_alone_r":0.3294,"bldg_age30_r":null,"shelter_min_walk":302,"pop":1084,"hh":759,"elderly65_r":0.5055,"single_hh_r":0.6877,"source_level":"emd","flood_years":[],"landslide_hist_n":0},"geometry":{"type":"Polygon","coordinates":[[[126.24846,35.591],[126.24764,35.58719],[126.25179,35.58517],[126.25675,35.58697],[126.25757,35.59078],[126.25343,35.5928],[126.24846,35.591]]]}},{"type":"Feature","properties":{"h3":"8830f120b3fffff","emd_code":"5280042000","emd_name":"위도면","area_km2":0.5266,"edge":false,"slope_mean":7.71,"elev_mean":19.6,"flood_hist_n":0,"flood_depth_max_m":null,"flood_risk_100y":null,"semi_basement_r":null,"elderly_alone_r":0.3294,"bldg_age30_r":null,"shelter_min_walk":290,"pop":1084,"hh":759,"elderly65_r":0.5055,"single_hh_r":0.6877,"source_level":"emd","flood_years":[],"landslide_hist_n":0},"geometry":{"type":"Polygon","coordinates":[[[126.25757,35.59078],[126.25675,35.58697],[126.2609,35.58495],[126.26586,35.58674],[126.26668,35.59056],[126.26253,35.59258],[126.25757,35.59078]]]}},{"type":"Feature","properties":{"h3":"8830f120b5fffff","emd_code":"5280042000","emd_name":"위도면","area_km2":0.5266,"edge":true,"slope_mean":3.93,"elev_mean":6.0,"flood_hist_n":0,"flood_depth_max_m":null,"flood_risk_100y":null,"semi_basement_r":null,"elderly_alone_r":0.3294,"bldg_age30_r":null,"shelter_min_walk":312,"pop":1084,"hh":759,"elderly65_r":0.5055,"single_hh_r":0.6877,"source_level":"emd","flood_years":[],"landslide_hist_n":0},"geometry":{"type":"Polygon","coordinates":[[[126.24268,35.58539],[126.24186,35.58158],[126.24601,35.57956],[126.25097,35.58135],[126.25179,35.58517],[126.24764,35.58719],[126.24268,35.58539]]]}},{"type":"Feature","properties":{"h3":"8830f120b7fffff","emd_code":"5280042000","emd_name":"위도면","area_km2":0.5267,"edge":false,"slope_mean":13.84,"elev_mean":39.1,"flood_hist_n":0,"flood_depth_max_m":null,"flood_risk_100y":null,"semi_basement_r":null,"elderly_alone_r":0.3294,"bldg_age30_r":null,"shelter_min_walk":300,"pop":1084,"hh":759,"elderly65_r":0.5055,"single_hh_r":0.6877,"source_level":"emd","flood_years":[],"landslide_hist_n":0},"geometry":{"type":"Polygon","coordinates":[[[126.25179,35.58517],[126.25097,35.58135],[126.25511,35.57933],[126.26008,35.58113],[126.2609,35.58495],[126.25675,35.58697],[126.25179,35.58517]]]}},{"type":"Feature","properties":{"h3":"8830f120bbfffff","emd_code":"5280042000","emd_name":"위도면","area_km2":0.5265,"edge":false,"slope_mean":4.3,"elev_mean":4.1,"flood_hist_n":0,"flood_depth_max_m":null,"flood_risk_100y":null,"semi_basement_r":null,"elderly_alone_r":0.3294,"bldg_age30_r":null,"shelter_min_walk":292,"pop":1084,"hh":759,"elderly65_r":0.5055,"single_hh_r":0.6877,"source_level":"emd","flood_years":[],"landslide_hist_n":0},"geometry":{"type":"Polygon","coordinates":[[[126.25424,35.59661],[126.25343,35.5928],[126.25757,35.59078],[126.26253,35.59258],[126.26335,35.59639],[126.25921,35.59841],[126.25424,35.59661]]]}},{"type":"Feature","properties":{"h3":"8830f12261fffff","emd_code":"5280042000","emd_name":"위도면","area_km2":0.5251,"edge":false,"slope_mean":17.0,"elev_mean":40.0,"flood_hist_n":0,"flood_depth_max_m":null,"flood_risk_100y":null,"semi_basement_r":null,"elderly_alone_r":0.3294,"bldg_age30_r":null,"shelter_min_walk":465,"pop":1084,"hh":759,"elderly65_r":0.5055,"single_hh_r":0.6877,"source_level":"emd","flood_years":[],"landslide_hist_n":0},"geometry":{"type":"Polygon","coordinates":[[[126.12173,35.63999],[126.12091,35.63618],[126.12505,35.63417],[126.13001,35.63597],[126.13083,35.63978],[126.12669,35.64179],[126.12173,35.63999]]]}},{"type":"Feature","properties":{"h3":"8830f12265fffff","emd_code":"5280042000","emd_name":"위도면","area_km2":0.5251,"edge":true,"slope_mean":1.2,"elev_mean":1.4,"flood_hist_n":0,"flood_depth_max_m":null,"flood_risk_100y":null,"semi_basement_r":null,"elderly_alone_r":0.3294,"bldg_age30_r":null,"shelter_min_walk":472,"pop":1084,"hh":759,"elderly65_r":0.5055,"single_hh_r":0.6877,"source_level":"emd","flood_years":[],"landslide_hist_n":0},"geometry":{"type":"Polygon","coordinates":[[[126.11595,35.63438],[126.11513,35.63057],[126.11928,35.62856],[126.12423,35.63036],[126.12505,35.63417],[126.12091,35.63618],[126.11595,35.63438]]]}},{"type":"Feature","properties":{"h3":"8830f12267fffff","emd_code":"5280042000","emd_name":"위도면","area_km2":0.5252,"edge":true,"slope_mean":2.81,"elev_mean":4.0,"flood_hist_n":0,"flood_depth_max_m":null,"flood_risk_100y":null,"semi_basement_r":null,"elderly_alone_r":0.3294,"bldg_age30_r":null,"shelter_min_walk":460,"pop":1084,"hh":759,"elderly65_r":0.5055,"single_hh_r":0.6877,"source_level":"emd","flood_years":[],"landslide_hist_n":0},"geometry":{"type":"Polygon","coordinates":[[[126.12505,35.63417],[126.12423,35.63036],[126.12838,35.62835],[126.13333,35.63015],[126.13415,35.63396],[126.13001,35.63597],[126.12505,35.63417]]]}},{"type":"Feature","properties":{"h3":"8830f12269fffff","emd_code":"5280042000","emd_name":"위도면","area_km2":0.525,"edge":false,"slope_mean":14.56,"elev_mean":38.7,"flood_hist_n":0,"flood_depth_max_m":null,"flood_risk_100y":null,"semi_basement_r":null,"elderly_alone_r":0.3294,"bldg_age30_r":null,"shelter_min_walk":469,"pop":1084,"hh":759,"elderly65_r":0.5055,"single_hh_r":0.6877,"source_level":"emd","flood_years":[],"landslide_hist_n":0},"geometry":{"type":"Polygon","coordinates":[[[126.1184,35.64581],[126.11759,35.642],[126.12173,35.63999],[126.12669,35.64179],[126.1275,35.6456],[126.12336,35.64761],[126.1184,35.64581]]]}},{"type":"Feature","properties":{"h3":"8830f1226dfffff","emd_code":"5280042000","emd_name":"위도면","area_km2":0.525,"edge":false,"slope_mean":10.9,"elev_mean":24.2,"flood_hist_n":0,"flood_depth_max_m":null,"flood_risk_100y":null,"semi_basement_r":null,"elderly_alone_r":0.3294,"bldg_age30_r":null,"shelter_min_walk":477,"pop":1084,"hh":759,"elderly65_r":0.5055,"single_hh_r":0.6877,"source_level":"emd","flood_years":[],"landslide_hist_n":0},"geometry":{"type":"Polygon","coordinates":[[[126.11263,35.6402],[126.11181,35.63639],[126.11595,35.63438],[126.12091,35.63618],[126.12173,35.63999],[126.11759,35.642],[126.11263,35.6402]]]}},{"type":"Feature","properties":{"h3":"8830f12501fffff","emd_code":"5280042000","emd_name":"위도면","area_km2":0.5266,"edge":false,"slope_mean":19.83,"elev_mean":57.1,"flood_hist_n":0,"flood_depth_max_m":null,"flood_risk_100y":null,"semi_basement_r":null,"elderly_alone_r":0.3294,"bldg_age30_r":null,"shelter_min_walk":235,"pop":1084,"hh":759,"elderly65_r":0.5055,"single_hh_r":0.6877,"source_level":"emd","flood_years":[],"landslide_hist_n":0},"geometry":{"type":"Polygon","coordinates":[[[126.29646,35.60133],[126.29564,35.59752],[126.29979,35.5955],[126.30475,35.59729],[126.30557,35.60111],[126.30143,35.60313],[126.29646,35.60133]]]}},{"type":"Feature","properties":{"h3":"8830f12503fffff","emd_code":"5280042000","emd_name":"위도면","area_km2":0.5267,"edge":true,"slope_mean":1.57,"elev_mean":1.8,"flood_hist_n":0,"flood_depth_max_m":null,"flood_risk_100y":null,"semi_basement_r":null,"elderly_alone_r":0.3294,"bldg_age30_r":null,"shelter_min_walk":223,"pop":1084,"hh":759,"elderly65_r":0.5055,"single_hh_r":0.6877,"source_level":"emd","flood_years":[],"landslide_hist_n":0},"geometry":{"type":"Polygon","coordinates":[[[126.30557,35.60111],[126.30475,35.59729],[126.3089,35.59527],[126.31386,35.59707],[126.31468,35.60088],[126.31054,35.6029],[126.30557,35.60111]]]}},{"type":"Feature","properties":{"h3":"8830f12505fffff","emd_code":"5280042000","emd_name":"위도면","area_km2":0.5267,"edge":true,"slope_mean":8.27,"elev_mean":17.3,"flood_hist_n":0,"flood_depth_max_m":null,"flood_risk_100y":null,"semi_basement_r":null,"elderly_alone_r":0.3294,"bldg_age30_r":null,"shelter_min_walk":245,"pop":1084,"hh":759,"elderly65_r":0.5055,"single_hh_r":0.6877,"source_level":"emd","flood_years":[],"landslide_hist_n":0},"geometry":{"type":"Polygon","coordinates":[[[126.29068,35.59572],[126.28986,35.59191],[126.294,35.58989],[126.29897,35.59168],[126.29979,35.5955],[126.29564,35.59752],[126.29068,35.59572]]]}},{"type":"Feature","properties":{"h3":"8830f12507fffff","emd_code":"5280042000","emd_name":"위도면","area_km2":0.5267,"edge":true,"slope_mean":4.1,"elev_mean":7.0,"flood_hist_n":0,"flood_depth_max_m":null,"flood_risk_100y":null,"semi_basement_r":null,"elderly_alone_r":0.3294,"bldg_age30_r":null,"shelter_min_walk":233,"pop":1084,"hh":759,"elderly65_r":0.5055,"single_hh_r":0.6877,"source_level":"emd","flood_years":[],"landslide_hist_n":0},"geometry":{"type":"Polygon","coordinates":[[[126.29979,35.5955],[126.29897,35.59168],[126.30311,35.58966],[126.30808,35.59146],[126.3089,35.59527],[126.30475,35.59729],[126.29979,35.5955]]]}},{"type":"Feature","properties":{"h3":"8830f12509fffff","emd_code":"5280042000","emd_name":"위도면","area_km2":0.5265,"edge":false,"slope_mean":15.38,"elev_mean":51.3,"flood_hist_n":0,"flood_depth_max_m":null,"flood_risk_100y":null,"semi_basement_r":null,"elderly_alone_r":0.3294,"bldg_age30_r":null,"shelter_min_walk":237,"pop":1084,"hh":759,"elderly65_r":0.5055,"single_hh_r":0.6877,"source_level":"emd","flood_years":[],"landslide_hist_n":0},"geometry":{"type":"Polygon","coordinates":[[[126.29314,35.60717],[126.29232,35.60335],[126.29646,35.60133],[126.30143,35.60313],[126.30225,35.60694],[126.2981,35.60896],[126.29314,35.60717]]]}},{"type":"Feature","properties":{"h3":"8830f1250bfffff","emd_code":"5280042000","emd_name":"위도면","area_km2":0.5266,"edge":false,"slope_mean":22.03,"elev_mean":94.2,"flood_hist_n":0,"flood_depth_max_m":null,"flood_risk_100y":null,"semi_basement_r":null,"elderly_alone_r":0.3294,"bldg_age30_r":null,"shelter_min_walk":225,"pop":1084,"hh":759,"elderly65_r":0.5055,"single_hh_r":0.6877,"source_level":"emd","flood_years":[],"landslide_hist_n":0},"geometry":{"type":"Polygon","coordinates":[[[126.30225,35.60694],[126.30143,35.60313],[126.30557,35.60111],[126.31054,35.6029],[126.31136,35.60672],[126.30721,35.60874],[126.30225,35.60694]]]}},{"type":"Feature","properties":{"h3":"8830f1250dfffff","emd_code":"5280042000","emd_name":"위도면","area_km2":0.5266,"edge":false,"slope_mean":19.52,"elev_mean":67.1,"flood_hist_n":0,"flood_depth_max_m":null,"flood_risk_100y":null,"semi_basement_r":null,"elderly_alone_r":0.3294,"bldg_age30_r":null,"shelter_min_walk":247,"pop":1084,"hh":759,"elderly65_r":0.5055,"single_hh_r":0.6877,"source_level":"emd","flood_years":[],"landslide_hist_n":0},"geometry":{"type":"Polygon","coordinates":[[[126.28735,35.60156],[126.28653,35.59774],[126.29068,35.59572],[126.29564,35.59752],[126.29646,35.60133],[126.29232,35.60335],[126.28735,35.60156]]]}},{"type":"Feature","properties":{"h3":"8830f1251dfffff","emd_code":"5280042000","emd_name":"위도면","area_km2":0.5266,"edge":true,"slope_mean":3.22,"elev_mean":5.1,"flood_hist_n":0,"flood_depth_max_m":null,"flood_risk_100y":null,"semi_basement_r":null,"elderly_alone_r":0.3294,"bldg_age30_r":null,"shelter_min_walk":214,"pop":1084,"hh":759,"elderly65_r":0.5055,"single_hh_r":0.6877,"source_level":"emd","flood_years":[],"landslide_hist_n":0},"geometry":{"type":"Polygon","coordinates":[[[126.31136,35.60672],[126.31054,35.6029],[126.31468,35.60088],[126.31965,35.60268],[126.32047,35.60649],[126.31632,35.60851],[126.31136,35.60672]]]}},{"type":"Feature","properties":{"h3":"8830f12529fffff","emd_code":"5280042000","emd_name":"위도면","area_km2":0.5267,"edge":true,"slope_mean":4.43,"elev_mean":8.1,"flood_hist_n":0,"flood_depth_max_m":null,"flood_risk_100y":null,"semi_basement_r":null,"elderly_alone_r":0.3294,"bldg_age30_r":null,"shelter_min_walk":255,"pop":1084,"hh":759,"elderly65_r":0.5055,"single_hh_r":0.6877,"source_level":"emd","flood_years":[],"landslide_hist_n":0},"geometry":{"type":"Polygon","coordinates":[[[126.2849,35.59011],[126.28408,35.5863],[126.28822,35.58428],[126.29319,35.58607],[126.294,35.58989],[126.28986,35.59191],[126.2849,35.59011]]]}},{"type":"Feature","properties":{"h3":"8830f1252bfffff","emd_code":"5280042000","emd_name":"위도면","area_km2":0.5268,"edge":false,"slope_mean":2.88,"elev_mean":2.4,"flood_hist_n":0,"flood_depth_max_m":null,"flood_risk_100y":null,"semi_basement_r":null,"elderly_alone_r":0.3294,"bldg_age30_r":null,"shelter_min_walk":243,"pop":1084,"hh":759,"elderly65_r":0.5055,"single_hh_r":0.6877,"source_level":"emd","flood_years":[],"landslide_hist_n":0},"geometry":{"type":"Polygon","coordinates":[[[126.294,35.58989],[126.29319,35.58607],[126.29733,35.58405],[126.3023,35.58585],[126.30311,35.58966],[126.29897,35.59168],[126.294,35.58989]]]}},{"type":"Feature","properties":{"h3":"8830f1252dfffff","emd_code":"5280042000","emd_name":"위도면","area_km2":0.5268,"edge":true,"slope_mean":8.47,"elev_mean":26.1,"flood_hist_n":0,"flood_depth_max_m":null,"flood_risk_100y":null,"semi_basement_r":null,"elderly_alone_r":0.3294,"bldg_age30_r":null,"shelter_min_walk":265,"pop":1084,"hh":759,"elderly65_r":0.5055,"single_hh_r":0.6877,"source_level":"emd","flood_years":[],"landslide_hist_n":0},"geometry":{"type":"Polygon","coordinates":[[[126.27911,35.5845],[126.27829,35.58068],[126.28244,35.57866],[126.2874,35.58046],[126.28822,35.58428],[126.28408,35.5863],[126.27911,35.5845]]]}},{"type":"Feature","properties":{"h3":"8830f12541fffff","emd_code":"5280042000","emd_name":"위도면","area_km2":0.5263,"edge":false,"slope_mean":9.38,"elev_mean":15.0,"flood_hist_n":0,"flood_depth_max_m":null,"flood_risk_100y":null,"semi_basement_r":null,"elderly_alone_r":0.3294,"bldg_age30_r":null,"shelter_min_walk":252,"pop":1084,"hh":759,"elderly65_r":0.5055,"single_hh_r":0.6877,"source_level":"emd","flood_years":[],"landslide_hist_n":0},"geometry":{"type":"Polygon","coordinates":[[[126.2807,35.61322],[126.27988,35.60941],[126.28403,35.60739],[126.28899,35.60918],[126.28981,35.613],[126.28567,35.61502],[126.2807,35.61322]]]}},{"type":"Feature","properties":{"h3":"8830f12543fffff","emd_code":"5280042000","emd_name":"위도면","area_km2":0.5264,"edge":true,"slope_mean":7.27,"elev_mean":10.6,"flood_hist_n":0,"flood_depth_max_m":null,"flood_risk_100y":null,"semi_basement_r":null,"elderly_alone_r":0.3294,"bldg_age30_r":null,"shelter_min_walk":240,"pop":1084,"hh":759,"elderly65_r":0.5055,"single_hh_r":0.6877,"source_level":"emd","flood_years":[],"landslide_hist_n":0},"geometry":{"type":"Polygon","coordinates":[[[126.28981,35.613],[126.28899,35.60918],[126.29314,35.60717],[126.2981,35.60896],[126.29892,35.61277],[126.29478,35.61479],[126.28981,35.613]]]}},{"type":"Feature","properties":{"h3":"8830f12545fffff","emd_code":"5280042000","emd_name":"위도면","area_km2":0.5264,"edge":false,"slope_mean":6.52,"elev_mean":9.4,"flood_hist_n":0,"flood_depth_max_m":null,"flood_risk_100y":null,"semi_basement_r":null,"elderly_alone_r":0.3294,"bldg_age30_r":null,"shelter_min_walk":262,"pop":1084,"hh":759,"elderly65_r":0.5055,"single_hh_r":0.6877,"source_level":"emd","flood_years":[],"landslide_hist_n":0},"geometry":{"type":"Polygon","coordinates":[[[126.27492,35.60761],[126.2741,35.6038],[126.27824,35.60178],[126.28321,35.60357],[126.28403,35.60739],[126.27988,35.60941],[126.27492,35.60761]]]}},{"type":"Feature","properties":{"h3":"8830f12547fffff","emd_code":"5280042000","emd_name":"위도면","area_km2":0.5265,"edge":false,"slope_mean":10.82,"elev_mean":21.8,"flood_hist_n":0,"flood_depth_max_m":null,"flood_risk_100y":null,"semi_basement_r":null,"elderly_alone_r":0.3294,"bldg_age30_r":null,"shelter_min_walk":249,"pop":1084,"hh":759,"elderly65_r":0.5055,"single_hh_r":0.6877,"source_level":"emd","flood_years":[],"landslide_hist_n":0},"geometry":{"type":"Polygon","coordinates":[[[126.28403,35.60739],[126.28321,35.60357],[126.28735,35.60156],[126.29232,35.60335],[126.29314,35.60717],[126.28899,35.60918],[126.28403,35.60739]]]}},{"type":"Feature","properties":{"h3":"8830f12549fffff","emd_code":"5280042000","emd_name":"위도면","area_km2":0.5262,"edge":true,"slope_mean":3.02,"elev_mean":3.2,"flood_hist_n":0,"flood_depth_max_m":null,"flood_risk_100y":null,"semi_basement_r":null,"elderly_alone_r":0.3294,"bldg_age30_r":null,"shelter_min_walk":256,"pop":1084,"hh":759,"elderly65_r":0.5055,"single_hh_r":0.6877,"source_level":"emd","flood_years":[],"landslide_hist_n":0},"geometry":{"type":"Polygon","coordinates":[[[126.27738,35.61905],[126.27656,35.61524],[126.2807,35.61322],[126.28567,35.61502],[126.28649,35.61883],[126.28234,35.62085],[126.27738,35.61905]]]}},{"type":"Feature","properties":{"h3":"8830f1254bfffff","emd_code":"5280042000","emd_name":"위도면","area_km2":0.5263,"edge":false,"slope_mean":4.32,"elev_mean":3.9,"flood_hist_n":0,"flood_depth_max_m":null,"flood_risk_100y":null,"semi_basement_r":null,"elderly_alone_r":0.3294,"bldg_age30_r":null,"shelter_min_walk":244,"pop":1084,"hh":759,"elderly65_r":0.5055,"single_hh_r":0.6877,"source_level":"emd","flood_years":[],"landslide_hist_n":0},"geometry":{"type":"Polygon","coordinates":[[[126.28649,35.61883],[126.28567,35.61502],[126.28981,35.613],[126.29478,35.61479],[126.2956,35.61861],[126.29145,35.62062],[126.28649,35.61883]]]}},{"type":"Feature","properties":{"h3":"8830f1254dfffff","emd_code":"5280042000","emd_name":"위도면","area_km2":0.5263,"edge":true,"slope_mean":4.94,"elev_mean":6.4,"flood_hist_n":0,"flood_depth_max_m":null,"flood_risk_100y":null,"semi_basement_r":null,"elderly_alone_r":0.3294,"bldg_age30_r":null,"shelter_min_walk":265,"pop":1084,"hh":759,"elderly65_r":0.5055,"single_hh_r":0.6877,"source_level":"emd","flood_years":[],"landslide_hist_n":0},"geometry":{"type":"Polygon","coordinates":[[[126.27159,35.61344],[126.27077,35.60963],[126.27492,35.60761],[126.27988,35.60941],[126.2807,35.61322],[126.27656,35.61524],[126.27159,35.61344]]]}},{"type":"Feature","properties":{"h3":"8830f12551fffff","emd_code":"5280042000","emd_name":"위도면","area_km2":0.5264,"edge":false,"slope_mean":15.09,"elev_mean":32.8,"flood_hist_n":0,"flood_depth_max_m":null,"flood_risk_100y":null,"semi_basement_r":null,"elderly_alone_r":0.3294,"bldg_age30_r":null,"shelter_min_walk":219,"pop":1084,"hh":759,"elderly65_r":0.5055,"single_hh_r":0.6877,"source_level":"emd","flood_years":[],"landslide_hist_n":0},"geometry":{"type":"Polygon","coordinates":[[[126.30471,35.61838],[126.30389,35.61457],[126.30803,35.61255],[126.313,35.61434],[126.31382,35.61816],[126.30967,35.62018],[126.30471,35.61838]]]}},{"type":"Feature","properties":{"h3":"8830f12555fffff","emd_code":"5280042000","emd_name":"위도면","area_km2":0.5264,"edge":false,"slope_mean":17.14,"elev_mean":58.5,"flood_hist_n":0,"flood_depth_max_m":null,"flood_risk_100y":null,"semi_basement_r":null,"elderly_alone_r":0.3294,"bldg_age30_r":null,"shelter_min_walk":228,"pop":1084,"hh":759,"elderly65_r":0.5055,"single_hh_r":0.6877,"source_level":"emd","flood_years":[],"landslide_hist_n":0},"geometry":{"type":"Polygon","coordinates":[[[126.29892,35.61277],[126.2981,35.60896],[126.30225,35.60694],[126.30721,35.60874],[126.30803,35.61255],[126.30389,35.61457],[126.29892,35.61277]]]}},{"type":"Feature","properties":{"h3":"8830f12557fffff","emd_code":"5280042000","emd_name":"위도면","area_km2":0.5265,"edge":false,"slope_mean":16.59,"elev_mean":44.5,"flood_hist_n":0,"flood_depth_max_m":null,"flood_risk_100y":null,"semi_basement_r":null,"elderly_alone_r":0.3294,"bldg_age30_r":null,"shelter_min_walk":216,"pop":1084,"hh":759,"elderly65_r":0.5055,"single_hh_r":0.6877,"source_level":"emd","flood_years":[],"landslide_hist_n":0},"geometry":{"type":"Polygon","coordinates":[[[126.30803,35.61255],[126.30721,35.60874],[126.31136,35.60672],[126.31632,35.60851],[126.31714,35.61232],[126.313,35.61434],[126.30803,35.61255]]]}},{"type":"Feature","properties":{"h3":"8830f12559fffff","emd_code":"5280042000","emd_name":"위도면","area_km2":0.5263,"edge":true,"slope_mean":2.96,"elev_mean":3.4,"flood_hist_n":0,"flood_depth_max_m":null,"flood_risk_100y":null,"semi_basement_r":null,"elderly_alone_r":0.3294,"bldg_age30_r":null,"shelter_min_walk":223,"pop":1084,"hh":759,"elderly65_r":0.5055,"single_hh_r":0.6877,"source_level":"emd","flood_years":[],"landslide_hist_n":0},"geometry":{"type":"Polygon","coordinates":[[[126.30138,35.62421],[126.30056,35.6204],[126.30471,35.61838],[126.30967,35.62018],[126.31049,35.62399],[126.30635,35.62601],[126.30138,35.62421]]]}},{"type":"Feature","properties":{"h3":"8830f1255dfffff","emd_code":"5280042000","emd_name":"위도면","area_km2":0.5263,"edge":true,"slope_mean":2.25,"elev_mean":3.1,"flood_hist_n":0,"flood_depth_max_m":null,"flood_risk_100y":null,"semi_basement_r":null,"elderly_alone_r":0.3294,"bldg_age30_r":null,"shelter_min_walk":231,"pop":1084,"hh":759,"elderly65_r":0.5055,"single_hh_r":0.6877,"source_level":"emd","flood_years":[],"landslide_hist_n":0},"geometry":{"type":"Polygon","coordinates":[[[126.2956,35.61861],[126.29478,35.61479],[126.29892,35.61277],[126.30389,35.61457],[126.30471,35.61838],[126.30056,35.6204],[126.2956,35.61861]]]}},{"type":"Feature","properties":{"h3":"8830f12561fffff","emd_code":"5280042000","emd_name":"위도면","area_km2":0.5266,"edge":false,"slope_mean":16.28,"elev_mean":56.5,"flood_hist_n":0,"flood_depth_max_m":null,"flood_risk_100y":null,"semi_basement_r":null,"elderly_alone_r":0.3294,"bldg_age30_r":null,"shelter_min_walk":269,"pop":1084,"hh":759,"elderly65_r":0.5055,"single_hh_r":0.6877,"source_level":"emd","flood_years":[],"landslide_hist_n":0},"geometry":{"type":"Polygon","coordinates":[[[126.27246,35.59617],[126.27164,35.59235],[126.27579,35.59034],[126.28075,35.59213],[126.28157,35.59595],[126.27742,35.59797],[126.27246,35.59617]]]}},{"type":"Feature","properties":{"h3":"8830f12563fffff","emd_code":"5280042000","emd_name":"위도면","area_km2":0.5266,"edge":false,"slope_mean":12.77,"elev_mean":40.8,"flood_hist_n":0,"flood_depth_max_m":null,"flood_risk_100y":null,"semi_basement_r":null,"elderly_alone_r":0.3294,"bldg_age30_r":null,"shelter_min_walk":257,"pop":1084,"hh":759,"elderly65_r":0.5055,"single_hh_r":0.6877,"source_level":"emd","flood_years":[],"landslide_hist_n":0},"geometry":{"type":"Polygon","coordinates":[[[126.28157,35.59595],[126.28075,35.59213],[126.2849,35.59011],[126.28986,35.59191],[126.29068,35.59572],[126.28653,35.59774],[126.28157,35.59595]]]}},{"type":"Feature","properties":{"h3":"8830f12565fffff","emd_code":"5280042000","emd_name":"위도면","area_km2":0.5266,"edge":false,"slope_mean":12.52,"elev_mean":41.8,"flood_hist_n":0,"flood_depth_max_m":null,"flood_risk_100y":null,"semi_basement_r":null,"elderly_alone_r":0.3294,"bldg_age30_r":null,"shelter_min_walk":278,"pop":1084,"hh":759,"elderly65_r":0.5055,"single_hh_r":0.6877,"source_level":"emd","flood_years":[],"landslide_hist_n":0},"geometry":{"type":"Polygon","coordinates":[[[126.26668,35.59056],[126.26586,35.58674],[126.27,35.58472],[126.27497,35.58652],[126.27579,35.59034],[126.27164,35.59235],[126.26668,35.59056]]]}},{"type":"Feature","properties":{"h3":"8830f12567fffff","emd_code":"5280042000","emd_name":"위도면","area_km2":0.5267,"edge":false,"slope_mean":19.98,"elev_mean":81.6,"flood_hist_n":0,"flood_depth_max_m":null,"flood_risk_100y":null,"semi_basement_r":null,"elderly_alone_r":0.3294,"bldg_age30_r":null,"shelter_min_walk":267,"pop":1084,"hh":759,"elderly65_r":0.5055,"single_hh_r":0.6877,"source_level":"emd","flood_years":[],"landslide_hist_n":0},"geometry":{"type":"Polygon","coordinates":[[[126.27579,35.59034],[126.27497,35.58652],[126.27911,35.5845],[126.28408,35.5863],[126.2849,35.59011],[126.28075,35.59213],[126.27579,35.59034]]]}},{"type":"Feature","properties":{"h3":"8830f12569fffff","emd_code":"5280042000","emd_name":"위도면","area_km2":0.5265,"edge":false,"slope_mean":15.52,"elev_mean":43.9,"flood_hist_n":0,"flood_depth_max_m":null,"flood_risk_100y":null,"semi_basement_r":null,"elderly_alone_r":0.3294,"bldg_age30_r":null,"shelter_min_walk":271,"pop":1084,"hh":759,"elderly65_r":0.5055,"single_hh_r":0.6877,"source_level":"emd","flood_years":[],"landslide_hist_n":0},"geometry":{"type":"Polygon","coordinates":[[[126.26914,35.602],[126.26832,35.59819],[126.27246,35.59617],[126.27742,35.59797],[126.27824,35.60178],[126.2741,35.6038],[126.26914,35.602]]]}},{"type":"Feature","properties":{"h3":"8830f1256bfffff","emd_code":"5280042000","emd_name":"위도면","area_km2":0.5265,"edge":false,"slope_mean":13.75,"elev_mean":41.3,"flood_hist_n":0,"flood_depth_max_m":null,"flood_risk_100y":null,"semi_basement_r":null,"elderly_alone_r":0.3294,"bldg_age30_r":null,"shelter_min_walk":259,"pop":1084,"hh":759,"elderly65_r":0.5055,"single_hh_r":0.6877,"source_level":"emd","flood_years":[],"landslide_hist_n":0},"geometry":{"type":"Polygon","coordinates":[[[126.27824,35.60178],[126.27742,35.59797],[126.28157,35.59595],[126.28653,35.59774],[126.28735,35.60156],[126.28321,35.60357],[126.27824,35.60178]]]}},{"type":"Feature","properties":{"h3":"8830f1256dfffff","emd_code":"5280042000","emd_name":"위도면","area_km2":0.5265,"edge":false,"slope_mean":9.7,"elev_mean":19.1,"flood_hist_n":0,"flood_depth_max_m":null,"flood_risk_100y":null,"semi_basement_r":null,"elderly_alone_r":0.3294,"bldg_age30_r":null,"shelter_min_walk":280,"pop":1084,"hh":759,"elderly65_r":0.5055,"single_hh_r":0.6877,"source_level":"emd","flood_years":[],"landslide_hist_n":0},"geometry":{"type":"Polygon","coordinates":[[[126.26335,35.59639],[126.26253,35.59258],[126.26668,35.59056],[126.27164,35.59235],[126.27246,35.59617],[126.26832,35.59819],[126.26335,35.59639]]]}},{"type":"Feature","properties":{"h3":"8830f12731fffff","emd_code":"5280042000","emd_name":"위도면","area_km2":0.5261,"edge":false,"slope_mean":7.76,"elev_mean":16.9,"flood_hist_n":0,"flood_depth_max_m":null,"flood_risk_100y":null,"semi_basement_r":null,"elderly_alone_r":0.3294,"bldg_age30_r":null,"shelter_min_walk":239,"pop":1084,"hh":759,"elderly65_r":0.5055,"single_hh_r":0.6877,"source_level":"emd","flood_years":[],"landslide_hist_n":0},"geometry":{"type":"Polygon","coordinates":[[[126.28894,35.63027],[126.28812,35.62645],[126.29227,35.62444],[126.29723,35.62623],[126.29805,35.63004],[126.29391,35.63206],[126.28894,35.63027]]]}},{"type":"Feature","properties":{"h3":"8830f12735fffff","emd_code":"5280042000","emd_name":"위도면","area_km2":0.5262,"edge":true,"slope_mean":2.88,"elev_mean":2.4,"flood_hist_n":0,"flood_depth_max_m":null,"flood_risk_100y":null,"semi_basement_r":null,"elderly_alone_r":0.3294,"bldg_age30_r":null,"shelter_min_walk":247,"pop":1084,"hh":759,"elderly65_r":0.5055,"single_hh_r":0.6877,"source_level":"emd","flood_years":[],"landslide_hist_n":0},"geometry":{"type":"Polygon","coordinates":[[[126.28316,35.62466],[126.28234,35.62085],[126.28649,35.61883],[126.29145,35.62062],[126.29227,35.62444],[126.28812,35.62645],[126.28316,35.62466]]]}},{"type":"Feature","properties":{"h3":"8830f12739fffff","emd_code":"5280042000","emd_name":"위도면","area_km2":0.526,"edge":true,"slope_mean":7.94,"elev_mean":15.3,"flood_hist_n":0,"flood_depth_max_m":null,"flood_risk_100y":null,"semi_basement_r":null,"elderly_alone_r":0.3294,"bldg_age30_r":null,"shelter_min_walk":243,"pop":1084,"hh":759,"elderly65_r":0.5055,"single_hh_r":0.6877,"source_level":"emd","flood_years":[],"landslide_hist_n":0},"geometry":{"type":"Polygon","coordinates":[[[126.28562,35.6361],[126.2848,35.63228],[126.28894,35.63027],[126.29391,35.63206],[126.29473,35.63587],[126.29058,35.63789],[126.28562,35.6361]]]}},{"type":"Feature","properties":{"h3":"8830f1273dfffff","emd_code":"5280042000","emd_name":"위도면","area_km2":0.5261,"edge":true,"slope_mean":10.23,"elev_mean":16.5,"flood_hist_n":0,"flood_depth_max_m":null,"flood_risk_100y":null,"semi_basement_r":null,"elderly_alone_r":0.3294,"bldg_age30_r":null,"shelter_min_walk":251,"pop":1084,"hh":759,"elderly65_r":0.5055,"single_hh_r":0.6877,"source_level":"emd","flood_years":[],"landslide_hist_n":0},"geometry":{"type":"Polygon","coordinates":[[[126.27983,35.63049],[126.27901,35.62668],[126.28316,35.62466],[126.28812,35.62645],[126.28894,35.63027],[126.2848,35.63228],[126.27983,35.63049]]]}},{"type":"Feature","properties":{"h3":"8830f12e0bfffff","emd_code":"5280042000","emd_name":"위도면","area_km2":0.527,"edge":true,"slope_mean":1.95,"elev_mean":1.7,"flood_hist_n":0,"flood_depth_max_m":null,"flood_risk_100y":null,"semi_basement_r":null,"elderly_alone_r":0.3294,"bldg_age30_r":null,"shelter_min_walk":297,"pop":1084,"hh":759,"elderly65_r":0.5055,"single_hh_r":0.6877,"source_level":"emd","flood_years":[],"landslide_hist_n":0},"geometry":{"type":"Polygon","coordinates":[[[126.26176,35.56766],[126.26095,35.56385],[126.26509,35.56183],[126.27005,35.56362],[126.27087,35.56744],[126.26673,35.56946],[126.26176,35.56766]]]}},{"type":"Feature","properties":{"h3":"8830f12e43fffff","emd_code":"5280042000","emd_name":"위도면","area_km2":0.5268,"edge":true,"slope_mean":2.66,"elev_mean":3.5,"flood_hist_n":0,"flood_depth_max_m":null,"flood_risk_100y":null,"semi_basement_r":null,"elderly_alone_r":0.3294,"bldg_age30_r":null,"shelter_min_walk":309,"pop":1084,"hh":759,"elderly65_r":0.5055,"single_hh_r":0.6877,"source_level":"emd","flood_years":[],"landslide_hist_n":0},"geometry":{"type":"Polygon","coordinates":[[[126.24933,35.57372],[126.24851,35.56991],[126.25266,35.56789],[126.25762,35.56968],[126.25844,35.5735],[126.25429,35.57552],[126.24933,35.57372]]]}},{"type":"Feature","properties":{"h3":"8830f12e4bfffff","emd_code":"5280042000","emd_name":"위도면","area_km2":0.5267,"edge":true,"slope_mean":4.99,"elev_mean":4.8,"flood_hist_n":0,"flood_depth_max_m":null,"flood_risk_100y":null,"semi_basement_r":null,"elderly_alone_r":0.3294,"bldg_age30_r":null,"shelter_min_walk":310,"pop":1084,"hh":759,"elderly65_r":0.5055,"single_hh_r":0.6877,"source_level":"emd","flood_years":[],"landslide_hist_n":0},"geometry":{"type":"Polygon","coordinates":[[[126.24601,35.57956],[126.24519,35.57574],[126.24933,35.57372],[126.25429,35.57552],[126.25511,35.57933],[126.25097,35.58135],[126.24601,35.57956]]]}},{"type":"Feature","properties":{"h3":"8830f12e51fffff","emd_code":"5280042000","emd_name":"위도면","area_km2":0.5268,"edge":false,"slope_mean":13.0,"elev_mean":36.7,"flood_hist_n":0,"flood_depth_max_m":null,"flood_risk_100y":null,"semi_basement_r":null,"elderly_alone_r":0.3294,"bldg_age30_r":null,"shelter_min_walk":287,"pop":1084,"hh":759,"elderly65_r":0.5055,"single_hh_r":0.6877,"source_level":"emd","flood_years":[],"landslide_hist_n":0},"geometry":{"type":"Polygon","coordinates":[[[126.26422,35.57911],[126.2634,35.5753],[126.26755,35.57328],[126.27251,35.57507],[126.27333,35.57889],[126.26918,35.58091],[126.26422,35.57911]]]}},{"type":"Feature","properties":{"h3":"8830f12e53fffff","emd_code":"5280042000","emd_name":"위도면","area_km2":0.5269,"edge":true,"slope_mean":4.2,"elev_mean":7.1,"flood_hist_n":0,"flood_depth_max_m":null,"flood_risk_100y":null,"semi_basement_r":null,"elderly_alone_r":0.3294,"bldg_age30_r":null,"shelter_min_walk":276,"pop":1084,"hh":759,"elderly65_r":0.5055,"single_hh_r":0.6877,"source_level":"emd","flood_years":[],"landslide_hist_n":0},"geometry":{"type":"Polygon","coordinates":[[[126.27333,35.57889],[126.27251,35.57507],[126.27665,35.57305],[126.28162,35.57485],[126.28244,35.57866],[126.27829,35.58068],[126.27333,35.57889]]]}},{"type":"Feature","properties":{"h3":"8830f12e55fffff","emd_code":"5280042000","emd_name":"위도면","area_km2":0.5269,"edge":false,"slope_mean":9.22,"elev_mean":17.2,"flood_hist_n":0,"flood_depth_max_m":null,"flood_risk_100y":null,"semi_basement_r":null,"elderly_alone_r":0.3294,"bldg_age30_r":null,"shelter_min_walk":298,"pop":1084,"hh":759,"elderly65_r":0.5055,"single_hh_r":0.6877,"source_level":"emd","flood_years":[],"landslide_hist_n":0},"geometry":{"type":"Polygon","coordinates":[[[126.25844,35.5735],[126.25762,35.56968],[126.26176,35.56766],[126.26673,35.56946],[126.26755,35.57328],[126.2634,35.5753],[126.25844,35.5735]]]}},{"type":"Feature","properties":{"h3":"8830f12e59fffff","emd_code":"5280042000","emd_name":"위도면","area_km2":0.5267,"edge":false,"slope_mean":20.59,"elev_mean":108.8,"flood_hist_n":0,"flood_depth_max_m":null,"flood_risk_100y":null,"semi_basement_r":null,"elderly_alone_r":0.3294,"bldg_age30_r":null,"shelter_min_walk":288,"pop":1084,"hh":759,"elderly65_r":0.5055,"single_hh_r":0.6877,"source_level":"emd","flood_years":[],"landslide_hist_n":0},"geometry":{"type":"Polygon","coordinates":[[[126.2609,35.58495],[126.26008,35.58113],[126.26422,35.57911],[126.26918,35.58091],[126.27,35.58472],[126.26586,35.58674],[126.2609,35.58495]]]}},{"type":"Feature","properties":{"h3":"8830f12e5bfffff","emd_code":"5280042000","emd_name":"위도면","area_km2":0.5268,"edge":false,"slope_mean":23.57,"elev_mean":112.9,"flood_hist_n":0,"flood_depth_max_m":null,"flood_risk_100y":null,"semi_basement_r":null,"elderly_alone_r":0.3294,"bldg_age30_r":null,"shelter_min_walk":277,"pop":1084,"hh":759,"elderly65_r":0.5055,"single_hh_r":0.6877,"source_level":"emd","flood_years":[],"landslide_hist_n":0},"geometry":{"type":"Polygon","coordinates":[[[126.27,35.58472],[126.26918,35.58091],[126.27333,35.57889],[126.27829,35.58068],[126.27911,35.5845],[126.27497,35.58652],[126.27,35.58472]]]}},{"type":"Feature","properties":{"h3":"8830f12e5dfffff","emd_code":"5280042000","emd_name":"위도면","area_km2":0.5268,"edge":false,"slope_mean":20.59,"elev_mean":74.8,"flood_hist_n":0,"flood_depth_max_m":null,"flood_risk_100y":null,"semi_basement_r":null,"elderly_alone_r":0.3294,"bldg_age30_r":null,"shelter_min_walk":299,"pop":1084,"hh":759,"elderly65_r":0.5055,"single_hh_r":0.6877,"source_level":"emd","flood_years":[],"landslide_hist_n":0},"geometry":{"type":"Polygon","coordinates":[[[126.25511,35.57933],[126.25429,35.57552],[126.25844,35.5735],[126.2634,35.5753],[126.26422,35.57911],[126.26008,35.58113],[126.25511,35.57933]]]}},{"type":"Feature","properties":{"h3":"8830f130a5fffff","emd_code":"5280042000","emd_name":"위도면","area_km2":0.5246,"edge":true,"slope_mean":7.63,"elev_mean":16.5,"flood_hist_n":0,"flood_depth_max_m":null,"flood_risk_100y":null,"semi_basement_r":null,"elderly_alone_r":0.3294,"bldg_age30_r":null,"shelter_min_walk":485,"pop":1084,"hh":759,"elderly65_r":0.5055,"single_hh_r":0.6877,"source_level":"emd","flood_years":[],"landslide_hist_n":0},"geometry":{"type":"Polygon","coordinates":[[[126.10843,35.66326],[126.10761,35.65946],[126.11175,35.65745],[126.11671,35.65925],[126.11753,35.66306],[126.11339,35.66506],[126.10843,35.66326]]]}},{"type":"Feature","properties":{"h3":"8830f130adfffff","emd_code":"5280042000","emd_name":"위도면","area_km2":0.5245,"edge":false,"slope_mean":8.68,"elev_mean":17.8,"flood_hist_n":0,"flood_depth_max_m":null,"flood_risk_100y":null,"semi_basement_r":null,"elderly_alone_r":0.3294,"bldg_age30_r":null,"shelter_min_walk":490,"pop":1084,"hh":759,"elderly65_r":0.5055,"single_hh_r":0.6877,"source_level":"emd","flood_years":[],"landslide_hist_n":0},"geometry":{"type":"Polygon","coordinates":[[[126.10511,35.66908],[126.10429,35.66527],[126.10843,35.66326],[126.11339,35.66506],[126.11421,35.66887],[126.11006,35.67088],[126.10511,35.66908]]]}},{"type":"Feature","properties":{"h3":"8830f13197fffff","emd_code":"5280042000","emd_name":"위도면","area_km2":0.5249,"edge":true,"slope_mean":14.56,"elev_mean":44.6,"flood_hist_n":0,"flood_depth_max_m":null,"flood_risk_100y":null,"semi_basement_r":null,"elderly_alone_r":0.3294,"bldg_age30_r":null,"shelter_min_walk":482,"pop":1084,"hh":759,"elderly65_r":0.5055,"single_hh_r":0.6877,"source_level":"emd","flood_years":[],"landslide_hist_n":0},"geometry":{"type":"Polygon","coordinates":[[[126.1093,35.64602],[126.10849,35.64221],[126.11263,35.6402],[126.11759,35.642],[126.1184,35.64581],[126.11426,35.64782],[126.1093,35.64602]]]}},{"type":"Feature","properties":{"h3":"8830f13199fffff","emd_code":"5280042000","emd_name":"위도면","area_km2":0.5247,"edge":true,"slope_mean":5.42,"elev_mean":7.2,"flood_hist_n":0,"flood_depth_max_m":null,"flood_risk_100y":null,"semi_basement_r":null,"elderly_alone_r":0.3294,"bldg_age30_r":null,"shelter_min_walk":492,"pop":1084,"hh":759,"elderly65_r":0.5055,"single_hh_r":0.6877,"source_level":"emd","flood_years":[],"landslide_hist_n":0},"geometry":{"type":"Polygon","coordinates":[[[126.10266,35.65765],[126.10184,35.65385],[126.10598,35.65184],[126.11094,35.65364],[126.11175,35.65745],[126.10761,35.65946],[126.10266,35.65765]]]}},{"type":"Feature","properties":{"h3":"8830f131bbfffff","emd_code":"5280042000","emd_name":"위도면","area_km2":0.525,"edge":true,"slope_mean":2.57,"elev_mean":3.8,"flood_hist_n":0,"flood_depth_max_m":null,"flood_risk_100y":null,"semi_basement_r":null,"elderly_alone_r":0.3294,"bldg_age30_r":null,"shelter_min_walk":489,"pop":1084,"hh":759,"elderly65_r":0.5055,"single_hh_r":0.6877,"source_level":"emd","flood_years":[],"landslide_hist_n":0},"geometry":{"type":"Polygon","coordinates":[[[126.10353,35.64041],[126.10271,35.6366],[126.10685,35.63459],[126.11181,35.63639],[126.11263,35.6402],[126.10849,35.64221],[126.10353,35.64041]]]}},{"type":"Feature","properties":{"h3":"8830f131d1fffff","emd_code":"5280042000","emd_name":"위도면","area_km2":0.5245,"edge":true,"slope_mean":0.0,"elev_mean":0.0,"flood_hist_n":0,"flood_depth_max_m":null,"flood_risk_100y":null,"semi_basement_r":null,"elderly_alone_r":0.3294,"bldg_age30_r":null,"shelter_min_walk":509,"pop":1084,"hh":759,"elderly65_r":0.5055,"single_hh_r":0.6877,"source_level":"emd","flood_years":[],"landslide_hist_n":0},"geometry":{"type":"Polygon","coordinates":[[[126.09023,35.66368],[126.08942,35.65987],[126.09356,35.65786],[126.09851,35.65966],[126.09933,35.66347],[126.09519,35.66548],[126.09023,35.66368]]]}},{"type":"Feature","properties":{"h3":"8830f131d3fffff","emd_code":"5280042000","emd_name":"위도면","area_km2":0.5246,"edge":false,"slope_mean":14.49,"elev_mean":35.2,"flood_hist_n":0,"flood_depth_max_m":null,"flood_risk_100y":null,"semi_basement_r":null,"elderly_alone_r":0.3294,"bldg_age30_r":null,"shelter_min_walk":497,"pop":1084,"hh":759,"elderly65_r":0.5055,"single_hh_r":0.6877,"source_level":"emd","flood_years":[],"landslide_hist_n":0},"geometry":{"type":"Polygon","coordinates":[[[126.09933,35.66347],[126.09851,35.65966],[126.10266,35.65765],[126.10761,35.65946],[126.10843,35.66326],[126.10429,35.66527],[126.09933,35.66347]]]}},{"type":"Feature","properties":{"h3":"8830f131dbfffff","emd_code":"5280042000","emd_name":"위도면","area_km2":0.5245,"edge":true,"slope_mean":0.45,"elev_mean":0.4,"flood_hist_n":0,"flood_depth_max_m":null,"flood_risk_100y":null,"semi_basement_r":null,"elderly_alone_r":0.3294,"bldg_age30_r":null,"shelter_min_walk":502,"pop":1084,"hh":759,"elderly65_r":0.5055,"single_hh_r":0.6877,"source_level":"emd","flood_years":[],"landslide_hist_n":0},"geometry":{"type":"Polygon","coordinates":[[[126.09601,35.66929],[126.09519,35.66548],[126.09933,35.66347],[126.10429,35.66527],[126.10511,35.66908],[126.10097,35.67109],[126.09601,35.66929]]]}}]}