{"type":"FeatureCollection","features":[{"type":"Feature","geometry":{"type":"Point","coordinates":[126.6282,37.48421]},"properties":{"name":"만석초등학교 운동장","addr":null,"sgg":"28125","cap":3517,"type":"지진옥외대피장소","src":"safekorea","asof":"2026-05-08"}},{"type":"Feature","geometry":{"type":"Point","coordinates":[126.63231,37.48441]},"properties":{"name":"화도진중학교 운동장","addr":"화도진중학교 운동장","sgg":"28125","cap":5637,"type":"지진옥외대피장소","src":"safekorea","asof":"2026-05-08"}},{"type":"Feature","geometry":{"type":"Point","coordinates":[126.63326,37.48162]},"properties":{"name":"송현초등학교 운동장","addr":null,"sgg":"28125","cap":5056,"type":"지진옥외대피장소","src":"safekorea","asof":"2026-05-08"}},{"type":"Feature","geometry":{"type":"Point","coordinates":[126.63994,37.47125]},"properties":{"name":"영화국제관광고등학교 운동장","addr":"영화관광경영고등학교","sgg":"28125","cap":2424,"type":"지진옥외대피장소","src":"safekorea","asof":"2026-05-08"}},{"type":"Feature","geometry":{"type":"Point","coordinates":[126.63937,37.47153]},"properties":{"name":"창영초등학교 운동장","addr":"창영초등학교 운동장","sgg":"28125","cap":5001,"type":"지진옥외대피장소","src":"safekorea","asof":"2026-05-08"}},{"type":"Feature","geometry":{"type":"Point","coordinates":[126.64088,37.47194]},"properties":{"name":"인천산업정보학교 운동장","addr":"인천산업정보학교","sgg":"28125","cap":4366,"type":"지진옥외대피장소","src":"safekorea","asof":"2026-05-08"}},{"type":"Feature","geometry":{"type":"Point","coordinates":[126.64253,37.47443]},"properties":{"name":"동명초등학교 운동장","addr":"동명초등학교","sgg":"28125","cap":2850,"type":"지진옥외대피장소","src":"safekorea","asof":"2026-05-08"}},{"type":"Feature","geometry":{"type":"Point","coordinates":[126.64834,37.4736]},"properties":{"name":"동산고등학교 운동장","addr":"동산고등학교 운동장","sgg":"28125","cap":18488,"type":"지진옥외대피장소","src":"safekorea","asof":"2026-05-08"}},{"type":"Feature","geometry":{"type":"Point","coordinates":[126.64678,37.47525]},"properties":{"name":"서림초등학교 운동장","addr":"서림초등학교 운동장","sgg":"28125","cap":6303,"type":"지진옥외대피장소","src":"safekorea","asof":"2026-05-08"}},{"type":"Feature","geometry":{"type":"Point","coordinates":[126.64468,37.47933]},"properties":{"name":"서흥초등학교 운동장","addr":"서흥초등학교 운동장","sgg":"28125","cap":4173,"type":"지진옥외대피장소","src":"safekorea","asof":"2026-05-08"}},{"type":"Feature","geometry":{"type":"Point","coordinates":[126.63743,37.47417]},"properties":{"name":"송림초등학교 운동장","addr":"송림초등학교 운동장","sgg":"28125","cap":3360,"type":"지진옥외대피장소","src":"safekorea","asof":"2026-05-08"}},{"type":"Feature","geometry":{"type":"Point","coordinates":[126.65136,37.47535]},"properties":{"name":"재능고등학교 운동장","addr":null,"sgg":"28125","cap":4870,"type":"지진옥외대피장소","src":"safekorea","asof":"2026-05-08"}},{"type":"Feature","geometry":{"type":"Point","coordinates":[126.60128,37.45514]},"properties":{"name":"연안부두 해양광장","addr":"연안부두  해양광장","sgg":"28125","cap":14795,"type":"지진옥외대피장소","src":"safekorea","asof":"2026-05-04"}},{"type":"Feature","geometry":{"type":"Point","coordinates":[126.60797,37.45356]},"properties":{"name":"인천연안초등학교 운동장","addr":"인천광역시 중구 연안부두로33번길 53","sgg":"28125","cap":3810,"type":"지진옥외대피장소","src":"safekorea","asof":"2026-05-04"}},{"type":"Feature","geometry":{"type":"Point","coordinates":[126.62187,37.47502]},"properties":{"name":"자유공원","addr":"인천광역시 중구 자유공원남로 25","sgg":"28125","cap":58299,"type":"지진옥외대피장소","src":"safekorea","asof":"2026-05-08"}},{"type":"Feature","geometry":{"type":"Point","coordinates":[126.62458,37.47381]},"properties":{"name":"인성여자중학교 운동장","addr":"인천광역시 중구 홍예문로 39","sgg":"28125","cap":2545,"type":"지진옥외대피장소","src":"safekorea","asof":"2026-04-27"}},{"type":"Feature","geometry":{"type":"Point","coordinates":[126.62414,37.47361]},"properties":{"name":"인성초등학교 운동장","addr":null,"sgg":"28125","cap":2545,"type":"지진옥외대피장소","src":"safekorea","asof":"2026-04-27"}},{"type":"Feature","geometry":{"type":"Point","coordinates":[126.62746,37.46958]},"properties":{"name":"답동소공원","addr":"인천광역시 중구 우현로 28  (답동)","sgg":"28125","cap":2727,"type":"지진옥외대피장소","src":"safekorea","asof":"2026-05-04"}},{"type":"Feature","geometry":{"type":"Point","coordinates":[126.62925,37.46855]},"properties":{"name":"송도중학교 운동장","addr":"인천광역시 중구 제물량로 123","sgg":"28125","cap":3267,"type":"지진옥외대피장소","src":"safekorea","asof":"2026-04-27"}},{"type":"Feature","geometry":{"type":"Point","coordinates":[126.62922,37.47041]},"properties":{"name":"인천신흥초등학교 운동장","addr":"인천광역시 중구 제물량로 134","sgg":"28125","cap":3776,"type":"지진옥외대피장소","src":"safekorea","asof":"2026-04-27"}},{"type":"Feature","geometry":{"type":"Point","coordinates":[126.63157,37.45389]},"properties":{"name":"신흥여자중학교 운동장","addr":"인천광역시 중구 인항로24번길 37","sgg":"28125","cap":3862,"type":"지진옥외대피장소","src":"safekorea","asof":"2026-05-08"}},{"type":"Feature","geometry":{"type":"Point","coordinates":[126.6302,37.45397]},"properties":{"name":"신흥중학교 운동장","addr":"인천광역시 중구 인항로24번길 38","sgg":"28125","cap":4324,"type":"지진옥외대피장소","src":"safekorea","asof":"2026-05-08"}},{"type":"Feature","geometry":{"type":"Point","coordinates":[126.63503,37.46405]},"properties":{"name":"인천신광초등학교 운동장","addr":"인천광역시 중구 인중로 63","sgg":"28125","cap":3309,"type":"지진옥외대피장소","src":"safekorea","asof":"2026-04-21"}},{"type":"Feature","geometry":{"type":"Point","coordinates":[126.6278,37.4512]},"properties":{"name":"인천신선초등학교 운동장","addr":"인천광역시 중구 축항대로291번길 33","sgg":"28125","cap":3139,"type":"지진옥외대피장소","src":"safekorea","asof":"2026-05-08"}},{"type":"Feature","geometry":{"type":"Point","coordinates":[126.63305,37.4697]},"properties":{"name":"율목공원","addr":"율목공원","sgg":"28125","cap":11500,"type":"지진옥외대피장소","src":"safekorea","asof":"2026-05-04"}},{"type":"Feature","geometry":{"type":"Point","coordinates":[126.63586,37.47112]},"properties":{"name":"인천반도체고등학교","addr":"인천정보산업고등학교 운동장","sgg":"28125","cap":3564,"type":"지진옥외대피장소","src":"safekorea","asof":"2026-04-27"}},{"type":"Feature","geometry":{"type":"Point","coordinates":[126.63996,37.4673]},"properties":{"name":"광성중학교 운동장","addr":"인천광역시 중구 참외전로244번길 47","sgg":"28125","cap":3852,"type":"지진옥외대피장소","src":"safekorea","asof":"2026-05-04"}},{"type":"Feature","geometry":{"type":"Point","coordinates":[126.62522,37.47893]},"properties":{"name":"송월초등학교 운동장","addr":"인천광역시 중구 자유공원로 106-8","sgg":"28125","cap":3014,"type":"지진옥외대피장소","src":"safekorea","asof":"2026-05-04"}},{"type":"Feature","geometry":{"type":"Point","coordinates":[126.62646,37.47757]},"properties":{"name":"인일여자고등학교 운동장","addr":"인천광역시 중구 참외전로72번길 10","sgg":"28125","cap":3394,"type":"지진옥외대피장소","src":"safekorea","asof":"2026-05-04"}},{"type":"Feature","geometry":{"type":"Point","coordinates":[126.62401,37.47636]},"properties":{"name":"제물포고등학교 운동장","addr":"운동장","sgg":"28125","cap":8824,"type":"지진옥외대피장소","src":"safekorea","asof":"2026-05-04"}},{"type":"Feature","geometry":{"type":"Point","coordinates":[126.60204,37.47139]},"properties":{"name":"월미공원","addr":null,"sgg":"28125","cap":3525,"type":"지진옥외대피장소","src":"safekorea","asof":"2026-05-04"}},{"type":"Feature","geometry":{"type":"Point","coordinates":[126.55316,37.48864]},"properties":{"name":"영종초등학교 운동장","addr":"인천광역시 중구 하늘달빛로 133","sgg":"28155","cap":2545,"type":"지진옥외대피장소","src":"safekorea","asof":"2026-07-02"}},{"type":"Feature","geometry":{"type":"Point","coordinates":[126.55653,37.48917]},"properties":{"name":"영종하늘체육공원","addr":"인천광역시 중구 하늘달빛로 108","sgg":"28155","cap":73128,"type":"지진옥외대피장소","src":"safekorea","asof":"2026-07-02"}},{"type":"Feature","geometry":{"type":"Point","coordinates":[126.53025,37.49003]},"properties":{"name":"운남초등학교 운동장","addr":"인천광역시 중구 운남서로 38","sgg":"28155","cap":2545,"type":"지진옥외대피장소","src":"safekorea","asof":"2026-07-02"}},{"type":"Feature","geometry":{"type":"Point","coordinates":[126.46207,37.44308]},"properties":{"name":"공항합동청사 잔디광장","addr":"인천광역시 중구 공항로424번길 43","sgg":"28155","cap":111515,"type":"지진옥외대피장소","src":"safekorea","asof":"2026-07-02"}},{"type":"Feature","geometry":{"type":"Point","coordinates":[126.4634,37.44124]},"properties":{"name":"공항합동청사 축구장","addr":"인천국제공항정부합동청사 축구장","sgg":"28155","cap":23030,"type":"지진옥외대피장소","src":"safekorea","asof":"2026-07-02"}},{"type":"Feature","geometry":{"type":"Point","coordinates":[126.48608,37.49868]},"properties":{"name":"삼목초등학교 운동장","addr":"인천광역시 중구 신도시북로 42","sgg":"28155","cap":3177,"type":"지진옥외대피장소","src":"safekorea","asof":"2026-07-02"}},{"type":"Feature","geometry":{"type":"Point","coordinates":[126.48784,37.4968]},"properties":{"name":"영마루공원","addr":"인천광역시 중구 영종대로 77","sgg":"28155","cap":51008,"type":"지진옥외대피장소","src":"safekorea","asof":"2026-07-02"}},{"type":"Feature","geometry":{"type":"Point","coordinates":[126.51195,37.48356]},"properties":{"name":"운서초등학교 운동장","addr":"인천광역시 중구 운서2로 57","sgg":"28155","cap":2545,"type":"지진옥외대피장소","src":"safekorea","asof":"2026-07-02"}},{"type":"Feature","geometry":{"type":"Point","coordinates":[126.48042,37.49764]},"properties":{"name":"유수지공원","addr":"인천광역시 중구 신도시북로 31-35","sgg":"28155","cap":50028,"type":"지진옥외대피장소","src":"safekorea","asof":"2026-07-02"}},{"type":"Feature","geometry":{"type":"Point","coordinates":[126.48427,37.49749]},"properties":{"name":"인천공항중학교 운동장","addr":"인천광역시 중구 영종대로27번길 49","sgg":"28155","cap":3767,"type":"지진옥외대피장소","src":"safekorea","asof":"2026-07-02"}},{"type":"Feature","geometry":{"type":"Point","coordinates":[126.48572,37.4919]},"properties":{"name":"인천공항초등학교 운동장","addr":"인천광역시 중구 신도시남로 43","sgg":"28155","cap":3111,"type":"지진옥외대피장소","src":"safekorea","asof":"2026-07-02"}},{"type":"Feature","geometry":{"type":"Point","coordinates":[126.41655,37.48069]},"properties":{"name":"인천국제공항 제2여객터미널 장기주차장","addr":"제2여객터미널 장기주차장","sgg":"28155","cap":154545,"type":"지진옥외대피장소","src":"safekorea","asof":"2026-07-02"}},{"type":"Feature","geometry":{"type":"Point","coordinates":[126.46441,37.46225]},"properties":{"name":"인천국제공항 화물터미널 남측2번주차장","addr":"인천광역시 중구 공항동로193번길 116","sgg":"28155","cap":13091,"type":"지진옥외대피장소","src":"safekorea","asof":"2026-07-02"}},{"type":"Feature","geometry":{"type":"Point","coordinates":[126.47426,37.46766]},"properties":{"name":"인천국제공항 화물터미널 남측5번주차장","addr":null,"sgg":"28155","cap":15818,"type":"지진옥외대피장소","src":"safekorea","asof":"2026-07-02"}},{"type":"Feature","geometry":{"type":"Point","coordinates":[126.4605,37.46659]},"properties":{"name":"인천국제공항 화물터미널 북측2번주차장","addr":"인천광역시 중구 공항동로295번길 77-11","sgg":"28155","cap":14727,"type":"지진옥외대피장소","src":"safekorea","asof":"2026-07-02"}},{"type":"Feature","geometry":{"type":"Point","coordinates":[126.46736,37.47193]},"properties":{"name":"인천국제공항 화물터미널 북측4번주차장","addr":null,"sgg":"28155","cap":18545,"type":"지진옥외대피장소","src":"safekorea","asof":"2026-07-02"}},{"type":"Feature","geometry":{"type":"Point","coordinates":[126.51445,37.52914]},"properties":{"name":"미단시티8호근린공원","addr":"인천광역시 중구 영종순환로 620","sgg":"28155","cap":78887,"type":"지진옥외대피장소","src":"safekorea","asof":"2026-07-02"}},{"type":"Feature","geometry":{"type":"Point","coordinates":[126.41246,37.44798]},"properties":{"name":"용유중학교 운동장","addr":"인천광역시 중구 남북로87번길 4","sgg":"28155","cap":2545,"type":"지진옥외대피장소","src":"safekorea","asof":"2026-07-02"}},{"type":"Feature","geometry":{"type":"Point","coordinates":[126.42522,37.39038]},"properties":{"name":"용유초등학교 무의분교장 운동장","addr":"인천광역시 중구 대무의로 302-17","sgg":"28155","cap":1018,"type":"지진옥외대피장소","src":"safekorea","asof":"2026-07-02"}},{"type":"Feature","geometry":{"type":"Point","coordinates":[126.65479,37.46355]},"properties":{"name":"숭의초등학교 운동장","addr":"인천광역시 미추홀구 장천로 99","sgg":"28177","cap":5415,"type":"지진옥외대피장소","src":"safekorea","asof":"2026-05-07"}},{"type":"Feature","geometry":{"type":"Point","coordinates":[126.65755,37.45971]},"properties":{"name":"용정초등학교운동장","addr":"인천광역시 미추홀구 독정안길 26","sgg":"28177","cap":11755,"type":"지진옥외대피장소","src":"safekorea","asof":"2026-05-07"}},{"type":"Feature","geometry":{"type":"Point","coordinates":[126.65414,37.46462]},"properties":{"name":"인천남중학교 운동장","addr":"인천남중학교 운동장","sgg":"28177","cap":9248,"type":"지진옥외대피장소","src":"safekorea","asof":"2026-05-07"}},{"type":"Feature","geometry":{"type":"Point","coordinates":[126.65793,37.45797]},"properties":{"name":"수봉근린공원","addr":null,"sgg":"28177","cap":282285,"type":"지진옥외대피장소","src":"safekorea","asof":"2026-05-07"}},{"type":"Feature","geometry":{"type":"Point","coordinates":[126.6635,37.45279]},"properties":{"name":"용일초등학교운동장","addr":"운동장","sgg":"28177","cap":11021,"type":"지진옥외대피장소","src":"safekorea","asof":"2026-05-07"}},{"type":"Feature","geometry":{"type":"Point","coordinates":[126.6432,37.4472]},"properties":{"name":"용학초등학교 운동장","addr":"용학초등학교 운동장","sgg":"28177","cap":3273,"type":"지진옥외대피장소","src":"safekorea","asof":"2026-05-07"}},{"type":"Feature","geometry":{"type":"Point","coordinates":[126.64042,37.44887]},"properties":{"name":"용현여자중학교 운동장","addr":"인천광역시 미추홀구 낙섬동로 28","sgg":"28177","cap":1990,"type":"지진옥외대피장소","src":"safekorea","asof":"2026-05-07"}},{"type":"Feature","geometry":{"type":"Point","coordinates":[126.63908,37.44759]},"properties":{"name":"용현중학교 운동장","addr":"용현중학교","sgg":"28177","cap":8520,"type":"지진옥외대피장소","src":"safekorea","asof":"2026-05-07"}},{"type":"Feature","geometry":{"type":"Point","coordinates":[126.64148,37.45326]},"properties":{"name":"용현초등학교운동장","addr":"인천광역시 미추홀구 낙섬동로 83","sgg":"28177","cap":8260,"type":"지진옥외대피장소","src":"safekorea","asof":"2026-05-07"}},{"type":"Feature","geometry":{"type":"Point","coordinates":[126.6407,37.4464]},"properties":{"name":"인항고등학교 운동장","addr":"인천광역시 미추홀구 매소홀로 135","sgg":"28177","cap":6906,"type":"지진옥외대피장소","src":"safekorea","asof":"2026-05-07"}},{"type":"Feature","geometry":{"type":"Point","coordinates":[126.67221,37.43848]},"properties":{"name":"백학초등학교운동장","addr":"인천광역시 미추홀구 매소홀로446번길 25","sgg":"28177","cap":7878,"type":"지진옥외대피장소","src":"safekorea","asof":"2026-05-27"}},{"type":"Feature","geometry":{"type":"Point","coordinates":[126.67236,37.44319]},"properties":{"name":"연학초등학교 운동장","addr":"인천광역시 미추홀구 주승로 20","sgg":"28177","cap":8688,"type":"지진옥외대피장소","src":"safekorea","asof":"2026-05-08"}},{"type":"Feature","geometry":{"type":"Point","coordinates":[126.67364,37.44239]},"properties":{"name":"인주초등학교 운동장","addr":"인천광역시 미추홀구 매소홀로475번길 53","sgg":"28177","cap":6350,"type":"지진옥외대피장소","src":"safekorea","asof":"2026-05-08"}},{"type":"Feature","geometry":{"type":"Point","coordinates":[126.66252,37.44646]},"properties":{"name":"인하사대부속중고등학교운동장","addr":"인천광역시 미추홀구 재넘이길123번길 29","sgg":"28177","cap":24916,"type":"지진옥외대피장소","src":"safekorea","asof":"2026-05-08"}},{"type":"Feature","geometry":{"type":"Point","coordinates":[126.65832,37.43995]},"properties":{"name":"학산초등학교 운동장","addr":"인천광역시 미추홀구 한나루로357번길 66","sgg":"28177","cap":3152,"type":"지진옥외대피장소","src":"safekorea","asof":"2026-05-08"}},{"type":"Feature","geometry":{"type":"Point","coordinates":[126.66384,37.43908]},"properties":{"name":"학익고등학교운동장","addr":"인천광역시 미추홀구 한나루로358번길 23-22","sgg":"28177","cap":8698,"type":"지진옥외대피장소","src":"safekorea","asof":"2026-05-08"}},{"type":"Feature","geometry":{"type":"Point","coordinates":[126.65894,37.44636]},"properties":{"name":"학익초등학교운동장","addr":"인천광역시 미추홀구 한나루로403번길 122","sgg":"28177","cap":10004,"type":"지진옥외대피장소","src":"safekorea","asof":"2026-05-08"}},{"type":"Feature","geometry":{"type":"Point","coordinates":[126.6685,37.46867]},"properties":{"name":"대화초등학교운동장","addr":"인천광역시 미추홀구 석정로301번길 13","sgg":"28177","cap":9966,"type":"지진옥외대피장소","src":"safekorea","asof":"2026-05-08"}},{"type":"Feature","geometry":{"type":"Point","coordinates":[126.66833,37.46341]},"properties":{"name":"도화초등학교운동장","addr":"인천광역시 미추홀구 경인로 242","sgg":"28177","cap":5027,"type":"지진옥외대피장소","src":"safekorea","asof":"2026-05-08"}},{"type":"Feature","geometry":{"type":"Point","coordinates":[126.66653,37.47189]},"properties":{"name":"비즈니스고등학교운동장","addr":"인천광역시 미추홀구 장고개로 31","sgg":"28177","cap":3758,"type":"지진옥외대피장소","src":"safekorea","asof":"2026-05-08"}},{"type":"Feature","geometry":{"type":"Point","coordinates":[126.66107,37.47409]},"properties":{"name":"서화초등학교운동장","addr":"인천광역시 미추홀구 송림로 250","sgg":"28177","cap":8509,"type":"지진옥외대피장소","src":"safekorea","asof":"2026-05-08"}},{"type":"Feature","geometry":{"type":"Point","coordinates":[126.66969,37.47125]},"properties":{"name":"쑥골어린이공원","addr":null,"sgg":"28177","cap":2017,"type":"지진옥외대피장소","src":"safekorea","asof":"2026-05-08"}},{"type":"Feature","geometry":{"type":"Point","coordinates":[126.69558,37.46127]},"properties":{"name":"경원초등학교 운동장","addr":"인천광역시 미추홀구 경인로 511","sgg":"28177","cap":2389,"type":"지진옥외대피장소","src":"safekorea","asof":"2026-05-08"}},{"type":"Feature","geometry":{"type":"Point","coordinates":[126.69499,37.46083]},"properties":{"name":"다솔어린이공원","addr":null,"sgg":"28177","cap":2010,"type":"지진옥외대피장소","src":"safekorea","asof":"2026-05-08"}},{"type":"Feature","geometry":{"type":"Point","coordinates":[126.69394,37.45402]},"properties":{"name":"석바위근린공원","addr":null,"sgg":"28177","cap":39882,"type":"지진옥외대피장소","src":"safekorea","asof":"2026-05-08"}},{"type":"Feature","geometry":{"type":"Point","coordinates":[126.68676,37.46184]},"properties":{"name":"석암초등학교운동장","addr":"인천광역시 미추홀구 주안동로 46","sgg":"28177","cap":10956,"type":"지진옥외대피장소","src":"safekorea","asof":"2026-05-08"}},{"type":"Feature","geometry":{"type":"Point","coordinates":[126.66863,37.45568]},"properties":{"name":"인천기계공업고등학교운동장","addr":"인천광역시 미추홀구 한나루로 545","sgg":"28177","cap":7827,"type":"지진옥외대피장소","src":"safekorea","asof":"2026-05-08"}},{"type":"Feature","geometry":{"type":"Point","coordinates":[126.6882,37.44922]},"properties":{"name":"제물포여자중학교 운동장","addr":"인천광역시 미추홀구 인주대로470번길 20","sgg":"28177","cap":8363,"type":"지진옥외대피장소","src":"safekorea","asof":"2026-05-08"}},{"type":"Feature","geometry":{"type":"Point","coordinates":[126.68542,37.45008]},"properties":{"name":"주안남초등학교운동장","addr":"인천광역시 미추홀구 인주대로434번길 11","sgg":"28177","cap":8155,"type":"지진옥외대피장소","src":"safekorea","asof":"2026-05-08"}},{"type":"Feature","geometry":{"type":"Point","coordinates":[126.67814,37.46797]},"properties":{"name":"주안북초등학교운동장","addr":"인천광역시 미추홀구 석정로375번길 14","sgg":"28177","cap":1349,"type":"지진옥외대피장소","src":"safekorea","asof":"2026-05-08"}},{"type":"Feature","geometry":{"type":"Point","coordinates":[126.67646,37.46316]},"properties":{"name":"주안체육공원","addr":null,"sgg":"28177","cap":6765,"type":"지진옥외대피장소","src":"safekorea","asof":"2026-05-08"}},{"type":"Feature","geometry":{"type":"Point","coordinates":[126.6733,37.4548]},"properties":{"name":"주안초등학교운동장","addr":"교사동","sgg":"28177","cap":2757,"type":"지진옥외대피장소","src":"safekorea","asof":"2026-05-08"}},{"type":"Feature","geometry":{"type":"Point","coordinates":[126.6889,37.44503]},"properties":{"name":"관교여자중학교 운동장","addr":"구령대창고","sgg":"28177","cap":3927,"type":"지진옥외대피장소","src":"safekorea","asof":"2026-05-08"}},{"type":"Feature","geometry":{"type":"Point","coordinates":[126.6917,37.44422]},"properties":{"name":"관교중학교 운동장","addr":"관교중학교","sgg":"28177","cap":3793,"type":"지진옥외대피장소","src":"safekorea","asof":"2026-05-08"}},{"type":"Feature","geometry":{"type":"Point","coordinates":[126.69299,37.44602]},"properties":{"name":"관교초등학교운동장","addr":"인천광역시 미추홀구 인하로 414","sgg":"28177","cap":9830,"type":"지진옥외대피장소","src":"safekorea","asof":"2026-05-08"}},{"type":"Feature","geometry":{"type":"Point","coordinates":[126.69391,37.44543]},"properties":{"name":"남인천여자중학교 운동장","addr":"인천광역시 미추홀구 인하로 426  (관교동, 남인천여자중학교)","sgg":"28177","cap":14357,"type":"지진옥외대피장소","src":"safekorea","asof":"2026-05-08"}},{"type":"Feature","geometry":{"type":"Point","coordinates":[126.69608,37.44033]},"properties":{"name":"승학초등학교 운동장","addr":"승학초등학교","sgg":"28177","cap":6493,"type":"지진옥외대피장소","src":"safekorea","asof":"2026-05-08"}},{"type":"Feature","geometry":{"type":"Point","coordinates":[126.6865,37.43532]},"properties":{"name":"문학정보고등학교 운동장","addr":"인천광역시 미추홀구 소성로350번길 29","sgg":"28177","cap":3636,"type":"지진옥외대피장소","src":"safekorea","asof":"2026-05-08"}},{"type":"Feature","geometry":{"type":"Point","coordinates":[126.68664,37.43479]},"properties":{"name":"산성어린이공원","addr":null,"sgg":"28177","cap":2088,"type":"지진옥외대피장소","src":"safekorea","asof":"2026-05-08"}},{"type":"Feature","geometry":{"type":"Point","coordinates":[126.68288,37.43935]},"properties":{"name":"인천문학초등학교운동장","addr":"인천광역시 미추홀구 매소홀로 553","sgg":"28177","cap":7381,"type":"지진옥외대피장소","src":"safekorea","asof":"2026-05-08"}},{"type":"Feature","geometry":{"type":"Point","coordinates":[126.64319,37.42289]},"properties":{"name":"능허대공원","addr":null,"sgg":"28185","cap":12363,"type":"지진옥외대피장소","src":"safekorea","asof":"2026-05-18"}},{"type":"Feature","geometry":{"type":"Point","coordinates":[126.64904,37.42613]},"properties":{"name":"새싹공원","addr":null,"sgg":"28185","cap":2362,"type":"지진옥외대피장소","src":"safekorea","asof":"2026-05-16"}},{"type":"Feature","geometry":{"type":"Point","coordinates":[126.64457,37.4289]},"properties":{"name":"송도고등학교","addr":null,"sgg":"28185","cap":5700,"type":"지진옥외대피장소","src":"safekorea","asof":"2026-05-18"}},{"type":"Feature","geometry":{"type":"Point","coordinates":[126.65833,37.42645]},"properties":{"name":"송도초등학교","addr":"인천광역시 연수구 비류대로214번길 21","sgg":"28185","cap":5187,"type":"지진옥외대피장소","src":"safekorea","asof":"2026-05-18"}},{"type":"Feature","geometry":{"type":"Point","coordinates":[126.64876,37.42498]},"properties":{"name":"옥련초등학교","addr":"인천광역시 연수구 한진로 30","sgg":"28185","cap":6109,"type":"지진옥외대피장소","src":"safekorea","asof":"2026-05-18"}},{"type":"Feature","geometry":{"type":"Point","coordinates":[126.64148,37.4257]},"properties":{"name":"해양과학고등학교","addr":"인천광역시 연수구 능허대로 71","sgg":"28185","cap":8585,"type":"지진옥외대피장소","src":"safekorea","asof":"2026-05-18"}},{"type":"Feature","geometry":{"type":"Point","coordinates":[126.69801,37.42973]},"properties":{"name":"별빛공원","addr":"인천광역시 연수구 넘말로 8","sgg":"28185","cap":18866,"type":"지진옥외대피장소","src":"safekorea","asof":"2026-05-18"}},{"type":"Feature","geometry":{"type":"Point","coordinates":[126.69922,37.42415]},"properties":{"name":"선학공원","addr":"인천광역시 연수구 비류대로 583  (선학동, 선학공원)","sgg":"28185","cap":9132,"type":"지진옥외대피장소","src":"safekorea","asof":"2026-05-18"}},{"type":"Feature","geometry":{"type":"Point","coordinates":[126.68582,37.42011]},"properties":{"name":"대학공원","addr":"인천광역시 연수구 함박뫼로 194","sgg":"28185","cap":103616,"type":"지진옥외대피장소","src":"safekorea","asof":"2026-05-18"}},{"type":"Feature","geometry":{"type":"Point","coordinates":[126.67856,37.42158]},"properties":{"name":"문남공원","addr":"인천광역시 연수구 새말로55번길 37","sgg":"28185","cap":21810,"type":"지진옥외대피장소","src":"safekorea","asof":"2026-05-18"}},{"type":"Feature","geometry":{"type":"Point","coordinates":[126.68049,37.41777]},"properties":{"name":"문화공원","addr":"인천광역시 연수구 새말로 120  (연수동, 문화공원)","sgg":"28185","cap":41909,"type":"지진옥외대피장소","src":"safekorea","asof":"2026-05-18"}},{"type":"Feature","geometry":{"type":"Point","coordinates":[126.69031,37.41634]},"properties":{"name":"솔밭공원","addr":"인천광역시 연수구 원인재로 246  (연수동, 솔밭공원)","sgg":"28185","cap":19984,"type":"지진옥외대피장소","src":"safekorea","asof":"2026-05-18"}},{"type":"Feature","geometry":{"type":"Point","coordinates":[126.68268,37.41187]},"properties":{"name":"솔안 공원","addr":null,"sgg":"28185","cap":9506,"type":"지진옥외대피장소","src":"safekorea","asof":"2026-05-18"}},{"type":"Feature","geometry":{"type":"Point","coordinates":[126.67869,37.41513]},"properties":{"name":"양지공원","addr":"인천광역시 연수구 용담로117번길 16  (연수동, 양지공원)","sgg":"28185","cap":10254,"type":"지진옥외대피장소","src":"safekorea","asof":"2026-05-18"}},{"type":"Feature","geometry":{"type":"Point","coordinates":[126.68503,37.40825]},"properties":{"name":"연수체육공원","addr":"인천광역시 연수구 청능대로 205","sgg":"28185","cap":20000,"type":"지진옥외대피장소","src":"safekorea","asof":"2026-05-18"}},{"type":"Feature","geometry":{"type":"Point","coordinates":[126.67369,37.41968]},"properties":{"name":"용담공원","addr":"인천광역시 연수구 용담로 61","sgg":"28185","cap":30112,"type":"지진옥외대피장소","src":"safekorea","asof":"2026-05-18"}},{"type":"Feature","geometry":{"type":"Point","coordinates":[126.67341,37.40363]},"properties":{"name":"동막근린공원","addr":"인천광역시 연수구 원인재로 39  (동춘동, 동막공원)","sgg":"28185","cap":10000,"type":"지진옥외대피장소","src":"safekorea","asof":"2026-05-18"}},{"type":"Feature","geometry":{"type":"Point","coordinates":[126.67409,37.4028]},"properties":{"name":"동막초등학교","addr":"인천광역시 연수구 원인재로 36","sgg":"28185","cap":3835,"type":"지진옥외대피장소","src":"safekorea","asof":"2026-05-16"}},{"type":"Feature","geometry":{"type":"Point","coordinates":[126.66979,37.40862]},"properties":{"name":"동춘근린공원","addr":"인천광역시 연수구 먼우금로 107  (동춘동, 동춘공원)","sgg":"28185","cap":10000,"type":"지진옥외대피장소","src":"safekorea","asof":"2026-05-15"}},{"type":"Feature","geometry":{"type":"Point","coordinates":[126.67819,37.40799]},"properties":{"name":"부수지근린공원","addr":"인천광역시 연수구 원인재로 104","sgg":"28185","cap":19001,"type":"지진옥외대피장소","src":"safekorea","asof":"2026-05-18"}},{"type":"Feature","geometry":{"type":"Point","coordinates":[126.67404,37.40418]},"properties":{"name":"인천여자중학교","addr":"인천광역시 연수구 원인재로 47","sgg":"28185","cap":3600,"type":"지진옥외대피장소","src":"safekorea","asof":"2026-05-16"}},{"type":"Feature","geometry":{"type":"Point","coordinates":[126.66335,37.40072]},"properties":{"name":"푸른송도배수지공원","addr":"인천광역시 연수구 능허대로446번길 24","sgg":"28185","cap":29054,"type":"지진옥외대피장소","src":"safekorea","asof":"2026-05-18"}},{"type":"Feature","geometry":{"type":"Point","coordinates":[126.65743,37.37312]},"properties":{"name":"능허대중학교","addr":null,"sgg":"28185","cap":4320,"type":"지진옥외대피장소","src":"safekorea","asof":"2026-05-18"}},{"type":"Feature","geometry":{"type":"Point","coordinates":[126.65476,37.39301]},"properties":{"name":"먼우금초등학교","addr":null,"sgg":"28185","cap":4986,"type":"지진옥외대피장소","src":"safekorea","asof":"2026-05-18"}},{"type":"Feature","geometry":{"type":"Point","coordinates":[126.6474,37.40217]},"properties":{"name":"명선초등학교","addr":null,"sgg":"28185","cap":1636,"type":"지진옥외대피장소","src":"safekorea","asof":"2026-05-18"}},{"type":"Feature","geometry":{"type":"Point","coordinates":[126.67199,37.38521]},"properties":{"name":"박문중학교","addr":null,"sgg":"28185","cap":2317,"type":"지진옥외대피장소","src":"safekorea","asof":"2026-05-18"}},{"type":"Feature","geometry":{"type":"Point","coordinates":[126.63921,37.39221]},"properties":{"name":"센트럴파크","addr":"인천광역시 연수구 컨벤시아대로 160","sgg":"28185","cap":200000,"type":"지진옥외대피장소","src":"safekorea","asof":"2026-05-18"}},{"type":"Feature","geometry":{"type":"Point","coordinates":[126.61497,37.40983]},"properties":{"name":"송담초등학교","addr":null,"sgg":"28185","cap":2503,"type":"지진옥외대피장소","src":"safekorea","asof":"2026-05-18"}},{"type":"Feature","geometry":{"type":"Point","coordinates":[126.65535,37.37865]},"properties":{"name":"송도누리공원","addr":"인천광역시 연수구 송도문화로 20","sgg":"28185","cap":55703,"type":"지진옥외대피장소","src":"safekorea","asof":"2026-05-18"}},{"type":"Feature","geometry":{"type":"Point","coordinates":[126.65585,37.37401]},"properties":{"name":"송명초등학교","addr":null,"sgg":"28185","cap":2933,"type":"지진옥외대피장소","src":"safekorea","asof":"2026-05-18"}},{"type":"Feature","geometry":{"type":"Point","coordinates":[126.61258,37.38551]},"properties":{"name":"송빛초등학교","addr":null,"sgg":"28185","cap":2581,"type":"지진옥외대피장소","src":"safekorea","asof":"2026-05-18"}},{"type":"Feature","geometry":{"type":"Point","coordinates":[126.66925,37.38605]},"properties":{"name":"송원초등학교","addr":null,"sgg":"28185","cap":3754,"type":"지진옥외대피장소","src":"safekorea","asof":"2026-05-18"}},{"type":"Feature","geometry":{"type":"Point","coordinates":[126.6353,37.38367]},"properties":{"name":"송일초등학교","addr":null,"sgg":"28185","cap":2405,"type":"지진옥외대피장소","src":"safekorea","asof":"2026-05-18"}},{"type":"Feature","geometry":{"type":"Point","coordinates":[126.65968,37.39148]},"properties":{"name":"신송고등학교","addr":null,"sgg":"28185","cap":4905,"type":"지진옥외대피장소","src":"safekorea","asof":"2026-05-18"}},{"type":"Feature","geometry":{"type":"Point","coordinates":[126.64449,37.3968]},"properties":{"name":"신정초등학교","addr":null,"sgg":"28185","cap":3207,"type":"지진옥외대피장소","src":"safekorea","asof":"2026-05-18"}},{"type":"Feature","geometry":{"type":"Point","coordinates":[126.6465,37.40261]},"properties":{"name":"연송고등학교","addr":null,"sgg":"28185","cap":2521,"type":"지진옥외대피장소","src":"safekorea","asof":"2026-05-18"}},{"type":"Feature","geometry":{"type":"Point","coordinates":[126.62792,37.38294]},"properties":{"name":"예송중학교","addr":null,"sgg":"28185","cap":3700,"type":"지진옥외대피장소","src":"safekorea","asof":"2026-05-18"}},{"type":"Feature","geometry":{"type":"Point","coordinates":[126.62963,37.41322]},"properties":{"name":"은송초등학교","addr":null,"sgg":"28185","cap":4500,"type":"지진옥외대피장소","src":"safekorea","asof":"2026-05-18"}},{"type":"Feature","geometry":{"type":"Point","coordinates":[126.6545,37.38767]},"properties":{"name":"해돋이공원","addr":"인천광역시 연수구 해돋이로 51","sgg":"28185","cap":180000,"type":"지진옥외대피장소","src":"safekorea","asof":"2026-05-18"}},{"type":"Feature","geometry":{"type":"Point","coordinates":[126.64663,37.38263]},"properties":{"name":"해송고등학교","addr":null,"sgg":"28185","cap":4036,"type":"지진옥외대피장소","src":"safekorea","asof":"2026-05-18"}},{"type":"Feature","geometry":{"type":"Point","coordinates":[126.648,37.37961]},"properties":{"name":"해송중학교","addr":null,"sgg":"28185","cap":2753,"type":"지진옥외대피장소","src":"safekorea","asof":"2026-05-18"}},{"type":"Feature","geometry":{"type":"Point","coordinates":[126.61987,37.3926]},"properties":{"name":"현송중학교","addr":null,"sgg":"28185","cap":2801,"type":"지진옥외대피장소","src":"safekorea","asof":"2026-05-18"}},{"type":"Feature","geometry":{"type":"Point","coordinates":[126.62048,37.39358]},"properties":{"name":"현송초등학교","addr":null,"sgg":"28185","cap":2016,"type":"지진옥외대피장소","src":"safekorea","asof":"2026-05-18"}},{"type":"Feature","geometry":{"type":"Point","coordinates":[126.71608,37.45889]},"properties":{"name":"간석초등학교 운동장","addr":"간석초등학교","sgg":"28200","cap":7878,"type":"지진옥외대피장소","src":"safekorea","asof":"2026-05-07"}},{"type":"Feature","geometry":{"type":"Point","coordinates":[126.71896,37.45835]},"properties":{"name":"구월근린공원","addr":"인천광역시 남동구 구월로 251","sgg":"28200","cap":20606,"type":"지진옥외대피장소","src":"safekorea","asof":"2026-05-07"}},{"type":"Feature","geometry":{"type":"Point","coordinates":[126.69577,37.45279]},"properties":{"name":"구월서초등학교 운동장","addr":"구월서초등학교","sgg":"28200","cap":8004,"type":"지진옥외대피장소","src":"safekorea","asof":"2026-05-07"}},{"type":"Feature","geometry":{"type":"Point","coordinates":[126.70322,37.44867]},"properties":{"name":"구월여자중학교 운동장","addr":"구월여자중학교","sgg":"28200","cap":7673,"type":"지진옥외대피장소","src":"safekorea","asof":"2026-05-07"}},{"type":"Feature","geometry":{"type":"Point","coordinates":[126.71676,37.4519]},"properties":{"name":"구월초등학교 운동장","addr":"구월초등학교","sgg":"28200","cap":2935,"type":"지진옥외대피장소","src":"safekorea","asof":"2026-05-07"}},{"type":"Feature","geometry":{"type":"Point","coordinates":[126.72658,37.44794]},"properties":{"name":"남동문화근린공원","addr":"인천광역시 남동구 경신상로 28","sgg":"28200","cap":42215,"type":"지진옥외대피장소","src":"safekorea","asof":"2026-05-07"}},{"type":"Feature","geometry":{"type":"Point","coordinates":[126.69698,37.45454]},"properties":{"name":"동인천중학교 운동장","addr":"동인천중학교","sgg":"28200","cap":19100,"type":"지진옥외대피장소","src":"safekorea","asof":"2026-05-07"}},{"type":"Feature","geometry":{"type":"Point","coordinates":[126.71535,37.44199]},"properties":{"name":"만월초등학교 운동장","addr":"인천광역시 남동구 선수촌로 28","sgg":"28200","cap":4295,"type":"지진옥외대피장소","src":"safekorea","asof":"2026-05-07"}},{"type":"Feature","geometry":{"type":"Point","coordinates":[126.70947,37.45627]},"properties":{"name":"석천초등학교 운동장","addr":"석천초등학교","sgg":"28200","cap":7453,"type":"지진옥외대피장소","src":"safekorea","asof":"2026-05-07"}},{"type":"Feature","geometry":{"type":"Point","coordinates":[126.70982,37.44551]},"properties":{"name":"성리초등학교  운동장","addr":null,"sgg":"28200","cap":7927,"type":"지진옥외대피장소","src":"safekorea","asof":"2026-05-07"}},{"type":"Feature","geometry":{"type":"Point","coordinates":[126.70499,37.45548]},"properties":{"name":"시청 본관 잔디밭(인천애뜰)","addr":"인천광역시청 본관 앞 잔디광장","sgg":"28200","cap":4909,"type":"지진옥외대피장소","src":"safekorea","asof":"2026-05-07"}},{"type":"Feature","geometry":{"type":"Point","coordinates":[126.72365,37.44752]},"properties":{"name":"신월초등학교 운동장","addr":"신월초등학교","sgg":"28200","cap":4237,"type":"지진옥외대피장소","src":"safekorea","asof":"2026-05-07"}},{"type":"Feature","geometry":{"type":"Point","coordinates":[126.7114,37.44157]},"properties":{"name":"아시아드 선수촌 근린공원","addr":"인천광역시 남동구 선수촌공원로 8","sgg":"28200","cap":86532,"type":"지진옥외대피장소","src":"safekorea","asof":"2026-05-07"}},{"type":"Feature","geometry":{"type":"Point","coordinates":[126.71567,37.45565]},"properties":{"name":"정각초등학교 운동장","addr":"정각초등학교","sgg":"28200","cap":4707,"type":"지진옥외대피장소","src":"safekorea","asof":"2026-05-07"}},{"type":"Feature","geometry":{"type":"Point","coordinates":[126.71074,37.46833]},"properties":{"name":"간석여자중학교 운동장","addr":"간석여자중학교","sgg":"28200","cap":8024,"type":"지진옥외대피장소","src":"safekorea","asof":"2026-05-07"}},{"type":"Feature","geometry":{"type":"Point","coordinates":[126.71224,37.45754]},"properties":{"name":"상아초등학교 운동장","addr":"상아초등학교","sgg":"28200","cap":2400,"type":"지진옥외대피장소","src":"safekorea","asof":"2026-05-07"}},{"type":"Feature","geometry":{"type":"Point","coordinates":[126.71703,37.46162]},"properties":{"name":"상인천중학교 운동장","addr":"인천광역시 남동구 백범로297번길 21","sgg":"28200","cap":16042,"type":"지진옥외대피장소","src":"safekorea","asof":"2026-05-07"}},{"type":"Feature","geometry":{"type":"Point","coordinates":[126.70699,37.46167]},"properties":{"name":"상인천초등학교 운동장","addr":"상인천초등학교","sgg":"28200","cap":3583,"type":"지진옥외대피장소","src":"safekorea","asof":"2026-05-08"}},{"type":"Feature","geometry":{"type":"Point","coordinates":[126.72077,37.46621]},"properties":{"name":"새말소공원","addr":null,"sgg":"28200","cap":5133,"type":"지진옥외대피장소","src":"safekorea","asof":"2026-05-08"}},{"type":"Feature","geometry":{"type":"Point","coordinates":[126.69628,37.46717]},"properties":{"name":"석정초등학교 운동장","addr":"석정초등학교","sgg":"28200","cap":5130,"type":"지진옥외대피장소","src":"safekorea","asof":"2026-05-08"}},{"type":"Feature","geometry":{"type":"Point","coordinates":[126.7103,37.47169]},"properties":{"name":"석촌근린공원","addr":null,"sgg":"28200","cap":63750,"type":"지진옥외대피장소","src":"safekorea","asof":"2026-05-07"}},{"type":"Feature","geometry":{"type":"Point","coordinates":[126.71009,37.46745]},"properties":{"name":"약산초등학교 운동장","addr":"약산초등학교","sgg":"28200","cap":4363,"type":"지진옥외대피장소","src":"safekorea","asof":"2026-05-07"}},{"type":"Feature","geometry":{"type":"Point","coordinates":[126.71502,37.46087]},"properties":{"name":"용광어린이공원","addr":"인천광역시 남동구 석산로 207","sgg":"28200","cap":723,"type":"지진옥외대피장소","src":"safekorea","asof":"2026-05-08"}},{"type":"Feature","geometry":{"type":"Point","coordinates":[126.71321,37.46159]},"properties":{"name":"인제고등학교 운동장","addr":"인제고등학교","sgg":"28200","cap":3975,"type":"지진옥외대피장소","src":"safekorea","asof":"2026-05-07"}},{"type":"Feature","geometry":{"type":"Point","coordinates":[126.70371,37.45872]},"properties":{"name":"인천예술고등학교 운동장","addr":"인천예술고등학교","sgg":"28200","cap":2060,"type":"지진옥외대피장소","src":"safekorea","asof":"2026-05-08"}},{"type":"Feature","geometry":{"type":"Point","coordinates":[126.69985,37.46477]},"properties":{"name":"주원초등학교 운동장","addr":"주원초등학교","sgg":"28200","cap":4591,"type":"지진옥외대피장소","src":"safekorea","asof":"2026-05-08"}},{"type":"Feature","geometry":{"type":"Point","coordinates":[126.70161,37.46282]},"properties":{"name":"중앙공원(주원지구)","addr":null,"sgg":"28200","cap":47600,"type":"지진옥외대피장소","src":"safekorea","asof":"2026-05-07"}},{"type":"Feature","geometry":{"type":"Point","coordinates":[126.71004,37.4571]},"properties":{"name":"하늘어린이공원","addr":null,"sgg":"28200","cap":3593,"type":"지진옥외대피장소","src":"safekorea","asof":"2026-05-07"}},{"type":"Feature","geometry":{"type":"Point","coordinates":[126.70152,37.46505]},"properties":{"name":"희망의 숲","addr":null,"sgg":"28200","cap":31546,"type":"지진옥외대피장소","src":"safekorea","asof":"2026-05-08"}},{"type":"Feature","geometry":{"type":"Point","coordinates":[126.73803,37.44016]},"properties":{"name":"남동중학교 운동장","addr":"남동중학교","sgg":"28200","cap":3596,"type":"지진옥외대피장소","src":"safekorea","asof":"2026-05-07"}},{"type":"Feature","geometry":{"type":"Point","coordinates":[126.73675,37.4444]},"properties":{"name":"남동초등학교 운동장","addr":"남동초등학교","sgg":"28200","cap":4927,"type":"지진옥외대피장소","src":"safekorea","asof":"2026-05-07"}},{"type":"Feature","geometry":{"type":"Point","coordinates":[126.7327,37.44681]},"properties":{"name":"담방문화근린공원","addr":null,"sgg":"28200","cap":8637,"type":"지진옥외대피장소","src":"safekorea","asof":"2026-05-07"}},{"type":"Feature","geometry":{"type":"Point","coordinates":[126.73675,37.44016]},"properties":{"name":"담방초등학교 운동장","addr":"담방초등학교","sgg":"28200","cap":5105,"type":"지진옥외대피장소","src":"safekorea","asof":"2026-05-07"}},{"type":"Feature","geometry":{"type":"Point","coordinates":[126.72661,37.46221]},"properties":{"name":"동부초교1호어린이공원","addr":null,"sgg":"28200","cap":162,"type":"지진옥외대피장소","src":"safekorea","asof":"2026-05-07"}},{"type":"Feature","geometry":{"type":"Point","coordinates":[126.72697,37.46287]},"properties":{"name":"동부초교2호어린이공원","addr":null,"sgg":"28200","cap":214,"type":"지진옥외대피장소","src":"safekorea","asof":"2026-05-07"}},{"type":"Feature","geometry":{"type":"Point","coordinates":[126.72658,37.46055]},"properties":{"name":"동부초교3호어린이공원","addr":null,"sgg":"28200","cap":248,"type":"지진옥외대피장소","src":"safekorea","asof":"2026-05-07"}},{"type":"Feature","geometry":{"type":"Point","coordinates":[126.72751,37.46273]},"properties":{"name":"동부초등학교 운동장","addr":"동부초등학교","sgg":"28200","cap":3733,"type":"지진옥외대피장소","src":"safekorea","asof":"2026-05-07"}},{"type":"Feature","geometry":{"type":"Point","coordinates":[126.72876,37.45623]},"properties":{"name":"뗏마루어린이공원","addr":null,"sgg":"28200","cap":1813,"type":"지진옥외대피장소","src":"safekorea","asof":"2026-05-20"}},{"type":"Feature","geometry":{"type":"Point","coordinates":[126.73734,37.44874]},"properties":{"name":"만성중학교 운동장","addr":"인천광역시 남동구 인주대로 899","sgg":"28200","cap":6077,"type":"지진옥외대피장소","src":"safekorea","asof":"2026-05-07"}},{"type":"Feature","geometry":{"type":"Point","coordinates":[126.73887,37.46137]},"properties":{"name":"만수북중학교 운동장","addr":"만수북중학교","sgg":"28200","cap":7686,"type":"지진옥외대피장소","src":"safekorea","asof":"2026-05-07"}},{"type":"Feature","geometry":{"type":"Point","coordinates":[126.72873,37.45945]},"properties":{"name":"만수북초등학교 운동장","addr":"만수북초등학교","sgg":"28200","cap":12030,"type":"지진옥외대피장소","src":"safekorea","asof":"2026-05-07"}},{"type":"Feature","geometry":{"type":"Point","coordinates":[126.72767,37.45371]},"properties":{"name":"만수어린이공원","addr":"인천광역시 남동구 구월로336번길 36","sgg":"28200","cap":2009,"type":"지진옥외대피장소","src":"safekorea","asof":"2026-05-20"}},{"type":"Feature","geometry":{"type":"Point","coordinates":[126.73303,37.45914]},"properties":{"name":"만수여자중학교 운동장","addr":"만수여자중학교","sgg":"28200","cap":4363,"type":"지진옥외대피장소","src":"safekorea","asof":"2026-05-07"}},{"type":"Feature","geometry":{"type":"Point","coordinates":[126.73684,37.45463]},"properties":{"name":"만수중학교 운동장","addr":"만수중학교","sgg":"28200","cap":3818,"type":"지진옥외대피장소","src":"safekorea","asof":"2026-05-07"}},{"type":"Feature","geometry":{"type":"Point","coordinates":[126.72673,37.45064]},"properties":{"name":"만수천어린이공원","addr":null,"sgg":"28200","cap":1618,"type":"지진옥외대피장소","src":"safekorea","asof":"2026-05-07"}},{"type":"Feature","geometry":{"type":"Point","coordinates":[126.7345,37.44751]},"properties":{"name":"만수초등학교 운동장","addr":"만수초등학교","sgg":"28200","cap":4957,"type":"지진옥외대피장소","src":"safekorea","asof":"2026-05-07"}},{"type":"Feature","geometry":{"type":"Point","coordinates":[126.72702,37.4649]},"properties":{"name":"만월쉼터","addr":null,"sgg":"28200","cap":703,"type":"지진옥외대피장소","src":"safekorea","asof":"2026-05-07"}},{"type":"Feature","geometry":{"type":"Point","coordinates":[126.73551,37.46761]},"properties":{"name":"산밑말근린공원","addr":null,"sgg":"28200","cap":35812,"type":"지진옥외대피장소","src":"safekorea","asof":"2026-05-07"}},{"type":"Feature","geometry":{"type":"Point","coordinates":[126.72361,37.46285]},"properties":{"name":"산호2호 공영주차장","addr":null,"sgg":"28200","cap":393,"type":"지진옥외대피장소","src":"safekorea","asof":"2026-05-07"}},{"type":"Feature","geometry":{"type":"Point","coordinates":[126.73929,37.44981]},"properties":{"name":"새골어린이공원","addr":null,"sgg":"28200","cap":4848,"type":"지진옥외대피장소","src":"safekorea","asof":"2026-05-07"}},{"type":"Feature","geometry":{"type":"Point","coordinates":[126.72319,37.46234]},"properties":{"name":"쇄판어린이공원","addr":null,"sgg":"28200","cap":1818,"type":"지진옥외대피장소","src":"safekorea","asof":"2026-05-07"}},{"type":"Feature","geometry":{"type":"Point","coordinates":[126.7225,37.4624]},"properties":{"name":"인동초등학교 운동장","addr":"인동초등학교","sgg":"28200","cap":3030,"type":"지진옥외대피장소","src":"safekorea","asof":"2026-05-07"}},{"type":"Feature","geometry":{"type":"Point","coordinates":[126.73605,37.45389]},"properties":{"name":"인수초등학교 운동장","addr":"인수초등학교","sgg":"28200","cap":10553,"type":"지진옥외대피장소","src":"safekorea","asof":"2026-05-07"}},{"type":"Feature","geometry":{"type":"Point","coordinates":[126.74189,37.45025]},"properties":{"name":"장수초등학교 운동장","addr":"인천광역시 남동구 담방로 121","sgg":"28200","cap":4193,"type":"지진옥외대피장소","src":"safekorea","asof":"2026-05-07"}},{"type":"Feature","geometry":{"type":"Point","coordinates":[126.73983,37.46071]},"properties":{"name":"조동초등학교 운동장","addr":"조동초등학교","sgg":"28200","cap":7956,"type":"지진옥외대피장소","src":"safekorea","asof":"2026-05-07"}},{"type":"Feature","geometry":{"type":"Point","coordinates":[126.72605,37.45899]},"properties":{"name":"진주2호공영주차장","addr":null,"sgg":"28200","cap":392,"type":"지진옥외대피장소","src":"safekorea","asof":"2026-05-20"}},{"type":"Feature","geometry":{"type":"Point","coordinates":[126.73022,37.45584]},"properties":{"name":"진주3호공영주차장","addr":null,"sgg":"28200","cap":368,"type":"지진옥외대피장소","src":"safekorea","asof":"2026-05-20"}},{"type":"Feature","geometry":{"type":"Point","coordinates":[126.72594,37.45825]},"properties":{"name":"진주4호공영주차장","addr":null,"sgg":"28200","cap":1852,"type":"지진옥외대피장소","src":"safekorea","asof":"2026-05-20"}},{"type":"Feature","geometry":{"type":"Point","coordinates":[126.73282,37.45153]},"properties":{"name":"하촌어린이공원","addr":"인천광역시 남동구 하촌로 40-7","sgg":"28200","cap":1816,"type":"지진옥외대피장소","src":"safekorea","asof":"2026-05-07"}},{"type":"Feature","geometry":{"type":"Point","coordinates":[126.75223,37.42619]},"properties":{"name":"만월중학교 운동장","addr":"만월중학교","sgg":"28200","cap":4254,"type":"지진옥외대피장소","src":"safekorea","asof":"2026-05-07"}},{"type":"Feature","geometry":{"type":"Point","coordinates":[126.74771,37.42103]},"properties":{"name":"물빛근린공원","addr":"인천광역시 남동구 서창방산로 22  (서창동, 물빛근린공원)","sgg":"28200","cap":27878,"type":"지진옥외대피장소","src":"safekorea","asof":"2026-05-07"}},{"type":"Feature","geometry":{"type":"Point","coordinates":[126.7468,37.43595]},"properties":{"name":"서창근린공원","addr":"인천광역시 남동구 독곡로16번길 15","sgg":"28200","cap":10545,"type":"지진옥외대피장소","src":"safekorea","asof":"2026-05-11"}},{"type":"Feature","geometry":{"type":"Point","coordinates":[126.74968,37.4335]},"properties":{"name":"서창중학교 운동장","addr":"서창중학교","sgg":"28200","cap":6230,"type":"지진옥외대피장소","src":"safekorea","asof":"2026-05-11"}},{"type":"Feature","geometry":{"type":"Point","coordinates":[126.75021,37.4358]},"properties":{"name":"서창초등학교 운동장","addr":"서창초등학교","sgg":"28200","cap":4927,"type":"지진옥외대피장소","src":"safekorea","asof":"2026-05-11"}},{"type":"Feature","geometry":{"type":"Point","coordinates":[126.74552,37.42796]},"properties":{"name":"어울근린공원","addr":"인천광역시 남동구 서창남로 101","sgg":"28200","cap":26666,"type":"지진옥외대피장소","src":"safekorea","asof":"2026-05-07"}},{"type":"Feature","geometry":{"type":"Point","coordinates":[126.71396,37.42942]},"properties":{"name":"남촌초등학교 운동장","addr":"남촌초등학교","sgg":"28200","cap":4484,"type":"지진옥외대피장소","src":"safekorea","asof":"2026-05-07"}},{"type":"Feature","geometry":{"type":"Point","coordinates":[126.71286,37.43274]},"properties":{"name":"새남촌 공영주차장","addr":null,"sgg":"28200","cap":12706,"type":"지진옥외대피장소","src":"safekorea","asof":"2026-05-07"}},{"type":"Feature","geometry":{"type":"Point","coordinates":[126.73174,37.41903]},"properties":{"name":"도림초등학교 운동장","addr":"도림초등학교","sgg":"28200","cap":4632,"type":"지진옥외대피장소","src":"safekorea","asof":"2026-05-07"}},{"type":"Feature","geometry":{"type":"Point","coordinates":[126.73118,37.41846]},"properties":{"name":"오봉근린공원","addr":"인천광역시 남동구 논고개로334번길 32  (도림동, 오봉근린공원)","sgg":"28200","cap":6424,"type":"지진옥외대피장소","src":"safekorea","asof":"2026-05-07"}},{"type":"Feature","geometry":{"type":"Point","coordinates":[126.73371,37.39872]},"properties":{"name":"나루소공원","addr":null,"sgg":"28200","cap":3636,"type":"지진옥외대피장소","src":"safekorea","asof":"2026-05-07"}},{"type":"Feature","geometry":{"type":"Point","coordinates":[126.7103,37.41039]},"properties":{"name":"논곡초등학교 운동장","addr":"논곡초등학교","sgg":"28200","cap":7673,"type":"지진옥외대피장소","src":"safekorea","asof":"2026-05-07"}},{"type":"Feature","geometry":{"type":"Point","coordinates":[126.72743,37.40407]},"properties":{"name":"논현고등학교 운동장","addr":"인천광역시 남동구 청능대로611번길 54","sgg":"28200","cap":4682,"type":"지진옥외대피장소","src":"safekorea","asof":"2026-05-08"}},{"type":"Feature","geometry":{"type":"Point","coordinates":[126.72607,37.40311]},"properties":{"name":"논현중앙근린공원","addr":"인천광역시 남동구 청능대로611번길 15  (논현동, 남동논현도서관)","sgg":"28200","cap":8484,"type":"지진옥외대피장소","src":"safekorea","asof":"2026-05-08"}},{"type":"Feature","geometry":{"type":"Point","coordinates":[126.73299,37.40862]},"properties":{"name":"논현중학교 운동장","addr":"인천광역시 남동구 포구로 118","sgg":"28200","cap":5528,"type":"지진옥외대피장소","src":"safekorea","asof":"2026-05-07"}},{"type":"Feature","geometry":{"type":"Point","coordinates":[126.73116,37.40511]},"properties":{"name":"논현초등학교 운동장","addr":"논현초등학교","sgg":"28200","cap":4082,"type":"지진옥외대피장소","src":"safekorea","asof":"2026-05-08"}},{"type":"Feature","geometry":{"type":"Point","coordinates":[126.70904,37.40806]},"properties":{"name":"논현포대근린공원","addr":"(은봉로 북쪽 부지)","sgg":"28200","cap":32727,"type":"지진옥외대피장소","src":"safekorea","asof":"2026-05-07"}},{"type":"Feature","geometry":{"type":"Point","coordinates":[126.71967,37.40317]},"properties":{"name":"동방초등학교 운동장","addr":"동방초등학교","sgg":"28200","cap":3624,"type":"지진옥외대피장소","src":"safekorea","asof":"2026-05-07"}},{"type":"Feature","geometry":{"type":"Point","coordinates":[126.72296,37.39364]},"properties":{"name":"바람어린이공원","addr":null,"sgg":"28200","cap":7272,"type":"지진옥외대피장소","src":"safekorea","asof":"2026-05-07"}},{"type":"Feature","geometry":{"type":"Point","coordinates":[126.73458,37.40439]},"properties":{"name":"소래초등학교 운동장","addr":"인천광역시 남동구 장도로 2","sgg":"28200","cap":2951,"type":"지진옥외대피장소","src":"safekorea","asof":"2026-05-08"}},{"type":"Feature","geometry":{"type":"Point","coordinates":[126.7252,37.40533]},"properties":{"name":"은봉초등학교 운동장","addr":"인천광역시 남동구 은봉로312번길 11","sgg":"28200","cap":8832,"type":"지진옥외대피장소","src":"safekorea","asof":"2026-05-08"}},{"type":"Feature","geometry":{"type":"Point","coordinates":[126.73365,37.40773]},"properties":{"name":"장도초등학교  운동장","addr":"장도초등학교","sgg":"28200","cap":3461,"type":"지진옥외대피장소","src":"safekorea","asof":"2026-05-08"}},{"type":"Feature","geometry":{"type":"Point","coordinates":[126.72881,37.39589]},"properties":{"name":"한아름근린공원","addr":"인천광역시 남동구 에코중앙로 207  (논현동, 한아름근린공원)","sgg":"28200","cap":30303,"type":"지진옥외대피장소","src":"safekorea","asof":"2026-05-07"}},{"type":"Feature","geometry":{"type":"Point","coordinates":[126.7296,37.4864]},"properties":{"name":"동수녹지","addr":null,"sgg":"28237","cap":2024,"type":"지진옥외대피장소","src":"safekorea","asof":"2026-04-20"}},{"type":"Feature","geometry":{"type":"Point","coordinates":[126.72842,37.48447]},"properties":{"name":"만월공원","addr":null,"sgg":"28237","cap":1927,"type":"지진옥외대피장소","src":"safekorea","asof":"2026-04-21"}},{"type":"Feature","geometry":{"type":"Point","coordinates":[126.72972,37.4807]},"properties":{"name":"밤골공원","addr":"밤골공원","sgg":"28237","cap":6128,"type":"지진옥외대피장소","src":"safekorea","asof":"2026-04-20"}},{"type":"Feature","geometry":{"type":"Point","coordinates":[126.7168,37.5038]},"properties":{"name":"벚나무쉼터공원","addr":null,"sgg":"28237","cap":8120,"type":"지진옥외대피장소","src":"safekorea","asof":"2026-04-27"}},{"type":"Feature","geometry":{"type":"Point","coordinates":[126.7172,37.4927]},"properties":{"name":"부원여자중학교 운동장","addr":"부원여자중학교","sgg":"28237","cap":3390,"type":"지진옥외대피장소","src":"safekorea","asof":"2026-04-24"}},{"type":"Feature","geometry":{"type":"Point","coordinates":[126.7172,37.492]},"properties":{"name":"부원중학교 운동장","addr":"부원중학교","sgg":"28237","cap":6060,"type":"지진옥외대피장소","src":"safekorea","asof":"2026-05-07"}},{"type":"Feature","geometry":{"type":"Point","coordinates":[126.71962,37.50204]},"properties":{"name":"부원초등학교 운동장","addr":"인천광역시 부평구 원적로472번길 29","sgg":"28237","cap":2982,"type":"지진옥외대피장소","src":"safekorea","asof":"2026-04-30"}},{"type":"Feature","geometry":{"type":"Point","coordinates":[126.72756,37.50186]},"properties":{"name":"부평고등학교 운동장","addr":"부평고등학교","sgg":"28237","cap":5673,"type":"지진옥외대피장소","src":"safekorea","asof":"2026-04-30"}},{"type":"Feature","geometry":{"type":"Point","coordinates":[126.71464,37.48939]},"properties":{"name":"부평공원","addr":null,"sgg":"28237","cap":96000,"type":"지진옥외대피장소","src":"safekorea","asof":"2026-05-07"}},{"type":"Feature","geometry":{"type":"Point","coordinates":[126.7195,37.50008]},"properties":{"name":"부평여자고등학교 운동장","addr":null,"sgg":"28237","cap":8720,"type":"지진옥외대피장소","src":"safekorea","asof":"2026-04-20"}},{"type":"Feature","geometry":{"type":"Point","coordinates":[126.73153,37.49504]},"properties":{"name":"부흥공원(부평3호공원)","addr":"부흥공원(부평3호공원)","sgg":"28237","cap":2276,"type":"지진옥외대피장소","src":"safekorea","asof":"2026-05-04"}},{"type":"Feature","geometry":{"type":"Point","coordinates":[126.73162,37.49596]},"properties":{"name":"부흥초등학교 운동장","addr":"부흥초등학교","sgg":"28237","cap":2836,"type":"지진옥외대피장소","src":"safekorea","asof":"2026-05-04"}},{"type":"Feature","geometry":{"type":"Point","coordinates":[126.73201,37.50499]},"properties":{"name":"신복공원(76호공원)","addr":"신복공원(76호공원)","sgg":"28237","cap":1001,"type":"지진옥외대피장소","src":"safekorea","asof":"2026-05-04"}},{"type":"Feature","geometry":{"type":"Point","coordinates":[126.72424,37.50649]},"properties":{"name":"신트리공원","addr":"신트리공원","sgg":"28237","cap":35512,"type":"지진옥외대피장소","src":"safekorea","asof":"2026-04-30"}},{"type":"Feature","geometry":{"type":"Point","coordinates":[126.71996,37.48427]},"properties":{"name":"인천동수중학교 운동장","addr":"부일여중학교","sgg":"28237","cap":2909,"type":"지진옥외대피장소","src":"safekorea","asof":"2026-05-06"}},{"type":"Feature","geometry":{"type":"Point","coordinates":[126.7206,37.4882]},"properties":{"name":"인천부평남초등학교 운동장","addr":"인천부평남초등학교","sgg":"28237","cap":6168,"type":"지진옥외대피장소","src":"safekorea","asof":"2026-05-06"}},{"type":"Feature","geometry":{"type":"Point","coordinates":[126.72128,37.49492]},"properties":{"name":"인천부평서초등학교 운동장","addr":"인천광역시 부평구 부평문화로53번길 19","sgg":"28237","cap":2181,"type":"지진옥외대피장소","src":"safekorea","asof":"2026-05-04"}},{"type":"Feature","geometry":{"type":"Point","coordinates":[126.72873,37.48588]},"properties":{"name":"인천예림학교 운동장","addr":null,"sgg":"28237","cap":1090,"type":"지진옥외대피장소","src":"safekorea","asof":"2026-04-21"}},{"type":"Feature","geometry":{"type":"Point","coordinates":[126.73306,37.50043]},"properties":{"name":"중부동공원(부평3호공원)","addr":"인천광역시 부평구 부흥북로 102  (부평동, 동부치안센터)","sgg":"28237","cap":2721,"type":"지진옥외대피장소","src":"safekorea","asof":"2026-05-04"}},{"type":"Feature","geometry":{"type":"Point","coordinates":[126.73458,37.49095]},"properties":{"name":"한가람어린이공원","addr":null,"sgg":"28237","cap":10122,"type":"지진옥외대피장소","src":"safekorea","asof":"2026-05-04"}},{"type":"Feature","geometry":{"type":"Point","coordinates":[126.71245,37.48319]},"properties":{"name":"희망공원","addr":null,"sgg":"28237","cap":7272,"type":"지진옥외대피장소","src":"safekorea","asof":"2026-05-06"}},{"type":"Feature","geometry":{"type":"Point","coordinates":[126.70407,37.46983]},"properties":{"name":"동암공원","addr":null,"sgg":"28237","cap":402,"type":"지진옥외대피장소","src":"safekorea","asof":"2026-05-04"}},{"type":"Feature","geometry":{"type":"Point","coordinates":[126.70586,37.47374]},"properties":{"name":"동암중학교 운동장","addr":"인천광역시 부평구 동암산로43번길 12","sgg":"28237","cap":4186,"type":"지진옥외대피장소","src":"safekorea","asof":"2026-05-04"}},{"type":"Feature","geometry":{"type":"Point","coordinates":[126.70287,37.48212]},"properties":{"name":"백운공원","addr":null,"sgg":"28237","cap":38780,"type":"지진옥외대피장소","src":"safekorea","asof":"2026-05-06"}},{"type":"Feature","geometry":{"type":"Point","coordinates":[126.70457,37.47963]},"properties":{"name":"백운초등학교 운동장","addr":"백운초등학교","sgg":"28237","cap":3491,"type":"지진옥외대피장소","src":"safekorea","asof":"2026-05-04"}},{"type":"Feature","geometry":{"type":"Point","coordinates":[126.70498,37.47492]},"properties":{"name":"법성공원","addr":null,"sgg":"28237","cap":1212,"type":"지진옥외대피장소","src":"safekorea","asof":"2026-05-04"}},{"type":"Feature","geometry":{"type":"Point","coordinates":[126.70564,37.48645]},"properties":{"name":"부평서여자중학교 운동장","addr":null,"sgg":"28237","cap":3600,"type":"지진옥외대피장소","src":"safekorea","asof":"2026-05-07"}},{"type":"Feature","geometry":{"type":"Point","coordinates":[126.69859,37.47951]},"properties":{"name":"상정초등학교 운동장","addr":"상정초등학교","sgg":"28237","cap":3100,"type":"지진옥외대피장소","src":"safekorea","asof":"2026-05-06"}},{"type":"Feature","geometry":{"type":"Point","coordinates":[126.69991,37.47088]},"properties":{"name":"샘터공원","addr":null,"sgg":"28237","cap":1212,"type":"지진옥외대피장소","src":"safekorea","asof":"2026-05-04"}},{"type":"Feature","geometry":{"type":"Point","coordinates":[126.69849,37.46976]},"properties":{"name":"석정공원","addr":null,"sgg":"28237","cap":1450,"type":"지진옥외대피장소","src":"safekorea","asof":"2026-05-04"}},{"type":"Feature","geometry":{"type":"Point","coordinates":[126.70173,37.47634]},"properties":{"name":"수정공원(84호공원)","addr":"수정공원(84호공원)","sgg":"28237","cap":1450,"type":"지진옥외대피장소","src":"safekorea","asof":"2026-05-04"}},{"type":"Feature","geometry":{"type":"Point","coordinates":[126.70677,37.48628]},"properties":{"name":"신촌초등학교 운동장","addr":"신촌초등학교","sgg":"28237","cap":3270,"type":"지진옥외대피장소","src":"safekorea","asof":"2026-05-07"}},{"type":"Feature","geometry":{"type":"Point","coordinates":[126.69231,37.47425]},"properties":{"name":"십정녹지","addr":null,"sgg":"28237","cap":48400,"type":"지진옥외대피장소","src":"safekorea","asof":"2026-05-06"}},{"type":"Feature","geometry":{"type":"Point","coordinates":[126.69368,37.47982]},"properties":{"name":"십정체육공원","addr":null,"sgg":"28237","cap":35151,"type":"지진옥외대피장소","src":"safekorea","asof":"2026-05-06"}},{"type":"Feature","geometry":{"type":"Point","coordinates":[126.69752,37.47427]},"properties":{"name":"십정초등학교 운동장","addr":null,"sgg":"28237","cap":2100,"type":"지진옥외대피장소","src":"safekorea","asof":"2026-05-06"}},{"type":"Feature","geometry":{"type":"Point","coordinates":[126.70737,37.47333]},"properties":{"name":"약산공원","addr":"인천광역시 부평구 동암산로33번길 6  (십정동)","sgg":"28237","cap":1212,"type":"지진옥외대피장소","src":"safekorea","asof":"2026-05-04"}},{"type":"Feature","geometry":{"type":"Point","coordinates":[126.69592,37.47506]},"properties":{"name":"열우물공원","addr":null,"sgg":"28237","cap":1780,"type":"지진옥외대피장소","src":"safekorea","asof":"2026-05-06"}},{"type":"Feature","geometry":{"type":"Point","coordinates":[126.7073,37.4714]},"properties":{"name":"인천동암초등학교 운동장","addr":"인천동암초등학교","sgg":"28237","cap":6940,"type":"지진옥외대피장소","src":"safekorea","asof":"2026-05-04"}},{"type":"Feature","geometry":{"type":"Point","coordinates":[126.70065,37.47462]},"properties":{"name":"인천하정초등학교 운동장","addr":null,"sgg":"28237","cap":4300,"type":"지진옥외대피장소","src":"safekorea","asof":"2026-05-04"}},{"type":"Feature","geometry":{"type":"Point","coordinates":[126.69774,37.47217]},"properties":{"name":"하동공원","addr":null,"sgg":"28237","cap":1212,"type":"지진옥외대피장소","src":"safekorea","asof":"2026-05-04"}},{"type":"Feature","geometry":{"type":"Point","coordinates":[126.70094,37.47383]},"properties":{"name":"하정공원(85호공원)","addr":null,"sgg":"28237","cap":1212,"type":"지진옥외대피장소","src":"safekorea","asof":"2026-05-04"}},{"type":"Feature","geometry":{"type":"Point","coordinates":[126.69788,37.51144]},"properties":{"name":"마곡초등학교 운동장","addr":"마곡초등학교","sgg":"28237","cap":2836,"type":"지진옥외대피장소","src":"safekorea","asof":"2026-05-06"}},{"type":"Feature","geometry":{"type":"Point","coordinates":[126.70755,37.50067]},"properties":{"name":"마장공원","addr":"인천광역시 부평구 마장로264번길 84  (산곡동)","sgg":"28237","cap":9103,"type":"지진옥외대피장소","src":"safekorea","asof":"2026-04-20"}},{"type":"Feature","geometry":{"type":"Point","coordinates":[126.7009,37.51388]},"properties":{"name":"뫼골문화공원","addr":null,"sgg":"28237","cap":5212,"type":"지진옥외대피장소","src":"safekorea","asof":"2026-04-30"}},{"type":"Feature","geometry":{"type":"Point","coordinates":[126.71038,37.50442]},"properties":{"name":"미산초등학교 운동장","addr":null,"sgg":"28237","cap":1745,"type":"지진옥외대피장소","src":"safekorea","asof":"2026-04-21"}},{"type":"Feature","geometry":{"type":"Point","coordinates":[126.7034,37.488]},"properties":{"name":"부광고등학교 운동장","addr":"부광고등학교","sgg":"28237","cap":4545,"type":"지진옥외대피장소","src":"safekorea","asof":"2026-04-30"}},{"type":"Feature","geometry":{"type":"Point","coordinates":[126.7108,37.4954]},"properties":{"name":"부영공원","addr":"인천광역시 부평구 안남로 146","sgg":"28237","cap":12121,"type":"지진옥외대피장소","src":"safekorea","asof":"2026-04-30"}},{"type":"Feature","geometry":{"type":"Point","coordinates":[126.70997,37.49736]},"properties":{"name":"부영공원 족구장","addr":null,"sgg":"28237","cap":6820,"type":"지진옥외대피장소","src":"safekorea","asof":"2026-04-27"}},{"type":"Feature","geometry":{"type":"Point","coordinates":[126.7076,37.4995]},"properties":{"name":"산곡남중학교 운동장","addr":"산곡남중학교","sgg":"28237","cap":6261,"type":"지진옥외대피장소","src":"safekorea","asof":"2026-04-20"}},{"type":"Feature","geometry":{"type":"Point","coordinates":[126.7053,37.497]},"properties":{"name":"산곡여자중학교 운동장","addr":"산곡여자중학교","sgg":"28237","cap":5418,"type":"지진옥외대피장소","src":"safekorea","asof":"2026-04-20"}},{"type":"Feature","geometry":{"type":"Point","coordinates":[126.6988,37.50373]},"properties":{"name":"산곡중학교 운동장","addr":"인천광역시 부평구 원적로300번길 14  (산곡동, 산곡중학교)","sgg":"28237","cap":4145,"type":"지진옥외대피장소","src":"safekorea","asof":"2026-05-06"}},{"type":"Feature","geometry":{"type":"Point","coordinates":[126.70213,37.5071]},"properties":{"name":"산곡초등학교 운동장","addr":null,"sgg":"28237","cap":3491,"type":"지진옥외대피장소","src":"safekorea","asof":"2026-05-06"}},{"type":"Feature","geometry":{"type":"Point","coordinates":[126.7091,37.4934]},"properties":{"name":"인천대정초등학교 운동장","addr":"인전대정초등학교","sgg":"28237","cap":3409,"type":"지진옥외대피장소","src":"safekorea","asof":"2026-04-20"}},{"type":"Feature","geometry":{"type":"Point","coordinates":[126.7069,37.5031]},"properties":{"name":"인천부곡초등학교 운동장","addr":"인천부곡초등학교","sgg":"28237","cap":2693,"type":"지진옥외대피장소","src":"safekorea","asof":"2026-05-04"}},{"type":"Feature","geometry":{"type":"Point","coordinates":[126.7059,37.5061]},"properties":{"name":"인천부마초등학교 운동장","addr":"인천부마초등학교","sgg":"28237","cap":2855,"type":"지진옥외대피장소","src":"safekorea","asof":"2026-04-24"}},{"type":"Feature","geometry":{"type":"Point","coordinates":[126.7131,37.5027]},"properties":{"name":"인천산곡고등학교 운동장","addr":"인천산곡고등학교","sgg":"28237","cap":4396,"type":"지진옥외대피장소","src":"safekorea","asof":"2026-04-29"}},{"type":"Feature","geometry":{"type":"Point","coordinates":[126.7068,37.4969]},"properties":{"name":"인천산곡남초등학교 운동장","addr":"인천산곡남초등학교","sgg":"28237","cap":4511,"type":"지진옥외대피장소","src":"safekorea","asof":"2026-04-30"}},{"type":"Feature","geometry":{"type":"Point","coordinates":[126.702,37.5108]},"properties":{"name":"인천산곡북초등학교 운동장","addr":"인천산곡북초등학교","sgg":"28237","cap":4529,"type":"지진옥외대피장소","src":"safekorea","asof":"2026-05-06"}},{"type":"Feature","geometry":{"type":"Point","coordinates":[126.70268,37.4924]},"properties":{"name":"인평자동차고등학교 운동장","addr":null,"sgg":"28237","cap":1550,"type":"지진옥외대피장소","src":"safekorea","asof":"2026-04-21"}},{"type":"Feature","geometry":{"type":"Point","coordinates":[126.69248,37.51924]},"properties":{"name":"나비공원","addr":null,"sgg":"28237","cap":987,"type":"지진옥외대피장소","src":"safekorea","asof":"2026-04-30"}},{"type":"Feature","geometry":{"type":"Point","coordinates":[126.70943,37.50661]},"properties":{"name":"마장초등학교 운동장","addr":"인천광역시 부평구 안남로 266  (청천동, 인천마장초등학교)","sgg":"28237","cap":2836,"type":"지진옥외대피장소","src":"safekorea","asof":"2026-04-21"}},{"type":"Feature","geometry":{"type":"Point","coordinates":[126.70713,37.51555]},"properties":{"name":"용마초등학교 운동장","addr":"용마초등학교","sgg":"28237","cap":3345,"type":"지진옥외대피장소","src":"safekorea","asof":"2026-05-06"}},{"type":"Feature","geometry":{"type":"Point","coordinates":[126.69143,37.51321]},"properties":{"name":"원적산공원","addr":"원적산공원","sgg":"28237","cap":121212,"type":"지진옥외대피장소","src":"safekorea","asof":"2026-04-30"}},{"type":"Feature","geometry":{"type":"Point","coordinates":[126.70495,37.51115]},"properties":{"name":"청천중학교 운동장","addr":"청천중학교","sgg":"28237","cap":2545,"type":"지진옥외대피장소","src":"safekorea","asof":"2026-05-06"}},{"type":"Feature","geometry":{"type":"Point","coordinates":[126.70096,37.52001]},"properties":{"name":"청천초등학교 운동장","addr":null,"sgg":"28237","cap":2109,"type":"지진옥외대피장소","src":"safekorea","asof":"2026-04-30"}},{"type":"Feature","geometry":{"type":"Point","coordinates":[126.74317,37.52117]},"properties":{"name":"가족공원(삼산2-4공원)","addr":"가족공원(삼산2-4공원)","sgg":"28237","cap":973,"type":"지진옥외대피장소","src":"safekorea","asof":"2026-04-20"}},{"type":"Feature","geometry":{"type":"Point","coordinates":[126.74945,37.51738]},"properties":{"name":"건강공원","addr":"건강공원","sgg":"28237","cap":9847,"type":"지진옥외대피장소","src":"safekorea","asof":"2026-04-20"}},{"type":"Feature","geometry":{"type":"Point","coordinates":[126.74979,37.51949]},"properties":{"name":"교통공원","addr":"교통공원","sgg":"28237","cap":14592,"type":"지진옥외대피장소","src":"safekorea","asof":"2026-04-20"}},{"type":"Feature","geometry":{"type":"Point","coordinates":[126.74568,37.51842]},"properties":{"name":"나래공원(삼산2-7공원)","addr":null,"sgg":"28237","cap":5535,"type":"지진옥외대피장소","src":"safekorea","asof":"2026-04-20"}},{"type":"Feature","geometry":{"type":"Point","coordinates":[126.74596,37.52059]},"properties":{"name":"도드리공원(삼산2-5공원)","addr":"도드리공원(삼산2-5공원)","sgg":"28237","cap":1963,"type":"지진옥외대피장소","src":"safekorea","asof":"2026-04-20"}},{"type":"Feature","geometry":{"type":"Point","coordinates":[126.74222,37.50949]},"properties":{"name":"동심공원(삼산1-4공원)","addr":"동심공원(삼산1-4공원)","sgg":"28237","cap":1921,"type":"지진옥외대피장소","src":"safekorea","asof":"2026-05-06"}},{"type":"Feature","geometry":{"type":"Point","coordinates":[126.73781,37.51238]},"properties":{"name":"박물관공원","addr":null,"sgg":"28237","cap":918,"type":"지진옥외대피장소","src":"safekorea","asof":"2026-05-06"}},{"type":"Feature","geometry":{"type":"Point","coordinates":[126.74911,37.51573]},"properties":{"name":"부들공원","addr":"부들공원","sgg":"28237","cap":7393,"type":"지진옥외대피장소","src":"safekorea","asof":"2026-05-06"}},{"type":"Feature","geometry":{"type":"Point","coordinates":[126.73612,37.52104]},"properties":{"name":"사랑샘공원","addr":"사랑샘공원","sgg":"28237","cap":2464,"type":"지진옥외대피장소","src":"safekorea","asof":"2026-04-20"}},{"type":"Feature","geometry":{"type":"Point","coordinates":[126.74248,37.52006]},"properties":{"name":"상상공원(삼산2-2공원)","addr":null,"sgg":"28237","cap":913,"type":"지진옥외대피장소","src":"safekorea","asof":"2026-04-20"}},{"type":"Feature","geometry":{"type":"Point","coordinates":[126.73654,37.51331]},"properties":{"name":"시냇물공원","addr":"인천광역시 부평구 충선로 262  (삼산동)","sgg":"28237","cap":775,"type":"지진옥외대피장소","src":"safekorea","asof":"2026-05-06"}},{"type":"Feature","geometry":{"type":"Point","coordinates":[126.74043,37.52162]},"properties":{"name":"영성공원","addr":"인천광역시 부평구 부평북로 426  (삼산동)","sgg":"28237","cap":6378,"type":"지진옥외대피장소","src":"safekorea","asof":"2026-04-20"}},{"type":"Feature","geometry":{"type":"Point","coordinates":[126.737,37.5105]},"properties":{"name":"인천굴포초등학교 운동장","addr":"인천굴포초등학교","sgg":"28237","cap":3546,"type":"지진옥외대피장소","src":"safekorea","asof":"2026-05-06"}},{"type":"Feature","geometry":{"type":"Point","coordinates":[126.736,37.5161]},"properties":{"name":"인천삼산중학교 운동장","addr":"인천삼산중학교","sgg":"28237","cap":3909,"type":"지진옥외대피장소","src":"safekorea","asof":"2026-05-06"}},{"type":"Feature","geometry":{"type":"Point","coordinates":[126.74464,37.51594]},"properties":{"name":"인천영선고등학교 운동장","addr":null,"sgg":"28237","cap":2690,"type":"지진옥외대피장소","src":"safekorea","asof":"2026-05-06"}},{"type":"Feature","geometry":{"type":"Point","coordinates":[126.7348,37.515]},"properties":{"name":"인천영선초등학교 운동장","addr":"인천영선초등학교","sgg":"28237","cap":3991,"type":"지진옥외대피장소","src":"safekorea","asof":"2026-05-06"}},{"type":"Feature","geometry":{"type":"Point","coordinates":[126.74372,37.51286]},"properties":{"name":"인천진산과학고등학교 운동장","addr":null,"sgg":"28237","cap":4431,"type":"지진옥외대피장소","src":"safekorea","asof":"2026-04-21"}},{"type":"Feature","geometry":{"type":"Point","coordinates":[126.74142,37.5125]},"properties":{"name":"인천진산초등학교운동장","addr":null,"sgg":"28237","cap":3975,"type":"지진옥외대피장소","src":"safekorea","asof":"2026-04-17"}},{"type":"Feature","geometry":{"type":"Point","coordinates":[126.74564,37.51885]},"properties":{"name":"인천한길초등학교 운동장","addr":"인천광역시 부평구 영성중로 32","sgg":"28237","cap":2327,"type":"지진옥외대피장소","src":"safekorea","asof":"2026-04-20"}},{"type":"Feature","geometry":{"type":"Point","coordinates":[126.74045,37.50923]},"properties":{"name":"진산중학교 운동장","addr":"인천광역시 부평구 충선로234번길 70","sgg":"28237","cap":2545,"type":"지진옥외대피장소","src":"safekorea","asof":"2026-04-20"}},{"type":"Feature","geometry":{"type":"Point","coordinates":[126.73319,37.51621]},"properties":{"name":"햇살공원(삼산1-1공원)","addr":"햇살공원(삼산1-1공원)","sgg":"28237","cap":2023,"type":"지진옥외대피장소","src":"safekorea","asof":"2026-05-06"}},{"type":"Feature","geometry":{"type":"Point","coordinates":[126.74376,37.52357]},"properties":{"name":"후정공원","addr":"후정공원","sgg":"28237","cap":13816,"type":"지진옥외대피장소","src":"safekorea","asof":"2026-04-20"}},{"type":"Feature","geometry":{"type":"Point","coordinates":[126.72447,37.51902]},"properties":{"name":"갈산근린공원","addr":"인천광역시 부평구 부평대로296번길 69  (갈산동)","sgg":"28237","cap":1565,"type":"지진옥외대피장소","src":"safekorea","asof":"2026-04-30"}},{"type":"Feature","geometry":{"type":"Point","coordinates":[126.72833,37.51221]},"properties":{"name":"갈산초등학교 운동장","addr":"갈산초등학교","sgg":"28237","cap":3273,"type":"지진옥외대피장소","src":"safekorea","asof":"2026-04-17"}},{"type":"Feature","geometry":{"type":"Point","coordinates":[126.72246,37.51454]},"properties":{"name":"갈월공원(갈산9공원)","addr":"갈월공원(갈산9공원)","sgg":"28237","cap":889,"type":"지진옥외대피장소","src":"safekorea","asof":"2026-04-30"}},{"type":"Feature","geometry":{"type":"Point","coordinates":[126.72517,37.50985]},"properties":{"name":"갈월초등학교 운동장","addr":"갈월초등학교","sgg":"28237","cap":3709,"type":"지진옥외대피장소","src":"safekorea","asof":"2026-04-22"}},{"type":"Feature","geometry":{"type":"Point","coordinates":[126.72407,37.50913]},"properties":{"name":"굴포공원","addr":null,"sgg":"28237","cap":12442,"type":"지진옥외대피장소","src":"safekorea","asof":"2026-04-22"}},{"type":"Feature","geometry":{"type":"Point","coordinates":[126.72357,37.50804]},"properties":{"name":"굴포먹거리타운 중앙광장","addr":null,"sgg":"28237","cap":956,"type":"지진옥외대피장소","src":"safekorea","asof":"2026-04-27"}},{"type":"Feature","geometry":{"type":"Point","coordinates":[126.73018,37.50771]},"properties":{"name":"달빛공원(갈산8공원)(구 대갈공원)","addr":null,"sgg":"28237","cap":1281,"type":"지진옥외대피장소","src":"safekorea","asof":"2026-04-22"}},{"type":"Feature","geometry":{"type":"Point","coordinates":[126.72203,37.50936]},"properties":{"name":"대월공원(갈산4공원)","addr":"인천광역시 부평구 갈월서로 19  (갈산동)","sgg":"28237","cap":4681,"type":"지진옥외대피장소","src":"safekorea","asof":"2026-04-22"}},{"type":"Feature","geometry":{"type":"Point","coordinates":[126.72711,37.50822]},"properties":{"name":"마당공원(갈산7공원)","addr":"마당공원(갈산7공원)","sgg":"28237","cap":1081,"type":"지진옥외대피장소","src":"safekorea","asof":"2026-04-22"}},{"type":"Feature","geometry":{"type":"Point","coordinates":[126.72972,37.51002]},"properties":{"name":"반월공원(갈산5공원)","addr":"인천광역시 부평구 갈월동로 32  (갈산동)","sgg":"28237","cap":1231,"type":"지진옥외대피장소","src":"safekorea","asof":"2026-04-22"}},{"type":"Feature","geometry":{"type":"Point","coordinates":[126.72667,37.51224]},"properties":{"name":"부평공업고등학교 운동장","addr":null,"sgg":"28237","cap":3273,"type":"지진옥외대피장소","src":"safekorea","asof":"2026-04-22"}},{"type":"Feature","geometry":{"type":"Point","coordinates":[126.72953,37.52031]},"properties":{"name":"부평북초등학교 운동장","addr":"부평북초등학교","sgg":"28237","cap":2400,"type":"지진옥외대피장소","src":"safekorea","asof":"2026-04-30"}},{"type":"Feature","geometry":{"type":"Point","coordinates":[126.72442,37.50868]},"properties":{"name":"사근공원","addr":null,"sgg":"28237","cap":9645,"type":"지진옥외대피장소","src":"safekorea","asof":"2026-04-22"}},{"type":"Feature","geometry":{"type":"Point","coordinates":[126.72517,37.51402]},"properties":{"name":"상꾸지공원(갈산1공원)","addr":"인천광역시 부평구 주부토로 211  (갈산동, 상꾸지공원 공중화장실)","sgg":"28237","cap":2282,"type":"지진옥외대피장소","src":"safekorea","asof":"2026-04-22"}},{"type":"Feature","geometry":{"type":"Point","coordinates":[126.7295,37.5135]},"properties":{"name":"새갈공원(갈산2공원)","addr":"인천광역시 부평구 갈월동로 70  (갈산동, 새갈놀이공원 관리사무소)","sgg":"28237","cap":1704,"type":"지진옥외대피장소","src":"safekorea","asof":"2026-04-22"}},{"type":"Feature","geometry":{"type":"Point","coordinates":[126.72658,37.50966]},"properties":{"name":"인천갈산중학교 운동장","addr":null,"sgg":"28237","cap":3054,"type":"지진옥외대피장소","src":"safekorea","asof":"2026-04-17"}},{"type":"Feature","geometry":{"type":"Point","coordinates":[126.74051,37.49697]},"properties":{"name":"대촌공원","addr":"인천광역시 부평구 부흥로 430  (부개동, 대촌공원 공중화장실)","sgg":"28237","cap":7577,"type":"지진옥외대피장소","src":"safekorea","asof":"2026-05-04"}},{"type":"Feature","geometry":{"type":"Point","coordinates":[126.74057,37.48517]},"properties":{"name":"마분공원(82호공원)","addr":"마분공원(82호공원)","sgg":"28237","cap":893,"type":"지진옥외대피장소","src":"safekorea","asof":"2026-04-17"}},{"type":"Feature","geometry":{"type":"Point","coordinates":[126.73816,37.49798]},"properties":{"name":"방촌공원","addr":"인천광역시 부평구 부흥로 425  (부개동, 방촌공원 공중화장실)","sgg":"28237","cap":6970,"type":"지진옥외대피장소","src":"safekorea","asof":"2026-04-30"}},{"type":"Feature","geometry":{"type":"Point","coordinates":[126.7384,37.49236]},"properties":{"name":"부개고등학교 운동장","addr":"인천광역시 부평구 수변로57번길 36","sgg":"28237","cap":2181,"type":"지진옥외대피장소","src":"safekorea","asof":"2026-05-04"}},{"type":"Feature","geometry":{"type":"Point","coordinates":[126.74125,37.50598]},"properties":{"name":"부개공원","addr":"인천광역시 부평구 길주로 708  (부개동, 부개공원 관리사무소)","sgg":"28237","cap":6658,"type":"지진옥외대피장소","src":"safekorea","asof":"2026-04-30"}},{"type":"Feature","geometry":{"type":"Point","coordinates":[126.73519,37.48959]},"properties":{"name":"부개서초등학교 운동장","addr":"부개서초등학교","sgg":"28237","cap":2109,"type":"지진옥외대피장소","src":"safekorea","asof":"2026-05-04"}},{"type":"Feature","geometry":{"type":"Point","coordinates":[126.7385,37.4854]},"properties":{"name":"부개초등학교 운동장","addr":"부개초등학교","sgg":"28237","cap":2036,"type":"지진옥외대피장소","src":"safekorea","asof":"2026-04-17"}},{"type":"Feature","geometry":{"type":"Point","coordinates":[126.73543,37.50216]},"properties":{"name":"부광여자고등학교 운동장","addr":"인천광역시 부평구 충선로 143","sgg":"28237","cap":3054,"type":"지진옥외대피장소","src":"safekorea","asof":"2026-05-06"}},{"type":"Feature","geometry":{"type":"Point","coordinates":[126.73683,37.50148]},"properties":{"name":"부광중학교 운동장","addr":"인천광역시 부평구 충선로 140","sgg":"28237","cap":3927,"type":"지진옥외대피장소","src":"safekorea","asof":"2026-04-27"}},{"type":"Feature","geometry":{"type":"Point","coordinates":[126.7393,37.49029]},"properties":{"name":"부이공원","addr":null,"sgg":"28237","cap":3388,"type":"지진옥외대피장소","src":"safekorea","asof":"2026-05-04"}},{"type":"Feature","geometry":{"type":"Point","coordinates":[126.73844,37.49478]},"properties":{"name":"부평여자중학교 운동장","addr":null,"sgg":"28237","cap":2545,"type":"지진옥외대피장소","src":"safekorea","asof":"2026-05-04"}},{"type":"Feature","geometry":{"type":"Point","coordinates":[126.7406,37.5034]},"properties":{"name":"새울공원(부개3공원)","addr":"새울공원(부개3공원)","sgg":"28237","cap":1091,"type":"지진옥외대피장소","src":"safekorea","asof":"2026-04-30"}},{"type":"Feature","geometry":{"type":"Point","coordinates":[126.73764,37.49225]},"properties":{"name":"세모공원","addr":null,"sgg":"28237","cap":3115,"type":"지진옥외대피장소","src":"safekorea","asof":"2026-05-04"}},{"type":"Feature","geometry":{"type":"Point","coordinates":[126.73681,37.49986]},"properties":{"name":"세영공원","addr":"세영공원","sgg":"28237","cap":6124,"type":"지진옥외대피장소","src":"safekorea","asof":"2026-04-30"}},{"type":"Feature","geometry":{"type":"Point","coordinates":[126.735,37.4861]},"properties":{"name":"수도군수지원단 군용철길","addr":null,"sgg":"28237","cap":8135,"type":"지진옥외대피장소","src":"safekorea","asof":"2026-04-27"}},{"type":"Feature","geometry":{"type":"Point","coordinates":[126.7393,37.50462]},"properties":{"name":"신궁동공원(부개1공원)","addr":"신궁동공원(부개1공원)","sgg":"28237","cap":1546,"type":"지진옥외대피장소","src":"safekorea","asof":"2026-04-30"}},{"type":"Feature","geometry":{"type":"Point","coordinates":[126.7313,37.4846]},"properties":{"name":"인천동수초등학교 운동장","addr":"인천동수초등학교","sgg":"28237","cap":6475,"type":"지진옥외대피장소","src":"safekorea","asof":"2026-04-17"}},{"type":"Feature","geometry":{"type":"Point","coordinates":[126.74163,37.49787]},"properties":{"name":"인천부내초등학교 운동장","addr":"인천광역시 부평구 수변로 129","sgg":"28237","cap":1890,"type":"지진옥외대피장소","src":"safekorea","asof":"2026-04-17"}},{"type":"Feature","geometry":{"type":"Point","coordinates":[126.74144,37.50082]},"properties":{"name":"인천부일초등학교 운동장","addr":"인천광역시 부평구 부흥북로 175","sgg":"28237","cap":1963,"type":"지진옥외대피장소","src":"safekorea","asof":"2026-04-17"}},{"type":"Feature","geometry":{"type":"Point","coordinates":[126.74291,37.50226]},"properties":{"name":"청운공원","addr":"인천광역시 부평구 수변로 189  (부개동, 청운공원 관리사무소)","sgg":"28237","cap":9447,"type":"지진옥외대피장소","src":"safekorea","asof":"2026-04-30"}},{"type":"Feature","geometry":{"type":"Point","coordinates":[126.74231,37.48267]},"properties":{"name":"일신어린이공원(일신1호공원)","addr":"일신어린이공원(일신1호공원)","sgg":"28237","cap":1848,"type":"지진옥외대피장소","src":"safekorea","asof":"2026-04-30"}},{"type":"Feature","geometry":{"type":"Point","coordinates":[126.74259,37.48328]},"properties":{"name":"일신초등학교 운동장","addr":"일신초등학교","sgg":"28237","cap":4436,"type":"지진옥외대피장소","src":"safekorea","asof":"2026-04-30"}},{"type":"Feature","geometry":{"type":"Point","coordinates":[126.74869,37.47573]},"properties":{"name":"구산어린이공원","addr":null,"sgg":"28237","cap":3316,"type":"지진옥외대피장소","src":"safekorea","asof":"2026-04-30"}},{"type":"Feature","geometry":{"type":"Point","coordinates":[126.7489,37.4781]},"properties":{"name":"인천금마초등학교 운동장","addr":"인천금마초등학교","sgg":"28237","cap":1762,"type":"지진옥외대피장소","src":"safekorea","asof":"2026-04-30"}},{"type":"Feature","geometry":{"type":"Point","coordinates":[126.71223,37.53718]},"properties":{"name":"경인교대부설초등학교 운동장","addr":"인천광역시 계양구 안남로 612","sgg":"28245","cap":3105,"type":"지진옥외대피장소","src":"safekorea","asof":"2026-05-08"}},{"type":"Feature","geometry":{"type":"Point","coordinates":[126.7138,37.53182]},"properties":{"name":"명현중학교 운동장","addr":"인천광역시 계양구 안남로554번길 26","sgg":"28245","cap":3818,"type":"지진옥외대피장소","src":"safekorea","asof":"2026-05-08"}},{"type":"Feature","geometry":{"type":"Point","coordinates":[126.71261,37.5318]},"properties":{"name":"명현초등학교 운동장","addr":"인천광역시 계양구 봉오대로569번길 10","sgg":"28245","cap":1401,"type":"지진옥외대피장소","src":"safekorea","asof":"2026-05-08"}},{"type":"Feature","geometry":{"type":"Point","coordinates":[126.70108,37.52669]},"properties":{"name":"북인천여자중학교 운동장","addr":"인천광역시 계양구 아나지로85번길 12","sgg":"28245","cap":8036,"type":"지진옥외대피장소","src":"safekorea","asof":"2025-04-10"}},{"type":"Feature","geometry":{"type":"Point","coordinates":[126.71194,37.53613]},"properties":{"name":"이촌근린공원","addr":null,"sgg":"28245","cap":19354,"type":"지진옥외대피장소","src":"safekorea","asof":"2026-05-08"}},{"type":"Feature","geometry":{"type":"Point","coordinates":[126.71523,37.53182]},"properties":{"name":"효성고등학교  운동장","addr":"인천광역시 계양구 새벌로171번길 21","sgg":"28245","cap":3466,"type":"지진옥외대피장소","src":"safekorea","asof":"2026-05-08"}},{"type":"Feature","geometry":{"type":"Point","coordinates":[126.71604,37.52615]},"properties":{"name":"효성공원","addr":"인천광역시 계양구 새벌로111번길 7","sgg":"28245","cap":9229,"type":"지진옥외대피장소","src":"safekorea","asof":"2026-05-08"}},{"type":"Feature","geometry":{"type":"Point","coordinates":[126.71616,37.52838]},"properties":{"name":"효성남초등학교 운동장","addr":"인천광역시 계양구 새벌로 125","sgg":"28245","cap":2751,"type":"지진옥외대피장소","src":"safekorea","asof":"2026-05-08"}},{"type":"Feature","geometry":{"type":"Point","coordinates":[126.71646,37.5329]},"properties":{"name":"효성동초등학교 운동장","addr":"인천광역시 계양구 새벌로171번길 4","sgg":"28245","cap":4558,"type":"지진옥외대피장소","src":"safekorea","asof":"2026-05-08"}},{"type":"Feature","geometry":{"type":"Point","coordinates":[126.69892,37.5283]},"properties":{"name":"효성서초등학교 운동장","addr":"인천광역시 계양구 봉오대로 457","sgg":"28245","cap":2645,"type":"지진옥외대피장소","src":"safekorea","asof":"2025-04-17"}},{"type":"Feature","geometry":{"type":"Point","coordinates":[126.71079,37.53738]},"properties":{"name":"효성중학교 운동장","addr":"인천광역시 계양구 안남로 607","sgg":"28245","cap":3583,"type":"지진옥외대피장소","src":"safekorea","asof":"2026-05-08"}},{"type":"Feature","geometry":{"type":"Point","coordinates":[126.71066,37.5364]},"properties":{"name":"효성초등학교 운동장","addr":"인천광역시 계양구 안남로 601","sgg":"28245","cap":5427,"type":"지진옥외대피장소","src":"safekorea","asof":"2026-05-08"}},{"type":"Feature","geometry":{"type":"Point","coordinates":[126.73264,37.53848]},"properties":{"name":"개나리공원","addr":null,"sgg":"28245","cap":531,"type":"지진옥외대피장소","src":"safekorea","asof":"2025-04-10"}},{"type":"Feature","geometry":{"type":"Point","coordinates":[126.72373,37.54277]},"properties":{"name":"계산1공원","addr":null,"sgg":"28245","cap":1016,"type":"지진옥외대피장소","src":"safekorea","asof":"2025-04-14"}},{"type":"Feature","geometry":{"type":"Point","coordinates":[126.72971,37.54696]},"properties":{"name":"계산고등학교 운동장","addr":"인천광역시 계양구 주부토로 588","sgg":"28245","cap":5091,"type":"지진옥외대피장소","src":"safekorea","asof":"2025-04-17"}},{"type":"Feature","geometry":{"type":"Point","coordinates":[126.73942,37.53445]},"properties":{"name":"계산공업고등학교 운동장","addr":"인천광역시 계양구 도두리로 47","sgg":"28245","cap":4771,"type":"지진옥외대피장소","src":"safekorea","asof":"2025-04-17"}},{"type":"Feature","geometry":{"type":"Point","coordinates":[126.7329,37.53585]},"properties":{"name":"계산여자중학교 운동장","addr":"인천광역시 계양구 장제로755번길 16","sgg":"28245","cap":3960,"type":"지진옥외대피장소","src":"safekorea","asof":"2025-04-17"}},{"type":"Feature","geometry":{"type":"Point","coordinates":[126.74255,37.53422]},"properties":{"name":"계산중학교 운동장","addr":"인천광역시 계양구 도두리로 67-16","sgg":"28245","cap":7545,"type":"지진옥외대피장소","src":"safekorea","asof":"2025-04-17"}},{"type":"Feature","geometry":{"type":"Point","coordinates":[126.72958,37.54494]},"properties":{"name":"계산체육공원","addr":"인천광역시 계양구 주부토로 570","sgg":"28245","cap":18904,"type":"지진옥외대피장소","src":"safekorea","asof":"2025-04-17"}},{"type":"Feature","geometry":{"type":"Point","coordinates":[126.71803,37.54447]},"properties":{"name":"계산초등학교 운동장","addr":"인천광역시 계양구 경명대로 1005","sgg":"28245","cap":4743,"type":"지진옥외대피장소","src":"safekorea","asof":"2025-04-17"}},{"type":"Feature","geometry":{"type":"Point","coordinates":[126.7428,37.53746]},"properties":{"name":"계양교통공원","addr":"인천광역시 계양구 용종로 38","sgg":"28245","cap":17896,"type":"지진옥외대피장소","src":"safekorea","asof":"2025-04-12"}},{"type":"Feature","geometry":{"type":"Point","coordinates":[126.71954,37.54059]},"properties":{"name":"고향골공원","addr":null,"sgg":"28245","cap":1260,"type":"지진옥외대피장소","src":"safekorea","asof":"2025-04-14"}},{"type":"Feature","geometry":{"type":"Point","coordinates":[126.72324,37.54479]},"properties":{"name":"부일공원","addr":null,"sgg":"28245","cap":994,"type":"지진옥외대피장소","src":"safekorea","asof":"2025-04-17"}},{"type":"Feature","geometry":{"type":"Point","coordinates":[126.72406,37.54196]},"properties":{"name":"부평초등학교 운동장","addr":"인천광역시 계양구 어사대로 20","sgg":"28245","cap":5431,"type":"지진옥외대피장소","src":"safekorea","asof":"2025-04-17"}},{"type":"Feature","geometry":{"type":"Point","coordinates":[126.74059,37.53438]},"properties":{"name":"부현동초등학교 운동장","addr":"인천광역시 계양구 용종로 5","sgg":"28245","cap":5096,"type":"지진옥외대피장소","src":"safekorea","asof":"2025-04-17"}},{"type":"Feature","geometry":{"type":"Point","coordinates":[126.73148,37.53614]},"properties":{"name":"부현초등학교 운동장","addr":"인천광역시 계양구 장제로755번길 30","sgg":"28245","cap":5500,"type":"지진옥외대피장소","src":"safekorea","asof":"2025-04-10"}},{"type":"Feature","geometry":{"type":"Point","coordinates":[126.71722,37.54196]},"properties":{"name":"북인천중학교 운동장","addr":"인천광역시 계양구 계산로22번길 6","sgg":"28245","cap":3823,"type":"지진옥외대피장소","src":"safekorea","asof":"2025-04-17"}},{"type":"Feature","geometry":{"type":"Point","coordinates":[126.72722,37.54127]},"properties":{"name":"안남공원","addr":null,"sgg":"28245","cap":1229,"type":"지진옥외대피장소","src":"safekorea","asof":"2025-04-14"}},{"type":"Feature","geometry":{"type":"Point","coordinates":[126.73097,37.53888]},"properties":{"name":"안남중학교 운동장","addr":"인천광역시 계양구 계산새로33번길 5","sgg":"28245","cap":5603,"type":"지진옥외대피장소","src":"safekorea","asof":"2025-04-17"}},{"type":"Feature","geometry":{"type":"Point","coordinates":[126.73243,37.54068]},"properties":{"name":"안남초등학교 운동장","addr":"인천광역시 계양구 경명대로1114번길 26","sgg":"28245","cap":4831,"type":"지진옥외대피장소","src":"safekorea","asof":"2025-04-17"}},{"type":"Feature","geometry":{"type":"Point","coordinates":[126.73234,37.5443]},"properties":{"name":"안산초등학교 운동장","addr":"인천광역시 계양구 임학서로 15","sgg":"28245","cap":5685,"type":"지진옥외대피장소","src":"safekorea","asof":"2025-04-17"}},{"type":"Feature","geometry":{"type":"Point","coordinates":[126.71771,37.53998]},"properties":{"name":"해서초등학교 운동장","addr":"인천광역시 계양구 계산로 42-1","sgg":"28245","cap":3503,"type":"지진옥외대피장소","src":"safekorea","asof":"2025-04-14"}},{"type":"Feature","geometry":{"type":"Point","coordinates":[126.71811,37.53586]},"properties":{"name":"경인교육대학교 대운동장","addr":null,"sgg":"28245","cap":7533,"type":"지진옥외대피장소","src":"safekorea","asof":"2025-07-03"}},{"type":"Feature","geometry":{"type":"Point","coordinates":[126.73732,37.53332]},"properties":{"name":"까치공원","addr":"인천광역시 계양구 오조산로21번길 4","sgg":"28245","cap":14462,"type":"지진옥외대피장소","src":"safekorea","asof":"2025-04-10"}},{"type":"Feature","geometry":{"type":"Point","coordinates":[126.7293,37.53275]},"properties":{"name":"된밭공원","addr":"인천광역시 계양구 주부토로426번길 5","sgg":"28245","cap":9889,"type":"지진옥외대피장소","src":"safekorea","asof":"2025-04-10"}},{"type":"Feature","geometry":{"type":"Point","coordinates":[126.74099,37.52804]},"properties":{"name":"서운공원","addr":"인천광역시 계양구 효서로 397","sgg":"28245","cap":10879,"type":"지진옥외대피장소","src":"safekorea","asof":"2025-04-10"}},{"type":"Feature","geometry":{"type":"Point","coordinates":[126.71996,37.52618]},"properties":{"name":"성지초등학교 운동장","addr":"인천광역시 계양구 아나지로247번길 8","sgg":"28245","cap":4106,"type":"지진옥외대피장소","src":"safekorea","asof":"2025-04-12"}},{"type":"Feature","geometry":{"type":"Point","coordinates":[126.72681,37.52491]},"properties":{"name":"안남고등학교 운동장","addr":"인천광역시 계양구 아나지로308번길 9","sgg":"28245","cap":5214,"type":"지진옥외대피장소","src":"safekorea","asof":"2025-04-17"}},{"type":"Feature","geometry":{"type":"Point","coordinates":[126.73566,37.52889]},"properties":{"name":"작동초등학교 운동장","addr":"인천광역시 계양구 까치말로 35","sgg":"28245","cap":4213,"type":"지진옥외대피장소","src":"safekorea","asof":"2025-04-17"}},{"type":"Feature","geometry":{"type":"Point","coordinates":[126.73003,37.53271]},"properties":{"name":"작전고등학교 운동장","addr":"인천광역시 계양구 봉오대로729번길 27","sgg":"28245","cap":5334,"type":"지진옥외대피장소","src":"safekorea","asof":"2025-04-10"}},{"type":"Feature","geometry":{"type":"Point","coordinates":[126.72571,37.52623]},"properties":{"name":"작전공원 1","addr":"인천광역시 계양구 아나지로307번길 1","sgg":"28245","cap":8010,"type":"지진옥외대피장소","src":"safekorea","asof":"2025-04-10"}},{"type":"Feature","geometry":{"type":"Point","coordinates":[126.73006,37.53204]},"properties":{"name":"작전여자고등학교 운동장","addr":"인천광역시 계양구 주부토로426번길 15","sgg":"28245","cap":5218,"type":"지진옥외대피장소","src":"safekorea","asof":"2025-04-10"}},{"type":"Feature","geometry":{"type":"Point","coordinates":[126.72962,37.53333]},"properties":{"name":"작전중학교 운동장","addr":"인천광역시 계양구 주부토로448번길 16","sgg":"28245","cap":4353,"type":"지진옥외대피장소","src":"safekorea","asof":"2025-04-10"}},{"type":"Feature","geometry":{"type":"Point","coordinates":[126.7353,37.53107]},"properties":{"name":"작전체육공원(작전공원 2)","addr":"인천광역시 계양구 계양문화로 1","sgg":"28245","cap":6329,"type":"지진옥외대피장소","src":"safekorea","asof":"2025-04-10"}},{"type":"Feature","geometry":{"type":"Point","coordinates":[126.72874,37.53464]},"properties":{"name":"작전초등학교 운동장","addr":"인천광역시 계양구 주부토로 456","sgg":"28245","cap":4213,"type":"지진옥외대피장소","src":"safekorea","asof":"2025-04-10"}},{"type":"Feature","geometry":{"type":"Point","coordinates":[126.73099,37.52856]},"properties":{"name":"화전초등학교 운동장","addr":"인천광역시 계양구 효서로303번길 8","sgg":"28245","cap":4155,"type":"지진옥외대피장소","src":"safekorea","asof":"2025-04-17"}},{"type":"Feature","geometry":{"type":"Point","coordinates":[126.74492,37.53495]},"properties":{"name":"계수중학교 운동장","addr":"인천광역시 계양구 살라리로2번길 25","sgg":"28245","cap":2151,"type":"지진옥외대피장소","src":"safekorea","asof":"2025-04-10"}},{"type":"Feature","geometry":{"type":"Point","coordinates":[126.74617,37.53626]},"properties":{"name":"살나리공원","addr":null,"sgg":"28245","cap":1743,"type":"지진옥외대피장소","src":"safekorea","asof":"2025-04-10"}},{"type":"Feature","geometry":{"type":"Point","coordinates":[126.74587,37.52651]},"properties":{"name":"서운고등학교 운동장","addr":"인천광역시 계양구 아나지로 481","sgg":"28245","cap":4073,"type":"지진옥외대피장소","src":"safekorea","asof":"2025-04-10"}},{"type":"Feature","geometry":{"type":"Point","coordinates":[126.74442,37.52608]},"properties":{"name":"서운중학교 운동장","addr":"인천광역시 계양구 아나지로 467","sgg":"28245","cap":4009,"type":"지진옥외대피장소","src":"safekorea","asof":"2025-04-10"}},{"type":"Feature","geometry":{"type":"Point","coordinates":[126.74446,37.52689]},"properties":{"name":"서운초등학교 운동장","addr":"인천광역시 계양구 서운로 12","sgg":"28245","cap":3421,"type":"지진옥외대피장소","src":"safekorea","asof":"2025-04-10"}},{"type":"Feature","geometry":{"type":"Point","coordinates":[126.73754,37.54651]},"properties":{"name":"낙원공원","addr":null,"sgg":"28245","cap":764,"type":"지진옥외대피장소","src":"safekorea","asof":"2025-04-10"}},{"type":"Feature","geometry":{"type":"Point","coordinates":[126.7329,37.54838]},"properties":{"name":"임학공원","addr":"임학동 58","sgg":"28245","cap":7602,"type":"지진옥외대피장소","src":"safekorea","asof":"2025-04-10"}},{"type":"Feature","geometry":{"type":"Point","coordinates":[126.74233,37.5388]},"properties":{"name":"계산여자고등학교 운동장","addr":"인천광역시 계양구 계산새로 131","sgg":"28245","cap":3342,"type":"지진옥외대피장소","src":"safekorea","asof":"2025-04-10"}},{"type":"Feature","geometry":{"type":"Point","coordinates":[126.74387,37.54162]},"properties":{"name":"계양고등학교 운동장","addr":"본관동","sgg":"28245","cap":3522,"type":"지진옥외대피장소","src":"safekorea","asof":"2025-04-17"}},{"type":"Feature","geometry":{"type":"Point","coordinates":[126.74267,37.5417]},"properties":{"name":"길주초등학교 운동장","addr":"인천광역시 계양구 용종로 90","sgg":"28245","cap":5161,"type":"지진옥외대피장소","src":"safekorea","asof":"2025-04-12"}},{"type":"Feature","geometry":{"type":"Point","coordinates":[126.74348,37.53886]},"properties":{"name":"신대초등학교 운동장","addr":"인천광역시 계양구 계산새로 133","sgg":"28245","cap":4147,"type":"지진옥외대피장소","src":"safekorea","asof":"2025-04-12"}},{"type":"Feature","geometry":{"type":"Point","coordinates":[126.7381,37.54059]},"properties":{"name":"오조산공원","addr":"인천광역시 계양구 오조산공원로 33","sgg":"28245","cap":15539,"type":"지진옥외대피장소","src":"safekorea","asof":"2025-04-12"}},{"type":"Feature","geometry":{"type":"Point","coordinates":[126.7415,37.54085]},"properties":{"name":"초정공원","addr":"용종동 213-1","sgg":"28245","cap":2009,"type":"지진옥외대피장소","src":"safekorea","asof":"2025-04-12"}},{"type":"Feature","geometry":{"type":"Point","coordinates":[126.73812,37.54828]},"properties":{"name":"병방공원","addr":"병방동 367","sgg":"28245","cap":1415,"type":"지진옥외대피장소","src":"safekorea","asof":"2025-04-10"}},{"type":"Feature","geometry":{"type":"Point","coordinates":[126.74105,37.54669]},"properties":{"name":"병방초등학교 운동장","addr":"인천광역시 계양구 병방로 2","sgg":"28245","cap":3547,"type":"지진옥외대피장소","src":"safekorea","asof":"2025-04-10"}},{"type":"Feature","geometry":{"type":"Point","coordinates":[126.74462,37.55148]},"properties":{"name":"세원고등학교 운동장","addr":"인천광역시 계양구 장제로 966","sgg":"28245","cap":2577,"type":"지진옥외대피장소","src":"safekorea","asof":"2025-04-17"}},{"type":"Feature","geometry":{"type":"Point","coordinates":[126.74502,37.55008]},"properties":{"name":"양촌중학교 운동장","addr":"인천광역시 계양구 장제로948번길 13","sgg":"28245","cap":2554,"type":"지진옥외대피장소","src":"safekorea","asof":"2025-04-10"}},{"type":"Feature","geometry":{"type":"Point","coordinates":[126.7441,37.55066]},"properties":{"name":"양촌초등학교 운동장","addr":"인천광역시 계양구 장제로 954","sgg":"28245","cap":3648,"type":"지진옥외대피장소","src":"safekorea","asof":"2025-04-10"}},{"type":"Feature","geometry":{"type":"Point","coordinates":[126.74042,37.54591]},"properties":{"name":"임학중학교 운동장","addr":"인천광역시 계양구 장제로 894","sgg":"28245","cap":4866,"type":"지진옥외대피장소","src":"safekorea","asof":"2025-04-10"}},{"type":"Feature","geometry":{"type":"Point","coordinates":[126.74173,37.5441]},"properties":{"name":"학마을공원","addr":"병방동 432-4","sgg":"28245","cap":5629,"type":"지진옥외대피장소","src":"safekorea","asof":"2025-04-10"}},{"type":"Feature","geometry":{"type":"Point","coordinates":[126.74033,37.55053]},"properties":{"name":"방축공원","addr":null,"sgg":"28245","cap":1536,"type":"지진옥외대피장소","src":"safekorea","asof":"2025-04-10"}},{"type":"Feature","geometry":{"type":"Point","coordinates":[126.74165,37.554]},"properties":{"name":"예일고등학교 운동장","addr":"인천광역시 계양구 박촌로 23","sgg":"28245","cap":5220,"type":"지진옥외대피장소","src":"safekorea","asof":"2025-04-17"}},{"type":"Feature","geometry":{"type":"Point","coordinates":[126.74063,37.55455]},"properties":{"name":"예일중학교 운동장","addr":"방축동 27-1","sgg":"28245","cap":5102,"type":"지진옥외대피장소","src":"safekorea","asof":"2025-04-17"}},{"type":"Feature","geometry":{"type":"Point","coordinates":[126.74231,37.55576]},"properties":{"name":"소양초등학교 운동장","addr":null,"sgg":"28245","cap":4947,"type":"지진옥외대피장소","src":"safekorea","asof":"2025-04-17"}},{"type":"Feature","geometry":{"type":"Point","coordinates":[126.75934,37.55852]},"properties":{"name":"당산초등학교 운동장","addr":"인천광역시 계양구 동양로 122","sgg":"28245","cap":2997,"type":"지진옥외대피장소","src":"safekorea","asof":"2025-04-10"}},{"type":"Feature","geometry":{"type":"Point","coordinates":[126.75792,37.56161]},"properties":{"name":"동양소공원(동양공원 1)","addr":null,"sgg":"28245","cap":711,"type":"지진옥외대피장소","src":"safekorea","asof":"2025-04-10"}},{"type":"Feature","geometry":{"type":"Point","coordinates":[126.76084,37.56225]},"properties":{"name":"동양중학교 운동장","addr":"인천광역시 계양구 당미길 56","sgg":"28245","cap":3021,"type":"지진옥외대피장소","src":"safekorea","asof":"2025-04-17"}},{"type":"Feature","geometry":{"type":"Point","coordinates":[126.7534,37.55916]},"properties":{"name":"동양택지1공원","addr":null,"sgg":"28245","cap":1339,"type":"지진옥외대피장소","src":"safekorea","asof":"2025-04-10"}},{"type":"Feature","geometry":{"type":"Point","coordinates":[126.75828,37.55871]},"properties":{"name":"동양택지2공원","addr":null,"sgg":"28245","cap":1277,"type":"지진옥외대피장소","src":"safekorea","asof":"2025-04-10"}},{"type":"Feature","geometry":{"type":"Point","coordinates":[126.75457,37.56171]},"properties":{"name":"모탱이공원","addr":null,"sgg":"28245","cap":1390,"type":"지진옥외대피장소","src":"safekorea","asof":"2025-04-10"}},{"type":"Feature","geometry":{"type":"Point","coordinates":[126.75776,37.56086]},"properties":{"name":"서녘공원","addr":null,"sgg":"28245","cap":1287,"type":"지진옥외대피장소","src":"safekorea","asof":"2025-04-10"}},{"type":"Feature","geometry":{"type":"Point","coordinates":[126.73915,37.56903]},"properties":{"name":"계양중학교 운동장","addr":"인천광역시 계양구 장제로1181번길 9","sgg":"28245","cap":6032,"type":"지진옥외대피장소","src":"safekorea","asof":"2025-04-17"}},{"type":"Feature","geometry":{"type":"Point","coordinates":[126.74907,37.56788]},"properties":{"name":"굴재공원","addr":null,"sgg":"28245","cap":1358,"type":"지진옥외대피장소","src":"safekorea","asof":"2025-04-10"}},{"type":"Feature","geometry":{"type":"Point","coordinates":[126.74711,37.56841]},"properties":{"name":"귤현초등학교 운동장","addr":"인천광역시 계양구 귤현길 15","sgg":"28245","cap":3878,"type":"지진옥외대피장소","src":"safekorea","asof":"2025-04-10"}},{"type":"Feature","geometry":{"type":"Point","coordinates":[126.75168,37.56581]},"properties":{"name":"들놀이공원","addr":"인천광역시 계양구 양지로 109","sgg":"28245","cap":5333,"type":"지진옥외대피장소","src":"safekorea","asof":"2025-04-10"}},{"type":"Feature","geometry":{"type":"Point","coordinates":[126.74552,37.56787]},"properties":{"name":"샘터공원","addr":"인천광역시 계양구 만봉길 62-3","sgg":"28245","cap":1358,"type":"지진옥외대피장소","src":"safekorea","asof":"2025-04-10"}},{"type":"Feature","geometry":{"type":"Point","coordinates":[126.74667,37.56977]},"properties":{"name":"안골공원","addr":null,"sgg":"28245","cap":1773,"type":"지진옥외대피장소","src":"safekorea","asof":"2025-04-10"}},{"type":"Feature","geometry":{"type":"Point","coordinates":[126.77993,37.57909]},"properties":{"name":"계양초등학교 상야분교 운동장","addr":"상야동 130","sgg":"28245","cap":1442,"type":"지진옥외대피장소","src":"safekorea","asof":"2025-04-10"}},{"type":"Feature","geometry":{"type":"Point","coordinates":[126.7335,37.5784]},"properties":{"name":"계양초등학교 운동장","addr":"인천광역시 계양구 장제로 1288","sgg":"28245","cap":7848,"type":"지진옥외대피장소","src":"safekorea","asof":"2025-04-17"}},{"type":"Feature","geometry":{"type":"Point","coordinates":[126.73064,37.57943]},"properties":{"name":"동산공원","addr":null,"sgg":"28245","cap":4112,"type":"지진옥외대피장소","src":"safekorea","asof":"2025-04-17"}},{"type":"Feature","geometry":{"type":"Point","coordinates":[126.73143,37.57768]},"properties":{"name":"장기공원","addr":null,"sgg":"28245","cap":1429,"type":"지진옥외대피장소","src":"safekorea","asof":"2025-04-17"}},{"type":"Feature","geometry":{"type":"Point","coordinates":[126.7368,37.5784]},"properties":{"name":"장터공원","addr":null,"sgg":"28245","cap":1869,"type":"지진옥외대피장소","src":"safekorea","asof":"2025-04-17"}},{"type":"Feature","geometry":{"type":"Point","coordinates":[126.73435,37.57771]},"properties":{"name":"중앙공원","addr":null,"sgg":"28245","cap":2024,"type":"지진옥외대피장소","src":"safekorea","asof":"2025-04-17"}},{"type":"Feature","geometry":{"type":"Point","coordinates":[126.67459,37.56415]},"properties":{"name":"간재울공원","addr":"인천광역시 서구 승학로472번길 9  (검암동, 간재울공원)","sgg":"28275","cap":2121,"type":"지진옥외대피장소","src":"safekorea","asof":"2026-05-07"}},{"type":"Feature","geometry":{"type":"Point","coordinates":[126.67675,37.56259]},"properties":{"name":"간재울중학교 운동장","addr":"인천광역시 서구 승학로512번길 34","sgg":"28275","cap":2664,"type":"지진옥외대피장소","src":"safekorea","asof":"2026-05-07"}},{"type":"Feature","geometry":{"type":"Point","coordinates":[126.67276,37.56016]},"properties":{"name":"간재울초등학교 운동장","addr":"간재울초등학교","sgg":"28275","cap":2362,"type":"지진옥외대피장소","src":"safekorea","asof":"2026-05-07"}},{"type":"Feature","geometry":{"type":"Point","coordinates":[126.67904,37.56673]},"properties":{"name":"검암중학교 운동장","addr":"검암중학교 운동장","sgg":"28275","cap":7878,"type":"지진옥외대피장소","src":"safekorea","asof":"2026-05-11"}},{"type":"Feature","geometry":{"type":"Point","coordinates":[126.67893,37.56779]},"properties":{"name":"검암초등학교 운동장","addr":"검암초등학교","sgg":"28275","cap":2355,"type":"지진옥외대피장소","src":"safekorea","asof":"2026-05-07"}},{"type":"Feature","geometry":{"type":"Point","coordinates":[126.68427,37.56465]},"properties":{"name":"은지초등학교 운동장","addr":"인천광역시 서구 승학로572번길 22","sgg":"28275","cap":2277,"type":"지진옥외대피장소","src":"safekorea","asof":"2026-05-11"}},{"type":"Feature","geometry":{"type":"Point","coordinates":[126.6755,37.56773]},"properties":{"name":"장모루근린공원","addr":"인천광역시 서구 도요지로189번길 141  (검암동, 장모루근린공원)","sgg":"28275","cap":4840,"type":"지진옥외대피장소","src":"safekorea","asof":"2026-05-07"}},{"type":"Feature","geometry":{"type":"Point","coordinates":[126.67714,37.5649]},"properties":{"name":"중동공원","addr":"인천광역시 서구 서곶로 527  (검암동)","sgg":"28275","cap":3584,"type":"지진옥외대피장소","src":"safekorea","asof":"2026-05-07"}},{"type":"Feature","geometry":{"type":"Point","coordinates":[126.65156,37.55623]},"properties":{"name":"경서초등학교 운동장","addr":"인천광역시 서구 경서로31번길 31","sgg":"28275","cap":2817,"type":"지진옥외대피장소","src":"safekorea","asof":"2026-05-04"}},{"type":"Feature","geometry":{"type":"Point","coordinates":[126.63955,37.55564]},"properties":{"name":"서부산단공원(주물공단공원)","addr":"주물공단공원","sgg":"28275","cap":12558,"type":"지진옥외대피장소","src":"safekorea","asof":"2026-05-07"}},{"type":"Feature","geometry":{"type":"Point","coordinates":[126.68482,37.55278]},"properties":{"name":"갈매공원","addr":"갈매공원","sgg":"28275","cap":1427,"type":"지진옥외대피장소","src":"safekorea","asof":"2026-05-07"}},{"type":"Feature","geometry":{"type":"Point","coordinates":[126.68433,37.5511]},"properties":{"name":"공촌공원","addr":"공촌공원","sgg":"28275","cap":2036,"type":"지진옥외대피장소","src":"safekorea","asof":"2026-05-07"}},{"type":"Feature","geometry":{"type":"Point","coordinates":[126.68405,37.54849]},"properties":{"name":"공촌초등학교 운동장","addr":"인천광역시 서구 심곡로188번길 21","sgg":"28275","cap":1916,"type":"지진옥외대피장소","src":"safekorea","asof":"2026-05-11"}},{"type":"Feature","geometry":{"type":"Point","coordinates":[126.67861,37.54943]},"properties":{"name":"간촌공원","addr":"인천광역시 서구 간촌로 13","sgg":"28275","cap":2452,"type":"지진옥외대피장소","src":"safekorea","asof":"2026-05-07"}},{"type":"Feature","geometry":{"type":"Point","coordinates":[126.6721,37.54983]},"properties":{"name":"계명공원","addr":"인천광역시 서구 연희로46번길 6","sgg":"28275","cap":2575,"type":"지진옥외대피장소","src":"safekorea","asof":"2026-05-07"}},{"type":"Feature","geometry":{"type":"Point","coordinates":[126.67021,37.54906]},"properties":{"name":"대평공원","addr":"대평공원","sgg":"28275","cap":2631,"type":"지진옥외대피장소","src":"safekorea","asof":"2026-05-07"}},{"type":"Feature","geometry":{"type":"Point","coordinates":[126.6812,37.54738]},"properties":{"name":"서곶근린공원 주차장","addr":null,"sgg":"28275","cap":91087,"type":"지진옥외대피장소","src":"safekorea","asof":"2026-05-07"}},{"type":"Feature","geometry":{"type":"Point","coordinates":[126.67117,37.54918]},"properties":{"name":"서곶중학교 운동장","addr":"서곶중학교","sgg":"28275","cap":3681,"type":"지진옥외대피장소","src":"safekorea","asof":"2026-05-06"}},{"type":"Feature","geometry":{"type":"Point","coordinates":[126.67009,37.54823]},"properties":{"name":"서곶초등학교 운동장","addr":null,"sgg":"28275","cap":3434,"type":"지진옥외대피장소","src":"safekorea","asof":"2026-05-06"}},{"type":"Feature","geometry":{"type":"Point","coordinates":[126.66842,37.54924]},"properties":{"name":"인천아시아드주경기장 주차장","addr":"인천아시아드 주경기장 주차장","sgg":"28275","cap":72727,"type":"지진옥외대피장소","src":"safekorea","asof":"2025-05-07"}},{"type":"Feature","geometry":{"type":"Point","coordinates":[126.679,37.54232]},"properties":{"name":"모통공원","addr":"인천광역시 서구 심곡로 83  (심곡동)","sgg":"28275","cap":2547,"type":"지진옥외대피장소","src":"safekorea","asof":"2026-05-11"}},{"type":"Feature","geometry":{"type":"Point","coordinates":[126.68256,37.54343]},"properties":{"name":"심곡초등학교 운동장","addr":"심곡초등학교","sgg":"28275","cap":1793,"type":"지진옥외대피장소","src":"safekorea","asof":"2026-05-06"}},{"type":"Feature","geometry":{"type":"Point","coordinates":[126.67963,37.51448]},"properties":{"name":"가석초등학교 운동장","addr":"가석초등학교","sgg":"28275","cap":2470,"type":"지진옥외대피장소","src":"safekorea","asof":"2026-05-08"}},{"type":"Feature","geometry":{"type":"Point","coordinates":[126.66376,37.52882]},"properties":{"name":"가원초등학교 운동장","addr":"인천광역시 서구 청중로478번길 6","sgg":"28275","cap":2927,"type":"지진옥외대피장소","src":"safekorea","asof":"2026-05-06"}},{"type":"Feature","geometry":{"type":"Point","coordinates":[126.67957,37.52786]},"properties":{"name":"루원시티3호어린이공원","addr":null,"sgg":"28275","cap":5400,"type":"지진옥외대피장소","src":"safekorea","asof":"2026-05-07"}},{"type":"Feature","geometry":{"type":"Point","coordinates":[126.67847,37.52559]},"properties":{"name":"루원시티5호어린이공원","addr":null,"sgg":"28275","cap":2900,"type":"지진옥외대피장소","src":"safekorea","asof":"2026-05-08"}},{"type":"Feature","geometry":{"type":"Point","coordinates":[126.67825,37.52593]},"properties":{"name":"봉수초등학교 운동장","addr":"봉수초등학교","sgg":"28275","cap":3013,"type":"지진옥외대피장소","src":"safekorea","asof":"2025-05-08"}},{"type":"Feature","geometry":{"type":"Point","coordinates":[126.66979,37.53231]},"properties":{"name":"봉오재공원","addr":null,"sgg":"28275","cap":25796,"type":"지진옥외대피장소","src":"safekorea","asof":"2026-05-11"}},{"type":"Feature","geometry":{"type":"Point","coordinates":[126.6812,37.52066]},"properties":{"name":"서인공원","addr":null,"sgg":"28275","cap":41014,"type":"지진옥외대피장소","src":"safekorea","asof":"2026-05-08"}},{"type":"Feature","geometry":{"type":"Point","coordinates":[126.66781,37.52113]},"properties":{"name":"가현중학교 운동장","addr":"가현중학교","sgg":"28275","cap":2455,"type":"지진옥외대피장소","src":"safekorea","asof":"2026-05-07"}},{"type":"Feature","geometry":{"type":"Point","coordinates":[126.66841,37.52191]},"properties":{"name":"가현초등학교 운동장","addr":null,"sgg":"28275","cap":2265,"type":"지진옥외대피장소","src":"safekorea","asof":"2026-05-07"}},{"type":"Feature","geometry":{"type":"Point","coordinates":[126.66843,37.52041]},"properties":{"name":"신현고등학교 운동장","addr":null,"sgg":"28275","cap":1991,"type":"지진옥외대피장소","src":"safekorea","asof":"2026-05-11"}},{"type":"Feature","geometry":{"type":"Point","coordinates":[126.66625,37.51843]},"properties":{"name":"신현북초등학교 운동장","addr":"신현북초등학교","sgg":"28275","cap":4632,"type":"지진옥외대피장소","src":"safekorea","asof":"2026-05-08"}},{"type":"Feature","geometry":{"type":"Point","coordinates":[126.66421,37.5196]},"properties":{"name":"신현중학교 운동장","addr":"인천광역시 서구 원창로131번길 23","sgg":"28275","cap":2793,"type":"지진옥외대피장소","src":"safekorea","asof":"2026-05-06"}},{"type":"Feature","geometry":{"type":"Point","coordinates":[126.67011,37.51425]},"properties":{"name":"신현초등학교 운동장","addr":"신현초등학교","sgg":"28275","cap":5435,"type":"지진옥외대피장소","src":"safekorea","asof":"2026-05-07"}},{"type":"Feature","geometry":{"type":"Point","coordinates":[126.6794,37.50801]},"properties":{"name":"가좌여자중학교 운동장","addr":null,"sgg":"28275","cap":4732,"type":"지진옥외대피장소","src":"safekorea","asof":"2026-05-06"}},{"type":"Feature","geometry":{"type":"Point","coordinates":[126.68131,37.50845]},"properties":{"name":"석곶체육공원","addr":"인천광역시 서구 서달로 100-44","sgg":"28275","cap":12363,"type":"지진옥외대피장소","src":"safekorea","asof":"2026-05-08"}},{"type":"Feature","geometry":{"type":"Point","coordinates":[126.66726,37.50261]},"properties":{"name":"석남녹지도시숲","addr":null,"sgg":"28275","cap":5454,"type":"지진옥외대피장소","src":"safekorea","asof":"2026-05-08"}},{"type":"Feature","geometry":{"type":"Point","coordinates":[126.67089,37.49977]},"properties":{"name":"석남서초등학교 운동장","addr":"석남서초등학교","sgg":"28275","cap":3794,"type":"지진옥외대피장소","src":"safekorea","asof":"2026-05-07"}},{"type":"Feature","geometry":{"type":"Point","coordinates":[126.67501,37.51039]},"properties":{"name":"석남체육공원","addr":"석남체육공원","sgg":"28275","cap":9232,"type":"지진옥외대피장소","src":"safekorea","asof":"2026-05-08"}},{"type":"Feature","geometry":{"type":"Point","coordinates":[126.67963,37.51015]},"properties":{"name":"석남초등학교 운동장","addr":null,"sgg":"28275","cap":3948,"type":"지진옥외대피장소","src":"safekorea","asof":"2026-05-07"}},{"type":"Feature","geometry":{"type":"Point","coordinates":[126.66526,37.50799]},"properties":{"name":"신석체육공원","addr":null,"sgg":"28275","cap":40841,"type":"지진옥외대피장소","src":"safekorea","asof":"2026-05-08"}},{"type":"Feature","geometry":{"type":"Point","coordinates":[126.66452,37.51084]},"properties":{"name":"신석초등학교 운동장","addr":"신석초등학교","sgg":"28275","cap":3884,"type":"지진옥외대피장소","src":"safekorea","asof":"2026-05-06"}},{"type":"Feature","geometry":{"type":"Point","coordinates":[126.66973,37.50797]},"properties":{"name":"신촌공원","addr":"신촌공원","sgg":"28275","cap":5609,"type":"지진옥외대피장소","src":"safekorea","asof":"2026-05-08"}},{"type":"Feature","geometry":{"type":"Point","coordinates":[126.67928,37.50488]},"properties":{"name":"천마초등학교 운동장","addr":null,"sgg":"28275","cap":3616,"type":"지진옥외대피장소","src":"safekorea","asof":"2026-05-04"}},{"type":"Feature","geometry":{"type":"Point","coordinates":[126.66043,37.5231]},"properties":{"name":"가원숲공원","addr":null,"sgg":"28275","cap":86430,"type":"지진옥외대피장소","src":"safekorea","asof":"2026-05-07"}},{"type":"Feature","geometry":{"type":"Point","coordinates":[126.68091,37.49216]},"properties":{"name":"가림고등학교 운동장","addr":"인천광역시 서구 원적로 58","sgg":"28275","cap":3014,"type":"지진옥외대피장소","src":"safekorea","asof":"2026-05-06"}},{"type":"Feature","geometry":{"type":"Point","coordinates":[126.68465,37.48545]},"properties":{"name":"가정여자중학교 운동장","addr":"인천광역시 서구 고래울로28번길 13","sgg":"28275","cap":4600,"type":"지진옥외대피장소","src":"safekorea","asof":"2026-05-05"}},{"type":"Feature","geometry":{"type":"Point","coordinates":[126.6885,37.49136]},"properties":{"name":"가정초등학교 운동장","addr":"가정초등학교","sgg":"28275","cap":4240,"type":"지진옥외대피장소","src":"safekorea","asof":"2026-05-11"}},{"type":"Feature","geometry":{"type":"Point","coordinates":[126.68406,37.48777]},"properties":{"name":"가좌공원","addr":"인천광역시 서구 고래울로 10","sgg":"28275","cap":10835,"type":"지진옥외대피장소","src":"safekorea","asof":"2026-05-08"}},{"type":"Feature","geometry":{"type":"Point","coordinates":[126.68069,37.4883]},"properties":{"name":"가좌근린공원","addr":null,"sgg":"28275","cap":7585,"type":"지진옥외대피장소","src":"safekorea","asof":"2026-05-08"}},{"type":"Feature","geometry":{"type":"Point","coordinates":[126.67966,37.49545]},"properties":{"name":"가좌중학교 운동장","addr":"가좌중학교","sgg":"28275","cap":4686,"type":"지진옥외대피장소","src":"safekorea","asof":"2026-05-08"}},{"type":"Feature","geometry":{"type":"Point","coordinates":[126.68418,37.49016]},"properties":{"name":"가좌초등학교 운동장","addr":"가좌초등학교","sgg":"28275","cap":3205,"type":"지진옥외대피장소","src":"safekorea","asof":"2026-05-11"}},{"type":"Feature","geometry":{"type":"Point","coordinates":[126.67391,37.49288]},"properties":{"name":"감중공원","addr":"인천광역시 서구 가정로98번길 18","sgg":"28275","cap":6753,"type":"지진옥외대피장소","src":"safekorea","asof":"2026-05-08"}},{"type":"Feature","geometry":{"type":"Point","coordinates":[126.67797,37.49497]},"properties":{"name":"건지초등학교 운동장","addr":"건지초등학교","sgg":"28275","cap":4027,"type":"지진옥외대피장소","src":"safekorea","asof":"2026-05-06"}},{"type":"Feature","geometry":{"type":"Point","coordinates":[126.68819,37.48959]},"properties":{"name":"동인천여자중학교 운동장","addr":"동인천여중","sgg":"28275","cap":3115,"type":"지진옥외대피장소","src":"safekorea","asof":"2026-05-04"}},{"type":"Feature","geometry":{"type":"Point","coordinates":[126.67024,37.49509]},"properties":{"name":"봉화초등학교 운동장","addr":"봉화초등학교","sgg":"28275","cap":2148,"type":"지진옥외대피장소","src":"safekorea","asof":"2026-05-08"}},{"type":"Feature","geometry":{"type":"Point","coordinates":[126.67662,37.47576]},"properties":{"name":"시립테니스장","addr":"인천광역시 서구 가좌로11번길 7","sgg":"28275","cap":9333,"type":"지진옥외대피장소","src":"safekorea","asof":"2025-05-09"}},{"type":"Feature","geometry":{"type":"Point","coordinates":[126.6809,37.4915]},"properties":{"name":"진주체육공원","addr":"인천광역시 서구 원적로 46","sgg":"28275","cap":11037,"type":"지진옥외대피장소","src":"safekorea","asof":"2026-05-08"}},{"type":"Feature","geometry":{"type":"Point","coordinates":[126.66188,37.52763]},"properties":{"name":"갯들공원","addr":null,"sgg":"28275","cap":12410,"type":"지진옥외대피장소","src":"safekorea","asof":"2026-05-07"}},{"type":"Feature","geometry":{"type":"Point","coordinates":[126.63724,37.53655]},"properties":{"name":"경명초등학교 운동장","addr":null,"sgg":"28275","cap":2321,"type":"지진옥외대피장소","src":"safekorea","asof":"2026-05-07"}},{"type":"Feature","geometry":{"type":"Point","coordinates":[126.62166,37.54452]},"properties":{"name":"까투렴공원","addr":null,"sgg":"28275","cap":25709,"type":"지진옥외대피장소","src":"safekorea","asof":"2026-05-07"}},{"type":"Feature","geometry":{"type":"Point","coordinates":[126.6436,37.52746]},"properties":{"name":"도담초등학교 운동장","addr":"인천광역시 서구 청라커낼로 217","sgg":"28275","cap":2098,"type":"지진옥외대피장소","src":"safekorea","asof":"2026-05-06"}},{"type":"Feature","geometry":{"type":"Point","coordinates":[126.64618,37.54194]},"properties":{"name":"사염공원","addr":null,"sgg":"28275","cap":103456,"type":"지진옥외대피장소","src":"safekorea","asof":"2026-05-07"}},{"type":"Feature","geometry":{"type":"Point","coordinates":[126.65572,37.54074]},"properties":{"name":"연일공원","addr":null,"sgg":"28275","cap":37033,"type":"지진옥외대피장소","src":"safekorea","asof":"2026-05-07"}},{"type":"Feature","geometry":{"type":"Point","coordinates":[126.6254,37.53835]},"properties":{"name":"인천경연초중학교 운동장","addr":"인천광역시 서구 차오름로 64","sgg":"28275","cap":5483,"type":"지진옥외대피장소","src":"safekorea","asof":"2026-05-07"}},{"type":"Feature","geometry":{"type":"Point","coordinates":[126.60338,37.53171]},"properties":{"name":"청라1호근린공원","addr":null,"sgg":"28275","cap":8485,"type":"지진옥외대피장소","src":"safekorea","asof":"2026-05-07"}},{"type":"Feature","geometry":{"type":"Point","coordinates":[126.6607,37.53668]},"properties":{"name":"청라고등학교 운동장","addr":"인천광역시 서구 담지로86번길 16-14","sgg":"28275","cap":3679,"type":"지진옥외대피장소","src":"safekorea","asof":"2026-05-07"}},{"type":"Feature","geometry":{"type":"Point","coordinates":[126.65385,37.53724]},"properties":{"name":"청라중학교 운동장","addr":"인천광역시 서구 청라라임로 112","sgg":"28275","cap":2342,"type":"지진옥외대피장소","src":"safekorea","asof":"2026-05-05"}},{"type":"Feature","geometry":{"type":"Point","coordinates":[126.65604,37.53731]},"properties":{"name":"청라초등학교 운동장","addr":"인천광역시 서구 청라에메랄드로 139","sgg":"28275","cap":1940,"type":"지진옥외대피장소","src":"safekorea","asof":"2026-05-08"}},{"type":"Feature","geometry":{"type":"Point","coordinates":[126.64377,37.53821]},"properties":{"name":"청람중학교 운동장","addr":"인천광역시 서구 청라커낼로 335","sgg":"28275","cap":2622,"type":"지진옥외대피장소","src":"safekorea","asof":"2026-05-07"}},{"type":"Feature","geometry":{"type":"Point","coordinates":[126.64495,37.53823]},"properties":{"name":"청람초등학교 운동장","addr":"인천광역시 서구 청라커낼로 336","sgg":"28275","cap":2308,"type":"지진옥외대피장소","src":"safekorea","asof":"2026-05-06"}},{"type":"Feature","geometry":{"type":"Point","coordinates":[126.63707,37.52881]},"properties":{"name":"청일초등학교 운동장","addr":"인천광역시 서구 크리스탈로 46","sgg":"28275","cap":1914,"type":"지진옥외대피장소","src":"safekorea","asof":"2026-05-08"}},{"type":"Feature","geometry":{"type":"Point","coordinates":[126.65694,37.52871]},"properties":{"name":"초은고등학교 운동장","addr":"인천광역시 서구 청라에메랄드로 42","sgg":"28275","cap":3159,"type":"지진옥외대피장소","src":"safekorea","asof":"2026-05-07"}},{"type":"Feature","geometry":{"type":"Point","coordinates":[126.65391,37.52777]},"properties":{"name":"초은중학교 운동장","addr":"인천광역시 서구 청라라임로 10","sgg":"28275","cap":2498,"type":"지진옥외대피장소","src":"safekorea","asof":"2026-05-06"}},{"type":"Feature","geometry":{"type":"Point","coordinates":[126.65588,37.52774]},"properties":{"name":"초은초등학교 운동장","addr":"인천광역시 서구 청라에메랄드로 33","sgg":"28275","cap":2410,"type":"지진옥외대피장소","src":"safekorea","asof":"2026-05-07"}},{"type":"Feature","geometry":{"type":"Point","coordinates":[126.62737,37.52773]},"properties":{"name":"해원고등학교 운동장","addr":"인천광역시 서구 청라사파이어로140번길 25","sgg":"28275","cap":2260,"type":"지진옥외대피장소","src":"safekorea","asof":"2026-05-04"}},{"type":"Feature","geometry":{"type":"Point","coordinates":[126.6278,37.52669]},"properties":{"name":"해원중학교 운동장","addr":"인천광역시 서구 청라한내로 21","sgg":"28275","cap":2479,"type":"지진옥외대피장소","src":"safekorea","asof":"2026-05-07"}},{"type":"Feature","geometry":{"type":"Point","coordinates":[126.62573,37.52732]},"properties":{"name":"해원초등학교 운동장","addr":"인천광역시 서구 청라사파이어로140번길 5","sgg":"28275","cap":2120,"type":"지진옥외대피장소","src":"safekorea","asof":"2026-05-07"}},{"type":"Feature","geometry":{"type":"Point","coordinates":[126.67426,37.57914]},"properties":{"name":"백석중학교 운동장","addr":"백석중학교","sgg":"28290","cap":3207,"type":"지진옥외대피장소","src":"safekorea","asof":"2026-05-07"}},{"type":"Feature","geometry":{"type":"Point","coordinates":[126.66406,37.60343]},"properties":{"name":"검단2지구2호근린공원","addr":"인천광역시 서구 완정로156번안길 35  (마전동)","sgg":"28290","cap":10520,"type":"지진옥외대피장소","src":"safekorea","asof":"2026-05-08"}},{"type":"Feature","geometry":{"type":"Point","coordinates":[126.66513,37.604]},"properties":{"name":"검단고등학교 운동장","addr":"인천광역시 서구 검단로540번길 7","sgg":"28290","cap":2780,"type":"지진옥외대피장소","src":"safekorea","asof":"2026-05-11"}},{"type":"Feature","geometry":{"type":"Point","coordinates":[126.657,37.60363]},"properties":{"name":"검단중학교 운동장","addr":"인천광역시 서구 완정로188번길 12","sgg":"28290","cap":3092,"type":"지진옥외대피장소","src":"safekorea","asof":"2026-05-06"}},{"type":"Feature","geometry":{"type":"Point","coordinates":[126.66965,37.61055]},"properties":{"name":"검단초등학교 운동장","addr":null,"sgg":"28290","cap":2079,"type":"지진옥외대피장소","src":"safekorea","asof":"2026-05-08"}},{"type":"Feature","geometry":{"type":"Point","coordinates":[126.66692,37.60114]},"properties":{"name":"능내근린공원","addr":"인천광역시 서구 검단로540번길 41","sgg":"28290","cap":65622,"type":"지진옥외대피장소","src":"safekorea","asof":"2026-05-08"}},{"type":"Feature","geometry":{"type":"Point","coordinates":[126.66646,37.60278]},"properties":{"name":"능내초등학교 운동장","addr":"인천광역시 서구 검단로540번길 23","sgg":"28290","cap":2649,"type":"지진옥외대피장소","src":"safekorea","asof":"2026-05-07"}},{"type":"Feature","geometry":{"type":"Point","coordinates":[126.65745,37.60513]},"properties":{"name":"마전제1호공원","addr":null,"sgg":"28290","cap":3898,"type":"지진옥외대피장소","src":"safekorea","asof":"2026-05-08"}},{"type":"Feature","geometry":{"type":"Point","coordinates":[126.66536,37.59829]},"properties":{"name":"마전중학교 운동장","addr":"인천광역시 서구 완정로 91","sgg":"28290","cap":2749,"type":"지진옥외대피장소","src":"safekorea","asof":"2026-05-06"}},{"type":"Feature","geometry":{"type":"Point","coordinates":[126.6712,37.59736]},"properties":{"name":"마전초등학교 운동장","addr":"인천광역시 서구 완정로34번길 23","sgg":"28290","cap":2601,"type":"지진옥외대피장소","src":"safekorea","asof":"2026-05-08"}},{"type":"Feature","geometry":{"type":"Point","coordinates":[126.7149,37.58426]},"properties":{"name":"가람풍경공원","addr":null,"sgg":"28290","cap":3530,"type":"지진옥외대피장소","src":"safekorea","asof":"2026-05-08"}},{"type":"Feature","geometry":{"type":"Point","coordinates":[126.6738,37.59155]},"properties":{"name":"당하제1호공원","addr":"인천광역시 서구 청마로167번길 23","sgg":"28290","cap":24284,"type":"지진옥외대피장소","src":"safekorea","asof":"2026-05-08"}},{"type":"Feature","geometry":{"type":"Point","coordinates":[126.66995,37.59058]},"properties":{"name":"당하중학교 운동장","addr":"인천광역시 서구 청마로 38","sgg":"28290","cap":2325,"type":"지진옥외대피장소","src":"safekorea","asof":"2026-05-06"}},{"type":"Feature","geometry":{"type":"Point","coordinates":[126.6787,37.59095]},"properties":{"name":"당하지구3호어린이공원","addr":"인천광역시 서구 청마로148번길 15  (당하동)","sgg":"28290","cap":1819,"type":"지진옥외대피장소","src":"safekorea","asof":"2026-05-08"}},{"type":"Feature","geometry":{"type":"Point","coordinates":[126.67791,37.5897]},"properties":{"name":"당하초등학교 운동장","addr":"인천광역시 서구 청마로 144","sgg":"28290","cap":3404,"type":"지진옥외대피장소","src":"safekorea","asof":"2026-05-07"}},{"type":"Feature","geometry":{"type":"Point","coordinates":[126.7014,37.59063]},"properties":{"name":"맑은물빛공원","addr":null,"sgg":"28290","cap":39621,"type":"지진옥외대피장소","src":"safekorea","asof":"2026-05-08"}},{"type":"Feature","geometry":{"type":"Point","coordinates":[126.69918,37.59033]},"properties":{"name":"발산초등학교 운동장","addr":null,"sgg":"28290","cap":2055,"type":"지진옥외대피장소","src":"safekorea","asof":"2026-05-07"}},{"type":"Feature","geometry":{"type":"Point","coordinates":[126.67185,37.5893]},"properties":{"name":"백석초등학교 운동장","addr":"백석초등학교","sgg":"28290","cap":2573,"type":"지진옥외대피장소","src":"safekorea","asof":"2026-05-08"}},{"type":"Feature","geometry":{"type":"Point","coordinates":[126.71747,37.58183]},"properties":{"name":"새별공원","addr":null,"sgg":"28290","cap":42016,"type":"지진옥외대피장소","src":"safekorea","asof":"2026-05-08"}},{"type":"Feature","geometry":{"type":"Point","coordinates":[126.70462,37.58556]},"properties":{"name":"아라노을공원","addr":null,"sgg":"28290","cap":58431,"type":"지진옥외대피장소","src":"safekorea","asof":"2026-05-08"}},{"type":"Feature","geometry":{"type":"Point","coordinates":[126.7115,37.5881]},"properties":{"name":"아라센트럴파크","addr":null,"sgg":"28290","cap":67503,"type":"지진옥외대피장소","src":"safekorea","asof":"2026-05-08"}},{"type":"Feature","geometry":{"type":"Point","coordinates":[126.69168,37.59228]},"properties":{"name":"원당초등학교 운동장","addr":"인천광역시 서구 원당대로820번길 16","sgg":"28290","cap":2106,"type":"지진옥외대피장소","src":"safekorea","asof":"2026-05-04"}},{"type":"Feature","geometry":{"type":"Point","coordinates":[126.70848,37.58457]},"properties":{"name":"해든공원","addr":null,"sgg":"28290","cap":10002,"type":"지진옥외대피장소","src":"safekorea","asof":"2026-05-08"}},{"type":"Feature","geometry":{"type":"Point","coordinates":[126.71102,37.59891]},"properties":{"name":"도담공원","addr":null,"sgg":"28290","cap":29090,"type":"지진옥외대피장소","src":"safekorea","asof":"2026-05-08"}},{"type":"Feature","geometry":{"type":"Point","coordinates":[126.71751,37.58756]},"properties":{"name":"동글동글나이테공원","addr":null,"sgg":"28290","cap":2767,"type":"지진옥외대피장소","src":"safekorea","asof":"2026-05-11"}},{"type":"Feature","geometry":{"type":"Point","coordinates":[126.71947,37.59215]},"properties":{"name":"바래미공원","addr":null,"sgg":"28290","cap":4598,"type":"지진옥외대피장소","src":"safekorea","asof":"2026-05-08"}},{"type":"Feature","geometry":{"type":"Point","coordinates":[126.71503,37.60258]},"properties":{"name":"아랫목어린이공원","addr":null,"sgg":"28290","cap":2618,"type":"지진옥외대피장소","src":"safekorea","asof":"2026-05-08"}},{"type":"Feature","geometry":{"type":"Point","coordinates":[126.70637,37.59664]},"properties":{"name":"웃목어린이공원","addr":null,"sgg":"28290","cap":5695,"type":"지진옥외대피장소","src":"safekorea","asof":"2026-05-08"}},{"type":"Feature","geometry":{"type":"Point","coordinates":[126.70459,37.59672]},"properties":{"name":"원당고등학교 운동장","addr":"인천광역시 서구 고산로40번길 30","sgg":"28290","cap":2975,"type":"지진옥외대피장소","src":"safekorea","asof":"2026-05-06"}},{"type":"Feature","geometry":{"type":"Point","coordinates":[126.70381,37.59629]},"properties":{"name":"원당중학교 운동장","addr":"인천광역시 서구 고산로40번길 22","sgg":"28290","cap":3283,"type":"지진옥외대피장소","src":"safekorea","asof":"2026-05-08"}},{"type":"Feature","geometry":{"type":"Point","coordinates":[126.71625,37.59177]},"properties":{"name":"재미한창공원","addr":null,"sgg":"28290","cap":2138,"type":"지진옥외대피장소","src":"safekorea","asof":"2026-05-08"}},{"type":"Feature","geometry":{"type":"Point","coordinates":[126.69869,37.59864]},"properties":{"name":"창신초등학교 운동장","addr":null,"sgg":"28290","cap":2376,"type":"지진옥외대피장소","src":"safekorea","asof":"2026-05-08"}},{"type":"Feature","geometry":{"type":"Point","coordinates":[126.65083,37.60512]},"properties":{"name":"금곡초등학교 운동장","addr":"금곡초등학교","sgg":"28290","cap":3984,"type":"지진옥외대피장소","src":"safekorea","asof":"2026-05-11"}},{"type":"Feature","geometry":{"type":"Point","coordinates":[126.63888,37.5981]},"properties":{"name":"단봉초등학교 운동장","addr":"단봉초등학교","sgg":"28290","cap":4064,"type":"지진옥외대피장소","src":"safekorea","asof":"2026-05-11"}},{"type":"Feature","geometry":{"type":"Point","coordinates":[126.63333,37.59546]},"properties":{"name":"대촌공원","addr":null,"sgg":"28290","cap":13175,"type":"지진옥외대피장소","src":"safekorea","asof":"2026-05-08"}},{"type":"Feature","geometry":{"type":"Point","coordinates":[126.65149,37.60054]},"properties":{"name":"왕길근린공원","addr":"왕길근린공원","sgg":"28290","cap":9915,"type":"지진옥외대피장소","src":"safekorea","asof":"2026-05-08"}},{"type":"Feature","geometry":{"type":"Point","coordinates":[126.6509,37.60146]},"properties":{"name":"왕길초등학교 운동장","addr":"인천광역시 서구 봉수대로1440번길 20","sgg":"28290","cap":2783,"type":"지진옥외대피장소","src":"safekorea","asof":"2026-05-11"}},{"type":"Feature","geometry":{"type":"Point","coordinates":[126.65431,37.60144]},"properties":{"name":"종다리공원","addr":"인천광역시 서구 검단로 449  (왕길동)","sgg":"28290","cap":2501,"type":"지진옥외대피장소","src":"safekorea","asof":"2026-05-08"}},{"type":"Feature","geometry":{"type":"Point","coordinates":[126.69501,37.61604]},"properties":{"name":"목향초등학교 운동장","addr":"인천광역시 서구 고산후로 377","sgg":"28290","cap":3080,"type":"지진옥외대피장소","src":"safekorea","asof":"2026-05-05"}},{"type":"Feature","geometry":{"type":"Point","coordinates":[126.69615,37.61532]},"properties":{"name":"불로중학교 운동장","addr":"불로중학교","sgg":"28290","cap":2877,"type":"지진옥외대피장소","src":"safekorea","asof":"2026-05-06"}},{"type":"Feature","geometry":{"type":"Point","coordinates":[126.68214,37.61418]},"properties":{"name":"불로지구1호어린이공원","addr":null,"sgg":"28290","cap":2121,"type":"지진옥외대피장소","src":"safekorea","asof":"2026-05-08"}},{"type":"Feature","geometry":{"type":"Point","coordinates":[126.68413,37.61374]},"properties":{"name":"불로지구2호어린이공원","addr":null,"sgg":"28290","cap":1454,"type":"지진옥외대피장소","src":"safekorea","asof":"2026-05-08"}},{"type":"Feature","geometry":{"type":"Point","coordinates":[126.68533,37.61209]},"properties":{"name":"불로지구3호어린이공원","addr":null,"sgg":"28290","cap":1272,"type":"지진옥외대피장소","src":"safekorea","asof":"2026-05-08"}},{"type":"Feature","geometry":{"type":"Point","coordinates":[126.68577,37.6105]},"properties":{"name":"불로지구4호어린이공원","addr":"인천광역시 서구 검단로744번3길 14  (불로동)","sgg":"28290","cap":2280,"type":"지진옥외대피장소","src":"safekorea","asof":"2026-05-08"}},{"type":"Feature","geometry":{"type":"Point","coordinates":[126.68909,37.61294]},"properties":{"name":"불로지구5호어린이공원","addr":"인천광역시 서구 검단로768번길 43","sgg":"28290","cap":3151,"type":"지진옥외대피장소","src":"safekorea","asof":"2026-05-08"}},{"type":"Feature","geometry":{"type":"Point","coordinates":[126.68083,37.61656]},"properties":{"name":"불로지구6호어린이공원","addr":null,"sgg":"28290","cap":3770,"type":"지진옥외대피장소","src":"safekorea","asof":"2026-05-08"}},{"type":"Feature","geometry":{"type":"Point","coordinates":[126.6886,37.6144]},"properties":{"name":"불로초등학교 운동장","addr":"불로초등학교","sgg":"28290","cap":3590,"type":"지진옥외대피장소","src":"safekorea","asof":"2026-05-06"}},{"type":"Feature","geometry":{"type":"Point","coordinates":[126.48388,37.74323]},"properties":{"name":"합일초등학교운동장","addr":null,"sgg":"28710","cap":9333,"type":"지진옥외대피장소","src":"safekorea","asof":"2026-04-22"}},{"type":"Feature","geometry":{"type":"Point","coordinates":[126.48039,37.75324]},"properties":{"name":"강화여자고등학교운동장","addr":null,"sgg":"28710","cap":9333,"type":"지진옥외대피장소","src":"safekorea","asof":"2026-04-22"}},{"type":"Feature","geometry":{"type":"Point","coordinates":[126.48735,37.74938]},"properties":{"name":"강화초등학교운동장","addr":null,"sgg":"28710","cap":9758,"type":"지진옥외대피장소","src":"safekorea","asof":"2026-04-22"}},{"type":"Feature","geometry":{"type":"Point","coordinates":[126.47399,37.74708]},"properties":{"name":"강화고등학교운동장","addr":null,"sgg":"28710","cap":10352,"type":"지진옥외대피장소","src":"safekorea","asof":"2026-04-22"}},{"type":"Feature","geometry":{"type":"Point","coordinates":[126.47471,37.74585]},"properties":{"name":"강화공설운동장","addr":null,"sgg":"28710","cap":12091,"type":"지진옥외대피장소","src":"safekorea","asof":"2026-04-22"}},{"type":"Feature","geometry":{"type":"Point","coordinates":[126.47408,37.7446]},"properties":{"name":"덕신고등학교운동장","addr":null,"sgg":"28710","cap":6788,"type":"지진옥외대피장소","src":"safekorea","asof":"2026-04-22"}},{"type":"Feature","geometry":{"type":"Point","coordinates":[126.50401,37.74313]},"properties":{"name":"갑룡초등학교운동장","addr":null,"sgg":"28710","cap":9333,"type":"지진옥외대피장소","src":"safekorea","asof":"2026-04-22"}},{"type":"Feature","geometry":{"type":"Point","coordinates":[126.49111,37.74979]},"properties":{"name":"강화중학교운동장","addr":null,"sgg":"28710","cap":10182,"type":"지진옥외대피장소","src":"safekorea","asof":"2026-04-22"}},{"type":"Feature","geometry":{"type":"Point","coordinates":[126.48006,37.71447]},"properties":{"name":"선원초등학교운동장","addr":null,"sgg":"28710","cap":7053,"type":"지진옥외대피장소","src":"safekorea","asof":"2026-04-22"}},{"type":"Feature","geometry":{"type":"Point","coordinates":[126.48735,37.6826]},"properties":{"name":"불은초등학교운동장","addr":null,"sgg":"28710","cap":1112,"type":"지진옥외대피장소","src":"safekorea","asof":"2026-04-22"}},{"type":"Feature","geometry":{"type":"Point","coordinates":[126.45006,37.70654]},"properties":{"name":"삼성초등학교운동장","addr":null,"sgg":"28710","cap":5754,"type":"지진옥외대피장소","src":"safekorea","asof":"2026-04-22"}},{"type":"Feature","geometry":{"type":"Point","coordinates":[126.48,37.64441]},"properties":{"name":"강남중학교운동장","addr":null,"sgg":"28710","cap":1293,"type":"지진옥외대피장소","src":"safekorea","asof":"2026-04-22"}},{"type":"Feature","geometry":{"type":"Point","coordinates":[126.49025,37.63691]},"properties":{"name":"길상초등학교운동장","addr":null,"sgg":"28710","cap":1106,"type":"지진옥외대피장소","src":"safekorea","asof":"2026-04-22"}},{"type":"Feature","geometry":{"type":"Point","coordinates":[126.49095,37.63913]},"properties":{"name":"온수2리 마을회관 공터","addr":null,"sgg":"28710","cap":183,"type":"지진옥외대피장소","src":"safekorea","asof":"2026-04-22"}},{"type":"Feature","geometry":{"type":"Point","coordinates":[126.47103,37.62064]},"properties":{"name":"선두2리 마을회관 공터","addr":null,"sgg":"28710","cap":202,"type":"지진옥외대피장소","src":"safekorea","asof":"2026-04-22"}},{"type":"Feature","geometry":{"type":"Point","coordinates":[126.50685,37.58888]},"properties":{"name":"동검리 마을회관 공터","addr":null,"sgg":"28710","cap":133,"type":"지진옥외대피장소","src":"safekorea","asof":"2026-04-22"}},{"type":"Feature","geometry":{"type":"Point","coordinates":[126.51635,37.6332]},"properties":{"name":"초지1리 마을회관 공터","addr":null,"sgg":"28710","cap":293,"type":"지진옥외대피장소","src":"safekorea","asof":"2026-04-22"}},{"type":"Feature","geometry":{"type":"Point","coordinates":[126.49315,37.65096]},"properties":{"name":"길직2리 마을회관 공터","addr":null,"sgg":"28710","cap":160,"type":"지진옥외대피장소","src":"safekorea","asof":"2026-04-22"}},{"type":"Feature","geometry":{"type":"Point","coordinates":[126.4213,37.6313]},"properties":{"name":"심도중학교운동장","addr":null,"sgg":"28710","cap":13576,"type":"지진옥외대피장소","src":"safekorea","asof":"2026-04-22"}},{"type":"Feature","geometry":{"type":"Point","coordinates":[126.41837,37.63156]},"properties":{"name":"화도초등학교운동장","addr":null,"sgg":"28710","cap":11558,"type":"지진옥외대피장소","src":"safekorea","asof":"2026-04-22"}},{"type":"Feature","geometry":{"type":"Point","coordinates":[126.43524,37.62765]},"properties":{"name":"화이트하우스 수련원 운동장","addr":null,"sgg":"28710","cap":9079,"type":"지진옥외대피장소","src":"safekorea","asof":"2026-04-22"}},{"type":"Feature","geometry":{"type":"Point","coordinates":[126.42328,37.6052]},"properties":{"name":"인천광역시 학생교육원 흥왕체험학습장 운동장","addr":null,"sgg":"28710","cap":7901,"type":"지진옥외대피장소","src":"safekorea","asof":"2026-04-22"}},{"type":"Feature","geometry":{"type":"Point","coordinates":[126.40357,37.61706]},"properties":{"name":"마니산청소년 수련원 운동장","addr":null,"sgg":"28710","cap":4061,"type":"지진옥외대피장소","src":"safekorea","asof":"2026-04-22"}},{"type":"Feature","geometry":{"type":"Point","coordinates":[126.38025,37.62348]},"properties":{"name":"인천광역시교육청학생교육원 운동장","addr":"인천광역시 강화군 화도면 해안남로 2463","sgg":"28710","cap":9329,"type":"지진옥외대피장소","src":"safekorea","asof":"2026-04-22"}},{"type":"Feature","geometry":{"type":"Point","coordinates":[126.37904,37.62241]},"properties":{"name":"장화2리마을회관 공터","addr":null,"sgg":"28710","cap":2915,"type":"지진옥외대피장소","src":"safekorea","asof":"2026-04-22"}},{"type":"Feature","geometry":{"type":"Point","coordinates":[126.42331,37.66197]},"properties":{"name":"동광중학교운동장","addr":null,"sgg":"28710","cap":6451,"type":"지진옥외대피장소","src":"safekorea","asof":"2026-04-22"}},{"type":"Feature","geometry":{"type":"Point","coordinates":[126.4199,37.6884]},"properties":{"name":"양도초등학교 운동장","addr":null,"sgg":"28710","cap":5770,"type":"지진옥외대피장소","src":"safekorea","asof":"2026-04-22"}},{"type":"Feature","geometry":{"type":"Point","coordinates":[126.43776,37.65281]},"properties":{"name":"조산초등학교 운동장","addr":null,"sgg":"28710","cap":3788,"type":"지진옥외대피장소","src":"safekorea","asof":"2026-04-22"}},{"type":"Feature","geometry":{"type":"Point","coordinates":[126.39088,37.72056]},"properties":{"name":"내가초등학교 운동장","addr":null,"sgg":"28710","cap":3818,"type":"지진옥외대피장소","src":"safekorea","asof":"2026-04-22"}},{"type":"Feature","geometry":{"type":"Point","coordinates":[126.39201,37.71217]},"properties":{"name":"한국글로벌셰프고등학교 운동장","addr":null,"sgg":"28710","cap":7976,"type":"지진옥외대피장소","src":"safekorea","asof":"2026-04-22"}},{"type":"Feature","geometry":{"type":"Point","coordinates":[126.41536,37.77353]},"properties":{"name":"하점초등학교 운동장","addr":null,"sgg":"28710","cap":5685,"type":"지진옥외대피장소","src":"safekorea","asof":"2026-04-22"}},{"type":"Feature","geometry":{"type":"Point","coordinates":[126.39226,37.75121]},"properties":{"name":"명신초등학교 운동장","addr":null,"sgg":"28710","cap":2842,"type":"지진옥외대피장소","src":"safekorea","asof":"2026-04-22"}},{"type":"Feature","geometry":{"type":"Point","coordinates":[126.38862,37.77295]},"properties":{"name":"강서중학교 운동장","addr":null,"sgg":"28710","cap":6204,"type":"지진옥외대피장소","src":"safekorea","asof":"2026-04-22"}},{"type":"Feature","geometry":{"type":"Point","coordinates":[126.42475,37.80466]},"properties":{"name":"양사초등학교 운동장","addr":null,"sgg":"28710","cap":5600,"type":"지진옥외대피장소","src":"safekorea","asof":"2026-04-22"}},{"type":"Feature","geometry":{"type":"Point","coordinates":[126.46102,37.76898]},"properties":{"name":"송해초등학교 운동장","addr":null,"sgg":"28710","cap":10642,"type":"지진옥외대피장소","src":"safekorea","asof":"2026-04-22"}},{"type":"Feature","geometry":{"type":"Point","coordinates":[126.28355,37.77786]},"properties":{"name":"교동중고등학교 운동장","addr":null,"sgg":"28710","cap":3748,"type":"지진옥외대피장소","src":"safekorea","asof":"2026-04-22"}},{"type":"Feature","geometry":{"type":"Point","coordinates":[126.28162,37.78383]},"properties":{"name":"교동초등학교 운동장","addr":null,"sgg":"28710","cap":1276,"type":"지진옥외대피장소","src":"safekorea","asof":"2026-04-22"}},{"type":"Feature","geometry":{"type":"Point","coordinates":[126.25675,37.8009]},"properties":{"name":"지석초등학교 운동장","addr":null,"sgg":"28710","cap":11814,"type":"지진옥외대피장소","src":"safekorea","asof":"2026-04-22"}},{"type":"Feature","geometry":{"type":"Point","coordinates":[126.23944,37.77054]},"properties":{"name":"난정평화교육원","addr":null,"sgg":"28710","cap":3004,"type":"지진옥외대피장소","src":"safekorea","asof":"2026-04-22"}},{"type":"Feature","geometry":{"type":"Point","coordinates":[126.32167,37.70355]},"properties":{"name":"삼산초등학교 운동장","addr":null,"sgg":"28710","cap":893,"type":"지진옥외대피장소","src":"safekorea","asof":"2026-04-22"}},{"type":"Feature","geometry":{"type":"Point","coordinates":[126.31849,37.70189]},"properties":{"name":"승영중학교 운동장","addr":null,"sgg":"28710","cap":1400,"type":"지진옥외대피장소","src":"safekorea","asof":"2026-04-22"}},{"type":"Feature","geometry":{"type":"Point","coordinates":[126.36232,37.66837]},"properties":{"name":"해명초등학교 운동장","addr":null,"sgg":"28710","cap":1260,"type":"지진옥외대피장소","src":"safekorea","asof":"2026-04-22"}},{"type":"Feature","geometry":{"type":"Point","coordinates":[126.25186,37.64762]},"properties":{"name":"서도초중고등학교 운동장","addr":null,"sgg":"28710","cap":14570,"type":"지진옥외대피장소","src":"safekorea","asof":"2026-04-22"}},{"type":"Feature","geometry":{"type":"Point","coordinates":[126.43144,37.53352]},"properties":{"name":"시도리운동장","addr":null,"sgg":"28720","cap":8484,"type":"지진옥외대피장소","src":"safekorea","asof":"2025-05-11"}},{"type":"Feature","geometry":{"type":"Point","coordinates":[126.43906,37.51507]},"properties":{"name":"신도바다역","addr":null,"sgg":"28720","cap":6109,"type":"지진옥외대피장소","src":"safekorea","asof":"2025-05-11"}},{"type":"Feature","geometry":{"type":"Point","coordinates":[126.41124,37.53442]},"properties":{"name":"모도리소공원","addr":"인천광역시 옹진군 북도면 모도로50번길 41","sgg":"28720","cap":2715,"type":"지진옥외대피장소","src":"safekorea","asof":"2025-05-11"}},{"type":"Feature","geometry":{"type":"Point","coordinates":[126.32923,37.54175]},"properties":{"name":"건어장","addr":null,"sgg":"28720","cap":1951,"type":"지진옥외대피장소","src":"safekorea","asof":"2025-05-11"}},{"type":"Feature","geometry":{"type":"Point","coordinates":[126.38462,37.53147]},"properties":{"name":"물량장(장봉)","addr":null,"sgg":"28720","cap":1272,"type":"지진옥외대피장소","src":"safekorea","asof":"2025-05-11"}},{"type":"Feature","geometry":{"type":"Point","coordinates":[126.33728,37.53389]},"properties":{"name":"삼목초장봉분교","addr":"교실","sgg":"28720","cap":2545,"type":"지진옥외대피장소","src":"safekorea","asof":"2025-05-11"}},{"type":"Feature","geometry":{"type":"Point","coordinates":[124.6762,37.96428]},"properties":{"name":"백령중고등학교 운동장","addr":"인천광역시 옹진군 백령면 백령로 708","sgg":"28720","cap":7792,"type":"지진옥외대피장소","src":"safekorea","asof":"2025-05-11"}},{"type":"Feature","geometry":{"type":"Point","coordinates":[124.69985,37.93921]},"properties":{"name":"백령종합운동장","addr":null,"sgg":"28720","cap":21575,"type":"지진옥외대피장소","src":"safekorea","asof":"2025-05-11"}},{"type":"Feature","geometry":{"type":"Point","coordinates":[124.71696,37.83202]},"properties":{"name":"답동종합운동장","addr":"인천광역시 옹진군 대청면 대청로 80","sgg":"28720","cap":6109,"type":"지진옥외대피장소","src":"safekorea","asof":"2025-05-11"}},{"type":"Feature","geometry":{"type":"Point","coordinates":[124.69715,37.8323]},"properties":{"name":"대청중고등학교 운동장","addr":"운동장","sgg":"28720","cap":4518,"type":"지진옥외대피장소","src":"safekorea","asof":"2025-05-11"}},{"type":"Feature","geometry":{"type":"Point","coordinates":[124.69945,37.83235]},"properties":{"name":"대청초등학교운동장","addr":"운동장","sgg":"28720","cap":4501,"type":"지진옥외대피장소","src":"safekorea","asof":"2025-05-11"}},{"type":"Feature","geometry":{"type":"Point","coordinates":[124.71011,37.84544]},"properties":{"name":"옥죽포어구적치장","addr":"옥죽포어구적치장","sgg":"28720","cap":7543,"type":"지진옥외대피장소","src":"safekorea","asof":"2025-05-11"}},{"type":"Feature","geometry":{"type":"Point","coordinates":[124.68864,37.81446]},"properties":{"name":"운동장(대청)","addr":"인천광역시 옹진군 대청면 대청남로 522-1","sgg":"28720","cap":1781,"type":"지진옥외대피장소","src":"safekorea","asof":"2025-05-11"}},{"type":"Feature","geometry":{"type":"Point","coordinates":[124.75396,37.77374]},"properties":{"name":"소청분교운동장","addr":"운동장","sgg":"28720","cap":1750,"type":"지진옥외대피장소","src":"safekorea","asof":"2025-05-11"}},{"type":"Feature","geometry":{"type":"Point","coordinates":[126.1188,37.25257]},"properties":{"name":"물량장(덕적)","addr":null,"sgg":"28720","cap":11641,"type":"지진옥외대피장소","src":"safekorea","asof":"2025-05-11"}},{"type":"Feature","geometry":{"type":"Point","coordinates":[126.1029,37.26395]},"properties":{"name":"주차장(덕적)","addr":"인천광역시 옹진군 덕적북로 725  (덕적면, 능동자갈마당주차장)","sgg":"28720","cap":967,"type":"지진옥외대피장소","src":"safekorea","asof":"2025-05-11"}},{"type":"Feature","geometry":{"type":"Point","coordinates":[126.14753,37.22549]},"properties":{"name":"덕적초중고등학교 운동장","addr":"운동장","sgg":"28720","cap":3522,"type":"지진옥외대피장소","src":"safekorea","asof":"2025-05-11"}},{"type":"Feature","geometry":{"type":"Point","coordinates":[126.11815,37.22248]},"properties":{"name":"덕적면종합운동장","addr":"체육시설","sgg":"28720","cap":8043,"type":"지진옥외대피장소","src":"safekorea","asof":"2025-05-11"}},{"type":"Feature","geometry":{"type":"Point","coordinates":[126.48638,37.28145]},"properties":{"name":"십리포주차장1","addr":"십리포주차장","sgg":"28720","cap":3903,"type":"지진옥외대피장소","src":"safekorea","asof":"2025-05-11"}},{"type":"Feature","geometry":{"type":"Point","coordinates":[126.47979,37.26563]},"properties":{"name":"영흥중운동장","addr":"운동장","sgg":"28720","cap":3393,"type":"지진옥외대피장소","src":"safekorea","asof":"2025-05-11"}},{"type":"Feature","geometry":{"type":"Point","coordinates":[126.46765,37.25422]},"properties":{"name":"영흥초운동장","addr":"운동장","sgg":"28720","cap":6109,"type":"지진옥외대피장소","src":"safekorea","asof":"2025-05-11"}},{"type":"Feature","geometry":{"type":"Point","coordinates":[126.30622,37.25329]},"properties":{"name":"자월분교운동장","addr":"운동장","sgg":"28720","cap":3201,"type":"지진옥외대피장소","src":"safekorea","asof":"2025-05-11"}},{"type":"Feature","geometry":{"type":"Point","coordinates":[126.22198,37.18127]},"properties":{"name":"이작2리목섬족구장","addr":"족구장","sgg":"28720","cap":212,"type":"지진옥외대피장소","src":"safekorea","asof":"2025-05-11"}},{"type":"Feature","geometry":{"type":"Point","coordinates":[126.25284,37.17661]},"properties":{"name":"이작분교운동장","addr":"운동장","sgg":"28720","cap":740,"type":"지진옥외대피장소","src":"safekorea","asof":"2025-05-11"}},{"type":"Feature","geometry":{"type":"Point","coordinates":[126.29732,37.17064]},"properties":{"name":"승봉분교운동장","addr":null,"sgg":"28720","cap":1018,"type":"지진옥외대피장소","src":"safekorea","asof":"2025-05-11"}},{"type":"Feature","geometry":{"type":"Point","coordinates":[125.7047,37.66216]},"properties":{"name":"연평종합운동장","addr":"인천광역시 옹진군 연평면 연평로 184","sgg":"28720","cap":24006,"type":"지진옥외대피장소","src":"safekorea","asof":"2025-05-11"}},{"type":"Feature","geometry":{"type":"Point","coordinates":[125.70129,37.66381]},"properties":{"name":"연평초중고등학교 운동장","addr":"인천광역시 옹진군 연평면 연평로137번길 101","sgg":"28720","cap":4664,"type":"지진옥외대피장소","src":"safekorea","asof":"2025-05-11"}},{"type":"Feature","geometry":{"type":"Point","coordinates":[125.70535,37.66339]},"properties":{"name":"연평4호 대피호","addr":"인천광역시 옹진군 연평면 연평로 196","sgg":"28720","cap":65,"type":"지진해일긴급대피장소 (실내구호소)","src":"datago_std_15025449","asof":"2020-07-16"}},{"type":"Feature","geometry":{"type":"Point","coordinates":[125.70204,37.66519]},"properties":{"name":"7호 대피호","addr":"인천광역시 옹진군 연평면 연평중앙로24번길 3(연평면사무소)","sgg":"28720","cap":129,"type":"지진해일긴급대피장소 (실내구호소)","src":"datago_std_15025449","asof":"2020-07-16"}},{"type":"Feature","geometry":{"type":"Point","coordinates":[125.70873,37.61034]},"properties":{"name":"6호 대피호","addr":"인천광역시 옹진군 연평면 소연평로19번길 28","sgg":"28720","cap":89,"type":"지진해일긴급대피장소 (실내구호소)","src":"datago_std_15025449","asof":"2020-07-16"}},{"type":"Feature","geometry":{"type":"Point","coordinates":[125.71064,37.67202]},"properties":{"name":"5호 대피호","addr":"인천광역시 옹진군 연평면 연평로 314-7","sgg":"28720","cap":37,"type":"지진해일긴급대피장소 (실내구호소)","src":"datago_std_15025449","asof":"2020-07-16"}},{"type":"Feature","geometry":{"type":"Point","coordinates":[125.7042,37.66338]},"properties":{"name":"3호 대피호","addr":"인천광역시 옹진군 연평면 연평중앙로6번길 4","sgg":"28720","cap":65,"type":"지진해일긴급대피장소 (실내구호소)","src":"datago_std_15025449","asof":"2020-07-16"}},{"type":"Feature","geometry":{"type":"Point","coordinates":[125.70291,37.66223]},"properties":{"name":"2호 대피호","addr":"인천광역시 옹진군 연평면 연평로165번길 8-1","sgg":"28720","cap":106,"type":"지진해일긴급대피장소 (실내구호소)","src":"datago_std_15025449","asof":"2020-07-16"}},{"type":"Feature","geometry":{"type":"Point","coordinates":[125.7002,37.66301]},"properties":{"name":"1호 대피호","addr":"인천광역시 옹진군 연평면 연평로137번길 77-11","sgg":"28720","cap":256,"type":"지진해일긴급대피장소 (실내구호소)","src":"datago_std_15025449","asof":"2020-07-16"}},{"type":"Feature","geometry":{"type":"Point","coordinates":[126.30715,37.25406]},"properties":{"name":"자월리 복지회관","addr":"인천광역시 옹진군 자월면 자월서로 164(자월면사무소)","sgg":"28720","cap":203,"type":"지진해일긴급대피장소 (실내구호소)","src":"datago_std_15025449","asof":"2020-07-16"}},{"type":"Feature","geometry":{"type":"Point","coordinates":[126.30461,37.25467]},"properties":{"name":"자월1리 다목적회관","addr":"인천광역시 옹진군 자월면 자월서로186번길 26","sgg":"28720","cap":70,"type":"지진해일긴급대피장소 (실내구호소)","src":"datago_std_15025449","asof":"2020-07-16"}},{"type":"Feature","geometry":{"type":"Point","coordinates":[126.25364,37.17652]},"properties":{"name":"이작1리마을회관","addr":"인천광역시 옹진군 자월면 대이작로70번길 3-8","sgg":"28720","cap":66,"type":"지진해일긴급대피장소 (실내구호소)","src":"datago_std_15025449","asof":"2020-07-16"}},{"type":"Feature","geometry":{"type":"Point","coordinates":[126.30715,37.25406]},"properties":{"name":"자월면사무소","addr":"인천광역시 옹진군 자월면 자월서로 164(자월면사무소)","sgg":"28720","cap":91,"type":"지진해일긴급대피장소 (실내구호소)","src":"datago_std_15025449","asof":"2020-07-16"}},{"type":"Feature","geometry":{"type":"Point","coordinates":[126.29318,37.25798]},"properties":{"name":"자월3리경로당","addr":"인천광역시 옹진군 자월면 자월서로 351-3","sgg":"28720","cap":39,"type":"지진해일긴급대피장소 (실내구호소)","src":"datago_std_15025449","asof":"2020-07-16"}},{"type":"Feature","geometry":{"type":"Point","coordinates":[126.32304,37.2483]},"properties":{"name":"자월2리 경로당","addr":"인천광역시 옹진군 자월면 자월동로104번길 75-1","sgg":"28720","cap":89,"type":"지진해일긴급대피장소 (실내구호소)","src":"datago_std_15025449","asof":"2020-07-16"}},{"type":"Feature","geometry":{"type":"Point","coordinates":[126.74248,37.52005]},"properties":{"name":"상상공원(삼산2-2공원)","addr":"인천광역시 부평구 삼산동 388-37","sgg":"28237","cap":913,"type":"지진해일긴급대피장소 (옥외대피소)","src":"datago_std_15025449","asof":"2020-02-20"}},{"type":"Feature","geometry":{"type":"Point","coordinates":[126.73612,37.52104]},"properties":{"name":"사랑샘공원","addr":"인천광역시 부평구 삼산동 496","sgg":"28237","cap":2464,"type":"지진해일긴급대피장소 (옥외대피소)","src":"datago_std_15025449","asof":"2020-02-20"}},{"type":"Feature","geometry":{"type":"Point","coordinates":[126.74911,37.51573]},"properties":{"name":"부들공원","addr":"인천광역시 부평구 삼산동 541","sgg":"28237","cap":7393,"type":"지진해일긴급대피장소 (옥외대피소)","src":"datago_std_15025449","asof":"2020-02-20"}},{"type":"Feature","geometry":{"type":"Point","coordinates":[126.73982,37.51326]},"properties":{"name":"박물관공원","addr":"인천광역시 부평구 삼산동 481","sgg":"28237","cap":918,"type":"지진해일긴급대피장소 (옥외대피소)","src":"datago_std_15025449","asof":"2020-02-20"}},{"type":"Feature","geometry":{"type":"Point","coordinates":[126.72086,37.49342]},"properties":{"name":"서부동공원","addr":"인천광역시 부평구 경원대로1367번길 48(부평동)","sgg":"28237","cap":2690,"type":"지진해일긴급대피장소 (옥외대피소)","src":"datago_std_15025449","asof":"2020-02-20"}},{"type":"Feature","geometry":{"type":"Point","coordinates":[126.74217,37.50948]},"properties":{"name":"동심공원(삼산1-4공원)","addr":"인천광역시 부평구 삼산동 456-11","sgg":"28237","cap":1921,"type":"지진해일긴급대피장소 (옥외대피소)","src":"datago_std_15025449","asof":"2020-02-20"}},{"type":"Feature","geometry":{"type":"Point","coordinates":[126.74596,37.52059]},"properties":{"name":"도드리공원(삼산2-5공원)","addr":"인천광역시 부평구 삼산동 391-4","sgg":"28237","cap":1963,"type":"지진해일긴급대피장소 (옥외대피소)","src":"datago_std_15025449","asof":"2020-02-20"}},{"type":"Feature","geometry":{"type":"Point","coordinates":[126.74577,37.51902]},"properties":{"name":"나래공원(삼산2-7공원)","addr":"인천광역시 부평구 삼산동 393-3","sgg":"28237","cap":5535,"type":"지진해일긴급대피장소 (옥외대피소)","src":"datago_std_15025449","asof":"2020-02-20"}},{"type":"Feature","geometry":{"type":"Point","coordinates":[126.74983,37.51949]},"properties":{"name":"교통공원","addr":"인천광역시 부평구 삼산동 517","sgg":"28237","cap":14592,"type":"지진해일긴급대피장소 (옥외대피소)","src":"datago_std_15025449","asof":"2020-02-20"}},{"type":"Feature","geometry":{"type":"Point","coordinates":[126.74945,37.51738]},"properties":{"name":"건강공원","addr":"인천광역시 부평구 삼산동 518","sgg":"28237","cap":9847,"type":"지진해일긴급대피장소 (옥외대피소)","src":"datago_std_15025449","asof":"2020-02-20"}},{"type":"Feature","geometry":{"type":"Point","coordinates":[126.74317,37.52117]},"properties":{"name":"가족공원(삼산2-4공원)","addr":"인천광역시 부평구 삼산동 389-7","sgg":"28237","cap":973,"type":"지진해일긴급대피장소 (옥외대피소)","src":"datago_std_15025449","asof":"2020-02-20"}},{"type":"Feature","geometry":{"type":"Point","coordinates":[126.72679,37.51253]},"properties":{"name":"부평공업고등학교 운동장","addr":"인천광역시 부평구 주부토로 194(갈산동)","sgg":"28237","cap":3273,"type":"지진해일긴급대피장소 (옥외대피소)","src":"datago_std_15025449","asof":"2020-02-20"}},{"type":"Feature","geometry":{"type":"Point","coordinates":[126.72521,37.51018]},"properties":{"name":"갈월초등학교 운동장","addr":"인천광역시 부평구 주부토로 165(갈산동)","sgg":"28237","cap":3709,"type":"지진해일긴급대피장소 (옥외대피소)","src":"datago_std_15025449","asof":"2020-02-20"}},{"type":"Feature","geometry":{"type":"Point","coordinates":[126.72834,37.51255]},"properties":{"name":"갈산초등학교 운동장","addr":"인천광역시 부평구 갈월동로 55(갈산동)","sgg":"28237","cap":3273,"type":"지진해일긴급대피장소 (옥외대피소)","src":"datago_std_15025449","asof":"2020-02-20"}},{"type":"Feature","geometry":{"type":"Point","coordinates":[126.72361,37.508]},"properties":{"name":"쉼터공원(갈산6공원)","addr":"인천광역시 부평구 갈산동 380","sgg":"28237","cap":956,"type":"지진해일긴급대피장소 (옥외대피소)","src":"datago_std_15025449","asof":"2020-02-20"}},{"type":"Feature","geometry":{"type":"Point","coordinates":[126.72933,37.51337]},"properties":{"name":"새갈공원(갈산2공원)","addr":"인천광역시 부평구 갈산동 359-1","sgg":"28237","cap":1704,"type":"지진해일긴급대피장소 (옥외대피소)","src":"datago_std_15025449","asof":"2020-02-20"}},{"type":"Feature","geometry":{"type":"Point","coordinates":[126.7254,37.51414]},"properties":{"name":"상꾸지공원(갈산1공원)","addr":"인천광역시 부평구 갈산동 361-2","sgg":"28237","cap":2282,"type":"지진해일긴급대피장소 (옥외대피소)","src":"datago_std_15025449","asof":"2020-02-20"}},{"type":"Feature","geometry":{"type":"Point","coordinates":[126.72434,37.50861]},"properties":{"name":"사근공원","addr":"인천광역시 부평구 갈산동 376","sgg":"28237","cap":9645,"type":"지진해일긴급대피장소 (옥외대피소)","src":"datago_std_15025449","asof":"2020-02-20"}},{"type":"Feature","geometry":{"type":"Point","coordinates":[126.72972,37.51002]},"properties":{"name":"반월공원(갈산5공원)","addr":"인천광역시 부평구 갈산동 369-1","sgg":"28237","cap":1231,"type":"지진해일긴급대피장소 (옥외대피소)","src":"datago_std_15025449","asof":"2020-02-20"}},{"type":"Feature","geometry":{"type":"Point","coordinates":[126.74083,37.49665]},"properties":{"name":"부평동중학교 운동장","addr":"인천광역시 부평구 수변로107번길 4(부개동)","sgg":"28237","cap":6254,"type":"지진해일긴급대피장소 (옥외대피소)","src":"datago_std_15025449","asof":"2020-02-20"}},{"type":"Feature","geometry":{"type":"Point","coordinates":[126.72701,37.50822]},"properties":{"name":"마당공원(갈산7공원)","addr":"인천광역시 부평구 갈산동 389","sgg":"28237","cap":1081,"type":"지진해일긴급대피장소 (옥외대피소)","src":"datago_std_15025449","asof":"2020-02-20"}},{"type":"Feature","geometry":{"type":"Point","coordinates":[126.72203,37.50936]},"properties":{"name":"대월공원(갈산4공원)","addr":"인천광역시 부평구 갈산동 362-3","sgg":"28237","cap":4681,"type":"지진해일긴급대피장소 (옥외대피소)","src":"datago_std_15025449","asof":"2020-02-20"}},{"type":"Feature","geometry":{"type":"Point","coordinates":[126.73049,37.50761]},"properties":{"name":"대갈공원(갈산8공원)","addr":"인천광역시 부평구 갈산동 398","sgg":"28237","cap":1281,"type":"지진해일긴급대피장소 (옥외대피소)","src":"datago_std_15025449","asof":"2020-02-20"}},{"type":"Feature","geometry":{"type":"Point","coordinates":[126.72437,37.50922]},"properties":{"name":"굴포공원","addr":"인천광역시 부평구 갈산동 373-1","sgg":"28237","cap":12442,"type":"지진해일긴급대피장소 (옥외대피소)","src":"datago_std_15025449","asof":"2020-02-20"}},{"type":"Feature","geometry":{"type":"Point","coordinates":[126.72247,37.51454]},"properties":{"name":"갈월공원(갈산9공원)","addr":"인천광역시 부평구 갈산동 180-7","sgg":"28237","cap":889,"type":"지진해일긴급대피장소 (옥외대피소)","src":"datago_std_15025449","asof":"2020-02-20"}},{"type":"Feature","geometry":{"type":"Point","coordinates":[126.72453,37.5189]},"properties":{"name":"갈산근린공원","addr":"인천광역시 부평구 갈산동 166-1","sgg":"28237","cap":1565,"type":"지진해일긴급대피장소 (옥외대피소)","src":"datago_std_15025449","asof":"2020-02-20"}},{"type":"Feature","geometry":{"type":"Point","coordinates":[126.74298,37.52349]},"properties":{"name":"후정공원","addr":"인천광역시 부평구 삼산동 386","sgg":"28237","cap":13816,"type":"지진해일긴급대피장소 (옥외대피소)","src":"datago_std_15025449","asof":"2020-02-20"}},{"type":"Feature","geometry":{"type":"Point","coordinates":[126.73319,37.51621]},"properties":{"name":"햇살공원(삼산1-1공원)","addr":"인천광역시 부평구 삼산동 427-6","sgg":"28237","cap":2023,"type":"지진해일긴급대피장소 (옥외대피소)","src":"datago_std_15025449","asof":"2020-02-20"}},{"type":"Feature","geometry":{"type":"Point","coordinates":[126.74031,37.50946]},"properties":{"name":"진산중학교 운동장","addr":"인천광역시 부평구 충선로234번길 70(삼산동)","sgg":"28237","cap":2545,"type":"지진해일긴급대피장소 (옥외대피소)","src":"datago_std_15025449","asof":"2020-02-20"}},{"type":"Feature","geometry":{"type":"Point","coordinates":[126.74044,37.52163]},"properties":{"name":"영성공원","addr":"인천광역시 부평구 삼산동 388-2","sgg":"28237","cap":6378,"type":"지진해일긴급대피장소 (옥외대피소)","src":"datago_std_15025449","asof":"2020-02-20"}},{"type":"Feature","geometry":{"type":"Point","coordinates":[126.74554,37.51912]},"properties":{"name":"인천한길초등학교 운동장","addr":"인천광역시 부평구 영성중로 32(삼산동)","sgg":"28237","cap":2327,"type":"지진해일긴급대피장소 (옥외대피소)","src":"datago_std_15025449","asof":"2020-02-20"}},{"type":"Feature","geometry":{"type":"Point","coordinates":[126.73654,37.51331]},"properties":{"name":"시냇물공원","addr":"인천광역시 부평구 삼산동 443-1","sgg":"28237","cap":775,"type":"지진해일긴급대피장소 (옥외대피소)","src":"datago_std_15025449","asof":"2020-02-20"}},{"type":"Feature","geometry":{"type":"Point","coordinates":[126.74391,37.51595]},"properties":{"name":"인천영선고등학교 운동장","addr":"인천광역시 부평구 체육관로 179(삼산동)","sgg":"28237","cap":2482,"type":"지진해일긴급대피장소 (옥외대피소)","src":"datago_std_15025449","asof":"2020-02-20"}},{"type":"Feature","geometry":{"type":"Point","coordinates":[126.71715,37.49233]},"properties":{"name":"부원중학교","addr":"인천광역시 부평구 경원대로 1339(부평동)","sgg":"28237","cap":1953,"type":"지진해일긴급대피장소 (실내대피소)","src":"datago_std_15025449","asof":"2020-02-20"}},{"type":"Feature","geometry":{"type":"Point","coordinates":[126.74959,37.47468]},"properties":{"name":"구산어린이공원","addr":"인천광역시 부평구 구산동 126","sgg":"28237","cap":3316,"type":"지진해일긴급대피장소 (옥외대피소)","src":"datago_std_15025449","asof":"2020-02-20"}},{"type":"Feature","geometry":{"type":"Point","coordinates":[126.74239,37.48386]},"properties":{"name":"일신초등학교 운동장","addr":"인천광역시 부평구 항동로75번길 36(일신동)","sgg":"28237","cap":4436,"type":"지진해일긴급대피장소 (옥외대피소)","src":"datago_std_15025449","asof":"2020-02-20"}},{"type":"Feature","geometry":{"type":"Point","coordinates":[126.74232,37.48267]},"properties":{"name":"일신어린이공원(일신1호공원)","addr":"인천광역시 부평구 일신동 411","sgg":"28237","cap":1848,"type":"지진해일긴급대피장소 (옥외대피소)","src":"datago_std_15025449","asof":"2020-02-20"}},{"type":"Feature","geometry":{"type":"Point","coordinates":[126.73873,37.4956]},"properties":{"name":"부평여자중학교 운동장","addr":"인천광역시 부평구 부평문화로 193-1 (부개동)","sgg":"28237","cap":2545,"type":"지진해일긴급대피장소 (옥외대피소)","src":"datago_std_15025449","asof":"2020-02-20"}},{"type":"Feature","geometry":{"type":"Point","coordinates":[126.73829,37.48566]},"properties":{"name":"부개초등학교 운동장","addr":"인천광역시 부평구 마분로 9(부개동)","sgg":"28237","cap":2036,"type":"지진해일긴급대피장소 (옥외대피소)","src":"datago_std_15025449","asof":"2020-02-20"}},{"type":"Feature","geometry":{"type":"Point","coordinates":[126.73518,37.4899]},"properties":{"name":"부개서초등학교 운동장","addr":"인천광역시 부평구 부일로 39(부개동)","sgg":"28237","cap":2109,"type":"지진해일긴급대피장소 (옥외대피소)","src":"datago_std_15025449","asof":"2020-02-20"}},{"type":"Feature","geometry":{"type":"Point","coordinates":[126.74277,37.50297]},"properties":{"name":"청운공원","addr":"인천광역시 부평구 부개동 499-6","sgg":"28237","cap":9447,"type":"지진해일긴급대피장소 (옥외대피소)","src":"datago_std_15025449","asof":"2020-02-20"}},{"type":"Feature","geometry":{"type":"Point","coordinates":[126.7393,37.50461]},"properties":{"name":"신궁동공원(부개1공원)","addr":"인천광역시 부평구 부개동 496-12","sgg":"28237","cap":1546,"type":"지진해일긴급대피장소 (옥외대피소)","src":"datago_std_15025449","asof":"2020-02-20"}},{"type":"Feature","geometry":{"type":"Point","coordinates":[126.7368,37.49986]},"properties":{"name":"세영공원","addr":"인천광역시 부평구 부개동 500-2","sgg":"28237","cap":6124,"type":"지진해일긴급대피장소 (옥외대피소)","src":"datago_std_15025449","asof":"2020-02-20"}},{"type":"Feature","geometry":{"type":"Point","coordinates":[126.73734,37.49244]},"properties":{"name":"세모공원","addr":"인천광역시 부평구 부개동 511","sgg":"28237","cap":3115,"type":"지진해일긴급대피장소 (옥외대피소)","src":"datago_std_15025449","asof":"2020-02-20"}},{"type":"Feature","geometry":{"type":"Point","coordinates":[126.7406,37.5034]},"properties":{"name":"새울공원(부개3공원)","addr":"인천광역시 부평구 부개동 499-3","sgg":"28237","cap":1091,"type":"지진해일긴급대피장소 (옥외대피소)","src":"datago_std_15025449","asof":"2020-02-20"}},{"type":"Feature","geometry":{"type":"Point","coordinates":[126.7415,37.5012]},"properties":{"name":"인천부일초등학교 운동장","addr":"인천광역시 부평구 부흥북로 175(부개동)","sgg":"28237","cap":1963,"type":"지진해일긴급대피장소 (옥외대피소)","src":"datago_std_15025449","asof":"2020-02-20"}},{"type":"Feature","geometry":{"type":"Point","coordinates":[126.7417,37.49815]},"properties":{"name":"인천부내초등학교 운동장","addr":"인천광역시 부평구 수변로 129(부개동)","sgg":"28237","cap":1890,"type":"지진해일긴급대피장소 (옥외대피소)","src":"datago_std_15025449","asof":"2020-02-20"}},{"type":"Feature","geometry":{"type":"Point","coordinates":[126.73964,37.49036]},"properties":{"name":"부이공원","addr":"인천광역시 부평구 부개동 514","sgg":"28237","cap":3388,"type":"지진해일긴급대피장소 (옥외대피소)","src":"datago_std_15025449","asof":"2020-02-20"}},{"type":"Feature","geometry":{"type":"Point","coordinates":[126.74117,37.50605]},"properties":{"name":"부개공원","addr":"인천광역시 부평구 부개동 497-2","sgg":"28237","cap":6658,"type":"지진해일긴급대피장소 (옥외대피소)","src":"datago_std_15025449","asof":"2020-02-20"}},{"type":"Feature","geometry":{"type":"Point","coordinates":[126.73902,37.49781]},"properties":{"name":"방촌공원","addr":"인천광역시 부평구 부개동 500-7","sgg":"28237","cap":6970,"type":"지진해일긴급대피장소 (옥외대피소)","src":"datago_std_15025449","asof":"2020-02-20"}},{"type":"Feature","geometry":{"type":"Point","coordinates":[126.74057,37.48538]},"properties":{"name":"마분공원(82호공원)","addr":"인천광역시 부평구 부개동 331","sgg":"28237","cap":893,"type":"지진해일긴급대피장소 (옥외대피소)","src":"datago_std_15025449","asof":"2020-02-20"}},{"type":"Feature","geometry":{"type":"Point","coordinates":[126.73697,37.50184]},"properties":{"name":"부광중학교 운동장","addr":"인천광역시 부평구 충선로 140(부개동)","sgg":"28237","cap":3927,"type":"지진해일긴급대피장소 (옥외대피소)","src":"datago_std_15025449","asof":"2020-02-20"}},{"type":"Feature","geometry":{"type":"Point","coordinates":[126.73557,37.50261]},"properties":{"name":"부광여자고등학교 운동장","addr":"인천광역시 부평구 충선로 143(부개동)","sgg":"28237","cap":3054,"type":"지진해일긴급대피장소 (옥외대피소)","src":"datago_std_15025449","asof":"2020-02-20"}},{"type":"Feature","geometry":{"type":"Point","coordinates":[126.7397,37.49728]},"properties":{"name":"대촌공원","addr":"인천광역시 부평구 부개동 502-16","sgg":"28237","cap":7577,"type":"지진해일긴급대피장소 (옥외대피소)","src":"datago_std_15025449","asof":"2020-02-20"}},{"type":"Feature","geometry":{"type":"Point","coordinates":[126.73805,37.49222]},"properties":{"name":"부개고등학교 운동장","addr":"인천광역시 부평구 수변로57번길 36(부개동)","sgg":"28237","cap":2181,"type":"지진해일긴급대피장소 (옥외대피소)","src":"datago_std_15025449","asof":"2020-02-20"}},{"type":"Feature","geometry":{"type":"Point","coordinates":[126.72905,37.5202]},"properties":{"name":"부평북초등학교 운동장","addr":"인천광역시 부평구 주부토로 292(갈산동)","sgg":"28237","cap":2400,"type":"지진해일긴급대피장소 (옥외대피소)","src":"datago_std_15025449","asof":"2020-02-20"}},{"type":"Feature","geometry":{"type":"Point","coordinates":[126.70765,37.5154]},"properties":{"name":"용마초등학교","addr":"인천광역시 부평구 세월천로30번길 58(청천동)","sgg":"28237","cap":720,"type":"지진해일긴급대피장소 (실내대피소)","src":"datago_std_15025449","asof":"2020-02-20"}},{"type":"Feature","geometry":{"type":"Point","coordinates":[126.70039,37.52047]},"properties":{"name":"청천초등학교","addr":"인천광역시 부평구 산청로127번길 12-5 (청천동)","sgg":"28237","cap":79,"type":"지진해일긴급대피장소 (실내대피소)","src":"datago_std_15025449","asof":"2020-02-20"}},{"type":"Feature","geometry":{"type":"Point","coordinates":[126.70981,37.50454]},"properties":{"name":"미산초등학교","addr":"인천광역시 부평구 원적로 391(산곡동)","sgg":"28237","cap":705,"type":"지진해일긴급대피장소 (실내대피소)","src":"datago_std_15025449","asof":"2020-02-20"}},{"type":"Feature","geometry":{"type":"Point","coordinates":[126.70673,37.48674]},"properties":{"name":"신촌초등학교","addr":"인천광역시 부평구 경원대로 1215(십정동)","sgg":"28237","cap":531,"type":"지진해일긴급대피장소 (실내대피소)","src":"datago_std_15025449","asof":"2020-02-20"}},{"type":"Feature","geometry":{"type":"Point","coordinates":[126.70621,37.4969]},"properties":{"name":"산곡남초등학교","addr":"인천광역시 부평구 부흥로144번길 30(산곡동)","sgg":"28237","cap":1988,"type":"지진해일긴급대피장소 (실내대피소)","src":"datago_std_15025449","asof":"2020-02-20"}},{"type":"Feature","geometry":{"type":"Point","coordinates":[126.70307,37.48842]},"properties":{"name":"부광고등학교","addr":"인천광역시 부평구 화랑로 28(산곡동)","sgg":"28237","cap":170,"type":"지진해일긴급대피장소 (실내대피소)","src":"datago_std_15025449","asof":"2020-02-20"}},{"type":"Feature","geometry":{"type":"Point","coordinates":[126.7074,37.50014]},"properties":{"name":"산곡남중학교","addr":"인천광역시 부평구 안남로 187(산곡동)","sgg":"28237","cap":2022,"type":"지진해일긴급대피장소 (실내대피소)","src":"datago_std_15025449","asof":"2020-02-20"}},{"type":"Feature","geometry":{"type":"Point","coordinates":[126.70582,37.50635]},"properties":{"name":"부마초등학교","addr":"인천광역시 부평구 안남로253번길 41(산곡동)","sgg":"28237","cap":430,"type":"지진해일긴급대피장소 (실내대피소)","src":"datago_std_15025449","asof":"2020-02-20"}},{"type":"Feature","geometry":{"type":"Point","coordinates":[126.7071,37.50351]},"properties":{"name":"부곡초등학교","addr":"인천광역시 부평구 마장로272번길 73(산곡동)","sgg":"28237","cap":512,"type":"지진해일긴급대피장소 (실내대피소)","src":"datago_std_15025449","asof":"2020-02-20"}},{"type":"Feature","geometry":{"type":"Point","coordinates":[126.70976,37.50677]},"properties":{"name":"마장초등학교","addr":"인천광역시 부평구 안남로 266(청천동)","sgg":"28237","cap":120,"type":"지진해일긴급대피장소 (실내대피소)","src":"datago_std_15025449","asof":"2020-02-20"}},{"type":"Feature","geometry":{"type":"Point","coordinates":[126.7012,37.50685]},"properties":{"name":"산곡초등학교","addr":"인천광역시 부평구 길주로354번길 39(산곡동)","sgg":"28237","cap":300,"type":"지진해일긴급대피장소 (실내대피소)","src":"datago_std_15025449","asof":"2020-02-20"}},{"type":"Feature","geometry":{"type":"Point","coordinates":[126.69784,37.51206]},"properties":{"name":"마곡초등학교","addr":"인천광역시 부평구 마곡로27번길 16(산곡동)","sgg":"28237","cap":45,"type":"지진해일긴급대피장소 (실내대피소)","src":"datago_std_15025449","asof":"2020-02-20"}},{"type":"Feature","geometry":{"type":"Point","coordinates":[126.7311,37.48439]},"properties":{"name":"동수초등학교","addr":"인천광역시 부평구 동수로120번길 10(부개동)","sgg":"28237","cap":103,"type":"지진해일긴급대피장소 (실내대피소)","src":"datago_std_15025449","asof":"2020-02-20"}},{"type":"Feature","geometry":{"type":"Point","coordinates":[126.73119,37.49625]},"properties":{"name":"부흥초등학교","addr":"인천광역시 부평구 부흥로366번길 34(부평동)","sgg":"28237","cap":259,"type":"지진해일긴급대피장소 (실내대피소)","src":"datago_std_15025449","asof":"2020-02-20"}},{"type":"Feature","geometry":{"type":"Point","coordinates":[126.72935,37.5019]},"properties":{"name":"부평중학교","addr":"인천광역시 부평구 부흥북로57번길 10(부평동)","sgg":"28237","cap":100,"type":"지진해일긴급대피장소 (실내대피소)","src":"datago_std_15025449","asof":"2020-02-20"}},{"type":"Feature","geometry":{"type":"Point","coordinates":[126.72441,37.49952]},"properties":{"name":"부평동초등학교","addr":"인천광역시 부평구 부평대로88번길 19(부평동)","sgg":"28237","cap":200,"type":"지진해일긴급대피장소 (실내대피소)","src":"datago_std_15025449","asof":"2020-02-20"}},{"type":"Feature","geometry":{"type":"Point","coordinates":[126.72762,37.50228]},"properties":{"name":"부평고등학교","addr":"인천광역시 부평구 부흥북로 43(부평동)","sgg":"28237","cap":239,"type":"지진해일긴급대피장소 (실내대피소)","src":"datago_std_15025449","asof":"2020-02-20"}},{"type":"Feature","geometry":{"type":"Point","coordinates":[126.72831,37.5053]},"properties":{"name":"개흥초등학교","addr":"인천광역시 부평구 길주남로65번길 11(부평동)","sgg":"28237","cap":1994,"type":"지진해일긴급대피장소 (실내대피소)","src":"datago_std_15025449","asof":"2020-02-20"}},{"type":"Feature","geometry":{"type":"Point","coordinates":[126.70535,37.48537]},"properties":{"name":"부평서여자중학교","addr":"인천광역시 부평구 경원대로 1213(십정동)","sgg":"28237","cap":281,"type":"지진해일긴급대피장소 (실내대피소)","src":"datago_std_15025449","asof":"2020-02-20"}},{"type":"Feature","geometry":{"type":"Point","coordinates":[126.7202,37.48871]},"properties":{"name":"부평남초등학교","addr":"인천광역시 부평구 경인로911번길 28(부평동)","sgg":"28237","cap":1220,"type":"지진해일긴급대피장소 (실내대피소)","src":"datago_std_15025449","asof":"2020-02-20"}},{"type":"Feature","geometry":{"type":"Point","coordinates":[126.71947,37.48424]},"properties":{"name":"부일여자중학교","addr":"인천광역시 부평구 동수로 8(부평동)","sgg":"28237","cap":531,"type":"지진해일긴급대피장소 (실내대피소)","src":"datago_std_15025449","asof":"2020-02-20"}},{"type":"Feature","geometry":{"type":"Point","coordinates":[126.71951,37.50217]},"properties":{"name":"부원초등학교","addr":"인천광역시 부평구 원적로472번길 29(부평동)","sgg":"28237","cap":3232,"type":"지진해일긴급대피장소 (실내대피소)","src":"datago_std_15025449","asof":"2020-02-20"}},{"type":"Feature","geometry":{"type":"Point","coordinates":[126.70487,37.48005]},"properties":{"name":"백운초등학교","addr":"인천광역시 부평구 아트센터로 130(십정동)","sgg":"28237","cap":2237,"type":"지진해일긴급대피장소 (실내대피소)","src":"datago_std_15025449","asof":"2020-02-20"}},{"type":"Feature","geometry":{"type":"Point","coordinates":[126.70582,37.47416]},"properties":{"name":"동암중학교","addr":"인천광역시 부평구 동암산로43번길 12(십정동)","sgg":"28237","cap":511,"type":"지진해일긴급대피장소 (실내대피소)","src":"datago_std_15025449","asof":"2020-02-20"}},{"type":"Feature","geometry":{"type":"Point","coordinates":[126.69825,37.47427]},"properties":{"name":"십정초등학교","addr":"인천광역시 부평구 배곶북로 10-6 (십정동)","sgg":"28237","cap":77,"type":"지진해일긴급대피장소 (실내대피소)","src":"datago_std_15025449","asof":"2020-02-20"}},{"type":"Feature","geometry":{"type":"Point","coordinates":[126.69904,37.47968]},"properties":{"name":"상정초등학교","addr":"인천광역시 부평구 상정로 50(십정동)","sgg":"28237","cap":61,"type":"지진해일긴급대피장소 (실내대피소)","src":"datago_std_15025449","asof":"2020-02-20"}},{"type":"Feature","geometry":{"type":"Point","coordinates":[126.74239,37.48386]},"properties":{"name":"일신초등학교","addr":"인천광역시 부평구 항동로75번길 36(일신동)","sgg":"28237","cap":2285,"type":"지진해일긴급대피장소 (실내대피소)","src":"datago_std_15025449","asof":"2020-02-20"}},{"type":"Feature","geometry":{"type":"Point","coordinates":[126.7371,37.50292]},"properties":{"name":"부흥중학교","addr":"인천광역시 부평구 충선로 152(부개동)","sgg":"28237","cap":151,"type":"지진해일긴급대피장소 (실내대피소)","src":"datago_std_15025449","asof":"2020-02-20"}},{"type":"Feature","geometry":{"type":"Point","coordinates":[126.73667,37.49907]},"properties":{"name":"부광초등학교","addr":"인천광역시 부평구 충선로 104(부개동)","sgg":"28237","cap":462,"type":"지진해일긴급대피장소 (실내대피소)","src":"datago_std_15025449","asof":"2020-02-20"}},{"type":"Feature","geometry":{"type":"Point","coordinates":[126.73665,37.49122]},"properties":{"name":"부흥고등학교","addr":"인천광역시 부평구 수변로57번길 61(부개동)","sgg":"28237","cap":253,"type":"지진해일긴급대피장소 (실내대피소)","src":"datago_std_15025449","asof":"2020-02-20"}},{"type":"Feature","geometry":{"type":"Point","coordinates":[126.73873,37.4956]},"properties":{"name":"부평여자중학교","addr":"인천광역시 부평구 부평문화로 193-1 (부개동)","sgg":"28237","cap":263,"type":"지진해일긴급대피장소 (실내대피소)","src":"datago_std_15025449","asof":"2020-02-20"}},{"type":"Feature","geometry":{"type":"Point","coordinates":[126.73518,37.4899]},"properties":{"name":"부개서초등학교","addr":"인천광역시 부평구 부일로 39(부개동)","sgg":"28237","cap":2095,"type":"지진해일긴급대피장소 (실내대피소)","src":"datago_std_15025449","asof":"2020-02-20"}},{"type":"Feature","geometry":{"type":"Point","coordinates":[126.73829,37.48566]},"properties":{"name":"부개초등학교","addr":"인천광역시 부평구 마분로 9(부개동)","sgg":"28237","cap":101,"type":"지진해일긴급대피장소 (실내대피소)","src":"datago_std_15025449","asof":"2020-02-20"}},{"type":"Feature","geometry":{"type":"Point","coordinates":[126.73611,37.51667]},"properties":{"name":"삼산중학교","addr":"인천광역시 부평구 충선로 308(삼산동)","sgg":"28237","cap":3216,"type":"지진해일긴급대피장소 (실내대피소)","src":"datago_std_15025449","asof":"2020-02-20"}},{"type":"Feature","geometry":{"type":"Point","coordinates":[126.73698,37.51103]},"properties":{"name":"굴포초등학교","addr":"인천광역시 부평구 충선로234번길 19(삼산동)","sgg":"28237","cap":3255,"type":"지진해일긴급대피장소 (실내대피소)","src":"datago_std_15025449","asof":"2020-02-20"}},{"type":"Feature","geometry":{"type":"Point","coordinates":[126.73754,37.5077]},"properties":{"name":"삼산월드체육관","addr":"인천광역시 부평구 체육관로 60(삼산동)","sgg":"28237","cap":1198,"type":"지진해일긴급대피장소 (실내대피소)","src":"datago_std_15025449","asof":"2020-02-20"}},{"type":"Feature","geometry":{"type":"Point","coordinates":[126.74359,37.52316]},"properties":{"name":"후정초등학교","addr":"인천광역시 부평구 영성서로 56(삼산동)","sgg":"28237","cap":80,"type":"지진해일긴급대피장소 (실내대피소)","src":"datago_std_15025449","asof":"2020-02-20"}},{"type":"Feature","geometry":{"type":"Point","coordinates":[126.73825,37.52133]},"properties":{"name":"삼산초등학교","addr":"인천광역시 부평구 후정동로 44(삼산동)","sgg":"28237","cap":40,"type":"지진해일긴급대피장소 (실내대피소)","src":"datago_std_15025449","asof":"2020-02-20"}},{"type":"Feature","geometry":{"type":"Point","coordinates":[126.72679,37.51253]},"properties":{"name":"부평공업고등학교","addr":"인천광역시 부평구 주부토로 194(갈산동)","sgg":"28237","cap":649,"type":"지진해일긴급대피장소 (실내대피소)","src":"datago_std_15025449","asof":"2020-02-20"}},{"type":"Feature","geometry":{"type":"Point","coordinates":[126.72521,37.51018]},"properties":{"name":"갈월초등학교","addr":"인천광역시 부평구 주부토로 165(갈산동)","sgg":"28237","cap":122,"type":"지진해일긴급대피장소 (실내대피소)","src":"datago_std_15025449","asof":"2020-02-20"}},{"type":"Feature","geometry":{"type":"Point","coordinates":[126.7284,37.51255]},"properties":{"name":"갈산초등학교","addr":"인천광역시 부평구 갈월동로 55(갈산동)","sgg":"28237","cap":224,"type":"지진해일긴급대피장소 (실내대피소)","src":"datago_std_15025449","asof":"2020-02-20"}},{"type":"Feature","geometry":{"type":"Point","coordinates":[126.72905,37.5202]},"properties":{"name":"부평북초등학교","addr":"인천광역시 부평구 주부토로 292(갈산동)","sgg":"28237","cap":800,"type":"지진해일긴급대피장소 (실내대피소)","src":"datago_std_15025449","asof":"2020-02-20"}},{"type":"Feature","geometry":{"type":"Point","coordinates":[126.72323,37.51861]},"properties":{"name":"부평구다목적체육관","addr":"인천광역시 부평구 부평대로296번길 33(갈산동)","sgg":"28237","cap":235,"type":"지진해일긴급대피장소 (실내대피소)","src":"datago_std_15025449","asof":"2020-02-20"}},{"type":"Feature","geometry":{"type":"Point","coordinates":[126.70454,37.51173]},"properties":{"name":"청천중학교","addr":"인천광역시 부평구 마장로364번길 23(청천동)","sgg":"28237","cap":1060,"type":"지진해일긴급대피장소 (실내대피소)","src":"datago_std_15025449","asof":"2020-02-20"}},{"type":"Feature","geometry":{"type":"Point","coordinates":[126.7007,37.47526]},"properties":{"name":"하정초등학교","addr":"인천광역시 부평구 이규보로 14(십정동)","sgg":"28237","cap":204,"type":"지진해일긴급대피장소 (실내대피소)","src":"datago_std_15025449","asof":"2020-02-20"}},{"type":"Feature","geometry":{"type":"Point","coordinates":[126.74492,37.53516]},"properties":{"name":"계수중학교 운동장","addr":"인천광역시 계양구 살라리로2번길 25 (서운동)","sgg":"28245","cap":2151,"type":"지진해일긴급대피장소 (옥외대피소)","src":"datago_std_15025449","asof":"2020-04-29"}},{"type":"Feature","geometry":{"type":"Point","coordinates":[126.71744,37.54426]},"properties":{"name":"계산초등학교 운동장","addr":"인천광역시 계양구 경명대로 1005 (계산동)","sgg":"28245","cap":4743,"type":"지진해일긴급대피장소 (옥외대피소)","src":"datago_std_15025449","asof":"2020-04-29"}},{"type":"Feature","geometry":{"type":"Point","coordinates":[126.74258,37.53455]},"properties":{"name":"계산중학교 운동장","addr":"인천광역시 계양구 도두리로 67-16 (계산동)","sgg":"28245","cap":7545,"type":"지진해일긴급대피장소 (옥외대피소)","src":"datago_std_15025449","asof":"2020-04-29"}},{"type":"Feature","geometry":{"type":"Point","coordinates":[126.73305,37.53613]},"properties":{"name":"계산여자중학교 운동장","addr":"인천광역시 계양구 장제로755번길 16 (계산동)","sgg":"28245","cap":3960,"type":"지진해일긴급대피장소 (옥외대피소)","src":"datago_std_15025449","asof":"2020-04-29"}},{"type":"Feature","geometry":{"type":"Point","coordinates":[126.74189,37.53825]},"properties":{"name":"계산여자고등학교 운동장","addr":"인천광역시 계양구 계산새로 131 (용종동)","sgg":"28245","cap":3342,"type":"지진해일긴급대피장소 (옥외대피소)","src":"datago_std_15025449","asof":"2020-04-29"}},{"type":"Feature","geometry":{"type":"Point","coordinates":[126.73967,37.53452]},"properties":{"name":"계산공업고등학교 운동장","addr":"인천광역시 계양구 도두리로 47 (계산동)","sgg":"28245","cap":4771,"type":"지진해일긴급대피장소 (옥외대피소)","src":"datago_std_15025449","asof":"2020-04-29"}},{"type":"Feature","geometry":{"type":"Point","coordinates":[126.72976,37.54719]},"properties":{"name":"계산고등학교 운동장","addr":"인천광역시 계양구 주부토로 588 (계산동)","sgg":"28245","cap":5091,"type":"지진해일긴급대피장소 (옥외대피소)","src":"datago_std_15025449","asof":"2020-04-29"}},{"type":"Feature","geometry":{"type":"Point","coordinates":[126.71259,37.53764]},"properties":{"name":"경인교대부속초등학교 운동장","addr":"인천광역시 계양구 안남로 612 (효성동)","sgg":"28245","cap":3105,"type":"지진해일긴급대피장소 (옥외대피소)","src":"datago_std_15025449","asof":"2020-04-29"}},{"type":"Feature","geometry":{"type":"Point","coordinates":[126.71563,37.52674]},"properties":{"name":"효성공원","addr":"인천광역시 계양구 새벌로111번길 7 (효성동)","sgg":"28245","cap":9229,"type":"지진해일긴급대피장소 (옥외대피소)","src":"datago_std_15025449","asof":"2020-04-29"}},{"type":"Feature","geometry":{"type":"Point","coordinates":[126.74203,37.54411]},"properties":{"name":"학마을공원","addr":"인천광역시 계양구 용종로 115 (병방동)","sgg":"28245","cap":5629,"type":"지진해일긴급대피장소 (옥외대피소)","src":"datago_std_15025449","asof":"2020-04-29"}},{"type":"Feature","geometry":{"type":"Point","coordinates":[126.74169,37.54096]},"properties":{"name":"초정공원","addr":"인천광역시 계양구 계양문화로 154 (용종동)","sgg":"28245","cap":2009,"type":"지진해일긴급대피장소 (옥외대피소)","src":"datago_std_15025449","asof":"2020-04-29"}},{"type":"Feature","geometry":{"type":"Point","coordinates":[126.73115,37.53914]},"properties":{"name":"안남중학교 운동장","addr":"인천광역시 계양구 계산새로33번길 5 (계산동)","sgg":"28245","cap":5603,"type":"지진해일긴급대피장소 (옥외대피소)","src":"datago_std_15025449","asof":"2020-04-29"}},{"type":"Feature","geometry":{"type":"Point","coordinates":[126.72713,37.52504]},"properties":{"name":"안남고등학교 운동장","addr":"인천광역시 계양구 아나지로308번길 9 (작전동)","sgg":"28245","cap":5214,"type":"지진해일긴급대피장소 (옥외대피소)","src":"datago_std_15025449","asof":"2020-04-29"}},{"type":"Feature","geometry":{"type":"Point","coordinates":[126.74358,37.53896]},"properties":{"name":"신대초등학교 운동장","addr":"인천광역시 계양구 계산새로 133 (용종동)","sgg":"28245","cap":4147,"type":"지진해일긴급대피장소 (옥외대피소)","src":"datago_std_15025449","asof":"2020-04-29"}},{"type":"Feature","geometry":{"type":"Point","coordinates":[126.74253,37.55626]},"properties":{"name":"소양초등학교 운동장","addr":"인천광역시 계양구 박촌로 53 (박촌동)","sgg":"28245","cap":4947,"type":"지진해일긴급대피장소 (옥외대피소)","src":"datago_std_15025449","asof":"2020-04-29"}},{"type":"Feature","geometry":{"type":"Point","coordinates":[126.72007,37.52649]},"properties":{"name":"성지초등학교 운동장","addr":"인천광역시 계양구 아나지로247번길 8 (작전동)","sgg":"28245","cap":4106,"type":"지진해일긴급대피장소 (옥외대피소)","src":"datago_std_15025449","asof":"2020-04-29"}},{"type":"Feature","geometry":{"type":"Point","coordinates":[126.74472,37.52698]},"properties":{"name":"서운초등학교 운동장","addr":"인천광역시 계양구 서운로 12 (서운동)","sgg":"28245","cap":3421,"type":"지진해일긴급대피장소 (옥외대피소)","src":"datago_std_15025449","asof":"2020-04-29"}},{"type":"Feature","geometry":{"type":"Point","coordinates":[126.74479,37.52616]},"properties":{"name":"서운중학교 운동장","addr":"인천광역시 계양구 아나지로 467 (서운동)","sgg":"28245","cap":4009,"type":"지진해일긴급대피장소 (옥외대피소)","src":"datago_std_15025449","asof":"2020-04-29"}},{"type":"Feature","geometry":{"type":"Point","coordinates":[126.74575,37.52691]},"properties":{"name":"서운고등학교 운동장","addr":"인천광역시 계양구 아나지로 481 (서운동)","sgg":"28245","cap":4073,"type":"지진해일긴급대피장소 (옥외대피소)","src":"datago_std_15025449","asof":"2020-04-29"}},{"type":"Feature","geometry":{"type":"Point","coordinates":[126.71682,37.54229]},"properties":{"name":"북인천중학교 운동장","addr":"인천광역시 계양구 계산로22번길 6 (계산동)","sgg":"28245","cap":3823,"type":"지진해일긴급대피장소 (옥외대피소)","src":"datago_std_15025449","asof":"2020-04-29"}},{"type":"Feature","geometry":{"type":"Point","coordinates":[126.70117,37.52695]},"properties":{"name":"북인천여자중학교 운동장","addr":"인천광역시 계양구 아나지로85번길 12 (효성동)","sgg":"28245","cap":8036,"type":"지진해일긴급대피장소 (옥외대피소)","src":"datago_std_15025449","asof":"2020-04-29"}},{"type":"Feature","geometry":{"type":"Point","coordinates":[126.7318,37.53567]},"properties":{"name":"부현초등학교 운동장","addr":"인천광역시 계양구 장제로755번길 30 (계산동)","sgg":"28245","cap":5500,"type":"지진해일긴급대피장소 (옥외대피소)","src":"datago_std_15025449","asof":"2020-04-29"}},{"type":"Feature","geometry":{"type":"Point","coordinates":[126.74046,37.53456]},"properties":{"name":"부현동초등학교 운동장","addr":"인천광역시 계양구 용종로 5 (계산동)","sgg":"28245","cap":5096,"type":"지진해일긴급대피장소 (옥외대피소)","src":"datago_std_15025449","asof":"2020-04-29"}},{"type":"Feature","geometry":{"type":"Point","coordinates":[126.72318,37.54232]},"properties":{"name":"부평초등학교 운동장","addr":"인천광역시 계양구 어사대로 20 (계산동)","sgg":"28245","cap":5431,"type":"지진해일긴급대피장소 (옥외대피소)","src":"datago_std_15025449","asof":"2020-04-29"}},{"type":"Feature","geometry":{"type":"Point","coordinates":[126.74102,37.54686]},"properties":{"name":"병방초등학교 운동장","addr":"인천광역시 계양구 병방로 2 (병방동)","sgg":"28245","cap":3547,"type":"지진해일긴급대피장소 (옥외대피소)","src":"datago_std_15025449","asof":"2020-04-29"}},{"type":"Feature","geometry":{"type":"Point","coordinates":[126.78033,37.57913]},"properties":{"name":"계양초등학교 상야분교 운동장","addr":"인천광역시 계양구 벌말로 572-1 (상야동)","sgg":"28245","cap":1442,"type":"지진해일긴급대피장소 (옥외대피소)","src":"datago_std_15025449","asof":"2020-04-29"}},{"type":"Feature","geometry":{"type":"Point","coordinates":[126.71261,37.53196]},"properties":{"name":"명현초등학교 운동장","addr":"인천광역시 계양구 봉오대로569번길 10 (효성동)","sgg":"28245","cap":1401,"type":"지진해일긴급대피장소 (옥외대피소)","src":"datago_std_15025449","asof":"2020-04-29"}},{"type":"Feature","geometry":{"type":"Point","coordinates":[126.71373,37.532]},"properties":{"name":"명현중학교 운동장","addr":"인천광역시 계양구 안남로554번길 26 (효성동)","sgg":"28245","cap":3818,"type":"지진해일긴급대피장소 (옥외대피소)","src":"datago_std_15025449","asof":"2020-04-29"}},{"type":"Feature","geometry":{"type":"Point","coordinates":[126.76061,37.56235]},"properties":{"name":"동양중학교 운동장","addr":"인천광역시 계양구 당미길 56 (동양동)","sgg":"28245","cap":3021,"type":"지진해일긴급대피장소 (옥외대피소)","src":"datago_std_15025449","asof":"2020-04-29"}},{"type":"Feature","geometry":{"type":"Point","coordinates":[126.75953,37.5587]},"properties":{"name":"당산초등학교 운동장","addr":"인천광역시 계양구 동양로 122 (동양동)","sgg":"28245","cap":2997,"type":"지진해일긴급대피장소 (옥외대피소)","src":"datago_std_15025449","asof":"2020-04-29"}},{"type":"Feature","geometry":{"type":"Point","coordinates":[126.74279,37.54202]},"properties":{"name":"길주초등학교 운동장","addr":"인천광역시 계양구 용종로 90 (용종동)","sgg":"28245","cap":5161,"type":"지진해일긴급대피장소 (옥외대피소)","src":"datago_std_15025449","asof":"2020-04-29"}},{"type":"Feature","geometry":{"type":"Point","coordinates":[126.74701,37.56857]},"properties":{"name":"귤현초등학교 운동장","addr":"인천광역시 계양구 귤현길 15 (귤현동)","sgg":"28245","cap":3878,"type":"지진해일긴급대피장소 (옥외대피소)","src":"datago_std_15025449","asof":"2020-04-29"}},{"type":"Feature","geometry":{"type":"Point","coordinates":[126.73325,37.57903]},"properties":{"name":"계양초등학교 운동장","addr":"인천광역시 계양구 장제로 1288 (장기동)","sgg":"28245","cap":7848,"type":"지진해일긴급대피장소 (옥외대피소)","src":"datago_std_15025449","asof":"2020-04-29"}},{"type":"Feature","geometry":{"type":"Point","coordinates":[126.73896,37.56877]},"properties":{"name":"계양중학교 운동장","addr":"인천광역시 계양구 장제로1181번길 9 (귤현동)","sgg":"28245","cap":6032,"type":"지진해일긴급대피장소 (옥외대피소)","src":"datago_std_15025449","asof":"2020-04-29"}},{"type":"Feature","geometry":{"type":"Point","coordinates":[126.74388,37.54193]},"properties":{"name":"계양고등학교 운동장","addr":"인천광역시 계양구 계양문화로 177 (용종동)","sgg":"28245","cap":3522,"type":"지진해일긴급대피장소 (옥외대피소)","src":"datago_std_15025449","asof":"2020-04-29"}},{"type":"Feature","geometry":{"type":"Point","coordinates":[126.729,37.54504]},"properties":{"name":"계산체육공원","addr":"인천광역시 계양구 주부토로 570 (계산동)","sgg":"28245","cap":18904,"type":"지진해일긴급대피장소 (옥외대피소)","src":"datago_std_15025449","asof":"2020-04-29"}},{"type":"Feature","geometry":{"type":"Point","coordinates":[126.73578,37.53114]},"properties":{"name":"작전공원 2","addr":"인천광역시 계양구 계양문화로 1 (작전동)","sgg":"28245","cap":6329,"type":"지진해일긴급대피장소 (옥외대피소)","src":"datago_std_15025449","asof":"2020-04-29"}},{"type":"Feature","geometry":{"type":"Point","coordinates":[126.72536,37.52568]},"properties":{"name":"작전공원 1","addr":"인천광역시 계양구 아나지로307번길 1 (작전동)","sgg":"28245","cap":8010,"type":"지진해일긴급대피장소 (옥외대피소)","src":"datago_std_15025449","asof":"2020-04-29"}},{"type":"Feature","geometry":{"type":"Point","coordinates":[126.73213,37.54841]},"properties":{"name":"임학공원","addr":"인천광역시 계양구 병방시장로 3 (임학동)","sgg":"28245","cap":7602,"type":"지진해일긴급대피장소 (옥외대피소)","src":"datago_std_15025449","asof":"2020-04-29"}},{"type":"Feature","geometry":{"type":"Point","coordinates":[126.71206,37.53625]},"properties":{"name":"이촌공원","addr":"인천광역시 계양구 안남로 606 (효성동)","sgg":"28245","cap":19354,"type":"지진해일긴급대피장소 (옥외대피소)","src":"datago_std_15025449","asof":"2020-04-29"}},{"type":"Feature","geometry":{"type":"Point","coordinates":[126.73853,37.54012]},"properties":{"name":"오조산공원","addr":"인천광역시 계양구 오조산공원로 33 (용종동)","sgg":"28245","cap":15539,"type":"지진해일긴급대피장소 (옥외대피소)","src":"datago_std_15025449","asof":"2020-04-29"}},{"type":"Feature","geometry":{"type":"Point","coordinates":[126.74049,37.52778]},"properties":{"name":"서운공원","addr":"인천광역시 계양구 효서로 397 (작전동)","sgg":"28245","cap":10879,"type":"지진해일긴급대피장소 (옥외대피소)","src":"datago_std_15025449","asof":"2020-04-29"}},{"type":"Feature","geometry":{"type":"Point","coordinates":[126.74514,37.56783]},"properties":{"name":"샘터공원","addr":"인천광역시 계양구 만봉길 62-3 (귤현동, 라비캐슬)","sgg":"28245","cap":1358,"type":"지진해일긴급대피장소 (옥외대피소)","src":"datago_std_15025449","asof":"2020-04-29"}},{"type":"Feature","geometry":{"type":"Point","coordinates":[126.73803,37.54814]},"properties":{"name":"병방공원","addr":"인천광역시 계양구 병방시장로55번길 4 (병방동)","sgg":"28245","cap":1415,"type":"지진해일긴급대피장소 (옥외대피소)","src":"datago_std_15025449","asof":"2020-04-29"}},{"type":"Feature","geometry":{"type":"Point","coordinates":[126.75177,37.56583]},"properties":{"name":"들놀이공원","addr":"인천광역시 계양구 양지로 109 (귤현동)","sgg":"28245","cap":5333,"type":"지진해일긴급대피장소 (옥외대피소)","src":"datago_std_15025449","asof":"2020-04-29"}},{"type":"Feature","geometry":{"type":"Point","coordinates":[126.72849,37.53304]},"properties":{"name":"된밭공원","addr":"인천광역시 계양구 주부토로426번길 5 (작전동)","sgg":"28245","cap":9889,"type":"지진해일긴급대피장소 (옥외대피소)","src":"datago_std_15025449","asof":"2020-04-29"}},{"type":"Feature","geometry":{"type":"Point","coordinates":[126.73773,37.53301]},"properties":{"name":"까치공원","addr":"인천광역시 계양구 오조산로21번길 4 (작전동)","sgg":"28245","cap":14462,"type":"지진해일긴급대피장소 (옥외대피소)","src":"datago_std_15025449","asof":"2020-04-29"}},{"type":"Feature","geometry":{"type":"Point","coordinates":[126.71061,37.53681]},"properties":{"name":"효성초등학교 운동장","addr":"인천광역시 계양구 안남로 601 (효성동)","sgg":"28245","cap":5427,"type":"지진해일긴급대피장소 (옥외대피소)","src":"datago_std_15025449","asof":"2020-04-29"}},{"type":"Feature","geometry":{"type":"Point","coordinates":[126.71027,37.53745]},"properties":{"name":"효성중학교 운동장","addr":"인천광역시 계양구 안남로 607 (효성동)","sgg":"28245","cap":3583,"type":"지진해일긴급대피장소 (옥외대피소)","src":"datago_std_15025449","asof":"2020-04-29"}},{"type":"Feature","geometry":{"type":"Point","coordinates":[126.69868,37.52798]},"properties":{"name":"효성서초등학교 운동장","addr":"인천광역시 계양구 봉오대로 457 (효성동)","sgg":"28245","cap":2645,"type":"지진해일긴급대피장소 (옥외대피소)","src":"datago_std_15025449","asof":"2020-04-29"}},{"type":"Feature","geometry":{"type":"Point","coordinates":[126.71586,37.53277]},"properties":{"name":"효성동초등학교 운동장","addr":"인천광역시 계양구 새벌로171번길 4 (효성동)","sgg":"28245","cap":4558,"type":"지진해일긴급대피장소 (옥외대피소)","src":"datago_std_15025449","asof":"2020-04-29"}},{"type":"Feature","geometry":{"type":"Point","coordinates":[126.71602,37.52848]},"properties":{"name":"효성남초등학교 운동장","addr":"인천광역시 계양구 새벌로 125 (효성동)","sgg":"28245","cap":2751,"type":"지진해일긴급대피장소 (옥외대피소)","src":"datago_std_15025449","asof":"2020-04-29"}},{"type":"Feature","geometry":{"type":"Point","coordinates":[126.715,37.53147]},"properties":{"name":"효성고등학교  운동장","addr":"인천광역시 계양구 새벌로171번길 21 (효성동)","sgg":"28245","cap":3466,"type":"지진해일긴급대피장소 (옥외대피소)","src":"datago_std_15025449","asof":"2020-04-29"}},{"type":"Feature","geometry":{"type":"Point","coordinates":[126.73155,37.52847]},"properties":{"name":"화전초등학교 운동장","addr":"인천광역시 계양구 효서로303번길 8 (작전동)","sgg":"28245","cap":4155,"type":"지진해일긴급대피장소 (옥외대피소)","src":"datago_std_15025449","asof":"2020-04-29"}},{"type":"Feature","geometry":{"type":"Point","coordinates":[126.71771,37.54016]},"properties":{"name":"해서초등학교 운동장","addr":"인천광역시 계양구 계산로 42-1 (계산동)","sgg":"28245","cap":3503,"type":"지진해일긴급대피장소 (옥외대피소)","src":"datago_std_15025449","asof":"2020-04-29"}},{"type":"Feature","geometry":{"type":"Point","coordinates":[126.72923,37.53448]},"properties":{"name":"작전초등학교 운동장","addr":"인천광역시 계양구 주부토로 456 (작전동)","sgg":"28245","cap":4213,"type":"지진해일긴급대피장소 (옥외대피소)","src":"datago_std_15025449","asof":"2020-04-29"}},{"type":"Feature","geometry":{"type":"Point","coordinates":[126.72947,37.53357]},"properties":{"name":"작전중학교 운동장","addr":"인천광역시 계양구 주부토로448번길 16 (작전동)","sgg":"28245","cap":4353,"type":"지진해일긴급대피장소 (옥외대피소)","src":"datago_std_15025449","asof":"2020-04-29"}},{"type":"Feature","geometry":{"type":"Point","coordinates":[126.72955,37.53213]},"properties":{"name":"작전여자고등학교 운동장","addr":"인천광역시 계양구 주부토로426번길 15 (작전동)","sgg":"28245","cap":5218,"type":"지진해일긴급대피장소 (옥외대피소)","src":"datago_std_15025449","asof":"2020-04-29"}},{"type":"Feature","geometry":{"type":"Point","coordinates":[126.73018,37.53284]},"properties":{"name":"작전고등학교 운동장","addr":"인천광역시 계양구 봉오대로729번길 27 (작전동)","sgg":"28245","cap":5334,"type":"지진해일긴급대피장소 (옥외대피소)","src":"datago_std_15025449","asof":"2020-04-29"}},{"type":"Feature","geometry":{"type":"Point","coordinates":[126.73515,37.52883]},"properties":{"name":"작동초등학교 운동장","addr":"인천광역시 계양구 까치말로 35 (작전동)","sgg":"28245","cap":4213,"type":"지진해일긴급대피장소 (옥외대피소)","src":"datago_std_15025449","asof":"2020-04-29"}},{"type":"Feature","geometry":{"type":"Point","coordinates":[126.74025,37.5461]},"properties":{"name":"임학중학교 운동장","addr":"인천광역시 계양구 장제로 894 (병방동)","sgg":"28245","cap":4866,"type":"지진해일긴급대피장소 (옥외대피소)","src":"datago_std_15025449","asof":"2020-04-29"}},{"type":"Feature","geometry":{"type":"Point","coordinates":[126.74054,37.55467]},"properties":{"name":"예일중학교 운동장","addr":"인천광역시 계양구 장제로995번길 39 (방축동)","sgg":"28245","cap":5102,"type":"지진해일긴급대피장소 (옥외대피소)","src":"datago_std_15025449","asof":"2020-04-29"}},{"type":"Feature","geometry":{"type":"Point","coordinates":[126.74187,37.55422]},"properties":{"name":"예일고등학교 운동장","addr":"인천광역시 계양구 박촌로 23 (방축동)","sgg":"28245","cap":5220,"type":"지진해일긴급대피장소 (옥외대피소)","src":"datago_std_15025449","asof":"2020-04-29"}},{"type":"Feature","geometry":{"type":"Point","coordinates":[126.74471,37.55161]},"properties":{"name":"세원고등학교 운동장","addr":"인천광역시 계양구 장제로 966 (병방동)","sgg":"28245","cap":2577,"type":"지진해일긴급대피장소 (옥외대피소)","src":"datago_std_15025449","asof":"2020-04-29"}},{"type":"Feature","geometry":{"type":"Point","coordinates":[126.74437,37.55069]},"properties":{"name":"양촌초등학교 운동장","addr":"인천광역시 계양구 장제로 954 (병방동)","sgg":"28245","cap":3648,"type":"지진해일긴급대피장소 (옥외대피소)","src":"datago_std_15025449","asof":"2020-04-29"}},{"type":"Feature","geometry":{"type":"Point","coordinates":[126.74501,37.55033]},"properties":{"name":"양촌중학교 운동장","addr":"인천광역시 계양구 장제로948번길 13 (병방동)","sgg":"28245","cap":2554,"type":"지진해일긴급대피장소 (옥외대피소)","src":"datago_std_15025449","asof":"2020-04-29"}},{"type":"Feature","geometry":{"type":"Point","coordinates":[126.73175,37.54409]},"properties":{"name":"안산초등학교 운동장","addr":"인천광역시 계양구 임학서로 15 (계산동)","sgg":"28245","cap":5685,"type":"지진해일긴급대피장소 (옥외대피소)","src":"datago_std_15025449","asof":"2020-04-29"}},{"type":"Feature","geometry":{"type":"Point","coordinates":[126.73185,37.54105]},"properties":{"name":"안남초등학교 운동장","addr":"인천광역시 계양구 경명대로1114번길 26 (계산동)","sgg":"28245","cap":4831,"type":"지진해일긴급대피장소 (옥외대피소)","src":"datago_std_15025449","asof":"2020-04-29"}},{"type":"Feature","geometry":{"type":"Point","coordinates":[124.66285,37.95936]},"properties":{"name":"북포 노인회관","addr":"인천광역시 옹진군 백령면 당후길 50","sgg":"28720","cap":112,"type":"지진해일긴급대피장소 (실내구호소)","src":"datago_std_15025449","asof":"2020-07-16"}},{"type":"Feature","geometry":{"type":"Point","coordinates":[124.71584,37.97317]},"properties":{"name":"관창동경로당","addr":"인천광역시 옹진군 백령면 백령로316번길 40-10","sgg":"28720","cap":38,"type":"지진해일긴급대피장소 (실내구호소)","src":"datago_std_15025449","asof":"2020-07-16"}},{"type":"Feature","geometry":{"type":"Point","coordinates":[126.3376,37.53391]},"properties":{"name":"삼목초등학교 장봉분교","addr":"인천광역시 옹진군 북도면 장봉로 553(인천삼목초등학교장봉분교)","sgg":"28720","cap":269,"type":"지진해일긴급대피장소 (실내구호소)","src":"datago_std_15025449","asof":"2020-07-16"}},{"type":"Feature","geometry":{"type":"Point","coordinates":[126.33801,37.53418]},"properties":{"name":"장봉출장소","addr":"인천광역시 옹진군 북도면 장봉로 554(북도면장봉출장소)","sgg":"28720","cap":42,"type":"지진해일긴급대피장소 (실내구호소)","src":"datago_std_15025449","asof":"2020-07-16"}},{"type":"Feature","geometry":{"type":"Point","coordinates":[126.33705,37.53285]},"properties":{"name":"장봉경로당(장봉2리마을회관)","addr":"인천광역시 옹진군 북도면 장봉로541번길 13","sgg":"28720","cap":106,"type":"지진해일긴급대피장소 (실내구호소)","src":"datago_std_15025449","asof":"2020-07-16"}},{"type":"Feature","geometry":{"type":"Point","coordinates":[126.44278,37.52008]},"properties":{"name":"공항초등학교 신도분교 교사2동","addr":"인천광역시 옹진군 북도면 신도로896번길 18-31 (인천공항초등학교신도분교)","sgg":"28720","cap":326,"type":"지진해일긴급대피장소 (실내구호소)","src":"datago_std_15025449","asof":"2020-07-16"}},{"type":"Feature","geometry":{"type":"Point","coordinates":[126.46244,37.52201]},"properties":{"name":"신도4리 다목적회관","addr":"인천광역시 옹진군 북도면 신도로 664","sgg":"28720","cap":66,"type":"지진해일긴급대피장소 (실내구호소)","src":"datago_std_15025449","asof":"2020-07-16"}},{"type":"Feature","geometry":{"type":"Point","coordinates":[126.42701,37.53303]},"properties":{"name":"북도면사무소","addr":"인천광역시 옹진군 북도면 시도로61번길 75-2","sgg":"28720","cap":78,"type":"지진해일긴급대피장소 (실내구호소)","src":"datago_std_15025449","asof":"2020-07-16"}},{"type":"Feature","geometry":{"type":"Point","coordinates":[126.33007,37.54642]},"properties":{"name":"축동경로당(장봉4리마을회관)","addr":"인천광역시 옹진군 북도면 장봉로701번길 64-4","sgg":"28720","cap":26,"type":"지진해일긴급대피장소 (실내구호소)","src":"datago_std_15025449","asof":"2020-07-16"}},{"type":"Feature","geometry":{"type":"Point","coordinates":[126.33577,37.54512]},"properties":{"name":"진축경로당(장봉3리마을회관)","addr":"인천광역시 옹진군 북도면 장봉로694번길 47-5","sgg":"28720","cap":40,"type":"지진해일긴급대피장소 (실내구호소)","src":"datago_std_15025449","asof":"2020-07-16"}},{"type":"Feature","geometry":{"type":"Point","coordinates":[126.38269,37.53605]},"properties":{"name":"옹암경로당(장봉1리마을회관)","addr":"인천광역시 옹진군 북도면 장봉로26번길 36-6","sgg":"28720","cap":29,"type":"지진해일긴급대피장소 (실내구호소)","src":"datago_std_15025449","asof":"2020-07-16"}},{"type":"Feature","geometry":{"type":"Point","coordinates":[126.45777,37.53314]},"properties":{"name":"신도경로당","addr":"인천광역시 옹진군 북도면 신도로 485","sgg":"28720","cap":19,"type":"지진해일긴급대피장소 (실내구호소)","src":"datago_std_15025449","asof":"2020-07-16"}},{"type":"Feature","geometry":{"type":"Point","coordinates":[126.42781,37.53304]},"properties":{"name":"시도경로당","addr":"인천광역시 옹진군 북도면 시도로 91","sgg":"28720","cap":53,"type":"지진해일긴급대피장소 (실내구호소)","src":"datago_std_15025449","asof":"2020-07-16"}},{"type":"Feature","geometry":{"type":"Point","coordinates":[126.41213,37.53516]},"properties":{"name":"모도경로당","addr":"인천광역시 옹진군 북도면 모도로 64","sgg":"28720","cap":23,"type":"지진해일긴급대피장소 (실내구호소)","src":"datago_std_15025449","asof":"2020-07-16"}},{"type":"Feature","geometry":{"type":"Point","coordinates":[126.43446,37.52515]},"properties":{"name":"구로지경로당","addr":"인천광역시 옹진군 북도면 신도로184번길 38","sgg":"28720","cap":18,"type":"지진해일긴급대피장소 (실내구호소)","src":"datago_std_15025449","asof":"2020-07-16"}},{"type":"Feature","geometry":{"type":"Point","coordinates":[126.44121,37.52091]},"properties":{"name":"고남경로당","addr":"인천광역시 옹진군 북도면 신도로896번길 32-3","sgg":"28720","cap":81,"type":"지진해일긴급대피장소 (실내구호소)","src":"datago_std_15025449","asof":"2020-07-16"}},{"type":"Feature","geometry":{"type":"Point","coordinates":[124.65064,37.96106]},"properties":{"name":"신축24 대피호","addr":"인천광역시 옹진군 백령면 두무진로81번길 43-10","sgg":"28720","cap":85,"type":"지진해일긴급대피장소 (실내구호소)","src":"datago_std_15025449","asof":"2020-07-16"}},{"type":"Feature","geometry":{"type":"Point","coordinates":[124.65306,37.92467]},"properties":{"name":"신축23 대피호","addr":"인천광역시 옹진군 백령면 중화2길 3","sgg":"28720","cap":86,"type":"지진해일긴급대피장소 (실내구호소)","src":"datago_std_15025449","asof":"2020-07-16"}},{"type":"Feature","geometry":{"type":"Point","coordinates":[124.61906,37.97259]},"properties":{"name":"신축22 대피호","addr":"인천광역시 옹진군 백령면 두무진로 535","sgg":"28720","cap":91,"type":"지진해일긴급대피장소 (실내구호소)","src":"datago_std_15025449","asof":"2020-07-16"}},{"type":"Feature","geometry":{"type":"Point","coordinates":[124.64459,37.94753]},"properties":{"name":"신축21 대피호","addr":"인천광역시 옹진군 백령면 백령로 1078","sgg":"28720","cap":92,"type":"지진해일긴급대피장소 (실내구호소)","src":"datago_std_15025449","asof":"2020-07-16"}},{"type":"Feature","geometry":{"type":"Point","coordinates":[124.66284,37.9597]},"properties":{"name":"신축2,14 대피호","addr":"인천광역시 옹진군 백령면 당후길 48-7","sgg":"28720","cap":260,"type":"지진해일긴급대피장소 (실내구호소)","src":"datago_std_15025449","asof":"2020-07-16"}},{"type":"Feature","geometry":{"type":"Point","coordinates":[124.6848,37.93604]},"properties":{"name":"신축19 대피호","addr":"인천광역시 옹진군 백령면 화동로 70-12","sgg":"28720","cap":126,"type":"지진해일긴급대피장소 (실내구호소)","src":"datago_std_15025449","asof":"2020-07-16"}},{"type":"Feature","geometry":{"type":"Point","coordinates":[124.68379,37.93442]},"properties":{"name":"신축18 대피호","addr":"인천광역시 옹진군 백령면 화동로 49-12","sgg":"28720","cap":109,"type":"지진해일긴급대피장소 (실내구호소)","src":"datago_std_15025449","asof":"2020-07-16"}},{"type":"Feature","geometry":{"type":"Point","coordinates":[124.6638,37.95829]},"properties":{"name":"신축17 대피호","addr":"인천광역시 옹진군 백령면 백령로 852","sgg":"28720","cap":63,"type":"지진해일긴급대피장소 (실내구호소)","src":"datago_std_15025449","asof":"2020-07-16"}},{"type":"Feature","geometry":{"type":"Point","coordinates":[124.67507,37.96385]},"properties":{"name":"신축16 대피호","addr":"인천광역시 옹진군 백령면 백령로 710","sgg":"28720","cap":82,"type":"지진해일긴급대피장소 (실내구호소)","src":"datago_std_15025449","asof":"2020-07-16"}},{"type":"Feature","geometry":{"type":"Point","coordinates":[124.66853,37.96066]},"properties":{"name":"신축15 대피호","addr":"인천광역시 옹진군 백령면 백령로 783(달님마을 관사)","sgg":"28720","cap":86,"type":"지진해일긴급대피장소 (실내구호소)","src":"datago_std_15025449","asof":"2020-07-16"}},{"type":"Feature","geometry":{"type":"Point","coordinates":[124.69262,37.97702]},"properties":{"name":"신축13 대피호","addr":"인천광역시 옹진군 백령면 관창길 68","sgg":"28720","cap":63,"type":"지진해일긴급대피장소 (실내구호소)","src":"datago_std_15025449","asof":"2020-07-16"}},{"type":"Feature","geometry":{"type":"Point","coordinates":[124.7191,37.95149]},"properties":{"name":"신축12 대피호","addr":"인천광역시 옹진군 백령면 사곶로139번길 5","sgg":"28720","cap":89,"type":"지진해일긴급대피장소 (실내구호소)","src":"datago_std_15025449","asof":"2020-07-16"}},{"type":"Feature","geometry":{"type":"Point","coordinates":[124.71695,37.95467]},"properties":{"name":"신축11 대피호","addr":"인천광역시 옹진군 백령면 사곶로122번길 54-53","sgg":"28720","cap":95,"type":"지진해일긴급대피장소 (실내구호소)","src":"datago_std_15025449","asof":"2020-07-16"}},{"type":"Feature","geometry":{"type":"Point","coordinates":[124.71511,37.97085]},"properties":{"name":"신축10 대피호","addr":"인천광역시 옹진군 백령면 백령로297번길 16-1","sgg":"28720","cap":136,"type":"지진해일긴급대피장소 (실내구호소)","src":"datago_std_15025449","asof":"2020-07-16"}},{"type":"Feature","geometry":{"type":"Point","coordinates":[124.71533,37.97538]},"properties":{"name":"신축1 대피호","addr":"인천광역시 옹진군 백령면 백령로316번길 91","sgg":"28720","cap":150,"type":"지진해일긴급대피장소 (실내구호소)","src":"datago_std_15025449","asof":"2020-07-16"}},{"type":"Feature","geometry":{"type":"Point","coordinates":[124.69966,37.9392]},"properties":{"name":"백령 다목적 실내체육관","addr":"인천광역시 옹진군 백령면 백령남로 458","sgg":"28720","cap":346,"type":"지진해일긴급대피장소 (실내구호소)","src":"datago_std_15025449","asof":"2020-07-16"}},{"type":"Feature","geometry":{"type":"Point","coordinates":[124.73074,37.9545]},"properties":{"name":"진촌5리 경로당","addr":"인천광역시 옹진군 백령면 백령로 42-5","sgg":"28720","cap":24,"type":"지진해일긴급대피장소 (실내구호소)","src":"datago_std_15025449","asof":"2020-07-16"}},{"type":"Feature","geometry":{"type":"Point","coordinates":[124.65294,37.92556]},"properties":{"name":"중화동경로당","addr":"인천광역시 옹진군 백령면 중화1길 87","sgg":"28720","cap":17,"type":"지진해일긴급대피장소 (실내구호소)","src":"datago_std_15025449","asof":"2020-07-16"}},{"type":"Feature","geometry":{"type":"Point","coordinates":[124.67333,37.92937]},"properties":{"name":"장촌다목적회관","addr":"인천광역시 옹진군 백령면 백령남로723번길 2","sgg":"28720","cap":73,"type":"지진해일긴급대피장소 (실내구호소)","src":"datago_std_15025449","asof":"2020-07-16"}},{"type":"Feature","geometry":{"type":"Point","coordinates":[124.65344,37.95061]},"properties":{"name":"소가을경로당","addr":"인천광역시 옹진군 백령면 백령로978번길 4","sgg":"28720","cap":37,"type":"지진해일긴급대피장소 (실내구호소)","src":"datago_std_15025449","asof":"2020-07-16"}},{"type":"Feature","geometry":{"type":"Point","coordinates":[124.71751,37.95405]},"properties":{"name":"사곶경로당","addr":"인천광역시 옹진군 백령면 사곶로108번길 38-5","sgg":"28720","cap":19,"type":"지진해일긴급대피장소 (실내구호소)","src":"datago_std_15025449","asof":"2020-07-16"}},{"type":"Feature","geometry":{"type":"Point","coordinates":[126.18011,37.21388]},"properties":{"name":"소야경로당","addr":"인천광역시 옹진군 덕적면 소야로 252","sgg":"28720","cap":28,"type":"지진해일긴급대피장소 (실내구호소)","src":"datago_std_15025449","asof":"2020-07-16"}},{"type":"Feature","geometry":{"type":"Point","coordinates":[126.11632,37.2515]},"properties":{"name":"북2리경로당","addr":"인천광역시 옹진군 덕적면 덕적북로518번길 13-3","sgg":"28720","cap":37,"type":"지진해일긴급대피장소 (실내구호소)","src":"datago_std_15025449","asof":"2020-07-16"}},{"type":"Feature","geometry":{"type":"Point","coordinates":[126.10705,37.17242]},"properties":{"name":"문갑경로당","addr":"인천광역시 옹진군 덕적면 문갑1길 8","sgg":"28720","cap":14,"type":"지진해일긴급대피장소 (실내구호소)","src":"datago_std_15025449","asof":"2020-07-16"}},{"type":"Feature","geometry":{"type":"Point","coordinates":[126.11632,37.2515]},"properties":{"name":"명신경로당","addr":"인천광역시 옹진군 덕적면 덕적북로518번길 13-3","sgg":"28720","cap":11,"type":"지진해일긴급대피장소 (실내구호소)","src":"datago_std_15025449","asof":"2020-07-16"}},{"type":"Feature","geometry":{"type":"Point","coordinates":[126.15412,37.22902]},"properties":{"name":"도우경로당","addr":"인천광역시 옹진군 덕적면 덕적북로12번길 48-11","sgg":"28720","cap":45,"type":"지진해일긴급대피장소 (실내구호소)","src":"datago_std_15025449","asof":"2020-07-16"}},{"type":"Feature","geometry":{"type":"Point","coordinates":[124.75285,37.77204]},"properties":{"name":"9호 대피호","addr":"인천광역시 옹진군 대청면 소청동로71번길 38","sgg":"28720","cap":63,"type":"지진해일긴급대피장소 (실내구호소)","src":"datago_std_15025449","asof":"2020-07-16"}},{"type":"Feature","geometry":{"type":"Point","coordinates":[124.75132,37.77274]},"properties":{"name":"신축8 대피호","addr":"인천광역시 옹진군 대청면 소청동로 68","sgg":"28720","cap":128,"type":"지진해일긴급대피장소 (실내구호소)","src":"datago_std_15025449","asof":"2020-07-16"}},{"type":"Feature","geometry":{"type":"Point","coordinates":[124.70001,37.83546]},"properties":{"name":"신축7 대피호","addr":"인천광역시 옹진군 대청면 대청북로85번길 217","sgg":"28720","cap":128,"type":"지진해일긴급대피장소 (실내구호소)","src":"datago_std_15025449","asof":"2020-07-16"}},{"type":"Feature","geometry":{"type":"Point","coordinates":[124.7034,37.83228]},"properties":{"name":"신축6 대피호","addr":"인천광역시 옹진군 대청면 대청로233번길 23-9","sgg":"28720","cap":113,"type":"지진해일긴급대피장소 (실내구호소)","src":"datago_std_15025449","asof":"2020-07-16"}},{"type":"Feature","geometry":{"type":"Point","coordinates":[124.70874,37.81787]},"properties":{"name":"신축5 대피호","addr":"인천광역시 옹진군 대청면 대청남로86번길 56-6","sgg":"28720","cap":65,"type":"지진해일긴급대피장소 (실내구호소)","src":"datago_std_15025449","asof":"2020-07-16"}},{"type":"Feature","geometry":{"type":"Point","coordinates":[124.68649,37.81349]},"properties":{"name":"신축4 대피호","addr":"인천광역시 옹진군 대청면 대청남로 509-4","sgg":"28720","cap":63,"type":"지진해일긴급대피장소 (실내구호소)","src":"datago_std_15025449","asof":"2020-07-16"}},{"type":"Feature","geometry":{"type":"Point","coordinates":[124.70713,37.84413]},"properties":{"name":"신축3 대피호","addr":"인천광역시 옹진군 대청면 대청북로 103","sgg":"28720","cap":65,"type":"지진해일긴급대피장소 (실내구호소)","src":"datago_std_15025449","asof":"2020-07-16"}},{"type":"Feature","geometry":{"type":"Point","coordinates":[124.71291,37.82556]},"properties":{"name":"신축2 대피호","addr":"인천광역시 옹진군 대청면 대청로7번안길 56-1 (관사)","sgg":"28720","cap":256,"type":"지진해일긴급대피장소 (실내구호소)","src":"datago_std_15025449","asof":"2020-07-16"}},{"type":"Feature","geometry":{"type":"Point","coordinates":[124.69472,37.83225]},"properties":{"name":"신축1 대피호","addr":"인천광역시 옹진군 대청면 대청로244번길 116-31","sgg":"28720","cap":128,"type":"지진해일긴급대피장소 (실내구호소)","src":"datago_std_15025449","asof":"2020-07-16"}},{"type":"Feature","geometry":{"type":"Point","coordinates":[124.71939,37.97271]},"properties":{"name":"진촌다목적회관","addr":"인천광역시 옹진군 백령면 백령로278번안길 34","sgg":"28720","cap":77,"type":"지진해일긴급대피장소 (실내구호소)","src":"datago_std_15025449","asof":"2020-07-16"}},{"type":"Feature","geometry":{"type":"Point","coordinates":[124.72119,37.97513]},"properties":{"name":"신축9 대피호","addr":"인천광역시 옹진군 백령면 백령로254번길 151","sgg":"28720","cap":255,"type":"지진해일긴급대피장소 (실내구호소)","src":"datago_std_15025449","asof":"2020-07-16"}},{"type":"Feature","geometry":{"type":"Point","coordinates":[124.72051,37.97481]},"properties":{"name":"신축8 대피호","addr":"인천광역시 옹진군 백령면 백령로254번길 131","sgg":"28720","cap":66,"type":"지진해일긴급대피장소 (실내구호소)","src":"datago_std_15025449","asof":"2020-07-16"}},{"type":"Feature","geometry":{"type":"Point","coordinates":[124.71848,37.97134]},"properties":{"name":"신축7 대피호","addr":"인천광역시 옹진군 백령면 백령로278번길 2-8","sgg":"28720","cap":255,"type":"지진해일긴급대피장소 (실내구호소)","src":"datago_std_15025449","asof":"2020-07-16"}},{"type":"Feature","geometry":{"type":"Point","coordinates":[124.71388,37.9742]},"properties":{"name":"신축6 대피호","addr":"인천광역시 옹진군 백령면 백령로316번길 25-31","sgg":"28720","cap":63,"type":"지진해일긴급대피장소 (실내구호소)","src":"datago_std_15025449","asof":"2020-07-16"}},{"type":"Feature","geometry":{"type":"Point","coordinates":[124.73125,37.95204]},"properties":{"name":"신축4 대피호","addr":"인천광역시 옹진군 백령면 백령로 10-1","sgg":"28720","cap":84,"type":"지진해일긴급대피장소 (실내구호소)","src":"datago_std_15025449","asof":"2020-07-16"}},{"type":"Feature","geometry":{"type":"Point","coordinates":[124.71785,37.9685]},"properties":{"name":"신축3,5 대피호","addr":"인천광역시 옹진군 백령면 백령남로 10(햇님마을아파트)","sgg":"28720","cap":193,"type":"지진해일긴급대피장소 (실내구호소)","src":"datago_std_15025449","asof":"2020-07-16"}},{"type":"Feature","geometry":{"type":"Point","coordinates":[126.23909,37.1817]},"properties":{"name":"이작2리 경로당","addr":"인천광역시 옹진군 자월면 소이작로42번길 5-4","sgg":"28720","cap":37,"type":"지진해일긴급대피장소 (실내구호소)","src":"datago_std_15025449","asof":"2020-07-16"}},{"type":"Feature","geometry":{"type":"Point","coordinates":[126.2986,37.16768]},"properties":{"name":"승봉리 경로당","addr":"인천광역시 옹진군 자월면 승봉로 90-8","sgg":"28720","cap":52,"type":"지진해일긴급대피장소 (실내구호소)","src":"datago_std_15025449","asof":"2020-07-16"}},{"type":"Feature","geometry":{"type":"Point","coordinates":[126.48334,37.2561]},"properties":{"name":"영흥면사무소","addr":"인천광역시 옹진군 영흥면 영흥로251번길 90(영흥면사무소)","sgg":"28720","cap":220,"type":"지진해일긴급대피장소 (실내구호소)","src":"datago_std_15025449","asof":"2020-07-16"}},{"type":"Feature","geometry":{"type":"Point","coordinates":[126.47301,37.25895]},"properties":{"name":"옹진 국민체육센터","addr":"인천광역시 옹진군 영흥면 영흥로348번길 175-29","sgg":"28720","cap":346,"type":"지진해일긴급대피장소 (실내구호소)","src":"datago_std_15025449","asof":"2020-07-16"}},{"type":"Feature","geometry":{"type":"Point","coordinates":[126.48045,37.24722]},"properties":{"name":"외3리경로당","addr":"인천광역시 옹진군 영흥면 영흥남로9번길 156","sgg":"28720","cap":32,"type":"지진해일긴급대피장소 (실내구호소)","src":"datago_std_15025449","asof":"2020-07-16"}},{"type":"Feature","geometry":{"type":"Point","coordinates":[126.45378,37.24782]},"properties":{"name":"외2리경로당","addr":"인천광역시 옹진군 영흥면 영흥남로369번길 64-16","sgg":"28720","cap":51,"type":"지진해일긴급대피장소 (실내구호소)","src":"datago_std_15025449","asof":"2020-07-16"}},{"type":"Feature","geometry":{"type":"Point","coordinates":[126.46212,37.2406]},"properties":{"name":"외1리경로당","addr":"인천광역시 옹진군 영흥면 영흥남로191번길 4","sgg":"28720","cap":40,"type":"지진해일긴급대피장소 (실내구호소)","src":"datago_std_15025449","asof":"2020-07-16"}},{"type":"Feature","geometry":{"type":"Point","coordinates":[126.53302,37.23778]},"properties":{"name":"선재경로당","addr":"인천광역시 옹진군 영흥면 선재로52번길 104","sgg":"28720","cap":132,"type":"지진해일긴급대피장소 (실내구호소)","src":"datago_std_15025449","asof":"2020-07-16"}},{"type":"Feature","geometry":{"type":"Point","coordinates":[126.4912,37.26388]},"properties":{"name":"내7리경로당","addr":"인천광역시 옹진군 영흥면 영흥서로 39","sgg":"28720","cap":41,"type":"지진해일긴급대피장소 (실내구호소)","src":"datago_std_15025449","asof":"2020-07-16"}},{"type":"Feature","geometry":{"type":"Point","coordinates":[126.44828,37.27158]},"properties":{"name":"내6리경로당","addr":"인천광역시 옹진군 영흥면 영흥로757번길 30-17","sgg":"28720","cap":24,"type":"지진해일긴급대피장소 (실내구호소)","src":"datago_std_15025449","asof":"2020-07-16"}},{"type":"Feature","geometry":{"type":"Point","coordinates":[126.50009,37.25848]},"properties":{"name":"내5리경로당","addr":"인천광역시 옹진군 영흥면 영흥북로35번길 54-14","sgg":"28720","cap":63,"type":"지진해일긴급대피장소 (실내구호소)","src":"datago_std_15025449","asof":"2020-07-16"}},{"type":"Feature","geometry":{"type":"Point","coordinates":[126.46257,37.25513]},"properties":{"name":"내4리경로당","addr":"인천광역시 옹진군 영흥면 영흥로488번길 6-11","sgg":"28720","cap":55,"type":"지진해일긴급대피장소 (실내구호소)","src":"datago_std_15025449","asof":"2020-07-16"}},{"type":"Feature","geometry":{"type":"Point","coordinates":[126.47785,37.25417]},"properties":{"name":"내3리경로당","addr":"인천광역시 옹진군 영흥면 영흥로 335","sgg":"28720","cap":40,"type":"지진해일긴급대피장소 (실내구호소)","src":"datago_std_15025449","asof":"2020-07-16"}},{"type":"Feature","geometry":{"type":"Point","coordinates":[126.47867,37.27403]},"properties":{"name":"내2리경로당","addr":"인천광역시 옹진군 영흥면 영흥서로 220","sgg":"28720","cap":36,"type":"지진해일긴급대피장소 (실내구호소)","src":"datago_std_15025449","asof":"2020-07-16"}},{"type":"Feature","geometry":{"type":"Point","coordinates":[126.48325,37.27545]},"properties":{"name":"내1리경로당","addr":"인천광역시 옹진군 영흥면 영흥북로343번길 95-11","sgg":"28720","cap":90,"type":"지진해일긴급대피장소 (실내구호소)","src":"datago_std_15025449","asof":"2020-07-16"}},{"type":"Feature","geometry":{"type":"Point","coordinates":[126.1447,37.22768]},"properties":{"name":"덕적면사무소","addr":"인천광역시 옹진군 덕적면 덕적북로 130","sgg":"28720","cap":133,"type":"지진해일긴급대피장소 (실내구호소)","src":"datago_std_15025449","asof":"2020-07-16"}},{"type":"Feature","geometry":{"type":"Point","coordinates":[126.14417,37.22347]},"properties":{"name":"진리경로당","addr":"인천광역시 옹진군 덕적면 덕적남로54번길 3","sgg":"28720","cap":38,"type":"지진해일긴급대피장소 (실내구호소)","src":"datago_std_15025449","asof":"2020-07-16"}},{"type":"Feature","geometry":{"type":"Point","coordinates":[126.11693,37.22329]},"properties":{"name":"익포경로당","addr":"인천광역시 옹진군 덕적면 덕적남로606번길 3","sgg":"28720","cap":19,"type":"지진해일긴급대피장소 (실내구호소)","src":"datago_std_15025449","asof":"2020-07-16"}},{"type":"Feature","geometry":{"type":"Point","coordinates":[126.13911,37.22985]},"properties":{"name":"이개경로당","addr":"인천광역시 옹진군 덕적면 덕적북로153번길 67","sgg":"28720","cap":42,"type":"지진해일긴급대피장소 (실내구호소)","src":"datago_std_15025449","asof":"2020-07-16"}},{"type":"Feature","geometry":{"type":"Point","coordinates":[125.99707,37.02582]},"properties":{"name":"울도경로당","addr":"인천광역시 옹진군 덕적면 울도로182번길 4","sgg":"28720","cap":15,"type":"지진해일긴급대피장소 (실내구호소)","src":"datago_std_15025449","asof":"2020-07-16"}},{"type":"Feature","geometry":{"type":"Point","coordinates":[126.10463,37.23979]},"properties":{"name":"우포경로당","addr":"인천광역시 옹진군 덕적면 덕적남로868번길 1","sgg":"28720","cap":26,"type":"지진해일긴급대피장소 (실내구호소)","src":"datago_std_15025449","asof":"2020-07-16"}},{"type":"Feature","geometry":{"type":"Point","coordinates":[126.64399,37.52786]},"properties":{"name":"도담초등학교 운동장","addr":"인천광역시 서구 청라커낼로 217(청라동)","sgg":null,"cap":2098,"type":"지진해일긴급대피장소 (옥외대피장소)","src":"datago_std_15025449","asof":"2020-08-21"}},{"type":"Feature","geometry":{"type":"Point","coordinates":[126.63733,37.537]},"properties":{"name":"경명초등학교 운동장","addr":"인천광역시 서구 크리스탈로 130(청라동)","sgg":null,"cap":2321,"type":"지진해일긴급대피장소 (옥외대피장소)","src":"datago_std_15025449","asof":"2020-08-21"}},{"type":"Feature","geometry":{"type":"Point","coordinates":[126.68941,37.61394]},"properties":{"name":"불로초등학교 운동장","addr":"인천광역시 서구 검단로744번1길 50(불로동)","sgg":null,"cap":3590,"type":"지진해일긴급대피장소 (옥외대피장소)","src":"datago_std_15025449","asof":"2020-08-21"}},{"type":"Feature","geometry":{"type":"Point","coordinates":[126.69568,37.61567]},"properties":{"name":"불로중학교 운동장","addr":"인천광역시 서구 고산후로 363(불로동)","sgg":null,"cap":2877,"type":"지진해일긴급대피장소 (옥외대피장소)","src":"datago_std_15025449","asof":"2020-08-21"}},{"type":"Feature","geometry":{"type":"Point","coordinates":[126.69445,37.61643]},"properties":{"name":"목향초등학교 운동장","addr":"인천광역시 서구 고산후로 377(불로동)","sgg":null,"cap":3080,"type":"지진해일긴급대피장소 (옥외대피장소)","src":"datago_std_15025449","asof":"2020-08-21"}},{"type":"Feature","geometry":{"type":"Point","coordinates":[126.65106,37.60198]},"properties":{"name":"왕길초등학교 운동장","addr":"인천광역시 서구 봉수대로1440번길 20(왕길동)","sgg":null,"cap":2783,"type":"지진해일긴급대피장소 (옥외대피장소)","src":"datago_std_15025449","asof":"2020-08-21"}},{"type":"Feature","geometry":{"type":"Point","coordinates":[126.65175,37.60094]},"properties":{"name":"왕길근린공원","addr":"인천광역시 서구 검단로 427(왕길동)","sgg":null,"cap":9915,"type":"지진해일긴급대피장소 (옥외대피장소)","src":"datago_std_15025449","asof":"2020-08-21"}},{"type":"Feature","geometry":{"type":"Point","coordinates":[126.63844,37.59832]},"properties":{"name":"단봉초등학교 운동장","addr":"인천광역시 서구 단봉로 122(오류동)","sgg":null,"cap":4064,"type":"지진해일긴급대피장소 (옥외대피장소)","src":"datago_std_15025449","asof":"2020-08-21"}},{"type":"Feature","geometry":{"type":"Point","coordinates":[126.6509,37.60564]},"properties":{"name":"금곡초등학교 운동장","addr":"인천광역시 서구 완정로228번길 19(금곡동)","sgg":null,"cap":3984,"type":"지진해일긴급대피장소 (옥외대피장소)","src":"datago_std_15025449","asof":"2020-08-21"}},{"type":"Feature","geometry":{"type":"Point","coordinates":[126.69821,37.59892]},"properties":{"name":"창신초등학교 운동장","addr":"인천광역시 서구 고산후로161번길 6(원당동)","sgg":null,"cap":2376,"type":"지진해일긴급대피장소 (옥외대피장소)","src":"datago_std_15025449","asof":"2020-08-21"}},{"type":"Feature","geometry":{"type":"Point","coordinates":[126.70364,37.59679]},"properties":{"name":"원당중학교 운동장","addr":"인천광역시 서구 고산로40번길 22(원당동)","sgg":null,"cap":3283,"type":"지진해일긴급대피장소 (옥외대피장소)","src":"datago_std_15025449","asof":"2020-08-21"}},{"type":"Feature","geometry":{"type":"Point","coordinates":[126.70477,37.5972]},"properties":{"name":"원당고등학교 운동장","addr":"인천광역시 서구 고산로40번길 30(원당동)","sgg":null,"cap":2975,"type":"지진해일긴급대피장소 (옥외대피장소)","src":"datago_std_15025449","asof":"2020-08-21"}},{"type":"Feature","geometry":{"type":"Point","coordinates":[126.69123,37.59259]},"properties":{"name":"원당초등학교 운동장","addr":"인천광역시 서구 원당대로820번길 16(당하동)","sgg":null,"cap":2106,"type":"지진해일긴급대피장소 (옥외대피장소)","src":"datago_std_15025449","asof":"2020-08-21"}},{"type":"Feature","geometry":{"type":"Point","coordinates":[126.67175,37.5898]},"properties":{"name":"백석초등학교 운동장","addr":"인천광역시 서구 청마로 55(당하동)","sgg":null,"cap":2573,"type":"지진해일긴급대피장소 (옥외대피장소)","src":"datago_std_15025449","asof":"2020-08-21"}},{"type":"Feature","geometry":{"type":"Point","coordinates":[126.69871,37.59017]},"properties":{"name":"발산초등학교 운동장","addr":"인천광역시 서구 고산후로78번길 6(당하동)","sgg":null,"cap":2055,"type":"지진해일긴급대피장소 (옥외대피장소)","src":"datago_std_15025449","asof":"2020-08-21"}},{"type":"Feature","geometry":{"type":"Point","coordinates":[126.678,37.59023]},"properties":{"name":"당하초등학교 운동장","addr":"인천광역시 서구 청마로 144(당하동)","sgg":null,"cap":3404,"type":"지진해일긴급대피장소 (옥외대피장소)","src":"datago_std_15025449","asof":"2020-08-21"}},{"type":"Feature","geometry":{"type":"Point","coordinates":[126.66956,37.59061]},"properties":{"name":"당하중학교 운동장","addr":"인천광역시 서구 청마로 38(당하동)","sgg":null,"cap":2325,"type":"지진해일긴급대피장소 (옥외대피장소)","src":"datago_std_15025449","asof":"2020-08-21"}},{"type":"Feature","geometry":{"type":"Point","coordinates":[126.67414,37.59187]},"properties":{"name":"당하제1호공원","addr":"인천광역시 서구 청마로167번길 23(당하동)","sgg":null,"cap":24284,"type":"지진해일긴급대피장소 (옥외대피장소)","src":"datago_std_15025449","asof":"2020-08-21"}},{"type":"Feature","geometry":{"type":"Point","coordinates":[126.67093,37.5975]},"properties":{"name":"마전초등학교 운동장","addr":"인천광역시 서구 완정로34번길 23(마전동)","sgg":null,"cap":2601,"type":"지진해일긴급대피장소 (옥외대피장소)","src":"datago_std_15025449","asof":"2020-08-21"}},{"type":"Feature","geometry":{"type":"Point","coordinates":[126.66536,37.59769]},"properties":{"name":"마전중학교 운동장","addr":"인천광역시 서구 완정로 91(마전동)","sgg":null,"cap":2749,"type":"지진해일긴급대피장소 (옥외대피장소)","src":"datago_std_15025449","asof":"2020-08-21"}},{"type":"Feature","geometry":{"type":"Point","coordinates":[126.66587,37.6029]},"properties":{"name":"능내초등학교 운동장","addr":"인천광역시 서구 검단로540번길 23(마전동)","sgg":null,"cap":2649,"type":"지진해일긴급대피장소 (옥외대피장소)","src":"datago_std_15025449","asof":"2020-08-21"}},{"type":"Feature","geometry":{"type":"Point","coordinates":[126.62609,37.52767]},"properties":{"name":"해원초등학교 운동장","addr":"인천광역시 서구 청라사파이어로140번길 5(청라동)","sgg":null,"cap":2120,"type":"지진해일긴급대피장소 (옥외대피장소)","src":"datago_std_15025449","asof":"2020-08-21"}},{"type":"Feature","geometry":{"type":"Point","coordinates":[126.62804,37.52724]},"properties":{"name":"해원중학교 운동장","addr":"인천광역시 서구 청라한내로 21(청라동)","sgg":null,"cap":2479,"type":"지진해일긴급대피장소 (옥외대피장소)","src":"datago_std_15025449","asof":"2020-08-21"}},{"type":"Feature","geometry":{"type":"Point","coordinates":[126.62757,37.52817]},"properties":{"name":"해원고등학교 운동장","addr":"인천광역시 서구 청라사파이어로140번길 25(청라동)","sgg":null,"cap":2260,"type":"지진해일긴급대피장소 (옥외대피장소)","src":"datago_std_15025449","asof":"2020-08-21"}},{"type":"Feature","geometry":{"type":"Point","coordinates":[126.65588,37.52842]},"properties":{"name":"초은초등학교 운동장","addr":"인천광역시 서구 청라에메랄드로 33(청라동)","sgg":null,"cap":2410,"type":"지진해일긴급대피장소 (옥외대피장소)","src":"datago_std_15025449","asof":"2020-08-21"}},{"type":"Feature","geometry":{"type":"Point","coordinates":[126.65391,37.52838]},"properties":{"name":"초은중학교 운동장","addr":"인천광역시 서구 청라라임로 10(청라동)","sgg":null,"cap":2498,"type":"지진해일긴급대피장소 (옥외대피장소)","src":"datago_std_15025449","asof":"2020-08-21"}},{"type":"Feature","geometry":{"type":"Point","coordinates":[126.65714,37.52929]},"properties":{"name":"초은고등학교 운동장","addr":"인천광역시 서구 청라에메랄드로 42(청라동)","sgg":null,"cap":3159,"type":"지진해일긴급대피장소 (옥외대피장소)","src":"datago_std_15025449","asof":"2020-08-21"}},{"type":"Feature","geometry":{"type":"Point","coordinates":[126.63736,37.52926]},"properties":{"name":"청일초등학교 운동장","addr":"인천광역시 서구 크리스탈로 46(청라동)","sgg":null,"cap":1914,"type":"지진해일긴급대피장소 (옥외대피장소)","src":"datago_std_15025449","asof":"2020-08-21"}},{"type":"Feature","geometry":{"type":"Point","coordinates":[126.64531,37.5387]},"properties":{"name":"청람초등학교 운동장","addr":"인천광역시 서구 청라커낼로 336(청라동)","sgg":null,"cap":2308,"type":"지진해일긴급대피장소 (옥외대피장소)","src":"datago_std_15025449","asof":"2020-08-21"}},{"type":"Feature","geometry":{"type":"Point","coordinates":[126.64381,37.53872]},"properties":{"name":"청람중학교 운동장","addr":"인천광역시 서구 청라커낼로 335(청라동)","sgg":null,"cap":2622,"type":"지진해일긴급대피장소 (옥외대피장소)","src":"datago_std_15025449","asof":"2020-08-21"}},{"type":"Feature","geometry":{"type":"Point","coordinates":[126.6557,37.53775]},"properties":{"name":"청라초등학교 운동장","addr":"인천광역시 서구 청라에메랄드로 139(청라동)","sgg":null,"cap":1940,"type":"지진해일긴급대피장소 (옥외대피장소)","src":"datago_std_15025449","asof":"2020-08-21"}},{"type":"Feature","geometry":{"type":"Point","coordinates":[126.65385,37.53784]},"properties":{"name":"청라중학교 운동장","addr":"인천광역시 서구 청라라임로 112(청라동)","sgg":null,"cap":2342,"type":"지진해일긴급대피장소 (옥외대피장소)","src":"datago_std_15025449","asof":"2020-08-21"}},{"type":"Feature","geometry":{"type":"Point","coordinates":[126.6607,37.53722]},"properties":{"name":"청라고등학교 운동장","addr":"인천광역시 서구 담지로86번길 16-14 (청라동)","sgg":null,"cap":3679,"type":"지진해일긴급대피장소 (옥외대피장소)","src":"datago_std_15025449","asof":"2020-08-21"}},{"type":"Feature","geometry":{"type":"Point","coordinates":[126.67393,37.40452]},"properties":{"name":"동막공원","addr":"인천광역시 연수구 원인재로47","sgg":"28185","cap":12121,"type":"지진해일긴급대피장소 (옥외대피장소)","src":"datago_std_15025449","asof":"2020-07-31"}},{"type":"Feature","geometry":{"type":"Point","coordinates":[126.66864,37.4097]},"properties":{"name":"동춘공원","addr":"인천광역시 연수구 앵고개로224","sgg":"28185","cap":12121,"type":"지진해일긴급대피장소 (옥외대피장소)","src":"datago_std_15025449","asof":"2020-07-31"}},{"type":"Feature","geometry":{"type":"Point","coordinates":[126.67421,37.41862]},"properties":{"name":"용담공원","addr":"인천광역시 연수구 용담로61","sgg":"28185","cap":36499,"type":"지진해일긴급대피장소 (옥외대피장소)","src":"datago_std_15025449","asof":"2020-07-31"}},{"type":"Feature","geometry":{"type":"Point","coordinates":[126.68345,37.41905]},"properties":{"name":"문화공원","addr":"인천광역시 연수구 새말로111","sgg":"28185","cap":50798,"type":"지진해일긴급대피장소 (옥외대피장소)","src":"datago_std_15025449","asof":"2020-07-31"}},{"type":"Feature","geometry":{"type":"Point","coordinates":[126.68776,37.4211]},"properties":{"name":"대학공원","addr":"인천광역시 연수구 함박뫼로194","sgg":"28185","cap":125595,"type":"지진해일긴급대피장소 (옥외대피장소)","src":"datago_std_15025449","asof":"2020-07-31"}},{"type":"Feature","geometry":{"type":"Point","coordinates":[126.68552,37.4078]},"properties":{"name":"체육공원","addr":"인천광역시 연수구 청능대로205","sgg":"28185","cap":24242,"type":"지진해일긴급대피장소 (옥외대피장소)","src":"datago_std_15025449","asof":"2020-07-31"}},{"type":"Feature","geometry":{"type":"Point","coordinates":[126.67938,37.41545]},"properties":{"name":"양지공원","addr":"인천광역시 연수구 먼우금로222번길46","sgg":"28185","cap":12429,"type":"지진해일긴급대피장소 (옥외대피장소)","src":"datago_std_15025449","asof":"2020-07-31"}},{"type":"Feature","geometry":{"type":"Point","coordinates":[126.68394,37.41228]},"properties":{"name":"솔안공원","addr":"인천광역시 연수구 원인재로180","sgg":"28185","cap":11502,"type":"지진해일긴급대피장소 (옥외대피장소)","src":"datago_std_15025449","asof":"2020-07-31"}},{"type":"Feature","geometry":{"type":"Point","coordinates":[126.68552,37.4078]},"properties":{"name":"문남공원","addr":"인천광역시 연수구 청능대로205","sgg":"28185","cap":26436,"type":"지진해일긴급대피장소 (옥외대피장소)","src":"datago_std_15025449","asof":"2020-07-31"}},{"type":"Feature","geometry":{"type":"Point","coordinates":[126.7007,37.42414]},"properties":{"name":"선학공원","addr":"인천광역시 연수구 선학로67","sgg":"28185","cap":11069,"type":"지진해일긴급대피장소 (옥외대피장소)","src":"datago_std_15025449","asof":"2020-07-31"}},{"type":"Feature","geometry":{"type":"Point","coordinates":[126.6446,37.42325]},"properties":{"name":"능허대공원","addr":"인천광역시 연수구 독배로29","sgg":"28185","cap":14985,"type":"지진해일긴급대피장소 (옥외대피장소)","src":"datago_std_15025449","asof":"2020-07-31"}},{"type":"Feature","geometry":{"type":"Point","coordinates":[126.69151,37.4179]},"properties":{"name":"솔밭공원","addr":"인천광역시 연수구 함박뫼로250","sgg":"28185","cap":24223,"type":"지진해일긴급대피장소 (옥외대피장소)","src":"datago_std_15025449","asof":"2020-07-31"}},{"type":"Feature","geometry":{"type":"Point","coordinates":[126.66929,37.38596]},"properties":{"name":"송원초교","addr":"인천광역시 연수구 송도과학로51번길 60","sgg":"28185","cap":155,"type":"지진해일긴급대피장소 (실내구호소)","src":"datago_std_15025449","asof":"2020-07-31"}},{"type":"Feature","geometry":{"type":"Point","coordinates":[126.6561,37.37448]},"properties":{"name":"송명초교","addr":"인천광역시 연수구 송도교육로 19","sgg":"28185","cap":215,"type":"지진해일긴급대피장소 (실내구호소)","src":"datago_std_15025449","asof":"2020-07-31"}},{"type":"Feature","geometry":{"type":"Point","coordinates":[126.6462,37.40364]},"properties":{"name":"신정중학교","addr":"인천광역시 연수구 컨벤시아대로42번길 80","sgg":"28185","cap":183,"type":"지진해일긴급대피장소 (실내구호소)","src":"datago_std_15025449","asof":"2020-07-31"}},{"type":"Feature","geometry":{"type":"Point","coordinates":[126.64587,37.38254]},"properties":{"name":"해송고교","addr":"인천광역시 연수구 해송로 20","sgg":"28185","cap":264,"type":"지진해일긴급대피장소 (실내구호소)","src":"datago_std_15025449","asof":"2020-07-31"}},{"type":"Feature","geometry":{"type":"Point","coordinates":[126.65419,37.39331]},"properties":{"name":"먼우금초교","addr":"인천광역시 연수구 해돋이로84번길 33","sgg":"28185","cap":135,"type":"지진해일긴급대피장소 (실내구호소)","src":"datago_std_15025449","asof":"2020-07-31"}},{"type":"Feature","geometry":{"type":"Point","coordinates":[126.67472,37.41193]},"properties":{"name":"청량초교","addr":"인천광역시 연수구 먼우금로 158","sgg":"28185","cap":425,"type":"지진해일긴급대피장소 (실내구호소)","src":"datago_std_15025449","asof":"2020-07-31"}},{"type":"Feature","geometry":{"type":"Point","coordinates":[126.67938,37.40853]},"properties":{"name":"연성초교","addr":"인천광역시 연수구 원인재로 116","sgg":"28185","cap":225,"type":"지진해일긴급대피장소 (실내구호소)","src":"datago_std_15025449","asof":"2020-07-31"}},{"type":"Feature","geometry":{"type":"Point","coordinates":[126.67083,37.40367]},"properties":{"name":"서면초교","addr":"인천광역시 연수구 먼우금로 54","sgg":"28185","cap":180,"type":"지진해일긴급대피장소 (실내구호소)","src":"datago_std_15025449","asof":"2020-07-31"}},{"type":"Feature","geometry":{"type":"Point","coordinates":[126.67047,37.41851]},"properties":{"name":"청학중학교","addr":"인천광역시 연수구 함박뫼로 5","sgg":"28185","cap":273,"type":"지진해일긴급대피장소 (실내구호소)","src":"datago_std_15025449","asof":"2020-07-31"}},{"type":"Feature","geometry":{"type":"Point","coordinates":[126.6949,37.42226]},"properties":{"name":"연수초교","addr":"인천광역시 연수구 원인재로 324","sgg":"28185","cap":456,"type":"지진해일긴급대피장소 (실내구호소)","src":"datago_std_15025449","asof":"2020-07-31"}},{"type":"Feature","geometry":{"type":"Point","coordinates":[126.67829,37.42401]},"properties":{"name":"생활과학고교","addr":"인천광역시 연수구 함박뫼로 103","sgg":"28185","cap":4721,"type":"지진해일긴급대피장소 (실내구호소)","src":"datago_std_15025449","asof":"2020-07-31"}},{"type":"Feature","geometry":{"type":"Point","coordinates":[126.69842,37.42066]},"properties":{"name":"선학중학교","addr":"인천광역시 연수구 선학로 19","sgg":"28185","cap":260,"type":"지진해일긴급대피장소 (실내구호소)","src":"datago_std_15025449","asof":"2020-07-31"}},{"type":"Feature","geometry":{"type":"Point","coordinates":[126.64887,37.42552]},"properties":{"name":"옥련초교","addr":"인천광역시 연수구 한진로 30","sgg":"28185","cap":150,"type":"지진해일긴급대피장소 (실내구호소)","src":"datago_std_15025449","asof":"2020-07-31"}},{"type":"Feature","geometry":{"type":"Point","coordinates":[126.6586,37.42677]},"properties":{"name":"송도초교","addr":"인천광역시 연수구 비류대로214번길 21","sgg":"28185","cap":163,"type":"지진해일긴급대피장소 (실내구호소)","src":"datago_std_15025449","asof":"2020-07-31"}},{"type":"Feature","geometry":{"type":"Point","coordinates":[126.68894,37.42146]},"properties":{"name":"인천중학교","addr":"인천광역시 연수구 함박뫼로 203","sgg":"28185","cap":288,"type":"지진해일긴급대피장소 (실내구호소)","src":"datago_std_15025449","asof":"2020-07-31"}},{"type":"Feature","geometry":{"type":"Point","coordinates":[126.66151,37.42443]},"properties":{"name":"함박중학교","addr":"인천광역시 연수구 솔샘로143","sgg":"28185","cap":156,"type":"지진해일긴급대피장소 (실내구호소)","src":"datago_std_15025449","asof":"2020-07-31"}},{"type":"Feature","geometry":{"type":"Point","coordinates":[126.6444,37.39732]},"properties":{"name":"신정초교","addr":"인천광역시 연수구 아트센터대로97번길72","sgg":"28185","cap":341,"type":"지진해일긴급대피장소 (실내구호소)","src":"datago_std_15025449","asof":"2020-07-31"}},{"type":"Feature","geometry":{"type":"Point","coordinates":[126.65777,37.39064]},"properties":{"name":"신송초교","addr":"인천광역시 연수구 해돋이로56번길28","sgg":"28185","cap":255,"type":"지진해일긴급대피장소 (실내구호소)","src":"datago_std_15025449","asof":"2020-07-31"}},{"type":"Feature","geometry":{"type":"Point","coordinates":[126.66705,37.40865]},"properties":{"name":"동춘초교","addr":"인천광역시 연수구 먼우금로83번길12","sgg":"28185","cap":268,"type":"지진해일긴급대피장소 (실내구호소)","src":"datago_std_15025449","asof":"2020-07-31"}},{"type":"Feature","geometry":{"type":"Point","coordinates":[126.67221,37.41199]},"properties":{"name":"동막초교","addr":"인천광역시 연수구 먼우금로149","sgg":"28185","cap":243,"type":"지진해일긴급대피장소 (실내구호소)","src":"datago_std_15025449","asof":"2020-07-31"}},{"type":"Feature","geometry":{"type":"Point","coordinates":[126.64357,37.39036]},"properties":{"name":"센트럴 파크","addr":"인천광역시 연수구 컨벤시아대로160","sgg":"28185","cap":242424,"type":"지진해일긴급대피장소 (옥외대피장소)","src":"datago_std_15025449","asof":"2020-07-31"}},{"type":"Feature","geometry":{"type":"Point","coordinates":[126.65476,37.38851]},"properties":{"name":"해돋이공원","addr":"인천광역시 연수구 해돋이로51","sgg":"28185","cap":218181,"type":"지진해일긴급대피장소 (옥외대피장소)","src":"datago_std_15025449","asof":"2020-07-31"}},{"type":"Feature","geometry":{"type":"Point","coordinates":[126.67832,37.40842]},"properties":{"name":"부수지공원","addr":"인천광역시 연수구 원인재로110","sgg":"28185","cap":23032,"type":"지진해일긴급대피장소 (옥외대피장소)","src":"datago_std_15025449","asof":"2020-07-31"}},{"type":"Feature","geometry":{"type":"Point","coordinates":[126.66016,37.37149]},"properties":{"name":"송도3동 행정복지센터","addr":"인천광역시 연수구 송도교육로 63","sgg":"28185","cap":93,"type":"지진해일긴급대피장소 (실내구호소)","src":"datago_std_15025449","asof":"2020-07-31"}},{"type":"Feature","geometry":{"type":"Point","coordinates":[126.65202,37.3911]},"properties":{"name":"송도1동 행정복지센터","addr":"인천광역시 연수구 하모니로35번길 8","sgg":"28185","cap":110,"type":"지진해일긴급대피장소 (실내구호소)","src":"datago_std_15025449","asof":"2020-07-31"}},{"type":"Feature","geometry":{"type":"Point","coordinates":[126.66935,37.40271]},"properties":{"name":"동춘2동 행정복지센터","addr":"인천광역시 연수구 먼우금로 41","sgg":"28185","cap":128,"type":"지진해일긴급대피장소 (실내구호소)","src":"datago_std_15025449","asof":"2020-07-31"}},{"type":"Feature","geometry":{"type":"Point","coordinates":[126.66609,37.42506]},"properties":{"name":"청학동 행정복지센터","addr":"인천광역시 연수구 비류대로294번길 26","sgg":"28185","cap":154,"type":"지진해일긴급대피장소 (실내구호소)","src":"datago_std_15025449","asof":"2020-07-31"}},{"type":"Feature","geometry":{"type":"Point","coordinates":[126.70128,37.42245]},"properties":{"name":"선학동 행정복지센터","addr":"인천광역시 연수구 선학로 54","sgg":"28185","cap":315,"type":"지진해일긴급대피장소 (실내구호소)","src":"datago_std_15025449","asof":"2020-07-31"}},{"type":"Feature","geometry":{"type":"Point","coordinates":[126.7018,37.43076]},"properties":{"name":"선학체육관","addr":"인천광역시 연수구 경원대로526","sgg":"28185","cap":635,"type":"지진해일긴급대피장소 (실내구호소)","src":"datago_std_15025449","asof":"2020-07-31"}},{"type":"Feature","geometry":{"type":"Point","coordinates":[126.66318,37.42534]},"properties":{"name":"청학골 경로당","addr":"인천광역시 연수구 솔샘로101","sgg":"28185","cap":38,"type":"지진해일긴급대피장소 (실내구호소)","src":"datago_std_15025449","asof":"2020-07-31"}},{"type":"Feature","geometry":{"type":"Point","coordinates":[126.67077,37.4096]},"properties":{"name":"동춘1동 행정복지센터","addr":"인천광역시 연수구 먼우금로117","sgg":"28185","cap":112,"type":"지진해일긴급대피장소 (실내구호소)","src":"datago_std_15025449","asof":"2020-07-31"}},{"type":"Feature","geometry":{"type":"Point","coordinates":[126.64829,37.42615]},"properties":{"name":"옥련2동 행정복지센터","addr":"인천광역시 연수구 옥련로82","sgg":"28185","cap":55,"type":"지진해일긴급대피장소 (실내구호소)","src":"datago_std_15025449","asof":"2020-07-31"}},{"type":"Feature","geometry":{"type":"Point","coordinates":[126.63034,37.38745]},"properties":{"name":"예송초교","addr":"인천광역시 연수구 컨벤시아대로252번길 75","sgg":"28185","cap":197,"type":"지진해일긴급대피장소 (실내구호소)","src":"datago_std_15025449","asof":"2020-07-31"}},{"type":"Feature","geometry":{"type":"Point","coordinates":[126.62755,37.38342]},"properties":{"name":"예송중학교","addr":"인천광역시 연수구 아카데미로 212","sgg":"28185","cap":594,"type":"지진해일긴급대피장소 (실내구호소)","src":"datago_std_15025449","asof":"2020-07-31"}},{"type":"Feature","geometry":{"type":"Point","coordinates":[126.63513,37.38419]},"properties":{"name":"송일초교","addr":"인천광역시 연수구 컨벤시아대로252번길 15","sgg":"28185","cap":96,"type":"지진해일긴급대피장소 (실내구호소)","src":"datago_std_15025449","asof":"2020-07-31"}},{"type":"Feature","geometry":{"type":"Point","coordinates":[126.62994,37.45417]},"properties":{"name":"신흥중학교 운동장","addr":"인천광역시 중구 인항로24번길 38","sgg":null,"cap":4324,"type":"지진해일긴급대피장소 (옥외대피장소)","src":"datago_std_15025449","asof":"2020-09-10"}},{"type":"Feature","geometry":{"type":"Point","coordinates":[126.6321,37.45404]},"properties":{"name":"신흥여자중학교 운동장","addr":"인천광역시 중구 인항로24번길 37","sgg":null,"cap":3862,"type":"지진해일긴급대피장소 (옥외대피장소)","src":"datago_std_15025449","asof":"2020-09-10"}},{"type":"Feature","geometry":{"type":"Point","coordinates":[126.6282,37.47025]},"properties":{"name":"인천신흥초등학교 운동장","addr":"인천광역시 중구 제물량로 134","sgg":null,"cap":3776,"type":"지진해일긴급대피장소 (옥외대피장소)","src":"datago_std_15025449","asof":"2020-09-10"}},{"type":"Feature","geometry":{"type":"Point","coordinates":[126.629,37.46827]},"properties":{"name":"송도중학교 운동장","addr":"인천광역시 중구 제물량로 123","sgg":null,"cap":2727,"type":"지진해일긴급대피장소 (옥외대피장소)","src":"datago_std_15025449","asof":"2020-09-10"}},{"type":"Feature","geometry":{"type":"Point","coordinates":[126.62814,37.46998]},"properties":{"name":"답동소공원","addr":"인천광역시 중구 제물량로 142","sgg":null,"cap":2727,"type":"지진해일긴급대피장소 (옥외대피장소)","src":"datago_std_15025449","asof":"2020-09-10"}},{"type":"Feature","geometry":{"type":"Point","coordinates":[126.62425,37.47395]},"properties":{"name":"인성초등학교 운동장","addr":"인천광역시 중구 신포로39번길 42","sgg":null,"cap":2545,"type":"지진해일긴급대피장소 (옥외대피장소)","src":"datago_std_15025449","asof":"2020-09-10"}},{"type":"Feature","geometry":{"type":"Point","coordinates":[126.62439,37.47421]},"properties":{"name":"인성여자중학교 운동장","addr":"인천광역시 중구 홍예문로 39","sgg":null,"cap":2545,"type":"지진해일긴급대피장소 (옥외대피장소)","src":"datago_std_15025449","asof":"2020-09-10"}},{"type":"Feature","geometry":{"type":"Point","coordinates":[126.62267,37.47458]},"properties":{"name":"자유공원","addr":"인천광역시 중구 자유공원남로 25","sgg":null,"cap":58299,"type":"지진해일긴급대피장소 (옥외대피장소)","src":"datago_std_15025449","asof":"2020-09-10"}},{"type":"Feature","geometry":{"type":"Point","coordinates":[126.60768,37.45369]},"properties":{"name":"인천연안초등학교 운동장","addr":"인천광역시 중구 연안부두로33번길 53","sgg":null,"cap":3810,"type":"지진해일긴급대피장소 (옥외대피장소)","src":"datago_std_15025449","asof":"2020-09-10"}},{"type":"Feature","geometry":{"type":"Point","coordinates":[126.60183,37.4555]},"properties":{"name":"연안부두 해양광장","addr":"인천광역시 중구 연안부두로 36","sgg":null,"cap":14795,"type":"지진해일긴급대피장소 (옥외대피장소)","src":"datago_std_15025449","asof":"2020-09-10"}},{"type":"Feature","geometry":{"type":"Point","coordinates":[126.46718,37.46212]},"properties":{"name":"인천국제공항 화물터미널 남측2번주차장","addr":"인천광역시 중구 공항동로193번길 116","sgg":null,"cap":13091,"type":"지진해일긴급대피장소 (옥외대피장소)","src":"datago_std_15025449","asof":"2020-09-10"}},{"type":"Feature","geometry":{"type":"Point","coordinates":[126.4277,37.45835]},"properties":{"name":"인천국제공항 제2여객터미널 제2합동청사주차장","addr":"인천광역시 중구 공항로 272","sgg":null,"cap":14545,"type":"지진해일긴급대피장소 (옥외대피장소)","src":"datago_std_15025449","asof":"2020-09-10"}},{"type":"Feature","geometry":{"type":"Point","coordinates":[126.41389,37.48212]},"properties":{"name":"인천국제공항 제2여객터미널 장기주차장","addr":"인천광역시 중구 제2터미널대로 332","sgg":null,"cap":154545,"type":"지진해일긴급대피장소 (옥외대피장소)","src":"datago_std_15025449","asof":"2020-09-10"}},{"type":"Feature","geometry":{"type":"Point","coordinates":[126.45235,37.44761]},"properties":{"name":"인천국제공항 제1여객터미널 동측귀빈주차장","addr":"인천광역시 중구 공항로 271","sgg":null,"cap":4480,"type":"지진해일긴급대피장소 (옥외대피장소)","src":"datago_std_15025449","asof":"2020-09-10"}},{"type":"Feature","geometry":{"type":"Point","coordinates":[126.4277,37.45835]},"properties":{"name":"인천국제공항 제1국제여객터미널 장기주차장","addr":"인천광역시 중구 공항로 272","sgg":null,"cap":516848,"type":"지진해일긴급대피장소 (옥외대피장소)","src":"datago_std_15025449","asof":"2020-09-10"}},{"type":"Feature","geometry":{"type":"Point","coordinates":[126.4277,37.45835]},"properties":{"name":"인천국제공항 제1국제여객터미널 서측귀빈주차장","addr":"인천광역시 중구 공항로 272","sgg":null,"cap":5091,"type":"지진해일긴급대피장소 (옥외대피장소)","src":"datago_std_15025449","asof":"2020-09-10"}},{"type":"Feature","geometry":{"type":"Point","coordinates":[126.4277,37.45835]},"properties":{"name":"인천국제공항 제2여객터미널 썬큰가든","addr":"인천광역시 중구 공항로 272","sgg":null,"cap":16970,"type":"지진해일긴급대피장소 (옥외대피장소)","src":"datago_std_15025449","asof":"2020-09-10"}},{"type":"Feature","geometry":{"type":"Point","coordinates":[126.46201,37.44241]},"properties":{"name":"공항합동청사 잔디광장","addr":"인천광역시 중구 공항로424번길 43","sgg":null,"cap":111515,"type":"지진해일긴급대피장소 (옥외대피장소)","src":"datago_std_15025449","asof":"2020-09-10"}},{"type":"Feature","geometry":{"type":"Point","coordinates":[126.48048,37.49966]},"properties":{"name":"유수지공원","addr":"인천광역시 중구 신도시북로 31-35","sgg":null,"cap":50028,"type":"지진해일긴급대피장소 (옥외대피장소)","src":"datago_std_15025449","asof":"2020-09-10"}},{"type":"Feature","geometry":{"type":"Point","coordinates":[126.48754,37.49564]},"properties":{"name":"영마루공원","addr":"인천광역시 중구 영종대로 77","sgg":null,"cap":51008,"type":"지진해일긴급대피장소 (옥외대피장소)","src":"datago_std_15025449","asof":"2020-09-10"}},{"type":"Feature","geometry":{"type":"Point","coordinates":[126.53031,37.4904]},"properties":{"name":"운남초등학교 운동장","addr":"인천광역시 중구 운남서로 38","sgg":null,"cap":2545,"type":"지진해일긴급대피장소 (옥외대피장소)","src":"datago_std_15025449","asof":"2020-09-10"}},{"type":"Feature","geometry":{"type":"Point","coordinates":[126.55372,37.4887]},"properties":{"name":"영종초등학교 운동장","addr":"인천광역시 중구 하늘달빛로 133","sgg":null,"cap":2545,"type":"지진해일긴급대피장소 (옥외대피장소)","src":"datago_std_15025449","asof":"2020-09-10"}},{"type":"Feature","geometry":{"type":"Point","coordinates":[126.55604,37.48817]},"properties":{"name":"영종하늘체육공원","addr":"인천광역시 중구 하늘달빛로 108","sgg":null,"cap":73128,"type":"지진해일긴급대피장소 (옥외대피장소)","src":"datago_std_15025449","asof":"2020-09-10"}},{"type":"Feature","geometry":{"type":"Point","coordinates":[126.60509,37.47596]},"properties":{"name":"월미공원","addr":"인천광역시 중구 월미로 131-9","sgg":null,"cap":3525,"type":"지진해일긴급대피장소 (옥외대피장소)","src":"datago_std_15025449","asof":"2020-09-10"}},{"type":"Feature","geometry":{"type":"Point","coordinates":[126.62383,37.47727]},"properties":{"name":"제물포고등학교 운동장","addr":"인천광역시 중구 자유공원로 58-9","sgg":null,"cap":8824,"type":"지진해일긴급대피장소 (옥외대피장소)","src":"datago_std_15025449","asof":"2020-09-10"}},{"type":"Feature","geometry":{"type":"Point","coordinates":[126.62631,37.47797]},"properties":{"name":"인일여자고등학교 운동장","addr":"인천광역시 중구 참외전로72번길 10","sgg":null,"cap":3394,"type":"지진해일긴급대피장소 (옥외대피장소)","src":"datago_std_15025449","asof":"2020-09-10"}},{"type":"Feature","geometry":{"type":"Point","coordinates":[126.62465,37.47888]},"properties":{"name":"송월초등학교 운동장","addr":"인천광역시 중구 자유공원로 106-8","sgg":null,"cap":3014,"type":"지진해일긴급대피장소 (옥외대피장소)","src":"datago_std_15025449","asof":"2020-09-10"}},{"type":"Feature","geometry":{"type":"Point","coordinates":[126.63958,37.46757]},"properties":{"name":"광성중학교 운동장","addr":"인천광역시 중구 참외전로244번길 47","sgg":null,"cap":3852,"type":"지진해일긴급대피장소 (옥외대피장소)","src":"datago_std_15025449","asof":"2020-09-10"}},{"type":"Feature","geometry":{"type":"Point","coordinates":[126.63661,37.4707]},"properties":{"name":"인천정보산업고등학교","addr":"인천광역시 중구 참외전로 192","sgg":null,"cap":3564,"type":"지진해일긴급대피장소 (옥외대피장소)","src":"datago_std_15025449","asof":"2020-09-10"}},{"type":"Feature","geometry":{"type":"Point","coordinates":[126.63337,37.46998]},"properties":{"name":"율목공원","addr":"인천광역시 중구 율목로 36","sgg":null,"cap":11500,"type":"지진해일긴급대피장소 (옥외대피장소)","src":"datago_std_15025449","asof":"2020-09-10"}},{"type":"Feature","geometry":{"type":"Point","coordinates":[126.62756,37.45139]},"properties":{"name":"인천신선초등학교 운동장","addr":"인천광역시 중구 축항대로291번길 33","sgg":null,"cap":3139,"type":"지진해일긴급대피장소 (옥외대피장소)","src":"datago_std_15025449","asof":"2020-09-10"}},{"type":"Feature","geometry":{"type":"Point","coordinates":[126.63451,37.46433]},"properties":{"name":"인천신광초등학교 운동장","addr":"인천광역시 중구 인중로 63","sgg":null,"cap":3309,"type":"지진해일긴급대피장소 (옥외대피장소)","src":"datago_std_15025449","asof":"2020-09-10"}},{"type":"Feature","geometry":{"type":"Point","coordinates":[126.42577,37.39026]},"properties":{"name":"용유초등학교 무의분교장 운동장","addr":"인천광역시 중구 대무의로 302-17","sgg":null,"cap":1018,"type":"지진해일긴급대피장소 (옥외대피장소)","src":"datago_std_15025449","asof":"2020-09-10"}},{"type":"Feature","geometry":{"type":"Point","coordinates":[126.41237,37.44825]},"properties":{"name":"용유초등학교 운동장","addr":"인천광역시 중구 남북로87번길 4","sgg":null,"cap":2545,"type":"지진해일긴급대피장소 (옥외대피장소)","src":"datago_std_15025449","asof":"2020-09-10"}},{"type":"Feature","geometry":{"type":"Point","coordinates":[126.41237,37.44825]},"properties":{"name":"용유중학교 운동장","addr":"인천광역시 중구 남북로87번길 4","sgg":null,"cap":2545,"type":"지진해일긴급대피장소 (옥외대피장소)","src":"datago_std_15025449","asof":"2020-09-10"}},{"type":"Feature","geometry":{"type":"Point","coordinates":[126.3995,37.45863]},"properties":{"name":"을왕공원","addr":"인천광역시 중구 공항서로 539","sgg":null,"cap":49179,"type":"지진해일긴급대피장소 (옥외대피장소)","src":"datago_std_15025449","asof":"2020-09-10"}},{"type":"Feature","geometry":{"type":"Point","coordinates":[126.486,37.4919]},"properties":{"name":"인천공항초등학교 운동장","addr":"인천광역시 중구 신도시남로 43","sgg":null,"cap":3111,"type":"지진해일긴급대피장소 (옥외대피장소)","src":"datago_std_15025449","asof":"2020-09-10"}},{"type":"Feature","geometry":{"type":"Point","coordinates":[126.48412,37.49775]},"properties":{"name":"인천공항중학교 운동장","addr":"인천광역시 중구 영종대로27번길 49","sgg":null,"cap":3767,"type":"지진해일긴급대피장소 (옥외대피장소)","src":"datago_std_15025449","asof":"2020-09-10"}},{"type":"Feature","geometry":{"type":"Point","coordinates":[126.51202,37.48356]},"properties":{"name":"운서초등학교 운동장","addr":"인천광역시 중구 운서2로 57","sgg":null,"cap":2545,"type":"지진해일긴급대피장소 (옥외대피장소)","src":"datago_std_15025449","asof":"2020-09-10"}},{"type":"Feature","geometry":{"type":"Point","coordinates":[126.48641,37.49868]},"properties":{"name":"삼목초등학교 운동장","addr":"인천광역시 중구 신도시북로 42","sgg":null,"cap":3177,"type":"지진해일긴급대피장소 (옥외대피장소)","src":"datago_std_15025449","asof":"2020-09-10"}},{"type":"Feature","geometry":{"type":"Point","coordinates":[126.46133,37.44039]},"properties":{"name":"공항합동청사 축구장","addr":"인천광역시 중구 공항로424번길 47","sgg":null,"cap":23030,"type":"지진해일긴급대피장소 (옥외대피장소)","src":"datago_std_15025449","asof":"2020-09-10"}},{"type":"Feature","geometry":{"type":"Point","coordinates":[126.46618,37.4712]},"properties":{"name":"인천국제공항 화물터미널 북측4번주차장","addr":"인천광역시 중구 공항동로295번길 77-11","sgg":null,"cap":18545,"type":"지진해일긴급대피장소 (옥외대피장소)","src":"datago_std_15025449","asof":"2020-09-10"}},{"type":"Feature","geometry":{"type":"Point","coordinates":[126.46618,37.4712]},"properties":{"name":"인천국제공항 화물터미널 북측2번주차장","addr":"인천광역시 중구 공항동로295번길 77-11","sgg":null,"cap":14727,"type":"지진해일긴급대피장소 (옥외대피장소)","src":"datago_std_15025449","asof":"2020-09-10"}},{"type":"Feature","geometry":{"type":"Point","coordinates":[126.46718,37.46212]},"properties":{"name":"인천국제공항 화물터미널 남측5번주차장","addr":"인천광역시 중구 공항동로193번길 116","sgg":null,"cap":15818,"type":"지진해일긴급대피장소 (옥외대피장소)","src":"datago_std_15025449","asof":"2020-09-10"}},{"type":"Feature","geometry":{"type":"Point","coordinates":[126.46718,37.46212]},"properties":{"name":"인천국제공항 화물터미널 남측4번주차장","addr":"인천광역시 중구 공항동로193번길 116","sgg":null,"cap":7636,"type":"지진해일긴급대피장소 (옥외대피장소)","src":"datago_std_15025449","asof":"2020-09-10"}},{"type":"Feature","geometry":{"type":"Point","coordinates":[126.67192,37.44357]},"properties":{"name":"연학초등학교 운동장","addr":"인천광역시 미추홀구 주승로 20(학익동)","sgg":"28177","cap":8688,"type":"지진해일긴급대피장소 (옥외대피소)","src":"datago_std_15025449","asof":"2019-09-24"}},{"type":"Feature","geometry":{"type":"Point","coordinates":[126.65154,37.45145]},"properties":{"name":"정석항공과학고등학교운동장","addr":"인천광역시 미추홀구 인하로 100(용현동)","sgg":"28177","cap":14383,"type":"지진해일긴급대피장소 (옥외대피소)","src":"datago_std_15025449","asof":"2019-09-24"}},{"type":"Feature","geometry":{"type":"Point","coordinates":[126.6407,37.44682]},"properties":{"name":"인항고등학교","addr":"인천광역시 미추홀구 매소홀로 135(용현동)","sgg":"28177","cap":6906,"type":"지진해일긴급대피장소 (옥외대피소)","src":"datago_std_15025449","asof":"2019-09-24"}},{"type":"Feature","geometry":{"type":"Point","coordinates":[126.65154,37.45145]},"properties":{"name":"인하대학교대운동장","addr":"인천광역시 미추홀구 인하로 100(용현동)","sgg":"28177","cap":321442,"type":"지진해일긴급대피장소 (옥외대피소)","src":"datago_std_15025449","asof":"2019-09-24"}},{"type":"Feature","geometry":{"type":"Point","coordinates":[126.64081,37.45318]},"properties":{"name":"용현초등학교운동장","addr":"인천광역시 미추홀구 낙섬동로 83(용현동)","sgg":"28177","cap":8260,"type":"지진해일긴급대피장소 (옥외대피소)","src":"datago_std_15025449","asof":"2019-09-24"}},{"type":"Feature","geometry":{"type":"Point","coordinates":[126.63955,37.44785]},"properties":{"name":"용현중학교 운동장","addr":"인천광역시 미추홀구 낙섬동로 16(용현동)","sgg":"28177","cap":8520,"type":"지진해일긴급대피장소 (옥외대피소)","src":"datago_std_15025449","asof":"2019-09-24"}},{"type":"Feature","geometry":{"type":"Point","coordinates":[126.64067,37.44841]},"properties":{"name":"용현여자중학교 운동장","addr":"인천광역시 미추홀구 낙섬동로 28(용현동)","sgg":"28177","cap":1990,"type":"지진해일긴급대피장소 (옥외대피소)","src":"datago_std_15025449","asof":"2019-09-24"}},{"type":"Feature","geometry":{"type":"Point","coordinates":[126.6435,37.44676]},"properties":{"name":"용학초등학교 운동장","addr":"인천광역시 미추홀구 용정공원로83번길 9(용현동)","sgg":"28177","cap":3273,"type":"지진해일긴급대피장소 (옥외대피소)","src":"datago_std_15025449","asof":"2019-09-24"}},{"type":"Feature","geometry":{"type":"Point","coordinates":[126.66336,37.45245]},"properties":{"name":"용일초등학교운동장","addr":"인천광역시 미추홀구 인주대로 244(용현동)","sgg":"28177","cap":11021,"type":"지진해일긴급대피장소 (옥외대피소)","src":"datago_std_15025449","asof":"2019-09-24"}},{"type":"Feature","geometry":{"type":"Point","coordinates":[126.64168,37.45103]},"properties":{"name":"용정근린공원","addr":"인천광역시 미추홀구 용현동 612-7","sgg":"28177","cap":24846,"type":"지진해일긴급대피장소 (옥외대피소)","src":"datago_std_15025449","asof":"2019-09-24"}},{"type":"Feature","geometry":{"type":"Point","coordinates":[126.654,37.46379]},"properties":{"name":"인천남중학교 운동장","addr":"인천광역시 미추홀구 수봉로 16-23 (숭의동)","sgg":"28177","cap":9248,"type":"지진해일긴급대피장소 (옥외대피소)","src":"datago_std_15025449","asof":"2019-09-24"}},{"type":"Feature","geometry":{"type":"Point","coordinates":[126.65723,37.45944]},"properties":{"name":"용정초등학교운동장","addr":"인천광역시 미추홀구 독정안길 26(숭의동)","sgg":"28177","cap":11755,"type":"지진해일긴급대피장소 (옥외대피소)","src":"datago_std_15025449","asof":"2019-09-24"}},{"type":"Feature","geometry":{"type":"Point","coordinates":[126.65571,37.46372]},"properties":{"name":"숭의초등학교 운동장","addr":"인천광역시 미추홀구 장천로 99(숭의동)","sgg":"28177","cap":5415,"type":"지진해일긴급대피장소 (옥외대피소)","src":"datago_std_15025449","asof":"2019-09-24"}},{"type":"Feature","geometry":{"type":"Point","coordinates":[126.6633,37.45982]},"properties":{"name":"수봉근린공원","addr":"인천광역시 미추홀구 수봉안길 84(숭의동)","sgg":"28177","cap":282285,"type":"지진해일긴급대피장소 (옥외대피소)","src":"datago_std_15025449","asof":"2019-09-24"}},{"type":"Feature","geometry":{"type":"Point","coordinates":[126.7226,37.46254]},"properties":{"name":"인동초등학교 운동장","addr":"인천광역시 남동구 백범로248번길 38(만수동)","sgg":"28200","cap":3030,"type":"지진해일긴급대피장소 (옥외대피장소)","src":"datago_std_15025449","asof":"2020-10-29"}},{"type":"Feature","geometry":{"type":"Point","coordinates":[126.72751,37.46305]},"properties":{"name":"동부초등학교 운동장","addr":"인천광역시 남동구 만수서로33번길 25(만수동)","sgg":"28200","cap":3733,"type":"지진해일긴급대피장소 (옥외대피장소)","src":"datago_std_15025449","asof":"2020-10-29"}},{"type":"Feature","geometry":{"type":"Point","coordinates":[126.72897,37.46013]},"properties":{"name":"만수북초등학교 운동장","addr":"인천광역시 남동구 백범로180번길 25(만수동)","sgg":"28200","cap":12030,"type":"지진해일긴급대피장소 (옥외대피장소)","src":"datago_std_15025449","asof":"2020-10-29"}},{"type":"Feature","geometry":{"type":"Point","coordinates":[126.70042,37.46516]},"properties":{"name":"주원초등학교 운동장","addr":"인천광역시 남동구 주안로259번길 28(간석동)","sgg":"28200","cap":4591,"type":"지진해일긴급대피장소 (옥외대피장소)","src":"datago_std_15025449","asof":"2020-10-29"}},{"type":"Feature","geometry":{"type":"Point","coordinates":[126.69575,37.46702]},"properties":{"name":"석정초등학교 운동장","addr":"인천광역시 남동구 석정로539번길 32(간석동)","sgg":"28200","cap":5130,"type":"지진해일긴급대피장소 (옥외대피장소)","src":"datago_std_15025449","asof":"2020-10-29"}},{"type":"Feature","geometry":{"type":"Point","coordinates":[126.71023,37.46774]},"properties":{"name":"약산초등학교 운동장","addr":"인천광역시 남동구 간석로26번길 10(간석동)","sgg":"28200","cap":4363,"type":"지진해일긴급대피장소 (옥외대피장소)","src":"datago_std_15025449","asof":"2020-10-29"}},{"type":"Feature","geometry":{"type":"Point","coordinates":[126.71029,37.46833]},"properties":{"name":"간석여자중학교 운동장","addr":"인천광역시 남동구 간석로25번길 13(간석동)","sgg":"28200","cap":8024,"type":"지진해일긴급대피장소 (옥외대피장소)","src":"datago_std_15025449","asof":"2020-10-29"}},{"type":"Feature","geometry":{"type":"Point","coordinates":[126.71247,37.4614]},"properties":{"name":"인제고등학교 운동장","addr":"인천광역시 남동구 석산로197번길 19(간석동)","sgg":"28200","cap":3975,"type":"지진해일긴급대피장소 (옥외대피장소)","src":"datago_std_15025449","asof":"2020-10-29"}},{"type":"Feature","geometry":{"type":"Point","coordinates":[126.71202,37.45748]},"properties":{"name":"상아초등학교 운동장","addr":"인천광역시 남동구 석산로184번길 66(간석동)","sgg":"28200","cap":2400,"type":"지진해일긴급대피장소 (옥외대피장소)","src":"datago_std_15025449","asof":"2020-10-29"}},{"type":"Feature","geometry":{"type":"Point","coordinates":[126.70391,37.45854]},"properties":{"name":"인천예술고등학교 운동장","addr":"인천광역시 남동구 구월로115번길 36(간석동)","sgg":"28200","cap":2060,"type":"지진해일긴급대피장소 (옥외대피장소)","src":"datago_std_15025449","asof":"2020-10-29"}},{"type":"Feature","geometry":{"type":"Point","coordinates":[126.70742,37.4623]},"properties":{"name":"상인천초등학교 운동장","addr":"인천광역시 남동구 석산로141번길 29(간석동)","sgg":"28200","cap":3583,"type":"지진해일긴급대피장소 (옥외대피장소)","src":"datago_std_15025449","asof":"2020-10-29"}},{"type":"Feature","geometry":{"type":"Point","coordinates":[126.72337,37.44793]},"properties":{"name":"신월초등학교 운동장","addr":"인천광역시 남동구 인주대로776번길 14(구월동)","sgg":"28200","cap":4237,"type":"지진해일긴급대피장소 (옥외대피장소)","src":"datago_std_15025449","asof":"2020-10-29"}},{"type":"Feature","geometry":{"type":"Point","coordinates":[126.69754,37.45483]},"properties":{"name":"동인천중학교 운동장","addr":"인천광역시 남동구 구월남로57번길 12(구월동)","sgg":"28200","cap":19100,"type":"지진해일긴급대피장소 (옥외대피장소)","src":"datago_std_15025449","asof":"2020-10-29"}},{"type":"Feature","geometry":{"type":"Point","coordinates":[126.70274,37.44855]},"properties":{"name":"구월여자중학교 운동장","addr":"인천광역시 남동구 성말로13번길 78(구월동)","sgg":"28200","cap":7673,"type":"지진해일긴급대피장소 (옥외대피장소)","src":"datago_std_15025449","asof":"2020-10-29"}},{"type":"Feature","geometry":{"type":"Point","coordinates":[126.69503,37.45303]},"properties":{"name":"구월서초등학교 운동장","addr":"인천광역시 남동구 문화서로77번길 14(구월동)","sgg":"28200","cap":8004,"type":"지진해일긴급대피장소 (옥외대피장소)","src":"datago_std_15025449","asof":"2020-10-29"}},{"type":"Feature","geometry":{"type":"Point","coordinates":[126.7047,37.45626]},"properties":{"name":"인천시청 운동장","addr":"인천광역시 남동구 정각로 29(구월동)","sgg":"28200","cap":4909,"type":"지진해일긴급대피장소 (옥외대피장소)","src":"datago_std_15025449","asof":"2020-10-29"}},{"type":"Feature","geometry":{"type":"Point","coordinates":[126.71527,37.45604]},"properties":{"name":"정각초등학교 운동장","addr":"인천광역시 남동구 구월로 228(구월동)","sgg":"28200","cap":4707,"type":"지진해일긴급대피장소 (옥외대피장소)","src":"datago_std_15025449","asof":"2020-10-29"}},{"type":"Feature","geometry":{"type":"Point","coordinates":[126.70878,37.45598]},"properties":{"name":"석천초등학교 운동장","addr":"인천광역시 남동구 남동대로 828(구월동)","sgg":"28200","cap":7453,"type":"지진해일긴급대피장소 (옥외대피장소)","src":"datago_std_15025449","asof":"2020-10-29"}},{"type":"Feature","geometry":{"type":"Point","coordinates":[126.71544,37.45926]},"properties":{"name":"간석초등학교 운동장","addr":"인천광역시 남동구 석산로208번길 37(구월동)","sgg":"28200","cap":7878,"type":"지진해일긴급대피장소 (옥외대피장소)","src":"datago_std_15025449","asof":"2020-10-29"}},{"type":"Feature","geometry":{"type":"Point","coordinates":[126.7189,37.45737]},"properties":{"name":"구월근린공원","addr":"인천광역시 남동구 구월로 251(구월동)","sgg":"28200","cap":20606,"type":"지진해일긴급대피장소 (옥외대피장소)","src":"datago_std_15025449","asof":"2020-10-29"}},{"type":"Feature","geometry":{"type":"Point","coordinates":[126.70998,37.44574]},"properties":{"name":"성리초등학교  운동장","addr":"인천광역시 남동구 성리로 32-2 (구월동)","sgg":"28200","cap":7927,"type":"지진해일긴급대피장소 (옥외대피장소)","src":"datago_std_15025449","asof":"2020-10-29"}},{"type":"Feature","geometry":{"type":"Point","coordinates":[126.71552,37.44181]},"properties":{"name":"만월초등학교 운동장","addr":"인천광역시 남동구 선수촌로 28(구월동)","sgg":"28200","cap":4295,"type":"지진해일긴급대피장소 (옥외대피장소)","src":"datago_std_15025449","asof":"2020-10-29"}},{"type":"Feature","geometry":{"type":"Point","coordinates":[126.71684,37.45174]},"properties":{"name":"구월초등학교 운동장","addr":"인천광역시 남동구 인주대로721번길 49(구월동)","sgg":"28200","cap":2935,"type":"지진해일긴급대피장소 (옥외대피장소)","src":"datago_std_15025449","asof":"2020-10-29"}},{"type":"Feature","geometry":{"type":"Point","coordinates":[126.73059,37.40511]},"properties":{"name":"논현초등학교 운동장","addr":"인천광역시 남동구 소래역로 102(논현동)","sgg":"28200","cap":4082,"type":"지진해일긴급대피장소 (옥외대피장소)","src":"datago_std_15025449","asof":"2020-10-29"}},{"type":"Feature","geometry":{"type":"Point","coordinates":[126.732,37.41903]},"properties":{"name":"도림초등학교 운동장","addr":"인천광역시 남동구 논고개로334번길 21(도림동)","sgg":"28200","cap":4632,"type":"지진해일긴급대피장소 (옥외대피장소)","src":"datago_std_15025449","asof":"2020-10-29"}},{"type":"Feature","geometry":{"type":"Point","coordinates":[126.71318,37.42976]},"properties":{"name":"남촌초등학교 운동장","addr":"인천광역시 남동구 남촌로 101(남촌동)","sgg":"28200","cap":4484,"type":"지진해일긴급대피장소 (옥외대피장소)","src":"datago_std_15025449","asof":"2020-10-29"}},{"type":"Feature","geometry":{"type":"Point","coordinates":[126.75007,37.43593]},"properties":{"name":"서창초등학교 운동장","addr":"인천광역시 남동구 장아산로174번길 8(서창동)","sgg":"28200","cap":4927,"type":"지진해일긴급대피장소 (옥외대피장소)","src":"datago_std_15025449","asof":"2020-10-29"}},{"type":"Feature","geometry":{"type":"Point","coordinates":[126.74981,37.43372]},"properties":{"name":"서창중학교 운동장","addr":"인천광역시 남동구 독곡로60번길 16(서창동)","sgg":"28200","cap":6230,"type":"지진해일긴급대피장소 (옥외대피장소)","src":"datago_std_15025449","asof":"2020-10-29"}},{"type":"Feature","geometry":{"type":"Point","coordinates":[126.75218,37.42647]},"properties":{"name":"만월중학교 운동장","addr":"인천광역시 남동구 서창남순환로 22(서창동)","sgg":"28200","cap":4254,"type":"지진해일긴급대피장소 (옥외대피장소)","src":"datago_std_15025449","asof":"2020-10-29"}},{"type":"Feature","geometry":{"type":"Point","coordinates":[126.74611,37.4275]},"properties":{"name":"어울근린공원","addr":"인천광역시 남동구 서창남로 101(서창동)","sgg":"28200","cap":26666,"type":"지진해일긴급대피장소 (옥외대피장소)","src":"datago_std_15025449","asof":"2020-10-29"}},{"type":"Feature","geometry":{"type":"Point","coordinates":[126.74623,37.43635]},"properties":{"name":"서창근린공원","addr":"인천광역시 남동구 독곡로16번길 15(서창동)","sgg":"28200","cap":10545,"type":"지진해일긴급대피장소 (옥외대피장소)","src":"datago_std_15025449","asof":"2020-10-29"}},{"type":"Feature","geometry":{"type":"Point","coordinates":[126.7285,37.39575]},"properties":{"name":"한아름근린공원","addr":"인천광역시 남동구 에코중앙로 207","sgg":"28200","cap":30303,"type":"지진해일긴급대피장소 (옥외대피장소)","src":"datago_std_15025449","asof":"2020-10-29"}},{"type":"Feature","geometry":{"type":"Point","coordinates":[126.72319,37.39318]},"properties":{"name":"바람어린이공원","addr":"인천광역시 남동구 앵고개로 793","sgg":"28200","cap":7272,"type":"지진해일긴급대피장소 (옥외대피장소)","src":"datago_std_15025449","asof":"2020-10-29"}},{"type":"Feature","geometry":{"type":"Point","coordinates":[126.72492,37.40297]},"properties":{"name":"논현중앙근린공원","addr":"인천광역시 남동구 청능대로595번길 35","sgg":"28200","cap":8484,"type":"지진해일긴급대피장소 (옥외대피장소)","src":"datago_std_15025449","asof":"2020-10-29"}},{"type":"Feature","geometry":{"type":"Point","coordinates":[126.73437,37.39837]},"properties":{"name":"나루소공원","addr":"인천광역시 남동구 소래역남로 22","sgg":"28200","cap":5575,"type":"지진해일긴급대피장소 (옥외대피장소)","src":"datago_std_15025449","asof":"2020-10-29"}},{"type":"Feature","geometry":{"type":"Point","coordinates":[126.73151,37.41846]},"properties":{"name":"오봉근린공원","addr":"인천광역시 남동구 논고개로334번길 32","sgg":"28200","cap":6424,"type":"지진해일긴급대피장소 (옥외대피장소)","src":"datago_std_15025449","asof":"2020-10-29"}},{"type":"Feature","geometry":{"type":"Point","coordinates":[126.74729,37.4215]},"properties":{"name":"물빛근린공원","addr":"인천광역시 남동구 서창방산로 22","sgg":"28200","cap":27878,"type":"지진해일긴급대피장소 (옥외대피장소)","src":"datago_std_15025449","asof":"2020-10-29"}},{"type":"Feature","geometry":{"type":"Point","coordinates":[126.73478,37.4473]},"properties":{"name":"만수초등학교 운동장","addr":"인천광역시 남동구 소래로 652(만수동)","sgg":"28200","cap":4957,"type":"지진해일긴급대피장소 (옥외대피장소)","src":"datago_std_15025449","asof":"2020-10-29"}},{"type":"Feature","geometry":{"type":"Point","coordinates":[126.73632,37.44049]},"properties":{"name":"담방초등학교 운동장","addr":"인천광역시 남동구 매소홀로 1027(만수동)","sgg":"28200","cap":5105,"type":"지진해일긴급대피장소 (옥외대피장소)","src":"datago_std_15025449","asof":"2020-10-29"}},{"type":"Feature","geometry":{"type":"Point","coordinates":[126.73706,37.4448]},"properties":{"name":"남동초등학교 운동장","addr":"인천광역시 남동구 장승남로33번길 10(만수동)","sgg":"28200","cap":4927,"type":"지진해일긴급대피장소 (옥외대피장소)","src":"datago_std_15025449","asof":"2020-10-29"}},{"type":"Feature","geometry":{"type":"Point","coordinates":[126.73821,37.44027]},"properties":{"name":"남동중학교 운동장","addr":"인천광역시 남동구 담방로 7(만수동)","sgg":"28200","cap":3596,"type":"지진해일긴급대피장소 (옥외대피장소)","src":"datago_std_15025449","asof":"2020-10-29"}},{"type":"Feature","geometry":{"type":"Point","coordinates":[126.73975,37.46071]},"properties":{"name":"조동초등학교 운동장","addr":"인천광역시 남동구 백범로124번길 164(만수동)","sgg":"28200","cap":7956,"type":"지진해일긴급대피장소 (옥외대피장소)","src":"datago_std_15025449","asof":"2020-10-29"}},{"type":"Feature","geometry":{"type":"Point","coordinates":[126.73548,37.4541]},"properties":{"name":"인수초등학교 운동장","addr":"인천광역시 남동구 인수로 3(만수동)","sgg":"28200","cap":10553,"type":"지진해일긴급대피장소 (옥외대피장소)","src":"datago_std_15025449","asof":"2020-10-29"}},{"type":"Feature","geometry":{"type":"Point","coordinates":[126.73748,37.4548]},"properties":{"name":"만수중학교 운동장","addr":"인천광역시 남동구 인수로 13(만수동)","sgg":"28200","cap":3818,"type":"지진해일긴급대피장소 (옥외대피장소)","src":"datago_std_15025449","asof":"2020-10-29"}},{"type":"Feature","geometry":{"type":"Point","coordinates":[126.73394,37.4592]},"properties":{"name":"만수여자중학교 운동장","addr":"인천광역시 남동구 만수로50번길 22-36 (만수동)","sgg":"28200","cap":4363,"type":"지진해일긴급대피장소 (옥외대피장소)","src":"datago_std_15025449","asof":"2020-10-29"}},{"type":"Feature","geometry":{"type":"Point","coordinates":[126.73911,37.46189]},"properties":{"name":"만수북중학교 운동장","addr":"인천광역시 남동구 만수서로 117(만수동)","sgg":"28200","cap":7686,"type":"지진해일긴급대피장소 (옥외대피장소)","src":"datago_std_15025449","asof":"2020-10-29"}},{"type":"Feature","geometry":{"type":"Point","coordinates":[126.732,37.41903]},"properties":{"name":"도림초등학교","addr":"인천광역시 남동구 논고개로334번길 21(도림동)","sgg":"28200","cap":102,"type":"지진해일긴급대피장소 (옥외대피장소)","src":"datago_std_15025449","asof":"2020-10-29"}},{"type":"Feature","geometry":{"type":"Point","coordinates":[126.71318,37.42976]},"properties":{"name":"남촌초등학교","addr":"인천광역시 남동구 남촌로 101(남촌동)","sgg":"28200","cap":104,"type":"지진해일긴급대피장소 (옥외대피장소)","src":"datago_std_15025449","asof":"2020-10-29"}},{"type":"Feature","geometry":{"type":"Point","coordinates":[126.75007,37.43593]},"properties":{"name":"서창초등학교","addr":"인천광역시 남동구 장아산로174번길 8(서창동)","sgg":"28200","cap":122,"type":"지진해일긴급대피장소 (옥외대피장소)","src":"datago_std_15025449","asof":"2020-10-29"}},{"type":"Feature","geometry":{"type":"Point","coordinates":[126.74981,37.43372]},"properties":{"name":"서창중학교","addr":"인천광역시 남동구 독곡로60번길 16(서창동)","sgg":"28200","cap":150,"type":"지진해일긴급대피장소 (옥외대피장소)","src":"datago_std_15025449","asof":"2020-10-29"}},{"type":"Feature","geometry":{"type":"Point","coordinates":[126.75218,37.42647]},"properties":{"name":"만월중학교","addr":"인천광역시 남동구 서창남순환로 22(서창동)","sgg":"28200","cap":208,"type":"지진해일긴급대피장소 (옥외대피장소)","src":"datago_std_15025449","asof":"2020-10-29"}},{"type":"Feature","geometry":{"type":"Point","coordinates":[126.73706,37.4448]},"properties":{"name":"남동초등학교","addr":"인천광역시 남동구 장승남로33번길 10(만수동)","sgg":"28200","cap":224,"type":"지진해일긴급대피장소 (옥외대피장소)","src":"datago_std_15025449","asof":"2020-10-29"}},{"type":"Feature","geometry":{"type":"Point","coordinates":[126.73821,37.44027]},"properties":{"name":"남동중학교","addr":"인천광역시 남동구 담방로 7(만수동)","sgg":"28200","cap":232,"type":"지진해일긴급대피장소 (옥외대피장소)","src":"datago_std_15025449","asof":"2020-10-29"}},{"type":"Feature","geometry":{"type":"Point","coordinates":[126.73975,37.46071]},"properties":{"name":"조동초등학교","addr":"인천광역시 남동구 백범로124번길 164(만수동)","sgg":"28200","cap":91,"type":"지진해일긴급대피장소 (옥외대피장소)","src":"datago_std_15025449","asof":"2020-10-29"}},{"type":"Feature","geometry":{"type":"Point","coordinates":[126.73548,37.4541]},"properties":{"name":"인수초등학교","addr":"인천광역시 남동구 인수로 3(만수동)","sgg":"28200","cap":240,"type":"지진해일긴급대피장소 (옥외대피장소)","src":"datago_std_15025449","asof":"2020-10-29"}},{"type":"Feature","geometry":{"type":"Point","coordinates":[126.73748,37.4548]},"properties":{"name":"만수중학교","addr":"인천광역시 남동구 인수로 13(만수동)","sgg":"28200","cap":193,"type":"지진해일긴급대피장소 (옥외대피장소)","src":"datago_std_15025449","asof":"2020-10-29"}},{"type":"Feature","geometry":{"type":"Point","coordinates":[126.73911,37.46189]},"properties":{"name":"만수북중학교","addr":"인천광역시 남동구 만수서로 117(만수동)","sgg":"28200","cap":220,"type":"지진해일긴급대피장소 (옥외대피장소)","src":"datago_std_15025449","asof":"2020-10-29"}},{"type":"Feature","geometry":{"type":"Point","coordinates":[126.72756,37.46305]},"properties":{"name":"동부초등학교","addr":"인천광역시 남동구 만수서로33번길 25(만수동)","sgg":"28200","cap":196,"type":"지진해일긴급대피장소 (옥외대피장소)","src":"datago_std_15025449","asof":"2020-10-29"}},{"type":"Feature","geometry":{"type":"Point","coordinates":[126.72897,37.46013]},"properties":{"name":"만수북초등학교","addr":"인천광역시 남동구 백범로180번길 25(만수동)","sgg":"28200","cap":278,"type":"지진해일긴급대피장소 (옥외대피장소)","src":"datago_std_15025449","asof":"2020-10-29"}},{"type":"Feature","geometry":{"type":"Point","coordinates":[126.71202,37.45748]},"properties":{"name":"상아초등학교","addr":"인천광역시 남동구 석산로184번길 66(간석동)","sgg":"28200","cap":172,"type":"지진해일긴급대피장소 (옥외대피장소)","src":"datago_std_15025449","asof":"2020-10-29"}},{"type":"Feature","geometry":{"type":"Point","coordinates":[126.69503,37.45303]},"properties":{"name":"구월서초등학교","addr":"인천광역시 남동구 문화서로77번길 14(구월동)","sgg":"28200","cap":243,"type":"지진해일긴급대피장소 (옥외대피장소)","src":"datago_std_15025449","asof":"2020-10-29"}},{"type":"Feature","geometry":{"type":"Point","coordinates":[126.71527,37.45604]},"properties":{"name":"정각초등학교","addr":"인천광역시 남동구 구월로 228(구월동)","sgg":"28200","cap":159,"type":"지진해일긴급대피장소 (옥외대피장소)","src":"datago_std_15025449","asof":"2020-10-29"}},{"type":"Feature","geometry":{"type":"Point","coordinates":[126.70878,37.45598]},"properties":{"name":"석천초등학교","addr":"인천광역시 남동구 남동대로 828(구월동)","sgg":"28200","cap":200,"type":"지진해일긴급대피장소 (옥외대피장소)","src":"datago_std_15025449","asof":"2020-10-29"}},{"type":"Feature","geometry":{"type":"Point","coordinates":[126.71544,37.45926]},"properties":{"name":"간석초등학교","addr":"인천광역시 남동구 석산로208번길 37(구월동)","sgg":"28200","cap":193,"type":"지진해일긴급대피장소 (옥외대피장소)","src":"datago_std_15025449","asof":"2020-10-29"}},{"type":"Feature","geometry":{"type":"Point","coordinates":[126.71552,37.44181]},"properties":{"name":"만월초등학교","addr":"인천광역시 남동구 선수촌로 28(구월동)","sgg":"28200","cap":173,"type":"지진해일긴급대피장소 (옥외대피장소)","src":"datago_std_15025449","asof":"2020-10-29"}},{"type":"Feature","geometry":{"type":"Point","coordinates":[126.71955,37.40317]},"properties":{"name":"동방초등학교 운동장","addr":"인천광역시 남동구 논현역로 31(논현동)","sgg":"28200","cap":3624,"type":"지진해일긴급대피장소 (옥외대피장소)","src":"datago_std_15025449","asof":"2020-10-29"}},{"type":"Feature","geometry":{"type":"Point","coordinates":[126.70995,37.41056]},"properties":{"name":"논곡초등학교 운동장","addr":"인천광역시 남동구 함박뫼로 429(논현동)","sgg":"28200","cap":7673,"type":"지진해일긴급대피장소 (옥외대피장소)","src":"datago_std_15025449","asof":"2020-10-29"}},{"type":"Feature","geometry":{"type":"Point","coordinates":[126.70803,37.40806]},"properties":{"name":"논현포대근린공원","addr":"인천광역시 남동구 은봉로165번길 23(논현동)","sgg":"28200","cap":32727,"type":"지진해일긴급대피장소 (옥외대피장소)","src":"datago_std_15025449","asof":"2020-10-29"}},{"type":"Feature","geometry":{"type":"Point","coordinates":[126.73365,37.4079]},"properties":{"name":"장도초등학교  운동장","addr":"인천광역시 남동구 포구로 112(논현동)","sgg":"28200","cap":3461,"type":"지진해일긴급대피장소 (옥외대피장소)","src":"datago_std_15025449","asof":"2020-10-29"}},{"type":"Feature","geometry":{"type":"Point","coordinates":[126.71506,37.39121]},"properties":{"name":"고잔감리교회","addr":"인천광역시 남동구 앵고개로697번길 41(고잔동)","sgg":"28200","cap":173,"type":"지진해일긴급대피장소 (옥외대피장소)","src":"datago_std_15025449","asof":"2020-10-29"}},{"type":"Feature","geometry":{"type":"Point","coordinates":[126.7246,37.38746]},"properties":{"name":"남동문화원(소래아트홀)","addr":"인천광역시 남동구 아암대로1437번길 32(논현동)","sgg":"28200","cap":159,"type":"지진해일긴급대피장소 (옥외대피장소)","src":"datago_std_15025449","asof":"2020-10-29"}},{"type":"Feature","geometry":{"type":"Point","coordinates":[126.71955,37.40315]},"properties":{"name":"동방초등학교","addr":"인천광역시 남동구 논현역로 31(논현동)","sgg":"28200","cap":206,"type":"지진해일긴급대피장소 (옥외대피장소)","src":"datago_std_15025449","asof":"2020-10-29"}},{"type":"Feature","geometry":{"type":"Point","coordinates":[126.70995,37.41056]},"properties":{"name":"논곡초등학교","addr":"인천광역시 남동구 함박뫼로 429(논현동)","sgg":"28200","cap":188,"type":"지진해일긴급대피장소 (옥외대피장소)","src":"datago_std_15025449","asof":"2020-10-29"}},{"type":"Feature","geometry":{"type":"Point","coordinates":[126.73361,37.4079]},"properties":{"name":"장도초등학교","addr":"인천광역시 남동구 포구로 112(논현동)","sgg":"28200","cap":197,"type":"지진해일긴급대피장소 (옥외대피장소)","src":"datago_std_15025449","asof":"2020-10-29"}},{"type":"Feature","geometry":{"type":"Point","coordinates":[126.73055,37.40518]},"properties":{"name":"논현초등학교","addr":"인천광역시 남동구 소래역로 102(논현동)","sgg":"28200","cap":193,"type":"지진해일긴급대피장소 (옥외대피장소)","src":"datago_std_15025449","asof":"2020-10-29"}},{"type":"Feature","geometry":{"type":"Point","coordinates":[126.67373,37.44239]},"properties":{"name":"인주초등학교 운동장","addr":"인천광역시 미추홀구 매소홀로475번길 53(학익동)","sgg":"28177","cap":6350,"type":"지진해일긴급대피장소 (옥외대피소)","src":"datago_std_15025449","asof":"2019-09-24"}},{"type":"Feature","geometry":{"type":"Point","coordinates":[126.68676,37.46235]},"properties":{"name":"석암초등학교운동장","addr":"인천광역시 미추홀구 주안동로 46(주안동)","sgg":"28177","cap":10956,"type":"지진해일긴급대피장소 (옥외대피소)","src":"datago_std_15025449","asof":"2019-09-24"}},{"type":"Feature","geometry":{"type":"Point","coordinates":[126.69577,37.46136]},"properties":{"name":"경원초등학교 운동장","addr":"인천광역시 미추홀구 경인로 511(주안동)","sgg":"28177","cap":2389,"type":"지진해일긴급대피장소 (옥외대피소)","src":"datago_std_15025449","asof":"2019-09-24"}},{"type":"Feature","geometry":{"type":"Point","coordinates":[126.67646,37.46316]},"properties":{"name":"주안체육공원","addr":"인천광역시 미추홀구 주안동 281","sgg":"28177","cap":6765,"type":"지진해일긴급대피장소 (옥외대피소)","src":"datago_std_15025449","asof":"2019-09-24"}},{"type":"Feature","geometry":{"type":"Point","coordinates":[126.69369,37.45402]},"properties":{"name":"석바위근린공원","addr":"인천광역시 미추홀구 주안동 1578","sgg":"28177","cap":39882,"type":"지진해일긴급대피장소 (옥외대피소)","src":"datago_std_15025449","asof":"2019-09-24"}},{"type":"Feature","geometry":{"type":"Point","coordinates":[126.69509,37.46083]},"properties":{"name":"다솔어린이공원","addr":"인천광역시 미추홀구 주안동 1619","sgg":"28177","cap":2010,"type":"지진해일긴급대피장소 (옥외대피소)","src":"datago_std_15025449","asof":"2019-09-24"}},{"type":"Feature","geometry":{"type":"Point","coordinates":[126.652,37.47396]},"properties":{"name":"인화여자중학교운동장","addr":"인천광역시 미추홀구 석정로 165(도화동)","sgg":"28177","cap":12699,"type":"지진해일긴급대피장소 (옥외대피소)","src":"datago_std_15025449","asof":"2019-09-24"}},{"type":"Feature","geometry":{"type":"Point","coordinates":[126.652,37.47396]},"properties":{"name":"인화여자고등학교 운동장","addr":"인천광역시 미추홀구 석정로 165(도화동)","sgg":"28177","cap":6121,"type":"지진해일긴급대피장소 (옥외대피소)","src":"datago_std_15025449","asof":"2019-09-24"}},{"type":"Feature","geometry":{"type":"Point","coordinates":[126.652,37.47396]},"properties":{"name":"인천전자마이스터고등학교","addr":"인천광역시 미추홀구 석정로 165(도화동)","sgg":"28177","cap":7973,"type":"지진해일긴급대피장소 (옥외대피소)","src":"datago_std_15025449","asof":"2019-09-24"}},{"type":"Feature","geometry":{"type":"Point","coordinates":[126.66081,37.47398]},"properties":{"name":"인천서화초등학교운동장","addr":"인천광역시 미추홀구 송림로 250(도화동)","sgg":"28177","cap":8509,"type":"지진해일긴급대피장소 (옥외대피소)","src":"datago_std_15025449","asof":"2019-09-24"}},{"type":"Feature","geometry":{"type":"Point","coordinates":[126.66653,37.47212]},"properties":{"name":"인천비즈니스고등학교운동장","addr":"인천광역시 미추홀구 장고개로 31(도화동)","sgg":"28177","cap":3758,"type":"지진해일긴급대피장소 (옥외대피소)","src":"datago_std_15025449","asof":"2019-09-24"}},{"type":"Feature","geometry":{"type":"Point","coordinates":[126.66784,37.46314]},"properties":{"name":"인천도화초등학교운동장","addr":"인천광역시 미추홀구 경인로 242(도화동)","sgg":"28177","cap":5027,"type":"지진해일긴급대피장소 (옥외대피소)","src":"datago_std_15025449","asof":"2019-09-24"}},{"type":"Feature","geometry":{"type":"Point","coordinates":[126.6685,37.46902]},"properties":{"name":"인천대화초등학교운동장","addr":"인천광역시 미추홀구 석정로301번길 13(도화동)","sgg":"28177","cap":9966,"type":"지진해일긴급대피장소 (옥외대피소)","src":"datago_std_15025449","asof":"2019-09-24"}},{"type":"Feature","geometry":{"type":"Point","coordinates":[126.652,37.47396]},"properties":{"name":"인천대제물포캠퍼스대운동장","addr":"인천광역시 미추홀구 석정로 165(도화동)","sgg":"28177","cap":30778,"type":"지진해일긴급대피장소 (옥외대피소)","src":"datago_std_15025449","asof":"2019-09-24"}},{"type":"Feature","geometry":{"type":"Point","coordinates":[126.652,37.47396]},"properties":{"name":"선인중학교 운동장","addr":"인천광역시 미추홀구 석정로 165(도화동)","sgg":"28177","cap":11793,"type":"지진해일긴급대피장소 (옥외대피소)","src":"datago_std_15025449","asof":"2019-09-24"}},{"type":"Feature","geometry":{"type":"Point","coordinates":[126.652,37.47396]},"properties":{"name":"선인고등학교운동장","addr":"인천광역시 미추홀구 석정로 165(도화동)","sgg":"28177","cap":8384,"type":"지진해일긴급대피장소 (옥외대피소)","src":"datago_std_15025449","asof":"2019-09-24"}},{"type":"Feature","geometry":{"type":"Point","coordinates":[126.66962,37.47127]},"properties":{"name":"쑥골어린이공원","addr":"인천광역시 미추홀구 도화동 699-14","sgg":"28177","cap":2017,"type":"지진해일긴급대피장소 (옥외대피소)","src":"datago_std_15025449","asof":"2019-09-24"}},{"type":"Feature","geometry":{"type":"Point","coordinates":[126.65864,37.44706]},"properties":{"name":"학익초등학교운동장","addr":"인천광역시 미추홀구 한나루로403번길 122(학익동)","sgg":"28177","cap":10004,"type":"지진해일긴급대피장소 (옥외대피소)","src":"datago_std_15025449","asof":"2019-09-24"}},{"type":"Feature","geometry":{"type":"Point","coordinates":[126.66338,37.43908]},"properties":{"name":"학익고등학교운동장","addr":"인천광역시 미추홀구 한나루로358번길 23-22 (학익동)","sgg":"28177","cap":8698,"type":"지진해일긴급대피장소 (옥외대피소)","src":"datago_std_15025449","asof":"2019-09-24"}},{"type":"Feature","geometry":{"type":"Point","coordinates":[126.65816,37.43983]},"properties":{"name":"학산초등학교","addr":"인천광역시 미추홀구 한나루로357번길 66(학익동)","sgg":"28177","cap":3152,"type":"지진해일긴급대피장소 (옥외대피소)","src":"datago_std_15025449","asof":"2019-09-24"}},{"type":"Feature","geometry":{"type":"Point","coordinates":[126.66287,37.44597]},"properties":{"name":"인하사대부속중고등학교운동장","addr":"인천광역시 미추홀구 재넘이길123번길 29(학익동)","sgg":"28177","cap":24916,"type":"지진해일긴급대피장소 (옥외대피소)","src":"datago_std_15025449","asof":"2019-09-24"}},{"type":"Feature","geometry":{"type":"Point","coordinates":[126.67195,37.43892]},"properties":{"name":"인천백학초등학교운동장","addr":"인천광역시 미추홀구 매소홀로446번길 25(학익동)","sgg":"28177","cap":7878,"type":"지진해일긴급대피장소 (옥외대피소)","src":"datago_std_15025449","asof":"2019-09-24"}},{"type":"Feature","geometry":{"type":"Point","coordinates":[126.68288,37.43989]},"properties":{"name":"인천문학초등학교운동장","addr":"인천광역시 미추홀구 매소홀로 553(문학동)","sgg":"28177","cap":7381,"type":"지진해일긴급대피장소 (옥외대피소)","src":"datago_std_15025449","asof":"2019-09-24"}},{"type":"Feature","geometry":{"type":"Point","coordinates":[126.68668,37.43549]},"properties":{"name":"문학정보고등학교 운동장","addr":"인천광역시 미추홀구 소성로350번길 29(문학동)","sgg":"28177","cap":3636,"type":"지진해일긴급대피장소 (옥외대피소)","src":"datago_std_15025449","asof":"2019-09-24"}},{"type":"Feature","geometry":{"type":"Point","coordinates":[126.68664,37.43479]},"properties":{"name":"산성어린이공원","addr":"인천광역시 미추홀구 문학동 403-15","sgg":"28177","cap":2088,"type":"지진해일긴급대피장소 (옥외대피소)","src":"datago_std_15025449","asof":"2019-09-24"}},{"type":"Feature","geometry":{"type":"Point","coordinates":[126.69656,37.4404]},"properties":{"name":"승학초등학교 운동장","addr":"인천광역시 미추홀구 주승로 259(관교동)","sgg":"28177","cap":6493,"type":"지진해일긴급대피장소 (옥외대피소)","src":"datago_std_15025449","asof":"2019-09-24"}},{"type":"Feature","geometry":{"type":"Point","coordinates":[126.69405,37.44512]},"properties":{"name":"남인천여자중학교 운동장","addr":"인천광역시 미추홀구 인하로 426(관교동)","sgg":"28177","cap":14357,"type":"지진해일긴급대피장소 (옥외대피소)","src":"datago_std_15025449","asof":"2019-09-24"}},{"type":"Feature","geometry":{"type":"Point","coordinates":[126.69278,37.44626]},"properties":{"name":"관교초등학교운동장","addr":"인천광역시 미추홀구 인하로 414(관교동)","sgg":"28177","cap":9830,"type":"지진해일긴급대피장소 (옥외대피소)","src":"datago_std_15025449","asof":"2019-09-24"}},{"type":"Feature","geometry":{"type":"Point","coordinates":[126.6917,37.44422]},"properties":{"name":"관교중학교 운동장","addr":"인천광역시 미추홀구 경원대로670번길 19(관교동)","sgg":"28177","cap":3793,"type":"지진해일긴급대피장소 (옥외대피소)","src":"datago_std_15025449","asof":"2019-09-24"}},{"type":"Feature","geometry":{"type":"Point","coordinates":[126.68897,37.44514]},"properties":{"name":"관교여자중학교 운동장","addr":"인천광역시 미추홀구 경원대로 691(관교동)","sgg":"28177","cap":3927,"type":"지진해일긴급대피장소 (옥외대피소)","src":"datago_std_15025449","asof":"2019-09-24"}},{"type":"Feature","geometry":{"type":"Point","coordinates":[126.6733,37.4548]},"properties":{"name":"주안초등학교운동장","addr":"인천광역시 미추홀구 주안동 1627","sgg":"28177","cap":2757,"type":"지진해일긴급대피장소 (옥외대피소)","src":"datago_std_15025449","asof":"2019-09-24"}},{"type":"Feature","geometry":{"type":"Point","coordinates":[126.6882,37.44915]},"properties":{"name":"제물포여자중학교 운동장","addr":"인천광역시 미추홀구 인주대로470번길 20(주안동)","sgg":"28177","cap":8363,"type":"지진해일긴급대피장소 (옥외대피소)","src":"datago_std_15025449","asof":"2019-09-24"}},{"type":"Feature","geometry":{"type":"Point","coordinates":[126.67806,37.46816]},"properties":{"name":"인천주안북초등학교운동장","addr":"인천광역시 미추홀구 석정로375번길 14(주안동)","sgg":"28177","cap":1349,"type":"지진해일긴급대피장소 (옥외대피소)","src":"datago_std_15025449","asof":"2019-09-24"}},{"type":"Feature","geometry":{"type":"Point","coordinates":[126.685,37.44956]},"properties":{"name":"인천주안남초등학교운동장","addr":"인천광역시 미추홀구 인주대로434번길 11(주안동)","sgg":"28177","cap":8155,"type":"지진해일긴급대피장소 (옥외대피소)","src":"datago_std_15025449","asof":"2019-09-24"}},{"type":"Feature","geometry":{"type":"Point","coordinates":[126.67587,37.45033]},"properties":{"name":"인천남부초등학교운동장","addr":"인천광역시 미추홀구 인주대로366번길 22(주안동)","sgg":"28177","cap":5010,"type":"지진해일긴급대피장소 (옥외대피소)","src":"datago_std_15025449","asof":"2019-09-24"}},{"type":"Feature","geometry":{"type":"Point","coordinates":[126.66835,37.45686]},"properties":{"name":"인천기계공업고등학교운동장","addr":"인천광역시 미추홀구 한나루로 545(주안동)","sgg":"28177","cap":7827,"type":"지진해일긴급대피장소 (옥외대피소)","src":"datago_std_15025449","asof":"2019-09-24"}},{"type":"Feature","geometry":{"type":"Point","coordinates":[126.69131,37.45296]},"properties":{"name":"인천고등학교운동장","addr":"인천광역시 미추홀구 경원대로 804(주안동)","sgg":"28177","cap":22258,"type":"지진해일긴급대피장소 (옥외대피소)","src":"datago_std_15025449","asof":"2019-09-24"}},{"type":"Feature","geometry":{"type":"Point","coordinates":[126.68499,37.56465]},"properties":{"name":"은지초등학교 운동장","addr":"인천광역시 서구 승학로572번길 22(검암동)","sgg":null,"cap":2277,"type":"지진해일긴급대피장소 (옥외대피장소)","src":"datago_std_15025449","asof":"2020-08-21"}},{"type":"Feature","geometry":{"type":"Point","coordinates":[126.67851,37.56785]},"properties":{"name":"검암초등학교 운동장","addr":"인천광역시 서구 승학로599번길 45(검암동)","sgg":null,"cap":2355,"type":"지진해일긴급대피장소 (옥외대피장소)","src":"datago_std_15025449","asof":"2020-08-21"}},{"type":"Feature","geometry":{"type":"Point","coordinates":[126.67879,37.56723]},"properties":{"name":"검암중학교 운동장","addr":"인천광역시 서구 검암로29번길 12(검암동)","sgg":null,"cap":250,"type":"지진해일긴급대피장소 (옥외대피장소)","src":"datago_std_15025449","asof":"2020-08-21"}},{"type":"Feature","geometry":{"type":"Point","coordinates":[126.67229,37.56034]},"properties":{"name":"간재울초등학교 운동장","addr":"인천광역시 서구 승학로 433(검암동)","sgg":null,"cap":2362,"type":"지진해일긴급대피장소 (옥외대피장소)","src":"datago_std_15025449","asof":"2020-08-21"}},{"type":"Feature","geometry":{"type":"Point","coordinates":[126.67632,37.5629]},"properties":{"name":"간재울중학교 운동장","addr":"인천광역시 서구 승학로512번길 34(검암동)","sgg":null,"cap":2664,"type":"지진해일긴급대피장소 (옥외대피장소)","src":"datago_std_15025449","asof":"2020-08-21"}},{"type":"Feature","geometry":{"type":"Point","coordinates":[126.67426,37.57942]},"properties":{"name":"백석중학교 운동장","addr":"인천광역시 서구 서곶로 695(백석동)","sgg":null,"cap":3207,"type":"지진해일긴급대피장소 (옥외대피장소)","src":"datago_std_15025449","asof":"2020-08-21"}},{"type":"Feature","geometry":{"type":"Point","coordinates":[126.6696,37.51369]},"properties":{"name":"신현초등학교 운동장","addr":"인천광역시 서구 율도로77번길 1(신현동)","sgg":null,"cap":5435,"type":"지진해일긴급대피장소 (옥외대피장소)","src":"datago_std_15025449","asof":"2020-08-21"}},{"type":"Feature","geometry":{"type":"Point","coordinates":[126.66421,37.51991]},"properties":{"name":"신현중학교 운동장","addr":"인천광역시 서구 원창로131번길 23(신현동)","sgg":null,"cap":2793,"type":"지진해일긴급대피장소 (옥외대피장소)","src":"datago_std_15025449","asof":"2020-08-21"}},{"type":"Feature","geometry":{"type":"Point","coordinates":[126.66671,37.51832]},"properties":{"name":"신현북초등학교 운동장","addr":"인천광역시 서구 원창로 147(신현동)","sgg":null,"cap":4632,"type":"지진해일긴급대피장소 (옥외대피장소)","src":"datago_std_15025449","asof":"2020-08-21"}},{"type":"Feature","geometry":{"type":"Point","coordinates":[126.66784,37.52034]},"properties":{"name":"신현고등학교 운동장","addr":"인천광역시 서구 염곡로 399(신현동)","sgg":null,"cap":1991,"type":"지진해일긴급대피장소 (옥외대피장소)","src":"datago_std_15025449","asof":"2020-08-21"}},{"type":"Feature","geometry":{"type":"Point","coordinates":[126.66845,37.52231]},"properties":{"name":"가현초등학교 운동장","addr":"인천광역시 서구 염곡로 417(신현동)","sgg":null,"cap":2265,"type":"지진해일긴급대피장소 (옥외대피장소)","src":"datago_std_15025449","asof":"2020-08-21"}},{"type":"Feature","geometry":{"type":"Point","coordinates":[126.66855,37.52109]},"properties":{"name":"가현중학교 운동장","addr":"인천광역시 서구 염곡로 409(신현동)","sgg":null,"cap":2455,"type":"지진해일긴급대피장소 (옥외대피장소)","src":"datago_std_15025449","asof":"2020-08-21"}},{"type":"Feature","geometry":{"type":"Point","coordinates":[126.67869,37.52639]},"properties":{"name":"봉수초등학교 운동장","addr":"인천광역시 서구 봉오대로267번길 11-4 (가정동)","sgg":null,"cap":3013,"type":"지진해일긴급대피장소 (옥외대피장소)","src":"datago_std_15025449","asof":"2020-08-21"}},{"type":"Feature","geometry":{"type":"Point","coordinates":[126.66412,37.52922]},"properties":{"name":"가원초등학교 운동장","addr":"인천광역시 서구 청중로478번길 6(가정동)","sgg":null,"cap":2927,"type":"지진해일긴급대피장소 (옥외대피장소)","src":"datago_std_15025449","asof":"2020-08-21"}},{"type":"Feature","geometry":{"type":"Point","coordinates":[126.67963,37.51476]},"properties":{"name":"가석초등학교 운동장","addr":"인천광역시 서구 서달로 174(가정동)","sgg":null,"cap":2470,"type":"지진해일긴급대피장소 (옥외대피장소)","src":"datago_std_15025449","asof":"2020-08-21"}},{"type":"Feature","geometry":{"type":"Point","coordinates":[126.68262,37.54364]},"properties":{"name":"심곡초등학교 운동장","addr":"인천광역시 서구 심곡로 114(심곡동)","sgg":null,"cap":1793,"type":"지진해일긴급대피장소 (옥외대피장소)","src":"datago_std_15025449","asof":"2020-08-21"}},{"type":"Feature","geometry":{"type":"Point","coordinates":[126.679,37.54232]},"properties":{"name":"모통공원","addr":"인천광역시 서구 심곡동 301-3","sgg":null,"cap":2547,"type":"지진해일긴급대피장소 (옥외대피장소)","src":"datago_std_15025449","asof":"2020-08-21"}},{"type":"Feature","geometry":{"type":"Point","coordinates":[126.66998,37.54833]},"properties":{"name":"서곶초등학교 운동장","addr":"인천광역시 서구 대평로56번길 9(연희동)","sgg":null,"cap":3434,"type":"지진해일긴급대피장소 (옥외대피장소)","src":"datago_std_15025449","asof":"2020-08-21"}},{"type":"Feature","geometry":{"type":"Point","coordinates":[126.67117,37.54935]},"properties":{"name":"서곶중학교 운동장","addr":"인천광역시 서구 대평로56번길 22(연희동)","sgg":null,"cap":3681,"type":"지진해일긴급대피장소 (옥외대피장소)","src":"datago_std_15025449","asof":"2020-08-21"}},{"type":"Feature","geometry":{"type":"Point","coordinates":[126.66811,37.54421]},"properties":{"name":"인천아시아드주경기장 주차장","addr":"인천광역시 서구 염곡로 663(연희동)","sgg":null,"cap":1000,"type":"지진해일긴급대피장소 (옥외대피장소)","src":"datago_std_15025449","asof":"2020-08-21"}},{"type":"Feature","geometry":{"type":"Point","coordinates":[126.67007,37.54897]},"properties":{"name":"대평공원","addr":"인천광역시 서구 승학로333번길 33-15 (연희동)","sgg":null,"cap":2631,"type":"지진해일긴급대피장소 (옥외대피장소)","src":"datago_std_15025449","asof":"2020-08-21"}},{"type":"Feature","geometry":{"type":"Point","coordinates":[126.6721,37.54952]},"properties":{"name":"계명공원","addr":"인천광역시 서구 연희로46번길 6(연희동)","sgg":null,"cap":2575,"type":"지진해일긴급대피장소 (옥외대피장소)","src":"datago_std_15025449","asof":"2020-08-21"}},{"type":"Feature","geometry":{"type":"Point","coordinates":[126.67858,37.54924]},"properties":{"name":"간촌공원","addr":"인천광역시 서구 간촌로 13(연희동)","sgg":null,"cap":2452,"type":"지진해일긴급대피장소 (옥외대피장소)","src":"datago_std_15025449","asof":"2020-08-21"}},{"type":"Feature","geometry":{"type":"Point","coordinates":[126.68394,37.54891]},"properties":{"name":"공촌초등학교 운동장","addr":"인천광역시 서구 심곡로188번길 21(공촌동)","sgg":null,"cap":1916,"type":"지진해일긴급대피장소 (옥외대피장소)","src":"datago_std_15025449","asof":"2020-08-21"}},{"type":"Feature","geometry":{"type":"Point","coordinates":[126.65099,37.55664]},"properties":{"name":"경서초등학교 운동장","addr":"인천광역시 서구 경서로31번길 31(경서동)","sgg":null,"cap":2817,"type":"지진해일긴급대피장소 (옥외대피장소)","src":"datago_std_15025449","asof":"2020-08-21"}},{"type":"Feature","geometry":{"type":"Point","coordinates":[126.67004,37.61102]},"properties":{"name":"검단초등학교 운동장","addr":"인천광역시 서구 마전로115번길 24(마전동)","sgg":null,"cap":2079,"type":"지진해일긴급대피장소 (옥외대피장소)","src":"datago_std_15025449","asof":"2020-08-21"}},{"type":"Feature","geometry":{"type":"Point","coordinates":[126.65757,37.60397]},"properties":{"name":"검단중학교 운동장","addr":"인천광역시 서구 완정로188번길 12(마전동)","sgg":null,"cap":3092,"type":"지진해일긴급대피장소 (옥외대피장소)","src":"datago_std_15025449","asof":"2020-08-21"}},{"type":"Feature","geometry":{"type":"Point","coordinates":[126.66485,37.60367]},"properties":{"name":"검단고등학교 운동장","addr":"인천광역시 서구 검단로540번길 7(마전동)","sgg":null,"cap":2780,"type":"지진해일긴급대피장소 (옥외대피장소)","src":"datago_std_15025449","asof":"2020-08-21"}},{"type":"Feature","geometry":{"type":"Point","coordinates":[126.6669,37.60136]},"properties":{"name":"능내공원","addr":"인천광역시 서구 검단로540번길 41(마전동)","sgg":null,"cap":65622,"type":"지진해일긴급대피장소 (옥외대피장소)","src":"datago_std_15025449","asof":"2020-08-21"}},{"type":"Feature","geometry":{"type":"Point","coordinates":[126.67032,37.49537]},"properties":{"name":"봉화초등학교 운동장","addr":"인천광역시 서구 건지로250번길 43(가좌동)","sgg":null,"cap":2148,"type":"지진해일긴급대피장소 (옥외대피장소)","src":"datago_std_15025449","asof":"2020-08-21"}},{"type":"Feature","geometry":{"type":"Point","coordinates":[126.68809,37.49003]},"properties":{"name":"동인천여자중학교 운동장","addr":"인천광역시 서구 여우재로112번길 13(가좌동)","sgg":null,"cap":3115,"type":"지진해일긴급대피장소 (옥외대피장소)","src":"datago_std_15025449","asof":"2020-08-21"}},{"type":"Feature","geometry":{"type":"Point","coordinates":[126.67748,37.49549]},"properties":{"name":"건지초등학교 운동장","addr":"인천광역시 서구 건지로318번길 39(가좌동)","sgg":null,"cap":4027,"type":"지진해일긴급대피장소 (옥외대피장소)","src":"datago_std_15025449","asof":"2020-08-21"}},{"type":"Feature","geometry":{"type":"Point","coordinates":[126.68353,37.49016]},"properties":{"name":"가좌초등학교 운동장","addr":"인천광역시 서구 장고개로309번길 5(가좌동)","sgg":null,"cap":3205,"type":"지진해일긴급대피장소 (옥외대피장소)","src":"datago_std_15025449","asof":"2020-08-21"}},{"type":"Feature","geometry":{"type":"Point","coordinates":[126.67971,37.4957]},"properties":{"name":"가좌중학교 운동장","addr":"인천광역시 서구 건지로334번길 31(가좌동)","sgg":null,"cap":4686,"type":"지진해일긴급대피장소 (옥외대피장소)","src":"datago_std_15025449","asof":"2020-08-21"}},{"type":"Feature","geometry":{"type":"Point","coordinates":[126.68512,37.48587]},"properties":{"name":"가좌여자중학교 운동장","addr":"인천광역시 서구 고래울로28번길 13(가좌동)","sgg":null,"cap":4732,"type":"지진해일긴급대피장소 (옥외대피장소)","src":"datago_std_15025449","asof":"2020-08-21"}},{"type":"Feature","geometry":{"type":"Point","coordinates":[126.6885,37.49166]},"properties":{"name":"가정초등학교 운동장","addr":"인천광역시 서구 장고개로 336-1 (가좌동)","sgg":null,"cap":4240,"type":"지진해일긴급대피장소 (옥외대피장소)","src":"datago_std_15025449","asof":"2020-08-21"}},{"type":"Feature","geometry":{"type":"Point","coordinates":[126.68512,37.48587]},"properties":{"name":"가정여자중학교 운동장","addr":"인천광역시 서구 고래울로28번길 13(가좌동)","sgg":null,"cap":4600,"type":"지진해일긴급대피장소 (옥외대피장소)","src":"datago_std_15025449","asof":"2020-08-21"}},{"type":"Feature","geometry":{"type":"Point","coordinates":[126.6812,37.49262]},"properties":{"name":"가림고등학교 운동장","addr":"인천광역시 서구 원적로 58(가좌동)","sgg":null,"cap":3014,"type":"지진해일긴급대피장소 (옥외대피장소)","src":"datago_std_15025449","asof":"2020-08-21"}},{"type":"Feature","geometry":{"type":"Point","coordinates":[126.67721,37.47556]},"properties":{"name":"시립테니스장","addr":"인천광역시 서구 가좌로11번길 7(가좌동)","sgg":null,"cap":9333,"type":"지진해일긴급대피장소 (옥외대피장소)","src":"datago_std_15025449","asof":"2020-08-21"}},{"type":"Feature","geometry":{"type":"Point","coordinates":[126.68125,37.48863]},"properties":{"name":"가좌근린공원","addr":"인천광역시 서구 장고개로287번길 25(가좌동)","sgg":null,"cap":7585,"type":"지진해일긴급대피장소 (옥외대피장소)","src":"datago_std_15025449","asof":"2020-08-21"}},{"type":"Feature","geometry":{"type":"Point","coordinates":[126.67931,37.5049]},"properties":{"name":"천마초등학교 운동장","addr":"인천광역시 서구 서달로 58-5 (석남동)","sgg":null,"cap":3616,"type":"지진해일긴급대피장소 (옥외대피장소)","src":"datago_std_15025449","asof":"2020-08-21"}},{"type":"Feature","geometry":{"type":"Point","coordinates":[126.6644,37.51121]},"properties":{"name":"신석초등학교 운동장","addr":"인천광역시 서구 새오개로 9(석남동)","sgg":null,"cap":3884,"type":"지진해일긴급대피장소 (옥외대피장소)","src":"datago_std_15025449","asof":"2020-08-21"}},{"type":"Feature","geometry":{"type":"Point","coordinates":[126.67992,37.51023]},"properties":{"name":"석남초등학교 운동장","addr":"인천광역시 서구 서달로130번길 4(석남동)","sgg":null,"cap":3948,"type":"지진해일긴급대피장소 (옥외대피장소)","src":"datago_std_15025449","asof":"2020-08-21"}},{"type":"Feature","geometry":{"type":"Point","coordinates":[126.67073,37.49999]},"properties":{"name":"석남서초등학교 운동장","addr":"인천광역시 서구 건지로249번길 6(석남동)","sgg":null,"cap":3794,"type":"지진해일긴급대피장소 (옥외대피장소)","src":"datago_std_15025449","asof":"2020-08-21"}},{"type":"Feature","geometry":{"type":"Point","coordinates":[126.67028,37.50775]},"properties":{"name":"신촌공원","addr":"인천광역시 서구 염곡로260번길 17(석남동)","sgg":null,"cap":5609,"type":"지진해일긴급대피장소 (옥외대피장소)","src":"datago_std_15025449","asof":"2020-08-21"}},{"type":"Feature","geometry":{"type":"Point","coordinates":[126.67489,37.5109]},"properties":{"name":"석남체육공원","addr":"인천광역시 서구 가정로294번길 20(석남동)","sgg":null,"cap":9232,"type":"지진해일긴급대피장소 (옥외대피장소)","src":"datago_std_15025449","asof":"2020-08-21"}},{"type":"Feature","geometry":{"type":"Point","coordinates":[126.70173,37.47634]},"properties":{"name":"수정공원(84호공원)","addr":"인천광역시 부평구 십정동 388","sgg":"28237","cap":908,"type":"지진해일긴급대피장소 (옥외대피소)","src":"datago_std_15025449","asof":"2020-02-20"}},{"type":"Feature","geometry":{"type":"Point","coordinates":[126.69849,37.46976]},"properties":{"name":"석정공원","addr":"인천광역시 부평구 십정동 445-4","sgg":"28237","cap":909,"type":"지진해일긴급대피장소 (옥외대피소)","src":"datago_std_15025449","asof":"2020-02-20"}},{"type":"Feature","geometry":{"type":"Point","coordinates":[126.69991,37.47074]},"properties":{"name":"샘터공원","addr":"인천광역시 부평구 십정동 420","sgg":"28237","cap":909,"type":"지진해일긴급대피장소 (옥외대피소)","src":"datago_std_15025449","asof":"2020-02-20"}},{"type":"Feature","geometry":{"type":"Point","coordinates":[126.70498,37.47492]},"properties":{"name":"법성공원","addr":"인천광역시 부평구 십정동 591","sgg":"28237","cap":1002,"type":"지진해일긴급대피장소 (옥외대피소)","src":"datago_std_15025449","asof":"2020-02-20"}},{"type":"Feature","geometry":{"type":"Point","coordinates":[126.69292,37.51932]},"properties":{"name":"백운공원","addr":"인천광역시 부평구 십정동 186-419","sgg":"28237","cap":125751,"type":"지진해일긴급대피장소 (옥외대피소)","src":"datago_std_15025449","asof":"2020-02-20"}},{"type":"Feature","geometry":{"type":"Point","coordinates":[126.70407,37.46981]},"properties":{"name":"동암공원","addr":"인천광역시 부평구 십정동 518-4","sgg":"28237","cap":402,"type":"지진해일긴급대피장소 (옥외대피소)","src":"datago_std_15025449","asof":"2020-02-20"}},{"type":"Feature","geometry":{"type":"Point","coordinates":[126.73119,37.49625]},"properties":{"name":"부흥초등학교 운동장","addr":"인천광역시 부평구 부흥로366번길 34(부평동)","sgg":"28237","cap":2836,"type":"지진해일긴급대피장소 (옥외대피소)","src":"datago_std_15025449","asof":"2020-02-20"}},{"type":"Feature","geometry":{"type":"Point","coordinates":[126.72654,37.51022]},"properties":{"name":"인천갈산중학교 운동장","addr":"인천광역시 부평구 주부토로 166(갈산동)","sgg":"28237","cap":3054,"type":"지진해일긴급대피장소 (옥외대피소)","src":"datago_std_15025449","asof":"2020-02-20"}},{"type":"Feature","geometry":{"type":"Point","coordinates":[126.72762,37.50228]},"properties":{"name":"부평고등학교 운동장","addr":"인천광역시 부평구 부흥북로 43(부평동)","sgg":"28237","cap":5673,"type":"지진해일긴급대피장소 (옥외대피소)","src":"datago_std_15025449","asof":"2020-02-20"}},{"type":"Feature","geometry":{"type":"Point","coordinates":[126.71947,37.48424]},"properties":{"name":"부일여자중학교 운동장","addr":"인천광역시 부평구 동수로 8(부평동)","sgg":"28237","cap":2909,"type":"지진해일긴급대피장소 (옥외대피소)","src":"datago_std_15025449","asof":"2020-02-20"}},{"type":"Feature","geometry":{"type":"Point","coordinates":[126.71951,37.50217]},"properties":{"name":"부원초등학교 운동장","addr":"인천광역시 부평구 원적로472번길 29(부평동)","sgg":"28237","cap":2982,"type":"지진해일긴급대피장소 (옥외대피소)","src":"datago_std_15025449","asof":"2020-02-20"}},{"type":"Feature","geometry":{"type":"Point","coordinates":[126.73392,37.49094]},"properties":{"name":"하촌공원(81호공원)","addr":"인천광역시 부평구 부평동 487","sgg":"28237","cap":299,"type":"지진해일긴급대피장소 (옥외대피소)","src":"datago_std_15025449","asof":"2020-02-20"}},{"type":"Feature","geometry":{"type":"Point","coordinates":[126.73325,37.50069]},"properties":{"name":"중부동공원(부평3호공원)","addr":"인천광역시 부평구 부평동 104-10","sgg":"28237","cap":2721,"type":"지진해일긴급대피장소 (옥외대피소)","src":"datago_std_15025449","asof":"2020-02-20"}},{"type":"Feature","geometry":{"type":"Point","coordinates":[126.72364,37.50658]},"properties":{"name":"신트리공원","addr":"인천광역시 부평구 부평동 880","sgg":"28237","cap":35512,"type":"지진해일긴급대피장소 (옥외대피소)","src":"datago_std_15025449","asof":"2020-02-20"}},{"type":"Feature","geometry":{"type":"Point","coordinates":[126.73201,37.50499]},"properties":{"name":"신복공원(76호공원)","addr":"인천광역시 부평구 부평동 916","sgg":"28237","cap":1001,"type":"지진해일긴급대피장소 (옥외대피소)","src":"datago_std_15025449","asof":"2020-02-20"}},{"type":"Feature","geometry":{"type":"Point","coordinates":[126.73105,37.49519]},"properties":{"name":"부흥공원(부평3호공원)","addr":"인천광역시 부평구 부평동 178","sgg":"28237","cap":2276,"type":"지진해일긴급대피장소 (옥외대피소)","src":"datago_std_15025449","asof":"2020-02-20"}},{"type":"Feature","geometry":{"type":"Point","coordinates":[126.71464,37.48939]},"properties":{"name":"부평공원","addr":"인천광역시 부평구 부평동 299","sgg":"28237","cap":66667,"type":"지진해일긴급대피장소 (옥외대피소)","src":"datago_std_15025449","asof":"2020-02-20"}},{"type":"Feature","geometry":{"type":"Point","coordinates":[126.72971,37.4807]},"properties":{"name":"밤골공원","addr":"인천광역시 부평구 부평동 944","sgg":"28237","cap":6128,"type":"지진해일긴급대피장소 (옥외대피소)","src":"datago_std_15025449","asof":"2020-02-20"}},{"type":"Feature","geometry":{"type":"Point","coordinates":[126.72812,37.48409]},"properties":{"name":"만월공원","addr":"인천광역시 부평구 부평동 산8-1","sgg":"28237","cap":1927,"type":"지진해일긴급대피장소 (옥외대피소)","src":"datago_std_15025449","asof":"2020-02-20"}},{"type":"Feature","geometry":{"type":"Point","coordinates":[126.70039,37.52047]},"properties":{"name":"청천초등학교 운동장","addr":"인천광역시 부평구 산청로127번길 12-5 (청천동)","sgg":"28237","cap":2109,"type":"지진해일긴급대피장소 (옥외대피소)","src":"datago_std_15025449","asof":"2020-02-20"}},{"type":"Feature","geometry":{"type":"Point","coordinates":[126.70454,37.51173]},"properties":{"name":"청천중학교 운동장","addr":"인천광역시 부평구 마장로364번길 23(청천동)","sgg":"28237","cap":2545,"type":"지진해일긴급대피장소 (옥외대피소)","src":"datago_std_15025449","asof":"2020-02-20"}},{"type":"Feature","geometry":{"type":"Point","coordinates":[126.70765,37.5154]},"properties":{"name":"용마초등학교 운동장","addr":"인천광역시 부평구 세월천로30번길 58(청천동)","sgg":"28237","cap":3345,"type":"지진해일긴급대피장소 (옥외대피소)","src":"datago_std_15025449","asof":"2020-02-20"}},{"type":"Feature","geometry":{"type":"Point","coordinates":[126.70976,37.50677]},"properties":{"name":"마장초등학교 운동장","addr":"인천광역시 부평구 청천동 336-10","sgg":"28237","cap":2836,"type":"지진해일긴급대피장소 (옥외대피소)","src":"datago_std_15025449","asof":"2020-02-20"}},{"type":"Feature","geometry":{"type":"Point","coordinates":[126.69143,37.51321]},"properties":{"name":"원적산공원","addr":"인천광역시 부평구 청천동 71-12","sgg":"28237","cap":121212,"type":"지진해일긴급대피장소 (옥외대피소)","src":"datago_std_15025449","asof":"2020-02-20"}},{"type":"Feature","geometry":{"type":"Point","coordinates":[126.69273,37.52029]},"properties":{"name":"나비공원","addr":"인천광역시 부평구 청천동 68-12","sgg":"28237","cap":987,"type":"지진해일긴급대피장소 (옥외대피소)","src":"datago_std_15025449","asof":"2020-02-20"}},{"type":"Feature","geometry":{"type":"Point","coordinates":[126.7012,37.50685]},"properties":{"name":"산곡초등학교 운동장","addr":"인천광역시 부평구 길주로354번길 39(산곡동)","sgg":"28237","cap":3491,"type":"지진해일긴급대피장소 (옥외대피소)","src":"datago_std_15025449","asof":"2020-02-20"}},{"type":"Feature","geometry":{"type":"Point","coordinates":[126.69924,37.50302]},"properties":{"name":"산곡중학교 운동장","addr":"인천광역시 부평구 산곡동 180-356","sgg":"28237","cap":4145,"type":"지진해일긴급대피장소 (옥외대피소)","src":"datago_std_15025449","asof":"2020-02-20"}},{"type":"Feature","geometry":{"type":"Point","coordinates":[126.70981,37.50454]},"properties":{"name":"미산초등학교 운동장","addr":"인천광역시 부평구 원적로 391(산곡동)","sgg":"28237","cap":1745,"type":"지진해일긴급대피장소 (옥외대피소)","src":"datago_std_15025449","asof":"2020-02-20"}},{"type":"Feature","geometry":{"type":"Point","coordinates":[126.69784,37.51206]},"properties":{"name":"마곡초등학교 운동장","addr":"인천광역시 부평구 마곡로27번길 16(산곡동)","sgg":"28237","cap":2836,"type":"지진해일긴급대피장소 (옥외대피소)","src":"datago_std_15025449","asof":"2020-02-20"}},{"type":"Feature","geometry":{"type":"Point","coordinates":[126.70077,37.51388]},"properties":{"name":"뫼골문화공원","addr":"인천광역시 부평구 산곡동 58-3","sgg":"28237","cap":5212,"type":"지진해일긴급대피장소 (옥외대피소)","src":"datago_std_15025449","asof":"2020-02-20"}},{"type":"Feature","geometry":{"type":"Point","coordinates":[126.70754,37.50067]},"properties":{"name":"마장공원","addr":"인천광역시 부평구 산곡동 261-1","sgg":"28237","cap":9103,"type":"지진해일긴급대피장소 (옥외대피소)","src":"datago_std_15025449","asof":"2020-02-20"}},{"type":"Feature","geometry":{"type":"Point","coordinates":[126.69825,37.47427]},"properties":{"name":"십정초등학교 운동장","addr":"인천광역시 부평구 배곶북로 10-6 (십정동)","sgg":"28237","cap":1964,"type":"지진해일긴급대피장소 (옥외대피소)","src":"datago_std_15025449","asof":"2020-02-20"}},{"type":"Feature","geometry":{"type":"Point","coordinates":[126.70677,37.48675]},"properties":{"name":"신촌초등학교 운동장","addr":"인천광역시 부평구 경원대로 1215(십정동)","sgg":"28237","cap":2764,"type":"지진해일긴급대피장소 (옥외대피소)","src":"datago_std_15025449","asof":"2020-02-20"}},{"type":"Feature","geometry":{"type":"Point","coordinates":[126.69904,37.47968]},"properties":{"name":"상정초등학교 운동장","addr":"인천광역시 부평구 상정로 50(십정동)","sgg":"28237","cap":2982,"type":"지진해일긴급대피장소 (옥외대피소)","src":"datago_std_15025449","asof":"2020-02-20"}},{"type":"Feature","geometry":{"type":"Point","coordinates":[126.70535,37.48537]},"properties":{"name":"부평서여자중학교 운동장","addr":"인천광역시 부평구 십정동 186-519","sgg":"28237","cap":3055,"type":"지진해일긴급대피장소 (옥외대피소)","src":"datago_std_15025449","asof":"2020-02-20"}},{"type":"Feature","geometry":{"type":"Point","coordinates":[126.70487,37.48005]},"properties":{"name":"백운초등학교 운동장","addr":"인천광역시 부평구 아트센터로 130(십정동)","sgg":"28237","cap":3491,"type":"지진해일긴급대피장소 (옥외대피소)","src":"datago_std_15025449","asof":"2020-02-20"}},{"type":"Feature","geometry":{"type":"Point","coordinates":[126.7009,37.47371]},"properties":{"name":"하정공원(85호공원)","addr":"인천광역시 부평구 십정동 398-9","sgg":"28237","cap":909,"type":"지진해일긴급대피장소 (옥외대피소)","src":"datago_std_15025449","asof":"2020-02-20"}},{"type":"Feature","geometry":{"type":"Point","coordinates":[126.69774,37.47216]},"properties":{"name":"하동공원","addr":"인천광역시 부평구 십정동 304-4","sgg":"28237","cap":785,"type":"지진해일긴급대피장소 (옥외대피소)","src":"datago_std_15025449","asof":"2020-02-20"}},{"type":"Feature","geometry":{"type":"Point","coordinates":[126.69598,37.47522]},"properties":{"name":"열우물공원","addr":"인천광역시 부평구 십정동 280","sgg":"28237","cap":884,"type":"지진해일긴급대피장소 (옥외대피소)","src":"datago_std_15025449","asof":"2020-02-20"}},{"type":"Feature","geometry":{"type":"Point","coordinates":[126.70757,37.47341]},"properties":{"name":"약산공원","addr":"인천광역시 부평구 십정동 587-5","sgg":"28237","cap":999,"type":"지진해일긴급대피장소 (옥외대피소)","src":"datago_std_15025449","asof":"2020-02-20"}},{"type":"Feature","geometry":{"type":"Point","coordinates":[126.69159,37.48011]},"properties":{"name":"십정체육공원","addr":"인천광역시 부평구 열우물로 164","sgg":"28237","cap":30895,"type":"지진해일긴급대피장소 (옥외대피소)","src":"datago_std_15025449","asof":"2020-02-20"}},{"type":"Feature","geometry":{"type":"Point","coordinates":[126.69231,37.47424]},"properties":{"name":"십정녹지","addr":"인천광역시 부평구 십정동 271","sgg":"28237","cap":5000,"type":"지진해일긴급대피장소 (옥외대피소)","src":"datago_std_15025449","asof":"2020-02-20"}}]}